"Pattern","File","Line","Text"
"ajax","C:\Users\Asad Ali\Documents\GitHub\HTTPS-IAS-Production\AIS\wwwroot\js\csp\Views_AdministrationPanel_ais_post_compliance.js","21","$.ajax({"
"ajax","C:\Users\Asad Ali\Documents\GitHub\HTTPS-IAS-Production\AIS\wwwroot\js\csp\Views_AdministrationPanel_ais_post_compliance.js","57","$.ajax({"
"ajax","C:\Users\Asad Ali\Documents\GitHub\HTTPS-IAS-Production\AIS\wwwroot\js\csp\Views_AdministrationPanel_ais_post_compliance.js","85","$.ajax({"
"ajax","C:\Users\Asad Ali\Documents\GitHub\HTTPS-IAS-Production\AIS\wwwroot\js\csp\Views_AdministrationPanel_ais_post_compliance.js","128","$.ajax({"
"ajax","C:\Users\Asad Ali\Documents\GitHub\HTTPS-IAS-Production\AIS\wwwroot\js\csp\Views_AdministrationPanel_api_master.js","30","$.ajax({"
"ajax","C:\Users\Asad Ali\Documents\GitHub\HTTPS-IAS-Production\AIS\wwwroot\js\csp\Views_AdministrationPanel_api_master.js","104","$.ajax({"
"ajax","C:\Users\Asad Ali\Documents\GitHub\HTTPS-IAS-Production\AIS\wwwroot\js\csp\Views_AdministrationPanel_api_master.js","143","$.ajax({"
"ajax","C:\Users\Asad Ali\Documents\GitHub\HTTPS-IAS-Production\AIS\wwwroot\js\csp\Views_AdministrationPanel_audit_comp_management.js","12","$.ajax({"
"ajax","C:\Users\Asad Ali\Documents\GitHub\HTTPS-IAS-Production\AIS\wwwroot\js\csp\Views_AdministrationPanel_audit_comp_management.js","48","$.ajax({"
"ajax","C:\Users\Asad Ali\Documents\GitHub\HTTPS-IAS-Production\AIS\wwwroot\js\csp\Views_AdministrationPanel_audit_comp_management.js","87","$.ajax({"
"ajax","C:\Users\Asad Ali\Documents\GitHub\HTTPS-IAS-Production\AIS\wwwroot\js\csp\Views_AdministrationPanel_audit_criteria.js","62","$.ajax({"
"ajax","C:\Users\Asad Ali\Documents\GitHub\HTTPS-IAS-Production\AIS\wwwroot\js\csp\Views_AdministrationPanel_audit_observation_text.js","56","$.ajax({"
"ajax","C:\Users\Asad Ali\Documents\GitHub\HTTPS-IAS-Production\AIS\wwwroot\js\csp\Views_AdministrationPanel_audit_template.js","24","$.ajax({"
"ajax","C:\Users\Asad Ali\Documents\GitHub\HTTPS-IAS-Production\AIS\wwwroot\js\csp\Views_AdministrationPanel_audit_template.js","48","$.ajax({"
"ajax","C:\Users\Asad Ali\Documents\GitHub\HTTPS-IAS-Production\AIS\wwwroot\js\csp\Views_AdministrationPanel_audit_template.js","71","$.ajax({"
"ajax","C:\Users\Asad Ali\Documents\GitHub\HTTPS-IAS-Production\AIS\wwwroot\js\csp\Views_AdministrationPanel_authorize_auditee_entities_update.js","8","$.ajax({"
"ajax","C:\Users\Asad Ali\Documents\GitHub\HTTPS-IAS-Production\AIS\wwwroot\js\csp\Views_AdministrationPanel_authorize_auditee_entities_update.js","46","$.ajax({"
"ajax","C:\Users\Asad Ali\Documents\GitHub\HTTPS-IAS-Production\AIS\wwwroot\js\csp\Views_AdministrationPanel_authorize_auditee_entities_update.js","88","$.ajax({"
"ajax","C:\Users\Asad Ali\Documents\GitHub\HTTPS-IAS-Production\AIS\wwwroot\js\csp\Views_AdministrationPanel_authorize_auditee_entities_update.js","104","$.ajax({"
"ajax","C:\Users\Asad Ali\Documents\GitHub\HTTPS-IAS-Production\AIS\wwwroot\js\csp\Views_AdministrationPanel_authorize_audit_checklist.js","15","$.ajax({"
"ajax","C:\Users\Asad Ali\Documents\GitHub\HTTPS-IAS-Production\AIS\wwwroot\js\csp\Views_AdministrationPanel_authorize_audit_checklist.js","53","$.ajax({"
"ajax","C:\Users\Asad Ali\Documents\GitHub\HTTPS-IAS-Production\AIS\wwwroot\js\csp\Views_AdministrationPanel_authorize_audit_checklist.js","70","$.ajax({"
"ajax","C:\Users\Asad Ali\Documents\GitHub\HTTPS-IAS-Production\AIS\wwwroot\js\csp\Views_AdministrationPanel_catalog_uploads.js","14","$.ajax({"
"ajax","C:\Users\Asad Ali\Documents\GitHub\HTTPS-IAS-Production\AIS\wwwroot\js\csp\Views_AdministrationPanel_catalog_uploads.js","47","$.ajax({"
"ajax","C:\Users\Asad Ali\Documents\GitHub\HTTPS-IAS-Production\AIS\wwwroot\js\csp\Views_AdministrationPanel_compliance_flow.js","15","$.ajax({"
"ajax","C:\Users\Asad Ali\Documents\GitHub\HTTPS-IAS-Production\AIS\wwwroot\js\csp\Views_AdministrationPanel_compliance_flow.js","57","$.ajax({"
"ajax","C:\Users\Asad Ali\Documents\GitHub\HTTPS-IAS-Production\AIS\wwwroot\js\csp\Views_AdministrationPanel_compliance_flow.js","101","$.ajax({"
"ajax","C:\Users\Asad Ali\Documents\GitHub\HTTPS-IAS-Production\AIS\wwwroot\js\csp\Views_AdministrationPanel_dashboard_layout.js","14","$.ajax({"
"ajax","C:\Users\Asad Ali\Documents\GitHub\HTTPS-IAS-Production\AIS\wwwroot\js\csp\Views_AdministrationPanel_dashboard_layout.js","38","$.ajax({"
"ajax","C:\Users\Asad Ali\Documents\GitHub\HTTPS-IAS-Production\AIS\wwwroot\js\csp\Views_AdministrationPanel_dashboard_layout.js","72","$.ajax({"
"ajax","C:\Users\Asad Ali\Documents\GitHub\HTTPS-IAS-Production\AIS\wwwroot\js\csp\Views_AdministrationPanel_dashboard_layout.js","102","$.ajax({"
"ajax","C:\Users\Asad Ali\Documents\GitHub\HTTPS-IAS-Production\AIS\wwwroot\js\csp\Views_AdministrationPanel_dashboard_layout.js","291","$.ajax({"
"ajax","C:\Users\Asad Ali\Documents\GitHub\HTTPS-IAS-Production\AIS\wwwroot\js\csp\Views_AdministrationPanel_entity_addition.js","27","$.ajax({"
"ajax","C:\Users\Asad Ali\Documents\GitHub\HTTPS-IAS-Production\AIS\wwwroot\js\csp\Views_AdministrationPanel_entity_addition.js","57","$.ajax({"
"ajax","C:\Users\Asad Ali\Documents\GitHub\HTTPS-IAS-Production\AIS\wwwroot\js\csp\Views_AdministrationPanel_entity_addition.js","83","$.ajax({"
"ajax","C:\Users\Asad Ali\Documents\GitHub\HTTPS-IAS-Production\AIS\wwwroot\js\csp\Views_AdministrationPanel_entity_addition.js","109","$.ajax({"
"ajax","C:\Users\Asad Ali\Documents\GitHub\HTTPS-IAS-Production\AIS\wwwroot\js\csp\Views_AdministrationPanel_entity_addition.js","168","$.ajax({"
"ajax","C:\Users\Asad Ali\Documents\GitHub\HTTPS-IAS-Production\AIS\wwwroot\js\csp\Views_AdministrationPanel_entity_addition.js","192","$.ajax({"
"ajax","C:\Users\Asad Ali\Documents\GitHub\HTTPS-IAS-Production\AIS\wwwroot\js\csp\Views_AdministrationPanel_entity_addition.js","226","$.ajax({"
"ajax","C:\Users\Asad Ali\Documents\GitHub\HTTPS-IAS-Production\AIS\wwwroot\js\csp\Views_AdministrationPanel_entity_addition.js","259","$.ajax({"
"ajax","C:\Users\Asad Ali\Documents\GitHub\HTTPS-IAS-Production\AIS\wwwroot\js\csp\Views_AdministrationPanel_entity_addition.js","295","$.ajax({"
"ajax","C:\Users\Asad Ali\Documents\GitHub\HTTPS-IAS-Production\AIS\wwwroot\js\csp\Views_AdministrationPanel_entity_addition.js","315","$.ajax({"
"ajax","C:\Users\Asad Ali\Documents\GitHub\HTTPS-IAS-Production\AIS\wwwroot\js\csp\Views_AdministrationPanel_entity_gm_reporting_div_management.js","12","$.ajax({"
"ajax","C:\Users\Asad Ali\Documents\GitHub\HTTPS-IAS-Production\AIS\wwwroot\js\csp\Views_AdministrationPanel_entity_gm_reporting_div_management.js","48","$.ajax({"
"ajax","C:\Users\Asad Ali\Documents\GitHub\HTTPS-IAS-Production\AIS\wwwroot\js\csp\Views_AdministrationPanel_entity_gm_reporting_div_management.js","87","$.ajax({"
"ajax","C:\Users\Asad Ali\Documents\GitHub\HTTPS-IAS-Production\AIS\wwwroot\js\csp\Views_AdministrationPanel_entity_relationship.js","22","$.ajax({"
"ajax","C:\Users\Asad Ali\Documents\GitHub\HTTPS-IAS-Production\AIS\wwwroot\js\csp\Views_AdministrationPanel_entity_relationship.js","53","$.ajax({"
"ajax","C:\Users\Asad Ali\Documents\GitHub\HTTPS-IAS-Production\AIS\wwwroot\js\csp\Views_AdministrationPanel_entity_relationship.js","74","$.ajax({"
"ajax","C:\Users\Asad Ali\Documents\GitHub\HTTPS-IAS-Production\AIS\wwwroot\js\csp\Views_AdministrationPanel_entity_relationship.js","111","$.ajax({"
"ajax","C:\Users\Asad Ali\Documents\GitHub\HTTPS-IAS-Production\AIS\wwwroot\js\csp\Views_AdministrationPanel_entity_shifting.js","44","$.ajax({"
"ajax","C:\Users\Asad Ali\Documents\GitHub\HTTPS-IAS-Production\AIS\wwwroot\js\csp\Views_AdministrationPanel_entity_shifting.js","72","$.ajax({"
"ajax","C:\Users\Asad Ali\Documents\GitHub\HTTPS-IAS-Production\AIS\wwwroot\js\csp\Views_AdministrationPanel_entity_shifting.js","99","$.ajax({"
"ajax","C:\Users\Asad Ali\Documents\GitHub\HTTPS-IAS-Production\AIS\wwwroot\js\csp\Views_AdministrationPanel_entity_shifting.js","125","$.ajax({"
"ajax","C:\Users\Asad Ali\Documents\GitHub\HTTPS-IAS-Production\AIS\wwwroot\js\csp\Views_AdministrationPanel_entity_shifting.js","166","$.ajax({"
"ajax","C:\Users\Asad Ali\Documents\GitHub\HTTPS-IAS-Production\AIS\wwwroot\js\csp\Views_AdministrationPanel_entity_shifting.js","211","$.ajax({"
"ajax","C:\Users\Asad Ali\Documents\GitHub\HTTPS-IAS-Production\AIS\wwwroot\js\csp\Views_AdministrationPanel_entity_shifting.js","297","$.ajax({"
"ajax","C:\Users\Asad Ali\Documents\GitHub\HTTPS-IAS-Production\AIS\wwwroot\js\csp\Views_AdministrationPanel_entity_shifting.js","321","$.ajax({"
"ajax","C:\Users\Asad Ali\Documents\GitHub\HTTPS-IAS-Production\AIS\wwwroot\js\csp\Views_AdministrationPanel_entity_shifting.js","355","$.ajax({"
"ajax","C:\Users\Asad Ali\Documents\GitHub\HTTPS-IAS-Production\AIS\wwwroot\js\csp\Views_AdministrationPanel_entity_shifting.js","388","$.ajax({"
"ajax","C:\Users\Asad Ali\Documents\GitHub\HTTPS-IAS-Production\AIS\wwwroot\js\csp\Views_AdministrationPanel_entity_shifting.js","424","$.ajax({"
"ajax","C:\Users\Asad Ali\Documents\GitHub\HTTPS-IAS-Production\AIS\wwwroot\js\csp\Views_AdministrationPanel_entity_shifting.js","444","$.ajax({"
"ajax","C:\Users\Asad Ali\Documents\GitHub\HTTPS-IAS-Production\AIS\wwwroot\js\csp\Views_AdministrationPanel_entity_shifting.js","469","$.ajax({"
"ajax","C:\Users\Asad Ali\Documents\GitHub\HTTPS-IAS-Production\AIS\wwwroot\js\csp\Views_AdministrationPanel_entity_shifting.js","489","$.ajax({"
"ajax","C:\Users\Asad Ali\Documents\GitHub\HTTPS-IAS-Production\AIS\wwwroot\js\csp\Views_AdministrationPanel_gm_repo_line_management.js","12","$.ajax({"
"ajax","C:\Users\Asad Ali\Documents\GitHub\HTTPS-IAS-Production\AIS\wwwroot\js\csp\Views_AdministrationPanel_gm_repo_line_management.js","48","$.ajax({"
"ajax","C:\Users\Asad Ali\Documents\GitHub\HTTPS-IAS-Production\AIS\wwwroot\js\csp\Views_AdministrationPanel_gm_repo_line_management.js","92","$.ajax({"
"ajax","C:\Users\Asad Ali\Documents\GitHub\HTTPS-IAS-Production\AIS\wwwroot\js\csp\Views_AdministrationPanel_groups.js","45","$.ajax({"
"ajax","C:\Users\Asad Ali\Documents\GitHub\HTTPS-IAS-Production\AIS\wwwroot\js\csp\Views_AdministrationPanel_group_role_assignment.js","33","$.ajax({"
"ajax","C:\Users\Asad Ali\Documents\GitHub\HTTPS-IAS-Production\AIS\wwwroot\js\csp\Views_AdministrationPanel_group_role_assignment.js","52","$.ajax({"
"ajax","C:\Users\Asad Ali\Documents\GitHub\HTTPS-IAS-Production\AIS\wwwroot\js\csp\Views_AdministrationPanel_group_role_assignment.js","80","$.ajax({"
"ajax","C:\Users\Asad Ali\Documents\GitHub\HTTPS-IAS-Production\AIS\wwwroot\js\csp\Views_AdministrationPanel_hr_design_wise_role.js","18","$.ajax({"
"ajax","C:\Users\Asad Ali\Documents\GitHub\HTTPS-IAS-Production\AIS\wwwroot\js\csp\Views_AdministrationPanel_hr_design_wise_role.js","62","$.ajax({"
"ajax","C:\Users\Asad Ali\Documents\GitHub\HTTPS-IAS-Production\AIS\wwwroot\js\csp\Views_AdministrationPanel_hr_design_wise_role.js","79","$.ajax({"
"ajax","C:\Users\Asad Ali\Documents\GitHub\HTTPS-IAS-Production\AIS\wwwroot\js\csp\Views_AdministrationPanel_ManagePublicHolidays.js","2","$.ajax({"
"ajax","C:\Users\Asad Ali\Documents\GitHub\HTTPS-IAS-Production\AIS\wwwroot\js\csp\Views_AdministrationPanel_ManagePublicHolidays.js","38","$.ajax({"
"ajax","C:\Users\Asad Ali\Documents\GitHub\HTTPS-IAS-Production\AIS\wwwroot\js\csp\Views_AdministrationPanel_manage_entity_mapping.js","20","$.ajax({"
"ajax","C:\Users\Asad Ali\Documents\GitHub\HTTPS-IAS-Production\AIS\wwwroot\js\csp\Views_AdministrationPanel_manage_entity_mapping.js","51","$.ajax({"
"ajax","C:\Users\Asad Ali\Documents\GitHub\HTTPS-IAS-Production\AIS\wwwroot\js\csp\Views_AdministrationPanel_manage_entity_mapping.js","114","$.ajax({"
"ajax","C:\Users\Asad Ali\Documents\GitHub\HTTPS-IAS-Production\AIS\wwwroot\js\csp\Views_AdministrationPanel_manage_entity_mapping.js","145","$.ajax({"
"ajax","C:\Users\Asad Ali\Documents\GitHub\HTTPS-IAS-Production\AIS\wwwroot\js\csp\Views_AdministrationPanel_manage_entity_relations.js","12","$.ajax({"
"ajax","C:\Users\Asad Ali\Documents\GitHub\HTTPS-IAS-Production\AIS\wwwroot\js\csp\Views_AdministrationPanel_manage_entity_relations.js","72","$.ajax({"
"ajax","C:\Users\Asad Ali\Documents\GitHub\HTTPS-IAS-Production\AIS\wwwroot\js\csp\Views_AdministrationPanel_manage_entity_type.js","27","$.ajax({"
"ajax","C:\Users\Asad Ali\Documents\GitHub\HTTPS-IAS-Production\AIS\wwwroot\js\csp\Views_AdministrationPanel_manage_entity_type.js","88","$.ajax({"
"ajax","C:\Users\Asad Ali\Documents\GitHub\HTTPS-IAS-Production\AIS\wwwroot\js\csp\Views_AdministrationPanel_manage_ent_audit_dept.js","23","$.ajax({"
"ajax","C:\Users\Asad Ali\Documents\GitHub\HTTPS-IAS-Production\AIS\wwwroot\js\csp\Views_AdministrationPanel_manage_ent_audit_dept.js","109","$.ajax({"
"ajax","C:\Users\Asad Ali\Documents\GitHub\HTTPS-IAS-Production\AIS\wwwroot\js\csp\Views_AdministrationPanel_manage_ent_audit_dept.js","124","$.ajax({"
"ajax","C:\Users\Asad Ali\Documents\GitHub\HTTPS-IAS-Production\AIS\wwwroot\js\csp\Views_AdministrationPanel_manage_obs_status.js","23","$.ajax({"
"ajax","C:\Users\Asad Ali\Documents\GitHub\HTTPS-IAS-Production\AIS\wwwroot\js\csp\Views_AdministrationPanel_manage_obs_status.js","93","$.ajax({"
"ajax","C:\Users\Asad Ali\Documents\GitHub\HTTPS-IAS-Production\AIS\wwwroot\js\csp\Views_AdministrationPanel_manage_obs_status.js","108","$.ajax({"
"ajax","C:\Users\Asad Ali\Documents\GitHub\HTTPS-IAS-Production\AIS\wwwroot\js\csp\Views_AdministrationPanel_manage_user.js","21","$.ajax({"
"ajax","C:\Users\Asad Ali\Documents\GitHub\HTTPS-IAS-Production\AIS\wwwroot\js\csp\Views_AdministrationPanel_manage_user.js","43","$.ajax({"
"ajax","C:\Users\Asad Ali\Documents\GitHub\HTTPS-IAS-Production\AIS\wwwroot\js\csp\Views_AdministrationPanel_manage_user.js","80","$.ajax({"
"ajax","C:\Users\Asad Ali\Documents\GitHub\HTTPS-IAS-Production\AIS\wwwroot\js\csp\Views_AdministrationPanel_manage_user.js","113","$.ajax({"
"ajax","C:\Users\Asad Ali\Documents\GitHub\HTTPS-IAS-Production\AIS\wwwroot\js\csp\Views_AdministrationPanel_manage_user.js","156","$.ajax({"
"ajax","C:\Users\Asad Ali\Documents\GitHub\HTTPS-IAS-Production\AIS\wwwroot\js\csp\Views_AdministrationPanel_manage_user.js","220","$.ajax({"
"ajax","C:\Users\Asad Ali\Documents\GitHub\HTTPS-IAS-Production\AIS\wwwroot\js\csp\Views_AdministrationPanel_manage_user.js","249","$.ajax({"
"ajax","C:\Users\Asad Ali\Documents\GitHub\HTTPS-IAS-Production\AIS\wwwroot\js\csp\Views_AdministrationPanel_manage_user.js","303","$.ajax({"
"ajax","C:\Users\Asad Ali\Documents\GitHub\HTTPS-IAS-Production\AIS\wwwroot\js\csp\Views_AdministrationPanel_manage_user.js","341","$.ajax({"
"ajax","C:\Users\Asad Ali\Documents\GitHub\HTTPS-IAS-Production\AIS\wwwroot\js\csp\Views_AdministrationPanel_manage_user_rights.js","8","$.ajax({"
"ajax","C:\Users\Asad Ali\Documents\GitHub\HTTPS-IAS-Production\AIS\wwwroot\js\csp\Views_AdministrationPanel_manage_user_rights.js","36","$.ajax({"
"ajax","C:\Users\Asad Ali\Documents\GitHub\HTTPS-IAS-Production\AIS\wwwroot\js\csp\Views_AdministrationPanel_manage_user_rights.js","58","$.ajax({"
"ajax","C:\Users\Asad Ali\Documents\GitHub\HTTPS-IAS-Production\AIS\wwwroot\js\csp\Views_AdministrationPanel_manage_user_rights.js","97","$.ajax({"
"ajax","C:\Users\Asad Ali\Documents\GitHub\HTTPS-IAS-Production\AIS\wwwroot\js\csp\Views_AdministrationPanel_memo_status.js","56","$.ajax({"
"ajax","C:\Users\Asad Ali\Documents\GitHub\HTTPS-IAS-Production\AIS\wwwroot\js\csp\Views_AdministrationPanel_menu_assignment.js","43","$.ajax({"
"ajax","C:\Users\Asad Ali\Documents\GitHub\HTTPS-IAS-Production\AIS\wwwroot\js\csp\Views_AdministrationPanel_menu_assignment.js","82","$.ajax({"
"ajax","C:\Users\Asad Ali\Documents\GitHub\HTTPS-IAS-Production\AIS\wwwroot\js\csp\Views_AdministrationPanel_menu_management.js","12","$.ajax({"
"ajax","C:\Users\Asad Ali\Documents\GitHub\HTTPS-IAS-Production\AIS\wwwroot\js\csp\Views_AdministrationPanel_menu_management.js","86","$.ajax({"
"ajax","C:\Users\Asad Ali\Documents\GitHub\HTTPS-IAS-Production\AIS\wwwroot\js\csp\Views_AdministrationPanel_menu_management.js","108","$.ajax({"
"ajax","C:\Users\Asad Ali\Documents\GitHub\HTTPS-IAS-Production\AIS\wwwroot\js\csp\Views_AdministrationPanel_menu_management.js","140","$.ajax({"
"ajax","C:\Users\Asad Ali\Documents\GitHub\HTTPS-IAS-Production\AIS\wwwroot\js\csp\Views_AdministrationPanel_pages_management.js","14","$.ajax({"
"ajax","C:\Users\Asad Ali\Documents\GitHub\HTTPS-IAS-Production\AIS\wwwroot\js\csp\Views_AdministrationPanel_pages_management.js","42","$.ajax({"
"ajax","C:\Users\Asad Ali\Documents\GitHub\HTTPS-IAS-Production\AIS\wwwroot\js\csp\Views_AdministrationPanel_pages_management.js","123","$.ajax({"
"ajax","C:\Users\Asad Ali\Documents\GitHub\HTTPS-IAS-Production\AIS\wwwroot\js\csp\Views_AdministrationPanel_pages_management.js","145","$.ajax({"
"ajax","C:\Users\Asad Ali\Documents\GitHub\HTTPS-IAS-Production\AIS\wwwroot\js\csp\Views_AdministrationPanel_pages_management.js","177","$.ajax({"
"ajax","C:\Users\Asad Ali\Documents\GitHub\HTTPS-IAS-Production\AIS\wwwroot\js\csp\Views_AdministrationPanel_review_audit_checklist.js","15","$.ajax({"
"ajax","C:\Users\Asad Ali\Documents\GitHub\HTTPS-IAS-Production\AIS\wwwroot\js\csp\Views_AdministrationPanel_review_audit_checklist.js","47","$.ajax({"
"ajax","C:\Users\Asad Ali\Documents\GitHub\HTTPS-IAS-Production\AIS\wwwroot\js\csp\Views_AdministrationPanel_review_audit_checklist.js","64","$.ajax({"
"ajax","C:\Users\Asad Ali\Documents\GitHub\HTTPS-IAS-Production\AIS\wwwroot\js\csp\Views_AdministrationPanel_risk_model.js","56","$.ajax({"
"ajax","C:\Users\Asad Ali\Documents\GitHub\HTTPS-IAS-Production\AIS\wwwroot\js\csp\Views_AdministrationPanel_setup_auditee_entities.js","44","$.ajax({"
"ajax","C:\Users\Asad Ali\Documents\GitHub\HTTPS-IAS-Production\AIS\wwwroot\js\csp\Views_AdministrationPanel_setup_auditee_entities.js","78","$.ajax({"
"ajax","C:\Users\Asad Ali\Documents\GitHub\HTTPS-IAS-Production\AIS\wwwroot\js\csp\Views_AdministrationPanel_setup_engagement_reversal.js","17","$.ajax({"
"ajax","C:\Users\Asad Ali\Documents\GitHub\HTTPS-IAS-Production\AIS\wwwroot\js\csp\Views_AdministrationPanel_setup_engagement_reversal.js","54","$.ajax({"
"ajax","C:\Users\Asad Ali\Documents\GitHub\HTTPS-IAS-Production\AIS\wwwroot\js\csp\Views_AdministrationPanel_setup_engagement_reversal.js","79","$.ajax({"
"ajax","C:\Users\Asad Ali\Documents\GitHub\HTTPS-IAS-Production\AIS\wwwroot\js\csp\Views_AdministrationPanel_setup_engagement_reversal.js","118","$.ajax({"
"ajax","C:\Users\Asad Ali\Documents\GitHub\HTTPS-IAS-Production\AIS\wwwroot\js\csp\Views_AdministrationPanel_setup_engagement_reversal.js","143","$.ajax({"
"ajax","C:\Users\Asad Ali\Documents\GitHub\HTTPS-IAS-Production\AIS\wwwroot\js\csp\Views_AdministrationPanel_setup_engagement_reversal.js","176","$.ajax({"
"ajax","C:\Users\Asad Ali\Documents\GitHub\HTTPS-IAS-Production\AIS\wwwroot\js\csp\Views_AdministrationPanel_setup_engagement_reversal.js","204","$.ajax({"
"ajax","C:\Users\Asad Ali\Documents\GitHub\HTTPS-IAS-Production\AIS\wwwroot\js\csp\Views_AdministrationPanel_setup_engagement_reversal.js","228","$.ajax({"
"ajax","C:\Users\Asad Ali\Documents\GitHub\HTTPS-IAS-Production\AIS\wwwroot\js\csp\Views_AdministrationPanel_setup_engagement_reversal.js","320","$.ajax({"
"ajax","C:\Users\Asad Ali\Documents\GitHub\HTTPS-IAS-Production\AIS\wwwroot\js\csp\Views_AdministrationPanel_setup_engagement_reversal.js","346","$.ajax({"
"ajax","C:\Users\Asad Ali\Documents\GitHub\HTTPS-IAS-Production\AIS\wwwroot\js\csp\Views_AdministrationPanel_setup_engagement_reversal.js","378","$.ajax({"
"ajax","C:\Users\Asad Ali\Documents\GitHub\HTTPS-IAS-Production\AIS\wwwroot\js\csp\Views_AdministrationPanel_setup_engagement_reversal.js","405","$.ajax({"
"ajax","C:\Users\Asad Ali\Documents\GitHub\HTTPS-IAS-Production\AIS\wwwroot\js\csp\Views_AdministrationPanel_setup_engagement_reversal.js","429","$.ajax({"
"ajax","C:\Users\Asad Ali\Documents\GitHub\HTTPS-IAS-Production\AIS\wwwroot\js\csp\Views_AdministrationPanel_setup_observation_reversal.js","9","$.ajax({"
"ajax","C:\Users\Asad Ali\Documents\GitHub\HTTPS-IAS-Production\AIS\wwwroot\js\csp\Views_AdministrationPanel_setup_observation_reversal.js","46","$.ajax({"
"ajax","C:\Users\Asad Ali\Documents\GitHub\HTTPS-IAS-Production\AIS\wwwroot\js\csp\Views_AdministrationPanel_setup_observation_reversal.js","73","$.ajax({"
"ajax","C:\Users\Asad Ali\Documents\GitHub\HTTPS-IAS-Production\AIS\wwwroot\js\csp\Views_AdministrationPanel_setup_observation_reversal.js","114","$.ajax({"
"ajax","C:\Users\Asad Ali\Documents\GitHub\HTTPS-IAS-Production\AIS\wwwroot\js\csp\Views_AdministrationPanel_setup_observation_reversal.js","139","$.ajax({"
"ajax","C:\Users\Asad Ali\Documents\GitHub\HTTPS-IAS-Production\AIS\wwwroot\js\csp\Views_AdministrationPanel_setup_observation_reversal.js","179","$.ajax({"
"ajax","C:\Users\Asad Ali\Documents\GitHub\HTTPS-IAS-Production\AIS\wwwroot\js\csp\Views_AdministrationPanel_status_reversal_audit_entities.js","6","$.ajax({"
"ajax","C:\Users\Asad Ali\Documents\GitHub\HTTPS-IAS-Production\AIS\wwwroot\js\csp\Views_AdministrationPanel_status_reversal_audit_entities.js","43","$.ajax({"
"ajax","C:\Users\Asad Ali\Documents\GitHub\HTTPS-IAS-Production\AIS\wwwroot\js\csp\Views_AdministrationPanel_status_reversal_audit_entities.js","69","$.ajax({"
"ajax","C:\Users\Asad Ali\Documents\GitHub\HTTPS-IAS-Production\AIS\wwwroot\js\csp\Views_AdministrationPanel_status_reversal_audit_entities.js","100","$.ajax({"
"ajax","C:\Users\Asad Ali\Documents\GitHub\HTTPS-IAS-Production\AIS\wwwroot\js\csp\Views_AdministrationPanel_status_reversal_audit_entities.js","124","$.ajax({"
"ajax","C:\Users\Asad Ali\Documents\GitHub\HTTPS-IAS-Production\AIS\wwwroot\js\csp\Views_AdministrationPanel_status_reversal_audit_entities.js","148","$.ajax({"
"ajax","C:\Users\Asad Ali\Documents\GitHub\HTTPS-IAS-Production\AIS\wwwroot\js\csp\Views_AdministrationPanel_sub_menu_management.js","11","$.ajax({"
"ajax","C:\Users\Asad Ali\Documents\GitHub\HTTPS-IAS-Production\AIS\wwwroot\js\csp\Views_AdministrationPanel_sub_menu_management.js","83","$.ajax({"
"ajax","C:\Users\Asad Ali\Documents\GitHub\HTTPS-IAS-Production\AIS\wwwroot\js\csp\Views_AdministrationPanel_sub_menu_management.js","102","$.ajax({"
"ajax","C:\Users\Asad Ali\Documents\GitHub\HTTPS-IAS-Production\AIS\wwwroot\js\csp\Views_AdministrationPanel_sub_menu_management.js","132","$.ajax({"
"ajax","C:\Users\Asad Ali\Documents\GitHub\HTTPS-IAS-Production\AIS\wwwroot\js\csp\Views_AdministrationPanel_SystemLogs.js","28","$.ajax({"
"ajax","C:\Users\Asad Ali\Documents\GitHub\HTTPS-IAS-Production\AIS\wwwroot\js\csp\Views_AdministrationPanel_SystemLogs.js","91","$.ajax({"
"ajax","C:\Users\Asad Ali\Documents\GitHub\HTTPS-IAS-Production\AIS\wwwroot\js\csp\Views_AdministrationPanel_update_auditee_entities.js","8","$.ajax({"
"ajax","C:\Users\Asad Ali\Documents\GitHub\HTTPS-IAS-Production\AIS\wwwroot\js\csp\Views_AdministrationPanel_update_auditee_entities.js","57","$.ajax({"
"ajax","C:\Users\Asad Ali\Documents\GitHub\HTTPS-IAS-Production\AIS\wwwroot\js\csp\Views_AuditeePortal_ccqs.js","26","$.ajax({"
"ajax","C:\Users\Asad Ali\Documents\GitHub\HTTPS-IAS-Production\AIS\wwwroot\js\csp\Views_AuditeePortal_ccqs.js","87","$.ajax({"
"ajax","C:\Users\Asad Ali\Documents\GitHub\HTTPS-IAS-Production\AIS\wwwroot\js\csp\Views_AuditeePortal_observation_assigned.js","78","const response = await $.ajax({"
"ajax","C:\Users\Asad Ali\Documents\GitHub\HTTPS-IAS-Production\AIS\wwwroot\js\csp\Views_AuditeePortal_observation_assigned.js","168","$.ajax({"
"ajax","C:\Users\Asad Ali\Documents\GitHub\HTTPS-IAS-Production\AIS\wwwroot\js\csp\Views_AuditeePortal_observation_assigned.js","193","$.ajax({"
"ajax","C:\Users\Asad Ali\Documents\GitHub\HTTPS-IAS-Production\AIS\wwwroot\js\csp\Views_AuditeePortal_observation_assigned.js","249","$.ajax({"
"ajax","C:\Users\Asad Ali\Documents\GitHub\HTTPS-IAS-Production\AIS\wwwroot\js\csp\Views_AuditeePortal_observation_assigned.js","337","$.ajax({"
"ajax","C:\Users\Asad Ali\Documents\GitHub\HTTPS-IAS-Production\AIS\wwwroot\js\csp\Views_AuditeePortal_observation_assigned.js","364","$.ajax({"
"ajax","C:\Users\Asad Ali\Documents\GitHub\HTTPS-IAS-Production\AIS\wwwroot\js\csp\Views_AuditeePortal_old_outstanding_paras.js","4","$.ajax({"
"ajax","C:\Users\Asad Ali\Documents\GitHub\HTTPS-IAS-Production\AIS\wwwroot\js\csp\Views_AuditeePortal_old_para_reply_cad.js","34","$.ajax({"
"ajax","C:\Users\Asad Ali\Documents\GitHub\HTTPS-IAS-Production\AIS\wwwroot\js\csp\Views_AuditeePortal_old_para_reply_cad.js","69","$.ajax({"
"ajax","C:\Users\Asad Ali\Documents\GitHub\HTTPS-IAS-Production\AIS\wwwroot\js\csp\Views_AuditeePortal_old_para_reply_cad.js","93","$.ajax({"
"ajax","C:\Users\Asad Ali\Documents\GitHub\HTTPS-IAS-Production\AIS\wwwroot\js\csp\Views_AuditeePortal_old_para_reply_cad.js","151","$.ajax({"
"ajax","C:\Users\Asad Ali\Documents\GitHub\HTTPS-IAS-Production\AIS\wwwroot\js\csp\Views_AuditeePortal_old_para_reply_cad.js","185","$.ajax({"
"ajax","C:\Users\Asad Ali\Documents\GitHub\HTTPS-IAS-Production\AIS\wwwroot\js\csp\Views_AuditeePortal_Para_Text_Update_FAD.js","21","$.ajax({"
"ajax","C:\Users\Asad Ali\Documents\GitHub\HTTPS-IAS-Production\AIS\wwwroot\js\csp\Views_AuditeePortal_Para_Text_Update_FAD.js","44","$.ajax({"
"ajax","C:\Users\Asad Ali\Documents\GitHub\HTTPS-IAS-Production\AIS\wwwroot\js\csp\Views_AuditeePortal_Para_Text_Update_FAD.js","87","$.ajax({"
"ajax","C:\Users\Asad Ali\Documents\GitHub\HTTPS-IAS-Production\AIS\wwwroot\js\csp\Views_BAC_cia_analysis.js","13","$.ajax({"
"ajax","C:\Users\Asad Ali\Documents\GitHub\HTTPS-IAS-Production\AIS\wwwroot\js\csp\Views_BAC_cia_analysis.js","101","$.ajax({"
"ajax","C:\Users\Asad Ali\Documents\GitHub\HTTPS-IAS-Production\AIS\wwwroot\js\csp\Views_BAC_cia_analysis.js","118","$.ajax({"
"ajax","C:\Users\Asad Ali\Documents\GitHub\HTTPS-IAS-Production\AIS\wwwroot\js\csp\Views_BAC_cia_analysis.js","143","$.ajax({"
"ajax","C:\Users\Asad Ali\Documents\GitHub\HTTPS-IAS-Production\AIS\wwwroot\js\csp\Views_BAC_cia_analysis_detail.js","7","$.ajax({"
"ajax","C:\Users\Asad Ali\Documents\GitHub\HTTPS-IAS-Production\AIS\wwwroot\js\csp\Views_BAC_cia_analysis_detail.js","37","$.ajax({"
"ajax","C:\Users\Asad Ali\Documents\GitHub\HTTPS-IAS-Production\AIS\wwwroot\js\csp\Views_CAU_monitoring_oms.js","50","$.ajax({"
"ajax","C:\Users\Asad Ali\Documents\GitHub\HTTPS-IAS-Production\AIS\wwwroot\js\csp\Views_CAU_monitoring_oms.js","74","$.ajax({"
"ajax","C:\Users\Asad Ali\Documents\GitHub\HTTPS-IAS-Production\AIS\wwwroot\js\csp\Views_CAU_monitoring_oms.js","104","$.ajax({"
"ajax","C:\Users\Asad Ali\Documents\GitHub\HTTPS-IAS-Production\AIS\wwwroot\js\csp\Views_CAU_monitoring_oms.js","130","$.ajax({"
"ajax","C:\Users\Asad Ali\Documents\GitHub\HTTPS-IAS-Production\AIS\wwwroot\js\csp\Views_CAU_monitoring_oms.js","221","$.ajax({"
"ajax","C:\Users\Asad Ali\Documents\GitHub\HTTPS-IAS-Production\AIS\wwwroot\js\csp\Views_CAU_monitoring_oms.js","256","$.ajax({"
"ajax","C:\Users\Asad Ali\Documents\GitHub\HTTPS-IAS-Production\AIS\wwwroot\js\csp\Views_CAU_monitoring_oms.js","300","$.ajax({"
"ajax","C:\Users\Asad Ali\Documents\GitHub\HTTPS-IAS-Production\AIS\wwwroot\js\csp\Views_CAU_om_creation.js","50","$.ajax({"
"ajax","C:\Users\Asad Ali\Documents\GitHub\HTTPS-IAS-Production\AIS\wwwroot\js\csp\Views_CAU_om_creation.js","74","$.ajax({"
"ajax","C:\Users\Asad Ali\Documents\GitHub\HTTPS-IAS-Production\AIS\wwwroot\js\csp\Views_CAU_om_creation.js","104","$.ajax({"
"ajax","C:\Users\Asad Ali\Documents\GitHub\HTTPS-IAS-Production\AIS\wwwroot\js\csp\Views_CAU_om_creation.js","130","$.ajax({"
"ajax","C:\Users\Asad Ali\Documents\GitHub\HTTPS-IAS-Production\AIS\wwwroot\js\csp\Views_CAU_om_creation.js","221","$.ajax({"
"ajax","C:\Users\Asad Ali\Documents\GitHub\HTTPS-IAS-Production\AIS\wwwroot\js\csp\Views_CAU_om_creation.js","256","$.ajax({"
"ajax","C:\Users\Asad Ali\Documents\GitHub\HTTPS-IAS-Production\AIS\wwwroot\js\csp\Views_CAU_om_creation.js","300","$.ajax({"
"ajax","C:\Users\Asad Ali\Documents\GitHub\HTTPS-IAS-Production\AIS\wwwroot\js\csp\Views_CAU_OM_om_assignment.js","58","$.ajax({"
"ajax","C:\Users\Asad Ali\Documents\GitHub\HTTPS-IAS-Production\AIS\wwwroot\js\csp\Views_CAU_OM_om_assignment.js","91","$.ajax({"
"ajax","C:\Users\Asad Ali\Documents\GitHub\HTTPS-IAS-Production\AIS\wwwroot\js\csp\Views_CAU_OM_om_assignment.js","126","$.ajax({"
"ajax","C:\Users\Asad Ali\Documents\GitHub\HTTPS-IAS-Production\AIS\wwwroot\js\csp\Views_CAU_OM_om_assignment.js","156","$.ajax({"
"ajax","C:\Users\Asad Ali\Documents\GitHub\HTTPS-IAS-Production\AIS\wwwroot\js\csp\Views_CAU_OM_om_assignment.js","208","$.ajax({"
"ajax","C:\Users\Asad Ali\Documents\GitHub\HTTPS-IAS-Production\AIS\wwwroot\js\csp\Views_CAU_OM_om_response.js","9","$.ajax({"
"ajax","C:\Users\Asad Ali\Documents\GitHub\HTTPS-IAS-Production\AIS\wwwroot\js\csp\Views_CAU_om_reply.js","50","$.ajax({"
"ajax","C:\Users\Asad Ali\Documents\GitHub\HTTPS-IAS-Production\AIS\wwwroot\js\csp\Views_CAU_om_reply.js","74","$.ajax({"
"ajax","C:\Users\Asad Ali\Documents\GitHub\HTTPS-IAS-Production\AIS\wwwroot\js\csp\Views_CAU_om_reply.js","104","$.ajax({"
"ajax","C:\Users\Asad Ali\Documents\GitHub\HTTPS-IAS-Production\AIS\wwwroot\js\csp\Views_CAU_om_reply.js","130","$.ajax({"
"ajax","C:\Users\Asad Ali\Documents\GitHub\HTTPS-IAS-Production\AIS\wwwroot\js\csp\Views_CAU_om_reply.js","221","$.ajax({"
"ajax","C:\Users\Asad Ali\Documents\GitHub\HTTPS-IAS-Production\AIS\wwwroot\js\csp\Views_CAU_om_reply.js","256","$.ajax({"
"ajax","C:\Users\Asad Ali\Documents\GitHub\HTTPS-IAS-Production\AIS\wwwroot\js\csp\Views_CAU_om_reply.js","300","$.ajax({"
"ajax","C:\Users\Asad Ali\Documents\GitHub\HTTPS-IAS-Production\AIS\wwwroot\js\csp\Views_CAU_reports.js","50","$.ajax({"
"ajax","C:\Users\Asad Ali\Documents\GitHub\HTTPS-IAS-Production\AIS\wwwroot\js\csp\Views_CAU_reports.js","74","$.ajax({"
"ajax","C:\Users\Asad Ali\Documents\GitHub\HTTPS-IAS-Production\AIS\wwwroot\js\csp\Views_CAU_reports.js","104","$.ajax({"
"ajax","C:\Users\Asad Ali\Documents\GitHub\HTTPS-IAS-Production\AIS\wwwroot\js\csp\Views_CAU_reports.js","130","$.ajax({"
"ajax","C:\Users\Asad Ali\Documents\GitHub\HTTPS-IAS-Production\AIS\wwwroot\js\csp\Views_CAU_reports.js","221","$.ajax({"
"ajax","C:\Users\Asad Ali\Documents\GitHub\HTTPS-IAS-Production\AIS\wwwroot\js\csp\Views_CAU_reports.js","256","$.ajax({"
"ajax","C:\Users\Asad Ali\Documents\GitHub\HTTPS-IAS-Production\AIS\wwwroot\js\csp\Views_CAU_reports.js","300","$.ajax({"
"ajax","C:\Users\Asad Ali\Documents\GitHub\HTTPS-IAS-Production\AIS\wwwroot\js\csp\Views_Dashboard_annex_wise_obs.js","51","$.ajax({"
"ajax","C:\Users\Asad Ali\Documents\GitHub\HTTPS-IAS-Production\AIS\wwwroot\js\csp\Views_Dashboard_annex_wise_obs.js","99","$.ajax({"
"ajax","C:\Users\Asad Ali\Documents\GitHub\HTTPS-IAS-Production\AIS\wwwroot\js\csp\Views_Dashboard_annex_wise_obs.js","116","$.ajax({"
"ajax","C:\Users\Asad Ali\Documents\GitHub\HTTPS-IAS-Production\AIS\wwwroot\js\csp\Views_Dashboard_annex_wise_obs.js","140","$.ajax({"
"ajax","C:\Users\Asad Ali\Documents\GitHub\HTTPS-IAS-Production\AIS\wwwroot\js\csp\Views_Dashboard_audit_performance - Copy.js","14","$.ajax({"
"ajax","C:\Users\Asad Ali\Documents\GitHub\HTTPS-IAS-Production\AIS\wwwroot\js\csp\Views_Dashboard_audit_performance.js","14","$.ajax({"
"ajax","C:\Users\Asad Ali\Documents\GitHub\HTTPS-IAS-Production\AIS\wwwroot\js\csp\Views_Dashboard_compliance_summary.js","8","$.ajax({"
"ajax","C:\Users\Asad Ali\Documents\GitHub\HTTPS-IAS-Production\AIS\wwwroot\js\csp\Views_Dashboard_compliance_summary.js","48","$.ajax({"
"ajax","C:\Users\Asad Ali\Documents\GitHub\HTTPS-IAS-Production\AIS\wwwroot\js\csp\Views_Dashboard_dashboard.js","9","$.ajax({"
"ajax","C:\Users\Asad Ali\Documents\GitHub\HTTPS-IAS-Production\AIS\wwwroot\js\csp\Views_Dashboard_entity_wise_obs.js","8","$.ajax({"
"ajax","C:\Users\Asad Ali\Documents\GitHub\HTTPS-IAS-Production\AIS\wwwroot\js\csp\Views_Dashboard_entity_wise_obs_detail.js","15","$.ajax({"
"ajax","C:\Users\Asad Ali\Documents\GitHub\HTTPS-IAS-Production\AIS\wwwroot\js\csp\Views_Dashboard_entity_wise_obs_detail.js","70","$.ajax({"
"ajax","C:\Users\Asad Ali\Documents\GitHub\HTTPS-IAS-Production\AIS\wwwroot\js\csp\Views_Dashboard_functional_resp_wise_paras.js","8","$.ajax({"
"ajax","C:\Users\Asad Ali\Documents\GitHub\HTTPS-IAS-Production\AIS\wwwroot\js\csp\Views_Dashboard_functional_resp_wise_paras.js","50","$.ajax({"
"ajax","C:\Users\Asad Ali\Documents\GitHub\HTTPS-IAS-Production\AIS\wwwroot\js\csp\Views_Dashboard_functional_resp_wise_paras_ho.js","13","$.ajax({"
"ajax","C:\Users\Asad Ali\Documents\GitHub\HTTPS-IAS-Production\AIS\wwwroot\js\csp\Views_Dashboard_functional_resp_wise_paras_ho.js","47","$.ajax({"
"ajax","C:\Users\Asad Ali\Documents\GitHub\HTTPS-IAS-Production\AIS\wwwroot\js\csp\Views_Dashboard_functional_resp_wise_paras_ho.js","79","$.ajax({"
"ajax","C:\Users\Asad Ali\Documents\GitHub\HTTPS-IAS-Production\AIS\wwwroot\js\csp\Views_Dashboard_functional_resp_wise_paras_ho.js","107","$.ajax({"
"ajax","C:\Users\Asad Ali\Documents\GitHub\HTTPS-IAS-Production\AIS\wwwroot\js\csp\Views_Dashboard_no_entities_risk_based_planning.js","14","$.ajax({"
"ajax","C:\Users\Asad Ali\Documents\GitHub\HTTPS-IAS-Production\AIS\wwwroot\js\csp\Views_Dashboard_no_entities_risk_based_planning_b.js","14","$.ajax({"
"ajax","C:\Users\Asad Ali\Documents\GitHub\HTTPS-IAS-Production\AIS\wwwroot\js\csp\Views_Dashboard_para_view.js","6","$.ajax({"
"ajax","C:\Users\Asad Ali\Documents\GitHub\HTTPS-IAS-Production\AIS\wwwroot\js\csp\Views_Dashboard_para_view.js","42","$.ajax({"
"ajax","C:\Users\Asad Ali\Documents\GitHub\HTTPS-IAS-Production\AIS\wwwroot\js\csp\Views_Dashboard_para_view.js","85","$.ajax({"
"ajax","C:\Users\Asad Ali\Documents\GitHub\HTTPS-IAS-Production\AIS\wwwroot\js\csp\Views_Dashboard_para_view.js","116","$.ajax({"
"ajax","C:\Users\Asad Ali\Documents\GitHub\HTTPS-IAS-Production\AIS\wwwroot\js\csp\Views_Dashboard_repetative_para.js","7","$.ajax({"
"ajax","C:\Users\Asad Ali\Documents\GitHub\HTTPS-IAS-Production\AIS\wwwroot\js\csp\Views_Dashboard_repetative_para.js","28","$.ajax({"
"ajax","C:\Users\Asad Ali\Documents\GitHub\HTTPS-IAS-Production\AIS\wwwroot\js\csp\Views_Dashboard_repetative_para.js","48","$.ajax({"
"ajax","C:\Users\Asad Ali\Documents\GitHub\HTTPS-IAS-Production\AIS\wwwroot\js\csp\Views_Dashboard_reporting_wise_obs.js","9","$.ajax({"
"ajax","C:\Users\Asad Ali\Documents\GitHub\HTTPS-IAS-Production\AIS\wwwroot\js\csp\Views_Dashboard_serious_fraudulent_obs_gm.js","4","$.ajax({"
"ajax","C:\Users\Asad Ali\Documents\GitHub\HTTPS-IAS-Production\AIS\wwwroot\js\csp\Views_Dashboard_violation_wise_paras.js","6","$.ajax({"
"ajax","C:\Users\Asad Ali\Documents\GitHub\HTTPS-IAS-Production\AIS\wwwroot\js\csp\Views_Dashboard_violation_wise_paras.js","29","$.ajax({"
"ajax","C:\Users\Asad Ali\Documents\GitHub\HTTPS-IAS-Production\AIS\wwwroot\js\csp\Views_Dashboard_violation_wise_paras.js","50","$.ajax({"
"ajax","C:\Users\Asad Ali\Documents\GitHub\HTTPS-IAS-Production\AIS\wwwroot\js\csp\Views_Dashboard_zone_wise_paras.js","6","$.ajax({"
"ajax","C:\Users\Asad Ali\Documents\GitHub\HTTPS-IAS-Production\AIS\wwwroot\js\csp\Views_Dashboard_zone_wise_paras.js","39","$.ajax({"
"ajax","C:\Users\Asad Ali\Documents\GitHub\HTTPS-IAS-Production\AIS\wwwroot\js\csp\Views_Dashboard_zone_wise_paras.js","64","$.ajax({"
"ajax","C:\Users\Asad Ali\Documents\GitHub\HTTPS-IAS-Production\AIS\wwwroot\js\csp\Views_Dashboard_zone_wise_paras.js","104","$.ajax({"
"ajax","C:\Users\Asad Ali\Documents\GitHub\HTTPS-IAS-Production\AIS\wwwroot\js\csp\Views_Dashboard_zone_wise_paras.js","144","$.ajax({"
"ajax","C:\Users\Asad Ali\Documents\GitHub\HTTPS-IAS-Production\AIS\wwwroot\js\csp\Views_Engagement_ccqs.js","18","$.ajax({"
"ajax","C:\Users\Asad Ali\Documents\GitHub\HTTPS-IAS-Production\AIS\wwwroot\js\csp\Views_Engagement_ccqs.js","106","$.ajax({"
"ajax","C:\Users\Asad Ali\Documents\GitHub\HTTPS-IAS-Production\AIS\wwwroot\js\csp\Views_Engagement_change_request.js","5","$.ajax({"
"ajax","C:\Users\Asad Ali\Documents\GitHub\HTTPS-IAS-Production\AIS\wwwroot\js\csp\Views_Engagement_create_audit_plan.js","67","$.ajax({"
"ajax","C:\Users\Asad Ali\Documents\GitHub\HTTPS-IAS-Production\AIS\wwwroot\js\csp\Views_Engagement_create_audit_plan.js","104","$.ajax({"
"ajax","C:\Users\Asad Ali\Documents\GitHub\HTTPS-IAS-Production\AIS\wwwroot\js\csp\Views_Engagement_engagement_plan.js","42","$.ajax({"
"ajax","C:\Users\Asad Ali\Documents\GitHub\HTTPS-IAS-Production\AIS\wwwroot\js\csp\Views_Engagement_engagement_plan.js","60","$.ajax({"
"ajax","C:\Users\Asad Ali\Documents\GitHub\HTTPS-IAS-Production\AIS\wwwroot\js\csp\Views_Engagement_engagement_plan.js","91","$.ajax({"
"ajax","C:\Users\Asad Ali\Documents\GitHub\HTTPS-IAS-Production\AIS\wwwroot\js\csp\Views_Engagement_engagement_plan.js","120","$.ajax({"
"ajax","C:\Users\Asad Ali\Documents\GitHub\HTTPS-IAS-Production\AIS\wwwroot\js\csp\Views_Engagement_engagement_plan.js","211","$.ajax({"
"ajax","C:\Users\Asad Ali\Documents\GitHub\HTTPS-IAS-Production\AIS\wwwroot\js\csp\Views_Engagement_engagement_plan.js","241","$.ajax({"
"ajax","C:\Users\Asad Ali\Documents\GitHub\HTTPS-IAS-Production\AIS\wwwroot\js\csp\Views_Engagement_eng_plan_list.js","16","$.ajax({"
"ajax","C:\Users\Asad Ali\Documents\GitHub\HTTPS-IAS-Production\AIS\wwwroot\js\csp\Views_Engagement_eng_plan_list.js","34","$.ajax({"
"ajax","C:\Users\Asad Ali\Documents\GitHub\HTTPS-IAS-Production\AIS\wwwroot\js\csp\Views_Engagement_eng_plan_list.js","50","$.ajax({"
"ajax","C:\Users\Asad Ali\Documents\GitHub\HTTPS-IAS-Production\AIS\wwwroot\js\csp\Views_Engagement_eng_plan_list.js","66","$.ajax({"
"ajax","C:\Users\Asad Ali\Documents\GitHub\HTTPS-IAS-Production\AIS\wwwroot\js\csp\Views_Engagement_eng_plan_ref_list.js","44","return $.ajax({"
"ajax","C:\Users\Asad Ali\Documents\GitHub\HTTPS-IAS-Production\AIS\wwwroot\js\csp\Views_Engagement_eng_plan_ref_list.js","118","$.ajax({"
"ajax","C:\Users\Asad Ali\Documents\GitHub\HTTPS-IAS-Production\AIS\wwwroot\js\csp\Views_Engagement_eng_plan_ref_list.js","148","$.ajax({"
"ajax","C:\Users\Asad Ali\Documents\GitHub\HTTPS-IAS-Production\AIS\wwwroot\js\csp\Views_Engagement_Join.js","8","$.ajax({"
"ajax","C:\Users\Asad Ali\Documents\GitHub\HTTPS-IAS-Production\AIS\wwwroot\js\csp\Views_Engagement_Join.js","62","$.ajax({"
"ajax","C:\Users\Asad Ali\Documents\GitHub\HTTPS-IAS-Production\AIS\wwwroot\js\csp\Views_Engagement_ongoing_engagements_list.js","16","$.ajax({"
"ajax","C:\Users\Asad Ali\Documents\GitHub\HTTPS-IAS-Production\AIS\wwwroot\js\csp\Views_Engagement_ongoing_engagements_list.js","34","$.ajax({"
"ajax","C:\Users\Asad Ali\Documents\GitHub\HTTPS-IAS-Production\AIS\wwwroot\js\csp\Views_Execution_Add_Legacy_Para.js","8","$.ajax({"
"ajax","C:\Users\Asad Ali\Documents\GitHub\HTTPS-IAS-Production\AIS\wwwroot\js\csp\Views_Execution_Add_Legacy_Para.js","43","$.ajax({"
"ajax","C:\Users\Asad Ali\Documents\GitHub\HTTPS-IAS-Production\AIS\wwwroot\js\csp\Views_Execution_auditee_observations_report.js","23","$.ajax({"
"ajax","C:\Users\Asad Ali\Documents\GitHub\HTTPS-IAS-Production\AIS\wwwroot\js\csp\Views_Execution_auditee_observations_report.js","97","$.ajax({"
"ajax","C:\Users\Asad Ali\Documents\GitHub\HTTPS-IAS-Production\AIS\wwwroot\js\csp\Views_Execution_auditee_observations_report.js","134","$.ajax({"
"ajax","C:\Users\Asad Ali\Documents\GitHub\HTTPS-IAS-Production\AIS\wwwroot\js\csp\Views_Execution_auditee_observations_report_cau.js","65","$.ajax({"
"ajax","C:\Users\Asad Ali\Documents\GitHub\HTTPS-IAS-Production\AIS\wwwroot\js\csp\Views_Execution_auditee_observations_report_cau.js","79","$.ajax({"
"ajax","C:\Users\Asad Ali\Documents\GitHub\HTTPS-IAS-Production\AIS\wwwroot\js\csp\Views_Execution_auditee_observations_report_cau.js","142","$.ajax({"
"ajax","C:\Users\Asad Ali\Documents\GitHub\HTTPS-IAS-Production\AIS\wwwroot\js\csp\Views_Execution_auditee_observations_report_cau.js","179","$.ajax({"
"ajax","C:\Users\Asad Ali\Documents\GitHub\HTTPS-IAS-Production\AIS\wwwroot\js\csp\Views_Execution_auditee_observations_report_cau.js","210","$.ajax({"
"ajax","C:\Users\Asad Ali\Documents\GitHub\HTTPS-IAS-Production\AIS\wwwroot\js\csp\Views_Execution_auditee_position_outlook.js","13","$.ajax({"
"ajax","C:\Users\Asad Ali\Documents\GitHub\HTTPS-IAS-Production\AIS\wwwroot\js\csp\Views_Execution_auditee_position_outlook.js","27","$.ajax({"
"ajax","C:\Users\Asad Ali\Documents\GitHub\HTTPS-IAS-Production\AIS\wwwroot\js\csp\Views_Execution_auditee_position_outlook.js","90","$.ajax({"
"ajax","C:\Users\Asad Ali\Documents\GitHub\HTTPS-IAS-Production\AIS\wwwroot\js\csp\Views_Execution_auditee_position_outlook.js","127","$.ajax({"
"ajax","C:\Users\Asad Ali\Documents\GitHub\HTTPS-IAS-Production\AIS\wwwroot\js\csp\Views_Execution_auditee_position_outlook.js","157","$.ajax({"
"ajax","C:\Users\Asad Ali\Documents\GitHub\HTTPS-IAS-Production\AIS\wwwroot\js\csp\Views_Execution_Audit_Execution.js","24","$.ajax({"
"ajax","C:\Users\Asad Ali\Documents\GitHub\HTTPS-IAS-Production\AIS\wwwroot\js\csp\Views_Execution_Audit_Execution.js","48","$.ajax({"
"ajax","C:\Users\Asad Ali\Documents\GitHub\HTTPS-IAS-Production\AIS\wwwroot\js\csp\Views_Execution_Audit_Execution.js","125","$.ajax({"
"ajax","C:\Users\Asad Ali\Documents\GitHub\HTTPS-IAS-Production\AIS\wwwroot\js\csp\Views_Execution_Authorize_Adding_Legacy_Para.js","14","$.ajax({"
"ajax","C:\Users\Asad Ali\Documents\GitHub\HTTPS-IAS-Production\AIS\wwwroot\js\csp\Views_Execution_Authorize_Adding_Legacy_Para.js","41","$.ajax({"
"ajax","C:\Users\Asad Ali\Documents\GitHub\HTTPS-IAS-Production\AIS\wwwroot\js\csp\Views_Execution_Authorize_Adding_Legacy_Para.js","57","$.ajax({"
"ajax","C:\Users\Asad Ali\Documents\GitHub\HTTPS-IAS-Production\AIS\wwwroot\js\csp\Views_Execution_Authorize_Change_Settle_Para_Status.js","24","$.ajax({"
"ajax","C:\Users\Asad Ali\Documents\GitHub\HTTPS-IAS-Production\AIS\wwwroot\js\csp\Views_Execution_Authorize_Change_Settle_Para_Status.js","68","$.ajax({"
"ajax","C:\Users\Asad Ali\Documents\GitHub\HTTPS-IAS-Production\AIS\wwwroot\js\csp\Views_Execution_Authorize_Update_Legacy_Para_Gist_Para.js","14","$.ajax({"
"ajax","C:\Users\Asad Ali\Documents\GitHub\HTTPS-IAS-Production\AIS\wwwroot\js\csp\Views_Execution_Authorize_Update_Legacy_Para_Gist_Para.js","56","$.ajax({"
"ajax","C:\Users\Asad Ali\Documents\GitHub\HTTPS-IAS-Production\AIS\wwwroot\js\csp\Views_Execution_auth_del_dup_para.js","14","$.ajax({"
"ajax","C:\Users\Asad Ali\Documents\GitHub\HTTPS-IAS-Production\AIS\wwwroot\js\csp\Views_Execution_auth_del_dup_para.js","34","$.ajax({"
"ajax","C:\Users\Asad Ali\Documents\GitHub\HTTPS-IAS-Production\AIS\wwwroot\js\csp\Views_Execution_auth_del_dup_para.js","52","$.ajax({"
"ajax","C:\Users\Asad Ali\Documents\GitHub\HTTPS-IAS-Production\AIS\wwwroot\js\csp\Views_Execution_branch_deposit_info.js","20","$.ajax({"
"ajax","C:\Users\Asad Ali\Documents\GitHub\HTTPS-IAS-Production\AIS\wwwroot\js\csp\Views_Execution_cau_observation.js","136","$.ajax({"
"ajax","C:\Users\Asad Ali\Documents\GitHub\HTTPS-IAS-Production\AIS\wwwroot\js\csp\Views_Execution_cau_observation.js","160","$.ajax({"
"ajax","C:\Users\Asad Ali\Documents\GitHub\HTTPS-IAS-Production\AIS\wwwroot\js\csp\Views_Execution_cau_observation.js","196","$.ajax({"
"ajax","C:\Users\Asad Ali\Documents\GitHub\HTTPS-IAS-Production\AIS\wwwroot\js\csp\Views_Execution_cau_observation.js","222","$.ajax({"
"ajax","C:\Users\Asad Ali\Documents\GitHub\HTTPS-IAS-Production\AIS\wwwroot\js\csp\Views_Execution_cau_observation.js","315","$.ajax({"
"ajax","C:\Users\Asad Ali\Documents\GitHub\HTTPS-IAS-Production\AIS\wwwroot\js\csp\Views_Execution_cau_observation.js","381","$.ajax({"
"ajax","C:\Users\Asad Ali\Documents\GitHub\HTTPS-IAS-Production\AIS\wwwroot\js\csp\Views_Execution_cau_observation.js","420","$.ajax({"
"ajax","C:\Users\Asad Ali\Documents\GitHub\HTTPS-IAS-Production\AIS\wwwroot\js\csp\Views_Execution_checklist_details.js","63","$.ajax({"
"ajax","C:\Users\Asad Ali\Documents\GitHub\HTTPS-IAS-Production\AIS\wwwroot\js\csp\Views_Execution_checklist_details.js","298","$.ajax({"
"ajax","C:\Users\Asad Ali\Documents\GitHub\HTTPS-IAS-Production\AIS\wwwroot\js\csp\Views_Execution_checklist_details.js","381","$.ajax({"
"ajax","C:\Users\Asad Ali\Documents\GitHub\HTTPS-IAS-Production\AIS\wwwroot\js\csp\Views_Execution_checklist_details.js","420","$.ajax({"
"ajax","C:\Users\Asad Ali\Documents\GitHub\HTTPS-IAS-Production\AIS\wwwroot\js\csp\Views_Execution_checklist_details.js","562","$.ajax({"
"ajax","C:\Users\Asad Ali\Documents\GitHub\HTTPS-IAS-Production\AIS\wwwroot\js\csp\Views_Execution_checklist_details.js","593","$.ajax({"
"ajax","C:\Users\Asad Ali\Documents\GitHub\HTTPS-IAS-Production\AIS\wwwroot\js\csp\Views_Execution_closing.js","10","$.ajax({"
"ajax","C:\Users\Asad Ali\Documents\GitHub\HTTPS-IAS-Production\AIS\wwwroot\js\csp\Views_Execution_closing.js","32","$.ajax({"
"ajax","C:\Users\Asad Ali\Documents\GitHub\HTTPS-IAS-Production\AIS\wwwroot\js\csp\Views_Execution_Concluding_Closing_Audit.js","37","$.ajax({"
"ajax","C:\Users\Asad Ali\Documents\GitHub\HTTPS-IAS-Production\AIS\wwwroot\js\csp\Views_Execution_Concluding_Closing_Audit.js","73","$.ajax({"
"ajax","C:\Users\Asad Ali\Documents\GitHub\HTTPS-IAS-Production\AIS\wwwroot\js\csp\Views_Execution_Concluding_Closing_Audit.js","101","$.ajax({"
"ajax","C:\Users\Asad Ali\Documents\GitHub\HTTPS-IAS-Production\AIS\wwwroot\js\csp\Views_Execution_create_dsa.js","19","$.ajax({"
"ajax","C:\Users\Asad Ali\Documents\GitHub\HTTPS-IAS-Production\AIS\wwwroot\js\csp\Views_Execution_create_dsa.js","36","$.ajax({"
"ajax","C:\Users\Asad Ali\Documents\GitHub\HTTPS-IAS-Production\AIS\wwwroot\js\csp\Views_Execution_create_dsa.js","88","$.ajax({"
"ajax","C:\Users\Asad Ali\Documents\GitHub\HTTPS-IAS-Production\AIS\wwwroot\js\csp\Views_Execution_deposit_account.js","20","$.ajax({"
"ajax","C:\Users\Asad Ali\Documents\GitHub\HTTPS-IAS-Production\AIS\wwwroot\js\csp\Views_Execution_deposit_account_details.js","5","$.ajax({"
"ajax","C:\Users\Asad Ali\Documents\GitHub\HTTPS-IAS-Production\AIS\wwwroot\js\csp\Views_Execution_disb_info.js","20","$.ajax({"
"ajax","C:\Users\Asad Ali\Documents\GitHub\HTTPS-IAS-Production\AIS\wwwroot\js\csp\Views_Execution_draft_audit_report.js","30","$.ajax({"
"ajax","C:\Users\Asad Ali\Documents\GitHub\HTTPS-IAS-Production\AIS\wwwroot\js\csp\Views_Execution_draft_audit_report.js","85","$.ajax({"
"ajax","C:\Users\Asad Ali\Documents\GitHub\HTTPS-IAS-Production\AIS\wwwroot\js\csp\Views_Execution_draft_audit_report.js","115","$.ajax({"
"ajax","C:\Users\Asad Ali\Documents\GitHub\HTTPS-IAS-Production\AIS\wwwroot\js\csp\Views_Execution_draft_audit_report.js","163","$.ajax({"
"ajax","C:\Users\Asad Ali\Documents\GitHub\HTTPS-IAS-Production\AIS\wwwroot\js\csp\Views_Execution_draft_audit_report.js","189","$.ajax({"
"ajax","C:\Users\Asad Ali\Documents\GitHub\HTTPS-IAS-Production\AIS\wwwroot\js\csp\Views_Execution_draft_audit_report.js","227","$.ajax({"
"ajax","C:\Users\Asad Ali\Documents\GitHub\HTTPS-IAS-Production\AIS\wwwroot\js\csp\Views_Execution_draft_audit_report.js","270","$.ajax({"
"ajax","C:\Users\Asad Ali\Documents\GitHub\HTTPS-IAS-Production\AIS\wwwroot\js\csp\Views_Execution_draft_audit_report.js","342","$.ajax({"
"ajax","C:\Users\Asad Ali\Documents\GitHub\HTTPS-IAS-Production\AIS\wwwroot\js\csp\Views_Execution_draft_audit_report_branch.js","77","$.ajax({"
"ajax","C:\Users\Asad Ali\Documents\GitHub\HTTPS-IAS-Production\AIS\wwwroot\js\csp\Views_Execution_draft_audit_report_branch.js","121","$.ajax({"
"ajax","C:\Users\Asad Ali\Documents\GitHub\HTTPS-IAS-Production\AIS\wwwroot\js\csp\Views_Execution_draft_audit_report_branch.js","159","$.ajax({"
"ajax","C:\Users\Asad Ali\Documents\GitHub\HTTPS-IAS-Production\AIS\wwwroot\js\csp\Views_Execution_draft_audit_report_branch.js","195","$.ajax({"
"ajax","C:\Users\Asad Ali\Documents\GitHub\HTTPS-IAS-Production\AIS\wwwroot\js\csp\Views_Execution_draft_audit_report_branch.js","244","$.ajax({"
"ajax","C:\Users\Asad Ali\Documents\GitHub\HTTPS-IAS-Production\AIS\wwwroot\js\csp\Views_Execution_draft_audit_report_branch.js","289","$.ajax({"
"ajax","C:\Users\Asad Ali\Documents\GitHub\HTTPS-IAS-Production\AIS\wwwroot\js\csp\Views_Execution_draft_audit_report_branch.js","318","$.ajax({"
"ajax","C:\Users\Asad Ali\Documents\GitHub\HTTPS-IAS-Production\AIS\wwwroot\js\csp\Views_Execution_draft_audit_report_branch.js","362","$.ajax({"
"ajax","C:\Users\Asad Ali\Documents\GitHub\HTTPS-IAS-Production\AIS\wwwroot\js\csp\Views_Execution_draft_audit_report_branch.js","413","$.ajax({"
"ajax","C:\Users\Asad Ali\Documents\GitHub\HTTPS-IAS-Production\AIS\wwwroot\js\csp\Views_Execution_draft_audit_report_branch.js","488","$.ajax({"
"ajax","C:\Users\Asad Ali\Documents\GitHub\HTTPS-IAS-Production\AIS\wwwroot\js\csp\Views_Execution_draft_audit_report_branch.js","521","$.ajax({"
"ajax","C:\Users\Asad Ali\Documents\GitHub\HTTPS-IAS-Production\AIS\wwwroot\js\csp\Views_Execution_draft_audit_report_branch.js","562","$.ajax({"
"ajax","C:\Users\Asad Ali\Documents\GitHub\HTTPS-IAS-Production\AIS\wwwroot\js\csp\Views_Execution_engagement_plan.js","42","$.ajax({"
"ajax","C:\Users\Asad Ali\Documents\GitHub\HTTPS-IAS-Production\AIS\wwwroot\js\csp\Views_Execution_engagement_plan.js","60","$.ajax({"
"ajax","C:\Users\Asad Ali\Documents\GitHub\HTTPS-IAS-Production\AIS\wwwroot\js\csp\Views_Execution_engagement_plan.js","91","$.ajax({"
"ajax","C:\Users\Asad Ali\Documents\GitHub\HTTPS-IAS-Production\AIS\wwwroot\js\csp\Views_Execution_engagement_plan.js","120","$.ajax({"
"ajax","C:\Users\Asad Ali\Documents\GitHub\HTTPS-IAS-Production\AIS\wwwroot\js\csp\Views_Execution_engagement_plan.js","211","$.ajax({"
"ajax","C:\Users\Asad Ali\Documents\GitHub\HTTPS-IAS-Production\AIS\wwwroot\js\csp\Views_Execution_engagement_plan.js","241","$.ajax({"
"ajax","C:\Users\Asad Ali\Documents\GitHub\HTTPS-IAS-Production\AIS\wwwroot\js\csp\Views_Execution_list_dsa.js","3","$.ajax({"
"ajax","C:\Users\Asad Ali\Documents\GitHub\HTTPS-IAS-Production\AIS\wwwroot\js\csp\Views_Execution_list_dsa.js","109","$.ajax({"
"ajax","C:\Users\Asad Ali\Documents\GitHub\HTTPS-IAS-Production\AIS\wwwroot\js\csp\Views_Execution_list_dsa.js","127","$.ajax({"
"ajax","C:\Users\Asad Ali\Documents\GitHub\HTTPS-IAS-Production\AIS\wwwroot\js\csp\Views_Execution_list_dsa.js","147","$.ajax({"
"ajax","C:\Users\Asad Ali\Documents\GitHub\HTTPS-IAS-Production\AIS\wwwroot\js\csp\Views_Execution_list_dsa.js","161","$.ajax({"
"ajax","C:\Users\Asad Ali\Documents\GitHub\HTTPS-IAS-Production\AIS\wwwroot\js\csp\Views_Execution_list_dsa.js","175","$.ajax({"
"ajax","C:\Users\Asad Ali\Documents\GitHub\HTTPS-IAS-Production\AIS\wwwroot\js\csp\Views_Execution_list_dsa.js","190","$.ajax({"
"ajax","C:\Users\Asad Ali\Documents\GitHub\HTTPS-IAS-Production\AIS\wwwroot\js\csp\Views_Execution_list_dsa.js","204","$.ajax({"
"ajax","C:\Users\Asad Ali\Documents\GitHub\HTTPS-IAS-Production\AIS\wwwroot\js\csp\Views_Execution_list_dsa.js","219","$.ajax({"
"ajax","C:\Users\Asad Ali\Documents\GitHub\HTTPS-IAS-Production\AIS\wwwroot\js\csp\Views_Execution_loan_case_details.js","18","$.ajax({"
"ajax","C:\Users\Asad Ali\Documents\GitHub\HTTPS-IAS-Production\AIS\wwwroot\js\csp\Views_Execution_loan_case_document.js","19","$.ajax({"
"ajax","C:\Users\Asad Ali\Documents\GitHub\HTTPS-IAS-Production\AIS\wwwroot\js\csp\Views_Execution_manage_audit_paras.js","66","$.ajax({"
"ajax","C:\Users\Asad Ali\Documents\GitHub\HTTPS-IAS-Production\AIS\wwwroot\js\csp\Views_Execution_manage_audit_paras.js","103","$.ajax({"
"ajax","C:\Users\Asad Ali\Documents\GitHub\HTTPS-IAS-Production\AIS\wwwroot\js\csp\Views_Execution_manage_audit_paras.js","132","$.ajax({"
"ajax","C:\Users\Asad Ali\Documents\GitHub\HTTPS-IAS-Production\AIS\wwwroot\js\csp\Views_Execution_manage_audit_paras.js","170","$.ajax({"
"ajax","C:\Users\Asad Ali\Documents\GitHub\HTTPS-IAS-Production\AIS\wwwroot\js\csp\Views_Execution_manage_audit_paras.js","244","$.ajax({"
"ajax","C:\Users\Asad Ali\Documents\GitHub\HTTPS-IAS-Production\AIS\wwwroot\js\csp\Views_Execution_manage_audit_paras.js","277","$.ajax({"
"ajax","C:\Users\Asad Ali\Documents\GitHub\HTTPS-IAS-Production\AIS\wwwroot\js\csp\Views_Execution_manage_audit_paras_authorized.js","126","$.ajax({"
"ajax","C:\Users\Asad Ali\Documents\GitHub\HTTPS-IAS-Production\AIS\wwwroot\js\csp\Views_Execution_manage_audit_paras_authorized.js","169","$.ajax({"
"ajax","C:\Users\Asad Ali\Documents\GitHub\HTTPS-IAS-Production\AIS\wwwroot\js\csp\Views_Execution_manage_audit_paras_authorized.js","250","$.ajax({"
"ajax","C:\Users\Asad Ali\Documents\GitHub\HTTPS-IAS-Production\AIS\wwwroot\js\csp\Views_Execution_manage_audit_paras_authorized.js","280","$.ajax({"
"ajax","C:\Users\Asad Ali\Documents\GitHub\HTTPS-IAS-Production\AIS\wwwroot\js\csp\Views_Execution_manage_audit_paras_authorized.js","337","$.ajax({"
"ajax","C:\Users\Asad Ali\Documents\GitHub\HTTPS-IAS-Production\AIS\wwwroot\js\csp\Views_Execution_manage_audit_paras_authorized.js","386","$.ajax({"
"ajax","C:\Users\Asad Ali\Documents\GitHub\HTTPS-IAS-Production\AIS\wwwroot\js\csp\Views_Execution_manage_audit_paras_authorized.js","423","$.ajax({"
"ajax","C:\Users\Asad Ali\Documents\GitHub\HTTPS-IAS-Production\AIS\wwwroot\js\csp\Views_Execution_manage_audit_paras_authorized.js","536","$.ajax({"
"ajax","C:\Users\Asad Ali\Documents\GitHub\HTTPS-IAS-Production\AIS\wwwroot\js\csp\Views_Execution_manage_audit_paras_authorized.js","554","$.ajax({"
"ajax","C:\Users\Asad Ali\Documents\GitHub\HTTPS-IAS-Production\AIS\wwwroot\js\csp\Views_Execution_manage_draft_report_paras.js","21","$.ajax({"
"ajax","C:\Users\Asad Ali\Documents\GitHub\HTTPS-IAS-Production\AIS\wwwroot\js\csp\Views_Execution_manage_draft_report_paras.js","37","$.ajax({"
"ajax","C:\Users\Asad Ali\Documents\GitHub\HTTPS-IAS-Production\AIS\wwwroot\js\csp\Views_Execution_manage_draft_report_paras.js","55","$.ajax({"
"ajax","C:\Users\Asad Ali\Documents\GitHub\HTTPS-IAS-Production\AIS\wwwroot\js\csp\Views_Execution_manage_draft_report_paras.js","120","$.ajax({"
"ajax","C:\Users\Asad Ali\Documents\GitHub\HTTPS-IAS-Production\AIS\wwwroot\js\csp\Views_Execution_manage_draft_report_paras.js","159","$.ajax({"
"ajax","C:\Users\Asad Ali\Documents\GitHub\HTTPS-IAS-Production\AIS\wwwroot\js\csp\Views_Execution_manage_draft_report_paras.js","202","$.ajax({"
"ajax","C:\Users\Asad Ali\Documents\GitHub\HTTPS-IAS-Production\AIS\wwwroot\js\csp\Views_Execution_manage_draft_report_paras_branch.js","39","$.ajax({"
"ajax","C:\Users\Asad Ali\Documents\GitHub\HTTPS-IAS-Production\AIS\wwwroot\js\csp\Views_Execution_manage_draft_report_paras_branch.js","58","$.ajax({"
"ajax","C:\Users\Asad Ali\Documents\GitHub\HTTPS-IAS-Production\AIS\wwwroot\js\csp\Views_Execution_manage_draft_report_paras_branch.js","74","$.ajax({"
"ajax","C:\Users\Asad Ali\Documents\GitHub\HTTPS-IAS-Production\AIS\wwwroot\js\csp\Views_Execution_manage_draft_report_paras_branch.js","140","$.ajax({"
"ajax","C:\Users\Asad Ali\Documents\GitHub\HTTPS-IAS-Production\AIS\wwwroot\js\csp\Views_Execution_manage_draft_report_paras_branch.js","184","$.ajax({"
"ajax","C:\Users\Asad Ali\Documents\GitHub\HTTPS-IAS-Production\AIS\wwwroot\js\csp\Views_Execution_manage_draft_report_paras_branch.js","242","$.ajax({"
"ajax","C:\Users\Asad Ali\Documents\GitHub\HTTPS-IAS-Production\AIS\wwwroot\js\csp\Views_Execution_manage_dsa.js","45","$.ajax({"
"ajax","C:\Users\Asad Ali\Documents\GitHub\HTTPS-IAS-Production\AIS\wwwroot\js\csp\Views_Execution_manage_dsa.js","82","$.ajax({"
"ajax","C:\Users\Asad Ali\Documents\GitHub\HTTPS-IAS-Production\AIS\wwwroot\js\csp\Views_Execution_manage_dsa.js","111","$.ajax({"
"ajax","C:\Users\Asad Ali\Documents\GitHub\HTTPS-IAS-Production\AIS\wwwroot\js\csp\Views_Execution_manage_dsa.js","179","$.ajax({"
"ajax","C:\Users\Asad Ali\Documents\GitHub\HTTPS-IAS-Production\AIS\wwwroot\js\csp\Views_Execution_manage_dsa.js","216","$.ajax({"
"ajax","C:\Users\Asad Ali\Documents\GitHub\HTTPS-IAS-Production\AIS\wwwroot\js\csp\Views_Execution_manage_dsa.js","244","$.ajax({"
"ajax","C:\Users\Asad Ali\Documents\GitHub\HTTPS-IAS-Production\AIS\wwwroot\js\csp\Views_Execution_manage_dsa.js","280","$.ajax({"
"ajax","C:\Users\Asad Ali\Documents\GitHub\HTTPS-IAS-Production\AIS\wwwroot\js\csp\Views_Execution_manage_dsa.js","322","$.ajax({"
"ajax","C:\Users\Asad Ali\Documents\GitHub\HTTPS-IAS-Production\AIS\wwwroot\js\csp\Views_Execution_manage_dsa.js","368","$.ajax({"
"ajax","C:\Users\Asad Ali\Documents\GitHub\HTTPS-IAS-Production\AIS\wwwroot\js\csp\Views_Execution_manage_legacy_paras.js","27","$.ajax({"
"ajax","C:\Users\Asad Ali\Documents\GitHub\HTTPS-IAS-Production\AIS\wwwroot\js\csp\Views_Execution_manage_legacy_paras.js","84","$.ajax({"
"ajax","C:\Users\Asad Ali\Documents\GitHub\HTTPS-IAS-Production\AIS\wwwroot\js\csp\Views_Execution_manage_legacy_paras.js","128","$.ajax({"
"ajax","C:\Users\Asad Ali\Documents\GitHub\HTTPS-IAS-Production\AIS\wwwroot\js\csp\Views_Execution_manage_observations.js","28","$.ajax({"
"ajax","C:\Users\Asad Ali\Documents\GitHub\HTTPS-IAS-Production\AIS\wwwroot\js\csp\Views_Execution_manage_observations.js","107","$.ajax({"
"ajax","C:\Users\Asad Ali\Documents\GitHub\HTTPS-IAS-Production\AIS\wwwroot\js\csp\Views_Execution_manage_observations.js","182","$.ajax({"
"ajax","C:\Users\Asad Ali\Documents\GitHub\HTTPS-IAS-Production\AIS\wwwroot\js\csp\Views_Execution_manage_observations.js","210","$.ajax({"
"ajax","C:\Users\Asad Ali\Documents\GitHub\HTTPS-IAS-Production\AIS\wwwroot\js\csp\Views_Execution_manage_observations.js","233","$.ajax({"
"ajax","C:\Users\Asad Ali\Documents\GitHub\HTTPS-IAS-Production\AIS\wwwroot\js\csp\Views_Execution_manage_observations.js","253","$.ajax({"
"ajax","C:\Users\Asad Ali\Documents\GitHub\HTTPS-IAS-Production\AIS\wwwroot\js\csp\Views_Execution_manage_observations.js","282","$.ajax({"
"ajax","C:\Users\Asad Ali\Documents\GitHub\HTTPS-IAS-Production\AIS\wwwroot\js\csp\Views_Execution_manage_observations.js","303","$.ajax({"
"ajax","C:\Users\Asad Ali\Documents\GitHub\HTTPS-IAS-Production\AIS\wwwroot\js\csp\Views_Execution_manage_observations_branches.js","81","$.ajax({"
"ajax","C:\Users\Asad Ali\Documents\GitHub\HTTPS-IAS-Production\AIS\wwwroot\js\csp\Views_Execution_manage_observations_branches.js","143","$.ajax({"
"ajax","C:\Users\Asad Ali\Documents\GitHub\HTTPS-IAS-Production\AIS\wwwroot\js\csp\Views_Execution_manage_observations_branches.js","166","$.ajax({"
"ajax","C:\Users\Asad Ali\Documents\GitHub\HTTPS-IAS-Production\AIS\wwwroot\js\csp\Views_Execution_manage_observations_branches.js","226","$.ajax({"
"ajax","C:\Users\Asad Ali\Documents\GitHub\HTTPS-IAS-Production\AIS\wwwroot\js\csp\Views_Execution_manage_observations_branches.js","314","$.ajax({"
"ajax","C:\Users\Asad Ali\Documents\GitHub\HTTPS-IAS-Production\AIS\wwwroot\js\csp\Views_Execution_manage_observations_branches.js","361","$.ajax({"
"ajax","C:\Users\Asad Ali\Documents\GitHub\HTTPS-IAS-Production\AIS\wwwroot\js\csp\Views_Execution_manage_observations_branches.js","395","$.ajax({"
"ajax","C:\Users\Asad Ali\Documents\GitHub\HTTPS-IAS-Production\AIS\wwwroot\js\csp\Views_Execution_manage_observations_branches.js","436","$.ajax({"
"ajax","C:\Users\Asad Ali\Documents\GitHub\HTTPS-IAS-Production\AIS\wwwroot\js\csp\Views_Execution_manage_observations_branches.js","460","$.ajax({"
"ajax","C:\Users\Asad Ali\Documents\GitHub\HTTPS-IAS-Production\AIS\wwwroot\js\csp\Views_Execution_manage_observations_branches.js","483","$.ajax({"
"ajax","C:\Users\Asad Ali\Documents\GitHub\HTTPS-IAS-Production\AIS\wwwroot\js\csp\Views_Execution_manage_observations_branches.js","509","$.ajax({"
"ajax","C:\Users\Asad Ali\Documents\GitHub\HTTPS-IAS-Production\AIS\wwwroot\js\csp\Views_Execution_observation_export_pdf.js","21","$.ajax({"
"ajax","C:\Users\Asad Ali\Documents\GitHub\HTTPS-IAS-Production\AIS\wwwroot\js\csp\Views_Execution_obs_management.js","28","$.ajax({"
"ajax","C:\Users\Asad Ali\Documents\GitHub\HTTPS-IAS-Production\AIS\wwwroot\js\csp\Views_Execution_obs_management.js","57","$.ajax({"
"ajax","C:\Users\Asad Ali\Documents\GitHub\HTTPS-IAS-Production\AIS\wwwroot\js\csp\Views_Execution_obs_management.js","96","$.ajax({"
"ajax","C:\Users\Asad Ali\Documents\GitHub\HTTPS-IAS-Production\AIS\wwwroot\js\csp\Views_Execution_obs_management.js","167","$.ajax({"
"ajax","C:\Users\Asad Ali\Documents\GitHub\HTTPS-IAS-Production\AIS\wwwroot\js\csp\Views_Execution_obs_management.js","194","$.ajax({"
"ajax","C:\Users\Asad Ali\Documents\GitHub\HTTPS-IAS-Production\AIS\wwwroot\js\csp\Views_Execution_obs_management.js","217","$.ajax({"
"ajax","C:\Users\Asad Ali\Documents\GitHub\HTTPS-IAS-Production\AIS\wwwroot\js\csp\Views_Execution_obs_management.js","237","$.ajax({"
"ajax","C:\Users\Asad Ali\Documents\GitHub\HTTPS-IAS-Production\AIS\wwwroot\js\csp\Views_Execution_obs_management.js","257","$.ajax({"
"ajax","C:\Users\Asad Ali\Documents\GitHub\HTTPS-IAS-Production\AIS\wwwroot\js\csp\Views_Execution_pre_concluding_audit.js","73","$.ajax({"
"ajax","C:\Users\Asad Ali\Documents\GitHub\HTTPS-IAS-Production\AIS\wwwroot\js\csp\Views_Execution_pre_concluding_audit.js","142","$.ajax({"
"ajax","C:\Users\Asad Ali\Documents\GitHub\HTTPS-IAS-Production\AIS\wwwroot\js\csp\Views_Execution_pre_concluding_audit.js","187","$.ajax({"
"ajax","C:\Users\Asad Ali\Documents\GitHub\HTTPS-IAS-Production\AIS\wwwroot\js\csp\Views_Execution_pre_concluding_audit.js","216","$.ajax({"
"ajax","C:\Users\Asad Ali\Documents\GitHub\HTTPS-IAS-Production\AIS\wwwroot\js\csp\Views_Execution_pre_concluding_audit.js","261","$.ajax({"
"ajax","C:\Users\Asad Ali\Documents\GitHub\HTTPS-IAS-Production\AIS\wwwroot\js\csp\Views_Execution_pre_concluding_audit.js","312","$.ajax({"
"ajax","C:\Users\Asad Ali\Documents\GitHub\HTTPS-IAS-Production\AIS\wwwroot\js\csp\Views_Execution_pre_concluding_audit.js","387","$.ajax({"
"ajax","C:\Users\Asad Ali\Documents\GitHub\HTTPS-IAS-Production\AIS\wwwroot\js\csp\Views_Execution_pre_concluding_audit.js","436","$.ajax({"
"ajax","C:\Users\Asad Ali\Documents\GitHub\HTTPS-IAS-Production\AIS\wwwroot\js\csp\Views_Execution_pre_concluding_audit.js","468","$.ajax({"
"ajax","C:\Users\Asad Ali\Documents\GitHub\HTTPS-IAS-Production\AIS\wwwroot\js\csp\Views_Execution_pre_concluding_audit_ho.js","25","$.ajax({"
"ajax","C:\Users\Asad Ali\Documents\GitHub\HTTPS-IAS-Production\AIS\wwwroot\js\csp\Views_Execution_pre_concluding_audit_ho.js","93","$.ajax({"
"ajax","C:\Users\Asad Ali\Documents\GitHub\HTTPS-IAS-Production\AIS\wwwroot\js\csp\Views_Execution_pre_concluding_audit_ho.js","127","$.ajax({"
"ajax","C:\Users\Asad Ali\Documents\GitHub\HTTPS-IAS-Production\AIS\wwwroot\js\csp\Views_Execution_pre_concluding_audit_ho.js","151","$.ajax({"
"ajax","C:\Users\Asad Ali\Documents\GitHub\HTTPS-IAS-Production\AIS\wwwroot\js\csp\Views_Execution_pre_concluding_audit_ho.js","202","$.ajax({"
"ajax","C:\Users\Asad Ali\Documents\GitHub\HTTPS-IAS-Production\AIS\wwwroot\js\csp\Views_Execution_pre_concluding_audit_ho.js","274","$.ajax({"
"ajax","C:\Users\Asad Ali\Documents\GitHub\HTTPS-IAS-Production\AIS\wwwroot\js\csp\Views_Execution_pre_concluding_audit_ho.js","315","$.ajax({"
"ajax","C:\Users\Asad Ali\Documents\GitHub\HTTPS-IAS-Production\AIS\wwwroot\js\csp\Views_Execution_pre_concluding_audit_ho.js","347","$.ajax({"
"ajax","C:\Users\Asad Ali\Documents\GitHub\HTTPS-IAS-Production\AIS\wwwroot\js\csp\Views_Execution_Settled_Para.js","10","$.ajax({"
"ajax","C:\Users\Asad Ali\Documents\GitHub\HTTPS-IAS-Production\AIS\wwwroot\js\csp\Views_Execution_Settled_Para.js","53","$.ajax({"
"ajax","C:\Users\Asad Ali\Documents\GitHub\HTTPS-IAS-Production\AIS\wwwroot\js\csp\Views_Execution_subchecklist.js","12","$.ajax({"
"ajax","C:\Users\Asad Ali\Documents\GitHub\HTTPS-IAS-Production\AIS\wwwroot\js\csp\Views_Execution_Update_Gist_Para_No.js","26","$.ajax({"
"ajax","C:\Users\Asad Ali\Documents\GitHub\HTTPS-IAS-Production\AIS\wwwroot\js\csp\Views_Execution_Update_Gist_Para_No.js","52","$.ajax({"
"ajax","C:\Users\Asad Ali\Documents\GitHub\HTTPS-IAS-Production\AIS\wwwroot\js\csp\Views_Execution_Update_Gist_Para_No.js","101","$.ajax({"
"ajax","C:\Users\Asad Ali\Documents\GitHub\HTTPS-IAS-Production\AIS\wwwroot\js\csp\Views_Execution_Update_Gist_Para_No.js","124","$.ajax({"
"ajax","C:\Users\Asad Ali\Documents\GitHub\HTTPS-IAS-Production\AIS\wwwroot\js\csp\Views_Execution_Update_Legacy_Paras.js","37","$.ajax({"
"ajax","C:\Users\Asad Ali\Documents\GitHub\HTTPS-IAS-Production\AIS\wwwroot\js\csp\Views_Execution_Update_Legacy_Paras.js","70","$.ajax({"
"ajax","C:\Users\Asad Ali\Documents\GitHub\HTTPS-IAS-Production\AIS\wwwroot\js\csp\Views_Execution_Update_Legacy_Paras.js","94","$.ajax({"
"ajax","C:\Users\Asad Ali\Documents\GitHub\HTTPS-IAS-Production\AIS\wwwroot\js\csp\Views_Execution_Update_Legacy_Paras.js","143","$.ajax({"
"ajax","C:\Users\Asad Ali\Documents\GitHub\HTTPS-IAS-Production\AIS\wwwroot\js\csp\Views_Execution_Update_Legacy_Paras.js","194","$.ajax({"
"ajax","C:\Users\Asad Ali\Documents\GitHub\HTTPS-IAS-Production\AIS\wwwroot\js\csp\Views_Execution_Update_Legacy_Paras.js","248","$.ajax({"
"ajax","C:\Users\Asad Ali\Documents\GitHub\HTTPS-IAS-Production\AIS\wwwroot\js\csp\Views_Execution_Update_Legacy_Paras.js","276","$.ajax({"
"ajax","C:\Users\Asad Ali\Documents\GitHub\HTTPS-IAS-Production\AIS\wwwroot\js\csp\Views_Execution_Update_Legacy_Paras.js","302","$.ajax({"
"ajax","C:\Users\Asad Ali\Documents\GitHub\HTTPS-IAS-Production\AIS\wwwroot\js\csp\Views_Execution_Update_Legacy_Paras.js","370","$.ajax({"
"ajax","C:\Users\Asad Ali\Documents\GitHub\HTTPS-IAS-Production\AIS\wwwroot\js\csp\Views_Execution_Update_Legacy_Paras.js","399","$.ajax({"
"ajax","C:\Users\Asad Ali\Documents\GitHub\HTTPS-IAS-Production\AIS\wwwroot\js\csp\Views_Execution_Update_Legacy_Paras.js","442","$.ajax({"
"ajax","C:\Users\Asad Ali\Documents\GitHub\HTTPS-IAS-Production\AIS\wwwroot\js\csp\Views_Execution_Update_Legacy_Paras.js","471","$.ajax({"
"ajax","C:\Users\Asad Ali\Documents\GitHub\HTTPS-IAS-Production\AIS\wwwroot\js\csp\Views_Execution_Update_Legacy_Paras.js","530","$.ajax({"
"ajax","C:\Users\Asad Ali\Documents\GitHub\HTTPS-IAS-Production\AIS\wwwroot\js\csp\Views_Execution_Update_Legacy_Paras.js","582","$.ajax({"
"ajax","C:\Users\Asad Ali\Documents\GitHub\HTTPS-IAS-Production\AIS\wwwroot\js\csp\Views_Execution_Update_Legacy_Paras.js","689","$.ajax({"
"ajax","C:\Users\Asad Ali\Documents\GitHub\HTTPS-IAS-Production\AIS\wwwroot\js\csp\Views_Execution_Update_Legacy_Paras.js","779","$.ajax({"
"ajax","C:\Users\Asad Ali\Documents\GitHub\HTTPS-IAS-Production\AIS\wwwroot\js\csp\Views_Execution_Update_Legacy_Paras_FAD.js","67","$.ajax({"
"ajax","C:\Users\Asad Ali\Documents\GitHub\HTTPS-IAS-Production\AIS\wwwroot\js\csp\Views_Execution_Update_Legacy_Paras_FAD.js","112","$.ajax({"
"ajax","C:\Users\Asad Ali\Documents\GitHub\HTTPS-IAS-Production\AIS\wwwroot\js\csp\Views_Execution_Update_Legacy_Paras_FAD.js","175","$.ajax({"
"ajax","C:\Users\Asad Ali\Documents\GitHub\HTTPS-IAS-Production\AIS\wwwroot\js\csp\Views_Execution_Update_Legacy_Paras_FAD.js","202","$.ajax({"
"ajax","C:\Users\Asad Ali\Documents\GitHub\HTTPS-IAS-Production\AIS\wwwroot\js\csp\Views_Execution_Update_Legacy_Paras_FAD.js","248","$.ajax({"
"ajax","C:\Users\Asad Ali\Documents\GitHub\HTTPS-IAS-Production\AIS\wwwroot\js\csp\Views_Execution_Update_Legacy_Paras_FAD.js","277","$.ajax({"
"ajax","C:\Users\Asad Ali\Documents\GitHub\HTTPS-IAS-Production\AIS\wwwroot\js\csp\Views_Execution_Update_Legacy_Paras_FAD.js","313","$.ajax({"
"ajax","C:\Users\Asad Ali\Documents\GitHub\HTTPS-IAS-Production\AIS\wwwroot\js\csp\Views_Execution_Update_Legacy_Paras_FAD.js","389","$.ajax({"
"ajax","C:\Users\Asad Ali\Documents\GitHub\HTTPS-IAS-Production\AIS\wwwroot\js\csp\Views_Execution_Update_Legacy_Paras_FAD.js","460","$.ajax({"
"ajax","C:\Users\Asad Ali\Documents\GitHub\HTTPS-IAS-Production\AIS\wwwroot\js\csp\Views_Execution_Update_Legacy_Paras_FAD.js","477","$.ajax({"
"ajax","C:\Users\Asad Ali\Documents\GitHub\HTTPS-IAS-Production\AIS\wwwroot\js\csp\Views_Execution_Update_Legacy_Paras_HO.js","33","$.ajax({"
"ajax","C:\Users\Asad Ali\Documents\GitHub\HTTPS-IAS-Production\AIS\wwwroot\js\csp\Views_Execution_Update_Legacy_Paras_HO.js","55","$.ajax({"
"ajax","C:\Users\Asad Ali\Documents\GitHub\HTTPS-IAS-Production\AIS\wwwroot\js\csp\Views_Execution_Update_Legacy_Paras_HO.js","81","$.ajax({"
"ajax","C:\Users\Asad Ali\Documents\GitHub\HTTPS-IAS-Production\AIS\wwwroot\js\csp\Views_Execution_Update_Legacy_Paras_HO.js","130","$.ajax({"
"ajax","C:\Users\Asad Ali\Documents\GitHub\HTTPS-IAS-Production\AIS\wwwroot\js\csp\Views_Execution_Update_Legacy_Paras_HO.js","161","$.ajax({"
"ajax","C:\Users\Asad Ali\Documents\GitHub\HTTPS-IAS-Production\AIS\wwwroot\js\csp\Views_Execution_Update_Legacy_Paras_HO.js","264","$.ajax({"
"ajax","C:\Users\Asad Ali\Documents\GitHub\HTTPS-IAS-Production\AIS\wwwroot\js\csp\Views_Execution_Update_Legacy_Paras_HO.js","362","$.ajax({"
"ajax","C:\Users\Asad Ali\Documents\GitHub\HTTPS-IAS-Production\AIS\wwwroot\js\csp\Views_FAD_FAD_TASK_Fad_Desk_rpt.js","12","$.ajax({"
"ajax","C:\Users\Asad Ali\Documents\GitHub\HTTPS-IAS-Production\AIS\wwwroot\js\csp\Views_FAD_FAD_TASK_observation_review.js","16","$.ajax({"
"ajax","C:\Users\Asad Ali\Documents\GitHub\HTTPS-IAS-Production\AIS\wwwroot\js\csp\Views_FAD_FAD_TASK_observation_review.js","52","$.ajax({"
"ajax","C:\Users\Asad Ali\Documents\GitHub\HTTPS-IAS-Production\AIS\wwwroot\js\csp\Views_FAD_FAD_TASK_observation_review.js","80","$.ajax({"
"ajax","C:\Users\Asad Ali\Documents\GitHub\HTTPS-IAS-Production\AIS\wwwroot\js\csp\Views_FAD_FAD_TASK_observation_review.js","111","$.ajax({"
"ajax","C:\Users\Asad Ali\Documents\GitHub\HTTPS-IAS-Production\AIS\wwwroot\js\csp\Views_FAD_FAD_TASK_observation_review.js","142","$.ajax({"
"ajax","C:\Users\Asad Ali\Documents\GitHub\HTTPS-IAS-Production\AIS\wwwroot\js\csp\Views_FAD_FAD_TASK_observation_review.js","207","$.ajax({"
"ajax","C:\Users\Asad Ali\Documents\GitHub\HTTPS-IAS-Production\AIS\wwwroot\js\csp\Views_FAD_FAD_TASK_para_shifting.js","5","$.ajax({"
"ajax","C:\Users\Asad Ali\Documents\GitHub\HTTPS-IAS-Production\AIS\wwwroot\js\csp\Views_FAD_FAD_TASK_para_shifting.js","26","$.ajax({"
"ajax","C:\Users\Asad Ali\Documents\GitHub\HTTPS-IAS-Production\AIS\wwwroot\js\csp\Views_FAD_FAD_TASK_para_shifting.js","47","$.ajax({"
"ajax","C:\Users\Asad Ali\Documents\GitHub\HTTPS-IAS-Production\AIS\wwwroot\js\csp\Views_FAD_FAD_TASK_para_shifting.js","81","$.ajax({"
"ajax","C:\Users\Asad Ali\Documents\GitHub\HTTPS-IAS-Production\AIS\wwwroot\js\csp\Views_HM_dashboard.js","7","$.ajax({"
"ajax","C:\Users\Asad Ali\Documents\GitHub\HTTPS-IAS-Production\AIS\wwwroot\js\csp\Views_HM_ManageSbpPassword.js","36","'X-Requested-With': 'XMLHttpRequest'"
"ajax","C:\Users\Asad Ali\Documents\GitHub\HTTPS-IAS-Production\AIS\wwwroot\js\csp\Views_HM_old_paras_monitoring.js","7","$.ajax({"
"ajax","C:\Users\Asad Ali\Documents\GitHub\HTTPS-IAS-Production\AIS\wwwroot\js\csp\Views_HM_old_paras_monitoring.js","32","$.ajax({"
"ajax","C:\Users\Asad Ali\Documents\GitHub\HTTPS-IAS-Production\AIS\wwwroot\js\csp\Views_HM_old_paras_monitoring.js","56","$.ajax({"
"ajax","C:\Users\Asad Ali\Documents\GitHub\HTTPS-IAS-Production\AIS\wwwroot\js\csp\Views_HM_old_paras_monitoring_ppno.js","15","$.ajax({"
"ajax","C:\Users\Asad Ali\Documents\GitHub\HTTPS-IAS-Production\AIS\wwwroot\js\csp\Views_HM_old_paras_monitoring_ppno.js","53","$.ajax({"
"ajax","C:\Users\Asad Ali\Documents\GitHub\HTTPS-IAS-Production\AIS\wwwroot\js\csp\Views_HM_old_paras_monitoring_ppno.js","88","$.ajax({"
"ajax","C:\Users\Asad Ali\Documents\GitHub\HTTPS-IAS-Production\AIS\wwwroot\js\csp\Views_IAMS_old_para.js","21","$.ajax({"
"ajax","C:\Users\Asad Ali\Documents\GitHub\HTTPS-IAS-Production\AIS\wwwroot\js\csp\Views_IAMS_old_para.js","48","$.ajax({"
"ajax","C:\Users\Asad Ali\Documents\GitHub\HTTPS-IAS-Production\AIS\wwwroot\js\csp\Views_IAMS_old_para.js","75","$.ajax({"
"ajax","C:\Users\Asad Ali\Documents\GitHub\HTTPS-IAS-Production\AIS\wwwroot\js\csp\Views_IAMS_old_para.js","119","$.ajax({"
"ajax","C:\Users\Asad Ali\Documents\GitHub\HTTPS-IAS-Production\AIS\wwwroot\js\csp\Views_IAMS_paras.js","21","$.ajax({"
"ajax","C:\Users\Asad Ali\Documents\GitHub\HTTPS-IAS-Production\AIS\wwwroot\js\csp\Views_IAMS_paras.js","48","$.ajax({"
"ajax","C:\Users\Asad Ali\Documents\GitHub\HTTPS-IAS-Production\AIS\wwwroot\js\csp\Views_IAMS_paras.js","75","$.ajax({"
"ajax","C:\Users\Asad Ali\Documents\GitHub\HTTPS-IAS-Production\AIS\wwwroot\js\csp\Views_IAMS_paras.js","119","$.ajax({"
"ajax","C:\Users\Asad Ali\Documents\GitHub\HTTPS-IAS-Production\AIS\wwwroot\js\csp\Views_IID_Analysis.js","25","$.ajax({"
"ajax","C:\Users\Asad Ali\Documents\GitHub\HTTPS-IAS-Production\AIS\wwwroot\js\csp\Views_IID_Analysis.js","63","$.ajax({"
"ajax","C:\Users\Asad Ali\Documents\GitHub\HTTPS-IAS-Production\AIS\wwwroot\js\csp\Views_IID_Analysis.js","80","$.ajax({"
"ajax","C:\Users\Asad Ali\Documents\GitHub\HTTPS-IAS-Production\AIS\wwwroot\js\csp\Views_IID_Analysis.js","152","$.ajax({"
"ajax","C:\Users\Asad Ali\Documents\GitHub\HTTPS-IAS-Production\AIS\wwwroot\js\csp\Views_IID_CaseStudy.js","26","$.ajax({"
"ajax","C:\Users\Asad Ali\Documents\GitHub\HTTPS-IAS-Production\AIS\wwwroot\js\csp\Views_IID_CaseStudy.js","68","$.ajax({"
"ajax","C:\Users\Asad Ali\Documents\GitHub\HTTPS-IAS-Production\AIS\wwwroot\js\csp\Views_IID_FinalApproval.js","25","$.ajax({"
"ajax","C:\Users\Asad Ali\Documents\GitHub\HTTPS-IAS-Production\AIS\wwwroot\js\csp\Views_IID_FinalApproval.js","63","$.ajax({"
"ajax","C:\Users\Asad Ali\Documents\GitHub\HTTPS-IAS-Production\AIS\wwwroot\js\csp\Views_IID_FinalApproval.js","80","$.ajax({"
"ajax","C:\Users\Asad Ali\Documents\GitHub\HTTPS-IAS-Production\AIS\wwwroot\js\csp\Views_IID_FinalApproval.js","136","$.ajax({"
"ajax","C:\Users\Asad Ali\Documents\GitHub\HTTPS-IAS-Production\AIS\wwwroot\js\csp\Views_IID_HeadReview.js","36","$.ajax({"
"ajax","C:\Users\Asad Ali\Documents\GitHub\HTTPS-IAS-Production\AIS\wwwroot\js\csp\Views_IID_InitialAssessment.js","23","$.ajax({"
"ajax","C:\Users\Asad Ali\Documents\GitHub\HTTPS-IAS-Production\AIS\wwwroot\js\csp\Views_IID_InitialAssessment.js","83","$.ajax({"
"ajax","C:\Users\Asad Ali\Documents\GitHub\HTTPS-IAS-Production\AIS\wwwroot\js\csp\Views_IID_InquiryReport.js","1150","return $.ajax({ url: g_asiBaseURL + '/ApiCalls/FinalizeIidInquiryReport', method: 'POST', contentType: 'application/json; charset=utf-8', dataType: 'json', data: JSON.stringify({ complaintId: complaintId }) }).done(function(resp){"
"ajax","C:\Users\Asad Ali\Documents\GitHub\HTTPS-IAS-Production\AIS\wwwroot\js\csp\Views_IID_InvestigationPlan.js","28","$.ajax({"
"ajax","C:\Users\Asad Ali\Documents\GitHub\HTTPS-IAS-Production\AIS\wwwroot\js\csp\Views_IID_InvestigationPlan.js","57","$.ajax({"
"ajax","C:\Users\Asad Ali\Documents\GitHub\HTTPS-IAS-Production\AIS\wwwroot\js\csp\Views_IID_InvestigationPlan.js","124","$.ajax({"
"ajax","C:\Users\Asad Ali\Documents\GitHub\HTTPS-IAS-Production\AIS\wwwroot\js\csp\Views_IID_Reports.js","127","$.ajax({"
"ajax","C:\Users\Asad Ali\Documents\GitHub\HTTPS-IAS-Production\AIS\wwwroot\js\csp\Views_IID_SubmitComplaint.js","201","$.ajax({"
"ajax","C:\Users\Asad Ali\Documents\GitHub\HTTPS-IAS-Production\AIS\wwwroot\js\csp\Views_Planning_audit_criteria.js","73","$.ajax({"
"ajax","C:\Users\Asad Ali\Documents\GitHub\HTTPS-IAS-Production\AIS\wwwroot\js\csp\Views_Planning_audit_criteria.js","92","$.ajax({"
"ajax","C:\Users\Asad Ali\Documents\GitHub\HTTPS-IAS-Production\AIS\wwwroot\js\csp\Views_Planning_audit_criteria.js","135","$.ajax({"
"ajax","C:\Users\Asad Ali\Documents\GitHub\HTTPS-IAS-Production\AIS\wwwroot\js\csp\Views_Planning_audit_criteria.js","163","$.ajax({"
"ajax","C:\Users\Asad Ali\Documents\GitHub\HTTPS-IAS-Production\AIS\wwwroot\js\csp\Views_Planning_audit_criteria.js","197","$.ajax({"
"ajax","C:\Users\Asad Ali\Documents\GitHub\HTTPS-IAS-Production\AIS\wwwroot\js\csp\Views_Planning_audit_criteria.js","248","$.ajax({"
"ajax","C:\Users\Asad Ali\Documents\GitHub\HTTPS-IAS-Production\AIS\wwwroot\js\csp\Views_Planning_audit_criteria_approval.js","50","$.ajax({"
"ajax","C:\Users\Asad Ali\Documents\GitHub\HTTPS-IAS-Production\AIS\wwwroot\js\csp\Views_Planning_audit_criteria_approval.js","85","$.ajax({"
"ajax","C:\Users\Asad Ali\Documents\GitHub\HTTPS-IAS-Production\AIS\wwwroot\js\csp\Views_Planning_audit_period.js","6","$.ajax({"
"ajax","C:\Users\Asad Ali\Documents\GitHub\HTTPS-IAS-Production\AIS\wwwroot\js\csp\Views_Planning_audit_period.js","83","$.ajax({"
"ajax","C:\Users\Asad Ali\Documents\GitHub\HTTPS-IAS-Production\AIS\wwwroot\js\csp\Views_Planning_audit_period.js","108","$.ajax({"
"ajax","C:\Users\Asad Ali\Documents\GitHub\HTTPS-IAS-Production\AIS\wwwroot\js\csp\Views_Planning_audit_plan.js","10","$.ajax({"
"ajax","C:\Users\Asad Ali\Documents\GitHub\HTTPS-IAS-Production\AIS\wwwroot\js\csp\Views_Planning_post_changes_criteria.js","86","$.ajax({"
"ajax","C:\Users\Asad Ali\Documents\GitHub\HTTPS-IAS-Production\AIS\wwwroot\js\csp\Views_Planning_post_changes_criteria.js","104","$.ajax({"
"ajax","C:\Users\Asad Ali\Documents\GitHub\HTTPS-IAS-Production\AIS\wwwroot\js\csp\Views_Planning_refferedback_audit_criteria.js","79","$.ajax({"
"ajax","C:\Users\Asad Ali\Documents\GitHub\HTTPS-IAS-Production\AIS\wwwroot\js\csp\Views_Planning_special_assignment.js","42","$.ajax({"
"ajax","C:\Users\Asad Ali\Documents\GitHub\HTTPS-IAS-Production\AIS\wwwroot\js\csp\Views_Planning_special_assignment.js","60","$.ajax({"
"ajax","C:\Users\Asad Ali\Documents\GitHub\HTTPS-IAS-Production\AIS\wwwroot\js\csp\Views_Planning_special_assignment.js","91","$.ajax({"
"ajax","C:\Users\Asad Ali\Documents\GitHub\HTTPS-IAS-Production\AIS\wwwroot\js\csp\Views_Planning_special_assignment.js","120","$.ajax({"
"ajax","C:\Users\Asad Ali\Documents\GitHub\HTTPS-IAS-Production\AIS\wwwroot\js\csp\Views_Planning_special_assignment.js","262","$.ajax({"
"ajax","C:\Users\Asad Ali\Documents\GitHub\HTTPS-IAS-Production\AIS\wwwroot\js\csp\Views_Planning_special_assignment.js","292","$.ajax({"
"ajax","C:\Users\Asad Ali\Documents\GitHub\HTTPS-IAS-Production\AIS\wwwroot\js\csp\Views_Planning_special_audit_criteria.js","12","$.ajax({"
"ajax","C:\Users\Asad Ali\Documents\GitHub\HTTPS-IAS-Production\AIS\wwwroot\js\csp\Views_Planning_special_audit_criteria.js","34","$.ajax({"
"ajax","C:\Users\Asad Ali\Documents\GitHub\HTTPS-IAS-Production\AIS\wwwroot\js\csp\Views_Planning_special_audit_criteria.js","100","$.ajax({"
"ajax","C:\Users\Asad Ali\Documents\GitHub\HTTPS-IAS-Production\AIS\wwwroot\js\csp\Views_Planning_special_audit_criteria.js","156","$.ajax({"
"ajax","C:\Users\Asad Ali\Documents\GitHub\HTTPS-IAS-Production\AIS\wwwroot\js\csp\Views_Planning_special_audit_criteria.js","179","$.ajax({"
"ajax","C:\Users\Asad Ali\Documents\GitHub\HTTPS-IAS-Production\AIS\wwwroot\js\csp\Views_Planning_special_audit_criteria_approval.js","12","$.ajax({"
"ajax","C:\Users\Asad Ali\Documents\GitHub\HTTPS-IAS-Production\AIS\wwwroot\js\csp\Views_Planning_special_audit_criteria_approval.js","35","$.ajax({"
"ajax","C:\Users\Asad Ali\Documents\GitHub\HTTPS-IAS-Production\AIS\wwwroot\js\csp\Views_Planning_special_audit_criteria_approval.js","54","$.ajax({"
"ajax","C:\Users\Asad Ali\Documents\GitHub\HTTPS-IAS-Production\AIS\wwwroot\js\csp\Views_Planning_staff_position.js","34","$.ajax({"
"ajax","C:\Users\Asad Ali\Documents\GitHub\HTTPS-IAS-Production\AIS\wwwroot\js\csp\Views_Planning_team_members.js","84","$.ajax({"
"ajax","C:\Users\Asad Ali\Documents\GitHub\HTTPS-IAS-Production\AIS\wwwroot\js\csp\Views_Planning_team_members.js","101","$.ajax({"
"ajax","C:\Users\Asad Ali\Documents\GitHub\HTTPS-IAS-Production\AIS\wwwroot\js\csp\Views_Planning_tentative_audit_plan_ho_units.js","5","$.ajax({"
"ajax","C:\Users\Asad Ali\Documents\GitHub\HTTPS-IAS-Production\AIS\wwwroot\js\csp\Views_Planning_tentative_engagement_plan.js","14","$.ajax({"
"ajax","C:\Users\Asad Ali\Documents\GitHub\HTTPS-IAS-Production\AIS\wwwroot\js\csp\Views_Planning_tentative_engagement_plan.js","146","$.ajax({"
"ajax","C:\Users\Asad Ali\Documents\GitHub\HTTPS-IAS-Production\AIS\wwwroot\js\csp\Views_Planning_tentative_engagement_plan.js","242","$.ajax({"
"ajax","C:\Users\Asad Ali\Documents\GitHub\HTTPS-IAS-Production\AIS\wwwroot\js\csp\Views_Planning_tentative_engagement_plan.js","285","$.ajax({"
"ajax","C:\Users\Asad Ali\Documents\GitHub\HTTPS-IAS-Production\AIS\wwwroot\js\csp\Views_PostCompliance_cau_post_compliance_to_branches.js","10","$.ajax({"
"ajax","C:\Users\Asad Ali\Documents\GitHub\HTTPS-IAS-Production\AIS\wwwroot\js\csp\Views_PostCompliance_cau_post_compliance_to_branches.js","69","$.ajax({"
"ajax","C:\Users\Asad Ali\Documents\GitHub\HTTPS-IAS-Production\AIS\wwwroot\js\csp\Views_PostCompliance_cau_post_compliance_to_branches.js","91","$.ajax({"
"ajax","C:\Users\Asad Ali\Documents\GitHub\HTTPS-IAS-Production\AIS\wwwroot\js\csp\Views_PostCompliance_cau_post_compliance_to_branches.js","124","$.ajax({"
"ajax","C:\Users\Asad Ali\Documents\GitHub\HTTPS-IAS-Production\AIS\wwwroot\js\csp\Views_PostCompliance_cau_post_compliance_to_branches.js","160","$.ajax({"
"ajax","C:\Users\Asad Ali\Documents\GitHub\HTTPS-IAS-Production\AIS\wwwroot\js\csp\Views_PostCompliance_cau_post_compliance_to_branches_reply.js","69","const response = await $.ajax({"
"ajax","C:\Users\Asad Ali\Documents\GitHub\HTTPS-IAS-Production\AIS\wwwroot\js\csp\Views_PostCompliance_cau_post_compliance_to_branches_reply.js","92","$.ajax({"
"ajax","C:\Users\Asad Ali\Documents\GitHub\HTTPS-IAS-Production\AIS\wwwroot\js\csp\Views_PostCompliance_cau_post_compliance_to_branches_reply.js","120","$.ajax({"
"ajax","C:\Users\Asad Ali\Documents\GitHub\HTTPS-IAS-Production\AIS\wwwroot\js\csp\Views_PostCompliance_cau_post_compliance_to_branches_reply.js","135","$.ajax({"
"ajax","C:\Users\Asad Ali\Documents\GitHub\HTTPS-IAS-Production\AIS\wwwroot\js\csp\Views_PostCompliance_cau_post_compliance_to_branches_reply.js","205","$.ajax({"
"ajax","C:\Users\Asad Ali\Documents\GitHub\HTTPS-IAS-Production\AIS\wwwroot\js\csp\Views_PostCompliance_cau_post_compliance_to_branches_reply.js","289","$.ajax({"
"ajax","C:\Users\Asad Ali\Documents\GitHub\HTTPS-IAS-Production\AIS\wwwroot\js\csp\Views_PostCompliance_cau_post_compliance_to_branches_reply.js","313","$.ajax({"
"ajax","C:\Users\Asad Ali\Documents\GitHub\HTTPS-IAS-Production\AIS\wwwroot\js\csp\Views_PostCompliance_cau_post_compliance_to_branches_review.js","11","$.ajax({"
"ajax","C:\Users\Asad Ali\Documents\GitHub\HTTPS-IAS-Production\AIS\wwwroot\js\csp\Views_PostCompliance_cau_post_compliance_to_branches_review.js","42","$.ajax({"
"ajax","C:\Users\Asad Ali\Documents\GitHub\HTTPS-IAS-Production\AIS\wwwroot\js\csp\Views_PostCompliance_cau_post_compliance_to_branches_review.js","55","$.ajax({"
"ajax","C:\Users\Asad Ali\Documents\GitHub\HTTPS-IAS-Production\AIS\wwwroot\js\csp\Views_PostCompliance_cau_post_compliance_to_branches_review.js","175","$.ajax({"
"ajax","C:\Users\Asad Ali\Documents\GitHub\HTTPS-IAS-Production\AIS\wwwroot\js\csp\Views_PostCompliance_cau_post_compliance_to_branches_review.js","197","$.ajax({"
"ajax","C:\Users\Asad Ali\Documents\GitHub\HTTPS-IAS-Production\AIS\wwwroot\js\csp\Views_PostCompliance_cau_post_compliance_to_branches_review.js","230","$.ajax({"
"ajax","C:\Users\Asad Ali\Documents\GitHub\HTTPS-IAS-Production\AIS\wwwroot\js\csp\Views_PostCompliance_change_para_status.js","20","$.ajax({"
"ajax","C:\Users\Asad Ali\Documents\GitHub\HTTPS-IAS-Production\AIS\wwwroot\js\csp\Views_PostCompliance_change_para_status.js","41","$.ajax({"
"ajax","C:\Users\Asad Ali\Documents\GitHub\HTTPS-IAS-Production\AIS\wwwroot\js\csp\Views_PostCompliance_change_para_status.js","61","$.ajax({"
"ajax","C:\Users\Asad Ali\Documents\GitHub\HTTPS-IAS-Production\AIS\wwwroot\js\csp\Views_PostCompliance_change_para_status.js","93","$.ajax({"
"ajax","C:\Users\Asad Ali\Documents\GitHub\HTTPS-IAS-Production\AIS\wwwroot\js\csp\Views_PostCompliance_change_para_status.js","128","$.ajax({"
"ajax","C:\Users\Asad Ali\Documents\GitHub\HTTPS-IAS-Production\AIS\wwwroot\js\csp\Views_PostCompliance_change_para_status_authorize.js","14","$.ajax({"
"ajax","C:\Users\Asad Ali\Documents\GitHub\HTTPS-IAS-Production\AIS\wwwroot\js\csp\Views_PostCompliance_change_para_status_authorize.js","46","$.ajax({"
"ajax","C:\Users\Asad Ali\Documents\GitHub\HTTPS-IAS-Production\AIS\wwwroot\js\csp\Views_PostCompliance_change_status_new_Para.js","8","$.ajax({"
"ajax","C:\Users\Asad Ali\Documents\GitHub\HTTPS-IAS-Production\AIS\wwwroot\js\csp\Views_PostCompliance_change_status_new_Para.js","49","$.ajax({"
"ajax","C:\Users\Asad Ali\Documents\GitHub\HTTPS-IAS-Production\AIS\wwwroot\js\csp\Views_PostCompliance_change_status_new_Para_authorize.js","14","$.ajax({"
"ajax","C:\Users\Asad Ali\Documents\GitHub\HTTPS-IAS-Production\AIS\wwwroot\js\csp\Views_PostCompliance_change_status_new_Para_authorize.js","54","$.ajax({"
"ajax","C:\Users\Asad Ali\Documents\GitHub\HTTPS-IAS-Production\AIS\wwwroot\js\csp\Views_PostCompliance_change_status_new_Para_reviewer.js","14","$.ajax({"
"ajax","C:\Users\Asad Ali\Documents\GitHub\HTTPS-IAS-Production\AIS\wwwroot\js\csp\Views_PostCompliance_change_status_new_Para_reviewer.js","54","$.ajax({"
"ajax","C:\Users\Asad Ali\Documents\GitHub\HTTPS-IAS-Production\AIS\wwwroot\js\csp\Views_PostCompliance_monitoring_of_para_settlement.js","11","$.ajax({"
"ajax","C:\Users\Asad Ali\Documents\GitHub\HTTPS-IAS-Production\AIS\wwwroot\js\csp\Views_PostCompliance_monitoring_of_para_settlement.js","36","$.ajax({"
"ajax","C:\Users\Asad Ali\Documents\GitHub\HTTPS-IAS-Production\AIS\wwwroot\js\csp\Views_PostCompliance_monitoring_of_para_settlement.js","55","$.ajax({"
"ajax","C:\Users\Asad Ali\Documents\GitHub\HTTPS-IAS-Production\AIS\wwwroot\js\csp\Views_PostCompliance_monitoring_of_para_settlement.js","84","$.ajax({"
"ajax","C:\Users\Asad Ali\Documents\GitHub\HTTPS-IAS-Production\AIS\wwwroot\js\csp\Views_PostCompliance_monitoring_of_para_settlement.js","112","$.ajax({"
"ajax","C:\Users\Asad Ali\Documents\GitHub\HTTPS-IAS-Production\AIS\wwwroot\js\csp\Views_PostCompliance_post_compliance.js","77","const response = await $.ajax({"
"ajax","C:\Users\Asad Ali\Documents\GitHub\HTTPS-IAS-Production\AIS\wwwroot\js\csp\Views_PostCompliance_post_compliance.js","162","$.ajax({"
"ajax","C:\Users\Asad Ali\Documents\GitHub\HTTPS-IAS-Production\AIS\wwwroot\js\csp\Views_PostCompliance_post_compliance.js","189","$.ajax({"
"ajax","C:\Users\Asad Ali\Documents\GitHub\HTTPS-IAS-Production\AIS\wwwroot\js\csp\Views_PostCompliance_post_compliance.js","224","$.ajax({"
"ajax","C:\Users\Asad Ali\Documents\GitHub\HTTPS-IAS-Production\AIS\wwwroot\js\csp\Views_PostCompliance_post_compliance.js","270","$.ajax({"
"ajax","C:\Users\Asad Ali\Documents\GitHub\HTTPS-IAS-Production\AIS\wwwroot\js\csp\Views_PostCompliance_post_compliance.js","308","$.ajax({"
"ajax","C:\Users\Asad Ali\Documents\GitHub\HTTPS-IAS-Production\AIS\wwwroot\js\csp\Views_PostCompliance_post_compliance.js","357","$.ajax({"
"ajax","C:\Users\Asad Ali\Documents\GitHub\HTTPS-IAS-Production\AIS\wwwroot\js\csp\Views_PostCompliance_post_compliance.js","416","$.ajax({"
"ajax","C:\Users\Asad Ali\Documents\GitHub\HTTPS-IAS-Production\AIS\wwwroot\js\csp\Views_PostCompliance_post_compliance_ho_monitoring.js","131","$.ajax({"
"ajax","C:\Users\Asad Ali\Documents\GitHub\HTTPS-IAS-Production\AIS\wwwroot\js\csp\Views_PostCompliance_post_compliance_ho_monitoring.js","165","$.ajax({"
"ajax","C:\Users\Asad Ali\Documents\GitHub\HTTPS-IAS-Production\AIS\wwwroot\js\csp\Views_PostCompliance_post_compliance_ho_monitoring.js","196","$.ajax({"
"ajax","C:\Users\Asad Ali\Documents\GitHub\HTTPS-IAS-Production\AIS\wwwroot\js\csp\Views_PostCompliance_post_compliance_ho_monitoring.js","232","$.ajax({"
"ajax","C:\Users\Asad Ali\Documents\GitHub\HTTPS-IAS-Production\AIS\wwwroot\js\csp\Views_PostCompliance_post_compliance_ho_monitoring.js","292","$.ajax({"
"ajax","C:\Users\Asad Ali\Documents\GitHub\HTTPS-IAS-Production\AIS\wwwroot\js\csp\Views_PostCompliance_post_compliance_review.js","96","$.ajax({"
"ajax","C:\Users\Asad Ali\Documents\GitHub\HTTPS-IAS-Production\AIS\wwwroot\js\csp\Views_PostCompliance_post_compliance_review.js","190","$.ajax({"
"ajax","C:\Users\Asad Ali\Documents\GitHub\HTTPS-IAS-Production\AIS\wwwroot\js\csp\Views_PostCompliance_post_compliance_review.js","222","$.ajax({"
"ajax","C:\Users\Asad Ali\Documents\GitHub\HTTPS-IAS-Production\AIS\wwwroot\js\csp\Views_PostCompliance_post_compliance_review.js","260","$.ajax({"
"ajax","C:\Users\Asad Ali\Documents\GitHub\HTTPS-IAS-Production\AIS\wwwroot\js\csp\Views_PostCompliance_post_compliance_review.js","295","$.ajax({"
"ajax","C:\Users\Asad Ali\Documents\GitHub\HTTPS-IAS-Production\AIS\wwwroot\js\csp\Views_PostCompliance_post_compliance_review.js","338","$.ajax({"
"ajax","C:\Users\Asad Ali\Documents\GitHub\HTTPS-IAS-Production\AIS\wwwroot\js\csp\Views_PostCompliance_post_compliance_review.js","417","$.ajax({"
"ajax","C:\Users\Asad Ali\Documents\GitHub\HTTPS-IAS-Production\AIS\wwwroot\js\csp\Views_PostCompliance_post_compliance_review.js","476","$.ajax({"
"ajax","C:\Users\Asad Ali\Documents\GitHub\HTTPS-IAS-Production\AIS\wwwroot\js\csp\Views_Reports_aging_observations.js","46","$.ajax({"
"ajax","C:\Users\Asad Ali\Documents\GitHub\HTTPS-IAS-Production\AIS\wwwroot\js\csp\Views_Reports_aging_observations.js","64","$.ajax({"
"ajax","C:\Users\Asad Ali\Documents\GitHub\HTTPS-IAS-Production\AIS\wwwroot\js\csp\Views_Reports_aging_observations.js","95","$.ajax({"
"ajax","C:\Users\Asad Ali\Documents\GitHub\HTTPS-IAS-Production\AIS\wwwroot\js\csp\Views_Reports_aging_observations.js","123","$.ajax({"
"ajax","C:\Users\Asad Ali\Documents\GitHub\HTTPS-IAS-Production\AIS\wwwroot\js\csp\Views_Reports_aging_observations.js","214","$.ajax({"
"ajax","C:\Users\Asad Ali\Documents\GitHub\HTTPS-IAS-Production\AIS\wwwroot\js\csp\Views_Reports_aging_observations.js","244","$.ajax({"
"ajax","C:\Users\Asad Ali\Documents\GitHub\HTTPS-IAS-Production\AIS\wwwroot\js\csp\Views_Reports_analysis_of_settlement_paras.js","22","$.ajax({"
"ajax","C:\Users\Asad Ali\Documents\GitHub\HTTPS-IAS-Production\AIS\wwwroot\js\csp\Views_Reports_annexure_exercise_status.js","13","$.ajax({"
"ajax","C:\Users\Asad Ali\Documents\GitHub\HTTPS-IAS-Production\AIS\wwwroot\js\csp\Views_Reports_auditee_observations_report.js","67","$.ajax({"
"ajax","C:\Users\Asad Ali\Documents\GitHub\HTTPS-IAS-Production\AIS\wwwroot\js\csp\Views_Reports_auditee_observations_report.js","104","$.ajax({"
"ajax","C:\Users\Asad Ali\Documents\GitHub\HTTPS-IAS-Production\AIS\wwwroot\js\csp\Views_Reports_audit_para_recon.js","12","$.ajax({"
"ajax","C:\Users\Asad Ali\Documents\GitHub\HTTPS-IAS-Production\AIS\wwwroot\js\csp\Views_Reports_Audit_Period_Or_Entity_Wise_Report.js","45","$.ajax({"
"ajax","C:\Users\Asad Ali\Documents\GitHub\HTTPS-IAS-Production\AIS\wwwroot\js\csp\Views_Reports_Audit_Period_Or_Entity_Wise_Report.js","135","$.ajax({"
"ajax","C:\Users\Asad Ali\Documents\GitHub\HTTPS-IAS-Production\AIS\wwwroot\js\csp\Views_Reports_Audit_Period_Or_Entity_Wise_Report.js","162","$.ajax({"
"ajax","C:\Users\Asad Ali\Documents\GitHub\HTTPS-IAS-Production\AIS\wwwroot\js\csp\Views_Reports_Audit_Plan_Engagement.js","62","$.ajax({"
"ajax","C:\Users\Asad Ali\Documents\GitHub\HTTPS-IAS-Production\AIS\wwwroot\js\csp\Views_Reports_audit_typewise_report.js","42","$.ajax({"
"ajax","C:\Users\Asad Ali\Documents\GitHub\HTTPS-IAS-Production\AIS\wwwroot\js\csp\Views_Reports_audit_typewise_report.js","60","$.ajax({"
"ajax","C:\Users\Asad Ali\Documents\GitHub\HTTPS-IAS-Production\AIS\wwwroot\js\csp\Views_Reports_audit_typewise_report.js","91","$.ajax({"
"ajax","C:\Users\Asad Ali\Documents\GitHub\HTTPS-IAS-Production\AIS\wwwroot\js\csp\Views_Reports_audit_typewise_report.js","120","$.ajax({"
"ajax","C:\Users\Asad Ali\Documents\GitHub\HTTPS-IAS-Production\AIS\wwwroot\js\csp\Views_Reports_audit_typewise_report.js","212","$.ajax({"
"ajax","C:\Users\Asad Ali\Documents\GitHub\HTTPS-IAS-Production\AIS\wwwroot\js\csp\Views_Reports_audit_typewise_report.js","242","$.ajax({"
"ajax","C:\Users\Asad Ali\Documents\GitHub\HTTPS-IAS-Production\AIS\wwwroot\js\csp\Views_Reports_br_au_pos.js","42","$.ajax({"
"ajax","C:\Users\Asad Ali\Documents\GitHub\HTTPS-IAS-Production\AIS\wwwroot\js\csp\Views_Reports_br_au_pos.js","60","$.ajax({"
"ajax","C:\Users\Asad Ali\Documents\GitHub\HTTPS-IAS-Production\AIS\wwwroot\js\csp\Views_Reports_br_au_pos.js","91","$.ajax({"
"ajax","C:\Users\Asad Ali\Documents\GitHub\HTTPS-IAS-Production\AIS\wwwroot\js\csp\Views_Reports_br_au_pos.js","120","$.ajax({"
"ajax","C:\Users\Asad Ali\Documents\GitHub\HTTPS-IAS-Production\AIS\wwwroot\js\csp\Views_Reports_br_au_pos.js","212","$.ajax({"
"ajax","C:\Users\Asad Ali\Documents\GitHub\HTTPS-IAS-Production\AIS\wwwroot\js\csp\Views_Reports_br_au_pos.js","242","$.ajax({"
"ajax","C:\Users\Asad Ali\Documents\GitHub\HTTPS-IAS-Production\AIS\wwwroot\js\csp\Views_Reports_cad_isad_achievement.js","42","$.ajax({"
"ajax","C:\Users\Asad Ali\Documents\GitHub\HTTPS-IAS-Production\AIS\wwwroot\js\csp\Views_Reports_cad_isad_achievement.js","60","$.ajax({"
"ajax","C:\Users\Asad Ali\Documents\GitHub\HTTPS-IAS-Production\AIS\wwwroot\js\csp\Views_Reports_cad_isad_achievement.js","91","$.ajax({"
"ajax","C:\Users\Asad Ali\Documents\GitHub\HTTPS-IAS-Production\AIS\wwwroot\js\csp\Views_Reports_cad_isad_achievement.js","120","$.ajax({"
"ajax","C:\Users\Asad Ali\Documents\GitHub\HTTPS-IAS-Production\AIS\wwwroot\js\csp\Views_Reports_cad_isad_achievement.js","212","$.ajax({"
"ajax","C:\Users\Asad Ali\Documents\GitHub\HTTPS-IAS-Production\AIS\wwwroot\js\csp\Views_Reports_cad_isad_achievement.js","242","$.ajax({"
"ajax","C:\Users\Asad Ali\Documents\GitHub\HTTPS-IAS-Production\AIS\wwwroot\js\csp\Views_Reports_cnic_default_loan_report.js","17","$.ajax({"
"ajax","C:\Users\Asad Ali\Documents\GitHub\HTTPS-IAS-Production\AIS\wwwroot\js\csp\Views_Reports_cnic_loan_report.js","15","$.ajax({"
"ajax","C:\Users\Asad Ali\Documents\GitHub\HTTPS-IAS-Production\AIS\wwwroot\js\csp\Views_Reports_compliance_progress_report.js","15","$.ajax({"
"ajax","C:\Users\Asad Ali\Documents\GitHub\HTTPS-IAS-Production\AIS\wwwroot\js\csp\Views_Reports_compliance_progress_report.js","48","$.ajax({"
"ajax","C:\Users\Asad Ali\Documents\GitHub\HTTPS-IAS-Production\AIS\wwwroot\js\csp\Views_Reports_Concluding_Closing_Audit.js","32","$.ajax({"
"ajax","C:\Users\Asad Ali\Documents\GitHub\HTTPS-IAS-Production\AIS\wwwroot\js\csp\Views_Reports_Concluding_Closing_Audit.js","61","$.ajax({"
"ajax","C:\Users\Asad Ali\Documents\GitHub\HTTPS-IAS-Production\AIS\wwwroot\js\csp\Views_Reports_Concluding_Closing_Audit.js","113","$.ajax({"
"ajax","C:\Users\Asad Ali\Documents\GitHub\HTTPS-IAS-Production\AIS\wwwroot\js\csp\Views_Reports_Concluding_Closing_Audit.js","156","$.ajax({"
"ajax","C:\Users\Asad Ali\Documents\GitHub\HTTPS-IAS-Production\AIS\wwwroot\js\csp\Views_Reports_current_audit_progress.js","4","$.ajax({"
"ajax","C:\Users\Asad Ali\Documents\GitHub\HTTPS-IAS-Production\AIS\wwwroot\js\csp\Views_Reports_current_sessions.js","7","$.ajax({"
"ajax","C:\Users\Asad Ali\Documents\GitHub\HTTPS-IAS-Production\AIS\wwwroot\js\csp\Views_Reports_department_performance.js","50","$.ajax({"
"ajax","C:\Users\Asad Ali\Documents\GitHub\HTTPS-IAS-Production\AIS\wwwroot\js\csp\Views_Reports_department_performance.js","156","$.ajax({"
"ajax","C:\Users\Asad Ali\Documents\GitHub\HTTPS-IAS-Production\AIS\wwwroot\js\csp\Views_Reports_dept_wise_outstanding_paras.js","131","$.ajax({"
"ajax","C:\Users\Asad Ali\Documents\GitHub\HTTPS-IAS-Production\AIS\wwwroot\js\csp\Views_Reports_div_out_paras.js","42","$.ajax({"
"ajax","C:\Users\Asad Ali\Documents\GitHub\HTTPS-IAS-Production\AIS\wwwroot\js\csp\Views_Reports_div_out_paras.js","60","$.ajax({"
"ajax","C:\Users\Asad Ali\Documents\GitHub\HTTPS-IAS-Production\AIS\wwwroot\js\csp\Views_Reports_div_out_paras.js","91","$.ajax({"
"ajax","C:\Users\Asad Ali\Documents\GitHub\HTTPS-IAS-Production\AIS\wwwroot\js\csp\Views_Reports_div_out_paras.js","120","$.ajax({"
"ajax","C:\Users\Asad Ali\Documents\GitHub\HTTPS-IAS-Production\AIS\wwwroot\js\csp\Views_Reports_div_out_paras.js","212","$.ajax({"
"ajax","C:\Users\Asad Ali\Documents\GitHub\HTTPS-IAS-Production\AIS\wwwroot\js\csp\Views_Reports_div_out_paras.js","242","$.ajax({"
"ajax","C:\Users\Asad Ali\Documents\GitHub\HTTPS-IAS-Production\AIS\wwwroot\js\csp\Views_Reports_div_seg_paras.js","42","$.ajax({"
"ajax","C:\Users\Asad Ali\Documents\GitHub\HTTPS-IAS-Production\AIS\wwwroot\js\csp\Views_Reports_div_seg_paras.js","60","$.ajax({"
"ajax","C:\Users\Asad Ali\Documents\GitHub\HTTPS-IAS-Production\AIS\wwwroot\js\csp\Views_Reports_div_seg_paras.js","91","$.ajax({"
"ajax","C:\Users\Asad Ali\Documents\GitHub\HTTPS-IAS-Production\AIS\wwwroot\js\csp\Views_Reports_div_seg_paras.js","120","$.ajax({"
"ajax","C:\Users\Asad Ali\Documents\GitHub\HTTPS-IAS-Production\AIS\wwwroot\js\csp\Views_Reports_div_seg_paras.js","212","$.ajax({"
"ajax","C:\Users\Asad Ali\Documents\GitHub\HTTPS-IAS-Production\AIS\wwwroot\js\csp\Views_Reports_div_seg_paras.js","242","$.ajax({"
"ajax","C:\Users\Asad Ali\Documents\GitHub\HTTPS-IAS-Production\AIS\wwwroot\js\csp\Views_Reports_emp_info.js","42","$.ajax({"
"ajax","C:\Users\Asad Ali\Documents\GitHub\HTTPS-IAS-Production\AIS\wwwroot\js\csp\Views_Reports_emp_info.js","60","$.ajax({"
"ajax","C:\Users\Asad Ali\Documents\GitHub\HTTPS-IAS-Production\AIS\wwwroot\js\csp\Views_Reports_emp_info.js","91","$.ajax({"
"ajax","C:\Users\Asad Ali\Documents\GitHub\HTTPS-IAS-Production\AIS\wwwroot\js\csp\Views_Reports_emp_info.js","120","$.ajax({"
"ajax","C:\Users\Asad Ali\Documents\GitHub\HTTPS-IAS-Production\AIS\wwwroot\js\csp\Views_Reports_emp_info.js","212","$.ajax({"
"ajax","C:\Users\Asad Ali\Documents\GitHub\HTTPS-IAS-Production\AIS\wwwroot\js\csp\Views_Reports_emp_info.js","242","$.ajax({"
"ajax","C:\Users\Asad Ali\Documents\GitHub\HTTPS-IAS-Production\AIS\wwwroot\js\csp\Views_Reports_eng_plan_delay_analysis_report.js","7","$.ajax({"
"ajax","C:\Users\Asad Ali\Documents\GitHub\HTTPS-IAS-Production\AIS\wwwroot\js\csp\Views_Reports_exec_stats.js","42","$.ajax({"
"ajax","C:\Users\Asad Ali\Documents\GitHub\HTTPS-IAS-Production\AIS\wwwroot\js\csp\Views_Reports_exec_stats.js","60","$.ajax({"
"ajax","C:\Users\Asad Ali\Documents\GitHub\HTTPS-IAS-Production\AIS\wwwroot\js\csp\Views_Reports_exec_stats.js","91","$.ajax({"
"ajax","C:\Users\Asad Ali\Documents\GitHub\HTTPS-IAS-Production\AIS\wwwroot\js\csp\Views_Reports_exec_stats.js","120","$.ajax({"
"ajax","C:\Users\Asad Ali\Documents\GitHub\HTTPS-IAS-Production\AIS\wwwroot\js\csp\Views_Reports_exec_stats.js","212","$.ajax({"
"ajax","C:\Users\Asad Ali\Documents\GitHub\HTTPS-IAS-Production\AIS\wwwroot\js\csp\Views_Reports_exec_stats.js","242","$.ajax({"
"ajax","C:\Users\Asad Ali\Documents\GitHub\HTTPS-IAS-Production\AIS\wwwroot\js\csp\Views_Reports_FAD_Audit_Plan.js","36","$.ajax({"
"ajax","C:\Users\Asad Ali\Documents\GitHub\HTTPS-IAS-Production\AIS\wwwroot\js\csp\Views_Reports_FAD_HO_User_Legacy_Para_Performance.js","16","$.ajax({"
"ajax","C:\Users\Asad Ali\Documents\GitHub\HTTPS-IAS-Production\AIS\wwwroot\js\csp\Views_Reports_FAD_Legacy_User_Wise_Performance - Copy.js","16","$.ajax({"
"ajax","C:\Users\Asad Ali\Documents\GitHub\HTTPS-IAS-Production\AIS\wwwroot\js\csp\Views_Reports_FAD_Legacy_Zone_Wise_Performance.js","15","$.ajax({"
"ajax","C:\Users\Asad Ali\Documents\GitHub\HTTPS-IAS-Production\AIS\wwwroot\js\csp\Views_Reports_FAD_Monthly_Review.js","60","$.ajax({"
"ajax","C:\Users\Asad Ali\Documents\GitHub\HTTPS-IAS-Production\AIS\wwwroot\js\csp\Views_Reports_FAD_New_Old_Para_Performance.js","13","$.ajax({"
"ajax","C:\Users\Asad Ali\Documents\GitHub\HTTPS-IAS-Production\AIS\wwwroot\js\csp\Views_Reports_fad_para_res.js","12","$.ajax({"
"ajax","C:\Users\Asad Ali\Documents\GitHub\HTTPS-IAS-Production\AIS\wwwroot\js\csp\Views_Reports_fad_para_res.js","36","$.ajax({"
"ajax","C:\Users\Asad Ali\Documents\GitHub\HTTPS-IAS-Production\AIS\wwwroot\js\csp\Views_Reports_fad_para_res.js","56","$.ajax({"
"ajax","C:\Users\Asad Ali\Documents\GitHub\HTTPS-IAS-Production\AIS\wwwroot\js\csp\Views_Reports_fad_para_res.js","104","$.ajax({"
"ajax","C:\Users\Asad Ali\Documents\GitHub\HTTPS-IAS-Production\AIS\wwwroot\js\csp\Views_Reports_FAD_Process_Function_Wise_Analysis.js","13","$.ajax({"
"ajax","C:\Users\Asad Ali\Documents\GitHub\HTTPS-IAS-Production\AIS\wwwroot\js\csp\Views_Reports_final_audit_report.js","7","$.ajax({"
"ajax","C:\Users\Asad Ali\Documents\GitHub\HTTPS-IAS-Production\AIS\wwwroot\js\csp\Views_Reports_final_audit_report.js","45","$.ajax({"
"ajax","C:\Users\Asad Ali\Documents\GitHub\HTTPS-IAS-Production\AIS\wwwroot\js\csp\Views_Reports_gist_wise_report.js","5","$.ajax({"
"ajax","C:\Users\Asad Ali\Documents\GitHub\HTTPS-IAS-Production\AIS\wwwroot\js\csp\Views_Reports_glhead_details.js","5","$.ajax({"
"ajax","C:\Users\Asad Ali\Documents\GitHub\HTTPS-IAS-Production\AIS\wwwroot\js\csp\Views_Reports_glhead_transaction_details.js","5","$.ajax({"
"ajax","C:\Users\Asad Ali\Documents\GitHub\HTTPS-IAS-Production\AIS\wwwroot\js\csp\Views_Reports_group_wise_pages.js","19","$.ajax({"
"ajax","C:\Users\Asad Ali\Documents\GitHub\HTTPS-IAS-Production\AIS\wwwroot\js\csp\Views_Reports_group_wise_users_count.js","20","$.ajax({"
"ajax","C:\Users\Asad Ali\Documents\GitHub\HTTPS-IAS-Production\AIS\wwwroot\js\csp\Views_Reports_ho_total_paras_details.js","7","$.ajax({"
"ajax","C:\Users\Asad Ali\Documents\GitHub\HTTPS-IAS-Production\AIS\wwwroot\js\csp\Views_Reports_ho_total_paras_details.js","32","$.ajax({"
"ajax","C:\Users\Asad Ali\Documents\GitHub\HTTPS-IAS-Production\AIS\wwwroot\js\csp\Views_Reports_income_expenditure.js","24","$.ajax({"
"ajax","C:\Users\Asad Ali\Documents\GitHub\HTTPS-IAS-Production\AIS\wwwroot\js\csp\Views_Reports_join_comp_report.js","8","$.ajax({"
"ajax","C:\Users\Asad Ali\Documents\GitHub\HTTPS-IAS-Production\AIS\wwwroot\js\csp\Views_Reports_loan_report.js","19","$.ajax({"
"ajax","C:\Users\Asad Ali\Documents\GitHub\HTTPS-IAS-Production\AIS\wwwroot\js\csp\Views_Reports_loan_report.js","46","$.ajax({"
"ajax","C:\Users\Asad Ali\Documents\GitHub\HTTPS-IAS-Production\AIS\wwwroot\js\csp\Views_Reports_management_au_report_zonewise.js","42","$.ajax({"
"ajax","C:\Users\Asad Ali\Documents\GitHub\HTTPS-IAS-Production\AIS\wwwroot\js\csp\Views_Reports_management_au_report_zonewise.js","60","$.ajax({"
"ajax","C:\Users\Asad Ali\Documents\GitHub\HTTPS-IAS-Production\AIS\wwwroot\js\csp\Views_Reports_management_au_report_zonewise.js","91","$.ajax({"
"ajax","C:\Users\Asad Ali\Documents\GitHub\HTTPS-IAS-Production\AIS\wwwroot\js\csp\Views_Reports_management_au_report_zonewise.js","120","$.ajax({"
"ajax","C:\Users\Asad Ali\Documents\GitHub\HTTPS-IAS-Production\AIS\wwwroot\js\csp\Views_Reports_management_au_report_zonewise.js","212","$.ajax({"
"ajax","C:\Users\Asad Ali\Documents\GitHub\HTTPS-IAS-Production\AIS\wwwroot\js\csp\Views_Reports_management_au_report_zonewise.js","242","$.ajax({"
"ajax","C:\Users\Asad Ali\Documents\GitHub\HTTPS-IAS-Production\AIS\wwwroot\js\csp\Views_Reports_master_cdms_trns.js","3","$.ajax({"
"ajax","C:\Users\Asad Ali\Documents\GitHub\HTTPS-IAS-Production\AIS\wwwroot\js\csp\Views_Reports_monthwise_settlement_paras.js","42","$.ajax({"
"ajax","C:\Users\Asad Ali\Documents\GitHub\HTTPS-IAS-Production\AIS\wwwroot\js\csp\Views_Reports_monthwise_settlement_paras.js","60","$.ajax({"
"ajax","C:\Users\Asad Ali\Documents\GitHub\HTTPS-IAS-Production\AIS\wwwroot\js\csp\Views_Reports_monthwise_settlement_paras.js","91","$.ajax({"
"ajax","C:\Users\Asad Ali\Documents\GitHub\HTTPS-IAS-Production\AIS\wwwroot\js\csp\Views_Reports_monthwise_settlement_paras.js","120","$.ajax({"
"ajax","C:\Users\Asad Ali\Documents\GitHub\HTTPS-IAS-Production\AIS\wwwroot\js\csp\Views_Reports_monthwise_settlement_paras.js","212","$.ajax({"
"ajax","C:\Users\Asad Ali\Documents\GitHub\HTTPS-IAS-Production\AIS\wwwroot\js\csp\Views_Reports_monthwise_settlement_paras.js","242","$.ajax({"
"ajax","C:\Users\Asad Ali\Documents\GitHub\HTTPS-IAS-Production\AIS\wwwroot\js\csp\Views_Reports_paras_compliance_summary_report.js","12","$.ajax({"
"ajax","C:\Users\Asad Ali\Documents\GitHub\HTTPS-IAS-Production\AIS\wwwroot\js\csp\Views_Reports_para_position.js","14","$.ajax({"
"ajax","C:\Users\Asad Ali\Documents\GitHub\HTTPS-IAS-Production\AIS\wwwroot\js\csp\Views_Reports_post_compliance_settlement_report.js","12","$.ajax({"
"ajax","C:\Users\Asad Ali\Documents\GitHub\HTTPS-IAS-Production\AIS\wwwroot\js\csp\Views_Reports_riskwise_observations.js","42","$.ajax({"
"ajax","C:\Users\Asad Ali\Documents\GitHub\HTTPS-IAS-Production\AIS\wwwroot\js\csp\Views_Reports_riskwise_observations.js","60","$.ajax({"
"ajax","C:\Users\Asad Ali\Documents\GitHub\HTTPS-IAS-Production\AIS\wwwroot\js\csp\Views_Reports_riskwise_observations.js","91","$.ajax({"
"ajax","C:\Users\Asad Ali\Documents\GitHub\HTTPS-IAS-Production\AIS\wwwroot\js\csp\Views_Reports_riskwise_observations.js","120","$.ajax({"
"ajax","C:\Users\Asad Ali\Documents\GitHub\HTTPS-IAS-Production\AIS\wwwroot\js\csp\Views_Reports_riskwise_observations.js","212","$.ajax({"
"ajax","C:\Users\Asad Ali\Documents\GitHub\HTTPS-IAS-Production\AIS\wwwroot\js\csp\Views_Reports_riskwise_observations.js","242","$.ajax({"
"ajax","C:\Users\Asad Ali\Documents\GitHub\HTTPS-IAS-Production\AIS\wwwroot\js\csp\Views_Reports_role_activity_logs.js","3","$.ajax({"
"ajax","C:\Users\Asad Ali\Documents\GitHub\HTTPS-IAS-Production\AIS\wwwroot\js\csp\Views_Reports_role_wise_user.js","42","$.ajax({"
"ajax","C:\Users\Asad Ali\Documents\GitHub\HTTPS-IAS-Production\AIS\wwwroot\js\csp\Views_Reports_role_wise_user.js","60","$.ajax({"
"ajax","C:\Users\Asad Ali\Documents\GitHub\HTTPS-IAS-Production\AIS\wwwroot\js\csp\Views_Reports_role_wise_user.js","91","$.ajax({"
"ajax","C:\Users\Asad Ali\Documents\GitHub\HTTPS-IAS-Production\AIS\wwwroot\js\csp\Views_Reports_role_wise_user.js","120","$.ajax({"
"ajax","C:\Users\Asad Ali\Documents\GitHub\HTTPS-IAS-Production\AIS\wwwroot\js\csp\Views_Reports_role_wise_user.js","212","$.ajax({"
"ajax","C:\Users\Asad Ali\Documents\GitHub\HTTPS-IAS-Production\AIS\wwwroot\js\csp\Views_Reports_role_wise_user.js","242","$.ajax({"
"ajax","C:\Users\Asad Ali\Documents\GitHub\HTTPS-IAS-Production\AIS\wwwroot\js\csp\Views_Reports_search_para_text_report.js","7","$.ajax({"
"ajax","C:\Users\Asad Ali\Documents\GitHub\HTTPS-IAS-Production\AIS\wwwroot\js\csp\Views_Reports_settled_paras_report.js","20","$.ajax({"
"ajax","C:\Users\Asad Ali\Documents\GitHub\HTTPS-IAS-Production\AIS\wwwroot\js\csp\Views_Reports_settlement_old_paras.js","42","$.ajax({"
"ajax","C:\Users\Asad Ali\Documents\GitHub\HTTPS-IAS-Production\AIS\wwwroot\js\csp\Views_Reports_settlement_old_paras.js","60","$.ajax({"
"ajax","C:\Users\Asad Ali\Documents\GitHub\HTTPS-IAS-Production\AIS\wwwroot\js\csp\Views_Reports_settlement_old_paras.js","91","$.ajax({"
"ajax","C:\Users\Asad Ali\Documents\GitHub\HTTPS-IAS-Production\AIS\wwwroot\js\csp\Views_Reports_settlement_old_paras.js","120","$.ajax({"
"ajax","C:\Users\Asad Ali\Documents\GitHub\HTTPS-IAS-Production\AIS\wwwroot\js\csp\Views_Reports_settlement_old_paras.js","212","$.ajax({"
"ajax","C:\Users\Asad Ali\Documents\GitHub\HTTPS-IAS-Production\AIS\wwwroot\js\csp\Views_Reports_settlement_old_paras.js","242","$.ajax({"
"ajax","C:\Users\Asad Ali\Documents\GitHub\HTTPS-IAS-Production\AIS\wwwroot\js\csp\Views_Reports_significant_observations_management_audit.js","46","$.ajax({"
"ajax","C:\Users\Asad Ali\Documents\GitHub\HTTPS-IAS-Production\AIS\wwwroot\js\csp\Views_Reports_significant_observations_management_audit.js","64","$.ajax({"
"ajax","C:\Users\Asad Ali\Documents\GitHub\HTTPS-IAS-Production\AIS\wwwroot\js\csp\Views_Reports_significant_observations_management_audit.js","95","$.ajax({"
"ajax","C:\Users\Asad Ali\Documents\GitHub\HTTPS-IAS-Production\AIS\wwwroot\js\csp\Views_Reports_significant_observations_management_audit.js","124","$.ajax({"
"ajax","C:\Users\Asad Ali\Documents\GitHub\HTTPS-IAS-Production\AIS\wwwroot\js\csp\Views_Reports_significant_observations_management_audit.js","216","$.ajax({"
"ajax","C:\Users\Asad Ali\Documents\GitHub\HTTPS-IAS-Production\AIS\wwwroot\js\csp\Views_Reports_significant_observations_management_audit.js","246","$.ajax({"
"ajax","C:\Users\Asad Ali\Documents\GitHub\HTTPS-IAS-Production\AIS\wwwroot\js\csp\Views_Reports_status_wise_compliance.js","8","$.ajax({"
"ajax","C:\Users\Asad Ali\Documents\GitHub\HTTPS-IAS-Production\AIS\wwwroot\js\csp\Views_Reports_status_wise_compliance.js","45","$.ajax({"
"ajax","C:\Users\Asad Ali\Documents\GitHub\HTTPS-IAS-Production\AIS\wwwroot\js\csp\Views_Reports_status_wise_compliance.js","107","$.ajax({"
"ajax","C:\Users\Asad Ali\Documents\GitHub\HTTPS-IAS-Production\AIS\wwwroot\js\csp\Views_Reports_user_activity_graph.js","11","$.ajax({"
"ajax","C:\Users\Asad Ali\Documents\GitHub\HTTPS-IAS-Production\AIS\wwwroot\js\csp\Views_Reports_user_activity_graph.js","75","$.ajax({"
"ajax","C:\Users\Asad Ali\Documents\GitHub\HTTPS-IAS-Production\AIS\wwwroot\js\csp\Views_Reports_user_activity_logs.js","13","$.ajax({"
"ajax","C:\Users\Asad Ali\Documents\GitHub\HTTPS-IAS-Production\AIS\wwwroot\js\csp\Views_Reports_year_wise_all_paras_details.js","11","$.ajax({"
"ajax","C:\Users\Asad Ali\Documents\GitHub\HTTPS-IAS-Production\AIS\wwwroot\js\csp\Views_Reports_year_wise_outstanding_paras.js","6","$.ajax({"
"ajax","C:\Users\Asad Ali\Documents\GitHub\HTTPS-IAS-Production\AIS\wwwroot\js\csp\Views_Reports_year_wise_outstanding_paras.js","39","$.ajax({"
"ajax","C:\Users\Asad Ali\Documents\GitHub\HTTPS-IAS-Production\AIS\wwwroot\js\csp\Views_Reports_year_wise_outstanding_paras.js","65","$.ajax({"
"ajax","C:\Users\Asad Ali\Documents\GitHub\HTTPS-IAS-Production\AIS\wwwroot\js\csp\Views_Reports_year_wise_outstanding_paras.js","105","$.ajax({"
"ajax","C:\Users\Asad Ali\Documents\GitHub\HTTPS-IAS-Production\AIS\wwwroot\js\csp\Views_Reports_year_wise_outstanding_paras.js","130","$.ajax({"
"ajax","C:\Users\Asad Ali\Documents\GitHub\HTTPS-IAS-Production\AIS\wwwroot\js\csp\Views_Reports_zonewise_settlement_paras.js","42","$.ajax({"
"ajax","C:\Users\Asad Ali\Documents\GitHub\HTTPS-IAS-Production\AIS\wwwroot\js\csp\Views_Reports_zonewise_settlement_paras.js","60","$.ajax({"
"ajax","C:\Users\Asad Ali\Documents\GitHub\HTTPS-IAS-Production\AIS\wwwroot\js\csp\Views_Reports_zonewise_settlement_paras.js","91","$.ajax({"
"ajax","C:\Users\Asad Ali\Documents\GitHub\HTTPS-IAS-Production\AIS\wwwroot\js\csp\Views_Reports_zonewise_settlement_paras.js","120","$.ajax({"
"ajax","C:\Users\Asad Ali\Documents\GitHub\HTTPS-IAS-Production\AIS\wwwroot\js\csp\Views_Reports_zonewise_settlement_paras.js","212","$.ajax({"
"ajax","C:\Users\Asad Ali\Documents\GitHub\HTTPS-IAS-Production\AIS\wwwroot\js\csp\Views_Reports_zonewise_settlement_paras.js","242","$.ajax({"
"ajax","C:\Users\Asad Ali\Documents\GitHub\HTTPS-IAS-Production\AIS\wwwroot\js\csp\Views_Reports_zone_branch_wise_para_position_report.js","6","$.ajax({"
"ajax","C:\Users\Asad Ali\Documents\GitHub\HTTPS-IAS-Production\AIS\wwwroot\js\csp\Views_Reports_zone_branch_wise_para_position_report.js","50","$.ajax({"
"ajax","C:\Users\Asad Ali\Documents\GitHub\HTTPS-IAS-Production\AIS\wwwroot\js\csp\Views_Reports_zone_branch_wise_para_position_report.js","72","$.ajax({"
"ajax","C:\Users\Asad Ali\Documents\GitHub\HTTPS-IAS-Production\AIS\wwwroot\js\csp\Views_RiskAssessment_inherited_risk_branches.js","4","$.ajax({"
"ajax","C:\Users\Asad Ali\Documents\GitHub\HTTPS-IAS-Production\AIS\wwwroot\js\csp\Views_RiskAssessment_inherited_risk_dept.js","4","$.ajax({"
"ajax","C:\Users\Asad Ali\Documents\GitHub\HTTPS-IAS-Production\AIS\wwwroot\js\csp\Views_RiskAssessment_risk_assessment_divisions.js","5","$.ajax({"
"ajax","C:\Users\Asad Ali\Documents\GitHub\HTTPS-IAS-Production\AIS\wwwroot\js\csp\Views_RiskAssessment_risk_assessment_entities.js","6","$.ajax({"
"ajax","C:\Users\Asad Ali\Documents\GitHub\HTTPS-IAS-Production\AIS\wwwroot\js\csp\Views_RiskAssessment_risk_assessment_entities.js","43","$.ajax({"
"ajax","C:\Users\Asad Ali\Documents\GitHub\HTTPS-IAS-Production\AIS\wwwroot\js\csp\Views_RiskAssessment_risk_assessment_entities.js","70","$.ajax({"
"ajax","C:\Users\Asad Ali\Documents\GitHub\HTTPS-IAS-Production\AIS\wwwroot\js\csp\Views_RiskAssessment_risk_assessment_entities.js","91","$.ajax({"
"ajax","C:\Users\Asad Ali\Documents\GitHub\HTTPS-IAS-Production\AIS\wwwroot\js\csp\Views_RiskAssessment_risk_assessment_entities.js","123","$.ajax({"
"ajax","C:\Users\Asad Ali\Documents\GitHub\HTTPS-IAS-Production\AIS\wwwroot\js\csp\Views_RiskAssessment_risk_assessment_ent_types.js","5","$.ajax({"
"ajax","C:\Users\Asad Ali\Documents\GitHub\HTTPS-IAS-Production\AIS\wwwroot\js\csp\Views_RiskAssessment_risk_rating_annex_wise.js","17","$.ajax({"
"ajax","C:\Users\Asad Ali\Documents\GitHub\HTTPS-IAS-Production\AIS\wwwroot\js\csp\Views_RiskAssessment_risk_rating_annex_wise.js","54","$.ajax({"
"ajax","C:\Users\Asad Ali\Documents\GitHub\HTTPS-IAS-Production\AIS\wwwroot\js\csp\Views_RiskAssessment_risk_rating_annex_wise.js","81","$.ajax({"
"ajax","C:\Users\Asad Ali\Documents\GitHub\HTTPS-IAS-Production\AIS\wwwroot\js\csp\Views_RiskAssessment_risk_rating_annex_wise.js","116","$.ajax({"
"ajax","C:\Users\Asad Ali\Documents\GitHub\HTTPS-IAS-Production\AIS\wwwroot\js\csp\Views_RiskAssessment_risk_rating_annex_wise.js","141","$.ajax({"
"ajax","C:\Users\Asad Ali\Documents\GitHub\HTTPS-IAS-Production\AIS\wwwroot\js\csp\Views_RiskAssessment_risk_rating_annex_wise.js","158","$.ajax({"
"ajax","C:\Users\Asad Ali\Documents\GitHub\HTTPS-IAS-Production\AIS\wwwroot\js\csp\Views_RiskAssessment_risk_rating_annex_wise.js","177","$.ajax({"
"ajax","C:\Users\Asad Ali\Documents\GitHub\HTTPS-IAS-Production\AIS\wwwroot\js\csp\Views_RiskAssessment_risk_rating_for_branches_working.js","17","$.ajax({"
"ajax","C:\Users\Asad Ali\Documents\GitHub\HTTPS-IAS-Production\AIS\wwwroot\js\csp\Views_RiskAssessment_risk_rating_for_branches_working.js","54","$.ajax({"
"ajax","C:\Users\Asad Ali\Documents\GitHub\HTTPS-IAS-Production\AIS\wwwroot\js\csp\Views_RiskAssessment_risk_rating_for_branches_working.js","81","$.ajax({"
"ajax","C:\Users\Asad Ali\Documents\GitHub\HTTPS-IAS-Production\AIS\wwwroot\js\csp\Views_RiskAssessment_risk_rating_for_branches_working.js","125","$.ajax({"
"ajax","C:\Users\Asad Ali\Documents\GitHub\HTTPS-IAS-Production\AIS\wwwroot\js\csp\Views_RiskAssessment_risk_rating_for_branches_working.js","150","$.ajax({"
"ajax","C:\Users\Asad Ali\Documents\GitHub\HTTPS-IAS-Production\AIS\wwwroot\js\csp\Views_RiskAssessment_risk_rating_for_branches_working.js","167","$.ajax({"
"ajax","C:\Users\Asad Ali\Documents\GitHub\HTTPS-IAS-Production\AIS\wwwroot\js\csp\Views_RiskAssessment_risk_rating_for_branches_working.js","186","$.ajax({"
"ajax","C:\Users\Asad Ali\Documents\GitHub\HTTPS-IAS-Production\AIS\wwwroot\js\csp\Views_Sampling_account_document.js","20","$.ajax({"
"ajax","C:\Users\Asad Ali\Documents\GitHub\HTTPS-IAS-Production\AIS\wwwroot\js\csp\Views_Sampling_Account_exception.js","13","$.ajax({"
"ajax","C:\Users\Asad Ali\Documents\GitHub\HTTPS-IAS-Production\AIS\wwwroot\js\csp\Views_Sampling_Account_exception_details.js","16","$.ajax({"
"ajax","C:\Users\Asad Ali\Documents\GitHub\HTTPS-IAS-Production\AIS\wwwroot\js\csp\Views_Sampling_account_transaction.js","15","$.ajax({"
"ajax","C:\Users\Asad Ali\Documents\GitHub\HTTPS-IAS-Production\AIS\wwwroot\js\csp\Views_Sampling_account_transaction_master.js","12","$.ajax({"
"ajax","C:\Users\Asad Ali\Documents\GitHub\HTTPS-IAS-Production\AIS\wwwroot\js\csp\Views_Sampling_add_report.js","13","$.ajax({"
"ajax","C:\Users\Asad Ali\Documents\GitHub\HTTPS-IAS-Production\AIS\wwwroot\js\csp\Views_Sampling_add_report.js","71","$.ajax({"
"ajax","C:\Users\Asad Ali\Documents\GitHub\HTTPS-IAS-Production\AIS\wwwroot\js\csp\Views_Sampling_biomet.js","17","$.ajax({"
"ajax","C:\Users\Asad Ali\Documents\GitHub\HTTPS-IAS-Production\AIS\wwwroot\js\csp\Views_Sampling_list_reports.js","13","$.ajax({"
"ajax","C:\Users\Asad Ali\Documents\GitHub\HTTPS-IAS-Production\AIS\wwwroot\js\csp\Views_Sampling_list_samples.js","13","$.ajax({"
"ajax","C:\Users\Asad Ali\Documents\GitHub\HTTPS-IAS-Production\AIS\wwwroot\js\csp\Views_Sampling_loans.js","22","$.ajax({"
"ajax","C:\Users\Asad Ali\Documents\GitHub\HTTPS-IAS-Production\AIS\wwwroot\js\csp\Views_Sampling_loans_exception.js","17","$.ajax({"
"ajax","C:\Users\Asad Ali\Documents\GitHub\HTTPS-IAS-Production\AIS\wwwroot\js\csp\Views_Sampling_loan_documents.js","21","$.ajax({"
"ajax","C:\Users\Asad Ali\Documents\GitHub\HTTPS-IAS-Production\AIS\wwwroot\js\csp\Views_Sampling_loan_documents.js","72","$.ajax({"
"ajax","C:\Users\Asad Ali\Documents\GitHub\HTTPS-IAS-Production\AIS\wwwroot\js\csp\Views_Sampling_loan_transactions.js","20","$.ajax({"
"ajax","C:\Users\Asad Ali\Documents\GitHub\HTTPS-IAS-Production\AIS\wwwroot\js\csp\Views_Sampling_ManageExceptionReportFormat.js","129","$.ajax({"
"ajax","C:\Users\Asad Ali\Documents\GitHub\HTTPS-IAS-Production\AIS\wwwroot\js\csp\Views_Sampling_sample_monitoring.js","13","$.ajax({"
"ajax","C:\Users\Asad Ali\Documents\GitHub\HTTPS-IAS-Production\AIS\wwwroot\js\csp\Views_Sampling_sample_monitoring.js","82","$.ajax({"
"ajax","C:\Users\Asad Ali\Documents\GitHub\HTTPS-IAS-Production\AIS\wwwroot\js\csp\Views_Setup_annexure_assignment_para.js","13","$.ajax({"
"ajax","C:\Users\Asad Ali\Documents\GitHub\HTTPS-IAS-Production\AIS\wwwroot\js\csp\Views_Setup_annexure_assignment_para.js","37","$.ajax({"
"ajax","C:\Users\Asad Ali\Documents\GitHub\HTTPS-IAS-Production\AIS\wwwroot\js\csp\Views_Setup_annexure_assignment_para.js","70","$.ajax({"
"ajax","C:\Users\Asad Ali\Documents\GitHub\HTTPS-IAS-Production\AIS\wwwroot\js\csp\Views_Setup_annexure_assignment_para.js","91","$.ajax({"
"ajax","C:\Users\Asad Ali\Documents\GitHub\HTTPS-IAS-Production\AIS\wwwroot\js\csp\Views_Setup_audit_zones.js","55","$.ajax({"
"ajax","C:\Users\Asad Ali\Documents\GitHub\HTTPS-IAS-Production\AIS\wwwroot\js\csp\Views_Setup_authorize_remove_duplicate_checklists.js","24","$.ajax({"
"ajax","C:\Users\Asad Ali\Documents\GitHub\HTTPS-IAS-Production\AIS\wwwroot\js\csp\Views_Setup_authorize_remove_duplicate_checklists.js","43","$.ajax({"
"ajax","C:\Users\Asad Ali\Documents\GitHub\HTTPS-IAS-Production\AIS\wwwroot\js\csp\Views_Setup_authorize_remove_duplicate_checklists.js","60","$.ajax({"
"ajax","C:\Users\Asad Ali\Documents\GitHub\HTTPS-IAS-Production\AIS\wwwroot\js\csp\Views_Setup_authorize_remove_duplicate_process.js","25","$.ajax({"
"ajax","C:\Users\Asad Ali\Documents\GitHub\HTTPS-IAS-Production\AIS\wwwroot\js\csp\Views_Setup_authorize_remove_duplicate_process.js","47","$.ajax({"
"ajax","C:\Users\Asad Ali\Documents\GitHub\HTTPS-IAS-Production\AIS\wwwroot\js\csp\Views_Setup_authorize_remove_duplicate_sub_process.js","26","$.ajax({"
"ajax","C:\Users\Asad Ali\Documents\GitHub\HTTPS-IAS-Production\AIS\wwwroot\js\csp\Views_Setup_authorize_remove_duplicate_sub_process.js","48","$.ajax({"
"ajax","C:\Users\Asad Ali\Documents\GitHub\HTTPS-IAS-Production\AIS\wwwroot\js\csp\Views_Setup_branches.js","61","$.ajax({"
"ajax","C:\Users\Asad Ali\Documents\GitHub\HTTPS-IAS-Production\AIS\wwwroot\js\csp\Views_Setup_compliance_hierarchy.js","11","$.ajax({"
"ajax","C:\Users\Asad Ali\Documents\GitHub\HTTPS-IAS-Production\AIS\wwwroot\js\csp\Views_Setup_compliance_hierarchy.js","68","$.ajax({"
"ajax","C:\Users\Asad Ali\Documents\GitHub\HTTPS-IAS-Production\AIS\wwwroot\js\csp\Views_Setup_compliance_hierarchy.js","95","$.ajax({"
"ajax","C:\Users\Asad Ali\Documents\GitHub\HTTPS-IAS-Production\AIS\wwwroot\js\csp\Views_Setup_compliance_hierarchy.js","124","$.ajax({"
"ajax","C:\Users\Asad Ali\Documents\GitHub\HTTPS-IAS-Production\AIS\wwwroot\js\csp\Views_Setup_control_violation.js","47","$.ajax({"
"ajax","C:\Users\Asad Ali\Documents\GitHub\HTTPS-IAS-Production\AIS\wwwroot\js\csp\Views_Setup_departments.js","59","$.ajax({"
"ajax","C:\Users\Asad Ali\Documents\GitHub\HTTPS-IAS-Production\AIS\wwwroot\js\csp\Views_Setup_divisions.js","55","$.ajax({"
"ajax","C:\Users\Asad Ali\Documents\GitHub\HTTPS-IAS-Production\AIS\wwwroot\js\csp\Views_Setup_inspection_unit.js","55","$.ajax({"
"ajax","C:\Users\Asad Ali\Documents\GitHub\HTTPS-IAS-Production\AIS\wwwroot\js\csp\Views_Setup_manage_annexure.js","34","$.ajax({"
"ajax","C:\Users\Asad Ali\Documents\GitHub\HTTPS-IAS-Production\AIS\wwwroot\js\csp\Views_Setup_manage_annexure.js","130","$.ajax({"
"ajax","C:\Users\Asad Ali\Documents\GitHub\HTTPS-IAS-Production\AIS\wwwroot\js\csp\Views_Setup_manage_annexure.js","153","$.ajax({"
"ajax","C:\Users\Asad Ali\Documents\GitHub\HTTPS-IAS-Production\AIS\wwwroot\js\csp\Views_Setup_Manage_audit_zone_branches.js","41","$.ajax({"
"ajax","C:\Users\Asad Ali\Documents\GitHub\HTTPS-IAS-Production\AIS\wwwroot\js\csp\Views_Setup_Manage_audit_zone_branches.js","59","$.ajax({"
"ajax","C:\Users\Asad Ali\Documents\GitHub\HTTPS-IAS-Production\AIS\wwwroot\js\csp\Views_Setup_Manage_audit_zone_branches.js","89","$.ajax({"
"ajax","C:\Users\Asad Ali\Documents\GitHub\HTTPS-IAS-Production\AIS\wwwroot\js\csp\Views_Setup_Manage_audit_zone_branches.js","125","$.ajax({"
"ajax","C:\Users\Asad Ali\Documents\GitHub\HTTPS-IAS-Production\AIS\wwwroot\js\csp\Views_Setup_Manage_audit_zone_branches.js","239","$.ajax({"
"ajax","C:\Users\Asad Ali\Documents\GitHub\HTTPS-IAS-Production\AIS\wwwroot\js\csp\Views_Setup_manage_checklist.js","48","$.ajax({"
"ajax","C:\Users\Asad Ali\Documents\GitHub\HTTPS-IAS-Production\AIS\wwwroot\js\csp\Views_Setup_manage_checklist.js","66","$.ajax({"
"ajax","C:\Users\Asad Ali\Documents\GitHub\HTTPS-IAS-Production\AIS\wwwroot\js\csp\Views_Setup_manage_checklist_detail.js","112","$.ajax({"
"ajax","C:\Users\Asad Ali\Documents\GitHub\HTTPS-IAS-Production\AIS\wwwroot\js\csp\Views_Setup_manage_checklist_detail.js","140","$.ajax({"
"ajax","C:\Users\Asad Ali\Documents\GitHub\HTTPS-IAS-Production\AIS\wwwroot\js\csp\Views_Setup_manage_checklist_detail.js","169","$.ajax({"
"ajax","C:\Users\Asad Ali\Documents\GitHub\HTTPS-IAS-Production\AIS\wwwroot\js\csp\Views_Setup_manage_checklist_detail.js","201","$.ajax({"
"ajax","C:\Users\Asad Ali\Documents\GitHub\HTTPS-IAS-Production\AIS\wwwroot\js\csp\Views_Setup_manage_checklist_detail.js","229","$.ajax({"
"ajax","C:\Users\Asad Ali\Documents\GitHub\HTTPS-IAS-Production\AIS\wwwroot\js\csp\Views_Setup_manage_checklist_detail.js","249","$.ajax({"
"ajax","C:\Users\Asad Ali\Documents\GitHub\HTTPS-IAS-Production\AIS\wwwroot\js\csp\Views_Setup_manage_checklist_detail.js","327","$.ajax({"
"ajax","C:\Users\Asad Ali\Documents\GitHub\HTTPS-IAS-Production\AIS\wwwroot\js\csp\Views_Setup_manage_sub_checklist.js","40","$.ajax({"
"ajax","C:\Users\Asad Ali\Documents\GitHub\HTTPS-IAS-Production\AIS\wwwroot\js\csp\Views_Setup_manage_sub_checklist.js","87","$.ajax({"
"ajax","C:\Users\Asad Ali\Documents\GitHub\HTTPS-IAS-Production\AIS\wwwroot\js\csp\Views_Setup_manage_sub_checklist.js","108","$.ajax({"
"ajax","C:\Users\Asad Ali\Documents\GitHub\HTTPS-IAS-Production\AIS\wwwroot\js\csp\Views_Setup_manage_sub_checklist.js","131","$.ajax({"
"ajax","C:\Users\Asad Ali\Documents\GitHub\HTTPS-IAS-Production\AIS\wwwroot\js\csp\Views_Setup_para_migration.js","25","$.ajax({"
"ajax","C:\Users\Asad Ali\Documents\GitHub\HTTPS-IAS-Production\AIS\wwwroot\js\csp\Views_Setup_para_migration.js","55","$.ajax({"
"ajax","C:\Users\Asad Ali\Documents\GitHub\HTTPS-IAS-Production\AIS\wwwroot\js\csp\Views_Setup_para_migration.js","81","$.ajax({"
"ajax","C:\Users\Asad Ali\Documents\GitHub\HTTPS-IAS-Production\AIS\wwwroot\js\csp\Views_Setup_para_migration.js","114","$.ajax({"
"ajax","C:\Users\Asad Ali\Documents\GitHub\HTTPS-IAS-Production\AIS\wwwroot\js\csp\Views_Setup_para_migration.js","173","$.ajax({"
"ajax","C:\Users\Asad Ali\Documents\GitHub\HTTPS-IAS-Production\AIS\wwwroot\js\csp\Views_Setup_para_migration.js","197","$.ajax({"
"ajax","C:\Users\Asad Ali\Documents\GitHub\HTTPS-IAS-Production\AIS\wwwroot\js\csp\Views_Setup_para_migration.js","231","$.ajax({"
"ajax","C:\Users\Asad Ali\Documents\GitHub\HTTPS-IAS-Production\AIS\wwwroot\js\csp\Views_Setup_para_migration.js","264","$.ajax({"
"ajax","C:\Users\Asad Ali\Documents\GitHub\HTTPS-IAS-Production\AIS\wwwroot\js\csp\Views_Setup_para_migration.js","300","$.ajax({"
"ajax","C:\Users\Asad Ali\Documents\GitHub\HTTPS-IAS-Production\AIS\wwwroot\js\csp\Views_Setup_para_migration.js","320","$.ajax({"
"ajax","C:\Users\Asad Ali\Documents\GitHub\HTTPS-IAS-Production\AIS\wwwroot\js\csp\Views_Setup_processes.js","7","$.ajax({"
"ajax","C:\Users\Asad Ali\Documents\GitHub\HTTPS-IAS-Production\AIS\wwwroot\js\csp\Views_Setup_processes.js","34","$.ajax({"
"ajax","C:\Users\Asad Ali\Documents\GitHub\HTTPS-IAS-Production\AIS\wwwroot\js\csp\Views_Setup_processes.js","71","$.ajax({"
"ajax","C:\Users\Asad Ali\Documents\GitHub\HTTPS-IAS-Production\AIS\wwwroot\js\csp\Views_Setup_processes.js","107","$.ajax({"
"ajax","C:\Users\Asad Ali\Documents\GitHub\HTTPS-IAS-Production\AIS\wwwroot\js\csp\Views_Setup_processes.js","137","$.ajax({"
"ajax","C:\Users\Asad Ali\Documents\GitHub\HTTPS-IAS-Production\AIS\wwwroot\js\csp\Views_Setup_processes.js","177","$.ajax({"
"ajax","C:\Users\Asad Ali\Documents\GitHub\HTTPS-IAS-Production\AIS\wwwroot\js\csp\Views_Setup_process_detail_authorize.js","17","$.ajax({"
"ajax","C:\Users\Asad Ali\Documents\GitHub\HTTPS-IAS-Production\AIS\wwwroot\js\csp\Views_Setup_process_detail_authorize.js","60","$.ajax({"
"ajax","C:\Users\Asad Ali\Documents\GitHub\HTTPS-IAS-Production\AIS\wwwroot\js\csp\Views_Setup_process_detail_authorize.js","79","$.ajax({"
"ajax","C:\Users\Asad Ali\Documents\GitHub\HTTPS-IAS-Production\AIS\wwwroot\js\csp\Views_Setup_process_detail_review.js","19","$.ajax({"
"ajax","C:\Users\Asad Ali\Documents\GitHub\HTTPS-IAS-Production\AIS\wwwroot\js\csp\Views_Setup_process_detail_review.js","65","$.ajax({"
"ajax","C:\Users\Asad Ali\Documents\GitHub\HTTPS-IAS-Production\AIS\wwwroot\js\csp\Views_Setup_process_detail_review.js","91","$.ajax({"
"ajax","C:\Users\Asad Ali\Documents\GitHub\HTTPS-IAS-Production\AIS\wwwroot\js\csp\Views_Setup_ref_checklist_detail.js","15","$.ajax({"
"ajax","C:\Users\Asad Ali\Documents\GitHub\HTTPS-IAS-Production\AIS\wwwroot\js\csp\Views_Setup_ref_checklist_detail.js","50","$.ajax({"
"ajax","C:\Users\Asad Ali\Documents\GitHub\HTTPS-IAS-Production\AIS\wwwroot\js\csp\Views_Setup_ref_checklist_detail.js","78","$.ajax({"
"ajax","C:\Users\Asad Ali\Documents\GitHub\HTTPS-IAS-Production\AIS\wwwroot\js\csp\Views_Setup_ref_checklist_detail.js","107","$.ajax({"
"ajax","C:\Users\Asad Ali\Documents\GitHub\HTTPS-IAS-Production\AIS\wwwroot\js\csp\Views_Setup_ref_checklist_detail.js","136","$.ajax({"
"ajax","C:\Users\Asad Ali\Documents\GitHub\HTTPS-IAS-Production\AIS\wwwroot\js\csp\Views_Setup_ref_checklist_detail.js","161","$.ajax({"
"ajax","C:\Users\Asad Ali\Documents\GitHub\HTTPS-IAS-Production\AIS\wwwroot\js\csp\Views_Setup_ref_checklist_detail.js","181","$.ajax({"
"ajax","C:\Users\Asad Ali\Documents\GitHub\HTTPS-IAS-Production\AIS\wwwroot\js\csp\Views_Setup_remove_duplicate_checklists.js","40","$.ajax({"
"ajax","C:\Users\Asad Ali\Documents\GitHub\HTTPS-IAS-Production\AIS\wwwroot\js\csp\Views_Setup_remove_duplicate_checklists.js","69","$.ajax({"
"ajax","C:\Users\Asad Ali\Documents\GitHub\HTTPS-IAS-Production\AIS\wwwroot\js\csp\Views_Setup_remove_duplicate_checklists.js","100","$.ajax({"
"ajax","C:\Users\Asad Ali\Documents\GitHub\HTTPS-IAS-Production\AIS\wwwroot\js\csp\Views_Setup_remove_duplicate_checklists.js","130","$.ajax({"
"ajax","C:\Users\Asad Ali\Documents\GitHub\HTTPS-IAS-Production\AIS\wwwroot\js\csp\Views_Setup_remove_duplicate_checklists.js","158","$.ajax({"
"ajax","C:\Users\Asad Ali\Documents\GitHub\HTTPS-IAS-Production\AIS\wwwroot\js\csp\Views_Setup_remove_duplicate_checklists.js","275","$.ajax({"
"ajax","C:\Users\Asad Ali\Documents\GitHub\HTTPS-IAS-Production\AIS\wwwroot\js\csp\Views_Setup_remove_duplicate_checklists.js","301","$.ajax({"
"ajax","C:\Users\Asad Ali\Documents\GitHub\HTTPS-IAS-Production\AIS\wwwroot\js\csp\Views_Setup_remove_duplicate_checklists.js","337","$.ajax({"
"ajax","C:\Users\Asad Ali\Documents\GitHub\HTTPS-IAS-Production\AIS\wwwroot\js\csp\Views_Setup_remove_duplicate_process.js","40","$.ajax({"
"ajax","C:\Users\Asad Ali\Documents\GitHub\HTTPS-IAS-Production\AIS\wwwroot\js\csp\Views_Setup_remove_duplicate_process.js","69","$.ajax({"
"ajax","C:\Users\Asad Ali\Documents\GitHub\HTTPS-IAS-Production\AIS\wwwroot\js\csp\Views_Setup_remove_duplicate_process.js","100","$.ajax({"
"ajax","C:\Users\Asad Ali\Documents\GitHub\HTTPS-IAS-Production\AIS\wwwroot\js\csp\Views_Setup_remove_duplicate_process.js","130","$.ajax({"
"ajax","C:\Users\Asad Ali\Documents\GitHub\HTTPS-IAS-Production\AIS\wwwroot\js\csp\Views_Setup_remove_duplicate_process.js","158","$.ajax({"
"ajax","C:\Users\Asad Ali\Documents\GitHub\HTTPS-IAS-Production\AIS\wwwroot\js\csp\Views_Setup_remove_duplicate_process.js","275","$.ajax({"
"ajax","C:\Users\Asad Ali\Documents\GitHub\HTTPS-IAS-Production\AIS\wwwroot\js\csp\Views_Setup_remove_duplicate_process.js","301","$.ajax({"
"ajax","C:\Users\Asad Ali\Documents\GitHub\HTTPS-IAS-Production\AIS\wwwroot\js\csp\Views_Setup_remove_duplicate_process.js","337","$.ajax({"
"ajax","C:\Users\Asad Ali\Documents\GitHub\HTTPS-IAS-Production\AIS\wwwroot\js\csp\Views_Setup_remove_duplicate_sub_process.js","27","$.ajax({"
"ajax","C:\Users\Asad Ali\Documents\GitHub\HTTPS-IAS-Production\AIS\wwwroot\js\csp\Views_Setup_remove_duplicate_sub_process.js","67","$.ajax({"
"ajax","C:\Users\Asad Ali\Documents\GitHub\HTTPS-IAS-Production\AIS\wwwroot\js\csp\Views_Setup_sub_entities.js","56","$.ajax({"
"ajax","C:\Users\Asad Ali\Documents\GitHub\HTTPS-IAS-Production\AIS\wwwroot\js\csp\Views_Setup_sub_process_authorize.js","17","$.ajax({"
"ajax","C:\Users\Asad Ali\Documents\GitHub\HTTPS-IAS-Production\AIS\wwwroot\js\csp\Views_Setup_sub_process_authorize.js","48","$.ajax({"
"ajax","C:\Users\Asad Ali\Documents\GitHub\HTTPS-IAS-Production\AIS\wwwroot\js\csp\Views_Setup_sub_process_authorize.js","66","$.ajax({"
"ajax","C:\Users\Asad Ali\Documents\GitHub\HTTPS-IAS-Production\AIS\wwwroot\js\csp\Views_WorkingPaper_account_opening.js","22","$.ajax({"
"ajax","C:\Users\Asad Ali\Documents\GitHub\HTTPS-IAS-Production\AIS\wwwroot\js\csp\Views_WorkingPaper_account_opening.js","55","$.ajax({"
"ajax","C:\Users\Asad Ali\Documents\GitHub\HTTPS-IAS-Production\AIS\wwwroot\js\csp\Views_WorkingPaper_cash_count.js","15","$.ajax({"
"ajax","C:\Users\Asad Ali\Documents\GitHub\HTTPS-IAS-Production\AIS\wwwroot\js\csp\Views_WorkingPaper_cash_count.js","81","$.ajax({"
"ajax","C:\Users\Asad Ali\Documents\GitHub\HTTPS-IAS-Production\AIS\wwwroot\js\csp\Views_WorkingPaper_fixed_assets.js","19","$.ajax({"
"ajax","C:\Users\Asad Ali\Documents\GitHub\HTTPS-IAS-Production\AIS\wwwroot\js\csp\Views_WorkingPaper_fixed_assets.js","71","$.ajax({"
"ajax","C:\Users\Asad Ali\Documents\GitHub\HTTPS-IAS-Production\AIS\wwwroot\js\csp\Views_WorkingPaper_loan_case_file.js","19","$.ajax({"
"ajax","C:\Users\Asad Ali\Documents\GitHub\HTTPS-IAS-Production\AIS\wwwroot\js\csp\Views_WorkingPaper_loan_case_file.js","69","$.ajax({"
"ajax","C:\Users\Asad Ali\Documents\GitHub\HTTPS-IAS-Production\AIS\wwwroot\js\csp\Views_WorkingPaper_voucher_checking.js","18","$.ajax({"
"ajax","C:\Users\Asad Ali\Documents\GitHub\HTTPS-IAS-Production\AIS\wwwroot\js\csp\Views_WorkingPaper_voucher_checking.js","51","$.ajax({"
"ajax","C:\Users\Asad Ali\Documents\GitHub\HTTPS-IAS-Production\AIS\wwwroot\js\iid\inquiryReportApi.js","4","return $.ajax({"
"ajax","C:\Users\Asad Ali\Documents\GitHub\HTTPS-IAS-Production\AIS\wwwroot\js\iid\inquiryReportReadOnly.js","219","$.ajax({"
"ajax","C:\Users\Asad Ali\Documents\GitHub\HTTPS-IAS-Production\AIS\wwwroot\js\circular.js","6","return $.ajax({"
"ajax","C:\Users\Asad Ali\Documents\GitHub\HTTPS-IAS-Production\AIS\wwwroot\js\fad-risk-control-panel.js","391","$.ajax({"
"ajax","C:\Users\Asad Ali\Documents\GitHub\HTTPS-IAS-Production\AIS\wwwroot\js\fad-risk-control-panel.js","420","$.ajax({"
"ajax","C:\Users\Asad Ali\Documents\GitHub\HTTPS-IAS-Production\AIS\wwwroot\js\fad-risk-control-panel.js","453","$.ajax({"
"ajax","C:\Users\Asad Ali\Documents\GitHub\HTTPS-IAS-Production\AIS\wwwroot\js\fad-risk-control-panel.js","485","$.ajax({"
"ajax","C:\Users\Asad Ali\Documents\GitHub\HTTPS-IAS-Production\AIS\wwwroot\js\fad-risk-control-panel.js","516","$.ajax({"
"ajax","C:\Users\Asad Ali\Documents\GitHub\HTTPS-IAS-Production\AIS\wwwroot\js\fieldauditparaSection.js","47","$.ajax({"
"ajax","C:\Users\Asad Ali\Documents\GitHub\HTTPS-IAS-Production\AIS\wwwroot\js\fieldauditparaSection.js","65","$.ajax({"
"ajax","C:\Users\Asad Ali\Documents\GitHub\HTTPS-IAS-Production\AIS\wwwroot\js\home-change-password.js","129","$.ajax({"
"ajax","C:\Users\Asad Ali\Documents\GitHub\HTTPS-IAS-Production\AIS\wwwroot\js\idleSessionHandler.js","27","$.ajax({"
"ajax","C:\Users\Asad Ali\Documents\GitHub\HTTPS-IAS-Production\AIS\wwwroot\js\login.js","82","$.ajax({"
"ajax","C:\Users\Asad Ali\Documents\GitHub\HTTPS-IAS-Production\AIS\wwwroot\js\login.js","163","$.ajax({"
"ajax","C:\Users\Asad Ali\Documents\GitHub\HTTPS-IAS-Production\AIS\wwwroot\js\referenceSection.js","143","$.ajax({"
"ajax","C:\Users\Asad Ali\Documents\GitHub\HTTPS-IAS-Production\AIS\wwwroot\js\responsibilitySection.js","140","$.ajax({"
"ajax","C:\Users\Asad Ali\Documents\GitHub\HTTPS-IAS-Production\AIS\wwwroot\js\responsibilitySection.js","165","$.ajax({"
"ajax","C:\Users\Asad Ali\Documents\GitHub\HTTPS-IAS-Production\AIS\wwwroot\js\responsibilitySection.js","197","$.ajax({"
"ajax","C:\Users\Asad Ali\Documents\GitHub\HTTPS-IAS-Production\AIS\wwwroot\js\responsibilitySection.js","237","$.ajax({"
"ajax","C:\Users\Asad Ali\Documents\GitHub\HTTPS-IAS-Production\AIS\wwwroot\js\responsibilitySection.js","378","$.ajax(ajaxOpts).done(function () {"
"ajax","C:\Users\Asad Ali\Documents\GitHub\HTTPS-IAS-Production\AIS\wwwroot\js\responsibilitySection.js","455","$.ajax(ajaxOpts).done(function (data) {"
"ajax","C:\Users\Asad Ali\Documents\GitHub\HTTPS-IAS-Production\AIS\wwwroot\js\responsibilitySectionUpdate.js","127","$.ajax({"
"ajax","C:\Users\Asad Ali\Documents\GitHub\HTTPS-IAS-Production\AIS\wwwroot\js\responsibilitySectionUpdate.js","150","$.ajax({"
"ajax","C:\Users\Asad Ali\Documents\GitHub\HTTPS-IAS-Production\AIS\wwwroot\js\responsibilitySectionUpdate.js","170","$.ajax({"
"ajax","C:\Users\Asad Ali\Documents\GitHub\HTTPS-IAS-Production\AIS\wwwroot\js\responsibilitySectionUpdate.js","204","$.ajax({"
"ajax","C:\Users\Asad Ali\Documents\GitHub\HTTPS-IAS-Production\AIS\wwwroot\js\responsibilitySectionUpdate.js","245","$.ajax({"
"ajax","C:\Users\Asad Ali\Documents\GitHub\HTTPS-IAS-Production\AIS\wwwroot\js\responsibilitySectionUpdate.js","433","$.ajax(ajaxOpts).done(function () {"
"ajax","C:\Users\Asad Ali\Documents\GitHub\HTTPS-IAS-Production\AIS\wwwroot\js\responsibilitySectionUpdate.js","515","$.ajax(ajaxOpts).done(function (data) {"
"ajax","C:\Users\Asad Ali\Documents\GitHub\HTTPS-IAS-Production\AIS\wwwroot\js\responsibilitySectionUpdate.js","592","$.ajax({"
"ajax","C:\Users\Asad Ali\Documents\GitHub\HTTPS-IAS-Production\AIS\wwwroot\js\responsibilitySectionUpdate.js","611","$.ajax({"
"ajax","C:\Users\Asad Ali\Documents\GitHub\HTTPS-IAS-Production\AIS\wwwroot\js\site.js","145","$.ajax({"
"ajax","C:\Users\Asad Ali\Documents\GitHub\HTTPS-IAS-Production\AIS\wwwroot\js\site.js","245","return fetch(request.url, request.options)"
"alerts","C:\Users\Asad Ali\Documents\GitHub\HTTPS-IAS-Production\AIS\wwwroot\js\csp\Views_AdministrationPanel_api_master.js","44","alert(""Unable to load API master list."");"
"alerts","C:\Users\Asad Ali\Documents\GitHub\HTTPS-IAS-Production\AIS\wwwroot\js\csp\Views_AdministrationPanel_api_master.js","120","alert(""Unable to save API master entry."");"
"alerts","C:\Users\Asad Ali\Documents\GitHub\HTTPS-IAS-Production\AIS\wwwroot\js\csp\Views_AdministrationPanel_api_master.js","158","alert(""Unable to disable API."");"
"alerts","C:\Users\Asad Ali\Documents\GitHub\HTTPS-IAS-Production\AIS\wwwroot\js\csp\Views_AdministrationPanel_audit_comp_management.js","83","alert(""please select entity to proceed"");"
"alerts","C:\Users\Asad Ali\Documents\GitHub\HTTPS-IAS-Production\AIS\wwwroot\js\csp\Views_AdministrationPanel_catalog_uploads.js","6","alert(""Select a file to validate."");"
"alerts","C:\Users\Asad Ali\Documents\GitHub\HTTPS-IAS-Production\AIS\wwwroot\js\csp\Views_AdministrationPanel_catalog_uploads.js","32","alert(""Unable to validate catalog."");"
"alerts","C:\Users\Asad Ali\Documents\GitHub\HTTPS-IAS-Production\AIS\wwwroot\js\csp\Views_AdministrationPanel_catalog_uploads.js","39","alert(""Validate the catalog before applying."");"
"alerts","C:\Users\Asad Ali\Documents\GitHub\HTTPS-IAS-Production\AIS\wwwroot\js\csp\Views_AdministrationPanel_catalog_uploads.js","59","alert(""Catalog sync completed."");"
"alerts","C:\Users\Asad Ali\Documents\GitHub\HTTPS-IAS-Production\AIS\wwwroot\js\csp\Views_AdministrationPanel_catalog_uploads.js","63","alert(""Unable to apply catalog."");"
"alerts","C:\Users\Asad Ali\Documents\GitHub\HTTPS-IAS-Production\AIS\wwwroot\js\csp\Views_AdministrationPanel_compliance_flow.js","33","alert(""Please select Entity type to proceed"");"
"alerts","C:\Users\Asad Ali\Documents\GitHub\HTTPS-IAS-Production\AIS\wwwroot\js\csp\Views_AdministrationPanel_compliance_flow.js","37","alert(""Please select Group/Role State to proceed"");"
"alerts","C:\Users\Asad Ali\Documents\GitHub\HTTPS-IAS-Production\AIS\wwwroot\js\csp\Views_AdministrationPanel_compliance_flow.js","42","alert(""Plase select Previous Role State to proceed"");"
"alerts","C:\Users\Asad Ali\Documents\GitHub\HTTPS-IAS-Production\AIS\wwwroot\js\csp\Views_AdministrationPanel_compliance_flow.js","46","alert(""Plase select Next Role State to proceed"");"
"alerts","C:\Users\Asad Ali\Documents\GitHub\HTTPS-IAS-Production\AIS\wwwroot\js\csp\Views_AdministrationPanel_compliance_flow.js","50","alert(""Plase select Compliance Up State to proceed"");"
"alerts","C:\Users\Asad Ali\Documents\GitHub\HTTPS-IAS-Production\AIS\wwwroot\js\csp\Views_AdministrationPanel_compliance_flow.js","54","alert(""Plase select Compliance Down State to proceed"");"
"alerts","C:\Users\Asad Ali\Documents\GitHub\HTTPS-IAS-Production\AIS\wwwroot\js\csp\Views_AdministrationPanel_dashboard_layout.js","32","alert(""Unable to load dashboard layout."");"
"alerts","C:\Users\Asad Ali\Documents\GitHub\HTTPS-IAS-Production\AIS\wwwroot\js\csp\Views_AdministrationPanel_dashboard_layout.js","55","alert(""Unable to load available pages."");"
"alerts","C:\Users\Asad Ali\Documents\GitHub\HTTPS-IAS-Production\AIS\wwwroot\js\csp\Views_AdministrationPanel_dashboard_layout.js","92","alert(""Select a role to continue."");"
"alerts","C:\Users\Asad Ali\Documents\GitHub\HTTPS-IAS-Production\AIS\wwwroot\js\csp\Views_AdministrationPanel_dashboard_layout.js","97","alert(""Select a menu to continue."");"
"alerts","C:\Users\Asad Ali\Documents\GitHub\HTTPS-IAS-Production\AIS\wwwroot\js\csp\Views_AdministrationPanel_dashboard_layout.js","215","alert(""Select a role to continue."");"
"alerts","C:\Users\Asad Ali\Documents\GitHub\HTTPS-IAS-Production\AIS\wwwroot\js\csp\Views_AdministrationPanel_dashboard_layout.js","220","alert(""Select a page to continue."");"
"alerts","C:\Users\Asad Ali\Documents\GitHub\HTTPS-IAS-Production\AIS\wwwroot\js\csp\Views_AdministrationPanel_dashboard_layout.js","306","alert(""Unable to save dashboard layout."");"
"alerts","C:\Users\Asad Ali\Documents\GitHub\HTTPS-IAS-Production\AIS\wwwroot\js\csp\Views_AdministrationPanel_entity_gm_reporting_div_management.js","83","alert(""please select entity to proceed"");"
"alerts","C:\Users\Asad Ali\Documents\GitHub\HTTPS-IAS-Production\AIS\wwwroot\js\csp\Views_AdministrationPanel_entity_relationship.js","49","alert('Please check atleast one page to proceed');"
"alerts","C:\Users\Asad Ali\Documents\GitHub\HTTPS-IAS-Production\AIS\wwwroot\js\csp\Views_AdministrationPanel_entity_relationship.js","62","alert(""Menu Pages assignment Succesfully completed"");"
"alerts","C:\Users\Asad Ali\Documents\GitHub\HTTPS-IAS-Production\AIS\wwwroot\js\csp\Views_AdministrationPanel_entity_shifting.js","153","alert(""Enter Old Entity ID to proceed"");"
"alerts","C:\Users\Asad Ali\Documents\GitHub\HTTPS-IAS-Production\AIS\wwwroot\js\csp\Views_AdministrationPanel_entity_shifting.js","157","alert(""Enter New Entity ID to proceed"");"
"alerts","C:\Users\Asad Ali\Documents\GitHub\HTTPS-IAS-Production\AIS\wwwroot\js\csp\Views_AdministrationPanel_gm_repo_line_management.js","83","alert(""please select atleast one entity to proceed"");"
"alerts","C:\Users\Asad Ali\Documents\GitHub\HTTPS-IAS-Production\AIS\wwwroot\js\csp\Views_AdministrationPanel_gm_repo_line_management.js","88","alert(""Please select at least either GM Office or Reporting Line to proceed "");"
"alerts","C:\Users\Asad Ali\Documents\GitHub\HTTPS-IAS-Production\AIS\wwwroot\js\csp\Views_AdministrationPanel_group_role_assignment.js","91","alert('Mapping successfuly completed ');"
"alerts","C:\Users\Asad Ali\Documents\GitHub\HTTPS-IAS-Production\AIS\wwwroot\js\csp\Views_AdministrationPanel_manage_user.js","151","alert('Please provide at least one filter to proceed');"
"alerts","C:\Users\Asad Ali\Documents\GitHub\HTTPS-IAS-Production\AIS\wwwroot\js\csp\Views_AdministrationPanel_manage_user.js","332","alert('Password and Confirm Password should be Same');"
"alerts","C:\Users\Asad Ali\Documents\GitHub\HTTPS-IAS-Production\AIS\wwwroot\js\csp\Views_AdministrationPanel_manage_user.js","360","alert('Password and Confirm Password should be Same');"
"alerts","C:\Users\Asad Ali\Documents\GitHub\HTTPS-IAS-Production\AIS\wwwroot\js\csp\Views_AdministrationPanel_menu_assignment.js","4","alert('Session expired');"
"alerts","C:\Users\Asad Ali\Documents\GitHub\HTTPS-IAS-Production\AIS\wwwroot\js\csp\Views_AdministrationPanel_menu_assignment.js","8","alert('No permission');"
"alerts","C:\Users\Asad Ali\Documents\GitHub\HTTPS-IAS-Production\AIS\wwwroot\js\csp\Views_AdministrationPanel_menu_assignment.js","14","alert('Unexpected response from server');"
"alerts","C:\Users\Asad Ali\Documents\GitHub\HTTPS-IAS-Production\AIS\wwwroot\js\csp\Views_AdministrationPanel_menu_assignment.js","18","alert('Request failed');"
"alerts","C:\Users\Asad Ali\Documents\GitHub\HTTPS-IAS-Production\AIS\wwwroot\js\csp\Views_AdministrationPanel_menu_assignment.js","52","alert('Unexpected response from server');"
"alerts","C:\Users\Asad Ali\Documents\GitHub\HTTPS-IAS-Production\AIS\wwwroot\js\csp\Views_AdministrationPanel_menu_assignment.js","78","alert('Please check atleast one page to proceed');"
"alerts","C:\Users\Asad Ali\Documents\GitHub\HTTPS-IAS-Production\AIS\wwwroot\js\csp\Views_AdministrationPanel_menu_assignment.js","91","alert(""Menu Pages assignment Succesfully completed"");"
"alerts","C:\Users\Asad Ali\Documents\GitHub\HTTPS-IAS-Production\AIS\wwwroot\js\csp\Views_AdministrationPanel_menu_management.js","73","alert(""Enter Menu Name to proceed"");"
"alerts","C:\Users\Asad Ali\Documents\GitHub\HTTPS-IAS-Production\AIS\wwwroot\js\csp\Views_AdministrationPanel_menu_management.js","78","alert(""Enter Menu Order to proceed"");"
"alerts","C:\Users\Asad Ali\Documents\GitHub\HTTPS-IAS-Production\AIS\wwwroot\js\csp\Views_AdministrationPanel_menu_management.js","82","alert(""Enter Menu status to proceed"");"
"alerts","C:\Users\Asad Ali\Documents\GitHub\HTTPS-IAS-Production\AIS\wwwroot\js\csp\Views_AdministrationPanel_pages_management.js","103","alert(""Select Menu to proceed"");"
"alerts","C:\Users\Asad Ali\Documents\GitHub\HTTPS-IAS-Production\AIS\wwwroot\js\csp\Views_AdministrationPanel_pages_management.js","107","alert(""Enter Page Name to proceed"");"
"alerts","C:\Users\Asad Ali\Documents\GitHub\HTTPS-IAS-Production\AIS\wwwroot\js\csp\Views_AdministrationPanel_pages_management.js","111","alert(""Enter Page Path to proceed"");"
"alerts","C:\Users\Asad Ali\Documents\GitHub\HTTPS-IAS-Production\AIS\wwwroot\js\csp\Views_AdministrationPanel_pages_management.js","115","alert(""Enter Page Order to proceed"");"
"alerts","C:\Users\Asad Ali\Documents\GitHub\HTTPS-IAS-Production\AIS\wwwroot\js\csp\Views_AdministrationPanel_pages_management.js","119","alert(""Enter Page Path to proceed"");"
"alerts","C:\Users\Asad Ali\Documents\GitHub\HTTPS-IAS-Production\AIS\wwwroot\js\csp\Views_AdministrationPanel_setup_engagement_reversal.js","312","alert(""Please select atleast one observation to update status"");"
"alerts","C:\Users\Asad Ali\Documents\GitHub\HTTPS-IAS-Production\AIS\wwwroot\js\csp\Views_AdministrationPanel_setup_engagement_reversal.js","343","alert(""Please select new Status to proceed"");"
"alerts","C:\Users\Asad Ali\Documents\GitHub\HTTPS-IAS-Production\AIS\wwwroot\js\csp\Views_AdministrationPanel_setup_engagement_reversal.js","370","alert(""Please select new Engagement Status to proceed"");"
"alerts","C:\Users\Asad Ali\Documents\GitHub\HTTPS-IAS-Production\AIS\wwwroot\js\csp\Views_AdministrationPanel_setup_engagement_reversal.js","375","alert(""Please enter to commetns to proceed"");"
"alerts","C:\Users\Asad Ali\Documents\GitHub\HTTPS-IAS-Production\AIS\wwwroot\js\csp\Views_AdministrationPanel_setup_engagement_reversal.js","402","alert(""Please select Team to proceed"");"
"alerts","C:\Users\Asad Ali\Documents\GitHub\HTTPS-IAS-Production\AIS\wwwroot\js\csp\Views_AdministrationPanel_sub_menu_management.js","66","alert(""Select Menu to proceed"");"
"alerts","C:\Users\Asad Ali\Documents\GitHub\HTTPS-IAS-Production\AIS\wwwroot\js\csp\Views_AdministrationPanel_sub_menu_management.js","70","alert(""Enter Sub Menu Name to proceed"");"
"alerts","C:\Users\Asad Ali\Documents\GitHub\HTTPS-IAS-Production\AIS\wwwroot\js\csp\Views_AdministrationPanel_sub_menu_management.js","75","alert(""Enter Order to proceed"");"
"alerts","C:\Users\Asad Ali\Documents\GitHub\HTTPS-IAS-Production\AIS\wwwroot\js\csp\Views_AdministrationPanel_sub_menu_management.js","79","alert(""Enter Status to proceed"");"
"alerts","C:\Users\Asad Ali\Documents\GitHub\HTTPS-IAS-Production\AIS\wwwroot\js\csp\Views_AuditeePortal_ccqs.js","68","alert('Please Enter Question');"
"alerts","C:\Users\Asad Ali\Documents\GitHub\HTTPS-IAS-Production\AIS\wwwroot\js\csp\Views_AuditeePortal_ccqs.js","73","alert('Please Select Control Violation');"
"alerts","C:\Users\Asad Ali\Documents\GitHub\HTTPS-IAS-Production\AIS\wwwroot\js\csp\Views_AuditeePortal_ccqs.js","78","alert('Please Select Risk');"
"alerts","C:\Users\Asad Ali\Documents\GitHub\HTTPS-IAS-Production\AIS\wwwroot\js\csp\Views_AuditeePortal_ccqs.js","83","alert('Please Select Status');"
"alerts","C:\Users\Asad Ali\Documents\GitHub\HTTPS-IAS-Production\AIS\wwwroot\js\csp\Views_AuditeePortal_ccqs.js","99","alert('Record Updated Successfully');"
"alerts","C:\Users\Asad Ali\Documents\GitHub\HTTPS-IAS-Production\AIS\wwwroot\js\csp\Views_AuditeePortal_observation_assigned.js","85","alert(""Files uploaded successfully!"");"
"alerts","C:\Users\Asad Ali\Documents\GitHub\HTTPS-IAS-Production\AIS\wwwroot\js\csp\Views_AuditeePortal_observation_assigned.js","94","alert(""Error uploading files. Please try again.""); // Use custom alert"
"alerts","C:\Users\Asad Ali\Documents\GitHub\HTTPS-IAS-Production\AIS\wwwroot\js\csp\Views_AuditeePortal_observation_assigned.js","376","alert(""Reply sent successfuly"");"
"alerts","C:\Users\Asad Ali\Documents\GitHub\HTTPS-IAS-Production\AIS\wwwroot\js\csp\Views_AuditeePortal_observation_assigned.js","383","alert(""Provide your comments to proceed"");"
"alerts","C:\Users\Asad Ali\Documents\GitHub\HTTPS-IAS-Production\AIS\wwwroot\js\csp\Views_AuditeePortal_old_para_reply_cad.js","135","alert('Select Violation Category');"
"alerts","C:\Users\Asad Ali\Documents\GitHub\HTTPS-IAS-Production\AIS\wwwroot\js\csp\Views_AuditeePortal_old_para_reply_cad.js","139","alert('Select Violation Nature');"
"alerts","C:\Users\Asad Ali\Documents\GitHub\HTTPS-IAS-Production\AIS\wwwroot\js\csp\Views_AuditeePortal_old_para_reply_cad.js","143","alert('Select Risk');"
"alerts","C:\Users\Asad Ali\Documents\GitHub\HTTPS-IAS-Production\AIS\wwwroot\js\csp\Views_AuditeePortal_old_para_reply_cad.js","148","alert(""Please enter Reply"");"
"alerts","C:\Users\Asad Ali\Documents\GitHub\HTTPS-IAS-Production\AIS\wwwroot\js\csp\Views_AuditeePortal_Para_Text_Update_FAD.js","67","alert(""Please enter Reply"");"
"alerts","C:\Users\Asad Ali\Documents\GitHub\HTTPS-IAS-Production\AIS\wwwroot\js\csp\Views_CAU_monitoring_oms.js","91","alert('Request taking longer than usual, please wait or refine search.');"
"alerts","C:\Users\Asad Ali\Documents\GitHub\HTTPS-IAS-Production\AIS\wwwroot\js\csp\Views_CAU_monitoring_oms.js","94","alert('Request failed. Please try again.');"
"alerts","C:\Users\Asad Ali\Documents\GitHub\HTTPS-IAS-Production\AIS\wwwroot\js\csp\Views_CAU_monitoring_oms.js","150","alert('Select Annexure');"
"alerts","C:\Users\Asad Ali\Documents\GitHub\HTTPS-IAS-Production\AIS\wwwroot\js\csp\Views_CAU_monitoring_oms.js","154","alert('Select Violation Category');"
"alerts","C:\Users\Asad Ali\Documents\GitHub\HTTPS-IAS-Production\AIS\wwwroot\js\csp\Views_CAU_monitoring_oms.js","158","alert('Select Violation Nature');"
"alerts","C:\Users\Asad Ali\Documents\GitHub\HTTPS-IAS-Production\AIS\wwwroot\js\csp\Views_CAU_monitoring_oms.js","162","alert('Select Sub Checklist Detail');"
"alerts","C:\Users\Asad Ali\Documents\GitHub\HTTPS-IAS-Production\AIS\wwwroot\js\csp\Views_CAU_monitoring_oms.js","168","alert('Select Risk');"
"alerts","C:\Users\Asad Ali\Documents\GitHub\HTTPS-IAS-Production\AIS\wwwroot\js\csp\Views_CAU_monitoring_oms.js","172","alert('Please Enter Para Heading');"
"alerts","C:\Users\Asad Ali\Documents\GitHub\HTTPS-IAS-Production\AIS\wwwroot\js\csp\Views_CAU_monitoring_oms.js","177","alert('Please Enter Amount Involved, in case of blank please enter 0');"
"alerts","C:\Users\Asad Ali\Documents\GitHub\HTTPS-IAS-Production\AIS\wwwroot\js\csp\Views_CAU_monitoring_oms.js","183","alert('Please Enter No. of Instances, in case of blank please enter 0');"
"alerts","C:\Users\Asad Ali\Documents\GitHub\HTTPS-IAS-Production\AIS\wwwroot\js\csp\Views_CAU_monitoring_oms.js","252","alert(""Please enter PP Number to proceed"");"
"alerts","C:\Users\Asad Ali\Documents\GitHub\HTTPS-IAS-Production\AIS\wwwroot\js\csp\Views_CAU_om_creation.js","91","alert('Request taking longer than usual, please wait or refine search.');"
"alerts","C:\Users\Asad Ali\Documents\GitHub\HTTPS-IAS-Production\AIS\wwwroot\js\csp\Views_CAU_om_creation.js","94","alert('Request failed. Please try again.');"
"alerts","C:\Users\Asad Ali\Documents\GitHub\HTTPS-IAS-Production\AIS\wwwroot\js\csp\Views_CAU_om_creation.js","150","alert('Select Annexure');"
"alerts","C:\Users\Asad Ali\Documents\GitHub\HTTPS-IAS-Production\AIS\wwwroot\js\csp\Views_CAU_om_creation.js","154","alert('Select Violation Category');"
"alerts","C:\Users\Asad Ali\Documents\GitHub\HTTPS-IAS-Production\AIS\wwwroot\js\csp\Views_CAU_om_creation.js","158","alert('Select Violation Nature');"
"alerts","C:\Users\Asad Ali\Documents\GitHub\HTTPS-IAS-Production\AIS\wwwroot\js\csp\Views_CAU_om_creation.js","162","alert('Select Sub Checklist Detail');"
"alerts","C:\Users\Asad Ali\Documents\GitHub\HTTPS-IAS-Production\AIS\wwwroot\js\csp\Views_CAU_om_creation.js","168","alert('Select Risk');"
"alerts","C:\Users\Asad Ali\Documents\GitHub\HTTPS-IAS-Production\AIS\wwwroot\js\csp\Views_CAU_om_creation.js","172","alert('Please Enter Para Heading');"
"alerts","C:\Users\Asad Ali\Documents\GitHub\HTTPS-IAS-Production\AIS\wwwroot\js\csp\Views_CAU_om_creation.js","177","alert('Please Enter Amount Involved, in case of blank please enter 0');"
"alerts","C:\Users\Asad Ali\Documents\GitHub\HTTPS-IAS-Production\AIS\wwwroot\js\csp\Views_CAU_om_creation.js","183","alert('Please Enter No. of Instances, in case of blank please enter 0');"
"alerts","C:\Users\Asad Ali\Documents\GitHub\HTTPS-IAS-Production\AIS\wwwroot\js\csp\Views_CAU_om_creation.js","252","alert(""Please enter PP Number to proceed"");"
"alerts","C:\Users\Asad Ali\Documents\GitHub\HTTPS-IAS-Production\AIS\wwwroot\js\csp\Views_CAU_OM_om_assignment.js","50","alert('Select Division');"
"alerts","C:\Users\Asad Ali\Documents\GitHub\HTTPS-IAS-Production\AIS\wwwroot\js\csp\Views_CAU_OM_om_assignment.js","54","alert('Please enter OM Number');"
"alerts","C:\Users\Asad Ali\Documents\GitHub\HTTPS-IAS-Production\AIS\wwwroot\js\csp\Views_CAU_OM_om_assignment.js","87","alert('Please enter Para Number');"
"alerts","C:\Users\Asad Ali\Documents\GitHub\HTTPS-IAS-Production\AIS\wwwroot\js\csp\Views_CAU_OM_om_assignment.js","204","alert(""Please enter OM No. and Inspection Year to search"");"
"alerts","C:\Users\Asad Ali\Documents\GitHub\HTTPS-IAS-Production\AIS\wwwroot\js\csp\Views_CAU_OM_om_assignment.js","230","alert(""You have entered Wrong Key"");"
"alerts","C:\Users\Asad Ali\Documents\GitHub\HTTPS-IAS-Production\AIS\wwwroot\js\csp\Views_CAU_om_reply.js","91","alert('Request taking longer than usual, please wait or refine search.');"
"alerts","C:\Users\Asad Ali\Documents\GitHub\HTTPS-IAS-Production\AIS\wwwroot\js\csp\Views_CAU_om_reply.js","94","alert('Request failed. Please try again.');"
"alerts","C:\Users\Asad Ali\Documents\GitHub\HTTPS-IAS-Production\AIS\wwwroot\js\csp\Views_CAU_om_reply.js","150","alert('Select Annexure');"
"alerts","C:\Users\Asad Ali\Documents\GitHub\HTTPS-IAS-Production\AIS\wwwroot\js\csp\Views_CAU_om_reply.js","154","alert('Select Violation Category');"
"alerts","C:\Users\Asad Ali\Documents\GitHub\HTTPS-IAS-Production\AIS\wwwroot\js\csp\Views_CAU_om_reply.js","158","alert('Select Violation Nature');"
"alerts","C:\Users\Asad Ali\Documents\GitHub\HTTPS-IAS-Production\AIS\wwwroot\js\csp\Views_CAU_om_reply.js","162","alert('Select Sub Checklist Detail');"
"alerts","C:\Users\Asad Ali\Documents\GitHub\HTTPS-IAS-Production\AIS\wwwroot\js\csp\Views_CAU_om_reply.js","168","alert('Select Risk');"
"alerts","C:\Users\Asad Ali\Documents\GitHub\HTTPS-IAS-Production\AIS\wwwroot\js\csp\Views_CAU_om_reply.js","172","alert('Please Enter Para Heading');"
"alerts","C:\Users\Asad Ali\Documents\GitHub\HTTPS-IAS-Production\AIS\wwwroot\js\csp\Views_CAU_om_reply.js","177","alert('Please Enter Amount Involved, in case of blank please enter 0');"
"alerts","C:\Users\Asad Ali\Documents\GitHub\HTTPS-IAS-Production\AIS\wwwroot\js\csp\Views_CAU_om_reply.js","183","alert('Please Enter No. of Instances, in case of blank please enter 0');"
"alerts","C:\Users\Asad Ali\Documents\GitHub\HTTPS-IAS-Production\AIS\wwwroot\js\csp\Views_CAU_om_reply.js","252","alert(""Please enter PP Number to proceed"");"
"alerts","C:\Users\Asad Ali\Documents\GitHub\HTTPS-IAS-Production\AIS\wwwroot\js\csp\Views_CAU_reports.js","91","alert('Request taking longer than usual, please wait or refine search.');"
"alerts","C:\Users\Asad Ali\Documents\GitHub\HTTPS-IAS-Production\AIS\wwwroot\js\csp\Views_CAU_reports.js","94","alert('Request failed. Please try again.');"
"alerts","C:\Users\Asad Ali\Documents\GitHub\HTTPS-IAS-Production\AIS\wwwroot\js\csp\Views_CAU_reports.js","150","alert('Select Annexure');"
"alerts","C:\Users\Asad Ali\Documents\GitHub\HTTPS-IAS-Production\AIS\wwwroot\js\csp\Views_CAU_reports.js","154","alert('Select Violation Category');"
"alerts","C:\Users\Asad Ali\Documents\GitHub\HTTPS-IAS-Production\AIS\wwwroot\js\csp\Views_CAU_reports.js","158","alert('Select Violation Nature');"
"alerts","C:\Users\Asad Ali\Documents\GitHub\HTTPS-IAS-Production\AIS\wwwroot\js\csp\Views_CAU_reports.js","162","alert('Select Sub Checklist Detail');"
"alerts","C:\Users\Asad Ali\Documents\GitHub\HTTPS-IAS-Production\AIS\wwwroot\js\csp\Views_CAU_reports.js","168","alert('Select Risk');"
"alerts","C:\Users\Asad Ali\Documents\GitHub\HTTPS-IAS-Production\AIS\wwwroot\js\csp\Views_CAU_reports.js","172","alert('Please Enter Para Heading');"
"alerts","C:\Users\Asad Ali\Documents\GitHub\HTTPS-IAS-Production\AIS\wwwroot\js\csp\Views_CAU_reports.js","177","alert('Please Enter Amount Involved, in case of blank please enter 0');"
"alerts","C:\Users\Asad Ali\Documents\GitHub\HTTPS-IAS-Production\AIS\wwwroot\js\csp\Views_CAU_reports.js","183","alert('Please Enter No. of Instances, in case of blank please enter 0');"
"alerts","C:\Users\Asad Ali\Documents\GitHub\HTTPS-IAS-Production\AIS\wwwroot\js\csp\Views_CAU_reports.js","252","alert(""Please enter PP Number to proceed"");"
"alerts","C:\Users\Asad Ali\Documents\GitHub\HTTPS-IAS-Production\AIS\wwwroot\js\csp\Views_Dashboard_para_view.js","77","alert(""Select Annexure to Proceed"");"
"alerts","C:\Users\Asad Ali\Documents\GitHub\HTTPS-IAS-Production\AIS\wwwroot\js\csp\Views_Dashboard_para_view.js","81","alert(""Select Reporting Office or Place of Posting to Proceed"");"
"alerts","C:\Users\Asad Ali\Documents\GitHub\HTTPS-IAS-Production\AIS\wwwroot\js\csp\Views_Engagement_ccqs.js","68","alert('Enter Sr. No.');"
"alerts","C:\Users\Asad Ali\Documents\GitHub\HTTPS-IAS-Production\AIS\wwwroot\js\csp\Views_Engagement_ccqs.js","74","alert('Enter Entity');"
"alerts","C:\Users\Asad Ali\Documents\GitHub\HTTPS-IAS-Production\AIS\wwwroot\js\csp\Views_Engagement_ccqs.js","79","alert('Enter Question');"
"alerts","C:\Users\Asad Ali\Documents\GitHub\HTTPS-IAS-Production\AIS\wwwroot\js\csp\Views_Engagement_ccqs.js","84","alert('Enter Control Violation');"
"alerts","C:\Users\Asad Ali\Documents\GitHub\HTTPS-IAS-Production\AIS\wwwroot\js\csp\Views_Engagement_ccqs.js","89","alert('Enter Risk');"
"alerts","C:\Users\Asad Ali\Documents\GitHub\HTTPS-IAS-Production\AIS\wwwroot\js\csp\Views_Engagement_ccqs.js","94","alert('Enter Status');"
"alerts","C:\Users\Asad Ali\Documents\GitHub\HTTPS-IAS-Production\AIS\wwwroot\js\csp\Views_Engagement_create_audit_plan.js","81","alert(row);"
"alerts","C:\Users\Asad Ali\Documents\GitHub\HTTPS-IAS-Production\AIS\wwwroot\js\csp\Views_Engagement_create_audit_plan.js","115","alert('Entity Added Successfully');"
"alerts","C:\Users\Asad Ali\Documents\GitHub\HTTPS-IAS-Production\AIS\wwwroot\js\csp\Views_Engagement_engagement_plan.js","188","alert(""Under Construction"");"
"alerts","C:\Users\Asad Ali\Documents\GitHub\HTTPS-IAS-Production\AIS\wwwroot\js\csp\Views_Engagement_eng_plan_list.js","13","alert(""Enter Comments to Proceed""); return false;"
"alerts","C:\Users\Asad Ali\Documents\GitHub\HTTPS-IAS-Production\AIS\wwwroot\js\csp\Views_Engagement_eng_plan_list.js","25","alert(""Successfully rejected Engagement Plan"");"
"alerts","C:\Users\Asad Ali\Documents\GitHub\HTTPS-IAS-Production\AIS\wwwroot\js\csp\Views_Engagement_eng_plan_list.js","42","alert(""Successfully approved Engagement Plan"");"
"alerts","C:\Users\Asad Ali\Documents\GitHub\HTTPS-IAS-Production\AIS\wwwroot\js\csp\Views_Engagement_eng_plan_ref_list.js","71","alert(""Unable to load audit teams."");"
"alerts","C:\Users\Asad Ali\Documents\GitHub\HTTPS-IAS-Production\AIS\wwwroot\js\csp\Views_Engagement_eng_plan_ref_list.js","106","if (!comments || !comments.trim()) { alert(""Enter Comments to Proceed""); return false; }"
"alerts","C:\Users\Asad Ali\Documents\GitHub\HTTPS-IAS-Production\AIS\wwwroot\js\csp\Views_Engagement_eng_plan_ref_list.js","113","if (!ops || !ope || !s || !se) { alert(""Please select all dates to proceed.""); return false; }"
"alerts","C:\Users\Asad Ali\Documents\GitHub\HTTPS-IAS-Production\AIS\wwwroot\js\csp\Views_Engagement_eng_plan_ref_list.js","116","if (!teamId || teamId === ""0"") { alert(""Select Team to Proceed""); return false; }"
"alerts","C:\Users\Asad Ali\Documents\GitHub\HTTPS-IAS-Production\AIS\wwwroot\js\csp\Views_Engagement_eng_plan_ref_list.js","155","alert(""Successfully approved Engagement Plan"");"
"alerts","C:\Users\Asad Ali\Documents\GitHub\HTTPS-IAS-Production\AIS\wwwroot\js\csp\Views_Engagement_eng_plan_ref_list.js","163","alert(""Unable to approve. Please try again."");"
"alerts","C:\Users\Asad Ali\Documents\GitHub\HTTPS-IAS-Production\AIS\wwwroot\js\csp\Views_Engagement_ongoing_engagements_list.js","13","alert(""Enter Comments to Proceed""); return false;"
"alerts","C:\Users\Asad Ali\Documents\GitHub\HTTPS-IAS-Production\AIS\wwwroot\js\csp\Views_Engagement_ongoing_engagements_list.js","25","alert(""Successfully rejected Engagement Plan"");"
"alerts","C:\Users\Asad Ali\Documents\GitHub\HTTPS-IAS-Production\AIS\wwwroot\js\csp\Views_Engagement_ongoing_engagements_list.js","42","alert(""Successfully approved Engagement Plan"");"
"alerts","C:\Users\Asad Ali\Documents\GitHub\HTTPS-IAS-Production\AIS\wwwroot\js\csp\Views_Execution_auditee_observations_report.js","143","alert(""Audit Closed Successfully"");"
"alerts","C:\Users\Asad Ali\Documents\GitHub\HTTPS-IAS-Production\AIS\wwwroot\js\csp\Views_Execution_auditee_observations_report_cau.js","219","alert(""Audit Closed Successfully"");"
"alerts","C:\Users\Asad Ali\Documents\GitHub\HTTPS-IAS-Production\AIS\wwwroot\js\csp\Views_Execution_auditee_position_outlook.js","166","alert(""Audit Closed Successfully"");"
"alerts","C:\Users\Asad Ali\Documents\GitHub\HTTPS-IAS-Production\AIS\wwwroot\js\csp\Views_Execution_Audit_Execution.js","72","alert('Select Violation Category');"
"alerts","C:\Users\Asad Ali\Documents\GitHub\HTTPS-IAS-Production\AIS\wwwroot\js\csp\Views_Execution_Audit_Execution.js","76","alert('Select Violation Nature');"
"alerts","C:\Users\Asad Ali\Documents\GitHub\HTTPS-IAS-Production\AIS\wwwroot\js\csp\Views_Execution_Audit_Execution.js","80","alert('Select Risk');"
"alerts","C:\Users\Asad Ali\Documents\GitHub\HTTPS-IAS-Production\AIS\wwwroot\js\csp\Views_Execution_Audit_Execution.js","84","alert('Please Enter Para Heading');"
"alerts","C:\Users\Asad Ali\Documents\GitHub\HTTPS-IAS-Production\AIS\wwwroot\js\csp\Views_Execution_cau_observation.js","115","alert('This responsibility is already added.');"
"alerts","C:\Users\Asad Ali\Documents\GitHub\HTTPS-IAS-Production\AIS\wwwroot\js\csp\Views_Execution_cau_observation.js","183","alert('Request taking longer than usual, please wait or refine search.');"
"alerts","C:\Users\Asad Ali\Documents\GitHub\HTTPS-IAS-Production\AIS\wwwroot\js\csp\Views_Execution_cau_observation.js","186","alert('Request failed. Please try again.');"
"alerts","C:\Users\Asad Ali\Documents\GitHub\HTTPS-IAS-Production\AIS\wwwroot\js\csp\Views_Execution_cau_observation.js","242","alert('Select Annexure');"
"alerts","C:\Users\Asad Ali\Documents\GitHub\HTTPS-IAS-Production\AIS\wwwroot\js\csp\Views_Execution_cau_observation.js","246","alert('Select Violation Category');"
"alerts","C:\Users\Asad Ali\Documents\GitHub\HTTPS-IAS-Production\AIS\wwwroot\js\csp\Views_Execution_cau_observation.js","250","alert('Select Violation Nature');"
"alerts","C:\Users\Asad Ali\Documents\GitHub\HTTPS-IAS-Production\AIS\wwwroot\js\csp\Views_Execution_cau_observation.js","254","alert('Select Sub Checklist Detail');"
"alerts","C:\Users\Asad Ali\Documents\GitHub\HTTPS-IAS-Production\AIS\wwwroot\js\csp\Views_Execution_cau_observation.js","261","alert('Risk not available for selected Annexure');"
"alerts","C:\Users\Asad Ali\Documents\GitHub\HTTPS-IAS-Production\AIS\wwwroot\js\csp\Views_Execution_cau_observation.js","265","alert('Please Enter Para Heading');"
"alerts","C:\Users\Asad Ali\Documents\GitHub\HTTPS-IAS-Production\AIS\wwwroot\js\csp\Views_Execution_cau_observation.js","270","alert('Please Enter Amount Involved, in case of blank please enter 0');"
"alerts","C:\Users\Asad Ali\Documents\GitHub\HTTPS-IAS-Production\AIS\wwwroot\js\csp\Views_Execution_cau_observation.js","276","alert('Please Enter No. of Instances, in case of blank please enter 0');"
"alerts","C:\Users\Asad Ali\Documents\GitHub\HTTPS-IAS-Production\AIS\wwwroot\js\csp\Views_Execution_cau_observation.js","377","alert(""Please enter PP Number to proceed"");"
"alerts","C:\Users\Asad Ali\Documents\GitHub\HTTPS-IAS-Production\AIS\wwwroot\js\csp\Views_Execution_cau_observation.js","391","alert(""No record found.."");"
"alerts","C:\Users\Asad Ali\Documents\GitHub\HTTPS-IAS-Production\AIS\wwwroot\js\csp\Views_Execution_cau_observation.js","431","alert(""No record found.."");"
"alerts","C:\Users\Asad Ali\Documents\GitHub\HTTPS-IAS-Production\AIS\wwwroot\js\csp\Views_Execution_cau_observation.js","498","alert('Select at least one responsible');"
"alerts","C:\Users\Asad Ali\Documents\GitHub\HTTPS-IAS-Production\AIS\wwwroot\js\csp\Views_Execution_cau_observation.js","503","alert('Please select a responsibility to update.');"
"alerts","C:\Users\Asad Ali\Documents\GitHub\HTTPS-IAS-Production\AIS\wwwroot\js\csp\Views_Execution_cau_observation.js","523","alert('Please select a responsibility to delete.');"
"alerts","C:\Users\Asad Ali\Documents\GitHub\HTTPS-IAS-Production\AIS\wwwroot\js\csp\Views_Execution_checklist_details.js","83","alert('Request taking longer than usual, please wait or refine search.');"
"alerts","C:\Users\Asad Ali\Documents\GitHub\HTTPS-IAS-Production\AIS\wwwroot\js\csp\Views_Execution_checklist_details.js","86","alert('Request failed. Please try again.');"
"alerts","C:\Users\Asad Ali\Documents\GitHub\HTTPS-IAS-Production\AIS\wwwroot\js\csp\Views_Execution_checklist_details.js","150","alert('This responsibility is already added.');"
"alerts","C:\Users\Asad Ali\Documents\GitHub\HTTPS-IAS-Production\AIS\wwwroot\js\csp\Views_Execution_checklist_details.js","223","alert(""Please select Annexure"");"
"alerts","C:\Users\Asad Ali\Documents\GitHub\HTTPS-IAS-Production\AIS\wwwroot\js\csp\Views_Execution_checklist_details.js","227","alert(""Please Enter Para Heading"");"
"alerts","C:\Users\Asad Ali\Documents\GitHub\HTTPS-IAS-Production\AIS\wwwroot\js\csp\Views_Execution_checklist_details.js","232","alert(""Risk not available for selected Annexure"");"
"alerts","C:\Users\Asad Ali\Documents\GitHub\HTTPS-IAS-Production\AIS\wwwroot\js\csp\Views_Execution_checklist_details.js","236","alert('Please Enter Amount Involved, in case of blank please enter 0');"
"alerts","C:\Users\Asad Ali\Documents\GitHub\HTTPS-IAS-Production\AIS\wwwroot\js\csp\Views_Execution_checklist_details.js","242","alert('Please Enter No. of Instances, in case of blank please enter 0');"
"alerts","C:\Users\Asad Ali\Documents\GitHub\HTTPS-IAS-Production\AIS\wwwroot\js\csp\Views_Execution_checklist_details.js","355","alert(""Please select Yes to create Observation"");"
"alerts","C:\Users\Asad Ali\Documents\GitHub\HTTPS-IAS-Production\AIS\wwwroot\js\csp\Views_Execution_checklist_details.js","377","alert(""Please enter PP Number to proceed"");"
"alerts","C:\Users\Asad Ali\Documents\GitHub\HTTPS-IAS-Production\AIS\wwwroot\js\csp\Views_Execution_checklist_details.js","391","alert(""No record found.."");"
"alerts","C:\Users\Asad Ali\Documents\GitHub\HTTPS-IAS-Production\AIS\wwwroot\js\csp\Views_Execution_checklist_details.js","431","alert(""No record found.."");"
"alerts","C:\Users\Asad Ali\Documents\GitHub\HTTPS-IAS-Production\AIS\wwwroot\js\csp\Views_Execution_checklist_details.js","495","alert('Select at least one responsible');"
"alerts","C:\Users\Asad Ali\Documents\GitHub\HTTPS-IAS-Production\AIS\wwwroot\js\csp\Views_Execution_checklist_details.js","500","alert('Please select a responsibility to update.');"
"alerts","C:\Users\Asad Ali\Documents\GitHub\HTTPS-IAS-Production\AIS\wwwroot\js\csp\Views_Execution_checklist_details.js","520","alert('Please select a responsibility to delete.');"
"alerts","C:\Users\Asad Ali\Documents\GitHub\HTTPS-IAS-Production\AIS\wwwroot\js\csp\Views_Execution_create_dsa.js","70","alert(""Please check all DSA guidelines to proceed"");"
"alerts","C:\Users\Asad Ali\Documents\GitHub\HTTPS-IAS-Production\AIS\wwwroot\js\csp\Views_Execution_create_dsa.js","84","alert(""Please check at least one Responsible to proceed"");"
"alerts","C:\Users\Asad Ali\Documents\GitHub\HTTPS-IAS-Production\AIS\wwwroot\js\csp\Views_Execution_draft_audit_report.js","214","alert(""Please enter Final Para No to proceed"");"
"alerts","C:\Users\Asad Ali\Documents\GitHub\HTTPS-IAS-Production\AIS\wwwroot\js\csp\Views_Execution_draft_audit_report.js","222","alert(""Please enter the Comments First"");"
"alerts","C:\Users\Asad Ali\Documents\GitHub\HTTPS-IAS-Production\AIS\wwwroot\js\csp\Views_Execution_draft_audit_report_branch.js","147","alert(""Please enter Final Para No to proceed"");"
"alerts","C:\Users\Asad Ali\Documents\GitHub\HTTPS-IAS-Production\AIS\wwwroot\js\csp\Views_Execution_draft_audit_report_branch.js","154","alert(""Please enter the Comments First"");"
"alerts","C:\Users\Asad Ali\Documents\GitHub\HTTPS-IAS-Production\AIS\wwwroot\js\csp\Views_Execution_draft_audit_report_branch.js","558","alert(""Please select at least one responsible from the list to issue DSA"");"
"alerts","C:\Users\Asad Ali\Documents\GitHub\HTTPS-IAS-Production\AIS\wwwroot\js\csp\Views_Execution_engagement_plan.js","188","alert(""Under Construction"");"
"alerts","C:\Users\Asad Ali\Documents\GitHub\HTTPS-IAS-Production\AIS\wwwroot\js\csp\Views_Execution_manage_audit_paras.js","204","alert(""Please enter Audit Period"");"
"alerts","C:\Users\Asad Ali\Documents\GitHub\HTTPS-IAS-Production\AIS\wwwroot\js\csp\Views_Execution_manage_audit_paras.js","210","alert(""Please select Audit Risk"");"
"alerts","C:\Users\Asad Ali\Documents\GitHub\HTTPS-IAS-Production\AIS\wwwroot\js\csp\Views_Execution_manage_audit_paras.js","214","alert(""Please select Annexure"");"
"alerts","C:\Users\Asad Ali\Documents\GitHub\HTTPS-IAS-Production\AIS\wwwroot\js\csp\Views_Execution_manage_audit_paras.js","218","alert(""Please enter Para No"");"
"alerts","C:\Users\Asad Ali\Documents\GitHub\HTTPS-IAS-Production\AIS\wwwroot\js\csp\Views_Execution_manage_audit_paras.js","222","alert(""Please enter Para Gist"");"
"alerts","C:\Users\Asad Ali\Documents\GitHub\HTTPS-IAS-Production\AIS\wwwroot\js\csp\Views_Execution_manage_audit_paras.js","258","alert(""Update failed. Check console for details."");"
"alerts","C:\Users\Asad Ali\Documents\GitHub\HTTPS-IAS-Production\AIS\wwwroot\js\csp\Views_Execution_manage_audit_paras_authorized.js","64","alert('This responsibility is already added.');"
"alerts","C:\Users\Asad Ali\Documents\GitHub\HTTPS-IAS-Production\AIS\wwwroot\js\csp\Views_Execution_manage_audit_paras_authorized.js","217","alert(""Please enter Audit Period"");"
"alerts","C:\Users\Asad Ali\Documents\GitHub\HTTPS-IAS-Production\AIS\wwwroot\js\csp\Views_Execution_manage_audit_paras_authorized.js","222","alert(""Please select Audit Risk"");"
"alerts","C:\Users\Asad Ali\Documents\GitHub\HTTPS-IAS-Production\AIS\wwwroot\js\csp\Views_Execution_manage_audit_paras_authorized.js","226","alert(""Please select Annexure"");"
"alerts","C:\Users\Asad Ali\Documents\GitHub\HTTPS-IAS-Production\AIS\wwwroot\js\csp\Views_Execution_manage_audit_paras_authorized.js","230","alert(""Please enter Para No"");"
"alerts","C:\Users\Asad Ali\Documents\GitHub\HTTPS-IAS-Production\AIS\wwwroot\js\csp\Views_Execution_manage_audit_paras_authorized.js","234","alert(""Please enter Para Gist"");"
"alerts","C:\Users\Asad Ali\Documents\GitHub\HTTPS-IAS-Production\AIS\wwwroot\js\csp\Views_Execution_manage_audit_paras_authorized.js","238","alert(""Please enter Para Text"");"
"alerts","C:\Users\Asad Ali\Documents\GitHub\HTTPS-IAS-Production\AIS\wwwroot\js\csp\Views_Execution_manage_audit_paras_authorized.js","242","alert(""Please enter Amount Involved or enter 0 in case of no amount involved"");"
"alerts","C:\Users\Asad Ali\Documents\GitHub\HTTPS-IAS-Production\AIS\wwwroot\js\csp\Views_Execution_manage_audit_paras_authorized.js","246","alert(""Please enter No. of Instances or enter 0 in case of no instance "");"
"alerts","C:\Users\Asad Ali\Documents\GitHub\HTTPS-IAS-Production\AIS\wwwroot\js\csp\Views_Execution_manage_audit_paras_authorized.js","382","alert('Please enter PP Number to proceed');"
"alerts","C:\Users\Asad Ali\Documents\GitHub\HTTPS-IAS-Production\AIS\wwwroot\js\csp\Views_Execution_manage_audit_paras_authorized.js","394","alert('No record found..');"
"alerts","C:\Users\Asad Ali\Documents\GitHub\HTTPS-IAS-Production\AIS\wwwroot\js\csp\Views_Execution_manage_audit_paras_authorized.js","420","alert('Please enter LC Number and Branch Code to proceed');"
"alerts","C:\Users\Asad Ali\Documents\GitHub\HTTPS-IAS-Production\AIS\wwwroot\js\csp\Views_Execution_manage_audit_paras_authorized.js","434","alert('No record found..');"
"alerts","C:\Users\Asad Ali\Documents\GitHub\HTTPS-IAS-Production\AIS\wwwroot\js\csp\Views_Execution_manage_audit_paras_authorized.js","647","alert('Select at least one responsible');"
"alerts","C:\Users\Asad Ali\Documents\GitHub\HTTPS-IAS-Production\AIS\wwwroot\js\csp\Views_Execution_manage_draft_report_paras.js","110","alert(""Please enter Draft Para No to proceed"");"
"alerts","C:\Users\Asad Ali\Documents\GitHub\HTTPS-IAS-Production\AIS\wwwroot\js\csp\Views_Execution_manage_draft_report_paras.js","115","alert(""Please enter the Comments to proceed"");"
"alerts","C:\Users\Asad Ali\Documents\GitHub\HTTPS-IAS-Production\AIS\wwwroot\js\csp\Views_Execution_manage_draft_report_paras_branch.js","129","alert(""Please enter Draft Para No to proceed"");"
"alerts","C:\Users\Asad Ali\Documents\GitHub\HTTPS-IAS-Production\AIS\wwwroot\js\csp\Views_Execution_manage_draft_report_paras_branch.js","135","alert(""Please enter the Comments First"");"
"alerts","C:\Users\Asad Ali\Documents\GitHub\HTTPS-IAS-Production\AIS\wwwroot\js\csp\Views_Execution_manage_draft_report_paras_branch.js","153","alert(""Successfully done"");"
"alerts","C:\Users\Asad Ali\Documents\GitHub\HTTPS-IAS-Production\AIS\wwwroot\js\csp\Views_Execution_manage_draft_report_paras_branch.js","156","alert(""Failed to update Observation status!! please try again"");"
"alerts","C:\Users\Asad Ali\Documents\GitHub\HTTPS-IAS-Production\AIS\wwwroot\js\csp\Views_Execution_manage_draft_report_paras_branch.js","228","alert('Observation id is required.');"
"alerts","C:\Users\Asad Ali\Documents\GitHub\HTTPS-IAS-Production\AIS\wwwroot\js\csp\Views_Execution_manage_draft_report_paras_branch.js","233","alert('Engagement id is required.');"
"alerts","C:\Users\Asad Ali\Documents\GitHub\HTTPS-IAS-Production\AIS\wwwroot\js\csp\Views_Execution_manage_dsa.js","157","alert(""Please enter Audit Period"");"
"alerts","C:\Users\Asad Ali\Documents\GitHub\HTTPS-IAS-Production\AIS\wwwroot\js\csp\Views_Execution_manage_dsa.js","163","alert(""Please select Audit Risk"");"
"alerts","C:\Users\Asad Ali\Documents\GitHub\HTTPS-IAS-Production\AIS\wwwroot\js\csp\Views_Execution_manage_dsa.js","167","alert(""Please select Annexure"");"
"alerts","C:\Users\Asad Ali\Documents\GitHub\HTTPS-IAS-Production\AIS\wwwroot\js\csp\Views_Execution_manage_dsa.js","171","alert(""Please enter Para No"");"
"alerts","C:\Users\Asad Ali\Documents\GitHub\HTTPS-IAS-Production\AIS\wwwroot\js\csp\Views_Execution_manage_dsa.js","175","alert(""Please enter Para Gist"");"
"alerts","C:\Users\Asad Ali\Documents\GitHub\HTTPS-IAS-Production\AIS\wwwroot\js\csp\Views_Execution_manage_dsa.js","312","alert(""Please enter Either Loan Case Or Account Number to Proceed""); return false;"
"alerts","C:\Users\Asad Ali\Documents\GitHub\HTTPS-IAS-Production\AIS\wwwroot\js\csp\Views_Execution_manage_legacy_paras.js","93","alert(""Observation Status Successfully updated"");"
"alerts","C:\Users\Asad Ali\Documents\GitHub\HTTPS-IAS-Production\AIS\wwwroot\js\csp\Views_Execution_manage_legacy_paras.js","125","alert(""Please enter Reply"");"
"alerts","C:\Users\Asad Ali\Documents\GitHub\HTTPS-IAS-Production\AIS\wwwroot\js\csp\Views_Execution_manage_legacy_paras.js","137","alert(""Reply Successfully added"");"
"alerts","C:\Users\Asad Ali\Documents\GitHub\HTTPS-IAS-Production\AIS\wwwroot\js\csp\Views_Execution_manage_observations.js","179","alert(""Auditor Comments are Mandatory"");"
"alerts","C:\Users\Asad Ali\Documents\GitHub\HTTPS-IAS-Production\AIS\wwwroot\js\csp\Views_Execution_manage_observations_branches.js","121","alert('Observation id is required.');"
"alerts","C:\Users\Asad Ali\Documents\GitHub\HTTPS-IAS-Production\AIS\wwwroot\js\csp\Views_Execution_manage_observations_branches.js","127","alert('Engagement id is required.');"
"alerts","C:\Users\Asad Ali\Documents\GitHub\HTTPS-IAS-Production\AIS\wwwroot\js\csp\Views_Execution_manage_observations_branches.js","183","alert('Request taking longer than usual, please wait or refine search.');"
"alerts","C:\Users\Asad Ali\Documents\GitHub\HTTPS-IAS-Production\AIS\wwwroot\js\csp\Views_Execution_manage_observations_branches.js","186","alert('Request failed. Please try again.');"
"alerts","C:\Users\Asad Ali\Documents\GitHub\HTTPS-IAS-Production\AIS\wwwroot\js\csp\Views_Execution_manage_observations_branches.js","307","alert(""Please enter Draft Para No to proceed"");"
"alerts","C:\Users\Asad Ali\Documents\GitHub\HTTPS-IAS-Production\AIS\wwwroot\js\csp\Views_Execution_manage_observations_branches.js","311","alert(""Auditor Comments are Mandatory"");"
"alerts","C:\Users\Asad Ali\Documents\GitHub\HTTPS-IAS-Production\AIS\wwwroot\js\csp\Views_Execution_manage_observations_branches.js","330","alert(""Failed!! please try again"");"
"alerts","C:\Users\Asad Ali\Documents\GitHub\HTTPS-IAS-Production\AIS\wwwroot\js\csp\Views_Execution_manage_observations_branches.js","432","alert(""This Observation is marked with A-1 annexure, therefore, please select at least one responsible from the list to issue DSA"");"
"alerts","C:\Users\Asad Ali\Documents\GitHub\HTTPS-IAS-Production\AIS\wwwroot\js\csp\Views_Execution_obs_management.js","164","alert(""Auditor Comments are Mandatory"");"
"alerts","C:\Users\Asad Ali\Documents\GitHub\HTTPS-IAS-Production\AIS\wwwroot\js\csp\Views_Execution_pre_concluding_audit.js","425","alert(""Please enter Title of the Para to proceed"");"
"alerts","C:\Users\Asad Ali\Documents\GitHub\HTTPS-IAS-Production\AIS\wwwroot\js\csp\Views_Execution_pre_concluding_audit.js","430","alert(""Please enter Remarks / Root Cause/Corrective Measures to proceed"");"
"alerts","C:\Users\Asad Ali\Documents\GitHub\HTTPS-IAS-Production\AIS\wwwroot\js\csp\Views_Execution_pre_concluding_audit.js","464","alert(""Please add Audit Observation Gist and Recommendation for all observations first to proceed"");"
"alerts","C:\Users\Asad Ali\Documents\GitHub\HTTPS-IAS-Production\AIS\wwwroot\js\csp\Views_Execution_pre_concluding_audit_ho.js","304","alert(""Please enter Title of the Para to proceed"");"
"alerts","C:\Users\Asad Ali\Documents\GitHub\HTTPS-IAS-Production\AIS\wwwroot\js\csp\Views_Execution_pre_concluding_audit_ho.js","309","alert(""Please enter Remarks / Root Cause/Corrective Measures to proceed"");"
"alerts","C:\Users\Asad Ali\Documents\GitHub\HTTPS-IAS-Production\AIS\wwwroot\js\csp\Views_Execution_pre_concluding_audit_ho.js","343","alert(""Please add Audit Observation Gist and Recommendation for all observations first to proceed"");"
"alerts","C:\Users\Asad Ali\Documents\GitHub\HTTPS-IAS-Production\AIS\wwwroot\js\csp\Views_Execution_Settled_Para.js","50","alert(""Please enter Reply"");"
"alerts","C:\Users\Asad Ali\Documents\GitHub\HTTPS-IAS-Production\AIS\wwwroot\js\csp\Views_Execution_Update_Gist_Para_No.js","84","alert(""Para No cannot be empty"");"
"alerts","C:\Users\Asad Ali\Documents\GitHub\HTTPS-IAS-Production\AIS\wwwroot\js\csp\Views_Execution_Update_Gist_Para_No.js","88","alert(""Para Gist cannot be empty"");"
"alerts","C:\Users\Asad Ali\Documents\GitHub\HTTPS-IAS-Production\AIS\wwwroot\js\csp\Views_Execution_Update_Legacy_Paras.js","167","alert(""Please enter responsible PP No to proceed"");"
"alerts","C:\Users\Asad Ali\Documents\GitHub\HTTPS-IAS-Production\AIS\wwwroot\js\csp\Views_Execution_Update_Legacy_Paras.js","189","alert(""Please enter either Loan Case and Loan Case Amount or Account Number against responsible"");"
"alerts","C:\Users\Asad Ali\Documents\GitHub\HTTPS-IAS-Production\AIS\wwwroot\js\csp\Views_Execution_Update_Legacy_Paras.js","421","alert('Request taking longer than usual, please wait or refine search.');"
"alerts","C:\Users\Asad Ali\Documents\GitHub\HTTPS-IAS-Production\AIS\wwwroot\js\csp\Views_Execution_Update_Legacy_Paras.js","424","alert('Request failed. Please try again.');"
"alerts","C:\Users\Asad Ali\Documents\GitHub\HTTPS-IAS-Production\AIS\wwwroot\js\csp\Views_Execution_Update_Legacy_Paras.js","502","alert(""Select Reference Type (Manual/Policy/Circular)"");"
"alerts","C:\Users\Asad Ali\Documents\GitHub\HTTPS-IAS-Production\AIS\wwwroot\js\csp\Views_Execution_Update_Legacy_Paras.js","514","alert(""Select Division"");"
"alerts","C:\Users\Asad Ali\Documents\GitHub\HTTPS-IAS-Production\AIS\wwwroot\js\csp\Views_Execution_Update_Legacy_Paras.js","518","alert(""Enter Instructions Title"");"
"alerts","C:\Users\Asad Ali\Documents\GitHub\HTTPS-IAS-Production\AIS\wwwroot\js\csp\Views_Execution_Update_Legacy_Paras.js","522","alert(""Select Instructions Date"");"
"alerts","C:\Users\Asad Ali\Documents\GitHub\HTTPS-IAS-Production\AIS\wwwroot\js\csp\Views_Execution_Update_Legacy_Paras.js","526","alert(""Enter Instructions Details"");"
"alerts","C:\Users\Asad Ali\Documents\GitHub\HTTPS-IAS-Production\AIS\wwwroot\js\csp\Views_Execution_Update_Legacy_Paras.js","546","alert(""Error saving instructions. Please try again."");"
"alerts","C:\Users\Asad Ali\Documents\GitHub\HTTPS-IAS-Production\AIS\wwwroot\js\csp\Views_Execution_Update_Legacy_Paras.js","554","alert(""Select Reference Type (Manual/Policy/Circular)"");"
"alerts","C:\Users\Asad Ali\Documents\GitHub\HTTPS-IAS-Production\AIS\wwwroot\js\csp\Views_Execution_Update_Legacy_Paras.js","566","alert(""Select Division"");"
"alerts","C:\Users\Asad Ali\Documents\GitHub\HTTPS-IAS-Production\AIS\wwwroot\js\csp\Views_Execution_Update_Legacy_Paras.js","570","alert(""Enter Instructions Title"");"
"alerts","C:\Users\Asad Ali\Documents\GitHub\HTTPS-IAS-Production\AIS\wwwroot\js\csp\Views_Execution_Update_Legacy_Paras.js","574","alert(""Select Instructions Date"");"
"alerts","C:\Users\Asad Ali\Documents\GitHub\HTTPS-IAS-Production\AIS\wwwroot\js\csp\Views_Execution_Update_Legacy_Paras.js","578","alert(""Enter Instructions Details"");"
"alerts","C:\Users\Asad Ali\Documents\GitHub\HTTPS-IAS-Production\AIS\wwwroot\js\csp\Views_Execution_Update_Legacy_Paras.js","598","alert(""Error saving instructions. Please try again."");"
"alerts","C:\Users\Asad Ali\Documents\GitHub\HTTPS-IAS-Production\AIS\wwwroot\js\csp\Views_Execution_Update_Legacy_Paras.js","609","alert(""There are pending responsibilities, please add all pending responsibilities to proceed"");"
"alerts","C:\Users\Asad Ali\Documents\GitHub\HTTPS-IAS-Production\AIS\wwwroot\js\csp\Views_Execution_Update_Legacy_Paras.js","632","alert(""Please select Process"");"
"alerts","C:\Users\Asad Ali\Documents\GitHub\HTTPS-IAS-Production\AIS\wwwroot\js\csp\Views_Execution_Update_Legacy_Paras.js","638","alert(""Please select Sub Process"");"
"alerts","C:\Users\Asad Ali\Documents\GitHub\HTTPS-IAS-Production\AIS\wwwroot\js\csp\Views_Execution_Update_Legacy_Paras.js","644","alert(""Please select Checklist Detail"");"
"alerts","C:\Users\Asad Ali\Documents\GitHub\HTTPS-IAS-Production\AIS\wwwroot\js\csp\Views_Execution_Update_Legacy_Paras.js","650","alert(""Please select Risk"");"
"alerts","C:\Users\Asad Ali\Documents\GitHub\HTTPS-IAS-Production\AIS\wwwroot\js\csp\Views_Execution_Update_Legacy_Paras.js","657","alert(""Please select Violation"");"
"alerts","C:\Users\Asad Ali\Documents\GitHub\HTTPS-IAS-Production\AIS\wwwroot\js\csp\Views_Execution_Update_Legacy_Paras.js","663","alert(""Please select Nature"");"
"alerts","C:\Users\Asad Ali\Documents\GitHub\HTTPS-IAS-Production\AIS\wwwroot\js\csp\Views_Execution_Update_Legacy_Paras.js","669","alert(""Please select Risk"");"
"alerts","C:\Users\Asad Ali\Documents\GitHub\HTTPS-IAS-Production\AIS\wwwroot\js\csp\Views_Execution_Update_Legacy_Paras.js","709","alert(""There are pending responsibilities, please add all pending responsibilities to proceed"");"
"alerts","C:\Users\Asad Ali\Documents\GitHub\HTTPS-IAS-Production\AIS\wwwroot\js\csp\Views_Execution_Update_Legacy_Paras.js","728","alert(""Please select Process"");"
"alerts","C:\Users\Asad Ali\Documents\GitHub\HTTPS-IAS-Production\AIS\wwwroot\js\csp\Views_Execution_Update_Legacy_Paras.js","734","alert(""Please select Sub Process"");"
"alerts","C:\Users\Asad Ali\Documents\GitHub\HTTPS-IAS-Production\AIS\wwwroot\js\csp\Views_Execution_Update_Legacy_Paras.js","740","alert(""Please select Checklist Detail"");"
"alerts","C:\Users\Asad Ali\Documents\GitHub\HTTPS-IAS-Production\AIS\wwwroot\js\csp\Views_Execution_Update_Legacy_Paras.js","746","alert(""Please select Risk"");"
"alerts","C:\Users\Asad Ali\Documents\GitHub\HTTPS-IAS-Production\AIS\wwwroot\js\csp\Views_Execution_Update_Legacy_Paras.js","753","alert(""Please select Violation"");"
"alerts","C:\Users\Asad Ali\Documents\GitHub\HTTPS-IAS-Production\AIS\wwwroot\js\csp\Views_Execution_Update_Legacy_Paras.js","758","alert(""Please select Nature"");"
"alerts","C:\Users\Asad Ali\Documents\GitHub\HTTPS-IAS-Production\AIS\wwwroot\js\csp\Views_Execution_Update_Legacy_Paras.js","763","alert(""Please select Risk"");"
"alerts","C:\Users\Asad Ali\Documents\GitHub\HTTPS-IAS-Production\AIS\wwwroot\js\csp\Views_Execution_Update_Legacy_Paras_FAD.js","40","alert(""Please enter responsible PP No to proceed"");"
"alerts","C:\Users\Asad Ali\Documents\GitHub\HTTPS-IAS-Production\AIS\wwwroot\js\csp\Views_Execution_Update_Legacy_Paras_FAD.js","62","alert(""Please enter either Loan Case and Loan Case Amount or Account Number against responsible"");"
"alerts","C:\Users\Asad Ali\Documents\GitHub\HTTPS-IAS-Production\AIS\wwwroot\js\csp\Views_Execution_Update_Legacy_Paras_FAD.js","299","alert('Request taking longer than usual, please wait or refine search.');"
"alerts","C:\Users\Asad Ali\Documents\GitHub\HTTPS-IAS-Production\AIS\wwwroot\js\csp\Views_Execution_Update_Legacy_Paras_FAD.js","302","alert('Request failed. Please try again.');"
"alerts","C:\Users\Asad Ali\Documents\GitHub\HTTPS-IAS-Production\AIS\wwwroot\js\csp\Views_Execution_Update_Legacy_Paras_FAD.js","337","alert(""There are pending responsibilities, please add all pending responsibilities to proceed"");"
"alerts","C:\Users\Asad Ali\Documents\GitHub\HTTPS-IAS-Production\AIS\wwwroot\js\csp\Views_Execution_Update_Legacy_Paras_FAD.js","355","alert(""Please select Process"");"
"alerts","C:\Users\Asad Ali\Documents\GitHub\HTTPS-IAS-Production\AIS\wwwroot\js\csp\Views_Execution_Update_Legacy_Paras_FAD.js","362","alert(""Please select Sub Process"");"
"alerts","C:\Users\Asad Ali\Documents\GitHub\HTTPS-IAS-Production\AIS\wwwroot\js\csp\Views_Execution_Update_Legacy_Paras_FAD.js","368","alert(""Please select Checklist Detail"");"
"alerts","C:\Users\Asad Ali\Documents\GitHub\HTTPS-IAS-Production\AIS\wwwroot\js\csp\Views_Execution_Update_Legacy_Paras_FAD.js","373","alert(""Please select Risk"");"
"alerts","C:\Users\Asad Ali\Documents\GitHub\HTTPS-IAS-Production\AIS\wwwroot\js\csp\Views_Execution_Update_Legacy_Paras_FAD.js","408","alert(""There are pending responsibilities, please add all pending responsibilities to proceed"");"
"alerts","C:\Users\Asad Ali\Documents\GitHub\HTTPS-IAS-Production\AIS\wwwroot\js\csp\Views_Execution_Update_Legacy_Paras_FAD.js","427","alert(""Please select Process"");"
"alerts","C:\Users\Asad Ali\Documents\GitHub\HTTPS-IAS-Production\AIS\wwwroot\js\csp\Views_Execution_Update_Legacy_Paras_FAD.js","433","alert(""Please select Sub Process"");"
"alerts","C:\Users\Asad Ali\Documents\GitHub\HTTPS-IAS-Production\AIS\wwwroot\js\csp\Views_Execution_Update_Legacy_Paras_FAD.js","439","alert(""Please select Checklist Detail"");"
"alerts","C:\Users\Asad Ali\Documents\GitHub\HTTPS-IAS-Production\AIS\wwwroot\js\csp\Views_Execution_Update_Legacy_Paras_FAD.js","445","alert(""Please select Risk"");"
"alerts","C:\Users\Asad Ali\Documents\GitHub\HTTPS-IAS-Production\AIS\wwwroot\js\csp\Views_Execution_Update_Legacy_Paras_HO.js","189","alert(""There are pending responsibilities, please add all pending responsibilities to proceed"");"
"alerts","C:\Users\Asad Ali\Documents\GitHub\HTTPS-IAS-Production\AIS\wwwroot\js\csp\Views_Execution_Update_Legacy_Paras_HO.js","210","alert(""Please select Process"");"
"alerts","C:\Users\Asad Ali\Documents\GitHub\HTTPS-IAS-Production\AIS\wwwroot\js\csp\Views_Execution_Update_Legacy_Paras_HO.js","216","alert(""Please select Sub Process"");"
"alerts","C:\Users\Asad Ali\Documents\GitHub\HTTPS-IAS-Production\AIS\wwwroot\js\csp\Views_Execution_Update_Legacy_Paras_HO.js","222","alert(""Please select Checklist Detail"");"
"alerts","C:\Users\Asad Ali\Documents\GitHub\HTTPS-IAS-Production\AIS\wwwroot\js\csp\Views_Execution_Update_Legacy_Paras_HO.js","228","alert(""Please select Risk"");"
"alerts","C:\Users\Asad Ali\Documents\GitHub\HTTPS-IAS-Production\AIS\wwwroot\js\csp\Views_Execution_Update_Legacy_Paras_HO.js","235","alert(""Please select Violation"");"
"alerts","C:\Users\Asad Ali\Documents\GitHub\HTTPS-IAS-Production\AIS\wwwroot\js\csp\Views_Execution_Update_Legacy_Paras_HO.js","241","alert(""Please select Nature"");"
"alerts","C:\Users\Asad Ali\Documents\GitHub\HTTPS-IAS-Production\AIS\wwwroot\js\csp\Views_Execution_Update_Legacy_Paras_HO.js","247","alert(""Please select Risk"");"
"alerts","C:\Users\Asad Ali\Documents\GitHub\HTTPS-IAS-Production\AIS\wwwroot\js\csp\Views_Execution_Update_Legacy_Paras_HO.js","284","alert(""There are pending responsibilities, please add all pending responsibilities to proceed"");"
"alerts","C:\Users\Asad Ali\Documents\GitHub\HTTPS-IAS-Production\AIS\wwwroot\js\csp\Views_Execution_Update_Legacy_Paras_HO.js","306","alert(""Please select Process"");"
"alerts","C:\Users\Asad Ali\Documents\GitHub\HTTPS-IAS-Production\AIS\wwwroot\js\csp\Views_Execution_Update_Legacy_Paras_HO.js","312","alert(""Please select Sub Process"");"
"alerts","C:\Users\Asad Ali\Documents\GitHub\HTTPS-IAS-Production\AIS\wwwroot\js\csp\Views_Execution_Update_Legacy_Paras_HO.js","318","alert(""Please select Checklist Detail"");"
"alerts","C:\Users\Asad Ali\Documents\GitHub\HTTPS-IAS-Production\AIS\wwwroot\js\csp\Views_Execution_Update_Legacy_Paras_HO.js","324","alert(""Please select Risk"");"
"alerts","C:\Users\Asad Ali\Documents\GitHub\HTTPS-IAS-Production\AIS\wwwroot\js\csp\Views_Execution_Update_Legacy_Paras_HO.js","333","alert(""Please select Violation"");"
"alerts","C:\Users\Asad Ali\Documents\GitHub\HTTPS-IAS-Production\AIS\wwwroot\js\csp\Views_Execution_Update_Legacy_Paras_HO.js","339","alert(""Please select Nature"");"
"alerts","C:\Users\Asad Ali\Documents\GitHub\HTTPS-IAS-Production\AIS\wwwroot\js\csp\Views_Execution_Update_Legacy_Paras_HO.js","345","alert(""Please select Risk"");"
"alerts","C:\Users\Asad Ali\Documents\GitHub\HTTPS-IAS-Production\AIS\wwwroot\js\csp\Views_FAD_FAD_TASK_observation_review.js","176","alert('Audit report not found');"
"alerts","C:\Users\Asad Ali\Documents\GitHub\HTTPS-IAS-Production\AIS\wwwroot\js\csp\Views_FAD_FAD_TASK_observation_review.js","179","alert('Audit report not found');"
"alerts","C:\Users\Asad Ali\Documents\GitHub\HTTPS-IAS-Production\AIS\wwwroot\js\csp\Views_FAD_FAD_TASK_para_shifting.js","68","alert('Please select at least one para to shift');"
"alerts","C:\Users\Asad Ali\Documents\GitHub\HTTPS-IAS-Production\AIS\wwwroot\js\csp\Views_FAD_FAD_TASK_para_shifting.js","78","alert('Please select entity to shift para');"
"alerts","C:\Users\Asad Ali\Documents\GitHub\HTTPS-IAS-Production\AIS\wwwroot\js\csp\Views_FieldAuditReport_FinalizeReport.js","40","alert('Unexpected response format.');"
"alerts","C:\Users\Asad Ali\Documents\GitHub\HTTPS-IAS-Production\AIS\wwwroot\js\csp\Views_FieldAuditReport_FinalizeReport.js","48","alert(result.message || 'Unable to finalize report.');"
"alerts","C:\Users\Asad Ali\Documents\GitHub\HTTPS-IAS-Production\AIS\wwwroot\js\csp\Views_FieldAuditReport_FinalizeReport.js","78","alert('Unable to finalize report. Please try again or contact support.');"
"alerts","C:\Users\Asad Ali\Documents\GitHub\HTTPS-IAS-Production\AIS\wwwroot\js\csp\Views_HM_ManageSbpPassword.js","19","if (!pass1 || !pass2) { alert('Please enter both fields.'); return; }"
"alerts","C:\Users\Asad Ali\Documents\GitHub\HTTPS-IAS-Production\AIS\wwwroot\js\csp\Views_HM_ManageSbpPassword.js","20","if (pass1 !== pass2) { alert('Passwords do not match.'); return; }"
"alerts","C:\Users\Asad Ali\Documents\GitHub\HTTPS-IAS-Production\AIS\wwwroot\js\csp\Views_HM_ManageSbpPassword.js","21","if (pass1.length < 8) { alert('Password must be at least 8 characters.'); return; }"
"alerts","C:\Users\Asad Ali\Documents\GitHub\HTTPS-IAS-Production\AIS\wwwroot\js\csp\Views_HM_ManageSbpPassword.js","78","alert(message);"
"alerts","C:\Users\Asad Ali\Documents\GitHub\HTTPS-IAS-Production\AIS\wwwroot\js\csp\Views_HM_ManageSbpPassword.js","96","alert(successMessage);"
"alerts","C:\Users\Asad Ali\Documents\GitHub\HTTPS-IAS-Production\AIS\wwwroot\js\csp\Views_HM_ManageSbpPassword.js","100","alert(extractApiMessage(error, 'Password update failed.'));"
"alerts","C:\Users\Asad Ali\Documents\GitHub\HTTPS-IAS-Production\AIS\wwwroot\js\csp\Views_HM_old_paras_monitoring_ppno.js","24","alert('Unexpected response from server.');"
"alerts","C:\Users\Asad Ali\Documents\GitHub\HTTPS-IAS-Production\AIS\wwwroot\js\csp\Views_HM_old_paras_monitoring_ppno.js","47","alert('Please enter a valid PPNO.');"
"alerts","C:\Users\Asad Ali\Documents\GitHub\HTTPS-IAS-Production\AIS\wwwroot\js\csp\Views_HM_old_paras_monitoring_ppno.js","62","alert('Unexpected response from server.');"
"alerts","C:\Users\Asad Ali\Documents\GitHub\HTTPS-IAS-Production\AIS\wwwroot\js\csp\Views_HM_old_paras_monitoring_ppno.js","101","alert('Unexpected response from server.');"
"alerts","C:\Users\Asad Ali\Documents\GitHub\HTTPS-IAS-Production\AIS\wwwroot\js\csp\Views_HM_old_paras_monitoring_ppno.js","118","alert('Session expired. Please sign in again.');"
"alerts","C:\Users\Asad Ali\Documents\GitHub\HTTPS-IAS-Production\AIS\wwwroot\js\csp\Views_HM_old_paras_monitoring_ppno.js","123","alert('No permission.');"
"alerts","C:\Users\Asad Ali\Documents\GitHub\HTTPS-IAS-Production\AIS\wwwroot\js\csp\Views_HM_old_paras_monitoring_ppno.js","132","alert('Unexpected response from server.');"
"alerts","C:\Users\Asad Ali\Documents\GitHub\HTTPS-IAS-Production\AIS\wwwroot\js\csp\Views_HM_old_paras_monitoring_ppno.js","136","alert('Request failed. Please try again.');"
"alerts","C:\Users\Asad Ali\Documents\GitHub\HTTPS-IAS-Production\AIS\wwwroot\js\csp\Views_HM_SbpObservationHistory.js","158","alert('Para ID is missing. Please return to the register and try again.');"
"alerts","C:\Users\Asad Ali\Documents\GitHub\HTTPS-IAS-Production\AIS\wwwroot\js\csp\Views_HM_SbpObservationHistory.js","212","alert('Please open the SBP Observation Register and authenticate before performing this action.');"
"alerts","C:\Users\Asad Ali\Documents\GitHub\HTTPS-IAS-Production\AIS\wwwroot\js\csp\Views_HM_SbpObservationHistory.js","231","alert(message);"
"alerts","C:\Users\Asad Ali\Documents\GitHub\HTTPS-IAS-Production\AIS\wwwroot\js\csp\Views_HM_SbpObservationHistory.js","591","alert('Unable to load the selected response.');"
"alerts","C:\Users\Asad Ali\Documents\GitHub\HTTPS-IAS-Production\AIS\wwwroot\js\csp\Views_HM_SbpObservationHistory.js","601","alert('Unable to load the selected response.');"
"alerts","C:\Users\Asad Ali\Documents\GitHub\HTTPS-IAS-Production\AIS\wwwroot\js\csp\Views_HM_SbpObservationHistory.js","622","alert('Response identifier is missing.');"
"alerts","C:\Users\Asad Ali\Documents\GitHub\HTTPS-IAS-Production\AIS\wwwroot\js\csp\Views_HM_SbpObservationHistory.js","627","alert('Para ID is missing.');"
"alerts","C:\Users\Asad Ali\Documents\GitHub\HTTPS-IAS-Production\AIS\wwwroot\js\csp\Views_HM_SbpObservationHistory.js","632","alert('Please fill all required fields.');"
"alerts","C:\Users\Asad Ali\Documents\GitHub\HTTPS-IAS-Production\AIS\wwwroot\js\csp\Views_HM_SbpObservationHistory.js","666","alert('Management response updated successfully.');"
"alerts","C:\Users\Asad Ali\Documents\GitHub\HTTPS-IAS-Production\AIS\wwwroot\js\csp\Views_HM_SbpObservationHistory.js","672","alert(message);"
"alerts","C:\Users\Asad Ali\Documents\GitHub\HTTPS-IAS-Production\AIS\wwwroot\js\csp\Views_IAMS_old_para.js","17","alert('Please Select Your Branch');"
"alerts","C:\Users\Asad Ali\Documents\GitHub\HTTPS-IAS-Production\AIS\wwwroot\js\csp\Views_IAMS_old_para.js","101","alert(""Please select Process to proceed"");"
"alerts","C:\Users\Asad Ali\Documents\GitHub\HTTPS-IAS-Production\AIS\wwwroot\js\csp\Views_IAMS_old_para.js","106","alert(""Please select Sub-Process to proceed"");"
"alerts","C:\Users\Asad Ali\Documents\GitHub\HTTPS-IAS-Production\AIS\wwwroot\js\csp\Views_IAMS_old_para.js","110","alert(""Please select Checklist Detail to proceed"");"
"alerts","C:\Users\Asad Ali\Documents\GitHub\HTTPS-IAS-Production\AIS\wwwroot\js\csp\Views_IAMS_old_para.js","116","alert(""Please enter Para Text"");"
"alerts","C:\Users\Asad Ali\Documents\GitHub\HTTPS-IAS-Production\AIS\wwwroot\js\csp\Views_IAMS_old_para.js","132","alert(""Para text Successfully added"");"
"alerts","C:\Users\Asad Ali\Documents\GitHub\HTTPS-IAS-Production\AIS\wwwroot\js\csp\Views_IAMS_paras.js","17","alert('Please Select Your Branch');"
"alerts","C:\Users\Asad Ali\Documents\GitHub\HTTPS-IAS-Production\AIS\wwwroot\js\csp\Views_IAMS_paras.js","101","alert(""Please select Process to proceed"");"
"alerts","C:\Users\Asad Ali\Documents\GitHub\HTTPS-IAS-Production\AIS\wwwroot\js\csp\Views_IAMS_paras.js","106","alert(""Please select Sub-Process to proceed"");"
"alerts","C:\Users\Asad Ali\Documents\GitHub\HTTPS-IAS-Production\AIS\wwwroot\js\csp\Views_IAMS_paras.js","110","alert(""Please select Checklist Detail to proceed"");"
"alerts","C:\Users\Asad Ali\Documents\GitHub\HTTPS-IAS-Production\AIS\wwwroot\js\csp\Views_IAMS_paras.js","116","alert(""Please enter Para Text"");"
"alerts","C:\Users\Asad Ali\Documents\GitHub\HTTPS-IAS-Production\AIS\wwwroot\js\csp\Views_IAMS_paras.js","132","alert(""Para text Successfully added"");"
"alerts","C:\Users\Asad Ali\Documents\GitHub\HTTPS-IAS-Production\AIS\wwwroot\js\csp\Views_IID_InquiryReport.js","96","function showAlert(message, type){"
"alerts","C:\Users\Asad Ali\Documents\GitHub\HTTPS-IAS-Production\AIS\wwwroot\js\csp\Views_IID_InquiryReport.js","109","alertTimer = setTimeout(function(){ $('#iidAlertHost .alert').alert('close'); }, 4500);"
"alerts","C:\Users\Asad Ali\Documents\GitHub\HTTPS-IAS-Production\AIS\wwwroot\js\csp\Views_IID_InquiryReport.js","1087","showAlert('You have unsaved changes. Save before moving.', 'warning');"
"alerts","C:\Users\Asad Ali\Documents\GitHub\HTTPS-IAS-Production\AIS\wwwroot\js\csp\Views_IID_InquiryReport.js","1133","alert(lines.join('\n'));"
"alerts","C:\Users\Asad Ali\Documents\GitHub\HTTPS-IAS-Production\AIS\wwwroot\js\csp\Views_IID_InquiryReport.js","1151","if(!resp || resp.ok === false){ showAlert(getResponseMessage(resp) || 'Finalize failed.', 'danger'); return; }"
"alerts","C:\Users\Asad Ali\Documents\GitHub\HTTPS-IAS-Production\AIS\wwwroot\js\csp\Views_IID_InquiryReport.js","1154","showAlert(resp.message || 'Inquiry report finalized successfully.', 'success');"
"alerts","C:\Users\Asad Ali\Documents\GitHub\HTTPS-IAS-Production\AIS\wwwroot\js\csp\Views_IID_InquiryReport.js","1169","showAlert((result && result.message) || 'Saved successfully.', 'success');"
"alerts","C:\Users\Asad Ali\Documents\GitHub\HTTPS-IAS-Production\AIS\wwwroot\js\csp\Views_IID_InquiryReport.js","1172","showAlert((err && err.message) || 'Save failed.', 'danger');"
"alerts","C:\Users\Asad Ali\Documents\GitHub\HTTPS-IAS-Production\AIS\wwwroot\js\csp\Views_IID_InquiryReport.js","1179","if(!ppno){ showAlert('PPNO is required for search.', 'danger'); renderCurrent(true); return; }"
"alerts","C:\Users\Asad Ali\Documents\GitHub\HTTPS-IAS-Production\AIS\wwwroot\js\csp\Views_IID_InquiryReport.js","1182","showAlert((resp && resp.message) || 'No employee found for this PPNO', 'danger');"
"alerts","C:\Users\Asad Ali\Documents\GitHub\HTTPS-IAS-Production\AIS\wwwroot\js\csp\Views_IID_InquiryReport.js","1191","showAlert('Employee details loaded. You can edit before save.', 'success');"
"alerts","C:\Users\Asad Ali\Documents\GitHub\HTTPS-IAS-Production\AIS\wwwroot\js\csp\Views_IID_InquiryReport.js","1192","}).fail(function(){ showAlert('Employee lookup failed for entered PPNO.', 'danger'); });"
"alerts","C:\Users\Asad Ali\Documents\GitHub\HTTPS-IAS-Production\AIS\wwwroot\js\csp\Views_IID_InquiryReport.js","1198","showAlert((resp && resp.message) || 'Accused row saved successfully.', 'success');"
"alerts","C:\Users\Asad Ali\Documents\GitHub\HTTPS-IAS-Production\AIS\wwwroot\js\csp\Views_IID_InquiryReport.js","1200","showAlert((err && err.message) || 'Failed to save accused row.', 'danger');"
"alerts","C:\Users\Asad Ali\Documents\GitHub\HTTPS-IAS-Production\AIS\wwwroot\js\csp\Views_IID_InquiryReport.js","1206","if(!id){ showAlert('Invalid accused row id.', 'danger'); return; }"
"alerts","C:\Users\Asad Ali\Documents\GitHub\HTTPS-IAS-Production\AIS\wwwroot\js\csp\Views_IID_InquiryReport.js","1214","showAlert(msg, 'success');"
"alerts","C:\Users\Asad Ali\Documents\GitHub\HTTPS-IAS-Production\AIS\wwwroot\js\csp\Views_IID_InquiryReport.js","1216","}).fail(function(err){ showAlert((err && err.message) || 'Failed to delete accused row.', 'danger'); });"
"alerts","C:\Users\Asad Ali\Documents\GitHub\HTTPS-IAS-Production\AIS\wwwroot\js\csp\Views_IID_InquiryReport.js","1222","showAlert((resp && resp.message) || 'Statement saved successfully.', 'success');"
"alerts","C:\Users\Asad Ali\Documents\GitHub\HTTPS-IAS-Production\AIS\wwwroot\js\csp\Views_IID_InquiryReport.js","1224","showAlert((err && err.message) || 'Failed to save statement.', 'danger');"
"alerts","C:\Users\Asad Ali\Documents\GitHub\HTTPS-IAS-Production\AIS\wwwroot\js\csp\Views_IID_InquiryReport.js","1276","showAlert(msg || 'Uploaded successfully', 'success');"
"alerts","C:\Users\Asad Ali\Documents\GitHub\HTTPS-IAS-Production\AIS\wwwroot\js\csp\Views_IID_InquiryReport.js","1279","}).fail(function(err){ showAlert((err && err.message) || 'Evidence upload failed.', 'danger'); });"
"alerts","C:\Users\Asad Ali\Documents\GitHub\HTTPS-IAS-Production\AIS\wwwroot\js\csp\Views_IID_InquiryReport.js","1291","showAlert(msg, 'success');"
"alerts","C:\Users\Asad Ali\Documents\GitHub\HTTPS-IAS-Production\AIS\wwwroot\js\csp\Views_IID_InquiryReport.js","1294","}).fail(function(err){ showAlert((err && err.message) || 'Failed to delete evidence file.', 'danger'); });"
"alerts","C:\Users\Asad Ali\Documents\GitHub\HTTPS-IAS-Production\AIS\wwwroot\js\csp\Views_IID_InquiryReport.js","1301","showAlert((err && err.message) || 'Failed to load findings for selected accusation.', 'danger');"
"alerts","C:\Users\Asad Ali\Documents\GitHub\HTTPS-IAS-Production\AIS\wwwroot\js\csp\Views_IID_InquiryReport.js","1310","showAlert((err && err.message) || 'Failed to load findings for selected accusation.', 'danger');"
"alerts","C:\Users\Asad Ali\Documents\GitHub\HTTPS-IAS-Production\AIS\wwwroot\js\csp\Views_IID_InquiryReport.js","1316","showAlert((result && result.message) || 'Saved successfully.', 'success');"
"alerts","C:\Users\Asad Ali\Documents\GitHub\HTTPS-IAS-Production\AIS\wwwroot\js\csp\Views_IID_InquiryReport.js","1319","showAlert((err && err.message) || 'Save failed.', 'danger');"
"alerts","C:\Users\Asad Ali\Documents\GitHub\HTTPS-IAS-Production\AIS\wwwroot\js\csp\Views_IID_InquiryReport.js","1377","if(!complaintId){ showAlert('Complaint ID is missing. Open this page from Task List.', 'danger'); return; }"
"alerts","C:\Users\Asad Ali\Documents\GitHub\HTTPS-IAS-Production\AIS\wwwroot\js\csp\Views_IID_InquiryReport.js","1381","}).fail(function(){ showAlert('Failed to load inquiry wizard data.', 'danger'); renderCurrent(true); });"
"alerts","C:\Users\Asad Ali\Documents\GitHub\HTTPS-IAS-Production\AIS\wwwroot\js\csp\Views_IID_InvestigationPlan.js","112","if (!payload.complaintId || payload.complaintId <= 0) { alert('ComplaintId is required.'); return; }"
"alerts","C:\Users\Asad Ali\Documents\GitHub\HTTPS-IAS-Production\AIS\wwwroot\js\csp\Views_IID_InvestigationPlan.js","115","alert('Please fill all mandatory fields.'); return;"
"alerts","C:\Users\Asad Ali\Documents\GitHub\HTTPS-IAS-Production\AIS\wwwroot\js\csp\Views_IID_InvestigationPlan.js","117","if (!payload.activitiesText) { alert('Please select at least one Investigation Activity.'); return; }"
"alerts","C:\Users\Asad Ali\Documents\GitHub\HTTPS-IAS-Production\AIS\wwwroot\js\csp\Views_IID_InvestigationPlan.js","120","alert('Inquiry Conduction Date must be a future date.');"
"alerts","C:\Users\Asad Ali\Documents\GitHub\HTTPS-IAS-Production\AIS\wwwroot\js\csp\Views_IID_InvestigationPlan.js","139","alert((resp && resp.message) ? resp.message : 'Failed.');"
"alerts","C:\Users\Asad Ali\Documents\GitHub\HTTPS-IAS-Production\AIS\wwwroot\js\csp\Views_IID_InvestigationPlan.js","144","alert('Error submitting plan. Check console.');"
"alerts","C:\Users\Asad Ali\Documents\GitHub\HTTPS-IAS-Production\AIS\wwwroot\js\csp\Views_IID_PlanApproval.js","115","if (!ok) { alert('Please fill all mandatory fields.'); return; }"
"alerts","C:\Users\Asad Ali\Documents\GitHub\HTTPS-IAS-Production\AIS\wwwroot\js\csp\Views_IID_PlanApproval.js","125","alert('Action recorded');"
"alerts","C:\Users\Asad Ali\Documents\GitHub\HTTPS-IAS-Production\AIS\wwwroot\js\csp\Views_IID_PlanApproval.js","127","alert('Error saving approval');"
"alerts","C:\Users\Asad Ali\Documents\GitHub\HTTPS-IAS-Production\AIS\wwwroot\js\csp\Views_Planning_audit_criteria.js","35","alert('Audit Period Not Selected');"
"alerts","C:\Users\Asad Ali\Documents\GitHub\HTTPS-IAS-Production\AIS\wwwroot\js\csp\Views_Planning_audit_criteria.js","39","alert('Entity Type Not Selected');"
"alerts","C:\Users\Asad Ali\Documents\GitHub\HTTPS-IAS-Production\AIS\wwwroot\js\csp\Views_Planning_audit_criteria.js","46","alert('Risk Category Not Selected');"
"alerts","C:\Users\Asad Ali\Documents\GitHub\HTTPS-IAS-Production\AIS\wwwroot\js\csp\Views_Planning_audit_criteria.js","50","alert('Branch Size Not Selected');"
"alerts","C:\Users\Asad Ali\Documents\GitHub\HTTPS-IAS-Production\AIS\wwwroot\js\csp\Views_Planning_audit_criteria.js","54","alert('Audit Frequency Not Selected');"
"alerts","C:\Users\Asad Ali\Documents\GitHub\HTTPS-IAS-Production\AIS\wwwroot\js\csp\Views_Planning_audit_criteria.js","61","alert('Number Of Days Not Selected');"
"alerts","C:\Users\Asad Ali\Documents\GitHub\HTTPS-IAS-Production\AIS\wwwroot\js\csp\Views_Planning_audit_criteria.js","148","alert(row);"
"alerts","C:\Users\Asad Ali\Documents\GitHub\HTTPS-IAS-Production\AIS\wwwroot\js\csp\Views_Planning_audit_criteria.js","158","alert('No Audit Criteria Defined');"
"alerts","C:\Users\Asad Ali\Documents\GitHub\HTTPS-IAS-Production\AIS\wwwroot\js\csp\Views_Planning_audit_criteria.js","172","alert(""Audit Criteria Submitted Successfully"");"
"alerts","C:\Users\Asad Ali\Documents\GitHub\HTTPS-IAS-Production\AIS\wwwroot\js\csp\Views_Planning_audit_criteria.js","208","alert('Entity Added Successfully');"
"alerts","C:\Users\Asad Ali\Documents\GitHub\HTTPS-IAS-Production\AIS\wwwroot\js\csp\Views_Planning_audit_criteria_approval.js","46","alert(""Please select at least one criteria."");"
"alerts","C:\Users\Asad Ali\Documents\GitHub\HTTPS-IAS-Production\AIS\wwwroot\js\csp\Views_Planning_audit_criteria_approval.js","57","alert(""Audit Criteria selected Cases Referred Back"");"
"alerts","C:\Users\Asad Ali\Documents\GitHub\HTTPS-IAS-Production\AIS\wwwroot\js\csp\Views_Planning_audit_period.js","67","alert(""Missing Mandatory fields"");"
"alerts","C:\Users\Asad Ali\Documents\GitHub\HTTPS-IAS-Production\AIS\wwwroot\js\csp\Views_Planning_audit_period.js","104","alert(""Please select Audit Period to proceed"");"
"alerts","C:\Users\Asad Ali\Documents\GitHub\HTTPS-IAS-Production\AIS\wwwroot\js\csp\Views_Planning_post_changes_criteria.js","48","alert(""Enter Comments to Proceed""); return false;"
"alerts","C:\Users\Asad Ali\Documents\GitHub\HTTPS-IAS-Production\AIS\wwwroot\js\csp\Views_Planning_post_changes_criteria.js","95","alert('Post Changes in Audit Criteria successfuly done');"
"alerts","C:\Users\Asad Ali\Documents\GitHub\HTTPS-IAS-Production\AIS\wwwroot\js\csp\Views_Planning_refferedback_audit_criteria.js","41","alert(""Enter Comments to Proceed""); return false;"
"alerts","C:\Users\Asad Ali\Documents\GitHub\HTTPS-IAS-Production\AIS\wwwroot\js\csp\Views_Planning_special_assignment.js","152","alert('No Field Selected'); return;"
"alerts","C:\Users\Asad Ali\Documents\GitHub\HTTPS-IAS-Production\AIS\wwwroot\js\csp\Views_Planning_special_assignment.js","158","alert('Division or Audit Cluster Team Not Selected'); return;"
"alerts","C:\Users\Asad Ali\Documents\GitHub\HTTPS-IAS-Production\AIS\wwwroot\js\csp\Views_Planning_special_assignment.js","163","alert('Department or Branch Not Selected'); return;"
"alerts","C:\Users\Asad Ali\Documents\GitHub\HTTPS-IAS-Production\AIS\wwwroot\js\csp\Views_Planning_special_assignment.js","169","alert('Audit Team Not Selected'); return;"
"alerts","C:\Users\Asad Ali\Documents\GitHub\HTTPS-IAS-Production\AIS\wwwroot\js\csp\Views_Planning_special_assignment.js","174","alert('Execution Period Not Selected'); return;"
"alerts","C:\Users\Asad Ali\Documents\GitHub\HTTPS-IAS-Production\AIS\wwwroot\js\csp\Views_Planning_special_assignment.js","180","alert('Execution Start Date Cannot Be Greater Than End Date'); return;"
"alerts","C:\Users\Asad Ali\Documents\GitHub\HTTPS-IAS-Production\AIS\wwwroot\js\csp\Views_Planning_special_assignment.js","188","alert('Operational Period Not Selected'); return;"
"alerts","C:\Users\Asad Ali\Documents\GitHub\HTTPS-IAS-Production\AIS\wwwroot\js\csp\Views_Planning_special_assignment.js","195","alert('Operational Period Start Date Cannot Be Greater Than End Date'); return;"
"alerts","C:\Users\Asad Ali\Documents\GitHub\HTTPS-IAS-Production\AIS\wwwroot\js\csp\Views_Planning_special_assignment.js","239","alert(""Under Construction"");"
"alerts","C:\Users\Asad Ali\Documents\GitHub\HTTPS-IAS-Production\AIS\wwwroot\js\csp\Views_Planning_special_audit_criteria.js","76","alert('Select Audit Nature to proceed');"
"alerts","C:\Users\Asad Ali\Documents\GitHub\HTTPS-IAS-Production\AIS\wwwroot\js\csp\Views_Planning_special_audit_criteria.js","81","alert('Select Audit Period to proceed');"
"alerts","C:\Users\Asad Ali\Documents\GitHub\HTTPS-IAS-Production\AIS\wwwroot\js\csp\Views_Planning_special_audit_criteria.js","85","alert('Select Audit Entity to proceed');"
"alerts","C:\Users\Asad Ali\Documents\GitHub\HTTPS-IAS-Production\AIS\wwwroot\js\csp\Views_Planning_special_audit_criteria.js","89","alert('Enter No. of days to proceed');"
"alerts","C:\Users\Asad Ali\Documents\GitHub\HTTPS-IAS-Production\AIS\wwwroot\js\csp\Views_Planning_team_members.js","26","alert('Enter Team Code');"
"alerts","C:\Users\Asad Ali\Documents\GitHub\HTTPS-IAS-Production\AIS\wwwroot\js\csp\Views_Planning_team_members.js","38","alert('Enter Team Name');"
"alerts","C:\Users\Asad Ali\Documents\GitHub\HTTPS-IAS-Production\AIS\wwwroot\js\csp\Views_Planning_team_members.js","43","alert('Select Team Participants');"
"alerts","C:\Users\Asad Ali\Documents\GitHub\HTTPS-IAS-Production\AIS\wwwroot\js\csp\Views_Planning_team_members.js","47","alert('Select Team Lead');"
"alerts","C:\Users\Asad Ali\Documents\GitHub\HTTPS-IAS-Production\AIS\wwwroot\js\csp\Views_Planning_team_members.js","80","alert('Select Team Lead among Team Participants');"
"alerts","C:\Users\Asad Ali\Documents\GitHub\HTTPS-IAS-Production\AIS\wwwroot\js\csp\Views_Planning_tentative_engagement_plan.js","87","alert('Select Audit Start Date');"
"alerts","C:\Users\Asad Ali\Documents\GitHub\HTTPS-IAS-Production\AIS\wwwroot\js\csp\Views_Planning_tentative_engagement_plan.js","108","alert('Start date cannot be a weekend or public holiday');"
"alerts","C:\Users\Asad Ali\Documents\GitHub\HTTPS-IAS-Production\AIS\wwwroot\js\csp\Views_Planning_tentative_engagement_plan.js","213","alert('Select audit team');"
"alerts","C:\Users\Asad Ali\Documents\GitHub\HTTPS-IAS-Production\AIS\wwwroot\js\csp\Views_Planning_tentative_engagement_plan.js","219","alert('Select Operational Start Date');"
"alerts","C:\Users\Asad Ali\Documents\GitHub\HTTPS-IAS-Production\AIS\wwwroot\js\csp\Views_Planning_tentative_engagement_plan.js","224","alert('Select Operational End Date');"
"alerts","C:\Users\Asad Ali\Documents\GitHub\HTTPS-IAS-Production\AIS\wwwroot\js\csp\Views_Planning_tentative_engagement_plan.js","229","alert('Select Audit Start Date');"
"alerts","C:\Users\Asad Ali\Documents\GitHub\HTTPS-IAS-Production\AIS\wwwroot\js\csp\Views_Planning_tentative_engagement_plan.js","233","alert('Select Audit End Date');"
"alerts","C:\Users\Asad Ali\Documents\GitHub\HTTPS-IAS-Production\AIS\wwwroot\js\csp\Views_Planning_tentative_engagement_plan.js","266","alert(data.remarkS_OUT);"
"alerts","C:\Users\Asad Ali\Documents\GitHub\HTTPS-IAS-Production\AIS\wwwroot\js\csp\Views_PostCompliance_cau_post_compliance_to_branches.js","151","alert(""Please select Branch to proceed"");"
"alerts","C:\Users\Asad Ali\Documents\GitHub\HTTPS-IAS-Production\AIS\wwwroot\js\csp\Views_PostCompliance_cau_post_compliance_to_branches.js","156","alert(""Please provide instructions to proceed"");"
"alerts","C:\Users\Asad Ali\Documents\GitHub\HTTPS-IAS-Production\AIS\wwwroot\js\csp\Views_PostCompliance_cau_post_compliance_to_branches.js","175","alert(""An error occurred: "" + jqXHR.status + "" "" + errorThrown);"
"alerts","C:\Users\Asad Ali\Documents\GitHub\HTTPS-IAS-Production\AIS\wwwroot\js\csp\Views_PostCompliance_cau_post_compliance_to_branches_reply.js","76","alert(""Files uploaded successfully!"");"
"alerts","C:\Users\Asad Ali\Documents\GitHub\HTTPS-IAS-Production\AIS\wwwroot\js\csp\Views_PostCompliance_cau_post_compliance_to_branches_reply.js","85","alert(""Error uploading files. Please try again.""); // Use custom alert"
"alerts","C:\Users\Asad Ali\Documents\GitHub\HTTPS-IAS-Production\AIS\wwwroot\js\csp\Views_PostCompliance_cau_post_compliance_to_branches_reply.js","198","alert(""Please provide Commments to proceed"");"
"alerts","C:\Users\Asad Ali\Documents\GitHub\HTTPS-IAS-Production\AIS\wwwroot\js\csp\Views_PostCompliance_cau_post_compliance_to_branches_reply.js","220","alert(""An error occurred: "" + jqXHR.status + "" "" + errorThrown);"
"alerts","C:\Users\Asad Ali\Documents\GitHub\HTTPS-IAS-Production\AIS\wwwroot\js\csp\Views_PostCompliance_cau_post_compliance_to_branches_review.js","226","alert(""Please provide instructions to proceed"");"
"alerts","C:\Users\Asad Ali\Documents\GitHub\HTTPS-IAS-Production\AIS\wwwroot\js\csp\Views_PostCompliance_cau_post_compliance_to_branches_review.js","245","alert(""An error occurred: "" + jqXHR.status + "" "" + errorThrown);"
"alerts","C:\Users\Asad Ali\Documents\GitHub\HTTPS-IAS-Production\AIS\wwwroot\js\csp\Views_PostCompliance_change_para_status.js","30","alert(""getrelation AJAX error: "" + xhr.responseText);"
"alerts","C:\Users\Asad Ali\Documents\GitHub\HTTPS-IAS-Production\AIS\wwwroot\js\csp\Views_PostCompliance_change_para_status.js","50","alert(""getplacepost AJAX error: "" + xhr.responseText);"
"alerts","C:\Users\Asad Ali\Documents\GitHub\HTTPS-IAS-Production\AIS\wwwroot\js\csp\Views_PostCompliance_change_para_status.js","83","alert(""getParas AJAX error: "" + xhr.responseText);"
"alerts","C:\Users\Asad Ali\Documents\GitHub\HTTPS-IAS-Production\AIS\wwwroot\js\csp\Views_PostCompliance_change_para_status.js","104","alert(""paraText AJAX error: "" + xhr.responseText);"
"alerts","C:\Users\Asad Ali\Documents\GitHub\HTTPS-IAS-Production\AIS\wwwroot\js\csp\Views_PostCompliance_change_para_status.js","120","alert(""Please enter remarks"");"
"alerts","C:\Users\Asad Ali\Documents\GitHub\HTTPS-IAS-Production\AIS\wwwroot\js\csp\Views_PostCompliance_change_para_status.js","145","alert(""Publishchange AJAX error: "" + xhr.responseText);"
"alerts","C:\Users\Asad Ali\Documents\GitHub\HTTPS-IAS-Production\AIS\wwwroot\js\csp\Views_PostCompliance_change_status_new_Para.js","46","alert(""Please enter Reply"");"
"alerts","C:\Users\Asad Ali\Documents\GitHub\HTTPS-IAS-Production\AIS\wwwroot\js\csp\Views_PostCompliance_change_status_new_Para_authorize.js","51","alert(""Please enter Reply"");"
"alerts","C:\Users\Asad Ali\Documents\GitHub\HTTPS-IAS-Production\AIS\wwwroot\js\csp\Views_PostCompliance_change_status_new_Para_reviewer.js","51","alert(""Please enter Reply"");"
"alerts","C:\Users\Asad Ali\Documents\GitHub\HTTPS-IAS-Production\AIS\wwwroot\js\csp\Views_PostCompliance_post_compliance.js","84","alert(""Files uploaded successfully!"");"
"alerts","C:\Users\Asad Ali\Documents\GitHub\HTTPS-IAS-Production\AIS\wwwroot\js\csp\Views_PostCompliance_post_compliance.js","93","alert(""Error uploading files. Please try again.""); // Use custom alert"
"alerts","C:\Users\Asad Ali\Documents\GitHub\HTTPS-IAS-Production\AIS\wwwroot\js\csp\Views_PostCompliance_post_compliance.js","264","alert(""Please provide Compliance to proceed"");"
"alerts","C:\Users\Asad Ali\Documents\GitHub\HTTPS-IAS-Production\AIS\wwwroot\js\csp\Views_PostCompliance_post_compliance.js","288","alert(""An error occurred: "" + jqXHR.status + "" "" + errorThrown);"
"alerts","C:\Users\Asad Ali\Documents\GitHub\HTTPS-IAS-Production\AIS\wwwroot\js\csp\Views_PostCompliance_post_compliance_review.js","254","alert(""Please provide Remarks to proceed"");"
"alerts","C:\Users\Asad Ali\Documents\GitHub\HTTPS-IAS-Production\AIS\wwwroot\js\csp\Views_Reports_aging_observations.js","191","alert(""Under Construction"");"
"alerts","C:\Users\Asad Ali\Documents\GitHub\HTTPS-IAS-Production\AIS\wwwroot\js\csp\Views_Reports_auditee_observations_report.js","113","alert(""Audit Closed Successfully"");"
"alerts","C:\Users\Asad Ali\Documents\GitHub\HTTPS-IAS-Production\AIS\wwwroot\js\csp\Views_Reports_Audit_Period_Or_Entity_Wise_Report.js","146","alert(""Reply sent successfuly"");"
"alerts","C:\Users\Asad Ali\Documents\GitHub\HTTPS-IAS-Production\AIS\wwwroot\js\csp\Views_Reports_Audit_Period_Or_Entity_Wise_Report.js","153","alert(""Provide your comments to proceed"");"
"alerts","C:\Users\Asad Ali\Documents\GitHub\HTTPS-IAS-Production\AIS\wwwroot\js\csp\Views_Reports_Audit_Plan_Engagement.js","52","alert(""Select Audited By Department"");"
"alerts","C:\Users\Asad Ali\Documents\GitHub\HTTPS-IAS-Production\AIS\wwwroot\js\csp\Views_Reports_Audit_Plan_Engagement.js","57","alert(""Select Audit Period"");"
"alerts","C:\Users\Asad Ali\Documents\GitHub\HTTPS-IAS-Production\AIS\wwwroot\js\csp\Views_Reports_audit_typewise_report.js","189","alert(""Under Construction"");"
"alerts","C:\Users\Asad Ali\Documents\GitHub\HTTPS-IAS-Production\AIS\wwwroot\js\csp\Views_Reports_br_au_pos.js","189","alert(""Under Construction"");"
"alerts","C:\Users\Asad Ali\Documents\GitHub\HTTPS-IAS-Production\AIS\wwwroot\js\csp\Views_Reports_cad_isad_achievement.js","189","alert(""Under Construction"");"
"alerts","C:\Users\Asad Ali\Documents\GitHub\HTTPS-IAS-Production\AIS\wwwroot\js\csp\Views_Reports_Concluding_Closing_Audit.js","125","alert(""Audit Entity Not Selected"");"
"alerts","C:\Users\Asad Ali\Documents\GitHub\HTTPS-IAS-Production\AIS\wwwroot\js\csp\Views_Reports_Concluding_Closing_Audit.js","135","alert(""Audit Entity Not Selected"");"
"alerts","C:\Users\Asad Ali\Documents\GitHub\HTTPS-IAS-Production\AIS\wwwroot\js\csp\Views_Reports_div_out_paras.js","189","alert(""Under Construction"");"
"alerts","C:\Users\Asad Ali\Documents\GitHub\HTTPS-IAS-Production\AIS\wwwroot\js\csp\Views_Reports_div_seg_paras.js","189","alert(""Under Construction"");"
"alerts","C:\Users\Asad Ali\Documents\GitHub\HTTPS-IAS-Production\AIS\wwwroot\js\csp\Views_Reports_emp_info.js","189","alert(""Under Construction"");"
"alerts","C:\Users\Asad Ali\Documents\GitHub\HTTPS-IAS-Production\AIS\wwwroot\js\csp\Views_Reports_exec_stats.js","189","alert(""Under Construction"");"
"alerts","C:\Users\Asad Ali\Documents\GitHub\HTTPS-IAS-Production\AIS\wwwroot\js\csp\Views_Reports_fad_para_res.js","97","alert(""Please select Concerned Department"");"
"alerts","C:\Users\Asad Ali\Documents\GitHub\HTTPS-IAS-Production\AIS\wwwroot\js\csp\Views_Reports_fad_para_res.js","101","alert(""Comments are Mandatory"");"
"alerts","C:\Users\Asad Ali\Documents\GitHub\HTTPS-IAS-Production\AIS\wwwroot\js\csp\Views_Reports_fad_para_res.js","114","alert(""Successfully done"");"
"alerts","C:\Users\Asad Ali\Documents\GitHub\HTTPS-IAS-Production\AIS\wwwroot\js\csp\Views_Reports_final_audit_report.js","40","alert(""Please select at least one report."");"
"alerts","C:\Users\Asad Ali\Documents\GitHub\HTTPS-IAS-Production\AIS\wwwroot\js\csp\Views_Reports_join_comp_report.js","5","alert(""Select Department/ Audit Cluster to proceed"");"
"alerts","C:\Users\Asad Ali\Documents\GitHub\HTTPS-IAS-Production\AIS\wwwroot\js\csp\Views_Reports_loan_report.js","42","alert(""Select Zone Office to proceed"");"
"alerts","C:\Users\Asad Ali\Documents\GitHub\HTTPS-IAS-Production\AIS\wwwroot\js\csp\Views_Reports_management_au_report_zonewise.js","189","alert(""Under Construction"");"
"alerts","C:\Users\Asad Ali\Documents\GitHub\HTTPS-IAS-Production\AIS\wwwroot\js\csp\Views_Reports_master_cdms_trns.js","24","alert(selectedValue);"
"alerts","C:\Users\Asad Ali\Documents\GitHub\HTTPS-IAS-Production\AIS\wwwroot\js\csp\Views_Reports_monthwise_settlement_paras.js","189","alert(""Under Construction"");"
"alerts","C:\Users\Asad Ali\Documents\GitHub\HTTPS-IAS-Production\AIS\wwwroot\js\csp\Views_Reports_riskwise_observations.js","189","alert(""Under Construction"");"
"alerts","C:\Users\Asad Ali\Documents\GitHub\HTTPS-IAS-Production\AIS\wwwroot\js\csp\Views_Reports_role_wise_user.js","189","alert(""Under Construction"");"
"alerts","C:\Users\Asad Ali\Documents\GitHub\HTTPS-IAS-Production\AIS\wwwroot\js\csp\Views_Reports_settled_paras_report.js","9","alert(""Please select From Date to proceed"");"
"alerts","C:\Users\Asad Ali\Documents\GitHub\HTTPS-IAS-Production\AIS\wwwroot\js\csp\Views_Reports_settled_paras_report.js","13","alert(""Please select End Date to proceed"");"
"alerts","C:\Users\Asad Ali\Documents\GitHub\HTTPS-IAS-Production\AIS\wwwroot\js\csp\Views_Reports_settlement_old_paras.js","189","alert(""Under Construction"");"
"alerts","C:\Users\Asad Ali\Documents\GitHub\HTTPS-IAS-Production\AIS\wwwroot\js\csp\Views_Reports_significant_observations_management_audit.js","193","alert(""Under Construction"");"
"alerts","C:\Users\Asad Ali\Documents\GitHub\HTTPS-IAS-Production\AIS\wwwroot\js\csp\Views_Reports_status_wise_compliance.js","92","alert(""Select Start Date to proceed"");"
"alerts","C:\Users\Asad Ali\Documents\GitHub\HTTPS-IAS-Production\AIS\wwwroot\js\csp\Views_Reports_status_wise_compliance.js","104","alert(""Select End Date to proceed"");"
"alerts","C:\Users\Asad Ali\Documents\GitHub\HTTPS-IAS-Production\AIS\wwwroot\js\csp\Views_Reports_user_activity_graph.js","58","alert(""Missing Mandatory fields"");"
"alerts","C:\Users\Asad Ali\Documents\GitHub\HTTPS-IAS-Production\AIS\wwwroot\js\csp\Views_Reports_zonewise_settlement_paras.js","189","alert(""Under Construction"");"
"alerts","C:\Users\Asad Ali\Documents\GitHub\HTTPS-IAS-Production\AIS\wwwroot\js\csp\Views_Reports_zone_branch_wise_para_position_report.js","41","alert(""Please select either Zone or Branch to proceed"");"
"alerts","C:\Users\Asad Ali\Documents\GitHub\HTTPS-IAS-Production\AIS\wwwroot\js\csp\Views_Sampling_account_document.js","57","alert(""No document data received."");"
"alerts","C:\Users\Asad Ali\Documents\GitHub\HTTPS-IAS-Production\AIS\wwwroot\js\csp\Views_Sampling_account_document.js","66","alert(""Please allow popups to view the document."");"
"alerts","C:\Users\Asad Ali\Documents\GitHub\HTTPS-IAS-Production\AIS\wwwroot\js\csp\Views_Sampling_account_document.js","100","alert(""The document type is not supported."");"
"alerts","C:\Users\Asad Ali\Documents\GitHub\HTTPS-IAS-Production\AIS\wwwroot\js\csp\Views_Sampling_add_report.js","67","alert(""Report Name List must contain only letters, numbers, and spaces."");"
"alerts","C:\Users\Asad Ali\Documents\GitHub\HTTPS-IAS-Production\AIS\wwwroot\js\csp\Views_Sampling_loan_documents.js","68","alert(""Document ID is missing."");"
"alerts","C:\Users\Asad Ali\Documents\GitHub\HTTPS-IAS-Production\AIS\wwwroot\js\csp\Views_Sampling_loan_documents.js","82","alert(""No document data received."");"
"alerts","C:\Users\Asad Ali\Documents\GitHub\HTTPS-IAS-Production\AIS\wwwroot\js\csp\Views_Sampling_loan_documents.js","90","alert(""Please allow popups to view the document."");"
"alerts","C:\Users\Asad Ali\Documents\GitHub\HTTPS-IAS-Production\AIS\wwwroot\js\csp\Views_Sampling_loan_documents.js","124","alert(""The document type is not supported."");"
"alerts","C:\Users\Asad Ali\Documents\GitHub\HTTPS-IAS-Production\AIS\wwwroot\js\csp\Views_Sampling_ManageExceptionReportFormat.js","101","alert(""Please select a report first."");"
"alerts","C:\Users\Asad Ali\Documents\GitHub\HTTPS-IAS-Production\AIS\wwwroot\js\csp\Views_Sampling_ManageExceptionReportFormat.js","106","alert(""Header must contain only letters, numbers, and spaces."");"
"alerts","C:\Users\Asad Ali\Documents\GitHub\HTTPS-IAS-Production\AIS\wwwroot\js\csp\Views_Setup_annexure_assignment_para.js","87","alert(""Select Annexure to proceed"");"
"alerts","C:\Users\Asad Ali\Documents\GitHub\HTTPS-IAS-Production\AIS\wwwroot\js\csp\Views_Setup_compliance_hierarchy.js","52","alert(""Please select Compliance Unit to proceed"");"
"alerts","C:\Users\Asad Ali\Documents\GitHub\HTTPS-IAS-Production\AIS\wwwroot\js\csp\Views_Setup_compliance_hierarchy.js","58","alert(""Please enter Incharge Compliance Unit PP No. to proceed"");"
"alerts","C:\Users\Asad Ali\Documents\GitHub\HTTPS-IAS-Production\AIS\wwwroot\js\csp\Views_Setup_compliance_hierarchy.js","63","alert(""Please enter Settlement Officer PP No. to proceed"");"
"alerts","C:\Users\Asad Ali\Documents\GitHub\HTTPS-IAS-Production\AIS\wwwroot\js\csp\Views_Setup_compliance_hierarchy.js","87","alert(""Please enter Incharge Compliance Unit PP No. to proceed"");"
"alerts","C:\Users\Asad Ali\Documents\GitHub\HTTPS-IAS-Production\AIS\wwwroot\js\csp\Views_Setup_compliance_hierarchy.js","91","alert(""Please enter Settlement Officer PP No. to proceed"");"
"alerts","C:\Users\Asad Ali\Documents\GitHub\HTTPS-IAS-Production\AIS\wwwroot\js\csp\Views_Setup_departments.js","55","alert(""Select Audit By Department"");"
"alerts","C:\Users\Asad Ali\Documents\GitHub\HTTPS-IAS-Production\AIS\wwwroot\js\csp\Views_Setup_manage_annexure.js","93","alert(""Please select Process to proceed"");"
"alerts","C:\Users\Asad Ali\Documents\GitHub\HTTPS-IAS-Production\AIS\wwwroot\js\csp\Views_Setup_manage_annexure.js","98","alert(""Please select Function Owner to proceed"");"
"alerts","C:\Users\Asad Ali\Documents\GitHub\HTTPS-IAS-Production\AIS\wwwroot\js\csp\Views_Setup_manage_annexure.js","103","alert(""Please select Risk to proceed"");"
"alerts","C:\Users\Asad Ali\Documents\GitHub\HTTPS-IAS-Production\AIS\wwwroot\js\csp\Views_Setup_manage_annexure.js","108","alert(""Please enter Heading to proceed"");"
"alerts","C:\Users\Asad Ali\Documents\GitHub\HTTPS-IAS-Production\AIS\wwwroot\js\csp\Views_Setup_manage_annexure.js","113","alert(""Please enter Max Number to proceed"");"
"alerts","C:\Users\Asad Ali\Documents\GitHub\HTTPS-IAS-Production\AIS\wwwroot\js\csp\Views_Setup_manage_annexure.js","119","alert(""Please enter Gravity to proceed"");"
"alerts","C:\Users\Asad Ali\Documents\GitHub\HTTPS-IAS-Production\AIS\wwwroot\js\csp\Views_Setup_manage_annexure.js","125","alert(""Please enter Weightage to proceed"");"
"alerts","C:\Users\Asad Ali\Documents\GitHub\HTTPS-IAS-Production\AIS\wwwroot\js\csp\Views_Setup_manage_checklist.js","33","alert(""Please enter Checklist Title"");"
"alerts","C:\Users\Asad Ali\Documents\GitHub\HTTPS-IAS-Production\AIS\wwwroot\js\csp\Views_Setup_manage_checklist.js","38","alert(""Please enter Risk Sequence"");"
"alerts","C:\Users\Asad Ali\Documents\GitHub\HTTPS-IAS-Production\AIS\wwwroot\js\csp\Views_Setup_manage_checklist.js","43","alert(""Please enter Risk Weightage"");"
"alerts","C:\Users\Asad Ali\Documents\GitHub\HTTPS-IAS-Production\AIS\wwwroot\js\csp\Views_Setup_manage_checklist_detail.js","71","alert(""please select Process to proceed"");"
"alerts","C:\Users\Asad Ali\Documents\GitHub\HTTPS-IAS-Production\AIS\wwwroot\js\csp\Views_Setup_manage_checklist_detail.js","75","alert(""please select Sub Process to Proceed"");"
"alerts","C:\Users\Asad Ali\Documents\GitHub\HTTPS-IAS-Production\AIS\wwwroot\js\csp\Views_Setup_manage_checklist_detail.js","79","alert(""please provide Process Detail Heading to Proceed"");"
"alerts","C:\Users\Asad Ali\Documents\GitHub\HTTPS-IAS-Production\AIS\wwwroot\js\csp\Views_Setup_manage_checklist_detail.js","84","alert(""please select Vilation to Proceed"");"
"alerts","C:\Users\Asad Ali\Documents\GitHub\HTTPS-IAS-Production\AIS\wwwroot\js\csp\Views_Setup_manage_checklist_detail.js","89","alert(""please select Process Owner to Proceed"");"
"alerts","C:\Users\Asad Ali\Documents\GitHub\HTTPS-IAS-Production\AIS\wwwroot\js\csp\Views_Setup_manage_checklist_detail.js","95","alert(""please select Role Responsible to Proceed"");"
"alerts","C:\Users\Asad Ali\Documents\GitHub\HTTPS-IAS-Production\AIS\wwwroot\js\csp\Views_Setup_manage_checklist_detail.js","101","alert(""please select Risk to Proceed"");"
"alerts","C:\Users\Asad Ali\Documents\GitHub\HTTPS-IAS-Production\AIS\wwwroot\js\csp\Views_Setup_manage_checklist_detail.js","107","alert(""please select Annexure to Proceed"");"
"alerts","C:\Users\Asad Ali\Documents\GitHub\HTTPS-IAS-Production\AIS\wwwroot\js\csp\Views_Setup_manage_checklist_detail.js","286","alert(""please select Process to proceed"");"
"alerts","C:\Users\Asad Ali\Documents\GitHub\HTTPS-IAS-Production\AIS\wwwroot\js\csp\Views_Setup_manage_checklist_detail.js","290","alert(""please select Sub Process to Proceed"");"
"alerts","C:\Users\Asad Ali\Documents\GitHub\HTTPS-IAS-Production\AIS\wwwroot\js\csp\Views_Setup_manage_checklist_detail.js","294","alert(""please provide Process Detail Heading to Proceed"");"
"alerts","C:\Users\Asad Ali\Documents\GitHub\HTTPS-IAS-Production\AIS\wwwroot\js\csp\Views_Setup_manage_checklist_detail.js","299","alert(""please select Vilation to Proceed"");"
"alerts","C:\Users\Asad Ali\Documents\GitHub\HTTPS-IAS-Production\AIS\wwwroot\js\csp\Views_Setup_manage_checklist_detail.js","304","alert(""please select Process Owner to Proceed"");"
"alerts","C:\Users\Asad Ali\Documents\GitHub\HTTPS-IAS-Production\AIS\wwwroot\js\csp\Views_Setup_manage_checklist_detail.js","310","alert(""please select Role Responsible to Proceed"");"
"alerts","C:\Users\Asad Ali\Documents\GitHub\HTTPS-IAS-Production\AIS\wwwroot\js\csp\Views_Setup_manage_checklist_detail.js","316","alert(""please select Risk to Proceed"");"
"alerts","C:\Users\Asad Ali\Documents\GitHub\HTTPS-IAS-Production\AIS\wwwroot\js\csp\Views_Setup_manage_checklist_detail.js","322","alert(""please select Annexure to Proceed"");"
"alerts","C:\Users\Asad Ali\Documents\GitHub\HTTPS-IAS-Production\AIS\wwwroot\js\csp\Views_Setup_manage_sub_checklist.js","68","alert(""Please select Process"");"
"alerts","C:\Users\Asad Ali\Documents\GitHub\HTTPS-IAS-Production\AIS\wwwroot\js\csp\Views_Setup_manage_sub_checklist.js","72","alert(""Please enter Sub Process Title"");"
"alerts","C:\Users\Asad Ali\Documents\GitHub\HTTPS-IAS-Production\AIS\wwwroot\js\csp\Views_Setup_manage_sub_checklist.js","77","alert(""Please enter Risk Sequence"");"
"alerts","C:\Users\Asad Ali\Documents\GitHub\HTTPS-IAS-Production\AIS\wwwroot\js\csp\Views_Setup_manage_sub_checklist.js","82","alert(""Please enter Risk Weightage"");"
"alerts","C:\Users\Asad Ali\Documents\GitHub\HTTPS-IAS-Production\AIS\wwwroot\js\csp\Views_Setup_para_migration.js","106","alert(""migration of Para in process"");"
"alerts","C:\Users\Asad Ali\Documents\GitHub\HTTPS-IAS-Production\AIS\wwwroot\js\csp\Views_Setup_processes.js","103","alert('Please provide all the details');"
"alerts","C:\Users\Asad Ali\Documents\GitHub\HTTPS-IAS-Production\AIS\wwwroot\js\csp\Views_Setup_processes.js","133","alert('Please provide all the details');"
"alerts","C:\Users\Asad Ali\Documents\GitHub\HTTPS-IAS-Production\AIS\wwwroot\js\csp\Views_Setup_processes.js","173","alert('Please provide all the details');"
"alerts","C:\Users\Asad Ali\Documents\GitHub\HTTPS-IAS-Production\AIS\wwwroot\js\csp\Views_Setup_remove_duplicate_checklists.js","96","alert(""Please enter Checklist Title"");"
"alerts","C:\Users\Asad Ali\Documents\GitHub\HTTPS-IAS-Production\AIS\wwwroot\js\csp\Views_Setup_remove_duplicate_checklists.js","150","alert(""Please select Process"");"
"alerts","C:\Users\Asad Ali\Documents\GitHub\HTTPS-IAS-Production\AIS\wwwroot\js\csp\Views_Setup_remove_duplicate_checklists.js","154","alert(""Please enter Sub Process Title"");"
"alerts","C:\Users\Asad Ali\Documents\GitHub\HTTPS-IAS-Production\AIS\wwwroot\js\csp\Views_Setup_remove_duplicate_checklists.js","234","alert(""please select Process to proceed"");"
"alerts","C:\Users\Asad Ali\Documents\GitHub\HTTPS-IAS-Production\AIS\wwwroot\js\csp\Views_Setup_remove_duplicate_checklists.js","238","alert(""please select Sub Process to Proceed"");"
"alerts","C:\Users\Asad Ali\Documents\GitHub\HTTPS-IAS-Production\AIS\wwwroot\js\csp\Views_Setup_remove_duplicate_checklists.js","242","alert(""please provide Process Detail Heading to Proceed"");"
"alerts","C:\Users\Asad Ali\Documents\GitHub\HTTPS-IAS-Production\AIS\wwwroot\js\csp\Views_Setup_remove_duplicate_checklists.js","247","alert(""please select Vilation to Proceed"");"
"alerts","C:\Users\Asad Ali\Documents\GitHub\HTTPS-IAS-Production\AIS\wwwroot\js\csp\Views_Setup_remove_duplicate_checklists.js","252","alert(""please select Process Owner to Proceed"");"
"alerts","C:\Users\Asad Ali\Documents\GitHub\HTTPS-IAS-Production\AIS\wwwroot\js\csp\Views_Setup_remove_duplicate_checklists.js","258","alert(""please select Role Responsible to Proceed"");"
"alerts","C:\Users\Asad Ali\Documents\GitHub\HTTPS-IAS-Production\AIS\wwwroot\js\csp\Views_Setup_remove_duplicate_checklists.js","264","alert(""please select Risk to Proceed"");"
"alerts","C:\Users\Asad Ali\Documents\GitHub\HTTPS-IAS-Production\AIS\wwwroot\js\csp\Views_Setup_remove_duplicate_checklists.js","270","alert(""please select Annexure to Proceed"");"
"alerts","C:\Users\Asad Ali\Documents\GitHub\HTTPS-IAS-Production\AIS\wwwroot\js\csp\Views_Setup_remove_duplicate_checklists.js","324","alert(""Select Checlist Detail to proceed"");"
"alerts","C:\Users\Asad Ali\Documents\GitHub\HTTPS-IAS-Production\AIS\wwwroot\js\csp\Views_Setup_remove_duplicate_checklists.js","352","alert(""Please select atleast one checklist detail to merge with above"");"
"alerts","C:\Users\Asad Ali\Documents\GitHub\HTTPS-IAS-Production\AIS\wwwroot\js\csp\Views_Setup_remove_duplicate_process.js","96","alert(""Please enter Checklist Title"");"
"alerts","C:\Users\Asad Ali\Documents\GitHub\HTTPS-IAS-Production\AIS\wwwroot\js\csp\Views_Setup_remove_duplicate_process.js","150","alert(""Please select Process"");"
"alerts","C:\Users\Asad Ali\Documents\GitHub\HTTPS-IAS-Production\AIS\wwwroot\js\csp\Views_Setup_remove_duplicate_process.js","154","alert(""Please enter Sub Process Title"");"
"alerts","C:\Users\Asad Ali\Documents\GitHub\HTTPS-IAS-Production\AIS\wwwroot\js\csp\Views_Setup_remove_duplicate_process.js","234","alert(""please select Process to proceed"");"
"alerts","C:\Users\Asad Ali\Documents\GitHub\HTTPS-IAS-Production\AIS\wwwroot\js\csp\Views_Setup_remove_duplicate_process.js","238","alert(""please select Sub Process to Proceed"");"
"alerts","C:\Users\Asad Ali\Documents\GitHub\HTTPS-IAS-Production\AIS\wwwroot\js\csp\Views_Setup_remove_duplicate_process.js","242","alert(""please provide Process Detail Heading to Proceed"");"
"alerts","C:\Users\Asad Ali\Documents\GitHub\HTTPS-IAS-Production\AIS\wwwroot\js\csp\Views_Setup_remove_duplicate_process.js","247","alert(""please select Vilation to Proceed"");"
"alerts","C:\Users\Asad Ali\Documents\GitHub\HTTPS-IAS-Production\AIS\wwwroot\js\csp\Views_Setup_remove_duplicate_process.js","252","alert(""please select Process Owner to Proceed"");"
"alerts","C:\Users\Asad Ali\Documents\GitHub\HTTPS-IAS-Production\AIS\wwwroot\js\csp\Views_Setup_remove_duplicate_process.js","258","alert(""please select Role Responsible to Proceed"");"
"alerts","C:\Users\Asad Ali\Documents\GitHub\HTTPS-IAS-Production\AIS\wwwroot\js\csp\Views_Setup_remove_duplicate_process.js","264","alert(""please select Risk to Proceed"");"
"alerts","C:\Users\Asad Ali\Documents\GitHub\HTTPS-IAS-Production\AIS\wwwroot\js\csp\Views_Setup_remove_duplicate_process.js","270","alert(""please select Annexure to Proceed"");"
"alerts","C:\Users\Asad Ali\Documents\GitHub\HTTPS-IAS-Production\AIS\wwwroot\js\csp\Views_Setup_remove_duplicate_process.js","324","alert(""Select Process to proceed"");"
"alerts","C:\Users\Asad Ali\Documents\GitHub\HTTPS-IAS-Production\AIS\wwwroot\js\csp\Views_Setup_remove_duplicate_process.js","352","alert(""Please select atleast one Process to merge with above selected process"");"
"alerts","C:\Users\Asad Ali\Documents\GitHub\HTTPS-IAS-Production\AIS\wwwroot\js\csp\Views_Setup_remove_duplicate_sub_process.js","49","alert(""Select Process and Sub Process to proceed"");"
"alerts","C:\Users\Asad Ali\Documents\GitHub\HTTPS-IAS-Production\AIS\wwwroot\js\csp\Views_Setup_remove_duplicate_sub_process.js","54","alert(""Select Sub Process to proceed"");"
"alerts","C:\Users\Asad Ali\Documents\GitHub\HTTPS-IAS-Production\AIS\wwwroot\js\csp\Views_Setup_remove_duplicate_sub_process.js","83","alert(""Please select atleast one Process to merge with above selected process"");"
"alerts","C:\Users\Asad Ali\Documents\GitHub\HTTPS-IAS-Production\AIS\wwwroot\js\csp\Views_Shared__GetEngagementSelector.js","11","alert('Select a valid engagement to continue.');"
"alerts","C:\Users\Asad Ali\Documents\GitHub\HTTPS-IAS-Production\AIS\wwwroot\js\csp\Views_WorkingPaper_account_opening.js","50","alert(""Provide Voucher Number to proceed"");"
"alerts","C:\Users\Asad Ali\Documents\GitHub\HTTPS-IAS-Production\AIS\wwwroot\js\csp\Views_WorkingPaper_cash_count.js","46","alert(""Provide Denomination as per Vault to proceed"");"
"alerts","C:\Users\Asad Ali\Documents\GitHub\HTTPS-IAS-Production\AIS\wwwroot\js\csp\Views_WorkingPaper_cash_count.js","51","alert(""Provide Currency Notes as Per Vault to proceed"");"
"alerts","C:\Users\Asad Ali\Documents\GitHub\HTTPS-IAS-Production\AIS\wwwroot\js\csp\Views_WorkingPaper_cash_count.js","56","alert(""Provide Total Amount as per Vault to proceed"");"
"alerts","C:\Users\Asad Ali\Documents\GitHub\HTTPS-IAS-Production\AIS\wwwroot\js\csp\Views_WorkingPaper_cash_count.js","61","alert(""Provide Denomination as per Safe Register to proceed"");"
"alerts","C:\Users\Asad Ali\Documents\GitHub\HTTPS-IAS-Production\AIS\wwwroot\js\csp\Views_WorkingPaper_cash_count.js","66","alert(""Provide Currency Notes as Per Safe Register to proceed"");"
"alerts","C:\Users\Asad Ali\Documents\GitHub\HTTPS-IAS-Production\AIS\wwwroot\js\csp\Views_WorkingPaper_cash_count.js","71","alert(""Provide Total Amount as per Safe Register to proceed"");"
"alerts","C:\Users\Asad Ali\Documents\GitHub\HTTPS-IAS-Production\AIS\wwwroot\js\csp\Views_WorkingPaper_cash_count.js","76","alert(""Provide Difference to proceed"");"
"alerts","C:\Users\Asad Ali\Documents\GitHub\HTTPS-IAS-Production\AIS\wwwroot\js\csp\Views_WorkingPaper_fixed_assets.js","47","alert(""Provide Assets Name to proceed"");"
"alerts","C:\Users\Asad Ali\Documents\GitHub\HTTPS-IAS-Production\AIS\wwwroot\js\csp\Views_WorkingPaper_fixed_assets.js","52","alert(""Provide Physical Existance to proceed"");"
"alerts","C:\Users\Asad Ali\Documents\GitHub\HTTPS-IAS-Production\AIS\wwwroot\js\csp\Views_WorkingPaper_fixed_assets.js","57","alert(""Provide Location as per Fixed Asset Register to proceed"");"
"alerts","C:\Users\Asad Ali\Documents\GitHub\HTTPS-IAS-Production\AIS\wwwroot\js\csp\Views_WorkingPaper_fixed_assets.js","61","alert(""Provide Difference to proceed"");"
"alerts","C:\Users\Asad Ali\Documents\GitHub\HTTPS-IAS-Production\AIS\wwwroot\js\csp\Views_WorkingPaper_fixed_assets.js","66","alert(""Provide Remarks to proceed"");"
"alerts","C:\Users\Asad Ali\Documents\GitHub\HTTPS-IAS-Production\AIS\wwwroot\js\csp\Views_WorkingPaper_loan_case_file.js","49","alert(""Provide LC Number to proceed"");"
"alerts","C:\Users\Asad Ali\Documents\GitHub\HTTPS-IAS-Production\AIS\wwwroot\js\csp\Views_WorkingPaper_loan_case_file.js","54","alert(""Provide LC Amount to proceed"");"
"alerts","C:\Users\Asad Ali\Documents\GitHub\HTTPS-IAS-Production\AIS\wwwroot\js\csp\Views_WorkingPaper_loan_case_file.js","59","alert(""Provide Disb Date to proceed"");"
"alerts","C:\Users\Asad Ali\Documents\GitHub\HTTPS-IAS-Production\AIS\wwwroot\js\csp\Views_WorkingPaper_loan_case_file.js","65","alert(""Provide Loan Category to proceed"");"
"alerts","C:\Users\Asad Ali\Documents\GitHub\HTTPS-IAS-Production\AIS\wwwroot\js\csp\Views_WorkingPaper_voucher_checking.js","46","alert(""Provide Voucher Number to proceed"");"
"alerts","C:\Users\Asad Ali\Documents\GitHub\HTTPS-IAS-Production\AIS\wwwroot\js\iid\inquiryReportReadOnly.js","27","function showAlert(msg, type) {"
"alerts","C:\Users\Asad Ali\Documents\GitHub\HTTPS-IAS-Production\AIS\wwwroot\js\iid\inquiryReportReadOnly.js","227","showAlert(resp.message || 'Could not load inquiry report data.');"
"alerts","C:\Users\Asad Ali\Documents\GitHub\HTTPS-IAS-Production\AIS\wwwroot\js\iid\inquiryReportReadOnly.js","232","showAlert('Failed to load inquiry report read-only data.');"
"alerts","C:\Users\Asad Ali\Documents\GitHub\HTTPS-IAS-Production\AIS\wwwroot\js\iid\inquiryReportReadOnly.js","252","showAlert('Failed to load inquiry dropdown.');"
"alerts","C:\Users\Asad Ali\Documents\GitHub\HTTPS-IAS-Production\AIS\wwwroot\js\iid\monitoringDashboard.js","2","function showAlert(msg, type) {"
"alerts","C:\Users\Asad Ali\Documents\GitHub\HTTPS-IAS-Production\AIS\wwwroot\js\iid\monitoringDashboard.js","14","showAlert('Monitoring table is unavailable.');"
"alerts","C:\Users\Asad Ali\Documents\GitHub\HTTPS-IAS-Production\AIS\wwwroot\js\fad-risk-control-panel.js","326","alert('Please select a Main KPI first.');"
"alerts","C:\Users\Asad Ali\Documents\GitHub\HTTPS-IAS-Production\AIS\wwwroot\js\fad-risk-control-panel.js","341","alert('Please select a Sub KPI first.');"
"alerts","C:\Users\Asad Ali\Documents\GitHub\HTTPS-IAS-Production\AIS\wwwroot\js\fad-risk-control-panel.js","356","alert('Please select a Process first.');"
"alerts","C:\Users\Asad Ali\Documents\GitHub\HTTPS-IAS-Production\AIS\wwwroot\js\fad-risk-control-panel.js","370","alert('Please select a Sub Process first.');"
"alerts","C:\Users\Asad Ali\Documents\GitHub\HTTPS-IAS-Production\AIS\wwwroot\js\fad-risk-control-panel.js","399","alert('Failed to save Main KPI.');"
"alerts","C:\Users\Asad Ali\Documents\GitHub\HTTPS-IAS-Production\AIS\wwwroot\js\fad-risk-control-panel.js","405","alert('Please select a Main KPI first.');"
"alerts","C:\Users\Asad Ali\Documents\GitHub\HTTPS-IAS-Production\AIS\wwwroot\js\fad-risk-control-panel.js","432","alert('Failed to save Sub KPI.');"
"alerts","C:\Users\Asad Ali\Documents\GitHub\HTTPS-IAS-Production\AIS\wwwroot\js\fad-risk-control-panel.js","438","alert('Please select a Sub KPI first.');"
"alerts","C:\Users\Asad Ali\Documents\GitHub\HTTPS-IAS-Production\AIS\wwwroot\js\fad-risk-control-panel.js","465","alert('Failed to save Process.');"
"alerts","C:\Users\Asad Ali\Documents\GitHub\HTTPS-IAS-Production\AIS\wwwroot\js\fad-risk-control-panel.js","471","alert('Please select a Process first.');"
"alerts","C:\Users\Asad Ali\Documents\GitHub\HTTPS-IAS-Production\AIS\wwwroot\js\fad-risk-control-panel.js","497","alert('Failed to save Sub Process.');"
"alerts","C:\Users\Asad Ali\Documents\GitHub\HTTPS-IAS-Production\AIS\wwwroot\js\fad-risk-control-panel.js","503","alert('Please select a Sub Process first.');"
"alerts","C:\Users\Asad Ali\Documents\GitHub\HTTPS-IAS-Production\AIS\wwwroot\js\fad-risk-control-panel.js","528","alert('Failed to save Annexure.');"
"alerts","C:\Users\Asad Ali\Documents\GitHub\HTTPS-IAS-Production\AIS\wwwroot\js\fad-risk-control-panel.js","537","alert('Failed to load Main KPIs.');"
"alerts","C:\Users\Asad Ali\Documents\GitHub\HTTPS-IAS-Production\AIS\wwwroot\js\fad-risk-control-panel.js","607","alert('Failed to load Sub KPIs.');"
"alerts","C:\Users\Asad Ali\Documents\GitHub\HTTPS-IAS-Production\AIS\wwwroot\js\fad-risk-control-panel.js","680","alert('Failed to load Processes.');"
"alerts","C:\Users\Asad Ali\Documents\GitHub\HTTPS-IAS-Production\AIS\wwwroot\js\fad-risk-control-panel.js","753","alert('Failed to load Sub Processes.');"
"alerts","C:\Users\Asad Ali\Documents\GitHub\HTTPS-IAS-Production\AIS\wwwroot\js\fad-risk-control-panel.js","823","alert('Failed to load Annexures.');"
"alerts","C:\Users\Asad Ali\Documents\GitHub\HTTPS-IAS-Production\AIS\wwwroot\js\fad-risk-control-panel.js","867","alert('Failed to load gravity list.');"
"alerts","C:\Users\Asad Ali\Documents\GitHub\HTTPS-IAS-Production\AIS\wwwroot\js\home-change-password.js","118","alert('New Passowrd and Confirm Password does not match');"
"alerts","C:\Users\Asad Ali\Documents\GitHub\HTTPS-IAS-Production\AIS\wwwroot\js\home-change-password.js","124","alert('Password does not meet security requirements.');"
"alerts","C:\Users\Asad Ali\Documents\GitHub\HTTPS-IAS-Production\AIS\wwwroot\js\home-change-password.js","150","alert(failureMessage);"
"alerts","C:\Users\Asad Ali\Documents\GitHub\HTTPS-IAS-Production\AIS\wwwroot\js\home-change-password.js","163","alert(errorMessage);"
"alerts","C:\Users\Asad Ali\Documents\GitHub\HTTPS-IAS-Production\AIS\wwwroot\js\idleSessionHandler.js","35","alert('Due to inactivity, your session has been terminated');"
"alerts","C:\Users\Asad Ali\Documents\GitHub\HTTPS-IAS-Production\AIS\wwwroot\js\login.js","75","alert('Please enter PP Number to proceed');"
"alerts","C:\Users\Asad Ali\Documents\GitHub\HTTPS-IAS-Production\AIS\wwwroot\js\login.js","79","alert('Please enter CNIC Number to proceed');"
"alerts","C:\Users\Asad Ali\Documents\GitHub\HTTPS-IAS-Production\AIS\wwwroot\js\referenceSection.js","149","alert(msg);"
"alerts","C:\Users\Asad Ali\Documents\GitHub\HTTPS-IAS-Production\AIS\wwwroot\js\responsibilitySection.js","121","alert('This responsibility is already added.');"
"alerts","C:\Users\Asad Ali\Documents\GitHub\HTTPS-IAS-Production\AIS\wwwroot\js\responsibilitySection.js","193","alert('Please enter PP Number to proceed');"
"alerts","C:\Users\Asad Ali\Documents\GitHub\HTTPS-IAS-Production\AIS\wwwroot\js\responsibilitySection.js","205","alert('No record found..');"
"alerts","C:\Users\Asad Ali\Documents\GitHub\HTTPS-IAS-Production\AIS\wwwroot\js\responsibilitySection.js","248","alert('No record found..');"
"alerts","C:\Users\Asad Ali\Documents\GitHub\HTTPS-IAS-Production\AIS\wwwroot\js\responsibilitySection.js","278","alert('Select at least one responsible');"
"alerts","C:\Users\Asad Ali\Documents\GitHub\HTTPS-IAS-Production\AIS\wwwroot\js\responsibilitySection.js","283","alert('Context missing: please ensure ENG_ID (for new obs) or COM_ID (for old paras) is set.');"
"alerts","C:\Users\Asad Ali\Documents\GitHub\HTTPS-IAS-Production\AIS\wwwroot\js\responsibilitySection.js","292","alert('Responsibilities added: ' + successCount);"
"alerts","C:\Users\Asad Ali\Documents\GitHub\HTTPS-IAS-Production\AIS\wwwroot\js\responsibilitySection.js","330","alert('Please enter Either Loan Case Or Account Number to Proceed');"
"alerts","C:\Users\Asad Ali\Documents\GitHub\HTTPS-IAS-Production\AIS\wwwroot\js\responsibilitySection.js","400","alert('Please enter Either Loan Case Or Account Number to Proceed');"
"alerts","C:\Users\Asad Ali\Documents\GitHub\HTTPS-IAS-Production\AIS\wwwroot\js\responsibilitySection.js","411","alert('Context missing: please ensure ENG_ID (for new obs) or COM_ID (for old paras) is set.');"
"alerts","C:\Users\Asad Ali\Documents\GitHub\HTTPS-IAS-Production\AIS\wwwroot\js\responsibilitySectionUpdate.js","108","alert('This responsibility is already added.');"
"alerts","C:\Users\Asad Ali\Documents\GitHub\HTTPS-IAS-Production\AIS\wwwroot\js\responsibilitySectionUpdate.js","200","alert('Please enter PP Number to proceed');"
"alerts","C:\Users\Asad Ali\Documents\GitHub\HTTPS-IAS-Production\AIS\wwwroot\js\responsibilitySectionUpdate.js","212","alert('No record found..');"
"alerts","C:\Users\Asad Ali\Documents\GitHub\HTTPS-IAS-Production\AIS\wwwroot\js\responsibilitySectionUpdate.js","241","alert('Please enter LC Number and Branch Code to proceed');"
"alerts","C:\Users\Asad Ali\Documents\GitHub\HTTPS-IAS-Production\AIS\wwwroot\js\responsibilitySectionUpdate.js","256","alert('No record found..');"
"alerts","C:\Users\Asad Ali\Documents\GitHub\HTTPS-IAS-Production\AIS\wwwroot\js\responsibilitySectionUpdate.js","298","alert('Select at least one responsible');"
"alerts","C:\Users\Asad Ali\Documents\GitHub\HTTPS-IAS-Production\AIS\wwwroot\js\responsibilitySectionUpdate.js","303","alert('Context missing: please ensure ENG_ID (for new obs) or COM_ID (for old paras) is set.');"
"alerts","C:\Users\Asad Ali\Documents\GitHub\HTTPS-IAS-Production\AIS\wwwroot\js\responsibilitySectionUpdate.js","312","alert('Responsibilities added: ' + successCount);"
"alerts","C:\Users\Asad Ali\Documents\GitHub\HTTPS-IAS-Production\AIS\wwwroot\js\responsibilitySectionUpdate.js","385","alert('Please enter Either Loan Case Or Account Number to Proceed');"
"alerts","C:\Users\Asad Ali\Documents\GitHub\HTTPS-IAS-Production\AIS\wwwroot\js\responsibilitySectionUpdate.js","460","alert('Please enter Either Loan Case Or Account Number to Proceed');"
"alerts","C:\Users\Asad Ali\Documents\GitHub\HTTPS-IAS-Production\AIS\wwwroot\js\responsibilitySectionUpdate.js","471","alert('Context missing: please ensure ENG_ID (for new obs) or COM_ID (for old paras) is set.');"
"alerts","C:\Users\Asad Ali\Documents\GitHub\HTTPS-IAS-Production\AIS\wwwroot\js\site.js","985","function alert(message) {"
"alerts","C:\Users\Asad Ali\Documents\GitHub\HTTPS-IAS-Production\AIS\wwwroot\js\site.js","1130","alert(message);"
"alerts","C:\Users\Asad Ali\Documents\GitHub\HTTPS-IAS-Production\AIS\wwwroot\js\site.js","1137","alert(alertMessage);"
"alerts","C:\Users\Asad Ali\Documents\GitHub\HTTPS-IAS-Production\AIS\wwwroot\js\site.js","1143","alert(fallbackAlert);"
"alerts","C:\Users\Asad Ali\Documents\GitHub\HTTPS-IAS-Production\AIS\wwwroot\js\site.js","1153","alert(buildAjaxErrorMessage(status, errorRefId, message));"
"alerts","C:\Users\Asad Ali\Documents\GitHub\HTTPS-IAS-Production\AIS\wwwroot\js\site.js","1163","alert(buildAjaxErrorMessage(status, errorRefId, 'Unexpected response format.'));"
"alerts","C:\Users\Asad Ali\Documents\GitHub\HTTPS-IAS-Production\AIS\wwwroot\js\site.js","1169","alert(buildAjaxErrorMessage(status, errorRefId, message));"
"alerts","C:\Users\Asad Ali\Documents\GitHub\HTTPS-IAS-Production\AIS\wwwroot\js\site.js","1171","alert(buildAjaxErrorMessage(status, errorRefId, fallback));"
"alerts","C:\Users\Asad Ali\Documents\GitHub\HTTPS-IAS-Production\AIS\wwwroot\js\site.js","1211","alert(message);"
"alerts","C:\Users\Asad Ali\Documents\GitHub\HTTPS-IAS-Production\AIS\wwwroot\js\site.js","1398","alert(message);"
"alerts","C:\Users\Asad Ali\Documents\GitHub\HTTPS-IAS-Production\AIS\wwwroot\js\site.js","1468","alert('PDF export is unavailable right now. Please refresh the page or contact support.');"
"alerts","C:\Users\Asad Ali\Documents\GitHub\HTTPS-IAS-Production\AIS\wwwroot\js\site.js","1483","alert('There is no data to export to PDF.');"
"html_write","C:\Users\Asad Ali\Documents\GitHub\HTTPS-IAS-Production\AIS\wwwroot\js\csp\Views_AdministrationPanel_audit_criteria.js","59","$('#div_' + g_branchId).html(""<td><p class=\""fw - normal mb - 1\"">"" + code + ""</p></td><td><p class=\""fw - normal mb - 1\"">"" + name + ""</p></td><td><p class=\""fw - normal mb - 1\"">"" + zone_name + ""</p></td><td><p class=\""fw - normal mb - 1\"">"" + size + ""</p></td><td><p class=\""fw - normal mb - 1\"">"" + risk + ""</p></td><td><span class=\""badge "" + badge + "" rounded - pill d - inline\"">"" + status + ""</span></td><td><button type=\""button\"" class=\""btn btn - link text - danger btn - sm btn - rounded\"" data-onclick=\""setupBranch('"" + code + ""', '"" + name + ""', '"" + zone_name + ""', '"" + zoneId + ""', '"" + size + ""', '"" + sizeId + ""', '"" + risk + ""', '"" + status + ""', '"" + g_branchId + ""'); \"" > Edit</button></td >"");"
"html_write","C:\Users\Asad Ali\Documents\GitHub\HTTPS-IAS-Production\AIS\wwwroot\js\csp\Views_AdministrationPanel_audit_observation_text.js","53","$('#dept_' + g_deptId).html(""<td class=\""dept_code\""><p class=\""fw-normal mb-1\"">"" + code + ""</p></td><td class=\""dept_name\""><p class=\""fw-normal mb-1\"">"" + name + ""</p></td ><td class=\""dept_div\""><p class=\""fw-normal mb-1\"">"" + div_name + ""</p></td><td class=\""dept_status\""><span class=\""badge "" + badge + "" rounded-pill d-inline\"">"" + status + ""</span></td><td class=\""dept_action\""><button type=\""button\"" class=\""btn btn-link text-danger btn-sm btn-rounded\"" data-onclick=\""setupDepartment('"" + code + ""','"" + name + ""','"" + div_name + ""','"" + status + ""','"" + g_deptId + ""','"" + div_id + ""');\"">Edit</button></td>"");"
"html_write","C:\Users\Asad Ali\Documents\GitHub\HTTPS-IAS-Production\AIS\wwwroot\js\csp\Views_AdministrationPanel_catalog_uploads.js","78","summaryTarget.html("
"html_write","C:\Users\Asad Ali\Documents\GitHub\HTTPS-IAS-Production\AIS\wwwroot\js\csp\Views_AdministrationPanel_compliance_flow.js","83","$('#addComplianceFlowEntityTypeModal .modal-title').html('Add Compliance Flow');"
"html_write","C:\Users\Asad Ali\Documents\GitHub\HTTPS-IAS-Production\AIS\wwwroot\js\csp\Views_AdministrationPanel_compliance_flow.js","84","$('#addComplianceFlowEntityTypeModal .btn-footer').html('Add Compliance Flow');"
"html_write","C:\Users\Asad Ali\Documents\GitHub\HTTPS-IAS-Production\AIS\wwwroot\js\csp\Views_AdministrationPanel_compliance_flow.js","99","$('#addComplianceFlowEntityTypeModal .modal-title').html('Update Compliance Flow');"
"html_write","C:\Users\Asad Ali\Documents\GitHub\HTTPS-IAS-Production\AIS\wwwroot\js\csp\Views_AdministrationPanel_compliance_flow.js","100","$('#addComplianceFlowEntityTypeModal .btn-footer').html('Update Compliance Flow');"
"html_write","C:\Users\Asad Ali\Documents\GitHub\HTTPS-IAS-Production\AIS\wwwroot\js\csp\Views_AdministrationPanel_entity_shifting.js","176","$('#entityNameFrom').html(val.name);"
"html_write","C:\Users\Asad Ali\Documents\GitHub\HTTPS-IAS-Production\AIS\wwwroot\js\csp\Views_AdministrationPanel_entity_shifting.js","177","$('#entitySizeFrom').html(val.e_SIZE);"
"html_write","C:\Users\Asad Ali\Documents\GitHub\HTTPS-IAS-Production\AIS\wwwroot\js\csp\Views_AdministrationPanel_entity_shifting.js","178","$('#entityRiskFrom').html(val.risk);"
"html_write","C:\Users\Asad Ali\Documents\GitHub\HTTPS-IAS-Production\AIS\wwwroot\js\csp\Views_AdministrationPanel_entity_shifting.js","179","$('#engIDFrom').html(val.enG_ID);"
"html_write","C:\Users\Asad Ali\Documents\GitHub\HTTPS-IAS-Production\AIS\wwwroot\js\csp\Views_AdministrationPanel_entity_shifting.js","180","$('#engStartFrom').html(val.starT_DATE);"
"html_write","C:\Users\Asad Ali\Documents\GitHub\HTTPS-IAS-Production\AIS\wwwroot\js\csp\Views_AdministrationPanel_entity_shifting.js","181","$('#engEndFrom').html(val.enD_DATE);"
"html_write","C:\Users\Asad Ali\Documents\GitHub\HTTPS-IAS-Production\AIS\wwwroot\js\csp\Views_AdministrationPanel_entity_shifting.js","182","$('#totParaFrom').html(val.totaL_PARA);"
"html_write","C:\Users\Asad Ali\Documents\GitHub\HTTPS-IAS-Production\AIS\wwwroot\js\csp\Views_AdministrationPanel_entity_shifting.js","183","$('#totLegFrom').html(val.legacY_PARA);"
"html_write","C:\Users\Asad Ali\Documents\GitHub\HTTPS-IAS-Production\AIS\wwwroot\js\csp\Views_AdministrationPanel_entity_shifting.js","184","$('#totLegOpenFrom').html(val.legacY_OPEN);"
"html_write","C:\Users\Asad Ali\Documents\GitHub\HTTPS-IAS-Production\AIS\wwwroot\js\csp\Views_AdministrationPanel_entity_shifting.js","185","$('#totLegCloseFrom').html(val.legacY_CLOSE);"
"html_write","C:\Users\Asad Ali\Documents\GitHub\HTTPS-IAS-Production\AIS\wwwroot\js\csp\Views_AdministrationPanel_entity_shifting.js","186","$('#totAISFrom').html(val.aiS_PARA);"
"html_write","C:\Users\Asad Ali\Documents\GitHub\HTTPS-IAS-Production\AIS\wwwroot\js\csp\Views_AdministrationPanel_entity_shifting.js","187","$('#totAISOpenFrom').html(val.aiS_OPEN);"
"html_write","C:\Users\Asad Ali\Documents\GitHub\HTTPS-IAS-Production\AIS\wwwroot\js\csp\Views_AdministrationPanel_entity_shifting.js","188","$('#totAISCloseFrom').html(val.aiS_CLOSE);"
"html_write","C:\Users\Asad Ali\Documents\GitHub\HTTPS-IAS-Production\AIS\wwwroot\js\csp\Views_AdministrationPanel_entity_shifting.js","189","$('#compFrom').html(val.comP_SUB);"
"html_write","C:\Users\Asad Ali\Documents\GitHub\HTTPS-IAS-Production\AIS\wwwroot\js\csp\Views_AdministrationPanel_entity_shifting.js","191","$('#entityNameFrom').html('');"
"html_write","C:\Users\Asad Ali\Documents\GitHub\HTTPS-IAS-Production\AIS\wwwroot\js\csp\Views_AdministrationPanel_entity_shifting.js","192","$('#entitySizeFrom').html('');"
"html_write","C:\Users\Asad Ali\Documents\GitHub\HTTPS-IAS-Production\AIS\wwwroot\js\csp\Views_AdministrationPanel_entity_shifting.js","193","$('#entityRiskFrom').html('');"
"html_write","C:\Users\Asad Ali\Documents\GitHub\HTTPS-IAS-Production\AIS\wwwroot\js\csp\Views_AdministrationPanel_entity_shifting.js","194","$('#engIDFrom').html('');"
"html_write","C:\Users\Asad Ali\Documents\GitHub\HTTPS-IAS-Production\AIS\wwwroot\js\csp\Views_AdministrationPanel_entity_shifting.js","195","$('#engStartFrom').html('');"
"html_write","C:\Users\Asad Ali\Documents\GitHub\HTTPS-IAS-Production\AIS\wwwroot\js\csp\Views_AdministrationPanel_entity_shifting.js","196","$('#engEndFrom').html('');"
"html_write","C:\Users\Asad Ali\Documents\GitHub\HTTPS-IAS-Production\AIS\wwwroot\js\csp\Views_AdministrationPanel_entity_shifting.js","197","$('#totParaFrom').html('');"
"html_write","C:\Users\Asad Ali\Documents\GitHub\HTTPS-IAS-Production\AIS\wwwroot\js\csp\Views_AdministrationPanel_entity_shifting.js","198","$('#totLegFrom').html('');"
"html_write","C:\Users\Asad Ali\Documents\GitHub\HTTPS-IAS-Production\AIS\wwwroot\js\csp\Views_AdministrationPanel_entity_shifting.js","199","$('#totLegOpenFrom').html('');"
"html_write","C:\Users\Asad Ali\Documents\GitHub\HTTPS-IAS-Production\AIS\wwwroot\js\csp\Views_AdministrationPanel_entity_shifting.js","200","$('#totLegCloseFrom').html('');"
"html_write","C:\Users\Asad Ali\Documents\GitHub\HTTPS-IAS-Production\AIS\wwwroot\js\csp\Views_AdministrationPanel_entity_shifting.js","201","$('#totAISFrom').html('');"
"html_write","C:\Users\Asad Ali\Documents\GitHub\HTTPS-IAS-Production\AIS\wwwroot\js\csp\Views_AdministrationPanel_entity_shifting.js","202","$('#totAISOpenFrom').html('');"
"html_write","C:\Users\Asad Ali\Documents\GitHub\HTTPS-IAS-Production\AIS\wwwroot\js\csp\Views_AdministrationPanel_entity_shifting.js","203","$('#totAISCloseFrom').html('');"
"html_write","C:\Users\Asad Ali\Documents\GitHub\HTTPS-IAS-Production\AIS\wwwroot\js\csp\Views_AdministrationPanel_entity_shifting.js","204","$('#compFrom').html('');"
"html_write","C:\Users\Asad Ali\Documents\GitHub\HTTPS-IAS-Production\AIS\wwwroot\js\csp\Views_AdministrationPanel_entity_shifting.js","222","$('#entityNameTo').html(val.name);"
"html_write","C:\Users\Asad Ali\Documents\GitHub\HTTPS-IAS-Production\AIS\wwwroot\js\csp\Views_AdministrationPanel_entity_shifting.js","223","$('#entitySizeTo').html(val.e_SIZE);"
"html_write","C:\Users\Asad Ali\Documents\GitHub\HTTPS-IAS-Production\AIS\wwwroot\js\csp\Views_AdministrationPanel_entity_shifting.js","224","$('#entityRiskTo').html(val.risk);"
"html_write","C:\Users\Asad Ali\Documents\GitHub\HTTPS-IAS-Production\AIS\wwwroot\js\csp\Views_AdministrationPanel_entity_shifting.js","225","$('#engIDTo').html(val.enG_ID);"
"html_write","C:\Users\Asad Ali\Documents\GitHub\HTTPS-IAS-Production\AIS\wwwroot\js\csp\Views_AdministrationPanel_entity_shifting.js","226","$('#engStartTo').html(val.starT_DATE);"
"html_write","C:\Users\Asad Ali\Documents\GitHub\HTTPS-IAS-Production\AIS\wwwroot\js\csp\Views_AdministrationPanel_entity_shifting.js","227","$('#engEndTo').html(val.enD_DATE);"
"html_write","C:\Users\Asad Ali\Documents\GitHub\HTTPS-IAS-Production\AIS\wwwroot\js\csp\Views_AdministrationPanel_entity_shifting.js","228","$('#totParaTo').html(val.totaL_PARA);"
"html_write","C:\Users\Asad Ali\Documents\GitHub\HTTPS-IAS-Production\AIS\wwwroot\js\csp\Views_AdministrationPanel_entity_shifting.js","229","$('#totLegTo').html(val.legacY_PARA);"
"html_write","C:\Users\Asad Ali\Documents\GitHub\HTTPS-IAS-Production\AIS\wwwroot\js\csp\Views_AdministrationPanel_entity_shifting.js","230","$('#totLegOpenTo').html(val.legacY_OPEN);"
"html_write","C:\Users\Asad Ali\Documents\GitHub\HTTPS-IAS-Production\AIS\wwwroot\js\csp\Views_AdministrationPanel_entity_shifting.js","231","$('#totLegCloseTo').html(val.legacY_CLOSE);"
"html_write","C:\Users\Asad Ali\Documents\GitHub\HTTPS-IAS-Production\AIS\wwwroot\js\csp\Views_AdministrationPanel_entity_shifting.js","232","$('#totAISTo').html(val.aiS_PARA);"
"html_write","C:\Users\Asad Ali\Documents\GitHub\HTTPS-IAS-Production\AIS\wwwroot\js\csp\Views_AdministrationPanel_entity_shifting.js","233","$('#totAISOpenTo').html(val.aiS_OPEN);"
"html_write","C:\Users\Asad Ali\Documents\GitHub\HTTPS-IAS-Production\AIS\wwwroot\js\csp\Views_AdministrationPanel_entity_shifting.js","234","$('#totAISCloseTo').html(val.aiS_CLOSE);"
"html_write","C:\Users\Asad Ali\Documents\GitHub\HTTPS-IAS-Production\AIS\wwwroot\js\csp\Views_AdministrationPanel_entity_shifting.js","235","$('#compTo').html(val.comP_SUB);"
"html_write","C:\Users\Asad Ali\Documents\GitHub\HTTPS-IAS-Production\AIS\wwwroot\js\csp\Views_AdministrationPanel_entity_shifting.js","237","$('#entityNameTo').html('');"
"html_write","C:\Users\Asad Ali\Documents\GitHub\HTTPS-IAS-Production\AIS\wwwroot\js\csp\Views_AdministrationPanel_entity_shifting.js","238","$('#entitySizeTo').html('');"
"html_write","C:\Users\Asad Ali\Documents\GitHub\HTTPS-IAS-Production\AIS\wwwroot\js\csp\Views_AdministrationPanel_entity_shifting.js","239","$('#entityRiskTo').html('');"
"html_write","C:\Users\Asad Ali\Documents\GitHub\HTTPS-IAS-Production\AIS\wwwroot\js\csp\Views_AdministrationPanel_entity_shifting.js","240","$('#engIDTo').html('');"
"html_write","C:\Users\Asad Ali\Documents\GitHub\HTTPS-IAS-Production\AIS\wwwroot\js\csp\Views_AdministrationPanel_entity_shifting.js","241","$('#engStartTo').html('');"
"html_write","C:\Users\Asad Ali\Documents\GitHub\HTTPS-IAS-Production\AIS\wwwroot\js\csp\Views_AdministrationPanel_entity_shifting.js","242","$('#engEndTo').html('');"
"html_write","C:\Users\Asad Ali\Documents\GitHub\HTTPS-IAS-Production\AIS\wwwroot\js\csp\Views_AdministrationPanel_entity_shifting.js","243","$('#totParaTo').html('');"
"html_write","C:\Users\Asad Ali\Documents\GitHub\HTTPS-IAS-Production\AIS\wwwroot\js\csp\Views_AdministrationPanel_entity_shifting.js","244","$('#totLegTo').html('');"
"html_write","C:\Users\Asad Ali\Documents\GitHub\HTTPS-IAS-Production\AIS\wwwroot\js\csp\Views_AdministrationPanel_entity_shifting.js","245","$('#totLegOpenTo').html('');"
"html_write","C:\Users\Asad Ali\Documents\GitHub\HTTPS-IAS-Production\AIS\wwwroot\js\csp\Views_AdministrationPanel_entity_shifting.js","246","$('#totLegCloseTo').html('');"
"html_write","C:\Users\Asad Ali\Documents\GitHub\HTTPS-IAS-Production\AIS\wwwroot\js\csp\Views_AdministrationPanel_entity_shifting.js","247","$('#totAISTo').html('');"
"html_write","C:\Users\Asad Ali\Documents\GitHub\HTTPS-IAS-Production\AIS\wwwroot\js\csp\Views_AdministrationPanel_entity_shifting.js","248","$('#totAISOpenTo').html('');"
"html_write","C:\Users\Asad Ali\Documents\GitHub\HTTPS-IAS-Production\AIS\wwwroot\js\csp\Views_AdministrationPanel_entity_shifting.js","249","$('#totAISCloseTo').html('');"
"html_write","C:\Users\Asad Ali\Documents\GitHub\HTTPS-IAS-Production\AIS\wwwroot\js\csp\Views_AdministrationPanel_entity_shifting.js","250","$('#compTo').html('');"
"html_write","C:\Users\Asad Ali\Documents\GitHub\HTTPS-IAS-Production\AIS\wwwroot\js\csp\Views_AdministrationPanel_hr_design_wise_role.js","39","$('#hRDesignationWiseRoleModal .modal-title').html(""New HR Designation Wise Role Assignment"");"
"html_write","C:\Users\Asad Ali\Documents\GitHub\HTTPS-IAS-Production\AIS\wwwroot\js\csp\Views_AdministrationPanel_hr_design_wise_role.js","53","$('#hRDesignationWiseRoleModal .modal-title').html(""Update HR Designation Wise Role Assignment"");"
"html_write","C:\Users\Asad Ali\Documents\GitHub\HTTPS-IAS-Production\AIS\wwwroot\js\csp\Views_AdministrationPanel_ManagePublicHolidays.js","16","$('#holidaysTable tbody').html(rows);"
"html_write","C:\Users\Asad Ali\Documents\GitHub\HTTPS-IAS-Production\AIS\wwwroot\js\csp\Views_AdministrationPanel_memo_status.js","53","$('#dept_' + g_deptId).html(""<td class=\""dept_code\""><p class=\""fw-normal mb-1\"">"" + code + ""</p></td><td class=\""dept_name\""><p class=\""fw-normal mb-1\"">"" + name + ""</p></td ><td class=\""dept_div\""><p class=\""fw-normal mb-1\"">"" + div_name + ""</p></td><td class=\""dept_status\""><span class=\""badge "" + badge + "" rounded-pill d-inline\"">"" + status + ""</span></td><td class=\""dept_action\""><button type=\""button\"" class=\""btn btn-link text-danger btn-sm btn-rounded\"" data-onclick=\""setupDepartment('"" + code + ""','"" + name + ""','"" + div_name + ""','"" + status + ""','"" + g_deptId + ""','"" + div_id + ""');\"">Edit</button></td>"");"
"html_write","C:\Users\Asad Ali\Documents\GitHub\HTTPS-IAS-Production\AIS\wwwroot\js\csp\Views_AdministrationPanel_risk_model.js","53","$('#dept_' + g_deptId).html(""<td class=\""dept_code\""><p class=\""fw-normal mb-1\"">"" + code + ""</p></td><td class=\""dept_name\""><p class=\""fw-normal mb-1\"">"" + name + ""</p></td ><td class=\""dept_div\""><p class=\""fw-normal mb-1\"">"" + div_name + ""</p></td><td class=\""dept_status\""><span class=\""badge "" + badge + "" rounded-pill d-inline\"">"" + status + ""</span></td><td class=\""dept_action\""><button type=\""button\"" class=\""btn btn-link text-danger btn-sm btn-rounded\"" data-onclick=\""setupDepartment('"" + code + ""','"" + name + ""','"" + div_name + ""','"" + status + ""','"" + g_deptId + ""','"" + div_id + ""');\"">Edit</button></td>"");"
"html_write","C:\Users\Asad Ali\Documents\GitHub\HTTPS-IAS-Production\AIS\wwwroot\js\csp\Views_AdministrationPanel_setup_engagement_reversal.js","154","$('#memo_no_old').html(v.memO_NUMBER);"
"html_write","C:\Users\Asad Ali\Documents\GitHub\HTTPS-IAS-Production\AIS\wwwroot\js\csp\Views_AdministrationPanel_setup_engagement_reversal.js","155","$('#draft_no_old').html(v.drafT_PARA_NUMBER);"
"html_write","C:\Users\Asad Ali\Documents\GitHub\HTTPS-IAS-Production\AIS\wwwroot\js\csp\Views_AdministrationPanel_setup_engagement_reversal.js","156","$('#final_no_old').html(v.finaL_PARA_NUMBER);"
"html_write","C:\Users\Asad Ali\Documents\GitHub\HTTPS-IAS-Production\AIS\wwwroot\js\csp\Views_AdministrationPanel_setup_engagement_reversal.js","159","$('#memonumber_input').html(v.memO_NUMBER);"
"html_write","C:\Users\Asad Ali\Documents\GitHub\HTTPS-IAS-Production\AIS\wwwroot\js\csp\Views_AdministrationPanel_setup_engagement_reversal.js","160","$('#draftnumber_input').html(v.drafT_PARA_NUMBER);"
"html_write","C:\Users\Asad Ali\Documents\GitHub\HTTPS-IAS-Production\AIS\wwwroot\js\csp\Views_AdministrationPanel_setup_engagement_reversal.js","161","$('#finalnumber_input').html(v.finaL_PARA_NUMBER);"
"html_write","C:\Users\Asad Ali\Documents\GitHub\HTTPS-IAS-Production\AIS\wwwroot\js\csp\Views_AdministrationPanel_setup_engagement_reversal.js","261","prevText = $('#listOfEmployeeTeam tbody #teamcode_' + team.code + ' .empMembers').html();"
"html_write","C:\Users\Asad Ali\Documents\GitHub\HTTPS-IAS-Production\AIS\wwwroot\js\csp\Views_AuditeePortal_ccqs.js","50","$($('#ccqs_panel tbody tr#' + g_id).find('td').eq(1)).html($('#CCQquestion_textarea').val());"
"html_write","C:\Users\Asad Ali\Documents\GitHub\HTTPS-IAS-Production\AIS\wwwroot\js\csp\Views_AuditeePortal_ccqs.js","51","$($('#ccqs_panel tbody tr#' + g_id).find('td').eq(2)).html($('#CCQcontrolViolation_selectarea option:selected').text());"
"html_write","C:\Users\Asad Ali\Documents\GitHub\HTTPS-IAS-Production\AIS\wwwroot\js\csp\Views_AuditeePortal_ccqs.js","52","$($('#ccqs_panel tbody tr#' + g_id).find('td').eq(3)).html($('#CCQrisk_selectarea option:selected').text());"
"html_write","C:\Users\Asad Ali\Documents\GitHub\HTTPS-IAS-Production\AIS\wwwroot\js\csp\Views_AuditeePortal_ccqs.js","53","$($('#ccqs_panel tbody tr#' + g_id).find('td').eq(4)).html($('#CCQstatus_selectarea option:selected').text());"
"html_write","C:\Users\Asad Ali\Documents\GitHub\HTTPS-IAS-Production\AIS\wwwroot\js\csp\Views_AuditeePortal_ccqs.js","54","$($('#ccqs_panel tbody tr#' + g_id).find('td').eq(5)).html('<a data-onclick=""event.preventDefault();updateCCQBinding(' + g_id + ', \'\',' + $('#CCQcontrolViolation_selectarea option:selected').text() + ' , ' + $('#CCQrisk_selectarea option:selected').text() + ', \'' + $('#CCQstatus_selectarea option:selected').text() + '\');"" href=""#"">Edit</a>');"
"html_write","C:\Users\Asad Ali\Documents\GitHub\HTTPS-IAS-Production\AIS\wwwroot\js\csp\Views_AuditeePortal_observation_assigned.js","264","$('#viewMemo_memo').html(data[0]);"
"html_write","C:\Users\Asad Ali\Documents\GitHub\HTTPS-IAS-Production\AIS\wwwroot\js\csp\Views_AuditeePortal_observation_assigned.js","288","$('#viewMemo_responded').html(data[1]);"
"html_write","C:\Users\Asad Ali\Documents\GitHub\HTTPS-IAS-Production\AIS\wwwroot\js\csp\Views_AuditeePortal_old_para_reply_cad.js","119","$('#observation').html(v.gisT_OF_PARAS);"
"html_write","C:\Users\Asad Ali\Documents\GitHub\HTTPS-IAS-Production\AIS\wwwroot\js\csp\Views_AuditeePortal_old_para_reply_cad.js","147","if ($('#process_detail .richText-editor').html() == """") {"
"html_write","C:\Users\Asad Ali\Documents\GitHub\HTTPS-IAS-Production\AIS\wwwroot\js\csp\Views_AuditeePortal_old_para_reply_cad.js","159","'REPLY': $('#process_detail .richText-editor').html()"
"html_write","C:\Users\Asad Ali\Documents\GitHub\HTTPS-IAS-Production\AIS\wwwroot\js\csp\Views_AuditeePortal_old_para_reply_cad.js","176","'ComplianceDate': $(v).find('td').eq(0).html(),"
"html_write","C:\Users\Asad Ali\Documents\GitHub\HTTPS-IAS-Production\AIS\wwwroot\js\csp\Views_AuditeePortal_old_para_reply_cad.js","177","'AuditeeCompliance': $(v).find('td').eq(1).html(),"
"html_write","C:\Users\Asad Ali\Documents\GitHub\HTTPS-IAS-Production\AIS\wwwroot\js\csp\Views_AuditeePortal_old_para_reply_cad.js","178","'AuditorRemarks': $(v).find('td').eq(2).html(),"
"html_write","C:\Users\Asad Ali\Documents\GitHub\HTTPS-IAS-Production\AIS\wwwroot\js\csp\Views_AuditeePortal_old_para_reply_cad.js","179","'CnIRecommendation': $(v).find('td').eq(3).html()"
"html_write","C:\Users\Asad Ali\Documents\GitHub\HTTPS-IAS-Production\AIS\wwwroot\js\csp\Views_AuditeePortal_Para_Text_Update_FAD.js","34","$('#viewMemo_memo').html(data.parA_TEXT);"
"html_write","C:\Users\Asad Ali\Documents\GitHub\HTTPS-IAS-Production\AIS\wwwroot\js\csp\Views_AuditeePortal_Para_Text_Update_FAD.js","53","$('#entityNameField').html(data.length > 0 ? data[0].name : '');"
"html_write","C:\Users\Asad Ali\Documents\GitHub\HTTPS-IAS-Production\AIS\wwwroot\js\csp\Views_AuditeePortal_Para_Text_Update_FAD.js","66","if ($('.richText-editor').html() == """") {"
"html_write","C:\Users\Asad Ali\Documents\GitHub\HTTPS-IAS-Production\AIS\wwwroot\js\csp\Views_AuditeePortal_Para_Text_Update_FAD.js","92","'REPLY': $('.richText-editor').html(),"
"html_write","C:\Users\Asad Ali\Documents\GitHub\HTTPS-IAS-Production\AIS\wwwroot\js\csp\Views_BAC_cia_analysis.js","110","$('#paraTextDivField').html(data);"
"html_write","C:\Users\Asad Ali\Documents\GitHub\HTTPS-IAS-Production\AIS\wwwroot\js\csp\Views_CAU_monitoring_oms.js","190","'EMP_NAME': $(v).find('td').eq(2).html(),"
"html_write","C:\Users\Asad Ali\Documents\GitHub\HTTPS-IAS-Production\AIS\wwwroot\js\csp\Views_CAU_monitoring_oms.js","191","'LOAN_CASE': normalizeNullableInt($(v).find('td').eq(3).html()),"
"html_write","C:\Users\Asad Ali\Documents\GitHub\HTTPS-IAS-Production\AIS\wwwroot\js\csp\Views_CAU_monitoring_oms.js","192","'LC_AMOUNT': normalizeNullableInt($(v).find('td').eq(4).html()),"
"html_write","C:\Users\Asad Ali\Documents\GitHub\HTTPS-IAS-Production\AIS\wwwroot\js\csp\Views_CAU_monitoring_oms.js","193","'ACCOUNT_NUMBER': normalizeRequiredInt($(v).find('td').eq(5).html()),"
"html_write","C:\Users\Asad Ali\Documents\GitHub\HTTPS-IAS-Production\AIS\wwwroot\js\csp\Views_CAU_monitoring_oms.js","194","'ACC_AMOUNT': normalizeRequiredInt($(v).find('td').eq(6).html())"
"html_write","C:\Users\Asad Ali\Documents\GitHub\HTTPS-IAS-Production\AIS\wwwroot\js\csp\Views_CAU_monitoring_oms.js","199","'MEMO': $('.richText-editor').html(),"
"html_write","C:\Users\Asad Ali\Documents\GitHub\HTTPS-IAS-Production\AIS\wwwroot\js\csp\Views_CAU_om_creation.js","190","'EMP_NAME': $(v).find('td').eq(2).html(),"
"html_write","C:\Users\Asad Ali\Documents\GitHub\HTTPS-IAS-Production\AIS\wwwroot\js\csp\Views_CAU_om_creation.js","191","'LOAN_CASE': normalizeNullableInt($(v).find('td').eq(3).html()),"
"html_write","C:\Users\Asad Ali\Documents\GitHub\HTTPS-IAS-Production\AIS\wwwroot\js\csp\Views_CAU_om_creation.js","192","'LC_AMOUNT': normalizeNullableInt($(v).find('td').eq(4).html()),"
"html_write","C:\Users\Asad Ali\Documents\GitHub\HTTPS-IAS-Production\AIS\wwwroot\js\csp\Views_CAU_om_creation.js","193","'ACCOUNT_NUMBER': normalizeRequiredInt($(v).find('td').eq(5).html()),"
"html_write","C:\Users\Asad Ali\Documents\GitHub\HTTPS-IAS-Production\AIS\wwwroot\js\csp\Views_CAU_om_creation.js","194","'ACC_AMOUNT': normalizeRequiredInt($(v).find('td').eq(6).html())"
"html_write","C:\Users\Asad Ali\Documents\GitHub\HTTPS-IAS-Production\AIS\wwwroot\js\csp\Views_CAU_om_creation.js","199","'MEMO': $('.richText-editor').html(),"
"html_write","C:\Users\Asad Ali\Documents\GitHub\HTTPS-IAS-Production\AIS\wwwroot\js\csp\Views_CAU_OM_om_assignment.js","120","'REPORT_FREQUENCY': $(v).find('td').eq(3).html(),"
"html_write","C:\Users\Asad Ali\Documents\GitHub\HTTPS-IAS-Production\AIS\wwwroot\js\csp\Views_CAU_OM_om_assignment.js","121","'DAC_DATES': $(v).find('td').eq(1).html(),"
"html_write","C:\Users\Asad Ali\Documents\GitHub\HTTPS-IAS-Production\AIS\wwwroot\js\csp\Views_CAU_OM_om_assignment.js","122","'CONTENTS_OF_OM': $(v).find('td').eq(2).html()"
"html_write","C:\Users\Asad Ali\Documents\GitHub\HTTPS-IAS-Production\AIS\wwwroot\js\csp\Views_CAU_OM_om_assignment.js","149","'STATUS': $(v).find('td').eq(4).html(),"
"html_write","C:\Users\Asad Ali\Documents\GitHub\HTTPS-IAS-Production\AIS\wwwroot\js\csp\Views_CAU_OM_om_assignment.js","150","'PAC_DATES': $(v).find('td').eq(1).html(),"
"html_write","C:\Users\Asad Ali\Documents\GitHub\HTTPS-IAS-Production\AIS\wwwroot\js\csp\Views_CAU_OM_om_assignment.js","152","'CONTENTS_OF_OM': $(v).find('td').eq(3).html()"
"html_write","C:\Users\Asad Ali\Documents\GitHub\HTTPS-IAS-Production\AIS\wwwroot\js\csp\Views_CAU_OM_om_response.js","28","$('#omContentAreaBox').html(v.contentS_OF_OM);"
"html_write","C:\Users\Asad Ali\Documents\GitHub\HTTPS-IAS-Production\AIS\wwwroot\js\csp\Views_CAU_om_reply.js","190","'EMP_NAME': $(v).find('td').eq(2).html(),"
"html_write","C:\Users\Asad Ali\Documents\GitHub\HTTPS-IAS-Production\AIS\wwwroot\js\csp\Views_CAU_om_reply.js","191","'LOAN_CASE': normalizeNullableInt($(v).find('td').eq(3).html()),"
"html_write","C:\Users\Asad Ali\Documents\GitHub\HTTPS-IAS-Production\AIS\wwwroot\js\csp\Views_CAU_om_reply.js","192","'LC_AMOUNT': normalizeNullableInt($(v).find('td').eq(4).html()),"
"html_write","C:\Users\Asad Ali\Documents\GitHub\HTTPS-IAS-Production\AIS\wwwroot\js\csp\Views_CAU_om_reply.js","193","'ACCOUNT_NUMBER': normalizeRequiredInt($(v).find('td').eq(5).html()),"
"html_write","C:\Users\Asad Ali\Documents\GitHub\HTTPS-IAS-Production\AIS\wwwroot\js\csp\Views_CAU_om_reply.js","194","'ACC_AMOUNT': normalizeRequiredInt($(v).find('td').eq(6).html())"
"html_write","C:\Users\Asad Ali\Documents\GitHub\HTTPS-IAS-Production\AIS\wwwroot\js\csp\Views_CAU_om_reply.js","199","'MEMO': $('.richText-editor').html(),"
"html_write","C:\Users\Asad Ali\Documents\GitHub\HTTPS-IAS-Production\AIS\wwwroot\js\csp\Views_CAU_reports.js","190","'EMP_NAME': $(v).find('td').eq(2).html(),"
"html_write","C:\Users\Asad Ali\Documents\GitHub\HTTPS-IAS-Production\AIS\wwwroot\js\csp\Views_CAU_reports.js","191","'LOAN_CASE': normalizeNullableInt($(v).find('td').eq(3).html()),"
"html_write","C:\Users\Asad Ali\Documents\GitHub\HTTPS-IAS-Production\AIS\wwwroot\js\csp\Views_CAU_reports.js","192","'LC_AMOUNT': normalizeNullableInt($(v).find('td').eq(4).html()),"
"html_write","C:\Users\Asad Ali\Documents\GitHub\HTTPS-IAS-Production\AIS\wwwroot\js\csp\Views_CAU_reports.js","193","'ACCOUNT_NUMBER': normalizeRequiredInt($(v).find('td').eq(5).html()),"
"html_write","C:\Users\Asad Ali\Documents\GitHub\HTTPS-IAS-Production\AIS\wwwroot\js\csp\Views_CAU_reports.js","194","'ACC_AMOUNT': normalizeRequiredInt($(v).find('td').eq(6).html())"
"html_write","C:\Users\Asad Ali\Documents\GitHub\HTTPS-IAS-Production\AIS\wwwroot\js\csp\Views_CAU_reports.js","199","'MEMO': $('.richText-editor').html(),"
"html_write","C:\Users\Asad Ali\Documents\GitHub\HTTPS-IAS-Production\AIS\wwwroot\js\csp\Views_Dashboard_annex_wise_obs.js","108","$('#paraTextDivField').html(data);"
"html_write","C:\Users\Asad Ali\Documents\GitHub\HTTPS-IAS-Production\AIS\wwwroot\js\csp\Views_Dashboard_dashboard.js","17","$('#headingSpanField').html(data[0].heading);"
"html_write","C:\Users\Asad Ali\Documents\GitHub\HTTPS-IAS-Production\AIS\wwwroot\js\csp\Views_Dashboard_dashboard.js","19","$($('div.widget-title')[i]).html(v.department);"
"html_write","C:\Users\Asad Ali\Documents\GitHub\HTTPS-IAS-Production\AIS\wwwroot\js\csp\Views_Dashboard_dashboard.js","21","$($('span.ent_count_filed')[i]).html(v.nO_OF_ENTITIES + ""/"" + v.totaL_ENTITIES);"
"html_write","C:\Users\Asad Ali\Documents\GitHub\HTTPS-IAS-Production\AIS\wwwroot\js\csp\Views_Dashboard_dashboard.js","24","$($('small.remarks_field_span')[i]).html(v.remarks);"
"html_write","C:\Users\Asad Ali\Documents\GitHub\HTTPS-IAS-Production\AIS\wwwroot\js\csp\Views_Dashboard_dashboard.js","26","$($('div.progress-value')[i]).html(v.percentage);"
"html_write","C:\Users\Asad Ali\Documents\GitHub\HTTPS-IAS-Production\AIS\wwwroot\js\csp\Views_Dashboard_entity_wise_obs_detail.js","58","$('#paraTextDivField').html('<p class=""text-center"">Para information is unavailable.</p>');"
"html_write","C:\Users\Asad Ali\Documents\GitHub\HTTPS-IAS-Production\AIS\wwwroot\js\csp\Views_Dashboard_entity_wise_obs_detail.js","79","$('#paraTextDivField').html(data);"
"html_write","C:\Users\Asad Ali\Documents\GitHub\HTTPS-IAS-Production\AIS\wwwroot\js\csp\Views_Dashboard_entity_wise_obs_detail.js","81","$('#paraTextDivField').html('<p class=""text-center"">No para text available.</p>');"
"html_write","C:\Users\Asad Ali\Documents\GitHub\HTTPS-IAS-Production\AIS\wwwroot\js\csp\Views_Dashboard_functional_resp_wise_paras.js","59","$('#paraTextDivField').html(data);"
"html_write","C:\Users\Asad Ali\Documents\GitHub\HTTPS-IAS-Production\AIS\wwwroot\js\csp\Views_Dashboard_para_view.js","112","$('#paraTextDivField').html('<p class=""text-center"">Para information is unavailable.</p>');"
"html_write","C:\Users\Asad Ali\Documents\GitHub\HTTPS-IAS-Production\AIS\wwwroot\js\csp\Views_Dashboard_para_view.js","125","$('#paraTextDivField').html(data);"
"html_write","C:\Users\Asad Ali\Documents\GitHub\HTTPS-IAS-Production\AIS\wwwroot\js\csp\Views_Dashboard_para_view.js","127","$('#paraTextDivField').html('<p class=""text-center"">No para text available.</p>');"
"html_write","C:\Users\Asad Ali\Documents\GitHub\HTTPS-IAS-Production\AIS\wwwroot\js\csp\Views_Engagement_ccqs.js","44","prevText = $('#listOfEmployeeTeam tbody #teamcode_' + team.code + ' .empMembers').html();"
"html_write","C:\Users\Asad Ali\Documents\GitHub\HTTPS-IAS-Production\AIS\wwwroot\js\csp\Views_Engagement_create_audit_plan.js","57","criteria.push($($(row).find('td').eq(0)).html()); //[period]"
"html_write","C:\Users\Asad Ali\Documents\GitHub\HTTPS-IAS-Production\AIS\wwwroot\js\csp\Views_Engagement_create_audit_plan.js","58","criteria.push($($(row).find('td').eq(1)).html()); //[entname]"
"html_write","C:\Users\Asad Ali\Documents\GitHub\HTTPS-IAS-Production\AIS\wwwroot\js\csp\Views_Engagement_create_audit_plan.js","59","criteria.push($($(row).find('td').eq(2)).html()); //[risk]"
"html_write","C:\Users\Asad Ali\Documents\GitHub\HTTPS-IAS-Production\AIS\wwwroot\js\csp\Views_Engagement_create_audit_plan.js","60","criteria.push($($(row).find('td').eq(4)).html()); //[size]"
"html_write","C:\Users\Asad Ali\Documents\GitHub\HTTPS-IAS-Production\AIS\wwwroot\js\csp\Views_Engagement_create_audit_plan.js","61","criteria.push($($(row).find('td').eq(3)).html()); //[freq]"
"html_write","C:\Users\Asad Ali\Documents\GitHub\HTTPS-IAS-Production\AIS\wwwroot\js\csp\Views_Engagement_engagement_plan.js","152","$('#descModal_field').html($('#entitySelectionBox option:selected').text());"
"html_write","C:\Users\Asad Ali\Documents\GitHub\HTTPS-IAS-Production\AIS\wwwroot\js\csp\Views_Engagement_engagement_plan.js","162","$('#exeFrom_field').html($('#executionPeriodFromField').val());"
"html_write","C:\Users\Asad Ali\Documents\GitHub\HTTPS-IAS-Production\AIS\wwwroot\js\csp\Views_Engagement_engagement_plan.js","163","$('#exeTo_field').html($('#executionPeriodToField').val());"
"html_write","C:\Users\Asad Ali\Documents\GitHub\HTTPS-IAS-Production\AIS\wwwroot\js\csp\Views_Engagement_engagement_plan.js","164","$('#operationalFrom_field').html($('#auditPeriodFromField').val());"
"html_write","C:\Users\Asad Ali\Documents\GitHub\HTTPS-IAS-Production\AIS\wwwroot\js\csp\Views_Engagement_engagement_plan.js","165","$('#operationalTo_field').html($('#auditPeriodToField').val());"
"html_write","C:\Users\Asad Ali\Documents\GitHub\HTTPS-IAS-Production\AIS\wwwroot\js\csp\Views_Engagement_engagement_plan.js","168","$('#travelingReq_field').html('Yes');"
"html_write","C:\Users\Asad Ali\Documents\GitHub\HTTPS-IAS-Production\AIS\wwwroot\js\csp\Views_Engagement_engagement_plan.js","170","$('#travelingReq_field').html('No');"
"html_write","C:\Users\Asad Ali\Documents\GitHub\HTTPS-IAS-Production\AIS\wwwroot\js\csp\Views_Engagement_engagement_plan.js","171","$('#remarksAddtn_field').html($('#remarksAdditionalInfoField').val());"
"html_write","C:\Users\Asad Ali\Documents\GitHub\HTTPS-IAS-Production\AIS\wwwroot\js\csp\Views_Engagement_engagement_plan.js","183","$('#teamMembers_field').html(teamMembersFields);"
"html_write","C:\Users\Asad Ali\Documents\GitHub\HTTPS-IAS-Production\AIS\wwwroot\js\csp\Views_Engagement_Join.js","19","$('#ent_name_field').html(data.entitY_NAME);"
"html_write","C:\Users\Asad Ali\Documents\GitHub\HTTPS-IAS-Production\AIS\wwwroot\js\csp\Views_Engagement_Join.js","20","$('#ent_risk_field').html(data.risk);"
"html_write","C:\Users\Asad Ali\Documents\GitHub\HTTPS-IAS-Production\AIS\wwwroot\js\csp\Views_Engagement_Join.js","21","$('#ent_size_field').html(data.size);"
"html_write","C:\Users\Asad Ali\Documents\GitHub\HTTPS-IAS-Production\AIS\wwwroot\js\csp\Views_Engagement_Join.js","32","$('#ent_start_field').html(sfromat);"
"html_write","C:\Users\Asad Ali\Documents\GitHub\HTTPS-IAS-Production\AIS\wwwroot\js\csp\Views_Engagement_Join.js","33","$('#ent_end_field').html(efromat);"
"html_write","C:\Users\Asad Ali\Documents\GitHub\HTTPS-IAS-Production\AIS\wwwroot\js\csp\Views_Engagement_Join.js","34","$('#ent_team_name_field').html(data.teaM_NAME);"
"html_write","C:\Users\Asad Ali\Documents\GitHub\HTTPS-IAS-Production\AIS\wwwroot\js\csp\Views_Engagement_Join.js","35","$('#ent_period_field').html(data.audiT_PERIOD);"
"html_write","C:\Users\Asad Ali\Documents\GitHub\HTTPS-IAS-Production\AIS\wwwroot\js\csp\Views_Execution_auditee_observations_report.js","50","$('.conOffice').html(g_conoffice);"
"html_write","C:\Users\Asad Ali\Documents\GitHub\HTTPS-IAS-Production\AIS\wwwroot\js\csp\Views_Execution_auditee_observations_report.js","51","$('.entNameField').html(g_entName);"
"html_write","C:\Users\Asad Ali\Documents\GitHub\HTTPS-IAS-Production\AIS\wwwroot\js\csp\Views_Execution_auditee_observations_report.js","52","$('.startField').html(g_startDate);"
"html_write","C:\Users\Asad Ali\Documents\GitHub\HTTPS-IAS-Production\AIS\wwwroot\js\csp\Views_Execution_auditee_observations_report.js","53","$('.endField').html(g_endDate);"
"html_write","C:\Users\Asad Ali\Documents\GitHub\HTTPS-IAS-Production\AIS\wwwroot\js\csp\Views_Execution_auditee_observations_report.js","54","$('.ostartField').html(g_ostartDate);"
"html_write","C:\Users\Asad Ali\Documents\GitHub\HTTPS-IAS-Production\AIS\wwwroot\js\csp\Views_Execution_auditee_observations_report.js","55","$('.oendField').html(g_oendDate);"
"html_write","C:\Users\Asad Ali\Documents\GitHub\HTTPS-IAS-Production\AIS\wwwroot\js\csp\Views_Execution_auditee_observations_report.js","107","$('.conOffice').html(data.length > 0 ? data[0].name : '');"
"html_write","C:\Users\Asad Ali\Documents\GitHub\HTTPS-IAS-Production\AIS\wwwroot\js\csp\Views_Execution_auditee_observations_report_cau.js","22","$('.conOffice').html(g_conoffice);"
"html_write","C:\Users\Asad Ali\Documents\GitHub\HTTPS-IAS-Production\AIS\wwwroot\js\csp\Views_Execution_auditee_observations_report_cau.js","23","$('.entNameField').html(g_entName);"
"html_write","C:\Users\Asad Ali\Documents\GitHub\HTTPS-IAS-Production\AIS\wwwroot\js\csp\Views_Execution_auditee_observations_report_cau.js","24","$('#startField').html(g_startDate);"
"html_write","C:\Users\Asad Ali\Documents\GitHub\HTTPS-IAS-Production\AIS\wwwroot\js\csp\Views_Execution_auditee_observations_report_cau.js","25","$('#endField').html(g_endDate);"
"html_write","C:\Users\Asad Ali\Documents\GitHub\HTTPS-IAS-Production\AIS\wwwroot\js\csp\Views_Execution_auditee_observations_report_cau.js","26","$('#ostartField').html(g_ostartDate);"
"html_write","C:\Users\Asad Ali\Documents\GitHub\HTTPS-IAS-Production\AIS\wwwroot\js\csp\Views_Execution_auditee_observations_report_cau.js","27","$('#oendField').html(g_oendDate);"
"html_write","C:\Users\Asad Ali\Documents\GitHub\HTTPS-IAS-Production\AIS\wwwroot\js\csp\Views_Execution_auditee_observations_report_cau.js","76","// $('#conoffice').html(v.teaM_MEM_PPNO);"
"html_write","C:\Users\Asad Ali\Documents\GitHub\HTTPS-IAS-Production\AIS\wwwroot\js\csp\Views_Execution_auditee_observations_report_cau.js","154","$('#conoffice').html(v.p_NAME);"
"html_write","C:\Users\Asad Ali\Documents\GitHub\HTTPS-IAS-Production\AIS\wwwroot\js\csp\Views_Execution_auditee_observations_report_cau.js","155","$('#EntN').html(v.name);"
"html_write","C:\Users\Asad Ali\Documents\GitHub\HTTPS-IAS-Production\AIS\wwwroot\js\csp\Views_Execution_auditee_observations_report_cau.js","156","$('#ADD').html(v.address);"
"html_write","C:\Users\Asad Ali\Documents\GitHub\HTTPS-IAS-Production\AIS\wwwroot\js\csp\Views_Execution_auditee_observations_report_cau.js","157","$('#a_s_d').html(v.audiT_STARTDATE.split('T')[0]);"
"html_write","C:\Users\Asad Ali\Documents\GitHub\HTTPS-IAS-Production\AIS\wwwroot\js\csp\Views_Execution_auditee_observations_report_cau.js","158","$('#a_e_d').html(v.audiT_ENDDATE.split('T')[0]);"
"html_write","C:\Users\Asad Ali\Documents\GitHub\HTTPS-IAS-Production\AIS\wwwroot\js\csp\Views_Execution_auditee_observations_report_cau.js","159","$('#o_s_d').html(v.operatioN_STARTDATE.split('T')[0]);"
"html_write","C:\Users\Asad Ali\Documents\GitHub\HTTPS-IAS-Production\AIS\wwwroot\js\csp\Views_Execution_auditee_observations_report_cau.js","160","$('#o_e_d').html(v.operatioN_ENDDATE.split('T')[0]);"
"html_write","C:\Users\Asad Ali\Documents\GitHub\HTTPS-IAS-Production\AIS\wwwroot\js\csp\Views_Execution_auditee_observations_report_cau.js","188","$('.conOffice').html(data.length > 0 ? data[0].name : '');"
"html_write","C:\Users\Asad Ali\Documents\GitHub\HTTPS-IAS-Production\AIS\wwwroot\js\csp\Views_Execution_auditee_position_outlook.js","24","// $('#conoffice').html(v.teaM_MEM_PPNO);"
"html_write","C:\Users\Asad Ali\Documents\GitHub\HTTPS-IAS-Production\AIS\wwwroot\js\csp\Views_Execution_auditee_position_outlook.js","102","$('#conoffice').html(v.p_NAME);"
"html_write","C:\Users\Asad Ali\Documents\GitHub\HTTPS-IAS-Production\AIS\wwwroot\js\csp\Views_Execution_auditee_position_outlook.js","103","$('#EntN').html(v.name);"
"html_write","C:\Users\Asad Ali\Documents\GitHub\HTTPS-IAS-Production\AIS\wwwroot\js\csp\Views_Execution_auditee_position_outlook.js","104","$('#ADD').html(v.address);"
"html_write","C:\Users\Asad Ali\Documents\GitHub\HTTPS-IAS-Production\AIS\wwwroot\js\csp\Views_Execution_auditee_position_outlook.js","105","$('#a_s_d').html(v.audiT_STARTDATE.split('T')[0]);"
"html_write","C:\Users\Asad Ali\Documents\GitHub\HTTPS-IAS-Production\AIS\wwwroot\js\csp\Views_Execution_auditee_position_outlook.js","106","$('#a_e_d').html(v.audiT_ENDDATE.split('T')[0]);"
"html_write","C:\Users\Asad Ali\Documents\GitHub\HTTPS-IAS-Production\AIS\wwwroot\js\csp\Views_Execution_auditee_position_outlook.js","107","$('#o_s_d').html(v.operatioN_STARTDATE.split('T')[0]);"
"html_write","C:\Users\Asad Ali\Documents\GitHub\HTTPS-IAS-Production\AIS\wwwroot\js\csp\Views_Execution_auditee_position_outlook.js","108","$('#o_e_d').html(v.operatioN_ENDDATE.split('T')[0]);"
"html_write","C:\Users\Asad Ali\Documents\GitHub\HTTPS-IAS-Production\AIS\wwwroot\js\csp\Views_Execution_Audit_Execution.js","89","'MEMO': $('.richText-editor').html(),"
"html_write","C:\Users\Asad Ali\Documents\GitHub\HTTPS-IAS-Production\AIS\wwwroot\js\csp\Views_Execution_Authorize_Change_Settle_Para_Status.js","94","$('#paraTextModelPanel').html(data);"
"html_write","C:\Users\Asad Ali\Documents\GitHub\HTTPS-IAS-Production\AIS\wwwroot\js\csp\Views_Execution_cau_observation.js","283","'EMP_NAME': $(v).find('td').eq(2).html(),"
"html_write","C:\Users\Asad Ali\Documents\GitHub\HTTPS-IAS-Production\AIS\wwwroot\js\csp\Views_Execution_cau_observation.js","284","'LOAN_CASE': normalizeNullableInt($(v).find('td').eq(3).html()),"
"html_write","C:\Users\Asad Ali\Documents\GitHub\HTTPS-IAS-Production\AIS\wwwroot\js\csp\Views_Execution_cau_observation.js","285","'LC_AMOUNT': normalizeNullableInt($(v).find('td').eq(4).html()),"
"html_write","C:\Users\Asad Ali\Documents\GitHub\HTTPS-IAS-Production\AIS\wwwroot\js\csp\Views_Execution_cau_observation.js","286","'ACCOUNT_NUMBER': normalizeRequiredInt($(v).find('td').eq(5).html()),"
"html_write","C:\Users\Asad Ali\Documents\GitHub\HTTPS-IAS-Production\AIS\wwwroot\js\csp\Views_Execution_cau_observation.js","287","'ACC_AMOUNT': normalizeRequiredInt($(v).find('td').eq(6).html())"
"html_write","C:\Users\Asad Ali\Documents\GitHub\HTTPS-IAS-Production\AIS\wwwroot\js\csp\Views_Execution_cau_observation.js","292","'MEMO': $('.richText-editor').html(),"
"html_write","C:\Users\Asad Ali\Documents\GitHub\HTTPS-IAS-Production\AIS\wwwroot\js\csp\Views_Execution_checklist_details.js","164","$('.richText-editor').html('');"
"html_write","C:\Users\Asad Ali\Documents\GitHub\HTTPS-IAS-Production\AIS\wwwroot\js\csp\Views_Execution_checklist_details.js","249","'EMP_NAME': $(v).find('td').eq(2).html(),"
"html_write","C:\Users\Asad Ali\Documents\GitHub\HTTPS-IAS-Production\AIS\wwwroot\js\csp\Views_Execution_checklist_details.js","250","'LOAN_CASE': normalizeNullableInt($(v).find('td').eq(3).html()),"
"html_write","C:\Users\Asad Ali\Documents\GitHub\HTTPS-IAS-Production\AIS\wwwroot\js\csp\Views_Execution_checklist_details.js","251","'LC_AMOUNT': normalizeNullableInt($(v).find('td').eq(4).html()),"
"html_write","C:\Users\Asad Ali\Documents\GitHub\HTTPS-IAS-Production\AIS\wwwroot\js\csp\Views_Execution_checklist_details.js","252","'ACCOUNT_NUMBER': normalizeRequiredInt($(v).find('td').eq(5).html()),"
"html_write","C:\Users\Asad Ali\Documents\GitHub\HTTPS-IAS-Production\AIS\wwwroot\js\csp\Views_Execution_checklist_details.js","253","'ACC_AMOUNT': normalizeRequiredInt($(v).find('td').eq(6).html())"
"html_write","C:\Users\Asad Ali\Documents\GitHub\HTTPS-IAS-Production\AIS\wwwroot\js\csp\Views_Execution_checklist_details.js","260","'MEMO': $('.richText-editor').html(),"
"html_write","C:\Users\Asad Ali\Documents\GitHub\HTTPS-IAS-Production\AIS\wwwroot\js\csp\Views_Execution_checklist_details.js","339","$('.richText-editor').html(tempobj.MEMO);"
"html_write","C:\Users\Asad Ali\Documents\GitHub\HTTPS-IAS-Production\AIS\wwwroot\js\csp\Views_Execution_checklist_details.js","604","$('#viewMemo_memo_ObSent').html(data[0].obS_TEXT);"
"html_write","C:\Users\Asad Ali\Documents\GitHub\HTTPS-IAS-Production\AIS\wwwroot\js\csp\Views_Execution_checklist_details.js","605","$('#viewMemo_response_ObSent').html(data[0].obS_REPLY);"
"html_write","C:\Users\Asad Ali\Documents\GitHub\HTTPS-IAS-Production\AIS\wwwroot\js\csp\Views_Execution_checklist_details.js","606","$('#viewMemo_process_ObSent').html(data[0].process);"
"html_write","C:\Users\Asad Ali\Documents\GitHub\HTTPS-IAS-Production\AIS\wwwroot\js\csp\Views_Execution_checklist_details.js","608","$('#viewMemo_subprocess_ObSent').html(data[0].suB_PROCESS);"
"html_write","C:\Users\Asad Ali\Documents\GitHub\HTTPS-IAS-Production\AIS\wwwroot\js\csp\Views_Execution_checklist_details.js","609","$('#viewMemo_violation_ObSent').html(data[0].checklist_Details);"
"html_write","C:\Users\Asad Ali\Documents\GitHub\HTTPS-IAS-Production\AIS\wwwroot\js\csp\Views_Execution_closing.js","19","$('#entityNameField').html(data[0].entitY_NAME);"
"html_write","C:\Users\Asad Ali\Documents\GitHub\HTTPS-IAS-Production\AIS\wwwroot\js\csp\Views_Execution_Concluding_Closing_Audit.js","48","$('#conoffice').html(v.p_NAME);"
"html_write","C:\Users\Asad Ali\Documents\GitHub\HTTPS-IAS-Production\AIS\wwwroot\js\csp\Views_Execution_Concluding_Closing_Audit.js","49","$('#EntN').html(v.name);"
"html_write","C:\Users\Asad Ali\Documents\GitHub\HTTPS-IAS-Production\AIS\wwwroot\js\csp\Views_Execution_Concluding_Closing_Audit.js","50","$('#ADD').html(v.address);"
"html_write","C:\Users\Asad Ali\Documents\GitHub\HTTPS-IAS-Production\AIS\wwwroot\js\csp\Views_Execution_Concluding_Closing_Audit.js","51","$('#a_s_d').html(v.audiT_STARTDATE.split('T')[0]);"
"html_write","C:\Users\Asad Ali\Documents\GitHub\HTTPS-IAS-Production\AIS\wwwroot\js\csp\Views_Execution_Concluding_Closing_Audit.js","52","$('#a_e_d').html(v.audiT_ENDDATE.split('T')[0]);"
"html_write","C:\Users\Asad Ali\Documents\GitHub\HTTPS-IAS-Production\AIS\wwwroot\js\csp\Views_Execution_Concluding_Closing_Audit.js","53","$('#o_s_d').html(v.operatioN_STARTDATE.split('T')[0]);"
"html_write","C:\Users\Asad Ali\Documents\GitHub\HTTPS-IAS-Production\AIS\wwwroot\js\csp\Views_Execution_Concluding_Closing_Audit.js","54","$('#o_e_d').html(v.operatioN_ENDDATE.split('T')[0]);"
"html_write","C:\Users\Asad Ali\Documents\GitHub\HTTPS-IAS-Production\AIS\wwwroot\js\csp\Views_Execution_Concluding_Closing_Audit.js","56","$('#highTotalMemos').html(v.high);"
"html_write","C:\Users\Asad Ali\Documents\GitHub\HTTPS-IAS-Production\AIS\wwwroot\js\csp\Views_Execution_Concluding_Closing_Audit.js","57","$('#highTotalSettledMemos').html(v.settleD_HIGH);"
"html_write","C:\Users\Asad Ali\Documents\GitHub\HTTPS-IAS-Production\AIS\wwwroot\js\csp\Views_Execution_Concluding_Closing_Audit.js","58","$('#highTotalOpenMemos').html(v.opeN_HIGH);"
"html_write","C:\Users\Asad Ali\Documents\GitHub\HTTPS-IAS-Production\AIS\wwwroot\js\csp\Views_Execution_Concluding_Closing_Audit.js","60","$('#mediumTotalMemos').html(v.medium);"
"html_write","C:\Users\Asad Ali\Documents\GitHub\HTTPS-IAS-Production\AIS\wwwroot\js\csp\Views_Execution_Concluding_Closing_Audit.js","61","$('#mediumTotalSettledMemos').html(v.settleD_MEDIUM);"
"html_write","C:\Users\Asad Ali\Documents\GitHub\HTTPS-IAS-Production\AIS\wwwroot\js\csp\Views_Execution_Concluding_Closing_Audit.js","62","$('#mediumTotalOpenMemos').html(v.opeN_MEDIUM);"
"html_write","C:\Users\Asad Ali\Documents\GitHub\HTTPS-IAS-Production\AIS\wwwroot\js\csp\Views_Execution_Concluding_Closing_Audit.js","64","$('#lowTotalMemos').html(v.low);"
"html_write","C:\Users\Asad Ali\Documents\GitHub\HTTPS-IAS-Production\AIS\wwwroot\js\csp\Views_Execution_Concluding_Closing_Audit.js","65","$('#lowTotalSettledMemos').html(v.settleD_LOW);"
"html_write","C:\Users\Asad Ali\Documents\GitHub\HTTPS-IAS-Production\AIS\wwwroot\js\csp\Views_Execution_Concluding_Closing_Audit.js","66","$('#lowTotalOpenMemos').html(v.opeN_LOW);"
"html_write","C:\Users\Asad Ali\Documents\GitHub\HTTPS-IAS-Production\AIS\wwwroot\js\csp\Views_Execution_draft_audit_report.js","157","$('#viewMemo_response_ObSent').html('');"
"html_write","C:\Users\Asad Ali\Documents\GitHub\HTTPS-IAS-Production\AIS\wwwroot\js\csp\Views_Execution_draft_audit_report.js","158","$('#viewMemo_aud_reply_ObSent').html('');"
"html_write","C:\Users\Asad Ali\Documents\GitHub\HTTPS-IAS-Production\AIS\wwwroot\js\csp\Views_Execution_draft_audit_report.js","159","$('#viewMemo_head_reply_ObSent').html('');"
"html_write","C:\Users\Asad Ali\Documents\GitHub\HTTPS-IAS-Production\AIS\wwwroot\js\csp\Views_Execution_draft_audit_report.js","173","$('#viewMemo_response_ObSent').html(data.auditeE_REPLY);"
"html_write","C:\Users\Asad Ali\Documents\GitHub\HTTPS-IAS-Production\AIS\wwwroot\js\csp\Views_Execution_draft_audit_report.js","175","$('#viewMemo_aud_reply_ObSent').html(data.auditoR_RECOM);"
"html_write","C:\Users\Asad Ali\Documents\GitHub\HTTPS-IAS-Production\AIS\wwwroot\js\csp\Views_Execution_draft_audit_report_branch.js","136","// $('#downloadReport').html('<a target=""_blank"" href=""/Audit_Reports/' + data.reportName+'"">Download Draft Report</a>');"
"html_write","C:\Users\Asad Ali\Documents\GitHub\HTTPS-IAS-Production\AIS\wwwroot\js\csp\Views_Execution_draft_audit_report_branch.js","231","$('#viewMemo_response_ObSent').html('');"
"html_write","C:\Users\Asad Ali\Documents\GitHub\HTTPS-IAS-Production\AIS\wwwroot\js\csp\Views_Execution_draft_audit_report_branch.js","232","$('#viewMemo_aud_reply_ObSent').html('');"
"html_write","C:\Users\Asad Ali\Documents\GitHub\HTTPS-IAS-Production\AIS\wwwroot\js\csp\Views_Execution_draft_audit_report_branch.js","233","$('#viewMemo_head_reply_ObSent').html('');"
"html_write","C:\Users\Asad Ali\Documents\GitHub\HTTPS-IAS-Production\AIS\wwwroot\js\csp\Views_Execution_draft_audit_report_branch.js","260","$('#viewMemo_response_ObSent').html(data.auditeE_REPLY);"
"html_write","C:\Users\Asad Ali\Documents\GitHub\HTTPS-IAS-Production\AIS\wwwroot\js\csp\Views_Execution_draft_audit_report_branch.js","262","$('#viewMemo_aud_reply_ObSent').html(data.auditoR_RECOM);"
"html_write","C:\Users\Asad Ali\Documents\GitHub\HTTPS-IAS-Production\AIS\wwwroot\js\csp\Views_Execution_draft_audit_report_branch.js","529","$('#dsaContent').html(data[0].obS_TEXT);"
"html_write","C:\Users\Asad Ali\Documents\GitHub\HTTPS-IAS-Production\AIS\wwwroot\js\csp\Views_Execution_engagement_plan.js","152","$('#descModal_field').html($('#entitySelectionBox option:selected').text());"
"html_write","C:\Users\Asad Ali\Documents\GitHub\HTTPS-IAS-Production\AIS\wwwroot\js\csp\Views_Execution_engagement_plan.js","162","$('#exeFrom_field').html($('#executionPeriodFromField').val());"
"html_write","C:\Users\Asad Ali\Documents\GitHub\HTTPS-IAS-Production\AIS\wwwroot\js\csp\Views_Execution_engagement_plan.js","163","$('#exeTo_field').html($('#executionPeriodToField').val());"
"html_write","C:\Users\Asad Ali\Documents\GitHub\HTTPS-IAS-Production\AIS\wwwroot\js\csp\Views_Execution_engagement_plan.js","164","$('#operationalFrom_field').html($('#auditPeriodFromField').val());"
"html_write","C:\Users\Asad Ali\Documents\GitHub\HTTPS-IAS-Production\AIS\wwwroot\js\csp\Views_Execution_engagement_plan.js","165","$('#operationalTo_field').html($('#auditPeriodToField').val());"
"html_write","C:\Users\Asad Ali\Documents\GitHub\HTTPS-IAS-Production\AIS\wwwroot\js\csp\Views_Execution_engagement_plan.js","168","$('#travelingReq_field').html('Yes');"
"html_write","C:\Users\Asad Ali\Documents\GitHub\HTTPS-IAS-Production\AIS\wwwroot\js\csp\Views_Execution_engagement_plan.js","170","$('#travelingReq_field').html('No');"
"html_write","C:\Users\Asad Ali\Documents\GitHub\HTTPS-IAS-Production\AIS\wwwroot\js\csp\Views_Execution_engagement_plan.js","171","$('#remarksAddtn_field').html($('#remarksAdditionalInfoField').val());"
"html_write","C:\Users\Asad Ali\Documents\GitHub\HTTPS-IAS-Production\AIS\wwwroot\js\csp\Views_Execution_engagement_plan.js","183","$('#teamMembers_field').html(teamMembersFields);"
"html_write","C:\Users\Asad Ali\Documents\GitHub\HTTPS-IAS-Production\AIS\wwwroot\js\csp\Views_Execution_list_dsa.js","117","$('#dsaContent').html(data.text);"
"html_write","C:\Users\Asad Ali\Documents\GitHub\HTTPS-IAS-Production\AIS\wwwroot\js\csp\Views_Execution_list_dsa.js","140","$('#dsaContent').html(data.text);"
"html_write","C:\Users\Asad Ali\Documents\GitHub\HTTPS-IAS-Production\AIS\wwwroot\js\csp\Views_Execution_manage_audit_paras_authorized.js","374","$('#respGridTable tbody').html($('#p_listofRespPersons tbody').html());"
"html_write","C:\Users\Asad Ali\Documents\GitHub\HTTPS-IAS-Production\AIS\wwwroot\js\csp\Views_Execution_manage_audit_paras_authorized.js","582","$('#respGridTable tbody').html($('#p_listofRespPersons tbody').html());"
"html_write","C:\Users\Asad Ali\Documents\GitHub\HTTPS-IAS-Production\AIS\wwwroot\js\csp\Views_Execution_manage_draft_report_paras.js","20","$('#viewMemo_panel').html("""");"
"html_write","C:\Users\Asad Ali\Documents\GitHub\HTTPS-IAS-Production\AIS\wwwroot\js\csp\Views_Execution_manage_draft_report_paras.js","29","$('#viewMemo_panel').html(data[0].obS_TEXT);"
"html_write","C:\Users\Asad Ali\Documents\GitHub\HTTPS-IAS-Production\AIS\wwwroot\js\csp\Views_Execution_manage_draft_report_paras.js","36","$('#viewMemoRes_panel').html("""");"
"html_write","C:\Users\Asad Ali\Documents\GitHub\HTTPS-IAS-Production\AIS\wwwroot\js\csp\Views_Execution_manage_draft_report_paras.js","46","$('#viewMemoRes_panel').html(data[0].obS_REPLY);"
"html_write","C:\Users\Asad Ali\Documents\GitHub\HTTPS-IAS-Production\AIS\wwwroot\js\csp\Views_Execution_manage_draft_report_paras_branch.js","34","$('#viewMemo_panel').html("""");"
"html_write","C:\Users\Asad Ali\Documents\GitHub\HTTPS-IAS-Production\AIS\wwwroot\js\csp\Views_Execution_manage_draft_report_paras_branch.js","47","$('#viewMemo_panel').html(data[0].obS_TEXT);"
"html_write","C:\Users\Asad Ali\Documents\GitHub\HTTPS-IAS-Production\AIS\wwwroot\js\csp\Views_Execution_manage_draft_report_paras_branch.js","57","$('#viewMemoRes_panel').html("""");"
"html_write","C:\Users\Asad Ali\Documents\GitHub\HTTPS-IAS-Production\AIS\wwwroot\js\csp\Views_Execution_manage_draft_report_paras_branch.js","66","$('#viewMemoRes_panel').html(data[0].obS_REPLY);"
"html_write","C:\Users\Asad Ali\Documents\GitHub\HTTPS-IAS-Production\AIS\wwwroot\js\csp\Views_Execution_manage_dsa.js","293","$('#resp_loan_case').val($row.data('loan') || $row.children('td').eq(3).html());"
"html_write","C:\Users\Asad Ali\Documents\GitHub\HTTPS-IAS-Production\AIS\wwwroot\js\csp\Views_Execution_manage_dsa.js","294","$('#resp_loan_amount').val($row.data('lcamount') || $row.children('td').eq(4).html());"
"html_write","C:\Users\Asad Ali\Documents\GitHub\HTTPS-IAS-Production\AIS\wwwroot\js\csp\Views_Execution_manage_dsa.js","295","$('#resp_account_number').val($row.data('account') || $row.children('td').eq(5).html());"
"html_write","C:\Users\Asad Ali\Documents\GitHub\HTTPS-IAS-Production\AIS\wwwroot\js\csp\Views_Execution_manage_dsa.js","296","$('#resp_account_amount').val($row.data('accamount') || $row.children('td').eq(6).html());"
"html_write","C:\Users\Asad Ali\Documents\GitHub\HTTPS-IAS-Production\AIS\wwwroot\js\csp\Views_Execution_manage_legacy_paras.js","62","$('#pageNoField').html('Page ' + g_pageNo + ' of ' + Math.ceil(g_obsList.length / g_pageSize));"
"html_write","C:\Users\Asad Ali\Documents\GitHub\HTTPS-IAS-Production\AIS\wwwroot\js\csp\Views_Execution_manage_legacy_paras.js","63","$('#totalRecordsNoField').html(' Total Records: '+g_obsList.length);"
"html_write","C:\Users\Asad Ali\Documents\GitHub\HTTPS-IAS-Production\AIS\wwwroot\js\csp\Views_Execution_manage_legacy_paras.js","115","$('#observation').html(v.gisT_OF_PARAS);"
"html_write","C:\Users\Asad Ali\Documents\GitHub\HTTPS-IAS-Production\AIS\wwwroot\js\csp\Views_Execution_manage_legacy_paras.js","124","if ($('.richText-editor').html() == """") {"
"html_write","C:\Users\Asad Ali\Documents\GitHub\HTTPS-IAS-Production\AIS\wwwroot\js\csp\Views_Execution_manage_legacy_paras.js","133","'REPLY': $('.richText-editor').html()"
"html_write","C:\Users\Asad Ali\Documents\GitHub\HTTPS-IAS-Production\AIS\wwwroot\js\csp\Views_Execution_manage_observations.js","38","$('#viewMemo_memo').html(data[0].obS_TEXT);"
"html_write","C:\Users\Asad Ali\Documents\GitHub\HTTPS-IAS-Production\AIS\wwwroot\js\csp\Views_Execution_manage_observations.js","39","$('#viewMemo_heading').html(data[0].heading);"
"html_write","C:\Users\Asad Ali\Documents\GitHub\HTTPS-IAS-Production\AIS\wwwroot\js\csp\Views_Execution_manage_observations.js","41","$('#viewMemo_response').html(data[0].obS_REPLY);"
"html_write","C:\Users\Asad Ali\Documents\GitHub\HTTPS-IAS-Production\AIS\wwwroot\js\csp\Views_Execution_manage_observations.js","42","$('#viewMemo_subprocess').html(data[0].nature);"
"html_write","C:\Users\Asad Ali\Documents\GitHub\HTTPS-IAS-Production\AIS\wwwroot\js\csp\Views_Execution_manage_observations.js","43","$('#viewMemo_violation').html(data[0].violation);"
"html_write","C:\Users\Asad Ali\Documents\GitHub\HTTPS-IAS-Production\AIS\wwwroot\js\csp\Views_Execution_manage_observations.js","310","'OBS_TEXT': $('.richText-editor').html(),"
"html_write","C:\Users\Asad Ali\Documents\GitHub\HTTPS-IAS-Production\AIS\wwwroot\js\csp\Views_Execution_manage_observations_branches.js","251","$('#updateMemo_response').html(data[0].obS_REPLY || '');"
"html_write","C:\Users\Asad Ali\Documents\GitHub\HTTPS-IAS-Production\AIS\wwwroot\js\csp\Views_Execution_manage_observations_branches.js","403","$('#dsaContent').html(data[0].obS_TEXT);"
"html_write","C:\Users\Asad Ali\Documents\GitHub\HTTPS-IAS-Production\AIS\wwwroot\js\csp\Views_Execution_manage_observations_branches.js","489","'OBS_TEXT': $('.richText-editor').html(),"
"html_write","C:\Users\Asad Ali\Documents\GitHub\HTTPS-IAS-Production\AIS\wwwroot\js\csp\Views_Execution_obs_management.js","110","$('#viewMemo_subprocess').html(data[0].cp);"
"html_write","C:\Users\Asad Ali\Documents\GitHub\HTTPS-IAS-Production\AIS\wwwroot\js\csp\Views_Execution_obs_management.js","111","$('#viewMemo_violation').html(data[0].psn);"
"html_write","C:\Users\Asad Ali\Documents\GitHub\HTTPS-IAS-Production\AIS\wwwroot\js\csp\Views_Execution_obs_management.js","115","$('#viewMemo_process').html(data[0].cp);"
"html_write","C:\Users\Asad Ali\Documents\GitHub\HTTPS-IAS-Production\AIS\wwwroot\js\csp\Views_Execution_obs_management.js","116","$('#viewMemo_subprocess').html(data[0].psn);"
"html_write","C:\Users\Asad Ali\Documents\GitHub\HTTPS-IAS-Production\AIS\wwwroot\js\csp\Views_Execution_obs_management.js","117","$('#viewMemo_violation').html(data[0].cd);"
"html_write","C:\Users\Asad Ali\Documents\GitHub\HTTPS-IAS-Production\AIS\wwwroot\js\csp\Views_Execution_obs_management.js","128","$('#viewMemo_memo').html(data[0].text);"
"html_write","C:\Users\Asad Ali\Documents\GitHub\HTTPS-IAS-Production\AIS\wwwroot\js\csp\Views_Execution_obs_management.js","129","$('#viewMemo_heading').html(data[0].title);"
"html_write","C:\Users\Asad Ali\Documents\GitHub\HTTPS-IAS-Production\AIS\wwwroot\js\csp\Views_Execution_obs_management.js","131","$('#viewMemo_response').html(data[0].obS_REPLY);"
"html_write","C:\Users\Asad Ali\Documents\GitHub\HTTPS-IAS-Production\AIS\wwwroot\js\csp\Views_Execution_obs_management.js","264","'OBS_TEXT': $('.richText-editor').html()"
"html_write","C:\Users\Asad Ali\Documents\GitHub\HTTPS-IAS-Production\AIS\wwwroot\js\csp\Views_Execution_pre_concluding_audit.js","128","$('#viewMemo_response_ObSent').html('');"
"html_write","C:\Users\Asad Ali\Documents\GitHub\HTTPS-IAS-Production\AIS\wwwroot\js\csp\Views_Execution_pre_concluding_audit.js","129","$('#viewMemo_aud_reply_ObSent').html('');"
"html_write","C:\Users\Asad Ali\Documents\GitHub\HTTPS-IAS-Production\AIS\wwwroot\js\csp\Views_Execution_pre_concluding_audit.js","130","$('#viewMemo_head_reply_ObSent').html('');"
"html_write","C:\Users\Asad Ali\Documents\GitHub\HTTPS-IAS-Production\AIS\wwwroot\js\csp\Views_Execution_pre_concluding_audit.js","131","$('#viewMemo_head_reply_ObSent').html('');"
"html_write","C:\Users\Asad Ali\Documents\GitHub\HTTPS-IAS-Production\AIS\wwwroot\js\csp\Views_Execution_pre_concluding_audit.js","152","$('#viewMemo_response_ObSent').html(data.auditeE_REPLY);"
"html_write","C:\Users\Asad Ali\Documents\GitHub\HTTPS-IAS-Production\AIS\wwwroot\js\csp\Views_Execution_pre_concluding_audit.js","154","$('#viewMemo_aud_reply_ObSent').html(data.auditoR_RECOM);"
"html_write","C:\Users\Asad Ali\Documents\GitHub\HTTPS-IAS-Production\AIS\wwwroot\js\csp\Views_Execution_pre_concluding_audit.js","155","$('#viewMemo_head_reply_ObSent').html(data.heaD_RECOM);"
"html_write","C:\Users\Asad Ali\Documents\GitHub\HTTPS-IAS-Production\AIS\wwwroot\js\csp\Views_Execution_pre_concluding_audit.js","459","if ($(v).html() == ""Pending"")"
"html_write","C:\Users\Asad Ali\Documents\GitHub\HTTPS-IAS-Production\AIS\wwwroot\js\csp\Views_Execution_pre_concluding_audit_ho.js","80","$('#viewMemo_response_ObSent').html('');"
"html_write","C:\Users\Asad Ali\Documents\GitHub\HTTPS-IAS-Production\AIS\wwwroot\js\csp\Views_Execution_pre_concluding_audit_ho.js","81","$('#viewMemo_aud_reply_ObSent').html('');"
"html_write","C:\Users\Asad Ali\Documents\GitHub\HTTPS-IAS-Production\AIS\wwwroot\js\csp\Views_Execution_pre_concluding_audit_ho.js","82","$('#viewMemo_head_reply_ObSent').html('');"
"html_write","C:\Users\Asad Ali\Documents\GitHub\HTTPS-IAS-Production\AIS\wwwroot\js\csp\Views_Execution_pre_concluding_audit_ho.js","83","$('#viewMemo_head_reply_ObSent').html('');"
"html_write","C:\Users\Asad Ali\Documents\GitHub\HTTPS-IAS-Production\AIS\wwwroot\js\csp\Views_Execution_pre_concluding_audit_ho.js","103","$('#viewMemo_response_ObSent').html(data.auditeE_REPLY);"
"html_write","C:\Users\Asad Ali\Documents\GitHub\HTTPS-IAS-Production\AIS\wwwroot\js\csp\Views_Execution_pre_concluding_audit_ho.js","105","$('#viewMemo_aud_reply_ObSent').html(data.auditoR_RECOM);"
"html_write","C:\Users\Asad Ali\Documents\GitHub\HTTPS-IAS-Production\AIS\wwwroot\js\csp\Views_Execution_pre_concluding_audit_ho.js","106","$('#viewMemo_head_reply_ObSent').html(data.heaD_RECOM);"
"html_write","C:\Users\Asad Ali\Documents\GitHub\HTTPS-IAS-Production\AIS\wwwroot\js\csp\Views_Execution_pre_concluding_audit_ho.js","338","if ($(v).html() == ""Pending"")"
"html_write","C:\Users\Asad Ali\Documents\GitHub\HTTPS-IAS-Production\AIS\wwwroot\js\csp\Views_Execution_Update_Gist_Para_No.js","35","$('#entityNameField').html(data.length > 0 ? data[0].name : '');"
"html_write","C:\Users\Asad Ali\Documents\GitHub\HTTPS-IAS-Production\AIS\wwwroot\js\csp\Views_Execution_Update_Gist_Para_No.js","133","$('#entityNameField').html(data.length > 0 ? data[0].name : '');"
"html_write","C:\Users\Asad Ali\Documents\GitHub\HTTPS-IAS-Production\AIS\wwwroot\js\csp\Views_Execution_Update_Legacy_Paras.js","285","$('#entityNameField').html(data.length > 0 ? data[0].name : '');"
"html_write","C:\Users\Asad Ali\Documents\GitHub\HTTPS-IAS-Production\AIS\wwwroot\js\csp\Views_Execution_Update_Legacy_Paras.js","344","$('#observation').html(v.gisT_OF_PARAS);"
"html_write","C:\Users\Asad Ali\Documents\GitHub\HTTPS-IAS-Production\AIS\wwwroot\js\csp\Views_Execution_Update_Legacy_Paras.js","678","'PARA_TEXT': $('.richText-editor').html(),"
"html_write","C:\Users\Asad Ali\Documents\GitHub\HTTPS-IAS-Production\AIS\wwwroot\js\csp\Views_Execution_Update_Legacy_Paras_FAD.js","184","$('#entityNameField').html(data.length > 0 ? data[0].name : '');"
"html_write","C:\Users\Asad Ali\Documents\GitHub\HTTPS-IAS-Production\AIS\wwwroot\js\csp\Views_Execution_Update_Legacy_Paras_FAD.js","221","$('#observation').html(v.gisT_OF_PARAS);"
"html_write","C:\Users\Asad Ali\Documents\GitHub\HTTPS-IAS-Production\AIS\wwwroot\js\csp\Views_Execution_Update_Legacy_Paras_FAD.js","380","'PARA_TEXT': $('.richText-editor').html(),"
"html_write","C:\Users\Asad Ali\Documents\GitHub\HTTPS-IAS-Production\AIS\wwwroot\js\csp\Views_Execution_Update_Legacy_Paras_FAD.js","451","'PARA_TEXT': $('.richText-editor').html(),"
"html_write","C:\Users\Asad Ali\Documents\GitHub\HTTPS-IAS-Production\AIS\wwwroot\js\csp\Views_Execution_Update_Legacy_Paras_HO.js","42","$('#entityNameField').html(data.length > 0 ? data[0].name : '');"
"html_write","C:\Users\Asad Ali\Documents\GitHub\HTTPS-IAS-Production\AIS\wwwroot\js\csp\Views_Execution_Update_Legacy_Paras_HO.js","64","$('#entityNameField').html(data.length > 0 ? data[0].name : '');"
"html_write","C:\Users\Asad Ali\Documents\GitHub\HTTPS-IAS-Production\AIS\wwwroot\js\csp\Views_FAD_FAD_TASK_observation_review.js","8","return $('<div>').text(text).html();"
"html_write","C:\Users\Asad Ali\Documents\GitHub\HTTPS-IAS-Production\AIS\wwwroot\js\csp\Views_HM_old_paras_monitoring.js","55","$('#viewMemo_memo').html("""");"
"html_write","C:\Users\Asad Ali\Documents\GitHub\HTTPS-IAS-Production\AIS\wwwroot\js\csp\Views_HM_old_paras_monitoring.js","65","$('#viewMemo_memo').html(data);"
"html_write","C:\Users\Asad Ali\Documents\GitHub\HTTPS-IAS-Production\AIS\wwwroot\js\csp\Views_HM_old_paras_monitoring_ppno.js","87","$('#viewMemo_memo').html("""");"
"html_write","C:\Users\Asad Ali\Documents\GitHub\HTTPS-IAS-Production\AIS\wwwroot\js\csp\Views_HM_old_paras_monitoring_ppno.js","106","$('#viewMemo_memo').html(text);"
"html_write","C:\Users\Asad Ali\Documents\GitHub\HTTPS-IAS-Production\AIS\wwwroot\js\csp\Views_HM_SbpObservationHistory.js","77","$textarea.val($editor.html());"
"html_write","C:\Users\Asad Ali\Documents\GitHub\HTTPS-IAS-Production\AIS\wwwroot\js\csp\Views_HM_SbpObservationHistory.js","100","$editor.html(content);"
"html_write","C:\Users\Asad Ali\Documents\GitHub\HTTPS-IAS-Production\AIS\wwwroot\js\csp\Views_HM_SbpObservationHistory.js","120","return $editor.html();"
"html_write","C:\Users\Asad Ali\Documents\GitHub\HTTPS-IAS-Production\AIS\wwwroot\js\csp\Views_HM_SbpObservationHistory.js","686","return $('<div/>').text(value ?? '').html();"
"html_write","C:\Users\Asad Ali\Documents\GitHub\HTTPS-IAS-Production\AIS\wwwroot\js\csp\Views_IAMS_old_para.js","115","if ($('.richText-editor').html() == """") {"
"html_write","C:\Users\Asad Ali\Documents\GitHub\HTTPS-IAS-Production\AIS\wwwroot\js\csp\Views_IAMS_old_para.js","127","'PARA_TEXT': $('.richText-editor').html(),"
"html_write","C:\Users\Asad Ali\Documents\GitHub\HTTPS-IAS-Production\AIS\wwwroot\js\csp\Views_IAMS_paras.js","115","if ($('.richText-editor').html() == """") {"
"html_write","C:\Users\Asad Ali\Documents\GitHub\HTTPS-IAS-Production\AIS\wwwroot\js\csp\Views_IAMS_paras.js","127","'PARA_TEXT': $('.richText-editor').html(),"
"html_write","C:\Users\Asad Ali\Documents\GitHub\HTTPS-IAS-Production\AIS\wwwroot\js\csp\Views_IID_Analysis.js","8","$('#iidAlertHost').html("
"html_write","C:\Users\Asad Ali\Documents\GitHub\HTTPS-IAS-Production\AIS\wwwroot\js\csp\Views_IID_Analysis.js","50","$('#reportLinks').html(links.length ? links.join('<br/>') : 'No files available.');"
"html_write","C:\Users\Asad Ali\Documents\GitHub\HTTPS-IAS-Production\AIS\wwwroot\js\csp\Views_IID_Analysis.js","107","$('#reportLinks').html(links.length ? links.join('<br/>') : 'No files available.');"
"html_write","C:\Users\Asad Ali\Documents\GitHub\HTTPS-IAS-Production\AIS\wwwroot\js\csp\Views_IID_CaseStudy.js","7","$('#iidAlertHost').html("
"html_write","C:\Users\Asad Ali\Documents\GitHub\HTTPS-IAS-Production\AIS\wwwroot\js\csp\Views_IID_FinalApproval.js","8","$('#iidAlertHost').html("
"html_write","C:\Users\Asad Ali\Documents\GitHub\HTTPS-IAS-Production\AIS\wwwroot\js\csp\Views_IID_FinalApproval.js","50","$('#reportLinks').html(links.length ? links.join('<br/>') : 'No files available.');"
"html_write","C:\Users\Asad Ali\Documents\GitHub\HTTPS-IAS-Production\AIS\wwwroot\js\csp\Views_IID_FinalApproval.js","107","$('#reportLinks').html(links.length ? links.join('<br/>') : 'No files available.');"
"html_write","C:\Users\Asad Ali\Documents\GitHub\HTTPS-IAS-Production\AIS\wwwroot\js\csp\Views_IID_HeadReview.js","133","$('#iidComplaintDetailsRoot').html('');"
"html_write","C:\Users\Asad Ali\Documents\GitHub\HTTPS-IAS-Production\AIS\wwwroot\js\csp\Views_IID_InitialAssessment.js","123","$('#iidComplaintDetailsRoot').html('');"
"html_write","C:\Users\Asad Ali\Documents\GitHub\HTTPS-IAS-Production\AIS\wwwroot\js\csp\Views_IID_InquiryReport.js","67","function esc(v){ return $('<div/>').text(v || '').html(); }"
"html_write","C:\Users\Asad Ali\Documents\GitHub\HTTPS-IAS-Production\AIS\wwwroot\js\csp\Views_IID_InquiryReport.js","151","$('#wizardStepper').html(getVisibleSteps().map(function(s){"
"html_write","C:\Users\Asad Ali\Documents\GitHub\HTTPS-IAS-Production\AIS\wwwroot\js\csp\Views_IID_InquiryReport.js","162","$('#snapshotStrip').html(badges.map(function(b){ return '<div class=""col-md-2 col-6""><div class=""snap-label"">' + esc(b[0]) + '</div><div class=""snap-value"">' + esc(b[1]) + '</div></div>'; }).join(''));"
"html_write","C:\Users\Asad Ali\Documents\GitHub\HTTPS-IAS-Production\AIS\wwwroot\js\csp\Views_IID_InquiryReport.js","338","$('#findingsStatusGridBody').html(body || '<tr><td colspan=""5"" class=""text-muted"">No accusations available.</td></tr>');"
"html_write","C:\Users\Asad Ali\Documents\GitHub\HTTPS-IAS-Production\AIS\wwwroot\js\csp\Views_IID_InquiryReport.js","586","h.html(html);"
"html_write","C:\Users\Asad Ali\Documents\GitHub\HTTPS-IAS-Production\AIS\wwwroot\js\csp\Views_IID_InquiryReport.js","711","if(!errors.length){ host.addClass('d-none').html(''); return; }"
"html_write","C:\Users\Asad Ali\Documents\GitHub\HTTPS-IAS-Production\AIS\wwwroot\js\csp\Views_IID_InquiryReport.js","712","host.removeClass('d-none').html('<strong>Missing mandatory fields:</strong><ul class=""mb-0"">' + errors.map(function(e){ return '<li>' + esc(e) + '</li>'; }).join('') + '</ul>');"
"html_write","C:\Users\Asad Ali\Documents\GitHub\HTTPS-IAS-Production\AIS\wwwroot\js\csp\Views_IID_InquiryReport.js","1124","$('#iidValidationModalBody').html(html);"
"html_write","C:\Users\Asad Ali\Documents\GitHub\HTTPS-IAS-Production\AIS\wwwroot\js\csp\Views_IID_InvestigationPlan.js","167","$('#iidComplaintDetailsRoot').html('');"
"html_write","C:\Users\Asad Ali\Documents\GitHub\HTTPS-IAS-Production\AIS\wwwroot\js\csp\Views_IID_PlanApproval.js","54","$body.append('<tr><td>' + $('<div/>').text(field.label).html() + '</td><td class=""text-break"">' + $('<div/>').text(String(value)).html() + '</td></tr>');"
"html_write","C:\Users\Asad Ali\Documents\GitHub\HTTPS-IAS-Production\AIS\wwwroot\js\csp\Views_IID_PlanApproval.js","97","$('#iidComplaintDetailsRoot').html('<div class=""text-danger"">Failed to load complaint details.</div>');"
"html_write","C:\Users\Asad Ali\Documents\GitHub\HTTPS-IAS-Production\AIS\wwwroot\js\csp\Views_IID_PlanApproval.js","149","$('#iidComplaintDetailsRoot').html('');"
"html_write","C:\Users\Asad Ali\Documents\GitHub\HTTPS-IAS-Production\AIS\wwwroot\js\csp\Views_IID_Reports.js","5","$('#iidAlertHost').html("
"html_write","C:\Users\Asad Ali\Documents\GitHub\HTTPS-IAS-Production\AIS\wwwroot\js\csp\Views_Planning_audit_criteria.js","82","$(e).parent().parent().find('td.entCountField').eq(0).html(data);"
"html_write","C:\Users\Asad Ali\Documents\GitHub\HTTPS-IAS-Production\AIS\wwwroot\js\csp\Views_Planning_audit_criteria.js","124","criteria.push($($(row).find('td').eq(0)).html()); //[period]"
"html_write","C:\Users\Asad Ali\Documents\GitHub\HTTPS-IAS-Production\AIS\wwwroot\js\csp\Views_Planning_audit_criteria.js","125","criteria.push($($(row).find('td').eq(1)).html()); //[entname]"
"html_write","C:\Users\Asad Ali\Documents\GitHub\HTTPS-IAS-Production\AIS\wwwroot\js\csp\Views_Planning_audit_criteria.js","126","criteria.push($($(row).find('td').eq(2)).html()); //[risk]"
"html_write","C:\Users\Asad Ali\Documents\GitHub\HTTPS-IAS-Production\AIS\wwwroot\js\csp\Views_Planning_audit_criteria.js","127","criteria.push($($(row).find('td').eq(4)).html()); //[size]"
"html_write","C:\Users\Asad Ali\Documents\GitHub\HTTPS-IAS-Production\AIS\wwwroot\js\csp\Views_Planning_audit_criteria.js","128","criteria.push($($(row).find('td').eq(3)).html()); //[freq]"
"html_write","C:\Users\Asad Ali\Documents\GitHub\HTTPS-IAS-Production\AIS\wwwroot\js\csp\Views_Planning_special_assignment.js","203","$('#descModal_field').html($('#entitySelectionBox option:selected').text());"
"html_write","C:\Users\Asad Ali\Documents\GitHub\HTTPS-IAS-Production\AIS\wwwroot\js\csp\Views_Planning_special_assignment.js","213","$('#exeFrom_field').html($('#executionPeriodFromField').val());"
"html_write","C:\Users\Asad Ali\Documents\GitHub\HTTPS-IAS-Production\AIS\wwwroot\js\csp\Views_Planning_special_assignment.js","214","$('#exeTo_field').html($('#executionPeriodToField').val());"
"html_write","C:\Users\Asad Ali\Documents\GitHub\HTTPS-IAS-Production\AIS\wwwroot\js\csp\Views_Planning_special_assignment.js","215","$('#operationalFrom_field').html($('#auditPeriodFromField').val());"
"html_write","C:\Users\Asad Ali\Documents\GitHub\HTTPS-IAS-Production\AIS\wwwroot\js\csp\Views_Planning_special_assignment.js","216","$('#operationalTo_field').html($('#auditPeriodToField').val());"
"html_write","C:\Users\Asad Ali\Documents\GitHub\HTTPS-IAS-Production\AIS\wwwroot\js\csp\Views_Planning_special_assignment.js","219","$('#travelingReq_field').html('Yes');"
"html_write","C:\Users\Asad Ali\Documents\GitHub\HTTPS-IAS-Production\AIS\wwwroot\js\csp\Views_Planning_special_assignment.js","221","$('#travelingReq_field').html('No');"
"html_write","C:\Users\Asad Ali\Documents\GitHub\HTTPS-IAS-Production\AIS\wwwroot\js\csp\Views_Planning_special_assignment.js","222","$('#remarksAddtn_field').html($('#remarksAdditionalInfoField').val());"
"html_write","C:\Users\Asad Ali\Documents\GitHub\HTTPS-IAS-Production\AIS\wwwroot\js\csp\Views_Planning_special_assignment.js","234","$('#teamMembers_field').html(teamMembersFields);"
"html_write","C:\Users\Asad Ali\Documents\GitHub\HTTPS-IAS-Production\AIS\wwwroot\js\csp\Views_Planning_special_audit_criteria.js","116","$('#saveButtonSpecialPlan').html('Save');"
"html_write","C:\Users\Asad Ali\Documents\GitHub\HTTPS-IAS-Production\AIS\wwwroot\js\csp\Views_Planning_special_audit_criteria.js","138","$('#saveButtonSpecialPlan').html('Update');"
"html_write","C:\Users\Asad Ali\Documents\GitHub\HTTPS-IAS-Production\AIS\wwwroot\js\csp\Views_Planning_special_audit_criteria.js","167","$('#saveButtonSpecialPlan').html('Save');"
"html_write","C:\Users\Asad Ali\Documents\GitHub\HTTPS-IAS-Production\AIS\wwwroot\js\csp\Views_Planning_special_audit_criteria.js","190","$('#saveButtonSpecialPlan').html('Save');"
"html_write","C:\Users\Asad Ali\Documents\GitHub\HTTPS-IAS-Production\AIS\wwwroot\js\csp\Views_Planning_tentative_engagement_plan.js","176","$('#descModal_field').html($('#entitySelectionBox option:selected').text());"
"html_write","C:\Users\Asad Ali\Documents\GitHub\HTTPS-IAS-Production\AIS\wwwroot\js\csp\Views_Planning_tentative_engagement_plan.js","186","$('#exeFrom_field').html($('#executionPeriodFromField').val());"
"html_write","C:\Users\Asad Ali\Documents\GitHub\HTTPS-IAS-Production\AIS\wwwroot\js\csp\Views_Planning_tentative_engagement_plan.js","187","$('#exeTo_field').html($('#executionPeriodToField').val());"
"html_write","C:\Users\Asad Ali\Documents\GitHub\HTTPS-IAS-Production\AIS\wwwroot\js\csp\Views_Planning_tentative_engagement_plan.js","188","$('#operationalFrom_field').html($('#auditPeriodFromField').val());"
"html_write","C:\Users\Asad Ali\Documents\GitHub\HTTPS-IAS-Production\AIS\wwwroot\js\csp\Views_Planning_tentative_engagement_plan.js","189","$('#operationalTo_field').html($('#auditPeriodToField').val());"
"html_write","C:\Users\Asad Ali\Documents\GitHub\HTTPS-IAS-Production\AIS\wwwroot\js\csp\Views_Planning_tentative_engagement_plan.js","192","$('#travelingReq_field').html('Yes');"
"html_write","C:\Users\Asad Ali\Documents\GitHub\HTTPS-IAS-Production\AIS\wwwroot\js\csp\Views_Planning_tentative_engagement_plan.js","194","$('#travelingReq_field').html('No');"
"html_write","C:\Users\Asad Ali\Documents\GitHub\HTTPS-IAS-Production\AIS\wwwroot\js\csp\Views_Planning_tentative_engagement_plan.js","195","$('#remarksAddtn_field').html($('#remarksAdditionalInfoField').val());"
"html_write","C:\Users\Asad Ali\Documents\GitHub\HTTPS-IAS-Production\AIS\wwwroot\js\csp\Views_Planning_tentative_engagement_plan.js","207","$('#teamMembers_field').html(teamMembersFields);"
"html_write","C:\Users\Asad Ali\Documents\GitHub\HTTPS-IAS-Production\AIS\wwwroot\js\csp\Views_Planning_tentative_engagement_plan.js","310","prevText = $('#listOfEmployeeTeam tbody #teamcode_' + team.code + ' .empMembers').html();"
"html_write","C:\Users\Asad Ali\Documents\GitHub\HTTPS-IAS-Production\AIS\wwwroot\js\csp\Views_PostCompliance_cau_post_compliance_to_branches.js","78","$('#viewParaTextModelField').html(data.memO_TXT);"
"html_write","C:\Users\Asad Ali\Documents\GitHub\HTTPS-IAS-Production\AIS\wwwroot\js\csp\Views_PostCompliance_cau_post_compliance_to_branches_reply.js","130","$('#viewParaTextModelField').html(data.memO_TXT);"
"html_write","C:\Users\Asad Ali\Documents\GitHub\HTTPS-IAS-Production\AIS\wwwroot\js\csp\Views_PostCompliance_cau_post_compliance_to_branches_reply.js","131","$('#branchReplyAgainstCAUIns').html(data.brancH_REPLY);"
"html_write","C:\Users\Asad Ali\Documents\GitHub\HTTPS-IAS-Production\AIS\wwwroot\js\csp\Views_PostCompliance_cau_post_compliance_to_branches_reply.js","197","if ($('.richText-editor').html() == """") {"
"html_write","C:\Users\Asad Ali\Documents\GitHub\HTTPS-IAS-Production\AIS\wwwroot\js\csp\Views_PostCompliance_cau_post_compliance_to_branches_reply.js","201","complianceRemarks = $('.richText-editor').html();"
"html_write","C:\Users\Asad Ali\Documents\GitHub\HTTPS-IAS-Production\AIS\wwwroot\js\csp\Views_PostCompliance_cau_post_compliance_to_branches_review.js","51","$('#viewParaTextModelField').html(data.memO_TXT);"
"html_write","C:\Users\Asad Ali\Documents\GitHub\HTTPS-IAS-Production\AIS\wwwroot\js\csp\Views_PostCompliance_cau_post_compliance_to_branches_review.js","52","$('#branchReplyAgainstCAUIns').html(data.brancH_REPLY);"
"html_write","C:\Users\Asad Ali\Documents\GitHub\HTTPS-IAS-Production\AIS\wwwroot\js\csp\Views_PostCompliance_change_para_status.js","101","$('#paraTextModelPanel').html(data);"
"html_write","C:\Users\Asad Ali\Documents\GitHub\HTTPS-IAS-Production\AIS\wwwroot\js\csp\Views_PostCompliance_change_status_new_Para.js","34","$('#paraTextModelPanel').html(data);"
"html_write","C:\Users\Asad Ali\Documents\GitHub\HTTPS-IAS-Production\AIS\wwwroot\js\csp\Views_PostCompliance_change_status_new_Para_authorize.js","81","$('#paraTextModelPanel').html(data);"
"html_write","C:\Users\Asad Ali\Documents\GitHub\HTTPS-IAS-Production\AIS\wwwroot\js\csp\Views_PostCompliance_change_status_new_Para_reviewer.js","82","$('#paraTextModelPanel').html(data);"
"html_write","C:\Users\Asad Ali\Documents\GitHub\HTTPS-IAS-Production\AIS\wwwroot\js\csp\Views_PostCompliance_monitoring_of_para_settlement.js","44","$('#paraTextDivField').html(data);"
"html_write","C:\Users\Asad Ali\Documents\GitHub\HTTPS-IAS-Production\AIS\wwwroot\js\csp\Views_PostCompliance_monitoring_of_para_settlement.js","95","$('#complianceCycleTextPanel').html(data.parA_TEXT);"
"html_write","C:\Users\Asad Ali\Documents\GitHub\HTTPS-IAS-Production\AIS\wwwroot\js\csp\Views_PostCompliance_post_compliance.js","263","if ($('.richText-editor').html() == """") {"
"html_write","C:\Users\Asad Ali\Documents\GitHub\HTTPS-IAS-Production\AIS\wwwroot\js\csp\Views_PostCompliance_post_compliance.js","267","complianceRemarks = $('.richText-editor').html();"
"html_write","C:\Users\Asad Ali\Documents\GitHub\HTTPS-IAS-Production\AIS\wwwroot\js\csp\Views_PostCompliance_post_compliance.js","328","$('#viewMemo_memo_sc').html(data.parA_TEXT);"
"html_write","C:\Users\Asad Ali\Documents\GitHub\HTTPS-IAS-Production\AIS\wwwroot\js\csp\Views_PostCompliance_post_compliance.js","345","$('#viewMemo_memo').html(data.parA_TEXT);"
"html_write","C:\Users\Asad Ali\Documents\GitHub\HTTPS-IAS-Production\AIS\wwwroot\js\csp\Views_PostCompliance_post_compliance.js","366","$('#complianceCycleTextPanel').html(data.parA_TEXT);"
"html_write","C:\Users\Asad Ali\Documents\GitHub\HTTPS-IAS-Production\AIS\wwwroot\js\csp\Views_PostCompliance_post_compliance_ho_monitoring.js","211","$('#viewMemo_memo_rep').html(data.parA_TEXT);"
"html_write","C:\Users\Asad Ali\Documents\GitHub\HTTPS-IAS-Production\AIS\wwwroot\js\csp\Views_PostCompliance_post_compliance_ho_monitoring.js","216","$('#prevRoleButtonHandler_rep').html(g_prevRole);"
"html_write","C:\Users\Asad Ali\Documents\GitHub\HTTPS-IAS-Production\AIS\wwwroot\js\csp\Views_PostCompliance_post_compliance_ho_monitoring.js","221","$('#nextRoleButtonHandler_rep').html(g_nextRole);"
"html_write","C:\Users\Asad Ali\Documents\GitHub\HTTPS-IAS-Production\AIS\wwwroot\js\csp\Views_PostCompliance_post_compliance_ho_monitoring.js","241","$('#complianceCycleTextPanel_rep').html(data.parA_TEXT);"
"html_write","C:\Users\Asad Ali\Documents\GitHub\HTTPS-IAS-Production\AIS\wwwroot\js\csp\Views_PostCompliance_post_compliance_review.js","315","$('#viewMemo_memo').html(data.parA_TEXT);"
"html_write","C:\Users\Asad Ali\Documents\GitHub\HTTPS-IAS-Production\AIS\wwwroot\js\csp\Views_PostCompliance_post_compliance_review.js","320","$('#prevRoleButtonHandler').html(g_prevRole);"
"html_write","C:\Users\Asad Ali\Documents\GitHub\HTTPS-IAS-Production\AIS\wwwroot\js\csp\Views_PostCompliance_post_compliance_review.js","325","$('#nextRoleButtonHandler').html(g_nextRole);"
"html_write","C:\Users\Asad Ali\Documents\GitHub\HTTPS-IAS-Production\AIS\wwwroot\js\csp\Views_PostCompliance_post_compliance_review.js","348","$('#complianceCycleTextPanel').html(data.parA_TEXT);"
"html_write","C:\Users\Asad Ali\Documents\GitHub\HTTPS-IAS-Production\AIS\wwwroot\js\csp\Views_PostCompliance_post_compliance_review.js","381","$('#viewMemo_memo_rep').html(data.parA_TEXT);"
"html_write","C:\Users\Asad Ali\Documents\GitHub\HTTPS-IAS-Production\AIS\wwwroot\js\csp\Views_PostCompliance_post_compliance_review.js","386","$('#prevRoleButtonHandler_rep').html(g_prevRole);"
"html_write","C:\Users\Asad Ali\Documents\GitHub\HTTPS-IAS-Production\AIS\wwwroot\js\csp\Views_PostCompliance_post_compliance_review.js","391","$('#nextRoleButtonHandler_rep').html(g_nextRole);"
"html_write","C:\Users\Asad Ali\Documents\GitHub\HTTPS-IAS-Production\AIS\wwwroot\js\csp\Views_PostCompliance_post_compliance_review.js","426","$('#complianceCycleTextPanel_rep').html(data.parA_TEXT);"
"html_write","C:\Users\Asad Ali\Documents\GitHub\HTTPS-IAS-Production\AIS\wwwroot\js\csp\Views_Reports_aging_observations.js","155","$('#descModal_field').html($('#entitySelectionBox option:selected').text());"
"html_write","C:\Users\Asad Ali\Documents\GitHub\HTTPS-IAS-Production\AIS\wwwroot\js\csp\Views_Reports_aging_observations.js","165","$('#exeFrom_field').html($('#executionPeriodFromField').val());"
"html_write","C:\Users\Asad Ali\Documents\GitHub\HTTPS-IAS-Production\AIS\wwwroot\js\csp\Views_Reports_aging_observations.js","166","$('#exeTo_field').html($('#executionPeriodToField').val());"
"html_write","C:\Users\Asad Ali\Documents\GitHub\HTTPS-IAS-Production\AIS\wwwroot\js\csp\Views_Reports_aging_observations.js","167","$('#operationalFrom_field').html($('#auditPeriodFromField').val());"
"html_write","C:\Users\Asad Ali\Documents\GitHub\HTTPS-IAS-Production\AIS\wwwroot\js\csp\Views_Reports_aging_observations.js","168","$('#operationalTo_field').html($('#auditPeriodToField').val());"
"html_write","C:\Users\Asad Ali\Documents\GitHub\HTTPS-IAS-Production\AIS\wwwroot\js\csp\Views_Reports_aging_observations.js","171","$('#travelingReq_field').html('Yes');"
"html_write","C:\Users\Asad Ali\Documents\GitHub\HTTPS-IAS-Production\AIS\wwwroot\js\csp\Views_Reports_aging_observations.js","173","$('#travelingReq_field').html('No');"
"html_write","C:\Users\Asad Ali\Documents\GitHub\HTTPS-IAS-Production\AIS\wwwroot\js\csp\Views_Reports_aging_observations.js","174","$('#remarksAddtn_field').html($('#remarksAdditionalInfoField').val());"
"html_write","C:\Users\Asad Ali\Documents\GitHub\HTTPS-IAS-Production\AIS\wwwroot\js\csp\Views_Reports_aging_observations.js","186","$('#teamMembers_field').html(teamMembersFields);"
"html_write","C:\Users\Asad Ali\Documents\GitHub\HTTPS-IAS-Production\AIS\wwwroot\js\csp\Views_Reports_auditee_observations_report.js","22","$('.conOffice').html(g_conoffice);"
"html_write","C:\Users\Asad Ali\Documents\GitHub\HTTPS-IAS-Production\AIS\wwwroot\js\csp\Views_Reports_auditee_observations_report.js","23","$('.entNameField').html(g_entName);"
"html_write","C:\Users\Asad Ali\Documents\GitHub\HTTPS-IAS-Production\AIS\wwwroot\js\csp\Views_Reports_auditee_observations_report.js","24","$('.startField').html(g_startDate);"
"html_write","C:\Users\Asad Ali\Documents\GitHub\HTTPS-IAS-Production\AIS\wwwroot\js\csp\Views_Reports_auditee_observations_report.js","25","$('.endField').html(g_endDate);"
"html_write","C:\Users\Asad Ali\Documents\GitHub\HTTPS-IAS-Production\AIS\wwwroot\js\csp\Views_Reports_auditee_observations_report.js","26","$('.ostartField').html(g_ostartDate);"
"html_write","C:\Users\Asad Ali\Documents\GitHub\HTTPS-IAS-Production\AIS\wwwroot\js\csp\Views_Reports_auditee_observations_report.js","27","$('.oendField').html(g_oendDate);"
"html_write","C:\Users\Asad Ali\Documents\GitHub\HTTPS-IAS-Production\AIS\wwwroot\js\csp\Views_Reports_auditee_observations_report.js","77","$('.conOffice').html(data.length > 0 ? data[0].name : '');"
"html_write","C:\Users\Asad Ali\Documents\GitHub\HTTPS-IAS-Production\AIS\wwwroot\js\csp\Views_Reports_Audit_Period_Or_Entity_Wise_Report.js","56","$('#viewMemo_memo').html(data[0]);"
"html_write","C:\Users\Asad Ali\Documents\GitHub\HTTPS-IAS-Production\AIS\wwwroot\js\csp\Views_Reports_Audit_Period_Or_Entity_Wise_Report.js","78","$('#viewMemo_responded').html('');"
"html_write","C:\Users\Asad Ali\Documents\GitHub\HTTPS-IAS-Production\AIS\wwwroot\js\csp\Views_Reports_Audit_Period_Or_Entity_Wise_Report.js","87","$('#viewMemo_responded').html(data[1]);"
"html_write","C:\Users\Asad Ali\Documents\GitHub\HTTPS-IAS-Production\AIS\wwwroot\js\csp\Views_Reports_Audit_Period_Or_Entity_Wise_Report.js","97","$('#viewMemo_responded').html(data[1]);"
"html_write","C:\Users\Asad Ali\Documents\GitHub\HTTPS-IAS-Production\AIS\wwwroot\js\csp\Views_Reports_audit_typewise_report.js","153","$('#descModal_field').html($('#entitySelectionBox option:selected').text());"
"html_write","C:\Users\Asad Ali\Documents\GitHub\HTTPS-IAS-Production\AIS\wwwroot\js\csp\Views_Reports_audit_typewise_report.js","163","$('#exeFrom_field').html($('#executionPeriodFromField').val());"
"html_write","C:\Users\Asad Ali\Documents\GitHub\HTTPS-IAS-Production\AIS\wwwroot\js\csp\Views_Reports_audit_typewise_report.js","164","$('#exeTo_field').html($('#executionPeriodToField').val());"
"html_write","C:\Users\Asad Ali\Documents\GitHub\HTTPS-IAS-Production\AIS\wwwroot\js\csp\Views_Reports_audit_typewise_report.js","165","$('#operationalFrom_field').html($('#auditPeriodFromField').val());"
"html_write","C:\Users\Asad Ali\Documents\GitHub\HTTPS-IAS-Production\AIS\wwwroot\js\csp\Views_Reports_audit_typewise_report.js","166","$('#operationalTo_field').html($('#auditPeriodToField').val());"
"html_write","C:\Users\Asad Ali\Documents\GitHub\HTTPS-IAS-Production\AIS\wwwroot\js\csp\Views_Reports_audit_typewise_report.js","169","$('#travelingReq_field').html('Yes');"
"html_write","C:\Users\Asad Ali\Documents\GitHub\HTTPS-IAS-Production\AIS\wwwroot\js\csp\Views_Reports_audit_typewise_report.js","171","$('#travelingReq_field').html('No');"
"html_write","C:\Users\Asad Ali\Documents\GitHub\HTTPS-IAS-Production\AIS\wwwroot\js\csp\Views_Reports_audit_typewise_report.js","172","$('#remarksAddtn_field').html($('#remarksAdditionalInfoField').val());"
"html_write","C:\Users\Asad Ali\Documents\GitHub\HTTPS-IAS-Production\AIS\wwwroot\js\csp\Views_Reports_audit_typewise_report.js","184","$('#teamMembers_field').html(teamMembersFields);"
"html_write","C:\Users\Asad Ali\Documents\GitHub\HTTPS-IAS-Production\AIS\wwwroot\js\csp\Views_Reports_br_au_pos.js","153","$('#descModal_field').html($('#entitySelectionBox option:selected').text());"
"html_write","C:\Users\Asad Ali\Documents\GitHub\HTTPS-IAS-Production\AIS\wwwroot\js\csp\Views_Reports_br_au_pos.js","163","$('#exeFrom_field').html($('#executionPeriodFromField').val());"
"html_write","C:\Users\Asad Ali\Documents\GitHub\HTTPS-IAS-Production\AIS\wwwroot\js\csp\Views_Reports_br_au_pos.js","164","$('#exeTo_field').html($('#executionPeriodToField').val());"
"html_write","C:\Users\Asad Ali\Documents\GitHub\HTTPS-IAS-Production\AIS\wwwroot\js\csp\Views_Reports_br_au_pos.js","165","$('#operationalFrom_field').html($('#auditPeriodFromField').val());"
"html_write","C:\Users\Asad Ali\Documents\GitHub\HTTPS-IAS-Production\AIS\wwwroot\js\csp\Views_Reports_br_au_pos.js","166","$('#operationalTo_field').html($('#auditPeriodToField').val());"
"html_write","C:\Users\Asad Ali\Documents\GitHub\HTTPS-IAS-Production\AIS\wwwroot\js\csp\Views_Reports_br_au_pos.js","169","$('#travelingReq_field').html('Yes');"
"html_write","C:\Users\Asad Ali\Documents\GitHub\HTTPS-IAS-Production\AIS\wwwroot\js\csp\Views_Reports_br_au_pos.js","171","$('#travelingReq_field').html('No');"
"html_write","C:\Users\Asad Ali\Documents\GitHub\HTTPS-IAS-Production\AIS\wwwroot\js\csp\Views_Reports_br_au_pos.js","172","$('#remarksAddtn_field').html($('#remarksAdditionalInfoField').val());"
"html_write","C:\Users\Asad Ali\Documents\GitHub\HTTPS-IAS-Production\AIS\wwwroot\js\csp\Views_Reports_br_au_pos.js","184","$('#teamMembers_field').html(teamMembersFields);"
"html_write","C:\Users\Asad Ali\Documents\GitHub\HTTPS-IAS-Production\AIS\wwwroot\js\csp\Views_Reports_cad_isad_achievement.js","153","$('#descModal_field').html($('#entitySelectionBox option:selected').text());"
"html_write","C:\Users\Asad Ali\Documents\GitHub\HTTPS-IAS-Production\AIS\wwwroot\js\csp\Views_Reports_cad_isad_achievement.js","163","$('#exeFrom_field').html($('#executionPeriodFromField').val());"
"html_write","C:\Users\Asad Ali\Documents\GitHub\HTTPS-IAS-Production\AIS\wwwroot\js\csp\Views_Reports_cad_isad_achievement.js","164","$('#exeTo_field').html($('#executionPeriodToField').val());"
"html_write","C:\Users\Asad Ali\Documents\GitHub\HTTPS-IAS-Production\AIS\wwwroot\js\csp\Views_Reports_cad_isad_achievement.js","165","$('#operationalFrom_field').html($('#auditPeriodFromField').val());"
"html_write","C:\Users\Asad Ali\Documents\GitHub\HTTPS-IAS-Production\AIS\wwwroot\js\csp\Views_Reports_cad_isad_achievement.js","166","$('#operationalTo_field').html($('#auditPeriodToField').val());"
"html_write","C:\Users\Asad Ali\Documents\GitHub\HTTPS-IAS-Production\AIS\wwwroot\js\csp\Views_Reports_cad_isad_achievement.js","169","$('#travelingReq_field').html('Yes');"
"html_write","C:\Users\Asad Ali\Documents\GitHub\HTTPS-IAS-Production\AIS\wwwroot\js\csp\Views_Reports_cad_isad_achievement.js","171","$('#travelingReq_field').html('No');"
"html_write","C:\Users\Asad Ali\Documents\GitHub\HTTPS-IAS-Production\AIS\wwwroot\js\csp\Views_Reports_cad_isad_achievement.js","172","$('#remarksAddtn_field').html($('#remarksAdditionalInfoField').val());"
"html_write","C:\Users\Asad Ali\Documents\GitHub\HTTPS-IAS-Production\AIS\wwwroot\js\csp\Views_Reports_cad_isad_achievement.js","184","$('#teamMembers_field').html(teamMembersFields);"
"html_write","C:\Users\Asad Ali\Documents\GitHub\HTTPS-IAS-Production\AIS\wwwroot\js\csp\Views_Reports_compliance_progress_report.js","11","$('#theadTitle').html(""Recommended for Settlement"");"
"html_write","C:\Users\Asad Ali\Documents\GitHub\HTTPS-IAS-Production\AIS\wwwroot\js\csp\Views_Reports_compliance_progress_report.js","13","$('#theadTitle').html(""Settled"");"
"html_write","C:\Users\Asad Ali\Documents\GitHub\HTTPS-IAS-Production\AIS\wwwroot\js\csp\Views_Reports_Concluding_Closing_Audit.js","44","$('#conoffice').html(v.p_NAME);"
"html_write","C:\Users\Asad Ali\Documents\GitHub\HTTPS-IAS-Production\AIS\wwwroot\js\csp\Views_Reports_Concluding_Closing_Audit.js","45","$('#EntN').html(v.name);"
"html_write","C:\Users\Asad Ali\Documents\GitHub\HTTPS-IAS-Production\AIS\wwwroot\js\csp\Views_Reports_Concluding_Closing_Audit.js","46","$('#ADD').html(v.address);"
"html_write","C:\Users\Asad Ali\Documents\GitHub\HTTPS-IAS-Production\AIS\wwwroot\js\csp\Views_Reports_Concluding_Closing_Audit.js","47","$('#a_s_d').html(v.audiT_STARTDATE.split('T')[0]);"
"html_write","C:\Users\Asad Ali\Documents\GitHub\HTTPS-IAS-Production\AIS\wwwroot\js\csp\Views_Reports_Concluding_Closing_Audit.js","48","$('#a_e_d').html(v.audiT_ENDDATE.split('T')[0]);"
"html_write","C:\Users\Asad Ali\Documents\GitHub\HTTPS-IAS-Production\AIS\wwwroot\js\csp\Views_Reports_Concluding_Closing_Audit.js","49","$('#o_s_d').html(v.operatioN_STARTDATE.split('T')[0]);"
"html_write","C:\Users\Asad Ali\Documents\GitHub\HTTPS-IAS-Production\AIS\wwwroot\js\csp\Views_Reports_Concluding_Closing_Audit.js","50","$('#o_e_d').html(v.operatioN_ENDDATE.split('T')[0]);"
"html_write","C:\Users\Asad Ali\Documents\GitHub\HTTPS-IAS-Production\AIS\wwwroot\js\csp\Views_Reports_Concluding_Closing_Audit.js","92","$('#conoffice').html();"
"html_write","C:\Users\Asad Ali\Documents\GitHub\HTTPS-IAS-Production\AIS\wwwroot\js\csp\Views_Reports_Concluding_Closing_Audit.js","93","$('#EntN').html();"
"html_write","C:\Users\Asad Ali\Documents\GitHub\HTTPS-IAS-Production\AIS\wwwroot\js\csp\Views_Reports_Concluding_Closing_Audit.js","94","$('#ADD').html();"
"html_write","C:\Users\Asad Ali\Documents\GitHub\HTTPS-IAS-Production\AIS\wwwroot\js\csp\Views_Reports_Concluding_Closing_Audit.js","95","$('#a_s_d').html();"
"html_write","C:\Users\Asad Ali\Documents\GitHub\HTTPS-IAS-Production\AIS\wwwroot\js\csp\Views_Reports_Concluding_Closing_Audit.js","96","$('#a_e_d').html();"
"html_write","C:\Users\Asad Ali\Documents\GitHub\HTTPS-IAS-Production\AIS\wwwroot\js\csp\Views_Reports_Concluding_Closing_Audit.js","97","$('#o_s_d').html();"
"html_write","C:\Users\Asad Ali\Documents\GitHub\HTTPS-IAS-Production\AIS\wwwroot\js\csp\Views_Reports_Concluding_Closing_Audit.js","98","$('#o_e_d').html();"
"html_write","C:\Users\Asad Ali\Documents\GitHub\HTTPS-IAS-Production\AIS\wwwroot\js\csp\Views_Reports_Concluding_Closing_Audit.js","101","window.location.href = g_asiBaseURL + '/Execution/auditee_observations_report?engid=' + g_engId + '&conOffice=' + $('#conoffice').html() + '&entName=' + $('#EntN').html() + '&startDate=' + $('#a_s_d').html() + '&endDate=' + $('#a_e_d').html() + '&ostart=' + $('#o_s_d').html() + '&oend=' + $('#o_e_d').html();"
"html_write","C:\Users\Asad Ali\Documents\GitHub\HTTPS-IAS-Production\AIS\wwwroot\js\csp\Views_Reports_Concluding_Closing_Audit.js","103","// window.location.href = '/Execution/auditee_observations_report_cau?engid=' + g_engId + '&conOffice=' + $('#conoffice').html() + '&entName=' + $('#EntN').html() + '&startDate=' + $('#a_s_d').html() + '&endDate=' + $('#a_e_d').html() + '&ostart=' + $('#o_s_d').html() + '&oend=' + $('#o_e_d').html();"
"html_write","C:\Users\Asad Ali\Documents\GitHub\HTTPS-IAS-Production\AIS\wwwroot\js\csp\Views_Reports_dept_wise_outstanding_paras.js","87","$('#FOOTER_' + key).html('0');"
"html_write","C:\Users\Asad Ali\Documents\GitHub\HTTPS-IAS-Production\AIS\wwwroot\js\csp\Views_Reports_dept_wise_outstanding_paras.js","89","$('#FOOTER_GRAND_TOTAL').html('0');"
"html_write","C:\Users\Asad Ali\Documents\GitHub\HTTPS-IAS-Production\AIS\wwwroot\js\csp\Views_Reports_dept_wise_outstanding_paras.js","159","$('#TOTAL_' + entityId).html(totalParasCount);"
"html_write","C:\Users\Asad Ali\Documents\GitHub\HTTPS-IAS-Production\AIS\wwwroot\js\csp\Views_Reports_dept_wise_outstanding_paras.js","177","$(cellSelector).html(updatedValue);"
"html_write","C:\Users\Asad Ali\Documents\GitHub\HTTPS-IAS-Production\AIS\wwwroot\js\csp\Views_Reports_dept_wise_outstanding_paras.js","189","$('#TOTAL_' + entityId).html(totalParasCount);"
"html_write","C:\Users\Asad Ali\Documents\GitHub\HTTPS-IAS-Production\AIS\wwwroot\js\csp\Views_Reports_dept_wise_outstanding_paras.js","194","$('#FOOTER_' + key).html(globalTotals[key]);"
"html_write","C:\Users\Asad Ali\Documents\GitHub\HTTPS-IAS-Production\AIS\wwwroot\js\csp\Views_Reports_dept_wise_outstanding_paras.js","197","$('#FOOTER_GRAND_TOTAL').html(globalTotals['GRAND_TOTAL']);"
"html_write","C:\Users\Asad Ali\Documents\GitHub\HTTPS-IAS-Production\AIS\wwwroot\js\csp\Views_Reports_div_out_paras.js","153","$('#descModal_field').html($('#entitySelectionBox option:selected').text());"
"html_write","C:\Users\Asad Ali\Documents\GitHub\HTTPS-IAS-Production\AIS\wwwroot\js\csp\Views_Reports_div_out_paras.js","163","$('#exeFrom_field').html($('#executionPeriodFromField').val());"
"html_write","C:\Users\Asad Ali\Documents\GitHub\HTTPS-IAS-Production\AIS\wwwroot\js\csp\Views_Reports_div_out_paras.js","164","$('#exeTo_field').html($('#executionPeriodToField').val());"
"html_write","C:\Users\Asad Ali\Documents\GitHub\HTTPS-IAS-Production\AIS\wwwroot\js\csp\Views_Reports_div_out_paras.js","165","$('#operationalFrom_field').html($('#auditPeriodFromField').val());"
"html_write","C:\Users\Asad Ali\Documents\GitHub\HTTPS-IAS-Production\AIS\wwwroot\js\csp\Views_Reports_div_out_paras.js","166","$('#operationalTo_field').html($('#auditPeriodToField').val());"
"html_write","C:\Users\Asad Ali\Documents\GitHub\HTTPS-IAS-Production\AIS\wwwroot\js\csp\Views_Reports_div_out_paras.js","169","$('#travelingReq_field').html('Yes');"
"html_write","C:\Users\Asad Ali\Documents\GitHub\HTTPS-IAS-Production\AIS\wwwroot\js\csp\Views_Reports_div_out_paras.js","171","$('#travelingReq_field').html('No');"
"html_write","C:\Users\Asad Ali\Documents\GitHub\HTTPS-IAS-Production\AIS\wwwroot\js\csp\Views_Reports_div_out_paras.js","172","$('#remarksAddtn_field').html($('#remarksAdditionalInfoField').val());"
"html_write","C:\Users\Asad Ali\Documents\GitHub\HTTPS-IAS-Production\AIS\wwwroot\js\csp\Views_Reports_div_out_paras.js","184","$('#teamMembers_field').html(teamMembersFields);"
"html_write","C:\Users\Asad Ali\Documents\GitHub\HTTPS-IAS-Production\AIS\wwwroot\js\csp\Views_Reports_div_seg_paras.js","153","$('#descModal_field').html($('#entitySelectionBox option:selected').text());"
"html_write","C:\Users\Asad Ali\Documents\GitHub\HTTPS-IAS-Production\AIS\wwwroot\js\csp\Views_Reports_div_seg_paras.js","163","$('#exeFrom_field').html($('#executionPeriodFromField').val());"
"html_write","C:\Users\Asad Ali\Documents\GitHub\HTTPS-IAS-Production\AIS\wwwroot\js\csp\Views_Reports_div_seg_paras.js","164","$('#exeTo_field').html($('#executionPeriodToField').val());"
"html_write","C:\Users\Asad Ali\Documents\GitHub\HTTPS-IAS-Production\AIS\wwwroot\js\csp\Views_Reports_div_seg_paras.js","165","$('#operationalFrom_field').html($('#auditPeriodFromField').val());"
"html_write","C:\Users\Asad Ali\Documents\GitHub\HTTPS-IAS-Production\AIS\wwwroot\js\csp\Views_Reports_div_seg_paras.js","166","$('#operationalTo_field').html($('#auditPeriodToField').val());"
"html_write","C:\Users\Asad Ali\Documents\GitHub\HTTPS-IAS-Production\AIS\wwwroot\js\csp\Views_Reports_div_seg_paras.js","169","$('#travelingReq_field').html('Yes');"
"html_write","C:\Users\Asad Ali\Documents\GitHub\HTTPS-IAS-Production\AIS\wwwroot\js\csp\Views_Reports_div_seg_paras.js","171","$('#travelingReq_field').html('No');"
"html_write","C:\Users\Asad Ali\Documents\GitHub\HTTPS-IAS-Production\AIS\wwwroot\js\csp\Views_Reports_div_seg_paras.js","172","$('#remarksAddtn_field').html($('#remarksAdditionalInfoField').val());"
"html_write","C:\Users\Asad Ali\Documents\GitHub\HTTPS-IAS-Production\AIS\wwwroot\js\csp\Views_Reports_div_seg_paras.js","184","$('#teamMembers_field').html(teamMembersFields);"
"html_write","C:\Users\Asad Ali\Documents\GitHub\HTTPS-IAS-Production\AIS\wwwroot\js\csp\Views_Reports_emp_info.js","153","$('#descModal_field').html($('#entitySelectionBox option:selected').text());"
"html_write","C:\Users\Asad Ali\Documents\GitHub\HTTPS-IAS-Production\AIS\wwwroot\js\csp\Views_Reports_emp_info.js","163","$('#exeFrom_field').html($('#executionPeriodFromField').val());"
"html_write","C:\Users\Asad Ali\Documents\GitHub\HTTPS-IAS-Production\AIS\wwwroot\js\csp\Views_Reports_emp_info.js","164","$('#exeTo_field').html($('#executionPeriodToField').val());"
"html_write","C:\Users\Asad Ali\Documents\GitHub\HTTPS-IAS-Production\AIS\wwwroot\js\csp\Views_Reports_emp_info.js","165","$('#operationalFrom_field').html($('#auditPeriodFromField').val());"
"html_write","C:\Users\Asad Ali\Documents\GitHub\HTTPS-IAS-Production\AIS\wwwroot\js\csp\Views_Reports_emp_info.js","166","$('#operationalTo_field').html($('#auditPeriodToField').val());"
"html_write","C:\Users\Asad Ali\Documents\GitHub\HTTPS-IAS-Production\AIS\wwwroot\js\csp\Views_Reports_emp_info.js","169","$('#travelingReq_field').html('Yes');"
"html_write","C:\Users\Asad Ali\Documents\GitHub\HTTPS-IAS-Production\AIS\wwwroot\js\csp\Views_Reports_emp_info.js","171","$('#travelingReq_field').html('No');"
"html_write","C:\Users\Asad Ali\Documents\GitHub\HTTPS-IAS-Production\AIS\wwwroot\js\csp\Views_Reports_emp_info.js","172","$('#remarksAddtn_field').html($('#remarksAdditionalInfoField').val());"
"html_write","C:\Users\Asad Ali\Documents\GitHub\HTTPS-IAS-Production\AIS\wwwroot\js\csp\Views_Reports_emp_info.js","184","$('#teamMembers_field').html(teamMembersFields);"
"html_write","C:\Users\Asad Ali\Documents\GitHub\HTTPS-IAS-Production\AIS\wwwroot\js\csp\Views_Reports_exec_stats.js","153","$('#descModal_field').html($('#entitySelectionBox option:selected').text());"
"html_write","C:\Users\Asad Ali\Documents\GitHub\HTTPS-IAS-Production\AIS\wwwroot\js\csp\Views_Reports_exec_stats.js","163","$('#exeFrom_field').html($('#executionPeriodFromField').val());"
"html_write","C:\Users\Asad Ali\Documents\GitHub\HTTPS-IAS-Production\AIS\wwwroot\js\csp\Views_Reports_exec_stats.js","164","$('#exeTo_field').html($('#executionPeriodToField').val());"
"html_write","C:\Users\Asad Ali\Documents\GitHub\HTTPS-IAS-Production\AIS\wwwroot\js\csp\Views_Reports_exec_stats.js","165","$('#operationalFrom_field').html($('#auditPeriodFromField').val());"
"html_write","C:\Users\Asad Ali\Documents\GitHub\HTTPS-IAS-Production\AIS\wwwroot\js\csp\Views_Reports_exec_stats.js","166","$('#operationalTo_field').html($('#auditPeriodToField').val());"
"html_write","C:\Users\Asad Ali\Documents\GitHub\HTTPS-IAS-Production\AIS\wwwroot\js\csp\Views_Reports_exec_stats.js","169","$('#travelingReq_field').html('Yes');"
"html_write","C:\Users\Asad Ali\Documents\GitHub\HTTPS-IAS-Production\AIS\wwwroot\js\csp\Views_Reports_exec_stats.js","171","$('#travelingReq_field').html('No');"
"html_write","C:\Users\Asad Ali\Documents\GitHub\HTTPS-IAS-Production\AIS\wwwroot\js\csp\Views_Reports_exec_stats.js","172","$('#remarksAddtn_field').html($('#remarksAdditionalInfoField').val());"
"html_write","C:\Users\Asad Ali\Documents\GitHub\HTTPS-IAS-Production\AIS\wwwroot\js\csp\Views_Reports_exec_stats.js","184","$('#teamMembers_field').html(teamMembersFields);"
"html_write","C:\Users\Asad Ali\Documents\GitHub\HTTPS-IAS-Production\AIS\wwwroot\js\csp\Views_Reports_fad_para_res.js","83","$('#viewMemo_memo').html(v.obS_TEXT);"
"html_write","C:\Users\Asad Ali\Documents\GitHub\HTTPS-IAS-Production\AIS\wwwroot\js\csp\Views_Reports_management_au_report_zonewise.js","153","$('#descModal_field').html($('#entitySelectionBox option:selected').text());"
"html_write","C:\Users\Asad Ali\Documents\GitHub\HTTPS-IAS-Production\AIS\wwwroot\js\csp\Views_Reports_management_au_report_zonewise.js","163","$('#exeFrom_field').html($('#executionPeriodFromField').val());"
"html_write","C:\Users\Asad Ali\Documents\GitHub\HTTPS-IAS-Production\AIS\wwwroot\js\csp\Views_Reports_management_au_report_zonewise.js","164","$('#exeTo_field').html($('#executionPeriodToField').val());"
"html_write","C:\Users\Asad Ali\Documents\GitHub\HTTPS-IAS-Production\AIS\wwwroot\js\csp\Views_Reports_management_au_report_zonewise.js","165","$('#operationalFrom_field').html($('#auditPeriodFromField').val());"
"html_write","C:\Users\Asad Ali\Documents\GitHub\HTTPS-IAS-Production\AIS\wwwroot\js\csp\Views_Reports_management_au_report_zonewise.js","166","$('#operationalTo_field').html($('#auditPeriodToField').val());"
"html_write","C:\Users\Asad Ali\Documents\GitHub\HTTPS-IAS-Production\AIS\wwwroot\js\csp\Views_Reports_management_au_report_zonewise.js","169","$('#travelingReq_field').html('Yes');"
"html_write","C:\Users\Asad Ali\Documents\GitHub\HTTPS-IAS-Production\AIS\wwwroot\js\csp\Views_Reports_management_au_report_zonewise.js","171","$('#travelingReq_field').html('No');"
"html_write","C:\Users\Asad Ali\Documents\GitHub\HTTPS-IAS-Production\AIS\wwwroot\js\csp\Views_Reports_management_au_report_zonewise.js","172","$('#remarksAddtn_field').html($('#remarksAdditionalInfoField').val());"
"html_write","C:\Users\Asad Ali\Documents\GitHub\HTTPS-IAS-Production\AIS\wwwroot\js\csp\Views_Reports_management_au_report_zonewise.js","184","$('#teamMembers_field').html(teamMembersFields);"
"html_write","C:\Users\Asad Ali\Documents\GitHub\HTTPS-IAS-Production\AIS\wwwroot\js\csp\Views_Reports_monthwise_settlement_paras.js","153","$('#descModal_field').html($('#entitySelectionBox option:selected').text());"
"html_write","C:\Users\Asad Ali\Documents\GitHub\HTTPS-IAS-Production\AIS\wwwroot\js\csp\Views_Reports_monthwise_settlement_paras.js","163","$('#exeFrom_field').html($('#executionPeriodFromField').val());"
"html_write","C:\Users\Asad Ali\Documents\GitHub\HTTPS-IAS-Production\AIS\wwwroot\js\csp\Views_Reports_monthwise_settlement_paras.js","164","$('#exeTo_field').html($('#executionPeriodToField').val());"
"html_write","C:\Users\Asad Ali\Documents\GitHub\HTTPS-IAS-Production\AIS\wwwroot\js\csp\Views_Reports_monthwise_settlement_paras.js","165","$('#operationalFrom_field').html($('#auditPeriodFromField').val());"
"html_write","C:\Users\Asad Ali\Documents\GitHub\HTTPS-IAS-Production\AIS\wwwroot\js\csp\Views_Reports_monthwise_settlement_paras.js","166","$('#operationalTo_field').html($('#auditPeriodToField').val());"
"html_write","C:\Users\Asad Ali\Documents\GitHub\HTTPS-IAS-Production\AIS\wwwroot\js\csp\Views_Reports_monthwise_settlement_paras.js","169","$('#travelingReq_field').html('Yes');"
"html_write","C:\Users\Asad Ali\Documents\GitHub\HTTPS-IAS-Production\AIS\wwwroot\js\csp\Views_Reports_monthwise_settlement_paras.js","171","$('#travelingReq_field').html('No');"
"html_write","C:\Users\Asad Ali\Documents\GitHub\HTTPS-IAS-Production\AIS\wwwroot\js\csp\Views_Reports_monthwise_settlement_paras.js","172","$('#remarksAddtn_field').html($('#remarksAdditionalInfoField').val());"
"html_write","C:\Users\Asad Ali\Documents\GitHub\HTTPS-IAS-Production\AIS\wwwroot\js\csp\Views_Reports_monthwise_settlement_paras.js","184","$('#teamMembers_field').html(teamMembersFields);"
"html_write","C:\Users\Asad Ali\Documents\GitHub\HTTPS-IAS-Production\AIS\wwwroot\js\csp\Views_Reports_riskwise_observations.js","153","$('#descModal_field').html($('#entitySelectionBox option:selected').text());"
"html_write","C:\Users\Asad Ali\Documents\GitHub\HTTPS-IAS-Production\AIS\wwwroot\js\csp\Views_Reports_riskwise_observations.js","163","$('#exeFrom_field').html($('#executionPeriodFromField').val());"
"html_write","C:\Users\Asad Ali\Documents\GitHub\HTTPS-IAS-Production\AIS\wwwroot\js\csp\Views_Reports_riskwise_observations.js","164","$('#exeTo_field').html($('#executionPeriodToField').val());"
"html_write","C:\Users\Asad Ali\Documents\GitHub\HTTPS-IAS-Production\AIS\wwwroot\js\csp\Views_Reports_riskwise_observations.js","165","$('#operationalFrom_field').html($('#auditPeriodFromField').val());"
"html_write","C:\Users\Asad Ali\Documents\GitHub\HTTPS-IAS-Production\AIS\wwwroot\js\csp\Views_Reports_riskwise_observations.js","166","$('#operationalTo_field').html($('#auditPeriodToField').val());"
"html_write","C:\Users\Asad Ali\Documents\GitHub\HTTPS-IAS-Production\AIS\wwwroot\js\csp\Views_Reports_riskwise_observations.js","169","$('#travelingReq_field').html('Yes');"
"html_write","C:\Users\Asad Ali\Documents\GitHub\HTTPS-IAS-Production\AIS\wwwroot\js\csp\Views_Reports_riskwise_observations.js","171","$('#travelingReq_field').html('No');"
"html_write","C:\Users\Asad Ali\Documents\GitHub\HTTPS-IAS-Production\AIS\wwwroot\js\csp\Views_Reports_riskwise_observations.js","172","$('#remarksAddtn_field').html($('#remarksAdditionalInfoField').val());"
"html_write","C:\Users\Asad Ali\Documents\GitHub\HTTPS-IAS-Production\AIS\wwwroot\js\csp\Views_Reports_riskwise_observations.js","184","$('#teamMembers_field').html(teamMembersFields);"
"html_write","C:\Users\Asad Ali\Documents\GitHub\HTTPS-IAS-Production\AIS\wwwroot\js\csp\Views_Reports_role_wise_user.js","153","$('#descModal_field').html($('#entitySelectionBox option:selected').text());"
"html_write","C:\Users\Asad Ali\Documents\GitHub\HTTPS-IAS-Production\AIS\wwwroot\js\csp\Views_Reports_role_wise_user.js","163","$('#exeFrom_field').html($('#executionPeriodFromField').val());"
"html_write","C:\Users\Asad Ali\Documents\GitHub\HTTPS-IAS-Production\AIS\wwwroot\js\csp\Views_Reports_role_wise_user.js","164","$('#exeTo_field').html($('#executionPeriodToField').val());"
"html_write","C:\Users\Asad Ali\Documents\GitHub\HTTPS-IAS-Production\AIS\wwwroot\js\csp\Views_Reports_role_wise_user.js","165","$('#operationalFrom_field').html($('#auditPeriodFromField').val());"
"html_write","C:\Users\Asad Ali\Documents\GitHub\HTTPS-IAS-Production\AIS\wwwroot\js\csp\Views_Reports_role_wise_user.js","166","$('#operationalTo_field').html($('#auditPeriodToField').val());"
"html_write","C:\Users\Asad Ali\Documents\GitHub\HTTPS-IAS-Production\AIS\wwwroot\js\csp\Views_Reports_role_wise_user.js","169","$('#travelingReq_field').html('Yes');"
"html_write","C:\Users\Asad Ali\Documents\GitHub\HTTPS-IAS-Production\AIS\wwwroot\js\csp\Views_Reports_role_wise_user.js","171","$('#travelingReq_field').html('No');"
"html_write","C:\Users\Asad Ali\Documents\GitHub\HTTPS-IAS-Production\AIS\wwwroot\js\csp\Views_Reports_role_wise_user.js","172","$('#remarksAddtn_field').html($('#remarksAdditionalInfoField').val());"
"html_write","C:\Users\Asad Ali\Documents\GitHub\HTTPS-IAS-Production\AIS\wwwroot\js\csp\Views_Reports_role_wise_user.js","184","$('#teamMembers_field').html(teamMembersFields);"
"html_write","C:\Users\Asad Ali\Documents\GitHub\HTTPS-IAS-Production\AIS\wwwroot\js\csp\Views_Reports_settlement_old_paras.js","153","$('#descModal_field').html($('#entitySelectionBox option:selected').text());"
"html_write","C:\Users\Asad Ali\Documents\GitHub\HTTPS-IAS-Production\AIS\wwwroot\js\csp\Views_Reports_settlement_old_paras.js","163","$('#exeFrom_field').html($('#executionPeriodFromField').val());"
"html_write","C:\Users\Asad Ali\Documents\GitHub\HTTPS-IAS-Production\AIS\wwwroot\js\csp\Views_Reports_settlement_old_paras.js","164","$('#exeTo_field').html($('#executionPeriodToField').val());"
"html_write","C:\Users\Asad Ali\Documents\GitHub\HTTPS-IAS-Production\AIS\wwwroot\js\csp\Views_Reports_settlement_old_paras.js","165","$('#operationalFrom_field').html($('#auditPeriodFromField').val());"
"html_write","C:\Users\Asad Ali\Documents\GitHub\HTTPS-IAS-Production\AIS\wwwroot\js\csp\Views_Reports_settlement_old_paras.js","166","$('#operationalTo_field').html($('#auditPeriodToField').val());"
"html_write","C:\Users\Asad Ali\Documents\GitHub\HTTPS-IAS-Production\AIS\wwwroot\js\csp\Views_Reports_settlement_old_paras.js","169","$('#travelingReq_field').html('Yes');"
"html_write","C:\Users\Asad Ali\Documents\GitHub\HTTPS-IAS-Production\AIS\wwwroot\js\csp\Views_Reports_settlement_old_paras.js","171","$('#travelingReq_field').html('No');"
"html_write","C:\Users\Asad Ali\Documents\GitHub\HTTPS-IAS-Production\AIS\wwwroot\js\csp\Views_Reports_settlement_old_paras.js","172","$('#remarksAddtn_field').html($('#remarksAdditionalInfoField').val());"
"html_write","C:\Users\Asad Ali\Documents\GitHub\HTTPS-IAS-Production\AIS\wwwroot\js\csp\Views_Reports_settlement_old_paras.js","184","$('#teamMembers_field').html(teamMembersFields);"
"html_write","C:\Users\Asad Ali\Documents\GitHub\HTTPS-IAS-Production\AIS\wwwroot\js\csp\Views_Reports_significant_observations_management_audit.js","157","$('#descModal_field').html($('#entitySelectionBox option:selected').text());"
"html_write","C:\Users\Asad Ali\Documents\GitHub\HTTPS-IAS-Production\AIS\wwwroot\js\csp\Views_Reports_significant_observations_management_audit.js","167","$('#exeFrom_field').html($('#executionPeriodFromField').val());"
"html_write","C:\Users\Asad Ali\Documents\GitHub\HTTPS-IAS-Production\AIS\wwwroot\js\csp\Views_Reports_significant_observations_management_audit.js","168","$('#exeTo_field').html($('#executionPeriodToField').val());"
"html_write","C:\Users\Asad Ali\Documents\GitHub\HTTPS-IAS-Production\AIS\wwwroot\js\csp\Views_Reports_significant_observations_management_audit.js","169","$('#operationalFrom_field').html($('#auditPeriodFromField').val());"
"html_write","C:\Users\Asad Ali\Documents\GitHub\HTTPS-IAS-Production\AIS\wwwroot\js\csp\Views_Reports_significant_observations_management_audit.js","170","$('#operationalTo_field').html($('#auditPeriodToField').val());"
"html_write","C:\Users\Asad Ali\Documents\GitHub\HTTPS-IAS-Production\AIS\wwwroot\js\csp\Views_Reports_significant_observations_management_audit.js","173","$('#travelingReq_field').html('Yes');"
"html_write","C:\Users\Asad Ali\Documents\GitHub\HTTPS-IAS-Production\AIS\wwwroot\js\csp\Views_Reports_significant_observations_management_audit.js","175","$('#travelingReq_field').html('No');"
"html_write","C:\Users\Asad Ali\Documents\GitHub\HTTPS-IAS-Production\AIS\wwwroot\js\csp\Views_Reports_significant_observations_management_audit.js","176","$('#remarksAddtn_field').html($('#remarksAdditionalInfoField').val());"
"html_write","C:\Users\Asad Ali\Documents\GitHub\HTTPS-IAS-Production\AIS\wwwroot\js\csp\Views_Reports_significant_observations_management_audit.js","188","$('#teamMembers_field').html(teamMembersFields);"
"html_write","C:\Users\Asad Ali\Documents\GitHub\HTTPS-IAS-Production\AIS\wwwroot\js\csp\Views_Reports_year_wise_outstanding_paras.js","129","$('#viewMemo_memo').html("""");"
"html_write","C:\Users\Asad Ali\Documents\GitHub\HTTPS-IAS-Production\AIS\wwwroot\js\csp\Views_Reports_year_wise_outstanding_paras.js","139","$('#viewMemo_memo').html(data);"
"html_write","C:\Users\Asad Ali\Documents\GitHub\HTTPS-IAS-Production\AIS\wwwroot\js\csp\Views_Reports_zonewise_settlement_paras.js","153","$('#descModal_field').html($('#entitySelectionBox option:selected').text());"
"html_write","C:\Users\Asad Ali\Documents\GitHub\HTTPS-IAS-Production\AIS\wwwroot\js\csp\Views_Reports_zonewise_settlement_paras.js","163","$('#exeFrom_field').html($('#executionPeriodFromField').val());"
"html_write","C:\Users\Asad Ali\Documents\GitHub\HTTPS-IAS-Production\AIS\wwwroot\js\csp\Views_Reports_zonewise_settlement_paras.js","164","$('#exeTo_field').html($('#executionPeriodToField').val());"
"html_write","C:\Users\Asad Ali\Documents\GitHub\HTTPS-IAS-Production\AIS\wwwroot\js\csp\Views_Reports_zonewise_settlement_paras.js","165","$('#operationalFrom_field').html($('#auditPeriodFromField').val());"
"html_write","C:\Users\Asad Ali\Documents\GitHub\HTTPS-IAS-Production\AIS\wwwroot\js\csp\Views_Reports_zonewise_settlement_paras.js","166","$('#operationalTo_field').html($('#auditPeriodToField').val());"
"html_write","C:\Users\Asad Ali\Documents\GitHub\HTTPS-IAS-Production\AIS\wwwroot\js\csp\Views_Reports_zonewise_settlement_paras.js","169","$('#travelingReq_field').html('Yes');"
"html_write","C:\Users\Asad Ali\Documents\GitHub\HTTPS-IAS-Production\AIS\wwwroot\js\csp\Views_Reports_zonewise_settlement_paras.js","171","$('#travelingReq_field').html('No');"
"html_write","C:\Users\Asad Ali\Documents\GitHub\HTTPS-IAS-Production\AIS\wwwroot\js\csp\Views_Reports_zonewise_settlement_paras.js","172","$('#remarksAddtn_field').html($('#remarksAdditionalInfoField').val());"
"html_write","C:\Users\Asad Ali\Documents\GitHub\HTTPS-IAS-Production\AIS\wwwroot\js\csp\Views_Reports_zonewise_settlement_paras.js","184","$('#teamMembers_field').html(teamMembersFields);"
"html_write","C:\Users\Asad Ali\Documents\GitHub\HTTPS-IAS-Production\AIS\wwwroot\js\csp\Views_Reports_zone_branch_wise_para_position_report.js","71","$('#viewMemo_memo').html("""");"
"html_write","C:\Users\Asad Ali\Documents\GitHub\HTTPS-IAS-Production\AIS\wwwroot\js\csp\Views_Reports_zone_branch_wise_para_position_report.js","82","$('#viewMemo_memo').html(data);"
"html_write","C:\Users\Asad Ali\Documents\GitHub\HTTPS-IAS-Production\AIS\wwwroot\js\csp\Views_Sampling_Account_exception.js","29","$(""#dynamicHeader"").html("""");"
"html_write","C:\Users\Asad Ali\Documents\GitHub\HTTPS-IAS-Production\AIS\wwwroot\js\csp\Views_Sampling_Account_exception.js","30","$(""#dynamicBody"").html(""<tr><td colspan='10'>No data found</td></tr>"");"
"html_write","C:\Users\Asad Ali\Documents\GitHub\HTTPS-IAS-Production\AIS\wwwroot\js\csp\Views_Sampling_Account_exception.js","65","$(""#dynamicHeader"").html(headerHtml);"
"html_write","C:\Users\Asad Ali\Documents\GitHub\HTTPS-IAS-Production\AIS\wwwroot\js\csp\Views_Sampling_Account_exception.js","77","$(""#dynamicBody"").html(bodyHtml);"
"html_write","C:\Users\Asad Ali\Documents\GitHub\HTTPS-IAS-Production\AIS\wwwroot\js\csp\Views_Sampling_Account_exception.js","112","$(""#dynamicBody"").html(bodyHtml);"
"html_write","C:\Users\Asad Ali\Documents\GitHub\HTTPS-IAS-Production\AIS\wwwroot\js\csp\Views_Sampling_list_reports.js","26","$(""#listOfSamples tbody"").html('<tr><td colspan=""6"" class=""text-center"">No data found.</td></tr>');"
"html_write","C:\Users\Asad Ali\Documents\GitHub\HTTPS-IAS-Production\AIS\wwwroot\js\csp\Views_Setup_annexure_assignment_para.js","64","$('#viewMemo_memo').html("""");"
"html_write","C:\Users\Asad Ali\Documents\GitHub\HTTPS-IAS-Production\AIS\wwwroot\js\csp\Views_Setup_annexure_assignment_para.js","67","$('#viewMemo_memo').html(data);"
"html_write","C:\Users\Asad Ali\Documents\GitHub\HTTPS-IAS-Production\AIS\wwwroot\js\csp\Views_Setup_annexure_assignment_para.js","79","$('#viewMemo_memo').html(data);"
"html_write","C:\Users\Asad Ali\Documents\GitHub\HTTPS-IAS-Production\AIS\wwwroot\js\csp\Views_Setup_audit_zones.js","52","$('#div_' + g_AZId).html(""<td class=\""AZ_code\""><p class=\""fw-normal mb-1\"">"" + code + ""</p></td><td class=\""AZ_name\""><p class=\""fw-normal mb-1\"">"" + name + ""</p></td ><td class=\""AZ_desc\""><p class=\""fw-normal mb-1\"">"" + desc + ""</p></td><td class=\""AZ_status\""><span class=\""badge "" + badge + "" rounded-pill d-inline\"">"" + status + ""</span></td><td class=\""AZ_action\""><button type=\""button\"" class=\""btn btn-link text-danger btn-sm btn-rounded\"" data-onclick=\""setupAuditZone('"" + code + ""','"" + name + ""','"" + desc + ""','"" + status + ""','"" + g_AZId + ""');\"">Edit</button></td>"");"
"html_write","C:\Users\Asad Ali\Documents\GitHub\HTTPS-IAS-Production\AIS\wwwroot\js\csp\Views_Setup_authorize_remove_duplicate_checklists.js","52","$('#legacyObsLinked').html(data.olD_COUNT);"
"html_write","C:\Users\Asad Ali\Documents\GitHub\HTTPS-IAS-Production\AIS\wwwroot\js\csp\Views_Setup_authorize_remove_duplicate_checklists.js","53","$('#newObsLinked').html(data.neW_COUNT);"
"html_write","C:\Users\Asad Ali\Documents\GitHub\HTTPS-IAS-Production\AIS\wwwroot\js\csp\Views_Setup_branches.js","58","$('#div_' + g_branchId).html(""<td><p class=\""fw - normal mb - 1\"">"" + code + ""</p></td><td><p class=\""fw - normal mb - 1\"">"" + name + ""</p></td><td><p class=\""fw - normal mb - 1\"">"" + zone_name + ""</p></td><td><p class=\""fw - normal mb - 1\"">"" + size + ""</p></td><td><p class=\""fw - normal mb - 1\"">"" + risk + ""</p></td><td><span class=\""badge "" + badge + "" rounded - pill d - inline\"">"" + status + ""</span></td><td><button type=\""button\"" class=\""btn btn - link text - danger btn - sm btn - rounded\"" data-onclick=\""setupBranch('"" + code + ""', '"" + name + ""', '"" + zone_name + ""', '"" + zoneId + ""', '"" + size + ""', '"" + sizeId + ""', '"" + risk + ""', '"" + status + ""', '"" + g_branchId + ""'); \"" > Edit</button></td >"");"
"html_write","C:\Users\Asad Ali\Documents\GitHub\HTTPS-IAS-Production\AIS\wwwroot\js\csp\Views_Setup_compliance_hierarchy.js","34","$('#addnew_inchargeEmpName').html();"
"html_write","C:\Users\Asad Ali\Documents\GitHub\HTTPS-IAS-Production\AIS\wwwroot\js\csp\Views_Setup_compliance_hierarchy.js","35","$('#addnew_settlementEmpName').html();"
"html_write","C:\Users\Asad Ali\Documents\GitHub\HTTPS-IAS-Production\AIS\wwwroot\js\csp\Views_Setup_compliance_hierarchy.js","45","$('#inchargeEmpName').html(authName + ' (' + authPP + ')');"
"html_write","C:\Users\Asad Ali\Documents\GitHub\HTTPS-IAS-Production\AIS\wwwroot\js\csp\Views_Setup_compliance_hierarchy.js","46","$('#settlementEmpName').html(revName + ' (' + revPP + ')');"
"html_write","C:\Users\Asad Ali\Documents\GitHub\HTTPS-IAS-Production\AIS\wwwroot\js\csp\Views_Setup_compliance_hierarchy.js","134","$('#' + labelId).html(data.name + ' (' + data.ppNumber + ')');"
"html_write","C:\Users\Asad Ali\Documents\GitHub\HTTPS-IAS-Production\AIS\wwwroot\js\csp\Views_Setup_compliance_hierarchy.js","137","$('#' + labelId).html('No record found..');"
"html_write","C:\Users\Asad Ali\Documents\GitHub\HTTPS-IAS-Production\AIS\wwwroot\js\csp\Views_Setup_divisions.js","52","$('#div_' + g_divId).html(""<td class=\""div_code\""><p class=\""fw-normal mb-1\"">"" + code + ""</p></td><td class=\""div_name\""><p class=\""fw-normal mb-1\"">"" + name + ""</p></td ><td class=\""div_desc\""><p class=\""fw-normal mb-1\"">"" + desc + ""</p></td><td class=\""div_status\""><span class=\""badge "" + badge +"" rounded-pill d-inline\"">"" + status + ""</span></td><td class=\""div_action\""><button type=\""button\"" class=\""btn btn-link text-danger btn-sm btn-rounded\"" data-onclick=\""setupDivision('"" + code + ""','"" + name + ""','"" + desc + ""','"" + status + ""','"" + g_divId + ""');\"">Edit</button></td>"");"
"html_write","C:\Users\Asad Ali\Documents\GitHub\HTTPS-IAS-Production\AIS\wwwroot\js\csp\Views_Setup_inspection_unit.js","52","$('#div_' + g_ICId).html(""<td class=\""IC_code\""><p class=\""fw-normal mb-1\"">"" + code + ""</p></td><td class=\""IC_name\""><p class=\""fw-normal mb-1\"">"" + name + ""</p></td ><td class=\""IC_desc\""><p class=\""fw-normal mb-1\"">"" + desc + ""</p></td><td class=\""IC_status\""><span class=\""badge "" + badge + "" rounded-pill d-inline\"">"" + status + ""</span></td><td class=\""IC_action\""><button type=\""button\"" class=\""btn btn-link text-danger btn-sm btn-rounded\"" data-onclick=\""setupIC('"" + code + ""','"" + name + ""','"" + desc + ""','"" + status + ""','"" + g_ICId + ""');\"">Edit</button></td>"");"
"html_write","C:\Users\Asad Ali\Documents\GitHub\HTTPS-IAS-Production\AIS\wwwroot\js\csp\Views_Setup_Manage_audit_zone_branches.js","152","$('#descModal_field').html($('#descriptionAuditPlanField').val());"
"html_write","C:\Users\Asad Ali\Documents\GitHub\HTTPS-IAS-Production\AIS\wwwroot\js\csp\Views_Setup_Manage_audit_zone_branches.js","162","$('#exeFrom_field').html($('#executionPeriodFromField').val());"
"html_write","C:\Users\Asad Ali\Documents\GitHub\HTTPS-IAS-Production\AIS\wwwroot\js\csp\Views_Setup_Manage_audit_zone_branches.js","163","$('#exeTo_field').html($('#executionPeriodToField').val());"
"html_write","C:\Users\Asad Ali\Documents\GitHub\HTTPS-IAS-Production\AIS\wwwroot\js\csp\Views_Setup_Manage_audit_zone_branches.js","164","$('#operationalFrom_field').html($('#auditPeriodFromField').val());"
"html_write","C:\Users\Asad Ali\Documents\GitHub\HTTPS-IAS-Production\AIS\wwwroot\js\csp\Views_Setup_Manage_audit_zone_branches.js","165","$('#operationalTo_field').html($('#auditPeriodToField').val());"
"html_write","C:\Users\Asad Ali\Documents\GitHub\HTTPS-IAS-Production\AIS\wwwroot\js\csp\Views_Setup_Manage_audit_zone_branches.js","168","$('#travelingReq_field').html('Yes');"
"html_write","C:\Users\Asad Ali\Documents\GitHub\HTTPS-IAS-Production\AIS\wwwroot\js\csp\Views_Setup_Manage_audit_zone_branches.js","170","$('#travelingReq_field').html('No');"
"html_write","C:\Users\Asad Ali\Documents\GitHub\HTTPS-IAS-Production\AIS\wwwroot\js\csp\Views_Setup_Manage_audit_zone_branches.js","171","$('#remarksAddtn_field').html($('#remarksAdditionalInfoField').val());"
"html_write","C:\Users\Asad Ali\Documents\GitHub\HTTPS-IAS-Production\AIS\wwwroot\js\csp\Views_Setup_Manage_audit_zone_branches.js","183","$('#teamMembers_field').html(teamMembersFields);"
"html_write","C:\Users\Asad Ali\Documents\GitHub\HTTPS-IAS-Production\AIS\wwwroot\js\csp\Views_Setup_sub_entities.js","53","$('#div_' + g_entityId).html(""<td><p class=\""fw - normal mb - 1\"">"" + divName + ""</p></td><td><p class=\""fw - normal mb - 1\"">"" + deptName + ""</p></td><td><p class=\""fw - normal mb - 1\"">"" + entityName + ""</p></td><td><span class=\""badge "" + badge + "" rounded - pill d - inline\"">"" + status + ""</span></td><td><button type=\""button\"" class=\""btn btn - link text - danger btn - sm btn - rounded\"" data-onclick=\""setupSubEntity('"" + divCode + ""', '"" + deptCode + ""', '"" + entityName + ""', '"" + status + ""','"" + g_entityId + ""'); \"" > Edit</button></td >"");"
"html_write","C:\Users\Asad Ali\Documents\GitHub\HTTPS-IAS-Production\AIS\wwwroot\js\iid\complaintDetails.js","123","$(containerSelector).html(html);"
"html_write","C:\Users\Asad Ali\Documents\GitHub\HTTPS-IAS-Production\AIS\wwwroot\js\iid\inquiryReportReadOnly.js","5","function esc(v) { return $('<div/>').text(v || '').html(); }"
"html_write","C:\Users\Asad Ali\Documents\GitHub\HTTPS-IAS-Production\AIS\wwwroot\js\iid\inquiryReportReadOnly.js","53","$(id).html(html || '<span class=""text-muted"">N/A</span>');"
"html_write","C:\Users\Asad Ali\Documents\GitHub\HTTPS-IAS-Production\AIS\wwwroot\js\iid\inquiryReportReadOnly.js","68","$('#summaryGrid').html(html);"
"html_write","C:\Users\Asad Ali\Documents\GitHub\HTTPS-IAS-Production\AIS\wwwroot\js\fad-risk-control-panel.js","903","return $('<div>').text(value).html();"
"html_write","C:\Users\Asad Ali\Documents\GitHub\HTTPS-IAS-Production\AIS\wwwroot\js\fad-risk-control-panel.js","910","return $('<div>').text(value).html();"
"text_write","C:\Users\Asad Ali\Documents\GitHub\HTTPS-IAS-Production\AIS\wwwroot\js\csp\Views_AdministrationPanel_audit_criteria.js","7","$(this).toggle($(this).text().toLowerCase().indexOf(value) > -1)"
"text_write","C:\Users\Asad Ali\Documents\GitHub\HTTPS-IAS-Production\AIS\wwwroot\js\csp\Views_AdministrationPanel_audit_criteria.js","42","var zone_name = $('#branchZoneModalField option:selected').text();"
"text_write","C:\Users\Asad Ali\Documents\GitHub\HTTPS-IAS-Production\AIS\wwwroot\js\csp\Views_AdministrationPanel_audit_criteria.js","44","var size = $('#branchSizeModalField option:selected').text();"
"text_write","C:\Users\Asad Ali\Documents\GitHub\HTTPS-IAS-Production\AIS\wwwroot\js\csp\Views_AdministrationPanel_audit_observation_text.js","7","$(this).toggle($(this).text().toLowerCase().indexOf(value) > -1)"
"text_write","C:\Users\Asad Ali\Documents\GitHub\HTTPS-IAS-Production\AIS\wwwroot\js\csp\Views_AdministrationPanel_audit_observation_text.js","39","var div_name = $('#deptdivNameModalField option:selected').text();"
"text_write","C:\Users\Asad Ali\Documents\GitHub\HTTPS-IAS-Production\AIS\wwwroot\js\csp\Views_AdministrationPanel_audit_period.js","6","$(this).toggle($(this).text().toLowerCase().indexOf(value) > -1)"
"text_write","C:\Users\Asad Ali\Documents\GitHub\HTTPS-IAS-Production\AIS\wwwroot\js\csp\Views_AdministrationPanel_authorize_audit_checklist.js","6","$(this).toggle($(this).text().toLowerCase().indexOf(value) > -1)"
"text_write","C:\Users\Asad Ali\Documents\GitHub\HTTPS-IAS-Production\AIS\wwwroot\js\csp\Views_AdministrationPanel_dashboard_layout.js","212","var selectedPageName = $('#dashboardPageSelect option:selected').text();"
"text_write","C:\Users\Asad Ali\Documents\GitHub\HTTPS-IAS-Production\AIS\wwwroot\js\csp\Views_AdministrationPanel_groups.js","6","$(this).toggle($(this).text().toLowerCase().indexOf(value) > -1)"
"text_write","C:\Users\Asad Ali\Documents\GitHub\HTTPS-IAS-Production\AIS\wwwroot\js\csp\Views_AdministrationPanel_hr_design_wise_role.js","9","$(this).toggle($(this).text().toLowerCase().indexOf(value) > -1)"
"text_write","C:\Users\Asad Ali\Documents\GitHub\HTTPS-IAS-Production\AIS\wwwroot\js\csp\Views_AdministrationPanel_hr_design_wise_role.js","69","'SUB_ENTITY_NAME': $('#EntTypeSelectionField option:selected').text()"
"text_write","C:\Users\Asad Ali\Documents\GitHub\HTTPS-IAS-Production\AIS\wwwroot\js\csp\Views_AdministrationPanel_hr_design_wise_role.js","86","'SUB_ENTITY_NAME': $('#EntTypeSelectionField option:selected').text()"
"text_write","C:\Users\Asad Ali\Documents\GitHub\HTTPS-IAS-Production\AIS\wwwroot\js\csp\Views_AdministrationPanel_manage_entity_type.js","15","$(this).toggle($(this).text().toLowerCase().indexOf(value) > -1)"
"text_write","C:\Users\Asad Ali\Documents\GitHub\HTTPS-IAS-Production\AIS\wwwroot\js\csp\Views_AdministrationPanel_manage_ent_audit_dept.js","15","$(this).toggle($(this).text().toLowerCase().indexOf(value) > -1)"
"text_write","C:\Users\Asad Ali\Documents\GitHub\HTTPS-IAS-Production\AIS\wwwroot\js\csp\Views_AdministrationPanel_manage_obs_status.js","15","$(this).toggle($(this).text().toLowerCase().indexOf(value) > -1)"
"text_write","C:\Users\Asad Ali\Documents\GitHub\HTTPS-IAS-Production\AIS\wwwroot\js\csp\Views_AdministrationPanel_manage_user.js","9","$(this).toggle($(this).text().toLowerCase().indexOf(value) > -1)"
"text_write","C:\Users\Asad Ali\Documents\GitHub\HTTPS-IAS-Production\AIS\wwwroot\js\csp\Views_AdministrationPanel_memo_status.js","7","$(this).toggle($(this).text().toLowerCase().indexOf(value) > -1)"
"text_write","C:\Users\Asad Ali\Documents\GitHub\HTTPS-IAS-Production\AIS\wwwroot\js\csp\Views_AdministrationPanel_memo_status.js","39","var div_name = $('#deptdivNameModalField option:selected').text();"
"text_write","C:\Users\Asad Ali\Documents\GitHub\HTTPS-IAS-Production\AIS\wwwroot\js\csp\Views_AdministrationPanel_review_audit_checklist.js","6","$(this).toggle($(this).text().toLowerCase().indexOf(value) > -1)"
"text_write","C:\Users\Asad Ali\Documents\GitHub\HTTPS-IAS-Production\AIS\wwwroot\js\csp\Views_AdministrationPanel_risk_model.js","7","$(this).toggle($(this).text().toLowerCase().indexOf(value) > -1)"
"text_write","C:\Users\Asad Ali\Documents\GitHub\HTTPS-IAS-Production\AIS\wwwroot\js\csp\Views_AdministrationPanel_risk_model.js","39","var div_name = $('#deptdivNameModalField option:selected').text();"
"text_write","C:\Users\Asad Ali\Documents\GitHub\HTTPS-IAS-Production\AIS\wwwroot\js\csp\Views_AdministrationPanel_setup_auditee_entities.js","12","$(this).toggle($(this).text().toLowerCase().indexOf(value) > -1)"
"text_write","C:\Users\Asad Ali\Documents\GitHub\HTTPS-IAS-Production\AIS\wwwroot\js\csp\Views_AdministrationPanel_setup_engagement_reversal.js","264","$('#listOfEmployeeTeam tbody #teamcode_' + team.code + ' .empMembers').text(prevText + team.employeename + '(' + team.teammembeR_ID + ')');"
"text_write","C:\Users\Asad Ali\Documents\GitHub\HTTPS-IAS-Production\AIS\wwwroot\js\csp\Views_AdministrationPanel_status_reversal_audit_entities.js","105","'E_CODE': $('#childposting option:selected').text()"
"text_write","C:\Users\Asad Ali\Documents\GitHub\HTTPS-IAS-Production\AIS\wwwroot\js\csp\Views_AdministrationPanel_status_reversal_audit_entities.js","129","'E_CODE': $('#childposting option:selected').text()"
"text_write","C:\Users\Asad Ali\Documents\GitHub\HTTPS-IAS-Production\AIS\wwwroot\js\csp\Views_AdministrationPanel_status_reversal_audit_entities.js","153","'E_CODE': $('#childposting option:selected').text()"
"text_write","C:\Users\Asad Ali\Documents\GitHub\HTTPS-IAS-Production\AIS\wwwroot\js\csp\Views_AdministrationPanel_SystemLogs.js","26","$('#systemLogsMessage').text('');"
"text_write","C:\Users\Asad Ali\Documents\GitHub\HTTPS-IAS-Production\AIS\wwwroot\js\csp\Views_AdministrationPanel_SystemLogs.js","45","$('#systemLogsMessage').text('Unable to load system logs.');"
"text_write","C:\Users\Asad Ali\Documents\GitHub\HTTPS-IAS-Production\AIS\wwwroot\js\csp\Views_AdministrationPanel_SystemLogs.js","55","$('#systemLogsMessage').text('Unable to load system logs.' + statusMessage);"
"text_write","C:\Users\Asad Ali\Documents\GitHub\HTTPS-IAS-Production\AIS\wwwroot\js\csp\Views_AdministrationPanel_SystemLogs.js","63","$('#systemLogsDeleteMessage').removeClass('text-success text-danger').text('');"
"text_write","C:\Users\Asad Ali\Documents\GitHub\HTTPS-IAS-Production\AIS\wwwroot\js\csp\Views_AdministrationPanel_SystemLogs.js","72","$('#systemLogsDeleteMessage').addClass('text-danger').text('Please enter a valid number of days.');"
"text_write","C:\Users\Asad Ali\Documents\GitHub\HTTPS-IAS-Production\AIS\wwwroot\js\csp\Views_AdministrationPanel_SystemLogs.js","83","$('#systemLogsDeleteMessage').addClass('text-danger').text('Please select a cutoff datetime or enter days.');"
"text_write","C:\Users\Asad Ali\Documents\GitHub\HTTPS-IAS-Production\AIS\wwwroot\js\csp\Views_AdministrationPanel_SystemLogs.js","99","$('#systemLogsDeleteMessage').addClass('text-success').text('Deleted ' + (resp.deletedCount || 0) + ' log(s).');"
"text_write","C:\Users\Asad Ali\Documents\GitHub\HTTPS-IAS-Production\AIS\wwwroot\js\csp\Views_AdministrationPanel_SystemLogs.js","103","$('#systemLogsDeleteMessage').addClass('text-danger').text('Unable to delete old logs.');"
"text_write","C:\Users\Asad Ali\Documents\GitHub\HTTPS-IAS-Production\AIS\wwwroot\js\csp\Views_AdministrationPanel_SystemLogs.js","132","row.append($('<td></td>').text(formatLogTime(readLogField(log, 'LOGTIME'))));"
"text_write","C:\Users\Asad Ali\Documents\GitHub\HTTPS-IAS-Production\AIS\wwwroot\js\csp\Views_AdministrationPanel_SystemLogs.js","133","row.append($('<td></td>').text(readLogField(log, 'LOGLEVEL')));"
"text_write","C:\Users\Asad Ali\Documents\GitHub\HTTPS-IAS-Production\AIS\wwwroot\js\csp\Views_AdministrationPanel_SystemLogs.js","134","row.append($('<td></td>').text(readLogField(log, 'MODULE')));"
"text_write","C:\Users\Asad Ali\Documents\GitHub\HTTPS-IAS-Production\AIS\wwwroot\js\csp\Views_AdministrationPanel_SystemLogs.js","135","row.append($('<td></td>').text(readLogField(log, 'CONTROLLER')));"
"text_write","C:\Users\Asad Ali\Documents\GitHub\HTTPS-IAS-Production\AIS\wwwroot\js\csp\Views_AdministrationPanel_SystemLogs.js","136","row.append($('<td></td>').text(readLogField(log, 'ACTION')));"
"text_write","C:\Users\Asad Ali\Documents\GitHub\HTTPS-IAS-Production\AIS\wwwroot\js\csp\Views_AdministrationPanel_SystemLogs.js","137","row.append($('<td></td>').text(readLogField(log, 'MESSAGE')));"
"text_write","C:\Users\Asad Ali\Documents\GitHub\HTTPS-IAS-Production\AIS\wwwroot\js\csp\Views_AdministrationPanel_SystemLogs.js","138","row.append($('<td></td>').text(readLogField(log, 'TECHDETAILS')));"
"text_write","C:\Users\Asad Ali\Documents\GitHub\HTTPS-IAS-Production\AIS\wwwroot\js\csp\Views_AdministrationPanel_SystemLogs.js","139","row.append($('<td></td>').text(readLogField(log, 'PAGEID')));"
"text_write","C:\Users\Asad Ali\Documents\GitHub\HTTPS-IAS-Production\AIS\wwwroot\js\csp\Views_AdministrationPanel_SystemLogs.js","140","row.append($('<td></td>').text(readLogField(log, 'ENGID')));"
"text_write","C:\Users\Asad Ali\Documents\GitHub\HTTPS-IAS-Production\AIS\wwwroot\js\csp\Views_AdministrationPanel_SystemLogs.js","141","row.append($('<td></td>').text(readLogField(log, 'USERPPNO')));"
"text_write","C:\Users\Asad Ali\Documents\GitHub\HTTPS-IAS-Production\AIS\wwwroot\js\csp\Views_AuditeePortal_ccqs.js","51","$($('#ccqs_panel tbody tr#' + g_id).find('td').eq(2)).html($('#CCQcontrolViolation_selectarea option:selected').text());"
"text_write","C:\Users\Asad Ali\Documents\GitHub\HTTPS-IAS-Production\AIS\wwwroot\js\csp\Views_AuditeePortal_ccqs.js","52","$($('#ccqs_panel tbody tr#' + g_id).find('td').eq(3)).html($('#CCQrisk_selectarea option:selected').text());"
"text_write","C:\Users\Asad Ali\Documents\GitHub\HTTPS-IAS-Production\AIS\wwwroot\js\csp\Views_AuditeePortal_ccqs.js","53","$($('#ccqs_panel tbody tr#' + g_id).find('td').eq(4)).html($('#CCQstatus_selectarea option:selected').text());"
"text_write","C:\Users\Asad Ali\Documents\GitHub\HTTPS-IAS-Production\AIS\wwwroot\js\csp\Views_AuditeePortal_ccqs.js","54","$($('#ccqs_panel tbody tr#' + g_id).find('td').eq(5)).html('<a data-onclick=""event.preventDefault();updateCCQBinding(' + g_id + ', \'\',' + $('#CCQcontrolViolation_selectarea option:selected').text() + ' , ' + $('#CCQrisk_selectarea option:selected').text() + ', \'' + $('#CCQstatus_selectarea option:selected').text() + '\');"" href=""#"">Edit</a>');"
"text_write","C:\Users\Asad Ali\Documents\GitHub\HTTPS-IAS-Production\AIS\wwwroot\js\csp\Views_CAU_monitoring_oms.js","399","const ppNumber = row.find('span').eq(0).text(); // Get P.P. No (second span)"
"text_write","C:\Users\Asad Ali\Documents\GitHub\HTTPS-IAS-Production\AIS\wwwroot\js\csp\Views_CAU_monitoring_oms.js","400","const name = row.find('span').eq(1).text(); // Get Name (third span)"
"text_write","C:\Users\Asad Ali\Documents\GitHub\HTTPS-IAS-Production\AIS\wwwroot\js\csp\Views_CAU_monitoring_oms.js","423","const ppNumber = row.find('span').eq(0).text();"
"text_write","C:\Users\Asad Ali\Documents\GitHub\HTTPS-IAS-Production\AIS\wwwroot\js\csp\Views_CAU_monitoring_oms.js","424","const name = row.find('span').eq(1).text();"
"text_write","C:\Users\Asad Ali\Documents\GitHub\HTTPS-IAS-Production\AIS\wwwroot\js\csp\Views_CAU_monitoring_oms.js","425","const acc_no = row.find('span').eq(2).text();"
"text_write","C:\Users\Asad Ali\Documents\GitHub\HTTPS-IAS-Production\AIS\wwwroot\js\csp\Views_CAU_monitoring_oms.js","426","const acc_amt = row.find('span').eq(3).text();"
"text_write","C:\Users\Asad Ali\Documents\GitHub\HTTPS-IAS-Production\AIS\wwwroot\js\csp\Views_CAU_monitoring_oms.js","427","const lc_no = row.find('span').eq(4).text();"
"text_write","C:\Users\Asad Ali\Documents\GitHub\HTTPS-IAS-Production\AIS\wwwroot\js\csp\Views_CAU_monitoring_oms.js","428","const lc_amt = row.find('span').eq(5).text();"
"text_write","C:\Users\Asad Ali\Documents\GitHub\HTTPS-IAS-Production\AIS\wwwroot\js\csp\Views_CAU_om_creation.js","399","const ppNumber = row.find('span').eq(0).text(); // Get P.P. No (second span)"
"text_write","C:\Users\Asad Ali\Documents\GitHub\HTTPS-IAS-Production\AIS\wwwroot\js\csp\Views_CAU_om_creation.js","400","const name = row.find('span').eq(1).text(); // Get Name (third span)"
"text_write","C:\Users\Asad Ali\Documents\GitHub\HTTPS-IAS-Production\AIS\wwwroot\js\csp\Views_CAU_om_creation.js","423","const ppNumber = row.find('span').eq(0).text();"
"text_write","C:\Users\Asad Ali\Documents\GitHub\HTTPS-IAS-Production\AIS\wwwroot\js\csp\Views_CAU_om_creation.js","424","const name = row.find('span').eq(1).text();"
"text_write","C:\Users\Asad Ali\Documents\GitHub\HTTPS-IAS-Production\AIS\wwwroot\js\csp\Views_CAU_om_creation.js","425","const acc_no = row.find('span').eq(2).text();"
"text_write","C:\Users\Asad Ali\Documents\GitHub\HTTPS-IAS-Production\AIS\wwwroot\js\csp\Views_CAU_om_creation.js","426","const acc_amt = row.find('span').eq(3).text();"
"text_write","C:\Users\Asad Ali\Documents\GitHub\HTTPS-IAS-Production\AIS\wwwroot\js\csp\Views_CAU_om_creation.js","427","const lc_no = row.find('span').eq(4).text();"
"text_write","C:\Users\Asad Ali\Documents\GitHub\HTTPS-IAS-Production\AIS\wwwroot\js\csp\Views_CAU_om_creation.js","428","const lc_amt = row.find('span').eq(5).text();"
"text_write","C:\Users\Asad Ali\Documents\GitHub\HTTPS-IAS-Production\AIS\wwwroot\js\csp\Views_CAU_OM_om_assignment.js","199","$('#listofPACattached tbody').append('<tr><td>' + row + '</td><td>' + $('#dacDates_box_stage4Model').val() + '</td><td periodId=""' + $('#printingDates_box_stage4Model').val() + '"">' + $('#printingDates_box_stage4Model option:selected').text() + '</td><td>' + $('#template_box_stage4Model').val() + '</td><td>' + $('#reportFreq_box_stage4Model option:selected').val() + '</td><td class=""text-center""><a href=""#"" data-onclick=""event.preventDefault();deleteRespRow(this);"">Delete</a></td></tr>');"
"text_write","C:\Users\Asad Ali\Documents\GitHub\HTTPS-IAS-Production\AIS\wwwroot\js\csp\Views_CAU_om_reply.js","399","const ppNumber = row.find('span').eq(0).text(); // Get P.P. No (second span)"
"text_write","C:\Users\Asad Ali\Documents\GitHub\HTTPS-IAS-Production\AIS\wwwroot\js\csp\Views_CAU_om_reply.js","400","const name = row.find('span').eq(1).text(); // Get Name (third span)"
"text_write","C:\Users\Asad Ali\Documents\GitHub\HTTPS-IAS-Production\AIS\wwwroot\js\csp\Views_CAU_om_reply.js","423","const ppNumber = row.find('span').eq(0).text();"
"text_write","C:\Users\Asad Ali\Documents\GitHub\HTTPS-IAS-Production\AIS\wwwroot\js\csp\Views_CAU_om_reply.js","424","const name = row.find('span').eq(1).text();"
"text_write","C:\Users\Asad Ali\Documents\GitHub\HTTPS-IAS-Production\AIS\wwwroot\js\csp\Views_CAU_om_reply.js","425","const acc_no = row.find('span').eq(2).text();"
"text_write","C:\Users\Asad Ali\Documents\GitHub\HTTPS-IAS-Production\AIS\wwwroot\js\csp\Views_CAU_om_reply.js","426","const acc_amt = row.find('span').eq(3).text();"
"text_write","C:\Users\Asad Ali\Documents\GitHub\HTTPS-IAS-Production\AIS\wwwroot\js\csp\Views_CAU_om_reply.js","427","const lc_no = row.find('span').eq(4).text();"
"text_write","C:\Users\Asad Ali\Documents\GitHub\HTTPS-IAS-Production\AIS\wwwroot\js\csp\Views_CAU_om_reply.js","428","const lc_amt = row.find('span').eq(5).text();"
"text_write","C:\Users\Asad Ali\Documents\GitHub\HTTPS-IAS-Production\AIS\wwwroot\js\csp\Views_CAU_reports.js","399","const ppNumber = row.find('span').eq(0).text(); // Get P.P. No (second span)"
"text_write","C:\Users\Asad Ali\Documents\GitHub\HTTPS-IAS-Production\AIS\wwwroot\js\csp\Views_CAU_reports.js","400","const name = row.find('span').eq(1).text(); // Get Name (third span)"
"text_write","C:\Users\Asad Ali\Documents\GitHub\HTTPS-IAS-Production\AIS\wwwroot\js\csp\Views_CAU_reports.js","423","const ppNumber = row.find('span').eq(0).text();"
"text_write","C:\Users\Asad Ali\Documents\GitHub\HTTPS-IAS-Production\AIS\wwwroot\js\csp\Views_CAU_reports.js","424","const name = row.find('span').eq(1).text();"
"text_write","C:\Users\Asad Ali\Documents\GitHub\HTTPS-IAS-Production\AIS\wwwroot\js\csp\Views_CAU_reports.js","425","const acc_no = row.find('span').eq(2).text();"
"text_write","C:\Users\Asad Ali\Documents\GitHub\HTTPS-IAS-Production\AIS\wwwroot\js\csp\Views_CAU_reports.js","426","const acc_amt = row.find('span').eq(3).text();"
"text_write","C:\Users\Asad Ali\Documents\GitHub\HTTPS-IAS-Production\AIS\wwwroot\js\csp\Views_CAU_reports.js","427","const lc_no = row.find('span').eq(4).text();"
"text_write","C:\Users\Asad Ali\Documents\GitHub\HTTPS-IAS-Production\AIS\wwwroot\js\csp\Views_CAU_reports.js","428","const lc_amt = row.find('span').eq(5).text();"
"text_write","C:\Users\Asad Ali\Documents\GitHub\HTTPS-IAS-Production\AIS\wwwroot\js\csp\Views_Dashboard_audit_performance - Copy.js","5","$(this).toggle($(this).text().toLowerCase().indexOf(value) > -1)"
"text_write","C:\Users\Asad Ali\Documents\GitHub\HTTPS-IAS-Production\AIS\wwwroot\js\csp\Views_Dashboard_audit_performance.js","5","$(this).toggle($(this).text().toLowerCase().indexOf(value) > -1)"
"text_write","C:\Users\Asad Ali\Documents\GitHub\HTTPS-IAS-Production\AIS\wwwroot\js\csp\Views_Dashboard_no_entities_risk_based_planning.js","5","$(this).toggle($(this).text().toLowerCase().indexOf(value) > -1)"
"text_write","C:\Users\Asad Ali\Documents\GitHub\HTTPS-IAS-Production\AIS\wwwroot\js\csp\Views_Dashboard_no_entities_risk_based_planning_b.js","5","$(this).toggle($(this).text().toLowerCase().indexOf(value) > -1)"
"text_write","C:\Users\Asad Ali\Documents\GitHub\HTTPS-IAS-Production\AIS\wwwroot\js\csp\Views_Engagement_ccqs.js","6","$(this).toggle($(this).text().toLowerCase().indexOf(value) > -1)"
"text_write","C:\Users\Asad Ali\Documents\GitHub\HTTPS-IAS-Production\AIS\wwwroot\js\csp\Views_Engagement_ccqs.js","47","$('#listOfEmployeeTeam tbody #teamcode_' + team.code + ' .empMembers').text(prevText + team.employeename);"
"text_write","C:\Users\Asad Ali\Documents\GitHub\HTTPS-IAS-Production\AIS\wwwroot\js\csp\Views_Engagement_create_audit_plan.js","6","entityName = $('#auditCriteriaEntityField option:selected').text();"
"text_write","C:\Users\Asad Ali\Documents\GitHub\HTTPS-IAS-Production\AIS\wwwroot\js\csp\Views_Engagement_create_audit_plan.js","10","period = $('#auditCriteriaPeriodField option:selected').text();"
"text_write","C:\Users\Asad Ali\Documents\GitHub\HTTPS-IAS-Production\AIS\wwwroot\js\csp\Views_Engagement_create_audit_plan.js","15","risk = $('#auditCriteriaRiskField option:selected').text();"
"text_write","C:\Users\Asad Ali\Documents\GitHub\HTTPS-IAS-Production\AIS\wwwroot\js\csp\Views_Engagement_create_audit_plan.js","19","freq = $('#auditCriteriaFreqField option:selected').text();"
"text_write","C:\Users\Asad Ali\Documents\GitHub\HTTPS-IAS-Production\AIS\wwwroot\js\csp\Views_Engagement_create_audit_plan.js","24","size = $('#auditCriteriaSizeField option:selected').text();"
"text_write","C:\Users\Asad Ali\Documents\GitHub\HTTPS-IAS-Production\AIS\wwwroot\js\csp\Views_Engagement_engagement_plan.js","150","$('#auditorDept').text($('#deptSelectionBox option:selected').text());"
"text_write","C:\Users\Asad Ali\Documents\GitHub\HTTPS-IAS-Production\AIS\wwwroot\js\csp\Views_Engagement_engagement_plan.js","151","$('#auditorPlan').text($('#periodSelectionBox option:selected').text());"
"text_write","C:\Users\Asad Ali\Documents\GitHub\HTTPS-IAS-Production\AIS\wwwroot\js\csp\Views_Engagement_engagement_plan.js","152","$('#descModal_field').html($('#entitySelectionBox option:selected').text());"
"text_write","C:\Users\Asad Ali\Documents\GitHub\HTTPS-IAS-Production\AIS\wwwroot\js\csp\Views_Engagement_engagement_plan.js","154","$('#divzone_field').text($('#auditZoneSelectionBox option:selected').text());"
"text_write","C:\Users\Asad Ali\Documents\GitHub\HTTPS-IAS-Production\AIS\wwwroot\js\csp\Views_Engagement_engagement_plan.js","155","$('#deptBranch_field').text($('#branchSelectionBox option:selected').text());"
"text_write","C:\Users\Asad Ali\Documents\GitHub\HTTPS-IAS-Production\AIS\wwwroot\js\csp\Views_Engagement_engagement_plan.js","158","$('#divzone_field').text($('#divSelectionBox option:selected').text());"
"text_write","C:\Users\Asad Ali\Documents\GitHub\HTTPS-IAS-Production\AIS\wwwroot\js\csp\Views_Engagement_engagement_plan.js","159","$('#deptBranch_field').text($('#divDeptSelectionBox option:selected').text());"
"text_write","C:\Users\Asad Ali\Documents\GitHub\HTTPS-IAS-Production\AIS\wwwroot\js\csp\Views_Engagement_engagement_plan.js","172","$('#teamName_field').text($('#teamSelectionBox option:selected').text());"
"text_write","C:\Users\Asad Ali\Documents\GitHub\HTTPS-IAS-Production\AIS\wwwroot\js\csp\Views_Engagement_engagement_plan.js","176","if (team.name == $('#teamSelectionBox option:selected').text()) {"
"text_write","C:\Users\Asad Ali\Documents\GitHub\HTTPS-IAS-Production\AIS\wwwroot\js\csp\Views_Engagement_Join.js","69","JOINING_DATE: toIsoDate($('#joiningDateFieldValue').text()),"
"text_write","C:\Users\Asad Ali\Documents\GitHub\HTTPS-IAS-Production\AIS\wwwroot\js\csp\Views_Engagement_Join.js","70","COMPLETION_DATE: toIsoDate($('#completionDateFieldValue').text())"
"text_write","C:\Users\Asad Ali\Documents\GitHub\HTTPS-IAS-Production\AIS\wwwroot\js\csp\Views_Execution_branch_deposit_info.js","8","$(this).toggle($(this).text().toLowerCase().indexOf(value) > -1)"
"text_write","C:\Users\Asad Ali\Documents\GitHub\HTTPS-IAS-Production\AIS\wwwroot\js\csp\Views_Execution_cau_observation.js","472","var lcNo = $.trim($row.data('loan') || $row.children('td').eq(3).text()) || '0';"
"text_write","C:\Users\Asad Ali\Documents\GitHub\HTTPS-IAS-Production\AIS\wwwroot\js\csp\Views_Execution_cau_observation.js","473","var lcAmt = $.trim($row.data('lcamount') || $row.children('td').eq(4).text()) || '0';"
"text_write","C:\Users\Asad Ali\Documents\GitHub\HTTPS-IAS-Production\AIS\wwwroot\js\csp\Views_Execution_cau_observation.js","474","var accNo = $.trim($row.data('account') || $row.children('td').eq(5).text()) || '0';"
"text_write","C:\Users\Asad Ali\Documents\GitHub\HTTPS-IAS-Production\AIS\wwwroot\js\csp\Views_Execution_cau_observation.js","475","var accAmt = $.trim($row.data('accamount') || $row.children('td').eq(6).text()) || '0';"
"text_write","C:\Users\Asad Ali\Documents\GitHub\HTTPS-IAS-Production\AIS\wwwroot\js\csp\Views_Execution_cau_observation.js","476","$('#responsiblePPNoEntryField').val($row.data('pp') || $row.children('td').eq(1).text());"
"text_write","C:\Users\Asad Ali\Documents\GitHub\HTTPS-IAS-Production\AIS\wwwroot\js\csp\Views_Execution_cau_observation.js","484","ppNo: $row.data('pp') || $row.children('td').eq(1).text(),"
"text_write","C:\Users\Asad Ali\Documents\GitHub\HTTPS-IAS-Production\AIS\wwwroot\js\csp\Views_Execution_cau_observation.js","485","empName: $row.data('emp') || $row.children('td').eq(2).text(),"
"text_write","C:\Users\Asad Ali\Documents\GitHub\HTTPS-IAS-Production\AIS\wwwroot\js\csp\Views_Execution_cau_observation.js","514",".children('td').eq(1).text(item.ppNo || '').end()"
"text_write","C:\Users\Asad Ali\Documents\GitHub\HTTPS-IAS-Production\AIS\wwwroot\js\csp\Views_Execution_cau_observation.js","515",".children('td').eq(2).text(item.empName || '').end()"
"text_write","C:\Users\Asad Ali\Documents\GitHub\HTTPS-IAS-Production\AIS\wwwroot\js\csp\Views_Execution_cau_observation.js","516",".children('td').eq(3).text(item.loanCase || '').end()"
"text_write","C:\Users\Asad Ali\Documents\GitHub\HTTPS-IAS-Production\AIS\wwwroot\js\csp\Views_Execution_cau_observation.js","517",".children('td').eq(4).text(item.lcAmount || '').end()"
"text_write","C:\Users\Asad Ali\Documents\GitHub\HTTPS-IAS-Production\AIS\wwwroot\js\csp\Views_Execution_cau_observation.js","518",".children('td').eq(5).text(item.accountNumber || '').end()"
"text_write","C:\Users\Asad Ali\Documents\GitHub\HTTPS-IAS-Production\AIS\wwwroot\js\csp\Views_Execution_cau_observation.js","519",".children('td').eq(6).text(item.accAmount || '');"
"text_write","C:\Users\Asad Ali\Documents\GitHub\HTTPS-IAS-Production\AIS\wwwroot\js\csp\Views_Execution_checklist_details.js","470","var lcNo = $.trim($row.data('loan') || $row.children('td').eq(3).text()) || '0';"
"text_write","C:\Users\Asad Ali\Documents\GitHub\HTTPS-IAS-Production\AIS\wwwroot\js\csp\Views_Execution_checklist_details.js","471","var lcAmt = $.trim($row.data('lcamount') || $row.children('td').eq(4).text()) || '0';"
"text_write","C:\Users\Asad Ali\Documents\GitHub\HTTPS-IAS-Production\AIS\wwwroot\js\csp\Views_Execution_checklist_details.js","472","var accNo = $.trim($row.data('account') || $row.children('td').eq(5).text()) || '0';"
"text_write","C:\Users\Asad Ali\Documents\GitHub\HTTPS-IAS-Production\AIS\wwwroot\js\csp\Views_Execution_checklist_details.js","473","var accAmt = $.trim($row.data('accamount') || $row.children('td').eq(6).text()) || '0';"
"text_write","C:\Users\Asad Ali\Documents\GitHub\HTTPS-IAS-Production\AIS\wwwroot\js\csp\Views_Execution_checklist_details.js","474","$('#responsiblePPNoEntryField').val($row.data('pp') || $row.children('td').eq(1).text());"
"text_write","C:\Users\Asad Ali\Documents\GitHub\HTTPS-IAS-Production\AIS\wwwroot\js\csp\Views_Execution_checklist_details.js","482","ppNo: $row.data('pp') || $row.children('td').eq(1).text(),"
"text_write","C:\Users\Asad Ali\Documents\GitHub\HTTPS-IAS-Production\AIS\wwwroot\js\csp\Views_Execution_checklist_details.js","483","empName: $row.data('emp') || $row.children('td').eq(2).text(),"
"text_write","C:\Users\Asad Ali\Documents\GitHub\HTTPS-IAS-Production\AIS\wwwroot\js\csp\Views_Execution_checklist_details.js","511",".children('td').eq(1).text(item.ppNo || '').end()"
"text_write","C:\Users\Asad Ali\Documents\GitHub\HTTPS-IAS-Production\AIS\wwwroot\js\csp\Views_Execution_checklist_details.js","512",".children('td').eq(2).text(item.empName || '').end()"
"text_write","C:\Users\Asad Ali\Documents\GitHub\HTTPS-IAS-Production\AIS\wwwroot\js\csp\Views_Execution_checklist_details.js","513",".children('td').eq(3).text(item.loanCase || '').end()"
"text_write","C:\Users\Asad Ali\Documents\GitHub\HTTPS-IAS-Production\AIS\wwwroot\js\csp\Views_Execution_checklist_details.js","514",".children('td').eq(4).text(item.lcAmount || '').end()"
"text_write","C:\Users\Asad Ali\Documents\GitHub\HTTPS-IAS-Production\AIS\wwwroot\js\csp\Views_Execution_checklist_details.js","515",".children('td').eq(5).text(item.accountNumber || '').end()"
"text_write","C:\Users\Asad Ali\Documents\GitHub\HTTPS-IAS-Production\AIS\wwwroot\js\csp\Views_Execution_checklist_details.js","516",".children('td').eq(6).text(item.accAmount || '');"
"text_write","C:\Users\Asad Ali\Documents\GitHub\HTTPS-IAS-Production\AIS\wwwroot\js\csp\Views_Execution_deposit_account.js","9","$(this).toggle($(this).text().toLowerCase().indexOf(value) > -1)"
"text_write","C:\Users\Asad Ali\Documents\GitHub\HTTPS-IAS-Production\AIS\wwwroot\js\csp\Views_Execution_disb_info.js","9","$(this).toggle($(this).text().toLowerCase().indexOf(value) > -1)"
"text_write","C:\Users\Asad Ali\Documents\GitHub\HTTPS-IAS-Production\AIS\wwwroot\js\csp\Views_Execution_draft_audit_report.js","9","var entName = $('#manageObsPanel tbody .entity_name_field:first').text();"
"text_write","C:\Users\Asad Ali\Documents\GitHub\HTTPS-IAS-Production\AIS\wwwroot\js\csp\Views_Execution_draft_audit_report.js","11","var periodName = $('#manageObsPanel tbody .period_name_field:first').text();"
"text_write","C:\Users\Asad Ali\Documents\GitHub\HTTPS-IAS-Production\AIS\wwwroot\js\csp\Views_Execution_draft_audit_report.js","200","$('#totalObsLabel').text(data.total);"
"text_write","C:\Users\Asad Ali\Documents\GitHub\HTTPS-IAS-Production\AIS\wwwroot\js\csp\Views_Execution_draft_audit_report.js","201","$('#highObsLabel').text(data.high);"
"text_write","C:\Users\Asad Ali\Documents\GitHub\HTTPS-IAS-Production\AIS\wwwroot\js\csp\Views_Execution_draft_audit_report.js","202","$('#mediumObsLabel').text(data.medium);"
"text_write","C:\Users\Asad Ali\Documents\GitHub\HTTPS-IAS-Production\AIS\wwwroot\js\csp\Views_Execution_draft_audit_report.js","203","$('#lowObsLabel').text(data.low);"
"text_write","C:\Users\Asad Ali\Documents\GitHub\HTTPS-IAS-Production\AIS\wwwroot\js\csp\Views_Execution_draft_audit_report.js","204","$('#resolvedObsLabel').text(data.settled);"
"text_write","C:\Users\Asad Ali\Documents\GitHub\HTTPS-IAS-Production\AIS\wwwroot\js\csp\Views_Execution_draft_audit_report.js","205","$('#addToDraftLabel').text(data.addtoDraft);"
"text_write","C:\Users\Asad Ali\Documents\GitHub\HTTPS-IAS-Production\AIS\wwwroot\js\csp\Views_Execution_draft_audit_report_branch.js","35","var entName = $('#manageObsPanel tbody .entity_name_field:first').text();"
"text_write","C:\Users\Asad Ali\Documents\GitHub\HTTPS-IAS-Production\AIS\wwwroot\js\csp\Views_Execution_draft_audit_report_branch.js","37","var periodName = $('#manageObsPanel tbody .period_name_field:first').text();"
"text_write","C:\Users\Asad Ali\Documents\GitHub\HTTPS-IAS-Production\AIS\wwwroot\js\csp\Views_Execution_draft_audit_report_branch.js","130","$('#totalObsLabel').text(data.total);"
"text_write","C:\Users\Asad Ali\Documents\GitHub\HTTPS-IAS-Production\AIS\wwwroot\js\csp\Views_Execution_draft_audit_report_branch.js","131","$('#highObsLabel').text(data.high);"
"text_write","C:\Users\Asad Ali\Documents\GitHub\HTTPS-IAS-Production\AIS\wwwroot\js\csp\Views_Execution_draft_audit_report_branch.js","132","$('#mediumObsLabel').text(data.medium);"
"text_write","C:\Users\Asad Ali\Documents\GitHub\HTTPS-IAS-Production\AIS\wwwroot\js\csp\Views_Execution_draft_audit_report_branch.js","133","$('#lowObsLabel').text(data.low);"
"text_write","C:\Users\Asad Ali\Documents\GitHub\HTTPS-IAS-Production\AIS\wwwroot\js\csp\Views_Execution_draft_audit_report_branch.js","134","$('#resolvedObsLabel').text(data.settled);"
"text_write","C:\Users\Asad Ali\Documents\GitHub\HTTPS-IAS-Production\AIS\wwwroot\js\csp\Views_Execution_draft_audit_report_branch.js","135","$('#addToDraftLabel').text(data.addtoDraft);"
"text_write","C:\Users\Asad Ali\Documents\GitHub\HTTPS-IAS-Production\AIS\wwwroot\js\csp\Views_Execution_engagement_plan.js","150","$('#auditorDept').text($('#deptSelectionBox option:selected').text());"
"text_write","C:\Users\Asad Ali\Documents\GitHub\HTTPS-IAS-Production\AIS\wwwroot\js\csp\Views_Execution_engagement_plan.js","151","$('#auditorPlan').text($('#periodSelectionBox option:selected').text());"
"text_write","C:\Users\Asad Ali\Documents\GitHub\HTTPS-IAS-Production\AIS\wwwroot\js\csp\Views_Execution_engagement_plan.js","152","$('#descModal_field').html($('#entitySelectionBox option:selected').text());"
"text_write","C:\Users\Asad Ali\Documents\GitHub\HTTPS-IAS-Production\AIS\wwwroot\js\csp\Views_Execution_engagement_plan.js","154","$('#divzone_field').text($('#auditZoneSelectionBox option:selected').text());"
"text_write","C:\Users\Asad Ali\Documents\GitHub\HTTPS-IAS-Production\AIS\wwwroot\js\csp\Views_Execution_engagement_plan.js","155","$('#deptBranch_field').text($('#branchSelectionBox option:selected').text());"
"text_write","C:\Users\Asad Ali\Documents\GitHub\HTTPS-IAS-Production\AIS\wwwroot\js\csp\Views_Execution_engagement_plan.js","158","$('#divzone_field').text($('#divSelectionBox option:selected').text());"
"text_write","C:\Users\Asad Ali\Documents\GitHub\HTTPS-IAS-Production\AIS\wwwroot\js\csp\Views_Execution_engagement_plan.js","159","$('#deptBranch_field').text($('#divDeptSelectionBox option:selected').text());"
"text_write","C:\Users\Asad Ali\Documents\GitHub\HTTPS-IAS-Production\AIS\wwwroot\js\csp\Views_Execution_engagement_plan.js","172","$('#teamName_field').text($('#teamSelectionBox option:selected').text());"
"text_write","C:\Users\Asad Ali\Documents\GitHub\HTTPS-IAS-Production\AIS\wwwroot\js\csp\Views_Execution_engagement_plan.js","176","if (team.name == $('#teamSelectionBox option:selected').text()) {"
"text_write","C:\Users\Asad Ali\Documents\GitHub\HTTPS-IAS-Production\AIS\wwwroot\js\csp\Views_Execution_loan_case_details.js","9","$(this).toggle($(this).text().toLowerCase().indexOf(value) > -1)"
"text_write","C:\Users\Asad Ali\Documents\GitHub\HTTPS-IAS-Production\AIS\wwwroot\js\csp\Views_Execution_loan_case_document.js","9","$(this).toggle($(this).text().toLowerCase().indexOf(value) > -1)"
"text_write","C:\Users\Asad Ali\Documents\GitHub\HTTPS-IAS-Production\AIS\wwwroot\js\csp\Views_Execution_loan_scheme.js","7","$(this).toggle($(this).text().toLowerCase().indexOf(value) > -1)"
"text_write","C:\Users\Asad Ali\Documents\GitHub\HTTPS-IAS-Production\AIS\wwwroot\js\csp\Views_Execution_loan_scheme_yearly.js","7","$(this).toggle($(this).text().toLowerCase().indexOf(value) > -1)"
"text_write","C:\Users\Asad Ali\Documents\GitHub\HTTPS-IAS-Production\AIS\wwwroot\js\csp\Views_Execution_manage_audit_paras_authorized.js","473","PP_NO: normalizeRequiredInt($row.data('pp') || $row.children('td').eq(1).text()),"
"text_write","C:\Users\Asad Ali\Documents\GitHub\HTTPS-IAS-Production\AIS\wwwroot\js\csp\Views_Execution_manage_audit_paras_authorized.js","474","LOAN_CASE: normalizeNullableInt($row.data('loan') || $row.children('td').eq(3).text()),"
"text_write","C:\Users\Asad Ali\Documents\GitHub\HTTPS-IAS-Production\AIS\wwwroot\js\csp\Views_Execution_manage_audit_paras_authorized.js","475","LC_AMOUNT: normalizeNullableInt($row.data('lcamount') || $row.children('td').eq(4).text()),"
"text_write","C:\Users\Asad Ali\Documents\GitHub\HTTPS-IAS-Production\AIS\wwwroot\js\csp\Views_Execution_manage_audit_paras_authorized.js","476","ACCOUNT_NUMBER: normalizeRequiredInt($row.data('account') || $row.children('td').eq(5).text()),"
"text_write","C:\Users\Asad Ali\Documents\GitHub\HTTPS-IAS-Production\AIS\wwwroot\js\csp\Views_Execution_manage_audit_paras_authorized.js","477","ACC_AMOUNT: normalizeRequiredInt($row.data('accamount') || $row.children('td').eq(6).text())"
"text_write","C:\Users\Asad Ali\Documents\GitHub\HTTPS-IAS-Production\AIS\wwwroot\js\csp\Views_Execution_manage_audit_paras_authorized.js","496","var ppNo = $row.data('pp') || $row.children('td').eq(1).text();"
"text_write","C:\Users\Asad Ali\Documents\GitHub\HTTPS-IAS-Production\AIS\wwwroot\js\csp\Views_Execution_manage_audit_paras_authorized.js","497","var lcNo = $.trim($row.data('loan') || $row.children('td').eq(3).text()) || '0';"
"text_write","C:\Users\Asad Ali\Documents\GitHub\HTTPS-IAS-Production\AIS\wwwroot\js\csp\Views_Execution_manage_audit_paras_authorized.js","498","var lcAmt = $.trim($row.data('lcamount') || $row.children('td').eq(4).text()) || '0';"
"text_write","C:\Users\Asad Ali\Documents\GitHub\HTTPS-IAS-Production\AIS\wwwroot\js\csp\Views_Execution_manage_audit_paras_authorized.js","499","var accNo = $.trim($row.data('account') || $row.children('td').eq(5).text()) || '0';"
"text_write","C:\Users\Asad Ali\Documents\GitHub\HTTPS-IAS-Production\AIS\wwwroot\js\csp\Views_Execution_manage_audit_paras_authorized.js","500","var accAmt = $.trim($row.data('accamount') || $row.children('td').eq(6).text()) || '0';"
"text_write","C:\Users\Asad Ali\Documents\GitHub\HTTPS-IAS-Production\AIS\wwwroot\js\csp\Views_Execution_manage_audit_paras_authorized.js","510","empName: $row.data('emp') || $row.children('td').eq(2).text(),"
"text_write","C:\Users\Asad Ali\Documents\GitHub\HTTPS-IAS-Production\AIS\wwwroot\js\csp\Views_Execution_manage_draft_report_paras.js","7","var entName = $('#manageObsPanel tbody .entity_name_field:first').text();"
"text_write","C:\Users\Asad Ali\Documents\GitHub\HTTPS-IAS-Production\AIS\wwwroot\js\csp\Views_Execution_manage_draft_report_paras.js","9","var periodName = $('#manageObsPanel tbody .period_name_field:first').text();"
"text_write","C:\Users\Asad Ali\Documents\GitHub\HTTPS-IAS-Production\AIS\wwwroot\js\csp\Views_Execution_manage_draft_report_paras_branch.js","9","var entName = $('#manageObsPanel tbody .entity_name_field:first').text();"
"text_write","C:\Users\Asad Ali\Documents\GitHub\HTTPS-IAS-Production\AIS\wwwroot\js\csp\Views_Execution_manage_draft_report_paras_branch.js","11","var periodName = $('#manageObsPanel tbody .period_name_field:first').text();"
"text_write","C:\Users\Asad Ali\Documents\GitHub\HTTPS-IAS-Production\AIS\wwwroot\js\csp\Views_Execution_manage_dsa.js","357","PP_NO: normalizeRequiredInt($row.data('pp') || $row.children('td').eq(1).text()),"
"text_write","C:\Users\Asad Ali\Documents\GitHub\HTTPS-IAS-Production\AIS\wwwroot\js\csp\Views_Execution_manage_dsa.js","358","LOAN_CASE: normalizeNullableInt($row.data('loan') || $row.children('td').eq(3).text()),"
"text_write","C:\Users\Asad Ali\Documents\GitHub\HTTPS-IAS-Production\AIS\wwwroot\js\csp\Views_Execution_manage_dsa.js","359","LC_AMOUNT: normalizeNullableInt($row.data('lcamount') || $row.children('td').eq(4).text()),"
"text_write","C:\Users\Asad Ali\Documents\GitHub\HTTPS-IAS-Production\AIS\wwwroot\js\csp\Views_Execution_manage_dsa.js","360","ACCOUNT_NUMBER: normalizeRequiredInt($row.data('account') || $row.children('td').eq(5).text()),"
"text_write","C:\Users\Asad Ali\Documents\GitHub\HTTPS-IAS-Production\AIS\wwwroot\js\csp\Views_Execution_manage_dsa.js","361","ACC_AMOUNT: normalizeRequiredInt($row.data('accamount') || $row.children('td').eq(6).text()),"
"text_write","C:\Users\Asad Ali\Documents\GitHub\HTTPS-IAS-Production\AIS\wwwroot\js\csp\Views_Execution_manage_dsa.js","362","EMP_NAME: $row.data('emp') || $row.children('td').eq(2).text(),"
"text_write","C:\Users\Asad Ali\Documents\GitHub\HTTPS-IAS-Production\AIS\wwwroot\js\csp\Views_Execution_manage_dsa.js","389","$('#responsiblePPNoEntryField').val($row.data('pp') || $row.children('td').eq(1).text());"
"text_write","C:\Users\Asad Ali\Documents\GitHub\HTTPS-IAS-Production\AIS\wwwroot\js\csp\Views_Execution_manage_legacy_paras.js","11","$(this).toggle($(this).text().toLowerCase().indexOf(value) > -1)"
"text_write","C:\Users\Asad Ali\Documents\GitHub\HTTPS-IAS-Production\AIS\wwwroot\js\csp\Views_Execution_manage_observations.js","7","var entName = $('#manageObsPanel tbody .entity_name_field:first').text();"
"text_write","C:\Users\Asad Ali\Documents\GitHub\HTTPS-IAS-Production\AIS\wwwroot\js\csp\Views_Execution_manage_observations.js","9","var periodName = $('#manageObsPanel tbody .period_name_field:first').text();"
"text_write","C:\Users\Asad Ali\Documents\GitHub\HTTPS-IAS-Production\AIS\wwwroot\js\csp\Views_Execution_manage_observations_branches.js","45","var entName = $('#manageObsPanel tbody .entity_name_field:first').text();"
"text_write","C:\Users\Asad Ali\Documents\GitHub\HTTPS-IAS-Production\AIS\wwwroot\js\csp\Views_Execution_manage_observations_branches.js","47","var periodName = $('#manageObsPanel tbody .period_name_field:first').text();"
"text_write","C:\Users\Asad Ali\Documents\GitHub\HTTPS-IAS-Production\AIS\wwwroot\js\csp\Views_Execution_obs_management.js","8","var entName = $('#manageObsPanel tbody .entity_name_field:first').text();"
"text_write","C:\Users\Asad Ali\Documents\GitHub\HTTPS-IAS-Production\AIS\wwwroot\js\csp\Views_Execution_obs_management.js","10","var periodName = $('#manageObsPanel tbody .period_name_field:first').text();"
"text_write","C:\Users\Asad Ali\Documents\GitHub\HTTPS-IAS-Production\AIS\wwwroot\js\csp\Views_Execution_pre_concluding_audit.js","49","viewObservationDetails(g_obsId, $('#checklistDetailsPanel tbody tr#obs_' + g_obsId + ' .preconcludingStatusField').text());"
"text_write","C:\Users\Asad Ali\Documents\GitHub\HTTPS-IAS-Production\AIS\wwwroot\js\csp\Views_Execution_search_checklistdetails.js","6","$(this).toggle($(this).text().toLowerCase().indexOf(value) > -1)"
"text_write","C:\Users\Asad Ali\Documents\GitHub\HTTPS-IAS-Production\AIS\wwwroot\js\csp\Views_Execution_staff_pos_info.js","9","$(this).toggle($(this).text().toLowerCase().indexOf(value) > -1)"
"text_write","C:\Users\Asad Ali\Documents\GitHub\HTTPS-IAS-Production\AIS\wwwroot\js\csp\Views_Execution_Update_Legacy_Paras.js","270","$(""#grandtotal"").text(grandTotal.toFixed(2));"
"text_write","C:\Users\Asad Ali\Documents\GitHub\HTTPS-IAS-Production\AIS\wwwroot\js\csp\Views_Execution_Update_Legacy_Paras.js","505","var referenceTypeText = $('#referenceTypeSelect option:selected').text();"
"text_write","C:\Users\Asad Ali\Documents\GitHub\HTTPS-IAS-Production\AIS\wwwroot\js\csp\Views_Execution_Update_Legacy_Paras.js","557","var referenceTypeText = $('#referenceTypeSelect option:selected').text();"
"text_write","C:\Users\Asad Ali\Documents\GitHub\HTTPS-IAS-Production\AIS\wwwroot\js\csp\Views_Execution_Update_Legacy_Paras_FAD.js","170","$(""#grandtotal"").text(grandTotal.toFixed(2));"
"text_write","C:\Users\Asad Ali\Documents\GitHub\HTTPS-IAS-Production\AIS\wwwroot\js\csp\Views_Execution_Update_Legacy_Paras_HO.js","59","'ENTITY_NAME': $('#entityReportSelectField option:selected').text()"
"text_write","C:\Users\Asad Ali\Documents\GitHub\HTTPS-IAS-Production\AIS\wwwroot\js\csp\Views_FAD_FAD_TASK_observation_review.js","8","return $('<div>').text(text).html();"
"text_write","C:\Users\Asad Ali\Documents\GitHub\HTTPS-IAS-Production\AIS\wwwroot\js\csp\Views_FieldAuditReport_FinalizeReport.js","37","const responseText = await response.text();"
"text_write","C:\Users\Asad Ali\Documents\GitHub\HTTPS-IAS-Production\AIS\wwwroot\js\csp\Views_HM_ManageSbpPassword.js","59","const text = await response.text();"
"text_write","C:\Users\Asad Ali\Documents\GitHub\HTTPS-IAS-Production\AIS\wwwroot\js\csp\Views_HM_SbpObservationHistory.js","155","$('#pageParaId').text(currentParaId > 0 ? currentParaId : '-');"
"text_write","C:\Users\Asad Ali\Documents\GitHub\HTTPS-IAS-Production\AIS\wwwroot\js\csp\Views_HM_SbpObservationHistory.js","247","$('#pageParaId').text(currentParaId);"
"text_write","C:\Users\Asad Ali\Documents\GitHub\HTTPS-IAS-Production\AIS\wwwroot\js\csp\Views_HM_SbpObservationHistory.js","314","return response.text().then(function (text) {"
"text_write","C:\Users\Asad Ali\Documents\GitHub\HTTPS-IAS-Production\AIS\wwwroot\js\csp\Views_HM_SbpObservationHistory.js","469","$('#summaryParaId').text(effectiveParaId > 0 ? effectiveParaId : '-');"
"text_write","C:\Users\Asad Ali\Documents\GitHub\HTTPS-IAS-Production\AIS\wwwroot\js\csp\Views_HM_SbpObservationHistory.js","470","$('#summaryRefNo').text(item?.Ref_No || currentRefNo || '-');"
"text_write","C:\Users\Asad Ali\Documents\GitHub\HTTPS-IAS-Production\AIS\wwwroot\js\csp\Views_HM_SbpObservationHistory.js","471","$('#summaryFunction').text(item?.Function_Name || '-');"
"text_write","C:\Users\Asad Ali\Documents\GitHub\HTTPS-IAS-Production\AIS\wwwroot\js\csp\Views_HM_SbpObservationHistory.js","472","$('#summaryPara').text(item?.Para_No || '-');"
"text_write","C:\Users\Asad Ali\Documents\GitHub\HTTPS-IAS-Production\AIS\wwwroot\js\csp\Views_HM_SbpObservationHistory.js","478","$('#summaryParaId').text('-');"
"text_write","C:\Users\Asad Ali\Documents\GitHub\HTTPS-IAS-Production\AIS\wwwroot\js\csp\Views_HM_SbpObservationHistory.js","479","$('#summaryRefNo').text('-');"
"text_write","C:\Users\Asad Ali\Documents\GitHub\HTTPS-IAS-Production\AIS\wwwroot\js\csp\Views_HM_SbpObservationHistory.js","480","$('#summaryFunction').text('-');"
"text_write","C:\Users\Asad Ali\Documents\GitHub\HTTPS-IAS-Production\AIS\wwwroot\js\csp\Views_HM_SbpObservationHistory.js","481","$('#summaryPara').text('-');"
"text_write","C:\Users\Asad Ali\Documents\GitHub\HTTPS-IAS-Production\AIS\wwwroot\js\csp\Views_HM_SbpObservationHistory.js","572","$modal.find('.modal-title').text('Update Management Response');"
"text_write","C:\Users\Asad Ali\Documents\GitHub\HTTPS-IAS-Production\AIS\wwwroot\js\csp\Views_HM_SbpObservationHistory.js","573","$modal.find('.btn-success').text('Update Response');"
"text_write","C:\Users\Asad Ali\Documents\GitHub\HTTPS-IAS-Production\AIS\wwwroot\js\csp\Views_HM_SbpObservationHistory.js","583","const fromDom = ($('#avatarEmpName').text() || '').trim();"
"text_write","C:\Users\Asad Ali\Documents\GitHub\HTTPS-IAS-Production\AIS\wwwroot\js\csp\Views_HM_SbpObservationHistory.js","686","return $('<div/>').text(value ?? '').html();"
"text_write","C:\Users\Asad Ali\Documents\GitHub\HTTPS-IAS-Production\AIS\wwwroot\js\csp\Views_Home_Index.js","187","const raw = await res.text();"
"text_write","C:\Users\Asad Ali\Documents\GitHub\HTTPS-IAS-Production\AIS\wwwroot\js\csp\Views_IID_Analysis.js","87","$('#reportLinks').text('No files available.');"
"text_write","C:\Users\Asad Ali\Documents\GitHub\HTTPS-IAS-Production\AIS\wwwroot\js\csp\Views_IID_FinalApproval.js","87","$('#reportLinks').text('No files available.');"
"text_write","C:\Users\Asad Ali\Documents\GitHub\HTTPS-IAS-Production\AIS\wwwroot\js\csp\Views_IID_HeadReview.js","8","$('#iidAlertTitle').text(title || 'Message');"
"text_write","C:\Users\Asad Ali\Documents\GitHub\HTTPS-IAS-Production\AIS\wwwroot\js\csp\Views_IID_HeadReview.js","9","$('#iidAlertBody').text(message || '');"
"text_write","C:\Users\Asad Ali\Documents\GitHub\HTTPS-IAS-Production\AIS\wwwroot\js\csp\Views_IID_HeadReview.js","47","$('#assessmentText').text(normalized.Assessment || '');"
"text_write","C:\Users\Asad Ali\Documents\GitHub\HTTPS-IAS-Production\AIS\wwwroot\js\csp\Views_IID_HeadReview.js","48","$('#assessmentRecommendation').text(normalized.Recommendation || '');"
"text_write","C:\Users\Asad Ali\Documents\GitHub\HTTPS-IAS-Production\AIS\wwwroot\js\csp\Views_IID_InitialAssessment.js","7","$('#iidAlertTitle').text(title || 'Message');"
"text_write","C:\Users\Asad Ali\Documents\GitHub\HTTPS-IAS-Production\AIS\wwwroot\js\csp\Views_IID_InitialAssessment.js","8","$('#iidAlertBody').text(message || '');"
"text_write","C:\Users\Asad Ali\Documents\GitHub\HTTPS-IAS-Production\AIS\wwwroot\js\csp\Views_IID_InquiryReport.js","67","function esc(v){ return $('<div/>').text(v || '').html(); }"
"text_write","C:\Users\Asad Ali\Documents\GitHub\HTTPS-IAS-Production\AIS\wwwroot\js\csp\Views_IID_InquiryReport.js","106","$alert.text(finalMessage);"
"text_write","C:\Users\Asad Ali\Documents\GitHub\HTTPS-IAS-Production\AIS\wwwroot\js\csp\Views_IID_InquiryReport.js","150","$('#stepCounter').text('Step ' + stepNumber + ' of ' + pos.total);"
"text_write","C:\Users\Asad Ali\Documents\GitHub\HTTPS-IAS-Production\AIS\wwwroot\js\csp\Views_IID_InquiryReport.js","314","$('#findingsStatusSummary').text('Saved: ' + savedCount + ' / Total: ' + rows.length);"
"text_write","C:\Users\Asad Ali\Documents\GitHub\HTTPS-IAS-Production\AIS\wwwroot\js\csp\Views_IID_InquiryReport.js","1142","$('#headerComplainantName').text(state.complainantName || 'N/A');"
"text_write","C:\Users\Asad Ali\Documents\GitHub\HTTPS-IAS-Production\AIS\wwwroot\js\csp\Views_IID_InquiryReport.js","1143","$('#iidComplaintHiddenCache').text(JSON.stringify(c));"
"text_write","C:\Users\Asad Ali\Documents\GitHub\HTTPS-IAS-Production\AIS\wwwroot\js\csp\Views_IID_InquiryReport.js","1153","$('#reportStatusBadge').removeClass('bg-secondary').addClass('bg-success').text('Submitted');"
"text_write","C:\Users\Asad Ali\Documents\GitHub\HTTPS-IAS-Production\AIS\wwwroot\js\csp\Views_IID_InvestigationPlan.js","13","$('#iidAlertTitle').text(title || 'Message');"
"text_write","C:\Users\Asad Ali\Documents\GitHub\HTTPS-IAS-Production\AIS\wwwroot\js\csp\Views_IID_InvestigationPlan.js","14","$('#iidAlertBody').text(message || '');"
"text_write","C:\Users\Asad Ali\Documents\GitHub\HTTPS-IAS-Production\AIS\wwwroot\js\csp\Views_IID_InvestigationPlan.js","39","$('#assessmentText').text(normalized.Assessment || '');"
"text_write","C:\Users\Asad Ali\Documents\GitHub\HTTPS-IAS-Production\AIS\wwwroot\js\csp\Views_IID_InvestigationPlan.js","40","$('#assessmentRecommendation').text(normalized.Recommendation || '');"
"text_write","C:\Users\Asad Ali\Documents\GitHub\HTTPS-IAS-Production\AIS\wwwroot\js\csp\Views_IID_InvestigationPlan.js","41","$('#assessmentUnit').text(normalized.AssignedUnit || '');"
"text_write","C:\Users\Asad Ali\Documents\GitHub\HTTPS-IAS-Production\AIS\wwwroot\js\csp\Views_IID_PlanApproval.js","7","$('#iidAlertTitle').text(title || 'Message');"
"text_write","C:\Users\Asad Ali\Documents\GitHub\HTTPS-IAS-Production\AIS\wwwroot\js\csp\Views_IID_PlanApproval.js","8","$('#iidAlertBody').text(message || '');"
"text_write","C:\Users\Asad Ali\Documents\GitHub\HTTPS-IAS-Production\AIS\wwwroot\js\csp\Views_IID_PlanApproval.js","54","$body.append('<tr><td>' + $('<div/>').text(field.label).html() + '</td><td class=""text-break"">' + $('<div/>').text(String(value)).html() + '</td></tr>');"
"text_write","C:\Users\Asad Ali\Documents\GitHub\HTTPS-IAS-Production\AIS\wwwroot\js\csp\Views_IID_PlanApproval.js","70","$('#assessmentText').text(planRow.ASSESSMENT || planRow.assessment || $('#assessmentText').text());"
"text_write","C:\Users\Asad Ali\Documents\GitHub\HTTPS-IAS-Production\AIS\wwwroot\js\csp\Views_IID_PlanApproval.js","71","$('#assessmentRecommendation').text(planRow.RECOMMENDATION || planRow.recommendation || $('#assessmentRecommendation').text());"
"text_write","C:\Users\Asad Ali\Documents\GitHub\HTTPS-IAS-Production\AIS\wwwroot\js\csp\Views_IID_PlanApproval.js","72","$('#assessmentUnit').text(planRow.ASSIGNED_UNIT_ID || planRow.assignedUnitId || $('#assessmentUnit').text());"
"text_write","C:\Users\Asad Ali\Documents\GitHub\HTTPS-IAS-Production\AIS\wwwroot\js\csp\Views_IID_PlanApproval.js","92","$('#assessmentText').text(normalized.Assessment || '');"
"text_write","C:\Users\Asad Ali\Documents\GitHub\HTTPS-IAS-Production\AIS\wwwroot\js\csp\Views_IID_PlanApproval.js","93","$('#assessmentRecommendation').text(normalized.Recommendation || '');"
"text_write","C:\Users\Asad Ali\Documents\GitHub\HTTPS-IAS-Production\AIS\wwwroot\js\csp\Views_IID_PlanApproval.js","94","$('#assessmentUnit').text(normalized.AssignedUnit || '');"
"text_write","C:\Users\Asad Ali\Documents\GitHub\HTTPS-IAS-Production\AIS\wwwroot\js\csp\Views_IID_SubmitComplaint.js","3","$('#iidAlertTitle').text(title || 'Message');"
"text_write","C:\Users\Asad Ali\Documents\GitHub\HTTPS-IAS-Production\AIS\wwwroot\js\csp\Views_IID_SubmitComplaint.js","4","$('#iidAlertBody').text(message || '');"
"text_write","C:\Users\Asad Ali\Documents\GitHub\HTTPS-IAS-Production\AIS\wwwroot\js\csp\Views_IID_SubmitComplaint.js","15","var selectedText = $('#Source option:selected').text() || '';"
"text_write","C:\Users\Asad Ali\Documents\GitHub\HTTPS-IAS-Production\AIS\wwwroot\js\csp\Views_IID_SubmitComplaint.js","26","$manualLabel.text('HO Department Name');"
"text_write","C:\Users\Asad Ali\Documents\GitHub\HTTPS-IAS-Production\AIS\wwwroot\js\csp\Views_IID_SubmitComplaint.js","29","$manualLabel.text('Other Source Name');"
"text_write","C:\Users\Asad Ali\Documents\GitHub\HTTPS-IAS-Production\AIS\wwwroot\js\csp\Views_IID_SubmitComplaint.js","35","$manualLabel.text('Specify Source');"
"text_write","C:\Users\Asad Ali\Documents\GitHub\HTTPS-IAS-Production\AIS\wwwroot\js\csp\Views_Planning_audit_criteria.js","9","entityName = $('#auditCriteriaEntityField option:selected').text();"
"text_write","C:\Users\Asad Ali\Documents\GitHub\HTTPS-IAS-Production\AIS\wwwroot\js\csp\Views_Planning_audit_criteria.js","14","period = $('#auditCriteriaPeriodField option:selected').text();"
"text_write","C:\Users\Asad Ali\Documents\GitHub\HTTPS-IAS-Production\AIS\wwwroot\js\csp\Views_Planning_audit_criteria.js","20","risk = $('#auditCriteriaRiskField option:selected').text();"
"text_write","C:\Users\Asad Ali\Documents\GitHub\HTTPS-IAS-Production\AIS\wwwroot\js\csp\Views_Planning_audit_criteria.js","24","freq = $('#auditCriteriaFreqField option:selected').text();"
"text_write","C:\Users\Asad Ali\Documents\GitHub\HTTPS-IAS-Production\AIS\wwwroot\js\csp\Views_Planning_audit_criteria.js","27","size = $('#auditCriteriaSizeField option:selected').text();"
"text_write","C:\Users\Asad Ali\Documents\GitHub\HTTPS-IAS-Production\AIS\wwwroot\js\csp\Views_Planning_audit_criteria.js","58","entityName = $('#auditCriteriaCADHUBField option:selected').text();"
"text_write","C:\Users\Asad Ali\Documents\GitHub\HTTPS-IAS-Production\AIS\wwwroot\js\csp\Views_Planning_audit_criteria_approval.js","7","$(this).toggle($(this).text().toLowerCase().indexOf(value) > -1);"
"text_write","C:\Users\Asad Ali\Documents\GitHub\HTTPS-IAS-Production\AIS\wwwroot\js\csp\Views_Planning_audit_criteria_approval.js","115","messageElement.text('');"
"text_write","C:\Users\Asad Ali\Documents\GitHub\HTTPS-IAS-Production\AIS\wwwroot\js\csp\Views_Planning_audit_criteria_approval.js","119","messageElement.text(message);"
"text_write","C:\Users\Asad Ali\Documents\GitHub\HTTPS-IAS-Production\AIS\wwwroot\js\csp\Views_Planning_post_changes_criteria.js","6","$(this).toggle($(this).text().toLowerCase().indexOf(value) > -1)"
"text_write","C:\Users\Asad Ali\Documents\GitHub\HTTPS-IAS-Production\AIS\wwwroot\js\csp\Views_Planning_refferedback_audit_criteria.js","6","$(this).toggle($(this).text().toLowerCase().indexOf(value) > -1)"
"text_write","C:\Users\Asad Ali\Documents\GitHub\HTTPS-IAS-Production\AIS\wwwroot\js\csp\Views_Planning_special_assignment.js","201","$('#auditorDept').text($('#deptSelectionBox option:selected').text());"
"text_write","C:\Users\Asad Ali\Documents\GitHub\HTTPS-IAS-Production\AIS\wwwroot\js\csp\Views_Planning_special_assignment.js","202","$('#auditorPlan').text($('#periodSelectionBox option:selected').text());"
"text_write","C:\Users\Asad Ali\Documents\GitHub\HTTPS-IAS-Production\AIS\wwwroot\js\csp\Views_Planning_special_assignment.js","203","$('#descModal_field').html($('#entitySelectionBox option:selected').text());"
"text_write","C:\Users\Asad Ali\Documents\GitHub\HTTPS-IAS-Production\AIS\wwwroot\js\csp\Views_Planning_special_assignment.js","205","$('#divzone_field').text($('#auditZoneSelectionBox option:selected').text());"
"text_write","C:\Users\Asad Ali\Documents\GitHub\HTTPS-IAS-Production\AIS\wwwroot\js\csp\Views_Planning_special_assignment.js","206","$('#deptBranch_field').text($('#branchSelectionBox option:selected').text());"
"text_write","C:\Users\Asad Ali\Documents\GitHub\HTTPS-IAS-Production\AIS\wwwroot\js\csp\Views_Planning_special_assignment.js","209","$('#divzone_field').text($('#divSelectionBox option:selected').text());"
"text_write","C:\Users\Asad Ali\Documents\GitHub\HTTPS-IAS-Production\AIS\wwwroot\js\csp\Views_Planning_special_assignment.js","210","$('#deptBranch_field').text($('#divDeptSelectionBox option:selected').text());"
"text_write","C:\Users\Asad Ali\Documents\GitHub\HTTPS-IAS-Production\AIS\wwwroot\js\csp\Views_Planning_special_assignment.js","223","$('#teamName_field').text($('#teamSelectionBox option:selected').text());"
"text_write","C:\Users\Asad Ali\Documents\GitHub\HTTPS-IAS-Production\AIS\wwwroot\js\csp\Views_Planning_special_assignment.js","227","if (team.name == $('#teamSelectionBox option:selected').text()) {"
"text_write","C:\Users\Asad Ali\Documents\GitHub\HTTPS-IAS-Production\AIS\wwwroot\js\csp\Views_Planning_staff_position.js","8","$(this).toggle($(this).find(""td.searchable"").text().toLowerCase().indexOf(value) > -1)"
"text_write","C:\Users\Asad Ali\Documents\GitHub\HTTPS-IAS-Production\AIS\wwwroot\js\csp\Views_Planning_staff_position.js","20","$(this).parent().parent().find('.userTypeField').text($(this).find('option:selected').text());"
"text_write","C:\Users\Asad Ali\Documents\GitHub\HTTPS-IAS-Production\AIS\wwwroot\js\csp\Views_Planning_team_members.js","5","$(this).toggle($(this).text().toLowerCase().indexOf(value) > -1)"
"text_write","C:\Users\Asad Ali\Documents\GitHub\HTTPS-IAS-Production\AIS\wwwroot\js\csp\Views_Planning_tentative_audit_plan.js","8","$(this).toggle($(this).text().toLowerCase().indexOf(value) > -1)"
"text_write","C:\Users\Asad Ali\Documents\GitHub\HTTPS-IAS-Production\AIS\wwwroot\js\csp\Views_Planning_tentative_engagement_plan.js","68","$('#auditperiod_label').text(periodName);"
"text_write","C:\Users\Asad Ali\Documents\GitHub\HTTPS-IAS-Production\AIS\wwwroot\js\csp\Views_Planning_tentative_engagement_plan.js","69","$('#auditentity_label').text(entityName);"
"text_write","C:\Users\Asad Ali\Documents\GitHub\HTTPS-IAS-Production\AIS\wwwroot\js\csp\Views_Planning_tentative_engagement_plan.js","70","$('#risk_label').text(risk);"
"text_write","C:\Users\Asad Ali\Documents\GitHub\HTTPS-IAS-Production\AIS\wwwroot\js\csp\Views_Planning_tentative_engagement_plan.js","71","$('#size_label').text(size);"
"text_write","C:\Users\Asad Ali\Documents\GitHub\HTTPS-IAS-Production\AIS\wwwroot\js\csp\Views_Planning_tentative_engagement_plan.js","72","$('#frequency_label').text(freq);"
"text_write","C:\Users\Asad Ali\Documents\GitHub\HTTPS-IAS-Production\AIS\wwwroot\js\csp\Views_Planning_tentative_engagement_plan.js","73","$('#days_label').text(days);"
"text_write","C:\Users\Asad Ali\Documents\GitHub\HTTPS-IAS-Production\AIS\wwwroot\js\csp\Views_Planning_tentative_engagement_plan.js","98","var numAdd = parseInt($('#days_label').text());"
"text_write","C:\Users\Asad Ali\Documents\GitHub\HTTPS-IAS-Production\AIS\wwwroot\js\csp\Views_Planning_tentative_engagement_plan.js","174","$('#auditorDept').text($('#deptSelectionBox option:selected').text());"
"text_write","C:\Users\Asad Ali\Documents\GitHub\HTTPS-IAS-Production\AIS\wwwroot\js\csp\Views_Planning_tentative_engagement_plan.js","175","$('#auditorPlan').text($('#periodSelectionBox option:selected').text());"
"text_write","C:\Users\Asad Ali\Documents\GitHub\HTTPS-IAS-Production\AIS\wwwroot\js\csp\Views_Planning_tentative_engagement_plan.js","176","$('#descModal_field').html($('#entitySelectionBox option:selected').text());"
"text_write","C:\Users\Asad Ali\Documents\GitHub\HTTPS-IAS-Production\AIS\wwwroot\js\csp\Views_Planning_tentative_engagement_plan.js","178","$('#divzone_field').text($('#auditZoneSelectionBox option:selected').text());"
"text_write","C:\Users\Asad Ali\Documents\GitHub\HTTPS-IAS-Production\AIS\wwwroot\js\csp\Views_Planning_tentative_engagement_plan.js","179","$('#deptBranch_field').text($('#branchSelectionBox option:selected').text());"
"text_write","C:\Users\Asad Ali\Documents\GitHub\HTTPS-IAS-Production\AIS\wwwroot\js\csp\Views_Planning_tentative_engagement_plan.js","182","$('#divzone_field').text($('#divSelectionBox option:selected').text());"
"text_write","C:\Users\Asad Ali\Documents\GitHub\HTTPS-IAS-Production\AIS\wwwroot\js\csp\Views_Planning_tentative_engagement_plan.js","183","$('#deptBranch_field').text($('#divDeptSelectionBox option:selected').text());"
"text_write","C:\Users\Asad Ali\Documents\GitHub\HTTPS-IAS-Production\AIS\wwwroot\js\csp\Views_Planning_tentative_engagement_plan.js","196","$('#teamName_field').text($('#teamSelectionBox option:selected').text());"
"text_write","C:\Users\Asad Ali\Documents\GitHub\HTTPS-IAS-Production\AIS\wwwroot\js\csp\Views_Planning_tentative_engagement_plan.js","200","if (team.name == $('#teamSelectionBox option:selected').text()) {"
"text_write","C:\Users\Asad Ali\Documents\GitHub\HTTPS-IAS-Production\AIS\wwwroot\js\csp\Views_Planning_tentative_engagement_plan.js","260","'TEAM_NAME': $('#auditTeam_box option:selected').text(),"
"text_write","C:\Users\Asad Ali\Documents\GitHub\HTTPS-IAS-Production\AIS\wwwroot\js\csp\Views_Planning_tentative_engagement_plan.js","313","$('#listOfEmployeeTeam tbody #teamcode_' + team.code + ' .empMembers').text(prevText + team.employeename + '(' + team.teammembeR_ID + ')');"
"text_write","C:\Users\Asad Ali\Documents\GitHub\HTTPS-IAS-Production\AIS\wwwroot\js\csp\Views_Reports_aging_observations.js","153","$('#auditorDept').text($('#deptSelectionBox option:selected').text());"
"text_write","C:\Users\Asad Ali\Documents\GitHub\HTTPS-IAS-Production\AIS\wwwroot\js\csp\Views_Reports_aging_observations.js","154","$('#auditorPlan').text($('#periodSelectionBox option:selected').text());"
"text_write","C:\Users\Asad Ali\Documents\GitHub\HTTPS-IAS-Production\AIS\wwwroot\js\csp\Views_Reports_aging_observations.js","155","$('#descModal_field').html($('#entitySelectionBox option:selected').text());"
"text_write","C:\Users\Asad Ali\Documents\GitHub\HTTPS-IAS-Production\AIS\wwwroot\js\csp\Views_Reports_aging_observations.js","157","$('#divzone_field').text($('#auditZoneSelectionBox option:selected').text());"
"text_write","C:\Users\Asad Ali\Documents\GitHub\HTTPS-IAS-Production\AIS\wwwroot\js\csp\Views_Reports_aging_observations.js","158","$('#deptBranch_field').text($('#branchSelectionBox option:selected').text());"
"text_write","C:\Users\Asad Ali\Documents\GitHub\HTTPS-IAS-Production\AIS\wwwroot\js\csp\Views_Reports_aging_observations.js","161","$('#divzone_field').text($('#divSelectionBox option:selected').text());"
"text_write","C:\Users\Asad Ali\Documents\GitHub\HTTPS-IAS-Production\AIS\wwwroot\js\csp\Views_Reports_aging_observations.js","162","$('#deptBranch_field').text($('#divDeptSelectionBox option:selected').text());"
"text_write","C:\Users\Asad Ali\Documents\GitHub\HTTPS-IAS-Production\AIS\wwwroot\js\csp\Views_Reports_aging_observations.js","175","$('#teamName_field').text($('#teamSelectionBox option:selected').text());"
"text_write","C:\Users\Asad Ali\Documents\GitHub\HTTPS-IAS-Production\AIS\wwwroot\js\csp\Views_Reports_aging_observations.js","179","if (team.name == $('#teamSelectionBox option:selected').text()) {"
"text_write","C:\Users\Asad Ali\Documents\GitHub\HTTPS-IAS-Production\AIS\wwwroot\js\csp\Views_Reports_annexure_exercise_status.js","5","$(this).toggle($(this).text().toLowerCase().indexOf(value) > -1)"
"text_write","C:\Users\Asad Ali\Documents\GitHub\HTTPS-IAS-Production\AIS\wwwroot\js\csp\Views_Reports_audit_para_recon.js","5","$(this).toggle($(this).text().toLowerCase().indexOf(value) > -1)"
"text_write","C:\Users\Asad Ali\Documents\GitHub\HTTPS-IAS-Production\AIS\wwwroot\js\csp\Views_Reports_Audit_Plan_Engagement.js","6","$(this).toggle($(this).text().toLowerCase().indexOf(value) > -1)"
"text_write","C:\Users\Asad Ali\Documents\GitHub\HTTPS-IAS-Production\AIS\wwwroot\js\csp\Views_Reports_audit_plan_report.js","8","$(this).toggle($(this).text().toLowerCase().indexOf(value) > -1)"
"text_write","C:\Users\Asad Ali\Documents\GitHub\HTTPS-IAS-Production\AIS\wwwroot\js\csp\Views_Reports_audit_typewise_report.js","151","$('#auditorDept').text($('#deptSelectionBox option:selected').text());"
"text_write","C:\Users\Asad Ali\Documents\GitHub\HTTPS-IAS-Production\AIS\wwwroot\js\csp\Views_Reports_audit_typewise_report.js","152","$('#auditorPlan').text($('#periodSelectionBox option:selected').text());"
"text_write","C:\Users\Asad Ali\Documents\GitHub\HTTPS-IAS-Production\AIS\wwwroot\js\csp\Views_Reports_audit_typewise_report.js","153","$('#descModal_field').html($('#entitySelectionBox option:selected').text());"
"text_write","C:\Users\Asad Ali\Documents\GitHub\HTTPS-IAS-Production\AIS\wwwroot\js\csp\Views_Reports_audit_typewise_report.js","155","$('#divzone_field').text($('#auditZoneSelectionBox option:selected').text());"
"text_write","C:\Users\Asad Ali\Documents\GitHub\HTTPS-IAS-Production\AIS\wwwroot\js\csp\Views_Reports_audit_typewise_report.js","156","$('#deptBranch_field').text($('#branchSelectionBox option:selected').text());"
"text_write","C:\Users\Asad Ali\Documents\GitHub\HTTPS-IAS-Production\AIS\wwwroot\js\csp\Views_Reports_audit_typewise_report.js","159","$('#divzone_field').text($('#divSelectionBox option:selected').text());"
"text_write","C:\Users\Asad Ali\Documents\GitHub\HTTPS-IAS-Production\AIS\wwwroot\js\csp\Views_Reports_audit_typewise_report.js","160","$('#deptBranch_field').text($('#divDeptSelectionBox option:selected').text());"
"text_write","C:\Users\Asad Ali\Documents\GitHub\HTTPS-IAS-Production\AIS\wwwroot\js\csp\Views_Reports_audit_typewise_report.js","173","$('#teamName_field').text($('#teamSelectionBox option:selected').text());"
"text_write","C:\Users\Asad Ali\Documents\GitHub\HTTPS-IAS-Production\AIS\wwwroot\js\csp\Views_Reports_audit_typewise_report.js","177","if (team.name == $('#teamSelectionBox option:selected').text()) {"
"text_write","C:\Users\Asad Ali\Documents\GitHub\HTTPS-IAS-Production\AIS\wwwroot\js\csp\Views_Reports_br_au_pos.js","151","$('#auditorDept').text($('#deptSelectionBox option:selected').text());"
"text_write","C:\Users\Asad Ali\Documents\GitHub\HTTPS-IAS-Production\AIS\wwwroot\js\csp\Views_Reports_br_au_pos.js","152","$('#auditorPlan').text($('#periodSelectionBox option:selected').text());"
"text_write","C:\Users\Asad Ali\Documents\GitHub\HTTPS-IAS-Production\AIS\wwwroot\js\csp\Views_Reports_br_au_pos.js","153","$('#descModal_field').html($('#entitySelectionBox option:selected').text());"
"text_write","C:\Users\Asad Ali\Documents\GitHub\HTTPS-IAS-Production\AIS\wwwroot\js\csp\Views_Reports_br_au_pos.js","155","$('#divzone_field').text($('#auditZoneSelectionBox option:selected').text());"
"text_write","C:\Users\Asad Ali\Documents\GitHub\HTTPS-IAS-Production\AIS\wwwroot\js\csp\Views_Reports_br_au_pos.js","156","$('#deptBranch_field').text($('#branchSelectionBox option:selected').text());"
"text_write","C:\Users\Asad Ali\Documents\GitHub\HTTPS-IAS-Production\AIS\wwwroot\js\csp\Views_Reports_br_au_pos.js","159","$('#divzone_field').text($('#divSelectionBox option:selected').text());"
"text_write","C:\Users\Asad Ali\Documents\GitHub\HTTPS-IAS-Production\AIS\wwwroot\js\csp\Views_Reports_br_au_pos.js","160","$('#deptBranch_field').text($('#divDeptSelectionBox option:selected').text());"
"text_write","C:\Users\Asad Ali\Documents\GitHub\HTTPS-IAS-Production\AIS\wwwroot\js\csp\Views_Reports_br_au_pos.js","173","$('#teamName_field').text($('#teamSelectionBox option:selected').text());"
"text_write","C:\Users\Asad Ali\Documents\GitHub\HTTPS-IAS-Production\AIS\wwwroot\js\csp\Views_Reports_br_au_pos.js","177","if (team.name == $('#teamSelectionBox option:selected').text()) {"
"text_write","C:\Users\Asad Ali\Documents\GitHub\HTTPS-IAS-Production\AIS\wwwroot\js\csp\Views_Reports_cad_isad_achievement.js","151","$('#auditorDept').text($('#deptSelectionBox option:selected').text());"
"text_write","C:\Users\Asad Ali\Documents\GitHub\HTTPS-IAS-Production\AIS\wwwroot\js\csp\Views_Reports_cad_isad_achievement.js","152","$('#auditorPlan').text($('#periodSelectionBox option:selected').text());"
"text_write","C:\Users\Asad Ali\Documents\GitHub\HTTPS-IAS-Production\AIS\wwwroot\js\csp\Views_Reports_cad_isad_achievement.js","153","$('#descModal_field').html($('#entitySelectionBox option:selected').text());"
"text_write","C:\Users\Asad Ali\Documents\GitHub\HTTPS-IAS-Production\AIS\wwwroot\js\csp\Views_Reports_cad_isad_achievement.js","155","$('#divzone_field').text($('#auditZoneSelectionBox option:selected').text());"
"text_write","C:\Users\Asad Ali\Documents\GitHub\HTTPS-IAS-Production\AIS\wwwroot\js\csp\Views_Reports_cad_isad_achievement.js","156","$('#deptBranch_field').text($('#branchSelectionBox option:selected').text());"
"text_write","C:\Users\Asad Ali\Documents\GitHub\HTTPS-IAS-Production\AIS\wwwroot\js\csp\Views_Reports_cad_isad_achievement.js","159","$('#divzone_field').text($('#divSelectionBox option:selected').text());"
"text_write","C:\Users\Asad Ali\Documents\GitHub\HTTPS-IAS-Production\AIS\wwwroot\js\csp\Views_Reports_cad_isad_achievement.js","160","$('#deptBranch_field').text($('#divDeptSelectionBox option:selected').text());"
"text_write","C:\Users\Asad Ali\Documents\GitHub\HTTPS-IAS-Production\AIS\wwwroot\js\csp\Views_Reports_cad_isad_achievement.js","173","$('#teamName_field').text($('#teamSelectionBox option:selected').text());"
"text_write","C:\Users\Asad Ali\Documents\GitHub\HTTPS-IAS-Production\AIS\wwwroot\js\csp\Views_Reports_cad_isad_achievement.js","177","if (team.name == $('#teamSelectionBox option:selected').text()) {"
"text_write","C:\Users\Asad Ali\Documents\GitHub\HTTPS-IAS-Production\AIS\wwwroot\js\csp\Views_Reports_department_performance.js","20","defaultButtonText = $findButton.text();"
"text_write","C:\Users\Asad Ali\Documents\GitHub\HTTPS-IAS-Production\AIS\wwwroot\js\csp\Views_Reports_department_performance.js","153","const originalText = defaultButtonText || $findButton.text();"
"text_write","C:\Users\Asad Ali\Documents\GitHub\HTTPS-IAS-Production\AIS\wwwroot\js\csp\Views_Reports_department_performance.js","154","$findButton.prop('disabled', true).text('Loading...');"
"text_write","C:\Users\Asad Ali\Documents\GitHub\HTTPS-IAS-Production\AIS\wwwroot\js\csp\Views_Reports_department_performance.js","190","$findButton.prop('disabled', false).text(originalText);"
"text_write","C:\Users\Asad Ali\Documents\GitHub\HTTPS-IAS-Production\AIS\wwwroot\js\csp\Views_Reports_department_performance.js","230","$table.append($('<caption>').addClass('visually-hidden').text('Summary totals for the selected department'));"
"text_write","C:\Users\Asad Ali\Documents\GitHub\HTTPS-IAS-Production\AIS\wwwroot\js\csp\Views_Reports_department_performance.js","271","$table.append($('<caption>').addClass('visually-hidden').text('Detail of audit performed'));"
"text_write","C:\Users\Asad Ali\Documents\GitHub\HTTPS-IAS-Production\AIS\wwwroot\js\csp\Views_Reports_department_performance.js","327","$table.append($('<caption>').addClass('visually-hidden').text('Department performance filtered by audit zone'));"
"text_write","C:\Users\Asad Ali\Documents\GitHub\HTTPS-IAS-Production\AIS\wwwroot\js\csp\Views_Reports_department_performance.js","385","$table.append($('<caption>').addClass('visually-hidden').text('Auditor performance for the selected filters'));"
"text_write","C:\Users\Asad Ali\Documents\GitHub\HTTPS-IAS-Production\AIS\wwwroot\js\csp\Views_Reports_department_performance.js","556","$messageArea.text('');"
"text_write","C:\Users\Asad Ali\Documents\GitHub\HTTPS-IAS-Production\AIS\wwwroot\js\csp\Views_Reports_department_performance.js","570","$messageArea.text(message);"
"text_write","C:\Users\Asad Ali\Documents\GitHub\HTTPS-IAS-Production\AIS\wwwroot\js\csp\Views_Reports_dept_wise_outstanding_paras.js","19","$('#reportRefDate').text(summaryDate);"
"text_write","C:\Users\Asad Ali\Documents\GitHub\HTTPS-IAS-Production\AIS\wwwroot\js\csp\Views_Reports_dept_wise_outstanding_paras.js","20","$('#reportTruncMode').text(truncLabel);"
"text_write","C:\Users\Asad Ali\Documents\GitHub\HTTPS-IAS-Production\AIS\wwwroot\js\csp\Views_Reports_dept_wise_outstanding_paras.js","21","$('#entityOutstandingParasCaption').text('Position as on: ' + summaryDate + ' | TRUNC mode: ' + truncLabel);"
"text_write","C:\Users\Asad Ali\Documents\GitHub\HTTPS-IAS-Production\AIS\wwwroot\js\csp\Views_Reports_dept_wise_outstanding_paras.js","49","$(this).toggle($(this).text().toLowerCase().indexOf(value) > -1)"
"text_write","C:\Users\Asad Ali\Documents\GitHub\HTTPS-IAS-Production\AIS\wwwroot\js\csp\Views_Reports_dept_wise_outstanding_paras.js","174","var existingValue = toNumber($(cellSelector).text());"
"text_write","C:\Users\Asad Ali\Documents\GitHub\HTTPS-IAS-Production\AIS\wwwroot\js\csp\Views_Reports_div_out_paras.js","151","$('#auditorDept').text($('#deptSelectionBox option:selected').text());"
"text_write","C:\Users\Asad Ali\Documents\GitHub\HTTPS-IAS-Production\AIS\wwwroot\js\csp\Views_Reports_div_out_paras.js","152","$('#auditorPlan').text($('#periodSelectionBox option:selected').text());"
"text_write","C:\Users\Asad Ali\Documents\GitHub\HTTPS-IAS-Production\AIS\wwwroot\js\csp\Views_Reports_div_out_paras.js","153","$('#descModal_field').html($('#entitySelectionBox option:selected').text());"
"text_write","C:\Users\Asad Ali\Documents\GitHub\HTTPS-IAS-Production\AIS\wwwroot\js\csp\Views_Reports_div_out_paras.js","155","$('#divzone_field').text($('#auditZoneSelectionBox option:selected').text());"
"text_write","C:\Users\Asad Ali\Documents\GitHub\HTTPS-IAS-Production\AIS\wwwroot\js\csp\Views_Reports_div_out_paras.js","156","$('#deptBranch_field').text($('#branchSelectionBox option:selected').text());"
"text_write","C:\Users\Asad Ali\Documents\GitHub\HTTPS-IAS-Production\AIS\wwwroot\js\csp\Views_Reports_div_out_paras.js","159","$('#divzone_field').text($('#divSelectionBox option:selected').text());"
"text_write","C:\Users\Asad Ali\Documents\GitHub\HTTPS-IAS-Production\AIS\wwwroot\js\csp\Views_Reports_div_out_paras.js","160","$('#deptBranch_field').text($('#divDeptSelectionBox option:selected').text());"
"text_write","C:\Users\Asad Ali\Documents\GitHub\HTTPS-IAS-Production\AIS\wwwroot\js\csp\Views_Reports_div_out_paras.js","173","$('#teamName_field').text($('#teamSelectionBox option:selected').text());"
"text_write","C:\Users\Asad Ali\Documents\GitHub\HTTPS-IAS-Production\AIS\wwwroot\js\csp\Views_Reports_div_out_paras.js","177","if (team.name == $('#teamSelectionBox option:selected').text()) {"
"text_write","C:\Users\Asad Ali\Documents\GitHub\HTTPS-IAS-Production\AIS\wwwroot\js\csp\Views_Reports_div_seg_paras.js","151","$('#auditorDept').text($('#deptSelectionBox option:selected').text());"
"text_write","C:\Users\Asad Ali\Documents\GitHub\HTTPS-IAS-Production\AIS\wwwroot\js\csp\Views_Reports_div_seg_paras.js","152","$('#auditorPlan').text($('#periodSelectionBox option:selected').text());"
"text_write","C:\Users\Asad Ali\Documents\GitHub\HTTPS-IAS-Production\AIS\wwwroot\js\csp\Views_Reports_div_seg_paras.js","153","$('#descModal_field').html($('#entitySelectionBox option:selected').text());"
"text_write","C:\Users\Asad Ali\Documents\GitHub\HTTPS-IAS-Production\AIS\wwwroot\js\csp\Views_Reports_div_seg_paras.js","155","$('#divzone_field').text($('#auditZoneSelectionBox option:selected').text());"
"text_write","C:\Users\Asad Ali\Documents\GitHub\HTTPS-IAS-Production\AIS\wwwroot\js\csp\Views_Reports_div_seg_paras.js","156","$('#deptBranch_field').text($('#branchSelectionBox option:selected').text());"
"text_write","C:\Users\Asad Ali\Documents\GitHub\HTTPS-IAS-Production\AIS\wwwroot\js\csp\Views_Reports_div_seg_paras.js","159","$('#divzone_field').text($('#divSelectionBox option:selected').text());"
"text_write","C:\Users\Asad Ali\Documents\GitHub\HTTPS-IAS-Production\AIS\wwwroot\js\csp\Views_Reports_div_seg_paras.js","160","$('#deptBranch_field').text($('#divDeptSelectionBox option:selected').text());"
"text_write","C:\Users\Asad Ali\Documents\GitHub\HTTPS-IAS-Production\AIS\wwwroot\js\csp\Views_Reports_div_seg_paras.js","173","$('#teamName_field').text($('#teamSelectionBox option:selected').text());"
"text_write","C:\Users\Asad Ali\Documents\GitHub\HTTPS-IAS-Production\AIS\wwwroot\js\csp\Views_Reports_div_seg_paras.js","177","if (team.name == $('#teamSelectionBox option:selected').text()) {"
"text_write","C:\Users\Asad Ali\Documents\GitHub\HTTPS-IAS-Production\AIS\wwwroot\js\csp\Views_Reports_emp_info.js","151","$('#auditorDept').text($('#deptSelectionBox option:selected').text());"
"text_write","C:\Users\Asad Ali\Documents\GitHub\HTTPS-IAS-Production\AIS\wwwroot\js\csp\Views_Reports_emp_info.js","152","$('#auditorPlan').text($('#periodSelectionBox option:selected').text());"
"text_write","C:\Users\Asad Ali\Documents\GitHub\HTTPS-IAS-Production\AIS\wwwroot\js\csp\Views_Reports_emp_info.js","153","$('#descModal_field').html($('#entitySelectionBox option:selected').text());"
"text_write","C:\Users\Asad Ali\Documents\GitHub\HTTPS-IAS-Production\AIS\wwwroot\js\csp\Views_Reports_emp_info.js","155","$('#divzone_field').text($('#auditZoneSelectionBox option:selected').text());"
"text_write","C:\Users\Asad Ali\Documents\GitHub\HTTPS-IAS-Production\AIS\wwwroot\js\csp\Views_Reports_emp_info.js","156","$('#deptBranch_field').text($('#branchSelectionBox option:selected').text());"
"text_write","C:\Users\Asad Ali\Documents\GitHub\HTTPS-IAS-Production\AIS\wwwroot\js\csp\Views_Reports_emp_info.js","159","$('#divzone_field').text($('#divSelectionBox option:selected').text());"
"text_write","C:\Users\Asad Ali\Documents\GitHub\HTTPS-IAS-Production\AIS\wwwroot\js\csp\Views_Reports_emp_info.js","160","$('#deptBranch_field').text($('#divDeptSelectionBox option:selected').text());"
"text_write","C:\Users\Asad Ali\Documents\GitHub\HTTPS-IAS-Production\AIS\wwwroot\js\csp\Views_Reports_emp_info.js","173","$('#teamName_field').text($('#teamSelectionBox option:selected').text());"
"text_write","C:\Users\Asad Ali\Documents\GitHub\HTTPS-IAS-Production\AIS\wwwroot\js\csp\Views_Reports_emp_info.js","177","if (team.name == $('#teamSelectionBox option:selected').text()) {"
"text_write","C:\Users\Asad Ali\Documents\GitHub\HTTPS-IAS-Production\AIS\wwwroot\js\csp\Views_Reports_exec_stats.js","151","$('#auditorDept').text($('#deptSelectionBox option:selected').text());"
"text_write","C:\Users\Asad Ali\Documents\GitHub\HTTPS-IAS-Production\AIS\wwwroot\js\csp\Views_Reports_exec_stats.js","152","$('#auditorPlan').text($('#periodSelectionBox option:selected').text());"
"text_write","C:\Users\Asad Ali\Documents\GitHub\HTTPS-IAS-Production\AIS\wwwroot\js\csp\Views_Reports_exec_stats.js","153","$('#descModal_field').html($('#entitySelectionBox option:selected').text());"
"text_write","C:\Users\Asad Ali\Documents\GitHub\HTTPS-IAS-Production\AIS\wwwroot\js\csp\Views_Reports_exec_stats.js","155","$('#divzone_field').text($('#auditZoneSelectionBox option:selected').text());"
"text_write","C:\Users\Asad Ali\Documents\GitHub\HTTPS-IAS-Production\AIS\wwwroot\js\csp\Views_Reports_exec_stats.js","156","$('#deptBranch_field').text($('#branchSelectionBox option:selected').text());"
"text_write","C:\Users\Asad Ali\Documents\GitHub\HTTPS-IAS-Production\AIS\wwwroot\js\csp\Views_Reports_exec_stats.js","159","$('#divzone_field').text($('#divSelectionBox option:selected').text());"
"text_write","C:\Users\Asad Ali\Documents\GitHub\HTTPS-IAS-Production\AIS\wwwroot\js\csp\Views_Reports_exec_stats.js","160","$('#deptBranch_field').text($('#divDeptSelectionBox option:selected').text());"
"text_write","C:\Users\Asad Ali\Documents\GitHub\HTTPS-IAS-Production\AIS\wwwroot\js\csp\Views_Reports_exec_stats.js","173","$('#teamName_field').text($('#teamSelectionBox option:selected').text());"
"text_write","C:\Users\Asad Ali\Documents\GitHub\HTTPS-IAS-Production\AIS\wwwroot\js\csp\Views_Reports_exec_stats.js","177","if (team.name == $('#teamSelectionBox option:selected').text()) {"
"text_write","C:\Users\Asad Ali\Documents\GitHub\HTTPS-IAS-Production\AIS\wwwroot\js\csp\Views_Reports_FAD_Aging_of_Audit_Paras_Monthly.js","5","$(this).toggle($(this).text().toLowerCase().indexOf(value) > -1)"
"text_write","C:\Users\Asad Ali\Documents\GitHub\HTTPS-IAS-Production\AIS\wwwroot\js\csp\Views_Reports_FAD_Branch_Audit_Status.js","5","$(this).toggle($(this).text().toLowerCase().indexOf(value) > -1)"
"text_write","C:\Users\Asad Ali\Documents\GitHub\HTTPS-IAS-Production\AIS\wwwroot\js\csp\Views_Reports_FAD_Branch_Risk_Rating.js","5","$(this).toggle($(this).text().toLowerCase().indexOf(value) > -1)"
"text_write","C:\Users\Asad Ali\Documents\GitHub\HTTPS-IAS-Production\AIS\wwwroot\js\csp\Views_Reports_FAD_Compliance_Pos_Fortnightly_FAD_Level.js","5","$(this).toggle($(this).text().toLowerCase().indexOf(value) > -1)"
"text_write","C:\Users\Asad Ali\Documents\GitHub\HTTPS-IAS-Production\AIS\wwwroot\js\csp\Views_Reports_FAD_Compliance_Pos_Fortnightly_Zone_Level.js","5","$(this).toggle($(this).text().toLowerCase().indexOf(value) > -1)"
"text_write","C:\Users\Asad Ali\Documents\GitHub\HTTPS-IAS-Production\AIS\wwwroot\js\csp\Views_Reports_FAD_DSA_Position_Fortnightly.js","5","$(this).toggle($(this).text().toLowerCase().indexOf(value) > -1)"
"text_write","C:\Users\Asad Ali\Documents\GitHub\HTTPS-IAS-Production\AIS\wwwroot\js\csp\Views_Reports_FAD_Gistwise_Details_Monthly.js","5","$(this).toggle($(this).text().toLowerCase().indexOf(value) > -1)"
"text_write","C:\Users\Asad Ali\Documents\GitHub\HTTPS-IAS-Production\AIS\wwwroot\js\csp\Views_Reports_FAD_HO_User_Legacy_Para_Performance.js","6","$(this).toggle($(this).text().toLowerCase().indexOf(value) > -1)"
"text_write","C:\Users\Asad Ali\Documents\GitHub\HTTPS-IAS-Production\AIS\wwwroot\js\csp\Views_Reports_FAD_Legacy_Para_Performance.js","5","$(this).toggle($(this).text().toLowerCase().indexOf(value) > -1)"
"text_write","C:\Users\Asad Ali\Documents\GitHub\HTTPS-IAS-Production\AIS\wwwroot\js\csp\Views_Reports_FAD_Legacy_User_Wise_Performance - Copy.js","6","$(this).toggle($(this).text().toLowerCase().indexOf(value) > -1)"
"text_write","C:\Users\Asad Ali\Documents\GitHub\HTTPS-IAS-Production\AIS\wwwroot\js\csp\Views_Reports_FAD_Legacy_Zone_Wise_Performance.js","5","$(this).toggle($(this).text().toLowerCase().indexOf(value) > -1)"
"text_write","C:\Users\Asad Ali\Documents\GitHub\HTTPS-IAS-Production\AIS\wwwroot\js\csp\Views_Reports_FAD_Monthly_Review.js","30","$('#totalOpeningBalance').text('0');"
"text_write","C:\Users\Asad Ali\Documents\GitHub\HTTPS-IAS-Production\AIS\wwwroot\js\csp\Views_Reports_FAD_Monthly_Review.js","31","$('#totalParaAdded').text('0');"
"text_write","C:\Users\Asad Ali\Documents\GitHub\HTTPS-IAS-Production\AIS\wwwroot\js\csp\Views_Reports_FAD_Monthly_Review.js","32","$('#totalCombined').text('0');"
"text_write","C:\Users\Asad Ali\Documents\GitHub\HTTPS-IAS-Production\AIS\wwwroot\js\csp\Views_Reports_FAD_Monthly_Review.js","33","$('#totalSettledAudit').text('0');"
"text_write","C:\Users\Asad Ali\Documents\GitHub\HTTPS-IAS-Production\AIS\wwwroot\js\csp\Views_Reports_FAD_Monthly_Review.js","34","$('#totalSettledCompliance').text('0');"
"text_write","C:\Users\Asad Ali\Documents\GitHub\HTTPS-IAS-Production\AIS\wwwroot\js\csp\Views_Reports_FAD_Monthly_Review.js","35","$('#totalOutstanding').text('0');"
"text_write","C:\Users\Asad Ali\Documents\GitHub\HTTPS-IAS-Production\AIS\wwwroot\js\csp\Views_Reports_FAD_Monthly_Review.js","36","$('#totalHighRisk').text('0');"
"text_write","C:\Users\Asad Ali\Documents\GitHub\HTTPS-IAS-Production\AIS\wwwroot\js\csp\Views_Reports_FAD_Monthly_Review.js","37","$('#totalMediumRisk').text('0');"
"text_write","C:\Users\Asad Ali\Documents\GitHub\HTTPS-IAS-Production\AIS\wwwroot\js\csp\Views_Reports_FAD_Monthly_Review.js","38","$('#totalLowRisk').text('0');"
"text_write","C:\Users\Asad Ali\Documents\GitHub\HTTPS-IAS-Production\AIS\wwwroot\js\csp\Views_Reports_FAD_Monthly_Review.js","42","$('#totalOpeningBalance').text(formatNumber(totals.openingBalance));"
"text_write","C:\Users\Asad Ali\Documents\GitHub\HTTPS-IAS-Production\AIS\wwwroot\js\csp\Views_Reports_FAD_Monthly_Review.js","43","$('#totalParaAdded').text(formatNumber(totals.paraAdded));"
"text_write","C:\Users\Asad Ali\Documents\GitHub\HTTPS-IAS-Production\AIS\wwwroot\js\csp\Views_Reports_FAD_Monthly_Review.js","44","$('#totalCombined').text(formatNumber(totals.totalCombined));"
"text_write","C:\Users\Asad Ali\Documents\GitHub\HTTPS-IAS-Production\AIS\wwwroot\js\csp\Views_Reports_FAD_Monthly_Review.js","45","$('#totalSettledAudit').text(formatNumber(totals.settledAudit));"
"text_write","C:\Users\Asad Ali\Documents\GitHub\HTTPS-IAS-Production\AIS\wwwroot\js\csp\Views_Reports_FAD_Monthly_Review.js","46","$('#totalSettledCompliance').text(formatNumber(totals.settledCompliance));"
"text_write","C:\Users\Asad Ali\Documents\GitHub\HTTPS-IAS-Production\AIS\wwwroot\js\csp\Views_Reports_FAD_Monthly_Review.js","47","$('#totalOutstanding').text(formatNumber(totals.outstanding));"
"text_write","C:\Users\Asad Ali\Documents\GitHub\HTTPS-IAS-Production\AIS\wwwroot\js\csp\Views_Reports_FAD_Monthly_Review.js","48","$('#totalHighRisk').text(formatNumber(totals.highRisk));"
"text_write","C:\Users\Asad Ali\Documents\GitHub\HTTPS-IAS-Production\AIS\wwwroot\js\csp\Views_Reports_FAD_Monthly_Review.js","49","$('#totalMediumRisk').text(formatNumber(totals.mediumRisk));"
"text_write","C:\Users\Asad Ali\Documents\GitHub\HTTPS-IAS-Production\AIS\wwwroot\js\csp\Views_Reports_FAD_Monthly_Review.js","50","$('#totalLowRisk').text(formatNumber(totals.lowRisk));"
"text_write","C:\Users\Asad Ali\Documents\GitHub\HTTPS-IAS-Production\AIS\wwwroot\js\csp\Views_Reports_FAD_New_Old_Para_Performance.js","5","$(this).toggle($(this).text().toLowerCase().indexOf(value) > -1)"
"text_write","C:\Users\Asad Ali\Documents\GitHub\HTTPS-IAS-Production\AIS\wwwroot\js\csp\Views_Reports_FAD_New_Para_Performance.js","5","$(this).toggle($(this).text().toLowerCase().indexOf(value) > -1)"
"text_write","C:\Users\Asad Ali\Documents\GitHub\HTTPS-IAS-Production\AIS\wwwroot\js\csp\Views_Reports_FAD_Process_Function_Wise_Analysis.js","5","$(this).toggle($(this).text().toLowerCase().indexOf(value) > -1)"
"text_write","C:\Users\Asad Ali\Documents\GitHub\HTTPS-IAS-Production\AIS\wwwroot\js\csp\Views_Reports_glhead_summary.js","7","$(this).toggle($(this).text().toLowerCase().indexOf(value) > -1)"
"text_write","C:\Users\Asad Ali\Documents\GitHub\HTTPS-IAS-Production\AIS\wwwroot\js\csp\Views_Reports_glhead_yearwise_summary.js","13","$(this).toggle($(this).text().toLowerCase().indexOf(value) > -1)"
"text_write","C:\Users\Asad Ali\Documents\GitHub\HTTPS-IAS-Production\AIS\wwwroot\js\csp\Views_Reports_group_wise_pages.js","7","$(this).toggle($(this).text().toLowerCase().indexOf(value) > -1)"
"text_write","C:\Users\Asad Ali\Documents\GitHub\HTTPS-IAS-Production\AIS\wwwroot\js\csp\Views_Reports_group_wise_users_count.js","9","$(this).toggle($(this).text().toLowerCase().indexOf(value) > -1)"
"text_write","C:\Users\Asad Ali\Documents\GitHub\HTTPS-IAS-Production\AIS\wwwroot\js\csp\Views_Reports_income_expenditure.js","13","$(this).toggle($(this).text().toLowerCase().indexOf(value) > -1)"
"text_write","C:\Users\Asad Ali\Documents\GitHub\HTTPS-IAS-Production\AIS\wwwroot\js\csp\Views_Reports_management_au_report_zonewise.js","151","$('#auditorDept').text($('#deptSelectionBox option:selected').text());"
"text_write","C:\Users\Asad Ali\Documents\GitHub\HTTPS-IAS-Production\AIS\wwwroot\js\csp\Views_Reports_management_au_report_zonewise.js","152","$('#auditorPlan').text($('#periodSelectionBox option:selected').text());"
"text_write","C:\Users\Asad Ali\Documents\GitHub\HTTPS-IAS-Production\AIS\wwwroot\js\csp\Views_Reports_management_au_report_zonewise.js","153","$('#descModal_field').html($('#entitySelectionBox option:selected').text());"
"text_write","C:\Users\Asad Ali\Documents\GitHub\HTTPS-IAS-Production\AIS\wwwroot\js\csp\Views_Reports_management_au_report_zonewise.js","155","$('#divzone_field').text($('#auditZoneSelectionBox option:selected').text());"
"text_write","C:\Users\Asad Ali\Documents\GitHub\HTTPS-IAS-Production\AIS\wwwroot\js\csp\Views_Reports_management_au_report_zonewise.js","156","$('#deptBranch_field').text($('#branchSelectionBox option:selected').text());"
"text_write","C:\Users\Asad Ali\Documents\GitHub\HTTPS-IAS-Production\AIS\wwwroot\js\csp\Views_Reports_management_au_report_zonewise.js","159","$('#divzone_field').text($('#divSelectionBox option:selected').text());"
"text_write","C:\Users\Asad Ali\Documents\GitHub\HTTPS-IAS-Production\AIS\wwwroot\js\csp\Views_Reports_management_au_report_zonewise.js","160","$('#deptBranch_field').text($('#divDeptSelectionBox option:selected').text());"
"text_write","C:\Users\Asad Ali\Documents\GitHub\HTTPS-IAS-Production\AIS\wwwroot\js\csp\Views_Reports_management_au_report_zonewise.js","173","$('#teamName_field').text($('#teamSelectionBox option:selected').text());"
"text_write","C:\Users\Asad Ali\Documents\GitHub\HTTPS-IAS-Production\AIS\wwwroot\js\csp\Views_Reports_management_au_report_zonewise.js","177","if (team.name == $('#teamSelectionBox option:selected').text()) {"
"text_write","C:\Users\Asad Ali\Documents\GitHub\HTTPS-IAS-Production\AIS\wwwroot\js\csp\Views_Reports_monthwise_settlement_paras.js","151","$('#auditorDept').text($('#deptSelectionBox option:selected').text());"
"text_write","C:\Users\Asad Ali\Documents\GitHub\HTTPS-IAS-Production\AIS\wwwroot\js\csp\Views_Reports_monthwise_settlement_paras.js","152","$('#auditorPlan').text($('#periodSelectionBox option:selected').text());"
"text_write","C:\Users\Asad Ali\Documents\GitHub\HTTPS-IAS-Production\AIS\wwwroot\js\csp\Views_Reports_monthwise_settlement_paras.js","153","$('#descModal_field').html($('#entitySelectionBox option:selected').text());"
"text_write","C:\Users\Asad Ali\Documents\GitHub\HTTPS-IAS-Production\AIS\wwwroot\js\csp\Views_Reports_monthwise_settlement_paras.js","155","$('#divzone_field').text($('#auditZoneSelectionBox option:selected').text());"
"text_write","C:\Users\Asad Ali\Documents\GitHub\HTTPS-IAS-Production\AIS\wwwroot\js\csp\Views_Reports_monthwise_settlement_paras.js","156","$('#deptBranch_field').text($('#branchSelectionBox option:selected').text());"
"text_write","C:\Users\Asad Ali\Documents\GitHub\HTTPS-IAS-Production\AIS\wwwroot\js\csp\Views_Reports_monthwise_settlement_paras.js","159","$('#divzone_field').text($('#divSelectionBox option:selected').text());"
"text_write","C:\Users\Asad Ali\Documents\GitHub\HTTPS-IAS-Production\AIS\wwwroot\js\csp\Views_Reports_monthwise_settlement_paras.js","160","$('#deptBranch_field').text($('#divDeptSelectionBox option:selected').text());"
"text_write","C:\Users\Asad Ali\Documents\GitHub\HTTPS-IAS-Production\AIS\wwwroot\js\csp\Views_Reports_monthwise_settlement_paras.js","173","$('#teamName_field').text($('#teamSelectionBox option:selected').text());"
"text_write","C:\Users\Asad Ali\Documents\GitHub\HTTPS-IAS-Production\AIS\wwwroot\js\csp\Views_Reports_monthwise_settlement_paras.js","177","if (team.name == $('#teamSelectionBox option:selected').text()) {"
"text_write","C:\Users\Asad Ali\Documents\GitHub\HTTPS-IAS-Production\AIS\wwwroot\js\csp\Views_Reports_para_position.js","5","$(this).toggle($(this).text().toLowerCase().indexOf(value) > -1)"
"text_write","C:\Users\Asad Ali\Documents\GitHub\HTTPS-IAS-Production\AIS\wwwroot\js\csp\Views_Reports_post_compliance_settlement_report.js","5","$(this).toggle($(this).text().toLowerCase().indexOf(value) > -1)"
"text_write","C:\Users\Asad Ali\Documents\GitHub\HTTPS-IAS-Production\AIS\wwwroot\js\csp\Views_Reports_riskwise_observations.js","151","$('#auditorDept').text($('#deptSelectionBox option:selected').text());"
"text_write","C:\Users\Asad Ali\Documents\GitHub\HTTPS-IAS-Production\AIS\wwwroot\js\csp\Views_Reports_riskwise_observations.js","152","$('#auditorPlan').text($('#periodSelectionBox option:selected').text());"
"text_write","C:\Users\Asad Ali\Documents\GitHub\HTTPS-IAS-Production\AIS\wwwroot\js\csp\Views_Reports_riskwise_observations.js","153","$('#descModal_field').html($('#entitySelectionBox option:selected').text());"
"text_write","C:\Users\Asad Ali\Documents\GitHub\HTTPS-IAS-Production\AIS\wwwroot\js\csp\Views_Reports_riskwise_observations.js","155","$('#divzone_field').text($('#auditZoneSelectionBox option:selected').text());"
"text_write","C:\Users\Asad Ali\Documents\GitHub\HTTPS-IAS-Production\AIS\wwwroot\js\csp\Views_Reports_riskwise_observations.js","156","$('#deptBranch_field').text($('#branchSelectionBox option:selected').text());"
"text_write","C:\Users\Asad Ali\Documents\GitHub\HTTPS-IAS-Production\AIS\wwwroot\js\csp\Views_Reports_riskwise_observations.js","159","$('#divzone_field').text($('#divSelectionBox option:selected').text());"
"text_write","C:\Users\Asad Ali\Documents\GitHub\HTTPS-IAS-Production\AIS\wwwroot\js\csp\Views_Reports_riskwise_observations.js","160","$('#deptBranch_field').text($('#divDeptSelectionBox option:selected').text());"
"text_write","C:\Users\Asad Ali\Documents\GitHub\HTTPS-IAS-Production\AIS\wwwroot\js\csp\Views_Reports_riskwise_observations.js","173","$('#teamName_field').text($('#teamSelectionBox option:selected').text());"
"text_write","C:\Users\Asad Ali\Documents\GitHub\HTTPS-IAS-Production\AIS\wwwroot\js\csp\Views_Reports_riskwise_observations.js","177","if (team.name == $('#teamSelectionBox option:selected').text()) {"
"text_write","C:\Users\Asad Ali\Documents\GitHub\HTTPS-IAS-Production\AIS\wwwroot\js\csp\Views_Reports_role_wise_user.js","151","$('#auditorDept').text($('#deptSelectionBox option:selected').text());"
"text_write","C:\Users\Asad Ali\Documents\GitHub\HTTPS-IAS-Production\AIS\wwwroot\js\csp\Views_Reports_role_wise_user.js","152","$('#auditorPlan').text($('#periodSelectionBox option:selected').text());"
"text_write","C:\Users\Asad Ali\Documents\GitHub\HTTPS-IAS-Production\AIS\wwwroot\js\csp\Views_Reports_role_wise_user.js","153","$('#descModal_field').html($('#entitySelectionBox option:selected').text());"
"text_write","C:\Users\Asad Ali\Documents\GitHub\HTTPS-IAS-Production\AIS\wwwroot\js\csp\Views_Reports_role_wise_user.js","155","$('#divzone_field').text($('#auditZoneSelectionBox option:selected').text());"
"text_write","C:\Users\Asad Ali\Documents\GitHub\HTTPS-IAS-Production\AIS\wwwroot\js\csp\Views_Reports_role_wise_user.js","156","$('#deptBranch_field').text($('#branchSelectionBox option:selected').text());"
"text_write","C:\Users\Asad Ali\Documents\GitHub\HTTPS-IAS-Production\AIS\wwwroot\js\csp\Views_Reports_role_wise_user.js","159","$('#divzone_field').text($('#divSelectionBox option:selected').text());"
"text_write","C:\Users\Asad Ali\Documents\GitHub\HTTPS-IAS-Production\AIS\wwwroot\js\csp\Views_Reports_role_wise_user.js","160","$('#deptBranch_field').text($('#divDeptSelectionBox option:selected').text());"
"text_write","C:\Users\Asad Ali\Documents\GitHub\HTTPS-IAS-Production\AIS\wwwroot\js\csp\Views_Reports_role_wise_user.js","173","$('#teamName_field').text($('#teamSelectionBox option:selected').text());"
"text_write","C:\Users\Asad Ali\Documents\GitHub\HTTPS-IAS-Production\AIS\wwwroot\js\csp\Views_Reports_role_wise_user.js","177","if (team.name == $('#teamSelectionBox option:selected').text()) {"
"text_write","C:\Users\Asad Ali\Documents\GitHub\HTTPS-IAS-Production\AIS\wwwroot\js\csp\Views_Reports_settlement_old_paras.js","151","$('#auditorDept').text($('#deptSelectionBox option:selected').text());"
"text_write","C:\Users\Asad Ali\Documents\GitHub\HTTPS-IAS-Production\AIS\wwwroot\js\csp\Views_Reports_settlement_old_paras.js","152","$('#auditorPlan').text($('#periodSelectionBox option:selected').text());"
"text_write","C:\Users\Asad Ali\Documents\GitHub\HTTPS-IAS-Production\AIS\wwwroot\js\csp\Views_Reports_settlement_old_paras.js","153","$('#descModal_field').html($('#entitySelectionBox option:selected').text());"
"text_write","C:\Users\Asad Ali\Documents\GitHub\HTTPS-IAS-Production\AIS\wwwroot\js\csp\Views_Reports_settlement_old_paras.js","155","$('#divzone_field').text($('#auditZoneSelectionBox option:selected').text());"
"text_write","C:\Users\Asad Ali\Documents\GitHub\HTTPS-IAS-Production\AIS\wwwroot\js\csp\Views_Reports_settlement_old_paras.js","156","$('#deptBranch_field').text($('#branchSelectionBox option:selected').text());"
"text_write","C:\Users\Asad Ali\Documents\GitHub\HTTPS-IAS-Production\AIS\wwwroot\js\csp\Views_Reports_settlement_old_paras.js","159","$('#divzone_field').text($('#divSelectionBox option:selected').text());"
"text_write","C:\Users\Asad Ali\Documents\GitHub\HTTPS-IAS-Production\AIS\wwwroot\js\csp\Views_Reports_settlement_old_paras.js","160","$('#deptBranch_field').text($('#divDeptSelectionBox option:selected').text());"
"text_write","C:\Users\Asad Ali\Documents\GitHub\HTTPS-IAS-Production\AIS\wwwroot\js\csp\Views_Reports_settlement_old_paras.js","173","$('#teamName_field').text($('#teamSelectionBox option:selected').text());"
"text_write","C:\Users\Asad Ali\Documents\GitHub\HTTPS-IAS-Production\AIS\wwwroot\js\csp\Views_Reports_settlement_old_paras.js","177","if (team.name == $('#teamSelectionBox option:selected').text()) {"
"text_write","C:\Users\Asad Ali\Documents\GitHub\HTTPS-IAS-Production\AIS\wwwroot\js\csp\Views_Reports_significant_observations_management_audit.js","155","$('#auditorDept').text($('#deptSelectionBox option:selected').text());"
"text_write","C:\Users\Asad Ali\Documents\GitHub\HTTPS-IAS-Production\AIS\wwwroot\js\csp\Views_Reports_significant_observations_management_audit.js","156","$('#auditorPlan').text($('#periodSelectionBox option:selected').text());"
"text_write","C:\Users\Asad Ali\Documents\GitHub\HTTPS-IAS-Production\AIS\wwwroot\js\csp\Views_Reports_significant_observations_management_audit.js","157","$('#descModal_field').html($('#entitySelectionBox option:selected').text());"
"text_write","C:\Users\Asad Ali\Documents\GitHub\HTTPS-IAS-Production\AIS\wwwroot\js\csp\Views_Reports_significant_observations_management_audit.js","159","$('#divzone_field').text($('#auditZoneSelectionBox option:selected').text());"
"text_write","C:\Users\Asad Ali\Documents\GitHub\HTTPS-IAS-Production\AIS\wwwroot\js\csp\Views_Reports_significant_observations_management_audit.js","160","$('#deptBranch_field').text($('#branchSelectionBox option:selected').text());"
"text_write","C:\Users\Asad Ali\Documents\GitHub\HTTPS-IAS-Production\AIS\wwwroot\js\csp\Views_Reports_significant_observations_management_audit.js","163","$('#divzone_field').text($('#divSelectionBox option:selected').text());"
"text_write","C:\Users\Asad Ali\Documents\GitHub\HTTPS-IAS-Production\AIS\wwwroot\js\csp\Views_Reports_significant_observations_management_audit.js","164","$('#deptBranch_field').text($('#divDeptSelectionBox option:selected').text());"
"text_write","C:\Users\Asad Ali\Documents\GitHub\HTTPS-IAS-Production\AIS\wwwroot\js\csp\Views_Reports_significant_observations_management_audit.js","177","$('#teamName_field').text($('#teamSelectionBox option:selected').text());"
"text_write","C:\Users\Asad Ali\Documents\GitHub\HTTPS-IAS-Production\AIS\wwwroot\js\csp\Views_Reports_significant_observations_management_audit.js","181","if (team.name == $('#teamSelectionBox option:selected').text()) {"
"text_write","C:\Users\Asad Ali\Documents\GitHub\HTTPS-IAS-Production\AIS\wwwroot\js\csp\Views_Reports_zonewise_settlement_paras.js","151","$('#auditorDept').text($('#deptSelectionBox option:selected').text());"
"text_write","C:\Users\Asad Ali\Documents\GitHub\HTTPS-IAS-Production\AIS\wwwroot\js\csp\Views_Reports_zonewise_settlement_paras.js","152","$('#auditorPlan').text($('#periodSelectionBox option:selected').text());"
"text_write","C:\Users\Asad Ali\Documents\GitHub\HTTPS-IAS-Production\AIS\wwwroot\js\csp\Views_Reports_zonewise_settlement_paras.js","153","$('#descModal_field').html($('#entitySelectionBox option:selected').text());"
"text_write","C:\Users\Asad Ali\Documents\GitHub\HTTPS-IAS-Production\AIS\wwwroot\js\csp\Views_Reports_zonewise_settlement_paras.js","155","$('#divzone_field').text($('#auditZoneSelectionBox option:selected').text());"
"text_write","C:\Users\Asad Ali\Documents\GitHub\HTTPS-IAS-Production\AIS\wwwroot\js\csp\Views_Reports_zonewise_settlement_paras.js","156","$('#deptBranch_field').text($('#branchSelectionBox option:selected').text());"
"text_write","C:\Users\Asad Ali\Documents\GitHub\HTTPS-IAS-Production\AIS\wwwroot\js\csp\Views_Reports_zonewise_settlement_paras.js","159","$('#divzone_field').text($('#divSelectionBox option:selected').text());"
"text_write","C:\Users\Asad Ali\Documents\GitHub\HTTPS-IAS-Production\AIS\wwwroot\js\csp\Views_Reports_zonewise_settlement_paras.js","160","$('#deptBranch_field').text($('#divDeptSelectionBox option:selected').text());"
"text_write","C:\Users\Asad Ali\Documents\GitHub\HTTPS-IAS-Production\AIS\wwwroot\js\csp\Views_Reports_zonewise_settlement_paras.js","173","$('#teamName_field').text($('#teamSelectionBox option:selected').text());"
"text_write","C:\Users\Asad Ali\Documents\GitHub\HTTPS-IAS-Production\AIS\wwwroot\js\csp\Views_Reports_zonewise_settlement_paras.js","177","if (team.name == $('#teamSelectionBox option:selected').text()) {"
"text_write","C:\Users\Asad Ali\Documents\GitHub\HTTPS-IAS-Production\AIS\wwwroot\js\csp\Views_RiskAssessment_risk_assessment_divisions.js","32","$(this).toggle($(this).text().toLowerCase().indexOf(value) > -1)"
"text_write","C:\Users\Asad Ali\Documents\GitHub\HTTPS-IAS-Production\AIS\wwwroot\js\csp\Views_Sampling_account_document.js","12","$(""#sampleTypeHeader"").text(g_sampleType);"
"text_write","C:\Users\Asad Ali\Documents\GitHub\HTTPS-IAS-Production\AIS\wwwroot\js\csp\Views_Sampling_add_report.js","47","$('#modalTitle').text('Add Exception Report');"
"text_write","C:\Users\Asad Ali\Documents\GitHub\HTTPS-IAS-Production\AIS\wwwroot\js\csp\Views_Sampling_add_report.js","57","$('#modalTitle').text('Update Exception Report');"
"text_write","C:\Users\Asad Ali\Documents\GitHub\HTTPS-IAS-Production\AIS\wwwroot\js\csp\Views_Sampling_loans.js","14","$(""#sampleTypeHeader"").text(g_sampleType);"
"text_write","C:\Users\Asad Ali\Documents\GitHub\HTTPS-IAS-Production\AIS\wwwroot\js\csp\Views_Sampling_loan_documents.js","13","$(""#sampleTypeHeader"").text(g_sampleType);"
"text_write","C:\Users\Asad Ali\Documents\GitHub\HTTPS-IAS-Production\AIS\wwwroot\js\csp\Views_Sampling_loan_transactions.js","12","$(""#sampleTypeHeader"").text(g_sampleType);"
"text_write","C:\Users\Asad Ali\Documents\GitHub\HTTPS-IAS-Production\AIS\wwwroot\js\csp\Views_Sampling_ManageExceptionReportFormat.js","46","$(""#btnSave"").text(""Update"");"
"text_write","C:\Users\Asad Ali\Documents\GitHub\HTTPS-IAS-Production\AIS\wwwroot\js\csp\Views_Sampling_ManageExceptionReportFormat.js","80","row.append($(""<td>"").text(rowData.ColumnName));"
"text_write","C:\Users\Asad Ali\Documents\GitHub\HTTPS-IAS-Production\AIS\wwwroot\js\csp\Views_Sampling_ManageExceptionReportFormat.js","81","row.append($(""<td>"").text(rowData.ColumnHeader));"
"text_write","C:\Users\Asad Ali\Documents\GitHub\HTTPS-IAS-Production\AIS\wwwroot\js\csp\Views_Sampling_ManageExceptionReportFormat.js","82","row.append($(""<td>"").text(rowData.ColumnOrder));"
"text_write","C:\Users\Asad Ali\Documents\GitHub\HTTPS-IAS-Production\AIS\wwwroot\js\csp\Views_Sampling_ManageExceptionReportFormat.js","83","row.append($(""<td>"").text(rowData.DataType));"
"text_write","C:\Users\Asad Ali\Documents\GitHub\HTTPS-IAS-Production\AIS\wwwroot\js\csp\Views_Sampling_ManageExceptionReportFormat.js","84","row.append($(""<td>"").text(statusText));"
"text_write","C:\Users\Asad Ali\Documents\GitHub\HTTPS-IAS-Production\AIS\wwwroot\js\csp\Views_Sampling_ManageExceptionReportFormat.js","89",".text(""Update"")"
"text_write","C:\Users\Asad Ali\Documents\GitHub\HTTPS-IAS-Production\AIS\wwwroot\js\csp\Views_Sampling_ManageExceptionReportFormat.js","154","$(""#btnSave"").text(""Add"");"
"text_write","C:\Users\Asad Ali\Documents\GitHub\HTTPS-IAS-Production\AIS\wwwroot\js\csp\Views_Setup_audit_zones.js","7","$(this).toggle($(this).text().toLowerCase().indexOf(value) > -1)"
"text_write","C:\Users\Asad Ali\Documents\GitHub\HTTPS-IAS-Production\AIS\wwwroot\js\csp\Views_Setup_authorize_remove_duplicate_checklists.js","11","$(this).toggle($(this).text().toLowerCase().indexOf(value) > -1)"
"text_write","C:\Users\Asad Ali\Documents\GitHub\HTTPS-IAS-Production\AIS\wwwroot\js\csp\Views_Setup_authorize_remove_duplicate_process.js","12","$(this).toggle($(this).text().toLowerCase().indexOf(value) > -1)"
"text_write","C:\Users\Asad Ali\Documents\GitHub\HTTPS-IAS-Production\AIS\wwwroot\js\csp\Views_Setup_authorize_remove_duplicate_sub_process.js","12","$(this).toggle($(this).text().toLowerCase().indexOf(value) > -1)"
"text_write","C:\Users\Asad Ali\Documents\GitHub\HTTPS-IAS-Production\AIS\wwwroot\js\csp\Views_Setup_branches.js","6","$(this).toggle($(this).text().toLowerCase().indexOf(value) > -1)"
"text_write","C:\Users\Asad Ali\Documents\GitHub\HTTPS-IAS-Production\AIS\wwwroot\js\csp\Views_Setup_branches.js","41","var zone_name = $('#branchZoneModalField option:selected').text();"
"text_write","C:\Users\Asad Ali\Documents\GitHub\HTTPS-IAS-Production\AIS\wwwroot\js\csp\Views_Setup_branches.js","43","var size = $('#branchSizeModalField option:selected').text();"
"text_write","C:\Users\Asad Ali\Documents\GitHub\HTTPS-IAS-Production\AIS\wwwroot\js\csp\Views_Setup_control_violation.js","6","$(this).toggle($(this).text().toLowerCase().indexOf(value) > -1)"
"text_write","C:\Users\Asad Ali\Documents\GitHub\HTTPS-IAS-Production\AIS\wwwroot\js\csp\Views_Setup_departments.js","7","$(this).toggle($(this).text().toLowerCase().indexOf(value) > -1)"
"text_write","C:\Users\Asad Ali\Documents\GitHub\HTTPS-IAS-Production\AIS\wwwroot\js\csp\Views_Setup_departments.js","43","var div_name = $('#deptdivNameModalField option:selected').text();"
"text_write","C:\Users\Asad Ali\Documents\GitHub\HTTPS-IAS-Production\AIS\wwwroot\js\csp\Views_Setup_divisions.js","7","$(this).toggle($(this).text().toLowerCase().indexOf(value) > -1)"
"text_write","C:\Users\Asad Ali\Documents\GitHub\HTTPS-IAS-Production\AIS\wwwroot\js\csp\Views_Setup_inspection_unit.js","7","$(this).toggle($(this).text().toLowerCase().indexOf(value) > -1)"
"text_write","C:\Users\Asad Ali\Documents\GitHub\HTTPS-IAS-Production\AIS\wwwroot\js\csp\Views_Setup_manage_annexure.js","29","$(this).toggle($(this).text().toLowerCase().indexOf(value) > -1)"
"text_write","C:\Users\Asad Ali\Documents\GitHub\HTTPS-IAS-Production\AIS\wwwroot\js\csp\Views_Setup_Manage_audit_zone_branches.js","150","$('#auditorDept').text($('#deptSelectionBox option:selected').text());"
"text_write","C:\Users\Asad Ali\Documents\GitHub\HTTPS-IAS-Production\AIS\wwwroot\js\csp\Views_Setup_Manage_audit_zone_branches.js","151","$('#auditorPlan').text($('#periodSelectionBox option:selected').text());"
"text_write","C:\Users\Asad Ali\Documents\GitHub\HTTPS-IAS-Production\AIS\wwwroot\js\csp\Views_Setup_Manage_audit_zone_branches.js","154","$('#divzone_field').text($('#auditZoneSelectionBox option:selected').text());"
"text_write","C:\Users\Asad Ali\Documents\GitHub\HTTPS-IAS-Production\AIS\wwwroot\js\csp\Views_Setup_Manage_audit_zone_branches.js","155","$('#deptBranch_field').text($('#branchSelectionBox option:selected').text());"
"text_write","C:\Users\Asad Ali\Documents\GitHub\HTTPS-IAS-Production\AIS\wwwroot\js\csp\Views_Setup_Manage_audit_zone_branches.js","158","$('#divzone_field').text($('#divSelectionBox option:selected').text());"
"text_write","C:\Users\Asad Ali\Documents\GitHub\HTTPS-IAS-Production\AIS\wwwroot\js\csp\Views_Setup_Manage_audit_zone_branches.js","159","$('#deptBranch_field').text($('#divDeptSelectionBox option:selected').text());"
"text_write","C:\Users\Asad Ali\Documents\GitHub\HTTPS-IAS-Production\AIS\wwwroot\js\csp\Views_Setup_Manage_audit_zone_branches.js","172","$('#teamName_field').text($('#teamSelectionBox option:selected').text());"
"text_write","C:\Users\Asad Ali\Documents\GitHub\HTTPS-IAS-Production\AIS\wwwroot\js\csp\Views_Setup_Manage_audit_zone_branches.js","176","if (team.name == $('#teamSelectionBox option:selected').text()) {"
"text_write","C:\Users\Asad Ali\Documents\GitHub\HTTPS-IAS-Production\AIS\wwwroot\js\csp\Views_Setup_Manage_audit_zone_branches.js","191","AZN = $('#auditZoneSelectionBox1 option:selected').text();"
"text_write","C:\Users\Asad Ali\Documents\GitHub\HTTPS-IAS-Production\AIS\wwwroot\js\csp\Views_Setup_Manage_audit_zone_branches.js","195","ZN = $('#auditZoneSelectionBox option:selected').text();"
"text_write","C:\Users\Asad Ali\Documents\GitHub\HTTPS-IAS-Production\AIS\wwwroot\js\csp\Views_Setup_Manage_audit_zone_branches.js","200","// BN = $('#branchSelectionBox option:selected').text();"
"text_write","C:\Users\Asad Ali\Documents\GitHub\HTTPS-IAS-Production\AIS\wwwroot\js\csp\Views_Setup_manage_checklist.js","8","$(this).toggle($(this).text().toLowerCase().indexOf(value) > -1)"
"text_write","C:\Users\Asad Ali\Documents\GitHub\HTTPS-IAS-Production\AIS\wwwroot\js\csp\Views_Setup_manage_checklist_detail.js","9","$(this).toggle($(this).text().toLowerCase().indexOf(value) > -1)"
"text_write","C:\Users\Asad Ali\Documents\GitHub\HTTPS-IAS-Production\AIS\wwwroot\js\csp\Views_Setup_manage_checklist_detail.js","31","$('#oldProcessLabel').val($('#updatedChecklist option:selected').text());"
"text_write","C:\Users\Asad Ali\Documents\GitHub\HTTPS-IAS-Production\AIS\wwwroot\js\csp\Views_Setup_manage_checklist_detail.js","36","$('#oldViolationLabel').val($('#updatedViolationlist option:selected').text());"
"text_write","C:\Users\Asad Ali\Documents\GitHub\HTTPS-IAS-Production\AIS\wwwroot\js\csp\Views_Setup_manage_checklist_detail.js","41","$('#oldProcessOwnerLabel').val($('#updatedProcOwnerlist option:selected').text());"
"text_write","C:\Users\Asad Ali\Documents\GitHub\HTTPS-IAS-Production\AIS\wwwroot\js\csp\Views_Setup_manage_checklist_detail.js","48","$('#oldRoleRespLabel').val($('#updatedRoleResplist option:selected').text());"
"text_write","C:\Users\Asad Ali\Documents\GitHub\HTTPS-IAS-Production\AIS\wwwroot\js\csp\Views_Setup_manage_checklist_detail.js","54","$('#oldRiskLabel').val($('#updatedRisklist option:selected').text());"
"text_write","C:\Users\Asad Ali\Documents\GitHub\HTTPS-IAS-Production\AIS\wwwroot\js\csp\Views_Setup_manage_checklist_detail.js","59","$('#oldAnnexureLabel').val($('#updatedAnnexlist option:selected').text());"
"text_write","C:\Users\Asad Ali\Documents\GitHub\HTTPS-IAS-Production\AIS\wwwroot\js\csp\Views_Setup_manage_checklist_detail.js","262","$('#oldSubProcessLabel').val($('#updatedSubChecklist option:selected').text());"
"text_write","C:\Users\Asad Ali\Documents\GitHub\HTTPS-IAS-Production\AIS\wwwroot\js\csp\Views_Setup_manage_sub_checklist.js","8","$(this).toggle($(this).text().toLowerCase().indexOf(value) > -1)"
"text_write","C:\Users\Asad Ali\Documents\GitHub\HTTPS-IAS-Production\AIS\wwwroot\js\csp\Views_Setup_processes.js","126","$('#subProcNameModalField').val($('#procItem_' + procId+'>span').text());"
"text_write","C:\Users\Asad Ali\Documents\GitHub\HTTPS-IAS-Production\AIS\wwwroot\js\csp\Views_Setup_processes.js","157","$('#tranSubProcNameModalField').val($('#procTrans_' + subProcId + '>span').text());"
"text_write","C:\Users\Asad Ali\Documents\GitHub\HTTPS-IAS-Production\AIS\wwwroot\js\csp\Views_Setup_processes.js","170","var div_name = $('#tranDivModalField option:selected').text();"
"text_write","C:\Users\Asad Ali\Documents\GitHub\HTTPS-IAS-Production\AIS\wwwroot\js\csp\Views_Setup_process_detail_authorize.js","6","$(this).toggle($(this).text().toLowerCase().indexOf(value) > -1)"
"text_write","C:\Users\Asad Ali\Documents\GitHub\HTTPS-IAS-Production\AIS\wwwroot\js\csp\Views_Setup_process_detail_review.js","10","$(this).toggle($(this).text().toLowerCase().indexOf(value) > -1)"
"text_write","C:\Users\Asad Ali\Documents\GitHub\HTTPS-IAS-Production\AIS\wwwroot\js\csp\Views_Setup_remove_duplicate_checklists.js","10","if ($(this).text().toLowerCase().indexOf(value) > -1) {"
"text_write","C:\Users\Asad Ali\Documents\GitHub\HTTPS-IAS-Production\AIS\wwwroot\js\csp\Views_Setup_remove_duplicate_checklists.js","16","$(this).toggle($(this).text().toLowerCase().indexOf(value) > -1)"
"text_write","C:\Users\Asad Ali\Documents\GitHub\HTTPS-IAS-Production\AIS\wwwroot\js\csp\Views_Setup_remove_duplicate_checklists.js","91","$('#processCodeField').val($('#checklistSelectField option:selected').text());"
"text_write","C:\Users\Asad Ali\Documents\GitHub\HTTPS-IAS-Production\AIS\wwwroot\js\csp\Views_Setup_remove_duplicate_checklists.js","195","$('#oldProcessLabel').val($('#updatedChecklist option:selected').text());"
"text_write","C:\Users\Asad Ali\Documents\GitHub\HTTPS-IAS-Production\AIS\wwwroot\js\csp\Views_Setup_remove_duplicate_checklists.js","200","$('#oldViolationLabel').val($('#updatedViolationlist option:selected').text());"
"text_write","C:\Users\Asad Ali\Documents\GitHub\HTTPS-IAS-Production\AIS\wwwroot\js\csp\Views_Setup_remove_duplicate_checklists.js","205","$('#oldProcessOwnerLabel').val($('#updatedProcOwnerlist option:selected').text());"
"text_write","C:\Users\Asad Ali\Documents\GitHub\HTTPS-IAS-Production\AIS\wwwroot\js\csp\Views_Setup_remove_duplicate_checklists.js","212","$('#oldRoleRespLabel').val($('#updatedRoleResplist option:selected').text());"
"text_write","C:\Users\Asad Ali\Documents\GitHub\HTTPS-IAS-Production\AIS\wwwroot\js\csp\Views_Setup_remove_duplicate_checklists.js","218","$('#oldRiskLabel').val($('#updatedRisklist option:selected').text());"
"text_write","C:\Users\Asad Ali\Documents\GitHub\HTTPS-IAS-Production\AIS\wwwroot\js\csp\Views_Setup_remove_duplicate_checklists.js","223","$('#oldAnnexureLabel').val($('#updatedAnnexlist option:selected').text());"
"text_write","C:\Users\Asad Ali\Documents\GitHub\HTTPS-IAS-Production\AIS\wwwroot\js\csp\Views_Setup_remove_duplicate_checklists.js","314","$('#oldSubProcessLabel').val($('#updatedSubChecklist option:selected').text());"
"text_write","C:\Users\Asad Ali\Documents\GitHub\HTTPS-IAS-Production\AIS\wwwroot\js\csp\Views_Setup_remove_duplicate_process.js","10","if ($(this).text().toLowerCase().indexOf(value) > -1) {"
"text_write","C:\Users\Asad Ali\Documents\GitHub\HTTPS-IAS-Production\AIS\wwwroot\js\csp\Views_Setup_remove_duplicate_process.js","16","$(this).toggle($(this).text().toLowerCase().indexOf(value) > -1)"
"text_write","C:\Users\Asad Ali\Documents\GitHub\HTTPS-IAS-Production\AIS\wwwroot\js\csp\Views_Setup_remove_duplicate_process.js","91","$('#processCodeField').val($('#checklistSelectField option:selected').text());"
"text_write","C:\Users\Asad Ali\Documents\GitHub\HTTPS-IAS-Production\AIS\wwwroot\js\csp\Views_Setup_remove_duplicate_process.js","195","$('#oldProcessLabel').val($('#updatedChecklist option:selected').text());"
"text_write","C:\Users\Asad Ali\Documents\GitHub\HTTPS-IAS-Production\AIS\wwwroot\js\csp\Views_Setup_remove_duplicate_process.js","200","$('#oldViolationLabel').val($('#updatedViolationlist option:selected').text());"
"text_write","C:\Users\Asad Ali\Documents\GitHub\HTTPS-IAS-Production\AIS\wwwroot\js\csp\Views_Setup_remove_duplicate_process.js","205","$('#oldProcessOwnerLabel').val($('#updatedProcOwnerlist option:selected').text());"
"text_write","C:\Users\Asad Ali\Documents\GitHub\HTTPS-IAS-Production\AIS\wwwroot\js\csp\Views_Setup_remove_duplicate_process.js","212","$('#oldRoleRespLabel').val($('#updatedRoleResplist option:selected').text());"
"text_write","C:\Users\Asad Ali\Documents\GitHub\HTTPS-IAS-Production\AIS\wwwroot\js\csp\Views_Setup_remove_duplicate_process.js","218","$('#oldRiskLabel').val($('#updatedRisklist option:selected').text());"
"text_write","C:\Users\Asad Ali\Documents\GitHub\HTTPS-IAS-Production\AIS\wwwroot\js\csp\Views_Setup_remove_duplicate_process.js","223","$('#oldAnnexureLabel').val($('#updatedAnnexlist option:selected').text());"
"text_write","C:\Users\Asad Ali\Documents\GitHub\HTTPS-IAS-Production\AIS\wwwroot\js\csp\Views_Setup_remove_duplicate_process.js","314","$('#oldSubProcessLabel').val($('#updatedSubChecklist option:selected').text());"
"text_write","C:\Users\Asad Ali\Documents\GitHub\HTTPS-IAS-Production\AIS\wwwroot\js\csp\Views_Setup_sub_entities.js","6","$(this).toggle($(this).text().toLowerCase().indexOf(value) > -1)"
"text_write","C:\Users\Asad Ali\Documents\GitHub\HTTPS-IAS-Production\AIS\wwwroot\js\csp\Views_Setup_sub_entities.js","35","var divName = $('#divCodeModalField option:selected').text();"
"text_write","C:\Users\Asad Ali\Documents\GitHub\HTTPS-IAS-Production\AIS\wwwroot\js\csp\Views_Setup_sub_entities.js","38","var deptName = $('#deptCodeModalField option:selected').text();"
"text_write","C:\Users\Asad Ali\Documents\GitHub\HTTPS-IAS-Production\AIS\wwwroot\js\csp\Views_Setup_sub_process_authorize.js","6","$(this).toggle($(this).text().toLowerCase().indexOf(value) > -1)"
"text_write","C:\Users\Asad Ali\Documents\GitHub\HTTPS-IAS-Production\AIS\wwwroot\js\iid\inquiryReportReadOnly.js","5","function esc(v) { return $('<div/>').text(v || '').html(); }"
"text_write","C:\Users\Asad Ali\Documents\GitHub\HTTPS-IAS-Production\AIS\wwwroot\js\iid\inquiryReportReadOnly.js","33","$alert.text(text);"
"text_write","C:\Users\Asad Ali\Documents\GitHub\HTTPS-IAS-Production\AIS\wwwroot\js\iid\inquiryReportReadOnly.js","130","$('#ptComplaintNo').text(complaintNo);"
"text_write","C:\Users\Asad Ali\Documents\GitHub\HTTPS-IAS-Production\AIS\wwwroot\js\iid\inquiryReportReadOnly.js","131","$('#ptBranchTop,#ptBranchName').text(branchName);"
"text_write","C:\Users\Asad Ali\Documents\GitHub\HTTPS-IAS-Production\AIS\wwwroot\js\iid\inquiryReportReadOnly.js","132","$('#ptRegionName').text(regionName);"
"text_write","C:\Users\Asad Ali\Documents\GitHub\HTTPS-IAS-Production\AIS\wwwroot\js\iid\inquiryReportReadOnly.js","133","$('#ptReportDate').text(reportDate);"
"text_write","C:\Users\Asad Ali\Documents\GitHub\HTTPS-IAS-Production\AIS\wwwroot\js\iid\inquiryReportReadOnly.js","134","$('#ptComplaintDetails').text(pick(report, ['gist', 'Gist', 'findingText', 'FindingText'], 'N/A'));"
"text_write","C:\Users\Asad Ali\Documents\GitHub\HTTPS-IAS-Production\AIS\wwwroot\js\iid\inquiryReportReadOnly.js","135","$('#ptComplainantDetails').text([pick(header, ['complainantName', 'ComplainantName'], ''), pick(header, ['complainantCnic', 'ComplainantCNIC', 'cnic', 'CNIC'], '')].filter(Boolean).join(', ') || 'N/A');"
"text_write","C:\Users\Asad Ali\Documents\GitHub\HTTPS-IAS-Production\AIS\wwwroot\js\iid\inquiryReportReadOnly.js","136","$('#ptReferenceDetails').text(pick(header, ['source', 'Source', 'nature', 'Nature'], 'N/A'));"
"text_write","C:\Users\Asad Ali\Documents\GitHub\HTTPS-IAS-Production\AIS\wwwroot\js\iid\inquiryReportReadOnly.js","137","$('#ptAccusationsPara').text(formatRowsParagraph(accusations, function (row) {"
"text_write","C:\Users\Asad Ali\Documents\GitHub\HTTPS-IAS-Production\AIS\wwwroot\js\iid\inquiryReportReadOnly.js","153","$('#ptMainAccused').text(formatRowsParagraph(mainAccused.length ? mainAccused : accused, accusedLine));"
"text_write","C:\Users\Asad Ali\Documents\GitHub\HTTPS-IAS-Production\AIS\wwwroot\js\iid\inquiryReportReadOnly.js","154","$('#ptCoAccused').text(formatRowsParagraph(coAccused, accusedLine));"
"text_write","C:\Users\Asad Ali\Documents\GitHub\HTTPS-IAS-Production\AIS\wwwroot\js\iid\inquiryReportReadOnly.js","155","$('#ptProceedings').text(pick(report, ['proceedings', 'Proceedings'], 'N/A'));"
"text_write","C:\Users\Asad Ali\Documents\GitHub\HTTPS-IAS-Production\AIS\wwwroot\js\iid\inquiryReportReadOnly.js","156","$('#ptRecordsPara').text(formatRowsParagraph(records, function (row) {"
"text_write","C:\Users\Asad Ali\Documents\GitHub\HTTPS-IAS-Production\AIS\wwwroot\js\iid\inquiryReportReadOnly.js","170","$('#ptStatementsComplainant').text(formatRowsParagraph(complainantSt, statementLine));"
"text_write","C:\Users\Asad Ali\Documents\GitHub\HTTPS-IAS-Production\AIS\wwwroot\js\iid\inquiryReportReadOnly.js","171","$('#ptStatementsAccused').text(formatRowsParagraph(accusedSt, statementLine));"
"text_write","C:\Users\Asad Ali\Documents\GitHub\HTTPS-IAS-Production\AIS\wwwroot\js\iid\inquiryReportReadOnly.js","172","$('#ptEvidencePara').text(formatRowsParagraph(evidence, function (row) { return pick(row, ['fileName', 'name'], 'N/A'); }));"
"text_write","C:\Users\Asad Ali\Documents\GitHub\HTTPS-IAS-Production\AIS\wwwroot\js\iid\inquiryReportReadOnly.js","173","$('#ptFindingsPara').text(pick(report, ['findings', 'Findings', 'findingText', 'FindingText'], 'N/A'));"
"text_write","C:\Users\Asad Ali\Documents\GitHub\HTTPS-IAS-Production\AIS\wwwroot\js\iid\inquiryReportReadOnly.js","174","$('#ptRecommendationsPara').text(pick(report, ['recommendation', 'Recommendation', 'recommendationText', 'RecommendationText'], 'N/A'));"
"text_write","C:\Users\Asad Ali\Documents\GitHub\HTTPS-IAS-Production\AIS\wwwroot\js\iid\inquiryReportReadOnly.js","175","$('#ptDsaPara').text(formatRowsParagraph(dsa, function (row) {"
"text_write","C:\Users\Asad Ali\Documents\GitHub\HTTPS-IAS-Production\AIS\wwwroot\js\iid\inquiryReportReadOnly.js","178","$('#ptViolationsPara').text(formatRowsParagraph(violations, function (row) {"
"text_write","C:\Users\Asad Ali\Documents\GitHub\HTTPS-IAS-Production\AIS\wwwroot\js\iid\inquiryReportReadOnly.js","193","var originalBtnText = $btn.text();"
"text_write","C:\Users\Asad Ali\Documents\GitHub\HTTPS-IAS-Production\AIS\wwwroot\js\iid\inquiryReportReadOnly.js","195","$btn.prop('disabled', true).text('Preparing...');"
"text_write","C:\Users\Asad Ali\Documents\GitHub\HTTPS-IAS-Production\AIS\wwwroot\js\iid\inquiryReportReadOnly.js","213","$btn.prop('disabled', false).text(originalBtnText);"
"text_write","C:\Users\Asad Ali\Documents\GitHub\HTTPS-IAS-Production\AIS\wwwroot\js\iid\monitoringDashboard.js","8","$alert.text(text);"
"text_write","C:\Users\Asad Ali\Documents\GitHub\HTTPS-IAS-Production\AIS\wwwroot\js\fad-risk-control-panel.js","903","return $('<div>').text(value).html();"
"text_write","C:\Users\Asad Ali\Documents\GitHub\HTTPS-IAS-Production\AIS\wwwroot\js\fad-risk-control-panel.js","910","return $('<div>').text(value).html();"
"text_write","C:\Users\Asad Ali\Documents\GitHub\HTTPS-IAS-Production\AIS\wwwroot\js\login.js","16","$title.text(title);"
"text_write","C:\Users\Asad Ali\Documents\GitHub\HTTPS-IAS-Production\AIS\wwwroot\js\login.js","18",".text(message)"
"text_write","C:\Users\Asad Ali\Documents\GitHub\HTTPS-IAS-Production\AIS\wwwroot\js\responsibilitySection.js","497","$('#responsiblePPNoEntryField').val($row.data('pp') || $row.children('td').eq(1).text());"
"text_write","C:\Users\Asad Ali\Documents\GitHub\HTTPS-IAS-Production\AIS\wwwroot\js\responsibilitySection.js","498","$('#loanCaseNumber, #responsibleLoanNumberEntryField').val($row.data('loan') || $row.children('td').eq(3).text());"
"text_write","C:\Users\Asad Ali\Documents\GitHub\HTTPS-IAS-Production\AIS\wwwroot\js\responsibilitySection.js","499","$('#loanCaseAmount, #responsibleLoanAmountEntryField').val($row.children('td').eq(4).text());"
"text_write","C:\Users\Asad Ali\Documents\GitHub\HTTPS-IAS-Production\AIS\wwwroot\js\responsibilitySection.js","500","$('#responsibleAccountNumberEntryField').val($row.data('account') || $row.children('td').eq(5).text());"
"text_write","C:\Users\Asad Ali\Documents\GitHub\HTTPS-IAS-Production\AIS\wwwroot\js\responsibilitySection.js","501","$('#responsibleAccountAmountEntryField').val($row.children('td').eq(6).text());"
"text_write","C:\Users\Asad Ali\Documents\GitHub\HTTPS-IAS-Production\AIS\wwwroot\js\responsibilitySection.js","505","ppNo: $row.data('pp') || $row.children('td').eq(1).text(),"
"text_write","C:\Users\Asad Ali\Documents\GitHub\HTTPS-IAS-Production\AIS\wwwroot\js\responsibilitySection.js","506","empName: $row.children('td').eq(2).text(),"
"text_write","C:\Users\Asad Ali\Documents\GitHub\HTTPS-IAS-Production\AIS\wwwroot\js\responsibilitySection.js","507","loanCase: $row.data('loan') || $row.children('td').eq(3).text(),"
"text_write","C:\Users\Asad Ali\Documents\GitHub\HTTPS-IAS-Production\AIS\wwwroot\js\responsibilitySection.js","508","lcAmount: $row.children('td').eq(4).text(),"
"text_write","C:\Users\Asad Ali\Documents\GitHub\HTTPS-IAS-Production\AIS\wwwroot\js\responsibilitySection.js","509","accountNumber: $row.data('account') || $row.children('td').eq(5).text(),"
"text_write","C:\Users\Asad Ali\Documents\GitHub\HTTPS-IAS-Production\AIS\wwwroot\js\responsibilitySection.js","510","accAmount: $row.children('td').eq(6).text()"
"text_write","C:\Users\Asad Ali\Documents\GitHub\HTTPS-IAS-Production\AIS\wwwroot\js\responsibilitySectionUpdate.js","552","$('#responsiblePPNoEntryField').val($row.data('pp') || $row.children('td').eq(1).text());"
"text_write","C:\Users\Asad Ali\Documents\GitHub\HTTPS-IAS-Production\AIS\wwwroot\js\responsibilitySectionUpdate.js","553","var lcNo = $.trim($row.data('loan') || $row.children('td').eq(3).text()) || '0';"
"text_write","C:\Users\Asad Ali\Documents\GitHub\HTTPS-IAS-Production\AIS\wwwroot\js\responsibilitySectionUpdate.js","554","var lcAmt = $.trim($row.data('lcamount') || $row.children('td').eq(4).text()) || '0';"
"text_write","C:\Users\Asad Ali\Documents\GitHub\HTTPS-IAS-Production\AIS\wwwroot\js\responsibilitySectionUpdate.js","555","var accNo = $.trim($row.data('account') || $row.children('td').eq(5).text()) || '0';"
"text_write","C:\Users\Asad Ali\Documents\GitHub\HTTPS-IAS-Production\AIS\wwwroot\js\responsibilitySectionUpdate.js","556","var accAmt = $.trim($row.data('accamount') || $row.children('td').eq(6).text()) || '0';"
"text_write","C:\Users\Asad Ali\Documents\GitHub\HTTPS-IAS-Production\AIS\wwwroot\js\responsibilitySectionUpdate.js","565","ppNo: $row.data('pp') || $row.children('td').eq(1).text(),"
"text_write","C:\Users\Asad Ali\Documents\GitHub\HTTPS-IAS-Production\AIS\wwwroot\js\responsibilitySectionUpdate.js","566","empName: $row.data('emp') || $row.children('td').eq(2).text(),"
"text_write","C:\Users\Asad Ali\Documents\GitHub\HTTPS-IAS-Production\AIS\wwwroot\js\responsibilitySectionUpdate.js","584","ppNo: $row.data('pp') || $row.children('td').eq(1).text(),"
"text_write","C:\Users\Asad Ali\Documents\GitHub\HTTPS-IAS-Production\AIS\wwwroot\js\responsibilitySectionUpdate.js","585","loanCase: $row.data('loan') || $row.children('td').eq(3).text(),"
"text_write","C:\Users\Asad Ali\Documents\GitHub\HTTPS-IAS-Production\AIS\wwwroot\js\responsibilitySectionUpdate.js","586","lcAmount: $row.data('lcamount') || $row.children('td').eq(4).text(),"
"text_write","C:\Users\Asad Ali\Documents\GitHub\HTTPS-IAS-Production\AIS\wwwroot\js\responsibilitySectionUpdate.js","587","accountNumber: $row.data('account') || $row.children('td').eq(5).text(),"
"text_write","C:\Users\Asad Ali\Documents\GitHub\HTTPS-IAS-Production\AIS\wwwroot\js\responsibilitySectionUpdate.js","588","accAmount: $row.data('accamount') || $row.children('td').eq(6).text(),"
"text_write","C:\Users\Asad Ali\Documents\GitHub\HTTPS-IAS-Production\AIS\wwwroot\js\responsibilitySectionUpdate.js","589","empName: $row.data('emp') || $row.children('td').eq(2).text()"
"text_write","C:\Users\Asad Ali\Documents\GitHub\HTTPS-IAS-Production\AIS\wwwroot\js\site.js","992","$('#content_alertMessagesPopup').text(safeMessage);"
"text_write","C:\Users\Asad Ali\Documents\GitHub\HTTPS-IAS-Production\AIS\wwwroot\js\site.js","1167","return response.clone().text().then(function (text) {"
"text_write","C:\Users\Asad Ali\Documents\GitHub\HTTPS-IAS-Production\AIS\wwwroot\js\site.js","1278","return response.clone().text().then(function (text) {"
"text_write","C:\Users\Asad Ali\Documents\GitHub\HTTPS-IAS-Production\AIS\wwwroot\js\site.js","1369","$('#content_confirmAlertMessagesPopup').text(safeMessage);"
"text_write","C:\Users\Asad Ali\Documents\GitHub\HTTPS-IAS-Production\AIS\wwwroot\js\site.js","1401","$(this).text(message);"
"generic_error","C:\Users\Asad Ali\Documents\GitHub\HTTPS-IAS-Production\AIS\wwwroot\js\csp\Views_AdministrationPanel_api_master.js","43","error: function () {"
"generic_error","C:\Users\Asad Ali\Documents\GitHub\HTTPS-IAS-Production\AIS\wwwroot\js\csp\Views_AdministrationPanel_api_master.js","119","error: function () {"
"generic_error","C:\Users\Asad Ali\Documents\GitHub\HTTPS-IAS-Production\AIS\wwwroot\js\csp\Views_AdministrationPanel_api_master.js","157","error: function () {"
"generic_error","C:\Users\Asad Ali\Documents\GitHub\HTTPS-IAS-Production\AIS\wwwroot\js\csp\Views_AdministrationPanel_catalog_uploads.js","31","error: function () {"
"generic_error","C:\Users\Asad Ali\Documents\GitHub\HTTPS-IAS-Production\AIS\wwwroot\js\csp\Views_AdministrationPanel_catalog_uploads.js","62","error: function () {"
"generic_error","C:\Users\Asad Ali\Documents\GitHub\HTTPS-IAS-Production\AIS\wwwroot\js\csp\Views_AdministrationPanel_dashboard_layout.js","31","error: function () {"
"generic_error","C:\Users\Asad Ali\Documents\GitHub\HTTPS-IAS-Production\AIS\wwwroot\js\csp\Views_AdministrationPanel_dashboard_layout.js","54","error: function () {"
"generic_error","C:\Users\Asad Ali\Documents\GitHub\HTTPS-IAS-Production\AIS\wwwroot\js\csp\Views_AdministrationPanel_dashboard_layout.js","305","error: function () {"
"generic_error","C:\Users\Asad Ali\Documents\GitHub\HTTPS-IAS-Production\AIS\wwwroot\js\csp\Views_AdministrationPanel_manage_user.js","324","error: function (xhr) {"
"generic_error","C:\Users\Asad Ali\Documents\GitHub\HTTPS-IAS-Production\AIS\wwwroot\js\csp\Views_AdministrationPanel_menu_assignment.js","62","error: function (jqXHR, textStatus) {"
"generic_error","C:\Users\Asad Ali\Documents\GitHub\HTTPS-IAS-Production\AIS\wwwroot\js\csp\Views_AdministrationPanel_menu_assignment.js","94","error: function (jqXHR, textStatus) {"
"generic_error","C:\Users\Asad Ali\Documents\GitHub\HTTPS-IAS-Production\AIS\wwwroot\js\csp\Views_AdministrationPanel_SystemLogs.js","53","error: function (xhr) {"
"generic_error","C:\Users\Asad Ali\Documents\GitHub\HTTPS-IAS-Production\AIS\wwwroot\js\csp\Views_AdministrationPanel_SystemLogs.js","102","error: function () {"
"generic_error","C:\Users\Asad Ali\Documents\GitHub\HTTPS-IAS-Production\AIS\wwwroot\js\csp\Views_AuditeePortal_observation_assigned.js","35","maxFileError: ""File exceeds upload limit. - Max limit:"", // Error message for exceeding file count"
"generic_error","C:\Users\Asad Ali\Documents\GitHub\HTTPS-IAS-Production\AIS\wwwroot\js\csp\Views_AuditeePortal_observation_assigned.js","36","maxSizeError: ""File exceeds size. - Max limit:"", // Error message for exceeding file size"
"generic_error","C:\Users\Asad Ali\Documents\GitHub\HTTPS-IAS-Production\AIS\wwwroot\js\csp\Views_AuditeePortal_observation_assigned.js","37","fileTypeError: ""Disallowed file format."", // Error message for disallowed file format"
"generic_error","C:\Users\Asad Ali\Documents\GitHub\HTTPS-IAS-Production\AIS\wwwroot\js\csp\Views_CAU_monitoring_oms.js","89","error: function (xhr, textStatus) {"
"generic_error","C:\Users\Asad Ali\Documents\GitHub\HTTPS-IAS-Production\AIS\wwwroot\js\csp\Views_CAU_om_creation.js","89","error: function (xhr, textStatus) {"
"generic_error","C:\Users\Asad Ali\Documents\GitHub\HTTPS-IAS-Production\AIS\wwwroot\js\csp\Views_CAU_om_reply.js","89","error: function (xhr, textStatus) {"
"generic_error","C:\Users\Asad Ali\Documents\GitHub\HTTPS-IAS-Production\AIS\wwwroot\js\csp\Views_CAU_reports.js","89","error: function (xhr, textStatus) {"
"generic_error","C:\Users\Asad Ali\Documents\GitHub\HTTPS-IAS-Production\AIS\wwwroot\js\csp\Views_Engagement_eng_plan_ref_list.js","68","}).fail(function (xhr) {"
"generic_error","C:\Users\Asad Ali\Documents\GitHub\HTTPS-IAS-Production\AIS\wwwroot\js\csp\Views_Engagement_eng_plan_ref_list.js","141","}).fail(function (xhr) {"
"generic_error","C:\Users\Asad Ali\Documents\GitHub\HTTPS-IAS-Production\AIS\wwwroot\js\csp\Views_Engagement_eng_plan_ref_list.js","142","console.log(""Submit error:"", xhr && (xhr.responseText || xhr));"
"generic_error","C:\Users\Asad Ali\Documents\GitHub\HTTPS-IAS-Production\AIS\wwwroot\js\csp\Views_Engagement_eng_plan_ref_list.js","161","}).fail(function (xhr) {"
"generic_error","C:\Users\Asad Ali\Documents\GitHub\HTTPS-IAS-Production\AIS\wwwroot\js\csp\Views_Engagement_eng_plan_ref_list.js","162","console.log(""Approve error:"", xhr && (xhr.responseText || xhr));"
"generic_error","C:\Users\Asad Ali\Documents\GitHub\HTTPS-IAS-Production\AIS\wwwroot\js\csp\Views_Execution_cau_observation.js","2","console.error(""JS error:"", e.message, e.filename, e.lineno, e.colno);"
"generic_error","C:\Users\Asad Ali\Documents\GitHub\HTTPS-IAS-Production\AIS\wwwroot\js\csp\Views_Execution_cau_observation.js","181","error: function (xhr, textStatus) {"
"generic_error","C:\Users\Asad Ali\Documents\GitHub\HTTPS-IAS-Production\AIS\wwwroot\js\csp\Views_Execution_checklist_details.js","2","console.error(""JS error:"", e.message, e.filename, e.lineno, e.colno);"
"generic_error","C:\Users\Asad Ali\Documents\GitHub\HTTPS-IAS-Production\AIS\wwwroot\js\csp\Views_Execution_checklist_details.js","81","error: function (xhr, textStatus) {"
"generic_error","C:\Users\Asad Ali\Documents\GitHub\HTTPS-IAS-Production\AIS\wwwroot\js\csp\Views_Execution_draft_audit_report_branch.js","2","console.error(""JS error:"", e.message, e.filename, e.lineno, e.colno);"
"generic_error","C:\Users\Asad Ali\Documents\GitHub\HTTPS-IAS-Production\AIS\wwwroot\js\csp\Views_Execution_list_dsa.js","97","error: function (xhr, status, error) {"
"generic_error","C:\Users\Asad Ali\Documents\GitHub\HTTPS-IAS-Production\AIS\wwwroot\js\csp\Views_Execution_manage_audit_paras.js","2","console.error(""JS error:"", e.message, e.filename, e.lineno, e.colno);"
"generic_error","C:\Users\Asad Ali\Documents\GitHub\HTTPS-IAS-Production\AIS\wwwroot\js\csp\Views_Execution_manage_audit_paras.js","256","error: function (xhr) {"
"generic_error","C:\Users\Asad Ali\Documents\GitHub\HTTPS-IAS-Production\AIS\wwwroot\js\csp\Views_Execution_manage_audit_paras_authorized.js","2","console.error(""JS error:"", e.message, e.filename, e.lineno, e.colno);"
"generic_error","C:\Users\Asad Ali\Documents\GitHub\HTTPS-IAS-Production\AIS\wwwroot\js\csp\Views_Execution_manage_observations_branches.js","2","console.error(""JS error:"", e.message, e.filename, e.lineno, e.colno);"
"generic_error","C:\Users\Asad Ali\Documents\GitHub\HTTPS-IAS-Production\AIS\wwwroot\js\csp\Views_Execution_manage_observations_branches.js","181","error: function (xhr, textStatus) {"
"generic_error","C:\Users\Asad Ali\Documents\GitHub\HTTPS-IAS-Production\AIS\wwwroot\js\csp\Views_Execution_pre_concluding_audit.js","2","console.error(""JS error:"", e.message, e.filename, e.lineno, e.colno);"
"generic_error","C:\Users\Asad Ali\Documents\GitHub\HTTPS-IAS-Production\AIS\wwwroot\js\csp\Views_Execution_Update_Legacy_Paras.js","419","error: function (xhr, textStatus) {"
"generic_error","C:\Users\Asad Ali\Documents\GitHub\HTTPS-IAS-Production\AIS\wwwroot\js\csp\Views_Execution_Update_Legacy_Paras.js","545","error: function () {"
"generic_error","C:\Users\Asad Ali\Documents\GitHub\HTTPS-IAS-Production\AIS\wwwroot\js\csp\Views_Execution_Update_Legacy_Paras.js","597","error: function () {"
"generic_error","C:\Users\Asad Ali\Documents\GitHub\HTTPS-IAS-Production\AIS\wwwroot\js\csp\Views_Execution_Update_Legacy_Paras_FAD.js","297","error: function (xhr, textStatus) {"
"generic_error","C:\Users\Asad Ali\Documents\GitHub\HTTPS-IAS-Production\AIS\wwwroot\js\csp\Views_HM_old_paras_monitoring_ppno.js","37","error: function (jqXHR, textStatus) {"
"generic_error","C:\Users\Asad Ali\Documents\GitHub\HTTPS-IAS-Production\AIS\wwwroot\js\csp\Views_HM_old_paras_monitoring_ppno.js","69","error: function (jqXHR, textStatus) {"
"generic_error","C:\Users\Asad Ali\Documents\GitHub\HTTPS-IAS-Production\AIS\wwwroot\js\csp\Views_HM_old_paras_monitoring_ppno.js","108","error: function (jqXHR, textStatus) {"
"generic_error","C:\Users\Asad Ali\Documents\GitHub\HTTPS-IAS-Production\AIS\wwwroot\js\csp\Views_HM_SbpObservationHistory.js","2","console.error(""JS error:"", e.message, e.filename, e.lineno, e.colno);"
"generic_error","C:\Users\Asad Ali\Documents\GitHub\HTTPS-IAS-Production\AIS\wwwroot\js\csp\Views_IID_Analysis.js","52","error: function(){"
"generic_error","C:\Users\Asad Ali\Documents\GitHub\HTTPS-IAS-Production\AIS\wwwroot\js\csp\Views_IID_Analysis.js","72","error: function(){"
"generic_error","C:\Users\Asad Ali\Documents\GitHub\HTTPS-IAS-Production\AIS\wwwroot\js\csp\Views_IID_Analysis.js","109","error: function(){"
"generic_error","C:\Users\Asad Ali\Documents\GitHub\HTTPS-IAS-Production\AIS\wwwroot\js\csp\Views_IID_Analysis.js","165","error: function(){"
"generic_error","C:\Users\Asad Ali\Documents\GitHub\HTTPS-IAS-Production\AIS\wwwroot\js\csp\Views_IID_Analysis.js","198",".fail(function(){"
"generic_error","C:\Users\Asad Ali\Documents\GitHub\HTTPS-IAS-Production\AIS\wwwroot\js\csp\Views_IID_CaseStudy.js","35","error: function(){"
"generic_error","C:\Users\Asad Ali\Documents\GitHub\HTTPS-IAS-Production\AIS\wwwroot\js\csp\Views_IID_CaseStudy.js","81","error: function(){"
"generic_error","C:\Users\Asad Ali\Documents\GitHub\HTTPS-IAS-Production\AIS\wwwroot\js\csp\Views_IID_CaseStudy.js","114",".fail(function(){"
"generic_error","C:\Users\Asad Ali\Documents\GitHub\HTTPS-IAS-Production\AIS\wwwroot\js\csp\Views_IID_FinalApproval.js","52","error: function(){"
"generic_error","C:\Users\Asad Ali\Documents\GitHub\HTTPS-IAS-Production\AIS\wwwroot\js\csp\Views_IID_FinalApproval.js","72","error: function(){"
"generic_error","C:\Users\Asad Ali\Documents\GitHub\HTTPS-IAS-Production\AIS\wwwroot\js\csp\Views_IID_FinalApproval.js","109","error: function(){"
"generic_error","C:\Users\Asad Ali\Documents\GitHub\HTTPS-IAS-Production\AIS\wwwroot\js\csp\Views_IID_FinalApproval.js","149","error: function(){"
"generic_error","C:\Users\Asad Ali\Documents\GitHub\HTTPS-IAS-Production\AIS\wwwroot\js\csp\Views_IID_FinalApproval.js","182",".fail(function(){"
"generic_error","C:\Users\Asad Ali\Documents\GitHub\HTTPS-IAS-Production\AIS\wwwroot\js\csp\Views_IID_HeadReview.js","27","}).fail(function(){"
"generic_error","C:\Users\Asad Ali\Documents\GitHub\HTTPS-IAS-Production\AIS\wwwroot\js\csp\Views_IID_HeadReview.js","55","error: function(){"
"generic_error","C:\Users\Asad Ali\Documents\GitHub\HTTPS-IAS-Production\AIS\wwwroot\js\csp\Views_IID_HeadReview.js","105","}).fail(function(){"
"generic_error","C:\Users\Asad Ali\Documents\GitHub\HTTPS-IAS-Production\AIS\wwwroot\js\csp\Views_IID_HeadReview.js","143",".fail(function(){"
"generic_error","C:\Users\Asad Ali\Documents\GitHub\HTTPS-IAS-Production\AIS\wwwroot\js\csp\Views_IID_InitialAssessment.js","44","error: function(){"
"generic_error","C:\Users\Asad Ali\Documents\GitHub\HTTPS-IAS-Production\AIS\wwwroot\js\csp\Views_IID_InitialAssessment.js","59","}).fail(function(){"
"generic_error","C:\Users\Asad Ali\Documents\GitHub\HTTPS-IAS-Production\AIS\wwwroot\js\csp\Views_IID_InitialAssessment.js","98","error: function(){"
"generic_error","C:\Users\Asad Ali\Documents\GitHub\HTTPS-IAS-Production\AIS\wwwroot\js\csp\Views_IID_InitialAssessment.js","133",".fail(function(){"
"generic_error","C:\Users\Asad Ali\Documents\GitHub\HTTPS-IAS-Production\AIS\wwwroot\js\csp\Views_IID_InquiryReport.js","1171","}).fail(function(err){"
"generic_error","C:\Users\Asad Ali\Documents\GitHub\HTTPS-IAS-Production\AIS\wwwroot\js\csp\Views_IID_InquiryReport.js","1192","}).fail(function(){ showAlert('Employee lookup failed for entered PPNO.', 'danger'); });"
"generic_error","C:\Users\Asad Ali\Documents\GitHub\HTTPS-IAS-Production\AIS\wwwroot\js\csp\Views_IID_InquiryReport.js","1199","}).fail(function(err){"
"generic_error","C:\Users\Asad Ali\Documents\GitHub\HTTPS-IAS-Production\AIS\wwwroot\js\csp\Views_IID_InquiryReport.js","1216","}).fail(function(err){ showAlert((err && err.message) || 'Failed to delete accused row.', 'danger'); });"
"generic_error","C:\Users\Asad Ali\Documents\GitHub\HTTPS-IAS-Production\AIS\wwwroot\js\csp\Views_IID_InquiryReport.js","1223","}).fail(function(err){"
"generic_error","C:\Users\Asad Ali\Documents\GitHub\HTTPS-IAS-Production\AIS\wwwroot\js\csp\Views_IID_InquiryReport.js","1279","}).fail(function(err){ showAlert((err && err.message) || 'Evidence upload failed.', 'danger'); });"
"generic_error","C:\Users\Asad Ali\Documents\GitHub\HTTPS-IAS-Production\AIS\wwwroot\js\csp\Views_IID_InquiryReport.js","1294","}).fail(function(err){ showAlert((err && err.message) || 'Failed to delete evidence file.', 'danger'); });"
"generic_error","C:\Users\Asad Ali\Documents\GitHub\HTTPS-IAS-Production\AIS\wwwroot\js\csp\Views_IID_InquiryReport.js","1300","loadFindingsForSelection(state.findingsRecomm.selectedAccusationId).fail(function(err){"
"generic_error","C:\Users\Asad Ali\Documents\GitHub\HTTPS-IAS-Production\AIS\wwwroot\js\csp\Views_IID_InquiryReport.js","1309","loadFindingsForSelection(accusationId).fail(function(err){"
"generic_error","C:\Users\Asad Ali\Documents\GitHub\HTTPS-IAS-Production\AIS\wwwroot\js\csp\Views_IID_InquiryReport.js","1318","}).fail(function(err){"
"generic_error","C:\Users\Asad Ali\Documents\GitHub\HTTPS-IAS-Production\AIS\wwwroot\js\csp\Views_IID_InquiryReport.js","1381","}).fail(function(){ showAlert('Failed to load inquiry wizard data.', 'danger'); renderCurrent(true); });"
"generic_error","C:\Users\Asad Ali\Documents\GitHub\HTTPS-IAS-Production\AIS\wwwroot\js\csp\Views_IID_InvestigationPlan.js","43","error: function(){"
"generic_error","C:\Users\Asad Ali\Documents\GitHub\HTTPS-IAS-Production\AIS\wwwroot\js\csp\Views_IID_InvestigationPlan.js","71","error: function(){"
"generic_error","C:\Users\Asad Ali\Documents\GitHub\HTTPS-IAS-Production\AIS\wwwroot\js\csp\Views_IID_InvestigationPlan.js","142","error: function(xhr){"
"generic_error","C:\Users\Asad Ali\Documents\GitHub\HTTPS-IAS-Production\AIS\wwwroot\js\csp\Views_IID_InvestigationPlan.js","177",".fail(function(){"
"generic_error","C:\Users\Asad Ali\Documents\GitHub\HTTPS-IAS-Production\AIS\wwwroot\js\csp\Views_IID_PlanApproval.js","73","}).fail(function(){"
"generic_error","C:\Users\Asad Ali\Documents\GitHub\HTTPS-IAS-Production\AIS\wwwroot\js\csp\Views_IID_PlanApproval.js","96",".fail(function(){"
"generic_error","C:\Users\Asad Ali\Documents\GitHub\HTTPS-IAS-Production\AIS\wwwroot\js\csp\Views_IID_PlanApproval.js","126","}).fail(function(){"
"generic_error","C:\Users\Asad Ali\Documents\GitHub\HTTPS-IAS-Production\AIS\wwwroot\js\csp\Views_IID_PlanApproval.js","162",".fail(function(){"
"generic_error","C:\Users\Asad Ali\Documents\GitHub\HTTPS-IAS-Production\AIS\wwwroot\js\csp\Views_IID_Reports.js","29","}).fail(function(){"
"generic_error","C:\Users\Asad Ali\Documents\GitHub\HTTPS-IAS-Production\AIS\wwwroot\js\csp\Views_IID_Reports.js","42","}).fail(function(){"
"generic_error","C:\Users\Asad Ali\Documents\GitHub\HTTPS-IAS-Production\AIS\wwwroot\js\csp\Views_IID_Reports.js","59","}).fail(function(){"
"generic_error","C:\Users\Asad Ali\Documents\GitHub\HTTPS-IAS-Production\AIS\wwwroot\js\csp\Views_IID_Reports.js","104","}).fail(function(){"
"generic_error","C:\Users\Asad Ali\Documents\GitHub\HTTPS-IAS-Production\AIS\wwwroot\js\csp\Views_IID_Reports.js","149","error: function(){"
"generic_error","C:\Users\Asad Ali\Documents\GitHub\HTTPS-IAS-Production\AIS\wwwroot\js\csp\Views_IID_Reports.js","178",".fail(function(){"
"generic_error","C:\Users\Asad Ali\Documents\GitHub\HTTPS-IAS-Production\AIS\wwwroot\js\csp\Views_IID_SubmitComplaint.js","215","error: function(xhr){"
"generic_error","C:\Users\Asad Ali\Documents\GitHub\HTTPS-IAS-Production\AIS\wwwroot\js\csp\Views_Planning_audit_criteria_approval.js","101","error: function (xhr) {"
"generic_error","C:\Users\Asad Ali\Documents\GitHub\HTTPS-IAS-Production\AIS\wwwroot\js\csp\Views_PostCompliance_cau_post_compliance_to_branches.js","173","}, error: function (jqXHR, textStatus, errorThrown) {"
"generic_error","C:\Users\Asad Ali\Documents\GitHub\HTTPS-IAS-Production\AIS\wwwroot\js\csp\Views_PostCompliance_cau_post_compliance_to_branches_reply.js","29","maxFileError: ""File exceeds upload limit. - Max limit:"", // Error message for exceeding file count"
"generic_error","C:\Users\Asad Ali\Documents\GitHub\HTTPS-IAS-Production\AIS\wwwroot\js\csp\Views_PostCompliance_cau_post_compliance_to_branches_reply.js","30","maxSizeError: ""File exceeds size. - Max limit:"", // Error message for exceeding file size"
"generic_error","C:\Users\Asad Ali\Documents\GitHub\HTTPS-IAS-Production\AIS\wwwroot\js\csp\Views_PostCompliance_cau_post_compliance_to_branches_reply.js","31","fileTypeError: ""Disallowed file format."", // Error message for disallowed file format"
"generic_error","C:\Users\Asad Ali\Documents\GitHub\HTTPS-IAS-Production\AIS\wwwroot\js\csp\Views_PostCompliance_cau_post_compliance_to_branches_reply.js","218","}, error: function (jqXHR, textStatus, errorThrown) {"
"generic_error","C:\Users\Asad Ali\Documents\GitHub\HTTPS-IAS-Production\AIS\wwwroot\js\csp\Views_PostCompliance_cau_post_compliance_to_branches_review.js","243","}, error: function (jqXHR, textStatus, errorThrown) {"
"generic_error","C:\Users\Asad Ali\Documents\GitHub\HTTPS-IAS-Production\AIS\wwwroot\js\csp\Views_PostCompliance_change_para_status.js","29","error: function (xhr) {"
"generic_error","C:\Users\Asad Ali\Documents\GitHub\HTTPS-IAS-Production\AIS\wwwroot\js\csp\Views_PostCompliance_change_para_status.js","30","alert(""getrelation AJAX error: "" + xhr.responseText);"
"generic_error","C:\Users\Asad Ali\Documents\GitHub\HTTPS-IAS-Production\AIS\wwwroot\js\csp\Views_PostCompliance_change_para_status.js","49","error: function (xhr) {"
"generic_error","C:\Users\Asad Ali\Documents\GitHub\HTTPS-IAS-Production\AIS\wwwroot\js\csp\Views_PostCompliance_change_para_status.js","50","alert(""getplacepost AJAX error: "" + xhr.responseText);"
"generic_error","C:\Users\Asad Ali\Documents\GitHub\HTTPS-IAS-Production\AIS\wwwroot\js\csp\Views_PostCompliance_change_para_status.js","82","error: function (xhr) {"
"generic_error","C:\Users\Asad Ali\Documents\GitHub\HTTPS-IAS-Production\AIS\wwwroot\js\csp\Views_PostCompliance_change_para_status.js","83","alert(""getParas AJAX error: "" + xhr.responseText);"
"generic_error","C:\Users\Asad Ali\Documents\GitHub\HTTPS-IAS-Production\AIS\wwwroot\js\csp\Views_PostCompliance_change_para_status.js","103","error: function (xhr) {"
"generic_error","C:\Users\Asad Ali\Documents\GitHub\HTTPS-IAS-Production\AIS\wwwroot\js\csp\Views_PostCompliance_change_para_status.js","104","alert(""paraText AJAX error: "" + xhr.responseText);"
"generic_error","C:\Users\Asad Ali\Documents\GitHub\HTTPS-IAS-Production\AIS\wwwroot\js\csp\Views_PostCompliance_change_para_status.js","144","error: function (xhr) {"
"generic_error","C:\Users\Asad Ali\Documents\GitHub\HTTPS-IAS-Production\AIS\wwwroot\js\csp\Views_PostCompliance_change_para_status.js","145","alert(""Publishchange AJAX error: "" + xhr.responseText);"
"generic_error","C:\Users\Asad Ali\Documents\GitHub\HTTPS-IAS-Production\AIS\wwwroot\js\csp\Views_PostCompliance_post_compliance.js","31","maxFileError: ""File exceeds upload limit. - Max limit:"", // Error message for exceeding file count"
"generic_error","C:\Users\Asad Ali\Documents\GitHub\HTTPS-IAS-Production\AIS\wwwroot\js\csp\Views_PostCompliance_post_compliance.js","32","maxSizeError: ""File exceeds size. - Max limit:"", // Error message for exceeding file size"
"generic_error","C:\Users\Asad Ali\Documents\GitHub\HTTPS-IAS-Production\AIS\wwwroot\js\csp\Views_PostCompliance_post_compliance.js","33","fileTypeError: ""Disallowed file format."", // Error message for disallowed file format"
"generic_error","C:\Users\Asad Ali\Documents\GitHub\HTTPS-IAS-Production\AIS\wwwroot\js\csp\Views_PostCompliance_post_compliance.js","286","}, error: function (jqXHR, textStatus, errorThrown) {"
"generic_error","C:\Users\Asad Ali\Documents\GitHub\HTTPS-IAS-Production\AIS\wwwroot\js\csp\Views_PostCompliance_post_compliance_review.js","30","maxFileError: ""File exceeds upload limit. - Max limit:"", // error text"
"generic_error","C:\Users\Asad Ali\Documents\GitHub\HTTPS-IAS-Production\AIS\wwwroot\js\csp\Views_PostCompliance_post_compliance_review.js","31","maxSizeError: ""File exceeds size. - Max limit:"", // error text"
"generic_error","C:\Users\Asad Ali\Documents\GitHub\HTTPS-IAS-Production\AIS\wwwroot\js\csp\Views_PostCompliance_post_compliance_review.js","32","fileTypeError: ""Disallowed file format."", // error text"
"generic_error","C:\Users\Asad Ali\Documents\GitHub\HTTPS-IAS-Production\AIS\wwwroot\js\csp\Views_PostCompliance_post_compliance_review.js","107","error: function (error) {"
"generic_error","C:\Users\Asad Ali\Documents\GitHub\HTTPS-IAS-Production\AIS\wwwroot\js\csp\Views_Reports_department_performance.js","81","}).fail(function () {"
"generic_error","C:\Users\Asad Ali\Documents\GitHub\HTTPS-IAS-Production\AIS\wwwroot\js\csp\Views_Reports_department_performance.js","176","}).fail(function (xhr) {"
"generic_error","C:\Users\Asad Ali\Documents\GitHub\HTTPS-IAS-Production\AIS\wwwroot\js\csp\Views_Sampling_account_transaction.js","27","error: function (xhr, status, error) {"
"generic_error","C:\Users\Asad Ali\Documents\GitHub\HTTPS-IAS-Production\AIS\wwwroot\js\csp\Views_Sampling_account_transaction_master.js","21","error: function (xhr, status, error) {"
"generic_error","C:\Users\Asad Ali\Documents\GitHub\HTTPS-IAS-Production\AIS\wwwroot\js\csp\Views_Sampling_add_report.js","88","error: function (xhr) {"
"generic_error","C:\Users\Asad Ali\Documents\GitHub\HTTPS-IAS-Production\AIS\wwwroot\js\csp\Views_Sampling_loan_documents.js","34","error: function (xhr, status, error) { // Fix: Catch AJAX errors"
"generic_error","C:\Users\Asad Ali\Documents\GitHub\HTTPS-IAS-Production\AIS\wwwroot\js\csp\Views_Sampling_loan_documents.js","35","console.error(""AJAX Error:"", status, error);"
"generic_error","C:\Users\Asad Ali\Documents\GitHub\HTTPS-IAS-Production\AIS\wwwroot\js\csp\Views_Sampling_loan_documents.js","128","error: function (xhr, status, error) {"
"generic_error","C:\Users\Asad Ali\Documents\GitHub\HTTPS-IAS-Production\AIS\wwwroot\js\csp\Views_Sampling_loan_documents.js","129","console.error(""AJAX Error:"", status, error);"
"generic_error","C:\Users\Asad Ali\Documents\GitHub\HTTPS-IAS-Production\AIS\wwwroot\js\csp\Views_Sampling_loan_transactions.js","32","error: function (xhr, status, error) {"
"generic_error","C:\Users\Asad Ali\Documents\GitHub\HTTPS-IAS-Production\AIS\wwwroot\js\csp\Views_Sampling_ManageExceptionReportFormat.js","138","error: function (xhr) {"
"generic_error","C:\Users\Asad Ali\Documents\GitHub\HTTPS-IAS-Production\AIS\wwwroot\js\csp\Views_Setup_manage_annexure.js","2","console.error(""JS error:"", e.message, e.filename, e.lineno, e.colno);"
"generic_error","C:\Users\Asad Ali\Documents\GitHub\HTTPS-IAS-Production\AIS\wwwroot\js\iid\inquiryReportReadOnly.js","231","}).fail(function () {"
"generic_error","C:\Users\Asad Ali\Documents\GitHub\HTTPS-IAS-Production\AIS\wwwroot\js\iid\inquiryReportReadOnly.js","251","loadComplaintDropdown(complaintId).fail(function () {"
"generic_error","C:\Users\Asad Ali\Documents\GitHub\HTTPS-IAS-Production\AIS\wwwroot\js\fad-risk-control-panel.js","398","}).fail(function () {"
"generic_error","C:\Users\Asad Ali\Documents\GitHub\HTTPS-IAS-Production\AIS\wwwroot\js\fad-risk-control-panel.js","431","}).fail(function () {"
"generic_error","C:\Users\Asad Ali\Documents\GitHub\HTTPS-IAS-Production\AIS\wwwroot\js\fad-risk-control-panel.js","464","}).fail(function () {"
"generic_error","C:\Users\Asad Ali\Documents\GitHub\HTTPS-IAS-Production\AIS\wwwroot\js\fad-risk-control-panel.js","496","}).fail(function () {"
"generic_error","C:\Users\Asad Ali\Documents\GitHub\HTTPS-IAS-Production\AIS\wwwroot\js\fad-risk-control-panel.js","527","}).fail(function () {"
"generic_error","C:\Users\Asad Ali\Documents\GitHub\HTTPS-IAS-Production\AIS\wwwroot\js\fad-risk-control-panel.js","536","}).fail(function () {"
"generic_error","C:\Users\Asad Ali\Documents\GitHub\HTTPS-IAS-Production\AIS\wwwroot\js\fad-risk-control-panel.js","606","}).fail(function () {"
"generic_error","C:\Users\Asad Ali\Documents\GitHub\HTTPS-IAS-Production\AIS\wwwroot\js\fad-risk-control-panel.js","679","}).fail(function () {"
"generic_error","C:\Users\Asad Ali\Documents\GitHub\HTTPS-IAS-Production\AIS\wwwroot\js\fad-risk-control-panel.js","752","}).fail(function () {"
"generic_error","C:\Users\Asad Ali\Documents\GitHub\HTTPS-IAS-Production\AIS\wwwroot\js\fad-risk-control-panel.js","822","}).fail(function () {"
"generic_error","C:\Users\Asad Ali\Documents\GitHub\HTTPS-IAS-Production\AIS\wwwroot\js\fad-risk-control-panel.js","866","}).fail(function () {"
"generic_error","C:\Users\Asad Ali\Documents\GitHub\HTTPS-IAS-Production\AIS\wwwroot\js\home-change-password.js","153","error: function (xhr, textStatus) {"
"generic_error","C:\Users\Asad Ali\Documents\GitHub\HTTPS-IAS-Production\AIS\wwwroot\js\login.js","180","error: function (xhr) {"
"generic_error","C:\Users\Asad Ali\Documents\GitHub\HTTPS-IAS-Production\AIS\wwwroot\js\responsibilitySection.js","381","}).fail(handleFail);"
"generic_error","C:\Users\Asad Ali\Documents\GitHub\HTTPS-IAS-Production\AIS\wwwroot\js\responsibilitySection.js","473","}).fail(function (xhr) {"
"generic_error","C:\Users\Asad Ali\Documents\GitHub\HTTPS-IAS-Production\AIS\wwwroot\js\responsibilitySectionUpdate.js","441","}).fail(handleFail);"
"generic_error","C:\Users\Asad Ali\Documents\GitHub\HTTPS-IAS-Production\AIS\wwwroot\js\responsibilitySectionUpdate.js","534","}).fail(function (xhr) {"
"generic_error","C:\Users\Asad Ali\Documents\GitHub\HTTPS-IAS-Production\AIS\wwwroot\js\responsibilitySectionUpdate.js","607","}).fail(function (xhr) {"
"generic_error","C:\Users\Asad Ali\Documents\GitHub\HTTPS-IAS-Production\AIS\wwwroot\js\responsibilitySectionUpdate.js","633","}).fail(function (xhr) {"
"select2","C:\Users\Asad Ali\Documents\GitHub\HTTPS-IAS-Production\AIS\wwwroot\js\csp\Views_AdministrationPanel_compliance_flow.js","5","$('#entityTypeSelectionField').select2();"
"select2","C:\Users\Asad Ali\Documents\GitHub\HTTPS-IAS-Production\AIS\wwwroot\js\csp\Views_AdministrationPanel_manage_user.js","4","$('#roleSaveField').select2();"
"select2","C:\Users\Asad Ali\Documents\GitHub\HTTPS-IAS-Production\AIS\wwwroot\js\csp\Views_CAU_monitoring_oms.js","31","$('#updatedAnnexlist').select2();"
"select2","C:\Users\Asad Ali\Documents\GitHub\HTTPS-IAS-Production\AIS\wwwroot\js\csp\Views_CAU_om_creation.js","31","$('#updatedAnnexlist').select2();"
"select2","C:\Users\Asad Ali\Documents\GitHub\HTTPS-IAS-Production\AIS\wwwroot\js\csp\Views_CAU_om_reply.js","31","$('#updatedAnnexlist').select2();"
"select2","C:\Users\Asad Ali\Documents\GitHub\HTTPS-IAS-Production\AIS\wwwroot\js\csp\Views_CAU_reports.js","31","$('#updatedAnnexlist').select2();"
"select2","C:\Users\Asad Ali\Documents\GitHub\HTTPS-IAS-Production\AIS\wwwroot\js\csp\Views_Execution_Audit_Execution.js","12","$('#otherDepSelectField').select2();"
"select2","C:\Users\Asad Ali\Documents\GitHub\HTTPS-IAS-Production\AIS\wwwroot\js\csp\Views_Execution_cau_observation.js","72","$('#updatedAnnexlist').select2();"
"select2","C:\Users\Asad Ali\Documents\GitHub\HTTPS-IAS-Production\AIS\wwwroot\js\csp\Views_Execution_cau_observation.js","73","$('#riskActivitiesSelectBox').select2();"
"select2","C:\Users\Asad Ali\Documents\GitHub\HTTPS-IAS-Production\AIS\wwwroot\js\csp\Views_Execution_cau_observation.js","176","$('#riskActivitiesSelectBox').select2('destroy');"
"select2","C:\Users\Asad Ali\Documents\GitHub\HTTPS-IAS-Production\AIS\wwwroot\js\csp\Views_Execution_cau_observation.js","178","$('#riskActivitiesSelectBox').select2();"
"select2","C:\Users\Asad Ali\Documents\GitHub\HTTPS-IAS-Production\AIS\wwwroot\js\csp\Views_Execution_checklist_details.js","38","$('#updatedAnnexlist').select2({ dropdownParent: $('#viewMemoModel') });"
"select2","C:\Users\Asad Ali\Documents\GitHub\HTTPS-IAS-Production\AIS\wwwroot\js\csp\Views_Execution_draft_audit_report.js","8","$('#entitySelectField').select2();"
"select2","C:\Users\Asad Ali\Documents\GitHub\HTTPS-IAS-Production\AIS\wwwroot\js\csp\Views_Execution_draft_audit_report_branch.js","34","$('#entitySelectField').select2();"
"select2","C:\Users\Asad Ali\Documents\GitHub\HTTPS-IAS-Production\AIS\wwwroot\js\csp\Views_Execution_manage_audit_paras.js","33","$('#entitySelectField').select2();"
"select2","C:\Users\Asad Ali\Documents\GitHub\HTTPS-IAS-Production\AIS\wwwroot\js\csp\Views_Execution_manage_draft_report_paras.js","6","$('#entitySelectField').select2();"
"select2","C:\Users\Asad Ali\Documents\GitHub\HTTPS-IAS-Production\AIS\wwwroot\js\csp\Views_Execution_manage_draft_report_paras_branch.js","8","$('#entitySelectField').select2();"
"select2","C:\Users\Asad Ali\Documents\GitHub\HTTPS-IAS-Production\AIS\wwwroot\js\csp\Views_Execution_manage_dsa.js","27","$('#entitySelectField').select2();"
"select2","C:\Users\Asad Ali\Documents\GitHub\HTTPS-IAS-Production\AIS\wwwroot\js\csp\Views_Execution_manage_observations.js","6","$('#entitySelectField').select2();"
"select2","C:\Users\Asad Ali\Documents\GitHub\HTTPS-IAS-Production\AIS\wwwroot\js\csp\Views_Execution_manage_observations_branches.js","44","$('#entitySelectField').select2();"
"select2","C:\Users\Asad Ali\Documents\GitHub\HTTPS-IAS-Production\AIS\wwwroot\js\csp\Views_Execution_observation_export_pdf.js","12","$('#entitySelectField').select2();"
"select2","C:\Users\Asad Ali\Documents\GitHub\HTTPS-IAS-Production\AIS\wwwroot\js\csp\Views_Execution_obs_management.js","6","$('#entitySelectField').select2();"
"select2","C:\Users\Asad Ali\Documents\GitHub\HTTPS-IAS-Production\AIS\wwwroot\js\csp\Views_Execution_Update_Gist_Para_No.js","12","$('#entitySelectField').select2();"
"select2","C:\Users\Asad Ali\Documents\GitHub\HTTPS-IAS-Production\AIS\wwwroot\js\csp\Views_Reports_dept_wise_outstanding_paras.js","25","$('#entityTypeSelectionField').select2();"
"select2","C:\Users\Asad Ali\Documents\GitHub\HTTPS-IAS-Production\AIS\wwwroot\js\csp\Views_Reports_FAD_Monthly_Review.js","2","$('#entityTypeSelectionField').select2();"
"select2","C:\Users\Asad Ali\Documents\GitHub\HTTPS-IAS-Production\AIS\wwwroot\js\csp\Views_Reports_loan_report.js","11","$('#loanGLSubField').select2();"
"select2","C:\Users\Asad Ali\Documents\GitHub\HTTPS-IAS-Production\AIS\wwwroot\js\csp\Views_Reports_settled_paras_report.js","3","$('#entitySelectField').select2();"
