"FileName","MethodName","Access","StartLine","EndLine","ProcedureCalls","InputParams","OutputParams","CursorColumns","DirectObjects"
"DBConnection.AD.cs","GetAllTopMenus","public","12","47","pkg_ad.P_GetAllTopMenus","P_NO:Int32; ENT_ID:Int32; R_ID:Int32; T_CURSOR:RefCursor","T_CURSOR:RefCursor:Output","MENU_ID; MENU_NAME; MENU_ORDER; MENU_DESCRIPTION",""
"DBConnection.AD.cs","GetAllMenuPages","public","49","88","pkg_ad.p_GetAllMenuPages","menuId:Int32; P_NO:Int32; ENT_ID:Int32; R_ID:Int32; T_CURSOR:RefCursor","T_CURSOR:RefCursor:Output","ID; MENU_ID; PAGE_NAME; PAGE_PATH; PAGE_ORDER; STATUS",""
"DBConnection.AD.cs","GetAssignedMenuPages","public","90","130","pkg_ad.P_GetAssignedMenuPages","groupId:Int32; menuId:Int32; P_NO:Int32; ENT_ID:Int32; R_ID:Int32; T_CURSOR:RefCursor","T_CURSOR:RefCursor:Output","ID; MENU_ID; PAGE_NAME; PAGE_PATH; PAGE_ORDER; STATUS",""
"DBConnection.AD.cs","UpdateMenuPagesAssignment","public","132","159","pkg_ad.P_updateAllMenuPages","menuId:Int32; p_id:Int32; P_NO:Int32; ENT_ID:Int32; R_ID:Int32","","",""
"DBConnection.AD.cs","GetGroups","public","161","197","pkg_ad.P_GetGroups","P_NO:Int32; ENT_ID:Int32; R_ID:Int32; T_CURSOR:RefCursor","T_CURSOR:RefCursor:Output","GROUP_ID; GROUP_NAME; DESCRIPTION; STATUS",""
"DBConnection.AD.cs","AddGroup","public","199","243","pkg_ad.p_AddGroup; pkg_ad.P_Group_Update","GROUP_DESCRIPTION:Varchar2; GROUP_NAME:Varchar2; ISACTIVE:Varchar2; P_NO:Int32; ENT_ID:Int32; R_ID:Int32; GROUPID:Varchar2","","",""
"DBConnection.AD.cs","GetRoleResponsibilities","public","245","277","pkg_ad.P_GetRoleResponsibilities","T_CURSOR:RefCursor","T_CURSOR:RefCursor:Output","DESIGNATIONCODE; DESCRIPTION; STATUSTYPE",""
"DBConnection.AD.cs","GetAnnexuresForChecklistDetail","public","279","336","pkg_ad.p_get_annexure","ENT_ID:Int32; P_NO:Int32; R_ID:Int32; T_CURSOR:RefCursor","T_CURSOR:RefCursor:Output","ID; Annex; Code; HEADING; Risk; process; function; Risk_ID; process_Id; function_Id; function_id_1; function_1; function_id_2; function_2; max_number; weightage; gravity; Vol; Status",""
"DBConnection.AD.cs","GetAllUsers","public","338","441","pkg_ad.p_get_allusers","ENTITYID:Int32; EMAIL:Varchar2; GROUPID:Int32; PPNUMBER:Int32; LOGINNAME:Varchar2; ENT_ID:Int32; P_NO:Int32; R_ID:Int32; T_CURSOR:RefCursor","T_CURSOR:RefCursor:Output","USERID; PPNO; EMPLOYEEFIRSTNAME; EMPLOYEELASTNAME; EMAIL; entity_id; child_code; p_type_id; parent_id; parent_code; c_type_id; c_name; relation_type_id; p_name; type_id; code; group_id; group_name; ISACTIVE",""
"DBConnection.AD.cs","AddNewUser","public","443","466","pkg_ad.P_add_new_user","ENC_PASS:Varchar2; ROLE_ID:Int32; P_NO:Int32; ENT_ID:Int32; T_CURSOR:RefCursor","T_CURSOR:RefCursor:Output","remarks",""
"DBConnection.AD.cs","GetAuditEntityTypes","public","468","508","pkg_ad.P_Get_Entity_type","ENT_ID:Int32; P_NO:Int32; R_ID:Int32; PG_ID:Int32; T_CURSOR:RefCursor","T_CURSOR:RefCursor:Output","AUTID; ENTITYCODE; ENTITYTYPEDESC; AUDITABLE; d_risk",""
"DBConnection.AD.cs","GetAuditBy","public","510","544","pkg_ad.p_get_audited_by","T_CURSOR:RefCursor","T_CURSOR:RefCursor:Output","entity_id; deptname",""
"DBConnection.AD.cs","GetAuditeeEntities","public","546","586","pkg_ad.P_GetAuditeeEntityTypes","ENTITYID:Int32; T_CURSOR:RefCursor","T_CURSOR:RefCursor:Output","entitycode; ENTITY_TYPE",""
"DBConnection.AD.cs","GetAuditeeEntitiesForUpdate","public","588","649","pkg_ad.P_GetEntitees_for_update","ENTITYID:Int32; P_NO:Int32; ENT_ID:Int32; TYPEID:Int32; RO_ID:Int32; T_CURSOR:RefCursor","T_CURSOR:RefCursor:Output","ENTITY_ID; CODE; NAME; ACTIVE; AUDITBY_ID; AUDITBY_NAME; AUDITABLE; ADDRESS; TELEPHONE; EMAIL_ADDRESS; RISK_ID; SIZE_ID; ERISK; ESIZE",""
"DBConnection.AD.cs","GetAuditeeEntitiesForUpdateForAuthorization","public","651","744","pkg_ad.P_GetEntitees_for_update_comp","E_ENTITY_ID:Int32; P_NO:Int32; ENT_ID:Int32; R_ID:Int32; T_CURSOR:RefCursor","T_CURSOR:RefCursor:Output","ENTITY_ID; CODE; CODE_OLD; NAME; NAME_OLD; ACTIVE; ACTIVE_OLD; AUDITBY_ID; AUDITBY_ID_OLD; AUDITBY_NAME; AUDITBY_NAME_OLD; AUDITABLE; AUDITABLE_OLD; ADDRESS; ADDRESS_OLD; TELEPHONE; TELEPHONE_OLD; EMAIL_ADDRESS; EMAIL_ADDRESS_OLD; RISK_ID; RISK_ID_OLD; SIZE_ID; SIZE_ID_OLD; ERISK; ERISK_OLD; ESIZE; ESIZE_OLD",""
"DBConnection.AD.cs","GetAuditeeEntitiesForAuthorization","public","746","803","pkg_ad.P_GetEntitees_for_update_authorization","E_ENTITY_ID:Int32; E_up_status:Varchar2; P_NO:Int32; R_ID:Int32; IND:Varchar2; io_cursor:RefCursor","io_cursor:RefCursor:Output","ID; ENTITY_ID; CODE; NAME; ACTIVE; AUDITBY_ID; AUDITBY_NAME; AUDITABLE; ADDRESS; TELEPHONE; EMAIL_ADDRESS; RISK_ID; SIZE_ID; UP_STATUS; ERISK; ESIZE",""
"DBConnection.AD.cs","UpdateAuditeeEntity","public","805","847","pkg_ad.P_UPDATE_ENTITIES","E_entity_id:Int32; E_code:Int32; E_name:Varchar2; E_active:Varchar2; E_auditable:Varchar2; E_address:Varchar2; E_telephone:Varchar2; E_email_address:Varchar2; E_risk_id:Int32; E_size_id:Int32; E_up_status:Varchar2; P_NO:Int32; R_ID:Int32; IND:Varchar2; io_cursor:RefCursor","io_cursor:RefCursor:Output","remarks",""
"DBConnection.AD.cs","GetAISEntities","public","849","899","pkg_ad.P_get_auditee_entities","ENT_ID:Varchar2; T_ID:Varchar2; T_CURSOR:RefCursor","T_CURSOR:RefCursor:Output","ENTITY_ID; NAME; CODE; TYPE_ID; AUDITBY_ID; auditby_name; TYPE_NAME; auditable; cost_center; active",""
"DBConnection.AD.cs","GetCBASEntities","public","901","939","pkg_ad.P_GET_CBAS_ENTITIES","ENT_CODE:Varchar2; ENT_NAME:Varchar2; T_CURSOR:RefCursor","T_CURSOR:RefCursor:Output","ORG_UNITID; NAME",""
"DBConnection.AD.cs","GetERPEntities","public","941","979","pkg_ad.P_GET_ERP_ENTITIES","ENT_CODE:Varchar2; ENT_NAME:Varchar2; T_CURSOR:RefCursor","T_CURSOR:RefCursor:Output","ORG_ID; ORG_DESC",""
"DBConnection.AD.cs","GetHREntities","public","981","1019","pkg_ad.P_GET_HR_ENTITIES","ENT_CODE:Varchar2; ENT_NAME:Varchar2; T_CURSOR:RefCursor","T_CURSOR:RefCursor:Output","div_code; div_name",""
"DBConnection.AD.cs","AddAuditEntity","public","1021","1036","pkg_ad.P_AddAuditEntity","AUDITABLE:Varchar2; ENTITYTYPEDESC:Varchar2","","",""
"DBConnection.AD.cs","GetAuditSubEntities","public","1038","1063","pkg_ad.P_GetAuditSubEntities","T_CURSOR:RefCursor","T_CURSOR:RefCursor:Output","ID; DIV_ID; DEP_ID; E_NAME; STATUS",""
"DBConnection.AD.cs","UpdateUser","public","1065","1105","pkg_ad.UPDATE_USERS","PPNUMBER:Int32; PASS:Varchar2; IS_ACTIVE:Varchar2; ROLEID:Int32; ENTITYID:Int32; EMAIL_ADDRESS:Varchar2; T_CURSOR:RefCursor","T_CURSOR:RefCursor:Output","",""
"DBConnection.AD.cs","ResetUserPassword","public","1107","1154","pkg_ad.RESET_USER_PASSWORD","PPNUMBER:Int32; CNIC:Int32; PASS:Varchar2; T_CURSOR:RefCursor","T_CURSOR:RefCursor:Output","remarks; emailAddress; emailAddress2; empFullName; IND",""
"DBConnection.AD.cs","AddGroupMenuItemsAssignment","public","1156","1169","pkg_ad.p_AddGroupMenuItemsAssignment","groupid:Int32; PAGEID:Int32","","",""
"DBConnection.AD.cs","RemoveGroupMenuItemsAssignment","public","1171","1184","pkg_ad.P_RemoveGroupMenuItemsAssignment","groupid:Int32; PAGEID:Int32","","",""
"DBConnection.AD.cs","GetAuditZones","public","1186","1232","pkg_ad.P_GetAuditZones","ENTITYID:Int32; T_CURSOR:RefCursor","T_CURSOR:RefCursor:Output","entity_id; CODE; NAME; DESCRIPTION; ACTIVE",""
"DBConnection.AD.cs","GetBranches","public","1235","1270","pkg_ad.P_GetBranches","Zone_Id:Int32; T_CURSOR:RefCursor","T_CURSOR:RefCursor:Output","BRANCHID; ZONEID; BRANCHNAME; ZONENAME; BRANCHCODE; DESCRIPTION; ISACTIVE",""
"DBConnection.AD.cs","GetZones","public","1272","1303","pkg_ad.P_GetZones","T_CURSOR:RefCursor","T_CURSOR:RefCursor:Output","ZONEID; ENTITY_ID; ZONECODE; NAME; DESCRIPTION; ISACTIVE",""
"DBConnection.AD.cs","GetZonesoldparamointoring","public","1305","1348","pkg_ad.P_GetZonesForHoMointoring","ENT_ID:Int32; P_NO:Int32; R_ID:Int32; T_CURSOR:RefCursor","T_CURSOR:RefCursor:Output","ZONEID; ENTITY_ID; ZONECODE; NAME; DESCRIPTION; ISACTIVE",""
"DBConnection.AD.cs","GetBranchSizes","public","1350","1372","pkg_ad.P_GetBranchSizes","T_CURSOR:RefCursor","T_CURSOR:RefCursor:Output","ENTITY_SIZE; DESCRIPTION",""
"DBConnection.AD.cs","GetControlViolations","public","1374","1398","pkg_ad.P_GetControlViolations","T_CURSOR:RefCursor","T_CURSOR:RefCursor:Output","S_GR_ID; DESCRIPTION; MAX_NUMBER",""
"DBConnection.AD.cs","GetSubEntities","public","1400","1433","pkg_ad.P_GetSubEntities","dept_code:Varchar2; Div_id:Varchar2; T_CURSOR:RefCursor","T_CURSOR:RefCursor:Output","ID; DIV_ID; DEP_ID; NAME; DIV_NAME; DEPT_NAME; STATUS",""
"DBConnection.AD.cs","AddSubEntity","public","1435","1452","pkg_ad.P_AddSubEntity","NAME:Varchar2; DIV_ID:Int32; DEP_ID:Int32; STATUS:Varchar2","","",""
"DBConnection.AD.cs","UpdateSubEntity","public","1454","1473","pkg_ad.P_UpdateSubEntity","E_id:Int32; NAME:Varchar2; DIV_ID:Int32; DEP_ID:Int32; STATUS:Varchar2","","",""
"DBConnection.AD.cs","GetAuditOngoingEngagementPlans","public","1475","1514","pkg_ad.p_get_audit_team_postchanges","ENT_ID:Int32; P_NO:Int32; R_ID:Int32; T_CURSOR:RefCursor","T_CURSOR:RefCursor:Output","eng_id; team_name; name; audit_startdate; audit_enddate; op_startdate; op_enddate; entity_id",""
"DBConnection.AD.cs","GetMatchedPPNumbers","public","1516","1548","pkg_ad.p_get_allusers","ENTITYID:Int32; EMAIL:Varchar2; GROUPID:Int32; PPNUMBER:Int32; LOGINNAME:Varchar2; T_CURSOR:RefCursor","T_CURSOR:RefCursor:Output","USERID; EMPLOYEEFIRSTNAME; EMPLOYEELASTNAME; ppno",""
"DBConnection.AD.cs","GetRiskProcessDetails","public","1550","1575","pkg_ad.P_GetRiskProcessDetails","procId:Int32; T_CURSOR:RefCursor","T_CURSOR:RefCursor:Output","S_ID; T_ID; ENTITY_TYPE; HEADING; STATUS",""
"DBConnection.AD.cs","GetSubChecklistComparisonDetailById","public","1577","1606","pkg_ad.P_get_sub_checklist_update_byid","SId:Int32; T_CURSOR:RefCursor","T_CURSOR:RefCursor:Output","Process; sub_porcess; New_Process; Comments; new_sub_process; t_id; n_t_id; s_id; n_s_id",""
"DBConnection.AD.cs","GetChecklistComparisonDetailById","public","1608","1660","pkg_ad.P_get_checklist_update_byid","CD_Id:Int32; T_CURSOR:RefCursor","T_CURSOR:RefCursor:Output","ID; PROCESS; SUB_PROCESS; NEW_SUB_PROCESS; Check_list; NEW_Check_list; voilation; NEW_voilation; funtional_responible; NEW_funtional_responible; Role_responsible; NEW_Role_responsible; RISK; NEW_RISK; annexure; NEW_annexure; STATUS; n_s_id; n_d_id; n_role_resp_id; n_owner_enitity_id; n_risk_id; n_v_id; n_annex",""
"DBConnection.AD.cs","GetChecklistComparisonDetailByIdForRefferedBack","public","1662","1711","pkg_ad.P_get_checklist_update_byid_ref","CD_Id:Int32; T_CURSOR:RefCursor","T_CURSOR:RefCursor:Output","ID; PROCESS; PROCESS_ID; SUB_PROCESS; NEW_SUB_PROCESS; Check_list; NEW_Check_list; voilation; NEW_voilation; funtional_responible; NEW_funtional_responible; Role_responsible; NEW_Role_responsible; RISK; NEW_RISK; annexure; NEW_annexure",""
"DBConnection.AD.cs","GetRiskProcessTransactions","public","1713","1751","pkg_ad.P_GetRiskProcessTransactions","procDetailId:Int32; transactionId:Int32; T_CURSOR:RefCursor","T_CURSOR:RefCursor:Output","ID; S_ID; V_ID; ROLE_RESP_ID; DIV_NAME; HEADING; PROCESS_OWNER_ID; CONTROL_OWNER; RISK_ID; TITLE; P_NAME; V_NAME; STATUS",""
"DBConnection.AD.cs","GetUpdatedSubChecklistForReviewAndAuthorize","public","1753","1795","pkg_ad.p_Get_updated_Sub_Checklist_for_review","statusId:Int32; ENT_ID:Int32; P_NO:Int32; R_ID:Int32; T_CURSOR:RefCursor","T_CURSOR:RefCursor:Output","Process; sub_process; New_Process; Comments; new_sub_process; t_id; n_t_id; s_id; n_s_id",""
"DBConnection.AD.cs","GetUpdatedChecklistDetailsForReviewAndAuthorize","public","1797","1847","pkg_ad.p_Get_updated_Checklist_for_review","statusId:Int32; ENT_ID:Int32; P_NO:Int32; R_ID:Int32; T_CURSOR:RefCursor","T_CURSOR:RefCursor:Output","ID; S_ID; V_ID; ROLE_RESP_ID; Role_Responsible; HEADING; PROCESS_OWNER_ID; CONTROL_OWNER; RISK_ID; RISK_DESC; TITLE; P_NAME; V_NAME; STATUS",""
"DBConnection.AD.cs","AddRiskProcess","public","1849","1863","pkg_ad.P_audit_checklist","p_name:Varchar2; RISK_ID:Int32","","",""
"DBConnection.AD.cs","AddRiskSubProcess","public","1865","1892","pkg_ad.P_audit_checklist_sub","p_ID:Int32; TITLE:Varchar2; ENTITY_TYPE:Varchar2; ENT_ID:Int32; P_NO:Int32; R_ID:Int32","","",""
"DBConnection.AD.cs","AddRiskSubProcessTransaction","public","1894","1922","pkg_ad.P_audit_checklist_detail","p_id:Int32; DESCRIPTION:Varchar2; V_ID:Varchar2; CONTROL_OWNER:Varchar2; RISK_WEIGHTAGE:Varchar2; ACTION:Varchar2; PPNumber:Varchar2","","",""
"DBConnection.AD.cs","AuthorizeSubProcessByAuthorizer","public","1924","1956","pkg_ad.p_Approved_Sub_Process_By_Authorizer","SID:Int32; COMMENTS:Varchar2; ENT_ID:Int32; P_NO:Int32; R_ID:Int32; T_CURSOR:RefCursor","T_CURSOR:RefCursor:Output","remarks",""
"DBConnection.AD.cs","RefferedBackSubProcessByAuthorizer","public","1958","1990","pkg_ad.p_RefferedBack_Sub_checklist_By_Reviewer","SID:Int32; COMMENTS:Varchar2; ENT_ID:Int32; P_NO:Int32; R_ID:Int32; T_CURSOR:RefCursor","T_CURSOR:RefCursor:Output","remarks",""
"DBConnection.AD.cs","RecommendProcessTransactionByReviewer","public","1992","2032","pkg_ad.P_Recommend_Checklist_By_Reviewer","DID:Int32; SID:Int32; DESCRIPTION:Varchar2; VID:Int32; CONTROL_OWNER:Int32; ROLE:Int32; RISK:Int32; ANNEXURE:Varchar2; ENT_ID:Int32; P_NO:Int32; R_ID:Int32; T_ID:Int32; COMMENTS:Varchar2; T_CURSOR:RefCursor","T_CURSOR:RefCursor:Output","remarks",""
"DBConnection.AD.cs","RefferedBackProcessTransactionByReviewer","public","2034","2066","pkg_ad.P_RefferedBack_checklist_By_Reviewer","T_ID:Int32; COMMENTS:Varchar2; ENT_ID:Int32; P_NO:Int32; R_ID:Int32; T_CURSOR:RefCursor","T_CURSOR:RefCursor:Output","remarks",""
"DBConnection.AD.cs","AuthorizeProcessTransactionByAuthorizer","public","2068","2100","pkg_ad.p_approve_checklist_By_Authorizer","T_ID:Int32; COMMENTS:Varchar2; ENT_ID:Int32; P_NO:Int32; R_ID:Int32; T_CURSOR:RefCursor","T_CURSOR:RefCursor:Output","remarks",""
"DBConnection.AD.cs","RefferedBackProcessTransactionByAuthorizer","public","2102","2134","pkg_ad.p_RefferedBack_checklist_By_Authorizer","T_ID:Int32; COMMENTS:Varchar2; ENT_ID:Int32; P_NO:Int32; R_ID:Int32; T_CURSOR:RefCursor","T_CURSOR:RefCursor:Output","remarks",""
"DBConnection.AD.cs","GetRisks","public","2136","2160","pkg_ad.P_GetRisks","T_CURSOR:RefCursor","T_CURSOR:RefCursor:Output","R_ID; DESCRIPTION",""
"DBConnection.AD.cs","GetAuthorizeMergeSubChecklist","public","2162","2190","pkg_ad.P_GET_SUBCHECKILIST","T_CURSOR:RefCursor","T_CURSOR:RefCursor:Output","S_ID; HEADING; RISK_SEQUENCE; WEIGHT_ASSIGNED; ENTITY_TYPE; ENTITY_TYPE_NAME; STATUS",""
"DBConnection.AD.cs","GetAnnexureProcess","public","2192","2215","pkg_ad.p_get_annexure_process","T_CURSOR:RefCursor","T_CURSOR:RefCursor:Output","ID; HEADING",""
"DBConnection.AD.cs","GetLatestCommentsOnProcess","public","2217","2236","pkg_ad.P_GetLatestCommentsOnProcess","procId:Int32; T_CURSOR:RefCursor","T_CURSOR:RefCursor:Output","comments",""
"DBConnection.AD.cs","GetAuditSubChecklist","public","2238","2266","pkg_ad.p_GET_SUB_CHECKLIST_MAKER","processid:Int32; T_CURSOR:RefCursor","T_CURSOR:RefCursor:Output","S_ID; T_ID; PROCESS; SUB_PROCESS; RISK_SEQUENCE; WEIGHT_ASSIGNED; COMMENTS",""
"DBConnection.AD.cs","AddAuditChecklist","public","2268","2302","pkg_ad.P_audit_checklist","p_name:Varchar2; c_seq:Int32; c_weight:Varchar2; RISK_ID:Int32; ENT_ID:Int32; P_NO:Int32; R_ID:Int32; T_CURSOR:RefCursor","T_CURSOR:RefCursor:Output","remarks",""
"DBConnection.AD.cs","UpdateAuditChecklist","public","2304","2339","pkg_ad.P_audit_checklist_update","t_id:Int32; p_name:Varchar2; active:Varchar2; c_seq:Int32; c_weight:Varchar2; ENT_ID:Int32; P_NO:Int32; R_ID:Int32; T_CURSOR:RefCursor","T_CURSOR:RefCursor:Output","remarks",""
"DBConnection.AD.cs","AddAuditSubChecklist","public","2341","2376","pkg_ad.P_audit_checklist_sub","P_ID:Int32; TITLE:Varchar2; c_seq:Int32; c_weight:Varchar2; ENTITY_TYPE:Varchar2; ENT_ID:Int32; P_NO:Int32; R_ID:Int32; T_CURSOR:RefCursor","T_CURSOR:RefCursor:Output","remarks",""
"DBConnection.AD.cs","UpdateAuditSubChecklist","public","2378","2415","pkg_ad.P_audit_checklist_sub_update","TID:Int32; N_TID:Int32; SID:Int32; TITLE:Varchar2; c_seq:Int32; c_weight:Varchar2; ENTITY_TYPE:Int32; ENT_ID:Int32; P_NO:Int32; R_ID:Int32; T_CURSOR:RefCursor","T_CURSOR:RefCursor:Output","remarks",""
"DBConnection.AD.cs","GetAuditChecklistDetail","public","2417","2458","pkg_ad.p_GetChecklistDetailBySubProcessId","subProcessId:Int32; ENT_ID:Int32; P_NO:Int32; R_ID:Int32; T_CURSOR:RefCursor","T_CURSOR:RefCursor:Output","S_ID; ID; HEADING; V_ID; role_resp_id; owner_entity_id; RISK_ID; ANNEX",""
"DBConnection.AD.cs","GetAuditChecklistDetailForRemoveDuplicate","public","2460","2501","pkg_ad.p_Get_ChecklistDetail_FOR_DUPLICATE","subProcessId:Int32; ENT_ID:Int32; P_NO:Int32; R_ID:Int32; T_CURSOR:RefCursor","T_CURSOR:RefCursor:Output","S_ID; ID; HEADING; V_ID; role_resp_id; owner_entity_id; RISK_ID; ANNEX",""
"DBConnection.AD.cs","GetChecklistDetailForSubProcess","public","2503","2536","pkg_ad.p_get_checklistdetail_for_subchecklist","sid:Int32; ENT_ID:Int32; P_NO:Int32; R_ID:Int32; T_CURSOR:RefCursor","T_CURSOR:RefCursor:Output","details",""
"DBConnection.AD.cs","GetReferredBackAuditChecklistDetail","public","2538","2580","pkg_ad.p_GetChecklistDetail_ref","ENT_ID:Int32; P_NO:Int32; R_ID:Int32; T_CURSOR:RefCursor","T_CURSOR:RefCursor:Output","S_ID; ID; P_ID; HEADING; V_ID; COMMENTS; role_resp_id; owner_entity_id; RISK_ID; ANNEX",""
"DBConnection.AD.cs","AddAuditChecklistDetail","public","2582","2620","pkg_ad.P_audit_checklist_detail","P_ID:Int32; SID:Int32; DESCRIPTION:Varchar2; VID:Int32; CONTROL_OWNER:Int32; ROLE:Int32; RISK:Int32; ANNEXURE:Int32; ENT_ID:Int32; P_NO:Int32; R_ID:Int32; T_CURSOR:RefCursor","T_CURSOR:RefCursor:Output","remarks",""
"DBConnection.AD.cs","UpdateAuditChecklistDetail","public","2622","2660","pkg_ad.audit_checklist_detail_update","DID:Int32; SID:Int32; DESCRIPTION:Varchar2; VID:Int32; CONTROL_OWNER:Int32; ROLE:Int32; RISK:Int32; ANNEXURE:Varchar2; ENT_ID:Int32; P_NO:Int32; R_ID:Int32; T_CURSOR:RefCursor","T_CURSOR:RefCursor:Output","remarks",""
"DBConnection.AD.cs","Getchildposting","public","2662","2704","pkg_ad.P_Getchildposting","erid:Int32; T_CURSOR:RefCursor","T_CURSOR:RefCursor:Output","ENTITY_ID; C_NAME; TYPEID; COMPLICE_BY; AUDIT_BY; GM_OFFICE; REPORTING",""
"DBConnection.AD.cs","Getparentrepoffice","public","2706","2745","pkg_ad.P_Getparentrepoffice","rid:Int32; ENT_ID:Int32; R_ID:Int32; T_CURSOR:RefCursor","T_CURSOR:RefCursor:Output","ENTITY_REALTION_ID; ENTITY_ID; ACTIVE; DESCRIPTION; ENTITYTYPEDESC",""
"DBConnection.AD.cs","GetEntityTypeList","public","2747","2781","pkg_ad.P_GetAuditeeEntityTypes","ENTITYID:Int32; T_CURSOR:RefCursor","T_CURSOR:RefCursor:Output","ENTITY_TYPE; entitycode",""
"DBConnection.AD.cs","GetComplianceUnits","public","2783","2816","pkg_ad.P_GET_COMPLIANCE_OFFICE","T_CURSOR:RefCursor","T_CURSOR:RefCursor:Output","NAME; ENTITY_ID",""
"DBConnection.AD.cs","GetComplianceOfficer","public","2818","2851","pkg_ad.P_GET_COMPLIANCE_OFFICE","T_CURSOR:RefCursor","T_CURSOR:RefCursor:Output","NAME; ENTITY_ID",""
"DBConnection.AD.cs","Getrealtionshiptype","public","2853","2889","pkg_ad.P_Getrealtionshiptype","R_ID:Int32; ENT_ID:Int32; P_NO:Int32; PAGE_ID:Int32; T_CURSOR:RefCursor","T_CURSOR:RefCursor:Output","ENTITY_REALTION_ID; FIELD_NAME",""
"DBConnection.AD.cs","GetAuditeeEngagements","public","2891","2914","pkg_ad.p_get_auditee_engagement","ent_id:Int32; period:Int32; T_CURSOR:RefCursor","T_CURSOR:RefCursor:Output","ENG_ID; Eng_name",""
"DBConnection.AD.cs","GetEngagementDetailsForStatusReversal","public","2916","2947","pkg_ad.p_get_audit_engagement","ent_id:Int32; T_CURSOR:RefCursor","T_CURSOR:RefCursor:Output","plan_id; ENG_ID; TEAM_NAME; AUDIT_STARTDATE; AUDIT_ENDDATE; OP_STARTDATE; OP_ENDDATE; ENTITY_ID; Auditby_Id; STATUS_ID; STATUS",""
"DBConnection.AD.cs","GetObservationDetailsForStatusReversal","public","2949","2976","pkg_ad.p_get_audit_observtion","ENGID:Int32; T_CURSOR:RefCursor","T_CURSOR:RefCursor:Output","ID; MEMO_NO; GIST; MEMO_DATE; HEADINGS; RISK; STATUS",""
"DBConnection.AD.cs","GetObservationReversalStatus","public","2978","3002","pkg_ad.p_get_audit_observtion_status","T_CURSOR:RefCursor","T_CURSOR:RefCursor:Output","statusname; statusid",""
"DBConnection.AD.cs","GetEngagementReversalStatus","public","3004","3029","pkg_ad.p_get_audit_engagement_status","ENGID:Int32; T_CURSOR:RefCursor","T_CURSOR:RefCursor:Output","status; id",""
"DBConnection.AD.cs","GetAuditeeRisk","public","3031","3063","pkg_ad.P_GetAuditeeRisk","ENT_ID:Int32; T_CURSOR:RefCursor","T_CURSOR:RefCursor:Output","max_number; risk_areas; Marks",""
"DBConnection.AD.cs","GetAuditeeRiskForEntTypes","public","3065","3101","pkg_ad.P_Get_Entity_Risk","ENT_TYP:Int32; Period:Int32; T_CURSOR:RefCursor","T_CURSOR:RefCursor:Output","risk_category; risk_rating; name; parent_office; branch_code",""
"DBConnection.AD.cs","GetAuditeeRiskDetails","public","3103","3139","pkg_ad.P_GetAuditeeRisk_details","ENT_ID:Int32; T_CURSOR:RefCursor","T_CURSOR:RefCursor:Output","max_number; risk_areas; risk_based_marks; number_of_observations; weighted_average_marks; weightage_average; gravity_risk",""
"DBConnection.AD.cs","MergeDuplicateProcesses","public","3141","3172","pkg_ad.p_merge_checklist","CID:Varchar2; mcid:Varchar2; T_CURSOR:RefCursor","T_CURSOR:RefCursor:Output","REMARKS",""
"DBConnection.AD.cs","MergeDuplicateSubProcesses","public","3174","3205","pkg_ad.p_merge_sub_checklist","SID:Varchar2; msid:Varchar2; T_CURSOR:RefCursor","T_CURSOR:RefCursor:Output","REMARKS",""
"DBConnection.AD.cs","MergeDuplicateChecklists","public","3207","3231","pkg_ad.P_REMOVE_DUPLICATE_CHECKLIST_DETAILS","C_ID:Varchar2; D_ID:Varchar2","","",""
"DBConnection.AD.cs","GetAuditProcessListForMergeDuplicate","public","3233","3256","pkg_ad.P_GET_DUPLICATE_CHECKLIST_DETAILS_DROPDOWN","T_CURSOR:RefCursor","T_CURSOR:RefCursor:Output","ID; Main_checklist",""
"DBConnection.AD.cs","GetDuplicateProcesses","public","3258","3295","pkg_ad.p_Get_Checklist_MERGER_FOR_REVIEW","CID:Int32; ENT_ID:Varchar2; P_NO:Varchar2; R_ID:Varchar2; T_CURSOR:RefCursor","T_CURSOR:RefCursor:Output","cid; m_cid; for_merger",""
"DBConnection.AD.cs","GetDuplicateSubProcesses","public","3297","3334","pkg_ad.p_Get_sub_Checklist_MERGER_FOR_REVIEW","SID:Int32; ENT_ID:Varchar2; P_NO:Varchar2; R_ID:Varchar2; T_CURSOR:RefCursor","T_CURSOR:RefCursor:Output","sid; m_sid; for_merger",""
"DBConnection.AD.cs","GetDuplicateChecklists","public","3336","3360","pkg_ad.P_GET_DUPLICATE_CHECKLIST_DETAILS","D_ID:Int32; T_CURSOR:RefCursor","T_CURSOR:RefCursor:Output","C_ID; HEADING",""
"DBConnection.AD.cs","GetDuplicateChecklistsCount","public","3362","3385","pkg_ad.P_GET_DUPLICATE_CHECKLIST_DETAILS_COUNT","D_ID:Int32; T_CURSOR:RefCursor","T_CURSOR:RefCursor:Output","New; Old",""
"DBConnection.AD.cs","AuthorizeMergeDuplicateProcesses","public","3387","3410","pkg_ad.P_AUTHORIZE_MERGER_CHECKLIST","C_ID:Int32; M_CID:Int32; T_CURSOR:RefCursor","T_CURSOR:RefCursor:Output","remarks",""
"DBConnection.AD.cs","AuthorizeMergeDuplicateSubProcesses","public","3412","3435","pkg_ad.P_AUTHORIZE_MERGER_CHECKLIST_SUB","SID:Int32; M_SID:Int32; T_CURSOR:RefCursor","T_CURSOR:RefCursor:Output","remarks",""
"DBConnection.AD.cs","AuthorizeMergeDuplicateChecklists","public","3437","3459","pkg_ad.P_AUTHORIZE_DUPLICATE_CHECKLIST_DETAILS","D_ID:Int32; T_CURSOR:RefCursor","T_CURSOR:RefCursor:Output","remarks",""
"DBConnection.AD.cs","UpdateObservationStatusForReversal","public","3461","3492","pkg_ad.p_audit_observation_reversal","ENGID:Varchar2; OBS_ID:Varchar2; S_ID:Varchar2; T_CURSOR:RefCursor","T_CURSOR:RefCursor:Output","remarks",""
"DBConnection.AD.cs","AdminNewUsersInAIS","public","3494","3534","pkg_ad.P_get_new_user","T_CURSOR:RefCursor","T_CURSOR:RefCursor:Output","name; entity_id; designation; designationcode; employeetype; posting_Type; ppno; e_name; code",""
"DBConnection.AD.cs","GetHREntitiesForAdminPanelEntityAddition","public","3536","3578","pkg_ad.P_GET_HR_ENTITIES","ENT_CODE:Int32; ENT_NAME:Varchar2; T_CURSOR:RefCursor","T_CURSOR:RefCursor:Output","Rept_code; Rept_name; Rept_status; Rept_ind; Entity_code; Entity_name; Entity_status; ind",""
"DBConnection.AD.cs","GetAISEntitiesForAdminPanelEntityAddition","public","3580","3623","pkg_ad.P_GET_AIS_ENTITIES","ENT_CODE:Int32; ENT_NAME:Varchar2; ENT_TYPE:Int32; T_CURSOR:RefCursor","T_CURSOR:RefCursor:Output","entity_id; code; description; name; type_id; auditby_id; audit_by; active; auditable",""
"DBConnection.AD.cs","UpdateAISEntityForAdminPanelEntityAddition","public","3625","3665","pkg_ad.P_UpdateENTITIEES","P_NO:Int32; ENT_ID:Int32; R_ID:Int32; e_CODE:Int32; e_NAME:Varchar2; e_DISCRIPTION:Varchar2; e_AUDITEDBY:Varchar2; e_TYPEID:Int32; e_STATUS:Varchar2; e_AUDITABLE:Varchar2; ENTITYID:Int32; T_CURSOR:RefCursor","T_CURSOR:RefCursor:Output","remarks",""
"DBConnection.AD.cs","AddAISEntityForAdminPanelEntityAddition","public","3667","3706","pkg_ad.P_InsertENTITIEES","P_NO:Int32; ENT_ID:Int32; R_ID:Int32; e_CODE:Int32; e_NAME:Varchar2; e_DISCRIPTION:Varchar2; e_AUDITEDBY:Varchar2; e_TYPEID:Int32; e_STATUS:Varchar2; e_AUDITABLE:Varchar2; T_CURSOR:RefCursor","T_CURSOR:RefCursor:Output","remarks",""
"DBConnection.AD.cs","GetAISEntityMappingForAdminPanelEntityAddition","public","3708","3751","pkg_ad.P_get_auditee_entities_mapping","ENT_ID:Int32; T_ID:Varchar2; T_CURSOR:RefCursor","T_CURSOR:RefCursor:Output","parent_id; parent_code; child_code; entity_id; auditedby; p_name; c_name; p_type_id; c_type_id; relation_type_id",""
"DBConnection.AD.cs","UpdateAISEntityMappingForAdminPanelEntityAddition","public","3753","3786","pkg_ad.P_UPDATE_ENTITIES_MAPPING","P_ENT_ID:Int32; RELATION_ID:Int32; ENT_ID:Int32; T_CURSOR:RefCursor","T_CURSOR:RefCursor:Output","remarks",""
"DBConnection.AD.cs","AddAISEntityMappingForAdminPanelEntityAddition","public","3788","3821","pkg_ad.P_ADD_ENTITIES_MAPPING","P_ENT_ID:Int32; ENT_ID:Int32; RELATION_ID:Int32; T_CURSOR:RefCursor","T_CURSOR:RefCursor:Output","remarks",""
"DBConnection.AD.cs","UpdateNewUsersAdminPanel","public","3823","3854","pkg_ad.P_UPDATE_NEW_USER","PPNO:Int32; T_CURSOR:RefCursor","T_CURSOR:RefCursor:Output","remarks",""
"DBConnection.AD.cs","GetUserDetailAdminPanel","public","3856","3891","pkg_ad.P_get_user_role_type","D_CODE:Int32; T_CURSOR:RefCursor","T_CURSOR:RefCursor:Output","group_name; group_id; role_id",""
"DBConnection.AD.cs","GetEntityShiftingDetails","public","3893","3939","pkg_ad.P_Get_details_for_entity_shifting","ENT_ID:Int32; T_CURSOR:RefCursor","T_CURSOR:RefCursor:Output","NAME; E_SIZE; RISK; ENG_ID; START_DATE; END_DATE; TOTAL_PARA; LEGAGY_PARA; LEGACY_OPEN; LEGACY_CLOSE; AIS_PARA; AIS_OPEN; AIS_CLOSE; COMP_SUB",""
"DBConnection.AD.cs","GetEntityTypes","public","3941","3982","pkg_ad.P_Get_Entities_types","T_CURSOR:RefCursor","T_CURSOR:RefCursor:Output","AUTID; ENTITYCODE; ENTITYTYPEDESC; AUDITABLE; AUDITEDBY; AUDITED_BY_ENITITY; AUDIT_TYPE",""
"DBConnection.AD.cs","UpdateEntityTypes","public","3984","4022","pkg_ad.P_update_Entities_types","aut_id:Int32; e_code:Int32; e_desc:Varchar2; e_auditable:Varchar2; e_auditby_code:Int32; e_auditby_id:Int32; e_type:Varchar2; e_autid:Int32; T_CURSOR:RefCursor","T_CURSOR:RefCursor:Output","remarks",""
"DBConnection.AD.cs","GetEntityRelations","public","4024","4066","pkg_ad.P_Get_Entities_Relationship","R_ID:Int32; T_CURSOR:RefCursor","T_CURSOR:RefCursor:Output","ID; ENTITY_REALTION_ID; PARENT_ENTITY_TYPEID; CHILD_ENTITY_TYPEID; STATUS; PARENT_NAME; chlid_name",""
"DBConnection.AD.cs","GetEntitiesMapping","public","4068","4115","pkg_ad.P_GET_ENTITIES_MAPPING","ent_id:Int32; P_TYPE:Varchar2; C_TYPE:Varchar2; REALTION_TYPE:Int32; ind:Varchar2; T_CURSOR:RefCursor","T_CURSOR:RefCursor:Output","PARENT_ID; PARENT_CODE; CHILD_CODE; ENTITY_ID; AUDITEDBY; STATUS; P_NAME; C_NAME; P_TYPE_ID; C_TYPE_ID; RELATION_TYPE_ID",""
"DBConnection.AD.cs","GetEntitiesMappingReporting","public","4117","4164","pkg_ad.P_GET_ENTITIES_MAPPING_REPORTING","ent_id:Int32; P_TYPE:Varchar2; C_TYPE:Varchar2; REALTION_TYPE:Int32; ind:Varchar2; T_CURSOR:RefCursor","T_CURSOR:RefCursor:Output","PARENT_ID; PARENT_CODE; CHILD_CODE; ENTITY_ID; AUDITEDBY; STATUS; P_NAME; C_NAME; P_TYPE_ID; C_TYPE_ID; RELATION_TYPE_ID",""
"DBConnection.AD.cs","GetParentChildEntities","public","4166","4201","pkg_ad.P_get_entities","P_TYPE:Varchar2; C_TYPE:Varchar2; T_CURSOR:RefCursor","T_CURSOR:RefCursor:Output","PARENT_ID; P_NAME",""
"DBConnection.AD.cs","SubmitEntityShiftingFromAdminPanel","public","4203","4241","pkg_ad.P_Add_Entity_shifting","Old_Ent_id:Varchar2; new_ent_id:Varchar2; P_NO:Varchar2; ENT_ID:Varchar2; R_ID:Varchar2; CIR_NO:Varchar2; CIR_ATTACH:Clob; CIR_DATE:Date; T_CURSOR:RefCursor","T_CURSOR:RefCursor:Output","remarks",""
"DBConnection.AD.cs","SubmitEntityConvToIslamicFromAdminPanel","public","4243","4275","pkg_ad.P_Shift_BR_to_islamic","Old_br:Int32; new_br:Int32; T_CURSOR:RefCursor","T_CURSOR:RefCursor:Output","remarks",""
"DBConnection.AD.cs","GetRolesForComplianceFlow","public","4277","4313","pkg_ad.P_get_roles_for_compliance_flow","P_NO:Int32; ENT_ID:Int32; R_ID:Int32; T_CURSOR:RefCursor","T_CURSOR:RefCursor:Output","GROUP_ID; GROUP_NAME; DESCRIPTION; STATUS",""
"DBConnection.AD.cs","GetHRDesignation","public","4315","4349","pkg_ad.P_GetRoleResponsibilities","P_NO:Int32; ENT_ID:Int32; R_ID:Int32; T_CURSOR:RefCursor","T_CURSOR:RefCursor:Output","DESIGNATIONCODE; DESCRIPTION",""
"DBConnection.AD.cs","GetEntityTypesForComplianceFlow","public","4351","4387","pkg_ad.P_get_ent_types_for_compliance_flow","ENT_ID:Int32; P_NO:Int32; R_ID:Int32; T_CURSOR:RefCursor","T_CURSOR:RefCursor:Output","ENTITY_TYPE; entitycode",""
"DBConnection.AD.cs","GetEntityTypesForHRDesignationWiseRole","public","4389","4425","pkg_ad.P_get_ent_types_for_hr_designation","ENT_ID:Int32; P_NO:Int32; R_ID:Int32; T_CURSOR:RefCursor","T_CURSOR:RefCursor:Output","ENTITY_TYPE; entitycode",""
"DBConnection.AD.cs","GetComplianceStatusesForComplianceFlow","public","4427","4460","pkg_ad.P_get_compliance_statuses_for_compliance_flow","T_CURSOR:RefCursor","T_CURSOR:RefCursor:Output","statusname; statusid",""
"DBConnection.AD.cs","GetComplianceFlowByEntityType","public","4462","4512","pkg_ad.P_get_entity_type_compliance_flow","E_TYPE:Int32; G_ID:Int32; T_CURSOR:RefCursor","T_CURSOR:RefCursor:Output","e_id; e_name; g_id; g_name; prev_r_id; prev_r_name; next_r_id; next_r_name; c_status_down; c_status_down_desc; c_status_up; c_status_up_desc; id",""
"DBConnection.AD.cs","AddComplianceFlow","public","4514","4551","pkg_ad.P_ADD_UPDATE_COMPLIANCE_FLOW","F_ID:Int32; TYPE_ID:Int32; GROUP_ID:Int32; P_GROUP_ID:Int32; N_GROUP_ID:Int32; C_UP_STATUS:Int32; C_DOWN_STATUS:Int32; T_CURSOR:RefCursor","T_CURSOR:RefCursor:Output","remarks",""
"DBConnection.AD.cs","UpdateComplianceFlow","public","4553","4588","pkg_ad.P_UPDATE_COMPLIANCE_FLOW","F_ID:Int32; TYPE_ID:Int32; GROUP_ID:Int32; P_GROUP_ID:Int32; N_GROUP_ID:Int32; T_CURSOR:RefCursor","T_CURSOR:RefCursor:Output","remarks",""
"DBConnection.AD.cs","SubmitNewTeamIdForPostChangesTeamEngReversal","public","4590","4625","pkg_ad.p_audit_team_postchanges","ENGID:Int32; PPNO:Int32; Teamid:Int32; AUDID:Int32; TeamName:Varchar2; T_CURSOR:RefCursor","T_CURSOR:RefCursor:Output","remarks",""
"DBConnection.AD.cs","AuditEngagementStatusReversal","public","4627","4662","pkg_ad.p_audit_engagement_reversal","ENGID:Int32; SID:Int32; P_ID:Int32; COMMENTS:Varchar2; P_NO:Int32; T_CURSOR:RefCursor","T_CURSOR:RefCursor:Output","remarks",""
"DBConnection.AD.cs","AuditEngagementObsStatusReversal","public","4664","4701","pkg_ad.p_audit_observation_reversal","ENGID:Int32; OBS_ID:Int32; SID:Int32; P_NO:Int32; T_CURSOR:RefCursor","T_CURSOR:RefCursor:Output","remarks",""
"DBConnection.AD.cs","GetObservationNumbersForStatusReversal","public","4703","4739","pkg_ad.P_Get_observvation_no","OBS_ID:Int32; T_CURSOR:RefCursor","T_CURSOR:RefCursor:Output","MEMO_NUMBER; DRAFT_PARA_NO; FINAL_PARA_NO",""
"DBConnection.AD.cs","UpdateObservationNumbersForStatusReversal","public","4741","4775","pkg_ad.P_Update_observation_no","M_NO:Int32; D_NO:Int32; P_NO:Int32; OBS_ID:Int32; T_CURSOR:RefCursor","T_CURSOR:RefCursor:Output","remarks",""
"DBConnection.AD.cs","UpdateEngagementDatesForStatusReversal","public","4777","4810","pkg_ad.P_UPDATE_ENG_DATE","ENGID:Int32; ST_DATE:Date; ED_DATE:Date; T_CURSOR:RefCursor","T_CURSOR:RefCursor:Output","remarks",""
"DBConnection.AD.cs","GetHRDesignationWiseRoles","public","4812","4851","pkg_ad.P_GET_HR_DESIGNATION_RIGHT","T_CURSOR:RefCursor","T_CURSOR:RefCursor:Output","ID; designationcode; description; group_id; entity_type; sub_entity_type",""
"DBConnection.AD.cs","AddHRDesignationWiseRoleAssignment","public","4853","4885","pkg_ad.P_ADD_HR_DESIGNATION_RIGHT","HR_DES_CODE:Int32; AIS_GROUP_ID:Int32; AIS_SUB_ENTITY_TYPE:Varchar2; T_CURSOR:RefCursor","T_CURSOR:RefCursor:Output","remarks",""
"DBConnection.AD.cs","UpdateHRDesignationWiseRoleAssignment","public","4887","4921","pkg_ad.P_UPDATE_HR_DESIGNATION_RIGHT","M_ID:Int32; HR_DES_CODE:Int32; AIS_GROUP_ID:Int32; AIS_SUB_ENTITY_TYPE:Varchar2; T_CURSOR:RefCursor","T_CURSOR:RefCursor:Output","remarks",""
"DBConnection.AD.cs","GetManageObservationStatus","public","4923","4959","pkg_ad.P_Get_Obs_Status","T_CURSOR:RefCursor","T_CURSOR:RefCursor:Output","STATUSID; STATUSNAME; ISACTIVE; CODE; SATISFIED",""
"DBConnection.AD.cs","AddManageObservationStatus","public","4961","4996","pkg_ad.P_add_Obs_status","s_name:Varchar2; active:Varchar2; s_code:Varchar2; satisfy:Varchar2; T_CURSOR:RefCursor","T_CURSOR:RefCursor:Output","remarks",""
"DBConnection.AD.cs","UpdateManageObservationStatus","public","4998","5034","pkg_ad.P_update_Obs_status","s_id:Varchar2; s_name:Varchar2; active:Varchar2; s_code:Varchar2; satisfy:Varchar2; T_CURSOR:RefCursor","T_CURSOR:RefCursor:Output","remarks",""
"DBConnection.AD.cs","GetManageEntityAuditDept","public","5036","5076","pkg_ad.P_Get_Entities_Audit_Department","T_CURSOR:RefCursor","T_CURSOR:RefCursor:Output","id; deptid; deptcode; cbas_code; entity_id; deptname; audit_id; auditor; status",""
"DBConnection.AD.cs","AddManageEntityAuditDepartment","public","5078","5116","pkg_ad.P_add_Entities_Audit_Department","d_id:Int32; d_code:Int32; d_name:Varchar2; status:Varchar2; cbas_code:Int32; ent_id:Int32; aud_id:Int32; auditor:Varchar2; T_CURSOR:RefCursor","T_CURSOR:RefCursor:Output","remarks",""
"DBConnection.AD.cs","UpdateEntityAuditDepartment","public","5118","5157","pkg_ad.P_update_entities_audit_department","r_id:Int32; d_id:Int32; d_code:Int32; d_name:Varchar2; status:Varchar2; cbas_code:Int32; ent_id:Int32; aud_id:Int32; auditor:Varchar2; T_CURSOR:RefCursor","T_CURSOR:RefCursor:Output","remarks",""
"DBConnection.AD.cs","GetAllMenusForAdminPanel","public","5159","5194","pkg_ad.P_GET_ALL_MENU","T_CURSOR:RefCursor","T_CURSOR:RefCursor:Output","menu_id; menu_name; menu_order; menu_description",""
"DBConnection.AD.cs","GetSubMenusForAdminPanel","public","5196","5234","pkg_ad.P_GET_SUB_MENUS","M_ID:Int32; T_CURSOR:RefCursor","T_CURSOR:RefCursor:Output","SUB_MENU_ID; MENU_ID; SUB_MENU_NAME; SUB_MENU_ORDER; DESCRIPTION; STATUS",""
"DBConnection.AD.cs","AddSubMenuForAdminPanel","public","5236","5271","pkg_ad.P_ADD_NEW_SUB_MENU","M_ID:Int32; SM_NAME:Varchar2; SM_ORDER:Int32; SM_STATUS:Varchar2; SM_DESC:Varchar2; T_CURSOR:RefCursor","T_CURSOR:RefCursor:Output","remarks",""
"DBConnection.AD.cs","UpdateSubMenuForAdminPanel","public","5273","5310","pkg_ad.P_UPDATE_SUB_MENU","SM_ID:Int32; M_ID:Int32; SM_NAME:Varchar2; SM_ORDER:Int32; SM_STATUS:Varchar2; SM_DESC:Varchar2; T_CURSOR:RefCursor","T_CURSOR:RefCursor:Output","remarks",""
"DBConnection.AD.cs","GetMenuPagesForAdminPanel","public","5312","5358","pkg_ad.P_GET_ALL_PAGES","M_ID:Int32; SM_ID:Int32; io_cursor:RefCursor","io_cursor:RefCursor:Output","",""
"DBConnection.AD.cs","AddMenuPageForAdminPanel","public","5360","5411","pkg_ad.P_ADD_NEW_PAGE","M_ID:Int32; SM_ID:Int32; P_NAME:Varchar2; P_PAGE_KEY:Varchar2; P_PAGE_URL:Varchar2; P_PATH:Varchar2; P_ORDER:Int32; P_STATUS:Varchar2; P_HIDE_MENU:Int32; io_cursor:RefCursor","io_cursor:RefCursor:Output","",""
"DBConnection.AD.cs","UpdateMenuPageForAdminPanel","public","5413","5466","pkg_ad.P_UPDATE_PAGE","P_ID:Int32; M_ID:Int32; SM_ID:Int32; P_NAME:Varchar2; P_PAGE_KEY:Varchar2; P_PAGE_URL:Varchar2; P_PATH:Varchar2; P_ORDER:Int32; P_STATUS:Varchar2; P_HIDE_MENU:Int32; io_cursor:RefCursor","io_cursor:RefCursor:Output","",""
"DBConnection.AD.cs","UpdateComplianceUnit","public","5468","5500","pkg_ad.P_UPDATE_ENTITY_COMP","R_ID:Int32; ENT_ID:Int32; AUDITOR:Int32; COMPLIANCE:Varchar2; T_CURSOR:RefCursor","T_CURSOR:RefCursor:Output","remarks",""
"DBConnection.AD.cs","AddAnnexure","public","5502","5543","pkg_ad.P_ADD_ANNEXURE","ENT_ID:Int32; P_NO:Int32; R_ID:Int32; CODE:Varchar2; TITLE:Varchar2; RISK_ID:Int32; OWNER:Int32; FUNCTION_ID_1:Int32; FUNCTION_ID_2:Int32; PROCESS_ID:Int32; max_num:Varchar2; weightage_num:Varchar2; gravity_num:Varchar2; T_CURSOR:RefCursor","T_CURSOR:RefCursor:Output","remarks",""
"DBConnection.AD.cs","UpdateAnnexure","public","5545","5586","pkg_ad.p_update_annexure","ENT_ID:Int32; P_NO:Int32; R_ID:Int32; ANEXX:Int32; TITLE:Varchar2; RISK_ID:Int32; OWNER:Int32; FUNCTION_ID_1:Int32; FUNCTION_ID_2:Int32; PROCESS_ID:Int32; max_num:Varchar2; weightage_num:Varchar2; gravity_num:Varchar2; T_CURSOR:RefCursor","T_CURSOR:RefCursor:Output","remarks",""
"DBConnection.AD.cs","GetEntityForAuditReconsilition","public","5588","5623","pkg_ad.P_GET_ENTITY_FOR_PARA_Reconsilation","R_ID:Int32; ENT_ID:Int32; T_CURSOR:RefCursor","T_CURSOR:RefCursor:Output","name; entity_id",""
"DBConnection.AD.cs","GenerateTraditionalRiskRatingofEngagement","public","5625","5654","pkg_ad.P_add_branch_risk_rating","ENGID:Int32; T_CURSOR:RefCursor","T_CURSOR:RefCursor:Output","remarks",""
"DBConnection.AD.cs","ViewTraditionalRiskRatingofEngagement","public","5656","5695","pkg_ad.p_get_traditional_risk_rating","ENGID:Int32; T_CURSOR:RefCursor","T_CURSOR:RefCursor:Output","MAIN_PROCESS; MAX_NUMBER; WEIGHTAGE_AVERAGE; WEIGHTED_AVERAGE_MARKS; RISK_MODEL; number_of_observations; GRAVITY_RISK; RISK_BASED_MARKS; CIA_MARKS",""
"DBConnection.AD.cs","GenerateAnnexureRiskRatingofEngagement","public","5697","5726","pkg_ad.P_add_branch_annex_risk_rating","ENGID:Int32; T_CURSOR:RefCursor","T_CURSOR:RefCursor:Output","remarks",""
"DBConnection.AD.cs","ViewAnnexureRiskRatingofEngagement","public","5728","5765","pkg_ad.p_get_annexure_risk_rating","ENGID:Int32; T_CURSOR:RefCursor","T_CURSOR:RefCursor:Output","MAIN_PROCESS; MAX_NUMBER; WEIGHTAGE_AVERAGE; WEIGHTED_AVERAGE_MARKS; RISK_MODEL; GRAVITY_RISK; RISK_BASED_MARKS",""
"DBConnection.AD.cs","GetRiskRatingModelForBranchesWorking","public","5767","5818","pkg_ad.p_get_new_risk_model ","ENGID:Int32; T_CURSOR:RefCursor","T_CURSOR:RefCursor:Output","risk_sequence; Main_process; weight_assigned; heading; High; medium; Low; total_no_of_test; AVAILABLE_WEIGHTED_SCORE; AVAILABLE_PROCESS_SCORE; HIGH; MEDIUM; LOW; TOTAL_OBS; TOTAL_SCORE_SUB_PROCESS; WEIGHTED_AVERAGE_SCORE; TOTAL_SCORE_PROCESS; WEIGHTED_AVERAGE_SCORE_OVERALL",""
"DBConnection.AD.cs","GetComplianceHierarchies","public","5820","5856","pkg_ad.p_get_compliance_hierarchy ","T_CURSOR:RefCursor","T_CURSOR:RefCursor:Output","ENTITY_ID; COMPLIANCE_UNIT; APPROVER_PPNO; APPROVER_NAME; REVIEWER_PPNO; REVIEWER_NAME; COM_KEY",""
"DBConnection.AD.cs","AddComplianceHierarchy","public","5858","5889","pkg_ad.P_ADD_COM_OFFICER","ENT_ID:Int32; AP_P_NO:Int32; RE_P_NO:Int32; T_CURSOR:RefCursor","T_CURSOR:RefCursor:Output","remarks",""
"DBConnection.AD.cs","UpdateComplianceHierarchy","public","5891","5923","pkg_ad.P_UPDATE_COM_OFFICER","ENT_ID:Int32; AP_P_NO:Int32; RE_P_NO:Int32; E_COM_KEY:Varchar2; T_CURSOR:RefCursor","T_CURSOR:RefCursor:Output","remarks",""
"DBConnection.AD.cs","GetGMOffices","public","5925","5957","pkg_ad.P_GET_GM_OFFICE","T_CURSOR:RefCursor","T_CURSOR:RefCursor:Output","entity_id; name",""
"DBConnection.AD.cs","GetReportingOffices","public","5959","5991","pkg_ad.P_GET_RPT_OFFICE","T_CURSOR:RefCursor","T_CURSOR:RefCursor:Output","entity_id; name",""
"DBConnection.AD.cs","UpdateGMOffice","public","5993","6022","pkg_ad.P_UPDATE_GM_OFFICE_RELATIONSHIP","GM:Int32; ENT:Int32; T_CURSOR:RefCursor","T_CURSOR:RefCursor:Output","remarks",""
"DBConnection.AD.cs","UpdateReportingLine","public","6024","6053","pkg_ad.P_UPDATE_RPT_OFFICE_RELATIONSHIP","RPT:Int32; ENT:Int32; T_CURSOR:RefCursor","T_CURSOR:RefCursor:Output","remarks",""
"DBConnection.AD.cs","GetAisPostComplianceDetails","public","6055","6088","pkg_ad.P_get_latest_para_details","ENT:Int32; io_cursor:RefCursor","io_cursor:RefCursor:Output","COMID; AUDITPERIOD; AUDITEDBY; ENTITYTYPEID; COMCYCLE; COMSTATUS; COMSTAGE; PARASTATUS; PARANO; GISTOFPARAS; IND; RISK",""
"DBConnection.AD.cs","UpdateAisPostCompliance","public","6090","6121","pkg_ad.P_Update_para_AIS_post_compliance","ca_com_id:Int32; ca_audit_period:Varchar2; ca_gist_of_paras:Varchar2; ca_audited_by:Int32; ca_entity_type_id:Int32; ca_com_cycle:Int32; ca_com_status:Int32; ca_com_stage:Int32; ca_para_status:Int32; ca_para_no:Varchar2; ca_ind:Varchar2; ca_risk:Int32; io_cursor:RefCursor","io_cursor:RefCursor:Output","",""
"DBConnection.AD.cs","GetAuditEmployees","public","6123","6165","pkg_ad.P_Get_Audit_EMP","P_NO:Int32; R_ID:Int32; ENT_ID:Int32; io_Cursor:RefCursor","io_Cursor:RefCursor:Output","ID; PPNO; NAME; RANK; DESIGNATION; PLACEMENT; QUALIFICATION; SPECIALIZATION; CERTIFICATION; TOTAL_EXPERIENCE; AUDIT_EXPERIENCE",""
"DBConnection.AD.cs","UpdateAuditEmployee","public","6167","6193","pkg_ad.P_update_audit_emp","id:Int32; ppno:Varchar2; rank:Varchar2; designation:Varchar2; placement:Varchar2; qualification:Varchar2; specialization:Varchar2; certification:Varchar2; tot_exp:Varchar2; audit_exp:Varchar2; io_cursor:RefCursor","io_cursor:RefCursor:Output","",""
"DBConnection.AD.cs","GetAuditManpower","public","6195","6231","pkg_ad.P_Get_Audit_Manpower","P_NO:Int32; R_ID:Int32; io_Cursor:RefCursor","io_Cursor:RefCursor:Output","ID; COMPANY; RANK; PLACEMENT; EXISTING; ADDITIONAL_REQUIRED",""
"DBConnection.AD.cs","UpdateAuditManpower","public","6233","6255","pkg_ad.P_update_audit_manpower","id:Int32; company:Varchar2; rank:Varchar2; placement:Varchar2; existing:Varchar2; additional:Varchar2; io_cursor:RefCursor","io_cursor:RefCursor:Output","",""
"DBConnection.AD.cs","GetAuditBudget","public","6257","6296","pkg_ad.P_Get_Audit_budget","P_NO:Int32; R_ID:Int32; ENT_ID:Int32; io_Cursor:RefCursor","io_Cursor:RefCursor:Output","ID; GL_CODE; GL_HEADING; EXISTING; UTILIZATION; REMAND; RATIONALIZATION; STATUS",""
"DBConnection.AD.cs","UpdateAuditBudget","public","6298","6322","pkg_ad.P_update_audit_budget","id:Int32; gl_code:Varchar2; gl_heading:Varchar2; existing:Varchar2; utilization:Varchar2; remand:Varchar2; rationalization:Varchar2; status:Varchar2; io_cursor:RefCursor","io_cursor:RefCursor:Output","",""
"DBConnection.AD.cs","GetHrRanks","public","6324","6345","pkg_ad.P_get_hr_rank","T_CURSOR:RefCursor","T_CURSOR:RefCursor:Output","ID; DESCRIPTION",""
"DBConnection.AD.cs","GetHrDesignations","public","6347","6368","pkg_ad.P_get_hr_designation","T_CURSOR:RefCursor","T_CURSOR:RefCursor:Output","ID; DESCRIPTION",""
"DBConnection.AD.cs","GetHrPosting","public","6370","6391","pkg_ad.P_get_hr_posting","T_CURSOR:RefCursor","T_CURSOR:RefCursor:Output","ID; DESCRIPTION",""
"DBConnection.AD.cs","GetQualifications","public","6393","6414","pkg_ad.P_get_qualification","T_CURSOR:RefCursor","T_CURSOR:RefCursor:Output","ID; DESCRIPTION",""
"DBConnection.AD.cs","GetQualificationSpecialization","public","6416","6437","pkg_ad.P_get_qualification_specialization","T_CURSOR:RefCursor","T_CURSOR:RefCursor:Output","ID; DESCRIPTION",""
"DBConnection.AD.cs","GetCertifications","public","6439","6460","pkg_ad.P_get_certification","T_CURSOR:RefCursor","T_CURSOR:RefCursor:Output","ID; DESCRIPTION",""
"DBConnection.AD.cs","GetGLHeads","public","6462","6483","pkg_ad.P_get_GL_Heads","T_CURSOR:RefCursor","T_CURSOR:RefCursor:Output","GL_CODE; GL_HEADING",""
"DBConnection.AD.cs","AddPublicHoliday","public","6485","6509","PKG_AD.P_INSERT_PUBLIC_HOLIDAY","p_holiday_date:Date; p_is_weekend:Char; p_is_holiday:Char; p_holiday_name:Varchar2","","",""
"DBConnection.AD.cs","GetAllPublicHolidays","public","6511","6546","pkg_ad.P_GET_PUBLIC_HOLIDAYS","p_year:Int32; T_CURSOR:RefCursor","","ID; HOLIDAY_DATE; HOLIDAY_YEAR; IS_WEEKEND; IS_HOLIDAY; HOLIDAY_NAME",""
"DBConnection.AD.cs","CheckIfHolidayOrWeekend","public","6548","6579","pkg_ad.P_GET_PUBLIC_HOLIDAY_DAY","p_day:Single; T_CURSOR:RefCursor","T_CURSOR:RefCursor:Output","holiday; weekend",""
"DBConnection.AD.cs","GetAllVersionHistory","public","6581","6621","PKG_AD.P_GET_VERSION_HISTORY","io_cursor:RefCursor","","VERSION_ID; VERSION_NO; RELEASE_DATE; DESCRIPTION; RELEASED_BY; CREATED_ON; UPDATED_ON; IS_ACTIVE",""
"DBConnection.AD.cs","AddVersionHistory","public","6623","6655","PKG_AD.P_ADD_VERSION_HISTORY","i_version_no:Varchar2; i_release_date:Date; i_description:Varchar2; i_released_by:Varchar2; o_result:Varchar2","o_result:Varchar2:Output","o_result",""
"DBConnection.AD.cs","UpdateVersionHistory","public","6657","6691","PKG_AD.P_UPDATE_VERSION_HISTORY","i_version_id:Int32; i_version_no:Varchar2; i_release_date:Date; i_description:Varchar2; i_released_by:Varchar2; i_is_active:Char; o_result:Varchar2","o_result:Varchar2:Output","o_result",""
"DBConnection.AD.cs","UpdateGMAndReportingLineOffice","public","6692","6702","","","","",""
"DBConnection.AD.cs","GetUserEntities","public","6704","6732","PKG_AD.P_GET_USER_ENTITIES","p_user_id:Int32; o_cursor:RefCursor","","ID; ENTITY_ID; NAME; ROLE_ID; ROLE_NAME; IS_PRIMARY",""
"DBConnection.AdminCatalog.cs","GetRoleDashboardPages","public","11","44","PKG_AD.P_GET_ROLE_DASHBOARD_PAGES","P_ROLE_ID:Int32; O_CURSOR:RefCursor","","",""
"DBConnection.AdminCatalog.cs","GetRoleDashboardConfig","public","46","77","PKG_AD.P_GET_ROLE_DASHBOARD_CONFIG","P_ROLE_ID:Int32; O_CURSOR:RefCursor","","",""
"DBConnection.AdminCatalog.cs","GetDashboardQuickLinks","public","79","123","PKG_AD.P_GET_DASHBOARD_QUICK_LINKS","P_ROLE_ID:Int32; O_CURSOR:RefCursor","","",""
"DBConnection.AdminCatalog.cs","MaintainRoleDashboardPage","public","125","153","PKG_AD.P_MAINT_ROLE_DASHBOARD_PAGE","P_ROLE_ID:Int32; P_PAGE_ID:Int32; P_DASHBOARD_ORDER:Int32; P_IS_ACTIVE:Varchar2; P_ACTION_IND:Varchar2; O_MESSAGE:Varchar2","","O_MESSAGE",""
"DBConnection.AdminCatalog.cs","GetApiMasterList","public","156","188","PKG_AD.P_GET_API_MASTER","O_CURSOR:RefCursor","","",""
"DBConnection.AdminCatalog.cs","GetApiMasterControllerNames","public","190","217","PKG_AD.P_GET_ALL_CONTROLLER","o_cursor:RefCursor","o_cursor:RefCursor:Output","",""
"DBConnection.AdminCatalog.cs","ApiPathExists","public","219","247","PKG_AD.P_CHECK_API_UNIQUE","P_API_ID:Int32; P_API_PATH:Varchar2; P_HTTP_METHOD:Varchar2; O_EXISTS:Int32","O_EXISTS:Int32:Output","O_EXISTS",""
"DBConnection.AdminCatalog.cs","InsertApiMaster","public","249","258","","","","",""
"DBConnection.AdminCatalog.cs","UpdateApiMaster","public","260","269","","","","",""
"DBConnection.AdminCatalog.cs","MaintainApiMaster","public","271","324","PKG_AD.P_MAINT_API_MASTER","P_API_ID:Int32; P_API_NAME:Varchar2; P_CONTROLLER_NAME:Varchar2; P_API_ROUTE:Varchar2; P_HTTP_METHOD:Varchar2; P_PAGE_ID:Int32; P_STATUS:Varchar2; P_ACTION_IND:Varchar2; O_MESSAGE:Varchar2","O_MESSAGE:Varchar2:Output","O_MESSAGE",""
"DBConnection.AdminCatalog.cs","ReadInt","private","325","356","","","","",""
"DBConnection.AdminCatalog.cs","ReadString","private","358","377","","","","",""
"DBConnection.AdminCatalog.cs","GetOrdinal","private","379","390","","","","",""
"DBConnection.AE.cs","GetCOSORisks","public","14","36","pkg_ae.p_GetCOSORisks","T_CURSOR:RefCursor","T_CURSOR:RefCursor:Output","R_ID; DESCRIPTION; RATING",""
"DBConnection.AE.cs","GetAssignedObservations","public","38","85","pkg_ae.p_GetAssignedObservations","ENT_ID:Int32; P_NO:Int32; R_ID:Int32; ENGID:Int32; T_CURSOR:RefCursor","T_CURSOR:RefCursor:Output","OBS_ID; OBS_TEXT_ID; MEMO_DATE; REPLYDATE; MEMO_NUMBER; AUDIT_YEAR; STATUS; STATUS_ID; ENTITY_NAME; GIST; RESPONSE_ID; CANREPLY; EDITABLE",""
"DBConnection.AE.cs","GetAssignedObservationsForBranch","public","87","143","pkg_ae.P_GetAssignedObservationsForBranch","entityid:Int32; ENGID:Int32; T_CURSOR:RefCursor","T_CURSOR:RefCursor:Output","ID; OBS_ID; OBS_TEXT_ID; ENTITY_ID; ASSIGNEDBY; ASSIGNED_DATE; IS_ACTIVE; REPLIED; REPLY_TEXT; OBSERVATION_TEXT; VIOLATION; NATURE; STATUS; STATUS_ID; ENTITY_NAME; CANREPLY; MEMO_DATE; REPLYDATE",""
"DBConnection.AE.cs","GetObservationText","public","145","246","pkg_ae.P_GetObservationText; pkg_ar.P_GetOBSERVATIONSAUDITEERESPONSE; pkg_ar.P_get_AUDITEE_OBSERVATION_RESPONSE_evidences","OBS_ID:Int32; ENT_ID:Int32; P_NO:Int32; R_ID:Int32; T_CURSOR:RefCursor; RESP_ID:Int32","T_CURSOR:RefCursor:Output","TEXT; REFERENCE_ID; REPLY; ID; FILE_NAME; SEQUENCE; FILE_TYPE",""
"DBConnection.AE.cs","GetObservationResponsiblePPNOs","public","247","277","pkg_ae.P_GetObservationResponsible","OBSID:Int32; E_ID:Int32; T_CURSOR:RefCursor","T_CURSOR:RefCursor:Output","RESP_ROW_ID; EMP_NAME",""
"DBConnection.AE.cs","GetOldParasObservationResponsiblePPNOs","public","279","309","pkg_ae.p_GetParaComplianceResponsible","Old_id:Int32; new_id:Int32; IND:Varchar2; T_CURSOR:RefCursor","T_CURSOR:RefCursor:Output","EMP_NAME",""
"DBConnection.AE.cs","GetOldParasEvidences","public","311","362","pkg_ae.P_GetPostAuditCompliance_Evidence","TEXT_ID:Varchar2; T_CURSOR:RefCursor","T_CURSOR:RefCursor:Output","FILE_NAME; SEQUENCE; LENGTH; id",""
"DBConnection.AE.cs","GetOldParasEvidencesTEMP","public","364","395","pkg_ae.P_GetPostAuditCompliance_Evidence","TEXT_ID:Varchar2; T_CURSOR:RefCursor","T_CURSOR:RefCursor:Output","FILE_NAME; SEQUENCE; LENGTH",""
"DBConnection.AE.cs","ResponseAuditObservation","public","397","479","pkg_ae.P_AUDITEE_OBSERVATION_RESPONSE; pkg_ae.P_AUDITEE_OBSERVATION_RESPONSE_EVIDENCES","AUOBSID:Int32; REPLYDATA:Clob; REPLIEDBY:Int32; OBSTEXTID:Int32; REPLYROLE:Int32; REMARKS:Varchar2; SUBMITTED:Varchar2; ENT_ID:Int32; P_NO:Int32; R_ID:Int32; T_CURSOR:RefCursor; RESPID:Int32; FILENAME:Varchar2; FILETYPE:Varchar2; LENGTH:Int32; ENTEREDBY:Int32; FILEDATA:Clob; SEQUENCE:Int32; TEXT_ID:Int32","T_CURSOR:RefCursor:Output","RESP_ID",""
"DBConnection.AE.cs","GetAuditeeOldParasEntities","public","481","516","pkg_ae.P_GetAuditeeOldParasentitiesFAD","ENT_ID:Int32; P_NO:Int32; R_ID:Int32; T_CURSOR:RefCursor","T_CURSOR:RefCursor:Output","ENTITY_ID; NAME",""
"DBConnection.AE.cs","GetAuditeeOldParas","public","518","579","pkg_ae.P_GetAuditeeOldParas","ENT_ID:Int32; P_NO:Int32; R_ID:Int32; T_CURSOR:RefCursor","T_CURSOR:RefCursor:Output","ID; audit_period; ENTITY_NAME; PARA_NO; ref_p; gist_of_paras; amount; PARA_CATEGORY; AU_OBS_ID; vol_i_ii; AUDITED_BY; ENTITY_CODE; TYPE_ID; GIST_OF_PARAS; AUDITEE_RESPONSE; AUDITOR_REMARKS; entitytypedesc",""
"DBConnection.AE.cs","GetOldParasManagement","public","581","624","pkg_ae.P_GetOldParaManagement","ENTITYID:Int32; T_CURSOR:RefCursor","T_CURSOR:RefCursor:Output","PARA_ID; PERIOD; ENTITY_ID; ENTITY_NAME; PARA_NO; GIST_OF_PARAS; AUDITED_BY; PARA_STATUS; V_CAT_ID; V_CAT_NATURE_ID; RISK_ID",""
"DBConnection.AE.cs","AddOldParasCADReply","public","626","660","pkg_ae.P_updateoldparamanagement","PARAID:Int32; VCATID:Int32; VCATNATUREID:Int32; RISKID:Int32; PARATEXT:Clob; CREATEDBY:Int32; T_CURSOR:RefCursor","T_CURSOR:RefCursor:Output","REMARKS",""
"DBConnection.AE.cs","AddOldParasCADCompliance","public","662","696","pkg_ae.P_UpdateAuditeeOldParasresponse","Paraid:Int32; cdate:Date; Text:Clob; PPNO:Int32; Remarks:Clob; imprec:NVarchar2; T_CURSOR:RefCursor","T_CURSOR:RefCursor:Output","REMARKS",""
"DBConnection.AE.cs","GetAuditeeAssignedEntities","public","698","731","pkg_ae.P_GetAuditeeAssignedEntities","ENTITID:Int32; T_CURSOR:RefCursor","T_CURSOR:RefCursor:Output","CODE; NAME; ENTITY_ID; engplanid",""
"DBConnection.AE.cs","GetCCQsEntities","public","733","765","pkg_ae.P_GetCCQsEntities","PPNO:Int32; T_CURSOR:RefCursor","T_CURSOR:RefCursor:Output","CODE; NAME; ENTITY_ID",""
"DBConnection.AE.cs","GetParasForComplianceByAuditee","public","767","818","pkg_ae.P_GetParasForComplianceByAuditee","P_NO:Int32; ENT_ID:Int32; R_ID:Int32; T_CURSOR:RefCursor","T_CURSOR:RefCursor:Output","audit_period; name; para_no; new_para_id; old_para_id; gist_of_paras; auditby_id; audit_reply; next_r_id; per_r_id; c_status_up; c_status_down; ind; COM_ID; audit_date; rec_from",""
"DBConnection.AE.cs","GetParasForReviewComplianceByAuditee","public","820","872","pkg_ae.P_GetParasForCompliancereview ","P_NO:Int32; ENT_ID:Int32; R_ID:Int32; T_CURSOR:RefCursor","T_CURSOR:RefCursor:Output","audit_period; name; para_no; rsk; new_para_id; old_para_id; gist_of_paras; auditby_id; next_r_id; per_r_id; c_status_up; audit_reply; c_status_down; rec_from; ind; COM_ID",""
"DBConnection.AE.cs","GetParaComplianceText","public","874","912","pkg_ae.P_GetParasForComplianceByAuditee_text","Old_id:Int32; new_id:Int32; IND:Varchar2; T_CURSOR:RefCursor","T_CURSOR:RefCursor:Output","text; text_id; gist_of_paras",""
"DBConnection.AE.cs","GetOldParasComplianceCycleText","public","914","946","pkg_ae.P_GetParasForComplianceforhistory","C_CYCLE:Int32; COM_ID:Int32; T_CURSOR:RefCursor","T_CURSOR:RefCursor:Output","reply; text_id; para_text",""
"DBConnection.AE.cs","GetPostComplianceEvidenceData","public","948","990","pkg_ae.P_GetPostAuditCompliance_Evidence_FileData","FILE_ID:Varchar2; T_CURSOR:RefCursor","T_CURSOR:RefCursor:Output","FILE_NAME; SEQUENCE; LENGTH; id",""
"DBConnection.AE.cs","GetCAUParasPostComplianceEvidenceData","public","992","1034","pkg_ae.P_GetPostAuditCompliance_Evidence_FileData_CAU","FILE_ID:Varchar2; T_CURSOR:RefCursor","T_CURSOR:RefCursor:Output","FILE_NAME; SEQUENCE; LENGTH; id",""
"DBConnection.AE.cs","GetOldParasBranchComplianceTextRef","public","1036","1070","pkg_ae.P_GetAuditeeOldParasFADText_Ref","refp:Varchar2; OBS_ID:Varchar2; P_C:Varchar2; T_CURSOR:RefCursor","T_CURSOR:RefCursor:Output","checklistdetail; para_text",""
"DBConnection.AE.cs","GetOldParasBranchComplianceTextForZone","public","1072","1106","pkg_ae.P_GetAuditeeOldParasFADtext_Reviewer","refp:Varchar2; OBS_ID:Varchar2; P_C:Varchar2; T_CURSOR:RefCursor","T_CURSOR:RefCursor:Output","para_text",""
"DBConnection.AE.cs","GetOldParasBranchComplianceTextForZoneRef","public","1108","1142","pkg_ae.P_GetAuditeeOldParasFADtext_Reviewer_Ref","refp:Varchar2; OBS_ID:Varchar2; P_C:Varchar2; T_CURSOR:RefCursor","T_CURSOR:RefCursor:Output","para_text",""
"DBConnection.AE.cs","SubmitPostAuditCompliance","public","1144","1212","pkg_ae.P_SubmitPostAuditCompliance; pkg_ae.P_SubmitPostAuditCompliance_Evidence","Old_id:Int32; new_id:Int32; Entity_ID:Int32; P_NO:Int32; R_ID:Int32; Auditee_COM:Clob; A_COMMENTS:Varchar2; P_IND:Varchar2; T_CURSOR:RefCursor; TEXT_ID:Varchar2; FILENAME:Varchar2; LEN_ID:Int32; ENTER_BY:Int32; FILETYPE:Varchar2; FILEDATA:Clob; SEQ_ID:Int32","T_CURSOR:RefCursor:Output","remarks; text_id",""
"DBConnection.AE.cs","SubmitPostAuditComplianceReview","public","1214","1270","pkg_ae.P_SubmitPostAuditCompliance_review","Old_id:Int32; new_id:Int32; Ent_ID:Int32; P_NO:Int32; R_ID:Int32; A_COMMENTS:Varchar2; P_IND:Varchar2; T_CURSOR:RefCursor","T_CURSOR:RefCursor:Output","remarks; PARA_NO; GIST_OF_PARAS; TO_EMAIL; CC_EMAIL; CC_EMAIL2; para_status",""
"DBConnection.AE.cs","GetOldParasForReviewer","public","1272","1318","pkg_ae.p_getoldparasforreviewer","userentityid:Int32; T_CURSOR:RefCursor","T_CURSOR:RefCursor:Output","AUDITEENAME; AUDIT_PERIOD; PARA_NO; GISTOFPARA; AMOUNT_INVOLVED; REF_P; OBS_ID; ID; replieddate; PARA_CATEGORY; PARENT_ID; sequence; auditedby",""
"DBConnection.AE.cs","GetOldParasForReviewerRef","public","1320","1366","pkg_ae.p_getoldparasforreviewer_ref","userentityid:Int32; T_CURSOR:RefCursor","T_CURSOR:RefCursor:Output","AUDITEENAME; AUDIT_PERIOD; PARA_NO; GISTOFPARA; AMOUNT_INVOLVED; REF_P; OBS_ID; ID; REPLY; replieddate; PARA_CATEGORY; PARENT_ID; SEQUENCE; auditedby",""
"DBConnection.AE.cs","AddOldParasComplianceReviewer","public","1368","1408","pkg_ae.P_AddOldParasReviewer","P_NO:Int32; ENT_ID:Int32; PID:Varchar2; OBS_ID:Varchar2; Remark:Varchar2; P_C:Varchar2; PARENTID:Int32; ROL_ID:Int32; r_status:Int32; seq_id:Varchar2; AUDIT_ID:Varchar2; T_CURSOR:RefCursor","T_CURSOR:RefCursor:Output","remarks",""
"DBConnection.AE.cs","AddOldParasReply","public","1410","1436","pkg_ae.P_AddOldParasReply","PPNO:Int32; PID:Int32; REPLY:Clob","","",""
"DBConnection.AE.cs","GetOldParasBranchComplianceTextupdate","public","1438","1474","pkg_ae.P_GetAuditeeAllParasFAD","ENT_ID:Int32; P_NO:Int32; R_ID:Int32; T_CURSOR:RefCursor","T_CURSOR:RefCursor:Output","audit_period; name; para_no",""
"DBConnection.AE.cs","GetComplianceTextAuditee","public","1476","1497","pkg_ae.P_get_v_auditee_paras_compliance_history_auditee_text","para_id:Int32; T_CURSOR:RefCursor","T_CURSOR:RefCursor:Output","reply",""
"DBConnection.AE.cs","GetComplianceHistoryCountAuditee","public","1499","1521","pkg_ae.P_get_v_auditee_paras_compliance_history_num_auditee","REF_P:Varchar2; OBSID:Varchar2; T_CURSOR:RefCursor","T_CURSOR:RefCursor:Output","no_of_records",""
"DBConnection.AE.cs","GetComplianceHistory","public","1523","1558","pkg_ae.P_GetParasForCompliancehistory","COM_ID:Varchar2; T_CURSOR:RefCursor","T_CURSOR:RefCursor:Output","HIST_ID; COM_ID; COM_CYCLE; COM_STAGE; COM_STATUS; COMMENT_BY_ROLE; NAME; PP_NO; COMMENT_ON; COMMENTS; COM_FLOW",""
"DBConnection.AE.cs","GetCAUParasForPostCompliance","public","1560","1604","pkg_ae.P_GetParasForComplianceByCAU","P_NO:Int32; ENT_ID:Int32; R_ID:Int32; T_CURSOR:RefCursor","T_CURSOR:RefCursor:Output","audit_period; para_no; new_para_id; old_para_id; gist_of_paras; ind; cau_status; cau_assigned_ent_id; com_id",""
"DBConnection.AE.cs","GetrealtionshiptypeForCAU","public","1606","1630","pkg_ae.P_GetrealtionshiptypeforCAU","T_CURSOR:RefCursor","T_CURSOR:RefCursor:Output","ENTITY_REALTION_ID; FIELD_NAME",""
"DBConnection.AE.cs","GetParentRelationshipForCAU","public","1632","1671","pkg_ae.P_GetparentrepofficeforCAU","rid:Int32; ENT_ID:Int32; T_CURSOR:RefCursor","T_CURSOR:RefCursor:Output","ENTITY_REALTION_ID; ENTITY_ID; ACTIVE; DESCRIPTION; ENTITYTYPEDESC",""
"DBConnection.AE.cs","GetChildRelationshipForCAU","public","1673","1713","pkg_ae.P_GetchildpostingforCAU","P_ENT_ID:Int32; T_CURSOR:RefCursor","T_CURSOR:RefCursor:Output","ENTITY_ID; C_NAME; TYPEID; COMPLICE_BY; AUDIT_BY",""
"DBConnection.AE.cs","SubmitCAUParaToBranch","public","1715","1749","pkg_ae.P_FORWARD_CAU_PARA_TO_BRANCH","C_ID:Varchar2; ENT_ID:Int32; P_NO:Int32; R_ID:Int32; B_ENT_ID:Int32; CAU_COMMENTS:Varchar2; T_CURSOR:RefCursor","T_CURSOR:RefCursor:Output","remarks",""
"DBConnection.AE.cs","GetCAUParaToBranchParaText","public","1751","1784","pkg_ae.P_GetParasForCompliance_CAU_para_text","C_ID:Int32; IND:Varchar2; T_CURSOR:RefCursor","T_CURSOR:RefCursor:Output","para_text; reply; cau_instructions; text_id",""
"DBConnection.AE.cs","GetCAUParasForPostComplianceSubmittedToBranch","public","1786","1827","pkg_ae.P_GetParasForComplianceByCAU_BY_BRANCH","P_NO:Int32; ENT_ID:Int32; R_ID:Int32; T_CURSOR:RefCursor","T_CURSOR:RefCursor:Output","audit_period; para_no; new_para_id; old_para_id; gist_of_paras; ind; cau_instructions; CAU_NAME; com_id",""
"DBConnection.AE.cs","SubmitCAUParaByBranch","public","1829","1892","pkg_ae.P_SubmitPostAuditCompliance_BY_BRANCH; pkg_ae.P_SubmitPostAuditCompliance_Evidence_By_BRANCH","C_ID:Varchar2; T_ID:Varchar2; ENT_ID:Int32; P_NO:Int32; R_ID:Int32; Auditee_COM:Clob; T_CURSOR:RefCursor; TEXT_ID:Int32; filename:Varchar2; len_id:Int32; enter_by:Int32; filetype:Varchar2; filedata:Clob; seq_id:Int32","T_CURSOR:RefCursor:Output","remarks",""
"DBConnection.AE.cs","GetCAUParasForPostComplianceForReview","public","1894","1938","pkg_ae.P_GetParasForComplianceByCAU_FOR_REVIEW","P_NO:Int32; ENT_ID:Int32; R_ID:Int32; T_CURSOR:RefCursor","T_CURSOR:RefCursor:Output","audit_period; para_no; new_para_id; old_para_id; gist_of_paras; ind; cau_status; cau_assigned_ent_id; com_id",""
"DBConnection.AE.cs","GetCAUAllComplianceEvidence","public","1940","1985","pkg_ae.P_GetAllCompliance_Evidence_CAU","TEXT_ID:Varchar2; T_CURSOR:RefCursor","T_CURSOR:RefCursor:Output","FILE_NAME; SEQUENCE; LENGTH; id",""
"DBConnection.AR.cs","CleanDbMessage","private","14","34","","","","",""
"DBConnection.AR.cs","GetAuditEntitiesForOtherEntitySelection","public","35","70","pkg_ar.p_get_auditee_submission_list","ENT_ID:Int32; T_CURSOR:RefCursor","T_CURSOR:RefCursor:Output","entity_id; name",""
"DBConnection.AR.cs","GetRiskGroup","public","72","95","pkg_ar.P_GetRiskGroup","T_CURSOR:RefCursor","T_CURSOR:RefCursor:Output","GR_ID; DESCRIPTION",""
"DBConnection.AR.cs","GetRiskSubGroup","public","97","122","pkg_ar.P_GetRiskSubGroup","group_id:Int32; T_CURSOR:RefCursor","T_CURSOR:RefCursor:Output","S_GR_ID; GR_ID; DESCRIPTION; GROUP_DESC",""
"DBConnection.AR.cs","GetRiskActivities","public","124","149","pkg_ar.p_GetRiskActivities","Sub_group_id:Int32; T_CURSOR:RefCursor","T_CURSOR:RefCursor:Output","S_GR_ID; ACTIVITY_ID; DESCRIPTION; SUB_GROUP_DESC",""
"DBConnection.AR.cs","GetAuditVoilationcats","public","151","174","pkg_ar.P_GetAuditVoilationcats","T_CURSOR:RefCursor","T_CURSOR:RefCursor:Output","ID; V_Name; MAX_Number; Status",""
"DBConnection.AR.cs","GetVoilationSubGroup","public","176","205","pkg_ar.P_GetVoilationSubGroup","group_id:Int32; T_CURSOR:RefCursor","T_CURSOR:RefCursor:Output","ID; V_ID; SUB_V_NAME; RISK_ID; STATUS",""
"DBConnection.AR.cs","GetTaskList","public","207","265","pkg_ar.P_GetTaskList","ENT_ID:Int32; P_NO:Int32; R_ID:Int32; T_CURSOR:RefCursor","T_CURSOR:RefCursor:Output","ID; ENG_PLAN_ID; TEAM_ID; SEQUENCE_NO; TEAMMEMBER_PPNO; ENTITY_ID; ENTITY_TYPE; P_NAME; ENTITY_TYPE_DESC; ENTITY_CODE; ENTITY_NAME; T_NAME; WORKING_PAPER; pre_info; AUDIT_START_DATE; AUDIT_END_DATE; STATUS_ID; ENG_STATUS; ENG_NEXT_STATUS; ISACTIVE; AUDIT_YEAR; CLOSING; OPERATION_STARTDATE; OPERATION_ENDDATE",""
"DBConnection.AR.cs","GetJoiningDetails","public","267","319","pkg_ar.P_GetJoiningDetails","ENG:Int32; ENT_ID:Int32; P_NO:Int32; R_ID:Int32; T_CURSOR:RefCursor","T_CURSOR:RefCursor:Output","ENTITY_ID; ENTITY_CODE; ENTITY_NAME; RISK; ENT_SIZE; AUDIT_START_DATE; AUDIT_END_DATE; AUDIT_PERIOD; TEAM_NAME; EMAIL_ADDRESS; TELEPHONE; MEMBER_NAME; MEMBER_PPNO; ISTEAMLEAD",""
"DBConnection.AR.cs","AddJoiningReport","public","321","382","pkg_ar.P_AddJoiningReport","ENGID:Int32; ENT_ID:Int32; P_NO:Int32; R_ID:Int32; COMPLETION_DATE:Date; T_CURSOR:RefCursor","T_CURSOR:RefCursor:Output","remarks; to_email; cc_email; auditee_name; team_lead; team_members; email",""
"DBConnection.AR.cs","GetAuditChecklist","public","384","412","pkg_ar.P_GetAuditChecklist","T_CURSOR:RefCursor","T_CURSOR:RefCursor:Output","T_ID; HEADING; RISK_SEQUENCE; WEIGHT_ASSIGNED; ENTITY_TYPE; ENTITY_TYPE_NAME; STATUS",""
"DBConnection.AR.cs","GetAuditChecklistCAD","public","414","440","pkg_ar.P_GetAuditChecklistCAD","T_CURSOR:RefCursor","T_CURSOR:RefCursor:Output","T_ID; HEADING; ENTITY_TYPE; ENTITY_TYPE_NAME; STATUS",""
"DBConnection.AR.cs","GetAuditChecklistSub","public","442","481","pkg_ar.p_GetAuditChecklistSub","tid:Int32; ENT_ID:Int32; P_NO:Int32; R_ID:Int32; T_CURSOR:RefCursor","T_CURSOR:RefCursor:Output","S_ID; T_ID; T_NAME; HEADING; ENTITY_TYPE; ENTITY_TYPE_NAME",""
"DBConnection.AR.cs","GetAuditChecklistDetails","public","483","533","pkg_ar.P_GetAuditChecklistDetails","sid:Int32; ENT_ID:Int32; P_NO:Int32; R_ID:Int32; T_CURSOR:RefCursor","T_CURSOR:RefCursor:Output","ID; S_ID; S_NAME; V_ID; V_NAME; HEADING; RISK_ID; RISK; ROLE_RESP_ID; PROCESS_OWNER_ID; STATUS",""
"DBConnection.AR.cs","SaveAuditObservation","public","535","686","pkg_ar.P_SaveAuditObservation; pkg_ar.P_responibilityassigned","PLANID:Int32; STATUS:Int32; REPLYDATE:Date; ENTEREDBY:Int32; Severity:Int32; SUBCHECKLISTID:Int32; CHECKLISTDETAILID:Int32; VCATID:Int32; VCATNATUREID:Int32; TEXT_DATA:Clob; NOINSTANCES:Int32; AMOUNT_INV:Int32; TITLE:Varchar2; OT_ENT_ID:Int32; ENT_ID:Int32; P_NO:Int32; R_ID:Int32; ANNEX_ID:Int32; P_REFERENCE_ID:Int64; T_CURSOR:RefCursor; N_ID:Int32; E_ID:Int32; C_ID:Int32; IND:Varchar2; PPNO:Int32; RES_PP:Int32; LOANCASE:Int32; ACCNUMBER:Int32; LCAMOUNT:Int32; ACAMOUNT:Int32","T_CURSOR:RefCursor:Output","REF; remarks; ID","RESPONSIBILITY"
"DBConnection.AR.cs","SaveAuditObservationCAU","public","688","787","pkg_ar.P_SaveAuditObservationCAD; pkg_ar.P_responibilityassigned","PLANID:Int32; STATUS:Int32; REPLYDATE:Date; ENTEREDBY:Int32; Severity:Int32; SUBCHECKLISTID:Varchar2; CHECKLISTDETAILID:Int32; TEXT_DATA:Clob; TITLE:Varchar2; AMOUNT_INV:Int32; NO_INST:Int32; BRANCHID:Int32; ENT_ID:Int32; P_NO:Int32; R_ID:Int32; ANNEX_ID:Int32; P_REFERENCE_ID:Int64; T_CURSOR:RefCursor; N_ID:Int32; E_ID:Int32; C_ID:Int32; IND:Varchar2; PPNO:Int32; RES_PP:Int32; LOANCASE:Int32; ACCNUMBER:Int32; LCAMOUNT:Int32; ACAMOUNT:Int32","T_CURSOR:RefCursor:Output","REF; remarks; ID",""
"DBConnection.AR.cs","SetEngIdOnHold","public","789","813","pkg_ar.P_SetEngIdOnHold","ENGID:Int32; PPNO:Int32","","",""
"DBConnection.AR.cs","GetLatestAuditorResponse","public","815","846","pkg_ar.P_GetLatestAuditorResponse","obs_id:Int32; ENT_ID:Int32; P_NO:Int32; R_ID:Int32; T_CURSOR:RefCursor","T_CURSOR:RefCursor:Output","Recommendation",""
"DBConnection.AR.cs","GetLatestDepartmentalHeadResponse","public","848","879","pkg_ar.P_GetLatestDepartmentalHeadResponse","obs_id:Int32; ENT_ID:Int32; P_NO:Int32; R_ID:Int32; T_CURSOR:RefCursor","T_CURSOR:RefCursor:Output","audit_reply",""
"DBConnection.AR.cs","GetLatestAuditeeResponse","public","881","912","pkg_ar.P_GetLatestAuditeeResponse","obs_id:Int32; ENT_ID:Int32; P_NO:Int32; R_ID:Int32; T_CURSOR:RefCursor","T_CURSOR:RefCursor:Output","reply",""
"DBConnection.AR.cs","GetManagedObservationsSummaryForSelectedEntity","public","914","961","pkg_ar.P_get_details_for_manage_observations_summary","ENGID:Int32; ENT_ID:Int32; P_NO:Int32; R_ID:Int32; T_CURSOR:RefCursor","T_CURSOR:RefCursor:Output","ENG_ID; PPNO; E_NAME; STATUS; TEAM; CREATED; SUBMIT_TO_AUDITEE; RESPONDED_BY_AUDITEE; Drop_Resolved_by_team_head; ADDED_TO_DRAFT; ADDED_TO_FINAL; SETTELED; TOTAL",""
"DBConnection.AR.cs","GetManagedObservationsForSelectedEntity","public","963","1011","pkg_ar.P_get_details_for_manage_observations","ENGID:Int32; ENT_ID:Int32; P_NO:Int32; R_ID:Int32; T_CURSOR:RefCursor","T_CURSOR:RefCursor:Output","OBD_ID; MEMO; DRAFT_PARA; FINAL_PARA; IND; T_IND; Title; e_name; status; status_id",""
"DBConnection.AR.cs","UpdateAuditObservationStatus","public","1013","1057","pkg_ar.P_Update_Audit_Paras","COM_ID:Int32; N_PARA_ID:Int32; O_PARA_ID:Int32; D_PARA_NO:Varchar2; D_AUDIT_PERIOD:Varchar2; D_GIST:Varchar2; D_RISK:Int32; D_ANNEX:Int32; D_IND:Varchar2; D_PARA_TEXT:Clob; D_AMOUNT:Decimal; D_INSTANCES:Int32; ENT_ID:Int32; P_NO:Int32; R_ID:Int32; T_CURSOR:RefCursor","T_CURSOR:RefCursor:Output","REMARKS",""
"DBConnection.AR.cs","ReferredBackAuditObservationStatus","public","1059","1109","pkg_ar.P_Authorize_Update_Audit_Paras","C_ID:Int32; N_PARA_ID:Int32; O_PARA_ID:Int32; D_PARA_ID:Int32; D_PARA_NO:Varchar2; D_AUDIT_PERIOD:Varchar2; D_GIST:Varchar2; D_RISK:Int32; D_ANNEX:Int32; D_IND:Varchar2; D_PARA_TEXT:Clob; D_AMOUNT:Decimal; D_INSTANCES:Int32; ENT_ID:Int32; P_NO:Int32; R_ID:Int32; P_DECISION:Varchar2; T_CURSOR:RefCursor","T_CURSOR:RefCursor:Output","REMARKS",""
"DBConnection.AR.cs","AuthorizedAuditObservationStatus","public","1111","1159","pkg_ar.P_Authorize_Update_Audit_Paras","C_ID:Int32; N_PARA_ID:Int32; O_PARA_ID:Int32; D_PARA_ID:Int32; D_PARA_NO:Varchar2; D_AUDIT_PERIOD:Varchar2; D_GIST:Varchar2; D_RISK:Int32; D_ANNEX:Int32; D_IND:Varchar2; D_PARA_TEXT:Clob; D_AMOUNT:Decimal; D_INSTANCES:Int32; ENT_ID:Int32; P_NO:Int32; R_ID:Int32; P_DECISION:Varchar2; T_CURSOR:RefCursor","T_CURSOR:RefCursor:Output","REMARKS",""
"DBConnection.AR.cs","GetManagedObservations","public","1161","1209","pkg_ar.P_GetManagedObservations","ENGID:Int32; OBSID:Int32; ENT_ID:Int32; P_NO:Int32; R_ID:Int32; T_CURSOR:RefCursor","T_CURSOR:RefCursor:Output","OBS_ID; OBS_RISK_ID; OBS_STATUS_ID; MEMO_NO; NOINSTANCES; VIOLATION; HEADING; NATURE; ENTITY_NAME; OBS_STATUS; OBS_RISK; PERIOD",""
"DBConnection.AR.cs","GetManagedObservationText","public","1211","1254","pkg_ar.P_GetManagedObservationsText","OBSID:Int32; ENT_ID:Int32; P_NO:Int32; R_ID:Int32; T_CURSOR:RefCursor","T_CURSOR:RefCursor:Output","VIOLATION; NATURE; OBS_TEXT; OBS_HEADING; OBS_RISK_ID",""
"DBConnection.AR.cs","GetRespondedObservationEvidences","public","1256","1291","pkg_ar.P_get_AUDITEE_OBSERVATION_RESPONSE_evidences_by_obs_id","OBS_ID:Int32; T_CURSOR:RefCursor","T_CURSOR:RefCursor:Output","ID; FILE_NAME; SEQUENCE; FILE_TYPE",""
"DBConnection.AR.cs","GetManagedAllObservationsText","public","1293","1342","pkg_ar.P_get_details_for_manage_observations_text","OBS_ID:Int32; IND:Varchar2; ENT_ID:Int32; P_NO:Int32; R_ID:Int32; T_CURSOR:RefCursor","T_CURSOR:RefCursor:Output","CP; CP_ID; PSN; PSN_ID; CD; CD_ID; TEXT; TITLE; RISK; Instances; amount; RISK_ID; engplanid",""
"DBConnection.AR.cs","GetManagedObservationsForBranches","public","1344","1400","pkg_ar.P_GetManagedObservationsForBranches","ENGID:Int32; OBSID:Int32; ENT_ID:Int32; P_NO:Int32; R_ID:Int32; T_CURSOR:RefCursor","T_CURSOR:RefCursor:Output","OBS_ID; OBS_RISK_ID; OBS_STATUS_ID; MEMO_NO; PROCESS; NOINSTANCES; SUB_PROCESS; Check_List_Detail; HEADINGS; ENTITY_NAME; ENTITY_ID; OBS_STATUS; OBS_RISK; PERIOD; ANNEX_ID; ANNEX_CODE; DSA",""
"DBConnection.AR.cs","GetManagedObservationTextForBranches","public","1402","1510","pkg_ar.P_GetManagedObservationstext; pkg_ar.P_GetManagedObservationsForBranchesText","OBSID:Int32; ENT_ID:Int32; P_NO:Int32; R_ID:Int32; T_CURSOR:RefCursor","T_CURSOR:RefCursor:Output","OBS_ID; Violation; PROCESS_ID; NATURE; SUB_PROCESS_ID; OBS_HEADING; OBS_RISK_ID; OBS_TEXT; engplanid; REFERENCE_ID; PROCESS; SUB_PROCESS; HEADINGS; RISK_ID; ANNEXURE_ID; Check_List_Detail; Check_List_Detail_Id",""
"DBConnection.AR.cs","GetManagedDraftObservations","public","1512","1567","pkg_ar.P_GetManagedDraftObservations","ENGID:Int32; ENT_ID:Int32; P_NO:Int32; R_ID:Int32; T_CURSOR:RefCursor","T_CURSOR:RefCursor:Output","OBS_ID; ENG_ID; OBS_RISK_ID; OBS_STATUS_ID; MEMO_NO; DRAFT_PARA; VIOLATION; NATURE; ENTITY_NAME; OBS_STATUS; OBS_RISK; PERIOD",""
"DBConnection.AR.cs","GetManagedDraftObservationsBranch","public","1569","1627","pkg_ar.P_GetManagedDraftObservationsForBranches","ENGID:Int32; ENT_ID:Int32; P_NO:Int32; R_ID:Int32; T_CURSOR:RefCursor","T_CURSOR:RefCursor:Output","OBS_ID; OBS_RISK_ID; OBS_STATUS_ID; MEMO_NO; DRAFT_PARA; PROCESS; SUB_PROCESS; CHECK_LIST_DETAIL; ENTITY_NAME; OBS_STATUS; OBS_RISK; HEADINGS; PERIOD",""
"DBConnection.AR.cs","GetEntityReportParasForBranch","public","1629","1676","pkg_ar.P_GetManagedDraftObservationsbranch","ENGID:Int32; T_CURSOR:RefCursor","T_CURSOR:RefCursor:Output","OBS_ID; OBS_RISK_ID; OBS_STATUS_ID; MEMO_NO; DRAFT_PARA; FINAL_PARA; PROCESS; SUB_PROCESS; CHECK_LIST_DETAIL; ENTITY_NAME; OBS_STATUS; OBS_RISK; PERIOD",""
"DBConnection.AR.cs","GetManagedDraftObservationsText","public","1678","1715","pkg_ar.P_GetManagedDraftObservationsText","OBSID:Int32; ENT_ID:Int32; P_NO:Int32; R_ID:Int32; T_CURSOR:RefCursor","T_CURSOR:RefCursor:Output","OBS_TEXT",""
"DBConnection.AR.cs","GetManagedDraftObservationsForBranches","public","1717","1767","pkg_ar.P_GetManagedDraftObservationsForBranches","ENGID:Int32; T_CURSOR:RefCursor","T_CURSOR:RefCursor:Output","OBS_ID; OBS_RISK_ID; OBS_STATUS_ID; MEMO_NO; PROCESS; SUBPROCESS; OBS_TEXT; ENTITY_NAME; OBS_STATUS; OBS_RISK; PERIOD",""
"DBConnection.AR.cs","GetSubChecklistStatus","public","1769","1800","pkg_ar.p_getauditeecheckklist","PLANID:Int32; SUBCHECKLISTID:Int32; T_CURSOR:RefCursor","T_CURSOR:RefCursor:Output","S_ID; CHECKLIST_ID; STATUS; OBSID",""
"DBConnection.AR.cs","DropAuditObservation","public","1802","1832","pkg_ar.P_DropAuditObservation","OBS_ID:Int32; ENT_ID:Int32; P_NO:Int32; R_ID:Int32; T_CURSOR:RefCursor","T_CURSOR:RefCursor:Output","REMARKS",""
"DBConnection.AR.cs","SubmitAuditObservationToAuditee","public","1834","1864","pkg_ar.P_SubmitAuditObservationToAuditee","OBS_ID:Int32; ENT_ID:Int32; P_NO:Int32; R_ID:Int32; T_CURSOR:RefCursor","T_CURSOR:RefCursor:Output","REMARKS",""
"DBConnection.AR.cs","UpdateAuditObservationStatus","public","1866","1946","pkg_ar.P_UpdateAuditObservationStatus; pkg_ar.AUDITOR_RESPONSE; pkg_ar.AUDITOR_REPLY","OBS_ID:Int32; NEW_STATUS_ID:Int32; D_PARA_NO:Varchar2; Remarks:Varchar2; ENT_ID:Int32; P_NO:Int32; R_ID:Int32; T_CURSOR:RefCursor; PPNumber:Int32; AUDITOR_COMMENT:Varchar2; status:Int32","T_CURSOR:RefCursor:Output","REMARKS","THIS"
"DBConnection.AR.cs","UpdateAuditObservationStatusByHead","public","1948","2017","pkg_ar.P_UpdateAuditObservationStatusByHead; pkg_ar.AUDITOR_RESPONSE; pkg_ar.AUDITOR_REPLY","OBS_ID:Int32; NEW_STATUS_ID:Int32; F_PARA_NO:Varchar2; Remarks:Varchar2; ENT_ID:Int32; P_NO:Int32; R_ID:Int32; T_CURSOR:RefCursor; PPNumber:Int32; AUDITOR_COMMENT:Varchar2; status:Int32","T_CURSOR:RefCursor:Output","REMARKS",""
"DBConnection.AR.cs","UpdateAuditObservationText","public","2019","2058","pkg_ar.P_UpdateObservation","OBSID:Int32; title:Clob; OBTEXT:Clob; SUBPROCESSID:Int32; CHECKLISTID:Int32; RiskID:Int32; AnnexureID:Int32; P_REFERENCE_ID:Int64; ENT_ID:Int32; P_NO:Int32; R_ID:Int32; T_CURSOR:RefCursor","T_CURSOR:RefCursor:Output","REMARKS",""
"DBConnection.AR.cs","GetClosingDraftObservations","public","2060","2123","pkg_ar.p_GetClosingDraftObservations","ENGID:Int32; ENT_ID:Int32; P_NO:Int32; R_ID:Int32; T_CURSOR:RefCursor","T_CURSOR:RefCursor:Output","TOTAL_NO_OB; SUBMITTED_TO_AUDITEE; RESOLVED; RESPONDED; DROPPED; ADDED_TO_DRAFT; MEMBER_PPNO; JOINING_DATE; COMPLETION_DATE; TEAMLEAD; ENTITY_NAME; MEMBER_NAME; ENG_PLAN_ID",""
"DBConnection.AR.cs","GetClosingDraftTeamDetails","public","2125","2178","pkg_ar.p_GetClosingDraftObservations","ENT_ID:Int32; P_NO:Int32; R_ID:Int32; T_CURSOR:RefCursor","T_CURSOR:RefCursor:Output","SUBMITTED_TO_AUDITEE; RESOLVED; RESPONDED; DROPPED; ADDED_TO_DRAFT; MEMBER_PPNO; JOINING_DATE; COMPLETION_DATE; TEAMLEAD; ENTITY_NAME; MEMBER_NAME",""
"DBConnection.AR.cs","SearchChecklistDetails","public","2180","2214","pkg_ar.P_GetAuditChecklistDetails_search","T_CURSOR:RefCursor","T_CURSOR:RefCursor:Output","ID; P_NAME; S_NAME; C_NAME; RISK",""
"DBConnection.AR.cs","GetLegacyParasEntities","public","2216","2250","pkg_ar.P_GetEntitiesForLegacyPara","ENTITYID:Int32; P_NO:Int32; R_ID:Int32; T_CURSOR:RefCursor","T_CURSOR:RefCursor:Output","ENTITY_ID; NAME",""
"DBConnection.AR.cs","GetLegacyParasEntitiesHO","public","2252","2284","pkg_ar.P_GetEntitiesForLegacyPara_HO","ENTITYID:Int32; T_CURSOR:RefCursor","T_CURSOR:RefCursor:Output","ENTITY_ID; NAME",""
"DBConnection.AR.cs","GetLegacyParasEntitiesReport","public","2286","2318","pkg_ar.P_GetEntitiesForLegacyPara_ho_report","ENTITYID:Int32; T_CURSOR:RefCursor","T_CURSOR:RefCursor:Output","ENTITY_ID; NAME",""
"DBConnection.AR.cs","GetLegacyParasForUpdate","public","2320","2384","pkg_ar.P_GetLeagacyObservations","entityId:Int32; paraRef:Varchar2; ppno:Int32; T_CURSOR:RefCursor","T_CURSOR:RefCursor:Output","ID; REF_P; ENTITY_ID; ENTITY_CODE; TYPE_ID; AUDIT_PERIOD; ENTITY_NAME; PARA_NO; ENT_TYPE; PROCESS; SUB_PROCESS; PROCESS_DETAIL; PARA_TEXT; GIST_OF_PARAS; ANNEXURE; AMOUNT_INVOLVED; VOL_I_II",""
"DBConnection.AR.cs","GetLegacyParasForUpdateHO","public","2386","2445","pkg_ar.P_GetLeagacyObservations_ho","entityname:Varchar2; paraRef:Varchar2; ppno:Int32; T_CURSOR:RefCursor","T_CURSOR:RefCursor:Output","ID; REF_P; ENTITY_ID; TYPE_ID; AUDIT_PERIOD; ENTITY_NAME; PARA_NO; PARA_STATUS; ENT_TYPE; PROCESS; SUB_PROCESS; PROCESS_DETAIL; PARA_TEXT; riskid; GIST_OF_PARAS; ANNEXURE; AMOUNT_INVOLVED; VOL_I_II",""
"DBConnection.AR.cs","GetLegacyParasForGistUpdate","public","2447","2497","pkg_ar.P_GetLeagacyObservations_for_gist_update","entityId:Int32; paraRef:Varchar2; ppno:Int32; T_CURSOR:RefCursor","T_CURSOR:RefCursor:Output","ID; REF_P; ENTITY_ID; ENTITY_CODE; TYPE_ID; AUDIT_PERIOD; ENTITY_NAME; PARA_NO; GIST_OF_PARAS; ANNEXURE; AMOUNT_INVOLVED; VOL_I_II",""
"DBConnection.AR.cs","UpdateLegacyParasWithResponsibility","public","2499","2574","pkg_ar.P_update_legacy_Para_text; pkg_ar.p_add_para_responsibility","ref_id:Varchar2; obtext:Clob; process_id:Int32; subprocessid:Int32; checklistid:Int32; pp_no:Int32; risk_id:Int32; T_CURSOR:RefCursor; refid:Int32; PPNO:Int32; AZ_Entity_id:Int32; user_ppno:Int32; lC_no:Int32; LC_AMOUNT:Int32; AC_NO:Int32; AC_AMOUNT:Int32; refp:Varchar2","T_CURSOR:RefCursor:Output","REF; REMARKS",""
"DBConnection.AR.cs","UpdateLegacyParaGistParaNo","public","2576","2610","pkg_ar.P_update_legacy_Para_Gist","Ref_Id:Varchar2; GIST:Varchar2; PARANO:Varchar2; pp_no:Int32; u_entity:Int32; T_CURSOR:RefCursor","T_CURSOR:RefCursor:Output","REMARKS",""
"DBConnection.AR.cs","AddResponsibilityToLegacyParas","public","2612","2650","pkg_ar.p_add_para_responsibility","refid:Int32; PPNO:Int32; AZ_Entity_id:Int32; user_ppno:Int32; lC_no:Int32; LC_AMOUNT:Int32; AC_NO:Int32; AC_AMOUNT:Int32; refp:Varchar2; T_CURSOR:RefCursor","T_CURSOR:RefCursor:Output","REMARKS",""
"DBConnection.AR.cs","DeleteResponsibilityOfLegacyParas","public","2652","2683","pkg_ar.p_delete_para_responsibility","refid:Int32; PPNO:Int32; T_CURSOR:RefCursor","T_CURSOR:RefCursor:Output","REMARKS",""
"DBConnection.AR.cs","UpdateLegacyParasWithResponsibilityNoChangesAZ","public","2685","2724","pkg_ar.P_no_update_legacy_Para_text","ref_id:Varchar2; ppno:Int32; risk_id:Int32; T_CURSOR:RefCursor","T_CURSOR:RefCursor:Output","REF; REMARKS",""
"DBConnection.AR.cs","GetEntitiesDropDownForManageObservations","public","2726","2760","pkg_ar.P_get_entities_for_manage_observations","ENT_ID:Int32; P_NO:Int32; R_ID:Int32; T_CURSOR:RefCursor","T_CURSOR:RefCursor:Output","name; ENTITY_ID; ENG_ID",""
"DBConnection.AR.cs","GetEntitiesForManageAuditParas","public","2762","2796","pkg_ar.p_GetManageAuditParasEntities","P_NO:Int32; R_ID:Int32; ENT_ID:Int32; T_CURSOR:RefCursor","T_CURSOR:RefCursor:Output","name; ENTITY_ID",""
"DBConnection.AR.cs","GetObservationEntitiesForManageObservations","public","2798","2832","pkg_ar.p_GetObservationEntities","ppno:Int32; T_CURSOR:RefCursor","T_CURSOR:RefCursor:Output","CODE; entity_name; ENTITY_ID; eng_id; TYPE_ID",""
"DBConnection.AR.cs","GetAuditeeEvidenceData","public","2834","2876","pkg_ar.P_get_AUDITEE_OBSERVATION_RESPONSE_evidences_FileData","FILE_ID:Varchar2; T_CURSOR:RefCursor","T_CURSOR:RefCursor:Output","FILE_NAME; SEQUENCE; LENGTH; id",""
"DBConnection.AR.cs","CloseDraftAuditReport","public","2878","2911","pkg_ar.P_CloseAudit","ENGID:Int32; ENT_ID:Int32; P_NO:Int32; R_ID:Int32; T_CURSOR:RefCursor","T_CURSOR:RefCursor:Output","REMARKS",""
"DBConnection.AR.cs","GetLegacyParaResponsiblePersons","public","2913","2948","pkg_ar.p_get_legacy_para_responsibles","paraRef:Int32; T_CURSOR:RefCursor","T_CURSOR:RefCursor:Output","EMP_NAME",""
"DBConnection.AR.cs","GetEmployeeNameFromPPNO","public","2950","2981"," pkg_ar.P_get_employees_information","P_NO:Int32; T_CURSOR:RefCursor","T_CURSOR:RefCursor:Output","emp_name; ppno",""
"DBConnection.AR.cs","GetUpdatedGistParaOfLegacyParaForAuthorize","public","2983","3024","pkg_ar.P_get_legacy_para_to_authorize","ENTITYID:Int32; T_CURSOR:RefCursor","T_CURSOR:RefCursor:Output","REF_P; ANNEXURE; PARA_NO; GIST_OF_PARAS; OLD_GIST_OF_PARAS; AUDIT_YEAR; E_CODE; NATURE; E_NAME",""
"DBConnection.AR.cs","AuthorizeLegacyParaGistParaNoUpdate","public","3026","3061","pkg_ar.P_Authorize_Para_Gist","REFP:Varchar2; GIST:Varchar2; PARANO:Varchar2; PPNO:Int32; ENTITYID:Int32; T_CURSOR:RefCursor","T_CURSOR:RefCursor:Output","Remarks",""
"DBConnection.AR.cs","SettleLegacyParaHO","public","3063","3094","pkg_ar.P_Settel_Legacy_Para_HO","REFP:Int32; NEW_STATUS :Int32; PPNO:Int32; REMARK:Varchar2; T_CURSOR:RefCursor","T_CURSOR:RefCursor:Output","Remarks",""
"DBConnection.AR.cs","DeleteLegacyParaHO","public","3096","3125","pkg_ar.P_Delete_Legacy_Para_HO","REFP:Int32; PPNO:Int32; T_CURSOR:RefCursor","T_CURSOR:RefCursor:Output","Remarks",""
"DBConnection.AR.cs","GetWorkingPaperLoanCases","public","3127","3169","pkg_ar.P_GetLoanCaseFile","ENGID:Varchar2; ENT_ID:Int32; P_NO:Int32; R_ID:Int32; T_CURSOR:RefCursor","T_CURSOR:RefCursor:Output","LC_ID; LC_NUMBER; CATEGORY; OBSERVATION; DISB_DATE; AMOUNT; PARA_NO",""
"DBConnection.AR.cs","AddWorkingPaperLoanCases","public","3171","3210","pkg_ar.P_AddLoanCaseFile","ENT_ID:Int32; P_NO:Int32; R_ID:Int32; ENGID:Varchar2; LCNUMBER:Varchar2; LCAmount:Int32; DISBDATE:Date; LC:Varchar2; OBS:Varchar2; PARA_NO:Varchar2; T_CURSOR:RefCursor","T_CURSOR:RefCursor:Output","remarks",""
"DBConnection.AR.cs","GetWorkingPaperVoucherChecking","public","3212","3251","pkg_ar.P_GetVoucherChecking","ENGID:Varchar2; ENT_ID:Int32; P_NO:Int32; R_ID:Int32; T_CURSOR:RefCursor","T_CURSOR:RefCursor:Output","V_ID; V_NUMBER; OBSERVATION; PARA_NO",""
"DBConnection.AR.cs","AddWorkingVoucherChecking","public","3253","3289","pkg_ar.P_AddVoucherChecking","ENT_ID:Int32; P_NO:Int32; R_ID:Int32; ENGID:Varchar2; VNUMBER:Varchar2; OBS:Varchar2; PARA_NO:Varchar2; T_CURSOR:RefCursor","T_CURSOR:RefCursor:Output","remarks",""
"DBConnection.AR.cs","GetWorkingPaperAccountOpening","public","3291","3331","pkg_ar.P_GetAccountOpeningDetails","ENGID:Varchar2; ENT_ID:Int32; P_NO:Int32; R_ID:Int32; T_CURSOR:RefCursor","T_CURSOR:RefCursor:Output","A_ID; V_NUMBER; A_NATURE; OBSERVATION; PARA_NO",""
"DBConnection.AR.cs","AddWorkingAccountOpening","public","3333","3370","pkg_ar.P_AddAccountOpeningDetails","ENT_ID:Int32; P_NO:Int32; R_ID:Int32; ENGID:Varchar2; VNUMBER:Varchar2; ANATURE:Varchar2; OBS:Varchar2; PARA_NO:Varchar2; T_CURSOR:RefCursor","T_CURSOR:RefCursor:Output","remarks",""
"DBConnection.AR.cs","GetWorkingPaperFixedAssets","public","3372","3413","pkg_ar.P_GetFixedAssetsDetails","ENGID:Int32; ENT_ID:Int32; P_NO:Int32; R_ID:Int32; T_CURSOR:RefCursor","T_CURSOR:RefCursor:Output","FA_ID; ASSET_NAME; PHYSICAL_EXISTANCE; LOCATION_AS_PER_FAR; DIFFERENCE; REMARKS",""
"DBConnection.AR.cs","AddWorkingFixedAssets","public","3415","3453","pkg_ar.P_AddFixedAssetsDetails","ENT_ID:Int32; P_NO:Int32; R_ID:Int32; ENGID:Varchar2; ANAME:Varchar2; PHYEX:Varchar2; LFAR:Varchar2; DIFF:Varchar2; REM:Varchar2; T_CURSOR:RefCursor","T_CURSOR:RefCursor:Output","remarks",""
"DBConnection.AR.cs","GetWorkingPaperCashCounter","public","3455","3498","pkg_ar.P_GetCashCounterDetails","ENGID:Int32; ENT_ID:Int32; P_NO:Int32; R_ID:Int32; T_CURSOR:RefCursor","T_CURSOR:RefCursor:Output","ID; DENOMINATION_VAULT; NO_CURRENCY_NOTES_VAULT; TOTAL_AMOUNT_VAULT; DENOMINATION_SAFE_REGISTER; NO_CURRENCY_NOTES_SAFE_REGISTER; TOTAL_AMOUNT_SAFE_REGISTER; DIFFERENCE",""
"DBConnection.AR.cs","AddWorkingCashCounter","public","3500","3540","pkg_ar.P_AddCashCounterDetails","ENT_ID:Int32; P_NO:Int32; R_ID:Int32; ENGID:Varchar2; DVAL:Varchar2; CVAL:Varchar2; AVAL:Varchar2; DSR:Varchar2; ASR:Varchar2; DIFF:Varchar2; T_CURSOR:RefCursor","T_CURSOR:RefCursor:Output","remarks",""
"DBConnection.AR.cs","GetDraftDSAGuidelines","public","3542","3576","pkg_ar.P_get_dsa_guidline","T_CURSOR:RefCursor","T_CURSOR:RefCursor:Output","ID; PATRICULARS; STATUS",""
"DBConnection.AR.cs","DraftDSA","public","3578","3618","pkg_ar.P_draft_dsa","obs:Int32; content:Clob; RES_P_NO:Int32; P_NO:Int32; ENT_ID:Int32; T_CURSOR:RefCursor","T_CURSOR:RefCursor:Output","remarks; DSA_ID",""
"DBConnection.AR.cs","AddDraftDSAGuideline","public","3620","3647","pkg_ar.P_add_dsa_checkilist","d_id:Int32; check_list:Int32; P_NO:Int32","","",""
"DBConnection.AR.cs","GetResponsiblePersonsList","public","3649","3690","pkg_ar.P_Get_responsibility","Para_ID:Int32; IND:Varchar2; ENT_ID:Int32; P_NO:Int32; R_ID:Int32; T_CURSOR:RefCursor","T_CURSOR:RefCursor:Output","emp_name; remarks; r_ind",""
"DBConnection.AR.cs","AddInitialResponsibilityAssignment","private","3692","3733","pkg_ar.P_responibilityassigned","N_ID:Int32; E_ID:Int32; C_ID:Int32; IND:Varchar2; PPNO:Int32; RES_PP:Int32; LOANCASE:Int32; ACCNUMBER:Int32; LCAMOUNT:Int32; ACAMOUNT:Int32; T_CURSOR:RefCursor","T_CURSOR:RefCursor:Output","remarks",""
"DBConnection.AR.cs","UpdateResponsibilityAssignment","private","3735","3782","pkg_ar.P_Update_responsibility","IND:Varchar2; C_ID:Int32; N_PARA_ID:Int32; E_ID:Int32; PPNO:Int32; L_CASE:Int32; LC_AMOUNT:Int32; AC_AMOUNT:Int32; NO_ACCOUNT:Int32; Remarks:Varchar2; U_D_action:Varchar2; E_NAME:Varchar2; ENT_ID:Int32; P_NO:Int32; R_ID:Int32; T_CURSOR:RefCursor","T_CURSOR:RefCursor:Output","remarks",""
"DBConnection.AR.cs","SubmitDSAToAuditee","public","3784","3819","pkg_ar.P_draft_dsa","EID:Int32; OBSID:Int32; RESP_PPNO:Int32; RESP_ROW_ID:Int32; ENGAGEMENT_ID:Int32; P_NO:Int32; ENT_ID:Int32; R_ID:Int32; T_CURSOR:RefCursor","T_CURSOR:RefCursor:Output","remarks",""
"DBConnection.AR.cs","GetDraftDSAList","public","3821","3879","pkg_ar.P_get_dsa_list","P_NO:Int32; R_ID:Int32; ENT_ID:Int32; T_CURSOR:RefCursor","T_CURSOR:RefCursor:Output","ID; D_NO; A_PERIOD; REPO_OFFICE; entity_id; ENTITY_NAME; AZ_NAME; HEADING; ENG_ID; OBS_ID; ROW_RESP_ID; pp_no; EMP_NAME; LOANCASE; LCAMOUNT; ACCNUMBER; ACAMOUNT; TeamName; DSA_STATUS; STATUS_UP; STATUS_DOWN",""
"DBConnection.AR.cs","GetDraftDSAContent","public","3881","3920","pkg_ar.P_get_dsa_content","D_ID:Int32; T_CURSOR:RefCursor","T_CURSOR:RefCursor:Output","ID; D_NO; TEXT; HEADING",""
"DBConnection.AR.cs","SubmitDSAToHeadFAD","public","3922","3950","pkg_ar.P_submit_dsa_to_head_fad","D_ID:Int32; T_CURSOR:RefCursor","T_CURSOR:RefCursor:Output","remarks",""
"DBConnection.AR.cs","UpdateDSAHeading","public","3952","3984","pkg_ar.P_update_dsa_heading","d_ID:Int32; U_HEADING:Varchar2; P_NO:Int32; ENT_ID:Int32; R_ID:Int32; T_CURSOR:RefCursor","T_CURSOR:RefCursor:Output","remarks",""
"DBConnection.AR.cs","ReferredBackDSAByHeadFad","public","3986","4014","pkg_ar.P_reffered_back_dsa_by_head_fad","D_ID:Int32; T_CURSOR:RefCursor","T_CURSOR:RefCursor:Output","remarks",""
"DBConnection.AR.cs","SubmitDSAToDPD","public","4016","4044","pkg_ar.P_submit_dsa_by_head_fad_to_dpd","D_ID:Int32; T_CURSOR:RefCursor","T_CURSOR:RefCursor:Output","remarks",""
"DBConnection.AR.cs","ReferredBackDSAByDPD","public","4046","4074","pkg_ar.P_reffered_back_dsa_by_dpd","D_ID:Int32; T_CURSOR:RefCursor","T_CURSOR:RefCursor:Output","remarks",""
"DBConnection.AR.cs","AcknowledgeDSA","public","4076","4104","pkg_ar.P_submit_dsa_by_dpd_to_committee","D_ID:Int32; T_CURSOR:RefCursor","T_CURSOR:RefCursor:Output","remarks",""
"DBConnection.AR.cs","GetLoanCaseDetailsWithBRCode","public","4106","4162","pkg_ar.P_GET_LC_DETAILS","LC_NO:Int32; B_CODE:Int32; P_NO:Int32; ENT_ID:Int32; T_CURSOR:RefCursor","T_CURSOR:RefCursor:Output","NAME; CNIC; LOAN_CASE_NO; DISB_DATE; APP_DATE; CAD_RECEIVE_DATE; SANCTION_DATE; DISBURSED_AMOUNT; OUTSTANDING_AMOUNT; mco_ppno; mco_name; manager_ppno; manager_name; rgm_ppno; rgm_name; cad_reviewer; cad_name; cad_authorizer; cad_authorizer_name",""
"DBConnection.AR.cs","Get_Circulars","public","4164","4200","","p_text:Varchar2; io_cursor:RefCursor","io_cursor:RefCursor:Output","ID; DIVISION_ENT_ID; REFERENCE_TYPE_ID; REFERENCE_TYPE; INSTRUCTIONSDETAILS; KEYWORDS; REDIRECTEDPAGE; DIVISION; INSTRUCTIONSTITLE; INSTRUCTIONSDATE; DOCTYPE",""
"DBConnection.BAC.cs","GetBACAgenda","public","12","46","pkg_bac.P_BAC_AGENDA","Meeting:Int32; T_CURSOR:RefCursor","T_CURSOR:RefCursor:Output","id; meeting_no; memo_no; subject; remarks",""
"DBConnection.BAC.cs","GetBACAMeetingSummary","public","48","82","pkg_bac.P_Bac_get_actionable_sum","User_entityid:Int32; T_CURSOR:RefCursor","T_CURSOR:RefCursor:Output","id; meeting_no; memo_no; subject; remarks",""
"DBConnection.BAC.cs","GetBACAgendaActionablesConsolidatedSummary","public","84","115","pkg_bac.P_Bac_get_actionable_snap","T_CURSOR:RefCursor","T_CURSOR:RefCursor:Output","total; completed; un_completed",""
"DBConnection.BAC.cs","GetBACAgendaActionablesSummary","public","117","153","pkg_bac.P_Bac_get_actionable_sum","T_CURSOR:RefCursor","T_CURSOR:RefCursor:Output","total; meeting_number; completed; un_completed; RESPONSIBLE; RESPONSE; BAC_DIRECTIVES; CIA_REMARKS",""
"DBConnection.BAC.cs","GetBACAgendaActionables","public","155","197","pkg_bac.P_Bac_get_actionable","status:Varchar2; T_CURSOR:RefCursor","T_CURSOR:RefCursor:Output","id; meeting_number; item_heading; bac_direction; assign_to; time_line; open_time_line; due_date; rpt_frequency; entered_by; entered_on; delay; status",""
"DBConnection.BAC.cs","GetBACAgendaActionablesWithMeetingNo","public","199","242","pkg_bac.P_Bac_get_actionable_meetings_with_status","meeting:Varchar2; A_Status:Varchar2; T_CURSOR:RefCursor","T_CURSOR:RefCursor:Output","id; meeting_number; item_heading; bac_direction; assign_to; time_line; open_time_line; due_date; rpt_frequency; entered_by; entered_on; delay; status",""
"DBConnection.BAC.cs","GetBACCIAAnalysisOptions","public","244","278","pkg_bac.P_CIA_ANALYSIS","T_CURSOR:RefCursor","T_CURSOR:RefCursor:Output","id; heading; audit_comments; monitoring; automation",""
"DBConnection.BAC.cs","GetBACCIAAnalysis","public","280","318","pkg_bac.P_CIA_ANALYSIS_DETAILS","a_id:Varchar2; T_CURSOR:RefCursor","T_CURSOR:RefCursor:Output","id; total; indicator; annex; heading; old_total; new_total; audit_comments",""
"DBConnection.BAC.cs","GetAnalysisDetailPara","public","320","358","pkg_bac.P_CIA_ANALYSIS_DETAILS_PARA","a_id:Varchar2; r_id:Varchar2; ent_id:Varchar2; P_NO:Int32; T_CURSOR:RefCursor","T_CURSOR:RefCursor:Output","id; name; para_category; para_no; audit_period",""
"DBConnection.BAC.cs","GetAnalysisSummaryPara","public","360","397","pkg_bac.P_CIA_ANALYSIS_SUMMARY","a_id:Varchar2; r_id:Varchar2; ent_id:Varchar2; T_CURSOR:RefCursor","T_CURSOR:RefCursor:Output","p_name; name; para_no; audit_period",""
"DBConnection.CAD.cs","SafeReadString","private","15","45","","","","",""
"DBConnection.CAD.cs","SafeReadLong","private","47","51","","","","",""
"DBConnection.CAD.cs","SafeReadNullableLong","private","53","79","","","","",""
"DBConnection.CAD.cs","SafeReadInt","private","81","85","","","","",""
"DBConnection.CAD.cs","SafeReadNullableInt","private","87","113","","","","",""
"DBConnection.CAD.cs","ValidateSbpAccessPassword","public","115","163","PKG_HD.P_VALIDATE_SBP_PASSWORD","p_input_key:Varchar2","","",""
"DBConnection.CAD.cs","InsertSbpObservation","public","165","230","PKG_HD.P_INSERT_SBP_OBSERVATION","p_ref_no:Varchar2; p_function_name:Varchar2; p_para_no:Varchar2; p_sbp_obs_text:Clob; p_sbp_dir_text:Varchar2; p_compliance_qtr:Varchar2; p_observation_type:Int64; p_user:Varchar2","","",""
"DBConnection.CAD.cs","InsertSbpObservationResponse","public","232","262","PKG_HD.P_INSERT_SBP_RESPONSE","p_para_id:Int64; p_ref_no:Varchar2; p_bank_response:Clob; p_reply_date:Date; p_compliance_status:Varchar2; p_iad_validation:Varchar2; p_user:Varchar2","","",""
"DBConnection.CAD.cs","GetSbpObservationResponse","public","264","298","PKG_HD.P_GET_SBP_RESPONSE","p_response_id:Int64; io_cursor:RefCursor","io_cursor:RefCursor:Output","RESPONSE_ID; PARA_ID; BANK_RESPONSE; COMPLIANCE_STATUS; IAD_VALIDATION; ENTERED_BY; REPLY_DATE; ENTERED_ON",""
"DBConnection.CAD.cs","public","public","300","360","PKG_HD.P_UPDATE_SBP_RESPONSE","p_response_id:Int64; p_para_id:Int64; p_ref_no:Varchar2; p_bank_response:Clob; p_reply_date:Date; p_compliance_status:Varchar2; p_iad_validation:Varchar2; p_user:Varchar2; p_success:Varchar2; p_message:Varchar2","","",""
"DBConnection.CAD.cs","GetSbpObservationRegister","public","363","411","PKG_HD.P_GET_SBP_REGISTER","p_observation_type:Int64; io_cursor:RefCursor","io_cursor:RefCursor:Output","PARA_ID; REF_NO; FUNCTION_NAME; PARA_NO; SBP_OBSERVATION; SBP_DIRECTIONS; BANK_RESPONSE; RESPONSE_ID; LATEST_RESPONSE_ID; COMPLIANCE_STATUS; IAD_VALIDATION; COMPLIANCE_QUARTER; ENTERED_BY; OBSERVATION_TYPE_ID; OBSERVATION_TYPE_NAME; OBSERVATION_TYPE; REPLY_DATE; ENTERED_ON; CREATED_ON",""
"DBConnection.CAD.cs","GetSbpObservationTypes","public","413","452","PKG_HD.P_GET_SBP_OBS_TYPES","io_cursor:RefCursor","io_cursor:RefCursor:Output","OBSERVATION_TYPE_ID; OBSERVATION_TYPE_CODE; OBSERVATION_TYPE_NAME; OBSERVATION_TYPE; ACTIVE_FLAG; SORT_ORDER",""
"DBConnection.CAD.cs","public","public","453","524","PKG_HD.P_UPDATE_SBP_OBSERVATION","p_para_id:Int64; p_ref_no:Varchar2; p_function_name:Varchar2; p_para_no:Varchar2; p_sbp_observation:Clob; p_sbp_directions:Clob; p_compliance_quarter:Varchar2; p_observation_type:Int64; PPNumber:Int32","","","OPERATIONS."
"DBConnection.CAD.cs","GetSbpObservationHistory","public","525","573","PKG_HD.P_GET_SBP_HISTORY","p_para_id:Int64; io_cursor:RefCursor","io_cursor:RefCursor:Output","PARA_ID; REF_NO; FUNCTION_NAME; PARA_NO; SBP_OBSERVATION; SBP_DIRECTIONS; RESPONSE_ID; BANK_RESPONSE; COMPLIANCE_STATUS; IAD_VALIDATION; ENTERED_BY; REPLY_DATE; ENTERED_ON",""
"DBConnection.CAD.cs","public","public","575","636","pkg_hd.P_Update_Cad_Passwrod","R_ID:Int32; P_NO:Int32; pMd5Hex:Varchar2","","","FAILED."
"DBConnection.CAD.cs","public","public","637","676","PKG_HD.P_REQUEST_DELETE_OBSERVATION","p_para_id:Int64; p_reason:Clob; p_ppnumber:Int64","","",""
"DBConnection.CAD.cs","public","public","678","717","PKG_HD.P_REQUEST_DELETE_RESPONSE","p_response_id:Int64; p_reason:Clob; p_ppnumber:Int64","","",""
"DBConnection.CAD.cs","public","public","719","758","PKG_HD.P_REQUEST_REVERSE","p_request_id_to_reverse:Int64; p_reason:Clob; p_ppnumber:Int64","","",""
"DBConnection.CAD.cs","public","public","760","795","PKG_HD.P_APPROVE_REQUEST","p_request_id:Int64; p_approver_pp:Int64","","",""
"DBConnection.CAD.cs","public","public","797","832","PKG_HD.P_REJECT_REQUEST","p_request_id:Int64; p_approver_pp:Int64; p_reason:Varchar2","","",""
"DBConnection.CAD.cs","GetRequests","public","834","866","PKG_HD.P_GET_REQUESTS","p_status:Varchar2","","",""
"DBConnection.CAD.cs","GetRequestHistory","public","868","899","PKG_HD.P_GET_REQUEST_HISTORY","p_request_id:Int64","","",""
"DBConnection.CAU.cs","SafeReadNullableDate","private","13","39","","","","",""
"DBConnection.CAU.cs","AddNullableIntParameter","private","41","44","","","","",""
"DBConnection.CAU.cs","AddNullableDateParameter","private","46","49","","","","",""
"DBConnection.CAU.cs","NormalizeActiveFlag","private","51","54","","","","",""
"DBConnection.CAU.cs","BuildCommercialAuditActionResult","private","56","82","","","","P_STATUS; P_MESSAGE",""
"DBConnection.CAU.cs","ReadOutputNullableInt","private","84","104","","","","",""
"DBConnection.CAU.cs","InvalidCommercialAuditSessionResult","private","106","113","","","","",""
"DBConnection.CAU.cs","SaveCommercialAuditOm","public","115","153","PKG_COMMERCIAL_AUDIT.P_SAVE_OM","P_OM_NO:Varchar2; P_GIST_OF_OM:Varchar2; P_BODY_OF_OM:Clob; P_MANAGEMENT_RESPONSE:Clob; P_IS_ACTIVE:Varchar2; P_USER_PPNO:Int32; P_USER_ROLE_ID:Int32; P_USER_ENTITY_ID:Int32; P_STATUS:Varchar2; P_MESSAGE:Varchar2; P_ID:Int32","P_STATUS:Varchar2:Output; P_MESSAGE:Varchar2:Output; P_ID:Int32:Output","",""
"DBConnection.CAU.cs","GetCommercialAuditOms","public","155","189","PKG_COMMERCIAL_AUDIT.P_GET_OMS","IO_CURSOR:RefCursor","IO_CURSOR:RefCursor:Output","OM_ID; AUDIT_YEAR_ID; AUDIT_YEAR_TEXT; OM_NO; GIST_OF_OM; BODY_OF_OM; MANAGEMENT_RESPONSE; IS_ACTIVE",""
"DBConnection.CAU.cs","SaveCommercialAuditPdp","public","191","231","PKG_COMMERCIAL_AUDIT.P_SAVE_PDP","P_PDP_NO:Varchar2; P_GIST_OF_PDP:Varchar2; P_BODY_OF_PDP:Clob; P_MANAGEMENT_RESPONSE:Clob; P_DAC_RECOMMENDATIONS:Clob; P_UPDATED_STATUS:Varchar2; P_IS_ACTIVE:Varchar2; P_USER_PPNO:Int32; P_USER_ROLE_ID:Int32; P_USER_ENTITY_ID:Int32; P_STATUS:Varchar2; P_MESSAGE:Varchar2; P_ID:Int32","P_STATUS:Varchar2:Output; P_MESSAGE:Varchar2:Output; P_ID:Int32:Output","",""
"DBConnection.CAU.cs","GetCommercialAuditPdps","public","233","271","PKG_COMMERCIAL_AUDIT.P_GET_PDPS","IO_CURSOR:RefCursor","IO_CURSOR:RefCursor:Output","PDP_ID; AUDIT_YEAR_ID; AUDIT_YEAR_TEXT; PDP_NO; GIST_OF_PDP; BODY_OF_PDP; MANAGEMENT_RESPONSE; DAC_RECOMMENDATIONS; UPDATED_STATUS; LINKED_OM_COUNT; LINKED_OM_NUMBERS; IS_ACTIVE",""
"DBConnection.CAU.cs","SaveCommercialAuditPdpMappings","public","273","311","PKG_COMMERCIAL_AUDIT.P_SAVE_PDP_OM_MAP","P_OM_IDS_CSV:Clob; P_IS_ACTIVE:Varchar2; P_USER_PPNO:Int32; P_USER_ROLE_ID:Int32; P_USER_ENTITY_ID:Int32; P_STATUS:Varchar2; P_MESSAGE:Varchar2; P_ID:Int32","P_STATUS:Varchar2:Output; P_MESSAGE:Varchar2:Output; P_ID:Int32:Output","",""
"DBConnection.CAU.cs","GetCommercialAuditPdpMappings","public","313","346","PKG_COMMERCIAL_AUDIT.P_GET_PDP_OM_MAP","P_PDP_ID:Int32; IO_CURSOR:RefCursor","IO_CURSOR:RefCursor:Output","MAPPING_ID; PDP_ID; OM_ID; OM_NO; GIST_OF_OM; IS_ACTIVE",""
"DBConnection.CAU.cs","SaveCommercialAuditArpseHeader","public","348","385","PKG_COMMERCIAL_AUDIT.P_SAVE_ARPSE","P_PARA_NO:Varchar2; P_GIST_OF_PARA:Varchar2; P_MANAGEMENT_RESPONSE:Clob; P_IS_ACTIVE:Varchar2; P_USER_PPNO:Int32; P_USER_ROLE_ID:Int32; P_USER_ENTITY_ID:Int32; P_STATUS:Varchar2; P_MESSAGE:Varchar2; P_ID:Int32","P_STATUS:Varchar2:Output; P_MESSAGE:Varchar2:Output; P_ID:Int32:Output","",""
"DBConnection.CAU.cs","GetCommercialAuditArpseHeaders","public","387","420","PKG_COMMERCIAL_AUDIT.P_GET_ARPSE_HEADERS","IO_CURSOR:RefCursor","IO_CURSOR:RefCursor:Output","ARPSE_ID; ARPSE_YEAR_ID; ARPSE_YEAR_TEXT; PARA_NO; GIST_OF_PARA; MANAGEMENT_RESPONSE; IS_ACTIVE",""
"DBConnection.CAU.cs","SaveCommercialAuditArpseDacEntry","public","422","459","PKG_COMMERCIAL_AUDIT.P_SAVE_ARPSE_DAC","P_DAC_RECOMMENDATION:Clob; P_UPDATED_STATUS:Varchar2; P_IS_ACTIVE:Varchar2; P_USER_PPNO:Int32; P_USER_ROLE_ID:Int32; P_USER_ENTITY_ID:Int32; P_STATUS:Varchar2; P_MESSAGE:Varchar2; P_ID:Int32","P_STATUS:Varchar2:Output; P_MESSAGE:Varchar2:Output; P_ID:Int32:Output","",""
"DBConnection.CAU.cs","GetCommercialAuditArpseDacEntries","public","461","494","PKG_COMMERCIAL_AUDIT.P_GET_ARPSE_DAC_ENTRIES","P_ARPSE_ID:Int32; IO_CURSOR:RefCursor","IO_CURSOR:RefCursor:Output","DAC_ENTRY_ID; ARPSE_ID; DAC_RECOMMENDATION; DAC_DATE; UPDATED_STATUS; IS_ACTIVE",""
"DBConnection.CAU.cs","SaveCommercialAuditArpsePacEntry","public","496","533","PKG_COMMERCIAL_AUDIT.P_SAVE_ARPSE_PAC","P_PAC_DIRECTIVE:Clob; P_UPDATED_STATUS:Varchar2; P_IS_ACTIVE:Varchar2; P_USER_PPNO:Int32; P_USER_ROLE_ID:Int32; P_USER_ENTITY_ID:Int32; P_STATUS:Varchar2; P_MESSAGE:Varchar2; P_ID:Int32","P_STATUS:Varchar2:Output; P_MESSAGE:Varchar2:Output; P_ID:Int32:Output","",""
"DBConnection.CAU.cs","GetCommercialAuditArpsePacEntries","public","535","568","PKG_COMMERCIAL_AUDIT.P_GET_ARPSE_PAC_ENTRIES","P_ARPSE_ID:Int32; IO_CURSOR:RefCursor","IO_CURSOR:RefCursor:Output","PAC_ENTRY_ID; ARPSE_ID; PAC_DIRECTIVE; PAC_DATE; UPDATED_STATUS; IS_ACTIVE",""
"DBConnection.cs","ResolveCauKey","private","81","90","","","","",""
"DBConnection.cs","CreateFromHttpContext","public","92","107","","","","",""
"DBConnection.cs","CreateSessionHandler","protected","109","112","","","","",""
"DBConnection.cs","CreateChildDbConnection","protected","114","126","","","","",""
"DBConnection.cs","ReadFirstAvailableString","private","128","172","","","","",""
"DBConnection.cs","DatabaseConnection","private","174","201","","","","",""
"DBConnection.cs","TryValidateLoginConnection","public","203","220","","","","",""
"DBConnection.cs","GuardAgainstDynamicSql","protected","223","234","","","","",""
"DBConnection.cs","DecryptPassword","private","236","240","","","","",""
"DBConnection.cs","HashPassword","private","242","250","","","","",""
"DBConnection.cs","HashEncryptedPassword","private","252","256","","","","",""
"DBConnection.cs","CreateSession","public","258","268","","","","",""
"DBConnection.cs","KillSessions","public","270","277","","","","",""
"DBConnection.cs","IsSessionValid","public","279","287","","","","",""
"DBConnection.cs","InvalidateSession","public","289","301","","","","",""
"DBConnection.cs","ResetLoginAttemptsForPpNumber","private","303","311","","","","",""
"DBConnection.cs","GetRemoteIpAddress","private","313","316","","","","",""
"DBConnection.cs","DisposeLoginSession","public","317","347","pkg_lg.Session_END","PPNumber:Int32; SessionId:Varchar2; ENT_ID:Int32; R_ID:Int32","","",""
"DBConnection.cs","IsLoginSessionExist","public","348","389","pkg_lg.p_get_user_session","PPNumber:Int32; T_CURSOR:RefCursor","T_CURSOR:RefCursor:Output","ID",""
"DBConnection.cs","KillExistSession","public","390","442","pkg_lg.p_get_user; pkg_lg.Session_Kill","PPNumber:Int32; enc_pass:Varchar2; T_CURSOR:RefCursor","T_CURSOR:RefCursor:Output","",""
"DBConnection.cs","TerminateIdleSession","public","443","474","pkg_lg.Session_Kill","PPNumber:Int32","","",""
"DBConnection.cs","Logout","public","475","479","","","","",""
"DBConnection.cs","AutheticateLogin","public","483","622","pkg_lg.User_SESSION","PPNumber:Int32; enc_pass:Varchar2; T_CURSOR:RefCursor; UserRoleID:Int32; LocalIpAddress:Varchar2; SessionId:Varchar2; UserLocationType:Varchar2; MACAddress:Varchar2; FirstMACCardAddress:Varchar2; UserPostingDiv:Int32; UserGroupID:Varchar2; UserPostingDept:Int32; UserPostingZone:Int32; UserPostingBranch:Int32; UserPostingAuditZone:Int32; ENT_ID:Int32","T_CURSOR:RefCursor:Output","password_change_req; USERID; Employeefirstname; employeelastname; LOGIN_NAME; ENT_NAME; GROUP_NAME; PPNO; ENTITY_ID; USER_LOCATION_TYPE; ISACTIVE; DIVISIONID; DEPARTMENTID; ZONEID; BRANCHID; AUDIT_ZONEID; GROUP_ID; ROLE_ID; ID",""
"DBConnection.cs","RequiresPasswordChange","private","624","633","","","","",""
"DBConnection.cs","CreateLoginSession","public","635","671","pkg_lg.User_SESSION","PPNumber:Int32; UserRoleID:Int32; LocalIpAddress:Varchar2; SessionId:Varchar2; UserLocationType:Varchar2; MACAddress:Varchar2; FirstMACCardAddress:Varchar2; UserPostingDiv:Int32; UserGroupID:Varchar2; UserPostingDept:Int32; UserPostingZone:Int32; UserPostingBranch:Int32; UserPostingAuditZone:Int32; ENT_ID:Int32","","",""
"DBConnection.cs","GetUploadedAuditReportsFromDirectory","public","672","720","","","","",""
"DBConnection.cs","GetAttachedFilesFromDirectory","public","721","769","","","","",""
"DBConnection.cs","GetAttachedAuditeeEvidencesFromDirectory","public","770","818","","","","",""
"DBConnection.cs","GetAttachedCAUEvidencesFromDirectory","public","819","867","","","","",""
"DBConnection.cs","DeleteAuditReportSubFolderDirectoryFromServer","public","868","892","","","","",""
"DBConnection.cs","DeleteSubFolderDirectoryFromServer","public","893","917","","","","",""
"DBConnection.cs","DeleteSubFolderDirectoryInAuditeeEvidenceFromServer","public","919","943","","","","",""
"DBConnection.cs","DeleteSubFolderDirectoryInCAUEvidenceFromServer","public","944","968","","","","",""
"DBConnection.cs","GetMimeType","private","970","980","","","","",""
"DBConnection.cs","GetTopMenus","public","984","1023","pkg_lg.p_GetTopMenus","UserRoleID:Int32; P_NO:Int32; ENT_ID:Int32; R_ID:Int32; T_CURSOR:RefCursor","T_CURSOR:RefCursor:Output","MENU_ID; MENU_NAME; MENU_ORDER; MENU_DESCRIPTION",""
"DBConnection.cs","GetTopMenuPages","public","1024","1036","","","","",""
"DBConnection.cs","GetTopMenuPages","public","1038","1083","pkg_lg.p_GetTopMenuPages","UserGroupID:Int32; P_NO:Int32; ENT_ID:Int32; R_ID:Int32; T_CURSOR:RefCursor","T_CURSOR:RefCursor:Output","ID; MENU_ID; PAGE_ID; PAGE_NAME; PAGE_PATH; PAGE_ORDER; STATUS; Sub_Menu; Sub_Menu_Id; Sub_Menu_Name; PAGE_KEY; HIDE_MENU",""
"DBConnection.cs","AppendFrptPdfEngagementMenu","private","1085","1130","","","","",""
"DBConnection.cs","GetApiPermissions","public","1132","1172","pkg_lg.p_GetApiPermissions","P_NO:Int32; ENT_ID:Int32; R_ID:Int32; T_CURSOR:RefCursor","T_CURSOR:RefCursor:Output","API_PATH; HTTP_METHOD",""
"DBConnection.cs","GetInsYearsForCAU","public","1176","1198","pkg_cm.p_CAU_OM_YEAR","T_CURSOR:RefCursor","T_CURSOR:RefCursor:Output","auditperiodid; period",""
"DBConnection.cs","GetParaPrintingYearsForCAU","public","1199","1221","pkg_cm.p_CAU_ARPSE_YEAR","T_CURSOR:RefCursor","T_CURSOR:RefCursor:Output","auditperiodid; period",""
"DBConnection.cs","UpdateAuditPeriod","public","1222","1243","pkg_pg.P_Update_AuditPeriod","P_ID:Int32; S_ID:Int32; T_CURSOR:RefCursor","T_CURSOR:RefCursor:Output","REMARKS",""
"DBConnection.cs","AddAuditPeriod","public","1244","1276","pkg_pg.P_AddAuditPeriod","DESCRIPTION:Varchar2; STARTDATE:Date; ENDDATE:Date; T_CURSOR:RefCursor","T_CURSOR:RefCursor:Output","REMARKS",""
"DBConnection.cs","GetAuditTeams","public","1277","1321","pkg_pg.P_GetAuditTeams","dept_code:Int32; UserEntityID:Int32; P_NO:Int32; R_ID:Int32; T_CURSOR:RefCursor","T_CURSOR:RefCursor:Output","ID; T_ID; T_CODE; TEAM_NAME; PLACE_OF_POSTING; MEMBER_PPNO; ISTEAMLEAD; AUDIT_DEPARTMENT; MEMBER_NAME; STATUS",""
"DBConnection.cs","AddAuditTeam","public","1322","1362","pkg_pg.P_addauditteam","teamname:Varchar2; TEAMMEMBER_ID:Int32; MAX_T_ID:Int32; EMPLOYEENAME:Varchar2; IS_TEAMLEAD:Varchar2; STATUS:Varchar2; ENT_ID:Varchar2; P_NO:Int32; R_ID:Int32; T_CURSOR:RefCursor","T_CURSOR:RefCursor:Output","remarks",""
"DBConnection.cs","DeleteAuditTeam","public","1363","1397","pkg_pg.P_DeleteAuditTeam","TID:Int32; ENT_ID:Int32; P_NO:Int32; R_ID:Int32","","",""
"DBConnection.cs","GetLatestTeamID","public","1398","1432","pkg_pg.P_MAXTEAMID","P_NO:Int32; ENT_ID:Int32; R_ID:Int32; T_CURSOR:RefCursor","T_CURSOR:RefCursor:Output","MAX_T_ID",""
"DBConnection.cs","AddAuditCriteria","public","1433","1499","pkg_pg.P_ADDAUDITCRITERIA","ENTITYTYPEID:Int32; SIZEID:Int32; RISKID:Int32; FREQUENCYID:Int32; NOOFDAYS:Int32; visit:Varchar2; APPROVALSTATUS:Int32; AUDITPERIODID:Int32; ENTITYID:Int32; REMARKS:Varchar2; P_NO:Int32; ENT_ID:Int32; R_ID:Int32; io_cursor:RefCursor","io_cursor:RefCursor:Output","",""
"DBConnection.cs","UpdateAuditCriteria","public","1500","1533","pkg_pg.P_UpdateAuditCriteria","CID:Int32; ENTITYTYPEID:Int32; SIZEID:Int32; RISKID:Int32; FREQUENCYID:Int32; NOOFDAYS:Int32; VISITS:Varchar2; AUDITPERIOD_ID:Int32; REMARKS:Varchar2; ENT_ID:Int32; P_NO:Int32; R_ID:Int32","","",""
"DBConnection.cs","SetAuditCriteriaStatusReferredBack","public","1534","1562","pkg_pg.P_SetAuditCriteriaStatusReferredBack","CID:Int32; REMARKS:Varchar2; ENT_ID:Int32; P_NO:Int32; R_ID:Int32","","",""
"DBConnection.cs","SetAuditCriteriaStatusApprove","public","1563","1603","pkg_pg.P_SetAuditCriteriaStatusApprove","CAID:Int32; REMARKS:Varchar2; ENT_ID:Int32; P_NO:Int32; R_ID:Int32; T_CURSOR:RefCursor","T_CURSOR:RefCursor:Output","remark",""
"DBConnection.cs","GetPendingAuditCriterias","public","1605","1657","pkg_pg.P_GetPendingAuditCriterias","ENT_ID:Int32; P_NO:Int32; R_ID:Int32; T_CURSOR:RefCursor","T_CURSOR:RefCursor:Output","ID; ENTITY_TYPEID; ENTITY_ID; SIZE_ID; RISK_ID; FREQUENCY_ID; NO_OF_DAYS; APPROVAL_STATUS; AUDITPERIODID; PERIOD; ENTITY; NAME; FREQUENCY; BRSIZE; RISK; VISIT; REMARKS; no_of_entity",""
"DBConnection.cs","GetRefferedBackAuditCriterias","public","1658","1709","pkg_pg.P_GetRefferedBackAuditCriterias","ENT_ID:Int32; P_NO:Int32; R_ID:Int32; T_CURSOR:RefCursor","T_CURSOR:RefCursor:Output","ID; ENTITY_TYPEID; SIZE_ID; ENTITY_ID; RISK_ID; FREQUENCY_ID; NO_OF_DAYS; APPROVAL_STATUS; AUDITPERIODID; PERIOD; ENTITY; FREQUENCY; BRSIZE; RISK; NAME; VISIT; REMARKS",""
"DBConnection.cs","GetPostChangesAuditCriterias","public","1711","1763","pkg_pg.P_GetPostChangesAuditCriterias","ENT_ID:Int32; P_NO:Int32; R_ID:Int32; T_CURSOR:RefCursor","T_CURSOR:RefCursor:Output","ID; ENTITY_TYPEID; SIZE_ID; ENTITY_ID; RISK_ID; FREQUENCY_ID; NO_OF_DAYS; APPROVAL_STATUS; AUDITPERIODID; PERIOD; ENTITY; FREQUENCY; BRSIZE; RISK; VISIT; NAME; REMARKS",""
"DBConnection.cs","GetAuditeeEntitiesForOutstandingParas","public","1764","1770","","","","",""
"DBConnection.cs","GeneratePlanForAuditCriteria","public","1771","1804","pkg_pg.Tentative_Audit_Plan","CRITERIA_ID:Int32; ENT_ID:Int32; P_NO:Int32; R_ID:Int32; T_CURSOR:RefCursor","T_CURSOR:RefCursor:Output","REMARKS",""
"DBConnection.cs","GetAuditEntities","public","1808","1848","pkg_pg.P_GetAuditEntities","ENTITYID:Int32; T_CURSOR:RefCursor","T_CURSOR:RefCursor:Output","AUTID; ENTITYCODE; ENTITYTYPEDESC; AUDITABLE; d_risk",""
"DBConnection.cs","GetAuditeeEntitiesForOldParas","public","1849","1890","pkg_ais.P_GetAuditeeEntitiesForOldParas","ENTITY_ID:Int32; UserEntityID:Int32; T_CURSOR:RefCursor","T_CURSOR:RefCursor:Output","ENTITY_ID; entity_code; entity_name",""
"DBConnection.cs","GetEntitiesByParentEntityTypeId","public","1891","1929","pkg_pg.P_GetAuditeeEntities","ENTITYID:Int32; TYPEID:Int32; T_CURSOR:RefCursor","T_CURSOR:RefCursor:Output","ENTITY_ID; name",""
"DBConnection.cs","GeneratePassword","public","1931","1958","","","","",""
"DBConnection.cs","ChangePassword","public","1959","2013","pkg_lg.p_get_user; pkg_lg.P_ChangePassword","PPNumber:Int32; enc_pass:Varchar2; T_CURSOR:RefCursor; PP_NO:Int32; ENT_ID:Int32; P_NO:Int32; R_ID:Int32","T_CURSOR:RefCursor:Output","USERID",""
"DBConnection.cs","ChangePasswordForUser","public","2015","2040","pkg_lg.P_ChangePassword","PP_NO:Int32; enc_pass:Varchar2; ENT_ID:Int32; P_NO:Int32; R_ID:Int32","","",""
"DBConnection.cs","Shuffle","private","2042","2049","","","","",""
"DBConnection.cs","AddBranch","public","2051","2054","","","","",""
"DBConnection.cs","UpdateBranch","public","2055","2058","","","","",""
"DBConnection.cs","AddControlViolation","public","2060","2063","","","","",""
"DBConnection.cs","GetDivisions","public","2064","2094","pkg_ais.P_GetDepartments","E_id:Int32; T_CURSOR:RefCursor","T_CURSOR:RefCursor:Output","ENTITY_ID; NAME; CODE; DESCRIPTION; ACTIVE",""
"DBConnection.cs","GetAuditObservationTemplates","public","2095","2099","","","","",""
"DBConnection.cs","GetAuditEmployees","public","2100","2131","pkg_pg.P_GetAuditEmployees","dept_code:Int32; T_CURSOR:RefCursor","T_CURSOR:RefCursor:Output","PPNO; DEPARTMENTCODE; RANKCODE; DESIGNATIONCODE; DEPTARMENT; EMPLOYEEFIRSTNAME; EMPLOYEELASTNAME; CURRENT_RANK; FUN_DESIGNATION; TYPE",""
"DBConnection.cs","GetTentativePlansForFields","public","2132","2183","","ENT_ID:Int32; P_NO:Int32; R_ID:Int32; T_CURSOR:RefCursor","T_CURSOR:RefCursor:Output","PLAN_ID; CRITERIA_ID; AUDITPERIODID; AUDITEDBY; AUDITEE_SIZE; AUDITEE_RISK; NATURE_OF_AUDIT; NO_OF_DAYS; ENTITY_ID; ENTITY_CODE; ENTITY_TYPE_ID; AUDITEE_NAME; FREQUENCY_DISCRIPTION; PERIOD_NAME; REPORTING_OFFICE; ent_type",""
"DBConnection.cs","GetAuditOperationalStartDate","public","2184","2206","pkg_pg.P_GetAuditOperationalStartDate","entityCode:Int32; auditPeriodId:Int32; T_CURSOR:RefCursor","T_CURSOR:RefCursor:Output","YEAR; MONTH; DAY",""
"DBConnection.cs","GetAuditEngagementPlans","public","2207","2246","pkg_pg.P_GetAuditEngagementPlans","ENT_ID:Int32; P_NO:Int32; R_ID:Int32; T_CURSOR:RefCursor","T_CURSOR:RefCursor:Output","eng_id; team_name; name; audit_startdate; audit_enddate; op_startdate; op_enddate; entity_id",""
"DBConnection.cs","AddAuditEngagementPlan","public","2247","2318","pkg_pg.P_AddAuditEngagementPlan; pkg_pg.P_AddAuditteamtasklist","PERIODID:Int32; ENTITYID:Int32; AUDIT_STARTDATE:Date; CREATEDBY:Int32; AUDIT_ENDDATE:Date; STATUS:Varchar2; TEAMID:Int32; TEAM_NAME:Varchar2; PLANID:Int32; OP_STARTDATE:Date; OP_ENDDATE:Date; TRAVELDAY:Int32; RRDAY:Int32; D_Day:Int32; ENT_ID:Int32; P_NO:Int32; R_ID:Int32; T_CURSOR:RefCursor","T_CURSOR:RefCursor:Output","REMARKS; REF",""
"DBConnection.cs","RefferedBackAuditEngagementPlan","public","2319","2345","pkg_pg.P_RefferedBackAuditEngagementPlan","ENGID:Int32; REMARKS:Varchar2; ENT_ID:Int32; P_NO:Int32; R_ID:Int32","","",""
"DBConnection.cs","RerecommendAuditEngagementPlan","public","2346","2385","pkg_pg.P_RerecommendAuditEngagementPlan","ENGID:Int32; ENTITYID:Int32; STARTDATE:Date; ENDDATE:Date; TEAMID:Int32; PLANID:Int32; OP_STARTDATE:Date; OP_ENDDATE:Date; REMARKS:Varchar2; ENT_ID:Int32; P_NO:Int32; R_ID:Int32; T_CURSOR:RefCursor","T_CURSOR:RefCursor:Output","REMARK",""
"DBConnection.cs","ApproveAuditEngagementPlan","public","2386","2412","pkg_pg.P_ApproveAuditEngagementPlan","ENGID:Int32; ENT_ID:Int32; P_NO:Int32; R_ID:Int32","","",""
"DBConnection.cs","GetAuditPlan","public","2413","2467","","AUDITED_BY:Int32; T_CURSOR:RefCursor","T_CURSOR:RefCursor:Output","PLAN_ID; AUDITPERIOD_ID; NO_OF_DAYS_AUDIT; AUDITZONE_ID; BRANCH_ID; DIVISION_ID; DEPARTMENT_ID; PLAN_STATUS_ID; BRANCH_SIZE_ID; RISK_LEVEL_ID; SUB_ENTITY_ID; DEPARTMENT_NAME; BRANCH_NAME; DIVISION_NAME; AUDITZONE_NAME",""
"DBConnection.cs","GetRiskProcessDefinition","public","2468","2491","pkg_lg.P_GetRiskProcessDefinition","T_CURSOR:RefCursor","T_CURSOR:RefCursor:Output","T_ID; ENTITY_TYPE; HEADING",""
"DBConnection.cs","GetAuditFrequencies","public","2492","2515","pkg_pg.p_GetAuditFrequencies","T_CURSOR:RefCursor","T_CURSOR:RefCursor:Output","ID; FREQUENCY_ID; FREQUENCY_DISCRIPTION; STATUS",""
"DBConnection.cs","GetGlheadDetails","public","2516","2564","pkg_ai.p_getglheadsummary","ENG_ID:Int32; PPNumber:Int32; T_CURSOR:RefCursor","T_CURSOR:RefCursor:Output","BRANCHID; GL_TYPEID; DESCRIPTION; GLSUBCODE; GLSUBNAME; DATETIME; BALANCE; DEBIT; CREDIT",""
"DBConnection.cs","GetGlheadSubDetails","public","2565","2607","pkg_ai.p_getglheadsum","PPNumber:Int32; gltypeid:Int32; T_CURSOR:RefCursor","T_CURSOR:RefCursor:Output","GLSUBCODE; BRANCHID; GLSUBNAME; DESCRIPTION; DATETIME; BALANCE; DEBIT; CREDIT",""
"DBConnection.cs","GetLoanCaseDetails","public","2608","2654","pkg_ai.P_GetLoanCaseDetails","ENG_ID:Int32; PPNumber:Int32; loantype:Varchar2; T_CURSOR:RefCursor","T_CURSOR:RefCursor:Output","BRANCHID; CNIC; LOAN_CASE_NO; CUSTOMERNAME; FATHERNAME; DISBURSED_AMOUNT; PRIN; MARKUP; GLSUBCODE; LOAN_DISB_ID; DISB_DATE; DISB_STATUSID",""
"DBConnection.cs","GetLoanCaseDocuments","public","2655","2699","pkg_ais.P_GetLoanCaseDocuments","ENG_ID:Int32; PPNumber:Int32; T_CURSOR:RefCursor","T_CURSOR:RefCursor:Output","TEAM_MEM_PPNO; BRANCHCODE; LOAN_APP_ID; CNIC; LOAN_CASE_NO; GLSUBCODE; CUSTOMERNAME; LOAN_DISB_ID; DOCUMENTS; IMAGES",""
"DBConnection.cs","GetIncomeExpenceDetails","public","2700","2747","pkg_ai.P_GetIncomeExpenceDetails","ENG_ID:Int32; PPNumber:Int32; T_CURSOR:RefCursor","T_CURSOR:RefCursor:Output","TEAM_MEM_PPNO; NAME; GLSUBNAME; GLSUBCODE; DESCRIPTION; DAY_END_BALANCE_DATE; BALANCE; DEBIT; CREDIT",""
"DBConnection.cs","GetDepositAccountdetails","public","2748","2782","pkg_ais.P_GetDepositAccountdetails","PPNumber:Int32; T_CURSOR:RefCursor","T_CURSOR:RefCursor:Output","NAME",""
"DBConnection.cs","GetDepositAccountSubdetails","public","2783","2845","pkg_ai.P_GetDepositAccountSubdetails","PPNumber:Int32; T_CURSOR:RefCursor","T_CURSOR:RefCursor:Output","BRANCH_NAME; ACC_NUMBER; ACCOUNTCATEGORY; CUSTOMERNAME; BMVS_VERIFIED; OPENINGDATE; CNIC; TITLE; ACCOCUNTSTATUS; LASTTRANSACTIONDATE; CNICEXPIRYDATE",""
"DBConnection.cs","GetBranchDesbursementAccountdetails","public","2846","2889","pkg_ai.P_GetBranchDesbursementAccountdetails","PPNumber:Int32; T_CURSOR:RefCursor","T_CURSOR:RefCursor:Output","BRANCHID; CNIC; LOAN_CASE_NO; CUSTOMERNAME; FATHERNAME; DISBURSED_AMOUNT; PRIN; MARKUP; GLSUBCODE; LOAN_DISB_ID; DISB_DATE; DISB_STATUSID",""
"DBConnection.cs","GetLoggedInUserEngId","public","2890","2921","pkg_lg.P_GetLoggedInUserEngId","PPNumber:Int32; T_CURSOR:RefCursor","T_CURSOR:RefCursor:Output","eng_plan_id",""
"DBConnection.cs","GetRiskDescByID","public","2922","2942","pkg_ais.P_GetRiskDescByID","risk_id:Int32; T_CURSOR:RefCursor","T_CURSOR:RefCursor:Output","DESCRIPTION",""
"DBConnection.cs","GetLatestCommentsOnEngagement","public","2943","2963","pkg_pg.P_GetLatestCommentsOnEngagement","ENGID:Int32; T_CURSOR:RefCursor","T_CURSOR:RefCursor:Output","remarks",""
"DBConnection.cs","GetExpectedCountOfAuditEntitiesOnCriteria","public","2965","2989","pkg_pg.P_get_Criteria_ent_count","CID:Int32; T_CURSOR:RefCursor","T_CURSOR:RefCursor:Output","NO_OF_ENTITY",""
"DBConnection.cs","DeletePendingCriteria","public","2990","3015","pkg_pg.P_DeletePendingCriteria","ENT_ID:Int32; P_NO:Int32; R_ID:Int32; CID:Int32","","",""
"DBConnection.cs","SubmitAuditCriteriaForApproval","public","3016","3099","pkg_pg.P_SubmitAuditCriteriaForApproval; pkg_ais_email.P_ADDAUDITCRITERIA","ENT_ID:Int32; P_NO:Int32; R_ID:Int32; CID:Int32; ENTITYID:Int32; T_CURSOR:RefCursor","T_CURSOR:RefCursor:Output","email_to; email_cc; subject; email_body",""
"DBConnection.cs","GetCOSORiskForDepartment","public","3100","3145","pkg_ais.P_GetCOSORiskForDepartment","PERIOD_ID:Int32; UserEntityID:Int32; T_CURSOR:RefCursor","T_CURSOR:RefCursor:Output","AUDIT_PERIOD; DEPT_NAME; RATING_FACTORS; WEIGHT_ASSIGNED; SUB_FACTORS; MAX_SCORE; FINAL_SCORE; NO_OF_OBSERVATIONS; WEIGHTED_AVERAGE_SCORE; AUDIT_RATING; FINAL_AUDIT_RATING; STATUS",""
"DBConnection.cs","GetCOSORiskForBranches","public","3146","3191","pkg_ais.P_GetCOSORiskForDepartment","PERIOD_ID:Int32; UserEntityID:Int32; T_CURSOR:RefCursor","T_CURSOR:RefCursor:Output","AUDIT_PERIOD; DEPT_NAME; RATING_FACTORS; WEIGHT_ASSIGNED; SUB_FACTORS; MAX_SCORE; FINAL_SCORE; NO_OF_OBSERVATIONS; WEIGHTED_AVERAGE_SCORE; AUDIT_RATING; FINAL_AUDIT_RATING; STATUS",""
"DBConnection.cs","CAUOMAssignment","public","3192","3259","PKG_CM.P_CAU_OM; PKG_CM.P_CAU_OM_REPLY","OM_NO:Varchar2; ENCODED_MSG:Clob; DIV_ID:Int32; key_id:Varchar2; ppno:Int32; insp_year:Int32; T_CURSOR:RefCursor; OM_ID:Int32; EVIDANCE:Clob","T_CURSOR:RefCursor:Output","OM_ID; REF_OUT",""
"DBConnection.cs","CAUOMAssignmentAIR","public","3260","3328","PKG_CM.P_CAU_AIR; PKG_CM.P_CAU_AIR_REPLY","OM_ID:Int32; PARA_NO:Varchar2; ENCODED_MSG:Clob; STAGE:Int32; STATUS:Int32; key_id:Varchar2; ppno:Int32; T_CURSOR:RefCursor; AIRID:Int32; PARA_ID:Varchar2; EVIDANCE:Clob; DIV_ID:Int32","T_CURSOR:RefCursor:Output","AIRID; REF_OUT",""
"DBConnection.cs","CAUOMAssignmentPDP","public","3329","3369","PKG_CM.T_CAU_PDP","DAC_DATES:Date; Para_id:Varchar2; DAC_Recommendation:Clob; Report_frequency:Varchar2; ppno:Int32; T_CURSOR:RefCursor","T_CURSOR:RefCursor:Output","REF_OUT",""
"DBConnection.cs","CAUOMAssignmentARPSE","public","3370","3410","PKG_CM.T_CAU_ARPSE","PAC_DATES:Date; Para_id:Varchar2; PAC_DIRECTIVE:Clob; ppno:Int32; STATUS:Varchar2; aprse_year:Int32; T_CURSOR:RefCursor","T_CURSOR:RefCursor:Output","REF_OUT",""
"DBConnection.cs","CAUGetPreAddedOM","public","3411","3445","PKG_CM.P_CAU_OM_Get","OMNO:Varchar2; insp_year:Varchar2; T_CURSOR:RefCursor","T_CURSOR:RefCursor:Output","ID; DIV_ID; CONTENTS_OF_OM",""
"DBConnection.cs","CAUGetAssignedOMs","public","3446","3484","pkg_cm.P_CAUGetAssignedOMs","UserEntityID:Int32; T_CURSOR:RefCursor","T_CURSOR:RefCursor:Output","ID; DIV_ID; STATUS; OM_NO; DISCRIPTION; CONTENTS_OF_OM",""
"DBConnection.cs","GetCCQ","public","3485","3551","pkg_pg.P_GetCCQ","ENT_ID:Int32; P_NO:Int32; R_ID:Int32; T_CURSOR:RefCursor","T_CURSOR:RefCursor:Output","ID; ENTITY_ID; ENTITY_NAME; QUESTIONS; CONTROL_VIOLATION_ID; VIOLATION_NAME; RISK_ID; RISK_DEF; STATUS",""
"DBConnection.cs","UpdateCCQ","public","3552","3586","pkg_pg.P_UpdateCCQ","CID:Int32; QUESTIONS:Varchar2; CONTROL_VIOLATION_ID:Int32; RISK_ID:Int32; STATUS:Varchar2; ENT_ID:Int32; P_NO:Int32; R_ID:Int32","","",""
"DBConnection.cs","AuditeeOldParaResponse","public","3587","3617","pkg_ais.P_AuditeeOldParaResponse","OBSID:Int32; REPLY:Clob; PPNO:Int32","","",""
"DBConnection.cs","GetOutstandingParas","public","3620","3624","","","","",""
"DBConnection.cs","GetOldParasAuditYear","public","3625","3657","pkg_ais.P_GetOldParasAuditYear","T_CURSOR:RefCursor","T_CURSOR:RefCursor:Output","AUDIT_PERIOD",""
"DBConnection.cs","GetOutstandingParasAuditYear","public","3658","3690","pkg_ais.P_GetOutstandingParasAuditYear","T_CURSOR:RefCursor","T_CURSOR:RefCursor:Output","AUDIT_PERIOD",""
"DBConnection.cs","GetUserWiseOldParasPerformance","public","3691","3729","pkg_ais.P_GetUserWiseOldParasPerformance","UserEntityID:Int32; T_CURSOR:RefCursor","T_CURSOR:RefCursor:Output","AUDIT_ZONEID; ZONENAME; PARA_ENTERED; PPNO",""
"DBConnection.cs","GetStaffPosition","public","3730","3772","pkg_ai.P_GetStaffPosition","PPNumber:Int32; T_CURSOR:RefCursor","T_CURSOR:RefCursor:Output","PPNO; EMPLOYEE_NAME; QUALIFICATION; DATE_OF_POSTING; DESIGNATION; RANK_DESC; PLACE_OF_POSTING",""
"DBConnection.cs","AddDivisionalHeadRemarksOnFunctionalLegacyPara","public","3773","3798","pkg_ais.P_AddDivisionalHeadRemarksOnFunctionalLegacyPara","CONCERNED_DEPTID:Int32; COMMENTS:Varchar2; REF_PARAID:Int32; PPNumber:Int32","","",""
"DBConnection.cs","SaveImage","internal","3799","3808","","","","",""
"DBConnection.cs","DeleteImage","internal","3809","3817","","","","",""
"DBConnection.cs","CreateAuditReport","public","3818","3884","","","","",""
"DBConnection.cs","GetGlheadDetailsyearwise","public","3885","3949","pkg_ai.p_getglheadsummary_Yearly","ENGID:Int32; T_CURSOR:RefCursor","T_CURSOR:RefCursor:Output","GLSUBCODE; BRANCHID; GLSUBNAME; BALANCE_2021; DEBIT_2021; CREDIT_2021; BALANCE_2022; DEBIT_2022; CREDIT_2022; COL1; COL2; COL3; LAST_CREDIT; LAST_DEBIT; LAST_BALANCE; CURRENT_CREDIT; CURRENT_DEBIT; CURRENT_BALANCE",""
"DBConnection.cs","GetDepositCat","public","3950","3992","pkg_AI.P_GetDepositACCOUNTCATEGORY","PPNumber:Int32; T_CURSOR:RefCursor","T_CURSOR:RefCursor:Output","BRANCH_NAME; ACCOUNTCATEGORY; ACCOUNTCATEGORYID; ACCOCUNTSTATUS; AMOUNT",""
"DBConnection.cs","GetDepositAccountcatdetails","public","3993","4059","pkg_AIS.P_GetDepositACCOUNTCATEGORY_details","PPNumber:Int32; catid:Int32; T_CURSOR:RefCursor","T_CURSOR:RefCursor:Output","BRANCH_NAME; ACC_NUMBER; ACCOUNTCATEGORY; CUSTOMERNAME; BMVS_VERIFIED; OPENINGDATE; CNIC; TITLE; ACCOCUNTSTATUS; LASTTRANSACTIONDATE; CNICEXPIRYDATE",""
"DBConnection.cs","GetLoansScheme","public","4060","4103","pkg_ai.P_preauditinfo_loan_scheme","ENG_ID:Int32; PPNumber:Int32; T_CURSOR:RefCursor","T_CURSOR:RefCursor:Output","ENTITY_ID; DISB_STATUSID; GLSUBCODE; GLSUBNAME; DISBURSED_AMOUNT; PRIN_OUT; MARKUP_OUT",""
"DBConnection.cs","GetLoansSchemeYearly","public","4104","4158","pkg_ai.P_preauditinfo_loan_scheme_yearly","ENG_ID:Int32; PPNumber:Int32; T_CURSOR:RefCursor","T_CURSOR:RefCursor:Output","ENTITY_ID; DISB_STATUSID; GLSUBCODE; GLSUBNAME; DISBURSED_AMOUNT_2021; PRIN_OUT_2021; MARKUP_OUT_2021; DISBURSED_AMOUNT_2022; PRIN_OUT_2022; MARKUP_OUT_2022",""
"DBConnection.cs","GetDraftReportSummary","public","4159","4200","","","","",""
"DBConnection.cs","GetSaveSpecialAuditPlan","public","4203","4266","pkg_pg.P_GET_Specical_Audit_for_Approval","ENT_ID:Int32; P_NO:Int32; R_ID:Int32; T_CURSOR:RefCursor","T_CURSOR:RefCursor:Output","reporting; reporting_id; auditee; auditee_id; auditor; auditor_id; P_ID; period; period_id; no_of_days; nature; nature_id; visit",""
"DBConnection.cs","AddSpecialAuditPlan","public","4267","4317","pkg_pg.P_ADD_Special_Audit_Plan","P_ID:Int32; NOOFDAYS:Int32; Nature:Int32; AUDITPERIODID:Int32; ENTITYID:Int32; IND:Varchar2; P_NO:Int32; ENT_ID:Int32; R_ID:Int32; T_CURSOR:RefCursor","T_CURSOR:RefCursor:Output","",""
"DBConnection.cs","DeleteSpecialAuditPlan","public","4318","4366","pkg_pg.P_Update_Special_Audit","P_ID:Int32; IND:Varchar2; ENT_ID:Int32; P_NO:Int32; R_ID:Int32; T_CURSOR:RefCursor","T_CURSOR:RefCursor:Output","",""
"DBConnection.cs","SubmitSpecialAuditPlan","public","4367","4414","pkg_pg.P_Update_Special_Audit","P_ID:Int32; IND:Varchar2; ENT_ID:Int32; P_NO:Int32; R_ID:Int32; T_CURSOR:RefCursor","T_CURSOR:RefCursor:Output","",""
"DBConnection.cs","AddResponsiblePersonsToObservation","public","4415","4425","","","","",""
"DBConnection.cs","DeleteResponsibilityFromObservation","public","4427","4466","pkg_ar.P_Delete_responsibility","PARA_ID:Int32; E_ID:Int32; PPNO:Int32; L_CASE:Int32; NO_ACCOUNT:Int32; ENT_ID:Int32; P_NO:Int32; R_ID:Int32; T_CURSOR:RefCursor","T_CURSOR:RefCursor:Output","remarks",""
"DBConnection.cs","GetMenuPagesId","public","4468","4515","pkg_lg.p_GetTopMenuPages","Page_Path:Varchar2; P_NO:Int32; ENT_ID:Int32; R_ID:Int32; T_CURSOR:RefCursor","T_CURSOR:RefCursor:Output","ID; MENU_ID; PAGE_NAME; PAGE_PATH; PAGE_ORDER; STATUS; Sub_Menu; Sub_Menu_Id; Sub_Menu_Name; HIDE_MENU",""
"DBConnection.DB.cs","GetFunctionalListForDashboard","public","12","45","pkg_db.P_GET_Dash_table_functionwise_names","ENT_ID:Int32; P_NO:Int32; R_ID:Int32; T_CURSOR:RefCursor","T_CURSOR:RefCursor:Output","entity_id; Functional_owner",""
"DBConnection.DB.cs","GetViolationListForDashboard","public","47","82","pkg_db.P_GET_Dash_table_functionwise_names_checklist","ENT_ID:Int32; P_NO:Int32; R_ID:Int32; E_ID:Int32; T_CURSOR:RefCursor","T_CURSOR:RefCursor:Output","t_id; heading",""
"DBConnection.DB.cs","GetSubViolationListForDashboard","public","84","119","pkg_db.P_GET_Dash_table_functionwise_names_checklist_sub","UserEntityID:Int32; PROCESSID:Int32; ENT_ID:Int32; P_NO:Int32; R_ID:Int32; T_CURSOR:RefCursor","T_CURSOR:RefCursor:Output","S_ID; HEADING",""
"DBConnection.DB.cs","GetHOFunctionalListForDashboard","public","121","155","pkg_db.P_GET_Dash_table_functionwise_names_ho","AUDITEDBY:Int32; ENT_ID:Int32; P_NO:Int32; R_ID:Int32; T_CURSOR:RefCursor","T_CURSOR:RefCursor:Output","entity_id; Functional_owner",""
"DBConnection.DB.cs","GetHOViolationListForDashboard","public","157","191","pkg_db.P_GET_Dash_table_functionwise_names_checklist_ho","UserEntityID:Int32; ENT_ID:Int32; P_NO:Int32; R_ID:Int32; T_CURSOR:RefCursor","T_CURSOR:RefCursor:Output","t_id; heading",""
"DBConnection.DB.cs","GetHOSubViolationListForDashboard","public","193","216","pkg_db.P_GET_Dash_table_functionwise_names_checklist_sub_ho","UserEntityID:Int32; PROCESSID:Int32; T_CURSOR:RefCursor","T_CURSOR:RefCursor:Output","S_ID; HEADING",""
"DBConnection.DB.cs","GetchildpostingForDashboardPanel","public","218","255","pkg_db.P_Getchildposting","erid:Int32; T_CURSOR:RefCursor","T_CURSOR:RefCursor:Output","ENTITY_ID; C_NAME",""
"DBConnection.DB.cs","GetparentrepofficeForDashboardPanel","public","257","285","pkg_db.P_Getparentrepoffice","rid:Int32; T_CURSOR:RefCursor","T_CURSOR:RefCursor:Output","ENTITY_REALTION_ID; ENTITY_ID; ACTIVE; DESCRIPTION; ENTITYTYPEDESC",""
"DBConnection.DB.cs","GetrealtionshiptypeForDashboardPanel","public","287","323","pkg_db.P_Getrealtionshiptype","UserRoleid:Int32; ENT_ID:Int32; P_NO:Int32; T_CURSOR:RefCursor","T_CURSOR:RefCursor:Output","ENTITY_REALTION_ID; FIELD_NAME",""
"DBConnection.DB.cs","GetFunctionalResponsibilityWisePara","public","325","376","pkg_db.P_GetFunctionalResponsibilityWisePara","ENTITYID:Int32; PROCESSID:Int32; SUB_PROCESSID:Int32; PROCESS_DETAILID:Int32; T_CURSOR:RefCursor","T_CURSOR:RefCursor:Output","PROCESS_ID; PROCESS; SUB_PROCESS_ID; VIOLATION; CHECK_LIST_DETAIL_ID; PERIOD; OBS_ID; ENTITY_NAME; SUB_PROCESS; MEMO_NO; OBS_TEXT; OBS_RISK_ID; OBS_RISK; OBS_STATUS_ID; OBS_STATUS",""
"DBConnection.DB.cs","GetFunctionalResponsibilityWiseParaForDashboard","public","378","422","pkg_db.P_GET_Dash_table_functionwise","ENT_ID:Int32; P_NO:Int32; R_ID:Int32; T_CURSOR:RefCursor","T_CURSOR:RefCursor:Output","d_id; ref_p; pc; p_name; c_name; Annex; chlist; final_para_no; Risk; Gist",""
"DBConnection.DB.cs","GetHOFunctionalResponsibilityWiseParaForDashboard","public","424","466","pkg_db.P_GET_Dash_table_functionwise_ho","UserEntityID:Int32; PROCESSID:Int32; SUB_PROCESSID:Int32; AUDITEDBY:Int32; T_CURSOR:RefCursor","T_CURSOR:RefCursor:Output","Functional_owner; Total_Paras; Setteled_Para; Unsetteled_Para; Ratio; R1; R2; R3",""
"DBConnection.DB.cs","GetViolationWiseParaForDashboard","public","468","508","pkg_db.P_GET_Dash_table_v_wise","process_id:Int32; sub_id:Int32; d_id:Int32; T_CURSOR:RefCursor","T_CURSOR:RefCursor:Output","process; Total_Paras; Setteled_Para; Unsetteled_Para; Ratio; R1; R2; R3",""
"DBConnection.DB.cs","GetRelationLegacyObservationForDashboard","public","510","549","pkg_db.P_GET_Dash_table_old","UserEntityID:Int32; T_CURSOR:RefCursor","T_CURSOR:RefCursor:Output","Process; Total_Paras; Setteled_Para; Unsetteled_Para; Ratio; R1; R2; R3",""
"DBConnection.DB.cs","GetRelationAISObservationForDashboard","public","551","590","pkg_db.P_GET_Dash_table_new","UserEntityID:Int32; T_CURSOR:RefCursor","T_CURSOR:RefCursor:Output","Process; Total_Paras; Setteled_Para; Unsetteled_Para; Ratio; R1; R2; R3",""
"DBConnection.DB.cs","GetRelationObservationForDashboard","public","592","631","pkg_db.P_GET_Dash_table","UserEntityID:Int32; T_CURSOR:RefCursor","T_CURSOR:RefCursor:Output","Process; Total_Paras; Setteled_Para; Unsetteled_Para; Ratio; R1; R2; R3",""
"DBConnection.DB.cs","GetEntitiesRiskBasePlanForDashboard","public","633","667","pkg_db.p_get_risk_baseplan","T_CURSOR:RefCursor","T_CURSOR:RefCursor:Output","name; entitytypedesc; risk; entity_size; no_of_enitites",""
"DBConnection.DB.cs","GetAuditPerformanceForDashboard","public","669","706","pkg_db.P_GET_AUDIT_PERFORMANCE","T_CURSOR:RefCursor","T_CURSOR:RefCursor:Output","title; Total_Paras; Setteled_Para; Unsetteled_Para; Ratio; R1; R2; R3",""
"DBConnection.DB.cs","GetAuditPerformanceChartForDashboard","public","708","743","pkg_db.p_get_dashborad_scorecard","T_CURSOR:RefCursor","T_CURSOR:RefCursor:Output","heading; no_of_ent; tot_ent; remarks; department; pencent",""
"DBConnection.DB.cs","GetRepetativeParaForDashboard","public","745","796","pkg_db.p_get_dash_repetitive","P_ID:Int32; PS_ID:Int32; D_ID:Int32; UserEntityID:Int32; T_CURSOR:RefCursor","T_CURSOR:RefCursor:Output","PROCESS; SUB_PROCESS; CHECKLIST_DETAILS; YEAR_2023; YEAR_2022; YEAR_2021; YEAR_2020; YEAR_2019; YEAR_2018; YEAR_2017; YEAR_2016; YEAR_2015; YEAR_2014; YEAR_2013; YEAR_2012; YEAR_2011; YEAR_2010",""
"DBConnection.DB.cs","GetReportingOfficeWiseObservations","public","798","837","pkg_db.P_Functional_Reporting_office_WISE_ANALYSIS","r_id:Varchar2; ent_id:Varchar2; T_CURSOR:RefCursor","T_CURSOR:RefCursor:Output","parent_id; name; total; old_total; new_total; r1; r2; r3",""
"DBConnection.DB.cs","GetEntityWiseObservations","public","839","879","pkg_db.P_Functional_ENTITY_WISE_ANALYSIS","r_id:Varchar2; ent_id:Varchar2; T_CURSOR:RefCursor","T_CURSOR:RefCursor:Output","entity_id; REPORTING_OFFICE; name; total; old_total; new_total; r1; r2; r3",""
"DBConnection.DB.cs","GetAnnexureWiseObservations","public","881","929","pkg_db.P_Functional_ANALYSIS_DETAILS","r_id:Varchar2; ent_id:Varchar2; P_REF_DATE:Date; T_CURSOR:RefCursor","T_CURSOR:RefCursor:Output","id; Heading; Annex; AUDIT_COMMENTS; total; old_total; new_total; r1; r2; r3",""
"DBConnection.DB.cs","GetFunctionAnnexures","public","931","964","pkg_db.P_Function_Annexure","e_id:Varchar2; r_id:Varchar2; T_CURSOR:RefCursor","T_CURSOR:RefCursor:Output","id; Heading",""
"DBConnection.DB.cs","GetEntityWiseObservationDetail","public","966","1008","pkg_db.P_Functional_ENTITY_WISE_Paras","R_ID:Varchar2; ENT_ID:Varchar2; P_NO:Varchar2; T_CURSOR:RefCursor","T_CURSOR:RefCursor:Output","entity_id; name; para_category; para_no; ref_p; au_obs_id; audit_period; gist_of_paras; risk; COM_ID",""
"DBConnection.DB.cs","GetFunctionalObservations","public","1010","1049","pkg_db.P_Function_Annexure_Paras","a_id:Varchar2; ent_id:Varchar2; r_id:Varchar2; T_CURSOR:RefCursor","T_CURSOR:RefCursor:Output","id; name; para_category; para_no; ref_p; au_obs_id; audit_period",""
"DBConnection.DB.cs","GetFunctionalObservationText","public","1051","1081","pkg_db.P_Function_Annexure_Paras_text","p_id:Varchar2; p_c:Varchar2; T_CURSOR:RefCursor","T_CURSOR:RefCursor:Output","para_text",""
"DBConnection.DB.cs","GetFunctionalRespDetailPara","public","1083","1120","pkg_db.P_GET_Dash_table_functionwise_PARA","a_id:Varchar2; r_id:Varchar2; ent_id:Varchar2; T_CURSOR:RefCursor","T_CURSOR:RefCursor:Output","id; name; para_category; para_no; audit_period",""
"DBConnection.DB.cs","GetFunctionalRespSummaryPara","public","1122","1159","pkg_db.P_GET_Dash_table_functionwise_PARA_summary","a_id:Varchar2; r_id:Varchar2; ent_id:Varchar2; T_CURSOR:RefCursor","T_CURSOR:RefCursor:Output","p_name; name; para_no; audit_period",""
"DBConnection.DB.cs","GetComplianceSummary","public","1161","1205","pkg_db.P_compliance_summary","P_NO:Int32; R_ID:Int32; ENT_ID:Int32; ENTITY:Int32; T_CURSOR:RefCursor","T_CURSOR:RefCursor:Output","Region_id; Region; Total_para; Total_Comp; AT_reporting; Under_consideration; settled; Rejected",""
"DBConnection.FAD.cs","GetAuditChecklistAnnexureCirculars","public","15","59","PKG_FAD.P_GetAuditChecklistAnnexureCirculars","io_cursor:RefCursor","io_cursor:RefCursor:Output","ID; DIVISION_ENT_ID; REFERENCE_TYPE_ID; REFERENCE_TYPE; INSTRUCTIONSDETAILS; KEYWORDS; REDIRECTEDPAGE; DIVISION; INSTRUCTIONSTITLE; INSTRUCTIONSDATE; DOCTYPE",""
"DBConnection.FAD.cs","GetResponsibilityForAuthorize","public","61","98","pkg_ar.P_Get_responsibility_for_Authorize","C_ID:Int32; io_cursor:RefCursor","io_cursor:RefCursor:Output","IND; OLD_PARA_ID; NEW_PARA_ID; EMP_NAME; REASONS; ACTION",""
"DBConnection.FAD.cs","GetFadAuditEmployees","public","100","144","PKG_FAD.P_GetAuditEmployees","P_NO:Int32; R_ID:Int32; ENT_ID:Int32; io_cursor:RefCursor","io_cursor:RefCursor:Output","PPNO; DEPARTMENTCODE; DESIGNATIONCODE; RANKCODE; DEPTARMENT; EMPLOYEEFIRSTNAME; EMPLOYEELASTNAME; CURRENT_RANK; FUN_DESIGNATION; TYPE; TASK_ALLOCATED",""
"DBConnection.FAD.cs","AddResponsibilityforoldparas","public","146","208","pkg_ar.P_responibilityforoldpara","C_ID:Int32; IND:Varchar2; PPNO:Int32; RES_PP:Int32; LOANCASE:Int32; ACCNUMBER:Int32; LCAMOUNT:Int32; ACAMOUNT:Int32; IO_CURSOR:RefCursor","","remarks","CMD.PARAMETERS.ADD"
"DBConnection.FAD.cs","GetObservationsForManageAuditParas","public","210","266","pkg_ar.P_GetObservationsForManageAuditParas","S_ENT_ID:Int32; ENT_ID:Int32; P_NO:Int32; R_ID:Int32; io_cursor:RefCursor","io_cursor:RefCursor:Output","COM_ID; PARA_NO; AUDIT_PERIOD; GIST_OF_PARAS; RISK; ANNEX",""
"DBConnection.FAD.cs","GetObservationDetailsForManageAuditParas","public","268","334","pkg_ar.P_GetObservationsDetailsForManageAuditParas","C_ID:Int32; ENT_ID:Int32; P_NO:Int32; R_ID:Int32; io_cursor:RefCursor","io_cursor:RefCursor:Output","COM_ID; NEW_PARA_ID; OLD_PARA_ID; AUDIT_PERIOD; PARA_NO; ANNEX; ANNEX_ID; GIST_OF_PARAS; RISK; RISK_ID; PARA_TEXT; AMOUNT_INV; NO_INSTANCES; INDICATOR; REFERENCE_ID",""
"DBConnection.FAD.cs","GetResponsiblePPNOforoldPara","public","336","369","pkg_ar.GetResponsiblePPNOforoldPara","C_ID:Int32; io_cursor:RefCursor","io_cursor:RefCursor:Output","RESP_ROW_ID; EMP_NAME",""
"DBConnection.FAD.cs","GetObservationsForMangeAuditParasForAuthorization","public","371","422","pkg_ar.P_GET_Para_details_for_Authorize","ENT_ID:Int32; P_NO:Int32; R_ID:Int32; T_CURSOR:RefCursor","T_CURSOR:RefCursor:Output","com_id; COM_ID; new_para_id; old_para_id; AUDITEE; risk; risk_id; gist_of_paras; audit_period; para_no; ind; annex; annex_id; no_instances; Amount; UPDATED_ON; UPDATED_BY; P_TYPE_IND; PARA_TEXT",""
"DBConnection.FAD.cs","GetProposedChangesInManageParasAuth","public","423","470","pkg_ar.P_GET_Para_changes_for_Authorize","C_ID:Int32; T_CURSOR:RefCursor","T_CURSOR:RefCursor:Output","com_id; COM_ID; NEW_PARA_ID; OLD_PARA_ID; risk; risk_id; gist_of_para; audit_period; para_no; ind; annex_id; no_instances; Amount; UPDATED_ON; UPDATED_BY; P_TYPE_IND; PARA_TEXT",""
"DBConnection.FAD.cs","UpdateParaReference","public","472","493","","","","","ACTION"
"DBConnection.FAD.cs","SearchReferences","public","495","535","PKG_FAD.P_SearchReferences","p_ref_type:Varchar2; p_keyword:Varchar2; io_cursor:RefCursor","io_cursor:RefCursor:Output","ID; TITLE; INSTRUCTIONSDATE; REFERENCE_TYPE; INSTRUCTIONSDETAILS; KEYWORDS; REFERENCEURL",""
"DBConnection.FAD.cs","GetManualMaster","public","537","569","","","","MANUAL_NAME; VOLUME_NAME; MANUAL_ID","T_MANUAL_MASTER"
"DBConnection.FAD.cs","GetManualSections","public","571","600","","p_manual_id:Int64","","SECTION","T_MANUAL_INDEX"
"DBConnection.FAD.cs","GetManualChapters","public","602","633","","p_manual_id:Int64; p_section:Varchar2","","CHAPTER_NO","T_MANUAL_INDEX"
"DBConnection.FAD.cs","GetManualIndexByChapter","public","635","669","","p_manual_id:Int64; p_section:Varchar2; p_chapter:Varchar2","","INDEX_ID; SUB_SECTION_NO; HEADING","T_MANUAL_INDEX"
"DBConnection.FAD.cs","GetEntityTaskSummary","public","671","710","PKG_FAD.P_GetEntityTaskSummary","p_auditor_ppno:Int32; io_cursor:RefCursor","io_cursor:RefCursor:Output","ENTITY_ID; ENTITY_CODE; ENTITY_NAME; AUDIT_YEAR; TOTAL_PARAS; PARAS_UPDATED",""
"DBConnection.FAD.cs","GetParaReferenceData","public","712","765","","","","",""
"DBConnection.FAD.cs","GetParaReferenceLinks","public","767","809","PKG_FAD.P_GetParaReferences","p_com_id:Int32; io_cursor:RefCursor","io_cursor:RefCursor:Output","LINK_ID; ENTITY_ID; OLD_PARA_ID; NEW_PARA_ID; PARA_ID; REFERENCE_ID; REFERENCE_TITLE; CREDIT_MANUAL_ID; OP_MANUAL_ID; MANUAL_TYPE; CHAPTER; INSTRUCTIONSDATE; MATCHED_TEXT; LINK_TYPE",""
"DBConnection.FAD.cs","GetParaReferences","public","811","833","PKG_FAD.P_GetParaReferences","p_com_id:Int32; io_cursor:RefCursor","io_cursor:RefCursor:Output","REFERENCE_ID",""
"DBConnection.FAD.cs","GetParaText","public","835","855","PKG_FAD.P_GetParaText","p_com_id:Int32; io_cursor:RefCursor","io_cursor:RefCursor:Output","PARA_TEXT",""
"DBConnection.FAD.cs","GetReferenceDetail","public","857","860","","","","",""
"DBConnection.FAD.cs","GetReferenceDetails","public","862","866","","","","",""
"DBConnection.FAD.cs","private","private","873","924","PKG_FAD.P_ManageReference","p_action:Varchar2; p_link_id:Int32; p_entity_id:Int32; p_old_para_id:Int32; p_new_para_id:Int32; p_para_id:Int32; p_ref_id:Int32; p_ref_title:Varchar2; p_credit_manual_id:Int32; p_op_manual_id:Int32; p_manual_type:Varchar2; p_chapter:Varchar2; p_instructions_date:Date; p_matched_text:Varchar2; p_link_type:Varchar2; p_new_ref:Int32; p_user:Varchar2; io_cursor:RefCursor","io_cursor:RefCursor:Output","remarks; action; para_id",""
"DBConnection.FAD.cs","AddReference","private","931","941","","","","",""
"DBConnection.FAD.cs","DeleteReference","private","947","957","","","","",""
"DBConnection.FAD.cs","SaveParaReferences","public","962","1001","","","","",""
"DBConnection.FAD.cs","GETPARASTATUSCHANGEREQUEST","public","1003","1037","PKG_FAD.P_GET_PARA_STATUS_REQUEST","P_ENTITY_ID:Int32; P_STATUS:Int32; IO_CURSOR:RefCursor","IO_CURSOR:RefCursor:Output","COM_ID; AUDIT_PERIOD; PARA_NO; ANNEX; GIST_OF_PARAS; RISK; PARA_STATUS",""
"DBConnection.FAD.cs","ADDPARASTATUSCHANGEREQUEST","public","1039","1065","PKG_FAD.P_ADD_PARA_STATUS_CHANGE","P_COM_ID:Int32; P_NEW_STATUS:Int32; P_MAKER_REMARKS:Varchar2; P_USER_ID:Int32; IO_CURSOR:RefCursor","IO_CURSOR:RefCursor:Output","RESULT_MSG",""
"DBConnection.FAD.cs","GETPARASTATUSAUTHORIZATION","public","1067","1105","PKG_FAD.P_GET_PARA_STATUS_AUTHORIZATION","IO_CURSOR:RefCursor","IO_CURSOR:RefCursor:Output","LOG_ID; COM_ID; OLD_STATUS; NEW_STATUS; MAKER_REMARKS; AUTHORIZER_REMARKS; CHANGED_BY; CHANGED_ON; ACTION_STATUS; AUDIT_PERIOD; PARA_NO; ANNEX; GIST_OF_PARAS; RISK",""
"DBConnection.FAD.cs","GetIASParaText","public","1107","1127","pkg_FAD.P_GET_IAS_PARA_TEXT","CM_ID:Int32; T_CURSOR:RefCursor","T_CURSOR:RefCursor:Output","text",""
"DBConnection.FAD.cs","AUTHORIZEPARASTATUSCHANGEREQUEST","public","1129","1155","PKG_FAD.P_AUTHORIZE_PARA_STATUS_CHANGE","P_LOG_ID:Int32; P_ACTION:Varchar2; P_AUTH_BY:Int32; P_AUTH_REMARKS:Varchar2; IO_CURSOR:RefCursor","IO_CURSOR:RefCursor:Output","RESULT_MSG",""
"DBConnection.FAD.cs","GetRoleResponsibleForChecklistDetail","public","1156","1190","pkg_fad.p_get_role_responsible","ENT_ID:Int32; P_NO:Int32; R_ID:Int32; T_CURSOR:RefCursor","T_CURSOR:RefCursor:Output","DESIGNATIONCODE; DESCRIPTION",""
"DBConnection.FAD.cs","GetProcOwnerForChecklistDetail","public","1192","1230","pkg_fad.p_get_process_owner","ENT_ID:Int32; P_NO:Int32; R_ID:Int32; T_CURSOR:RefCursor","T_CURSOR:RefCursor:Output","ENTITY_ID; name",""
"DBConnection.FAD.cs","GetViolationsForChecklistDetail","public","1232","1256","pkg_fad.p_get_violations","T_CURSOR:RefCursor","T_CURSOR:RefCursor:Output","S_GR_ID; DESCRIPTION; MAX_NUMBER",""
"DBConnection.FAD.cs","GetCurrentParasForStatusChangeRequestAuthorize","public","1258","1299","pkg_fad.p_GetnewParasForResponseAuthorize","UserEntityId:Int32; T_CURSOR:RefCursor","T_CURSOR:RefCursor:Output","ID; ENTITY_ID; ENTITY_CODE; AUDIT_PERIOD; ENTITY_NAME; PARA_NO; PARA_RISK; gist_of_para; AMOUNT_INVOLVED; remarks; reviewer_comments; PARA_STATUS",""
"DBConnection.FAD.cs","GetLegacyParasEntitiesFAD","public","1301","1333","pkg_FAD.P_GetEntitiesForLegacyPara","PP_NO:Int32; T_CURSOR:RefCursor","T_CURSOR:RefCursor:Output","ENTITY_ID; NAME",""
"DBConnection.FAD.cs","GetSettledParasEntitiesForMonitoringFAD","public","1335","1369","pkg_FAD.P_GET_SETTLED_PARA_ENTITIES","P_NO:Int32; ENT_ID:Int32; R_ID:Int32; T_CURSOR:RefCursor","T_CURSOR:RefCursor:Output","ENTITY_ID; NAME",""
"DBConnection.FAD.cs","GetLegacyParasForUpdateFAD","public","1371","1429","pkg_fad.P_GetLeagacyObservations","entityId:Int32; paraRef:Varchar2; ppno:Int32; T_CURSOR:RefCursor","T_CURSOR:RefCursor:Output","ID; REF_P; ENTITY_ID; RISK; ENTITY_CODE; TYPE_ID; AUDIT_PERIOD; ENTITY_NAME; PARA_NO; PROCESS; SUB_PROCESS; PROCESS_DETAIL; PARA_TEXT; GIST_OF_PARAS; ANNEXURE; AMOUNT_INVOLVED; VOL_I_II",""
"DBConnection.FAD.cs","AddResponsibilityToLegacyParasFAD","public","1431","1469","pkg_fad.p_add_para_responsibility","refid:Int32; PPNO:Int32; AZ_Entity_id:Int32; user_ppno:Int32; lC_no:Int32; LC_AMOUNT:Int32; AC_NO:Int32; AC_AMOUNT:Int32; refp:Varchar2; T_CURSOR:RefCursor","T_CURSOR:RefCursor:Output","REMARKS",""
"DBConnection.FAD.cs","UpdateLegacyParasWithResponsibilityNoChanges","public","1471","1509","pkg_fad.P_reviewed_legacy_Para","ref_id:Varchar2; ppno:Int32; T_CURSOR:RefCursor","T_CURSOR:RefCursor:Output","REF; REMARKS",""
"DBConnection.FAD.cs","UpdateLegacyParasWithResponsibilityFAD","public","1511","1585","pkg_fad.P_update_legacy_Para_text; pkg_fad.p_add_para_responsibility","ref_id:Varchar2; obtext:Clob; process_id:Int32; subprocessid:Int32; checklistid:Int32; ppno:Int32; risk_id:Int32; T_CURSOR:RefCursor; refid:Int32; PPNO:Int32; AZ_Entity_id:Int32; user_ppno:Int32; lC_no:Int32; LC_AMOUNT:Int32; AC_NO:Int32; AC_AMOUNT:Int32; refp:Varchar2","T_CURSOR:RefCursor:Output","REF; REMARKS",""
"DBConnection.FAD.cs","AuthorizerAddChangeStatusRequestForSettledPara","public","1587","1622","pkg_fad.P_AuthorizeChangeStatusRequestForSettledPara_new","obs_id:Varchar2; P_IND:Varchar2; remark:Varchar2; indicator:Varchar2; ENT_ID:Int32; P_NO:Int32; R_ID:Int32; T_CURSOR:RefCursor","T_CURSOR:RefCursor:Output","Remarks",""
"DBConnection.FAD.cs","AddAuthorizeChangeStatusRequestForSettledPara","public","1624","1659","pkg_fad.p_authorizechangestatusrequestforsettledpara","refp:Varchar2; au_obs_id:Varchar2; P_IND:Varchar2; ind:Varchar2; ENT_ID:Int32; P_NO:Int32; R_ID:Int32; T_CURSOR:RefCursor","T_CURSOR:RefCursor:Output","Remark",""
"DBConnection.FAD.cs","GetOldSettledParasForResponseAuthorize","public","1661","1708","pkg_fad.p_getoldparasforresponseauthorize","ENT_ID:Int32; P_NO:Int32; R_ID:Int32; T_CURSOR:RefCursor","T_CURSOR:RefCursor:Output","REF_P; AU_OBS_ID; IND; ENTITY_ID; AUDIT_PERIOD; ENTITY_NAME; PARA_NO; GIST_OF_PARAS; ANNEXURE; AMOUNT_INVOLVED; VOL_I_II; PARA_STATUS; TEMP_STATUS_FOR_CHANGE; REMARKS",""
"DBConnection.FAD.cs","GetLegacyParaResponsiblePersonsFAD","public","1710","1746","pkg_fad.p_get_legacy_para_responsibles","paraRef:Varchar2; T_CURSOR:RefCursor","T_CURSOR:RefCursor:Output","EMP_NAME",""
"DBConnection.FAD.cs","DeleteLegacyParaResponsibility","public","1748","1780","pkg_fad.p_delete_para_responsibility","refp:Varchar2; refid:Int32; PPNO:Int32; USER_PPNO:Int32; T_CURSOR:RefCursor","T_CURSOR:RefCursor:Output","REMARKS",""
"DBConnection.FAD.cs","ReferBackLegacyPara","public","1782","1816","pkg_fad.P_referback_legacy_para","ref_id:Varchar2; ppno:Int32; T_CURSOR:RefCursor","T_CURSOR:RefCursor:Output","remarks",""
"DBConnection.FAD.cs","GetZonesForAnnexureAssignment","public","1818","1850","pkg_fad.P_Get_Auditee_Parent_FAD","ENT_ID:Int32; P_NO:Int32; T_CURSOR:RefCursor","T_CURSOR:RefCursor:Output","ENTITY_ID; NAME",""
"DBConnection.FAD.cs","GetZoneBranchesForAnnexureAssignment","public","1852","1884","pkg_fad.P_Get_Auditee_Child_FAD","ENT_ID:Int32; P_NO:Int32; T_CURSOR:RefCursor","T_CURSOR:RefCursor:Output","ENTITY_ID; NAME",""
"DBConnection.FAD.cs","GetAllParasForAnnexureAssignment","public","1886","1926","pkg_fad.P_Get_all_paras_fad","EntityID:Int32; T_CURSOR:RefCursor","T_CURSOR:RefCursor:Output","ENTITY_ID; OBS_ID; AUDIT_PERIOD; PARA_CATEGORY; PARA_NO; GIST_OF_PARAS; NAME; REF_P; ANNEX_ID; ID",""
"DBConnection.FAD.cs","AssignAnnexureWithPara","public","1928","1964","pkg_fad.P_Update_paras_annex_fad","CAT:Varchar2; OBS_ID:Varchar2; REFP:Varchar2; ANEX:Varchar2; P_NO:Varchar2; ENT_ID:Varchar2; R_ID:Varchar2; T_CURSOR:RefCursor","T_CURSOR:RefCursor:Output","REMARKS",""
"DBConnection.FAD.cs","ParaShiftedTo","public","1966","2001","pkg_fad.P_PARA_SHIFTING","NEW_ENT_ID:Varchar2; OLD_ENT_ID:Varchar2; O_ID:Varchar2; P_IND:Varchar2; P_NO:Int32; ENT_ID:Varchar2; R_ID:Varchar2; T_CURSOR:RefCursor","T_CURSOR:RefCursor:Output","remarks",""
"DBConnection.FAD.cs","GetSettledParasForMonitoring","public","2003","2051","pkg_fad.P_GET_SETTLED_PARA_DETAILS","P_NO:Int32; ENT_ID:Varchar2; R_ID:Varchar2; AUDITEE_ID:Int32; T_CURSOR:RefCursor","T_CURSOR:RefCursor:Output","REPORTING_OFFICE; ENTITY_NAME; AUDIT_PERIOD; AU_OBS_ID; COM_ID; REF_P; SETTLED_BY; settled_on; RISK; PARA_NO; PARA_CATEGORY; COMPLIANCE_CYCLE; AUDITEDBY; ENTITY_ID",""
"DBConnection.FAD.cs","GetSettledParaComplianceHistory","public","2053","2084","pkg_fad.P_GET_SETTLED_PARA_DETAILS_PARA_COMPLIANCE","REFP:Varchar2; OBS_ID:Varchar2; T_CURSOR:RefCursor","T_CURSOR:RefCursor:Output","remarks; attended_by; EMP_NAME; DESIGNATION; COMPLIANCE_CYCLE",""
"DBConnection.FAD.cs","SaveSettledParaCompliacne","public","2086","2116","pkg_fad.P_GET_SETTLED_PARA_DETAILS_PARA_COMPLIANCE","REFP:Varchar2; OBS_ID:Varchar2; T_CURSOR:RefCursor","T_CURSOR:RefCursor:Output","remarks; attended_by; EMP_NAME; DESIGNATION; COMPLIANCE_CYCLE",""
"DBConnection.FAD.cs","GetEngagementDetailsForFadReview","public","2118","2150","pkg_fad.p_get_audit_engagement","ent_id:Int32; T_CURSOR:RefCursor","T_CURSOR:RefCursor:Output","plan_id; ENG_ID; TEAM_NAME; AUDIT_STARTDATE; AUDIT_ENDDATE; OP_STARTDATE; OP_ENDDATE; ENTITY_ID; Auditby_Id; STATUS_ID; STATUS; RPT_ID",""
"DBConnection.FAD.cs","GetAuditDetailsFAD","public","2152","2180","pkg_fad.p_get_audit_glance","ENGID:Int32; T_CURSOR:RefCursor","T_CURSOR:RefCursor:Output","ID; MEMO_NO; FINAL_PARA_NO; GIST; MEMO_DATE; HEADINGS; RISK; STATUS",""
"DBConnection.FAD.cs","GetObservationDetailsForReport","public","2182","2219","pkg_fad.p_get_audit_observtion","OB_ID:Int32; T_CURSOR:RefCursor","T_CURSOR:RefCursor:Output","MEMO; PARA_NO; ANNEX; HEADINGS; ASSIGNED_TO; CHECK_LIST; GIST; PARA_TEXT; AMOUNT_INV; NO_INSTANCES; PPNO; RESP_ROLE; RESP_AMOUNT; auditee_reply; auditor_comments; HEAD_COMMENTS; ROOT_CAUSE",""
"DBConnection.FAD.cs","GetAuditReportForFadReview","public","2221","2246","pkg_fad.p_get_audit_Report","ENGID:Int32; RPT_ID:Int32; T_CURSOR:RefCursor","T_CURSOR:RefCursor:Output","id; eng_id; audit_report; doc_type",""
"DBConnection.FAD.cs","Get_All_Para_Text","public","2248","2291","PKG_FAD.P_GetParaText","p_com_id:Int32; io_cursor:RefCursor","io_cursor:RefCursor:Output","com_id; entity_id; old_para_id; new_para_id; audit_period; para_status; audited_by; risk; IND; para_no; para_added_on; gist_of_paras; text; para_text",""
"DBConnection.FAD.cs","GetReferenceMasterDetail","public","2295","2333","PKG_FAD.P_GET_REFERENCE_MASTER_DETAIL","p_search_text:Varchar2; p_reference_source_type:Varchar2; p_ref_id:Int64; o_cursor:RefCursor","o_cursor:RefCursor:Output","REF_ID; REFERENCE_SOURCE_TYPE; SOURCE_PK_ID; MANUAL_ID; REFERENCE_TYPE; DIVISION; INSTRUCTION_DATE; SECTION_TEXT; CHAPTER_NO; SUB_SECTION_NO; TITLE_OR_HEADING; DISPLAY_TEXT",""
"DBConnection.FAD.cs","GetObservationManualMaster","public","2335","2361","PKG_FAD.P_GET_MANUAL_MASTER","o_cursor:RefCursor","o_cursor:RefCursor:Output","MANUAL_ID; MANUAL_NAME; VOLUME_NAME; DISPLAY_NAME",""
"DBConnection.FAD.cs","GetObservationManualSections","public","2363","2385","PKG_FAD.P_GET_MANUAL_SECTIONS","p_manual_id:Int64; o_cursor:RefCursor","o_cursor:RefCursor:Output","SECTION_TEXT",""
"DBConnection.FAD.cs","GetObservationManualChapters","public","2387","2409","PKG_FAD.P_GET_MANUAL_CHAPTERS","p_manual_id:Int64; p_section_text:Varchar2; o_cursor:RefCursor","o_cursor:RefCursor:Output","CHAPTER_NO",""
"DBConnection.FAD.cs","GetObservationManualReferenceGrid","public","2411","2445","PKG_FAD.P_GET_MANUAL_REFERENCE_GRID","p_manual_id:Int64; p_section_text:Varchar2; p_chapter_no:Varchar2; o_cursor:RefCursor","o_cursor:RefCursor:Output","REF_ID; REFERENCE_SOURCE_TYPE; SOURCE_PK_ID; MANUAL_ID; SECTION_TEXT; CHAPTER_NO; SUB_SECTION_NO; TITLE_OR_HEADING; DISPLAY_TEXT",""
"DBConnection.FAD.cs","GetReferenceDetailByRefId","public","2447","2482","PKG_FAD.P_GET_REFERENCE_DETAIL_BY_ID","p_ref_id:Int64; o_cursor:RefCursor","o_cursor:RefCursor:Output","REF_ID; REFERENCE_SOURCE_TYPE; SOURCE_PK_ID; MANUAL_ID; REFERENCE_TYPE; DIVISION; INSTRUCTION_DATE; SECTION_TEXT; CHAPTER_NO; SUB_SECTION_NO; TITLE_OR_HEADING; DISPLAY_TEXT",""
"DBConnection.FAD.Risk.cs","P_SAVE_KPI_MAIN","public","12","36","PKG_FAD_RISK.P_SAVE_KPI_MAIN","p_kpi_main_id:Int32; p_code:Varchar2; p_name:Varchar2; p_display_order:Int32; p_is_active:Char","","p_kpi_main_id",""
"DBConnection.FAD.Risk.cs","P_SAVE_KPI_SUB","public","42","70","PKG_FAD_RISK.P_SAVE_KPI_SUB","p_kpi_sub_id:Int32; p_kpi_main_id:Int32; p_code:Varchar2; p_name:Varchar2; p_weightage:Decimal; p_display_order:Int32; p_is_active:Char","","p_kpi_sub_id",""
"DBConnection.FAD.Risk.cs","P_SAVE_PROCESS","public","76","104","PKG_FAD_RISK.P_SAVE_PROCESS","p_process_id:Int32; p_kpi_sub_id:Int32; p_code:Varchar2; p_name:Varchar2; p_weightage:Decimal; p_display_order:Int32; p_is_active:Char","","p_process_id",""
"DBConnection.FAD.Risk.cs","P_SAVE_SUB_PROCESS","public","110","136","PKG_FAD_RISK.P_SAVE_SUB_PROCESS","p_sub_process_id:Int32; p_process_id:Int32; p_code:Varchar2; p_name:Varchar2; p_gravity_id:Int32; p_is_active:Char","","p_sub_process_id",""
"DBConnection.FAD.Risk.cs","P_SAVE_ANNEXURE","public","142","164","PKG_FAD_RISK.P_SAVE_ANNEXURE","p_annexure_id:Int32; p_code:Varchar2; p_name:Varchar2; p_is_active:Char","","p_annexure_id",""
"DBConnection.FAD.Risk.cs","P_SAVE_SUBPROC_ANNEX","public","170","187","PKG_FAD_RISK.P_SAVE_SUBPROC_ANNEX","p_sub_process_id:Int32; p_annexure_id:Int32; p_is_active:Char","","",""
"DBConnection.FAD.Risk.cs","P_GET_KPI_MAIN","public","193","210","PKG_FAD_RISK.P_GET_KPI_MAIN","o_cursor:RefCursor","","",""
"DBConnection.FAD.Risk.cs","P_GET_KPI_SUB","public","216","234","PKG_FAD_RISK.P_GET_KPI_SUB","p_kpi_main_id:Int32; o_cursor:RefCursor","","",""
"DBConnection.FAD.Risk.cs","P_GET_PROCESS","public","240","258","PKG_FAD_RISK.P_GET_PROCESS","p_kpi_sub_id:Int32; o_cursor:RefCursor","","",""
"DBConnection.FAD.Risk.cs","P_GET_SUB_PROCESS","public","264","282","PKG_FAD_RISK.P_GET_SUB_PROCESS","p_process_id:Int32; o_cursor:RefCursor","","",""
"DBConnection.FAD.Risk.cs","P_GET_ANNEXURE","public","288","305","PKG_FAD_RISK.P_GET_ANNEXURE","o_cursor:RefCursor","","",""
"DBConnection.FAD.Risk.cs","P_GET_SUBPROC_ANNEX","public","311","329","PKG_FAD_RISK.P_GET_SUBPROC_ANNEX","p_sub_process_id:Int32; o_cursor:RefCursor","","",""
"DBConnection.FAD.Risk.cs","P_GET_GRAVITY","public","335","352","PKG_FAD_RISK.P_GET_GRAVITY","o_cursor:RefCursor","","",""
"DBConnection.FRPT.cs","GetReportEntities","public","77","126","PKG_FRPT.P_GET_REPORT_ENTITY","P_USER_ENT_ID:Int32; O_CURSOR:RefCursor","","ENG_ID; ENTITY_ID; ENTITY_TYPE; AUDIT_TYPE; ENTITY_NAME; AUDIT_PERIOD",""
"DBConnection.FRPT.cs","IsFieldAuditReportFinal","public","128","150","PKG_FRPT.P_IS_REPORT_FINAL","P_ENG_ID:Int32; O_IS_FINAL:Int32","","",""
"DBConnection.FRPT.cs","GetFieldAuditReportOverview","public","156","277","PKG_FRPT.P_GET_REPORT_OVERVIEW","P_ENG_ID:Int32; O_CURSOR:RefCursor","","",""
"DBConnection.FRPT.cs","GetFieldAuditNarrativeSections","public","283","312","PKG_FRPT.P_GET_NARRATIVE_SECTIONS","P_ENG_ID:Int32; O_CURSOR:RefCursor","","SECTION_CODE; SECTION_TITLE; DISPLAY_ORDER; IS_MANDATORY; TEXT_BLOCK",""
"DBConnection.FRPT.cs","GetFieldAuditObservationCount","public","314","340","PKG_FRPT.P_GET_OBSERVATION_COUNT","P_ENG_ID:Int32; O_CURSOR:RefCursor","","NO_OF_PARAS",""
"DBConnection.FRPT.cs","GetFieldAuditObservationDetails","public","342","435","PKG_FRPT.P_GET_OBSERVATION_DETAILS","P_ENG_ID:Int32; O_CURSOR:RefCursor","","",""
"DBConnection.FRPT.cs","public","public","437","491","PKG_FRPT.P_SAVE_PARA_NARRATIVE","P_ENG_ID:Int32; P_PARA_ID:Int32; P_IMPLICATIONS:Clob; P_RECOMMENDATIONS:Clob; P_MGMT_COMMENTS:Clob; P_AUDITOR_COMMENTS:Clob; P_SVP_REMARKS:Clob; P_ACTION:Varchar2; P_USER_ID:Int32; O_STATUS:Int32; O_MESSAGE:Varchar2","","",""
"DBConnection.FRPT.cs","SaveFieldAuditTextBlock","public","493","508","PKG_FRPT.P_SAVE_TEXT_BLOCK","P_ENG_ID:Int32; P_SECTION_CODE:Varchar2; P_TEXT_BLOCK:Clob","","",""
"DBConnection.FRPT.cs","GetStaffDesignationOptions","public","514","540","PKG_FRPT.P_GET_STAFF_DESIGNATIONS","P_ENG_ID:Int32; O_CURSOR:RefCursor","","CODE; LABEL",""
"DBConnection.FRPT.cs","GetKpiOptions","public","542","569","PKG_FRPT.P_GET_KPI_OPTIONS","P_ENG_ID:Int32; O_CURSOR:RefCursor","","KPI_CODE; KPI_LABEL; UNIT",""
"DBConnection.FRPT.cs","GetNplCategoryOptions","public","571","597","PKG_FRPT.P_GET_NPL_CATEGORIES","P_ENG_ID:Int32; O_CURSOR:RefCursor","","CODE; LABEL",""
"DBConnection.FRPT.cs","GetFieldAuditKpiSnapshots","public","599","629","PKG_FRPT.P_GET_KPI_SNAPSHOT","P_ENG_ID:Int32; O_CURSOR:RefCursor","","KPI_CODE; KPI_LABEL; PERIOD_END; ACTUAL_VALUE; TARGET_VALUE; UNIT",""
"DBConnection.FRPT.cs","SaveFieldAuditKpiSnapshot","public","631","653","PKG_FRPT.P_SAVE_KPI_SNAPSHOT","P_ENG_ID:Int32; P_ENTITY_ID:Int32; P_KPI_CODE:Varchar2; P_KPI_LABEL:Varchar2; P_PERIOD_END:Date; P_ACTUAL_VALUE:Decimal; P_TARGET_VALUE:Decimal; P_UNIT:Varchar2","","",""
"DBConnection.FRPT.cs","GetFieldAuditStatistics","public","655","684","PKG_FRPT.P_GET_PDF_STATISTICS","P_ENG_ID:Int32; P_REPORT_VERSION:Int32; O_CURSOR:RefCursor","","RISK_LEVEL; REPORTED_COUNT; RECTIFIED_COUNT; OUTSTANDING_COUNT",""
"DBConnection.FRPT.cs","GetPdfStatistics","public","690","721","PKG_FRPT.P_GET_PDF_STATISTICS","P_ENG_ID:Int32; P_REPORT_VERSION:Int32; O_CURSOR:RefCursor","","",""
"DBConnection.FRPT.cs","SavePdfStatistics","public","723","741","PKG_FRPT.P_SAVE_PDF_STATISTICS","P_ENG_ID:Int32; P_REPORT_VERSION:Int32; P_ROWS_JSON:Clob; P_USER_PPNO:Varchar2","","",""
"DBConnection.FRPT.cs","GetIncomeLeakage","public","743","772","PKG_FRPT.P_GET_INCOME_LEAKAGE","P_ENG_ID:Int32; P_REPORT_VERSION:Int32; O_CURSOR:RefCursor","","",""
"DBConnection.FRPT.cs","SaveIncomeLeakage","public","774","792","PKG_FRPT.P_SAVE_INCOME_LEAKAGE","P_ENG_ID:Int32; P_REPORT_VERSION:Int32; P_ROWS_JSON:Clob; P_USER_PPNO:Varchar2","","",""
"DBConnection.FRPT.cs","GetOverallConclusion","public","794","823","PKG_FRPT.P_GET_OVERALL_CONCLUSION","P_ENG_ID:Int32; P_REPORT_VERSION:Int32; O_CURSOR:RefCursor","","",""
"DBConnection.FRPT.cs","SaveOverallConclusion","public","825","845","PKG_FRPT.P_SAVE_OVERALL_CONCLUSION","P_ENG_ID:Int32; P_REPORT_VERSION:Int32; P_OVERALL_CONCLUSION_HTML:Clob; P_NON_ADDRESSABLE_HTML:Clob; P_FRAUD_PRONE_HTML:Clob; P_REGULATORY_HTML:Clob; P_SAFETY_SECURITY_HTML:Clob; P_USER_PPNO:Varchar2","","",""
"DBConnection.FRPT.cs","LoadColumnMap","private","847","856","","","","",""
"DBConnection.FRPT.cs","GetOptionalString","private","858","877","","","","",""
"DBConnection.FRPT.cs","GetOptionalInt","private","879","898","","","","",""
"DBConnection.FRPT.cs","GetOptionalDecimal","private","900","919","","","","",""
"DBConnection.FRPT.cs","GetFieldAuditTeamDetails","public","921","924","","","","",""
"DBConnection.FRPT.cs","GetFieldAuditNplSnapshots","public","930","959","PKG_FRPT.P_GET_NPL_SNAPSHOT","P_ENG_ID:Int32; O_CURSOR:RefCursor","","CATEGORY; PERIOD_END; CASE_COUNT; OUTSTANDING_AMOUNT; PROVISION_AMOUNT",""
"DBConnection.FRPT.cs","SaveFieldAuditNplSnapshot","public","961","979","PKG_FRPT.P_SAVE_NPL_SNAPSHOT","P_ENG_ID:Int32; P_CATEGORY:Varchar2; P_PERIOD_END:Date; P_CASE_COUNT:Int32; P_OUTSTANDING_AMOUNT:Decimal; P_PROVISION_AMOUNT:Decimal","","",""
"DBConnection.FRPT.cs","GetFieldAuditStaffSnapshots","public","985","1013","PKG_FRPT.P_GET_STAFF_SNAPSHOT","P_ENG_ID:Int32; O_CURSOR:RefCursor","","PP_NO; NAME; RANK; DESIGNATION",""
"DBConnection.FRPT.cs","SaveFieldAuditStaffSnapshot","public","1015","1032","PKG_FRPT.P_SAVE_STAFF_SNAPSHOT","P_ENG_ID:Int32; P_PP_NO:Int32; P_NAME:Varchar2; P_RANK:Varchar2; P_DESIGNATION:Varchar2","","",""
"DBConnection.FRPT.cs","GetFieldAuditReportChecklist","public","1035","1054","","","","",""
"DBConnection.FRPT.cs","HasFieldAuditReportData","public","1056","1067","","","","",""
"DBConnection.FRPT.cs","HasFieldAuditRows","private","1069","1087","","P_ENG_ID:Int32","","",""
"DBConnection.FRPT.cs","GetFieldAuditEntityId","private","1089","1093","","","","",""
"DBConnection.FRPT.cs","FinalizeFieldAuditReport","public","1101","1145","PKG_FRPT.P_FINALIZE_REPORT","P_ENG_ID:Int32; IO_CURSOR:RefCursor","IO_CURSOR:RefCursor:Output","REMARKS","PROCEDURE."
"DBConnection.FRPT.cs","EnsureConnectionOpen","private","1147","1153","","","","",""
"DBConnection.FRPT.Pdf.cs","GetFieldAuditReportPdfData","public","17","33","","","","",""
"DBConnection.FRPT.Pdf.cs","GetFieldAuditPdfOverallConclusion","private","35","51","","","","",""
"DBConnection.FRPT.Pdf.cs","IsEngagementAllowedForPdf","public","53","91","PKG_FRPT.P_GET_ALLOWED_PDF_ENGS","P_PP_NO:Int32; P_R_ID:Int32; P_ENT_ID:Int32; O_CURSOR:RefCursor","","",""
"DBConnection.FRPT.Pdf.cs","GetAllowedPdfEngagementDetails","public","93","128","PKG_FRPT.P_GET_ALLOWED_PDF_ENG_DETAILS","P_PP_NO:Int32; P_R_ID:Int32; P_ENT_ID:Int32; O_CURSOR:RefCursor","","",""
"DBConnection.FRPT.Pdf.cs","GetFieldAuditPdfHeader","public","134","170","PKG_FRPT.P_GET_PDF_HEADER","P_ENG_ID:Int32; P_REPORT_VERSION:Int32; O_CURSOR:RefCursor","","",""
"DBConnection.FRPT.Pdf.cs","GetFieldAuditPdfReportMeta","public","176","204","PKG_FRPT.P_GET_PDF_REPORT_META","P_ENG_ID:Int32; P_REPORT_VERSION:Int32; O_CURSOR:RefCursor","","",""
"DBConnection.FRPT.Pdf.cs","GetFieldAuditPdfSections","public","210","240","PKG_FRPT.P_GET_PDF_SECTIONS","P_ENG_ID:Int32; P_REPORT_VERSION:Int32; O_CURSOR:RefCursor","","IS_MANDATORY",""
"DBConnection.FRPT.Pdf.cs","GetFieldAuditPdfKpiSnapshot","public","246","277","PKG_FRPT.P_GET_PDF_KPI","P_ENG_ID:Int32; P_REPORT_VERSION:Int32; O_CURSOR:RefCursor","","",""
"DBConnection.FRPT.Pdf.cs","GetFieldAuditPdfNplSnapshot","public","283","313","PKG_FRPT.P_GET_PDF_NPL","P_ENG_ID:Int32; P_REPORT_VERSION:Int32; O_CURSOR:RefCursor","","",""
"DBConnection.FRPT.Pdf.cs","GetFieldAuditPdfStaffSnapshot","public","319","348","PKG_FRPT.P_GET_PDF_STAFF","P_ENG_ID:Int32; P_REPORT_VERSION:Int32; O_CURSOR:RefCursor","","",""
"DBConnection.FRPT.Pdf.cs","GetFieldAuditPdfParas","public","354","405","PKG_FRPT.R_GETAUDITEEPARAS","ENGID:Int32; ENT_ID:Int32; P_NO:Int32; R_ID:Int32; T_CURSOR:RefCursor","","",""
"DBConnection.FRPT.Pdf.cs","GetFieldAuditPdfStatistics","public","411","440","PKG_FRPT.P_GET_PDF_STATISTICS","P_ENG_ID:Int32; P_REPORT_VERSION:Int32; O_CURSOR:RefCursor","","",""
"DBConnection.FRPT.Pdf.cs","GetFieldAuditPdfIncomeLeakage","public","446","474","PKG_FRPT.P_GET_PDF_INCOME_LEAKAGE","P_ENG_ID:Int32; P_REPORT_VERSION:Int32; O_CURSOR:RefCursor","","",""
"DBConnection.FRPT.Pdf.cs","GetOptionalString","private","498","508","","","","",""
"DBConnection.HD.cs","GetUserName","public","16","48","pkg_hd.p_ppno_name","ppno:Int32; ENT_ID:Int32; P_NO:Int32; R_ID:Int32; T_CURSOR:RefCursor","T_CURSOR:RefCursor:Output","EMPLOYEE_NAME",""
"DBConnection.HD.cs","GetZoneBranches","public","50","85","pkg_hd.P_GetOldParasEntityid","Entityid:Int32; ENT_ID:Int32; P_NO:Int32; R_ID:Int32; T_CURSOR:RefCursor","T_CURSOR:RefCursor:Output","branchentityid; branchname",""
"DBConnection.HD.cs","GetEntityObservationDetails","public","87","125","pkg_hd.P_get_audit_pre_Concluding","engid:Int32; ENT_ID:Int32; P_NO:Int32; R_ID:Int32; T_CURSOR:RefCursor","T_CURSOR:RefCursor:Output","id; ob_status; final_para_no; headings; STATUS; severity",""
"DBConnection.HD.cs","GetOldParasObservationResponsiblePPNOsUpdatedByImp","public","127","157","pkg_hd.P_GetOldParasforfinalsettlement_responsibles","paraRef:Varchar2; OBSID:Varchar2; P_C:Varchar2; T_CURSOR:RefCursor","T_CURSOR:RefCursor:Output","EMP_NAME",""
"DBConnection.HD.cs","GetFinalizedDraftObservations","public","159","212","pkg_hd.P_GetFinalizedDraftObservations","ENGID:Int32; ENT_ID:Int32; P_NO:Int32; R_ID:Int32; T_CURSOR:RefCursor","T_CURSOR:RefCursor:Output","OBS_ID; OBS_RISK_ID; OBS_STATUS_ID; MEMO_NO; DRAFT_PARA; FINAL_PARA; ENTITY_NAME; TITLE; OBS_STATUS; OBS_RISK; PERIOD",""
"DBConnection.HD.cs","GetFinalizedDraftObservationsBranch","public","214","272","pkg_hd.P_GetFinalizedDraftObservationsbranch","ENGID:Int32; ENT_ID:Int32; P_NO:Int32; R_ID:Int32; T_CURSOR:RefCursor","T_CURSOR:RefCursor:Output","OBS_ID; OBS_RISK_ID; OBS_STATUS_ID; MEMO_NO; DRAFT_PARA; FINAL_PARA; PROCESS; SUB_PROCESS; CHECK_LIST_DETAIL; HEADINGS; ENTITY_NAME; OBS_STATUS; OBS_RISK; PERIOD",""
"DBConnection.HD.cs","GetOldParas","public","274","310","pkg_hd.P_GetOldParas","ENTITYID:Int32; AUDITPERIOD:Int32; T_CURSOR:RefCursor","T_CURSOR:RefCursor:Output","ID; REF_P; ENTITY_ID; ENTITY_CODE; TYPE_ID; AUDIT_PERIOD; ENTITY_NAME; PARA_NO; GIST_OF_PARAS; ANNEXURE; AMOUNT_INVOLVED; VOL_I_II; AUDITED_BY; AUDITEDBY",""
"DBConnection.HD.cs","GetOldSettledParasForResponse","public","312","357","pkg_hd.P_GetOldParasForResponse","UserEntityId:Int32; ENTITYID:Int32; R_ID:Int32; T_CURSOR:RefCursor","T_CURSOR:RefCursor:Output","ID; REF_P; AU_OBS_ID; ENTITY_ID; ENTITY_CODE; AUDIT_PERIOD; ENTITY_NAME; PARA_NO; GIST_OF_PARAS; AMOUNT_INVOLVED; IND; PARA_STATUS",""
"DBConnection.HD.cs","GetCurrentParasForStatusChangeRequest","public","359","399","pkg_hd.P_GetnewParasForResponse","UserEntityId:Int32; ENTITYID:Int32; T_CURSOR:RefCursor","T_CURSOR:RefCursor:Output","ID; ENTITY_ID; ENTITY_CODE; AUDIT_PERIOD; ENTITY_NAME; PARA_NO; gist_of_para; AMOUNT_INVOLVED; PARA_STATUS",""
"DBConnection.HD.cs","GetCurrentParasForStatusChangeRequestReview","public","401","440","pkg_hd.P_GetnewParasForResponse_reviewer","UserEntityId:Int32; T_CURSOR:RefCursor","T_CURSOR:RefCursor:Output","ID; ENTITY_ID; ENTITY_CODE; AUDIT_PERIOD; ENTITY_NAME; PARA_NO; gist_of_para; AMOUNT_INVOLVED; remarks; PARA_STATUS",""
"DBConnection.HD.cs","GetManageLegacyParas","public","442","485","pkg_hd.P_GetOldParas","ENTITYID:Int32; T_CURSOR:RefCursor","T_CURSOR:RefCursor:Output","ID; REF_P; ENTITY_ID; ENTITY_CODE; TYPE_ID; AUDIT_PERIOD; ENTITY_NAME; PARA_NO; GIST_OF_PARAS; ANNEXURE; AMOUNT_INVOLVED; VOL_I_II; AUDITED_BY; AUDITEDBY",""
"DBConnection.HD.cs","GetCurrentParasEntitiesForStatusChange","public","487","520","pkg_hd.P_GetEntitiesForNewPara","ENTITYID:Int32; T_CURSOR:RefCursor","T_CURSOR:RefCursor:Output","ENTITY_ID; ENG_ID; NAME",""
"DBConnection.HD.cs","UpdateOldParasStatus","public","522","548","pkg_hd.P_UpdateOldParasFadsettleunsettle","PPNO:Int32; PID:Int32;  NEW_STATUS :Int32","","",""
"DBConnection.HD.cs","GetObservationEntities","public","550","585","pkg_hd.P_get_audit_pre_Concluding_entities","userentityid:Int32; T_CURSOR:RefCursor","T_CURSOR:RefCursor:Output","CODE; entity_name; ENTITY_ID; eng_id; TYPE_ID",""
"DBConnection.HD.cs","GetObservationEntitiesForPreConcluding","public","587","621","pkg_hd.P_get_audit_pre_Concluding_entities","userentityid:Int32; PAGE_ID:Int32; T_CURSOR:RefCursor","T_CURSOR:RefCursor:Output","ENTITY_NAME; ENG_ID; TYPE_ID",""
"DBConnection.HD.cs","GetSettledPostCompliancesForMonitoring","public","623","686","pkg_hd.P_GetSettledParasForReview","P_NO:Int32; ENT_ID:Int32; R_ID:Int32; MON:Varchar2; YR:Varchar2; T_CURSOR:RefCursor","T_CURSOR:RefCursor:Output","COM_ID; ENTITY_ID; NAME; COM_KEY; NEW_PARAID; old_para_id; PARA_STATUS; ind; rsk; gist_of_paras; audit_period; para_no; STELLED_ON; COM_STAGE; COM_STATUS; COM_CYCLE; COM_UNIT; SETTLED_BY; REVIEWED_BY",""
"DBConnection.HD.cs","GetOldParasBranchComplianceTextForImpIncharge","public","688","724","pkg_hd.P_GetOldParasforsettlementext","Entityid:Int32; pid:Int32; OBS_ID:Varchar2; refP:Varchar2; P_C:Varchar2; T_CURSOR:RefCursor","T_CURSOR:RefCursor:Output","para_text; gist_of_paras",""
"DBConnection.HD.cs","GetOldParasReferredBackBranchComplianceTextForImpIncharge","public","726","763","pkg_hd.P_GetOldParasforsettlementext_referedack","Entityid:Int32; pid:Int32; refP:Varchar2; OBS_ID:Varchar2; P_C:Varchar2; T_CURSOR:RefCursor","T_CURSOR:RefCursor:Output","para_text; gist_of_paras",""
"DBConnection.HD.cs","GetOldParasBranchComplianceTextForHeadAZ","public","765","802","pkg_hd.P_GetOldParasforfinalsettlementext","Entityid:Int32; OBS_ID:Varchar2; refP:Varchar2; PID:Int32; P_C:Varchar2; T_CURSOR:RefCursor","T_CURSOR:RefCursor:Output","para_text; gist_of_paras",""
"DBConnection.HD.cs","GetComplianceForImpZone","public","804","849","pkg_hd.P_GetOldParasforsettlement","EntityID:Int32; T_CURSOR:RefCursor","T_CURSOR:RefCursor:Output","ID; ref_p; AU_OBS_ID; Reportingoffice; auditeename; audit_period; para_no; headings; replieddate; PARA_CATEGORY; RISK; remarks; SEQUENCE; auditedby",""
"DBConnection.HD.cs","GetReferredBackParasComplianceForImpZone","public","851","896","pkg_hd.P_GetOldParasforsettlement_ref","EntityID:Int32; T_CURSOR:RefCursor","T_CURSOR:RefCursor:Output","ID; ref_p; AU_OBS_ID; Reportingoffice; auditeename; audit_period; para_no; headings; replieddate; PARA_CATEGORY; risk; remarks; SEQUENCE; auditedby",""
"DBConnection.HD.cs","GetOldParasBranchComplianceSubmission","public","898","943","pkg_hd.P_GetOldParasforsettlement","EntityID:Int32; T_CURSOR:RefCursor","T_CURSOR:RefCursor:Output","ID; ref_p; Reportingoffice; auditeename; audit_period; para_no; gistofpara; amount_involved; reply; remarks; REVIEWER_REMARKS; submitted; c_status",""
"DBConnection.HD.cs","GetOldParasForFinalSettlement","public","945","990","pkg_hd.P_GetOldParasforfinalsettlement","EntityID:Int32; T_CURSOR:RefCursor","T_CURSOR:RefCursor:Output","REF_P; AUDITEENAME; PARA_NO; GISTOFPARA; RISK; REMARKS; AUDIT_PERIOD; REPLIEDDATE; PARA_CATEGORY; ENTITY_ID; ID; AU_OBS_ID; SEQUENCE; AUDITEDBY",""
"DBConnection.HD.cs","AddOldParasStatusUpdate","public","992","1029","pkg_hd.P_AddOldParasImpRemarks","P_NO:Int32; ENT_ID:Int32; P_C:Varchar2; OBS_ID:Varchar2; REFID:Varchar2; REMARK:Varchar2; STATUS:Varchar2; R_STATUS:Int32; SEQ_ID:Varchar2; AUDIT_ID:Varchar2; T_CURSOR:RefCursor","T_CURSOR:RefCursor:Output","remarks",""
"DBConnection.HD.cs","AddOldParasStatusPartiallySettle","public","1031","1099","pkg_hd.P_AddOldParasImpRemarks_partial_comp; pkg_hd.p_add_para_responsibility_partial_comp","P_NO:Int32; ENT_ID:Int32; P_C:Varchar2; O_B:Varchar2; REFID:Varchar2; REMARK:Varchar2; PARA_T:Clob; STATUS:Varchar2; R_STATUS:Int32; SEQ_ID:Varchar2; T_CURSOR:RefCursor; PPNO:Int32; USER_PPNO:Int32; LC_NO:Int32; LC_AMOUNT:Int32; AC_NO:Int32; AC_AMOUNT:Int32; refp:Varchar2; OBS_ID:Varchar2; A_C:Varchar2","T_CURSOR:RefCursor:Output","remarks",""
"DBConnection.HD.cs","AddOldParasheadStatusUpdate","public","1101","1140","pkg_hd.P_AddFinalsettlement","P_NO:Int32; ENT_ID:Int32; P_C:Varchar2; OBSID:Int32; REFP:Varchar2; REMARK:Varchar2; STATUS:Varchar2; R_STATUS:Int32; SEQ_ID:Varchar2; AUDIT_ID:Varchar2; AUDITEE_ID:Varchar2; T_CURSOR:RefCursor","T_CURSOR:RefCursor:Output","remarks",""
"DBConnection.HD.cs","GetOldParasForMonitoring","public","1142","1180","pkg_hd.P_GET_ALL_PARAS_MONITORING","EntityID:Int32; T_CURSOR:RefCursor","T_CURSOR:RefCursor:Output","AUDIT_PERIOD; IND; PARA_NO; GIST_OF_PARAS; ENTITY_NAME; OLD_PARA_ID; OBS_ID; PARA_RISK; COM_ID",""
"DBConnection.HD.cs","GetParaText","public","1182","1201","pkg_hd.P_GetOldParastext","para_ref:Varchar2; T_CURSOR:RefCursor","T_CURSOR:RefCursor:Output","PARA_TEXT",""
"DBConnection.HD.cs","GetAllParaText","public","1203","1222","pkg_hd.P_GET_ALL_PARA_TEXT","CM_ID:Varchar2; T_CURSOR:RefCursor","T_CURSOR:RefCursor:Output","PARA_TEXT",""
"DBConnection.HD.cs","GetOldParasForMonitoringPpno","public","1224","1271","pkg_hd.p_ppno_para","P_NO:Int32; R_ID:Int32; ENT_ID:Int32; ppno:Int32; T_CURSOR:RefCursor","T_CURSOR:RefCursor:Output","COM_ID; OLD_PARA_ID; NEW_PARA_ID; NAME; AUDIT_PERIOD; AMOUNT; CODE; PARA_STATUS; IND; PARA_NO; GIST_OF_PARAS",""
"DBConnection.HD.cs","AddChangeStatusRequestForSettledPara","public","1273","1307","pkg_hd.p_changestatusrequestforsettledpara","refp:Varchar2; au_obs_id:Int32; ind:Varchar2; NewStatus:Int32; ppno:Int32; remarks:Varchar2; T_CURSOR:RefCursor","T_CURSOR:RefCursor:Output","Remark",""
"DBConnection.HD.cs","ReviewerAddChangeStatusRequestForSettledPara","public","1309","1344","pkg_hd.P_ChangeStatusRequestForSettledPara_new_reviewer","obsid:Varchar2; P_IND:Varchar2; Remark:Varchar2; ind:Varchar2; ENT_ID:Int32; P_NO:Int32; R_ID:Int32; T_CURSOR:RefCursor","T_CURSOR:RefCursor:Output","Remark",""
"DBConnection.HD.cs","AddChangeStatusRequestForCurrentPara","public","1346","1380","pkg_hd.P_ChangeStatusRequestForSettledPara_new","obs_id:Varchar2; NewStatus:Int32; remarks:Varchar2; ENT_ID:Int32; P_NO:Int32; R_ID:Int32; T_CURSOR:RefCursor","T_CURSOR:RefCursor:Output","Remark",""
"DBConnection.HD.cs","AddObservationGistAndRecommendation","public","1382","1418","","obsid:Int32; gist:Varchar2; recom:Varchar2; ENT_ID:Int32; P_NO:Int32; R_ID:Int32; T_CURSOR:RefCursor","T_CURSOR:RefCursor:Output","remarks",""
"DBConnection.HD.cs","GetAuditConcludingEntities","public","1420","1457","pkg_hd.p_get_audit_concluding_entities","ENT_ID:Int32; P_NO:Int32; R_ID:Int32; T_CURSOR:RefCursor","T_CURSOR:RefCursor:Output","ENTITY_NAME; ENG_ID; TYPE_ID",""
"DBConnection.HD.cs","ConcludeDraftAuditReport","public","1459","1492","pkg_hd.P_Audit_Concluding","ENGID:Int32; ENT_ID:Int32; P_NO:Int32; R_ID:Int32; T_CURSOR:RefCursor","T_CURSOR:RefCursor:Output","REMARKS",""
"DBConnection.HD.cs","SubmitPreConcluding","public","1494","1525","pkg_hd.P_audit_pre_submission","engid:Int32; ENT_ID:Int32; P_NO:Int32; R_ID:Int32; T_CURSOR:RefCursor","T_CURSOR:RefCursor:Output","remarks",""
"DBConnection.HD.cs","UpdateAuditParaForFinalization","public","1527","1570","pkg_hd.P_audit_para_update_svz_az","OBID:Int32; ANXID:Int32; PROCID:Int32; SUB_PROCID:Int32; PROC_DETID:Int32; RISKID:Int32; FINAL_PARA:Int32; PARA_GIST:Varchar2; TEXT_OF_PARA:Clob; AMOUNT_INV:Int32; NO_INST:Int32; P_REFERENCE_ID:Int64; P_NO:Int32; ENT_ID:Int32; R_ID:Int32; T_CURSOR:RefCursor","T_CURSOR:RefCursor:Output","remarks",""
"DBConnection.HD.cs","UpdateAuditParaForFinalizationHO","public","1572","1609","pkg_hd.P_audit_para_update_head_dept","OBID:Int32; VID:Int32; VNATURE_ID:Int32; RISKID:Int32; PARA_GIST:Varchar2; TEXT_OF_PARA:Clob; P_NO:Int32; ENT_ID:Int32; R_ID:Int32; T_CURSOR:RefCursor","T_CURSOR:RefCursor:Output","remarks",""
"DBConnection.HD.cs","GetAuditeeEntitiesType","public","1611","1645","pkg_hd.P_GetAuditEntitiestype","ENTITYID:Int32; T_CURSOR:RefCursor","T_CURSOR:RefCursor:Output","TYPEID; E_NAME",""
"DBConnection.HD.cs","GetAuditEntitiesByTypeId","public","1647","1682","pkg_hd.P_GetAuditEntities","TYPEID:Int32; ENTITYID:Int32; T_CURSOR:RefCursor","T_CURSOR:RefCursor:Output","ENTITY_ID; E_NAME",""
"DBConnection.HD.cs","GetAuditYearForAddLegacyPara","public","1684","1717","pkg_hd.P_GetAuditYear","T_CURSOR:RefCursor","T_CURSOR:RefCursor:Output","audit_year; period",""
"DBConnection.HD.cs","GetAuditNatureForAddLegacyPara","public","1719","1752","pkg_hd.P_GetAuditnature","T_CURSOR:RefCursor","T_CURSOR:RefCursor:Output","NID; DESCRIPTION",""
"DBConnection.HD.cs","AddNewLegacyPara","public","1754","1798","pkg_hd.P_add_legacy_Para","typeid:Int32; audityear:Varchar2; PARANO:Varchar2; GIST:Varchar2; ANEXURE:Varchar2; amount:Varchar2; VOL:Varchar2; Entityid:Int32; USER_ENT_ID:Int32; nature:Int32; ppno:Int32; T_CURSOR:RefCursor","T_CURSOR:RefCursor:Output","remarks",""
"DBConnection.HD.cs","GetAddedLegacyParaForAuthorize","public","1800","1842","pkg_hd.P_get_legacy_para_to_authorize","ENTITY_ID:Int32; T_CURSOR:RefCursor","T_CURSOR:RefCursor:Output","REF_P; ANNEXURE; VOL_I_II; PARA_NO; GIST_OF_PARAS; AUDIT_YEAR; E_CODE; NATURE; E_NAME; AMOUNT_INVOLVED",""
"DBConnection.HD.cs","AuthorizeLegacyParaAddition","public","1844","1877","pkg_hd.P_Authorize_legacy_para_addition","REFP:Varchar2; PPNO:Int32; T_CURSOR:RefCursor","T_CURSOR:RefCursor:Output","Remarks",""
"DBConnection.HD.cs","DeleteLegacyParaAdditionRequest","public","1879","1911","pkg_hd.P_referedback_Del_para","REFP:Varchar2; PPNO:Int32; T_CURSOR:RefCursor","T_CURSOR:RefCursor:Output","Remarks",""
"DBConnection.HD.cs","GetNewParaText","public","1913","1933","pkg_hd.P_GetnewParastext","OBS_ID:Varchar2; T_CURSOR:RefCursor","T_CURSOR:RefCursor:Output","text",""
"DBConnection.HD.cs","RequestDeleteDuplicatePara","public","1935","1984","pkg_hd.P_ADD_DUPLICATE_PARAS","o_para_id:Int32; n_para_id:Int32; p_ind:Varchar2; r_remarks:Varchar2; P_NO:Int32; ENT_ID:Int32; R_ID:Int32; T_CURSOR:RefCursor","T_CURSOR:RefCursor:Output","remarks",""
"DBConnection.HD.cs","GetDuplicateParasAuthorizationEntityList","public","1986","2020","pkg_hd.P_GET_DUPLICATE_PARAS_ENT_FOR_AUTH","P_NO:Int32; ENT_ID:Int32; R_ID:Int32; T_CURSOR:RefCursor","T_CURSOR:RefCursor:Output","name; ENTITY_ID",""
"DBConnection.HD.cs","GetDuplicateParasForAuthorization","public","2022","2070","pkg_hd.P_GET_DUPLICATE_PARAS_FOR_AUTH","P_NO:Int32; ENT_ID:Int32; R_ID:Int32; T_CURSOR:RefCursor","T_CURSOR:RefCursor:Output","d_id; old_para_id; new_para_id; entity_id; EntityName; audit_period; gist_of_paras; para_no; ind; risk; instances; amount; annex; added_by; added_on; remarks",""
"DBConnection.HD.cs","RejectDeleteDuplicatePara","public","2072","2118","pkg_hd.P_REJECT_DUPLICATE_PARAS","did:Int32; P_NO:Int32; ENT_ID:Int32; R_ID:Int32; T_CURSOR:RefCursor","T_CURSOR:RefCursor:Output","remarks",""
"DBConnection.HD.cs","AuthDeleteDuplicatePara","public","2120","2166","pkg_hd.P_AUTH_DUPLICATE_PARAS","did:Int32; P_NO:Int32; ENT_ID:Int32; R_ID:Int32; T_CURSOR:RefCursor","T_CURSOR:RefCursor:Output","remarks",""
"DBConnection.HD.cs","GetObservationDetailsById","public","2168","2215","pkg_hd.P_GET_OBSERVATION_DETAILS_FROM_ID","obid:Int32; P_NO:Int32; R_ID:Int32; ENT_ID:Int32; T_CURSOR:RefCursor","T_CURSOR:RefCursor:Output","annex_id; t_id; s_id; d_id; severity; headings; text; reply; recommendation; amount_involved; no_of_instances; DSA; engplanid; REFERENCE_ID",""
"DBConnection.HD.cs","GetObservationDetailsByIdHO","public","2217","2258","pkg_hd.P_GET_OBSERVATION_DETAILS_FROM_ID_HO","obid:Int32; P_NO:Int32; R_ID:Int32; ENT_ID:Int32; T_CURSOR:RefCursor","T_CURSOR:RefCursor:Output","control_violation; nature_id; severity; headings; text; reply; recommendation",""
"DBConnection.HD.cs","GetObservationDetailsByIdForPreConcluding","public","2260","2310","pkg_hd.P_GET_OBSERVATION_DETAILS_FROM_ID_PRE_CON","obid:Int32; P_NO:Int32; R_ID:Int32; ENT_ID:Int32; T_CURSOR:RefCursor","T_CURSOR:RefCursor:Output","annex_id; t_id; s_id; d_id; severity; headings; Final_PARA_NO; text; reply; recommendation; head_recom; qa_recom; qa_gist; amount_involved; no_of_instances; engplanid; REFERENCE_ID",""
"DBConnection.HD.cs","GetObservationDetailsByIdForPreConcludingHO","public","2312","2361","pkg_hd.P_GET_OBSERVATION_DETAILS_FROM_ID_PRE_CON_HO","obid:Int32; P_NO:Int32; R_ID:Int32; ENT_ID:Int32; T_CURSOR:RefCursor","T_CURSOR:RefCursor:Output","annex_id; t_id; s_id; d_id; severity; headings; text; reply; recommendation; head_recom; qa_recom; qa_gist; amount_involved; no_of_instances; engplanid; REFERENCE_ID",""
"DBConnection.HD.cs","UploadAuditReport","public","2363","2414","pkg_hd.P_UPLOAD_AUDIT_REPORT","ENGID:Int32; AREP:Clob; REP_TYPE:Varchar2; REP_NAME:Varchar2; P_NO:Int32; R_ID:Int32; ENT_ID:Int32; T_CURSOR:RefCursor","T_CURSOR:RefCursor:Output","remarks",""
"DBConnection.HD.cs","GetAuditReports","public","2416","2454","pkg_hd.P_GET_FINAL_AUDIT_REPORT","ENGID:Int32; P_NO:Int32; R_ID:Int32; ENT_ID:Int32; T_CURSOR:RefCursor","T_CURSOR:RefCursor:Output","ID; ENTITY_ID; ENTITY_NAME; AUDIT_PERIOD",""
"DBConnection.HD.cs","GetAuditReportContent","public","2456","2501","pkg_hd.P_GET_AUDIT_REPORT_CONTENT","FILE_ID:Varchar2; P_NO:Int32; R_ID:Int32; ENT_ID:Int32; T_CURSOR:RefCursor","T_CURSOR:RefCursor:Output","id; doc_type; doc_name",""
"DBConnection.HD.cs","GetCheckAuditReportExisits","public","2503","2538","pkg_hd.P_GET_CHECK_AUDIT_REPORT_UPLOADED","ENGID:Int32; P_NO:Int32; R_ID:Int32; ENT_ID:Int32; T_CURSOR:RefCursor","T_CURSOR:RefCursor:Output","ID; doc_type; doc_name",""
"DBConnection.HD.cs","GetParasForStatusChange","public","2540","2580","pkg_hd.P_Get_Paras_For_Status_Change","ENT_ID:Int32; R_ID:Int32; ENTITYID:Int32; T_CURSOR:RefCursor","T_CURSOR:RefCursor:Output","COM_ID; OLD_PARA_ID; NEW_PARA_ID; AUDIT_PERIOD; PARA_NO; gist_of_paras; RISK; IND; PARA_STATUS",""
"DBConnection.HD.cs","AddChangeStatusRequestForPara","public","2582","2618","pkg_hd.P_Add_Paras_For_Status_Change","C_ID:Int32; NewStatus:Int32; remarks:Varchar2; IND:Varchar2; Action_IND:Varchar2; ENT_ID:Int32; P_NO:Int32; R_ID:Int32; T_CURSOR:RefCursor","T_CURSOR:RefCursor:Output","Remark",""
"DBConnection.HD.cs","GetParasForStatusChangeToAuthorize","public","2620","2659","pkg_hd.P_Get_Paras_For_Status_Change_For_Authorize","ENT_ID:Int32; T_CURSOR:RefCursor","T_CURSOR:RefCursor:Output","COM_ID; OLD_PARA_ID; NEW_PARA_ID; AUDIT_PERIOD; PARA_NO; gist_of_paras; RISK; IND; OLD_PARA_STATUS; NEW_PARA_STATUS",""
"DBConnection.HD.cs","AuthorizeChangeStatusRequestForPara","public","2661","2698","pkg_hd.P_Authorize_Paras_For_Status","C_ID:Int32; N_PARA_ID:Int32; O_PARA_ID:Int32; remarks:Varchar2; IND:Varchar2; Action_IND:Varchar2; ENT_ID:Int32; P_NO:Int32; R_ID:Int32; T_CURSOR:RefCursor","T_CURSOR:RefCursor:Output","Remark",""
"DBConnection.HD.cs","GetBackOfficeDashboardEngagements","public","2699","2735","pkg_hd.P_get_BackOfficeDashboardEngagements","ENT_ID:Int32; P_NO:Int32; R_ID:Int32; T_CURSOR:RefCursor","T_CURSOR:RefCursor:Output","ENTITY_NAME; ENG_ID; TYPE_ID",""
"DBConnection.HD.cs","AddOldParas","public","2737","2783","pkg_hd.P_AddOldParas; pkg_ais.P_AddOldParasResponsibilityAssigned","PROCESS:Int32; SUBPROCESS:Int32; PROCESSDETAIL:Int32; PPNO:Int32; REPLYTEXT:Clob; PID:Clob; REF_P:Int32","","",""
"DBConnection.IID.cs","SafeOracleNullableIntValue","private","16","36","","","","",""
"DBConnection.IID.cs","SafeOracleIntValue","private","38","41","","","","",""
"DBConnection.IID.cs","IsOracleTrue","private","43","75","","","","",""
"DBConnection.IID.cs","SafeOracleNullableLongValue","private","77","97","","","","",""
"DBConnection.IID.cs","ParseSessionPpNumber","private","99","102","","","","",""
"DBConnection.IID.cs","SubmitComplaint","public","104","122","","","","",""
"DBConnection.IID.cs","public","public","124","156","PKG_INQ.P_CREATE_COMPLAINT_HDR","P_INTAKE_CHANNEL:Varchar2; P_SUBMITTED_BY_PP_NO:Decimal; P_COMPLAINT_ID:Decimal; P_COMPLAINT_NO:Varchar2","P_COMPLAINT_ID:Decimal:Output; P_COMPLAINT_NO:Varchar2:Output","P_COMPLAINT_ID; P_COMPLAINT_NO",""
"DBConnection.IID.cs","SaveComplaintIAID","public","158","195","PKG_INQ.P_SAVE_COMPLAINT_IAID","P_COMPLAINT_ID:Int32; P_NATURE:Varchar2; P_CATEGORY:Varchar2; P_RECEIVED_FROM:Varchar2; P_LOCATION_TYPE_ID:Int32; P_GM_OFFICE_ID:Int32; P_REGION_ID:Int32; P_BRANCH_ID:Int32; P_COMPLAINANT_NAME:Varchar2; P_CNIC:Varchar2; P_CELLULAR_NUMBER:Varchar2; P_MAILING_ADDRESS:Varchar2; P_GENDER:Varchar2; P_CONTENTS:Clob; P_UPLOADED_COMPLAINT:Varchar2; P_UPLOADED_FFR:Varchar2; P_UPLOADED_EVIDENCE:Varchar2; P_ACTION_REQUIRED:Varchar2","","",""
"DBConnection.IID.cs","SaveFFRPart1","public","197","249","PKG_INQ.P_SAVE_FFR_P1","P_COMPLAINT_ID:Int32; P_LOCATION_TYPE_ID:Int32; P_GM_OFFICE_ID:Int32; P_REGION_ID:Int32; P_BRANCH_ID:Int32; P_ORIG_DEPT_SOURCE:Varchar2; P_NATURE:Varchar2; P_REFERENCE_NO:Varchar2; P_FFR_DATE:Date; P_INCIDENT_DATE:Date; P_INCIDENT_VENUE:Varchar2; P_INCIDENT_HOW:Clob; P_COMPLAINANT_NAME:Varchar2; P_COMPLAINANT_CNIC:Varchar2; P_COMPLAINANT_ACCOUNT_NO:Varchar2; P_COMPLAINANT_MOBILE:Varchar2; P_COMPLAINANT_ADDRESS:Varchar2; P_MAIN_ACCUSED_DETAILS:Clob; P_CO_ACCUSED_DETAILS:Clob; P_ACCUSATION_DETAILS:Clob; P_APPROACH_ADOPTED:Clob; P_RECORD_SCRUTINIZED:Clob; P_ROOT_CAUSE:Clob; P_KEY_FINDINGS:Clob; P_RECOMMENDATIONS:Clob; P_ATTACHMENTS_PATH:Varchar2","","",""
"DBConnection.IID.cs","SaveFFRPart2","public","251","274","PKG_INQ.P_SAVE_FFR_P2","P_COMPLAINT_ID:Int32; P_COMP_STMT_TIME:Varchar2; P_COMP_STMT_PLACE:Varchar2; P_COMP_STMT_MODE:Varchar2; P_COMP_KEY_POINTS:Clob; P_ACC_STMT_TIME:Varchar2; P_ACC_STMT_PLACE:Varchar2; P_ACC_STMT_MODE:Varchar2; P_ACC_KEY_POINTS:Clob; P_PRIMARY_EVIDENCE:Clob; P_SECONDARY_EVIDENCE:Clob","","",""
"DBConnection.IID.cs","SaveFFRPart3","public","276","300","PKG_INQ.P_SAVE_FFR_P3","P_COMPLAINT_ID:Int32; P_AUDIT_REPORT_FLAG:Varchar2; P_AUDIT_REPORT_DETAILS:Clob; P_IMPL_REPUTATIONAL:Char; P_IMPL_OPERATIONAL:Char; P_IMPL_FINANCIAL:Char; P_IMPL_PRECEDENCE:Char; P_IMPL_OTHER_FLAG:Char; P_IMPL_OTHER_TEXT:Varchar2; P_SOP_VIOLATIONS:Clob; P_CONTROL_GAPS:Clob; P_ACTION_RECOMMENDED:Varchar2","","",""
"DBConnection.IID.cs","GetComplaintHeader","public","302","320","PKG_INQ.P_GET_COMPLAINT_HDR","P_COMPLAINT_ID:Int32; T_CURSOR:RefCursor","T_CURSOR:RefCursor:Output","",""
"DBConnection.IID.cs","GetFFRPart1","public","322","340","PKG_INQ.P_GET_FFR_P1","P_COMPLAINT_ID:Int32; T_CURSOR:RefCursor","T_CURSOR:RefCursor:Output","",""
"DBConnection.IID.cs","GetFFRPart2","public","342","360","PKG_INQ.P_GET_FFR_P2","P_COMPLAINT_ID:Int32; T_CURSOR:RefCursor","T_CURSOR:RefCursor:Output","",""
"DBConnection.IID.cs","GetFFRPart3","public","362","380","PKG_INQ.P_GET_FFR_P3","P_COMPLAINT_ID:Int32; T_CURSOR:RefCursor","T_CURSOR:RefCursor:Output","",""
"DBConnection.IID.cs","HasColumn","private","382","392","","","","",""
"DBConnection.IID.cs","ParseDate","private","428","439","","","","",""
"DBConnection.IID.cs","NormalizeAuditFlag","private","441","461","","","","",""
"DBConnection.IID.cs","GetComplaintsByUser","public","463","509","PKG_INQ.GET_COMPLAINTS","p_user_id:Int32; io_cursor:RefCursor","io_cursor:RefCursor:Output","COMPLAINT_ID; COMPLAINT_NO; COMPLAINANT_NAME; NATURE; SOURCE; ASSIGNED_UNIT; STATUS; SUBMITTED_ON",""
"DBConnection.IID.cs","Get_Complaints_Without_Assessment","public","511","536","PKG_INQ.GET_COMPLAINTS_WITHOUT_ASSESSMENT","T_CURSOR:RefCursor","T_CURSOR:RefCursor:Output","COMPLAINT_ID; NATURE; SUBMITTED_ON",""
"DBConnection.IID.cs","GetComplaintsDropdown","public","538","569","PKG_INQ.GET_COMPLAINTS_DD","P_PAGE_ID:Int32; IO_CURSOR:RefCursor","IO_CURSOR:RefCursor:Output","COMPLAINT_ID; NATURE; STATUS",""
"DBConnection.IID.cs","GetInspectionUnits","public","571","614","PKG_INQ.P_GETINSPECTIONUNITS","IO_CURSOR:RefCursor","IO_CURSOR:RefCursor:Output","I_ID; I_CODE; UNIT_NAME; DISCRIPTION; STATUS; ISACTIVE",""
"DBConnection.IID.cs","GetComplaint","public","616","671","PKG_INQ.GET_COMPLAINT","p_complaint_id:Int32; io_cursor:RefCursor","io_cursor:RefCursor:Output","COMPLAINT_NO; NATURE; CATEGORY; COMPLAINANT_NAME; CNIC; CELLULAR_NUMBER; MAILING_ADDRESS; GENDER; RECEIVED_FROM; LOCATION_TYPE; CONTENTS; UPLOADED_COMPLAINT; UPLOADED_FFR; UPLOADED_EVIDENCE; ACTION_REQUIRED; SUBMITTED_ON; STATUS; ASSESSMENT; assessment_id; RECOMMENDATION; LOCATION_TYPE_ID; GM_OFFICE_ID; REGION_ID; BRANCH_ID; GM_OFFICE; REGION; BRANCH; ASSIGNED_UNIT_ID; ASSIGNED_UNIT",""
"DBConnection.IID.cs","AddAssessment","public","673","707","PKG_INQ.ADD_ASSESSMENT","p_complaint_id:Int32; p_received_by:Decimal; p_assessment:Clob; p_recommendation:Varchar2; p_assigned_unit_id:Int32; o_assessment_id:Decimal","o_assessment_id:Decimal:Output","o_assessment_id",""
"DBConnection.IID.cs","AddHeadReview","public","709","749","PKG_INQ.ADD_HEAD_REVIEW","p_complaint_id:Int32; p_assessment_id:Int32; p_reviewed_by:Decimal; p_directions:Clob; p_assigned_to_unit:Int32; p_team_lead:Int32; p_team_members:Clob; p_assigned_on:Varchar2; p_due_date:Varchar2; p_referred_back_comments:Clob; p_action:Varchar2; o_review_id:Decimal","o_review_id:Decimal:Output","o_review_id",""
"DBConnection.IID.cs","AddInvestigationPlan","public","751","806","PKG_INQ.ADD_INV_PLAN","p_complaint_id:Int32; p_plan_details:Clob; p_submitted_by:Decimal; p_status:Varchar2; p_inv_risk:Varchar2; p_inv_size:Varchar2; p_no_of_days:Int32; p_travelling_days:Int32; p_team_lead:Varchar2; p_team_members:Varchar2; p_start_date:Date; p_activities_text:Varchar2; o_plan_id:Decimal","o_plan_id:Decimal:Output","o_plan_id",""
"DBConnection.IID.cs","GetIidTaskList","public","808","826","PKG_INQ.GET_IID_TASK_LIST","p_unit_id:Int32; io_cursor:RefCursor","io_cursor:RefCursor:Output","",""
"DBConnection.IID.cs","EnqueueEmail","public","828","848","PKG_INQ.P_ENQUEUE_EMAIL","p_event_code:Varchar2; p_ref_id1:Int32; p_ref_id2:Int32; p_mail_to:Varchar2; p_mail_cc:Varchar2; p_subject:Varchar2; p_body:Clob; o_email_id:Decimal","o_email_id:Decimal:Output","o_email_id",""
"DBConnection.IID.cs","GetEmailQueue","public","850","888","PKG_INQ.P_GET_EMAIL_QUEUE","p_status:Varchar2; p_from_date:Date; p_to_date:Date; io_cursor:RefCursor","io_cursor:RefCursor:Output","EMAIL_ID; EVENT_CODE; REF_ID1; REF_ID2; MAIL_TO; MAIL_CC; SUBJECT; BODY; STATUS; CREATED_ON; SENT_ON; ERROR_TEXT",""
"DBConnection.IID.cs","MarkEmailSent","public","890","901","PKG_INQ.P_MARK_EMAIL_SENT","p_email_id:Int32","","",""
"DBConnection.IID.cs","MarkEmailFailed","public","903","915","PKG_INQ.P_MARK_EMAIL_FAILED","p_email_id:Int32; p_error_text:Varchar2","","",""
"DBConnection.IID.cs","GetComplaintIdByPlanId","public","917","934","PKG_INQ.P_GET_COMPLAINT_ID_BY_PLAN","P_PLAN_ID:Decimal; O_COMPLAINT_ID:Decimal","O_COMPLAINT_ID:Decimal:Output","O_COMPLAINT_ID",""
"DBConnection.IID.cs","GetComplaintIdByReportId","public","936","953","PKG_INQ.P_GET_COMPLAINT_ID_BY_REPORT","P_REPORT_ID:Decimal; O_COMPLAINT_ID:Decimal","O_COMPLAINT_ID:Decimal:Output","O_COMPLAINT_ID",""
"DBConnection.IID.cs","GetIidPlanDetails","public","955","1005","PKG_INQ.GET_INV_PLAN","p_complaint_id:Int32; io_cursor:RefCursor","io_cursor:RefCursor:Output","planId; PLAN_ID; complaintId; COMPLAINT_ID; planDetails; PLAN_DETAILS; submittedBy; SUBMITTED_BY; submittedOn; SUBMITTED_ON; status; STATUS; planTitle; PLAN_TITLE; investigationRisk; INVESTIGATION_RISK; investigationSize; INVESTIGATION_SIZE; noOfDays; NO_OF_DAYS; travellingDays; TRAVELLING_DAYS; startDate; START_DATE; teamLead; TEAM_LEAD; teamMembers; TEAM_MEMBERS; activitiesText; ACTIVITIES_TEXT",""
"DBConnection.IID.cs","GetLatestPlanByComplaintId","public","1007","1025","PKG_INQ.GET_LATEST_PLAN_BY_COMPLAINT","p_complaint_id:Int32; io_cursor:RefCursor","io_cursor:RefCursor:Output","",""
"DBConnection.IID.cs","GetLatestInquiryReportByComplaintId","public","1027","1061","PKG_INQ.GET_LATEST_INQUIRY_REPORT_BY_COMPLAINT","p_complaint_id:Int32; io_cursor:RefCursor","io_cursor:RefCursor:Output","REPORT_ID; NAME_COMPLAINANT; NAME_ACCUSED; GIST; PROCEEDINGS; FINDINGS; RECOMMENDATION; UPLOADED_REPORT; UPLOADED_EVIDENCE; UPLOADED_DSA; SUBMITTED_ON",""
"DBConnection.IID.cs","AddPlanApproval","public","1063","1097","PKG_INQ.ADD_PLAN_APPROVAL","p_plan_id:Decimal; p_approved_by:Decimal; p_is_approved:Varchar2; p_edited_plan:Clob; p_further_actions:Clob; o_approval_id:Decimal","o_approval_id:Decimal:Output","o_approval_id",""
"DBConnection.IID.cs","AddInquiryReport","public","1099","1141","PKG_INQ.ADD_INQUIRY_REPORT","p_complaint_id:Int32; p_name_complainant:Varchar2; p_name_accused:Varchar2; p_gist:Clob; p_proceedings:Clob; p_findings:Clob; p_recommendation:Clob; p_uploaded_report:Varchar2; p_uploaded_evidence:Varchar2; p_uploaded_dsa:Varchar2; p_submitted_on:Date; p_submitted_by:Decimal; o_report_id:Decimal","o_report_id:Decimal:Output","o_report_id",""
"DBConnection.IID.cs","AddAnalysis","public","1143","1181","PKG_INQ.ADD_ANALYSIS","p_report_id:Int32; p_policy_gaps:Clob; p_control_gaps:Clob; p_procedural_violations:Clob; p_forward_to:Varchar2; p_comments:Clob; p_decision:Varchar2; p_refer_back_comments:Clob; p_analyzed_by:Decimal; o_analysis_id:Decimal","o_analysis_id:Decimal:Output","o_analysis_id",""
"DBConnection.IID.cs","SaveFinalApprovalRecord","private","1183","1216","PKG_INQ.ADD_FINAL_APPROVAL","p_report_id:Int32; p_comments:Clob; p_approved:Varchar2; p_approved_by:Decimal; o_final_approval_id:Decimal","o_final_approval_id:Decimal:Output","o_final_approval_id",""
"DBConnection.IID.cs","AddFinalApproval","public","1218","1221","","","","",""
"DBConnection.IID.cs","FinalizeIidReport","public","1223","1226","","","","",""
"DBConnection.IID.cs","GetInquiryReportFiles","public","1228","1255","PKG_INQ.GET_INQUIRY_REPORT","p_report_id:Int32; io_cursor:RefCursor","io_cursor:RefCursor:Output","UPLOADED_REPORT; UPLOADED_EVIDENCE; UPLOADED_DSA",""
"DBConnection.IID.cs","AddCaseStudy","public","1257","1296","PKG_INQ.ADD_CASE_STUDY","p_complaint_id:Int32; p_origin_process_owner:Varchar2; p_name_complainant:Varchar2; p_branch:Varchar2; p_gist:Clob; p_outcome:Clob; p_modus_operandi:Clob; p_gaps:Clob; p_root_cause:Clob; p_actions_rec:Clob; p_status:Varchar2; p_policy_gaps_identified:Clob; p_control_violations:Clob; p_risk_identified:Clob; p_reg_compliance_failure:Clob; o_case_id:Int32","o_case_id:Int32:Output","o_case_id",""
"DBConnection.IID.cs","GetStringValue","private","1298","1320","","","","",""
"DBConnection.IID.cs","GetLongValue","private","1322","1330","","","","",""
"DBConnection.IID.cs","GetNullableLongValue","private","1332","1340","","","","",""
"DBConnection.IID.cs","GetIntValue","private","1342","1350","","","","",""
"DBConnection.IID.cs","GetNullableIntValue","private","1352","1360","","","","",""
"DBConnection.IID.cs","GetDateValue","private","1362","1370","","","","",""
"DBConnection.IID.cs","GetNullableDateValue","private","1372","1380","","","","",""
"DBConnection.IID.cs","ExecuteIidResult","private","1382","1421","","","","",""
"DBConnection.IID.cs","AddIidIoCursor","private","1423","1427","","io_cursor:RefCursor","io_cursor:RefCursor:Output","",""
"DBConnection.IID.cs","GetIidInqAccusationsByComplaintId","public","1429","1458","PKG_INQ.P_GET_INQ_ACCUSATIONS","P_COMPLAINT_ID:Int64","","",""
"DBConnection.IID.cs","AddIidInqAccusation","public","1460","1473","PKG_INQ.P_ADD_INQ_ACCUSATION","P_COMPLAINT_ID:Int64; P_ACCUSATION_TEXT:Clob; P_SORT_ORDER:Int32; P_CREATED_BY:Int64","","",""
"DBConnection.IID.cs","UpdateIidInqAccusation","public","1475","1488","PKG_INQ.P_UPDATE_INQ_ACCUSATION","P_ACCUSATION_ID:Int64; P_ACCUSATION_TEXT:Clob; P_SORT_ORDER:Int32; P_UPDATED_BY:Int64","","",""
"DBConnection.IID.cs","DeleteIidInqAccusation","public","1490","1501","PKG_INQ.P_DELETE_INQ_ACCUSATION","P_ACCUSATION_ID:Int64; P_UPDATED_BY:Int64","","",""
"DBConnection.IID.cs","GetIidEmployeeInfo","public","1503","1526","PKG_INQ.GET_EMPLOYEE_INFO","P_PP_NO:Int64","","",""
"DBConnection.IID.cs","GetIidInqAccusedListByComplaintId","public","1528","1564","PKG_INQ.P_GET_INQ_ACCUSED_LIST","P_COMPLAINT_ID:Int64","","",""
"DBConnection.IID.cs","AddIidInqAccused","public","1566","1585","PKG_INQ.P_ADD_INQ_ACCUSED","P_COMPLAINT_ID:Int64; P_PERSON_NAME:Varchar2; P_DESIGNATION:Varchar2; P_ROLE_TYPE:Varchar2; P_PPNO_NUMBER:Varchar2; P_CNIC:Varchar2; P_FATHER_NAME:Varchar2; P_REMARKS:Varchar2; P_SORT_ORDER:Int32; P_CREATED_BY:Int64","","",""
"DBConnection.IID.cs","UpdateIidInqAccused","public","1587","1606","PKG_INQ.P_UPDATE_INQ_ACCUSED","P_ACCUSED_ROW_ID:Int64; P_PERSON_NAME:Varchar2; P_DESIGNATION:Varchar2; P_ROLE_TYPE:Varchar2; P_PPNO_NUMBER:Varchar2; P_CNIC:Varchar2; P_FATHER_NAME:Varchar2; P_REMARKS:Varchar2; P_SORT_ORDER:Int32; P_UPDATED_BY:Int64","","",""
"DBConnection.IID.cs","DeleteIidInqAccused","public","1608","1619","PKG_INQ.P_DELETE_INQ_ACCUSED","P_ACCUSED_ROW_ID:Int64; P_UPDATED_BY:Int64","","",""
"DBConnection.IID.cs","GetIidInqRecordsByComplaintId","public","1621","1651","PKG_INQ.P_GET_INQ_RECORDS","P_COMPLAINT_ID:Int64","","",""
"DBConnection.IID.cs","AddIidInqRecord","public","1653","1667","PKG_INQ.P_ADD_INQ_RECORD","P_COMPLAINT_ID:Int64; P_RECORD_TITLE:Varchar2; P_RECORD_DETAILS:Varchar2; P_SORT_ORDER:Int32; P_CREATED_BY:Int64","","",""
"DBConnection.IID.cs","UpdateIidInqRecord","public","1669","1683","PKG_INQ.P_UPDATE_INQ_RECORD","P_REC_ID:Int64; P_RECORD_TITLE:Varchar2; P_RECORD_DETAILS:Varchar2; P_SORT_ORDER:Int32; P_UPDATED_BY:Int64","","",""
"DBConnection.IID.cs","DeleteIidInqRecord","public","1685","1696","PKG_INQ.P_DELETE_INQ_RECORD","P_REC_ID:Int64; P_UPDATED_BY:Int64","","",""
"DBConnection.IID.cs","GetIidInqProceedingsByComplaintId","public","1698","1732","PKG_INQ.P_GET_INQ_PROCEEDINGS","P_COMPLAINT_ID:Int64","","",""
"DBConnection.IID.cs","SaveIidInqProceeding","public","1734","1754","PKG_INQ.P_SAVE_INQ_PROCEEDING","P_PROCEEDING_ID:Int64; P_COMPLAINT_ID:Int64; P_NOTICE_REFERENCE:Varchar2; P_VISIT_DATE:Date; P_PLACE_VISITED:Clob; P_PARTICIPANTS_DETAIL:Clob; P_MISSING_PARTICIPANTS_REASON:Clob; P_SORT_ORDER:Int32; P_STATUS:Varchar2; P_USER_ID:Int64","","",""
"DBConnection.IID.cs","AddIidInqProceeding","public","1756","1759","","","","",""
"DBConnection.IID.cs","UpdateIidInqProceeding","public","1761","1764","","","","",""
"DBConnection.IID.cs","DeleteIidInqProceeding","public","1766","1777","PKG_INQ.P_DELETE_INQ_PROCEEDING","P_PROCEEDING_ID:Int64; P_UPDATED_BY:Int64","","",""
"DBConnection.IID.cs","GetIidInqStatementsByComplaintId","public","1779","1815","PKG_INQ.P_GET_INQ_STATEMENTS","P_COMPLAINT_ID:Int64","","",""
"DBConnection.IID.cs","SaveIidInqStatement","public","1817","1838","PKG_INQ.P_ADD_INQ_STATEMENT","P_COMPLAINT_ID:Int64; P_PERSON_NAME:Varchar2; P_ROLE_TYPE:Varchar2; P_PPNO_NUMBER:Varchar2; P_CNIC:Varchar2; P_STATEMENT_DATETIME:Date; P_PLACE:Varchar2; P_MODE_TYPE:Varchar2; P_KEY_POINTS:Clob; P_UPLOADED_STATEMENT:Clob; P_USER_ID:Int64","","",""
"DBConnection.IID.cs","AddIidInqStatement","public","1840","1843","","","","",""
"DBConnection.IID.cs","UpdateIidInqStatement","public","1845","1848","","","","",""
"DBConnection.IID.cs","DeleteIidInqStatement","public","1850","1861","PKG_INQ.P_DELETE_INQ_STATEMENT","P_STATEMENT_ID:Int64; P_UPDATED_BY:Int64","","",""
"DBConnection.IID.cs","GetIidInqEvidenceFilesByComplaintId","public","1863","1896","PKG_INQ.P_GET_INQ_EVIDENCE_FILES","P_COMPLAINT_ID:Int64","","",""
"DBConnection.IID.cs","AddIidInqEvidenceFile","public","1898","1915","PKG_INQ.P_ADD_INQ_EVIDENCE_FILE","P_COMPLAINT_ID:Int64; P_EVIDENCE_TYPE:Varchar2; P_DESCRIPTION:Clob; P_FILE_NAME:Varchar2; P_FILE_PATH:Varchar2; P_FILE_EXT:Varchar2; P_FILE_SIZE_KB:Int32; P_UPLOADED_BY:Int64","","",""
"DBConnection.IID.cs","DeleteIidInqEvidenceFile","public","1917","1928","PKG_INQ.P_DELETE_INQ_EVIDENCE_FILE","P_EVIDENCE_ID:Int64; P_UPDATED_BY:Int64","","",""
"DBConnection.IID.cs","GetIidInqViolationsByComplaintId","public","1930","1962","PKG_INQ.P_GET_INQ_VIOLATIONS","P_COMPLAINT_ID:Int64","","",""
"DBConnection.IID.cs","AddIidInqViolation","public","1964","1980","PKG_INQ.P_ADD_INQ_VIOLATION","P_COMPLAINT_ID:Int64; P_CATEGORY:Varchar2; P_VIOLATION_DETAIL:Clob; P_REFERENCE_TEXT:Varchar2; P_RECOMMENDATION:Clob; P_SORT_ORDER:Int32; P_CREATED_BY:Int64","","",""
"DBConnection.IID.cs","UpdateIidInqViolation","public","1982","1998","PKG_INQ.P_UPDATE_INQ_VIOLATION","P_VIOLATION_ID:Int64; P_CATEGORY:Varchar2; P_VIOLATION_DETAIL:Clob; P_REFERENCE_TEXT:Varchar2; P_RECOMMENDATION:Clob; P_SORT_ORDER:Int32; P_UPDATED_BY:Int64","","",""
"DBConnection.IID.cs","DeleteIidInqViolation","public","2000","2011","PKG_INQ.P_DELETE_INQ_VIOLATION","P_VIOLATION_ID:Int64; P_UPDATED_BY:Int64","","",""
"DBConnection.IID.cs","GetIidInqFindingsRecommByComplaintId","public","2014","2049","PKG_INQ.GET_INQ_FINDINGS_RECOMM","p_complaint_id:Int64; p_accusation_id:Int64","","",""
"DBConnection.IID.cs","SaveIidInqFindingsRecomm","public","2051","2057","","","","",""
"DBConnection.IID.cs","GetIidAccusationsForFindings","public","2059","2087","PKG_INQ.P_GET_INQ_ACCUSATIONS","p_complaint_id:Int64","","",""
"DBConnection.IID.cs","GetIidFindingsRecommByAccusation","public","2089","2125","PKG_INQ.GET_INQ_FINDINGS_RECOMM","p_complaint_id:Int64; p_accusation_id:Int64","","",""
"DBConnection.IID.cs","SaveIidFindingsRecommByAccusation","public","2127","2142","PKG_INQ.SAVE_INQ_FINDINGS_RECOMM","p_complaint_id:Int64; p_accusation_id:Int64; p_finding_text:Clob; p_recom_text:Clob; p_outcome:Varchar2; p_ppno:Varchar2","","",""
"DBConnection.IID.cs","GetIidFindingsRecommStatus","public","2144","2175","PKG_INQ.GET_INQ_FIND_RECOMM_STATUS","p_complaint_id:Int64","","",""
"DBConnection.IID.cs","GetIidInqEvidenceStepByComplaintId","public","2177","2201","PKG_INQ.P_GET_INQ_EVIDENCE_STEP","P_COMPLAINT_ID:Int64","","",""
"DBConnection.IID.cs","SaveIidInqEvidenceStep","public","2203","2216","PKG_INQ.P_SAVE_INQ_EVIDENCE_STEP","P_COMPLAINT_ID:Int64; P_MATERIAL_EVIDENCE_DETAIL:Clob; P_CIRCUMSTANTIAL_EVIDENCE_DETAIL:Clob","","",""
"DBConnection.IID.cs","GetIidInqDsaByComplaintId","public","2218","2252","PKG_INQ.P_GET_INQ_DSA","P_COMPLAINT_ID:Int64","","",""
"DBConnection.IID.cs","AddIidInqDsa","public","2254","2272","PKG_INQ.P_ADD_INQ_DSA","P_COMPLAINT_ID:Int64; P_PERSON_NAME:Varchar2; P_DESIGNATION:Varchar2; P_PPNO_NUMBER:Varchar2; P_CNIC:Varchar2; P_DSA_STATUS:Varchar2; P_REMARKS:Varchar2; P_SORT_ORDER:Int32; P_CREATED_BY:Int64","","",""
"DBConnection.IID.cs","UpdateIidInqDsa","public","2274","2292","PKG_INQ.P_UPDATE_INQ_DSA","P_DSA_ID:Int64; P_PERSON_NAME:Varchar2; P_DESIGNATION:Varchar2; P_PPNO_NUMBER:Varchar2; P_CNIC:Varchar2; P_DSA_STATUS:Varchar2; P_REMARKS:Varchar2; P_SORT_ORDER:Int32; P_UPDATED_BY:Int64","","",""
"DBConnection.IID.cs","DeleteIidInqDsa","public","2294","2305","PKG_INQ.P_DELETE_INQ_DSA","P_DSA_ID:Int64; P_UPDATED_BY:Int64","","",""
"DBConnection.IID.cs","DigitsOnly","private","2307","2322","","","","",""
"DBConnection.IID.cs","FinalizeIidInquiryReport","public","2324","2335","PKG_INQ.P_FINALIZE_IID_INQUIRY_REPORT","P_COMPLAINT_ID:Int64; P_UPDATED_BY:Int64","","",""
"DBConnection.IID.cs","IsIidComplaintFinalized","public","2337","2353","select is_finalized from t_au_iid_complaint_hdr where complaint_id = :p_complaint_id","p_complaint_id:Int64","","","T_AU_IID_COMPLAINT_HDR"
"DBConnection.IID.cs","LogIidSaveDebug","private","2356","2359","","","","",""
"DBConnection.IID.cs","ContainsFilterValue","private","2361","2384","","","","",""
"DBConnection.IID.cs","EqualsFilterValue","private","2386","2408","","","","",""
"DBConnection.IID.cs","ApplyReportFilter","private","2410","2441","","","","",""
"DBConnection.IID.cs","GetReports","public","2443","2480","PKG_INQ.GET_REPORTS","p_filter:Varchar2; p_source:Varchar2; p_category:Varchar2; p_pertains_to:Varchar2; p_date_from:Varchar2; p_date_to:Varchar2; p_region_id:Int32; p_branch_id:Int32; p_ho_unit_type_id:Int32; p_ho_unit_id:Int32; p_status:Varchar2; io_cursor:RefCursor","io_cursor:RefCursor:Output","",""
"DBConnection.IID.ExceptionReports.cs","GetIidListOfReports","public","12","69","pkg_ISM.T_AU_EXCEPTION_REPORT","E_ID:Int32; P_NO:Int32; ENT_ID:Int32; R_ID:Int32; T_CURSOR:RefCursor","T_CURSOR:RefCursor:Output","R_ID; REPORT_TITLE; DISCRIPTION; LOAN_STATUS; IND; REPORTING_PERIOD; EXCEPTION_COUNT; EXC_COUNT",""
"DBConnection.IID.ExceptionReports.cs","GetIidExceptionReportData","public","71","115","pkg_ISM.P_GET_EXCEPTION_REPORT_DATA","P_R_ID:Int64; P_ENG_ID:Int64; IO_CURSOR1:RefCursor; IO_CURSOR2:RefCursor","IO_CURSOR1:RefCursor:Output; IO_CURSOR2:RefCursor:Output","FORMAT_ID; R_ID; COLUMN_NAME; COLUMN_HEADER; COLUMN_ORDER; DATA_TYPE; IS_ACTIVE",""
"DBConnection.IID.ExceptionReports.cs","GetIidAccountTransactions","public","117","168","pkg_ISM.p_get_account_transcations","E_ID:Int32; AC_number:Varchar2; P_NO:Int32; R_ID:Int32; ENT_ID:Int32; T_CURSOR:RefCursor","T_CURSOR:RefCursor:Output","TRANSACTIONMASTERCODE; DESCRIPTION; REMARKS; TRANSACTIONDATE; TRANSACTIONDATE_DISP; AUTHORIZATIONDATE; AUTHORIZATIONDATE_DISP; DRAMOUNT; CRAMOUNT; TOACCOUNTID; TOACCOUNTTITLE; TOACCOUNTNO; TO_ACC_BRANCHID; INSTRUMENTNO",""
"DBConnection.IID.ExceptionReports.cs","GetIidAccountDocuments","public","170","211","pkg_ISM.P_GET_ACCOUNT_DOC","AC_number:Varchar2; P_NO:Int32; R_ID:Int32; ENT_ID:Int32; T_CURSOR:RefCursor","T_CURSOR:RefCursor:Output","OLDACCOUNTNO; PAGENO; NAME; DOC_IMAGE; DOC_REMARKS",""
"DBConnection.IID.ExceptionReports.cs","GetIidLoanExceptions","public","213","261","pkg_ISM.P_GET_LOANS_Exceptions","LStatus:Int32; E_ID:Int32; P_NO:Int32; R_ID:Int32; ENT_ID:Int32; T_CURSOR:RefCursor","T_CURSOR:RefCursor:Output","LOAN_DISB_ID; TYPE; SCHEME; L_PURPOSE; LC_NO; CNIC; CUSTOMERNAME; APP_DATE_DISP; DISB_DATE_DISP; DEV_AMOUNT; OUTSTANDING",""
"DBConnection.IID.ExceptionReports.cs","GetIidLoanDocuments","public","263","308","pkg_ISM.p_get_Loan_Documents","E_ID:Varchar2; L_DISB_ID:Varchar2; P_NO:Int32; ENT_ID:Int32; R_ID:Int32; T_CURSOR:RefCursor","T_CURSOR:RefCursor:Output","IMAGEID; BRANCHCODE; LOAN_APP_ID; CNIC; CUSTOMERNAME; LOAN_CASE_NO; LOAN_DISB_ID; DOCNAME",""
"DBConnection.IID.ExceptionReports.cs","GetIidLoanDocumentData","public","310","352","pkg_ISM.p_get_Loan_Documents_image","image_ID:Varchar2; T_CURSOR:RefCursor","T_CURSOR:RefCursor:Output","IMAGEDATA",""
"DBConnection.IID.ExceptionReports.cs","GetIidLoanTransactions","public","354","411","pkg_ISM.p_get_Loan_Transactions","E_ID:Varchar2; L_DISB_ID:Varchar2; P_NO:Int32; ENT_ID:Int32; R_ID:Int32; T_CURSOR:RefCursor","T_CURSOR:RefCursor:Output","DESCRIPTION; MANUALVOUCHERNO; TRANSACTIONDATE; TRANSACTIONDATE_DISP; DRAMOUNT; CRAMOUNT; LN_ACCOUNTID; CREATEDON; CREATEDON_DISP; REMARKS; REJECTIONDATE; REJECTIONDATE_DISP; REVERSALDATE; REVERSALDATE_DISP; WORKINGDATE; WORKINGDATE_DISP; AUTHORIZATIONDATE; AUTHORIZATIONDATE_DISP; MCO_RECEIPT_NO; MCO_BOOK_NO",""
"DBConnection.IID.Pdf.cs","GetIidInquiryReportPdfData","public","12","203","","","","",""
"DBConnection.IID.Pdf.cs","IsComplaintAllowedForIidPdf","public","205","232","PKG_INQ.GET_COMPLAINTS_DD","p_page_id:Int32; io_cursor:RefCursor","io_cursor:RefCursor:Output","COMPLAINT_ID",""
"DBConnection.LG.cs","LogInfo","public","11","14","","","","",""
"DBConnection.LG.cs","LogWarning","public","16","19","","","","",""
"DBConnection.LG.cs","LogError","public","21","24","","","","",""
"DBConnection.LG.cs","GetSystemLogs","public","26","67","PKG_LG.P_GET_SYS_LOGS","p_start_time:TimeStamp; p_end_time:TimeStamp; p_log_level:Varchar2; p_module:Varchar2; p_user_ppno:Varchar2; p_eng_id:Int32; o_cursor:RefCursor","o_cursor:RefCursor:Output","",""
"DBConnection.LG.cs","DeleteOldSystemLogs","public","69","90","PKG_LG.P_DELETE_SYS_LOGS","p_cutoff_time:TimeStamp; o_deleted_count:Int32","","",""
"DBConnection.LG.cs","LogWithLevel","private","92","111","","p_module:Varchar2; p_controller:Varchar2; p_action:Varchar2; p_message:Varchar2; p_tech_details:Clob; p_page_id:Int32; p_eng_id:Int32; p_user_ppno:Varchar2","","",""
"DBConnection.LG.cs","ReadNullableInt","private","113","143","","","","",""
"DBConnection.LG.cs","ReadDateTime","private","145","153","","","","",""
"DBConnection.LG.cs","ReadString","private","155","163","","","","",""
"DBConnection.LG.cs","ReadClob","private","165","176","","","","",""
"DBConnection.Logging.cs","AddActivityLog","public","8","27","P_add_activity_log","v_entity_id:Int32; v_role_id:Int32; v_ppnum:Int32; v_page_id:Int32; v_action:Varchar2; v_unattend:Varchar2","","",""
"DBConnection.MAN.Pdf.cs","GetManagementAuditReportPdfData","public","7","18","","","","",""
"DBConnection.MANRPT.cs","GetManagementAuditCover","public","13","38","PKG_FRPT.P_GET_AUDIT_COVER","P_ENG_ID:Int32; T_CURSOR:RefCursor","","AUDITED_BY; REPORTING; ENTITY_NAME; AUDITED_ON",""
"DBConnection.MANRPT.cs","GetManagementAuditTeamDetails","public","40","67","PKG_FRPT.P_GET_MAN_TEAM_DETAILS","P_ENG_ID:Int32; T_CURSOR:RefCursor","","MEMBER_NAME; ROLE_TITLE; PP_NO",""
"DBConnection.MANRPT.cs","GetManReportObjectiveScope","public","69","105","PKG_FRPT.P_GET_MAN_OBJECTIVE_SCOPE","P_ENG_ID:Int32; T_CURSOR:RefCursor","","OBJECTIVE; SCOPE; METHODOLOGY; DISCLAIMER; INTRODUCTION",""
"DBConnection.MANRPT.cs","GetManReportStaffSnapshot","public","107","135","PKG_FRPT.P_GET_MAN_STAFF_SNAPSHOT","P_ENG_ID:Int32; T_CURSOR:RefCursor","","PP_NO; STAFF_NAME; STAFF_RANK; DESIGNATION",""
"DBConnection.MANRPT.cs","GetManReportExecutiveSummary","public","137","157","PKG_FRPT.P_GET_MAN_EXEC_SUMMARY","P_ENG_ID:Int32; T_CURSOR:RefCursor","","TEXT_BLOCK",""
"DBConnection.MANRPT.cs","SaveManReportTextBlock","public","159","174","PKG_FRPT.P_SAVE_TEXT_BLOCK","P_ENG_ID:Int32; P_SECTION_CODE:Varchar2; P_TEXT_BLOCK:Clob","","",""
"DBConnection.MANRPT.cs","GetManReportObservations","public","176","209","PKG_FRPT.P_GET_MAN_AUDIT_OBSERVATIONS","P_ENG_ID:Int32; T_CURSOR:RefCursor","","STATUS; PARA_NO; TITLE; PARA_TEXT; RISK_CATEGORY; RECOMMENDATION; MANAGEMENT_REPLY; AUDIT_REPLY",""
"DBConnection.MANRPT.cs","GetManReportSettledParas","public","211","238","PKG_FRPT.P_GET_MAN_SETTLED_PARAS","P_ENG_ID:Int32; T_CURSOR:RefCursor","","TITLE; PARA_TEXT; MANAGEMENT_REPLY",""
"DBConnection.MANRPT.cs","GetManReportObservationPdfParas","public","240","273","PKG_FRPT.P_GET_MAN_AUDIT_OBSERVATIONS","P_ENG_ID:Int32; T_CURSOR:RefCursor","","STATUS; PARA_NO; TITLE; PARA_TEXT; RISK_CATEGORY; RECOMMENDATION; MANAGEMENT_REPLY; AUDIT_REPLY",""
"DBConnection.MANRPT.cs","GetManReportSettledPdfParas","public","275","303","PKG_FRPT.P_GET_MAN_SETTLED_PARAS","P_ENG_ID:Int32; T_CURSOR:RefCursor","","TITLE; PARA_TEXT; MANAGEMENT_REPLY",""
"DBConnection.MANRPT.cs","GetManagementReportPdfSections","public","305","349","","","","",""
"DBConnection.Notification.cs","IsObservationSubmittedToAuditee","public","14","28","","","","",""
"DBConnection.Notification.cs","GetObservationSubmittedNotificationData","public","30","50","","","","",""
"DBConnection.Notification.cs","GetAuditTaskAssignedNotificationData","public","52","81","","","","",""
"DBConnection.Notification.cs","GetInquiryAssignedNotificationData","public","83","101","","","","",""
"DBConnection.Notification.cs","GetFinalReportIssuedNotificationData","public","103","118","","","","",""
"DBConnection.Notification.cs","GetAuditeeRecipientEmails","private","120","134","","","","",""
"DBConnection.Notification.cs","GetUsersByEntityId","private","136","144","","","","",""
"DBConnection.Notification.cs","GetUserEmailsByPpNumbers","private","146","159","","","","",""
"DBConnection.Notification.cs","DistinctEmails","private","161","168","","","","",""
"DBConnection.Notification.cs","ParseNullableInt","private","170","173","","","","",""
"DBConnection.Notification.cs","BuildEngagementLabel","private","175","185","","","","",""
"DBConnection.Notification.cs","BuildFinalReportLabel","private","187","201","","","","",""
"DBConnection.Notification.cs","ChooseFirstNonEmpty","private","203","206","","","","",""
"DBConnection.ObservationPdf.cs","GetObservationPdfData","public","11","15","","","","",""
"DBConnection.ObservationPdf.cs","GetObservationPrintDetails","public","17","47","pkg_ar.P_GET_OBSERVATION_TO_PRINT","OBS_ID:Int32; io_cursor:RefCursor","","",""
"DBConnection.ObservationPdf.cs","GetObservationPrintResponsibilities","public","49","88","pkg_ae.P_GetObservationResponsible","OBSID:Int32; E_ID:Int32; io_cursor:RefCursor","","PP_NO",""
"DBConnection.ObservationPdf.cs","GetNullableLong","private","90","103","","","","",""
"DBConnection.Permission.cs","HasPermissionForView","public","9","36","","","","",""
"DBConnection.PG.cs","GetAuditPeriodStatus","public","12","43","pkg_pg.P_GET_Auditperiod_status","T_CURSOR:RefCursor","T_CURSOR:RefCursor:Output","ID; STATUS",""
"DBConnection.PG.cs","GetAuditPeriods","public","45","83","pkg_pg.P_GetAuditPeriods","P_NO:Int32; ENT_ID:Int32; R_ID:Int32; T_CURSOR:RefCursor","T_CURSOR:RefCursor:Output","AUDITPERIODID; DESCRIPTION; START_DATE; END_DATE; STATUS_ID; STATUS",""
"DBConnection.PG.cs","GetAuditCriteriasToAuthorize","public","85","138","pkg_pg.P_GetAuditCriteriasToAuthorize","ENT_ID:Int32; P_NO:Int32; R_ID:Int32; T_CURSOR:RefCursor","T_CURSOR:RefCursor:Output","ID; ENTITY_TYPEID; ENTITY_ID; SIZE_ID; RISK_ID; FREQUENCY_ID; NO_OF_DAYS; APPROVAL_STATUS; AUDITPERIODID; PERIOD; ENTITY; FREQUENCY; BRSIZE; RISK; VISIT; NAME; REMARKS",""
"DBConnection.PG.cs","GetRefferedBackAuditEngagementPlans","public","141","184","pkg_pg.P_GetRefferedBackAuditEngagementPlans","ENT_ID:Int32; P_NO:Int32; R_ID:Int32; T_CURSOR:RefCursor","T_CURSOR:RefCursor:Output","plan_id; eng_id; team_name; team_id; name; audit_startdate; audit_enddate; op_startdate; op_enddate; entity_id; auditby_id",""
"DBConnection.RPT.cs","GetAuditZones","public","14","51","PKG_RPT.P_GET_AUDIT_ZONES","io_cursor:RefCursor","io_cursor:RefCursor:Output","",""
"DBConnection.RPT.cs","GetDepartmentPerformanceSummaryAndDetail","public","53","121","PKG_RPT.GET_DEPT_PERF_SUMMARY_DETAIL","p_ent_id:Int32; p_start_date:Date; p_end_date:Date; o_summary_cursor:RefCursor; o_detail_cursor:RefCursor","o_summary_cursor:RefCursor:Output; o_detail_cursor:RefCursor:Output","o_summary_cursor; o_detail_cursor",""
"DBConnection.RPT.cs","GetDepartmentPerformanceByZone","public","123","172","PKG_RPT.GET_DEPT_PERF_BY_ZONE","p_ent_id:Int32; p_zone_id:Int32; p_start_date:Date; p_end_date:Date; io_cursor:RefCursor","io_cursor:RefCursor:Output","",""
"DBConnection.RPT.cs","GetAuditorPerformance","public","174","225","PKG_RPT.GET_AUDITOR_PERFORMANCE","p_ent_id:Int32; p_zone_id:Int32; p_start_date:Date; p_end_date:Date; io_cursor:RefCursor","io_cursor:RefCursor:Output","",""
"DBConnection.RPT.cs","GetAllParasYears","public","227","258","pkg_rpt.P_GetAllParasYear","T_CURSOR:RefCursor","T_CURSOR:RefCursor:Output","audit_period",""
"DBConnection.RPT.cs","GetDepartments","public","260","330","pkg_rpt.R_GetDepartments; pkg_ais.P_GetDepartments","EntityId:Int32; PPNUM:Int32; T_CURSOR:RefCursor; E_id:Int32","T_CURSOR:RefCursor:Output","ID; DIVISIONID; NAME; CODE; ISACTIVE; DIV_NAME; AUDITED_BY_DEPID; ADUTIED_BY",""
"DBConnection.RPT.cs","GetZoneWiseOldParasPerformance","public","332","370","pkg_rpt.P_GetZoneWiseOldParasPerformance","UserEntityID:Int32; T_CURSOR:RefCursor","T_CURSOR:RefCursor:Output","ID; ZONENAME; PARA_ENTERED; PARA_PENDING; PARA_TOTAL",""
"DBConnection.RPT.cs","GetActiveInactiveChartData","public","372","396","pkg_rpt.P_GetActiveInactiveChartData","T_CURSOR:RefCursor","T_CURSOR:RefCursor:Output","STATUS; TOTAL_COUNT",""
"DBConnection.RPT.cs","GetchildpostingForParaPositionReport","public","398","438","pkg_rpt.P_Getchildposting","erid:Int32; USER_ENTITY_ID:Int32; T_CURSOR:RefCursor","T_CURSOR:RefCursor:Output","ENTITY_ID; C_NAME",""
"DBConnection.RPT.cs","GetparentrepofficeForParaPositionReport","public","440","479","pkg_rpt.P_Getparentrepoffice","rid:Int32; user_entity_id:Int32; T_CURSOR:RefCursor","T_CURSOR:RefCursor:Output","ENTITY_REALTION_ID; ENTITY_ID; ACTIVE; DESCRIPTION; ENTITYTYPEDESC",""
"DBConnection.RPT.cs","GetAuditDepartmentsZones","public","481","520","pkg_rpt.P_AUDITED_BY_DEPARTMENTS","P_NO:Int32; ENT_ID:Int32; R_ID:Int32; T_CURSOR:RefCursor","T_CURSOR:RefCursor:Output","NAME; ENTITY_ID",""
"DBConnection.RPT.cs","GetrealtionshiptypeForParaPositionReport","public","522","558","pkg_rpt.P_Getrealtionshiptype","UserRoleid:Int32; T_CURSOR:RefCursor","T_CURSOR:RefCursor:Output","ENTITY_REALTION_ID; FIELD_NAME",""
"DBConnection.RPT.cs","GetAuditPlanEngagement","public","560","620","pkg_rpt.r_audit_plan_engagement","Audit_Period:Int32; auditbyid:Int32; T_CURSOR:RefCursor","T_CURSOR:RefCursor:Output","AUDITPERIOD; PARENT_OFFICE; ENITIY_NAME; AUDIT_STARTDATE; AUDIT_ENDDATE; TRAVEL_DAY; REVENUE_RECORD_DAY; DISCUSSION_DAY; TEAM_NAME; MEMBER_NAME; STATUS",""
"DBConnection.RPT.cs","GetFadBranchesParas","public","622","657","PKG_rpt.r_functionalresp","CID:Int32; SID:Int32; CDID:Int32; T_CURSOR:RefCursor","T_CURSOR:RefCursor:Output","PERIOD; ENTITY_NAME; PROCESS; SUB_PROCESS; VIOLATION; OBS_TEXT; OBS_RISK; OBS_STATUS",""
"DBConnection.RPT.cs","GetJoiningCompletion","public","659","712","pkg_rpt.R_JOININGCOMPLETION","DEPT_ID:Int32; AUDIT_START:Date; AUDIT_END:Date; T_CURSOR:RefCursor","T_CURSOR:RefCursor:Output","AUDIT_BY; REPORTING; CODE; AUDITEE_NAME; RISK; START_DATE; END_DATE; STATUS; ISSUANCE_DATE",""
"DBConnection.RPT.cs","GetauditplanCompletion","public","714","747","pkg_rpt.R_AUDITPLANPROGRESS","DEPT_ID:Int32; T_CURSOR:RefCursor","T_CURSOR:RefCursor:Output","AUDITNAME; AUDITS; ENGPLAN; JOINING; COMPLETED; OBSERVATIONS; HIGHRISKPARA; MEDIUMRISKPARA; LOWRISKPARA",""
"DBConnection.RPT.cs","GetCurrentAuditProgressEntities","public","749","783","pkg_rpt.R_GetAuditees","PP_NO:Int32; T_CURSOR:RefCursor","T_CURSOR:RefCursor:Output","ENG_ID; Entity_Name",""
"DBConnection.RPT.cs","GetCurrentAuditProgress","public","785","822","pkg_rpt.R_GetAuditeesobervations","ENGID:Int32; T_CURSOR:RefCursor","T_CURSOR:RefCursor:Output","code; auditee; area; observation",""
"DBConnection.RPT.cs","GetCurrentActiveUsers","public","824","863","pkg_rpt.R_LOGINUSERS","ENTITYID:Int32; T_CURSOR:RefCursor","T_CURSOR:RefCursor:Output","DEPTNAME; EMPNAME; PPNO; LOGINDATE; SESSIONTIME",""
"DBConnection.RPT.cs","GetReportParas","public","865","902","pkg_rpt.r_getauditeeParas","ENGID:Int32; T_CURSOR:RefCursor","T_CURSOR:RefCursor:Output","memo_number; text",""
"DBConnection.RPT.cs","GetZoneBranchParaPositionStatus","public","904","943","pkg_rpt.P_GetParaPositionForZoneBranches","userid:Int32; EntityId:Int32; T_CURSOR:RefCursor","T_CURSOR:RefCursor:Output","Branch_Name; Total_Paras; Setteled_para; UnSetteled_para",""
"DBConnection.RPT.cs","getauditplanreport","public","945","1015","","userentityid:Int32; entityid:Int32; azone:Int32; risk_rating:Int32; branch_size:Int32; T_CURSOR:RefCursor","T_CURSOR:RefCursor:Output","AUDITEDBY; PARRENTOFFICE; AUDITEENAME; LASTAUDITOPSENDATE; ENTITYRISK; ENTITYSIZE; ENTITYCODE; ANTITYID; NORMALDAYS; REVENUEDAYS; TRAVELDAY; DISCUSSIONDAY; AUDITSTARTDATE; AUDITENDDATE; TNAME; TEAMLEAD",""
"DBConnection.RPT.cs","GetAddress","public","1017","1094","pkg_rpt.r_getauditeeaddress","EngId:Int32; ppnum:Int32; T_CURSOR:RefCursor","T_CURSOR:RefCursor:Output","ENG_ID; CODE; P_NAME; ADDRESS; NAME; LICENSE; DATE_OF_OPENING; AUDIT_STARTDATE; AUDIT_ENDDATE; OPERATION_STARTDATE; OPERATION_ENDDATE; HIGH; MEDIUM; LOW; SETTLE_HIGH; SETTLE_MEDIUM; SETTLE_LOW; OPEN_HIGH; OPEN_MEDIUM; OPEN_LOW",""
"DBConnection.RPT.cs","GetAuditeReportStatus","public","1096","1136","pkg_rpt.r_getauditeeparas","engid:Int32; T_CURSOR:RefCursor","T_CURSOR:RefCursor:Output","MESSAGE; REF_OUT",""
"DBConnection.RPT.cs","GetTeamDetails","public","1138","1179","pkg_rpt.p_getauditteams","userentityid:Int32; T_CURSOR:RefCursor","T_CURSOR:RefCursor:Output","TEAM_NAME; MEMBER_PPNO; MEMBER_NAME; ISTEAMLEAD; AUDIT_START_DATE; AUDIT_END_DATE",""
"DBConnection.RPT.cs","GetAuditeeParas","public","1181","1235","pkg_rpt.r_getauditeeparas","engid:Int32; ENT_ID:Int32; P_NO:Int32; R_ID:Int32; T_CURSOR:RefCursor","T_CURSOR:RefCursor:Output","MEMO_NUMBER; PARA_NO; STATUS; V_HEADER; V_DETAIL; RISK; OBSERVATION; MANAGEMENT_REPLY; RECOMMENDATION; REMARKS; ASSIGNEDTO; ENTITY_NAME; REF_OUT; MESSAGE",""
"DBConnection.RPT.cs","GetFadAuditPlanReport","public","1237","1307","","userentityid:Int32; entityid:Int32; azone:Int32; risk_rating:Int32; branch_size:Int32; T_CURSOR:RefCursor","T_CURSOR:RefCursor:Output","AUDITEDBY; PARRENTOFFICE; AUDITEENAME; LASTAUDITOPSENDATE; ENTITYRISK; ENTITYSIZE; ENTITYCODE; ANTITYID; NORMALDAYS; REVENUEDAYS; TRAVELDAY; DISCUSSIONDAY; AUDITSTARTDATE; AUDITENDDATE; TNAME; TEAMLEAD",""
"DBConnection.RPT.cs","FADGetReportEntitities","public","1309","1349","pkg_rpt.p_get_entities","userentityid:Int32; T_CURSOR:RefCursor","T_CURSOR:RefCursor:Output","ENTITY_ID; ENTITY_NAME",""
"DBConnection.RPT.cs","FADGetReportZones","public","1351","1391"," pkg_rpt.p_get_az","userentityid:Int32; T_CURSOR:RefCursor","T_CURSOR:RefCursor:Output","ENTITY_ID; ENTITY_NAME",""
"DBConnection.RPT.cs","FADGetEntitySize","public","1393","1432","pkg_rpt.p_get_entity_size","T_CURSOR:RefCursor","T_CURSOR:RefCursor:Output","ENTITY_SIZE; DESCRIPTION",""
"DBConnection.RPT.cs","FADGetEntityRisk","public","1434","1473","pkg_rpt.p_get_risk","T_CURSOR:RefCursor","T_CURSOR:RefCursor:Output","R_ID; DESCRIPTION; RATING",""
"DBConnection.RPT.cs","GetFADNewParaPerformance","public","1475","1518","pkg_rpt.p_get_new_paras_performance","userid:Int32; T_CURSOR:RefCursor","T_CURSOR:RefCursor:Output","AUDIT_ZONE; Total_Paras; Setteled_Para; Unsetteled_Para; Ratio; R1; R2; R3",""
"DBConnection.RPT.cs","GetFADNewOldParaPerformance","public","1520","1564","pkg_rpt.p_get_new_old_paras_performance","userid:Int32; T_CURSOR:RefCursor","T_CURSOR:RefCursor:Output","AUDIT_ZONE; Checklist; Total_Paras; Setteled_Para; Unsetteled_Para; Ratio; R1; R2; R3",""
"DBConnection.RPT.cs","GetFADLagacyParaPerformance","public","1566","1609"," pkg_rpt.p_get_lagacy_paras_performance","userid:Int32; T_CURSOR:RefCursor","T_CURSOR:RefCursor:Output","AUDIT_ZONE; Total_Paras; Setteled_Para; Unsetteled_Para; Ratio; R1; R2; R3",""
"DBConnection.RPT.cs","GetLegacyZoneWiseOldParasPerformance","public","1611","1652","pkg_rpt.P_GetZoneWiseOldParasPerformance","UserEntityID:Int32; T_CURSOR:RefCursor","T_CURSOR:RefCursor:Output","ID; ZONENAME; PARA_ENTERED; PARA_PENDING; PARA_TOTAL",""
"DBConnection.RPT.cs","GetLegacyUserWiseOldParasPerformance","public","1654","1695","pkg_rpt.P_Get_UserWise_OldParasPerformance","UserEntityID:Int32; updated_date:Date; T_CURSOR:RefCursor","T_CURSOR:RefCursor:Output","AUDIT_ZONEID; ZONENAME; PARA_UPDATED; PPNO; updated_on; EMP_NAME",""
"DBConnection.RPT.cs","GetFADHOUserLegacyParaUserWiseOldParasPerformance","public","1697","1738","pkg_rpt.P_Get_FAD_UserWise_OldParasPerformance","pp_no:Int32; updated_date:Date; T_CURSOR:RefCursor","T_CURSOR:RefCursor:Output","PPNO; EMP_NAME; PARA_REVIEWED; PARA_UPDATED; PARA_UPDATED_WITHOUT_CHANGES; Refer_Back",""
"DBConnection.RPT.cs","GetParaPositionReport","public","1740","1782","pkg_rpt.p_get_para_position","UserEntityID:Int32; P_ID:Int32; C_ID:Int32; T_CURSOR:RefCursor","T_CURSOR:RefCursor:Output","Total_Para; Setteled_Para; Un_setteled_Para; P_NAME; C_NAME; AUDIT_PERIOD",""
"DBConnection.RPT.cs","GetParaPositionParaDetails","public","1784","1821","pkg_rpt.p_get_para_position_details","UserEntityID:Int32; period:Int32; T_CURSOR:RefCursor","T_CURSOR:RefCursor:Output","remarks; para_status; para_no; gist_of_paras; AUDIT_PERIOD",""
"DBConnection.RPT.cs","GetTotalParasDetailsHO","public","1823","1866","pkg_rpt.P_GET_Dash_table_functionwise_HO","UserEntityID:Int32; ENT_ID:Int32; P_NO:Int32; R_ID:Int32; T_CURSOR:RefCursor","T_CURSOR:RefCursor:Output","Functional_owner; Total_Paras; Setteled_Para; Unsetteled_Para; Ratio; R1; R2; R3",""
"DBConnection.RPT.cs","GetRoleActivityLog","public","1868","1907","pkg_rpt.P_GET_ACTIVITY_LOG","P_NO:Int32; ROLE:Int32; A_DATE:Date; T_CURSOR:RefCursor","T_CURSOR:RefCursor:Output","E_NAME; ppnum; duration; action; GROUP_ROLE",""
"DBConnection.RPT.cs","GetUserActivityLog","public","1909","1950","pkg_rpt.P_GET_ACTIVITY_LOG","P_NO:Int32; ROLE:Int32; A_DATE:Date; T_CURSOR:RefCursor","T_CURSOR:RefCursor:Output","E_NAME; ppnum; duration; start_time; end_time; action; page_id",""
"DBConnection.RPT.cs","GetStatusWiseCompliance","public","1952","2008","pkg_rpt.P_GET_COMPLIANCE_STATUS_WISE","P_NO:Int32; ENT_ID:Varchar2; R_ID:Varchar2; R_C:Varchar2; AUDITEE_ID:Int32; S_DATE:Date; E_DATE:Date; T_CURSOR:RefCursor","T_CURSOR:RefCursor:Output","parent_id; parent_Office; entity_id; entity_name; auditby_id; complaince_Submitted; complaince_received_at_Incharge_implementation; referredback_by_Controlling_office; complaince_Submitted_To_Incharge_AZ; complaince_Referred_back_by_Incharge_Implementation; para_settled_by_Incharge_AZ; complaince_Referred_back_by_Incharge_AZ",""
"DBConnection.RPT.cs","GetAuditParaRensillation","public","2010","2063","pkg_rpt.P_FAD_audit_Para_Reconciliation","P_NO:Int32; ENT_ID:Varchar2; R_ID:Varchar2; T_CURSOR:RefCursor","T_CURSOR:RefCursor:Output","Audit_zone; entitytypedesc; Reporting_Office; Auditee; Open_balance; Added; Total; Settled_Legacy; Settled_New_Paras; Un_Settled; ind; percentage; r1; r2; r3",""
"DBConnection.RPT.cs","GetAuditPlanEngagementDetailedReport","public","2065","2117","pkg_rpt.P_FAD_audit_Plan_Details","AUDIT_ID:Int32; P_ID:Int32; T_CURSOR:RefCursor","T_CURSOR:RefCursor:Output","eng_id; reporting_office; name; operation_startdate; operation_enddate; audit_startdate; audit_enddate; travel_day; discussion_day; revenue_record_day; total_weekend_days; total_days; delay_days; t_name; status",""
"DBConnection.RPT.cs","GetAnnexureExerciseStatus","public","2119","2159","pkg_rpt.R_FAD_ANNEXURE_REPORT","T_CURSOR:RefCursor","T_CURSOR:RefCursor:Output","ppno; name; audit_zone; total; Pending; Completed",""
"DBConnection.RPT.cs","GetGroupWiseUsersCount","public","2161","2199","pkg_rpt.R_GROUP_WISE_USERS_COUNT","T_CURSOR:RefCursor","T_CURSOR:RefCursor:Output","G_ID; G_NAME; U_COUNT",""
"DBConnection.RPT.cs","GetGroupWisePages","public","2201","2239","pkg_rpt.R_GROUP_WISE_PAGES","G_ID:Int32; T_CURSOR:RefCursor","T_CURSOR:RefCursor:Output","G_ID; G_NAME; P_NAME",""
"DBConnection.RPT.cs","GetEntityTypesForEntityWiseOutstandingObsPosition","public","2241","2279","pkg_rpt.P_GET_ENTITY_TYPE","P_NO:Int32; R_ID:Int32; ENT_ID:Int32; T_CURSOR:RefCursor","T_CURSOR:RefCursor:Output","ENTITY_TYPE; entitycode",""
"DBConnection.RPT.cs","GetOutstandingParasForEntityTypeId","public","2281","2327","pkg_rpt.R_DEPT_WISE_PARA_POSITION","P_NO:Int32; ENT_ID:Int32; R_ID:Int32; ENT_TYPE_ID:Int32; T_CURSOR:RefCursor; P_REF_DATE:Date; P_USE_TRUNC:Int32","T_CURSOR:RefCursor:Output","ENTITY_ID; NAME; AGE; TOTAL_PARAS",""
"DBConnection.RPT.cs","GetLoanStatus","public","2329","2364","pkg_rpt.p_get_loan_status","T_CURSOR:RefCursor","T_CURSOR:RefCursor:Output","description; accountstatusid",""
"DBConnection.RPT.cs","GetLoanGLs","public","2366","2401","pkg_rpt.p_get_loan_gl","T_CURSOR:RefCursor","T_CURSOR:RefCursor:Output","glsubname; glsubcode",""
"DBConnection.RPT.cs","GetGMsList","public","2403","2438","pkg_rpt.R_get_gm_list","T_CURSOR:RefCursor","T_CURSOR:RefCursor:Output","name; entity_id",""
"DBConnection.RPT.cs","GetRBHList","public","2440","2476","pkg_rpt.R_get_rbh_list","gm:Int32; T_CURSOR:RefCursor","T_CURSOR:RefCursor:Output","name; entity_id",""
"DBConnection.RPT.cs","GetLoanDetailsReport","public","2478","2530","pkg_rpt.p_get_loan_to_default","g_id:Int32; l_status:Int32; start_date:Date; end_date:Date; ENT_ID:Int32; T_CURSOR:RefCursor","T_CURSOR:RefCursor:Output","CNIC; LOAN_CASE_NO; CUSTOMERNAME; GLSUBCODE; GLSUBNAME; LOAN_DISB_ID; DISB_DATE; LAST_TRANSACTION_DATE; VALID_UNTIL; LAST_RECOVERY_AMOUNT; DISB_STATUSID; PRIN; MARKUP",""
"DBConnection.RPT.cs","GetCNICLoanDetailsReport","public","2532","2580","pkg_rpt.p_get_all_loans_of_cnic","C_NIC:Int32; T_CURSOR:RefCursor","T_CURSOR:RefCursor:Output","CNIC; LOAN_CASE_NO; CUSTOMERNAME; GLSUBCODE; GLSUBNAME; LOAN_DISB_ID; DISB_DATE; LAST_TRANSACTION_DATE; VALID_UNTIL; LAST_RECOVERY_AMOUNT; DISB_STATUSID; PRIN; MARKUP",""
"DBConnection.RPT.cs","GetDefaultCNICLoanDetailsReport","public","2582","2629","pkg_rpt.p_get_loan_to_default_history","C_NIC:Int32; DIS_ID:Varchar2; T_CURSOR:RefCursor","T_CURSOR:RefCursor:Output","CNIC; BRANCHID; npl_loan_disb_id; default_principal; default_markup; outstanding_principal_total; outstanding_markup_total; current_status; transaction_date; cnic; loan_disb_id",""
"DBConnection.RPT.cs","GetAuditReportParaByGistKeyword","public","2631","2673","pkg_rpt.P_find_gist","GST:Varchar2; T_CURSOR:RefCursor","T_CURSOR:RefCursor:Output","region; AUDIT_ZONE; BRANCH; BRANCH_CODE; entereddate; para_no; annex; gist_of_paras; no_of_instances; amount_involved",""
"DBConnection.RPT.cs","GetComplianceProgressReport","public","2675","2718","pkg_rpt.P_GET_COM_PROGREE_REPORT ","R_TYPE:Varchar2; T_CURSOR:RefCursor","T_CURSOR:RefCursor:Output","PP_NO; Name; Total; Referred_Back; Recommended; Pending; last_login",""
"DBConnection.RPT.cs","GetComplianceProgressReportDetails","public","2720","2767","pkg_rpt.P_GET_COM_PROGREE_REPORT_DETAIL ","R_TYPE:Varchar2; P_NO:Int32; T_CURSOR:RefCursor","T_CURSOR:RefCursor:Output","Compliance_Unit; parent_id; p_name; entity_id; name; code; COM_KEY; PP_NO; emp_name; Total; Refered_back; Satisfied; Pending",""
"DBConnection.RPT.cs","GetEntityTypesForSettlementReport","public","2769","2810","pkg_rpt.P_GET_ENTITY_TYPE_FOR_SETTLEMENT","R_ID:Int32; ENT_ID:Int32; P_NO:Int32; T_CURSOR:RefCursor","T_CURSOR:RefCursor:Output","autid; entitytypedesc",""
"DBConnection.RPT.cs","GetSettledParasForComplianceReport","public","2812","2858","pkg_rpt.P_GET_COMPLIANCE_REPORT","ENT_ID:Int32; S_ENT_ID:Int32; S_DATE_FROM:Date; S_DATE_TO:Date; R_ID:Int32; P_NO:Int32; T_CURSOR:RefCursor","T_CURSOR:RefCursor:Output","entity_id; parent_id; p_name; c_name; period; para_no; Gist; setteled_on; auditedby",""
"DBConnection.RPT.cs","GetParasForComplianceSummaryReport","public","2860","2905","pkg_rpt.P_GET_PARA_POSITION_SUM","ENT_ID:Int32; R_ID:Int32; P_NO:Int32; T_CURSOR:RefCursor","T_CURSOR:RefCursor:Output","entity_id; parent_id; ent_name; ent_type; p_name; t_paras; t_s_paras; t_os_paras; cos_paras; z_cos_paras",""
"DBConnection.RPT.cs","GetEngagementPlanDelayAnalysisReport","public","2907","2949","pkg_rpt.p_delay_audits","P_NO:Int32; ENT_ID:Int32; R_ID:Int32; T_CURSOR:RefCursor","T_CURSOR:RefCursor:Output","entity_id; p_name; c_name; name; audit_startdate; audit_enddate; status; no_of_days",""
"DBConnection.RPT.cs","GetFADMonthlyReviewParasForEntityTypeId","public","2951","3014","pkg_rpt.R_FAD_MONTHLY_REVIEW","P_NO:Int32; ENT_ID:Int32; R_ID:Int32; R_T:Int32; S_DATE:Date; E_DATE:Date; T_CURSOR:RefCursor","T_CURSOR:RefCursor:Output","P_NAME; C_NAME; CHILD_CODE; opening_bal; Para_added; Settled_com; Settled_aud; Outstanding; r1; r2; r3",""
"DBConnection.RPT.cs","GetSeriousFraudulentObsGMOverview","public","3016","3065","pkg_rpt.P_GET_GM_WISE_SERIOUS_PARAS","P_NO:Int32; ENT_ID:Int32; R_ID:Int32; R_T:Int32; S_DATE:Date; E_DATE:Date; T_CURSOR:RefCursor","T_CURSOR:RefCursor:Output","PARENT_ID; P_NAME; total_before_current_year; total_in_current_year; a1_before_current_year; a1_in_current_year; c_amount_before_current_year; c_amount_in_current_year; PER_INV; C_PER_INV",""
"DBConnection.RPT.cs","GetSeriousFraudulentObsGMDetails","public","3067","3115","pkg_rpt.P_GET_GM_WISE_SERIOUS_PARAS_DETAILS","PARENT_ENT_ID:Int32; IND:Varchar2; P_ANNEX:Varchar2; P_NO:Int32; ENT_ID:Int32; R_ID:Int32; T_CURSOR:RefCursor","T_CURSOR:RefCursor:Output","p_name; c_name; audit_period; para_no; heading; risk; gist_of_paras; amount_involved",""
"DBConnection.RPT.cs","GetYearWiseOutstandingParas","public","3117","3169","pkg_rpt.P_GET_YEAR_WISE_AUDIT_OUTSTANDING_PARAS","E_ID:Int32; P_NO:Int32; R_ID:Int32; ENT_ID:Int32; T_CURSOR:RefCursor","T_CURSOR:RefCursor:Output","audit_period; entity_id; Total_Paras; Settled_para; Un_Settled_para; R1; R2; R3",""
"DBConnection.RPT.cs","GetYearWiseOutstandingParasDetails","public","3171","3214","pkg_rpt.P_GET_YEAR_WISE_AUDIT_OUTSTANDING_PARAS_DETAILS","E_ID:Int32; A_PERIOD:Int32; P_NO:Int32; R_ID:Int32; ENT_ID:Int32; T_CURSOR:RefCursor","T_CURSOR:RefCursor:Output","AUDIT_PERIOD; PARA_CATEGORY; PARA_NO; GIST_OF_PARAS; ENTITY_NAME; REF_P; OBS_ID",""
"DBConnection.RPT.cs","GetAuditParasByText","public","3216","3262","pkg_rpt.P_GET_PARA_TEXT_WORDS_V2","T_TEXT:Varchar2; T_CURSOR:RefCursor","T_CURSOR:RefCursor:Output","name; p_name; c_name; audit_period; annex; para_no; gist_of_paras; text",""
"DBConnection.RPT.cs","GetYearWiseAllParas","public","3264","3317","pkg_rpt.P_GET_YEAR_WISE_ALL_PARAS","A_PERIOD:Int32; T_CURSOR:RefCursor","T_CURSOR:RefCursor:Output","audit_period; ENTITY_TYPE; reporting_office; entity_name; entity_risk; func_resp; Audit_Zone; para_no; gist_of_paras; RISK; annexure; amount_involved; no_of_instances; PARA_STATUS",""
"DBConnection.RPT.cs","GetDistinctFadDeskOfficerAuditPeriods","public","3319","3341","PKG_RPT.P_GET_FAD_DESK_OFFICER_AUDIT_PERIODS","io_cursor:RefCursor","io_cursor:RefCursor:Output","AUDIT_PERIOD",""
"DBConnection.RPT.cs","GetFadDeskOfficerRptByDateRange","public","3343","3391","PKG_RPT.P_GET_FAD_DESK_OFFICER_RPT_BY_PERIOD","p_start_date:Date; p_end_date:Date; io_cursor:RefCursor","io_cursor:RefCursor:Output","AUDIT_PERIOD; CHILD_CODE; C_NAME; AZ; P_NAME; ANNEX; GIST_OF_PARAS; PARA_NO; NO_OF_INSTANCES; RISK; AMOUNT; para_status",""
"DBConnection.RPT.cs","SafeGetString","private","3393","3396","","","","",""
"DBConnection.RPT.cs","SafeGetInt32","private","3398","3401","","","","",""
"DBConnection.RPT.cs","SafeGetDecimal","private","3403","3406","","","","",""
"DBConnection.Security.cs","SaveCspViolation","public","10","56","","p_disposition:Varchar2; p_document_uri:Varchar2; p_referrer:Varchar2; p_blocked_uri:Varchar2; p_effective_directive:Varchar2; p_violated_directive:Varchar2; p_original_policy:Varchar2; p_source_file:Varchar2; p_line_number:Int64; p_column_number:Int64; p_status_code:Int64; p_script_sample:Varchar2; p_user_agent:Varchar2; p_client_ip:Varchar2; p_raw_json:Clob; p_created_by_pp_no:Int64","","",""
"DBConnection.Security.cs","DbValue","private","58","61","","","","",""
"DBConnection.Security.cs","Truncate","private","63","71","","","","",""
"DBConnection.SM.cs","CreateSampleDataAfterEngagementApproval","public","14","54","pkg_sm.P_add_sample_data","E_ID:Int32; P_NO:Int32; ENT_ID:Int32; R_ID:Int32; T_CURSOR:RefCursor","T_CURSOR:RefCursor:Output","REMARKS; email; email_cc",""
"DBConnection.SM.cs","CreateExceptionDataAfterEngagementApproval","public","56","96","pkg_sm.P_add_exception_data","E_ID:Int32; P_NO:Int32; ENT_ID:Int32; R_ID:Int32; T_CURSOR:RefCursor","T_CURSOR:RefCursor:Output","REMARKS; email; email_cc",""
"DBConnection.SM.cs","GetBiometSamplingDetails","public","98","157","pkg_sm.p_get_Account","E_ID:Int32; P_NO:Int32; R_ID:Int32; ENT_ID:Int32; T_CURSOR:RefCursor","T_CURSOR:RefCursor:Output","branchcode; oldaccountno; name; customername; dob; dob_disp; phonecell; cnic; cnicexpirydate; cnicexpirydate_disp; openingdate; openingdate_disp; bmvs_verified; purpose; acc_type; acc_category; risk",""
"DBConnection.SM.cs","GetBiometAccountTransactionSamplingDetails","public","159","215","pkg_sm.p_get_account_transcations","E_ID:Int32; AC_number:Varchar2; P_NO:Int32; R_ID:Int32; ENT_ID:Int32; T_CURSOR:RefCursor","T_CURSOR:RefCursor:Output","transactionmastercode; description; REMARKS; transactiondate; transactiondate_disp; authorizationdate; authorizationdate_disp; dramount; cramount; toaccountid; toaccounttitle; toaccountno; to_acc_branchid; instrumentno",""
"DBConnection.SM.cs","GetBiometAccountDocumentsSamplingDetails","public","217","263","pkg_sm.P_GET_ACCOUNT_DOC ","AC_number:Varchar2; P_NO:Int32; R_ID:Int32; ENT_ID:Int32; T_CURSOR:RefCursor","T_CURSOR:RefCursor:Output","OLDACCOUNTNO; PAGENO; NAME; DOC_IMAGE; DOC_REMARKS",""
"DBConnection.SM.cs","GetExceptionReportData","public","265","327","PKG_SM.P_GET_EXCEPTION_REPORT_DATA","P_R_ID:Int64; P_ENG_ID:Int64; IO_CURSOR1:RefCursor; IO_CURSOR2:RefCursor","IO_CURSOR1:RefCursor:Output; IO_CURSOR2:RefCursor:Output","COLUMN_NAME; COLUMN_HEADER; COLUMN_ORDER; DATA_TYPE; IS_ACTIVE",""
"DBConnection.SM.cs","GetListOfSamples","public","330","370","pkg_sm.P_GET_SAMPLE","E_ID:Int32; P_NO:Int32; ENT_ID:Int32; R_ID:Int32; T_CURSOR:RefCursor","T_CURSOR:RefCursor:Output","S_ID; SAMPLE_TYPE; SAMPLE_PERCENTAGE; samp_tot; sample_final; IND",""
"DBConnection.SM.cs","GetLoanSamples","public","372","419","pkg_sm.P_GET_LOANS_SAMPLE","IND:Varchar2; S_ID:Varchar2; LStatus:Int32; E_ID:Int32; P_NO:Int32; R_ID:Int32; ENT_ID:Int32; T_CURSOR:RefCursor","T_CURSOR:RefCursor:Output","loan_disb_id; TYPE; SCHEME; L_PURPOSE; LC_NO; CNIC; CUSTOMERNAME; APP_DATE_DISP; DISB_DATE_DISP; DEV_AMOUNT; OUTSTANDING",""
"DBConnection.SM.cs","GetLoanExceptions","public","421","467","pkg_sm.P_GET_LOANS_Exceptions","IND:Varchar2; LStatus:Int32; E_ID:Int32; P_NO:Int32; R_ID:Int32; ENT_ID:Int32; T_CURSOR:RefCursor","T_CURSOR:RefCursor:Output","loan_disb_id; TYPE; SCHEME; L_PURPOSE; LC_NO; CNIC; CUSTOMERNAME; APP_DATE_DISP; DISB_DATE_DISP; DEV_AMOUNT; OUTSTANDING",""
"DBConnection.SM.cs","GetLoanSamplesDocuments","public","469","513","pkg_sm.p_get_Loan_Documents","IND:Varchar2; E_ID:Varchar2; L_DISB_ID:Varchar2; P_NO:Int32; ENT_ID:Int32; R_ID:Int32; T_CURSOR:RefCursor","T_CURSOR:RefCursor:Output","IMAGEID; branchcode; loan_app_id; cnic; customername; loan_case_no; loan_disb_id; docname",""
"DBConnection.SM.cs","GetLoanSamplesDocumentData","public","515","558","pkg_sm.p_get_Loan_Documents_image","IND:Varchar2; image_ID:Varchar2; T_CURSOR:RefCursor","T_CURSOR:RefCursor:Output","imagedata",""
"DBConnection.SM.cs","GetLoanSamplesTransactions","public","560","618","pkg_sm.p_get_Loan_Transactions","E_ID:Varchar2; L_DISB_ID:Varchar2; P_NO:Int32; ENT_ID:Int32; R_ID:Int32; T_CURSOR:RefCursor","T_CURSOR:RefCursor:Output","description; manualvoucherno; transactiondate; transactiondate_disp; dramount; cramount; ln_accountid; createdon; createdon_disp; remarks; rejectiondate; rejectiondate_disp; reversaldate; reversaldate_disp; workingdate; workingdate_disp; authorizationdate; authorizationdate_disp; mco_receipt_no; mco_book_no",""
"DBConnection.SM.cs","GetSampleEntities","public","620","657","pkg_sm.P_GET_SAMPLE_ENTITIES","T_CURSOR:RefCursor","T_CURSOR:RefCursor:Output","eng_id; E_NAME",""
"DBConnection.SM.cs","RegenerateSampleofLoan","public","659","691","pkg_sm.P_add_sample_data_update","E_ID:Varchar2; SID:Varchar2; P_NO:Int32; ENT_ID:Int32; R_ID:Int32; T_CURSOR:RefCursor","T_CURSOR:RefCursor:Output","remarks",""
"DBConnection.SM.cs","GetExceptionMonitorEntities","public","693","726","PKG_SM.P_GET_EXCEPTION_MONITOR_ENTITIES","IO_CURSOR:RefCursor","IO_CURSOR:RefCursor:Output","ENG_ID; ENT_ID; ENT_NAME; TOTAL_ENG; ENG_WITH_EXC; LAST_RUN_DATE_DISP",""
"DBConnection.SM.cs","GetExceptionMonitorDetails","public","728","764","PKG_SM.P_GET_EXCEPTION_MONITOR_DETAILS","P_ENG_ID:Int32; IO_CURSOR:RefCursor","IO_CURSOR:RefCursor:Output","ER_ID; ENG_ID; ENT_ID; ExecutionDates; ReportingPeriod; REPORT_TITLE; Report_Type; EXC_COUNT",""
"DBConnection.SM.cs","RegenerateException","public","766","783","PKG_SM.P_REGENERATE_EXCEPTION","P_ENG_ID:Int32; P_ER_ID:Int32","","",""
"DBConnection.SM.cs","GetCDMSMasterTransactions","public","785","844","pkg_sm.p_get_account_transcations_master","E_ID:Int32; AC_number:Varchar2; CNIC_NO:Varchar2; ST_DATE:Date; ED_DATE:Date; P_NO:Int32; ENT_ID:Int32; R_ID:Int32; T_CURSOR:RefCursor","T_CURSOR:RefCursor:Output","transactionid; b_name; oldaccountno; cnic; title; customername; transactionmastercode; description; remarks; transactiondate; authorizationdate; dramount; cramount; toaccountid; toaccounttitle; toaccountno; to_acc_branchid; instrumentno",""
"DBConnection.SM.cs","GetListOfreports","public","846","898","pkg_sm.T_AU_EXCEPTION_REPORT","E_ID:Int32; P_NO:Int32; ENT_ID:Int32; R_ID:Int32; T_CURSOR:RefCursor","T_CURSOR:RefCursor:Output","R_ID; REPORT_TITLE; DISCRIPTION; loan_status; IND; REPORTING_PERIOD; EXCEPTION_COUNT; EXC_COUNT",""
"DBConnection.SM.cs","AddExceptionAccountReport","public","900","937","pkg_sm.P_Add_new_exp_report","IND:Varchar2; REPORT_ID:Int32; REPORT_TITLE:Varchar2; DESCRIPTION:Varchar2; R_TYPE:Varchar2; L_Status:Int32; P_NO:Int32; R_ID:Int32; ENT_ID:Int32; T_CURSOR:RefCursor","T_CURSOR:RefCursor:Output","remarks",""
"DBConnection.SM.cs","GetExceptionReportFormat","public","939","974","PKG_SM.P_GET_EXCEPTION_REPORT_FORMAT","P_R_ID:Int64; IO_CURSOR:RefCursor","IO_CURSOR:RefCursor:Output","FORMAT_ID; R_ID; COLUMN_NAME; COLUMN_HEADER; DATA_TYPE; COLUMN_ORDER; IS_ACTIVE",""
"DBConnection.SM.cs","InsertExceptionReportFormat","public","976","1011","PKG_SM.P_INSERT_EXCEPTION_REPORT_FORMAT","P_R_ID:Int64; P_COLUMN_NAME:Varchar2; P_COLUMN_HEADER:Varchar2; P_COLUMN_ORDER:Int32; P_DATA_TYPE:Varchar2; O_FORMAT_ID:Int64","O_FORMAT_ID:Int64:Output","O_FORMAT_ID",""
"DBConnection.SM.cs","UpdateExceptionReportFormat","public","1013","1034","pkg_sm.P_UPDATE_EXCEPTION_REPORT_FORMAT","P_FORMAT_ID:Int64; P_COLUMN_HEADER:Varchar2; P_COLUMN_ORDER:Int32; P_DATA_TYPE:Varchar2; P_IS_ACTIVE:Varchar2","","",""
