"MethodName","CallSiteCount","Files","Controllers","Views","JsFiles"
"GetApiMasterList","4","C:\Users\Asad Ali\Documents\GitHub\HTTPS-IAS-Production\AIS\Controllers\Administration\ApiMasterController.cs; C:\Users\Asad Ali\Documents\GitHub\HTTPS-IAS-Production\AIS\Controllers\Administration\CatalogController.cs","ApiMasterController.cs; CatalogController.cs","",""
"GetApiMasterControllerNames","1","C:\Users\Asad Ali\Documents\GitHub\HTTPS-IAS-Production\AIS\Controllers\Administration\ApiMasterController.cs","ApiMasterController.cs","",""
"MaintainApiMaster","1","C:\Users\Asad Ali\Documents\GitHub\HTTPS-IAS-Production\AIS\Controllers\Administration\ApiMasterController.cs","ApiMasterController.cs","",""
"LogError","51","C:\Users\Asad Ali\Documents\GitHub\HTTPS-IAS-Production\AIS\Controllers\Administration\ApiMasterController.cs; C:\Users\Asad Ali\Documents\GitHub\HTTPS-IAS-Production\AIS\Controllers\Administration\CatalogController.cs; C:\Users\Asad Ali\Documents\GitHub\HTTPS-IAS-Production\AIS\Controllers\Administration\DashboardLayoutController.cs; C:\Users\Asad Ali\Documents\GitHub\HTTPS-IAS-Production\AIS\Controllers\ApiCallsController.cs; C:\Users\Asad Ali\Documents\GitHub\HTTPS-IAS-Production\AIS\Controllers\EngagementController.cs; C:\Users\Asad Ali\Documents\GitHub\HTTPS-IAS-Production\AIS\Controllers\FieldAuditReportController.cs; C:\Users\Asad Ali\Documents\GitHub\HTTPS-IAS-Production\AIS\Controllers\FieldAuditReportPdfController.cs; C:\Users\Asad Ali\Documents\GitHub\HTTPS-IAS-Production\AIS\Controllers\HMController.cs; C:\Users\Asad Ali\Documents\GitHub\HTTPS-IAS-Production\AIS\Controllers\HomeController.cs; C:\Users\Asad Ali\Documents\GitHub\HTTPS-IAS-Production\AIS\Controllers\IidInquiryReportPdfController.cs; C:\Users\Asad Ali\Documents\GitHub\HTTPS-IAS-Production\AIS\Controllers\LoginController.cs; C:\Users\Asad Ali\Documents\GitHub\HTTPS-IAS-Production\AIS\Controllers\MANReportPdfController.cs; C:\Users\Asad Ali\Documents\GitHub\HTTPS-IAS-Production\AIS\Controllers\ObservationPdfController.cs; C:\Users\Asad Ali\Documents\GitHub\HTTPS-IAS-Production\AIS\Controllers\SecurityController.cs; C:\Users\Asad Ali\Documents\GitHub\HTTPS-IAS-Production\AIS\Controllers\UploadFileController.cs","ApiMasterController.cs; CatalogController.cs; DashboardLayoutController.cs; ApiCallsController.cs; EngagementController.cs; FieldAuditReportController.cs; FieldAuditReportPdfController.cs; HMController.cs; HomeController.cs; IidInquiryReportPdfController.cs; LoginController.cs; MANReportPdfController.cs; ObservationPdfController.cs; SecurityController.cs; UploadFileController.cs","",""
"InsertApiMaster","5","C:\Users\Asad Ali\Documents\GitHub\HTTPS-IAS-Production\AIS\Controllers\Administration\ApiMasterController.cs; C:\Users\Asad Ali\Documents\GitHub\HTTPS-IAS-Production\AIS\Controllers\Administration\CatalogController.cs","ApiMasterController.cs; CatalogController.cs","",""
"UpdateApiMaster","5","C:\Users\Asad Ali\Documents\GitHub\HTTPS-IAS-Production\AIS\Controllers\Administration\ApiMasterController.cs; C:\Users\Asad Ali\Documents\GitHub\HTTPS-IAS-Production\AIS\Controllers\Administration\CatalogController.cs","ApiMasterController.cs; CatalogController.cs","",""
"ApiPathExists","1","C:\Users\Asad Ali\Documents\GitHub\HTTPS-IAS-Production\AIS\Controllers\Administration\ApiMasterController.cs","ApiMasterController.cs","",""
"GetMenuPagesForAdminPanel","3","C:\Users\Asad Ali\Documents\GitHub\HTTPS-IAS-Production\AIS\Controllers\Administration\CatalogController.cs; C:\Users\Asad Ali\Documents\GitHub\HTTPS-IAS-Production\AIS\Controllers\ApiCallsController.cs","CatalogController.cs; ApiCallsController.cs","",""
"UpdateMenuPageForAdminPanel","3","C:\Users\Asad Ali\Documents\GitHub\HTTPS-IAS-Production\AIS\Controllers\Administration\CatalogController.cs; C:\Users\Asad Ali\Documents\GitHub\HTTPS-IAS-Production\AIS\Controllers\ApiCallsController.cs","CatalogController.cs; ApiCallsController.cs","",""
"GetRoleDashboardConfig","3","C:\Users\Asad Ali\Documents\GitHub\HTTPS-IAS-Production\AIS\Controllers\Administration\DashboardLayoutController.cs","DashboardLayoutController.cs","",""
"GetRoleDashboardPages","1","C:\Users\Asad Ali\Documents\GitHub\HTTPS-IAS-Production\AIS\Controllers\Administration\DashboardLayoutController.cs","DashboardLayoutController.cs","",""
"MaintainRoleDashboardPage","1","C:\Users\Asad Ali\Documents\GitHub\HTTPS-IAS-Production\AIS\Controllers\Administration\DashboardLayoutController.cs","DashboardLayoutController.cs","",""
"GetTopMenus","337","C:\Users\Asad Ali\Documents\GitHub\HTTPS-IAS-Production\AIS\Controllers\BAC\BACController.cs; C:\Users\Asad Ali\Documents\GitHub\HTTPS-IAS-Production\AIS\Controllers\CAU\CAUController.cs; C:\Users\Asad Ali\Documents\GitHub\HTTPS-IAS-Production\AIS\Controllers\IAMS\IAMSController.cs; C:\Users\Asad Ali\Documents\GitHub\HTTPS-IAS-Production\AIS\Controllers\AdministrationPanelController.cs; C:\Users\Asad Ali\Documents\GitHub\HTTPS-IAS-Production\AIS\Controllers\ArchiveController.cs; C:\Users\Asad Ali\Documents\GitHub\HTTPS-IAS-Production\AIS\Controllers\AuditeePortalController.cs; C:\Users\Asad Ali\Documents\GitHub\HTTPS-IAS-Production\AIS\Controllers\DashboardController.cs; C:\Users\Asad Ali\Documents\GitHub\HTTPS-IAS-Production\AIS\Controllers\EngagementController.cs; C:\Users\Asad Ali\Documents\GitHub\HTTPS-IAS-Production\AIS\Controllers\ExecutionController.cs; C:\Users\Asad Ali\Documents\GitHub\HTTPS-IAS-Production\AIS\Controllers\FADController.cs; C:\Users\Asad Ali\Documents\GitHub\HTTPS-IAS-Production\AIS\Controllers\FADRiskControlPanelController.cs; C:\Users\Asad Ali\Documents\GitHub\HTTPS-IAS-Production\AIS\Controllers\FieldAuditController.cs; C:\Users\Asad Ali\Documents\GitHub\HTTPS-IAS-Production\AIS\Controllers\FieldAuditReportController.cs; C:\Users\Asad Ali\Documents\GitHub\HTTPS-IAS-Production\AIS\Controllers\FieldAuditReportPdfController.cs; C:\Users\Asad Ali\Documents\GitHub\HTTPS-IAS-Production\AIS\Controllers\HMController.cs; C:\Users\Asad Ali\Documents\GitHub\HTTPS-IAS-Production\AIS\Controllers\HomeController.cs; C:\Users\Asad Ali\Documents\GitHub\HTTPS-IAS-Production\AIS\Controllers\IIDController.cs; C:\Users\Asad Ali\Documents\GitHub\HTTPS-IAS-Production\AIS\Controllers\IidInquiryReportPdfController.cs; C:\Users\Asad Ali\Documents\GitHub\HTTPS-IAS-Production\AIS\Controllers\ManagementAuditController.cs; C:\Users\Asad Ali\Documents\GitHub\HTTPS-IAS-Production\AIS\Controllers\MANReportController.cs; C:\Users\Asad Ali\Documents\GitHub\HTTPS-IAS-Production\AIS\Controllers\MANReportPdfController.cs; C:\Users\Asad Ali\Documents\GitHub\HTTPS-IAS-Production\AIS\Controllers\PlanningController.cs; C:\Users\Asad Ali\Documents\GitHub\HTTPS-IAS-Production\AIS\Controllers\PostComplianceController.cs; C:\Users\Asad Ali\Documents\GitHub\HTTPS-IAS-Production\AIS\Controllers\ReportsController.cs; C:\Users\Asad Ali\Documents\GitHub\HTTPS-IAS-Production\AIS\Controllers\RiskAssessmentController.cs; C:\Users\Asad Ali\Documents\GitHub\HTTPS-IAS-Production\AIS\Controllers\SamplingController.cs; C:\Users\Asad Ali\Documents\GitHub\HTTPS-IAS-Production\AIS\Controllers\SetupController.cs; C:\Users\Asad Ali\Documents\GitHub\HTTPS-IAS-Production\AIS\Controllers\WorkingPaperController.cs","BACController.cs; CAUController.cs; IAMSController.cs; AdministrationPanelController.cs; ArchiveController.cs; AuditeePortalController.cs; DashboardController.cs; EngagementController.cs; ExecutionController.cs; FADController.cs; FADRiskControlPanelController.cs; FieldAuditController.cs; FieldAuditReportController.cs; FieldAuditReportPdfController.cs; HMController.cs; HomeController.cs; IIDController.cs; IidInquiryReportPdfController.cs; ManagementAuditController.cs; MANReportController.cs; MANReportPdfController.cs; PlanningController.cs; PostComplianceController.cs; ReportsController.cs; RiskAssessmentController.cs; SamplingController.cs; SetupController.cs; WorkingPaperController.cs","",""
"GetBACCIAAnalysisOptions","2","C:\Users\Asad Ali\Documents\GitHub\HTTPS-IAS-Production\AIS\Controllers\BAC\BACController.cs","BACController.cs","",""
"GetInsYearsForCAU","2","C:\Users\Asad Ali\Documents\GitHub\HTTPS-IAS-Production\AIS\Controllers\CAU\CAUController.cs","CAUController.cs","",""
"GetParaPrintingYearsForCAU","2","C:\Users\Asad Ali\Documents\GitHub\HTTPS-IAS-Production\AIS\Controllers\CAU\CAUController.cs","CAUController.cs","",""
"GetDivisions","17","C:\Users\Asad Ali\Documents\GitHub\HTTPS-IAS-Production\AIS\Controllers\CAU\CAUController.cs; C:\Users\Asad Ali\Documents\GitHub\HTTPS-IAS-Production\AIS\Controllers\ApiCallsController.cs; C:\Users\Asad Ali\Documents\GitHub\HTTPS-IAS-Production\AIS\Controllers\ArchiveController.cs; C:\Users\Asad Ali\Documents\GitHub\HTTPS-IAS-Production\AIS\Controllers\EngagementController.cs; C:\Users\Asad Ali\Documents\GitHub\HTTPS-IAS-Production\AIS\Controllers\ExecutionController.cs; C:\Users\Asad Ali\Documents\GitHub\HTTPS-IAS-Production\AIS\Controllers\PlanningController.cs; C:\Users\Asad Ali\Documents\GitHub\HTTPS-IAS-Production\AIS\Controllers\SetupController.cs","CAUController.cs; ApiCallsController.cs; ArchiveController.cs; EngagementController.cs; ExecutionController.cs; PlanningController.cs; SetupController.cs","",""
"GetDepartments","26","C:\Users\Asad Ali\Documents\GitHub\HTTPS-IAS-Production\AIS\Controllers\CAU\CAUController.cs; C:\Users\Asad Ali\Documents\GitHub\HTTPS-IAS-Production\AIS\Controllers\ApiCallsController.cs; C:\Users\Asad Ali\Documents\GitHub\HTTPS-IAS-Production\AIS\Controllers\ArchiveController.cs; C:\Users\Asad Ali\Documents\GitHub\HTTPS-IAS-Production\AIS\Controllers\EngagementController.cs; C:\Users\Asad Ali\Documents\GitHub\HTTPS-IAS-Production\AIS\Controllers\ExecutionController.cs; C:\Users\Asad Ali\Documents\GitHub\HTTPS-IAS-Production\AIS\Controllers\PlanningController.cs; C:\Users\Asad Ali\Documents\GitHub\HTTPS-IAS-Production\AIS\Controllers\ReportsController.cs; C:\Users\Asad Ali\Documents\GitHub\HTTPS-IAS-Production\AIS\Controllers\SetupController.cs","CAUController.cs; ApiCallsController.cs; ArchiveController.cs; EngagementController.cs; ExecutionController.cs; PlanningController.cs; ReportsController.cs; SetupController.cs","",""
"GetRiskProcessDefinition","14","C:\Users\Asad Ali\Documents\GitHub\HTTPS-IAS-Production\AIS\Controllers\IAMS\IAMSController.cs; C:\Users\Asad Ali\Documents\GitHub\HTTPS-IAS-Production\AIS\Controllers\ArchiveController.cs; C:\Users\Asad Ali\Documents\GitHub\HTTPS-IAS-Production\AIS\Controllers\DashboardController.cs; C:\Users\Asad Ali\Documents\GitHub\HTTPS-IAS-Production\AIS\Controllers\ExecutionController.cs; C:\Users\Asad Ali\Documents\GitHub\HTTPS-IAS-Production\AIS\Controllers\ManagementAuditController.cs; C:\Users\Asad Ali\Documents\GitHub\HTTPS-IAS-Production\AIS\Controllers\ReportsController.cs; C:\Users\Asad Ali\Documents\GitHub\HTTPS-IAS-Production\AIS\Controllers\SetupController.cs","IAMSController.cs; ArchiveController.cs; DashboardController.cs; ExecutionController.cs; ManagementAuditController.cs; ReportsController.cs; SetupController.cs","",""
"GetAuditeeEntitiesForOutstandingParas","1","C:\Users\Asad Ali\Documents\GitHub\HTTPS-IAS-Production\AIS\Controllers\IAMS\IAMSController.cs","IAMSController.cs","",""
"GetAuditeeEntitiesForOldParas","1","C:\Users\Asad Ali\Documents\GitHub\HTTPS-IAS-Production\AIS\Controllers\IAMS\IAMSController.cs","IAMSController.cs","",""
"GetOldParasAuditYear","1","C:\Users\Asad Ali\Documents\GitHub\HTTPS-IAS-Production\AIS\Controllers\IAMS\IAMSController.cs","IAMSController.cs","",""
"GetAllMenusForAdminPanel","7","C:\Users\Asad Ali\Documents\GitHub\HTTPS-IAS-Production\AIS\Controllers\AdministrationPanelController.cs","AdministrationPanelController.cs","",""
"GetAllTopMenus","6","C:\Users\Asad Ali\Documents\GitHub\HTTPS-IAS-Production\AIS\Controllers\AdministrationPanelController.cs","AdministrationPanelController.cs","",""
"GetAllMenuPages","6","C:\Users\Asad Ali\Documents\GitHub\HTTPS-IAS-Production\AIS\Controllers\AdministrationPanelController.cs","AdministrationPanelController.cs","",""
"GetRolesForComplianceFlow","3","C:\Users\Asad Ali\Documents\GitHub\HTTPS-IAS-Production\AIS\Controllers\AdministrationPanelController.cs","AdministrationPanelController.cs","",""
"GetAuditEmployees","13","C:\Users\Asad Ali\Documents\GitHub\HTTPS-IAS-Production\AIS\Controllers\AdministrationPanelController.cs; C:\Users\Asad Ali\Documents\GitHub\HTTPS-IAS-Production\AIS\Controllers\ApiCallsController.cs; C:\Users\Asad Ali\Documents\GitHub\HTTPS-IAS-Production\AIS\Controllers\PlanningController.cs","AdministrationPanelController.cs; ApiCallsController.cs; PlanningController.cs","",""
"GetGroups","9","C:\Users\Asad Ali\Documents\GitHub\HTTPS-IAS-Production\AIS\Controllers\AdministrationPanelController.cs; C:\Users\Asad Ali\Documents\GitHub\HTTPS-IAS-Production\AIS\Controllers\ReportsController.cs","AdministrationPanelController.cs; ReportsController.cs","",""
"Getrealtionshiptype","27","C:\Users\Asad Ali\Documents\GitHub\HTTPS-IAS-Production\AIS\Controllers\AdministrationPanelController.cs; C:\Users\Asad Ali\Documents\GitHub\HTTPS-IAS-Production\AIS\Controllers\ArchiveController.cs; C:\Users\Asad Ali\Documents\GitHub\HTTPS-IAS-Production\AIS\Controllers\FADController.cs; C:\Users\Asad Ali\Documents\GitHub\HTTPS-IAS-Production\AIS\Controllers\ReportsController.cs; C:\Users\Asad Ali\Documents\GitHub\HTTPS-IAS-Production\AIS\Controllers\RiskAssessmentController.cs; C:\Users\Asad Ali\Documents\GitHub\HTTPS-IAS-Production\AIS\Controllers\SetupController.cs","AdministrationPanelController.cs; ArchiveController.cs; FADController.cs; ReportsController.cs; RiskAssessmentController.cs; SetupController.cs","",""
"GetEntityTypeList","2","C:\Users\Asad Ali\Documents\GitHub\HTTPS-IAS-Production\AIS\Controllers\AdministrationPanelController.cs; C:\Users\Asad Ali\Documents\GitHub\HTTPS-IAS-Production\AIS\Controllers\RiskAssessmentController.cs","AdministrationPanelController.cs; RiskAssessmentController.cs","",""
"GetObservationReversalStatus","3","C:\Users\Asad Ali\Documents\GitHub\HTTPS-IAS-Production\AIS\Controllers\AdministrationPanelController.cs; C:\Users\Asad Ali\Documents\GitHub\HTTPS-IAS-Production\AIS\Controllers\FADController.cs","AdministrationPanelController.cs; FADController.cs","",""
"GetAuditZones","9","C:\Users\Asad Ali\Documents\GitHub\HTTPS-IAS-Production\AIS\Controllers\AdministrationPanelController.cs; C:\Users\Asad Ali\Documents\GitHub\HTTPS-IAS-Production\AIS\Controllers\ApiCallsController.cs; C:\Users\Asad Ali\Documents\GitHub\HTTPS-IAS-Production\AIS\Controllers\ReportsController.cs; C:\Users\Asad Ali\Documents\GitHub\HTTPS-IAS-Production\AIS\Controllers\SetupController.cs","AdministrationPanelController.cs; ApiCallsController.cs; ReportsController.cs; SetupController.cs","",""
"GetComplianceUnits","4","C:\Users\Asad Ali\Documents\GitHub\HTTPS-IAS-Production\AIS\Controllers\AdministrationPanelController.cs","AdministrationPanelController.cs","",""
"GetGMOffices","1","C:\Users\Asad Ali\Documents\GitHub\HTTPS-IAS-Production\AIS\Controllers\AdministrationPanelController.cs","AdministrationPanelController.cs","",""
"GetReportingOffices","1","C:\Users\Asad Ali\Documents\GitHub\HTTPS-IAS-Production\AIS\Controllers\AdministrationPanelController.cs","AdministrationPanelController.cs","",""
"GetAuditEntityTypes","9","C:\Users\Asad Ali\Documents\GitHub\HTTPS-IAS-Production\AIS\Controllers\AdministrationPanelController.cs; C:\Users\Asad Ali\Documents\GitHub\HTTPS-IAS-Production\AIS\Controllers\SetupController.cs","AdministrationPanelController.cs; SetupController.cs","",""
"GetAuditBy","6","C:\Users\Asad Ali\Documents\GitHub\HTTPS-IAS-Production\AIS\Controllers\AdministrationPanelController.cs; C:\Users\Asad Ali\Documents\GitHub\HTTPS-IAS-Production\AIS\Controllers\SetupController.cs","AdministrationPanelController.cs; SetupController.cs","",""
"GetBranchSizes","12","C:\Users\Asad Ali\Documents\GitHub\HTTPS-IAS-Production\AIS\Controllers\AdministrationPanelController.cs; C:\Users\Asad Ali\Documents\GitHub\HTTPS-IAS-Production\AIS\Controllers\EngagementController.cs; C:\Users\Asad Ali\Documents\GitHub\HTTPS-IAS-Production\AIS\Controllers\PlanningController.cs; C:\Users\Asad Ali\Documents\GitHub\HTTPS-IAS-Production\AIS\Controllers\SetupController.cs","AdministrationPanelController.cs; EngagementController.cs; PlanningController.cs; SetupController.cs","",""
"GetRisks","43","C:\Users\Asad Ali\Documents\GitHub\HTTPS-IAS-Production\AIS\Controllers\AdministrationPanelController.cs; C:\Users\Asad Ali\Documents\GitHub\HTTPS-IAS-Production\AIS\Controllers\ArchiveController.cs; C:\Users\Asad Ali\Documents\GitHub\HTTPS-IAS-Production\AIS\Controllers\EngagementController.cs; C:\Users\Asad Ali\Documents\GitHub\HTTPS-IAS-Production\AIS\Controllers\ExecutionController.cs; C:\Users\Asad Ali\Documents\GitHub\HTTPS-IAS-Production\AIS\Controllers\FADController.cs; C:\Users\Asad Ali\Documents\GitHub\HTTPS-IAS-Production\AIS\Controllers\FieldAuditController.cs; C:\Users\Asad Ali\Documents\GitHub\HTTPS-IAS-Production\AIS\Controllers\ManagementAuditController.cs; C:\Users\Asad Ali\Documents\GitHub\HTTPS-IAS-Production\AIS\Controllers\PlanningController.cs; C:\Users\Asad Ali\Documents\GitHub\HTTPS-IAS-Production\AIS\Controllers\SetupController.cs","AdministrationPanelController.cs; ArchiveController.cs; EngagementController.cs; ExecutionController.cs; FADController.cs; FieldAuditController.cs; ManagementAuditController.cs; PlanningController.cs; SetupController.cs","",""
"GetUpdatedChecklistDetailsForReviewAndAuthorize","6","C:\Users\Asad Ali\Documents\GitHub\HTTPS-IAS-Production\AIS\Controllers\AdministrationPanelController.cs; C:\Users\Asad Ali\Documents\GitHub\HTTPS-IAS-Production\AIS\Controllers\SetupController.cs","AdministrationPanelController.cs; SetupController.cs","",""
"GetAuditeeEntities","1","C:\Users\Asad Ali\Documents\GitHub\HTTPS-IAS-Production\AIS\Controllers\AdministrationPanelController.cs","AdministrationPanelController.cs","",""
"GetEntityTypesForComplianceFlow","1","C:\Users\Asad Ali\Documents\GitHub\HTTPS-IAS-Production\AIS\Controllers\AdministrationPanelController.cs","AdministrationPanelController.cs","",""
"GetComplianceStatusesForComplianceFlow","1","C:\Users\Asad Ali\Documents\GitHub\HTTPS-IAS-Production\AIS\Controllers\AdministrationPanelController.cs","AdministrationPanelController.cs","",""
"GetHRDesignation","1","C:\Users\Asad Ali\Documents\GitHub\HTTPS-IAS-Production\AIS\Controllers\AdministrationPanelController.cs","AdministrationPanelController.cs","",""
"GetEntityTypesForHRDesignationWiseRole","1","C:\Users\Asad Ali\Documents\GitHub\HTTPS-IAS-Production\AIS\Controllers\AdministrationPanelController.cs","AdministrationPanelController.cs","",""
"GetAssignedMenuPages","3","C:\Users\Asad Ali\Documents\GitHub\HTTPS-IAS-Production\AIS\Controllers\AdministrationPanelController.cs; C:\Users\Asad Ali\Documents\GitHub\HTTPS-IAS-Production\AIS\wwwroot\js\csp\Views_AdministrationPanel_group_role_assignment.js","AdministrationPanelController.cs","","Views_AdministrationPanel_group_role_assignment.js"
"RemoveGroupMenuItemsAssignment","1","C:\Users\Asad Ali\Documents\GitHub\HTTPS-IAS-Production\AIS\Controllers\AdministrationPanelController.cs","AdministrationPanelController.cs","",""
"AddGroupMenuItemsAssignment","1","C:\Users\Asad Ali\Documents\GitHub\HTTPS-IAS-Production\AIS\Controllers\AdministrationPanelController.cs","AdministrationPanelController.cs","",""
"AddGroup","1","C:\Users\Asad Ali\Documents\GitHub\HTTPS-IAS-Production\AIS\Controllers\AdministrationPanelController.cs","AdministrationPanelController.cs","",""
"LogWarning","11","C:\Users\Asad Ali\Documents\GitHub\HTTPS-IAS-Production\AIS\Controllers\AdministrationPanelController.cs; C:\Users\Asad Ali\Documents\GitHub\HTTPS-IAS-Production\AIS\Controllers\ApiCallsController.cs; C:\Users\Asad Ali\Documents\GitHub\HTTPS-IAS-Production\AIS\Controllers\EngagementController.cs; C:\Users\Asad Ali\Documents\GitHub\HTTPS-IAS-Production\AIS\Controllers\FieldAuditReportController.cs; C:\Users\Asad Ali\Documents\GitHub\HTTPS-IAS-Production\AIS\Controllers\HomeController.cs; C:\Users\Asad Ali\Documents\GitHub\HTTPS-IAS-Production\AIS\Controllers\LoginController.cs","AdministrationPanelController.cs; ApiCallsController.cs; EngagementController.cs; FieldAuditReportController.cs; HomeController.cs; LoginController.cs","",""
"UpdateUser","1","C:\Users\Asad Ali\Documents\GitHub\HTTPS-IAS-Production\AIS\Controllers\AdministrationPanelController.cs","AdministrationPanelController.cs","",""
"GetAllVersionHistory","3","C:\Users\Asad Ali\Documents\GitHub\HTTPS-IAS-Production\AIS\Controllers\AdministrationPanelController.cs; C:\Users\Asad Ali\Documents\GitHub\HTTPS-IAS-Production\AIS\Controllers\ApiCallsController.cs","AdministrationPanelController.cs; ApiCallsController.cs","",""
"GetSystemLogs","2","C:\Users\Asad Ali\Documents\GitHub\HTTPS-IAS-Production\AIS\Controllers\AdministrationPanelController.cs","AdministrationPanelController.cs","",""
"DeleteOldSystemLogs","3","C:\Users\Asad Ali\Documents\GitHub\HTTPS-IAS-Production\AIS\Controllers\AdministrationPanelController.cs; C:\Users\Asad Ali\Documents\GitHub\HTTPS-IAS-Production\AIS\wwwroot\js\csp\Views_AdministrationPanel_SystemLogs.js","AdministrationPanelController.cs","","Views_AdministrationPanel_SystemLogs.js"
"CreateFromHttpContext","2","C:\Users\Asad Ali\Documents\GitHub\HTTPS-IAS-Production\AIS\Controllers\ApiCallsController.cs; C:\Users\Asad Ali\Documents\GitHub\HTTPS-IAS-Production\AIS\Controllers\FADRiskControlPanelController.cs","ApiCallsController.cs; FADRiskControlPanelController.cs","",""
"KillExistSession","2","C:\Users\Asad Ali\Documents\GitHub\HTTPS-IAS-Production\AIS\Controllers\ApiCallsController.cs; C:\Users\Asad Ali\Documents\GitHub\HTTPS-IAS-Production\AIS\Controllers\LoginController.cs","ApiCallsController.cs; LoginController.cs","",""
"TerminateIdleSession","1","C:\Users\Asad Ali\Documents\GitHub\HTTPS-IAS-Production\AIS\Controllers\ApiCallsController.cs","ApiCallsController.cs","",""
"UpdateAuditCriteria","3","C:\Users\Asad Ali\Documents\GitHub\HTTPS-IAS-Production\AIS\Controllers\ApiCallsController.cs","ApiCallsController.cs","",""
"SetAuditCriteriaStatusReferredBack","1","C:\Users\Asad Ali\Documents\GitHub\HTTPS-IAS-Production\AIS\Controllers\ApiCallsController.cs","ApiCallsController.cs","",""
"SetAuditCriteriaStatusApprove","1","C:\Users\Asad Ali\Documents\GitHub\HTTPS-IAS-Production\AIS\Controllers\ApiCallsController.cs","ApiCallsController.cs","",""
"GetAuditTeams","10","C:\Users\Asad Ali\Documents\GitHub\HTTPS-IAS-Production\AIS\Controllers\ApiCallsController.cs; C:\Users\Asad Ali\Documents\GitHub\HTTPS-IAS-Production\AIS\Controllers\PlanningController.cs","ApiCallsController.cs; PlanningController.cs","",""
"GeneratePlanForAuditCriteria","1","C:\Users\Asad Ali\Documents\GitHub\HTTPS-IAS-Production\AIS\Controllers\ApiCallsController.cs","ApiCallsController.cs","",""
"GetZoneBranches","10","C:\Users\Asad Ali\Documents\GitHub\HTTPS-IAS-Production\AIS\Controllers\ApiCallsController.cs; C:\Users\Asad Ali\Documents\GitHub\HTTPS-IAS-Production\AIS\Views\FAD\FAD_TASK\para_shifting.cshtml; C:\Users\Asad Ali\Documents\GitHub\HTTPS-IAS-Production\AIS\Views\HM\old_paras_monitoring.cshtml; C:\Users\Asad Ali\Documents\GitHub\HTTPS-IAS-Production\AIS\Views\Reports\zone_branch_wise_para_position_report.cshtml; C:\Users\Asad Ali\Documents\GitHub\HTTPS-IAS-Production\AIS\Views\Setup\annexure_assignment_para.cshtml; C:\Users\Asad Ali\Documents\GitHub\HTTPS-IAS-Production\AIS\wwwroot\js\csp\Views_FAD_FAD_TASK_para_shifting.js; C:\Users\Asad Ali\Documents\GitHub\HTTPS-IAS-Production\AIS\wwwroot\js\csp\Views_HM_old_paras_monitoring.js; C:\Users\Asad Ali\Documents\GitHub\HTTPS-IAS-Production\AIS\wwwroot\js\csp\Views_Reports_zone_branch_wise_para_position_report.js; C:\Users\Asad Ali\Documents\GitHub\HTTPS-IAS-Production\AIS\wwwroot\js\csp\Views_Setup_annexure_assignment_para.js","ApiCallsController.cs","para_shifting.cshtml; old_paras_monitoring.cshtml; zone_branch_wise_para_position_report.cshtml; annexure_assignment_para.cshtml","Views_FAD_FAD_TASK_para_shifting.js; Views_HM_old_paras_monitoring.js; Views_Reports_zone_branch_wise_para_position_report.js; Views_Setup_annexure_assignment_para.js"
"GetBranches","4","C:\Users\Asad Ali\Documents\GitHub\HTTPS-IAS-Production\AIS\Controllers\ApiCallsController.cs; C:\Users\Asad Ali\Documents\GitHub\HTTPS-IAS-Production\AIS\Controllers\SetupController.cs","ApiCallsController.cs; SetupController.cs","",""
"GetAuditOperationalStartDate","1","C:\Users\Asad Ali\Documents\GitHub\HTTPS-IAS-Production\AIS\Controllers\ApiCallsController.cs","ApiCallsController.cs","",""
"AddAuditEngagementPlan","1","C:\Users\Asad Ali\Documents\GitHub\HTTPS-IAS-Production\AIS\Controllers\ApiCallsController.cs","ApiCallsController.cs","",""
"GetAuditTaskAssignedNotificationData","1","C:\Users\Asad Ali\Documents\GitHub\HTTPS-IAS-Production\AIS\Controllers\ApiCallsController.cs","ApiCallsController.cs","",""
"AddAuditTeam","2","C:\Users\Asad Ali\Documents\GitHub\HTTPS-IAS-Production\AIS\Controllers\ApiCallsController.cs","ApiCallsController.cs","",""
"GetLatestTeamID","1","C:\Users\Asad Ali\Documents\GitHub\HTTPS-IAS-Production\AIS\Controllers\ApiCallsController.cs","ApiCallsController.cs","",""
"DeleteAuditTeam","2","C:\Users\Asad Ali\Documents\GitHub\HTTPS-IAS-Production\AIS\Controllers\ApiCallsController.cs","ApiCallsController.cs","",""
"getauditplanengagement","2","C:\Users\Asad Ali\Documents\GitHub\HTTPS-IAS-Production\AIS\Controllers\ApiCallsController.cs","ApiCallsController.cs","",""
"AddBranch","2","C:\Users\Asad Ali\Documents\GitHub\HTTPS-IAS-Production\AIS\Controllers\ApiCallsController.cs; C:\Users\Asad Ali\Documents\GitHub\HTTPS-IAS-Production\AIS\Controllers\SetupController.cs","ApiCallsController.cs; SetupController.cs","",""
"UpdateBranch","2","C:\Users\Asad Ali\Documents\GitHub\HTTPS-IAS-Production\AIS\Controllers\ApiCallsController.cs; C:\Users\Asad Ali\Documents\GitHub\HTTPS-IAS-Production\AIS\Controllers\SetupController.cs","ApiCallsController.cs; SetupController.cs","",""
"AddControlViolation","2","C:\Users\Asad Ali\Documents\GitHub\HTTPS-IAS-Production\AIS\Controllers\ApiCallsController.cs; C:\Users\Asad Ali\Documents\GitHub\HTTPS-IAS-Production\AIS\Controllers\SetupController.cs","ApiCallsController.cs; SetupController.cs","",""
"GetSubEntities","51","C:\Users\Asad Ali\Documents\GitHub\HTTPS-IAS-Production\AIS\Controllers\ApiCallsController.cs; C:\Users\Asad Ali\Documents\GitHub\HTTPS-IAS-Production\AIS\Controllers\SetupController.cs; C:\Users\Asad Ali\Documents\GitHub\HTTPS-IAS-Production\AIS\Views\Engagement\engagement_plan.cshtml; C:\Users\Asad Ali\Documents\GitHub\HTTPS-IAS-Production\AIS\Views\Execution\engagement_plan.cshtml; C:\Users\Asad Ali\Documents\GitHub\HTTPS-IAS-Production\AIS\Views\Planning\Partials\_CreateEngagementStep.cshtml; C:\Users\Asad Ali\Documents\GitHub\HTTPS-IAS-Production\AIS\Views\Planning\Partials\_EngagementPlanReplica.cshtml; C:\Users\Asad Ali\Documents\GitHub\HTTPS-IAS-Production\AIS\Views\Planning\special_assignment.cshtml; C:\Users\Asad Ali\Documents\GitHub\HTTPS-IAS-Production\AIS\Views\Reports\aging_observations.cshtml; C:\Users\Asad Ali\Documents\GitHub\HTTPS-IAS-Production\AIS\Views\Reports\audit_typewise_report.cshtml; C:\Users\Asad Ali\Documents\GitHub\HTTPS-IAS-Production\AIS\Views\Reports\div_out_paras.cshtml; C:\Users\Asad Ali\Documents\GitHub\HTTPS-IAS-Production\AIS\Views\Reports\div_seg_paras.cshtml; C:\Users\Asad Ali\Documents\GitHub\HTTPS-IAS-Production\AIS\Views\Reports\exec_stats.cshtml; C:\Users\Asad Ali\Documents\GitHub\HTTPS-IAS-Production\AIS\Views\Reports\riskwise_observations.cshtml; C:\Users\Asad Ali\Documents\GitHub\HTTPS-IAS-Production\AIS\Views\Reports\role_wise_user.cshtml; C:\Users\Asad Ali\Documents\GitHub\HTTPS-IAS-Production\AIS\wwwroot\js\csp\Views_Engagement_engagement_plan.js; C:\Users\Asad Ali\Documents\GitHub\HTTPS-IAS-Production\AIS\wwwroot\js\csp\Views_Execution_engagement_plan.js; C:\Users\Asad Ali\Documents\GitHub\HTTPS-IAS-Production\AIS\wwwroot\js\csp\Views_Planning_special_assignment.js; C:\Users\Asad Ali\Documents\GitHub\HTTPS-IAS-Production\AIS\wwwroot\js\csp\Views_Reports_aging_observations.js; C:\Users\Asad Ali\Documents\GitHub\HTTPS-IAS-Production\AIS\wwwroot\js\csp\Views_Reports_audit_typewise_report.js; C:\Users\Asad Ali\Documents\GitHub\HTTPS-IAS-Production\AIS\wwwroot\js\csp\Views_Reports_br_au_pos.js; C:\Users\Asad Ali\Documents\GitHub\HTTPS-IAS-Production\AIS\wwwroot\js\csp\Views_Reports_cad_isad_achievement.js; C:\Users\Asad Ali\Documents\GitHub\HTTPS-IAS-Production\AIS\wwwroot\js\csp\Views_Reports_div_out_paras.js; C:\Users\Asad Ali\Documents\GitHub\HTTPS-IAS-Production\AIS\wwwroot\js\csp\Views_Reports_div_seg_paras.js; C:\Users\Asad Ali\Documents\GitHub\HTTPS-IAS-Production\AIS\wwwroot\js\csp\Views_Reports_emp_info.js; C:\Users\Asad Ali\Documents\GitHub\HTTPS-IAS-Production\AIS\wwwroot\js\csp\Views_Reports_exec_stats.js; C:\Users\Asad Ali\Documents\GitHub\HTTPS-IAS-Production\AIS\wwwroot\js\csp\Views_Reports_management_au_report_zonewise.js; C:\Users\Asad Ali\Documents\GitHub\HTTPS-IAS-Production\AIS\wwwroot\js\csp\Views_Reports_monthwise_settlement_paras.js; C:\Users\Asad Ali\Documents\GitHub\HTTPS-IAS-Production\AIS\wwwroot\js\csp\Views_Reports_riskwise_observations.js; C:\Users\Asad Ali\Documents\GitHub\HTTPS-IAS-Production\AIS\wwwroot\js\csp\Views_Reports_role_wise_user.js; C:\Users\Asad Ali\Documents\GitHub\HTTPS-IAS-Production\AIS\wwwroot\js\csp\Views_Reports_settlement_old_paras.js; C:\Users\Asad Ali\Documents\GitHub\HTTPS-IAS-Production\AIS\wwwroot\js\csp\Views_Reports_significant_observations_management_audit.js; C:\Users\Asad Ali\Documents\GitHub\HTTPS-IAS-Production\AIS\wwwroot\js\csp\Views_Reports_zonewise_settlement_paras.js","ApiCallsController.cs; SetupController.cs","engagement_plan.cshtml; _CreateEngagementStep.cshtml; _EngagementPlanReplica.cshtml; special_assignment.cshtml; aging_observations.cshtml; audit_typewise_report.cshtml; div_out_paras.cshtml; div_seg_paras.cshtml; exec_stats.cshtml; riskwise_observations.cshtml; role_wise_user.cshtml","Views_Engagement_engagement_plan.js; Views_Execution_engagement_plan.js; Views_Planning_special_assignment.js; Views_Reports_aging_observations.js; Views_Reports_audit_typewise_report.js; Views_Reports_br_au_pos.js; Views_Reports_cad_isad_achievement.js; Views_Reports_div_out_paras.js; Views_Reports_div_seg_paras.js; Views_Reports_emp_info.js; Views_Reports_exec_stats.js; Views_Reports_management_au_report_zonewise.js; Views_Reports_monthwise_settlement_paras.js; Views_Reports_riskwise_observations.js; Views_Reports_role_wise_user.js; Views_Reports_settlement_old_paras.js; Views_Reports_significant_observations_management_audit.js; Views_Reports_zonewise_settlement_paras.js"
"AddSubEntity","2","C:\Users\Asad Ali\Documents\GitHub\HTTPS-IAS-Production\AIS\Controllers\ApiCallsController.cs; C:\Users\Asad Ali\Documents\GitHub\HTTPS-IAS-Production\AIS\Controllers\SetupController.cs","ApiCallsController.cs; SetupController.cs","",""
"UpdateSubEntity","2","C:\Users\Asad Ali\Documents\GitHub\HTTPS-IAS-Production\AIS\Controllers\ApiCallsController.cs; C:\Users\Asad Ali\Documents\GitHub\HTTPS-IAS-Production\AIS\Controllers\SetupController.cs","ApiCallsController.cs; SetupController.cs","",""
"GetRiskProcessDetails","2","C:\Users\Asad Ali\Documents\GitHub\HTTPS-IAS-Production\AIS\Controllers\ApiCallsController.cs; C:\Users\Asad Ali\Documents\GitHub\HTTPS-IAS-Production\AIS\Controllers\SetupController.cs","ApiCallsController.cs; SetupController.cs","",""
"GetRiskProcessTransactions","2","C:\Users\Asad Ali\Documents\GitHub\HTTPS-IAS-Production\AIS\Controllers\ApiCallsController.cs; C:\Users\Asad Ali\Documents\GitHub\HTTPS-IAS-Production\AIS\Controllers\SetupController.cs","ApiCallsController.cs; SetupController.cs","",""
"GetChecklistComparisonDetailById","1","C:\Users\Asad Ali\Documents\GitHub\HTTPS-IAS-Production\AIS\Controllers\ApiCallsController.cs","ApiCallsController.cs","",""
"GetChecklistComparisonDetailByIdForRefferedBack","1","C:\Users\Asad Ali\Documents\GitHub\HTTPS-IAS-Production\AIS\Controllers\ApiCallsController.cs","ApiCallsController.cs","",""
"AddRiskProcess","2","C:\Users\Asad Ali\Documents\GitHub\HTTPS-IAS-Production\AIS\Controllers\ApiCallsController.cs; C:\Users\Asad Ali\Documents\GitHub\HTTPS-IAS-Production\AIS\Controllers\SetupController.cs","ApiCallsController.cs; SetupController.cs","",""
"AddRiskSubProcess","2","C:\Users\Asad Ali\Documents\GitHub\HTTPS-IAS-Production\AIS\Controllers\ApiCallsController.cs; C:\Users\Asad Ali\Documents\GitHub\HTTPS-IAS-Production\AIS\Controllers\SetupController.cs","ApiCallsController.cs; SetupController.cs","",""
"AddRiskSubProcessTransaction","2","C:\Users\Asad Ali\Documents\GitHub\HTTPS-IAS-Production\AIS\Controllers\ApiCallsController.cs; C:\Users\Asad Ali\Documents\GitHub\HTTPS-IAS-Production\AIS\Controllers\SetupController.cs","ApiCallsController.cs; SetupController.cs","",""
"AuthorizeSubProcessByAuthorizer","1","C:\Users\Asad Ali\Documents\GitHub\HTTPS-IAS-Production\AIS\Controllers\ApiCallsController.cs","ApiCallsController.cs","",""
"RefferedBackSubProcessByAuthorizer","1","C:\Users\Asad Ali\Documents\GitHub\HTTPS-IAS-Production\AIS\Controllers\ApiCallsController.cs","ApiCallsController.cs","",""
"RecommendProcessTransactionByReviewer","2","C:\Users\Asad Ali\Documents\GitHub\HTTPS-IAS-Production\AIS\Controllers\ApiCallsController.cs; C:\Users\Asad Ali\Documents\GitHub\HTTPS-IAS-Production\AIS\Controllers\SetupController.cs","ApiCallsController.cs; SetupController.cs","",""
"RefferedBackProcessTransactionByReviewer","2","C:\Users\Asad Ali\Documents\GitHub\HTTPS-IAS-Production\AIS\Controllers\ApiCallsController.cs; C:\Users\Asad Ali\Documents\GitHub\HTTPS-IAS-Production\AIS\Controllers\SetupController.cs","ApiCallsController.cs; SetupController.cs","",""
"AuthorizeProcessTransactionByAuthorizer","2","C:\Users\Asad Ali\Documents\GitHub\HTTPS-IAS-Production\AIS\Controllers\ApiCallsController.cs; C:\Users\Asad Ali\Documents\GitHub\HTTPS-IAS-Production\AIS\Controllers\SetupController.cs","ApiCallsController.cs; SetupController.cs","",""
"RefferedBackProcessTransactionByAuthorizer","2","C:\Users\Asad Ali\Documents\GitHub\HTTPS-IAS-Production\AIS\Controllers\ApiCallsController.cs; C:\Users\Asad Ali\Documents\GitHub\HTTPS-IAS-Production\AIS\Controllers\SetupController.cs","ApiCallsController.cs; SetupController.cs","",""
"InsertSbpObservation","2","C:\Users\Asad Ali\Documents\GitHub\HTTPS-IAS-Production\AIS\Controllers\ApiCallsController.cs","ApiCallsController.cs","",""
"InsertSbpObservationResponse","2","C:\Users\Asad Ali\Documents\GitHub\HTTPS-IAS-Production\AIS\Controllers\ApiCallsController.cs","ApiCallsController.cs","",""
"GetSbpObservationResponse","2","C:\Users\Asad Ali\Documents\GitHub\HTTPS-IAS-Production\AIS\Controllers\ApiCallsController.cs","ApiCallsController.cs","",""
"GetRequests","2","C:\Users\Asad Ali\Documents\GitHub\HTTPS-IAS-Production\AIS\Controllers\ApiCallsController.cs","ApiCallsController.cs","",""
"GetRequestHistory","2","C:\Users\Asad Ali\Documents\GitHub\HTTPS-IAS-Production\AIS\Controllers\ApiCallsController.cs","ApiCallsController.cs","",""
"GetSbpObservationRegister","2","C:\Users\Asad Ali\Documents\GitHub\HTTPS-IAS-Production\AIS\Controllers\ApiCallsController.cs","ApiCallsController.cs","",""
"GetSbpObservationTypes","3","C:\Users\Asad Ali\Documents\GitHub\HTTPS-IAS-Production\AIS\Controllers\ApiCallsController.cs; C:\Users\Asad Ali\Documents\GitHub\HTTPS-IAS-Production\AIS\Controllers\HMController.cs","ApiCallsController.cs; HMController.cs","",""
"GetSbpObservationHistory","2","C:\Users\Asad Ali\Documents\GitHub\HTTPS-IAS-Production\AIS\Controllers\ApiCallsController.cs","ApiCallsController.cs","",""
"ValidateSbpAccessPassword","2","C:\Users\Asad Ali\Documents\GitHub\HTTPS-IAS-Production\AIS\Controllers\ApiCallsController.cs; C:\Users\Asad Ali\Documents\GitHub\HTTPS-IAS-Production\AIS\Controllers\HMController.cs","ApiCallsController.cs; HMController.cs","",""
"GetDepartmentPerformanceSummaryAndDetail","4","C:\Users\Asad Ali\Documents\GitHub\HTTPS-IAS-Production\AIS\Controllers\ApiCallsController.cs","ApiCallsController.cs","",""
"GetDepartmentPerformanceByZone","4","C:\Users\Asad Ali\Documents\GitHub\HTTPS-IAS-Production\AIS\Controllers\ApiCallsController.cs","ApiCallsController.cs","",""
"GetAuditorPerformance","4","C:\Users\Asad Ali\Documents\GitHub\HTTPS-IAS-Production\AIS\Controllers\ApiCallsController.cs","ApiCallsController.cs","",""
"GetAuditChecklistSub","1","C:\Users\Asad Ali\Documents\GitHub\HTTPS-IAS-Production\AIS\Controllers\ApiCallsController.cs","ApiCallsController.cs","",""
"GetAuditChecklistDetails","1","C:\Users\Asad Ali\Documents\GitHub\HTTPS-IAS-Production\AIS\Controllers\ApiCallsController.cs","ApiCallsController.cs","",""
"SaveAuditObservation","1","C:\Users\Asad Ali\Documents\GitHub\HTTPS-IAS-Production\AIS\Controllers\ApiCallsController.cs","ApiCallsController.cs","",""
"SaveAuditObservationCAU","1","C:\Users\Asad Ali\Documents\GitHub\HTTPS-IAS-Production\AIS\Controllers\ApiCallsController.cs","ApiCallsController.cs","",""
"ResponseAuditObservation","1","C:\Users\Asad Ali\Documents\GitHub\HTTPS-IAS-Production\AIS\Controllers\ApiCallsController.cs","ApiCallsController.cs","",""
"UpdateAuditObservationText","1","C:\Users\Asad Ali\Documents\GitHub\HTTPS-IAS-Production\AIS\Controllers\ApiCallsController.cs","ApiCallsController.cs","",""
"UpdateAuditObservationStatus","2","C:\Users\Asad Ali\Documents\GitHub\HTTPS-IAS-Production\AIS\Controllers\ApiCallsController.cs","ApiCallsController.cs","",""
"DropAuditObservation","1","C:\Users\Asad Ali\Documents\GitHub\HTTPS-IAS-Production\AIS\Controllers\ApiCallsController.cs","ApiCallsController.cs","",""
"SubmitAuditObservationToAuditee","1","C:\Users\Asad Ali\Documents\GitHub\HTTPS-IAS-Production\AIS\Controllers\ApiCallsController.cs","ApiCallsController.cs","",""
"IsObservationSubmittedToAuditee","1","C:\Users\Asad Ali\Documents\GitHub\HTTPS-IAS-Production\AIS\Controllers\ApiCallsController.cs","ApiCallsController.cs","",""
"GetObservationSubmittedNotificationData","1","C:\Users\Asad Ali\Documents\GitHub\HTTPS-IAS-Production\AIS\Controllers\ApiCallsController.cs","ApiCallsController.cs","",""
"GetObservationsForManageAuditParas","1","C:\Users\Asad Ali\Documents\GitHub\HTTPS-IAS-Production\AIS\Controllers\ApiCallsController.cs","ApiCallsController.cs","",""
"GetObservationDetailsForManageAuditParas","1","C:\Users\Asad Ali\Documents\GitHub\HTTPS-IAS-Production\AIS\Controllers\ApiCallsController.cs","ApiCallsController.cs","",""
"GetResponsiblePPNOforoldPara","2","C:\Users\Asad Ali\Documents\GitHub\HTTPS-IAS-Production\AIS\Controllers\ApiCallsController.cs","ApiCallsController.cs","",""
"GetResponsibilityForAuthorize","1","C:\Users\Asad Ali\Documents\GitHub\HTTPS-IAS-Production\AIS\Controllers\ApiCallsController.cs","ApiCallsController.cs","",""
"GetObservationsForMangeAuditParasForAuthorization","1","C:\Users\Asad Ali\Documents\GitHub\HTTPS-IAS-Production\AIS\Controllers\ApiCallsController.cs","ApiCallsController.cs","",""
"GetProposedChangesInManageParasAuth","1","C:\Users\Asad Ali\Documents\GitHub\HTTPS-IAS-Production\AIS\Controllers\ApiCallsController.cs","ApiCallsController.cs","",""
"ReferredBackAuditObservationStatus","1","C:\Users\Asad Ali\Documents\GitHub\HTTPS-IAS-Production\AIS\Controllers\ApiCallsController.cs","ApiCallsController.cs","",""
"AuthorizedAuditObservationStatus","1","C:\Users\Asad Ali\Documents\GitHub\HTTPS-IAS-Production\AIS\Controllers\ApiCallsController.cs","ApiCallsController.cs","",""
"GetManagedObservations","16","C:\Users\Asad Ali\Documents\GitHub\HTTPS-IAS-Production\AIS\Controllers\ApiCallsController.cs; C:\Users\Asad Ali\Documents\GitHub\HTTPS-IAS-Production\AIS\Controllers\ReportsController.cs","ApiCallsController.cs; ReportsController.cs","",""
"GetManagedObservationText","1","C:\Users\Asad Ali\Documents\GitHub\HTTPS-IAS-Production\AIS\Controllers\ApiCallsController.cs","ApiCallsController.cs","",""
"GetRespondedObservationEvidences","1","C:\Users\Asad Ali\Documents\GitHub\HTTPS-IAS-Production\AIS\Controllers\ApiCallsController.cs","ApiCallsController.cs","",""
"GetManagedAllObservationsText","1","C:\Users\Asad Ali\Documents\GitHub\HTTPS-IAS-Production\AIS\Controllers\ApiCallsController.cs","ApiCallsController.cs","",""
"GetSubChecklistStatus","3","C:\Users\Asad Ali\Documents\GitHub\HTTPS-IAS-Production\AIS\Controllers\ApiCallsController.cs; C:\Users\Asad Ali\Documents\GitHub\HTTPS-IAS-Production\AIS\wwwroot\js\csp\Views_Execution_checklist_details.js","ApiCallsController.cs","","Views_Execution_checklist_details.js"
"GetManagedObservationsForBranches","3","C:\Users\Asad Ali\Documents\GitHub\HTTPS-IAS-Production\AIS\Controllers\ApiCallsController.cs; C:\Users\Asad Ali\Documents\GitHub\HTTPS-IAS-Production\AIS\Controllers\ObservationPdfController.cs","ApiCallsController.cs; ObservationPdfController.cs","",""
"GetObservationPdfData","1","C:\Users\Asad Ali\Documents\GitHub\HTTPS-IAS-Production\AIS\Controllers\ApiCallsController.cs","ApiCallsController.cs","",""
"AddObservationGistAndRecommendation","1","C:\Users\Asad Ali\Documents\GitHub\HTTPS-IAS-Production\AIS\Controllers\ApiCallsController.cs","ApiCallsController.cs","",""
"GetManagedObservationTextForBranches","1","C:\Users\Asad Ali\Documents\GitHub\HTTPS-IAS-Production\AIS\Controllers\ApiCallsController.cs","ApiCallsController.cs","",""
"GetObservationResponsiblePPNOs","1","C:\Users\Asad Ali\Documents\GitHub\HTTPS-IAS-Production\AIS\Controllers\ApiCallsController.cs","ApiCallsController.cs","",""
"CreateAuditReport","1","C:\Users\Asad Ali\Documents\GitHub\HTTPS-IAS-Production\AIS\Controllers\ApiCallsController.cs","ApiCallsController.cs","",""
"GetDraftReportSummary","1","C:\Users\Asad Ali\Documents\GitHub\HTTPS-IAS-Production\AIS\Controllers\ApiCallsController.cs","ApiCallsController.cs","",""
"GetClosingDraftObservations","2","C:\Users\Asad Ali\Documents\GitHub\HTTPS-IAS-Production\AIS\Controllers\ApiCallsController.cs; C:\Users\Asad Ali\Documents\GitHub\HTTPS-IAS-Production\AIS\Controllers\FieldAuditController.cs","ApiCallsController.cs; FieldAuditController.cs","",""
"GetFadBranchesParas","1","C:\Users\Asad Ali\Documents\GitHub\HTTPS-IAS-Production\AIS\Controllers\ApiCallsController.cs","ApiCallsController.cs","",""
"GetClosingDraftTeamDetails","1","C:\Users\Asad Ali\Documents\GitHub\HTTPS-IAS-Production\AIS\Controllers\ApiCallsController.cs","ApiCallsController.cs","",""
"CloseDraftAuditReport","1","C:\Users\Asad Ali\Documents\GitHub\HTTPS-IAS-Production\AIS\Controllers\ApiCallsController.cs","ApiCallsController.cs","",""
"ConcludeDraftAuditReport","1","C:\Users\Asad Ali\Documents\GitHub\HTTPS-IAS-Production\AIS\Controllers\ApiCallsController.cs","ApiCallsController.cs","",""
"GetLoanCaseDetails","1","C:\Users\Asad Ali\Documents\GitHub\HTTPS-IAS-Production\AIS\Controllers\ApiCallsController.cs","ApiCallsController.cs","",""
"GetGlheadSubDetails","1","C:\Users\Asad Ali\Documents\GitHub\HTTPS-IAS-Production\AIS\Controllers\ApiCallsController.cs","ApiCallsController.cs","",""
"GetDepositAccountSubdetails","2","C:\Users\Asad Ali\Documents\GitHub\HTTPS-IAS-Production\AIS\Controllers\ApiCallsController.cs","ApiCallsController.cs","",""
"GetDepositAccountcatdetails","2","C:\Users\Asad Ali\Documents\GitHub\HTTPS-IAS-Production\AIS\Controllers\ApiCallsController.cs","ApiCallsController.cs","",""
"GetBranchDesbursementaccountdetails","2","C:\Users\Asad Ali\Documents\GitHub\HTTPS-IAS-Production\AIS\Controllers\ApiCallsController.cs","ApiCallsController.cs","",""
"GetIncomeExpenceDetails","2","C:\Users\Asad Ali\Documents\GitHub\HTTPS-IAS-Production\AIS\Controllers\ApiCallsController.cs","ApiCallsController.cs","",""
"GetExpectedCountOfAuditEntitiesOnCriteria","1","C:\Users\Asad Ali\Documents\GitHub\HTTPS-IAS-Production\AIS\Controllers\ApiCallsController.cs","ApiCallsController.cs","",""
"DeletePendingCriteria","2","C:\Users\Asad Ali\Documents\GitHub\HTTPS-IAS-Production\AIS\Controllers\ApiCallsController.cs","ApiCallsController.cs","",""
"GetAuditeeEntitiesForUpdate","2","C:\Users\Asad Ali\Documents\GitHub\HTTPS-IAS-Production\AIS\Controllers\ApiCallsController.cs","ApiCallsController.cs","",""
"GetAuditeeEntitiesForUpdateForAuthorization","1","C:\Users\Asad Ali\Documents\GitHub\HTTPS-IAS-Production\AIS\Controllers\ApiCallsController.cs","ApiCallsController.cs","",""
"GetAuditeeEntitiesForAuthorization","1","C:\Users\Asad Ali\Documents\GitHub\HTTPS-IAS-Production\AIS\Controllers\ApiCallsController.cs","ApiCallsController.cs","",""
"UpdateAuditeeEntity","2","C:\Users\Asad Ali\Documents\GitHub\HTTPS-IAS-Production\AIS\Controllers\ApiCallsController.cs","ApiCallsController.cs","",""
"GetAISEntities","5","C:\Users\Asad Ali\Documents\GitHub\HTTPS-IAS-Production\AIS\Controllers\ApiCallsController.cs; C:\Users\Asad Ali\Documents\GitHub\HTTPS-IAS-Production\AIS\Views\AdministrationPanel\status_reversal_audit_entities.cshtml; C:\Users\Asad Ali\Documents\GitHub\HTTPS-IAS-Production\AIS\wwwroot\js\csp\Views_AdministrationPanel_status_reversal_audit_entities.js","ApiCallsController.cs","status_reversal_audit_entities.cshtml","Views_AdministrationPanel_status_reversal_audit_entities.js"
"GetCBASEntities","4","C:\Users\Asad Ali\Documents\GitHub\HTTPS-IAS-Production\AIS\Controllers\ApiCallsController.cs; C:\Users\Asad Ali\Documents\GitHub\HTTPS-IAS-Production\AIS\wwwroot\js\csp\Views_AdministrationPanel_status_reversal_audit_entities.js","ApiCallsController.cs","","Views_AdministrationPanel_status_reversal_audit_entities.js"
"GetERPEntities","4","C:\Users\Asad Ali\Documents\GitHub\HTTPS-IAS-Production\AIS\Controllers\ApiCallsController.cs; C:\Users\Asad Ali\Documents\GitHub\HTTPS-IAS-Production\AIS\wwwroot\js\csp\Views_AdministrationPanel_status_reversal_audit_entities.js","ApiCallsController.cs","","Views_AdministrationPanel_status_reversal_audit_entities.js"
"GetHREntities","4","C:\Users\Asad Ali\Documents\GitHub\HTTPS-IAS-Production\AIS\Controllers\ApiCallsController.cs; C:\Users\Asad Ali\Documents\GitHub\HTTPS-IAS-Production\AIS\wwwroot\js\csp\Views_AdministrationPanel_status_reversal_audit_entities.js","ApiCallsController.cs","","Views_AdministrationPanel_status_reversal_audit_entities.js"
"SubmitAuditCriteriaForApproval","1","C:\Users\Asad Ali\Documents\GitHub\HTTPS-IAS-Production\AIS\Controllers\ApiCallsController.cs","ApiCallsController.cs","",""
"GetCOSORiskForDepartment","2","C:\Users\Asad Ali\Documents\GitHub\HTTPS-IAS-Production\AIS\Controllers\ApiCallsController.cs","ApiCallsController.cs","",""
"CAUOMAssignment","1","C:\Users\Asad Ali\Documents\GitHub\HTTPS-IAS-Production\AIS\Controllers\ApiCallsController.cs","ApiCallsController.cs","",""
"CAUOMAssignmentAIR","1","C:\Users\Asad Ali\Documents\GitHub\HTTPS-IAS-Production\AIS\Controllers\ApiCallsController.cs","ApiCallsController.cs","",""
"CAUOMAssignmentPDP","1","C:\Users\Asad Ali\Documents\GitHub\HTTPS-IAS-Production\AIS\Controllers\ApiCallsController.cs","ApiCallsController.cs","",""
"CAUOMAssignmentARPSE","1","C:\Users\Asad Ali\Documents\GitHub\HTTPS-IAS-Production\AIS\Controllers\ApiCallsController.cs","ApiCallsController.cs","",""
"CAUGetPreAddedOM","1","C:\Users\Asad Ali\Documents\GitHub\HTTPS-IAS-Production\AIS\Controllers\ApiCallsController.cs","ApiCallsController.cs","",""
"CAUGetAssignedOMs","1","C:\Users\Asad Ali\Documents\GitHub\HTTPS-IAS-Production\AIS\Controllers\ApiCallsController.cs","ApiCallsController.cs","",""
"GetCommercialAuditOms","1","C:\Users\Asad Ali\Documents\GitHub\HTTPS-IAS-Production\AIS\Controllers\ApiCallsController.cs","ApiCallsController.cs","",""
"SaveCommercialAuditOm","2","C:\Users\Asad Ali\Documents\GitHub\HTTPS-IAS-Production\AIS\Controllers\ApiCallsController.cs; C:\Users\Asad Ali\Documents\GitHub\HTTPS-IAS-Production\AIS\wwwroot\js\csp\Views_CAU_commercial_audit.js","ApiCallsController.cs","","Views_CAU_commercial_audit.js"
"GetCommercialAuditPdps","1","C:\Users\Asad Ali\Documents\GitHub\HTTPS-IAS-Production\AIS\Controllers\ApiCallsController.cs","ApiCallsController.cs","",""
"SaveCommercialAuditPdp","2","C:\Users\Asad Ali\Documents\GitHub\HTTPS-IAS-Production\AIS\Controllers\ApiCallsController.cs; C:\Users\Asad Ali\Documents\GitHub\HTTPS-IAS-Production\AIS\wwwroot\js\csp\Views_CAU_commercial_audit.js","ApiCallsController.cs","","Views_CAU_commercial_audit.js"
"GetCommercialAuditPdpMappings","1","C:\Users\Asad Ali\Documents\GitHub\HTTPS-IAS-Production\AIS\Controllers\ApiCallsController.cs","ApiCallsController.cs","",""
"SaveCommercialAuditPdpMappings","2","C:\Users\Asad Ali\Documents\GitHub\HTTPS-IAS-Production\AIS\Controllers\ApiCallsController.cs; C:\Users\Asad Ali\Documents\GitHub\HTTPS-IAS-Production\AIS\wwwroot\js\csp\Views_CAU_commercial_audit.js","ApiCallsController.cs","","Views_CAU_commercial_audit.js"
"GetCommercialAuditArpseHeaders","1","C:\Users\Asad Ali\Documents\GitHub\HTTPS-IAS-Production\AIS\Controllers\ApiCallsController.cs","ApiCallsController.cs","",""
"SaveCommercialAuditArpseHeader","2","C:\Users\Asad Ali\Documents\GitHub\HTTPS-IAS-Production\AIS\Controllers\ApiCallsController.cs; C:\Users\Asad Ali\Documents\GitHub\HTTPS-IAS-Production\AIS\wwwroot\js\csp\Views_CAU_commercial_audit.js","ApiCallsController.cs","","Views_CAU_commercial_audit.js"
"GetCommercialAuditArpseDacEntries","1","C:\Users\Asad Ali\Documents\GitHub\HTTPS-IAS-Production\AIS\Controllers\ApiCallsController.cs","ApiCallsController.cs","",""
"SaveCommercialAuditArpseDacEntry","2","C:\Users\Asad Ali\Documents\GitHub\HTTPS-IAS-Production\AIS\Controllers\ApiCallsController.cs; C:\Users\Asad Ali\Documents\GitHub\HTTPS-IAS-Production\AIS\wwwroot\js\csp\Views_CAU_commercial_audit.js","ApiCallsController.cs","","Views_CAU_commercial_audit.js"
"GetCommercialAuditArpsePacEntries","1","C:\Users\Asad Ali\Documents\GitHub\HTTPS-IAS-Production\AIS\Controllers\ApiCallsController.cs","ApiCallsController.cs","",""
"SaveCommercialAuditArpsePacEntry","2","C:\Users\Asad Ali\Documents\GitHub\HTTPS-IAS-Production\AIS\Controllers\ApiCallsController.cs; C:\Users\Asad Ali\Documents\GitHub\HTTPS-IAS-Production\AIS\wwwroot\js\csp\Views_CAU_commercial_audit.js","ApiCallsController.cs","","Views_CAU_commercial_audit.js"
"GetManagedObservationsSummaryForSelectedEntity","1","C:\Users\Asad Ali\Documents\GitHub\HTTPS-IAS-Production\AIS\Controllers\ApiCallsController.cs","ApiCallsController.cs","",""
"GetManagedObservationsForSelectedEntity","1","C:\Users\Asad Ali\Documents\GitHub\HTTPS-IAS-Production\AIS\Controllers\ApiCallsController.cs","ApiCallsController.cs","",""
"GetManagedDraftObservations","1","C:\Users\Asad Ali\Documents\GitHub\HTTPS-IAS-Production\AIS\Controllers\ApiCallsController.cs","ApiCallsController.cs","",""
"GetFinalizedDraftObservations","1","C:\Users\Asad Ali\Documents\GitHub\HTTPS-IAS-Production\AIS\Controllers\ApiCallsController.cs","ApiCallsController.cs","",""
"GetFinalizedDraftObservationsBranch","1","C:\Users\Asad Ali\Documents\GitHub\HTTPS-IAS-Production\AIS\Controllers\ApiCallsController.cs","ApiCallsController.cs","",""
"GetManagedDraftObservationsBranch","1","C:\Users\Asad Ali\Documents\GitHub\HTTPS-IAS-Production\AIS\Controllers\ApiCallsController.cs","ApiCallsController.cs","",""
"GetManagedDraftObservationsText","1","C:\Users\Asad Ali\Documents\GitHub\HTTPS-IAS-Production\AIS\Controllers\ApiCallsController.cs","ApiCallsController.cs","",""
"GetLatestAuditeeResponse","1","C:\Users\Asad Ali\Documents\GitHub\HTTPS-IAS-Production\AIS\Controllers\ApiCallsController.cs","ApiCallsController.cs","",""
"GetAssignedObservations","7","C:\Users\Asad Ali\Documents\GitHub\HTTPS-IAS-Production\AIS\Controllers\ApiCallsController.cs; C:\Users\Asad Ali\Documents\GitHub\HTTPS-IAS-Production\AIS\Controllers\AuditeePortalController.cs","ApiCallsController.cs; AuditeePortalController.cs","",""
"GetCCQ","1","C:\Users\Asad Ali\Documents\GitHub\HTTPS-IAS-Production\AIS\Controllers\ApiCallsController.cs","ApiCallsController.cs","",""
"UpdateCCQ","1","C:\Users\Asad Ali\Documents\GitHub\HTTPS-IAS-Production\AIS\Controllers\ApiCallsController.cs","ApiCallsController.cs","",""
"GetObservationText","1","C:\Users\Asad Ali\Documents\GitHub\HTTPS-IAS-Production\AIS\Controllers\ApiCallsController.cs","ApiCallsController.cs","",""
"AuditeeOldParaResponse","1","C:\Users\Asad Ali\Documents\GitHub\HTTPS-IAS-Production\AIS\Controllers\ApiCallsController.cs","ApiCallsController.cs","",""
"GetOldParas","1","C:\Users\Asad Ali\Documents\GitHub\HTTPS-IAS-Production\AIS\Controllers\ApiCallsController.cs","ApiCallsController.cs","",""
"GetOldParasManagement","1","C:\Users\Asad Ali\Documents\GitHub\HTTPS-IAS-Production\AIS\Controllers\ApiCallsController.cs","ApiCallsController.cs","",""
"GetOldSettledParasForResponse","1","C:\Users\Asad Ali\Documents\GitHub\HTTPS-IAS-Production\AIS\Controllers\ApiCallsController.cs","ApiCallsController.cs","",""
"GetParasForStatusChange","1","C:\Users\Asad Ali\Documents\GitHub\HTTPS-IAS-Production\AIS\Controllers\ApiCallsController.cs","ApiCallsController.cs","",""
"GetCurrentParasForStatusChangeRequest","1","C:\Users\Asad Ali\Documents\GitHub\HTTPS-IAS-Production\AIS\Controllers\ApiCallsController.cs","ApiCallsController.cs","",""
"GetCurrentParasForStatusChangeRequestReview","1","C:\Users\Asad Ali\Documents\GitHub\HTTPS-IAS-Production\AIS\Controllers\ApiCallsController.cs","ApiCallsController.cs","",""
"GetCurrentParasForStatusChangeRequestAuthorize","1","C:\Users\Asad Ali\Documents\GitHub\HTTPS-IAS-Production\AIS\Controllers\ApiCallsController.cs","ApiCallsController.cs","",""
"GetManageLegacyParas","1","C:\Users\Asad Ali\Documents\GitHub\HTTPS-IAS-Production\AIS\Controllers\ApiCallsController.cs","ApiCallsController.cs","",""
"GetOutstandingParas","1","C:\Users\Asad Ali\Documents\GitHub\HTTPS-IAS-Production\AIS\Controllers\ApiCallsController.cs","ApiCallsController.cs","",""
"AddOldParas","1","C:\Users\Asad Ali\Documents\GitHub\HTTPS-IAS-Production\AIS\Controllers\ApiCallsController.cs","ApiCallsController.cs","",""
"AddOldParasReply","1","C:\Users\Asad Ali\Documents\GitHub\HTTPS-IAS-Production\AIS\Controllers\ApiCallsController.cs","ApiCallsController.cs","",""
"UpdateOldParasStatus","1","C:\Users\Asad Ali\Documents\GitHub\HTTPS-IAS-Production\AIS\Controllers\ApiCallsController.cs","ApiCallsController.cs","",""
"AddOldParasCADReply","1","C:\Users\Asad Ali\Documents\GitHub\HTTPS-IAS-Production\AIS\Controllers\ApiCallsController.cs","ApiCallsController.cs","",""
"AddOldParasCADCompliance","1","C:\Users\Asad Ali\Documents\GitHub\HTTPS-IAS-Production\AIS\Controllers\ApiCallsController.cs","ApiCallsController.cs","",""
"GetActiveInactiveChartData","2","C:\Users\Asad Ali\Documents\GitHub\HTTPS-IAS-Production\AIS\Controllers\ApiCallsController.cs; C:\Users\Asad Ali\Documents\GitHub\HTTPS-IAS-Production\AIS\Controllers\ArchiveController.cs","ApiCallsController.cs; ArchiveController.cs","",""
"Getparentrepoffice","2","C:\Users\Asad Ali\Documents\GitHub\HTTPS-IAS-Production\AIS\Controllers\ApiCallsController.cs; C:\Users\Asad Ali\Documents\GitHub\HTTPS-IAS-Production\AIS\Controllers\PlanningController.cs","ApiCallsController.cs; PlanningController.cs","",""
"GetparentrepofficeForDashboardPanel","2","C:\Users\Asad Ali\Documents\GitHub\HTTPS-IAS-Production\AIS\Controllers\ApiCallsController.cs; C:\Users\Asad Ali\Documents\GitHub\HTTPS-IAS-Production\AIS\Controllers\ReportsController.cs","ApiCallsController.cs; ReportsController.cs","",""
"GetparentrepofficeForParaPositionReport","1","C:\Users\Asad Ali\Documents\GitHub\HTTPS-IAS-Production\AIS\Controllers\ApiCallsController.cs","ApiCallsController.cs","",""
"Getchildposting","1","C:\Users\Asad Ali\Documents\GitHub\HTTPS-IAS-Production\AIS\Controllers\ApiCallsController.cs","ApiCallsController.cs","",""
"GetchildpostingForDashboardPanel","1","C:\Users\Asad Ali\Documents\GitHub\HTTPS-IAS-Production\AIS\Controllers\ApiCallsController.cs","ApiCallsController.cs","",""
"GetchildpostingForParaPositionReport","1","C:\Users\Asad Ali\Documents\GitHub\HTTPS-IAS-Production\AIS\Controllers\ApiCallsController.cs","ApiCallsController.cs","",""
"ApproveAuditEngagementPlan","1","C:\Users\Asad Ali\Documents\GitHub\HTTPS-IAS-Production\AIS\Controllers\ApiCallsController.cs","ApiCallsController.cs","",""
"GetMatchedPPNumbers","1","C:\Users\Asad Ali\Documents\GitHub\HTTPS-IAS-Production\AIS\Controllers\ApiCallsController.cs","ApiCallsController.cs","",""
"RefferedBackAuditEngagementPlan","1","C:\Users\Asad Ali\Documents\GitHub\HTTPS-IAS-Production\AIS\Controllers\ApiCallsController.cs","ApiCallsController.cs","",""
"RerecommendAuditEngagementPlan","1","C:\Users\Asad Ali\Documents\GitHub\HTTPS-IAS-Production\AIS\Controllers\ApiCallsController.cs","ApiCallsController.cs","",""
"Getloancasedocuments","2","C:\Users\Asad Ali\Documents\GitHub\HTTPS-IAS-Production\AIS\Controllers\ApiCallsController.cs","ApiCallsController.cs","",""
"GetFunctionalResponsibilityWisePara","1","C:\Users\Asad Ali\Documents\GitHub\HTTPS-IAS-Production\AIS\Controllers\ApiCallsController.cs","ApiCallsController.cs","",""
"AddDivisionalHeadRemarksOnFunctionalLegacyPara","1","C:\Users\Asad Ali\Documents\GitHub\HTTPS-IAS-Production\AIS\Controllers\ApiCallsController.cs","ApiCallsController.cs","",""
"UpdateMenuPagesAssignment","1","C:\Users\Asad Ali\Documents\GitHub\HTTPS-IAS-Production\AIS\Controllers\ApiCallsController.cs","ApiCallsController.cs","",""
"GetJoiningCompletion","1","C:\Users\Asad Ali\Documents\GitHub\HTTPS-IAS-Production\AIS\Controllers\ApiCallsController.cs","ApiCallsController.cs","",""
"GetauditplanCompletion","1","C:\Users\Asad Ali\Documents\GitHub\HTTPS-IAS-Production\AIS\Controllers\ApiCallsController.cs","ApiCallsController.cs","",""
"GetCurrentAuditProgress","3","C:\Users\Asad Ali\Documents\GitHub\HTTPS-IAS-Production\AIS\Controllers\ApiCallsController.cs; C:\Users\Asad Ali\Documents\GitHub\HTTPS-IAS-Production\AIS\Views\Reports\current_audit_progress.cshtml; C:\Users\Asad Ali\Documents\GitHub\HTTPS-IAS-Production\AIS\wwwroot\js\csp\Views_Reports_current_audit_progress.js","ApiCallsController.cs","current_audit_progress.cshtml","Views_Reports_current_audit_progress.js"
"GetCurrentActiveUsers","1","C:\Users\Asad Ali\Documents\GitHub\HTTPS-IAS-Production\AIS\Controllers\ApiCallsController.cs","ApiCallsController.cs","",""
"GetEntityReportParasForBranch","1","C:\Users\Asad Ali\Documents\GitHub\HTTPS-IAS-Production\AIS\Controllers\ApiCallsController.cs","ApiCallsController.cs","",""
"GetAuditeeOldParas","1","C:\Users\Asad Ali\Documents\GitHub\HTTPS-IAS-Production\AIS\Controllers\ApiCallsController.cs","ApiCallsController.cs","",""
"GetAddress","11","C:\Users\Asad Ali\Documents\GitHub\HTTPS-IAS-Production\AIS\Controllers\ApiCallsController.cs; C:\Users\Asad Ali\Documents\GitHub\HTTPS-IAS-Production\AIS\Views\Execution\auditee_position_outlook.cshtml; C:\Users\Asad Ali\Documents\GitHub\HTTPS-IAS-Production\AIS\Views\Execution\Concluding_Closing_Audit.cshtml; C:\Users\Asad Ali\Documents\GitHub\HTTPS-IAS-Production\AIS\Views\ManagementAudit\MA_Partials\_ConcludingClosingAudit.cshtml; C:\Users\Asad Ali\Documents\GitHub\HTTPS-IAS-Production\AIS\Views\Reports\Concluding_Closing_Audit.cshtml; C:\Users\Asad Ali\Documents\GitHub\HTTPS-IAS-Production\AIS\wwwroot\js\csp\Views_Execution_auditee_observations_report_cau.js; C:\Users\Asad Ali\Documents\GitHub\HTTPS-IAS-Production\AIS\wwwroot\js\csp\Views_Execution_auditee_position_outlook.js; C:\Users\Asad Ali\Documents\GitHub\HTTPS-IAS-Production\AIS\wwwroot\js\csp\Views_Execution_Concluding_Closing_Audit.js; C:\Users\Asad Ali\Documents\GitHub\HTTPS-IAS-Production\AIS\wwwroot\js\csp\Views_Reports_Concluding_Closing_Audit.js","ApiCallsController.cs","auditee_position_outlook.cshtml; Concluding_Closing_Audit.cshtml; _ConcludingClosingAudit.cshtml","Views_Execution_auditee_observations_report_cau.js; Views_Execution_auditee_position_outlook.js; Views_Execution_Concluding_Closing_Audit.js; Views_Reports_Concluding_Closing_Audit.js"
"GetAuditeeParas","1","C:\Users\Asad Ali\Documents\GitHub\HTTPS-IAS-Production\AIS\Controllers\ApiCallsController.cs","ApiCallsController.cs","",""
"GetEntityObservationDetails","1","C:\Users\Asad Ali\Documents\GitHub\HTTPS-IAS-Production\AIS\Controllers\ApiCallsController.cs","ApiCallsController.cs","",""
"GetParasForComplianceByAuditee","1","C:\Users\Asad Ali\Documents\GitHub\HTTPS-IAS-Production\AIS\Controllers\ApiCallsController.cs","ApiCallsController.cs","",""
"GetParasForReviewComplianceByAuditee","1","C:\Users\Asad Ali\Documents\GitHub\HTTPS-IAS-Production\AIS\Controllers\ApiCallsController.cs","ApiCallsController.cs","",""
"GetSettledPostCompliancesForMonitoring","1","C:\Users\Asad Ali\Documents\GitHub\HTTPS-IAS-Production\AIS\Controllers\ApiCallsController.cs","ApiCallsController.cs","",""
"GetParaComplianceText","1","C:\Users\Asad Ali\Documents\GitHub\HTTPS-IAS-Production\AIS\Controllers\ApiCallsController.cs","ApiCallsController.cs","",""
"GetOldParasComplianceCycleText","1","C:\Users\Asad Ali\Documents\GitHub\HTTPS-IAS-Production\AIS\Controllers\ApiCallsController.cs","ApiCallsController.cs","",""
"GetPostComplianceEvidenceData","1","C:\Users\Asad Ali\Documents\GitHub\HTTPS-IAS-Production\AIS\Controllers\ApiCallsController.cs","ApiCallsController.cs","",""
"GetCAUParasPostComplianceEvidenceData","1","C:\Users\Asad Ali\Documents\GitHub\HTTPS-IAS-Production\AIS\Controllers\ApiCallsController.cs","ApiCallsController.cs","",""
"GetAuditeeEvidenceData","2","C:\Users\Asad Ali\Documents\GitHub\HTTPS-IAS-Production\AIS\Controllers\ApiCallsController.cs; C:\Users\Asad Ali\Documents\GitHub\HTTPS-IAS-Production\AIS\Controllers\UploadFileController.cs","ApiCallsController.cs; UploadFileController.cs","",""
"GetOldParasBranchComplianceTextRef","1","C:\Users\Asad Ali\Documents\GitHub\HTTPS-IAS-Production\AIS\Controllers\ApiCallsController.cs","ApiCallsController.cs","",""
"GetOldParasBranchComplianceTextForZone","1","C:\Users\Asad Ali\Documents\GitHub\HTTPS-IAS-Production\AIS\Controllers\ApiCallsController.cs","ApiCallsController.cs","",""
"GetOldParasBranchComplianceTextForZoneRef","1","C:\Users\Asad Ali\Documents\GitHub\HTTPS-IAS-Production\AIS\Controllers\ApiCallsController.cs","ApiCallsController.cs","",""
"GetOldParasBranchComplianceTextForImpIncharge","1","C:\Users\Asad Ali\Documents\GitHub\HTTPS-IAS-Production\AIS\Controllers\ApiCallsController.cs","ApiCallsController.cs","",""
"GetOldParasReferredBackBranchComplianceTextForImpIncharge","1","C:\Users\Asad Ali\Documents\GitHub\HTTPS-IAS-Production\AIS\Controllers\ApiCallsController.cs","ApiCallsController.cs","",""
"GetOldParasBranchComplianceTextForHeadAZ","1","C:\Users\Asad Ali\Documents\GitHub\HTTPS-IAS-Production\AIS\Controllers\ApiCallsController.cs","ApiCallsController.cs","",""
"SubmitPostAuditCompliance","1","C:\Users\Asad Ali\Documents\GitHub\HTTPS-IAS-Production\AIS\Controllers\ApiCallsController.cs","ApiCallsController.cs","",""
"SubmitPostAuditComplianceReview","1","C:\Users\Asad Ali\Documents\GitHub\HTTPS-IAS-Production\AIS\Controllers\ApiCallsController.cs","ApiCallsController.cs","",""
"GetOldParasForReviewer","1","C:\Users\Asad Ali\Documents\GitHub\HTTPS-IAS-Production\AIS\Controllers\ApiCallsController.cs","ApiCallsController.cs","",""
"GetOldParasForReviewerRef","1","C:\Users\Asad Ali\Documents\GitHub\HTTPS-IAS-Production\AIS\Controllers\ApiCallsController.cs","ApiCallsController.cs","",""
"AddOldParasComplianceReviewer","2","C:\Users\Asad Ali\Documents\GitHub\HTTPS-IAS-Production\AIS\Controllers\ApiCallsController.cs","ApiCallsController.cs","",""
"GetOldParasBranchComplianceSubmission","1","C:\Users\Asad Ali\Documents\GitHub\HTTPS-IAS-Production\AIS\Controllers\ApiCallsController.cs","ApiCallsController.cs","",""
"GetComplianceForImpZone","1","C:\Users\Asad Ali\Documents\GitHub\HTTPS-IAS-Production\AIS\Controllers\ApiCallsController.cs","ApiCallsController.cs","",""
"GetReferredBackParasComplianceForImpZone","1","C:\Users\Asad Ali\Documents\GitHub\HTTPS-IAS-Production\AIS\Controllers\ApiCallsController.cs","ApiCallsController.cs","",""
"AddOldParasStatusUpdate","1","C:\Users\Asad Ali\Documents\GitHub\HTTPS-IAS-Production\AIS\Controllers\ApiCallsController.cs","ApiCallsController.cs","",""
"AddOldParasStatusPartiallySettle","1","C:\Users\Asad Ali\Documents\GitHub\HTTPS-IAS-Production\AIS\Controllers\ApiCallsController.cs","ApiCallsController.cs","",""
"GetOldParasForFinalSettlement","1","C:\Users\Asad Ali\Documents\GitHub\HTTPS-IAS-Production\AIS\Controllers\ApiCallsController.cs","ApiCallsController.cs","",""
"AddOldParasheadStatusUpdate","1","C:\Users\Asad Ali\Documents\GitHub\HTTPS-IAS-Production\AIS\Controllers\ApiCallsController.cs","ApiCallsController.cs","",""
"GetOldParasForMonitoring","1","C:\Users\Asad Ali\Documents\GitHub\HTTPS-IAS-Production\AIS\Controllers\ApiCallsController.cs","ApiCallsController.cs","",""
"GetParaText","13","C:\Users\Asad Ali\Documents\GitHub\HTTPS-IAS-Production\AIS\Controllers\ApiCallsController.cs; C:\Users\Asad Ali\Documents\GitHub\HTTPS-IAS-Production\AIS\wwwroot\js\Archive\Views_Dashboard_functional_resp_wise_paras.js; C:\Users\Asad Ali\Documents\GitHub\HTTPS-IAS-Production\AIS\wwwroot\js\Archive\Views_Dashboard_para_view.js; C:\Users\Asad Ali\Documents\GitHub\HTTPS-IAS-Production\AIS\wwwroot\js\csp\Views_BAC_cia_analysis.js; C:\Users\Asad Ali\Documents\GitHub\HTTPS-IAS-Production\AIS\wwwroot\js\csp\Views_Dashboard_annex_wise_obs.js; C:\Users\Asad Ali\Documents\GitHub\HTTPS-IAS-Production\AIS\wwwroot\js\csp\Views_Dashboard_entity_wise_obs_detail.js; C:\Users\Asad Ali\Documents\GitHub\HTTPS-IAS-Production\AIS\wwwroot\js\csp\Views_PostCompliance_monitoring_of_para_settlement.js","ApiCallsController.cs","","Views_Dashboard_functional_resp_wise_paras.js; Views_Dashboard_para_view.js; Views_BAC_cia_analysis.js; Views_Dashboard_annex_wise_obs.js; Views_Dashboard_entity_wise_obs_detail.js; Views_PostCompliance_monitoring_of_para_settlement.js"
"get_all_para_text","2","C:\Users\Asad Ali\Documents\GitHub\HTTPS-IAS-Production\AIS\Controllers\ApiCallsController.cs","ApiCallsController.cs","",""
"GetAllParaText","2","C:\Users\Asad Ali\Documents\GitHub\HTTPS-IAS-Production\AIS\Controllers\ApiCallsController.cs","ApiCallsController.cs","",""
"GetOldParasForMonitoringPpno","1","C:\Users\Asad Ali\Documents\GitHub\HTTPS-IAS-Production\AIS\Controllers\ApiCallsController.cs","ApiCallsController.cs","",""
"GetAllUsers","1","C:\Users\Asad Ali\Documents\GitHub\HTTPS-IAS-Production\AIS\Controllers\ApiCallsController.cs","ApiCallsController.cs","",""
"GetUserName","1","C:\Users\Asad Ali\Documents\GitHub\HTTPS-IAS-Production\AIS\Controllers\ApiCallsController.cs","ApiCallsController.cs","",""
"AddChangeStatusRequestForSettledPara","1","C:\Users\Asad Ali\Documents\GitHub\HTTPS-IAS-Production\AIS\Controllers\ApiCallsController.cs","ApiCallsController.cs","",""
"ReviewerAddChangeStatusRequestForSettledPara","1","C:\Users\Asad Ali\Documents\GitHub\HTTPS-IAS-Production\AIS\Controllers\ApiCallsController.cs","ApiCallsController.cs","",""
"AuthorizerAddChangeStatusRequestForSettledPara","1","C:\Users\Asad Ali\Documents\GitHub\HTTPS-IAS-Production\AIS\Controllers\ApiCallsController.cs","ApiCallsController.cs","",""
"AddChangeStatusRequestForCurrentPara","1","C:\Users\Asad Ali\Documents\GitHub\HTTPS-IAS-Production\AIS\Controllers\ApiCallsController.cs","ApiCallsController.cs","",""
"AddChangeStatusRequestForPara","1","C:\Users\Asad Ali\Documents\GitHub\HTTPS-IAS-Production\AIS\Controllers\ApiCallsController.cs","ApiCallsController.cs","",""
"GetZoneBranchParaPositionStatus","1","C:\Users\Asad Ali\Documents\GitHub\HTTPS-IAS-Production\AIS\Controllers\ApiCallsController.cs","ApiCallsController.cs","",""
"AddAuthorizeChangeStatusRequestForSettledPara","1","C:\Users\Asad Ali\Documents\GitHub\HTTPS-IAS-Production\AIS\Controllers\ApiCallsController.cs","ApiCallsController.cs","",""
"GetOldSettledParasForResponseAuthorize","1","C:\Users\Asad Ali\Documents\GitHub\HTTPS-IAS-Production\AIS\Controllers\ApiCallsController.cs","ApiCallsController.cs","",""
"GetOldParasBranchComplianceTextupdate","1","C:\Users\Asad Ali\Documents\GitHub\HTTPS-IAS-Production\AIS\Controllers\ApiCallsController.cs","ApiCallsController.cs","",""
"GetParasForStatusChangeToAuthorize","1","C:\Users\Asad Ali\Documents\GitHub\HTTPS-IAS-Production\AIS\Controllers\ApiCallsController.cs","ApiCallsController.cs","",""
"AuthorizeChangeStatusRequestForPara","1","C:\Users\Asad Ali\Documents\GitHub\HTTPS-IAS-Production\AIS\Controllers\ApiCallsController.cs","ApiCallsController.cs","",""
"GetTeamDetails","2","C:\Users\Asad Ali\Documents\GitHub\HTTPS-IAS-Production\AIS\Controllers\ApiCallsController.cs","ApiCallsController.cs","",""
"GetAuditeReportStatus","1","C:\Users\Asad Ali\Documents\GitHub\HTTPS-IAS-Production\AIS\Controllers\ApiCallsController.cs","ApiCallsController.cs","",""
"SubmitPreConcluding","14","C:\Users\Asad Ali\Documents\GitHub\HTTPS-IAS-Production\AIS\Controllers\ApiCallsController.cs; C:\Users\Asad Ali\Documents\GitHub\HTTPS-IAS-Production\AIS\Views\Execution\draft_audit_report_branch.cshtml; C:\Users\Asad Ali\Documents\GitHub\HTTPS-IAS-Production\AIS\Views\Execution\pre_concluding_audit.cshtml; C:\Users\Asad Ali\Documents\GitHub\HTTPS-IAS-Production\AIS\Views\Execution\pre_concluding_audit_ho.cshtml; C:\Users\Asad Ali\Documents\GitHub\HTTPS-IAS-Production\AIS\Views\FAD\Draft_report_Checking.cshtml; C:\Users\Asad Ali\Documents\GitHub\HTTPS-IAS-Production\AIS\Views\FAD\Quality_Assurance_checking.cshtml; C:\Users\Asad Ali\Documents\GitHub\HTTPS-IAS-Production\AIS\Views\FieldAudit\BO_Partials\_CheckingDraftReportPartial.cshtml; C:\Users\Asad Ali\Documents\GitHub\HTTPS-IAS-Production\AIS\Views\FieldAudit\BO_Partials\_CheckingQualityReviewPartial.cshtml; C:\Users\Asad Ali\Documents\GitHub\HTTPS-IAS-Production\AIS\Views\ManagementAudit\MA_Partials\_PreConcludingAuditHO.cshtml; C:\Users\Asad Ali\Documents\GitHub\HTTPS-IAS-Production\AIS\wwwroot\js\csp\Views_Execution_draft_audit_report_branch.js; C:\Users\Asad Ali\Documents\GitHub\HTTPS-IAS-Production\AIS\wwwroot\js\csp\Views_Execution_pre_concluding_audit.js; C:\Users\Asad Ali\Documents\GitHub\HTTPS-IAS-Production\AIS\wwwroot\js\csp\Views_Execution_pre_concluding_audit_ho.js; C:\Users\Asad Ali\Documents\GitHub\HTTPS-IAS-Production\AIS\wwwroot\js\csp\Views_FAD_Draft_report_Checking.js","ApiCallsController.cs","draft_audit_report_branch.cshtml; pre_concluding_audit.cshtml; pre_concluding_audit_ho.cshtml; Draft_report_Checking.cshtml; Quality_Assurance_checking.cshtml; _CheckingDraftReportPartial.cshtml; _CheckingQualityReviewPartial.cshtml; _PreConcludingAuditHO.cshtml","Views_Execution_draft_audit_report_branch.js; Views_Execution_pre_concluding_audit.js; Views_Execution_pre_concluding_audit_ho.js; Views_FAD_Draft_report_Checking.js"
"UpdateAuditParaForFinalization","1","C:\Users\Asad Ali\Documents\GitHub\HTTPS-IAS-Production\AIS\Controllers\ApiCallsController.cs","ApiCallsController.cs","",""
"UpdateAuditParaForFinalizationHO","1","C:\Users\Asad Ali\Documents\GitHub\HTTPS-IAS-Production\AIS\Controllers\ApiCallsController.cs","ApiCallsController.cs","",""
"GetLegacyParasForUpdate","1","C:\Users\Asad Ali\Documents\GitHub\HTTPS-IAS-Production\AIS\Controllers\ApiCallsController.cs","ApiCallsController.cs","",""
"GetLegacyParasForUpdateHO","1","C:\Users\Asad Ali\Documents\GitHub\HTTPS-IAS-Production\AIS\Controllers\ApiCallsController.cs","ApiCallsController.cs","",""
"GetLegacyParasForGistUpdate","1","C:\Users\Asad Ali\Documents\GitHub\HTTPS-IAS-Production\AIS\Controllers\ApiCallsController.cs","ApiCallsController.cs","",""
"GetLegacyParasForUpdateFAD","1","C:\Users\Asad Ali\Documents\GitHub\HTTPS-IAS-Production\AIS\Controllers\ApiCallsController.cs","ApiCallsController.cs","",""
"UpdateLegacyParasWithResponsibility","1","C:\Users\Asad Ali\Documents\GitHub\HTTPS-IAS-Production\AIS\Controllers\ApiCallsController.cs","ApiCallsController.cs","",""
"UpdateLegacyParaGistParaNo","1","C:\Users\Asad Ali\Documents\GitHub\HTTPS-IAS-Production\AIS\Controllers\ApiCallsController.cs","ApiCallsController.cs","",""
"DeleteResponsibilityOfLegacyParas","1","C:\Users\Asad Ali\Documents\GitHub\HTTPS-IAS-Production\AIS\Controllers\ApiCallsController.cs","ApiCallsController.cs","",""
"AddResponsibilityToLegacyParas","1","C:\Users\Asad Ali\Documents\GitHub\HTTPS-IAS-Production\AIS\Controllers\ApiCallsController.cs","ApiCallsController.cs","",""
"AddResponsibilityToLegacyParasFAD","1","C:\Users\Asad Ali\Documents\GitHub\HTTPS-IAS-Production\AIS\Controllers\ApiCallsController.cs","ApiCallsController.cs","",""
"UpdateLegacyParasWithResponsibilityNoChangesAZ","1","C:\Users\Asad Ali\Documents\GitHub\HTTPS-IAS-Production\AIS\Controllers\ApiCallsController.cs","ApiCallsController.cs","",""
"UpdateLegacyParasWithResponsibilityNoChanges","1","C:\Users\Asad Ali\Documents\GitHub\HTTPS-IAS-Production\AIS\Controllers\ApiCallsController.cs","ApiCallsController.cs","",""
"GetEmployeeNameFromPPNO","2","C:\Users\Asad Ali\Documents\GitHub\HTTPS-IAS-Production\AIS\Controllers\ApiCallsController.cs","ApiCallsController.cs","",""
"UpdateLegacyParasWithResponsibilityFAD","1","C:\Users\Asad Ali\Documents\GitHub\HTTPS-IAS-Production\AIS\Controllers\ApiCallsController.cs","ApiCallsController.cs","",""
"GetFadAuditPlanReport","1","C:\Users\Asad Ali\Documents\GitHub\HTTPS-IAS-Production\AIS\Controllers\ApiCallsController.cs","ApiCallsController.cs","",""
"GetFADNewOldParaPerformance","3","C:\Users\Asad Ali\Documents\GitHub\HTTPS-IAS-Production\AIS\Controllers\ApiCallsController.cs; C:\Users\Asad Ali\Documents\GitHub\HTTPS-IAS-Production\AIS\Controllers\ReportsController.cs","ApiCallsController.cs; ReportsController.cs","",""
"GetLegacyZoneWiseOldParasPerformance","1","C:\Users\Asad Ali\Documents\GitHub\HTTPS-IAS-Production\AIS\Controllers\ApiCallsController.cs","ApiCallsController.cs","",""
"GetLegacyUserWiseOldParasPerformance","1","C:\Users\Asad Ali\Documents\GitHub\HTTPS-IAS-Production\AIS\Controllers\ApiCallsController.cs","ApiCallsController.cs","",""
"GetFADHOUserLegacyParaUserWiseOldParasPerformance","1","C:\Users\Asad Ali\Documents\GitHub\HTTPS-IAS-Production\AIS\Controllers\ApiCallsController.cs","ApiCallsController.cs","",""
"DeleteLegacyParaResponsibility","1","C:\Users\Asad Ali\Documents\GitHub\HTTPS-IAS-Production\AIS\Controllers\ApiCallsController.cs","ApiCallsController.cs","",""
"GetAuditEntitiesByTypeId","1","C:\Users\Asad Ali\Documents\GitHub\HTTPS-IAS-Production\AIS\Controllers\ApiCallsController.cs","ApiCallsController.cs","",""
"AddNewLegacyPara","1","C:\Users\Asad Ali\Documents\GitHub\HTTPS-IAS-Production\AIS\Controllers\ApiCallsController.cs","ApiCallsController.cs","",""
"ReferBackLegacyPara","1","C:\Users\Asad Ali\Documents\GitHub\HTTPS-IAS-Production\AIS\Controllers\ApiCallsController.cs","ApiCallsController.cs","",""
"GetAddedLegacyParaForAuthorize","1","C:\Users\Asad Ali\Documents\GitHub\HTTPS-IAS-Production\AIS\Controllers\ApiCallsController.cs","ApiCallsController.cs","",""
"GetUpdatedGistParaOfLegacyParaForAuthorize","1","C:\Users\Asad Ali\Documents\GitHub\HTTPS-IAS-Production\AIS\Controllers\ApiCallsController.cs","ApiCallsController.cs","",""
"AuthorizeLegacyParaAddition","1","C:\Users\Asad Ali\Documents\GitHub\HTTPS-IAS-Production\AIS\Controllers\ApiCallsController.cs","ApiCallsController.cs","",""
"AuthorizeLegacyParaGistParaNoUpdate","1","C:\Users\Asad Ali\Documents\GitHub\HTTPS-IAS-Production\AIS\Controllers\ApiCallsController.cs","ApiCallsController.cs","",""
"DeleteLegacyParaAdditionRequest","1","C:\Users\Asad Ali\Documents\GitHub\HTTPS-IAS-Production\AIS\Controllers\ApiCallsController.cs","ApiCallsController.cs","",""
"GetLegacyParasEntitiesReport","1","C:\Users\Asad Ali\Documents\GitHub\HTTPS-IAS-Production\AIS\Controllers\ApiCallsController.cs","ApiCallsController.cs","",""
"SettleLegacyParaHO","1","C:\Users\Asad Ali\Documents\GitHub\HTTPS-IAS-Production\AIS\Controllers\ApiCallsController.cs","ApiCallsController.cs","",""
"DeleteLegacyParaHO","1","C:\Users\Asad Ali\Documents\GitHub\HTTPS-IAS-Production\AIS\Controllers\ApiCallsController.cs","ApiCallsController.cs","",""
"GetRelationLegacyObservationForDashboard","1","C:\Users\Asad Ali\Documents\GitHub\HTTPS-IAS-Production\AIS\Controllers\ApiCallsController.cs","ApiCallsController.cs","",""
"GetRelationAISObservationForDashboard","1","C:\Users\Asad Ali\Documents\GitHub\HTTPS-IAS-Production\AIS\Controllers\ApiCallsController.cs","ApiCallsController.cs","",""
"GetRelationObservationForDashboard","1","C:\Users\Asad Ali\Documents\GitHub\HTTPS-IAS-Production\AIS\Controllers\ApiCallsController.cs","ApiCallsController.cs","",""
"GetFunctionalResponsibilityWiseParaForDashboard","1","C:\Users\Asad Ali\Documents\GitHub\HTTPS-IAS-Production\AIS\Controllers\ApiCallsController.cs","ApiCallsController.cs","",""
"GetHOFunctionalResponsibilityWiseParaForDashboard","1","C:\Users\Asad Ali\Documents\GitHub\HTTPS-IAS-Production\AIS\Controllers\ApiCallsController.cs","ApiCallsController.cs","",""
"GetViolationWiseParaForDashboard","1","C:\Users\Asad Ali\Documents\GitHub\HTTPS-IAS-Production\AIS\Controllers\ApiCallsController.cs","ApiCallsController.cs","",""
"GetEntitiesRiskBasePlanForDashboard","1","C:\Users\Asad Ali\Documents\GitHub\HTTPS-IAS-Production\AIS\Controllers\ApiCallsController.cs","ApiCallsController.cs","",""
"GetAuditPerformanceChartForDashboard","1","C:\Users\Asad Ali\Documents\GitHub\HTTPS-IAS-Production\AIS\Controllers\ApiCallsController.cs","ApiCallsController.cs","",""
"GetAuditPerformanceForDashboard","1","C:\Users\Asad Ali\Documents\GitHub\HTTPS-IAS-Production\AIS\Controllers\ApiCallsController.cs","ApiCallsController.cs","",""
"GetAuditSubChecklist","12","C:\Users\Asad Ali\Documents\GitHub\HTTPS-IAS-Production\AIS\Controllers\ApiCallsController.cs; C:\Users\Asad Ali\Documents\GitHub\HTTPS-IAS-Production\AIS\Views\Setup\DashboardPartials\_ManageChecklistDetail.cshtml; C:\Users\Asad Ali\Documents\GitHub\HTTPS-IAS-Production\AIS\Views\Setup\manage_checklist_detail.cshtml; C:\Users\Asad Ali\Documents\GitHub\HTTPS-IAS-Production\AIS\Views\Setup\remove_duplicate_checklists.cshtml; C:\Users\Asad Ali\Documents\GitHub\HTTPS-IAS-Production\AIS\wwwroot\js\csp\Views_Setup_manage_checklist_detail.js; C:\Users\Asad Ali\Documents\GitHub\HTTPS-IAS-Production\AIS\wwwroot\js\csp\Views_Setup_ref_checklist_detail.js; C:\Users\Asad Ali\Documents\GitHub\HTTPS-IAS-Production\AIS\wwwroot\js\csp\Views_Setup_remove_duplicate_checklists.js; C:\Users\Asad Ali\Documents\GitHub\HTTPS-IAS-Production\AIS\wwwroot\js\csp\Views_Setup_remove_duplicate_process.js; C:\Users\Asad Ali\Documents\GitHub\HTTPS-IAS-Production\AIS\wwwroot\js\csp\Views_Setup_remove_duplicate_sub_process.js","ApiCallsController.cs","_ManageChecklistDetail.cshtml; manage_checklist_detail.cshtml; remove_duplicate_checklists.cshtml","Views_Setup_manage_checklist_detail.js; Views_Setup_ref_checklist_detail.js; Views_Setup_remove_duplicate_checklists.js; Views_Setup_remove_duplicate_process.js; Views_Setup_remove_duplicate_sub_process.js"
"AddAuditSubChecklist","1","C:\Users\Asad Ali\Documents\GitHub\HTTPS-IAS-Production\AIS\Controllers\ApiCallsController.cs","ApiCallsController.cs","",""
"UpdateAuditSubChecklist","1","C:\Users\Asad Ali\Documents\GitHub\HTTPS-IAS-Production\AIS\Controllers\ApiCallsController.cs","ApiCallsController.cs","",""
"GetSubChecklistComparisonDetailById","1","C:\Users\Asad Ali\Documents\GitHub\HTTPS-IAS-Production\AIS\Controllers\ApiCallsController.cs","ApiCallsController.cs","",""
"GetAuditChecklistDetail","4","C:\Users\Asad Ali\Documents\GitHub\HTTPS-IAS-Production\AIS\Controllers\ApiCallsController.cs; C:\Users\Asad Ali\Documents\GitHub\HTTPS-IAS-Production\AIS\Views\Setup\remove_duplicate_checklists.cshtml; C:\Users\Asad Ali\Documents\GitHub\HTTPS-IAS-Production\AIS\wwwroot\js\csp\Views_Setup_remove_duplicate_checklists.js; C:\Users\Asad Ali\Documents\GitHub\HTTPS-IAS-Production\AIS\wwwroot\js\csp\Views_Setup_remove_duplicate_process.js","ApiCallsController.cs","remove_duplicate_checklists.cshtml","Views_Setup_remove_duplicate_checklists.js; Views_Setup_remove_duplicate_process.js"
"GetAuditChecklistDetailForRemoveDuplicate","1","C:\Users\Asad Ali\Documents\GitHub\HTTPS-IAS-Production\AIS\Controllers\ApiCallsController.cs","ApiCallsController.cs","",""
"GetChecklistDetailForSubProcess","1","C:\Users\Asad Ali\Documents\GitHub\HTTPS-IAS-Production\AIS\Controllers\ApiCallsController.cs","ApiCallsController.cs","",""
"GetReferredBackAuditChecklistDetail","1","C:\Users\Asad Ali\Documents\GitHub\HTTPS-IAS-Production\AIS\Controllers\ApiCallsController.cs","ApiCallsController.cs","",""
"AddAuditChecklistDetail","1","C:\Users\Asad Ali\Documents\GitHub\HTTPS-IAS-Production\AIS\Controllers\ApiCallsController.cs","ApiCallsController.cs","",""
"UpdateAuditChecklistDetail","1","C:\Users\Asad Ali\Documents\GitHub\HTTPS-IAS-Production\AIS\Controllers\ApiCallsController.cs","ApiCallsController.cs","",""
"GetParaPositionReport","1","C:\Users\Asad Ali\Documents\GitHub\HTTPS-IAS-Production\AIS\Controllers\ApiCallsController.cs","ApiCallsController.cs","",""
"GetRepetativeParaForDashboard","1","C:\Users\Asad Ali\Documents\GitHub\HTTPS-IAS-Production\AIS\Controllers\ApiCallsController.cs","ApiCallsController.cs","",""
"AddAuditChecklist","1","C:\Users\Asad Ali\Documents\GitHub\HTTPS-IAS-Production\AIS\Controllers\ApiCallsController.cs","ApiCallsController.cs","",""
"UpdateAuditChecklist","1","C:\Users\Asad Ali\Documents\GitHub\HTTPS-IAS-Production\AIS\Controllers\ApiCallsController.cs","ApiCallsController.cs","",""
"GetEntitiesByParentEntityTypeId","1","C:\Users\Asad Ali\Documents\GitHub\HTTPS-IAS-Production\AIS\Controllers\ApiCallsController.cs","ApiCallsController.cs","",""
"GetParaPositionParaDetails","1","C:\Users\Asad Ali\Documents\GitHub\HTTPS-IAS-Production\AIS\Controllers\ApiCallsController.cs","ApiCallsController.cs","",""
"GetEngagementReversalStatus","1","C:\Users\Asad Ali\Documents\GitHub\HTTPS-IAS-Production\AIS\Controllers\ApiCallsController.cs","ApiCallsController.cs","",""
"GetEngagementDetailsForStatusReversal","1","C:\Users\Asad Ali\Documents\GitHub\HTTPS-IAS-Production\AIS\Controllers\ApiCallsController.cs","ApiCallsController.cs","",""
"GetAuditReportForFadReview","1","C:\Users\Asad Ali\Documents\GitHub\HTTPS-IAS-Production\AIS\Controllers\ApiCallsController.cs","ApiCallsController.cs","",""
"GetEngagementDetailsForFadReview","1","C:\Users\Asad Ali\Documents\GitHub\HTTPS-IAS-Production\AIS\Controllers\ApiCallsController.cs","ApiCallsController.cs","",""
"GetObservationDetailsForStatusReversal","1","C:\Users\Asad Ali\Documents\GitHub\HTTPS-IAS-Production\AIS\Controllers\ApiCallsController.cs","ApiCallsController.cs","",""
"GetAuditDetailsFAD","1","C:\Users\Asad Ali\Documents\GitHub\HTTPS-IAS-Production\AIS\Controllers\ApiCallsController.cs","ApiCallsController.cs","",""
"GetObservationDetailsForReport","1","C:\Users\Asad Ali\Documents\GitHub\HTTPS-IAS-Production\AIS\Controllers\ApiCallsController.cs","ApiCallsController.cs","",""
"GetComplianceTextAuditee","1","C:\Users\Asad Ali\Documents\GitHub\HTTPS-IAS-Production\AIS\Controllers\ApiCallsController.cs","ApiCallsController.cs","",""
"GetComplianceHistory","1","C:\Users\Asad Ali\Documents\GitHub\HTTPS-IAS-Production\AIS\Controllers\ApiCallsController.cs","ApiCallsController.cs","",""
"GetSettledParaComplianceHistory","1","C:\Users\Asad Ali\Documents\GitHub\HTTPS-IAS-Production\AIS\Controllers\ApiCallsController.cs","ApiCallsController.cs","",""
"GetViolationListForDashboard","1","C:\Users\Asad Ali\Documents\GitHub\HTTPS-IAS-Production\AIS\Controllers\ApiCallsController.cs","ApiCallsController.cs","",""
"GetSubViolationListForDashboard","1","C:\Users\Asad Ali\Documents\GitHub\HTTPS-IAS-Production\AIS\Controllers\ApiCallsController.cs","ApiCallsController.cs","",""
"GetHOFunctionalListForDashboard","1","C:\Users\Asad Ali\Documents\GitHub\HTTPS-IAS-Production\AIS\Controllers\ApiCallsController.cs","ApiCallsController.cs","",""
"GetHOViolationListForDashboard","1","C:\Users\Asad Ali\Documents\GitHub\HTTPS-IAS-Production\AIS\Controllers\ApiCallsController.cs","ApiCallsController.cs","",""
"GetHOSubViolationListForDashboard","1","C:\Users\Asad Ali\Documents\GitHub\HTTPS-IAS-Production\AIS\Controllers\ApiCallsController.cs","ApiCallsController.cs","",""
"GetTotalParasDetailsHO","1","C:\Users\Asad Ali\Documents\GitHub\HTTPS-IAS-Production\AIS\Controllers\ApiCallsController.cs","ApiCallsController.cs","",""
"GetAuditeeEngagements","1","C:\Users\Asad Ali\Documents\GitHub\HTTPS-IAS-Production\AIS\Controllers\ApiCallsController.cs","ApiCallsController.cs","",""
"GetAuditeeRisk","3","C:\Users\Asad Ali\Documents\GitHub\HTTPS-IAS-Production\AIS\Controllers\ApiCallsController.cs; C:\Users\Asad Ali\Documents\GitHub\HTTPS-IAS-Production\AIS\Views\RiskAssessment\risk_assessment_entities.cshtml; C:\Users\Asad Ali\Documents\GitHub\HTTPS-IAS-Production\AIS\wwwroot\js\csp\Views_RiskAssessment_risk_assessment_entities.js","ApiCallsController.cs","risk_assessment_entities.cshtml","Views_RiskAssessment_risk_assessment_entities.js"
"GetAuditeeRiskForEntTypes","3","C:\Users\Asad Ali\Documents\GitHub\HTTPS-IAS-Production\AIS\Controllers\ApiCallsController.cs; C:\Users\Asad Ali\Documents\GitHub\HTTPS-IAS-Production\AIS\Views\RiskAssessment\risk_assessment_ent_types.cshtml; C:\Users\Asad Ali\Documents\GitHub\HTTPS-IAS-Production\AIS\wwwroot\js\csp\Views_RiskAssessment_risk_assessment_ent_types.js","ApiCallsController.cs","risk_assessment_ent_types.cshtml","Views_RiskAssessment_risk_assessment_ent_types.js"
"GetAuditeeRiskDetails","4","C:\Users\Asad Ali\Documents\GitHub\HTTPS-IAS-Production\AIS\Controllers\ApiCallsController.cs; C:\Users\Asad Ali\Documents\GitHub\HTTPS-IAS-Production\AIS\wwwroot\js\csp\Views_RiskAssessment_risk_assessment_entities.js; C:\Users\Asad Ali\Documents\GitHub\HTTPS-IAS-Production\AIS\wwwroot\js\csp\Views_RiskAssessment_risk_assessment_ent_types.js","ApiCallsController.cs","","Views_RiskAssessment_risk_assessment_entities.js; Views_RiskAssessment_risk_assessment_ent_types.js"
"AddNewUser","1","C:\Users\Asad Ali\Documents\GitHub\HTTPS-IAS-Production\AIS\Controllers\ApiCallsController.cs","ApiCallsController.cs","",""
"GetRoleActivityLog","1","C:\Users\Asad Ali\Documents\GitHub\HTTPS-IAS-Production\AIS\Controllers\ApiCallsController.cs","ApiCallsController.cs","",""
"GetUserActivityLog","1","C:\Users\Asad Ali\Documents\GitHub\HTTPS-IAS-Production\AIS\Controllers\ApiCallsController.cs","ApiCallsController.cs","",""
"GetBACAgenda","1","C:\Users\Asad Ali\Documents\GitHub\HTTPS-IAS-Production\AIS\Controllers\ApiCallsController.cs","ApiCallsController.cs","",""
"GetBACAMeetingSummary","1","C:\Users\Asad Ali\Documents\GitHub\HTTPS-IAS-Production\AIS\Controllers\ApiCallsController.cs","ApiCallsController.cs","",""
"GetBACAgendaActionablesConsolidatedSummary","1","C:\Users\Asad Ali\Documents\GitHub\HTTPS-IAS-Production\AIS\Controllers\ApiCallsController.cs","ApiCallsController.cs","",""
"GetBACAgendaActionablesSummary","1","C:\Users\Asad Ali\Documents\GitHub\HTTPS-IAS-Production\AIS\Controllers\ApiCallsController.cs","ApiCallsController.cs","",""
"GetBACAgendaActionables","1","C:\Users\Asad Ali\Documents\GitHub\HTTPS-IAS-Production\AIS\Controllers\ApiCallsController.cs","ApiCallsController.cs","",""
"GetBACAgendaActionablesWithMeetingNo","1","C:\Users\Asad Ali\Documents\GitHub\HTTPS-IAS-Production\AIS\Controllers\ApiCallsController.cs","ApiCallsController.cs","",""
"GetBACCIAAnalysis","1","C:\Users\Asad Ali\Documents\GitHub\HTTPS-IAS-Production\AIS\Controllers\ApiCallsController.cs","ApiCallsController.cs","",""
"GetReportingOfficeWiseObservations","1","C:\Users\Asad Ali\Documents\GitHub\HTTPS-IAS-Production\AIS\Controllers\ApiCallsController.cs","ApiCallsController.cs","",""
"GetEntityWiseObservations","10","C:\Users\Asad Ali\Documents\GitHub\HTTPS-IAS-Production\AIS\Controllers\ApiCallsController.cs; C:\Users\Asad Ali\Documents\GitHub\HTTPS-IAS-Production\AIS\wwwroot\js\Archive\Views_Dashboard_reporting_wise_obs.js; C:\Users\Asad Ali\Documents\GitHub\HTTPS-IAS-Production\AIS\wwwroot\js\csp\Views_Dashboard_annex_wise_obs.js; C:\Users\Asad Ali\Documents\GitHub\HTTPS-IAS-Production\AIS\wwwroot\js\csp\Views_Dashboard_compliance_summary.js; C:\Users\Asad Ali\Documents\GitHub\HTTPS-IAS-Production\AIS\wwwroot\js\csp\Views_Dashboard_entity_wise_obs.js","ApiCallsController.cs","","Views_Dashboard_reporting_wise_obs.js; Views_Dashboard_annex_wise_obs.js; Views_Dashboard_compliance_summary.js; Views_Dashboard_entity_wise_obs.js"
"GetAnnexureWiseObservations","1","C:\Users\Asad Ali\Documents\GitHub\HTTPS-IAS-Production\AIS\Controllers\ApiCallsController.cs","ApiCallsController.cs","",""
"GetEntityWiseObservationDetail","1","C:\Users\Asad Ali\Documents\GitHub\HTTPS-IAS-Production\AIS\Controllers\ApiCallsController.cs","ApiCallsController.cs","",""
"GetFunctionalObservations","1","C:\Users\Asad Ali\Documents\GitHub\HTTPS-IAS-Production\AIS\Controllers\ApiCallsController.cs","ApiCallsController.cs","",""
"GetFunctionalObservationText","1","C:\Users\Asad Ali\Documents\GitHub\HTTPS-IAS-Production\AIS\Controllers\ApiCallsController.cs","ApiCallsController.cs","",""
"GetAnalysisDetailPara","1","C:\Users\Asad Ali\Documents\GitHub\HTTPS-IAS-Production\AIS\Controllers\ApiCallsController.cs","ApiCallsController.cs","",""
"GetFunctionalRespDetailPara","1","C:\Users\Asad Ali\Documents\GitHub\HTTPS-IAS-Production\AIS\Controllers\ApiCallsController.cs","ApiCallsController.cs","",""
"GetAnalysisSummaryPara","1","C:\Users\Asad Ali\Documents\GitHub\HTTPS-IAS-Production\AIS\Controllers\ApiCallsController.cs","ApiCallsController.cs","",""
"GetFunctionalRespSummaryPara","1","C:\Users\Asad Ali\Documents\GitHub\HTTPS-IAS-Production\AIS\Controllers\ApiCallsController.cs","ApiCallsController.cs","",""
"GetZoneBranchesForAnnexureAssignment","1","C:\Users\Asad Ali\Documents\GitHub\HTTPS-IAS-Production\AIS\Controllers\ApiCallsController.cs","ApiCallsController.cs","",""
"GetAllParasForAnnexureAssignment","1","C:\Users\Asad Ali\Documents\GitHub\HTTPS-IAS-Production\AIS\Controllers\ApiCallsController.cs","ApiCallsController.cs","",""
"AssignAnnexureWithPara","3","C:\Users\Asad Ali\Documents\GitHub\HTTPS-IAS-Production\AIS\Controllers\ApiCallsController.cs; C:\Users\Asad Ali\Documents\GitHub\HTTPS-IAS-Production\AIS\Views\Setup\annexure_assignment_para.cshtml; C:\Users\Asad Ali\Documents\GitHub\HTTPS-IAS-Production\AIS\wwwroot\js\csp\Views_Setup_annexure_assignment_para.js","ApiCallsController.cs","annexure_assignment_para.cshtml","Views_Setup_annexure_assignment_para.js"
"MergeDuplicateProcesses","1","C:\Users\Asad Ali\Documents\GitHub\HTTPS-IAS-Production\AIS\Controllers\ApiCallsController.cs","ApiCallsController.cs","",""
"MergeDuplicateSubProcesses","1","C:\Users\Asad Ali\Documents\GitHub\HTTPS-IAS-Production\AIS\Controllers\ApiCallsController.cs","ApiCallsController.cs","",""
"GetAisPostComplianceDetails","1","C:\Users\Asad Ali\Documents\GitHub\HTTPS-IAS-Production\AIS\Controllers\ApiCallsController.cs","ApiCallsController.cs","",""
"UpdateAisPostCompliance","1","C:\Users\Asad Ali\Documents\GitHub\HTTPS-IAS-Production\AIS\Controllers\ApiCallsController.cs","ApiCallsController.cs","",""
"MergeDuplicateChecklists","1","C:\Users\Asad Ali\Documents\GitHub\HTTPS-IAS-Production\AIS\Controllers\ApiCallsController.cs","ApiCallsController.cs","",""
"GetDuplicateProcesses","1","C:\Users\Asad Ali\Documents\GitHub\HTTPS-IAS-Production\AIS\Controllers\ApiCallsController.cs","ApiCallsController.cs","",""
"GetDuplicateSubProcesses","1","C:\Users\Asad Ali\Documents\GitHub\HTTPS-IAS-Production\AIS\Controllers\ApiCallsController.cs","ApiCallsController.cs","",""
"GetDuplicateChecklists","1","C:\Users\Asad Ali\Documents\GitHub\HTTPS-IAS-Production\AIS\Controllers\ApiCallsController.cs","ApiCallsController.cs","",""
"GetDuplicateChecklistsCount","1","C:\Users\Asad Ali\Documents\GitHub\HTTPS-IAS-Production\AIS\Controllers\ApiCallsController.cs","ApiCallsController.cs","",""
"AuthorizeMergeDuplicateProcesses","1","C:\Users\Asad Ali\Documents\GitHub\HTTPS-IAS-Production\AIS\Controllers\ApiCallsController.cs","ApiCallsController.cs","",""
"AuthorizeMergeDuplicateSubProcesses","1","C:\Users\Asad Ali\Documents\GitHub\HTTPS-IAS-Production\AIS\Controllers\ApiCallsController.cs","ApiCallsController.cs","",""
"AuthorizeMergeDuplicateChecklists","1","C:\Users\Asad Ali\Documents\GitHub\HTTPS-IAS-Production\AIS\Controllers\ApiCallsController.cs","ApiCallsController.cs","",""
"UpdateObservationStatusForReversal","1","C:\Users\Asad Ali\Documents\GitHub\HTTPS-IAS-Production\AIS\Controllers\ApiCallsController.cs","ApiCallsController.cs","",""
"ParaShiftedTo","1","C:\Users\Asad Ali\Documents\GitHub\HTTPS-IAS-Production\AIS\Controllers\ApiCallsController.cs","ApiCallsController.cs","",""
"GetSettledParasForMonitoring","4","C:\Users\Asad Ali\Documents\GitHub\HTTPS-IAS-Production\AIS\Controllers\ApiCallsController.cs; C:\Users\Asad Ali\Documents\GitHub\HTTPS-IAS-Production\AIS\wwwroot\js\csp\Views_PostCompliance_monitoring_of_para_settlement.js","ApiCallsController.cs","","Views_PostCompliance_monitoring_of_para_settlement.js"
"SaveSettledParaCompliacne","1","C:\Users\Asad Ali\Documents\GitHub\HTTPS-IAS-Production\AIS\Controllers\ApiCallsController.cs","ApiCallsController.cs","",""
"GetStatusWiseCompliance","3","C:\Users\Asad Ali\Documents\GitHub\HTTPS-IAS-Production\AIS\Controllers\ApiCallsController.cs; C:\Users\Asad Ali\Documents\GitHub\HTTPS-IAS-Production\AIS\Views\Reports\status_wise_compliance.cshtml; C:\Users\Asad Ali\Documents\GitHub\HTTPS-IAS-Production\AIS\wwwroot\js\csp\Views_Reports_status_wise_compliance.js","ApiCallsController.cs","status_wise_compliance.cshtml","Views_Reports_status_wise_compliance.js"
"AdminNewUsersInAIS","1","C:\Users\Asad Ali\Documents\GitHub\HTTPS-IAS-Production\AIS\Controllers\ApiCallsController.cs","ApiCallsController.cs","",""
"GetAuditParaRensillation","1","C:\Users\Asad Ali\Documents\GitHub\HTTPS-IAS-Production\AIS\Controllers\ApiCallsController.cs","ApiCallsController.cs","",""
"GetHREntitiesForAdminPanelEntityAddition","1","C:\Users\Asad Ali\Documents\GitHub\HTTPS-IAS-Production\AIS\Controllers\ApiCallsController.cs","ApiCallsController.cs","",""
"GetAISEntitiesForAdminPanelEntityAddition","1","C:\Users\Asad Ali\Documents\GitHub\HTTPS-IAS-Production\AIS\Controllers\ApiCallsController.cs","ApiCallsController.cs","",""
"UpdateAISEntityForAdminPanelEntityAddition","1","C:\Users\Asad Ali\Documents\GitHub\HTTPS-IAS-Production\AIS\Controllers\ApiCallsController.cs","ApiCallsController.cs","",""
"AddAISEntityForAdminPanelEntityAddition","1","C:\Users\Asad Ali\Documents\GitHub\HTTPS-IAS-Production\AIS\Controllers\ApiCallsController.cs","ApiCallsController.cs","",""
"GetAISEntityMappingForAdminPanelEntityAddition","1","C:\Users\Asad Ali\Documents\GitHub\HTTPS-IAS-Production\AIS\Controllers\ApiCallsController.cs","ApiCallsController.cs","",""
"AddAISEntityMappingForAdminPanelEntityAddition","1","C:\Users\Asad Ali\Documents\GitHub\HTTPS-IAS-Production\AIS\Controllers\ApiCallsController.cs","ApiCallsController.cs","",""
"UpdateAISEntityMappingForAdminPanelEntityAddition","1","C:\Users\Asad Ali\Documents\GitHub\HTTPS-IAS-Production\AIS\Controllers\ApiCallsController.cs","ApiCallsController.cs","",""
"GetAuditPlanEngagementDetailedReport","1","C:\Users\Asad Ali\Documents\GitHub\HTTPS-IAS-Production\AIS\Controllers\ApiCallsController.cs","ApiCallsController.cs","",""
"GetWorkingPaperLoanCases","1","C:\Users\Asad Ali\Documents\GitHub\HTTPS-IAS-Production\AIS\Controllers\ApiCallsController.cs","ApiCallsController.cs","",""
"AddWorkingPaperLoanCases","1","C:\Users\Asad Ali\Documents\GitHub\HTTPS-IAS-Production\AIS\Controllers\ApiCallsController.cs","ApiCallsController.cs","",""
"GetWorkingPaperVoucherChecking","1","C:\Users\Asad Ali\Documents\GitHub\HTTPS-IAS-Production\AIS\Controllers\ApiCallsController.cs","ApiCallsController.cs","",""
"AddWorkingVoucherChecking","1","C:\Users\Asad Ali\Documents\GitHub\HTTPS-IAS-Production\AIS\Controllers\ApiCallsController.cs","ApiCallsController.cs","",""
"GetWorkingPaperAccountOpening","1","C:\Users\Asad Ali\Documents\GitHub\HTTPS-IAS-Production\AIS\Controllers\ApiCallsController.cs","ApiCallsController.cs","",""
"AddWorkingAccountOpening","1","C:\Users\Asad Ali\Documents\GitHub\HTTPS-IAS-Production\AIS\Controllers\ApiCallsController.cs","ApiCallsController.cs","",""
"GetWorkingPaperFixedAssets","1","C:\Users\Asad Ali\Documents\GitHub\HTTPS-IAS-Production\AIS\Controllers\ApiCallsController.cs","ApiCallsController.cs","",""
"AddWorkingFixedAssets","1","C:\Users\Asad Ali\Documents\GitHub\HTTPS-IAS-Production\AIS\Controllers\ApiCallsController.cs","ApiCallsController.cs","",""
"GetWorkingPaperCashCounter","1","C:\Users\Asad Ali\Documents\GitHub\HTTPS-IAS-Production\AIS\Controllers\ApiCallsController.cs","ApiCallsController.cs","",""
"AddWorkingCashCounter","1","C:\Users\Asad Ali\Documents\GitHub\HTTPS-IAS-Production\AIS\Controllers\ApiCallsController.cs","ApiCallsController.cs","",""
"GetAnnexureExerciseStatus","1","C:\Users\Asad Ali\Documents\GitHub\HTTPS-IAS-Production\AIS\Controllers\ApiCallsController.cs","ApiCallsController.cs","",""
"UpdateNewUsersAdminPanel","1","C:\Users\Asad Ali\Documents\GitHub\HTTPS-IAS-Production\AIS\Controllers\ApiCallsController.cs","ApiCallsController.cs","",""
"GetUserDetailAdminPanel","1","C:\Users\Asad Ali\Documents\GitHub\HTTPS-IAS-Production\AIS\Controllers\ApiCallsController.cs","ApiCallsController.cs","",""
"GetComplianceSummary","1","C:\Users\Asad Ali\Documents\GitHub\HTTPS-IAS-Production\AIS\Controllers\ApiCallsController.cs","ApiCallsController.cs","",""
"GetEntityShiftingDetails","1","C:\Users\Asad Ali\Documents\GitHub\HTTPS-IAS-Production\AIS\Controllers\ApiCallsController.cs","ApiCallsController.cs","",""
"GetEntityTypes","5","C:\Users\Asad Ali\Documents\GitHub\HTTPS-IAS-Production\AIS\Controllers\ApiCallsController.cs; C:\Users\Asad Ali\Documents\GitHub\HTTPS-IAS-Production\AIS\wwwroot\js\csp\Views_AdministrationPanel_manage_entity_type.js; C:\Users\Asad Ali\Documents\GitHub\HTTPS-IAS-Production\AIS\wwwroot\js\csp\Views_AdministrationPanel_manage_obs_status.js","ApiCallsController.cs","","Views_AdministrationPanel_manage_entity_type.js; Views_AdministrationPanel_manage_obs_status.js"
"UpdateEntityTypes","1","C:\Users\Asad Ali\Documents\GitHub\HTTPS-IAS-Production\AIS\Controllers\ApiCallsController.cs","ApiCallsController.cs","",""
"GetEntityRelations","4","C:\Users\Asad Ali\Documents\GitHub\HTTPS-IAS-Production\AIS\Controllers\ApiCallsController.cs; C:\Users\Asad Ali\Documents\GitHub\HTTPS-IAS-Production\AIS\wwwroot\js\csp\Views_AdministrationPanel_manage_entity_relations.js","ApiCallsController.cs","","Views_AdministrationPanel_manage_entity_relations.js"
"GetEntitiesMapping","4","C:\Users\Asad Ali\Documents\GitHub\HTTPS-IAS-Production\AIS\Controllers\ApiCallsController.cs; C:\Users\Asad Ali\Documents\GitHub\HTTPS-IAS-Production\AIS\Views\AdministrationPanel\manage_entity_mapping.cshtml; C:\Users\Asad Ali\Documents\GitHub\HTTPS-IAS-Production\AIS\wwwroot\js\csp\Views_AdministrationPanel_manage_entity_mapping.js","ApiCallsController.cs","manage_entity_mapping.cshtml","Views_AdministrationPanel_manage_entity_mapping.js"
"GetEntitiesMappingReporting","1","C:\Users\Asad Ali\Documents\GitHub\HTTPS-IAS-Production\AIS\Controllers\ApiCallsController.cs","ApiCallsController.cs","",""
"GetParentChildEntities","1","C:\Users\Asad Ali\Documents\GitHub\HTTPS-IAS-Production\AIS\Controllers\ApiCallsController.cs","ApiCallsController.cs","",""
"SubmitEntityShiftingFromAdminPanel","1","C:\Users\Asad Ali\Documents\GitHub\HTTPS-IAS-Production\AIS\Controllers\ApiCallsController.cs","ApiCallsController.cs","",""
"SubmitEntityConvToIslamicFromAdminPanel","1","C:\Users\Asad Ali\Documents\GitHub\HTTPS-IAS-Production\AIS\Controllers\ApiCallsController.cs","ApiCallsController.cs","",""
"GetGroupWiseUsersCount","3","C:\Users\Asad Ali\Documents\GitHub\HTTPS-IAS-Production\AIS\Controllers\ApiCallsController.cs; C:\Users\Asad Ali\Documents\GitHub\HTTPS-IAS-Production\AIS\wwwroot\js\csp\Views_Reports_group_wise_users_count.js","ApiCallsController.cs","","Views_Reports_group_wise_users_count.js"
"GetGroupWisePages","4","C:\Users\Asad Ali\Documents\GitHub\HTTPS-IAS-Production\AIS\Controllers\ApiCallsController.cs; C:\Users\Asad Ali\Documents\GitHub\HTTPS-IAS-Production\AIS\Views\Reports\group_wise_pages.cshtml; C:\Users\Asad Ali\Documents\GitHub\HTTPS-IAS-Production\AIS\wwwroot\js\csp\Views_Reports_group_wise_pages.js","ApiCallsController.cs","group_wise_pages.cshtml","Views_Reports_group_wise_pages.js"
"AddComplianceFlow","3","C:\Users\Asad Ali\Documents\GitHub\HTTPS-IAS-Production\AIS\Controllers\ApiCallsController.cs; C:\Users\Asad Ali\Documents\GitHub\HTTPS-IAS-Production\AIS\Views\AdministrationPanel\compliance_flow.cshtml; C:\Users\Asad Ali\Documents\GitHub\HTTPS-IAS-Production\AIS\wwwroot\js\csp\Views_AdministrationPanel_compliance_flow.js","ApiCallsController.cs","compliance_flow.cshtml","Views_AdministrationPanel_compliance_flow.js"
"UpdateComplianceFlow","3","C:\Users\Asad Ali\Documents\GitHub\HTTPS-IAS-Production\AIS\Controllers\ApiCallsController.cs; C:\Users\Asad Ali\Documents\GitHub\HTTPS-IAS-Production\AIS\wwwroot\js\csp\Views_AdministrationPanel_compliance_flow.js","ApiCallsController.cs","","Views_AdministrationPanel_compliance_flow.js"
"GetComplianceFlowByEntityType","1","C:\Users\Asad Ali\Documents\GitHub\HTTPS-IAS-Production\AIS\Controllers\ApiCallsController.cs","ApiCallsController.cs","",""
"GetOutstandingParasForEntityTypeId","1","C:\Users\Asad Ali\Documents\GitHub\HTTPS-IAS-Production\AIS\Controllers\ApiCallsController.cs","ApiCallsController.cs","",""
"SubmitNewTeamIdForPostChangesTeamEngReversal","1","C:\Users\Asad Ali\Documents\GitHub\HTTPS-IAS-Production\AIS\Controllers\ApiCallsController.cs","ApiCallsController.cs","",""
"AuditEngagementStatusReversal","1","C:\Users\Asad Ali\Documents\GitHub\HTTPS-IAS-Production\AIS\Controllers\ApiCallsController.cs","ApiCallsController.cs","",""
"AuditEngagementObsStatusReversal","1","C:\Users\Asad Ali\Documents\GitHub\HTTPS-IAS-Production\AIS\Controllers\ApiCallsController.cs","ApiCallsController.cs","",""
"GetObservationNumbersForStatusReversal","1","C:\Users\Asad Ali\Documents\GitHub\HTTPS-IAS-Production\AIS\Controllers\ApiCallsController.cs","ApiCallsController.cs","",""
"UpdateObservationNumbersForStatusReversal","1","C:\Users\Asad Ali\Documents\GitHub\HTTPS-IAS-Production\AIS\Controllers\ApiCallsController.cs","ApiCallsController.cs","",""
"UpdateEngagementDatesForStatusReversal","1","C:\Users\Asad Ali\Documents\GitHub\HTTPS-IAS-Production\AIS\Controllers\ApiCallsController.cs","ApiCallsController.cs","",""
"GetHRDesignationWiseRoles","1","C:\Users\Asad Ali\Documents\GitHub\HTTPS-IAS-Production\AIS\Controllers\ApiCallsController.cs","ApiCallsController.cs","",""
"AddHRDesignationWiseRoleAssignment","1","C:\Users\Asad Ali\Documents\GitHub\HTTPS-IAS-Production\AIS\Controllers\ApiCallsController.cs","ApiCallsController.cs","",""
"UpdateHRDesignationWiseRoleAssignment","1","C:\Users\Asad Ali\Documents\GitHub\HTTPS-IAS-Production\AIS\Controllers\ApiCallsController.cs","ApiCallsController.cs","",""
"GetManageObservationStatus","1","C:\Users\Asad Ali\Documents\GitHub\HTTPS-IAS-Production\AIS\Controllers\ApiCallsController.cs","ApiCallsController.cs","",""
"AddManageObservationStatus","1","C:\Users\Asad Ali\Documents\GitHub\HTTPS-IAS-Production\AIS\Controllers\ApiCallsController.cs","ApiCallsController.cs","",""
"UpdateManageObservationStatus","1","C:\Users\Asad Ali\Documents\GitHub\HTTPS-IAS-Production\AIS\Controllers\ApiCallsController.cs","ApiCallsController.cs","",""
"GetManageEntityAuditDept","1","C:\Users\Asad Ali\Documents\GitHub\HTTPS-IAS-Production\AIS\Controllers\ApiCallsController.cs","ApiCallsController.cs","",""
"AddManageEntityAuditDepartment","1","C:\Users\Asad Ali\Documents\GitHub\HTTPS-IAS-Production\AIS\Controllers\ApiCallsController.cs","ApiCallsController.cs","",""
"UpdateEntityAuditDepartment","1","C:\Users\Asad Ali\Documents\GitHub\HTTPS-IAS-Production\AIS\Controllers\ApiCallsController.cs","ApiCallsController.cs","",""
"GetLoanDetailsReport","1","C:\Users\Asad Ali\Documents\GitHub\HTTPS-IAS-Production\AIS\Controllers\ApiCallsController.cs","ApiCallsController.cs","",""
"GetCNICLoanDetailsReport","1","C:\Users\Asad Ali\Documents\GitHub\HTTPS-IAS-Production\AIS\Controllers\ApiCallsController.cs","ApiCallsController.cs","",""
"GetDefaultCNICLoanDetailsReport","1","C:\Users\Asad Ali\Documents\GitHub\HTTPS-IAS-Production\AIS\Controllers\ApiCallsController.cs","ApiCallsController.cs","",""
"GetRBHList","9","C:\Users\Asad Ali\Documents\GitHub\HTTPS-IAS-Production\AIS\Controllers\ApiCallsController.cs; C:\Users\Asad Ali\Documents\GitHub\HTTPS-IAS-Production\AIS\Controllers\IIDController.cs","ApiCallsController.cs; IIDController.cs","",""
"GetAuditPeriods","18","C:\Users\Asad Ali\Documents\GitHub\HTTPS-IAS-Production\AIS\Controllers\ApiCallsController.cs; C:\Users\Asad Ali\Documents\GitHub\HTTPS-IAS-Production\AIS\Controllers\EngagementController.cs; C:\Users\Asad Ali\Documents\GitHub\HTTPS-IAS-Production\AIS\Controllers\PlanningController.cs; C:\Users\Asad Ali\Documents\GitHub\HTTPS-IAS-Production\AIS\Controllers\ReportsController.cs; C:\Users\Asad Ali\Documents\GitHub\HTTPS-IAS-Production\AIS\Controllers\RiskAssessmentController.cs; C:\Users\Asad Ali\Documents\GitHub\HTTPS-IAS-Production\AIS\Controllers\SamplingController.cs","ApiCallsController.cs; EngagementController.cs; PlanningController.cs; ReportsController.cs; RiskAssessmentController.cs; SamplingController.cs","",""
"AddAuditPeriod","1","C:\Users\Asad Ali\Documents\GitHub\HTTPS-IAS-Production\AIS\Controllers\ApiCallsController.cs","ApiCallsController.cs","",""
"UpdateAuditPeriod","3","C:\Users\Asad Ali\Documents\GitHub\HTTPS-IAS-Production\AIS\Controllers\ApiCallsController.cs; C:\Users\Asad Ali\Documents\GitHub\HTTPS-IAS-Production\AIS\wwwroot\js\csp\Views_Planning_audit_period.js","ApiCallsController.cs","","Views_Planning_audit_period.js"
"GetSubMenusForAdminPanel","1","C:\Users\Asad Ali\Documents\GitHub\HTTPS-IAS-Production\AIS\Controllers\ApiCallsController.cs","ApiCallsController.cs","",""
"AddSubMenuForAdminPanel","1","C:\Users\Asad Ali\Documents\GitHub\HTTPS-IAS-Production\AIS\Controllers\ApiCallsController.cs","ApiCallsController.cs","",""
"UpdateSubMenuForAdminPanel","1","C:\Users\Asad Ali\Documents\GitHub\HTTPS-IAS-Production\AIS\Controllers\ApiCallsController.cs","ApiCallsController.cs","",""
"AddMenuPageForAdminPanel","1","C:\Users\Asad Ali\Documents\GitHub\HTTPS-IAS-Production\AIS\Controllers\ApiCallsController.cs","ApiCallsController.cs","",""
"GetDraftDSAGuidelines","1","C:\Users\Asad Ali\Documents\GitHub\HTTPS-IAS-Production\AIS\Controllers\ApiCallsController.cs","ApiCallsController.cs","",""
"DraftDSA","1","C:\Users\Asad Ali\Documents\GitHub\HTTPS-IAS-Production\AIS\Controllers\ApiCallsController.cs","ApiCallsController.cs","",""
"AddDraftDSAGuideline","1","C:\Users\Asad Ali\Documents\GitHub\HTTPS-IAS-Production\AIS\Controllers\ApiCallsController.cs","ApiCallsController.cs","",""
"UpdateComplianceUnit","1","C:\Users\Asad Ali\Documents\GitHub\HTTPS-IAS-Production\AIS\Controllers\ApiCallsController.cs","ApiCallsController.cs","",""
"GetAuditReportParaByGistKeyword","1","C:\Users\Asad Ali\Documents\GitHub\HTTPS-IAS-Production\AIS\Controllers\ApiCallsController.cs","ApiCallsController.cs","",""
"GetAnnexuresForChecklistDetail","22","C:\Users\Asad Ali\Documents\GitHub\HTTPS-IAS-Production\AIS\Controllers\ApiCallsController.cs; C:\Users\Asad Ali\Documents\GitHub\HTTPS-IAS-Production\AIS\Controllers\ArchiveController.cs; C:\Users\Asad Ali\Documents\GitHub\HTTPS-IAS-Production\AIS\Controllers\ExecutionController.cs; C:\Users\Asad Ali\Documents\GitHub\HTTPS-IAS-Production\AIS\Controllers\FADController.cs; C:\Users\Asad Ali\Documents\GitHub\HTTPS-IAS-Production\AIS\Controllers\FieldAuditController.cs; C:\Users\Asad Ali\Documents\GitHub\HTTPS-IAS-Production\AIS\Controllers\SetupController.cs","ApiCallsController.cs; ArchiveController.cs; ExecutionController.cs; FADController.cs; FieldAuditController.cs; SetupController.cs","",""
"AddAnnexure","1","C:\Users\Asad Ali\Documents\GitHub\HTTPS-IAS-Production\AIS\Controllers\ApiCallsController.cs","ApiCallsController.cs","",""
"UpdateAnnexure","3","C:\Users\Asad Ali\Documents\GitHub\HTTPS-IAS-Production\AIS\Controllers\ApiCallsController.cs; C:\Users\Asad Ali\Documents\GitHub\HTTPS-IAS-Production\AIS\Views\Setup\manage_annexure.cshtml; C:\Users\Asad Ali\Documents\GitHub\HTTPS-IAS-Production\AIS\wwwroot\js\csp\Views_Setup_manage_annexure.js","ApiCallsController.cs","manage_annexure.cshtml","Views_Setup_manage_annexure.js"
"GenerateTraditionalRiskRatingofEngagement","1","C:\Users\Asad Ali\Documents\GitHub\HTTPS-IAS-Production\AIS\Controllers\ApiCallsController.cs","ApiCallsController.cs","",""
"ViewTraditionalRiskRatingofEngagement","1","C:\Users\Asad Ali\Documents\GitHub\HTTPS-IAS-Production\AIS\Controllers\ApiCallsController.cs","ApiCallsController.cs","",""
"GenerateAnnexureRiskRatingofEngagement","1","C:\Users\Asad Ali\Documents\GitHub\HTTPS-IAS-Production\AIS\Controllers\ApiCallsController.cs","ApiCallsController.cs","",""
"ViewAnnexureRiskRatingofEngagement","1","C:\Users\Asad Ali\Documents\GitHub\HTTPS-IAS-Production\AIS\Controllers\ApiCallsController.cs","ApiCallsController.cs","",""
"GetRiskRatingModelForBranchesWorking","1","C:\Users\Asad Ali\Documents\GitHub\HTTPS-IAS-Production\AIS\Controllers\ApiCallsController.cs","ApiCallsController.cs","",""
"GetComplianceHierarchies","2","C:\Users\Asad Ali\Documents\GitHub\HTTPS-IAS-Production\AIS\Controllers\ApiCallsController.cs; C:\Users\Asad Ali\Documents\GitHub\HTTPS-IAS-Production\AIS\Controllers\SetupController.cs","ApiCallsController.cs; SetupController.cs","",""
"GetComplianceProgressReport","3","C:\Users\Asad Ali\Documents\GitHub\HTTPS-IAS-Production\AIS\Controllers\ApiCallsController.cs; C:\Users\Asad Ali\Documents\GitHub\HTTPS-IAS-Production\AIS\Views\Reports\compliance_progress_report.cshtml; C:\Users\Asad Ali\Documents\GitHub\HTTPS-IAS-Production\AIS\wwwroot\js\csp\Views_Reports_compliance_progress_report.js","ApiCallsController.cs","compliance_progress_report.cshtml","Views_Reports_compliance_progress_report.js"
"GetComplianceProgressReportDetails","1","C:\Users\Asad Ali\Documents\GitHub\HTTPS-IAS-Production\AIS\Controllers\ApiCallsController.cs","ApiCallsController.cs","",""
"AddComplianceHierarchy","1","C:\Users\Asad Ali\Documents\GitHub\HTTPS-IAS-Production\AIS\Controllers\ApiCallsController.cs","ApiCallsController.cs","",""
"UpdateComplianceHierarchy","3","C:\Users\Asad Ali\Documents\GitHub\HTTPS-IAS-Production\AIS\Controllers\ApiCallsController.cs; C:\Users\Asad Ali\Documents\GitHub\HTTPS-IAS-Production\AIS\wwwroot\js\csp\Views_Setup_compliance_hierarchy.js","ApiCallsController.cs","","Views_Setup_compliance_hierarchy.js"
"GetSettledParasForComplianceReport","2","C:\Users\Asad Ali\Documents\GitHub\HTTPS-IAS-Production\AIS\Controllers\ApiCallsController.cs","ApiCallsController.cs","",""
"GetParasForComplianceSummaryReport","1","C:\Users\Asad Ali\Documents\GitHub\HTTPS-IAS-Production\AIS\Controllers\ApiCallsController.cs","ApiCallsController.cs","",""
"GetEngagementPlanDelayAnalysisReport","1","C:\Users\Asad Ali\Documents\GitHub\HTTPS-IAS-Production\AIS\Controllers\ApiCallsController.cs","ApiCallsController.cs","",""
"GetCAUParasForPostCompliance","1","C:\Users\Asad Ali\Documents\GitHub\HTTPS-IAS-Production\AIS\Controllers\ApiCallsController.cs","ApiCallsController.cs","",""
"GetParentRelationshipForCAU","1","C:\Users\Asad Ali\Documents\GitHub\HTTPS-IAS-Production\AIS\Controllers\ApiCallsController.cs","ApiCallsController.cs","",""
"GetChildRelationshipForCAU","1","C:\Users\Asad Ali\Documents\GitHub\HTTPS-IAS-Production\AIS\Controllers\ApiCallsController.cs","ApiCallsController.cs","",""
"SubmitCAUParaToBranch","1","C:\Users\Asad Ali\Documents\GitHub\HTTPS-IAS-Production\AIS\Controllers\ApiCallsController.cs","ApiCallsController.cs","",""
"GetCAUParaToBranchParaText","1","C:\Users\Asad Ali\Documents\GitHub\HTTPS-IAS-Production\AIS\Controllers\ApiCallsController.cs","ApiCallsController.cs","",""
"GetCAUParasForPostComplianceSubmittedToBranch","1","C:\Users\Asad Ali\Documents\GitHub\HTTPS-IAS-Production\AIS\Controllers\ApiCallsController.cs","ApiCallsController.cs","",""
"SubmitCAUParaByBranch","1","C:\Users\Asad Ali\Documents\GitHub\HTTPS-IAS-Production\AIS\Controllers\ApiCallsController.cs","ApiCallsController.cs","",""
"GetCAUParasForPostComplianceForReview","1","C:\Users\Asad Ali\Documents\GitHub\HTTPS-IAS-Production\AIS\Controllers\ApiCallsController.cs","ApiCallsController.cs","",""
"GetCAUAllComplianceEvidence","1","C:\Users\Asad Ali\Documents\GitHub\HTTPS-IAS-Production\AIS\Controllers\ApiCallsController.cs","ApiCallsController.cs","",""
"GetFADMonthlyReviewParasForEntityTypeId","1","C:\Users\Asad Ali\Documents\GitHub\HTTPS-IAS-Production\AIS\Controllers\ApiCallsController.cs","ApiCallsController.cs","",""
"GetSaveSpecialAuditPlan","1","C:\Users\Asad Ali\Documents\GitHub\HTTPS-IAS-Production\AIS\Controllers\ApiCallsController.cs","ApiCallsController.cs","",""
"AddSpecialAuditPlan","1","C:\Users\Asad Ali\Documents\GitHub\HTTPS-IAS-Production\AIS\Controllers\ApiCallsController.cs","ApiCallsController.cs","",""
"DeleteSpecialAuditPlan","1","C:\Users\Asad Ali\Documents\GitHub\HTTPS-IAS-Production\AIS\Controllers\ApiCallsController.cs","ApiCallsController.cs","",""
"SubmitSpecialAuditPlan","3","C:\Users\Asad Ali\Documents\GitHub\HTTPS-IAS-Production\AIS\Controllers\ApiCallsController.cs","ApiCallsController.cs","",""
"GetDuplicateParasForAuthorization","1","C:\Users\Asad Ali\Documents\GitHub\HTTPS-IAS-Production\AIS\Controllers\ApiCallsController.cs","ApiCallsController.cs","",""
"RequestDeleteDuplicatePara","1","C:\Users\Asad Ali\Documents\GitHub\HTTPS-IAS-Production\AIS\Controllers\ApiCallsController.cs","ApiCallsController.cs","",""
"RejectDeleteDuplicatePara","1","C:\Users\Asad Ali\Documents\GitHub\HTTPS-IAS-Production\AIS\Controllers\ApiCallsController.cs","ApiCallsController.cs","",""
"AuthDeleteDuplicatePara","1","C:\Users\Asad Ali\Documents\GitHub\HTTPS-IAS-Production\AIS\Controllers\ApiCallsController.cs","ApiCallsController.cs","",""
"GetResponsiblePersonsList","1","C:\Users\Asad Ali\Documents\GitHub\HTTPS-IAS-Production\AIS\Controllers\ApiCallsController.cs","ApiCallsController.cs","",""
"GetSeriousFraudulentObsGMDetails","1","C:\Users\Asad Ali\Documents\GitHub\HTTPS-IAS-Production\AIS\Controllers\ApiCallsController.cs","ApiCallsController.cs","",""
"AddResponsiblePersonsToObservation","1","C:\Users\Asad Ali\Documents\GitHub\HTTPS-IAS-Production\AIS\Controllers\ApiCallsController.cs","ApiCallsController.cs","",""
"DeleteResponsibilityFromObservation","1","C:\Users\Asad Ali\Documents\GitHub\HTTPS-IAS-Production\AIS\Controllers\ApiCallsController.cs","ApiCallsController.cs","",""
"AddResponsibilityforoldparas","1","C:\Users\Asad Ali\Documents\GitHub\HTTPS-IAS-Production\AIS\Controllers\ApiCallsController.cs","ApiCallsController.cs","",""
"SubmitDSAToAuditee","1","C:\Users\Asad Ali\Documents\GitHub\HTTPS-IAS-Production\AIS\Controllers\ApiCallsController.cs","ApiCallsController.cs","",""
"GetDraftDSAList","1","C:\Users\Asad Ali\Documents\GitHub\HTTPS-IAS-Production\AIS\Controllers\ApiCallsController.cs","ApiCallsController.cs","",""
"GetDraftDSAContent","1","C:\Users\Asad Ali\Documents\GitHub\HTTPS-IAS-Production\AIS\Controllers\ApiCallsController.cs","ApiCallsController.cs","",""
"SubmitDSAToHeadFAD","1","C:\Users\Asad Ali\Documents\GitHub\HTTPS-IAS-Production\AIS\Controllers\ApiCallsController.cs","ApiCallsController.cs","",""
"UpdateDSAHeading","3","C:\Users\Asad Ali\Documents\GitHub\HTTPS-IAS-Production\AIS\Controllers\ApiCallsController.cs; C:\Users\Asad Ali\Documents\GitHub\HTTPS-IAS-Production\AIS\Views\Execution\list_dsa.cshtml; C:\Users\Asad Ali\Documents\GitHub\HTTPS-IAS-Production\AIS\wwwroot\js\csp\Views_Execution_list_dsa.js","ApiCallsController.cs","list_dsa.cshtml","Views_Execution_list_dsa.js"
"ReferredBackDSAByHeadFad","1","C:\Users\Asad Ali\Documents\GitHub\HTTPS-IAS-Production\AIS\Controllers\ApiCallsController.cs","ApiCallsController.cs","",""
"SubmitDSAToDPD","1","C:\Users\Asad Ali\Documents\GitHub\HTTPS-IAS-Production\AIS\Controllers\ApiCallsController.cs","ApiCallsController.cs","",""
"ReferredBackDSAByDPD","1","C:\Users\Asad Ali\Documents\GitHub\HTTPS-IAS-Production\AIS\Controllers\ApiCallsController.cs","ApiCallsController.cs","",""
"AcknowledgeDSA","1","C:\Users\Asad Ali\Documents\GitHub\HTTPS-IAS-Production\AIS\Controllers\ApiCallsController.cs","ApiCallsController.cs","",""
"GetLoanCaseDetailsWithBRCode","2","C:\Users\Asad Ali\Documents\GitHub\HTTPS-IAS-Production\AIS\Controllers\ApiCallsController.cs","ApiCallsController.cs","",""
"GetObservationDetailsById","1","C:\Users\Asad Ali\Documents\GitHub\HTTPS-IAS-Production\AIS\Controllers\ApiCallsController.cs","ApiCallsController.cs","",""
"GetObservationDetailsByIdForPreConcluding","1","C:\Users\Asad Ali\Documents\GitHub\HTTPS-IAS-Production\AIS\Controllers\ApiCallsController.cs","ApiCallsController.cs","",""
"GetObservationDetailsByIdForPreConcludingHO","1","C:\Users\Asad Ali\Documents\GitHub\HTTPS-IAS-Production\AIS\Controllers\ApiCallsController.cs","ApiCallsController.cs","",""
"GetObservationDetailsByIdHO","1","C:\Users\Asad Ali\Documents\GitHub\HTTPS-IAS-Production\AIS\Controllers\ApiCallsController.cs","ApiCallsController.cs","",""
"UpdateGMOffice","3","C:\Users\Asad Ali\Documents\GitHub\HTTPS-IAS-Production\AIS\Controllers\ApiCallsController.cs; C:\Users\Asad Ali\Documents\GitHub\HTTPS-IAS-Production\AIS\Views\AdministrationPanel\gm_repo_line_management.cshtml; C:\Users\Asad Ali\Documents\GitHub\HTTPS-IAS-Production\AIS\wwwroot\js\csp\Views_AdministrationPanel_gm_repo_line_management.js","ApiCallsController.cs","gm_repo_line_management.cshtml","Views_AdministrationPanel_gm_repo_line_management.js"
"UpdateReportingLine","1","C:\Users\Asad Ali\Documents\GitHub\HTTPS-IAS-Production\AIS\Controllers\ApiCallsController.cs","ApiCallsController.cs","",""
"UpdateGMAndReportingLineOffice","1","C:\Users\Asad Ali\Documents\GitHub\HTTPS-IAS-Production\AIS\Controllers\ApiCallsController.cs","ApiCallsController.cs","",""
"UploadAuditReport","2","C:\Users\Asad Ali\Documents\GitHub\HTTPS-IAS-Production\AIS\Controllers\ApiCallsController.cs; C:\Users\Asad Ali\Documents\GitHub\HTTPS-IAS-Production\AIS\Controllers\UploadFileController.cs","ApiCallsController.cs; UploadFileController.cs","",""
"GetAuditReports","3","C:\Users\Asad Ali\Documents\GitHub\HTTPS-IAS-Production\AIS\Controllers\ApiCallsController.cs; C:\Users\Asad Ali\Documents\GitHub\HTTPS-IAS-Production\AIS\wwwroot\js\csp\Views_Reports_final_audit_report.js","ApiCallsController.cs","","Views_Reports_final_audit_report.js"
"GetAuditReportContent","1","C:\Users\Asad Ali\Documents\GitHub\HTTPS-IAS-Production\AIS\Controllers\ApiCallsController.cs","ApiCallsController.cs","",""
"GetCheckAuditReportExisits","1","C:\Users\Asad Ali\Documents\GitHub\HTTPS-IAS-Production\AIS\Controllers\ApiCallsController.cs","ApiCallsController.cs","",""
"CreateSampleDataAfterEngagementApproval","1","C:\Users\Asad Ali\Documents\GitHub\HTTPS-IAS-Production\AIS\Controllers\ApiCallsController.cs","ApiCallsController.cs","",""
"CreateExceptionDataAfterEngagementApproval","1","C:\Users\Asad Ali\Documents\GitHub\HTTPS-IAS-Production\AIS\Controllers\ApiCallsController.cs","ApiCallsController.cs","",""
"GetExceptionMonitorEntities","1","C:\Users\Asad Ali\Documents\GitHub\HTTPS-IAS-Production\AIS\Controllers\ApiCallsController.cs","ApiCallsController.cs","",""
"GetExceptionMonitorDetails","2","C:\Users\Asad Ali\Documents\GitHub\HTTPS-IAS-Production\AIS\Controllers\ApiCallsController.cs; C:\Users\Asad Ali\Documents\GitHub\HTTPS-IAS-Production\AIS\Controllers\SamplingController.cs","ApiCallsController.cs; SamplingController.cs","",""
"RegenerateException","3","C:\Users\Asad Ali\Documents\GitHub\HTTPS-IAS-Production\AIS\Controllers\ApiCallsController.cs; C:\Users\Asad Ali\Documents\GitHub\HTTPS-IAS-Production\AIS\Views\Sampling\ExceptionMonitoring.cshtml","ApiCallsController.cs","ExceptionMonitoring.cshtml",""
"GetBiometSamplingDetails","1","C:\Users\Asad Ali\Documents\GitHub\HTTPS-IAS-Production\AIS\Controllers\ApiCallsController.cs","ApiCallsController.cs","",""
"GetExceptionReportData","1","C:\Users\Asad Ali\Documents\GitHub\HTTPS-IAS-Production\AIS\Controllers\ApiCallsController.cs","ApiCallsController.cs","",""
"GetExceptionReportFormat","1","C:\Users\Asad Ali\Documents\GitHub\HTTPS-IAS-Production\AIS\Controllers\ApiCallsController.cs","ApiCallsController.cs","",""
"InsertExceptionReportFormat","1","C:\Users\Asad Ali\Documents\GitHub\HTTPS-IAS-Production\AIS\Controllers\ApiCallsController.cs","ApiCallsController.cs","",""
"UpdateExceptionReportFormat","1","C:\Users\Asad Ali\Documents\GitHub\HTTPS-IAS-Production\AIS\Controllers\ApiCallsController.cs","ApiCallsController.cs","",""
"GetBiometAccountTransactionSamplingDetails","1","C:\Users\Asad Ali\Documents\GitHub\HTTPS-IAS-Production\AIS\Controllers\ApiCallsController.cs","ApiCallsController.cs","",""
"GetBiometAccountDocumentsSamplingDetails","1","C:\Users\Asad Ali\Documents\GitHub\HTTPS-IAS-Production\AIS\Controllers\ApiCallsController.cs","ApiCallsController.cs","",""
"GetYearWiseOutstandingParas","1","C:\Users\Asad Ali\Documents\GitHub\HTTPS-IAS-Production\AIS\Controllers\ApiCallsController.cs","ApiCallsController.cs","",""
"GetYearWiseOutstandingParasDetails","1","C:\Users\Asad Ali\Documents\GitHub\HTTPS-IAS-Production\AIS\Controllers\ApiCallsController.cs","ApiCallsController.cs","",""
"GetListOfSamples","1","C:\Users\Asad Ali\Documents\GitHub\HTTPS-IAS-Production\AIS\Controllers\ApiCallsController.cs","ApiCallsController.cs","",""
"GetListOfreports","1","C:\Users\Asad Ali\Documents\GitHub\HTTPS-IAS-Production\AIS\Controllers\ApiCallsController.cs","ApiCallsController.cs","",""
"AddExceptionAccountReport","1","C:\Users\Asad Ali\Documents\GitHub\HTTPS-IAS-Production\AIS\Controllers\ApiCallsController.cs","ApiCallsController.cs","",""
"GetLoanSamples","1","C:\Users\Asad Ali\Documents\GitHub\HTTPS-IAS-Production\AIS\Controllers\ApiCallsController.cs","ApiCallsController.cs","",""
"GetLoanExceptions","1","C:\Users\Asad Ali\Documents\GitHub\HTTPS-IAS-Production\AIS\Controllers\ApiCallsController.cs","ApiCallsController.cs","",""
"GetLoanSamplesDocuments","1","C:\Users\Asad Ali\Documents\GitHub\HTTPS-IAS-Production\AIS\Controllers\ApiCallsController.cs","ApiCallsController.cs","",""
"GetLoanSamplesDocumentData","1","C:\Users\Asad Ali\Documents\GitHub\HTTPS-IAS-Production\AIS\Controllers\ApiCallsController.cs","ApiCallsController.cs","",""
"GetLoanSamplesTransactions","1","C:\Users\Asad Ali\Documents\GitHub\HTTPS-IAS-Production\AIS\Controllers\ApiCallsController.cs","ApiCallsController.cs","",""
"GetAuditParasByText","1","C:\Users\Asad Ali\Documents\GitHub\HTTPS-IAS-Production\AIS\Controllers\ApiCallsController.cs","ApiCallsController.cs","",""
"RegenerateSampleofLoan","1","C:\Users\Asad Ali\Documents\GitHub\HTTPS-IAS-Production\AIS\Controllers\ApiCallsController.cs","ApiCallsController.cs","",""
"GetYearWiseAllParas","1","C:\Users\Asad Ali\Documents\GitHub\HTTPS-IAS-Production\AIS\Controllers\ApiCallsController.cs","ApiCallsController.cs","",""
"GetCDMSMasterTransactions","1","C:\Users\Asad Ali\Documents\GitHub\HTTPS-IAS-Production\AIS\Controllers\ApiCallsController.cs","ApiCallsController.cs","",""
"GetFadAuditEmployees","1","C:\Users\Asad Ali\Documents\GitHub\HTTPS-IAS-Production\AIS\Controllers\ApiCallsController.cs","ApiCallsController.cs","",""
"UpdateAuditEmployee","1","C:\Users\Asad Ali\Documents\GitHub\HTTPS-IAS-Production\AIS\Controllers\ApiCallsController.cs","ApiCallsController.cs","",""
"GetAuditManpower","1","C:\Users\Asad Ali\Documents\GitHub\HTTPS-IAS-Production\AIS\Controllers\ApiCallsController.cs","ApiCallsController.cs","",""
"UpdateAuditManpower","1","C:\Users\Asad Ali\Documents\GitHub\HTTPS-IAS-Production\AIS\Controllers\ApiCallsController.cs","ApiCallsController.cs","",""
"GetAuditBudget","1","C:\Users\Asad Ali\Documents\GitHub\HTTPS-IAS-Production\AIS\Controllers\ApiCallsController.cs","ApiCallsController.cs","",""
"UpdateAuditBudget","1","C:\Users\Asad Ali\Documents\GitHub\HTTPS-IAS-Production\AIS\Controllers\ApiCallsController.cs","ApiCallsController.cs","",""
"GetHrRanks","1","C:\Users\Asad Ali\Documents\GitHub\HTTPS-IAS-Production\AIS\Controllers\ApiCallsController.cs","ApiCallsController.cs","",""
"GetHrDesignations","1","C:\Users\Asad Ali\Documents\GitHub\HTTPS-IAS-Production\AIS\Controllers\ApiCallsController.cs","ApiCallsController.cs","",""
"GetHrPosting","1","C:\Users\Asad Ali\Documents\GitHub\HTTPS-IAS-Production\AIS\Controllers\ApiCallsController.cs","ApiCallsController.cs","",""
"GetQualifications","1","C:\Users\Asad Ali\Documents\GitHub\HTTPS-IAS-Production\AIS\Controllers\ApiCallsController.cs","ApiCallsController.cs","",""
"GetQualificationSpecialization","1","C:\Users\Asad Ali\Documents\GitHub\HTTPS-IAS-Production\AIS\Controllers\ApiCallsController.cs","ApiCallsController.cs","",""
"GetCertifications","1","C:\Users\Asad Ali\Documents\GitHub\HTTPS-IAS-Production\AIS\Controllers\ApiCallsController.cs","ApiCallsController.cs","",""
"GetGLHeads","1","C:\Users\Asad Ali\Documents\GitHub\HTTPS-IAS-Production\AIS\Controllers\ApiCallsController.cs","ApiCallsController.cs","",""
"SubmitComplaint","3","C:\Users\Asad Ali\Documents\GitHub\HTTPS-IAS-Production\AIS\Controllers\ApiCallsController.cs; C:\Users\Asad Ali\Documents\GitHub\HTTPS-IAS-Production\AIS\Controllers\IIDController.cs","ApiCallsController.cs; IIDController.cs","",""
"AddAssessment","2","C:\Users\Asad Ali\Documents\GitHub\HTTPS-IAS-Production\AIS\Controllers\ApiCallsController.cs","ApiCallsController.cs","",""
"AddHeadReview","2","C:\Users\Asad Ali\Documents\GitHub\HTTPS-IAS-Production\AIS\Controllers\ApiCallsController.cs","ApiCallsController.cs","",""
"GetInquiryAssignedNotificationData","1","C:\Users\Asad Ali\Documents\GitHub\HTTPS-IAS-Production\AIS\Controllers\ApiCallsController.cs","ApiCallsController.cs","",""
"AddInvestigationPlan","2","C:\Users\Asad Ali\Documents\GitHub\HTTPS-IAS-Production\AIS\Controllers\ApiCallsController.cs","ApiCallsController.cs","",""
"AddPlanApproval","2","C:\Users\Asad Ali\Documents\GitHub\HTTPS-IAS-Production\AIS\Controllers\ApiCallsController.cs","ApiCallsController.cs","",""
"GetComplaintIdByPlanId","2","C:\Users\Asad Ali\Documents\GitHub\HTTPS-IAS-Production\AIS\Controllers\ApiCallsController.cs; C:\Users\Asad Ali\Documents\GitHub\HTTPS-IAS-Production\AIS\Controllers\IIDController.cs","ApiCallsController.cs; IIDController.cs","",""
"EnqueueEmail","3","C:\Users\Asad Ali\Documents\GitHub\HTTPS-IAS-Production\AIS\Controllers\ApiCallsController.cs","ApiCallsController.cs","",""
"AddInquiryReport","3","C:\Users\Asad Ali\Documents\GitHub\HTTPS-IAS-Production\AIS\Controllers\ApiCallsController.cs; C:\Users\Asad Ali\Documents\GitHub\HTTPS-IAS-Production\AIS\Controllers\IIDController.cs","ApiCallsController.cs; IIDController.cs","",""
"AddAnalysis","2","C:\Users\Asad Ali\Documents\GitHub\HTTPS-IAS-Production\AIS\Controllers\ApiCallsController.cs","ApiCallsController.cs","",""
"AddFinalApproval","2","C:\Users\Asad Ali\Documents\GitHub\HTTPS-IAS-Production\AIS\Controllers\ApiCallsController.cs","ApiCallsController.cs","",""
"GetComplaintIdByReportId","4","C:\Users\Asad Ali\Documents\GitHub\HTTPS-IAS-Production\AIS\Controllers\ApiCallsController.cs; C:\Users\Asad Ali\Documents\GitHub\HTTPS-IAS-Production\AIS\Controllers\IIDController.cs","ApiCallsController.cs; IIDController.cs","",""
"FinalizeIidReport","2","C:\Users\Asad Ali\Documents\GitHub\HTTPS-IAS-Production\AIS\Controllers\ApiCallsController.cs","ApiCallsController.cs","",""
"GetLatestInquiryReportByComplaintId","5","C:\Users\Asad Ali\Documents\GitHub\HTTPS-IAS-Production\AIS\Controllers\ApiCallsController.cs; C:\Users\Asad Ali\Documents\GitHub\HTTPS-IAS-Production\AIS\Controllers\IIDController.cs","ApiCallsController.cs; IIDController.cs","",""
"AddCaseStudy","2","C:\Users\Asad Ali\Documents\GitHub\HTTPS-IAS-Production\AIS\Controllers\ApiCallsController.cs","ApiCallsController.cs","",""
"GetInquiryReportFiles","2","C:\Users\Asad Ali\Documents\GitHub\HTTPS-IAS-Production\AIS\Controllers\ApiCallsController.cs","ApiCallsController.cs","",""
"GetReports","2","C:\Users\Asad Ali\Documents\GitHub\HTTPS-IAS-Production\AIS\Controllers\ApiCallsController.cs","ApiCallsController.cs","",""
"GetIidListOfReports","1","C:\Users\Asad Ali\Documents\GitHub\HTTPS-IAS-Production\AIS\Controllers\ApiCallsController.cs","ApiCallsController.cs","",""
"GetIidExceptionReportData","1","C:\Users\Asad Ali\Documents\GitHub\HTTPS-IAS-Production\AIS\Controllers\ApiCallsController.cs","ApiCallsController.cs","",""
"GetIidAccountTransactions","1","C:\Users\Asad Ali\Documents\GitHub\HTTPS-IAS-Production\AIS\Controllers\ApiCallsController.cs","ApiCallsController.cs","",""
"GetIidAccountDocuments","1","C:\Users\Asad Ali\Documents\GitHub\HTTPS-IAS-Production\AIS\Controllers\ApiCallsController.cs","ApiCallsController.cs","",""
"GetIidLoanExceptions","1","C:\Users\Asad Ali\Documents\GitHub\HTTPS-IAS-Production\AIS\Controllers\ApiCallsController.cs","ApiCallsController.cs","",""
"GetIidLoanDocuments","1","C:\Users\Asad Ali\Documents\GitHub\HTTPS-IAS-Production\AIS\Controllers\ApiCallsController.cs","ApiCallsController.cs","",""
"GetIidLoanDocumentData","1","C:\Users\Asad Ali\Documents\GitHub\HTTPS-IAS-Production\AIS\Controllers\ApiCallsController.cs","ApiCallsController.cs","",""
"GetIidLoanTransactions","1","C:\Users\Asad Ali\Documents\GitHub\HTTPS-IAS-Production\AIS\Controllers\ApiCallsController.cs","ApiCallsController.cs","",""
"GetComplaintsDropdown","2","C:\Users\Asad Ali\Documents\GitHub\HTTPS-IAS-Production\AIS\Controllers\ApiCallsController.cs","ApiCallsController.cs","",""
"GetLatestPlanByComplaintId","2","C:\Users\Asad Ali\Documents\GitHub\HTTPS-IAS-Production\AIS\Controllers\ApiCallsController.cs","ApiCallsController.cs","",""
"GetComplaintsByUser","4","C:\Users\Asad Ali\Documents\GitHub\HTTPS-IAS-Production\AIS\Controllers\ApiCallsController.cs; C:\Users\Asad Ali\Documents\GitHub\HTTPS-IAS-Production\AIS\Controllers\IIDController.cs","ApiCallsController.cs; IIDController.cs","",""
"Get_Complaints_Without_Assessment","1","C:\Users\Asad Ali\Documents\GitHub\HTTPS-IAS-Production\AIS\Controllers\ApiCallsController.cs","ApiCallsController.cs","",""
"GetInspectionUnits","1","C:\Users\Asad Ali\Documents\GitHub\HTTPS-IAS-Production\AIS\Controllers\ApiCallsController.cs","ApiCallsController.cs","",""
"GetIidTaskList","2","C:\Users\Asad Ali\Documents\GitHub\HTTPS-IAS-Production\AIS\Controllers\ApiCallsController.cs","ApiCallsController.cs","",""
"GetIidPlanDetails","3","C:\Users\Asad Ali\Documents\GitHub\HTTPS-IAS-Production\AIS\Controllers\ApiCallsController.cs; C:\Users\Asad Ali\Documents\GitHub\HTTPS-IAS-Production\AIS\Controllers\IIDController.cs","ApiCallsController.cs; IIDController.cs","",""
"GetComplaint","5","C:\Users\Asad Ali\Documents\GitHub\HTTPS-IAS-Production\AIS\Controllers\ApiCallsController.cs; C:\Users\Asad Ali\Documents\GitHub\HTTPS-IAS-Production\AIS\Controllers\IIDController.cs; C:\Users\Asad Ali\Documents\GitHub\HTTPS-IAS-Production\AIS\Controllers\IidInquiryReportPdfController.cs","ApiCallsController.cs; IIDController.cs; IidInquiryReportPdfController.cs","",""
"GetIidInqAccusationsByComplaintId","4","C:\Users\Asad Ali\Documents\GitHub\HTTPS-IAS-Production\AIS\Controllers\ApiCallsController.cs; C:\Users\Asad Ali\Documents\GitHub\HTTPS-IAS-Production\AIS\Controllers\IIDController.cs","ApiCallsController.cs; IIDController.cs","",""
"AddIidInqAccusation","2","C:\Users\Asad Ali\Documents\GitHub\HTTPS-IAS-Production\AIS\Controllers\ApiCallsController.cs","ApiCallsController.cs","",""
"UpdateIidInqAccusation","2","C:\Users\Asad Ali\Documents\GitHub\HTTPS-IAS-Production\AIS\Controllers\ApiCallsController.cs","ApiCallsController.cs","",""
"DeleteIidInqAccusation","2","C:\Users\Asad Ali\Documents\GitHub\HTTPS-IAS-Production\AIS\Controllers\ApiCallsController.cs","ApiCallsController.cs","",""
"GetIidEmployeeInfo","2","C:\Users\Asad Ali\Documents\GitHub\HTTPS-IAS-Production\AIS\Controllers\ApiCallsController.cs","ApiCallsController.cs","",""
"GetIidInqAccusedListByComplaintId","4","C:\Users\Asad Ali\Documents\GitHub\HTTPS-IAS-Production\AIS\Controllers\ApiCallsController.cs; C:\Users\Asad Ali\Documents\GitHub\HTTPS-IAS-Production\AIS\Controllers\IIDController.cs","ApiCallsController.cs; IIDController.cs","",""
"AddIidInqAccused","2","C:\Users\Asad Ali\Documents\GitHub\HTTPS-IAS-Production\AIS\Controllers\ApiCallsController.cs","ApiCallsController.cs","",""
"UpdateIidInqAccused","2","C:\Users\Asad Ali\Documents\GitHub\HTTPS-IAS-Production\AIS\Controllers\ApiCallsController.cs","ApiCallsController.cs","",""
"DeleteIidInqAccused","2","C:\Users\Asad Ali\Documents\GitHub\HTTPS-IAS-Production\AIS\Controllers\ApiCallsController.cs","ApiCallsController.cs","",""
"GetIidInqRecordsByComplaintId","3","C:\Users\Asad Ali\Documents\GitHub\HTTPS-IAS-Production\AIS\Controllers\ApiCallsController.cs","ApiCallsController.cs","",""
"AddIidInqRecord","2","C:\Users\Asad Ali\Documents\GitHub\HTTPS-IAS-Production\AIS\Controllers\ApiCallsController.cs","ApiCallsController.cs","",""
"UpdateIidInqRecord","2","C:\Users\Asad Ali\Documents\GitHub\HTTPS-IAS-Production\AIS\Controllers\ApiCallsController.cs","ApiCallsController.cs","",""
"DeleteIidInqRecord","2","C:\Users\Asad Ali\Documents\GitHub\HTTPS-IAS-Production\AIS\Controllers\ApiCallsController.cs","ApiCallsController.cs","",""
"GetIidInqProceedingsByComplaintId","3","C:\Users\Asad Ali\Documents\GitHub\HTTPS-IAS-Production\AIS\Controllers\ApiCallsController.cs","ApiCallsController.cs","",""
"AddIidInqProceeding","1","C:\Users\Asad Ali\Documents\GitHub\HTTPS-IAS-Production\AIS\Controllers\ApiCallsController.cs","ApiCallsController.cs","",""
"SaveIidInqProceeding","2","C:\Users\Asad Ali\Documents\GitHub\HTTPS-IAS-Production\AIS\Controllers\ApiCallsController.cs","ApiCallsController.cs","",""
"UpdateIidInqProceeding","1","C:\Users\Asad Ali\Documents\GitHub\HTTPS-IAS-Production\AIS\Controllers\ApiCallsController.cs","ApiCallsController.cs","",""
"DeleteIidInqProceeding","2","C:\Users\Asad Ali\Documents\GitHub\HTTPS-IAS-Production\AIS\Controllers\ApiCallsController.cs","ApiCallsController.cs","",""
"GetIidInqStatementsByComplaintId","4","C:\Users\Asad Ali\Documents\GitHub\HTTPS-IAS-Production\AIS\Controllers\ApiCallsController.cs; C:\Users\Asad Ali\Documents\GitHub\HTTPS-IAS-Production\AIS\Controllers\IIDController.cs","ApiCallsController.cs; IIDController.cs","",""
"AddIidInqStatement","1","C:\Users\Asad Ali\Documents\GitHub\HTTPS-IAS-Production\AIS\Controllers\ApiCallsController.cs","ApiCallsController.cs","",""
"SaveIidInqStatement","2","C:\Users\Asad Ali\Documents\GitHub\HTTPS-IAS-Production\AIS\Controllers\ApiCallsController.cs","ApiCallsController.cs","",""
"UpdateIidInqStatement","1","C:\Users\Asad Ali\Documents\GitHub\HTTPS-IAS-Production\AIS\Controllers\ApiCallsController.cs","ApiCallsController.cs","",""
"DeleteIidInqStatement","2","C:\Users\Asad Ali\Documents\GitHub\HTTPS-IAS-Production\AIS\Controllers\ApiCallsController.cs","ApiCallsController.cs","",""
"GetIidInqEvidenceFilesByComplaintId","5","C:\Users\Asad Ali\Documents\GitHub\HTTPS-IAS-Production\AIS\Controllers\ApiCallsController.cs; C:\Users\Asad Ali\Documents\GitHub\HTTPS-IAS-Production\AIS\Controllers\IIDController.cs","ApiCallsController.cs; IIDController.cs","",""
"GetIidInqEvidenceStepByComplaintId","3","C:\Users\Asad Ali\Documents\GitHub\HTTPS-IAS-Production\AIS\Controllers\ApiCallsController.cs","ApiCallsController.cs","",""
"SaveIidInqEvidenceStep","2","C:\Users\Asad Ali\Documents\GitHub\HTTPS-IAS-Production\AIS\Controllers\ApiCallsController.cs","ApiCallsController.cs","",""
"AddIidInqEvidenceFile","2","C:\Users\Asad Ali\Documents\GitHub\HTTPS-IAS-Production\AIS\Controllers\ApiCallsController.cs","ApiCallsController.cs","",""
"DeleteIidInqEvidenceFile","2","C:\Users\Asad Ali\Documents\GitHub\HTTPS-IAS-Production\AIS\Controllers\ApiCallsController.cs","ApiCallsController.cs","",""
"GetIidInqFindingsRecommByComplaintId","4","C:\Users\Asad Ali\Documents\GitHub\HTTPS-IAS-Production\AIS\Controllers\ApiCallsController.cs; C:\Users\Asad Ali\Documents\GitHub\HTTPS-IAS-Production\AIS\Controllers\IIDController.cs","ApiCallsController.cs; IIDController.cs","",""
"SaveIidInqFindingsRecomm","2","C:\Users\Asad Ali\Documents\GitHub\HTTPS-IAS-Production\AIS\Controllers\ApiCallsController.cs","ApiCallsController.cs","",""
"GetIidAccusationsForFindings","2","C:\Users\Asad Ali\Documents\GitHub\HTTPS-IAS-Production\AIS\Controllers\ApiCallsController.cs","ApiCallsController.cs","",""
"GetIidFindingsRecommByAccusation","3","C:\Users\Asad Ali\Documents\GitHub\HTTPS-IAS-Production\AIS\Controllers\ApiCallsController.cs","ApiCallsController.cs","",""
"SaveIidFindingsRecommByAccusation","2","C:\Users\Asad Ali\Documents\GitHub\HTTPS-IAS-Production\AIS\Controllers\ApiCallsController.cs","ApiCallsController.cs","",""
"GetIidFindingsRecommStatus","2","C:\Users\Asad Ali\Documents\GitHub\HTTPS-IAS-Production\AIS\Controllers\ApiCallsController.cs","ApiCallsController.cs","",""
"GetIidInqViolationsByComplaintId","4","C:\Users\Asad Ali\Documents\GitHub\HTTPS-IAS-Production\AIS\Controllers\ApiCallsController.cs; C:\Users\Asad Ali\Documents\GitHub\HTTPS-IAS-Production\AIS\Controllers\IIDController.cs","ApiCallsController.cs; IIDController.cs","",""
"AddIidInqViolation","2","C:\Users\Asad Ali\Documents\GitHub\HTTPS-IAS-Production\AIS\Controllers\ApiCallsController.cs","ApiCallsController.cs","",""
"UpdateIidInqViolation","2","C:\Users\Asad Ali\Documents\GitHub\HTTPS-IAS-Production\AIS\Controllers\ApiCallsController.cs","ApiCallsController.cs","",""
"DeleteIidInqViolation","2","C:\Users\Asad Ali\Documents\GitHub\HTTPS-IAS-Production\AIS\Controllers\ApiCallsController.cs","ApiCallsController.cs","",""
"GetIidInqDsaByComplaintId","4","C:\Users\Asad Ali\Documents\GitHub\HTTPS-IAS-Production\AIS\Controllers\ApiCallsController.cs; C:\Users\Asad Ali\Documents\GitHub\HTTPS-IAS-Production\AIS\Controllers\IIDController.cs","ApiCallsController.cs; IIDController.cs","",""
"AddIidInqDsa","2","C:\Users\Asad Ali\Documents\GitHub\HTTPS-IAS-Production\AIS\Controllers\ApiCallsController.cs","ApiCallsController.cs","",""
"UpdateIidInqDsa","2","C:\Users\Asad Ali\Documents\GitHub\HTTPS-IAS-Production\AIS\Controllers\ApiCallsController.cs","ApiCallsController.cs","",""
"DeleteIidInqDsa","2","C:\Users\Asad Ali\Documents\GitHub\HTTPS-IAS-Production\AIS\Controllers\ApiCallsController.cs","ApiCallsController.cs","",""
"FinalizeIidInquiryReport","2","C:\Users\Asad Ali\Documents\GitHub\HTTPS-IAS-Production\AIS\Controllers\ApiCallsController.cs","ApiCallsController.cs","",""
"GetDistinctFadDeskOfficerAuditPeriods","1","C:\Users\Asad Ali\Documents\GitHub\HTTPS-IAS-Production\AIS\Controllers\ApiCallsController.cs","ApiCallsController.cs","",""
"AddPublicHoliday","1","C:\Users\Asad Ali\Documents\GitHub\HTTPS-IAS-Production\AIS\Controllers\ApiCallsController.cs","ApiCallsController.cs","",""
"GetAllPublicHolidays","1","C:\Users\Asad Ali\Documents\GitHub\HTTPS-IAS-Production\AIS\Controllers\ApiCallsController.cs","ApiCallsController.cs","",""
"CheckIfHolidayOrWeekend","1","C:\Users\Asad Ali\Documents\GitHub\HTTPS-IAS-Production\AIS\Controllers\ApiCallsController.cs","ApiCallsController.cs","",""
"GetFadDeskOfficerRptByDateRange","1","C:\Users\Asad Ali\Documents\GitHub\HTTPS-IAS-Production\AIS\Controllers\ApiCallsController.cs","ApiCallsController.cs","",""
"GetParaReferenceData","2","C:\Users\Asad Ali\Documents\GitHub\HTTPS-IAS-Production\AIS\Controllers\ApiCallsController.cs","ApiCallsController.cs","",""
"SaveParaReferences","2","C:\Users\Asad Ali\Documents\GitHub\HTTPS-IAS-Production\AIS\Controllers\ApiCallsController.cs","ApiCallsController.cs","",""
"SearchReferences","2","C:\Users\Asad Ali\Documents\GitHub\HTTPS-IAS-Production\AIS\Controllers\ApiCallsController.cs","ApiCallsController.cs","",""
"GetReferenceDetail","2","C:\Users\Asad Ali\Documents\GitHub\HTTPS-IAS-Production\AIS\Controllers\ApiCallsController.cs","ApiCallsController.cs","",""
"GetManualMaster","2","C:\Users\Asad Ali\Documents\GitHub\HTTPS-IAS-Production\AIS\Controllers\ApiCallsController.cs","ApiCallsController.cs","",""
"GetManualSections","2","C:\Users\Asad Ali\Documents\GitHub\HTTPS-IAS-Production\AIS\Controllers\ApiCallsController.cs","ApiCallsController.cs","",""
"GetManualChapters","2","C:\Users\Asad Ali\Documents\GitHub\HTTPS-IAS-Production\AIS\Controllers\ApiCallsController.cs","ApiCallsController.cs","",""
"GetManualIndexByChapter","2","C:\Users\Asad Ali\Documents\GitHub\HTTPS-IAS-Production\AIS\Controllers\ApiCallsController.cs","ApiCallsController.cs","",""
"GetReferenceMasterDetail","2","C:\Users\Asad Ali\Documents\GitHub\HTTPS-IAS-Production\AIS\Controllers\ApiCallsController.cs","ApiCallsController.cs","",""
"GetObservationManualMaster","2","C:\Users\Asad Ali\Documents\GitHub\HTTPS-IAS-Production\AIS\Controllers\ApiCallsController.cs","ApiCallsController.cs","",""
"GetObservationManualSections","2","C:\Users\Asad Ali\Documents\GitHub\HTTPS-IAS-Production\AIS\Controllers\ApiCallsController.cs","ApiCallsController.cs","",""
"GetObservationManualChapters","2","C:\Users\Asad Ali\Documents\GitHub\HTTPS-IAS-Production\AIS\Controllers\ApiCallsController.cs","ApiCallsController.cs","",""
"GetObservationManualReferenceGrid","2","C:\Users\Asad Ali\Documents\GitHub\HTTPS-IAS-Production\AIS\Controllers\ApiCallsController.cs","ApiCallsController.cs","",""
"GetReferenceDetailByRefId","3","C:\Users\Asad Ali\Documents\GitHub\HTTPS-IAS-Production\AIS\Controllers\ApiCallsController.cs; C:\Users\Asad Ali\Documents\GitHub\HTTPS-IAS-Production\AIS\Controllers\ObservationPdfController.cs","ApiCallsController.cs; ObservationPdfController.cs","",""
"GetEntityTaskSummary","2","C:\Users\Asad Ali\Documents\GitHub\HTTPS-IAS-Production\AIS\Controllers\ApiCallsController.cs","ApiCallsController.cs","",""
"AddVersionHistory","2","C:\Users\Asad Ali\Documents\GitHub\HTTPS-IAS-Production\AIS\Controllers\ApiCallsController.cs","ApiCallsController.cs","",""
"UpdateVersionHistory","2","C:\Users\Asad Ali\Documents\GitHub\HTTPS-IAS-Production\AIS\Controllers\ApiCallsController.cs","ApiCallsController.cs","",""
"GETPARASTATUSCHANGEREQUEST","1","C:\Users\Asad Ali\Documents\GitHub\HTTPS-IAS-Production\AIS\Controllers\ApiCallsController.cs","ApiCallsController.cs","",""
"ADDPARASTATUSCHANGEREQUEST","1","C:\Users\Asad Ali\Documents\GitHub\HTTPS-IAS-Production\AIS\Controllers\ApiCallsController.cs","ApiCallsController.cs","",""
"GETPARASTATUSAUTHORIZATION","1","C:\Users\Asad Ali\Documents\GitHub\HTTPS-IAS-Production\AIS\Controllers\ApiCallsController.cs","ApiCallsController.cs","",""
"AUTHORIZEPARASTATUSCHANGEREQUEST","1","C:\Users\Asad Ali\Documents\GitHub\HTTPS-IAS-Production\AIS\Controllers\ApiCallsController.cs","ApiCallsController.cs","",""
"GetIASPARATEXT","2","C:\Users\Asad Ali\Documents\GitHub\HTTPS-IAS-Production\AIS\Controllers\ApiCallsController.cs","ApiCallsController.cs","",""
"GetBackOfficeDashboardEngagements","2","C:\Users\Asad Ali\Documents\GitHub\HTTPS-IAS-Production\AIS\Controllers\ApiCallsController.cs","ApiCallsController.cs","",""
"GetAuditeeAssignedEntities","7","C:\Users\Asad Ali\Documents\GitHub\HTTPS-IAS-Production\AIS\Controllers\ArchiveController.cs; C:\Users\Asad Ali\Documents\GitHub\HTTPS-IAS-Production\AIS\Controllers\AuditeePortalController.cs","ArchiveController.cs; AuditeePortalController.cs","",""
"GetAuditeeOldParasEntities","1","C:\Users\Asad Ali\Documents\GitHub\HTTPS-IAS-Production\AIS\Controllers\ArchiveController.cs","ArchiveController.cs","",""
"GetAuditVoilationcats","12","C:\Users\Asad Ali\Documents\GitHub\HTTPS-IAS-Production\AIS\Controllers\ArchiveController.cs; C:\Users\Asad Ali\Documents\GitHub\HTTPS-IAS-Production\AIS\Controllers\AuditeePortalController.cs; C:\Users\Asad Ali\Documents\GitHub\HTTPS-IAS-Production\AIS\Controllers\ExecutionController.cs; C:\Users\Asad Ali\Documents\GitHub\HTTPS-IAS-Production\AIS\Controllers\ManagementAuditController.cs","ArchiveController.cs; AuditeePortalController.cs; ExecutionController.cs; ManagementAuditController.cs","",""
"GetFunctionalListForDashboard","1","C:\Users\Asad Ali\Documents\GitHub\HTTPS-IAS-Production\AIS\Controllers\ArchiveController.cs","ArchiveController.cs","",""
"GetrealtionshiptypeForDashboardPanel","3","C:\Users\Asad Ali\Documents\GitHub\HTTPS-IAS-Production\AIS\Controllers\ArchiveController.cs; C:\Users\Asad Ali\Documents\GitHub\HTTPS-IAS-Production\AIS\Controllers\DashboardController.cs; C:\Users\Asad Ali\Documents\GitHub\HTTPS-IAS-Production\AIS\Controllers\ReportsController.cs","ArchiveController.cs; DashboardController.cs; ReportsController.cs","",""
"GetEntitiesDropDownForManageObservations","1","C:\Users\Asad Ali\Documents\GitHub\HTTPS-IAS-Production\AIS\Controllers\ArchiveController.cs","ArchiveController.cs","",""
"GetLegacyParasEntities","3","C:\Users\Asad Ali\Documents\GitHub\HTTPS-IAS-Production\AIS\Controllers\ArchiveController.cs","ArchiveController.cs","",""
"GetStaffPosition","1","C:\Users\Asad Ali\Documents\GitHub\HTTPS-IAS-Production\AIS\Controllers\ArchiveController.cs","ArchiveController.cs","",""
"GetZones","16","C:\Users\Asad Ali\Documents\GitHub\HTTPS-IAS-Production\AIS\Controllers\ArchiveController.cs; C:\Users\Asad Ali\Documents\GitHub\HTTPS-IAS-Production\AIS\Controllers\EngagementController.cs; C:\Users\Asad Ali\Documents\GitHub\HTTPS-IAS-Production\AIS\Controllers\ExecutionController.cs; C:\Users\Asad Ali\Documents\GitHub\HTTPS-IAS-Production\AIS\Controllers\HMController.cs; C:\Users\Asad Ali\Documents\GitHub\HTTPS-IAS-Production\AIS\Controllers\PlanningController.cs; C:\Users\Asad Ali\Documents\GitHub\HTTPS-IAS-Production\AIS\Controllers\ReportsController.cs; C:\Users\Asad Ali\Documents\GitHub\HTTPS-IAS-Production\AIS\Controllers\SamplingController.cs; C:\Users\Asad Ali\Documents\GitHub\HTTPS-IAS-Production\AIS\Controllers\SetupController.cs","ArchiveController.cs; EngagementController.cs; ExecutionController.cs; HMController.cs; PlanningController.cs; ReportsController.cs; SamplingController.cs; SetupController.cs","",""
"GetDuplicateParasAuthorizationEntityList","1","C:\Users\Asad Ali\Documents\GitHub\HTTPS-IAS-Production\AIS\Controllers\ArchiveController.cs","ArchiveController.cs","",""
"GetAuditEntitiesForOtherEntitySelection","2","C:\Users\Asad Ali\Documents\GitHub\HTTPS-IAS-Production\AIS\Controllers\ArchiveController.cs; C:\Users\Asad Ali\Documents\GitHub\HTTPS-IAS-Production\AIS\Controllers\ManagementAuditController.cs","ArchiveController.cs; ManagementAuditController.cs","",""
"GetDepositCat","1","C:\Users\Asad Ali\Documents\GitHub\HTTPS-IAS-Production\AIS\Controllers\ArchiveController.cs","ArchiveController.cs","",""
"GetLoansScheme","1","C:\Users\Asad Ali\Documents\GitHub\HTTPS-IAS-Production\AIS\Controllers\ArchiveController.cs","ArchiveController.cs","",""
"GetLoansSchemeYearly","1","C:\Users\Asad Ali\Documents\GitHub\HTTPS-IAS-Production\AIS\Controllers\ArchiveController.cs","ArchiveController.cs","",""
"GetAuditeeEntitiesType","1","C:\Users\Asad Ali\Documents\GitHub\HTTPS-IAS-Production\AIS\Controllers\ArchiveController.cs","ArchiveController.cs","",""
"GetAuditYearForAddLegacyPara","1","C:\Users\Asad Ali\Documents\GitHub\HTTPS-IAS-Production\AIS\Controllers\ArchiveController.cs","ArchiveController.cs","",""
"GetAuditNatureForAddLegacyPara","2","C:\Users\Asad Ali\Documents\GitHub\HTTPS-IAS-Production\AIS\Controllers\ArchiveController.cs; C:\Users\Asad Ali\Documents\GitHub\HTTPS-IAS-Production\AIS\Controllers\PlanningController.cs","ArchiveController.cs; PlanningController.cs","",""
"GetAuditChecklistCAD","6","C:\Users\Asad Ali\Documents\GitHub\HTTPS-IAS-Production\AIS\Controllers\ArchiveController.cs; C:\Users\Asad Ali\Documents\GitHub\HTTPS-IAS-Production\AIS\Controllers\ExecutionController.cs; C:\Users\Asad Ali\Documents\GitHub\HTTPS-IAS-Production\AIS\Controllers\FieldAuditController.cs","ArchiveController.cs; ExecutionController.cs; FieldAuditController.cs","",""
"GetLegacyParasEntitiesHO","1","C:\Users\Asad Ali\Documents\GitHub\HTTPS-IAS-Production\AIS\Controllers\ArchiveController.cs","ArchiveController.cs","",""
"GetLegacyParasEntitiesFAD","1","C:\Users\Asad Ali\Documents\GitHub\HTTPS-IAS-Production\AIS\Controllers\ArchiveController.cs","ArchiveController.cs","",""
"GetGlheadDetails","1","C:\Users\Asad Ali\Documents\GitHub\HTTPS-IAS-Production\AIS\Controllers\ArchiveController.cs","ArchiveController.cs","",""
"GetControlViolations","2","C:\Users\Asad Ali\Documents\GitHub\HTTPS-IAS-Production\AIS\Controllers\ArchiveController.cs; C:\Users\Asad Ali\Documents\GitHub\HTTPS-IAS-Production\AIS\Controllers\SetupController.cs","ArchiveController.cs; SetupController.cs","",""
"GetCurrentParasEntitiesForStatusChange","1","C:\Users\Asad Ali\Documents\GitHub\HTTPS-IAS-Production\AIS\Controllers\ArchiveController.cs","ArchiveController.cs","",""
"GetCCQsEntities","1","C:\Users\Asad Ali\Documents\GitHub\HTTPS-IAS-Production\AIS\Controllers\AuditeePortalController.cs","AuditeePortalController.cs","",""
"GetCOSORisks","1","C:\Users\Asad Ali\Documents\GitHub\HTTPS-IAS-Production\AIS\Controllers\AuditeePortalController.cs","AuditeePortalController.cs","",""
"GetSeriousFraudulentObsGMOverview","1","C:\Users\Asad Ali\Documents\GitHub\HTTPS-IAS-Production\AIS\Controllers\DashboardController.cs","DashboardController.cs","",""
"GetTaskList","5","C:\Users\Asad Ali\Documents\GitHub\HTTPS-IAS-Production\AIS\Controllers\EngagementController.cs; C:\Users\Asad Ali\Documents\GitHub\HTTPS-IAS-Production\AIS\Controllers\FieldAuditController.cs; C:\Users\Asad Ali\Documents\GitHub\HTTPS-IAS-Production\AIS\Controllers\ManagementAuditController.cs","EngagementController.cs; FieldAuditController.cs; ManagementAuditController.cs","",""
"GetAuditOngoingEngagementPlans","1","C:\Users\Asad Ali\Documents\GitHub\HTTPS-IAS-Production\AIS\Controllers\EngagementController.cs","EngagementController.cs","",""
"GetAuditEntities","8","C:\Users\Asad Ali\Documents\GitHub\HTTPS-IAS-Production\AIS\Controllers\EngagementController.cs; C:\Users\Asad Ali\Documents\GitHub\HTTPS-IAS-Production\AIS\Controllers\PlanningController.cs; C:\Users\Asad Ali\Documents\GitHub\HTTPS-IAS-Production\AIS\Controllers\SetupController.cs","EngagementController.cs; PlanningController.cs; SetupController.cs","",""
"GetAuditFrequencies","7","C:\Users\Asad Ali\Documents\GitHub\HTTPS-IAS-Production\AIS\Controllers\EngagementController.cs; C:\Users\Asad Ali\Documents\GitHub\HTTPS-IAS-Production\AIS\Controllers\PlanningController.cs","EngagementController.cs; PlanningController.cs","",""
"AddAuditCriteria","1","C:\Users\Asad Ali\Documents\GitHub\HTTPS-IAS-Production\AIS\Controllers\EngagementController.cs","EngagementController.cs","",""
"AddAuditEntity","1","C:\Users\Asad Ali\Documents\GitHub\HTTPS-IAS-Production\AIS\Controllers\EngagementController.cs","EngagementController.cs","",""
"GetJoiningDetails","3","C:\Users\Asad Ali\Documents\GitHub\HTTPS-IAS-Production\AIS\Controllers\EngagementController.cs; C:\Users\Asad Ali\Documents\GitHub\HTTPS-IAS-Production\AIS\Controllers\FieldAuditController.cs","EngagementController.cs; FieldAuditController.cs","",""
"AddJoiningReport","2","C:\Users\Asad Ali\Documents\GitHub\HTTPS-IAS-Production\AIS\Controllers\EngagementController.cs; C:\Users\Asad Ali\Documents\GitHub\HTTPS-IAS-Production\AIS\Controllers\FieldAuditController.cs","EngagementController.cs; FieldAuditController.cs","",""
"GetAuditEngagementPlans","4","C:\Users\Asad Ali\Documents\GitHub\HTTPS-IAS-Production\AIS\Controllers\EngagementController.cs; C:\Users\Asad Ali\Documents\GitHub\HTTPS-IAS-Production\AIS\Controllers\PlanningController.cs; C:\Users\Asad Ali\Documents\GitHub\HTTPS-IAS-Production\AIS\Views\RiskAssessment\risk_assessment_entities.cshtml; C:\Users\Asad Ali\Documents\GitHub\HTTPS-IAS-Production\AIS\wwwroot\js\csp\Views_RiskAssessment_risk_assessment_entities.js","EngagementController.cs; PlanningController.cs","risk_assessment_entities.cshtml","Views_RiskAssessment_risk_assessment_entities.js"
"GetRefferedBackAuditEngagementPlans","2","C:\Users\Asad Ali\Documents\GitHub\HTTPS-IAS-Production\AIS\Controllers\EngagementController.cs; C:\Users\Asad Ali\Documents\GitHub\HTTPS-IAS-Production\AIS\Controllers\PlanningController.cs","EngagementController.cs; PlanningController.cs","",""
"SearchChecklistDetails","2","C:\Users\Asad Ali\Documents\GitHub\HTTPS-IAS-Production\AIS\Controllers\ExecutionController.cs; C:\Users\Asad Ali\Documents\GitHub\HTTPS-IAS-Production\AIS\Controllers\SetupController.cs","ExecutionController.cs; SetupController.cs","",""
"GetObservationEntities","6","C:\Users\Asad Ali\Documents\GitHub\HTTPS-IAS-Production\AIS\Controllers\ExecutionController.cs; C:\Users\Asad Ali\Documents\GitHub\HTTPS-IAS-Production\AIS\Controllers\FADController.cs","ExecutionController.cs; FADController.cs","",""
"GetRiskGroup","2","C:\Users\Asad Ali\Documents\GitHub\HTTPS-IAS-Production\AIS\Controllers\ExecutionController.cs","ExecutionController.cs","",""
"GetEntitiesForManageAuditParas","1","C:\Users\Asad Ali\Documents\GitHub\HTTPS-IAS-Production\AIS\Controllers\ExecutionController.cs","ExecutionController.cs","",""
"GetrealtionshiptypeForParaPositionReport","3","C:\Users\Asad Ali\Documents\GitHub\HTTPS-IAS-Production\AIS\Controllers\ExecutionController.cs; C:\Users\Asad Ali\Documents\GitHub\HTTPS-IAS-Production\AIS\Controllers\ReportsController.cs","ExecutionController.cs; ReportsController.cs","",""
"GetObservationEntitiesForManageObservations","6","C:\Users\Asad Ali\Documents\GitHub\HTTPS-IAS-Production\AIS\Controllers\ExecutionController.cs","ExecutionController.cs","",""
"GetAuditChecklist","19","C:\Users\Asad Ali\Documents\GitHub\HTTPS-IAS-Production\AIS\Controllers\ExecutionController.cs; C:\Users\Asad Ali\Documents\GitHub\HTTPS-IAS-Production\AIS\Controllers\FADController.cs; C:\Users\Asad Ali\Documents\GitHub\HTTPS-IAS-Production\AIS\Controllers\FieldAuditController.cs; C:\Users\Asad Ali\Documents\GitHub\HTTPS-IAS-Production\AIS\Controllers\SetupController.cs","ExecutionController.cs; FADController.cs; FieldAuditController.cs; SetupController.cs","",""
"GetVoilationSubGroup","2","C:\Users\Asad Ali\Documents\GitHub\HTTPS-IAS-Production\AIS\Controllers\ExecutionController.cs","ExecutionController.cs","",""
"GetRiskSubGroup","1","C:\Users\Asad Ali\Documents\GitHub\HTTPS-IAS-Production\AIS\Controllers\ExecutionController.cs","ExecutionController.cs","",""
"GetRiskActivities","1","C:\Users\Asad Ali\Documents\GitHub\HTTPS-IAS-Production\AIS\Controllers\ExecutionController.cs","ExecutionController.cs","",""
"GetAuditConcludingEntities","1","C:\Users\Asad Ali\Documents\GitHub\HTTPS-IAS-Production\AIS\Controllers\ExecutionController.cs","ExecutionController.cs","",""
"GetObservationEntitiesForPreConcluding","5","C:\Users\Asad Ali\Documents\GitHub\HTTPS-IAS-Production\AIS\Controllers\ExecutionController.cs; C:\Users\Asad Ali\Documents\GitHub\HTTPS-IAS-Production\AIS\Controllers\FADController.cs; C:\Users\Asad Ali\Documents\GitHub\HTTPS-IAS-Production\AIS\Controllers\ManagementAuditController.cs","ExecutionController.cs; FADController.cs; ManagementAuditController.cs","",""
"GetZonesoldparamointoring","2","C:\Users\Asad Ali\Documents\GitHub\HTTPS-IAS-Production\AIS\Controllers\FADController.cs; C:\Users\Asad Ali\Documents\GitHub\HTTPS-IAS-Production\AIS\Controllers\HMController.cs","FADController.cs; HMController.cs","",""
"P_GET_KPI_MAIN","1","C:\Users\Asad Ali\Documents\GitHub\HTTPS-IAS-Production\AIS\Controllers\FADRiskControlPanelController.cs","FADRiskControlPanelController.cs","",""
"P_GET_KPI_SUB","1","C:\Users\Asad Ali\Documents\GitHub\HTTPS-IAS-Production\AIS\Controllers\FADRiskControlPanelController.cs","FADRiskControlPanelController.cs","",""
"P_GET_PROCESS","1","C:\Users\Asad Ali\Documents\GitHub\HTTPS-IAS-Production\AIS\Controllers\FADRiskControlPanelController.cs","FADRiskControlPanelController.cs","",""
"P_GET_SUB_PROCESS","1","C:\Users\Asad Ali\Documents\GitHub\HTTPS-IAS-Production\AIS\Controllers\FADRiskControlPanelController.cs","FADRiskControlPanelController.cs","",""
"P_GET_SUBPROC_ANNEX","1","C:\Users\Asad Ali\Documents\GitHub\HTTPS-IAS-Production\AIS\Controllers\FADRiskControlPanelController.cs","FADRiskControlPanelController.cs","",""
"P_GET_GRAVITY","1","C:\Users\Asad Ali\Documents\GitHub\HTTPS-IAS-Production\AIS\Controllers\FADRiskControlPanelController.cs","FADRiskControlPanelController.cs","",""
"P_SAVE_KPI_MAIN","1","C:\Users\Asad Ali\Documents\GitHub\HTTPS-IAS-Production\AIS\Controllers\FADRiskControlPanelController.cs","FADRiskControlPanelController.cs","",""
"P_SAVE_KPI_SUB","1","C:\Users\Asad Ali\Documents\GitHub\HTTPS-IAS-Production\AIS\Controllers\FADRiskControlPanelController.cs","FADRiskControlPanelController.cs","",""
"P_SAVE_PROCESS","1","C:\Users\Asad Ali\Documents\GitHub\HTTPS-IAS-Production\AIS\Controllers\FADRiskControlPanelController.cs","FADRiskControlPanelController.cs","",""
"P_SAVE_SUB_PROCESS","1","C:\Users\Asad Ali\Documents\GitHub\HTTPS-IAS-Production\AIS\Controllers\FADRiskControlPanelController.cs","FADRiskControlPanelController.cs","",""
"P_SAVE_ANNEXURE","1","C:\Users\Asad Ali\Documents\GitHub\HTTPS-IAS-Production\AIS\Controllers\FADRiskControlPanelController.cs","FADRiskControlPanelController.cs","",""
"P_SAVE_SUBPROC_ANNEX","1","C:\Users\Asad Ali\Documents\GitHub\HTTPS-IAS-Production\AIS\Controllers\FADRiskControlPanelController.cs","FADRiskControlPanelController.cs","",""
"GetFieldAuditReportOverview","5","C:\Users\Asad Ali\Documents\GitHub\HTTPS-IAS-Production\AIS\Controllers\FieldAuditReportController.cs; C:\Users\Asad Ali\Documents\GitHub\HTTPS-IAS-Production\AIS\Controllers\FieldAuditReportPdfController.cs","FieldAuditReportController.cs; FieldAuditReportPdfController.cs","",""
"IsFieldAuditReportFinal","26","C:\Users\Asad Ali\Documents\GitHub\HTTPS-IAS-Production\AIS\Controllers\FieldAuditReportController.cs; C:\Users\Asad Ali\Documents\GitHub\HTTPS-IAS-Production\AIS\Controllers\FieldAuditReportPdfController.cs; C:\Users\Asad Ali\Documents\GitHub\HTTPS-IAS-Production\AIS\Controllers\MANReportController.cs; C:\Users\Asad Ali\Documents\GitHub\HTTPS-IAS-Production\AIS\Controllers\MANReportPdfController.cs","FieldAuditReportController.cs; FieldAuditReportPdfController.cs; MANReportController.cs; MANReportPdfController.cs","",""
"GetFieldAuditReportChecklist","2","C:\Users\Asad Ali\Documents\GitHub\HTTPS-IAS-Production\AIS\Controllers\FieldAuditReportController.cs","FieldAuditReportController.cs","",""
"GetFieldAuditObservationCount","1","C:\Users\Asad Ali\Documents\GitHub\HTTPS-IAS-Production\AIS\Controllers\FieldAuditReportController.cs","FieldAuditReportController.cs","",""
"GetFieldAuditObservationDetails","2","C:\Users\Asad Ali\Documents\GitHub\HTTPS-IAS-Production\AIS\Controllers\FieldAuditReportController.cs","FieldAuditReportController.cs","",""
"GetStaffDesignationOptions","2","C:\Users\Asad Ali\Documents\GitHub\HTTPS-IAS-Production\AIS\Controllers\FieldAuditReportController.cs","FieldAuditReportController.cs","",""
"GetKpiOptions","2","C:\Users\Asad Ali\Documents\GitHub\HTTPS-IAS-Production\AIS\Controllers\FieldAuditReportController.cs","FieldAuditReportController.cs","",""
"GetNplCategoryOptions","2","C:\Users\Asad Ali\Documents\GitHub\HTTPS-IAS-Production\AIS\Controllers\FieldAuditReportController.cs","FieldAuditReportController.cs","",""
"GetFieldAuditStaffSnapshots","2","C:\Users\Asad Ali\Documents\GitHub\HTTPS-IAS-Production\AIS\Controllers\FieldAuditReportController.cs","FieldAuditReportController.cs","",""
"SaveFieldAuditStaffSnapshot","2","C:\Users\Asad Ali\Documents\GitHub\HTTPS-IAS-Production\AIS\Controllers\FieldAuditReportController.cs; C:\Users\Asad Ali\Documents\GitHub\HTTPS-IAS-Production\AIS\Controllers\MANReportController.cs","FieldAuditReportController.cs; MANReportController.cs","",""
"GetFieldAuditNplSnapshots","2","C:\Users\Asad Ali\Documents\GitHub\HTTPS-IAS-Production\AIS\Controllers\FieldAuditReportController.cs","FieldAuditReportController.cs","",""
"SaveFieldAuditNplSnapshot","1","C:\Users\Asad Ali\Documents\GitHub\HTTPS-IAS-Production\AIS\Controllers\FieldAuditReportController.cs","FieldAuditReportController.cs","",""
"GetFieldAuditKpiSnapshots","2","C:\Users\Asad Ali\Documents\GitHub\HTTPS-IAS-Production\AIS\Controllers\FieldAuditReportController.cs","FieldAuditReportController.cs","",""
"SaveFieldAuditKpiSnapshot","1","C:\Users\Asad Ali\Documents\GitHub\HTTPS-IAS-Production\AIS\Controllers\FieldAuditReportController.cs","FieldAuditReportController.cs","",""
"GetPdfStatistics","2","C:\Users\Asad Ali\Documents\GitHub\HTTPS-IAS-Production\AIS\Controllers\FieldAuditReportController.cs","FieldAuditReportController.cs","",""
"SavePdfStatistics","2","C:\Users\Asad Ali\Documents\GitHub\HTTPS-IAS-Production\AIS\Controllers\FieldAuditReportController.cs","FieldAuditReportController.cs","",""
"GetIncomeLeakage","2","C:\Users\Asad Ali\Documents\GitHub\HTTPS-IAS-Production\AIS\Controllers\FieldAuditReportController.cs","FieldAuditReportController.cs","",""
"SaveIncomeLeakage","3","C:\Users\Asad Ali\Documents\GitHub\HTTPS-IAS-Production\AIS\Controllers\FieldAuditReportController.cs; C:\Users\Asad Ali\Documents\GitHub\HTTPS-IAS-Production\AIS\Views\FieldAuditReport\NarrativeSections.cshtml","FieldAuditReportController.cs","NarrativeSections.cshtml",""
"GetOverallConclusion","2","C:\Users\Asad Ali\Documents\GitHub\HTTPS-IAS-Production\AIS\Controllers\FieldAuditReportController.cs","FieldAuditReportController.cs","",""
"SaveOverallConclusion","2","C:\Users\Asad Ali\Documents\GitHub\HTTPS-IAS-Production\AIS\Controllers\FieldAuditReportController.cs","FieldAuditReportController.cs","",""
"SaveFieldAuditTextBlock","2","C:\Users\Asad Ali\Documents\GitHub\HTTPS-IAS-Production\AIS\Controllers\FieldAuditReportController.cs","FieldAuditReportController.cs","",""
"FinalizeFieldAuditReport","2","C:\Users\Asad Ali\Documents\GitHub\HTTPS-IAS-Production\AIS\Controllers\FieldAuditReportController.cs; C:\Users\Asad Ali\Documents\GitHub\HTTPS-IAS-Production\AIS\Controllers\MANReportController.cs","FieldAuditReportController.cs; MANReportController.cs","",""
"GetFinalReportIssuedNotificationData","1","C:\Users\Asad Ali\Documents\GitHub\HTTPS-IAS-Production\AIS\Controllers\FieldAuditReportController.cs","FieldAuditReportController.cs","",""
"GetReportEntities","6","C:\Users\Asad Ali\Documents\GitHub\HTTPS-IAS-Production\AIS\Controllers\FieldAuditReportController.cs; C:\Users\Asad Ali\Documents\GitHub\HTTPS-IAS-Production\AIS\Controllers\MANReportController.cs","FieldAuditReportController.cs; MANReportController.cs","",""
"HasFieldAuditReportData","2","C:\Users\Asad Ali\Documents\GitHub\HTTPS-IAS-Production\AIS\Controllers\FieldAuditReportController.cs; C:\Users\Asad Ali\Documents\GitHub\HTTPS-IAS-Production\AIS\Controllers\MANReportController.cs","FieldAuditReportController.cs; MANReportController.cs","",""
"GetFieldAuditNarrativeSections","1","C:\Users\Asad Ali\Documents\GitHub\HTTPS-IAS-Production\AIS\Controllers\FieldAuditReportController.cs","FieldAuditReportController.cs","",""
"GetFieldAuditStatistics","1","C:\Users\Asad Ali\Documents\GitHub\HTTPS-IAS-Production\AIS\Controllers\FieldAuditReportController.cs","FieldAuditReportController.cs","",""
"GetFieldAuditTeamDetails","1","C:\Users\Asad Ali\Documents\GitHub\HTTPS-IAS-Production\AIS\Controllers\FieldAuditReportController.cs","FieldAuditReportController.cs","",""
"GetAllowedPdfEngagementDetails","1","C:\Users\Asad Ali\Documents\GitHub\HTTPS-IAS-Production\AIS\Controllers\FieldAuditReportPdfController.cs","FieldAuditReportPdfController.cs","",""
"IsEngagementAllowedForPdf","1","C:\Users\Asad Ali\Documents\GitHub\HTTPS-IAS-Production\AIS\Controllers\FieldAuditReportPdfController.cs","FieldAuditReportPdfController.cs","",""
"GetDashboardQuickLinks","1","C:\Users\Asad Ali\Documents\GitHub\HTTPS-IAS-Production\AIS\Controllers\HomeController.cs","HomeController.cs","",""
"ChangePasswordForUser","1","C:\Users\Asad Ali\Documents\GitHub\HTTPS-IAS-Production\AIS\Controllers\HomeController.cs","HomeController.cs","",""
"KillSessions","3","C:\Users\Asad Ali\Documents\GitHub\HTTPS-IAS-Production\AIS\Controllers\HomeController.cs; C:\Users\Asad Ali\Documents\GitHub\HTTPS-IAS-Production\AIS\Controllers\LoginController.cs","HomeController.cs; LoginController.cs","",""
"CreateSession","2","C:\Users\Asad Ali\Documents\GitHub\HTTPS-IAS-Production\AIS\Controllers\HomeController.cs; C:\Users\Asad Ali\Documents\GitHub\HTTPS-IAS-Production\AIS\Controllers\LoginController.cs","HomeController.cs; LoginController.cs","",""
"GetFFRPart1","1","C:\Users\Asad Ali\Documents\GitHub\HTTPS-IAS-Production\AIS\Controllers\IIDController.cs","IIDController.cs","",""
"SaveFFRPart1","1","C:\Users\Asad Ali\Documents\GitHub\HTTPS-IAS-Production\AIS\Controllers\IIDController.cs","IIDController.cs","",""
"GetFFRPart2","1","C:\Users\Asad Ali\Documents\GitHub\HTTPS-IAS-Production\AIS\Controllers\IIDController.cs","IIDController.cs","",""
"SaveFFRPart2","1","C:\Users\Asad Ali\Documents\GitHub\HTTPS-IAS-Production\AIS\Controllers\IIDController.cs","IIDController.cs","",""
"GetFFRPart3","1","C:\Users\Asad Ali\Documents\GitHub\HTTPS-IAS-Production\AIS\Controllers\IIDController.cs","IIDController.cs","",""
"SaveFFRPart3","1","C:\Users\Asad Ali\Documents\GitHub\HTTPS-IAS-Production\AIS\Controllers\IIDController.cs","IIDController.cs","",""
"GetDateValue","3","C:\Users\Asad Ali\Documents\GitHub\HTTPS-IAS-Production\AIS\Controllers\IIDController.cs","IIDController.cs","",""
"NormalizeAuditFlag","2","C:\Users\Asad Ali\Documents\GitHub\HTTPS-IAS-Production\AIS\Controllers\IIDController.cs","IIDController.cs","",""
"GetIidInquiryReportPdfData","1","C:\Users\Asad Ali\Documents\GitHub\HTTPS-IAS-Production\AIS\Controllers\IidInquiryReportPdfController.cs","IidInquiryReportPdfController.cs","",""
"IsComplaintAllowedForIidPdf","1","C:\Users\Asad Ali\Documents\GitHub\HTTPS-IAS-Production\AIS\Controllers\IidInquiryReportPdfController.cs","IidInquiryReportPdfController.cs","",""
"IsIidComplaintFinalized","1","C:\Users\Asad Ali\Documents\GitHub\HTTPS-IAS-Production\AIS\Controllers\IidInquiryReportPdfController.cs","IidInquiryReportPdfController.cs","",""
"Logout","1","C:\Users\Asad Ali\Documents\GitHub\HTTPS-IAS-Production\AIS\Controllers\LoginController.cs","LoginController.cs","",""
"InvalidateSession","1","C:\Users\Asad Ali\Documents\GitHub\HTTPS-IAS-Production\AIS\Controllers\LoginController.cs","LoginController.cs","",""
"DisposeLoginSession","1","C:\Users\Asad Ali\Documents\GitHub\HTTPS-IAS-Production\AIS\Controllers\LoginController.cs","LoginController.cs","",""
"AutheticateLogin","1","C:\Users\Asad Ali\Documents\GitHub\HTTPS-IAS-Production\AIS\Controllers\LoginController.cs","LoginController.cs","",""
"RequiresPasswordChange","2","C:\Users\Asad Ali\Documents\GitHub\HTTPS-IAS-Production\AIS\Controllers\LoginController.cs","LoginController.cs","",""
"ResetUserPassword","1","C:\Users\Asad Ali\Documents\GitHub\HTTPS-IAS-Production\AIS\Controllers\LoginController.cs","LoginController.cs","",""
"GetRemoteIpAddress","6","C:\Users\Asad Ali\Documents\GitHub\HTTPS-IAS-Production\AIS\Controllers\LoginController.cs","LoginController.cs","",""
"GetManagementAuditCover","2","C:\Users\Asad Ali\Documents\GitHub\HTTPS-IAS-Production\AIS\Controllers\MANReportController.cs","MANReportController.cs","",""
"GetManagementAuditTeamDetails","1","C:\Users\Asad Ali\Documents\GitHub\HTTPS-IAS-Production\AIS\Controllers\MANReportController.cs","MANReportController.cs","",""
"GetManReportObjectiveScope","2","C:\Users\Asad Ali\Documents\GitHub\HTTPS-IAS-Production\AIS\Controllers\MANReportController.cs","MANReportController.cs","",""
"SaveManReportTextBlock","2","C:\Users\Asad Ali\Documents\GitHub\HTTPS-IAS-Production\AIS\Controllers\MANReportController.cs","MANReportController.cs","",""
"GetManReportExecutiveSummary","2","C:\Users\Asad Ali\Documents\GitHub\HTTPS-IAS-Production\AIS\Controllers\MANReportController.cs","MANReportController.cs","",""
"GetManReportStaffSnapshot","3","C:\Users\Asad Ali\Documents\GitHub\HTTPS-IAS-Production\AIS\Controllers\MANReportController.cs","MANReportController.cs","",""
"GetManReportObservations","2","C:\Users\Asad Ali\Documents\GitHub\HTTPS-IAS-Production\AIS\Controllers\MANReportController.cs","MANReportController.cs","",""
"GetManReportSettledParas","2","C:\Users\Asad Ali\Documents\GitHub\HTTPS-IAS-Production\AIS\Controllers\MANReportController.cs","MANReportController.cs","",""
"GetManagementAuditReportPdfData","1","C:\Users\Asad Ali\Documents\GitHub\HTTPS-IAS-Production\AIS\Controllers\MANReportPdfController.cs","MANReportPdfController.cs","",""
"GetObservationPrintDetails","1","C:\Users\Asad Ali\Documents\GitHub\HTTPS-IAS-Production\AIS\Controllers\ObservationPdfController.cs","ObservationPdfController.cs","",""
"GetObservationPrintResponsibilities","1","C:\Users\Asad Ali\Documents\GitHub\HTTPS-IAS-Production\AIS\Controllers\ObservationPdfController.cs","ObservationPdfController.cs","",""
"GetPendingAuditCriterias","2","C:\Users\Asad Ali\Documents\GitHub\HTTPS-IAS-Production\AIS\Controllers\PlanningController.cs","PlanningController.cs","",""
"GetRefferedBackAuditCriterias","2","C:\Users\Asad Ali\Documents\GitHub\HTTPS-IAS-Production\AIS\Controllers\PlanningController.cs","PlanningController.cs","",""
"GetAuditCriteriasToAuthorize","2","C:\Users\Asad Ali\Documents\GitHub\HTTPS-IAS-Production\AIS\Controllers\PlanningController.cs","PlanningController.cs","",""
"GetAuditPeriodStatus","1","C:\Users\Asad Ali\Documents\GitHub\HTTPS-IAS-Production\AIS\Controllers\PlanningController.cs","PlanningController.cs","",""
"GetAuditPlan","5","C:\Users\Asad Ali\Documents\GitHub\HTTPS-IAS-Production\AIS\Controllers\PlanningController.cs; C:\Users\Asad Ali\Documents\GitHub\HTTPS-IAS-Production\AIS\wwwroot\js\csp\Views_Planning_audit_period.js; C:\Users\Asad Ali\Documents\GitHub\HTTPS-IAS-Production\AIS\wwwroot\js\csp\Views_Planning_audit_plan.js; C:\Users\Asad Ali\Documents\GitHub\HTTPS-IAS-Production\AIS\wwwroot\js\csp\Views_Reports_user_activity_graph.js","PlanningController.cs","","Views_Planning_audit_period.js; Views_Planning_audit_plan.js; Views_Reports_user_activity_graph.js"
"GetPostChangesAuditCriterias","2","C:\Users\Asad Ali\Documents\GitHub\HTTPS-IAS-Production\AIS\Controllers\PlanningController.cs","PlanningController.cs","",""
"GetTentativePlansForFields","3","C:\Users\Asad Ali\Documents\GitHub\HTTPS-IAS-Production\AIS\Controllers\PlanningController.cs","PlanningController.cs","",""
"GetrealtionshiptypeForCAU","1","C:\Users\Asad Ali\Documents\GitHub\HTTPS-IAS-Production\AIS\Controllers\PostComplianceController.cs","PostComplianceController.cs","",""
"GetSettledParasEntitiesForMonitoringFAD","1","C:\Users\Asad Ali\Documents\GitHub\HTTPS-IAS-Production\AIS\Controllers\PostComplianceController.cs","PostComplianceController.cs","",""
"GetFADNewParaPerformance","1","C:\Users\Asad Ali\Documents\GitHub\HTTPS-IAS-Production\AIS\Controllers\ReportsController.cs","ReportsController.cs","",""
"FADGetReportZones","2","C:\Users\Asad Ali\Documents\GitHub\HTTPS-IAS-Production\AIS\Controllers\ReportsController.cs","ReportsController.cs","",""
"GetFADLagacyParaPerformance","1","C:\Users\Asad Ali\Documents\GitHub\HTTPS-IAS-Production\AIS\Controllers\ReportsController.cs","ReportsController.cs","",""
"GetEntityTypesForEntityWiseOutstandingObsPosition","2","C:\Users\Asad Ali\Documents\GitHub\HTTPS-IAS-Production\AIS\Controllers\ReportsController.cs","ReportsController.cs","",""
"getauditplanreport","3","C:\Users\Asad Ali\Documents\GitHub\HTTPS-IAS-Production\AIS\Controllers\ReportsController.cs; C:\Users\Asad Ali\Documents\GitHub\HTTPS-IAS-Production\AIS\Views\Reports\FAD_Audit_Plan.cshtml; C:\Users\Asad Ali\Documents\GitHub\HTTPS-IAS-Production\AIS\wwwroot\js\csp\Views_Reports_FAD_Audit_Plan.js","ReportsController.cs","FAD_Audit_Plan.cshtml","Views_Reports_FAD_Audit_Plan.js"
"GetGlheadDetailsyearwise","1","C:\Users\Asad Ali\Documents\GitHub\HTTPS-IAS-Production\AIS\Controllers\ReportsController.cs","ReportsController.cs","",""
"GetAuditDepartmentsZones","1","C:\Users\Asad Ali\Documents\GitHub\HTTPS-IAS-Production\AIS\Controllers\ReportsController.cs","ReportsController.cs","",""
"GetCurrentAuditProgressEntities","1","C:\Users\Asad Ali\Documents\GitHub\HTTPS-IAS-Production\AIS\Controllers\ReportsController.cs","ReportsController.cs","",""
"FADGetReportEntitities","1","C:\Users\Asad Ali\Documents\GitHub\HTTPS-IAS-Production\AIS\Controllers\ReportsController.cs","ReportsController.cs","",""
"FADGetEntitySize","1","C:\Users\Asad Ali\Documents\GitHub\HTTPS-IAS-Production\AIS\Controllers\ReportsController.cs","ReportsController.cs","",""
"FADGetEntityRisk","1","C:\Users\Asad Ali\Documents\GitHub\HTTPS-IAS-Production\AIS\Controllers\ReportsController.cs","ReportsController.cs","",""
"GetUserWiseOldParasPerformance","1","C:\Users\Asad Ali\Documents\GitHub\HTTPS-IAS-Production\AIS\Controllers\ReportsController.cs","ReportsController.cs","",""
"GetZoneWiseOldParasPerformance","1","C:\Users\Asad Ali\Documents\GitHub\HTTPS-IAS-Production\AIS\Controllers\ReportsController.cs","ReportsController.cs","",""
"GetLoanStatus","3","C:\Users\Asad Ali\Documents\GitHub\HTTPS-IAS-Production\AIS\Controllers\ReportsController.cs; C:\Users\Asad Ali\Documents\GitHub\HTTPS-IAS-Production\AIS\Controllers\SamplingController.cs","ReportsController.cs; SamplingController.cs","",""
"GetLoanGLs","1","C:\Users\Asad Ali\Documents\GitHub\HTTPS-IAS-Production\AIS\Controllers\ReportsController.cs","ReportsController.cs","",""
"GetGMsList","1","C:\Users\Asad Ali\Documents\GitHub\HTTPS-IAS-Production\AIS\Controllers\ReportsController.cs","ReportsController.cs","",""
"GetEntityForAuditReconsilition","1","C:\Users\Asad Ali\Documents\GitHub\HTTPS-IAS-Production\AIS\Controllers\ReportsController.cs","ReportsController.cs","",""
"GetEntityTypesForSettlementReport","1","C:\Users\Asad Ali\Documents\GitHub\HTTPS-IAS-Production\AIS\Controllers\ReportsController.cs","ReportsController.cs","",""
"GetAllParasYears","1","C:\Users\Asad Ali\Documents\GitHub\HTTPS-IAS-Production\AIS\Controllers\ReportsController.cs","ReportsController.cs","",""
"GetSampleEntities","1","C:\Users\Asad Ali\Documents\GitHub\HTTPS-IAS-Production\AIS\Controllers\SamplingController.cs","SamplingController.cs","",""
"SaveCspViolation","1","C:\Users\Asad Ali\Documents\GitHub\HTTPS-IAS-Production\AIS\Controllers\SecurityController.cs","SecurityController.cs","",""
"GetViolationsForChecklistDetail","5","C:\Users\Asad Ali\Documents\GitHub\HTTPS-IAS-Production\AIS\Controllers\SetupController.cs","SetupController.cs","",""
"GetProcOwnerForChecklistDetail","6","C:\Users\Asad Ali\Documents\GitHub\HTTPS-IAS-Production\AIS\Controllers\SetupController.cs","SetupController.cs","",""
"GetRoleResponsibleForChecklistDetail","5","C:\Users\Asad Ali\Documents\GitHub\HTTPS-IAS-Production\AIS\Controllers\SetupController.cs","SetupController.cs","",""
"GetAuthorizeMergeSubChecklist","1","C:\Users\Asad Ali\Documents\GitHub\HTTPS-IAS-Production\AIS\Controllers\SetupController.cs","SetupController.cs","",""
"GetAuditProcessListForMergeDuplicate","1","C:\Users\Asad Ali\Documents\GitHub\HTTPS-IAS-Production\AIS\Controllers\SetupController.cs","SetupController.cs","",""
"GetRoleResponsibilities","1","C:\Users\Asad Ali\Documents\GitHub\HTTPS-IAS-Production\AIS\Controllers\SetupController.cs","SetupController.cs","",""
"GetUpdatedSubChecklistForReviewAndAuthorize","2","C:\Users\Asad Ali\Documents\GitHub\HTTPS-IAS-Production\AIS\Controllers\SetupController.cs","SetupController.cs","",""
"GetZonesForAnnexureAssignment","1","C:\Users\Asad Ali\Documents\GitHub\HTTPS-IAS-Production\AIS\Controllers\SetupController.cs","SetupController.cs","",""
"GetAnnexureProcess","1","C:\Users\Asad Ali\Documents\GitHub\HTTPS-IAS-Production\AIS\Controllers\SetupController.cs","SetupController.cs","",""
"parseNullableInt","4","C:\Users\Asad Ali\Documents\GitHub\HTTPS-IAS-Production\AIS\wwwroot\js\csp\Views_CAU_commercial_audit.js","","","Views_CAU_commercial_audit.js"
"parseDate","7","C:\Users\Asad Ali\Documents\GitHub\HTTPS-IAS-Production\AIS\wwwroot\js\csp\Views_HM_SbpObservationHistory.js; C:\Users\Asad Ali\Documents\GitHub\HTTPS-IAS-Production\AIS\wwwroot\lib\draggable\jquery-ui.js","","","Views_HM_SbpObservationHistory.js; jquery-ui.js"
"digitsOnly","21","C:\Users\Asad Ali\Documents\GitHub\HTTPS-IAS-Production\AIS\wwwroot\js\csp\Views_IID_InquiryReport.js","","","Views_IID_InquiryReport.js"
"readInt","88","C:\Users\Asad Ali\Documents\GitHub\HTTPS-IAS-Production\AIS\wwwroot\lib\datatable\datatables.min.js; C:\Users\Asad Ali\Documents\GitHub\HTTPS-IAS-Production\AIS\wwwroot\lib\datatable\jszip.min.js","","","datatables.min.js; jszip.min.js"
"readString","9","C:\Users\Asad Ali\Documents\GitHub\HTTPS-IAS-Production\AIS\wwwroot\lib\datatable\datatables.min.js; C:\Users\Asad Ali\Documents\GitHub\HTTPS-IAS-Production\AIS\wwwroot\lib\datatable\jszip.min.js","","","datatables.min.js; jszip.min.js"
