"ProcedureCall","PackageName","ProcedureName","ObjectRefs","ReadObjects","WriteObjects"
"PKG_AD.UPDATE_USERS","PKG_AD","UPDATE_USERS","T_USER; T_USER_MAPING; T_CURSOR; V_COUNT; T_EMAIL_ADDRESS; T_EMP_EMAILS; T_AU_REMARKS","T_USER_MAPING; T_USER; T_EMAIL_ADDRESS; T_EMP_EMAILS; T_AU_REMARKS","T_USER; T_USER_MAPING; T_EMAIL_ADDRESS; T_EMP_EMAILS"
"PKG_AD.RESET_USER_PASSWORD","PKG_AD","RESET_USER_PASSWORD","T_USER; T_CURSOR; V_ENT_TYPE; V_ENT_ID; V_EMP_CNIC_RAW; V_EMP_CNIC_NORM; V_CNIC_NORM; V_EMAIL_PRIMARY; V_EMAIL_BRANCH; V_EMP_NAME; T_AUDITEE_ENTITIES; T_AUDITEE_ENT_TYPES; V_SERVICE_EMPLOYEEINFO; V_EMAILS","T_USER; T_AUDITEE_ENTITIES; T_AUDITEE_ENT_TYPES; DUAL; V_SERVICE_EMPLOYEEINFO; V_EMAILS","PASSWORD; T_USER"
"PKG_AD.P_ADD_NEW_USER","PKG_AD","P_ADD_NEW_USER","T_CURSOR; T_USER_MAPING; T_USER; V_SERVICE_EMPLOYEEINFO","T_USER_MAPING; T_USER; V_SERVICE_EMPLOYEEINFO; DUAL","T_USER_MAPING; T_USER"
"PKG_AD.P_GET_OBSERVVATION_NO","PKG_AD","P_GET_OBSERVVATION_NO","T_CURSOR; T_AU_OBSERVATION","T_AU_OBSERVATION",""
"PKG_AD.P_UPDATE_OBSERVATION_NO","PKG_AD","P_UPDATE_OBSERVATION_NO","M_NO; T_CURSOR; T_AU_OBSERVATION","DUAL","T_AU_OBSERVATION"
"PKG_AD.P_UPDATE_ENG_DATE","PKG_AD","P_UPDATE_ENG_DATE","T_CURSOR; T_AU_PLAN_ENG","DUAL","T_AU_PLAN_ENG"
"PKG_AD.P_GET_ALLUSERS","PKG_AD","P_GET_ALLUSERS","T_USER; V_SERVICE_EMPLOYEEINFO; T_GROUPS; T_CURSOR; V_EMAIL; T_EMAIL_ADDRESS; T_AUDITEE_ENTITIES; V_GET_PARENT_OFFICE; T_AUDITEE_ENT_TYPES; T_USER_MAPING","V_SERVICE_EMPLOYEEINFO; T_USER; T_EMAIL_ADDRESS; T_AUDITEE_ENTITIES; V_GET_PARENT_OFFICE; T_AUDITEE_ENT_TYPES; T_USER_MAPING; T_GROUPS",""
"PKG_AD.P_GETALLTOPMENUS","PKG_AD","P_GETALLTOPMENUS","T_CURSOR; T_MENU","T_MENU",""
"PKG_AD.P_GETASSIGNEDMENUPAGES","PKG_AD","P_GETASSIGNEDMENUPAGES","T_MENU_PAGES_GROUPMAP; T_MENU_PAGES; T_CURSOR","T_MENU_PAGES; T_MENU_PAGES_GROUPMAP",""
"PKG_AD.P_ADDGROUPMENUITEMSASSIGNMENT","PKG_AD","P_ADDGROUPMENUITEMSASSIGNMENT","T_MENU_PAGES_GROUPMAP; T_AU_ROLE_API_PERMISSION; T_AU_API_MASTER","T_MENU_PAGES_GROUPMAP; T_AU_API_MASTER; T_AU_ROLE_API_PERMISSION","T_MENU_PAGES_GROUPMAP; T_AU_ROLE_API_PERMISSION"
"PKG_AD.P_REMOVEGROUPMENUITEMSASSIGNMENT","PKG_AD","P_REMOVEGROUPMENUITEMSASSIGNMENT","T_MENU_PAGES_GROUPMAP; T_AU_ROLE_API_PERMISSION; T_AU_API_MASTER","T_MENU_PAGES_GROUPMAP; T_AU_ROLE_API_PERMISSION; T_AU_API_MASTER","T_MENU_PAGES_GROUPMAP; T_AU_ROLE_API_PERMISSION"
"PKG_AD.P_GETALLMENUPAGES","PKG_AD","P_GETALLMENUPAGES","T_MENU_PAGES; T_CURSOR","T_MENU_PAGES",""
"PKG_AD.P_UPDATEALLMENUPAGES","PKG_AD","P_UPDATEALLMENUPAGES","T_MENU_PAGES","","T_MENU_PAGES"
"PKG_AD.P_GETGROUPS","PKG_AD","P_GETGROUPS","T_CURSOR; T_GROUPS","T_GROUPS",""
"PKG_AD.P_GETROLERESPONSIBILITIES","PKG_AD","P_GETROLERESPONSIBILITIES","T_CURSOR; T_HR_DESIGNATIONS","T_HR_DESIGNATIONS",""
"PKG_AD.P_GROUP_UPDATE","PKG_AD","P_GROUP_UPDATE","T_GROUPS","","T_GROUPS"
"PKG_AD.P_ADDGROUP","PKG_AD","P_ADDGROUP","T_GROUPS","T_GROUPS","T_GROUPS"
"PKG_AD.P_ADDAUDITENTITY","PKG_AD","P_ADDAUDITENTITY","T_AUDITEE_ENT_TYPES","T_AUDITEE_ENT_TYPES","T_AUDITEE_ENT_TYPES"
"PKG_AD.P_GETAUDITSUBENTITIES","PKG_AD","P_GETAUDITSUBENTITIES","T_CURSOR; T_AUDITEE_ENTITEE_SUBENTITY","T_AUDITEE_ENTITEE_SUBENTITY",""
"PKG_AD.P_UPDATEENTITIEES","PKG_AD","P_UPDATEENTITIEES","T_CURSOR; T_AUDITEE_ENTITIES; T_AUDITEE_ENTITIES_MAPING; AIS_T_AU_POST_COMPLIANCE; T_AU_PLAN_ENG; T_AUDITEE_ENTITIES_UPDATE_LOG","T_AUDITEE_ENTITIES_MAPING; T_AUDITEE_ENTITIES_UPDATE_LOG; DUAL","T_AUDITEE_ENTITIES; T_AUDITEE_ENTITIES_MAPING; AIS_T_AU_POST_COMPLIANCE; T_AU_PLAN_ENG; T_AUDITEE_ENTITIES_UPDATE_LOG"
"PKG_AD.P_INSERTENTITIEES","PKG_AD","P_INSERTENTITIEES","T_CURSOR; T_AUDITEE_ENTITIES","T_AUDITEE_ENTITIES; DUAL","T_AUDITEE_ENTITIES"
"PKG_AD.P_GETREALTIONSHIPTYPE","PKG_AD","P_GETREALTIONSHIPTYPE","T_CURSOR; V_GET_REALTIONSHIPTYPE","V_GET_REALTIONSHIPTYPE",""
"PKG_AD.P_GET_ENTITY_TYPE","PKG_AD","P_GET_ENTITY_TYPE","T_CURSOR; T_AUDITEE_ENT_TYPES","T_AUDITEE_ENT_TYPES",""
"PKG_AD.P_GET_AUDITED_BY","PKG_AD","P_GET_AUDITED_BY","T_CURSOR; T_AUDIT_DEPARTMENTS","T_AUDIT_DEPARTMENTS",""
"PKG_AD.P_GETPARENTREPOFFICE","PKG_AD","P_GETPARENTREPOFFICE","T_CURSOR; T_AUDITEE_ENT_RELATION; T_AUDITEE_ENT_TYPES; V_GET_PARENT_OFFICE","T_AUDITEE_ENT_RELATION",""
"PKG_AD.P_GETCHILDPOSTING","PKG_AD","P_GETCHILDPOSTING","T_CURSOR; T_AUDITEE_ENTITIES; V_GET_PARENT_OFFICE; T_AUDITEE_ENT_TYPES; T_AUDITEE_ENTITIES_MAPING","T_AUDITEE_ENTITIES; V_GET_PARENT_OFFICE; T_AUDITEE_ENT_TYPES; T_AUDITEE_ENTITIES_MAPING",""
"PKG_AD.P_GETAUDITZONES","PKG_AD","P_GETAUDITZONES","T_AUDITEE_ENTITIES; T_CURSOR","T_AUDITEE_ENTITIES",""
"PKG_AD.P_GETBRANCHES","PKG_AD","P_GETBRANCHES","T_CURSOR; V_SERVICE_BRANCH; V_SERVICE_ZONES","V_SERVICE_BRANCH",""
"PKG_AD.P_GETZONES","PKG_AD","P_GETZONES","T_CURSOR; T_AUDITEE_ENTITIES","T_AUDITEE_ENTITIES",""
"PKG_AD.P_GETZONESFORHOMOINTORING","PKG_AD","P_GETZONESFORHOMOINTORING","T_CURSOR; T_AUDITEE_ENTITIES; V_GET_PARENT_OFFICE; T_AUDITEE_ENTITIES_MAPING; T_AUDITEE_ENT_TYPES","T_AUDITEE_ENTITIES; V_GET_PARENT_OFFICE; T_AUDITEE_ENTITIES_MAPING; T_AUDITEE_ENT_TYPES",""
"PKG_AD.P_GETBRANCHSIZES","PKG_AD","P_GETBRANCHSIZES","T_CURSOR; T_AUDITEE_ENTITIES_SIZE_DISC","T_AUDITEE_ENTITIES_SIZE_DISC",""
"PKG_AD.P_GETCONTROLVIOLATIONS","PKG_AD","P_GETCONTROLVIOLATIONS","T_CURSOR; T_R_SUB_GROUP","T_R_SUB_GROUP",""
"PKG_AD.P_GETENTITEES_FOR_UPDATE","PKG_AD","P_GETENTITEES_FOR_UPDATE","T_CURSOR; T_AUDITEE_ENTITIES; T_RISK; T_AUDITEE_ENTITIES_SIZE_DISC; T_AUDITEE_ENTITIES_UPDATE_AZ","T_AUDITEE_ENTITIES; T_RISK; T_AUDITEE_ENTITIES_SIZE_DISC; T_AUDITEE_ENTITIES_UPDATE_AZ",""
"PKG_AD.P_GETENTITEES_FOR_UPDATE_COMP","PKG_AD","P_GETENTITEES_FOR_UPDATE_COMP","T_CURSOR; T_AUDITEE_ENTITIES_UPDATE_AZ; T_AUDITEE_ENTITIES; T_RISK; T_AUDITEE_ENTITIES_SIZE_DISC","T_AUDITEE_ENTITIES_UPDATE_AZ; T_AUDITEE_ENTITIES; T_RISK; T_AUDITEE_ENTITIES_SIZE_DISC",""
"PKG_AD.P_GETENTITEES_FOR_UPDATE_AUTHORIZATION","PKG_AD","P_GETENTITEES_FOR_UPDATE_AUTHORIZATION","T_CURSOR; T_AUDITEE_ENTITIES_UPDATE_AZ; T_AUDITEE_ENTITIES; T_RISK; T_AUDITEE_ENTITIES_SIZE_DISC","T_AUDITEE_ENTITIES_UPDATE_AZ; T_AUDITEE_ENTITIES; T_RISK; T_AUDITEE_ENTITIES_SIZE_DISC",""
"PKG_AD.P_UPDATE_ENTITIES","PKG_AD","P_UPDATE_ENTITIES","T_CURSOR; V_NEW_ID; V_PENDING_COUNT; T_AUDITEE_ENTITIES_UPDATE_AZ; T_AUDITEE_ENTITIES","T_AUDITEE_ENTITIES_UPDATE_AZ; T_AUDITEE_ENTITIES; DUAL","T_AUDITEE_ENTITIES_UPDATE_AZ; T_AUDITEE_ENTITIES; TO"
"PKG_AD.P_GETSUBENTITIES","PKG_AD","P_GETSUBENTITIES","T_CURSOR; T_AUDITEE_ENTITEE_SUBENTITY; T_AUDITEE_ENTITIES_MAPING","T_AUDITEE_ENTITEE_SUBENTITY; T_AUDITEE_ENTITIES_MAPING",""
"PKG_AD.P_ADDSUBENTITY","PKG_AD","P_ADDSUBENTITY","T_AUDITEE_ENTITEE_SUBENTITY","T_AUDITEE_ENTITEE_SUBENTITY","T_AUDITEE_ENTITEE_SUBENTITY"
"PKG_AD.P_UPDATESUBENTITY","PKG_AD","P_UPDATESUBENTITY","T_AUDITEE_ENTITEE_SUBENTITY","","T_AUDITEE_ENTITEE_SUBENTITY"
"PKG_AD.P_GETRISKS","PKG_AD","P_GETRISKS","T_CURSOR; T_RISK","T_RISK",""
"PKG_AD.P_GETRISKPROCESSDETAILS","PKG_AD","P_GETRISKPROCESSDETAILS","T_CURSOR; T_AUDIT_CHECKLIST; T_ID; T_AUDIT_CHECKLIST_SUB","T_AUDIT_CHECKLIST; T_AUDIT_CHECKLIST_SUB",""
"PKG_AD.P_GET_CHECKLIST_UPDATE_BYID","PKG_AD","P_GET_CHECKLIST_UPDATE_BYID","T_CURSOR; V_CHECKLIST_UPDATE_EXITING; V_CHECKLIST_UPDATE_PROPOSE","V_CHECKLIST_UPDATE_EXITING; V_CHECKLIST_UPDATE_PROPOSE",""
"PKG_AD.P_GET_SUB_CHECKLIST_UPDATE_BYID","PKG_AD","P_GET_SUB_CHECKLIST_UPDATE_BYID","T_CURSOR; T_ID; V_SUB_CHECKLIST_UPDATE_EXITING; V_SUB_CHECKLIST_UPDATE_PROPOSE","V_SUB_CHECKLIST_UPDATE_EXITING; V_SUB_CHECKLIST_UPDATE_PROPOSE",""
"PKG_AD.P_GET_CHECKLIST_UPDATE_BYID_REF","PKG_AD","P_GET_CHECKLIST_UPDATE_BYID_REF","T_CURSOR; V_CHECKLIST_UPDATE_EXITING; V_CHECKLIST_UPDATE_PROPOSE_ID","V_CHECKLIST_UPDATE_EXITING; V_CHECKLIST_UPDATE_PROPOSE_ID",""
"PKG_AD.P_GET_UPDATED_SUB_CHECKLIST_FOR_REVIEW","PKG_AD","P_GET_UPDATED_SUB_CHECKLIST_FOR_REVIEW","T_CURSOR; T_ID; T_AUDIT_CHECKLIST; T_AUDIT_CHECKLIST_SUB; T_AUDIT_CHECKLIST_SUB_CHANGE; V_SUB_CHECKLIST_REFFEREDBACK_COMMENTS; T_AUDIT_CHECKLIST_DETAILS_LOG","T_AUDIT_CHECKLIST; T_AUDIT_CHECKLIST_SUB; T_AUDIT_CHECKLIST_SUB_CHANGE; V_SUB_CHECKLIST_REFFEREDBACK_COMMENTS; T_AUDIT_CHECKLIST_DETAILS_LOG",""
"PKG_AD.P_GET_UPDATED_CHECKLIST_FOR_REVIEW","PKG_AD","P_GET_UPDATED_CHECKLIST_FOR_REVIEW","T_CURSOR; V_ID; V_NAME; T_AUDIT_CHECKLIST_DETAILS; T_AUDIT_CHECKLIST_DETAILS_CHANGE; T_AUDIT_CHECKLIST_SUB; T_AUDIT_CHECKLIST; T_ID; T_R_SUB_GROUP; T_HR_DESIGNATIONS; T_AUDITEE_ENTITIES; T_RISK; V_CHECKLIST_REFFEREDBACK_COMMENTS; T_AUDIT_CHECKLIST_DETAILS_LOG","T_AUDIT_CHECKLIST_DETAILS; T_AUDIT_CHECKLIST_DETAILS_CHANGE; T_AUDIT_CHECKLIST_SUB; T_AUDIT_CHECKLIST; T_R_SUB_GROUP; T_HR_DESIGNATIONS; T_AUDITEE_ENTITIES; T_RISK; V_CHECKLIST_REFFEREDBACK_COMMENTS; T_AUDIT_CHECKLIST_DETAILS_LOG",""
"PKG_AD.P_GET_SUB_CHECKLIST_MAKER","PKG_AD","P_GET_SUB_CHECKLIST_MAKER","T_CURSOR; T_ID; T_AUDIT_CHECKLIST_SUB; T_AUDIT_CHECKLIST; V_SUB_CHECKLIST_UPDATE_EXITING; V_SUB_CHECKLIST_REFFEREDBACK_COMMENTS; T_AUDIT_CHECKLIST_DETAILS_LOG","T_AUDIT_CHECKLIST_SUB; T_AUDIT_CHECKLIST; V_SUB_CHECKLIST_UPDATE_EXITING; V_SUB_CHECKLIST_REFFEREDBACK_COMMENTS; T_AUDIT_CHECKLIST_DETAILS_LOG",""
"PKG_AD.P_GETCHECKLISTDETAILBYSUBPROCESSID","PKG_AD","P_GETCHECKLISTDETAILBYSUBPROCESSID","T_CURSOR; V_ID; T_NAME; T_AUDIT_CHECKLIST_DETAILS; T_AUDIT_CHECKLIST_SUB; T_AUDIT_CHECKLIST_DETAILS_CHANGE","T_AUDIT_CHECKLIST_DETAILS; T_AUDIT_CHECKLIST_SUB; T_AUDIT_CHECKLIST_DETAILS_CHANGE",""
"PKG_AD.P_GETCHECKLISTDETAIL_REF","PKG_AD","P_GETCHECKLISTDETAIL_REF","T_CURSOR; T_ID; V_ID; T_NAME; T_AUDIT_CHECKLIST_DETAILS; T_AUDIT_CHECKLIST_SUB; T_AUDIT_CHECKLIST; T_AUDIT_CHECKLIST_DETAILS_CHANGE; V_CHECKLIST_REFFEREDBACK_COMMENTS; T_AUDIT_CHECKLIST_DETAILS_LOG","T_AUDIT_CHECKLIST_DETAILS; T_AUDIT_CHECKLIST_SUB; T_AUDIT_CHECKLIST; T_AUDIT_CHECKLIST_DETAILS_CHANGE; V_CHECKLIST_REFFEREDBACK_COMMENTS; T_AUDIT_CHECKLIST_DETAILS_LOG",""
"PKG_AD.P_AUDIT_CHECKLIST","PKG_AD","P_AUDIT_CHECKLIST","T_CURSOR; T_AU_ACTIVITY_LOG; T_AUDIT_CHECKLIST; T_ID","T_AU_ACTIVITY_LOG; T_AUDIT_CHECKLIST; DUAL","T_AU_ACTIVITY_LOG; T_AUDIT_CHECKLIST"
"PKG_AD.P_AUDIT_CHECKLIST_UPDATE","PKG_AD","P_AUDIT_CHECKLIST_UPDATE","T_CURSOR; T_AU_ACTIVITY_LOG; T_AUDIT_CHECKLIST; T_ID","T_AU_ACTIVITY_LOG; DUAL","T_AU_ACTIVITY_LOG; T_AUDIT_CHECKLIST"
"PKG_AD.P_AUDIT_CHECKLIST_SUB","PKG_AD","P_AUDIT_CHECKLIST_SUB","T_CURSOR; T_AU_ACTIVITY_LOG; T_AUDIT_CHECKLIST_SUB_CHANGE; T_AUDIT_CHECKLIST_SUB; T_ID; T_AUDIT_CHECKLIST_DETAILS_LOG","T_AU_ACTIVITY_LOG; T_AUDIT_CHECKLIST_SUB_CHANGE; T_AUDIT_CHECKLIST_SUB; T_AUDIT_CHECKLIST_DETAILS_LOG; DUAL","T_AU_ACTIVITY_LOG; T_AUDIT_CHECKLIST_SUB_CHANGE; T_AUDIT_CHECKLIST_SUB; T_AUDIT_CHECKLIST_DETAILS_LOG"
"PKG_AD.P_GET_CHECKLISTDETAIL_FOR_SUBCHECKLIST","PKG_AD","P_GET_CHECKLISTDETAIL_FOR_SUBCHECKLIST","T_CURSOR; T_AUDIT_CHECKLIST_DETAILS","T_AUDIT_CHECKLIST_DETAILS",""
"PKG_AD.P_AUDIT_CHECKLIST_SUB_UPDATE","PKG_AD","P_AUDIT_CHECKLIST_SUB_UPDATE","T_CURSOR; T_AU_ACTIVITY_LOG; T_AUDIT_CHECKLIST_SUB_CHANGE; T_ID; T_AUDIT_CHECKLIST_DETAILS_LOG","T_AU_ACTIVITY_LOG; T_AUDIT_CHECKLIST_DETAILS_LOG; DUAL","T_AU_ACTIVITY_LOG; T_AUDIT_CHECKLIST_SUB_CHANGE; T_AUDIT_CHECKLIST_DETAILS_LOG"
"PKG_AD.P_GET_ANNEXURE_PROCESS","PKG_AD","P_GET_ANNEXURE_PROCESS","T_CURSOR; T_AUDIT_CHECKLIST_ANNEXURE_PROCESS","T_AUDIT_CHECKLIST_ANNEXURE_PROCESS",""
"PKG_AD.P_GET_ANNEXURE","PKG_AD","P_GET_ANNEXURE","T_CURSOR; T_AUDIT_CHECKLIST_ANNEXURE; T_AUDIT_CHECKLIST_ANNEXURE_PROCESS; T_RISK; T_AUDITEE_ENTITIES","T_AUDIT_CHECKLIST_ANNEXURE; T_AUDIT_CHECKLIST_ANNEXURE_PROCESS; T_RISK; T_AUDITEE_ENTITIES",""
"PKG_AD.P_UPDATE_ANNEXURE","PKG_AD","P_UPDATE_ANNEXURE","T_CURSOR; T_AUDIT_CHECKLIST_ANNEXURE; T_AU_OBSERVATION; AIS_T_AU_POST_COMPLIANCE; T_AU_OLD_PARAS_FAD","DUAL","T_AUDIT_CHECKLIST_ANNEXURE; T_AU_OBSERVATION; AIS_T_AU_POST_COMPLIANCE; T_AU_OLD_PARAS_FAD"
"PKG_AD.P_ADD_ANNEXURE","PKG_AD","P_ADD_ANNEXURE","T_CURSOR; T_AUDIT_CHECKLIST_ANNEXURE","T_AUDIT_CHECKLIST_ANNEXURE; DUAL","T_AUDIT_CHECKLIST_ANNEXURE"
"PKG_AD.P_AUDIT_CHECKLIST_DETAIL","PKG_AD","P_AUDIT_CHECKLIST_DETAIL","T_CURSOR; T_AU_ACTIVITY_LOG; T_AUDIT_CHECKLIST_DETAILS_CHANGE; T_AUDIT_CHECKLIST_DETAILS; V_ID; T_AUDIT_CHECKLIST_DETAILS_LOG; T_ID","T_AU_ACTIVITY_LOG; T_AUDIT_CHECKLIST_DETAILS_CHANGE; T_AUDIT_CHECKLIST_DETAILS; T_AUDIT_CHECKLIST_DETAILS_LOG; DUAL","T_AU_ACTIVITY_LOG; T_AUDIT_CHECKLIST_DETAILS_CHANGE; T_AUDIT_CHECKLIST_DETAILS; T_AUDIT_CHECKLIST_DETAILS_LOG"
"PKG_AD.AUDIT_CHECKLIST_DETAIL_UPDATE","PKG_AD","AUDIT_CHECKLIST_DETAIL_UPDATE","T_CURSOR; T_AU_ACTIVITY_LOG; T_AUDIT_CHECKLIST_DETAILS_CHANGE; T_AUDIT_CHECKLIST_DETAILS_LOG; T_ID; T_AUDIT_CHECKLIST_DETAILS","T_AU_ACTIVITY_LOG; T_AUDIT_CHECKLIST_DETAILS_LOG; T_AUDIT_CHECKLIST_DETAILS; DUAL","T_AU_ACTIVITY_LOG; T_AUDIT_CHECKLIST_DETAILS_CHANGE; T_AUDIT_CHECKLIST_DETAILS_LOG"
"PKG_AD.P_RECOMMEND_CHECKLIST_BY_REVIEWER","PKG_AD","P_RECOMMEND_CHECKLIST_BY_REVIEWER","T_ID; T_CURSOR; T_AUDIT_CHECKLIST_DETAILS_CHANGE; T_AU_ACTIVITY_LOG; T_AUDIT_CHECKLIST_DETAILS_LOG","T_AU_ACTIVITY_LOG; T_AUDIT_CHECKLIST_DETAILS_LOG; DUAL","T_AUDIT_CHECKLIST_DETAILS_CHANGE; T_AU_ACTIVITY_LOG; T_AUDIT_CHECKLIST_DETAILS_LOG"
"PKG_AD.P_REFFEREDBACK_CHECKLIST_BY_REVIEWER","PKG_AD","P_REFFEREDBACK_CHECKLIST_BY_REVIEWER","T_ID; T_CURSOR; T_AU_ACTIVITY_LOG; T_AUDIT_CHECKLIST_DETAILS_CHANGE; T_AUDIT_CHECKLIST_DETAILS_LOG","T_AU_ACTIVITY_LOG; T_AUDIT_CHECKLIST_DETAILS_LOG; DUAL","T_AU_ACTIVITY_LOG; T_AUDIT_CHECKLIST_DETAILS_CHANGE; T_AUDIT_CHECKLIST_DETAILS_LOG"
"PKG_AD.P_REFFEREDBACK_SUB_CHECKLIST_BY_REVIEWER","PKG_AD","P_REFFEREDBACK_SUB_CHECKLIST_BY_REVIEWER","T_CURSOR; T_AUDIT_CHECKLIST_SUB_CHANGE; T_AUDIT_CHECKLIST_DETAILS_LOG","T_AUDIT_CHECKLIST_DETAILS_LOG; DUAL","T_AUDIT_CHECKLIST_SUB_CHANGE; T_AUDIT_CHECKLIST_DETAILS_LOG"
"PKG_AD.P_APPROVED_SUB_PROCESS_BY_AUTHORIZER","PKG_AD","P_APPROVED_SUB_PROCESS_BY_AUTHORIZER","T_CURSOR; V_F; T_AU_ACTIVITY_LOG; T_AUDIT_CHECKLIST_SUB_CHANGE; T_ID; T_AUDIT_CHECKLIST_SUB; T_AUDIT_CHECKLIST_DETAILS_LOG","T_AU_ACTIVITY_LOG; DUAL; T_AUDIT_CHECKLIST_SUB_CHANGE; T_AUDIT_CHECKLIST_DETAILS_LOG","T_AU_ACTIVITY_LOG; T_AUDIT_CHECKLIST_SUB_CHANGE; T_AUDIT_CHECKLIST_SUB; T_AUDIT_CHECKLIST_DETAILS_LOG"
"PKG_AD.P_REFFEREDBACK_CHECKLIST_BY_AUTHORIZER","PKG_AD","P_REFFEREDBACK_CHECKLIST_BY_AUTHORIZER","T_ID; T_CURSOR; T_AU_ACTIVITY_LOG; T_AUDIT_CHECKLIST_DETAILS_CHANGE; T_AUDIT_CHECKLIST_DETAILS_LOG","T_AU_ACTIVITY_LOG; T_AUDIT_CHECKLIST_DETAILS_LOG; DUAL","T_AU_ACTIVITY_LOG; T_AUDIT_CHECKLIST_DETAILS_CHANGE; T_AUDIT_CHECKLIST_DETAILS_LOG"
"PKG_AD.P_APPROVE_CHECKLIST_BY_AUTHORIZER","PKG_AD","P_APPROVE_CHECKLIST_BY_AUTHORIZER","T_ID; T_CURSOR; V_F; T_AU_ACTIVITY_LOG; T_AUDIT_CHECKLIST_DETAILS; T_AUDIT_CHECKLIST_DETAILS_CHANGE; V_ID; T_AU_OBSERVATION; T_AUDIT_CHECKLIST_DETAILS_LOG","T_AU_ACTIVITY_LOG; T_AUDIT_CHECKLIST_DETAILS; T_AUDIT_CHECKLIST_DETAILS_CHANGE; T_AUDIT_CHECKLIST_DETAILS_LOG; DUAL","T_AU_ACTIVITY_LOG; T_AUDIT_CHECKLIST_DETAILS_CHANGE; T_AUDIT_CHECKLIST_DETAILS; T_AU_OBSERVATION; T_AUDIT_CHECKLIST_DETAILS_LOG"
"PKG_AD.P_GETLATESTCOMMENTSONPROCESS","PKG_AD","P_GETLATESTCOMMENTSONPROCESS","T_CURSOR; T_AUDIT_CHECKLIST_DETAILS_LOG; T_ID","T_AUDIT_CHECKLIST_DETAILS_LOG",""
"PKG_AD.P_GET_AUDIT_TEAM_POSTCHANGES","PKG_AD","P_GET_AUDIT_TEAM_POSTCHANGES","T_CURSOR; T_NAME; T_AU_AUDIT_TEAM_TASKLIST; T_AU_TEAM_MEMBERS; T_ID; T_AU_AUDIT_TEAMS; T_AU_PLAN_ENG","T_AU_AUDIT_TEAM_TASKLIST; T_AU_TEAM_MEMBERS; T_AU_AUDIT_TEAMS; T_AU_PLAN_ENG",""
"PKG_AD.P_AUDIT_TEAM_POSTCHANGES","PKG_AD","P_AUDIT_TEAM_POSTCHANGES","T_CURSOR; T_AU_AUDIT_TEAMS; T_NAME; T_CODE; T_AU_AUDIT_TEAM_TASKLIST; T_AU_TEAM_MEMBERS; T_ID; T_AU_PLAN_ENG; T_AUDITEE_ENTITIES","T_AU_AUDIT_TEAMS; T_AU_AUDIT_TEAM_TASKLIST; T_AU_TEAM_MEMBERS; T_AU_PLAN_ENG; T_AUDITEE_ENTITIES; DUAL","T_AU_AUDIT_TEAMS; T_AU_AUDIT_TEAM_TASKLIST; T_AU_PLAN_ENG"
"PKG_AD.P_GET_AUDIT_ENGAGEMENT","PKG_AD","P_GET_AUDIT_ENGAGEMENT","T_CURSOR; T_NAME; T_AU_PLAN_ENG; T_AU_PERIOD; T_AU_PLAN; T_AU_PLAN_ENG_STATUS; T_AU_AUDIT_TEAMS","T_AU_PLAN_ENG; T_AU_PERIOD; T_AU_PLAN; T_AU_PLAN_ENG_STATUS; T_AU_AUDIT_TEAMS",""
"PKG_AD.P_GET_AUDIT_ENGAGEMENT_STATUS","PKG_AD","P_GET_AUDIT_ENGAGEMENT_STATUS","T_CURSOR; V_F; T_AU_PLAN_ENG; T_AU_PLAN_ENG_STATUS","T_AU_PLAN_ENG; T_AU_PLAN_ENG_STATUS",""
"PKG_AD.P_AUDIT_ENGAGEMENT_REVERSAL","PKG_AD","P_AUDIT_ENGAGEMENT_REVERSAL","T_CURSOR; V_F; T_AU_PLAN_ENG; T_AU_PLAN; T_AU_AUDIT_TEAM_TASKLIST; T_AU_AUDIT_TEAMS; T_AU_PLAN_ENG_LOG","T_AU_PLAN_ENG; T_AU_AUDIT_TEAM_TASKLIST; T_AU_AUDIT_TEAMS; T_AU_PLAN_ENG_LOG; DUAL","T_AU_PLAN; T_AU_PLAN_ENG; T_AU_AUDIT_TEAM_TASKLIST; T_AU_AUDIT_TEAMS; T_AU_PLAN_ENG_LOG"
"PKG_AD.P_GET_AUDIT_OBSERVTION_STATUS","PKG_AD","P_GET_AUDIT_OBSERVTION_STATUS","T_CURSOR; T_AU_OBSERVATION_STATUS","T_AU_OBSERVATION_STATUS",""
"PKG_AD.P_GET_AUDIT_OBSERVTION","PKG_AD","P_GET_AUDIT_OBSERVTION","T_CURSOR; T_AU_OBSERVATION; T_AU_OBSERVATION_STATUS; T_AU_OBSERVATION_ASSIGNEDTO; T_AU_OBSERVATION_TEXT; T_AUDITEE_ENTITIES; T_RISK","T_AU_OBSERVATION; T_AU_OBSERVATION_STATUS; T_AU_OBSERVATION_ASSIGNEDTO; T_AU_OBSERVATION_TEXT; T_AUDITEE_ENTITIES; T_RISK",""
"PKG_AD.P_AUDIT_OBSERVATION_REVERSAL","PKG_AD","P_AUDIT_OBSERVATION_REVERSAL","T_CURSOR; M_F; T_AU_OBSERVATION; T_AU_OBSERVATION_STATUS; T_AU_OBSERVATION_ASSIGNEDTO; T_AU_OBSERVATIONS_AUDITEE_RESPONSE; T_AU_OBSERVATIONS_AUDITEE_EVIDENCES; T_AU_OBSERVATIONS_AUDITOR_RECOMMENDATION; T_AU_OBSERVATION_TEXT; T_AU_OBSERVATIONS_AUDITOR_REPLY","DUAL; T_AU_OBSERVATION; T_AU_OBSERVATION_STATUS; T_AU_OBSERVATION_ASSIGNEDTO; T_AU_OBSERVATIONS_AUDITEE_RESPONSE; T_AU_OBSERVATIONS_AUDITEE_EVIDENCES; T_AU_OBSERVATIONS_AUDITOR_RECOMMENDATION; T_AU_OBSERVATIONS_AUDITOR_REPLY","T_AU_OBSERVATION; T_AU_OBSERVATION_ASSIGNEDTO; T_AU_OBSERVATIONS_AUDITEE_RESPONSE; T_AU_OBSERVATIONS_AUDITEE_EVIDENCES; T_AU_OBSERVATIONS_AUDITOR_RECOMMENDATION; T_AU_OBSERVATION_TEXT; T_AU_OBSERVATIONS_AUDITOR_REPLY"
"PKG_AD.P_GET_AUDITEE_ENTITIES","PKG_AD","P_GET_AUDITEE_ENTITIES","T_ID; T_CURSOR; T_AUDITEE_ENTITIES; T_AUDITEE_ENT_TYPES","T_AUDITEE_ENTITIES; T_AUDITEE_ENT_TYPES",""
"PKG_AD.P_GETRISKPROCESSTRANSACTIONS","PKG_AD","P_GETRISKPROCESSTRANSACTIONS","T_CURSOR; V_NAME; T_AUDIT_CHECKLIST_DETAILS; T_AUDIT_CHECKLIST_SUB; T_AUDIT_CHECKLIST; T_ID; T_R_SUB_GROUP; V_ID; T_HR_DESIGNATIONS; T_AUDITEE_ENTITIES","T_AUDIT_CHECKLIST_DETAILS; T_AUDIT_CHECKLIST_SUB; T_AUDIT_CHECKLIST; T_R_SUB_GROUP; T_HR_DESIGNATIONS; T_AUDITEE_ENTITIES",""
"PKG_AD.P_GETAUDITEEENTITYTYPES","PKG_AD","P_GETAUDITEEENTITYTYPES","T_CURSOR; T_AUDITEE_ENT_TYPES","T_AUDITEE_ENT_TYPES",""
"PKG_AD.P_GET_AUDITEE_ENTITIES_MAPPING","PKG_AD","P_GET_AUDITEE_ENTITIES_MAPPING","T_ID; T_CURSOR; V_GET_PARENT_OFFICE","V_GET_PARENT_OFFICE",""
"PKG_AD.P_ADD_ENTITIES_MAPPING","PKG_AD","P_ADD_ENTITIES_MAPPING","T_CURSOR; V_F; T_F; T_AUDITEE_ENTITIES; T_AUDITEE_ENTITIES_MAPING","T_AUDITEE_ENTITIES; T_AUDITEE_ENTITIES_MAPING; DUAL","T_AUDITEE_ENTITIES_MAPING"
"PKG_AD.P_UPDATE_ENTITIES_MAPPING","PKG_AD","P_UPDATE_ENTITIES_MAPPING","T_CURSOR; T_F; T_AUDITEE_ENTITIES; T_AUDITEE_ENTITIES_MAPING","T_AUDITEE_ENTITIES; DUAL","T_AUDITEE_ENTITIES_MAPING"
"PKG_AD.P_GET_HR_ENTITIES","PKG_AD","P_GET_HR_ENTITIES","T_CURSOR; V_GET_HR_ENTITIES","V_GET_HR_ENTITIES",""
"PKG_AD.P_GET_AIS_ENTITIES","PKG_AD","P_GET_AIS_ENTITIES","T_CURSOR; T_AUDITEE_ENTITIES","T_AUDITEE_ENTITIES",""
"PKG_AD.P_GET_ERP_ENTITIES","PKG_AD","P_GET_ERP_ENTITIES","T_CURSOR; V_ERP_DEPARTMENTS","DUAL; V_ERP_DEPARTMENTS",""
"PKG_AD.P_GET_CBAS_ENTITIES","PKG_AD","P_GET_CBAS_ENTITIES","T_CURSOR; V_GET_CBAS_ENTITIES","V_GET_CBAS_ENTITIES",""
"PKG_AD.P_GET_AUDITEE_ENGAGEMENT","PKG_AD","P_GET_AUDITEE_ENGAGEMENT","T_CURSOR; T_AU_PLAN_ENG; T_AUDITEE_ENTITIES","T_AU_PLAN_ENG; T_AUDITEE_ENTITIES",""
"PKG_AD.P_GETAUDITEERISK","PKG_AD","P_GETAUDITEERISK","T_CURSOR; T_AU_ENTITIES_GROUP_RISK","T_AU_ENTITIES_GROUP_RISK",""
"PKG_AD.P_GETAUDITEERISK_DETAILS","PKG_AD","P_GETAUDITEERISK_DETAILS","T_CURSOR; T_AU_ENTITIES_GROUP_RISK_DETAILS","T_AU_ENTITIES_GROUP_RISK_DETAILS",""
"PKG_AD.P_GET_ENTITY_RISK","PKG_AD","P_GET_ENTITY_RISK","T_CURSOR; T_AU_ENTITIES_PERIOD_RISK; V_GET_PARENT_OFFICE","T_AU_ENTITIES_PERIOD_RISK; V_GET_PARENT_OFFICE",""
"PKG_AD.P_GET_SUB_CHECKLIST_MERGER_FOR_REVIEW","PKG_AD","P_GET_SUB_CHECKLIST_MERGER_FOR_REVIEW","T_CURSOR; M_SID; T_AUDIT_CHECKLIST_SUB; T_AUDIT_CHECKLIST_SUB_MERGER","T_AUDIT_CHECKLIST_SUB; T_AUDIT_CHECKLIST_SUB_MERGER",""
"PKG_AD.P_GET_CHECKLIST_MERGER_FOR_REVIEW","PKG_AD","P_GET_CHECKLIST_MERGER_FOR_REVIEW","T_CURSOR; T_ID; M_CID; T_AUDIT_CHECKLIST; T_AUDIT_CHECKLIST_MERGER","T_AUDIT_CHECKLIST; T_AUDIT_CHECKLIST_MERGER",""
"PKG_AD.P_GET_CHECKLISTDETAIL_FOR_DUPLICATE","PKG_AD","P_GET_CHECKLISTDETAIL_FOR_DUPLICATE","T_CURSOR; V_ID; T_NAME; T_AUDIT_CHECKLIST_DETAILS; T_AUDIT_CHECKLIST_SUB; T_AUDIT_CHECKLIST_DETAILS_CHANGE","T_AUDIT_CHECKLIST_DETAILS; T_AUDIT_CHECKLIST_SUB; T_AUDIT_CHECKLIST_DETAILS_CHANGE",""
"PKG_AD.P_REMOVE_DUPLICATE_CHECKLIST_DETAILS","PKG_AD","P_REMOVE_DUPLICATE_CHECKLIST_DETAILS","T_AUDIT_CHECKLIST_DETAIL_DUPLICATE","","T_AUDIT_CHECKLIST_DETAIL_DUPLICATE"
"PKG_AD.P_MERGE_SUB_CHECKLIST","PKG_AD","P_MERGE_SUB_CHECKLIST","T_CURSOR; T_AUDIT_CHECKLIST_SUB; T_AUDIT_CHECKLIST_SUB_MERGER; M_SID","T_AUDIT_CHECKLIST_SUB; T_AUDIT_CHECKLIST_SUB_MERGER; DUAL","T_AUDIT_CHECKLIST_SUB_MERGER"
"PKG_AD.P_MERGE_CHECKLIST","PKG_AD","P_MERGE_CHECKLIST","T_CURSOR; T_AUDIT_CHECKLIST; T_ID; T_AUDIT_CHECKLIST_MERGER; M_CID","T_AUDIT_CHECKLIST; T_AUDIT_CHECKLIST_MERGER; DUAL","T_AUDIT_CHECKLIST_MERGER"
"PKG_AD.P_GET_DUPLICATE_CHECKLIST_DETAILS_DROPDOWN","PKG_AD","P_GET_DUPLICATE_CHECKLIST_DETAILS_DROPDOWN","T_CURSOR; T_AUDIT_CHECKLIST_DETAIL_DUPLICATE; T_AUDIT_CHECKLIST_DETAILS","T_AUDIT_CHECKLIST_DETAIL_DUPLICATE; T_AUDIT_CHECKLIST_DETAILS",""
"PKG_AD.P_GET_DUPLICATE_CHECKLIST_DETAILS","PKG_AD","P_GET_DUPLICATE_CHECKLIST_DETAILS","T_CURSOR; T_AUDIT_CHECKLIST_DETAIL_DUPLICATE; T_AUDIT_CHECKLIST_DETAILS","T_AUDIT_CHECKLIST_DETAIL_DUPLICATE; T_AUDIT_CHECKLIST_DETAILS",""
"PKG_AD.P_GET_DUPLICATE_CHECKLIST_DETAILS_COUNT","PKG_AD","P_GET_DUPLICATE_CHECKLIST_DETAILS_COUNT","T_CURSOR; T_AU_OLD_PARAS_FAD; T_AUDIT_CHECKLIST_DETAIL_DUPLICATE; T_AU_OBSERVATION","T_AU_OLD_PARAS_FAD; T_AUDIT_CHECKLIST_DETAIL_DUPLICATE; T_AU_OBSERVATION; DUAL",""
"PKG_AD.P_AUTHORIZE_MERGER_CHECKLIST","PKG_AD","P_AUTHORIZE_MERGER_CHECKLIST","M_CID; T_CURSOR; T_AUDIT_CHECKLIST_SUB; T_ID; T_AUDIT_CHECKLIST","DUAL","T_AUDIT_CHECKLIST_SUB"
"PKG_AD.P_AUTHORIZE_MERGER_CHECKLIST_SUB","PKG_AD","P_AUTHORIZE_MERGER_CHECKLIST_SUB","M_SID; T_CURSOR; T_AUDIT_CHECKLIST_DETAILS; T_AUDIT_CHECKLIST_DETAILS_CHANGE; T_AUDIT_CHECKLIST_SUB_MERGER; T_AUDIT_CHECKLIST_SUB; T_AUDIT_CHECKLIST_SUB_CHANGE","DUAL","T_AUDIT_CHECKLIST_DETAILS; T_AUDIT_CHECKLIST_DETAILS_CHANGE; T_AUDIT_CHECKLIST_SUB_MERGER"
"PKG_AD.P_AUTHORIZE_DUPLICATE_CHECKLIST_DETAILS","PKG_AD","P_AUTHORIZE_DUPLICATE_CHECKLIST_DETAILS","T_CURSOR; T_AU_OLD_PARAS_FAD; T_AUDIT_CHECKLIST_DETAIL_DUPLICATE; T_AU_OBSERVATION; T_AUDIT_CHECKLIST_DETAILS","T_AUDIT_CHECKLIST_DETAIL_DUPLICATE; DUAL","T_AU_OLD_PARAS_FAD; T_AU_OBSERVATION; T_AUDIT_CHECKLIST_DETAILS; T_AUDIT_CHECKLIST_DETAIL_DUPLICATE"
"PKG_AD.P_GET_USER_ROLE_TYPE","PKG_AD","P_GET_USER_ROLE_TYPE","T_CURSOR; T_GROUP_RIGHTS; T_GROUPS","T_GROUP_RIGHTS; T_GROUPS",""
"PKG_AD.P_GET_NEW_USER","PKG_AD","P_GET_NEW_USER","T_CURSOR; V_AIS_NEW_USER; V_SERVICE_EMPLOYEEINFO; T_AUDIT_EMP","V_AIS_NEW_USER; V_SERVICE_EMPLOYEEINFO; T_AUDIT_EMP",""
"PKG_AD.P_UPDATE_NEW_USER","PKG_AD","P_UPDATE_NEW_USER","T_CURSOR; T_USER; V_AIS_NEW_USER_FOR_ADDITION; T_USER_MAPING; T_GROUP_RIGHTS","T_USER; V_AIS_NEW_USER_FOR_ADDITION; T_USER_MAPING; T_GROUP_RIGHTS; DUAL","T_USER; T_USER_MAPING"
"PKG_AD.P_GET_DETAILS_FOR_ENTITY_SHIFTING","PKG_AD","P_GET_DETAILS_FOR_ENTITY_SHIFTING","T_CURSOR; T_AUDITEE_ENTITIES; T_AU_PLAN_ENG; T_AU_OBSERVATION_FAD; T_AUDITEE_ENTITIES_SIZE; T_AUDITEE_ENTITIES_SIZE_DISC; T_AUDITEE_ENTITIES_RISK; T_RISK; T_AU_POST_COMPLIANCE_SETTLEMETMENT_HISTORY","T_AUDITEE_ENTITIES; T_AU_PLAN_ENG; T_AU_OBSERVATION_FAD; T_AUDITEE_ENTITIES_SIZE; T_AUDITEE_ENTITIES_SIZE_DISC; T_AUDITEE_ENTITIES_RISK; T_RISK; T_AU_POST_COMPLIANCE_SETTLEMETMENT_HISTORY",""
"PKG_AD.P_GET_ENTITIES_TYPES","PKG_AD","P_GET_ENTITIES_TYPES","T_CURSOR; T_AUDITEE_ENT_TYPES","T_AUDITEE_ENT_TYPES",""
"PKG_AD.P_UPDATE_ENTITIES_TYPES","PKG_AD","P_UPDATE_ENTITIES_TYPES","T_CURSOR; T_AUDITEE_ENT_TYPES","DUAL","T_AUDITEE_ENT_TYPES"
"PKG_AD.P_GET_ENTITIES_RELATIONSHIP","PKG_AD","P_GET_ENTITIES_RELATIONSHIP","T_CURSOR; T_AUDITEE_ENT_RELATION; T_AUDITEE_ENTITIES","T_AUDITEE_ENT_RELATION; T_AUDITEE_ENTITIES",""
"PKG_AD.P_GET_ENTITIES_MAPPING_REPORTING","PKG_AD","P_GET_ENTITIES_MAPPING_REPORTING","T_CURSOR; T_AUDITEE_ENTITIES_MAPING_REPORTING","T_AUDITEE_ENTITIES_MAPING_REPORTING",""
"PKG_AD.P_GET_ENTITIES_MAPPING","PKG_AD","P_GET_ENTITIES_MAPPING","T_CURSOR; T_AUDITEE_ENTITIES_MAPING","T_AUDITEE_ENTITIES_MAPING",""
"PKG_AD.P_GET_ENTITIES","PKG_AD","P_GET_ENTITIES","T_CURSOR; T_AUDITEE_ENTITIES_MAPING","T_AUDITEE_ENTITIES_MAPING",""
"PKG_AD.P_ADD_ENTITY_SHIFTING","PKG_AD","P_ADD_ENTITY_SHIFTING","T_CURSOR; T_AUDITEE_ENTITIES; T_AUDITEE_ENTITIES_MAPING; T_AUDITEE_ENTITIES_SIZE; T_AUDITEE_ENTITIES_RISK; T_AU_ENTITY_SHIFTING; T_AU_OBSERVATION_SHIFTING; T_AU_OBSERVATION_FAD; T_AUDITEE_ENT_TYPES; T_AU_OBSERVATION; T_AU_OLD_PARAS_FAD; T_AU_OBSERVATION_OLD_CAD_PARAS; AIS_T_AU_POST_COMPLIANCE","T_AUDITEE_ENTITIES; DUAL; T_AUDITEE_ENTITIES_MAPING; T_AUDITEE_ENTITIES_RISK; T_AU_ENTITY_SHIFTING; T_AU_OBSERVATION_SHIFTING; T_AU_OBSERVATION_FAD; T_AUDITEE_ENT_TYPES","T_AUDITEE_ENTITIES; T_AUDITEE_ENTITIES_MAPING; T_AUDITEE_ENTITIES_SIZE; T_AUDITEE_ENTITIES_RISK; T_AU_ENTITY_SHIFTING; T_AU_OBSERVATION_SHIFTING; T_AU_OBSERVATION; T_AU_OLD_PARAS_FAD; T_AU_OBSERVATION_OLD_CAD_PARAS; AIS_T_AU_POST_COMPLIANCE"
"PKG_AD.P_SHIFT_BR_TO_ISLAMIC","PKG_AD","P_SHIFT_BR_TO_ISLAMIC","T_CURSOR; T_AU_PLAN_ENG; T_AU_OBSERVATION; T_AU_OBSERVATION_ASSIGNEDTO; AIS_T_AU_POST_COMPLIANCE; T_AU_AUDIT_TEAM_TASKLIST","T_AU_PLAN_ENG; C.PARA_ADDED_ON; SYSDATE; DUAL","T_AU_PLAN_ENG; T_AU_OBSERVATION; T_AU_OBSERVATION_ASSIGNEDTO; AIS_T_AU_POST_COMPLIANCE; T_AU_AUDIT_TEAM_TASKLIST"
"PKG_AD.P_GET_ROLES_FOR_COMPLIANCE_FLOW","PKG_AD","P_GET_ROLES_FOR_COMPLIANCE_FLOW","T_CURSOR; T_GROUPS","T_GROUPS",""
"PKG_AD.P_GET_ENT_TYPES_FOR_COMPLIANCE_FLOW","PKG_AD","P_GET_ENT_TYPES_FOR_COMPLIANCE_FLOW","T_CURSOR; T_AUDITEE_ENT_TYPES","T_AUDITEE_ENT_TYPES",""
"PKG_AD.P_GET_ENT_TYPES_FOR_HR_DESIGNATION","PKG_AD","P_GET_ENT_TYPES_FOR_HR_DESIGNATION","T_CURSOR; T_AUDITEE_ENT_TYPES","T_AUDITEE_ENT_TYPES",""
"PKG_AD.P_GET_COMPLIANCE_STATUSES_FOR_COMPLIANCE_FLOW","PKG_AD","P_GET_COMPLIANCE_STATUSES_FOR_COMPLIANCE_FLOW","T_CURSOR; T_AU_OBSERVATION_STATUS","T_AU_OBSERVATION_STATUS",""
"PKG_AD.P_GET_ENTITY_TYPE_COMPLIANCE_FLOW","PKG_AD","P_GET_ENTITY_TYPE_COMPLIANCE_FLOW","T_CURSOR; T_AUDITEE_ENT_TYPES; T_GROUPS; T_AU_OBSERVATION_STATUS; T_AU_POST_COMPLIANCE_FLOW","T_AUDITEE_ENT_TYPES; T_GROUPS; T_AU_OBSERVATION_STATUS; T_AU_POST_COMPLIANCE_FLOW",""
"PKG_AD.P_ADD_UPDATE_COMPLIANCE_FLOW","PKG_AD","P_ADD_UPDATE_COMPLIANCE_FLOW","T_CURSOR; T_AU_POST_COMPLIANCE_FLOW","T_AU_POST_COMPLIANCE_FLOW; DUAL","T_AU_POST_COMPLIANCE_FLOW; SET"
"PKG_AD.P_GET_HR_DESIGNATION_RIGHT","PKG_AD","P_GET_HR_DESIGNATION_RIGHT","T_CURSOR; T_GROUP_RIGHTS","T_GROUP_RIGHTS",""
"PKG_AD.P_UPDATE_HR_DESIGNATION_RIGHT","PKG_AD","P_UPDATE_HR_DESIGNATION_RIGHT","M_ID; T_CURSOR; T_GROUP_RIGHTS; T_HR_DESIGNATIONS; T_GROUPS","T_HR_DESIGNATIONS; T_GROUPS; DUAL","T_GROUP_RIGHTS"
"PKG_AD.P_ADD_HR_DESIGNATION_RIGHT","PKG_AD","P_ADD_HR_DESIGNATION_RIGHT","T_CURSOR; T_GROUP_RIGHTS; T_HR_DESIGNATIONS; T_GROUPS","T_GROUP_RIGHTS; T_HR_DESIGNATIONS; DUAL","T_GROUP_RIGHTS"
"PKG_AD.P_GET_OBS_STATUS","PKG_AD","P_GET_OBS_STATUS","T_CURSOR; T_AU_OBSERVATION_STATUS","T_AU_OBSERVATION_STATUS",""
"PKG_AD.P_ADD_OBS_STATUS","PKG_AD","P_ADD_OBS_STATUS","T_CURSOR; T_AU_OBSERVATION_STATUS","T_AU_OBSERVATION_STATUS; DUAL","T_AU_OBSERVATION_STATUS"
"PKG_AD.P_UPDATE_OBS_STATUS","PKG_AD","P_UPDATE_OBS_STATUS","T_CURSOR; T_AU_OBSERVATION_STATUS","DUAL","T_AU_OBSERVATION_STATUS"
"PKG_AD.P_GET_ENTITIES_AUDIT_DEPARTMENT","PKG_AD","P_GET_ENTITIES_AUDIT_DEPARTMENT","T_CURSOR; T_AUDIT_DEPARTMENTS","T_AUDIT_DEPARTMENTS",""
"PKG_AD.P_UPDATE_ENTITIES_AUDIT_DEPARTMENT","PKG_AD","P_UPDATE_ENTITIES_AUDIT_DEPARTMENT","T_CURSOR; T_AUDIT_DEPARTMENTS","DUAL","T_AUDIT_DEPARTMENTS"
"PKG_AD.P_GET_ALL_MENU","PKG_AD","P_GET_ALL_MENU","T_CURSOR; T_MENU","T_MENU",""
"PKG_AD.P_GET_SUB_MENUS","PKG_AD","P_GET_SUB_MENUS","M_ID; T_CURSOR; T_MENU_SUB","T_MENU_SUB",""
"PKG_AD.P_ADD_NEW_SUB_MENU","PKG_AD","P_ADD_NEW_SUB_MENU","M_ID; T_CURSOR; T_MENU_SUB","T_MENU_SUB; DUAL","T_MENU_SUB"
"PKG_AD.P_UPDATE_SUB_MENU","PKG_AD","P_UPDATE_SUB_MENU","M_ID; T_CURSOR; T_MENU_SUB","DUAL","T_MENU_SUB"
"PKG_AD.P_GET_ALL_PAGES","PKG_AD","P_GET_ALL_PAGES","M_ID; T_CURSOR; T_MENU_PAGES; T_MENU; T_MENU_SUB","T_MENU_PAGES; T_MENU; T_MENU_SUB",""
"PKG_AD.P_ADD_NEW_PAGE","PKG_AD","P_ADD_NEW_PAGE","M_ID; T_CURSOR; T_MENU_PAGES","T_MENU_PAGES; DUAL","T_MENU_PAGES"
"PKG_AD.P_UPDATE_PAGE","PKG_AD","P_UPDATE_PAGE","M_ID; T_CURSOR; T_MENU_PAGES","DUAL","T_MENU_PAGES"
"PKG_AD.P_GET_COMPLIANCE_OFFICE","PKG_AD","P_GET_COMPLIANCE_OFFICE","T_CURSOR; V_GET_COMPLIANCE_REVIEWER_APPROVER; T_AUDITEE_ENTITIES","V_GET_COMPLIANCE_REVIEWER_APPROVER; T_AUDITEE_ENTITIES",""
"PKG_AD.P_UPDATE_ENTITY_COMP","PKG_AD","P_UPDATE_ENTITY_COMP","T_CURSOR; T_AUDITEE_ENTITIES; T_AUDITEE_ENTITIES_MAPING_COM","T_AUDITEE_ENTITIES_MAPING_COM; DUAL","T_AUDITEE_ENTITIES"
"PKG_AD.P_GET_ENTITY_FOR_PARA_RECONSILATION","PKG_AD","P_GET_ENTITY_FOR_PARA_RECONSILATION","T_CURSOR; T_AUDITEE_ENTITIES","T_AUDITEE_ENTITIES",""
"PKG_AD.P_ADD_BRANCH_RISK_RATING","PKG_AD","P_ADD_BRANCH_RISK_RATING","T_CURSOR; T_RISK_BRANCH_WISE; T_BRANCH_RISK_RATING; T_R_SUB_GROUP; T_R_GROUP; V_ID; T_AU_OBSERVATION; T_AU_PLAN_ENG; T_AU_PERIOD; T_AUDIT_CHECKLIST_DETAILS; T_COSO_RATING","T_RISK_BRANCH_WISE; T_BRANCH_RISK_RATING; T_R_SUB_GROUP; T_R_GROUP; T_AU_OBSERVATION; T_AU_PLAN_ENG; T_AU_PERIOD; T_AUDIT_CHECKLIST_DETAILS; SYSDATE; T_COSO_RATING; DUAL","T_RISK_BRANCH_WISE; T_BRANCH_RISK_RATING"
"PKG_AD.P_GET_TRADITIONAL_RISK_RATING","PKG_AD","P_GET_TRADITIONAL_RISK_RATING","T_CURSOR; T_R_GROUP; T_R_SUB_GROUP; T_RISK_BRANCH_WISE","T_R_GROUP; T_R_SUB_GROUP; T_RISK_BRANCH_WISE",""
"PKG_AD.P_GET_SUBCHECKILIST","PKG_AD","P_GET_SUBCHECKILIST","T_CURSOR; T_ID; T_AUDIT_CHECKLIST_SUB; T_AUDIT_CHECKLIST_SUB_MERGER","T_AUDIT_CHECKLIST_SUB; T_AUDIT_CHECKLIST_SUB_MERGER",""
"PKG_AD.P_UPDATE_COM_OFFICER","PKG_AD","P_UPDATE_COM_OFFICER","T_CURSOR; T_AUDITEE_ENTITIES_MAPING_COM; T_AUDITEE_ENTITIES","T_AUDITEE_ENTITIES_MAPING_COM; DUAL","T_AUDITEE_ENTITIES_MAPING_COM; T_AUDITEE_ENTITIES"
"PKG_AD.P_ADD_COM_OFFICER","PKG_AD","P_ADD_COM_OFFICER","T_CURSOR; T_AUDITEE_ENTITIES_MAPING_COM","T_AUDITEE_ENTITIES_MAPING_COM; DUAL","T_AUDITEE_ENTITIES_MAPING_COM"
"PKG_AD.P_GET_GM_OFFICE","PKG_AD","P_GET_GM_OFFICE","T_CURSOR; T_AUDITEE_ENTITIES","T_AUDITEE_ENTITIES",""
"PKG_AD.P_GET_RPT_OFFICE","PKG_AD","P_GET_RPT_OFFICE","T_CURSOR; T_AUDITEE_ENTITIES","T_AUDITEE_ENTITIES",""
"PKG_AD.P_UPDATE_GM_OFFICE_RELATIONSHIP","PKG_AD","P_UPDATE_GM_OFFICE_RELATIONSHIP","T_CURSOR; T_AUDITEE_ENTITIES_MAPING","DUAL","T_AUDITEE_ENTITIES_MAPING"
"PKG_AD.P_UPDATE_RPT_OFFICE_RELATIONSHIP","PKG_AD","P_UPDATE_RPT_OFFICE_RELATIONSHIP","T_CURSOR; T_AUDITEE_ENTITIES_MAPING","DUAL","T_AUDITEE_ENTITIES_MAPING"
"PKG_AD.P_GET_LATEST_PARA_DETAILS","PKG_AD","P_GET_LATEST_PARA_DETAILS","T_CURSOR; AIS_T_AU_POST_COMPLIANCE","AIS_T_AU_POST_COMPLIANCE",""
"PKG_AD.P_UPDATE_PARA_AIS_POST_COMPLIANCE","PKG_AD","P_UPDATE_PARA_AIS_POST_COMPLIANCE","T_CURSOR; AIS_T_AU_POST_COMPLIANCE","DUAL","AIS_T_AU_POST_COMPLIANCE"
"PKG_AD.P_GET_AUDIT_EMP","PKG_AD","P_GET_AUDIT_EMP","T_CURSOR; T_AUDIT_EMP","T_AUDIT_EMP",""
"PKG_AD.P_GET_HR_RANK","PKG_AD","P_GET_HR_RANK","T_CURSOR; V_HR_RANK","V_HR_RANK",""
"PKG_AD.P_GET_CERTIFICATION","PKG_AD","P_GET_CERTIFICATION","T_CURSOR; V_HR_RANK","V_HR_RANK",""
"PKG_AD.P_GET_HR_DESIGNATION","PKG_AD","P_GET_HR_DESIGNATION","T_CURSOR; V_HR_DESIGNATIONS","V_HR_DESIGNATIONS",""
"PKG_AD.P_GET_QUALIFICATION","PKG_AD","P_GET_QUALIFICATION","T_CURSOR; V_HR_QUALIFICATIONS","V_HR_QUALIFICATIONS",""
"PKG_AD.P_GET_QUALIFICATION_SPECIALIZATION","PKG_AD","P_GET_QUALIFICATION_SPECIALIZATION","T_CURSOR; V_HR_QUALIFICATIONS","V_HR_QUALIFICATIONS",""
"PKG_AD.P_GET_HR_POSTING","PKG_AD","P_GET_HR_POSTING","T_CURSOR; T_AUDITEE_ENTITIES","T_AUDITEE_ENTITIES",""
"PKG_AD.P_GET_AUDIT_MANPOWER","PKG_AD","P_GET_AUDIT_MANPOWER","T_CURSOR; T_AUDIT_EMP","T_AUDIT_EMP",""
"PKG_AD.P_GET_PUBLIC_HOLIDAYS","PKG_AD","P_GET_PUBLIC_HOLIDAYS","TBL_PUBLIC_HOLIDAYS","TBL_PUBLIC_HOLIDAYS",""
"PKG_AD.P_GET_PUBLIC_HOLIDAY_DAY","PKG_AD","P_GET_PUBLIC_HOLIDAY_DAY","TBL_PUBLIC_HOLIDAYS","TBL_PUBLIC_HOLIDAYS",""
"PKG_AD.P_INSERT_PUBLIC_HOLIDAY","PKG_AD","P_INSERT_PUBLIC_HOLIDAY","V_YEAR; V_COUNT; TBL_PUBLIC_HOLIDAYS","DATE; TBL_PUBLIC_HOLIDAYS","TBL_PUBLIC_HOLIDAYS"
"PKG_AD.P_GET_VERSION_HISTORY","PKG_AD","P_GET_VERSION_HISTORY","T_IAS_VERSION_HISTORY","T_IAS_VERSION_HISTORY",""
"PKG_AD.P_ADD_VERSION_HISTORY","PKG_AD","P_ADD_VERSION_HISTORY","T_IAS_VERSION_HISTORY","","T_IAS_VERSION_HISTORY; AN"
"PKG_AD.P_UPDATE_VERSION_HISTORY","PKG_AD","P_UPDATE_VERSION_HISTORY","T_IAS_VERSION_HISTORY","","T_IAS_VERSION_HISTORY"
"PKG_AD.P_GET_ROLE_DASHBOARD_PAGES","PKG_AD","P_GET_ROLE_DASHBOARD_PAGES","T_ROLE_DASHBOARD_PAGES; T_MENU_PAGES","T_ROLE_DASHBOARD_PAGES; T_MENU_PAGES",""
"PKG_AD.P_MAINT_ROLE_DASHBOARD_PAGE","PKG_AD","P_MAINT_ROLE_DASHBOARD_PAGE","T_ROLE_DASHBOARD_PAGES","","T_ROLE_DASHBOARD_PAGES"
"PKG_AD.P_GET_ROLE_DASHBOARD_CONFIG","PKG_AD","P_GET_ROLE_DASHBOARD_CONFIG","T_ROLE_DASHBOARD_PAGES; T_MENU_PAGES","T_ROLE_DASHBOARD_PAGES; T_MENU_PAGES",""
"PKG_AD.P_GET_API_MASTER","PKG_AD","P_GET_API_MASTER","T_AU_API_MASTER","T_AU_API_MASTER",""
"PKG_AD.P_MAINT_API_MASTER","PKG_AD","P_MAINT_API_MASTER","T_AU_API_MASTER","","T_AU_API_MASTER"
"PKG_AD.P_CHECK_API_UNIQUE","PKG_AD","P_CHECK_API_UNIQUE","T_AU_API_MASTER","T_AU_API_MASTER",""
"PKG_AD.P_MAINT_API_MASTER","PKG_AD","P_MAINT_API_MASTER","T_AU_API_MASTER","","T_AU_API_MASTER"
"PKG_AD.P_GET_DASHBOARD_QUICK_LINKS","PKG_AD","P_GET_DASHBOARD_QUICK_LINKS","V_COUNT; T_ROLE_DASHBOARD_PAGES; T_MENU_PAGES; T_USER_GROUP_MAP","T_ROLE_DASHBOARD_PAGES; T_MENU_PAGES; T_USER_GROUP_MAP",""
"PKG_AD.P_GET_USER_ENTITIES","PKG_AD","P_GET_USER_ENTITIES","T_USER_ENTITIES; T_AUDITEE_ENTITIES; T_GROUPS","T_USER_ENTITIES; T_AUDITEE_ENTITIES; T_GROUPS",""
"PKG_AD.P_GET_ALL_CONTROLLER","PKG_AD","P_GET_ALL_CONTROLLER","T_AU_API_MASTER","T_AU_API_MASTER",""
"PKG_AE.P_GETAUDITEEASSIGNEDENTITIES","PKG_AE","P_GETAUDITEEASSIGNEDENTITIES","T_CURSOR; T_AU_OBSERVATION; T_AU_PLAN_ENG; T_AUDITEE_ENTITIES; T_AU_PERIOD; T_AU_OBSERVATION_ASSIGNEDTO","T_AU_OBSERVATION; T_AU_PLAN_ENG; T_AUDITEE_ENTITIES; T_AU_PERIOD; T_AU_OBSERVATION_ASSIGNEDTO",""
"PKG_AE.P_GETCOSORISKS","PKG_AE","P_GETCOSORISKS","T_CURSOR; T_COSO_RISK","T_COSO_RISK",""
"PKG_AE.P_GETCCQSENTITIES","PKG_AE","P_GETCCQSENTITIES","T_CURSOR; T_AU_CCQ; T_AUDITEE_ENTITIES; T_USER","T_AU_CCQ; T_AUDITEE_ENTITIES; T_USER",""
"PKG_AE.P_GETASSIGNEDOBSERVATIONS","PKG_AE","P_GETASSIGNEDOBSERVATIONS","T_CURSOR; T_AU_OBSERVATION_ASSIGNEDTO; T_AU_OBSERVATION; T_AU_OBSERVATION_STATUS; T_AU_PLAN_ENG; T_AU_PERIOD; T_AUDITEE_ENTITIES; T_AU_OBSERVATIONS_AUDITEE_RESPONSE; T_AU_OBSERVATION_TEXT","T_AU_OBSERVATION_ASSIGNEDTO; T_AU_OBSERVATION; T_AU_OBSERVATION_STATUS; T_AU_PLAN_ENG; T_AU_PERIOD; T_AUDITEE_ENTITIES; T_AU_OBSERVATIONS_AUDITEE_RESPONSE; T_AU_OBSERVATION_TEXT",""
"PKG_AE.P_GETOBSERVATIONRESPONSIBLE","PKG_AE","P_GETOBSERVATIONRESPONSIBLE","T_CURSOR; V_GET_AUDITEE_PP_RESPONSIBILITY; V_SERVICE_EMPLOYEEINFO","V_GET_AUDITEE_PP_RESPONSIBILITY; V_SERVICE_EMPLOYEEINFO",""
"PKG_AE.P_GETASSIGNEDOBSERVATIONSFORBRANCH","PKG_AE","P_GETASSIGNEDOBSERVATIONSFORBRANCH","T_CURSOR; V_NAME; T_AU_OBSERVATION_ASSIGNEDTO; T_AU_OBSERVATION; T_AU_OBSERVATION_TEXT; T_AU_OBSERVATION_STATUS; T_AUDITEE_ENTITIES; T_CONTROL_VIOLATION; V_CAT_ID; T_CONTROL_VIOLATION_SUB; V_CAT_NATURE_ID; T_AU_PLAN_ENG; T_AU_PERIOD; T_AU_OBSERVATIONS_AUDITEE_RESPONSE","T_AU_OBSERVATION_ASSIGNEDTO; T_AU_OBSERVATION; T_AU_OBSERVATION_TEXT; T_AU_OBSERVATION_STATUS; T_AUDITEE_ENTITIES; T_CONTROL_VIOLATION; T_CONTROL_VIOLATION_SUB; T_AU_PLAN_ENG; T_AU_PERIOD; T_AU_OBSERVATIONS_AUDITEE_RESPONSE",""
"PKG_AE.P_GETOBSERVATIONTEXT","PKG_AE","P_GETOBSERVATIONTEXT","T_CURSOR; T_AU_ACTIVITY_LOG; T_AU_OBSERVATION_TEXT; T_AU_OBSERVATION","T_AU_ACTIVITY_LOG; T_AU_OBSERVATION_TEXT; T_AU_OBSERVATION","T_AU_ACTIVITY_LOG"
"PKG_AE.P_AUDITEE_OBSERVATION_RESPONSE","PKG_AE","P_AUDITEE_OBSERVATION_RESPONSE","T_CURSOR; T_AU_ACTIVITY_LOG; T_AU_OBSERVATIONS_AUDITEE_RESPONSE; T_AU_OBSERVATION_ASSIGNEDTO; T_AU_OBSERVATION","T_AU_ACTIVITY_LOG; T_AU_OBSERVATIONS_AUDITEE_RESPONSE","T_AU_ACTIVITY_LOG; T_AU_OBSERVATIONS_AUDITEE_RESPONSE; T_AU_OBSERVATION_ASSIGNEDTO; T_AU_OBSERVATION"
"PKG_AE.P_AUDITEE_OBSERVATION_RESPONSE_EVIDENCES","PKG_AE","P_AUDITEE_OBSERVATION_RESPONSE_EVIDENCES","T_AU_OBSERVATIONS_AUDITEE_EVIDENCES","T_AU_OBSERVATIONS_AUDITEE_EVIDENCES; HERE","T_AU_OBSERVATIONS_AUDITEE_EVIDENCES"
"PKG_AE.P_GETAUDITEEALLPARASFAD","PKG_AE","P_GETAUDITEEALLPARASFAD","T_CURSOR; T_AU_ACTIVITY_LOG; T_AU_OLD_PARAS_FAD; T_AUDITEE_ENTITIES; V_GET_P_GETAUDITEEOLDPARASFAD_REF","T_AU_ACTIVITY_LOG; T_AU_OLD_PARAS_FAD; T_AUDITEE_ENTITIES; V_GET_P_GETAUDITEEOLDPARASFAD_REF","T_AU_ACTIVITY_LOG"
"PKG_AE.P_UPDATEOLDPARAMANAGEMENT","PKG_AE","P_UPDATEOLDPARAMANAGEMENT","T_CURSOR; T_AU_REMARKS; T_AU_OBSERVATION_OLD_CAD_PARAS; V_CAT_ID; V_CAT_NATURE_ID; T_AU_OBSERVATION_OLD_CAD_PARAS_TEXT","T_AU_REMARKS; T_AU_OBSERVATION_OLD_CAD_PARAS_TEXT","T_AU_OBSERVATION_OLD_CAD_PARAS; T_AU_OBSERVATION_OLD_CAD_PARAS_TEXT"
"PKG_AE.P_GETAUDITEEOLDPARASENTITIESFAD","PKG_AE","P_GETAUDITEEOLDPARASENTITIESFAD","T_CURSOR; T_AU_ACTIVITY_LOG; V_GET_P_GETAUDITEEOLDPARASENTITIESFAD","T_AU_ACTIVITY_LOG; V_GET_P_GETAUDITEEOLDPARASENTITIESFAD","T_AU_ACTIVITY_LOG"
"PKG_AE.P_GETAUDITEEOLDPARAS","PKG_AE","P_GETAUDITEEOLDPARAS","T_CURSOR; T_AU_ACTIVITY_LOG; V_NAME; T_AU_OBSERVATION_OLD_CAD_PARAS; T_AUDITEE_ENTITIES; T_CONTROL_VIOLATION; V_CAT_ID; T_CONTROL_VIOLATION_SUB; V_CAT_NATURE_ID; T_COSO_RISK","T_AU_ACTIVITY_LOG; T_AU_OBSERVATION_OLD_CAD_PARAS; T_AUDITEE_ENTITIES; T_CONTROL_VIOLATION; T_CONTROL_VIOLATION_SUB; T_COSO_RISK","T_AU_ACTIVITY_LOG"
"PKG_AE.P_UPDATEAUDITEEOLDPARASRESPONSE","PKG_AE","P_UPDATEAUDITEEOLDPARASRESPONSE","T_CURSOR; V_F; T_AU_OBSERVATION_OLD_CAD_PARAS_RESPONSE; T_AU_OBSERVATION_OLD_CAD_PARAS; T_AU_REMARKS","T_AU_OBSERVATION_OLD_CAD_PARAS_RESPONSE; T_AU_REMARKS","T_AU_OBSERVATION_OLD_CAD_PARAS_RESPONSE; T_AU_OBSERVATION_OLD_CAD_PARAS"
"PKG_AE.P_GETPARASFORCOMPLIANCEBYAUDITEE","PKG_AE","P_GETPARASFORCOMPLIANCEBYAUDITEE","T_CURSOR; V_GET_AIS_POST_COMPLIANCE; T_AUDITEE_ENTITIES_MAPING; T_AUDITEE_ENTITIES_MAPING_COM","V_GET_AIS_POST_COMPLIANCE; T_AUDITEE_ENTITIES_MAPING; T_AUDITEE_ENTITIES_MAPING_COM",""
"PKG_AE.P_GETPARASFORCOMPLIANCEBYAUDITEE_TEXT","PKG_AE","P_GETPARASFORCOMPLIANCEBYAUDITEE_TEXT","T_CURSOR; T_AU_OLD_PARAS_FAD; T_AU_OLD_PARAS_FAD_TEXT; T_AU_OBSERVATION; T_AU_OBSERVATION_TEXT; T_AU_OBSERVATION_OLD_CAD_PARAS; T_AU_OBSERVATION_OLD_CAD_PARAS_TEXT","T_AU_OLD_PARAS_FAD; T_AU_OLD_PARAS_FAD_TEXT; T_AU_OBSERVATION; T_AU_OBSERVATION_TEXT; T_AU_OBSERVATION_OLD_CAD_PARAS; T_AU_OBSERVATION_OLD_CAD_PARAS_TEXT",""
"PKG_AE.P_GETPARASFORCOMPLIANCEHISTORY","PKG_AE","P_GETPARASFORCOMPLIANCEHISTORY","T_CURSOR; AIS_T_AU_POST_COMPLIANCE_HISTORY; V_SERVICE_EMPLOYEEINFO","AIS_T_AU_POST_COMPLIANCE_HISTORY; V_SERVICE_EMPLOYEEINFO",""
"PKG_AE.P_GETPARASFORCOMPLIANCEFORHISTORY","PKG_AE","P_GETPARASFORCOMPLIANCEFORHISTORY","T_CURSOR; AIS_T_AU_POST_COMPLIANCE_TEXT; AIS_T_AU_POST_COMPLIANCE; T_AU_OBSERVATION_FAD; T_AU_OBSERVATION_TEXT; T_AU_OLD_PARAS_FAD_TEXT; T_AU_OBSERVATION_OLD_CAD_PARAS_TEXT","AIS_T_AU_POST_COMPLIANCE_TEXT; AIS_T_AU_POST_COMPLIANCE; T_AU_OBSERVATION_FAD; T_AU_OBSERVATION_TEXT; T_AU_OLD_PARAS_FAD_TEXT; T_AU_OBSERVATION_OLD_CAD_PARAS_TEXT",""
"PKG_AE.P_SUBMITPOSTAUDITCOMPLIANCE","PKG_AE","P_SUBMITPOSTAUDITCOMPLIANCE","T_CURSOR; V_GET_AIS_POST_COMPLIANCE; T_AUDITEE_ENTITIES_MAPING; T_AUDITEE_ENTITIES_MAPING_COM; V_F; T_AU_OBSERVATION_OLD_CAD_PARAS; T_AUDITEE_ENTITIES; T_AUDITEE_ENT_TYPES; T_USER; T_USER_MAPING; T_AU_ACTIVITY_LOG; AIS_T_AU_POST_COMPLIANCE; AIS_T_AU_POST_COMPLIANCE_TEXT; AIS_T_AU_POST_COMPLIANCE_HISTORY; T_GROUPS","V_GET_AIS_POST_COMPLIANCE; T_AUDITEE_ENTITIES_MAPING; T_AUDITEE_ENTITIES_MAPING_COM; T_AU_OBSERVATION_OLD_CAD_PARAS; T_AUDITEE_ENTITIES; T_AUDITEE_ENT_TYPES; T_USER; T_USER_MAPING; T_AU_ACTIVITY_LOG; AIS_T_AU_POST_COMPLIANCE_TEXT; AIS_T_AU_POST_COMPLIANCE_HISTORY; T_GROUPS; DUAL","T_AU_ACTIVITY_LOG; AIS_T_AU_POST_COMPLIANCE; AIS_T_AU_POST_COMPLIANCE_TEXT; AIS_T_AU_POST_COMPLIANCE_HISTORY"
"PKG_AE.P_SUBMITPOSTAUDITCOMPLIANCE_EVIDENCE","PKG_AE","P_SUBMITPOSTAUDITCOMPLIANCE_EVIDENCE","AIS_T_AU_POST_COMPLIANCE_TEXT; AIS_T_AU_POST_COMPLIANCE_EVIDENCE_ARCHIVE; AIS_T_AU_POST_COMPLIANCE_EVIDENCE","AIS_T_AU_POST_COMPLIANCE_TEXT; AIS_T_AU_POST_COMPLIANCE_EVIDENCE","AIS_T_AU_POST_COMPLIANCE_EVIDENCE_ARCHIVE; AIS_T_AU_POST_COMPLIANCE_EVIDENCE"
"PKG_AE.P_SUBMITPOSTAUDITCOMPLIANCE_REVIEW","PKG_AE","P_SUBMITPOSTAUDITCOMPLIANCE_REVIEW","T_CURSOR; V_GET_AIS_POST_COMPLIANCE; T_AUDITEE_ENTITIES_MAPING; T_AUDITEE_ENTITIES; T_AUDITEE_ENTITIES_MAPING_COM; T_AU_OBSERVATION_OLD_CAD_PARAS; T_AUDITEE_ENT_TYPES; T_USER; T_USER_MAPING; T_AU_ACTIVITY_LOG; AIS_T_AU_POST_COMPLIANCE; T_AU_OBSERVATION; T_AU_OLD_PARAS_FAD; AIS_T_AU_POST_COMPLIANCE_HISTORY; T_GROUPS","V_GET_AIS_POST_COMPLIANCE; T_AUDITEE_ENTITIES_MAPING; T_AUDITEE_ENTITIES; T_AUDITEE_ENTITIES_MAPING_COM; T_AU_OBSERVATION_OLD_CAD_PARAS; T_AUDITEE_ENT_TYPES; T_USER; T_USER_MAPING; T_AU_ACTIVITY_LOG; AIS_T_AU_POST_COMPLIANCE_HISTORY; T_GROUPS; DUAL","T_AU_ACTIVITY_LOG; AIS_T_AU_POST_COMPLIANCE; T_AU_OBSERVATION; T_AU_OLD_PARAS_FAD; T_AU_OBSERVATION_OLD_CAD_PARAS; AIS_T_AU_POST_COMPLIANCE_HISTORY"
"PKG_AE.P_GETPOSTAUDITCOMPLIANCE_EVIDENCE","PKG_AE","P_GETPOSTAUDITCOMPLIANCE_EVIDENCE","T_CURSOR; AIS_T_AU_POST_COMPLIANCE_EVIDENCE","AIS_T_AU_POST_COMPLIANCE_EVIDENCE",""
"PKG_AE.P_GETPOSTAUDITCOMPLIANCE_EVIDENCE_FILEDATA","PKG_AE","P_GETPOSTAUDITCOMPLIANCE_EVIDENCE_FILEDATA","T_CURSOR; AIS_T_AU_POST_COMPLIANCE_EVIDENCE","AIS_T_AU_POST_COMPLIANCE_EVIDENCE",""
"PKG_AE.P_GETPARACOMPLIANCERESPONSIBLE","PKG_AE","P_GETPARACOMPLIANCERESPONSIBLE","T_CURSOR; V_GET_AUDITEE_PP_RESPONSIBILITY; V_SERVICE_EMPLOYEEINFO","V_GET_AUDITEE_PP_RESPONSIBILITY; V_SERVICE_EMPLOYEEINFO",""
"PKG_AE.P_GETPARASFORCOMPLIANCEBYCAU","PKG_AE","P_GETPARASFORCOMPLIANCEBYCAU","T_CURSOR; AIS_T_AU_POST_COMPLIANCE; T_AUDITEE_ENTITIES_MAPING","AIS_T_AU_POST_COMPLIANCE; T_AUDITEE_ENTITIES_MAPING",""
"PKG_AE.P_GETREALTIONSHIPTYPEFORCAU","PKG_AE","P_GETREALTIONSHIPTYPEFORCAU","T_CURSOR; T_AUDITEE_ENT_RELATION","T_AUDITEE_ENT_RELATION",""
"PKG_AE.P_GETPARENTREPOFFICEFORCAU","PKG_AE","P_GETPARENTREPOFFICEFORCAU","T_CURSOR; T_AUDITEE_ENTITIES; T_AUDITEE_ENT_RELATION; T_AUDITEE_ENT_TYPES; V_GET_PARENT_OFFICE","T_AUDITEE_ENTITIES; T_AUDITEE_ENT_RELATION",""
"PKG_AE.P_GETCHILDPOSTINGFORCAU","PKG_AE","P_GETCHILDPOSTINGFORCAU","T_CURSOR; V_GET_PARENT_OFFICE; T_AUDITEE_ENT_TYPES","V_GET_PARENT_OFFICE; T_AUDITEE_ENT_TYPES",""
"PKG_AE.P_FORWARD_CAU_PARA_TO_BRANCH","PKG_AE","P_FORWARD_CAU_PARA_TO_BRANCH","T_CURSOR; T_F; T_AUDITEE_ENTITIES; T_USER; T_USER_MAPING; T_AU_ACTIVITY_LOG; AIS_T_AU_POST_COMPLIANCE; AIS_T_AU_POST_COMPLIANCE_TEXT_CAU","T_AUDITEE_ENTITIES; T_USER; T_USER_MAPING; T_AU_ACTIVITY_LOG; AIS_T_AU_POST_COMPLIANCE_TEXT_CAU; DUAL","T_AU_ACTIVITY_LOG; AIS_T_AU_POST_COMPLIANCE; AIS_T_AU_POST_COMPLIANCE_TEXT_CAU"
"PKG_AE.P_GETPARASFORCOMPLIANCEBYCAU_BY_BRANCH","PKG_AE","P_GETPARASFORCOMPLIANCEBYCAU_BY_BRANCH","T_CURSOR; AIS_T_AU_POST_COMPLIANCE; T_AUDITEE_ENTITIES; AIS_T_AU_POST_COMPLIANCE_TEXT_CAU","AIS_T_AU_POST_COMPLIANCE; T_AUDITEE_ENTITIES; AIS_T_AU_POST_COMPLIANCE_TEXT_CAU",""
"PKG_AE.P_GETPARASFORCOMPLIANCE_CAU_PARA_TEXT","PKG_AE","P_GETPARASFORCOMPLIANCE_CAU_PARA_TEXT","T_CURSOR; AIS_T_AU_POST_COMPLIANCE; AIS_T_AU_POST_COMPLIANCE_TEXT_CAU; T_AU_OLD_PARAS_FAD; T_AU_OLD_PARAS_FAD_TEXT; T_AU_OBSERVATION_TEXT","AIS_T_AU_POST_COMPLIANCE; AIS_T_AU_POST_COMPLIANCE_TEXT_CAU; T_AU_OLD_PARAS_FAD; T_AU_OLD_PARAS_FAD_TEXT; T_AU_OBSERVATION_TEXT",""
"PKG_AE.P_SUBMITPOSTAUDITCOMPLIANCE_BY_BRANCH","PKG_AE","P_SUBMITPOSTAUDITCOMPLIANCE_BY_BRANCH","T_ID; T_CURSOR; T_USER; T_USER_MAPING; T_AU_ACTIVITY_LOG; AIS_T_AU_POST_COMPLIANCE; AIS_T_AU_POST_COMPLIANCE_TEXT_CAU","T_USER; T_USER_MAPING; T_AU_ACTIVITY_LOG; DUAL","T_AU_ACTIVITY_LOG; AIS_T_AU_POST_COMPLIANCE; AIS_T_AU_POST_COMPLIANCE_TEXT_CAU"
"PKG_AE.P_SUBMITPOSTAUDITCOMPLIANCE_EVIDENCE_BY_BRANCH","PKG_AE","P_SUBMITPOSTAUDITCOMPLIANCE_EVIDENCE_BY_BRANCH","AIS_T_AU_POST_COMPLIANCE_EVIDENCE_CAU; AIS_T_AU_POST_COMPLIANCE_TEXT","AIS_T_AU_POST_COMPLIANCE_EVIDENCE_CAU; AIS_T_AU_POST_COMPLIANCE_TEXT","AIS_T_AU_POST_COMPLIANCE_EVIDENCE_CAU"
"PKG_AE.P_GETALLCOMPLIANCE_EVIDENCE_CAU","PKG_AE","P_GETALLCOMPLIANCE_EVIDENCE_CAU","T_CURSOR; AIS_T_AU_POST_COMPLIANCE_EVIDENCE_CAU","AIS_T_AU_POST_COMPLIANCE_EVIDENCE_CAU",""
"PKG_AE.P_GETPOSTAUDITCOMPLIANCE_EVIDENCE_FILEDATA_CAU","PKG_AE","P_GETPOSTAUDITCOMPLIANCE_EVIDENCE_FILEDATA_CAU","T_CURSOR; AIS_T_AU_POST_COMPLIANCE_EVIDENCE_CAU","AIS_T_AU_POST_COMPLIANCE_EVIDENCE_CAU",""
"PKG_AE.P_GETPARASFORCOMPLIANCEBYCAU_FOR_REVIEW","PKG_AE","P_GETPARASFORCOMPLIANCEBYCAU_FOR_REVIEW","T_CURSOR; AIS_T_AU_POST_COMPLIANCE","AIS_T_AU_POST_COMPLIANCE",""
"PKG_AI.P_GETGLHEADSUMMARY_YEARLY","PKG_AI","P_GETGLHEADSUMMARY_YEARLY","T_CURSOR; T_AU_PREINFO_GLDAYENDBALANCE; T_AUDITEE_ENTITIES; T_AU_PLAN_ENG; T_AU_AUDIT_JOINING; T_AU_AUDIT_TEAM_TASKLIST; T_AU_PREINFO_GL_TYPE","T_AU_PREINFO_GLDAYENDBALANCE; T_AUDITEE_ENTITIES; T_AU_PLAN_ENG; T_AU_AUDIT_JOINING; T_AU_AUDIT_TEAM_TASKLIST; T_AU_PREINFO_GL_TYPE",""
"PKG_AIS.P_GETAUDITEEENTITIESFOROLDPARAS","PKG_AIS","P_GETAUDITEEENTITIESFOROLDPARAS","T_AU_OLD_PARAS_FAD; T_CURSOR; T_AU_OBSERVATION_OLD_CAD_PARAS","T_AU_OBSERVATION_OLD_CAD_PARAS",""
"PKG_AIS.P_GETDEPARTMENTS","PKG_AIS","P_GETDEPARTMENTS","T_CURSOR; T_AUDITEE_ENTITIES; T_AUDITEE_ENTITIES_MAPING","T_AUDITEE_ENTITIES; T_AUDITEE_ENTITIES_MAPING",""
"PKG_AIS.P_GETRISKDESCBYID","PKG_AIS","P_GETRISKDESCBYID","T_CURSOR; T_RISK","T_RISK",""
"PKG_AIS.P_GETCOSORISKFORDEPARTMENT","PKG_AIS","P_GETCOSORISKFORDEPARTMENT","T_CURSOR; T_COSO_RATING_DEPARTMENT_INHERITED_RISK; T_COSO_RATING_DEPARTMENT_FINAL; T_AU_PERIOD; T_AUDITEE_ENTITIES","T_COSO_RATING_DEPARTMENT_INHERITED_RISK; T_COSO_RATING_DEPARTMENT_FINAL; T_AU_PERIOD; T_AUDITEE_ENTITIES",""
"PKG_AIS.P_ADDDIVISIONALHEADREMARKSONFUNCTIONALLEGACYPARA","PKG_AIS","P_ADDDIVISIONALHEADREMARKSONFUNCTIONALLEGACYPARA","T_AU_OLD_FUNCTIONAL_PARA_DIVISION_HEAD_REMARKS; T_AU_OLD_PARAS_FAD","T_AU_OLD_FUNCTIONAL_PARA_DIVISION_HEAD_REMARKS; T_AU_OLD_PARAS_FAD","T_AU_OLD_FUNCTIONAL_PARA_DIVISION_HEAD_REMARKS"
"PKG_AIS.P_GETUSERWISEOLDPARASPERFORMANCE","PKG_AIS","P_GETUSERWISEOLDPARASPERFORMANCE","T_CURSOR; V_REPORT_AZ_EMP_PROGRESS; V_REPORT_AZ_PROGRESS","V_REPORT_AZ_EMP_PROGRESS; V_REPORT_AZ_PROGRESS",""
"PKG_AIS.P_GETOUTSTANDINGPARASAUDITYEAR","PKG_AIS","P_GETOUTSTANDINGPARASAUDITYEAR","T_CURSOR; T_AU_OBSERVATION_OLD_CAD_PARAS","T_AU_OBSERVATION_OLD_CAD_PARAS",""
"PKG_AIS.P_GETOLDPARASAUDITYEAR","PKG_AIS","P_GETOLDPARASAUDITYEAR","T_CURSOR; T_AU_OLD_PARAS_FAD","T_AU_OLD_PARAS_FAD",""
"PKG_AR.P_GETTASKLIST","PKG_AR","P_GETTASKLIST","T_CURSOR; T_NAME; T_AU_AUDIT_TEAM_TASKLIST; T_AU_AUDIT_TEAMS; T_AU_AUDIT_TEAM_TASKLIST_STATUS; T_AU_TEAM_MEMBERS; T_ID; T_AU_PLAN_ENG; T_AUDITEE_ENTITIES; T_AUDITEE_ENT_TYPES; T_AU_AUDIT_JOINING; T_AU_PERIOD; T_AUDITEE_ENTITIES_MAPING","T_AU_AUDIT_TEAM_TASKLIST; T_AU_AUDIT_TEAMS; T_AU_AUDIT_TEAM_TASKLIST_STATUS; T_AU_TEAM_MEMBERS; T_AU_PLAN_ENG; T_AUDITEE_ENTITIES; T_AUDITEE_ENT_TYPES; T_AU_AUDIT_JOINING; T_AU_PERIOD; T_AUDITEE_ENTITIES_MAPING",""
"PKG_AR.P_SETENGIDONHOLD","PKG_AR","P_SETENGIDONHOLD","T_AU_AUDIT_JOINING; T_AU_PLAN_ENG","","T_AU_AUDIT_JOINING; T_AU_PLAN_ENG"
"PKG_AR.P_GETJOININGDETAILS","PKG_AR","P_GETJOININGDETAILS","T_CURSOR; T_AU_AUDIT_TEAM_TASKLIST; T_AU_PLAN_ENG; T_AU_PLAN; T_AUDITEE_ENTITIES; T_AU_PERIOD; T_AU_TEAM_MEMBERS; T_AU_AUDIT_TEAMS; T_ID; T_RISK; T_AUDITEE_ENTITIES_SIZE_DISC","T_AU_AUDIT_TEAM_TASKLIST; T_AU_PLAN_ENG; T_AU_PLAN; T_AUDITEE_ENTITIES; T_AU_PERIOD; T_AU_TEAM_MEMBERS; T_AU_AUDIT_TEAMS; T_RISK; T_AUDITEE_ENTITIES_SIZE_DISC",""
"PKG_AR.P_ADDJOININGREPORT","PKG_AR","P_ADDJOININGREPORT","T_CURSOR; V_AUD_ENT_ID; V_IS_TEAMLEAD; V_PREV_LOG_ID; V_NEW_LOG_ID; V_JOINING_ID; V_ENTITY_TYPE; V_PLAN_ENDDATE; V_PENDING_CNT; V_EXISTING_JOIN; V_IS_SPECIAL_TYPE; V_NEXT_STATUS; V_EMAIL_TO; V_EMAIL_CC; V_AUDITEE_NAME; V_TEAM_LEAD_LINE; V_TEAM_MEMBERS; V_TEAM_ID; V_TEAM_COUNT; V_REMARKS; V_EMAIL_FLAG; V_TO_EMAIL; V_CC_EMAIL; V_OUT_NAME; V_TEAM; V_TEAM_LEAD; V_TEAM_MEMBERSO; V_ERRMSG; T_AU_PLAN_ENG; T_AU_AUDIT_TEAMS; T_AU_TEAM_MEMBERS; T_ID; T_AU_AUDIT_TEAM_TASKLIST; T_AU_ACTIVITY_LOG; T_AUDITEE_ENTITIES; T_AU_AUDIT_JOINING","T_AU_PLAN_ENG; T_AU_AUDIT_TEAMS; T_AU_TEAM_MEMBERS; T_AU_AUDIT_TEAM_TASKLIST; T_AU_ACTIVITY_LOG; DUAL; T_AUDITEE_ENTITIES; T_AU_AUDIT_JOINING","T_AU_ACTIVITY_LOG; JOINING; T_AU_AUDIT_JOINING; T_AU_AUDIT_TEAM_TASKLIST; AUDITEE; T_AUDITEE_ENTITIES"
"PKG_AR.P_GETAUDITCHECKLIST","PKG_AR","P_GETAUDITCHECKLIST","T_CURSOR; T_AUDIT_CHECKLIST; T_AUDITEE_ENT_TYPES; T_ID","T_AUDIT_CHECKLIST; T_AUDITEE_ENT_TYPES",""
"PKG_AR.P_GETAUDITCHECKLISTCAD","PKG_AR","P_GETAUDITCHECKLISTCAD","T_CURSOR; T_AUDIT_CHECKLIST; T_ID","T_AUDIT_CHECKLIST",""
"PKG_AR.P_GETAUDITCHECKLISTSUB","PKG_AR","P_GETAUDITCHECKLISTSUB","T_CURSOR; T_NAME; T_AUDIT_CHECKLIST_SUB; T_AUDIT_CHECKLIST; T_ID; T_AUDITEE_ENT_TYPES","T_AUDIT_CHECKLIST_SUB; T_AUDIT_CHECKLIST; T_AUDITEE_ENT_TYPES",""
"PKG_AR.P_GETAUDITCHECKLISTDETAILS","PKG_AR","P_GETAUDITCHECKLISTDETAILS","T_CURSOR; V_NAME; T_AUDIT_CHECKLIST_DETAILS; T_AUDIT_CHECKLIST_SUB; T_R_SUB_GROUP; V_ID; T_RISK","T_AUDIT_CHECKLIST_DETAILS; T_AUDIT_CHECKLIST_SUB; T_R_SUB_GROUP; T_RISK",""
"PKG_AR.P_GETAUDITEECHECKKLIST","PKG_AR","P_GETAUDITEECHECKKLIST","T_CURSOR; T_AUDITEE_CHECKKLIST; T_AUDIT_CHECKLIST_DETAILS; T_AUDIT_CHECKLIST_SUB; T_AU_OBSERVATION; T_AU_OBSERVATION_TEXT","T_AUDITEE_CHECKKLIST; T_AUDIT_CHECKLIST_DETAILS; T_AUDIT_CHECKLIST_SUB; T_AU_OBSERVATION; T_AU_OBSERVATION_TEXT",""
"PKG_AR.P_GETRISKGROUP","PKG_AR","P_GETRISKGROUP","T_CURSOR; T_R_GROUP","T_R_GROUP",""
"PKG_AR.P_GETRISKSUBGROUP","PKG_AR","P_GETRISKSUBGROUP","T_CURSOR; T_R_SUB_GROUP; T_R_GROUP","T_R_SUB_GROUP; T_R_GROUP",""
"PKG_AR.P_GETRISKACTIVITIES","PKG_AR","P_GETRISKACTIVITIES","T_CURSOR; T_R_ACTIVITY; T_R_SUB_GROUP","T_R_ACTIVITY; T_R_SUB_GROUP",""
"PKG_AR.P_GETAUDITVOILATIONCATS","PKG_AR","P_GETAUDITVOILATIONCATS","T_CURSOR; T_CONTROL_VIOLATION","T_CONTROL_VIOLATION",""
"PKG_AR.P_GETVOILATIONSUBGROUP","PKG_AR","P_GETVOILATIONSUBGROUP","T_CURSOR; T_CONTROL_VIOLATION; T_CONTROL_VIOLATION_SUB; V_ID","T_CONTROL_VIOLATION; T_CONTROL_VIOLATION_SUB",""
"PKG_AR.P_GETAUDITCHECKLISTDETAILS_SEARCH","PKG_AR","P_GETAUDITCHECKLISTDETAILS_SEARCH","T_CURSOR; T_AUDIT_CHECKLIST_DETAILS; T_AUDIT_CHECKLIST_SUB; T_AUDIT_CHECKLIST; T_ID; T_RISK","T_AUDIT_CHECKLIST_DETAILS; T_AUDIT_CHECKLIST_SUB; T_AUDIT_CHECKLIST; T_RISK",""
"PKG_AR.P_SAVEAUDITOBSERVATIONCAD","PKG_AR","P_SAVEAUDITOBSERVATIONCAD","T_AU_OBSERVATION; T_AU_OBSERVATION_TEXT; T_CURSOR; V_F; M_F; T_F; T_AU_ACTIVITY_LOG; T_AU_PLAN_ENG; T_AUDITEE_ENTITIES; T_AUDIT_CHECKLIST_DETAILS; T_ID; T_AUDIT_CHECKLIST_SUB; V_CAT_ID; V_CAT_NATURE_ID; T_AU_REMARKS","T_AU_OBSERVATION; T_AU_ACTIVITY_LOG; T_AU_PLAN_ENG; T_AUDITEE_ENTITIES; T_AUDIT_CHECKLIST_DETAILS; T_AUDIT_CHECKLIST_SUB; T_AU_OBSERVATION_TEXT; T_AU_REMARKS","T_AU_ACTIVITY_LOG; T_AU_OBSERVATION; T_AU_OBSERVATION_TEXT"
"PKG_AR.P_SAVEAUDITOBSERVATION","PKG_AR","P_SAVEAUDITOBSERVATION","T_AU_OBSERVATION; V_CAT_ID; V_CAT_NATURE_ID; T_AU_OBSERVATION_TEXT; T_CURSOR; T_AUDIT_CHECKLIST_DETAILS; T_ID; T_AUDIT_CHECKLIST_SUB; T_AU_PLAN_ENG; T_AUDITEE_ENT_TYPES; T_AU_ACTIVITY_LOG; T_AUDITEE_CHECKKLIST; T_AU_REMARKS","T_AU_OBSERVATION; T_AUDIT_CHECKLIST_DETAILS; T_AUDIT_CHECKLIST_SUB; T_AU_PLAN_ENG; T_AUDITEE_ENT_TYPES; T_AU_ACTIVITY_LOG; T_AU_OBSERVATION_TEXT; T_AU_REMARKS","T_AU_ACTIVITY_LOG; T_AU_OBSERVATION; T_AU_OBSERVATION_TEXT; T_AUDITEE_CHECKKLIST"
"PKG_AR.P_RESPONIBILITYASSIGNED","PKG_AR","P_RESPONIBILITYASSIGNED","T_CURSOR; V_NEW_ID; V_ERR_MSG; T_AU_OBSERVATION_RESPONIBILITY_ASSIGNED; T_AU_RESPONSIBILITY_LOG","T_AU_OBSERVATION_RESPONIBILITY_ASSIGNED; DUAL","T_AU_OBSERVATION_RESPONIBILITY_ASSIGNED; T_AU_RESPONSIBILITY_LOG"
"PKG_AR.P_UPDATEOBSERVATION","PKG_AR","P_UPDATEOBSERVATION","T_CURSOR; V_F; T_AU_ACTIVITY_LOG; T_AU_AUDIT_TEAM_TASKLIST; T_AU_OBSERVATION; T_AU_OBSERVATION_TEXT; T_AU_REMARKS","T_AU_ACTIVITY_LOG; T_AU_AUDIT_TEAM_TASKLIST; T_AU_OBSERVATION; T_AU_REMARKS; DUAL","T_AU_ACTIVITY_LOG; T_AU_OBSERVATION_TEXT; T_AU_OBSERVATION"
"PKG_AR.P_DROPAUDITOBSERVATION","PKG_AR","P_DROPAUDITOBSERVATION","T_CURSOR; V_F; T_L; T_AU_ACTIVITY_LOG; T_AU_OBSERVATION; T_AU_AUDIT_TEAM_TASKLIST; T_AU_TEAM_MEMBERS; T_ID; T_USER_MAPING; T_AU_REMARKS","T_AU_ACTIVITY_LOG; T_AU_OBSERVATION; T_AU_AUDIT_TEAM_TASKLIST; T_AU_TEAM_MEMBERS; T_USER_MAPING; T_AU_REMARKS","T_AU_ACTIVITY_LOG; T_AU_OBSERVATION"
"PKG_AR.P_GET_AUDITEE_SUBMISSION_LIST","PKG_AR","P_GET_AUDITEE_SUBMISSION_LIST","T_CURSOR; T_AUDITEE_ENTITIES","T_AUDITEE_ENTITIES",""
"PKG_AR.P_SUBMITAUDITOBSERVATIONTOAUDITEE","PKG_AR","P_SUBMITAUDITOBSERVATIONTOAUDITEE","T_CURSOR; T_AU_OBSERVATION; T_AU_OBSERVATION_TEXT; T_AU_AUDIT_TEAM_TASKLIST; T_AU_TEAM_MEMBERS; T_ID; T_AU_ACTIVITY_LOG; T_AUDITEE_ENTITEE_SUBENTITY; T_AU_OBSERVATION_ASSIGNEDTO; M_F; T_AU_REMARKS","T_AU_OBSERVATION; T_AU_OBSERVATION_TEXT; T_AU_AUDIT_TEAM_TASKLIST; T_AU_TEAM_MEMBERS; T_AU_ACTIVITY_LOG; T_AUDITEE_ENTITEE_SUBENTITY; T_AU_OBSERVATION_ASSIGNEDTO; DUAL; T_AU_REMARKS","T_AU_ACTIVITY_LOG; T_AU_OBSERVATION_ASSIGNEDTO; T_AU_OBSERVATION; T_AU_OBSERVATION_TEXT"
"PKG_AR.P_GETLATESTAUDITEERESPONSE","PKG_AR","P_GETLATESTAUDITEERESPONSE","T_CURSOR; T_AU_OBSERVATIONS_AUDITEE_RESPONSE","T_AU_OBSERVATIONS_AUDITEE_RESPONSE",""
"PKG_AR.P_GETOBSERVATIONSAUDITEERESPONSE","PKG_AR","P_GETOBSERVATIONSAUDITEERESPONSE","T_CURSOR; T_AU_OBSERVATIONS_AUDITEE_RESPONSE","T_AU_OBSERVATIONS_AUDITEE_RESPONSE",""
"PKG_AR.P_GET_AUDITEE_OBSERVATION_RESPONSE_EVIDENCES","PKG_AR","P_GET_AUDITEE_OBSERVATION_RESPONSE_EVIDENCES","T_AU_OBSERVATIONS_AUDITEE_EVIDENCES; T_CURSOR","T_AU_OBSERVATIONS_AUDITEE_EVIDENCES",""
"PKG_AR.P_GET_AUDITEE_OBSERVATION_RESPONSE_EVIDENCES_BY_OBS_ID","PKG_AR","P_GET_AUDITEE_OBSERVATION_RESPONSE_EVIDENCES_BY_OBS_ID","T_AU_OBSERVATION; T_CURSOR; T_AU_OBSERVATIONS_AUDITEE_EVIDENCES; T_AU_OBSERVATION_TEXT","T_AU_OBSERVATIONS_AUDITEE_EVIDENCES; T_AU_OBSERVATION_TEXT",""
"PKG_AR.P_GET_AUDITEE_OBSERVATION_RESPONSE_EVIDENCES_FILEDATA","PKG_AR","P_GET_AUDITEE_OBSERVATION_RESPONSE_EVIDENCES_FILEDATA","T_CURSOR; T_AU_OBSERVATIONS_AUDITEE_EVIDENCES","T_AU_OBSERVATIONS_AUDITEE_EVIDENCES",""
"PKG_AR.P_UPDATEAUDITOBSERVATIONSTATUS","PKG_AR","P_UPDATEAUDITOBSERVATIONSTATUS","T_CURSOR; T_AU_ACTIVITY_LOG; T_AU_TEAM_MEMBERS; T_AU_AUDIT_TEAM_TASKLIST; T_ID; T_AU_OBSERVATION; T_AU_OBSERVATIONS_AUDITEE_RESPONSE; T_AU_OBSERVATION_STATUS; T_AU_REMARKS","T_AU_ACTIVITY_LOG; T_AU_TEAM_MEMBERS; T_AU_AUDIT_TEAM_TASKLIST; T_AU_OBSERVATION; T_AU_OBSERVATION_STATUS; T_AU_REMARKS","T_AU_ACTIVITY_LOG; T_AU_OBSERVATIONS_AUDITEE_RESPONSE; T_AU_OBSERVATION"
"PKG_AR.AUDITOR_RESPONSE","PKG_AR","AUDITOR_RESPONSE","T_AU_OBSERVATIONS_AUDITOR_RECOMMENDATION; T_AU_OBSERVATION_TEXT","T_AU_OBSERVATIONS_AUDITOR_RECOMMENDATION; T_AU_OBSERVATION_TEXT","T_AU_OBSERVATIONS_AUDITOR_RECOMMENDATION"
"PKG_AR.AUDITOR_REPLY","PKG_AR","AUDITOR_REPLY","T_AU_OBSERVATIONS_AUDITOR_REPLY; T_AU_OBSERVATION_TEXT; T_GROUPS; T_USER_MAPING","T_AU_OBSERVATIONS_AUDITOR_REPLY; T_AU_OBSERVATION_TEXT; T_GROUPS; T_USER_MAPING","T_AU_OBSERVATIONS_AUDITOR_REPLY"
"PKG_AR.P_GETLATESTAUDITORRESPONSE","PKG_AR","P_GETLATESTAUDITORRESPONSE","T_CURSOR; T_AU_OBSERVATIONS_AUDITOR_RECOMMENDATION","T_AU_OBSERVATIONS_AUDITOR_RECOMMENDATION",""
"PKG_AR.P_GETLATESTDEPARTMENTALHEADRESPONSE","PKG_AR","P_GETLATESTDEPARTMENTALHEADRESPONSE","T_CURSOR; T_AU_OBSERVATIONS_AUDITOR_REPLY","T_AU_OBSERVATIONS_AUDITOR_REPLY",""
"PKG_AR.P_GETOBSERVATIONENTITIES","PKG_AR","P_GETOBSERVATIONENTITIES","T_CURSOR; V_F; T_USER_MAPING; T_USER; T_AU_AUDIT_JOINING; T_AU_PLAN_ENG; T_AUDITEE_ENTITIES; T_AU_PERIOD; T_AUDITEE_ENTITIES_MAPING; T_AUDITEE_ENTITIES_MAPING_FAD","T_USER_MAPING; T_USER; T_AU_AUDIT_JOINING; T_AU_PLAN_ENG; T_AUDITEE_ENTITIES; T_AU_PERIOD; T_AUDITEE_ENTITIES_MAPING; T_AUDITEE_ENTITIES_MAPING_FAD",""
"PKG_AR.P_GETMANAGEDOBSERVATIONS","PKG_AR","P_GETMANAGEDOBSERVATIONS","T_CURSOR; V_NAME; T_AU_OBSERVATION; T_AU_PLAN_ENG; T_AUDITEE_ENTITIES; T_CONTROL_VIOLATION; V_CAT_ID; T_CONTROL_VIOLATION_SUB; V_CAT_NATURE_ID; T_RISK; T_AU_OBSERVATION_STATUS; T_AU_PERIOD; T_AU_OBSERVATION_TEXT","T_AU_OBSERVATION; T_AU_PLAN_ENG; T_AUDITEE_ENTITIES; T_CONTROL_VIOLATION; T_CONTROL_VIOLATION_SUB; T_RISK; T_AU_OBSERVATION_STATUS; T_AU_PERIOD; T_AU_OBSERVATION_TEXT",""
"PKG_AR.P_GETMANAGEDOBSERVATIONSTEXT","PKG_AR","P_GETMANAGEDOBSERVATIONSTEXT","T_CURSOR; V_NAME; T_AU_OBSERVATION; T_AU_PLAN_ENG; T_AU_OBSERVATION_TEXT; T_CONTROL_VIOLATION; V_CAT_ID; T_CONTROL_VIOLATION_SUB; V_CAT_NATURE_ID; T_RISK; T_AU_OBSERVATION_STATUS; T_AU_PERIOD","T_AU_OBSERVATION; T_AU_PLAN_ENG; T_AU_OBSERVATION_TEXT; T_CONTROL_VIOLATION; T_CONTROL_VIOLATION_SUB; T_RISK; T_AU_OBSERVATION_STATUS; T_AU_PERIOD",""
"PKG_AR.P_GETMANAGEDOBSERVATIONSFORBRANCHES","PKG_AR","P_GETMANAGEDOBSERVATIONSFORBRANCHES","T_CURSOR; T_AU_OBSERVATION; T_AU_PLAN_ENG; T_AUDITEE_ENTITIES; T_AU_OBSERVATION_STATUS; T_AU_PERIOD; T_AU_OBSERVATION_TEXT; T_AUDIT_CHECKLIST_ANNEXURE; T_RISK","T_AU_OBSERVATION; T_AU_PLAN_ENG; T_AUDITEE_ENTITIES; T_AU_OBSERVATION_STATUS; T_AU_PERIOD; T_AU_OBSERVATION_TEXT; T_AUDIT_CHECKLIST_ANNEXURE; T_RISK",""
"PKG_AR.P_GETMANAGEDOBSERVATIONSFORBRANCHESTEXT","PKG_AR","P_GETMANAGEDOBSERVATIONSFORBRANCHESTEXT","T_CURSOR; T_ID; T_AU_OBSERVATION; T_AU_PLAN_ENG; T_AU_OBSERVATION_TEXT; T_AUDIT_CHECKLIST_DETAILS; T_AUDIT_CHECKLIST_SUB; T_AUDIT_CHECKLIST","T_AU_OBSERVATION; T_AU_PLAN_ENG; T_AU_OBSERVATION_TEXT; T_AUDIT_CHECKLIST_DETAILS; T_AUDIT_CHECKLIST_SUB; T_AUDIT_CHECKLIST",""
"PKG_AR.P_GETMANAGEDDRAFTOBSERVATIONS","PKG_AR","P_GETMANAGEDDRAFTOBSERVATIONS","T_CURSOR; M_F; T_AU_OBSERVATION; T_AU_PLAN_ENG; T_AU_OBSERVATION_TEXT; T_AUDITEE_ENTITIES; T_RISK; T_AU_OBSERVATION_STATUS; T_AU_PERIOD; T_AUDIT_CHECKLIST_DETAILS; T_AUDIT_CHECKLIST_SUB; T_AUDIT_CHECKLIST; T_ID; T_AU_OBSERVATIONS_AUDITOR_RESPONSE; V_NAME; T_CONTROL_VIOLATION; V_CAT_ID; T_CONTROL_VIOLATION_SUB; V_CAT_NATURE_ID","T_AU_OBSERVATION; T_AU_PLAN_ENG; T_AU_OBSERVATION_TEXT; T_AUDITEE_ENTITIES; T_RISK; T_AU_OBSERVATION_STATUS; T_AU_PERIOD; T_AUDIT_CHECKLIST_DETAILS; T_AUDIT_CHECKLIST_SUB; T_AUDIT_CHECKLIST; T_AU_OBSERVATIONS_AUDITOR_RESPONSE; T_CONTROL_VIOLATION; T_CONTROL_VIOLATION_SUB",""
"PKG_AR.P_GETMANAGEDDRAFTOBSERVATIONSBRANCH","PKG_AR","P_GETMANAGEDDRAFTOBSERVATIONSBRANCH","T_CURSOR; M_F; T_AU_OBSERVATION; T_AU_PLAN_ENG; T_AU_OBSERVATION_TEXT; T_AUDITEE_ENTITIES; T_RISK; T_AU_OBSERVATION_STATUS; T_AU_PERIOD; T_AUDIT_CHECKLIST_DETAILS; T_AUDIT_CHECKLIST_SUB; T_AUDIT_CHECKLIST; T_ID; T_AU_OBSERVATIONS_AUDITOR_RESPONSE","T_AU_OBSERVATION; T_AU_PLAN_ENG; T_AU_OBSERVATION_TEXT; T_AUDITEE_ENTITIES; T_RISK; T_AU_OBSERVATION_STATUS; T_AU_PERIOD; T_AUDIT_CHECKLIST_DETAILS; T_AUDIT_CHECKLIST_SUB; T_AUDIT_CHECKLIST; T_AU_OBSERVATIONS_AUDITOR_RESPONSE",""
"PKG_AR.P_GETMANAGEDDRAFTOBSERVATIONSTEXT","PKG_AR","P_GETMANAGEDDRAFTOBSERVATIONSTEXT","T_CURSOR; T_AU_OBSERVATION_TEXT","T_AU_OBSERVATION_TEXT",""
"PKG_AR.P_GETMANAGEDDRAFTOBSERVATIONSFORBRANCHES","PKG_AR","P_GETMANAGEDDRAFTOBSERVATIONSFORBRANCHES","T_CURSOR; T_AU_OBSERVATION; T_AU_PLAN_ENG; T_AU_OBSERVATION_TEXT; T_AUDITEE_ENTITIES; T_AUDIT_CHECKLIST_DETAILS; T_AUDIT_CHECKLIST_SUB; T_AUDIT_CHECKLIST; T_ID; T_RISK; T_AU_OBSERVATION_STATUS; T_AU_PERIOD; T_AU_OBSERVATIONS_AUDITOR_RESPONSE","T_AU_OBSERVATION; T_AU_PLAN_ENG; T_AU_OBSERVATION_TEXT; T_AUDITEE_ENTITIES; T_AUDIT_CHECKLIST_DETAILS; T_AUDIT_CHECKLIST_SUB; T_AUDIT_CHECKLIST; T_RISK; T_AU_OBSERVATION_STATUS; T_AU_PERIOD; T_AU_OBSERVATIONS_AUDITOR_RESPONSE",""
"PKG_AR.P_GETCLOSINGDRAFTOBSERVATIONS","PKG_AR","P_GETCLOSINGDRAFTOBSERVATIONS","T_CURSOR; V_F; T_AU_AUDIT_TEAM_TASKLIST; T_AUDITEE_ENTITIES; T_AU_PLAN_ENG; T_AU_AUDIT_JOINING; V_GETCLOSINGDRAFT_TEAMMEMBER_SUMMARY; V_GETCLOSINGDRAFT_STATUS_SUMMARY; V_GETCLOSINGDRAFT_TEAM_SUMMARY","T_AU_AUDIT_TEAM_TASKLIST; T_AUDITEE_ENTITIES; T_AU_PLAN_ENG; T_AU_AUDIT_JOINING; V_GETCLOSINGDRAFT_TEAMMEMBER_SUMMARY; V_GETCLOSINGDRAFT_STATUS_SUMMARY; V_GETCLOSINGDRAFT_TEAM_SUMMARY",""
"PKG_AR.P_CLOSEAUDIT","PKG_AR","P_CLOSEAUDIT","T_CURSOR; T_L; M_F; T_AU_AUDIT_TEAM_TASKLIST; T_AU_TEAM_MEMBERS; T_ID; T_AU_OBSERVATION; T_AU_REMARKS; T_AU_AUDIT_JOINING; T_AU_PLAN_ENG; T_AU_AUDIT_TEAMS; T_AU_PLAN_ENG_LOG","T_AU_AUDIT_TEAM_TASKLIST; T_AU_TEAM_MEMBERS; T_AU_OBSERVATION; T_AU_REMARKS; T_AU_PLAN_ENG_LOG","T_AU_AUDIT_JOINING; T_AU_AUDIT_TEAM_TASKLIST; T_AU_PLAN_ENG; T_AU_AUDIT_TEAMS; T_AU_PLAN_ENG_LOG"
"PKG_AR.P_GET_DETAILS_FOR_MANAGE_OBSERVATIONS_SUMMARY","PKG_AR","P_GET_DETAILS_FOR_MANAGE_OBSERVATIONS_SUMMARY","T_CURSOR; V_GET_P_GET_DETAILS_FOR_MANAGE_OBSERVATIONS_SUMMARY","V_GET_P_GET_DETAILS_FOR_MANAGE_OBSERVATIONS_SUMMARY",""
"PKG_AR.P_GETENTITIESFORLEGACYPARA","PKG_AR","P_GETENTITIESFORLEGACYPARA","T_CURSOR; T_AU_OBSERVATION_OLD_CAD_PARAS; T_AUDITEE_ENTITIES; T_AU_OBSERVATION_OLD_CAD_PARAS_TEXT; T_AU_OLD_PARAS_FAD","T_AU_OBSERVATION_OLD_CAD_PARAS; T_AUDITEE_ENTITIES; T_AU_OBSERVATION_OLD_CAD_PARAS_TEXT; T_AU_OLD_PARAS_FAD",""
"PKG_AR.P_GETENTITIESFORLEGACYPARA_HO","PKG_AR","P_GETENTITIESFORLEGACYPARA_HO","T_CURSOR; T_AU_OBSERVATION_OLD_CAD_PARAS; T_AUDITEE_ENTITIES; T_AU_OBSERVATION_OLD_CAD_PARAS_TEXT","T_AU_OBSERVATION_OLD_CAD_PARAS; T_AUDITEE_ENTITIES; T_AU_OBSERVATION_OLD_CAD_PARAS_TEXT",""
"PKG_AR.P_GETENTITIESFORLEGACYPARA_HO_REPORT","PKG_AR","P_GETENTITIESFORLEGACYPARA_HO_REPORT","T_CURSOR; T_AU_OBSERVATION_OLD_CAD_PARAS; T_AUDITEE_ENTITIES; T_AU_OBSERVATION_OLD_CAD_PARAS_TEXT","T_AU_OBSERVATION_OLD_CAD_PARAS; T_AUDITEE_ENTITIES; T_AU_OBSERVATION_OLD_CAD_PARAS_TEXT",""
"PKG_AR.P_GETLEAGACYOBSERVATIONS_HO","PKG_AR","P_GETLEAGACYOBSERVATIONS_HO","T_CURSOR; T_AU_ERROR_LOGS; T_AU_OBSERVATION_OLD_CAD_PARAS; T_AUDITEE_ENTITIES; T_AU_OBSERVATION_OLD_CAD_PARAS_TEXT; V_CAT_ID; V_CAT_NATURE_ID; T_CONTROL_VIOLATION_SUB; T_AU_DATA_VALIDATION_HO_LOG","T_AU_ERROR_LOGS; DUAL; T_AU_OBSERVATION_OLD_CAD_PARAS; T_AUDITEE_ENTITIES; T_AU_OBSERVATION_OLD_CAD_PARAS_TEXT; T_CONTROL_VIOLATION_SUB; T_AU_DATA_VALIDATION_HO_LOG","T_AU_ERROR_LOGS; T_AU_DATA_VALIDATION_HO_LOG"
"PKG_AR.P_SETTEL_LEGACY_PARA_HO","PKG_AR","P_SETTEL_LEGACY_PARA_HO","T_CURSOR; T_AU_OBSERVATION_OLD_CAD_PARAS; T_AU_OBSERVATION_OLD_CAD_PARAS_SETTLE_LOG; T_AU_DATA_VALIDATION_HO_LOG","T_AU_DATA_VALIDATION_HO_LOG; DUAL","T_AU_OBSERVATION_OLD_CAD_PARAS; T_AU_OBSERVATION_OLD_CAD_PARAS_SETTLE_LOG"
"PKG_AR.P_DELETE_LEGACY_PARA_HO","PKG_AR","P_DELETE_LEGACY_PARA_HO","T_CURSOR; T_AU_OBSERVATION_OLD_CAD_PARAS; T_AU_OBSERVATION_OLD_CAD_PARAS_SETTLE_LOG; T_AU_DATA_VALIDATION_HO_LOG","T_AU_DATA_VALIDATION_HO_LOG; DUAL","T_AU_OBSERVATION_OLD_CAD_PARAS; T_AU_OBSERVATION_OLD_CAD_PARAS_SETTLE_LOG"
"PKG_AR.P_GETLEAGACYOBSERVATIONS","PKG_AR","P_GETLEAGACYOBSERVATIONS","T_CURSOR; V_F; T_AUDITEE_ENTITIES; T_AU_ERROR_LOGS; T_AU_OBSERVATION_OLD_CAD_PARAS; V_CAT_ID; V_CAT_NATURE_ID; T_AU_OBSERVATION_OLD_CAD_PARAS_TEXT; T_AU_OLD_PARAS_FAD; T_AU_OLD_PARAS_FAD_TEXT; T_AU_OLD_PARAS_FAD_LOG","T_AUDITEE_ENTITIES; T_AU_ERROR_LOGS; DUAL; T_AU_OBSERVATION_OLD_CAD_PARAS; T_AU_OBSERVATION_OLD_CAD_PARAS_TEXT; T_AU_OLD_PARAS_FAD; T_AU_OLD_PARAS_FAD_TEXT; T_AU_OLD_PARAS_FAD_LOG","T_AU_ERROR_LOGS; T_AU_OLD_PARAS_FAD_LOG"
"PKG_AR.P_GET_LEGACY_PARA_RESPONSIBLES","PKG_AR","P_GET_LEGACY_PARA_RESPONSIBLES","T_CURSOR; T_AU_OLD_PARAS_FAD_RESPONSIBILITY_ASSIGNED; T_AU_OBSERVATION_OLD_PARAS_RESPONIBILITY_ASSIGNED; V_SERVICE_EMPLOYEEINFO","T_AU_OLD_PARAS_FAD_RESPONSIBILITY_ASSIGNED; T_AU_OBSERVATION_OLD_PARAS_RESPONIBILITY_ASSIGNED; V_SERVICE_EMPLOYEEINFO",""
"PKG_AR.P_UPDATE_LEGACY_PARA_TEXT","PKG_AR","P_UPDATE_LEGACY_PARA_TEXT","T_CURSOR; V_F; T_F; T_AU_OLD_PARAS_FAD; T_AUDITEE_ENTITIES; AIS_T_AU_POST_COMPLIANCE; T_USER; T_AU_OLD_PARAS_FAD_TEXT; T_AU_OBSERVATION_OLD_CAD_PARAS_TEXT; T_AU_OBSERVATION_OLD_CAD_PARAS; V_CAT_ID; V_CAT_NATURE_ID; T_AU_DATA_VALIDATION_HO_LOG; T_AU_OLD_PARAS_FAD_LOG; T_AU_REMARKS; T_AU_ERROR_LOGS","T_AU_OLD_PARAS_FAD; T_AUDITEE_ENTITIES; AIS_T_AU_POST_COMPLIANCE; T_USER; T_AU_OLD_PARAS_FAD_TEXT; T_AU_OBSERVATION_OLD_CAD_PARAS_TEXT; T_AU_REMARKS; T_AU_ERROR_LOGS; DUAL","AIS_T_AU_POST_COMPLIANCE; T_AU_OBSERVATION_OLD_CAD_PARAS_TEXT; T_AU_OBSERVATION_OLD_CAD_PARAS; T_AU_DATA_VALIDATION_HO_LOG; T_AU_OLD_PARAS_FAD_TEXT; T_AU_OLD_PARAS_FAD; T_AU_OLD_PARAS_FAD_LOG; T_AU_ERROR_LOGS"
"PKG_AR.P_ADD_PARA_RESPONSIBILITY","PKG_AR","P_ADD_PARA_RESPONSIBILITY","T_CURSOR; T_AU_OLD_PARAS_FAD_RESPONSIBILITY_ASSIGNED; T_AU_OLD_PARAS_FAD_LOG; T_AU_ERROR_LOGS","T_AU_OLD_PARAS_FAD_RESPONSIBILITY_ASSIGNED; DUAL; T_AU_ERROR_LOGS","T_AU_OLD_PARAS_FAD_RESPONSIBILITY_ASSIGNED; T_AU_OLD_PARAS_FAD_LOG; T_AU_ERROR_LOGS"
"PKG_AR.P_DELETE_PARA_RESPONSIBILITY","PKG_AR","P_DELETE_PARA_RESPONSIBILITY","T_CURSOR; T_AU_OLD_PARAS_FAD_RESPONSIBILITY_ASSIGNED; T_AU_OBSERVATION_OLD_PARAS_RESPONIBILITY_ASSIGNED","T_AU_OLD_PARAS_FAD_RESPONSIBILITY_ASSIGNED; DUAL","T_AU_OBSERVATION_OLD_PARAS_RESPONIBILITY_ASSIGNED; T_AU_OLD_PARAS_FAD_RESPONSIBILITY_ASSIGNED"
"PKG_AR.P_NO_UPDATE_LEGACY_PARA_TEXT","PKG_AR","P_NO_UPDATE_LEGACY_PARA_TEXT","T_CURSOR; T_F; T_AU_OLD_PARAS_FAD_TEXT; T_AU_OLD_PARAS_FAD; T_AU_OLD_PARAS_FAD_LOG; T_AU_REMARKS; T_AU_ERROR_LOGS","T_AU_OLD_PARAS_FAD_TEXT; T_AU_REMARKS; T_AU_ERROR_LOGS; DUAL","T_AU_OLD_PARAS_FAD; T_AU_OLD_PARAS_FAD_LOG; T_AU_ERROR_LOGS"
"PKG_AR.P_GETLEAGACYOBSERVATIONS_FOR_GIST_UPDATE","PKG_AR","P_GETLEAGACYOBSERVATIONS_FOR_GIST_UPDATE","T_CURSOR; V_F; T_AUDITEE_ENTITIES; T_AU_ERROR_LOGS; T_AU_OBSERVATION_OLD_CAD_PARAS; T_AU_OLD_PARAS_GIST_UPDATE_LOG; V_CAT_ID; V_CAT_NATURE_ID; T_AU_OBSERVATION_OLD_CAD_PARAS_TEXT; T_AU_OLD_PARAS_FAD","T_AUDITEE_ENTITIES; T_AU_ERROR_LOGS; DUAL; T_AU_OBSERVATION_OLD_CAD_PARAS; T_AU_OLD_PARAS_GIST_UPDATE_LOG; T_AU_OBSERVATION_OLD_CAD_PARAS_TEXT; T_AU_OLD_PARAS_FAD","T_AU_ERROR_LOGS; T_AU_OLD_PARAS_GIST_UPDATE_LOG"
"PKG_AR.P_UPDATE_LEGACY_PARA_GIST","PKG_AR","P_UPDATE_LEGACY_PARA_GIST","T_CURSOR; T_AU_OLD_PARAS_GIST_UPDATE_LOG; T_AU_ERROR_LOGS","T_AU_OLD_PARAS_GIST_UPDATE_LOG; DUAL; T_AU_ERROR_LOGS","T_AU_OLD_PARAS_GIST_UPDATE_LOG; T_AU_ERROR_LOGS"
"PKG_AR.P_GET_LEGACY_PARA_TO_AUTHORIZE","PKG_AR","P_GET_LEGACY_PARA_TO_AUTHORIZE","T_CURSOR; T_AU_OBSERVATION_OLD_CAD_PARAS; T_AUDITEE_ENTITIES; T_AU_OLD_PARAS_GIST_UPDATE_LOG; T_AU_OLD_PARAS_FAD; T_AU_OLD_AUDIT_NATURE; T_AU_OLD_AUDIT_PERIOD","T_AU_OBSERVATION_OLD_CAD_PARAS; T_AUDITEE_ENTITIES; T_AU_OLD_PARAS_GIST_UPDATE_LOG; T_AU_OLD_PARAS_FAD; T_AU_OLD_AUDIT_NATURE; T_AU_OLD_AUDIT_PERIOD",""
"PKG_AR.P_AUTHORIZE_PARA_GIST","PKG_AR","P_AUTHORIZE_PARA_GIST","T_CURSOR; T_AU_OBSERVATION_OLD_CAD_PARAS; AIS_T_AU_POST_COMPLIANCE; T_AU_OLD_PARAS_GIST_UPDATE_LOG; T_AU_OLD_PARAS_FAD","DUAL","T_AU_OBSERVATION_OLD_CAD_PARAS; AIS_T_AU_POST_COMPLIANCE; T_AU_OLD_PARAS_GIST_UPDATE_LOG; T_AU_OLD_PARAS_FAD"
"PKG_AR.P_ADDLOANCASEFILE","PKG_AR","P_ADDLOANCASEFILE","T_WORKING_PAPER_LOAN_CASE_FILE; T_CURSOR","T_WORKING_PAPER_LOAN_CASE_FILE; DUAL","T_WORKING_PAPER_LOAN_CASE_FILE"
"PKG_AR.P_GETLOANCASEFILE","PKG_AR","P_GETLOANCASEFILE","T_CURSOR; V_ENGID; T_WORKING_PAPER_LOAN_CASE_FILE","DUAL; T_WORKING_PAPER_LOAN_CASE_FILE",""
"PKG_AR.P_ADDVOUCHERCHECKING","PKG_AR","P_ADDVOUCHERCHECKING","T_WORKING_PAPER_VOUCHER_CHECKING; V_NUMBER; T_CURSOR; V_ID","T_WORKING_PAPER_VOUCHER_CHECKING; DUAL","T_WORKING_PAPER_VOUCHER_CHECKING"
"PKG_AR.P_GETVOUCHERCHECKING","PKG_AR","P_GETVOUCHERCHECKING","T_CURSOR; T_WORKING_PAPER_VOUCHER_CHECKING","T_WORKING_PAPER_VOUCHER_CHECKING",""
"PKG_AR.P_ADDACCOUNTOPENINGDETAILS","PKG_AR","P_ADDACCOUNTOPENINGDETAILS","T_WORKING_PAPER_ACCOUNT_OPENING; V_NUMBER; T_CURSOR","T_WORKING_PAPER_ACCOUNT_OPENING; DUAL","T_WORKING_PAPER_ACCOUNT_OPENING"
"PKG_AR.P_GETACCOUNTOPENINGDETAILS","PKG_AR","P_GETACCOUNTOPENINGDETAILS","T_CURSOR; T_WORKING_PAPER_ACCOUNT_OPENING","T_WORKING_PAPER_ACCOUNT_OPENING",""
"PKG_AR.P_ADDFIXEDASSETSDETAILS","PKG_AR","P_ADDFIXEDASSETSDETAILS","T_WORKING_PAPER_FIXED_ASSETS; T_CURSOR","T_WORKING_PAPER_FIXED_ASSETS; DUAL","T_WORKING_PAPER_FIXED_ASSETS"
"PKG_AR.P_GETFIXEDASSETSDETAILS","PKG_AR","P_GETFIXEDASSETSDETAILS","T_CURSOR; T_WORKING_PAPER_FIXED_ASSETS","T_WORKING_PAPER_FIXED_ASSETS",""
"PKG_AR.P_ADDCASHCOUNTERDETAILS","PKG_AR","P_ADDCASHCOUNTERDETAILS","T_WORKING_PAPER_CASH_COUNT; T_CURSOR","T_WORKING_PAPER_CASH_COUNT; DUAL","T_WORKING_PAPER_CASH_COUNT"
"PKG_AR.P_GETCASHCOUNTERDETAILS","PKG_AR","P_GETCASHCOUNTERDETAILS","T_CURSOR; T_WORKING_PAPER_CASH_COUNT","T_WORKING_PAPER_CASH_COUNT",""
"PKG_AR.P_GET_ENTITIES_FOR_MANAGE_OBSERVATIONS","PKG_AR","P_GET_ENTITIES_FOR_MANAGE_OBSERVATIONS","T_CURSOR; T_AU_PLAN_ENG; T_AUDITEE_ENTITIES; T_AU_AUDIT_TEAM_TASKLIST; T_AUDITEE_ENTITIES_MAPING_FAD","T_AU_PLAN_ENG; T_AUDITEE_ENTITIES; T_AU_AUDIT_TEAM_TASKLIST; T_AUDITEE_ENTITIES_MAPING_FAD",""
"PKG_AR.P_GET_DETAILS_FOR_MANAGE_OBSERVATIONS","PKG_AR","P_GET_DETAILS_FOR_MANAGE_OBSERVATIONS","T_CURSOR; T_IND; T_AU_PLAN_ENG; T_AU_OBSERVATION; T_AU_OBSERVATION_TEXT; T_AUDITEE_ENT_TYPES; T_AUDITEE_ENTITIES; T_AU_OBSERVATION_STATUS","T_AU_PLAN_ENG; T_AU_OBSERVATION; T_AU_OBSERVATION_TEXT; T_AUDITEE_ENT_TYPES; T_AUDITEE_ENTITIES; T_AU_OBSERVATION_STATUS",""
"PKG_AR.P_GET_DETAILS_FOR_MANAGE_OBSERVATIONS_TEXT","PKG_AR","P_GET_DETAILS_FOR_MANAGE_OBSERVATIONS_TEXT","T_CURSOR; V_PARA_TEXT_FIELD_AIS; V_PARA_TEXT_DEPARTMENT_AIS","V_PARA_TEXT_FIELD_AIS; V_PARA_TEXT_DEPARTMENT_AIS",""
"PKG_AR.P_GETMANAGEAUDITPARASENTITIES","PKG_AR","P_GETMANAGEAUDITPARASENTITIES","T_CURSOR; T_AU_OBSERVATION_FAD; T_AUDITEE_ENTITIES","T_AU_OBSERVATION_FAD; T_AUDITEE_ENTITIES",""
"PKG_AR.P_GETOBSERVATIONSFORMANAGEAUDITPARAS","PKG_AR","P_GETOBSERVATIONSFORMANAGEAUDITPARAS","T_CURSOR; AIS_T_AU_POST_COMPLIANCE; T_RISK; T_AUDIT_CHECKLIST_ANNEXURE; T_AU_OBSERVATION_UPDATED_REFERENCE","AIS_T_AU_POST_COMPLIANCE; T_RISK; T_AUDIT_CHECKLIST_ANNEXURE; T_AU_OBSERVATION_UPDATED_REFERENCE",""
"PKG_AR.P_GETOBSERVATIONSDETAILSFORMANAGEAUDITPARAS","PKG_AR","P_GETOBSERVATIONSDETAILSFORMANAGEAUDITPARAS","T_CURSOR; AIS_T_AU_POST_COMPLIANCE; T_RISK; T_AUDIT_CHECKLIST_ANNEXURE; T_AU_OLD_PARAS_FAD_TEXT; T_AU_OBSERVATION_TEXT; T_AU_OBSERVATION_OLD_CAD_PARAS_TEXT","AIS_T_AU_POST_COMPLIANCE; T_RISK; T_AUDIT_CHECKLIST_ANNEXURE; T_AU_OLD_PARAS_FAD_TEXT; T_AU_OBSERVATION_TEXT; T_AU_OBSERVATION_OLD_CAD_PARAS_TEXT",""
"PKG_AR.GETRESPONSIBLEPPNOFOROLDPARA","PKG_AR","GETRESPONSIBLEPPNOFOROLDPARA","T_CURSOR; V_GET_AUDITEE_PARAS_FAD_COMPLIANCE_PPNO; V_SERVICE_EMPLOYEEINFO","V_GET_AUDITEE_PARAS_FAD_COMPLIANCE_PPNO; V_SERVICE_EMPLOYEEINFO",""
"PKG_AR.P_GET_RESPONSIBILITY","PKG_AR","P_GET_RESPONSIBILITY","T_CURSOR; V_GET_AUDITEE_PP_RESPONSIBILITY_FOR_AUTHORIZATION; V_SERVICE_EMPLOYEEINFO","V_GET_AUDITEE_PP_RESPONSIBILITY_FOR_AUTHORIZATION; V_SERVICE_EMPLOYEEINFO","IS"
"PKG_AR.P_UPDATE_AUDIT_PARAS","PKG_AR","P_UPDATE_AUDIT_PARAS","T_CURSOR; T_AU_OBSERVATION_UPDATED_REFERENCE","DUAL","T_AU_OBSERVATION_UPDATED_REFERENCE"
"PKG_AR.P_UPDATE_RESPONSIBILITY","PKG_AR","P_UPDATE_RESPONSIBILITY","T_CURSOR; V_F; V_ERR_MSG; T_AU_OBSERVATION_RESPONSIBILITY_UPDATED","T_AU_OBSERVATION_RESPONSIBILITY_UPDATED; DUAL","T_AU_OBSERVATION_RESPONSIBILITY_UPDATED"
"PKG_AR.P_GET_PARA_DETAILS_FOR_AUTHORIZE","PKG_AR","P_GET_PARA_DETAILS_FOR_AUTHORIZE","T_CURSOR; AIS_T_AU_POST_COMPLIANCE; T_RISK; T_AU_OBSERVATION_UPDATED_REFERENCE; T_AUDITEE_ENTITIES; T_AUDIT_CHECKLIST_ANNEXURE; T_AU_OLD_PARAS_FAD_TEXT; T_AU_OBSERVATION_TEXT; T_AU_OBSERVATION_OLD_CAD_PARAS_TEXT","AIS_T_AU_POST_COMPLIANCE; T_RISK; T_AU_OBSERVATION_UPDATED_REFERENCE; T_AUDITEE_ENTITIES; T_AUDIT_CHECKLIST_ANNEXURE; T_AU_OLD_PARAS_FAD_TEXT; T_AU_OBSERVATION_TEXT; T_AU_OBSERVATION_OLD_CAD_PARAS_TEXT",""
"PKG_AR.P_GET_PARA_CHANGES_FOR_AUTHORIZE","PKG_AR","P_GET_PARA_CHANGES_FOR_AUTHORIZE","T_CURSOR; T_AU_OBSERVATION_UPDATED_REFERENCE; T_AUDIT_CHECKLIST_ANNEXURE; T_RISK","T_AU_OBSERVATION_UPDATED_REFERENCE; T_AUDIT_CHECKLIST_ANNEXURE; T_RISK",""
"PKG_AR.P_GET_RESPONSIBILITY_FOR_AUTHORIZE","PKG_AR","P_GET_RESPONSIBILITY_FOR_AUTHORIZE","T_CURSOR; T_AU_OBSERVATION_RESPONSIBILITY_UPDATED; V_SERVICE_EMPLOYEEINFO","T_AU_OBSERVATION_RESPONSIBILITY_UPDATED; V_SERVICE_EMPLOYEEINFO",""
"PKG_AR.P_GET_OBSERVATION_TO_PRINT","PKG_AR","P_GET_OBSERVATION_TO_PRINT","T_CURSOR; T_AU_OBSERVATION; T_AU_PLAN_ENG; T_AU_TEAM_MEMBERS; T_ID; T_AUDITEE_ENTITIES; T_AUDIT_CHECKLIST_ANNEXURE; T_RISK; T_AU_OBSERVATION_TEXT","T_AU_OBSERVATION; T_AU_PLAN_ENG; T_AU_TEAM_MEMBERS; T_AUDITEE_ENTITIES; T_AUDIT_CHECKLIST_ANNEXURE; T_RISK; T_AU_OBSERVATION_TEXT",""
"PKG_AR.P_DELETE_RESPONSIBILITY","PKG_AR","P_DELETE_RESPONSIBILITY","T_CURSOR; T_AU_OBSERVATION; T_AU_OBSERVATION_RESPONIBILITY_ASSIGNED","T_AU_OBSERVATION; T_AU_OBSERVATION_RESPONIBILITY_ASSIGNED; DUAL","T_AU_OBSERVATION_RESPONIBILITY_ASSIGNED"
"PKG_AR.P_AUTHORIZE_UPDATE_AUDIT_PARAS","PKG_AR","P_AUTHORIZE_UPDATE_AUDIT_PARAS","T_CURSOR","",""
"PKG_AR.P_GET_LC_DETAILS","PKG_AR","P_GET_LC_DETAILS","T_CURSOR; V_LOAN_OUTSTANDING_AMOUNT; V_LOAN_SANCTION_PROCESS","V_LOAN_OUTSTANDING_AMOUNT; V_LOAN_SANCTION_PROCESS",""
"PKG_AR.P_DRAFT_DSA","PKG_AR","P_DRAFT_DSA","T_CURSOR; T_AU_DSA; T_AU_DSA_TEXT; T_AU_OBSERVATION_TEXT","T_AU_DSA; T_AU_DSA_TEXT; T_AU_OBSERVATION_TEXT; DUAL","T_AU_DSA; T_AU_DSA_TEXT"
"PKG_AR.P_GET_DSA_GUIDLINE","PKG_AR","P_GET_DSA_GUIDLINE","T_CURSOR; T_AU_DSA_GUIDELINES","T_AU_DSA_GUIDELINES",""
"PKG_AR.P_ADD_DSA_CHECKILIST","PKG_AR","P_ADD_DSA_CHECKILIST","T_AU_DSA_GUIDELINES_ADDED","T_AU_DSA_GUIDELINES_ADDED","T_AU_DSA_GUIDELINES_ADDED"
"PKG_AR.P_GET_DSA_LIST","PKG_AR","P_GET_DSA_LIST","T_CURSOR; T_AUDITEE_ENTITIES; T_AU_DSA; T_AU_DSA_TEXT; V_GET_AUDITEE_PP_RESPONSIBILITY; V_SERVICE_EMPLOYEEINFO; T_AU_OBSERVATION_TEXT; T_AU_PLAN_ENG; T_AU_PERIOD; T_AUDITEE_ENTITIES_MAPING; T_AU_DSA_STATUS","T_AUDITEE_ENTITIES; T_AU_DSA; T_AU_DSA_TEXT; V_GET_AUDITEE_PP_RESPONSIBILITY; V_SERVICE_EMPLOYEEINFO; T_AU_OBSERVATION_TEXT; T_AU_PLAN_ENG; T_AU_PERIOD; T_AUDITEE_ENTITIES_MAPING; T_AU_DSA_STATUS",""
"PKG_AR.P_GET_DSA_CONTENT","PKG_AR","P_GET_DSA_CONTENT","T_CURSOR; T_AU_DSA; T_AU_DSA_TEXT; T_AU_OBSERVATION_TEXT","T_AU_DSA; T_AU_DSA_TEXT; T_AU_OBSERVATION_TEXT",""
"PKG_AR.P_UPDATE_DSA_HEADING","PKG_AR","P_UPDATE_DSA_HEADING","T_CURSOR; T_AU_OBSERVATION_TEXT; T_AU_DSA","T_AU_DSA; DUAL","T_AU_OBSERVATION_TEXT; THE"
"PKG_AR.P_SUBMIT_DSA_TO_HEAD_FAD","PKG_AR","P_SUBMIT_DSA_TO_HEAD_FAD","T_CURSOR; T_AU_DSA","DUAL","T_AU_DSA"
"PKG_AR.P_REFFERED_BACK_DSA_BY_HEAD_FAD","PKG_AR","P_REFFERED_BACK_DSA_BY_HEAD_FAD","T_CURSOR; T_AU_DSA","DUAL","T_AU_DSA"
"PKG_AR.P_SUBMIT_DSA_BY_HEAD_FAD_TO_DPD","PKG_AR","P_SUBMIT_DSA_BY_HEAD_FAD_TO_DPD","T_CURSOR; T_AU_DSA","DUAL","T_AU_DSA"
"PKG_AR.P_REFFERED_BACK_DSA_BY_DPD","PKG_AR","P_REFFERED_BACK_DSA_BY_DPD","T_CURSOR; T_AU_DSA","DUAL","T_AU_DSA"
"PKG_AR.P_SUBMIT_DSA_BY_DPD_TO_COMMITTEE","PKG_AR","P_SUBMIT_DSA_BY_DPD_TO_COMMITTEE","T_CURSOR; T_AU_DSA","DUAL","T_AU_DSA"
"PKG_AR.P_RESPONIBILITYFOROLDPARA","PKG_AR","P_RESPONIBILITYFOROLDPARA","T_CURSOR; V_IND; V_MSG; V_ACTION; V_NEW_ID; AIS_T_AU_POST_COMPLIANCE; T_AU_OBSERVATION_RESPONSIBILITY_UPDATED","AIS_T_AU_POST_COMPLIANCE; DUAL; T_AU_OBSERVATION_RESPONSIBILITY_UPDATED","T_AU_OBSERVATION_RESPONSIBILITY_UPDATED; MULTIPLE"
"PKG_BAC.P_BAC_GET_ACTIONABLE_SNAP","PKG_BAC","P_BAC_GET_ACTIONABLE_SNAP","T_CURSOR; T_BAC_ACTIONABLE","T_BAC_ACTIONABLE",""
"PKG_BAC.P_BAC_GET_ACTIONABLE_SUM","PKG_BAC","P_BAC_GET_ACTIONABLE_SUM","T_CURSOR; V_GET_BAC_ACTIONABLE_SUMMARY; T_BAC_ACTIONABLE_UPDATES","V_GET_BAC_ACTIONABLE_SUMMARY; T_BAC_ACTIONABLE_UPDATES",""
"PKG_BAC.P_BAC_GET_ACTIONABLE","PKG_BAC","P_BAC_GET_ACTIONABLE","T_CURSOR; T_BAC_ACTIONABLE","T_BAC_ACTIONABLE",""
"PKG_BAC.P_BAC_GET_ACTIONABLE_MEETINGS_WITH_STATUS","PKG_BAC","P_BAC_GET_ACTIONABLE_MEETINGS_WITH_STATUS","T_CURSOR; T_BAC_ACTIONABLE","T_BAC_ACTIONABLE",""
"PKG_BAC.P_BAC_AGENDA","PKG_BAC","P_BAC_AGENDA","T_CURSOR; T_BAC_MEETINGS_AGENDA","T_BAC_MEETINGS_AGENDA",""
"PKG_BAC.P_CIA_ANALYSIS","PKG_BAC","P_CIA_ANALYSIS","T_CURSOR; T_AUDIT_CHECKLIST_ANNEXURE_PROCESS","T_AUDIT_CHECKLIST_ANNEXURE_PROCESS",""
"PKG_BAC.P_CIA_ANALYSIS_DETAILS","PKG_BAC","P_CIA_ANALYSIS_DETAILS","T_CURSOR; T_AUDIT_CHECKLIST_ANNEXURE_PROCESS; T_AUDIT_CHECKLIST_ANNEXURE_MAPPING; T_AUDIT_CHECKLIST_ANNEXURE; V_CIA_ANALYSIS","T_AUDIT_CHECKLIST_ANNEXURE_PROCESS; T_AUDIT_CHECKLIST_ANNEXURE_MAPPING; T_AUDIT_CHECKLIST_ANNEXURE; V_CIA_ANALYSIS",""
"PKG_BAC.P_CIA_ANALYSIS_DETAILS_PARA","PKG_BAC","P_CIA_ANALYSIS_DETAILS_PARA","T_CURSOR; V_F; T_AUDITEE_ENTITIES; T_AUDIT_CHECKLIST_ANNEXURE; AIS_T_AU_POST_COMPLIANCE; T_AUDITEE_ENTITIES_MAPING","DUAL; T_AUDITEE_ENTITIES; T_AUDIT_CHECKLIST_ANNEXURE; AIS_T_AU_POST_COMPLIANCE; T_AUDITEE_ENTITIES_MAPING",""
"PKG_BAC.P_CIA_ANALYSIS_SUMMARY","PKG_BAC","P_CIA_ANALYSIS_SUMMARY","T_CURSOR; V_F; T_AUDITEE_ENTITIES; T_AUDIT_CHECKLIST_ANNEXURE; AIS_T_AU_POST_COMPLIANCE; T_AUDITEE_ENTITIES_MAPING","DUAL; T_AUDITEE_ENTITIES; T_AUDIT_CHECKLIST_ANNEXURE; AIS_T_AU_POST_COMPLIANCE; T_AUDITEE_ENTITIES_MAPING",""
"PKG_CM.P_CAU_OM_YEAR","PKG_CM","P_CAU_OM_YEAR","T_CURSOR; T_CAU_PERIOD","T_CAU_PERIOD",""
"PKG_CM.P_CAU_OM_GET","PKG_CM","P_CAU_OM_GET","T_CAU_OM; T_CURSOR","T_CAU_OM",""
"PKG_CM.P_CAU_OM","PKG_CM","P_CAU_OM","T_CAU_OM; T_CURSOR","T_CAU_OM","T_CAU_OM"
"PKG_CM.P_CAU_OM_REPLY","PKG_CM","P_CAU_OM_REPLY","T_CAU_OM_RESPONSE; T_CURSOR; T_CAU_OM","T_CAU_OM","T_CAU_OM_RESPONSE"
"PKG_CM.P_CAU_AIR","PKG_CM","P_CAU_AIR","T_CAU_AIR; T_CURSOR","T_CAU_AIR; DUAL","T_CAU_AIR"
"PKG_CM.P_CAU_AIR_REPLY","PKG_CM","P_CAU_AIR_REPLY","T_CAU_AIR_RESPONSE; T_CURSOR","T_CAU_AIR_RESPONSE","T_CAU_AIR_RESPONSE"
"PKG_CM.T_CAU_PDP","PKG_CM","T_CAU_PDP","T_CAU_PDP; T_CAU_DAC_RECOMMENDATION; T_CURSOR","T_CAU_DAC_RECOMMENDATION","T_CAU_DAC_RECOMMENDATION"
"PKG_CM.P_CAU_ARPSE_YEAR","PKG_CM","P_CAU_ARPSE_YEAR","T_CURSOR; T_CAU_ARPSES_PERIOD","T_CAU_ARPSES_PERIOD",""
"PKG_CM.T_CAU_ARPSE","PKG_CM","T_CAU_ARPSE","T_CAU_ARPSE; T_CAU_PAC_DIRECTIVES; T_CURSOR","T_CAU_PAC_DIRECTIVES","T_CAU_PAC_DIRECTIVES"
"PKG_CM.P_CAUGETASSIGNEDOMS","PKG_CM","P_CAUGETASSIGNEDOMS","T_CURSOR; T_CAU_OM; T_CAU_STATUS","T_CAU_OM; T_CAU_STATUS",""
"PKG_COMMERCIAL_AUDIT.P_SAVE_OM","PKG_COMMERCIAL_AUDIT","P_SAVE_OM","V_OM_ID; V_IS_ACTIVE; V_EXISTS; T_COM_AUDIT_OM","T_COM_AUDIT_OM","T_COM_AUDIT_OM"
"PKG_COMMERCIAL_AUDIT.P_GET_OMS","PKG_COMMERCIAL_AUDIT","P_GET_OMS","T_CURSOR; T_COM_AUDIT_OM","T_COM_AUDIT_OM",""
"PKG_COMMERCIAL_AUDIT.P_SAVE_PDP","PKG_COMMERCIAL_AUDIT","P_SAVE_PDP","V_PDP_ID; V_IS_ACTIVE; V_EXISTS; T_COM_AUDIT_PDP","T_COM_AUDIT_PDP","T_COM_AUDIT_PDP"
"PKG_COMMERCIAL_AUDIT.P_GET_PDPS","PKG_COMMERCIAL_AUDIT","P_GET_PDPS","T_CURSOR; T_COM_AUDIT_PDP_OM_MAP; T_COM_AUDIT_OM; T_COM_AUDIT_PDP","T_COM_AUDIT_PDP_OM_MAP; T_COM_AUDIT_OM; T_COM_AUDIT_PDP",""
"PKG_COMMERCIAL_AUDIT.P_SAVE_PDP_OM_MAP","PKG_COMMERCIAL_AUDIT","P_SAVE_PDP_OM_MAP","V_IS_ACTIVE; V_PDP_EXISTS; V_OM_IDS; V_INVALID_COUNT; V_MISSING_OM_COUNT; T_COM_AUDIT_PDP; T_COM_AUDIT_PDP_OM_MAP; T_COM_AUDIT_OM","T_COM_AUDIT_PDP; T_COM_AUDIT_PDP_OM_MAP; DUAL; T_COM_AUDIT_OM","T_COM_AUDIT_PDP_OM_MAP"
"PKG_COMMERCIAL_AUDIT.P_GET_PDP_OM_MAP","PKG_COMMERCIAL_AUDIT","P_GET_PDP_OM_MAP","T_CURSOR; T_COM_AUDIT_PDP_OM_MAP; T_COM_AUDIT_OM","T_COM_AUDIT_PDP_OM_MAP; T_COM_AUDIT_OM",""
"PKG_COMMERCIAL_AUDIT.P_SAVE_ARPSE","PKG_COMMERCIAL_AUDIT","P_SAVE_ARPSE","V_ARPSE_ID; V_IS_ACTIVE; V_EXISTS; T_COM_AUDIT_ARPSE","T_COM_AUDIT_ARPSE","T_COM_AUDIT_ARPSE"
"PKG_COMMERCIAL_AUDIT.P_GET_ARPSE_HEADERS","PKG_COMMERCIAL_AUDIT","P_GET_ARPSE_HEADERS","T_CURSOR; T_COM_AUDIT_ARPSE","T_COM_AUDIT_ARPSE",""
"PKG_COMMERCIAL_AUDIT.P_SAVE_ARPSE_DAC","PKG_COMMERCIAL_AUDIT","P_SAVE_ARPSE_DAC","V_DAC_ENTRY_ID; V_IS_ACTIVE; V_EXISTS; T_COM_AUDIT_ARPSE; T_COM_AUDIT_ARPSE_DAC","T_COM_AUDIT_ARPSE; T_COM_AUDIT_ARPSE_DAC","T_COM_AUDIT_ARPSE_DAC"
"PKG_COMMERCIAL_AUDIT.P_GET_ARPSE_DAC_ENTRIES","PKG_COMMERCIAL_AUDIT","P_GET_ARPSE_DAC_ENTRIES","T_CURSOR; T_COM_AUDIT_ARPSE_DAC","T_COM_AUDIT_ARPSE_DAC",""
"PKG_COMMERCIAL_AUDIT.P_SAVE_ARPSE_PAC","PKG_COMMERCIAL_AUDIT","P_SAVE_ARPSE_PAC","V_PAC_ENTRY_ID; V_IS_ACTIVE; V_EXISTS; T_COM_AUDIT_ARPSE; T_COM_AUDIT_ARPSE_PAC","T_COM_AUDIT_ARPSE; T_COM_AUDIT_ARPSE_PAC","T_COM_AUDIT_ARPSE_PAC"
"PKG_COMMERCIAL_AUDIT.P_GET_ARPSE_PAC_ENTRIES","PKG_COMMERCIAL_AUDIT","P_GET_ARPSE_PAC_ENTRIES","T_CURSOR; T_COM_AUDIT_ARPSE_PAC","T_COM_AUDIT_ARPSE_PAC",""
"PKG_DB.P_GETREALTIONSHIPTYPE","PKG_DB","P_GETREALTIONSHIPTYPE","T_CURSOR; T_AUDITEE_ENT_RELATION; T_AUDITEE_ENTITIES_MAPING; T_AUDITEE_ENTITIES_MAPING_FUNCTION","T_AUDITEE_ENT_RELATION; T_AUDITEE_ENTITIES_MAPING; T_AUDITEE_ENTITIES_MAPING_FUNCTION",""
"PKG_DB.P_GETPARENTREPOFFICE","PKG_DB","P_GETPARENTREPOFFICE","T_CURSOR; T_AUDITEE_ENT_RELATION; T_AUDITEE_ENT_TYPES; T_AUDITEE_ENTITIES_MAPING","T_AUDITEE_ENT_RELATION",""
"PKG_DB.P_GETCHILDPOSTING","PKG_DB","P_GETCHILDPOSTING","T_CURSOR; T_AUDITEE_ENT_RELATION; T_AUDITEE_ENT_TYPES; T_AUDITEE_ENTITIES_MAPING; T_AUDITEE_ENTITIES","T_AUDITEE_ENT_RELATION",""
"PKG_DB.P_GET_DASH_TABLE","PKG_DB","P_GET_DASH_TABLE","T_CURSOR; AIS_T_AU_POST_COMPLIANCE; T_AUDIT_CHECKLIST_ANNEXURE; T_AUDITEE_ENTITIES; T_AUDITEE_ENTITIES_MAPING","AIS_T_AU_POST_COMPLIANCE; T_AUDIT_CHECKLIST_ANNEXURE; T_AUDITEE_ENTITIES; T_AUDITEE_ENTITIES_MAPING",""
"PKG_DB.P_GET_DASH_TABLE_NEW","PKG_DB","P_GET_DASH_TABLE_NEW","T_CURSOR; AIS_T_AU_POST_COMPLIANCE; T_AUDIT_CHECKLIST_ANNEXURE; T_AUDITEE_ENTITIES; T_AUDITEE_ENTITIES_MAPING","AIS_T_AU_POST_COMPLIANCE; T_AUDIT_CHECKLIST_ANNEXURE; T_AUDITEE_ENTITIES; T_AUDITEE_ENTITIES_MAPING",""
"PKG_DB.P_GET_DASH_TABLE_OLD","PKG_DB","P_GET_DASH_TABLE_OLD","T_CURSOR; AIS_T_AU_POST_COMPLIANCE; T_AUDIT_CHECKLIST_ANNEXURE; T_AUDITEE_ENTITIES; T_AUDITEE_ENTITIES_MAPING","AIS_T_AU_POST_COMPLIANCE; T_AUDIT_CHECKLIST_ANNEXURE; T_AUDITEE_ENTITIES; T_AUDITEE_ENTITIES_MAPING",""
"PKG_DB.P_GET_DASH_TABLE_V_WISE","PKG_DB","P_GET_DASH_TABLE_V_WISE","T_CURSOR; V_REPORT_DASHBORAD_DETAIL; T_AUDIT_CHECKLIST_DETAILS; T_AUDIT_CHECKLIST_SUB; T_AUDIT_CHECKLIST; T_ID; T_AUDITEE_ENTITIES; T_AUDITEE_ENTITIES_MAPING","V_REPORT_DASHBORAD_DETAIL; T_AUDIT_CHECKLIST_DETAILS; T_AUDIT_CHECKLIST_SUB; T_AUDIT_CHECKLIST; T_AUDITEE_ENTITIES; T_AUDITEE_ENTITIES_MAPING",""
"PKG_DB.P_GET_DASH_TABLE_FUNCTIONWISE_NAMES","PKG_DB","P_GET_DASH_TABLE_FUNCTIONWISE_NAMES","T_CURSOR; T_AU_ACTIVITY_LOG; V_REPORT_DASHBORAD_DETAIL; T_AUDIT_CHECKLIST_DETAILS; T_AUDIT_CHECKLIST_SUB; T_AUDIT_CHECKLIST; T_ID; T_AUDITEE_ENTITIES","T_AU_ACTIVITY_LOG; V_REPORT_DASHBORAD_DETAIL; T_AUDIT_CHECKLIST_DETAILS; T_AUDIT_CHECKLIST_SUB; T_AUDIT_CHECKLIST; T_AUDITEE_ENTITIES","T_AU_ACTIVITY_LOG"
"PKG_DB.P_GET_DASH_TABLE_FUNCTIONWISE_NAMES_CHECKLIST","PKG_DB","P_GET_DASH_TABLE_FUNCTIONWISE_NAMES_CHECKLIST","T_CURSOR; T_AU_ACTIVITY_LOG; T_ID; V_REPORT_DASHBORAD_DETAIL; T_AUDIT_CHECKLIST_DETAILS; T_AUDIT_CHECKLIST_SUB; T_AUDIT_CHECKLIST; T_AUDITEE_ENTITIES","T_AU_ACTIVITY_LOG; V_REPORT_DASHBORAD_DETAIL; T_AUDIT_CHECKLIST_DETAILS; T_AUDIT_CHECKLIST_SUB; T_AUDIT_CHECKLIST; T_AUDITEE_ENTITIES","T_AU_ACTIVITY_LOG"
"PKG_DB.P_GET_DASH_TABLE_FUNCTIONWISE_NAMES_CHECKLIST_SUB","PKG_DB","P_GET_DASH_TABLE_FUNCTIONWISE_NAMES_CHECKLIST_SUB","T_CURSOR; T_AU_ACTIVITY_LOG; V_REPORT_DASHBORAD_DETAIL; T_AUDIT_CHECKLIST_DETAILS; T_AUDIT_CHECKLIST_SUB; T_AUDIT_CHECKLIST; T_ID; T_AUDITEE_ENTITIES","T_AU_ACTIVITY_LOG; V_REPORT_DASHBORAD_DETAIL; T_AUDIT_CHECKLIST_DETAILS; T_AUDIT_CHECKLIST_SUB; T_AUDIT_CHECKLIST; T_AUDITEE_ENTITIES","T_AU_ACTIVITY_LOG"
"PKG_DB.P_GET_DASH_TABLE_FUNCTIONWISE","PKG_DB","P_GET_DASH_TABLE_FUNCTIONWISE","T_CURSOR; T_AU_OBSERVATION; T_AU_OBSERVATION_TEXT; T_AUDIT_CHECKLIST_ANNEXURE; T_AUDIT_CHECKLIST_DETAILS; T_AUDITEE_ENTITIES; T_AUDITEE_ENTITIES_MAPING; T_RISK; T_AU_PLAN_ENG; T_AU_PERIOD","T_AU_OBSERVATION; T_AU_OBSERVATION_TEXT; T_AUDIT_CHECKLIST_ANNEXURE; T_AUDIT_CHECKLIST_DETAILS; T_AUDITEE_ENTITIES; T_AUDITEE_ENTITIES_MAPING; T_RISK; T_AU_PLAN_ENG; T_AU_PERIOD",""
"PKG_DB.P_GET_DASH_TABLE_FUNCTIONWISE_PARA_SUMMARY","PKG_DB","P_GET_DASH_TABLE_FUNCTIONWISE_PARA_SUMMARY","T_CURSOR; T_AUDIT_CHECKLIST_ANNEXURE; T_AUDIT_CHECKLIST_DETAILS; V_CIA_ANALYSIS; T_AUDITEE_ENTITIES; T_AUDITEE_ENTITIES_MAPING","T_AUDIT_CHECKLIST_ANNEXURE; T_AUDIT_CHECKLIST_DETAILS; V_CIA_ANALYSIS; T_AUDITEE_ENTITIES; T_AUDITEE_ENTITIES_MAPING",""
"PKG_DB.P_GET_DASH_TABLE_FUNCTIONWISE_PARA","PKG_DB","P_GET_DASH_TABLE_FUNCTIONWISE_PARA","T_CURSOR; T_AUDIT_CHECKLIST_ANNEXURE; AIS_T_AU_POST_COMPLIANCE; T_AUDITEE_ENTITIES","T_AUDIT_CHECKLIST_ANNEXURE; AIS_T_AU_POST_COMPLIANCE; T_AUDITEE_ENTITIES",""
"PKG_DB.P_GET_RISK_BASEPLAN","PKG_DB","P_GET_RISK_BASEPLAN","T_CURSOR; V_R_RISKBASE_PLANNING","V_R_RISKBASE_PLANNING",""
"PKG_DB.P_GET_AUDIT_PERFORMANCE","PKG_DB","P_GET_AUDIT_PERFORMANCE","T_CURSOR; V_AUDIT_PERFORMANCE","V_AUDIT_PERFORMANCE",""
"PKG_DB.P_GETFUNCTIONALRESPONSIBILITYWISEPARA","PKG_DB","P_GETFUNCTIONALRESPONSIBILITYWISEPARA","T_CURSOR; V_FUNCTIONAL_RESPONSIBLITY; V_DASH_BORAD_OF_DIVISIONAL_HEAD","V_FUNCTIONAL_RESPONSIBLITY; V_DASH_BORAD_OF_DIVISIONAL_HEAD",""
"PKG_DB.P_GET_DASH_REPETITIVE","PKG_DB","P_GET_DASH_REPETITIVE","T_CURSOR; V_R_REPEATED_VOILATIONS; T_ID","V_R_REPEATED_VOILATIONS",""
"PKG_DB.P_GET_DASH_TABLE_FUNCTIONWISE_NAMES_HO","PKG_DB","P_GET_DASH_TABLE_FUNCTIONWISE_NAMES_HO","T_CURSOR; V_GET_DASH_TABLE_FUNCTIONWISE_NAMES_HO; T_COSO_RATING_FACTORS; V_CAT_ID; T_CONTROL_VIOLATION_SUB; V_CAT_NATURE_ID; T_RISK; T_AUDITEE_ENTITIES","V_GET_DASH_TABLE_FUNCTIONWISE_NAMES_HO; T_COSO_RATING_FACTORS; T_CONTROL_VIOLATION_SUB; T_RISK; T_AUDITEE_ENTITIES",""
"PKG_DB.P_GET_DASH_TABLE_FUNCTIONWISE_NAMES_CHECKLIST_HO","PKG_DB","P_GET_DASH_TABLE_FUNCTIONWISE_NAMES_CHECKLIST_HO","T_CURSOR; T_ID; V_GET_DASH_TABLE_FUNCTIONWISE_NAMES_HO; T_COSO_RATING_FACTORS; V_CAT_ID; T_CONTROL_VIOLATION_SUB; V_CAT_NATURE_ID; T_RISK; T_AUDITEE_ENTITIES","V_GET_DASH_TABLE_FUNCTIONWISE_NAMES_HO; T_COSO_RATING_FACTORS; T_CONTROL_VIOLATION_SUB; T_RISK; T_AUDITEE_ENTITIES",""
"PKG_DB.P_GET_DASH_TABLE_FUNCTIONWISE_NAMES_CHECKLIST_SUB_HO","PKG_DB","P_GET_DASH_TABLE_FUNCTIONWISE_NAMES_CHECKLIST_SUB_HO","T_CURSOR; V_GET_DASH_TABLE_FUNCTIONWISE_NAMES_HO; T_COSO_RATING_FACTORS; V_CAT_ID; T_CONTROL_VIOLATION_SUB; V_CAT_NATURE_ID; T_RISK; T_AUDITEE_ENTITIES","V_GET_DASH_TABLE_FUNCTIONWISE_NAMES_HO; T_COSO_RATING_FACTORS; T_CONTROL_VIOLATION_SUB; T_RISK; T_AUDITEE_ENTITIES",""
"PKG_DB.P_GET_DASH_TABLE_FUNCTIONWISE_HO","PKG_DB","P_GET_DASH_TABLE_FUNCTIONWISE_HO","T_CURSOR; V_GET_DASH_TABLE_FUNCTIONWISE_NAMES_HO; T_COSO_RATING_FACTORS; V_CAT_ID; T_CONTROL_VIOLATION_SUB; V_CAT_NATURE_ID; T_RISK; T_AUDITEE_ENTITIES; V_ID","V_GET_DASH_TABLE_FUNCTIONWISE_NAMES_HO; T_COSO_RATING_FACTORS; T_CONTROL_VIOLATION_SUB; T_RISK; T_AUDITEE_ENTITIES",""
"PKG_DB.P_GET_DASHBORAD_SCORECARD","PKG_DB","P_GET_DASHBORAD_SCORECARD","T_CURSOR; T_DASHBOARD_SCORECARD","T_DASHBOARD_SCORECARD",""
"PKG_DB.P_FUNCTIONAL_ANALYSIS_DETAILS","PKG_DB","P_FUNCTIONAL_ANALYSIS_DETAILS","T_CURSOR; T_AUDIT_CHECKLIST_ANNEXURE_PROCESS; T_AUDIT_CHECKLIST_ANNEXURE_MAPPING; T_AUDIT_CHECKLIST_ANNEXURE; AIS_T_AU_POST_COMPLIANCE; T_AUDITEE_ENTITIES_MAPING","PARA_ADDED_ON; P_REF_DATE; VW_AU_POST_COMPLIANCE_FULL; T_AUDIT_CHECKLIST_ANNEXURE_PROCESS; T_AUDIT_CHECKLIST_ANNEXURE_MAPPING; T_AUDIT_CHECKLIST_ANNEXURE; AIS_T_AU_POST_COMPLIANCE; T_AUDITEE_ENTITIES_MAPING",""
"PKG_DB.P_FUNCTIONAL_ENTITY_WISE_ANALYSIS","PKG_DB","P_FUNCTIONAL_ENTITY_WISE_ANALYSIS","T_CURSOR; V_P_FUNCTIONAL_ENTITY_WISE_ANALYSIS; T_AUDITEE_ENTITIES; V_GM_MAPPING; T_AUDITEE_ENTITIES_MAPING; V_P_FUNCTIONAL_ENTITY_WISE_ANALYSIS_OPS","V_P_FUNCTIONAL_ENTITY_WISE_ANALYSIS; T_AUDITEE_ENTITIES; V_GM_MAPPING; T_AUDITEE_ENTITIES_MAPING; V_P_FUNCTIONAL_ENTITY_WISE_ANALYSIS_OPS",""
"PKG_DB.P_FUNCTIONAL_ENTITY_WISE_PARAS","PKG_DB","P_FUNCTIONAL_ENTITY_WISE_PARAS","T_CURSOR; T_USER; V_DASH_BORAD_PARA_DEATILS; T_AUDITEE_ENTITIES_MAPING","T_USER; V_DASH_BORAD_PARA_DEATILS; T_AUDITEE_ENTITIES_MAPING",""
"PKG_DB.P_FUNCTIONAL_REPORTING_OFFICE_WISE_ANALYSIS","PKG_DB","P_FUNCTIONAL_REPORTING_OFFICE_WISE_ANALYSIS","T_CURSOR; AIS_T_AU_POST_COMPLIANCE; T_AUDIT_CHECKLIST_ANNEXURE; T_AUDITEE_ENTITIES_MAPING","AIS_T_AU_POST_COMPLIANCE; T_AUDIT_CHECKLIST_ANNEXURE; T_AUDITEE_ENTITIES_MAPING",""
"PKG_DB.P_FUNCTION_ANNEXURE","PKG_DB","P_FUNCTION_ANNEXURE","T_CURSOR; T_AUDIT_CHECKLIST_ANNEXURE; V_CIA_ANALYSIS; V_GM_MAPPING","T_AUDIT_CHECKLIST_ANNEXURE; V_CIA_ANALYSIS; V_GM_MAPPING",""
"PKG_DB.P_FUNCTION_ANNEXURE_PARAS","PKG_DB","P_FUNCTION_ANNEXURE_PARAS","T_CURSOR; T_AUDIT_CHECKLIST_ANNEXURE; V_CIA_ANALYSIS; T_AUDITEE_ENTITIES","T_AUDIT_CHECKLIST_ANNEXURE; V_CIA_ANALYSIS; T_AUDITEE_ENTITIES",""
"PKG_DB.P_FUNCTION_ANNEXURE_PARAS_TEXT","PKG_DB","P_FUNCTION_ANNEXURE_PARAS_TEXT","T_CURSOR; T_AU_OLD_PARAS_FAD; T_AU_OLD_PARAS_FAD_TEXT; T_AU_OBSERVATION; T_AU_OBSERVATION_TEXT","T_AU_OLD_PARAS_FAD; T_AU_OLD_PARAS_FAD_TEXT; T_AU_OBSERVATION; T_AU_OBSERVATION_TEXT",""
"PKG_DB.P_COMPLIANCE_SUMMARY","PKG_DB","P_COMPLIANCE_SUMMARY","T_CURSOR; V_F; T_AUDITEE_ENTITIES_MAPING; V_GET_PARA_COMPLIANCE_SUMMARY; T_AUDITEE_ENT_TYPES","T_AUDITEE_ENTITIES_MAPING; V_GET_PARA_COMPLIANCE_SUMMARY; T_AUDITEE_ENT_TYPES",""
"PKG_FAD.P_GETAUDITEMPLOYEES","PKG_FAD","P_GETAUDITEMPLOYEES","T_CURSOR; T_AU_TBL_ALLOCATIONS; T_AUDIT_EMP","T_AU_TBL_ALLOCATIONS; T_AUDIT_EMP",""
"PKG_FAD.P_GET_AUDITEE_PARENT_FAD","PKG_FAD","P_GET_AUDITEE_PARENT_FAD","T_CURSOR; T_AUDITEE_ENTITIES; T_AUDITEE_ENTITIES_MAPING_FAD; T_AUDITEE_ENTITIES_MAPING; V_ALL_OUTASTANDING_PARAS_FAD","T_AUDITEE_ENTITIES; T_AUDITEE_ENTITIES_MAPING_FAD; T_AUDITEE_ENTITIES_MAPING; V_ALL_OUTASTANDING_PARAS_FAD; SYSDATE",""
"PKG_FAD.P_GET_AUDITEE_CHILD_FAD","PKG_FAD","P_GET_AUDITEE_CHILD_FAD","T_CURSOR; T_AUDITEE_ENTITIES; T_AUDITEE_ENTITIES_MAPING_FAD; T_AUDITEE_ENTITIES_MAPING; V_ALL_OUTASTANDING_PARAS_FAD","T_AUDITEE_ENTITIES; T_AUDITEE_ENTITIES_MAPING_FAD; T_AUDITEE_ENTITIES_MAPING; V_ALL_OUTASTANDING_PARAS_FAD; SYSDATE",""
"PKG_FAD.P_GET_ALL_PARAS_FAD","PKG_FAD","P_GET_ALL_PARAS_FAD","T_CURSOR; V_ALL_OUTASTANDING_PARAS_FAD; T_AUDIT_CHECKLIST_ANNEXURE","V_ALL_OUTASTANDING_PARAS_FAD; T_AUDIT_CHECKLIST_ANNEXURE; SYSDATE",""
"PKG_FAD.P_UPDATE_PARAS_ANNEX_FAD","PKG_FAD","P_UPDATE_PARAS_ANNEX_FAD","T_CURSOR; T_AU_OLD_PARAS_FAD; T_AU_OBSERVATION","DUAL","T_AU_OLD_PARAS_FAD; T_AU_OBSERVATION"
"PKG_FAD.P_GET_LEGACY_PARA_RESPONSIBLES","PKG_FAD","P_GET_LEGACY_PARA_RESPONSIBLES","T_CURSOR; T_AU_OLD_PARAS_FAD_RESPONSIBILITY_ASSIGNED; V_SERVICE_EMPLOYEEINFO","T_AU_OLD_PARAS_FAD_RESPONSIBILITY_ASSIGNED; V_SERVICE_EMPLOYEEINFO",""
"PKG_FAD.P_DELETE_PARA_RESPONSIBILITY","PKG_FAD","P_DELETE_PARA_RESPONSIBILITY","T_CURSOR; T_AU_OLD_PARAS_FAD_RESPONSIBILITY_ASSIGNED","DUAL","T_AU_OLD_PARAS_FAD_RESPONSIBILITY_ASSIGNED"
"PKG_FAD.P_ADD_PARA_RESPONSIBILITY","PKG_FAD","P_ADD_PARA_RESPONSIBILITY","T_CURSOR; T_AU_OLD_PARAS_FAD_RESPONSIBILITY_ASSIGNED; T_AU_OLD_PARAS_FAD_LOG","T_AU_OLD_PARAS_FAD_RESPONSIBILITY_ASSIGNED; DUAL","T_AU_OLD_PARAS_FAD_RESPONSIBILITY_ASSIGNED; T_AU_OLD_PARAS_FAD_LOG"
"PKG_FAD.P_GETENTITIESFORLEGACYPARA","PKG_FAD","P_GETENTITIESFORLEGACYPARA","T_CURSOR; T_AU_OLD_PARAS_FAD; T_AUDITEE_ENTITIES; T_AUDITEE_ENTITIES_MAPING_FAD","T_AU_OLD_PARAS_FAD; T_AUDITEE_ENTITIES; T_AUDITEE_ENTITIES_MAPING_FAD",""
"PKG_FAD.P_GETLEAGACYOBSERVATIONS","PKG_FAD","P_GETLEAGACYOBSERVATIONS","T_CURSOR; T_AU_ERROR_LOGS; T_AU_OLD_PARAS_FAD; T_AUDITEE_ENTITIES; T_AUDITEE_ENTITIES_MAPING_FAD; T_AU_OLD_PARAS_FAD_TEXT; T_AU_OLD_AUDIT_NATURE; T_AU_DATA_VALIDATION_FAD_LOG","T_AU_ERROR_LOGS; DUAL; T_AU_OLD_PARAS_FAD; T_AUDITEE_ENTITIES; T_AUDITEE_ENTITIES_MAPING_FAD; T_AU_OLD_PARAS_FAD_TEXT; T_AU_OLD_AUDIT_NATURE; T_AU_DATA_VALIDATION_FAD_LOG","T_AU_ERROR_LOGS; T_AU_DATA_VALIDATION_FAD_LOG"
"PKG_FAD.P_UPDATE_LEGACY_PARA_TEXT","PKG_FAD","P_UPDATE_LEGACY_PARA_TEXT","T_CURSOR; T_AU_OLD_PARAS_FAD_TEXT; T_AU_OLD_PARAS_FAD; T_AU_DATA_VALIDATION_FAD_LOG; T_AU_REMARKS; T_AU_ERROR_LOGS","T_AU_REMARKS; T_AU_ERROR_LOGS; DUAL","T_AU_OLD_PARAS_FAD_TEXT; T_AU_OLD_PARAS_FAD; T_AU_DATA_VALIDATION_FAD_LOG; T_AU_ERROR_LOGS"
"PKG_FAD.P_REVIEWED_LEGACY_PARA","PKG_FAD","P_REVIEWED_LEGACY_PARA","T_CURSOR; T_AU_OLD_PARAS_FAD; T_AU_DATA_VALIDATION_FAD_LOG; T_AU_REMARKS; T_AU_ERROR_LOGS","T_AU_REMARKS; T_AU_ERROR_LOGS; DUAL","T_AU_OLD_PARAS_FAD; T_AU_DATA_VALIDATION_FAD_LOG; T_AU_ERROR_LOGS"
"PKG_FAD.P_REFERBACK_LEGACY_PARA","PKG_FAD","P_REFERBACK_LEGACY_PARA","T_CURSOR; T_AU_OLD_PARAS_FAD; T_AU_DATA_VALIDATION_FAD_LOG; T_AU_REMARKS; T_AU_ERROR_LOGS","AUDIT; DUAL; T_AU_REMARKS; T_AU_ERROR_LOGS","T_AU_OLD_PARAS_FAD; T_AU_DATA_VALIDATION_FAD_LOG; T_AU_ERROR_LOGS"
"PKG_FAD.P_GETOLDPARASFORRESPONSEAUTHORIZE","PKG_FAD","P_GETOLDPARASFORRESPONSEAUTHORIZE","T_CURSOR; T_AU_OBSERVATION_OLD_CAD_PARAS; T_AU_OLD_PARAS_FAD_STATUS_CHANGE_LOG; T_AU_OLD_PARAS_FAD; T_AUDIT_CHECKLIST_DETAILS; T_AUDITEE_ENTITIES_MAPING_FAD","T_AU_OBSERVATION_OLD_CAD_PARAS; T_AU_OLD_PARAS_FAD_STATUS_CHANGE_LOG; T_AU_OLD_PARAS_FAD; T_AUDIT_CHECKLIST_DETAILS; T_AUDITEE_ENTITIES_MAPING_FAD",""
"PKG_FAD.P_GETNEWPARASFORRESPONSEAUTHORIZE","PKG_FAD","P_GETNEWPARASFORRESPONSEAUTHORIZE","T_CURSOR; T_AU_OBSERVATION; T_AU_PLAN_ENG; T_AUDITEE_ENTITIES; T_AU_PERIOD; T_AU_OBSERVATION_TEXT; T_AU_OBSERVATION_STATUS; T_AU_NEW_PARAS_STATUS_CHANGE_LOG; T_RISK; T_AUDITEE_ENTITIES_MAPING_FAD","T_AU_OBSERVATION; T_AU_PLAN_ENG; T_AUDITEE_ENTITIES; T_AU_PERIOD; T_AU_OBSERVATION_TEXT; T_AU_OBSERVATION_STATUS; T_AU_NEW_PARAS_STATUS_CHANGE_LOG; T_RISK; T_AUDITEE_ENTITIES_MAPING_FAD",""
"PKG_FAD.P_AUTHORIZECHANGESTATUSREQUESTFORSETTLEDPARA","PKG_FAD","P_AUTHORIZECHANGESTATUSREQUESTFORSETTLEDPARA","T_CURSOR; T_AU_OLD_PARAS_FAD; AIS_T_AU_POST_COMPLIANCE; T_AU_OLD_PARAS_FAD_STATUS_CHANGE_LOG; T_AU_OBSERVATION_OLD_CAD_PARAS","AIS_COMP; T_AU_OLD_PARAS_FAD; AIS_T_AU_POST_COMPLIANCE; DUAL; T_AU_OLD_PARAS_FAD_STATUS_CHANGE_LOG","T_AU_OLD_PARAS_FAD_STATUS_CHANGE_LOG; PARA; T_AU_OLD_PARAS_FAD; T_AU_OBSERVATION_OLD_CAD_PARAS; AIS_T_AU_POST_COMPLIANCE"
"PKG_FAD.P_AUTHORIZECHANGESTATUSREQUESTFORSETTLEDPARA_NEW","PKG_FAD","P_AUTHORIZECHANGESTATUSREQUESTFORSETTLEDPARA_NEW","T_CURSOR; V_F; T_F; T_AU_NEW_PARAS_STATUS_CHANGE_LOG; T_AU_OBSERVATION; AIS_T_AU_POST_COMPLIANCE","T_AU_NEW_PARAS_STATUS_CHANGE_LOG; T_AU_OBSERVATION; AIS_T_AU_POST_COMPLIANCE; DUAL","T_AU_OBSERVATION; T_AU_NEW_PARAS_STATUS_CHANGE_LOG; AIS_T_AU_POST_COMPLIANCE"
"PKG_FAD.P_GET_VIOLATIONS","PKG_FAD","P_GET_VIOLATIONS","T_CURSOR; T_R_SUB_GROUP","T_R_SUB_GROUP",""
"PKG_FAD.P_GET_PROCESS_OWNER","PKG_FAD","P_GET_PROCESS_OWNER","T_CURSOR; T_AU_ACTIVITY_LOG; T_AUDITEE_ENTITIES","T_AU_ACTIVITY_LOG; T_AUDITEE_ENTITIES","T_AU_ACTIVITY_LOG"
"PKG_FAD.P_GET_ROLE_RESPONSIBLE","PKG_FAD","P_GET_ROLE_RESPONSIBLE","T_CURSOR; T_AU_ACTIVITY_LOG; T_HR_DESIGNATIONS","T_AU_ACTIVITY_LOG; T_HR_DESIGNATIONS","T_AU_ACTIVITY_LOG"
"PKG_FAD.P_GET_SETTLED_PARA_ENTITIES","PKG_FAD","P_GET_SETTLED_PARA_ENTITIES","T_CURSOR; V_P_GET_SETTLED_PARA_DETAILS; T_AUDITEE_ENTITIES; T_AU_POST_COMPLIANCE_SETTLEMETMENT_HISTORY; T_AUDITEE_ENTITIES_MAPING_FAD","V_P_GET_SETTLED_PARA_DETAILS; T_AUDITEE_ENTITIES; T_AU_POST_COMPLIANCE_SETTLEMETMENT_HISTORY; T_AUDITEE_ENTITIES_MAPING_FAD",""
"PKG_FAD.P_GET_SETTLED_PARA_DETAILS","PKG_FAD","P_GET_SETTLED_PARA_DETAILS","T_CURSOR; V_P_GET_SETTLED_PARA_DETAILS","V_P_GET_SETTLED_PARA_DETAILS",""
"PKG_FAD.P_GET_SETTLED_PARA_DETAILS_PARA_COMPLIANCE","PKG_FAD","P_GET_SETTLED_PARA_DETAILS_PARA_COMPLIANCE","T_CURSOR; T_AU_POST_COMPLIANCE_SETTLEMETMENT_HISTORY; T_AUDITEE_ENTITIES_MAPING_FAD; T_AU_OLD_PARAS_POST_COMPLIANCE_HISTORY; V_SERVICE_EMPLOYEEINFO; T_HR_DESIGNATIONS","T_AU_POST_COMPLIANCE_SETTLEMETMENT_HISTORY; T_AUDITEE_ENTITIES_MAPING_FAD; T_AU_OLD_PARAS_POST_COMPLIANCE_HISTORY; V_SERVICE_EMPLOYEEINFO; T_HR_DESIGNATIONS",""
"PKG_FAD.P_GET_AUDIT_ENGAGEMENT","PKG_FAD","P_GET_AUDIT_ENGAGEMENT","T_CURSOR; T_AU_TEAM_MEMBERS; T_ID; T_AU_PLAN_ENG; T_AU_PERIOD; T_AU_PLAN; T_AU_PLAN_ENG_STATUS; T_AU_AUDIT_TEAMS; T_AUDIT_REPORTS","T_AU_TEAM_MEMBERS; T_AU_PLAN_ENG; T_AU_PERIOD; T_AU_PLAN; T_AU_PLAN_ENG_STATUS; T_AU_AUDIT_TEAMS; T_AUDIT_REPORTS",""
"PKG_FAD.P_GET_AUDIT_OBSERVTION","PKG_FAD","P_GET_AUDIT_OBSERVTION","T_CURSOR; T_AU_OBSERVATION; T_AU_OBSERVATION_STATUS; T_AU_OBSERVATION_ASSIGNEDTO; T_AU_OBSERVATION_TEXT; T_AUDITEE_ENTITIES; T_AUDIT_CHECKLIST_ANNEXURE; T_AUDIT_CHECKLIST_DETAILS; T_AUDIT_CHECKLIST_SUB; T_AUDIT_CHECKLIST; T_ID; T_AU_OBSERVATIONS_AUDITEE_RESPONSE; T_AU_OBSERVATIONS_AUDITOR_REPLY; T_AU_OBSERVATION_FINAL_RECCOMENDATION; T_AU_OBSERVATIONS_AUDITOR_RECOMMENDATION","T_AU_OBSERVATION; T_AU_OBSERVATION_STATUS; T_AU_OBSERVATION_ASSIGNEDTO; T_AU_OBSERVATION_TEXT; T_AUDITEE_ENTITIES; T_AUDIT_CHECKLIST_ANNEXURE; T_AUDIT_CHECKLIST_DETAILS; T_AUDIT_CHECKLIST_SUB; T_AUDIT_CHECKLIST; T_AU_OBSERVATIONS_AUDITEE_RESPONSE; T_AU_OBSERVATIONS_AUDITOR_REPLY; T_AU_OBSERVATION_FINAL_RECCOMENDATION; T_AU_OBSERVATIONS_AUDITOR_RECOMMENDATION",""
"PKG_FAD.P_GET_AUDIT_GLANCE","PKG_FAD","P_GET_AUDIT_GLANCE","T_CURSOR; T_AU_OBSERVATION; T_AU_OBSERVATION_STATUS; T_RISK; T_AU_OBSERVATION_TEXT","T_AU_OBSERVATION; T_AU_OBSERVATION_STATUS; T_RISK; T_AU_OBSERVATION_TEXT",""
"PKG_FAD.P_GET_AUDIT_REPORT","PKG_FAD","P_GET_AUDIT_REPORT","T_CURSOR; T_AUDIT_REPORTS","T_AUDIT_REPORTS",""
"PKG_FAD.P_PARA_SHIFTING","PKG_FAD","P_PARA_SHIFTING","T_CURSOR; T_AUDITEE_ENTITIES; T_AU_OBSERVATION; T_AU_OBSERVATION_ASSIGNEDTO; AIS_T_AU_POST_COMPLIANCE; T_AU_OLD_PARAS_FAD; T_AU_OBSERVATION_OLD_CAD_PARAS","T_AUDITEE_ENTITIES; DUAL","T_AU_OBSERVATION; T_AU_OBSERVATION_ASSIGNEDTO; AIS_T_AU_POST_COMPLIANCE; T_AU_OLD_PARAS_FAD; T_AU_OBSERVATION_OLD_CAD_PARAS"
"PKG_FAD.P_GETAUDITCHECKLISTANNEXURECIRCULARS","PKG_FAD","P_GETAUDITCHECKLISTANNEXURECIRCULARS","T_AUDIT_CHECKLIST_ANNEXURE_CIRCULAR","T_AUDIT_CHECKLIST_ANNEXURE_CIRCULAR",""
"PKG_FAD.P_GETPARATEXT","PKG_FAD","P_GETPARATEXT","V_GET_ALL_PARA_TEXT_FOR_REFERENCE","V_GET_ALL_PARA_TEXT_FOR_REFERENCE",""
"PKG_FAD.P_GETPARAREFERENCES","PKG_FAD","P_GETPARAREFERENCES","TBL_PARA_REFERENCE_LINKS","TBL_PARA_REFERENCE_LINKS","REFERENCE"
"PKG_FAD.P_GETENTITYTASKSUMMARY","PKG_FAD","P_GETENTITYTASKSUMMARY","T_AU_TBL_ALLOCATIONS; T_AUDITEE_ENTITIES; T_ENTITIES; AIS_T_AU_POST_COMPLIANCE","YOUR; T_AU_TBL_ALLOCATIONS; T_AUDITEE_ENTITIES; AIS_T_AU_POST_COMPLIANCE",""
"PKG_FAD.P_MANAGEREFERENCE","PKG_FAD","P_MANAGEREFERENCE","T_CURSOR; V_TOTAL_LINKS; V_NEW_REF_ID; V_FINAL_REF_ID; T_AUDIT_CHECKLIST_ANNEXURE_CIRCULAR; TBL_PARA_REFERENCE_LINKS; AIS_T_AU_POST_COMPLIANCE","T_AUDIT_CHECKLIST_ANNEXURE_CIRCULAR; TBL_PARA_REFERENCE_LINKS; DUAL","T_AUDIT_CHECKLIST_ANNEXURE_CIRCULAR; TBL_PARA_REFERENCE_LINKS; AIS_T_AU_POST_COMPLIANCE"
"PKG_FAD.P_SEARCHREFERENCES","PKG_FAD","P_SEARCHREFERENCES","T_AUDIT_CHECKLIST_ANNEXURE_CIRCULAR","T_AUDIT_CHECKLIST_ANNEXURE_CIRCULAR",""
"PKG_FAD.P_GET_PARA_STATUS_REQUEST","PKG_FAD","P_GET_PARA_STATUS_REQUEST","AIS_T_AU_POST_COMPLIANCE; T_RISK; T_AUDIT_CHECKLIST_ANNEXURE; AIS_T_PARA_STATUS_CHANGE_LOG","AIS_T_AU_POST_COMPLIANCE; T_RISK; T_AUDIT_CHECKLIST_ANNEXURE; AIS_T_PARA_STATUS_CHANGE_LOG",""
"PKG_FAD.P_ADD_PARA_STATUS_CHANGE","PKG_FAD","P_ADD_PARA_STATUS_CHANGE","V_OLD_STATUS; AIS_T_AU_POST_COMPLIANCE; AIS_T_PARA_STATUS_CHANGE_LOG","AIS_T_AU_POST_COMPLIANCE; DUAL","AIS_T_PARA_STATUS_CHANGE_LOG"
"PKG_FAD.P_GET_PARA_STATUS_AUTHORIZATION","PKG_FAD","P_GET_PARA_STATUS_AUTHORIZATION","AIS_T_PARA_STATUS_CHANGE_LOG; AIS_T_AU_POST_COMPLIANCE","AIS_T_PARA_STATUS_CHANGE_LOG; AIS_T_AU_POST_COMPLIANCE",""
"PKG_FAD.P_AUTHORIZE_PARA_STATUS_CHANGE","PKG_FAD","P_AUTHORIZE_PARA_STATUS_CHANGE","V_COM_ID; V_NEW_STATUS; V_ACTION; V_ROLE_ID; V_STATUS_ID; V_CYCLE; V_MAKER_REMARKS; V_DIRECTION; AIS_T_PARA_STATUS_CHANGE_LOG; V_GET_AIS_POST_COMPLIANCE_AIS_FOR_PARA_CHANGE; AIS_T_AU_POST_COMPLIANCE; AIS_T_AU_POST_COMPLIANCE_HISTORY; T_GROUPS","AIS_T_PARA_STATUS_CHANGE_LOG; V_GET_AIS_POST_COMPLIANCE_AIS_FOR_PARA_CHANGE; AIS_T_AU_POST_COMPLIANCE_HISTORY; T_GROUPS; DUAL","THE; AIS_T_PARA_STATUS_CHANGE_LOG; COMPLIANCE; AIS_T_AU_POST_COMPLIANCE; HISTORY; AIS_T_AU_POST_COMPLIANCE_HISTORY"
"PKG_FAD.P_GET_IAS_PARA_TEXT","PKG_FAD","P_GET_IAS_PARA_TEXT","V_GET_IAS_PARA_TEXT","V_GET_IAS_PARA_TEXT",""
"PKG_FAD.P_GET_REFERENCE_MASTER_DETAIL","PKG_FAD","P_GET_REFERENCE_MASTER_DETAIL","","VW_REFERENCE_MASTER_DETAIL",""
"PKG_FAD.P_GET_MANUAL_MASTER","PKG_FAD","P_GET_MANUAL_MASTER","T_MANUAL_MASTER","T_MANUAL_MASTER",""
"PKG_FAD.P_GET_MANUAL_SECTIONS","PKG_FAD","P_GET_MANUAL_SECTIONS","T_MANUAL_INDEX","T_MANUAL_INDEX",""
"PKG_FAD.P_GET_MANUAL_CHAPTERS","PKG_FAD","P_GET_MANUAL_CHAPTERS","T_MANUAL_INDEX","T_MANUAL_INDEX",""
"PKG_FAD.P_GET_MANUAL_REFERENCE_GRID","PKG_FAD","P_GET_MANUAL_REFERENCE_GRID","","VW_REFERENCE_MASTER_DETAIL",""
"PKG_FAD.P_GET_REFERENCE_DETAIL_BY_ID","PKG_FAD","P_GET_REFERENCE_DETAIL_BY_ID","","VW_REFERENCE_MASTER_DETAIL",""
"PKG_FAD_RISK.P_SAVE_KPI_MAIN","PKG_FAD_RISK","P_SAVE_KPI_MAIN","V_ID; T_RISK_FAD_KPI_MAIN","","T_RISK_FAD_KPI_MAIN"
"PKG_FAD_RISK.P_SAVE_KPI_SUB","PKG_FAD_RISK","P_SAVE_KPI_SUB","V_ID; V_NAME_COL; V_ACTIVE_COL; V_SQL; T_RISK_FAD_KPI_SUB","","T_RISK_FAD_KPI_SUB"
"PKG_FAD_RISK.P_SAVE_PROCESS","PKG_FAD_RISK","P_SAVE_PROCESS","V_ID; T_RISK_FAD_PROCESS","","T_RISK_FAD_PROCESS"
"PKG_FAD_RISK.P_SAVE_SUB_PROCESS","PKG_FAD_RISK","P_SAVE_SUB_PROCESS","V_ID; T_RISK_FAD_SUB_PROCESS","","T_RISK_FAD_SUB_PROCESS"
"PKG_FAD_RISK.P_SAVE_ANNEXURE","PKG_FAD_RISK","P_SAVE_ANNEXURE","V_ID; T_RISK_FAD_ANNEXURE","","T_RISK_FAD_ANNEXURE"
"PKG_FAD_RISK.P_SAVE_SUBPROC_ANNEX","PKG_FAD_RISK","P_SAVE_SUBPROC_ANNEX","T_RISK_FAD_SUBPROC_ANNEX","DUAL","T_RISK_FAD_SUBPROC_ANNEX; SET"
"PKG_FAD_RISK.P_GET_KPI_MAIN","PKG_FAD_RISK","P_GET_KPI_MAIN","T_CURSOR; T_RISK_FAD_KPI_MAIN","T_RISK_FAD_KPI_MAIN",""
"PKG_FAD_RISK.P_GET_KPI_SUB","PKG_FAD_RISK","P_GET_KPI_SUB","T_CURSOR; V_NAME_COL; V_ACTIVE_COL; V_SQL; T_RISK_FAD_KPI_SUB","T_RISK_FAD_KPI_SUB",""
"PKG_FAD_RISK.P_GET_PROCESS","PKG_FAD_RISK","P_GET_PROCESS","T_CURSOR; T_RISK_FAD_PROCESS","T_RISK_FAD_PROCESS",""
"PKG_FAD_RISK.P_GET_SUB_PROCESS","PKG_FAD_RISK","P_GET_SUB_PROCESS","T_CURSOR; T_RISK_FAD_SUB_PROCESS","T_RISK_FAD_SUB_PROCESS",""
"PKG_FAD_RISK.P_GET_ANNEXURE","PKG_FAD_RISK","P_GET_ANNEXURE","T_CURSOR; T_RISK_FAD_ANNEXURE","T_RISK_FAD_ANNEXURE",""
"PKG_FAD_RISK.P_GET_SUBPROC_ANNEX","PKG_FAD_RISK","P_GET_SUBPROC_ANNEX","T_CURSOR; T_RISK_FAD_SUBPROC_ANNEX","T_RISK_FAD_SUBPROC_ANNEX",""
"PKG_FAD_RISK.P_GET_GRAVITY","PKG_FAD_RISK","P_GET_GRAVITY","T_CURSOR; V_ACTIVE_COL; V_SQL; T_RISK_FAD_GRAVITY","T_RISK_FAD_GRAVITY",""
"PKG_FRPT.P_SAVE_PARA_NARRATIVE","PKG_FRPT","P_SAVE_PARA_NARRATIVE","V_EXISTS; V_FINALIZED; V_UPD_REQ; V_ACTION; T_AU_OBSERVATION; T_FRPT_PARA_NARRATIVE","T_AU_OBSERVATION; DUAL; T_FRPT_PARA_NARRATIVE","T_FRPT_PARA_NARRATIVE; REQUIRED"
"PKG_FRPT.P_IS_REPORT_FINAL","PKG_FRPT","P_IS_REPORT_FINAL","","",""
"PKG_FRPT.P_GET_REPORT_ENTITY","PKG_FRPT","P_GET_REPORT_ENTITY","T_CURSOR; T_AU_PLAN_ENG; T_AUDITEE_ENTITIES; T_AUDITEE_ENT_TYPES","T_AU_PLAN_ENG; T_AUDITEE_ENTITIES; T_AUDITEE_ENT_TYPES",""
"PKG_FRPT.P_GET_REPORT_OVERVIEW","PKG_FRPT","P_GET_REPORT_OVERVIEW","T_CURSOR; V_ENTITY_ID; T_AU_TEAM_MEMBERS; T_ID; T_AU_AUDIT_TEAM_TASKLIST; T_AU_PLAN_ENG; T_FRPT_REPORT_META; T_AU_PERIOD; T_AUDITEE_ENTITIES_MAPING; T_FRPT_SECTION_MASTER; T_FRPT_TEXT_BLOCKS","MAPPING; PERIOD; PLAN; T_AU_TEAM_MEMBERS; T_AU_AUDIT_TEAM_TASKLIST; T_AU_PLAN_ENG; T_FRPT_REPORT_META; T_AU_PERIOD; T_AUDITEE_ENTITIES_MAPING; DUAL",""
"PKG_FRPT.P_GET_OBSERVATION_COUNT","PKG_FRPT","P_GET_OBSERVATION_COUNT","T_CURSOR; T_AU_OBSERVATION","T_AU_OBSERVATION",""
"PKG_FRPT.P_GET_OBSERVATION_DETAILS","PKG_FRPT","P_GET_OBSERVATION_DETAILS","T_CURSOR; T_AU_OBSERVATION; T_AU_OBSERVATION_TEXT; T_AUDIT_CHECKLIST_ANNEXURE; T_RISK; T_AU_OBSERVATION_FINAL_RECCOMENDATION; T_AU_OBSERVATIONS_AUDITOR_RECOMMENDATION; T_AU_OBSERVATIONS_AUDITEE_RESPONSE; T_AU_OBSERVATIONS_AUDITOR_REPLY; T_FRPT_PARA_NARRATIVE","T_AU_OBSERVATION; T_AU_OBSERVATION_TEXT; T_AUDIT_CHECKLIST_ANNEXURE; T_RISK; T_AU_OBSERVATION_FINAL_RECCOMENDATION; T_AU_OBSERVATIONS_AUDITOR_RECOMMENDATION; T_AU_OBSERVATIONS_AUDITEE_RESPONSE; T_AU_OBSERVATIONS_AUDITOR_REPLY; T_FRPT_PARA_NARRATIVE",""
"PKG_FRPT.P_GET_NARRATIVE_SECTIONS","PKG_FRPT","P_GET_NARRATIVE_SECTIONS","T_CURSOR; T_FRPT_SECTION_MASTER; T_FRPT_TEXT_BLOCKS","T_FRPT_SECTION_MASTER; T_FRPT_TEXT_BLOCKS",""
"PKG_FRPT.P_SAVE_TEXT_BLOCK","PKG_FRPT","P_SAVE_TEXT_BLOCK","V_ID; T_FRPT_TEXT_BLOCKS; T_FRPT_KPI_SNAPSHOT","T_FRPT_TEXT_BLOCKS","ONE; T_FRPT_TEXT_BLOCKS"
"PKG_FRPT.P_GET_KPI_SNAPSHOT","PKG_FRPT","P_GET_KPI_SNAPSHOT","T_CURSOR; T_FRPT_KPI_SNAPSHOT","T_FRPT_KPI_SNAPSHOT",""
"PKG_FRPT.P_SAVE_KPI_SNAPSHOT","PKG_FRPT","P_SAVE_KPI_SNAPSHOT","V_EXIST_ID; T_FRPT_KPI_SNAPSHOT; T_FRPT_PDF_STATISTICS","T_FRPT_KPI_SNAPSHOT","T_FRPT_KPI_SNAPSHOT"
"PKG_FRPT.P_GET_PDF_STATISTICS","PKG_FRPT","P_GET_PDF_STATISTICS","T_CURSOR; V_SQL; T_FRPT_PDF_STATISTICS","T_FRPT_PDF_STATISTICS; DUAL",""
"PKG_FRPT.P_GET_NPL_SNAPSHOT","PKG_FRPT","P_GET_NPL_SNAPSHOT","T_CURSOR; T_FRPT_NPL_SNAPSHOT","T_FRPT_NPL_SNAPSHOT",""
"PKG_FRPT.P_SAVE_NPL_SNAPSHOT","PKG_FRPT","P_SAVE_NPL_SNAPSHOT","V_ENTITY_ID; V_EXIST_ID; T_FRPT_NPL_SNAPSHOT","T_FRPT_NPL_SNAPSHOT","T_FRPT_NPL_SNAPSHOT"
"PKG_FRPT.P_GET_STAFF_SNAPSHOT","PKG_FRPT","P_GET_STAFF_SNAPSHOT","T_FRPT_STAFF_SNAPSHOT","T_FRPT_STAFF_SNAPSHOT",""
"PKG_FRPT.P_SAVE_STAFF_SNAPSHOT","PKG_FRPT","P_SAVE_STAFF_SNAPSHOT","V_ENTITY_ID; V_EXIST_ID; V_PP_NO; T_FRPT_STAFF_SNAPSHOT; T_FRPT_REPORT_META","T_FRPT_STAFF_SNAPSHOT","T_FRPT_STAFF_SNAPSHOT"
"PKG_FRPT.P_FINALIZE_REPORT","PKG_FRPT","P_FINALIZE_REPORT","T_CURSOR; V_ENTITY_ID; V_EXIST_ID; V_ENTITY_TYPE; V_KIP_EXIST; T_FRPT_KPI_SNAPSHOT; T_FRPT_NPL_SNAPSHOT; T_FRPT_STAFF_SNAPSHOT; T_FRPT_REPORT_META","T_FRPT_KPI_SNAPSHOT; T_FRPT_NPL_SNAPSHOT; T_FRPT_STAFF_SNAPSHOT; DUAL; T_FRPT_REPORT_META","T_FRPT_REPORT_META"
"PKG_FRPT.P_GET_STAFF_DESIGNATIONS","PKG_FRPT","P_GET_STAFF_DESIGNATIONS","V_FRPT_STAFF_DESIGNATIONS","V_FRPT_STAFF_DESIGNATIONS",""
"PKG_FRPT.P_GET_KPI_OPTIONS","PKG_FRPT","P_GET_KPI_OPTIONS","V_FRPT_KPI_OPTIONS","V_FRPT_KPI_OPTIONS",""
"PKG_FRPT.P_GET_NPL_CATEGORIES","PKG_FRPT","P_GET_NPL_CATEGORIES","V_FRPT_NPL_CATEGORIES","V_FRPT_NPL_CATEGORIES",""
"PKG_FRPT.P_GET_ALLOWED_PDF_ENGS","PKG_FRPT","P_GET_ALLOWED_PDF_ENGS","V_USER_ID; T_FRPT_REPORT_META; T_AU_PLAN_ENG","T_FRPT_REPORT_META; T_AU_PLAN_ENG; DUAL",""
"PKG_FRPT.P_GET_PDF_HEADER","PKG_FRPT","P_GET_PDF_HEADER","V_VER; T_FRPT_REPORT_META; T_AU_PLAN_ENG; T_AU_PERIOD; T_AUDITEE_ENTITIES; T_AUDITEE_ENTITIES_MAPING","T_FRPT_REPORT_META; T_AU_PLAN_ENG; T_AU_PERIOD; T_AUDITEE_ENTITIES; T_AUDITEE_ENTITIES_MAPING",""
"PKG_FRPT.P_GET_PDF_REPORT_META","PKG_FRPT","P_GET_PDF_REPORT_META","V_VER; T_FRPT_REPORT_META; T_AU_PLAN_ENG; T_AU_PERIOD; T_AUDITEE_ENTITIES","T_FRPT_REPORT_META; T_AU_PLAN_ENG; T_AU_PERIOD; T_AUDITEE_ENTITIES",""
"PKG_FRPT.P_GET_PDF_SECTIONS","PKG_FRPT","P_GET_PDF_SECTIONS","V_VER; T_FRPT_SECTION_MASTER; T_FRPT_TEXT_BLOCKS","T_FRPT_SECTION_MASTER; T_FRPT_TEXT_BLOCKS",""
"PKG_FRPT.P_GET_PDF_KPI","PKG_FRPT","P_GET_PDF_KPI","V_VER; T_FRPT_KPI_SNAPSHOT","T_FRPT_KPI_SNAPSHOT",""
"PKG_FRPT.P_GET_PDF_NPL","PKG_FRPT","P_GET_PDF_NPL","V_VER; T_FRPT_NPL_SNAPSHOT","T_FRPT_NPL_SNAPSHOT",""
"PKG_FRPT.P_GET_PDF_STAFF","PKG_FRPT","P_GET_PDF_STAFF","V_VER; T_FRPT_STAFF_SNAPSHOT","T_FRPT_STAFF_SNAPSHOT",""
"PKG_FRPT.P_GET_PDF_STATISTICS","PKG_FRPT","P_GET_PDF_STATISTICS","V_VER; T_AU_OBSERVATION; T_RISK","T_AU_OBSERVATION; T_RISK",""
"PKG_FRPT.P_SAVE_PDF_STATISTICS","PKG_FRPT","P_SAVE_PDF_STATISTICS","V_VER; V_ENTITYID; V_USER_NO; T_AU_PLAN_ENG; T_FRPT_PDF_STATISTICS","T_AU_PLAN_ENG; T_FRPT_PDF_STATISTICS; JSON_TABLE","T_FRPT_PDF_STATISTICS"
"PKG_FRPT.P_GET_INCOME_LEAKAGE","PKG_FRPT","P_GET_INCOME_LEAKAGE","","",""
"PKG_FRPT.P_GET_PDF_INCOME_LEAKAGE","PKG_FRPT","P_GET_PDF_INCOME_LEAKAGE","V_VER; T_FRPT_INCOME_LEAKAGE","T_FRPT_INCOME_LEAKAGE",""
"PKG_FRPT.P_SAVE_INCOME_LEAKAGE","PKG_FRPT","P_SAVE_INCOME_LEAKAGE","V_VER; V_ENTITYID; V_USER_NO; T_AU_PLAN_ENG; T_FRPT_INCOME_LEAKAGE","T_AU_PLAN_ENG; T_FRPT_INCOME_LEAKAGE; JSON_TABLE","T_FRPT_INCOME_LEAKAGE"
"PKG_FRPT.P_GET_OVERALL_CONCLUSION","PKG_FRPT","P_GET_OVERALL_CONCLUSION","V_VER; T_FRPT_OVERALL_CONCLUSION","T_FRPT_OVERALL_CONCLUSION",""
"PKG_FRPT.P_SAVE_OVERALL_CONCLUSION","PKG_FRPT","P_SAVE_OVERALL_CONCLUSION","V_VER; V_ENTITYID; V_USER_NO; T_AU_PLAN_ENG; T_FRPT_OVERALL_CONCLUSION","T_AU_PLAN_ENG; DUAL","T_FRPT_OVERALL_CONCLUSION; SET"
"PKG_FRPT.R_GETAUDITEEPARAS","PKG_FRPT","R_GETAUDITEEPARAS","T_CURSOR; V_HEADER; V_DETAIL; T_AU_OBSERVATION; T_AU_OBSERVATION_TEXT; T_AUDIT_CHECKLIST_ANNEXURE; T_RISK; T_AU_OBSERVATION_FINAL_RECCOMENDATION; T_AU_OBSERVATIONS_AUDITOR_RECOMMENDATION; T_AU_OBSERVATIONS_AUDITEE_RESPONSE; T_AU_OBSERVATIONS_AUDITOR_REPLY; T_FRPT_PARA_NARRATIVE","T_AU_OBSERVATION; T_AU_OBSERVATION_TEXT; T_AUDIT_CHECKLIST_ANNEXURE; T_RISK; T_AU_OBSERVATION_FINAL_RECCOMENDATION; T_AU_OBSERVATIONS_AUDITOR_RECOMMENDATION; T_AU_OBSERVATIONS_AUDITEE_RESPONSE; T_AU_OBSERVATIONS_AUDITOR_REPLY; T_FRPT_PARA_NARRATIVE",""
"PKG_FRPT.P_GET_AUDIT_COVER","PKG_FRPT","P_GET_AUDIT_COVER","T_CURSOR; T_AU_PLAN_ENG; T_AUDITEE_ENTITIES_MAPING; T_AUDITEE_ENTITIES; T_FRPT_TEXT_BLOCKS","T_AU_PLAN_ENG; T_AUDITEE_ENTITIES_MAPING; T_AUDITEE_ENTITIES",""
"PKG_FRPT.P_GET_MAN_OBJECTIVE_SCOPE","PKG_FRPT","P_GET_MAN_OBJECTIVE_SCOPE","T_CURSOR; T_FRPT_TEXT_BLOCKS","T_FRPT_TEXT_BLOCKS",""
"PKG_FRPT.P_GET_MAN_EXEC_SUMMARY","PKG_FRPT","P_GET_MAN_EXEC_SUMMARY","T_CURSOR; T_FRPT_TEXT_BLOCKS; T_FRPT_STAFF_SNAPSHOT","T_FRPT_TEXT_BLOCKS",""
"PKG_FRPT.P_GET_MAN_STAFF_SNAPSHOT","PKG_FRPT","P_GET_MAN_STAFF_SNAPSHOT","T_CURSOR; T_FRPT_STAFF_SNAPSHOT","T_FRPT_STAFF_SNAPSHOT",""
"PKG_FRPT.P_GET_MAN_AUDIT_OBSERVATIONS","PKG_FRPT","P_GET_MAN_AUDIT_OBSERVATIONS","T_CURSOR","DUAL",""
"PKG_FRPT.P_GET_MAN_SETTLED_PARAS","PKG_FRPT","P_GET_MAN_SETTLED_PARAS","T_CURSOR","DUAL",""
"PKG_FRPT.P_GET_MAN_TEAM_DETAILS","PKG_FRPT","P_GET_MAN_TEAM_DETAILS","T_CURSOR; V_GET_AUDIT_TEAM_DETAILS","V_GET_AUDIT_TEAM_DETAILS",""
"PKG_FRPT.P_GET_ALLOWED_PDF_ENG_DETAILS","PKG_FRPT","P_GET_ALLOWED_PDF_ENG_DETAILS","T_AU_PLAN_ENG; T_AUDITEE_ENTITIES_MAPING; T_FRPT_REPORT_META","T_AU_PLAN_ENG; T_AUDITEE_ENTITIES_MAPING; T_FRPT_REPORT_META",""
"PKG_HD.P_GETFINALIZEDDRAFTOBSERVATIONS","PKG_HD","P_GETFINALIZEDDRAFTOBSERVATIONS","T_CURSOR; T_AU_OBSERVATION; T_AU_OBSERVATION_TEXT; T_RISK; T_AU_OBSERVATION_STATUS; T_AU_PLAN_ENG; T_AU_PERIOD; T_AUDITEE_ENTITIES","T_AU_OBSERVATION; T_AU_OBSERVATION_TEXT; T_RISK; T_AU_OBSERVATION_STATUS; T_AU_PLAN_ENG; T_AU_PERIOD; T_AUDITEE_ENTITIES",""
"PKG_HD.P_GETFINALIZEDDRAFTOBSERVATIONSBRANCH","PKG_HD","P_GETFINALIZEDDRAFTOBSERVATIONSBRANCH","T_CURSOR; M_F; T_AU_ACTIVITY_LOG; T_AUDITEE_ENTITIES; T_AU_PLAN_ENG; T_AU_OBSERVATION; T_AU_OBSERVATION_TEXT; T_RISK; T_AU_OBSERVATION_STATUS; T_AU_PERIOD; T_AUDIT_CHECKLIST_DETAILS; T_AUDIT_CHECKLIST_SUB; T_AUDIT_CHECKLIST; T_ID; T_AU_OBSERVATIONS_AUDITOR_RESPONSE","DUAL; T_AU_ACTIVITY_LOG; T_AUDITEE_ENTITIES; T_AU_PLAN_ENG; T_AU_OBSERVATION; T_AU_OBSERVATION_TEXT; T_RISK; T_AU_OBSERVATION_STATUS; T_AU_PERIOD; T_AUDIT_CHECKLIST_DETAILS; T_AUDIT_CHECKLIST_SUB; T_AUDIT_CHECKLIST; T_AU_OBSERVATIONS_AUDITOR_RESPONSE","T_AU_ACTIVITY_LOG"
"PKG_HD.P_GETOLDPARASENTITYID","PKG_HD","P_GETOLDPARASENTITYID","T_CURSOR; T_AUDITEE_ENTITIES; T_AUDITEE_ENTITIES_MAPING; V_GET_PARENT_OFFICE","T_AUDITEE_ENTITIES; T_AUDITEE_ENTITIES_MAPING; V_GET_PARENT_OFFICE",""
"PKG_HD.P_GETOLDPARAS","PKG_HD","P_GETOLDPARAS","T_CURSOR; V_COUNT; T_AU_OLD_PARAS_FAD; T_AU_OLD_PARAS_FAD_TEXT","T_AU_OLD_PARAS_FAD; T_AU_OLD_PARAS_FAD_TEXT",""
"PKG_HD.P_GET_ALL_PARAS_MONITORING","PKG_HD","P_GET_ALL_PARAS_MONITORING","T_CURSOR; AIS_T_AU_POST_COMPLIANCE; T_AUDITEE_ENTITIES; T_RISK","AIS_T_AU_POST_COMPLIANCE; T_AUDITEE_ENTITIES; T_RISK",""
"PKG_HD.P_GETOLDPARASTEXT","PKG_HD","P_GETOLDPARASTEXT","T_CURSOR; T_AU_OLD_PARAS_FAD_TEXT","T_AU_OLD_PARAS_FAD_TEXT",""
"PKG_HD.P_GETNEWPARASTEXT","PKG_HD","P_GETNEWPARASTEXT","T_CURSOR; T_AU_OBSERVATION_TEXT","T_AU_OBSERVATION_TEXT",""
"PKG_HD.P_GETENTITIESFORNEWPARA","PKG_HD","P_GETENTITIESFORNEWPARA","T_CURSOR; T_AU_PLAN_ENG; T_AUDITEE_ENTITIES; V_GET_PARENT_OFFICE","T_AU_PLAN_ENG; T_AUDITEE_ENTITIES; V_GET_PARENT_OFFICE",""
"PKG_HD.P_GETOLDPARASFORRESPONSE","PKG_HD","P_GETOLDPARASFORRESPONSE","T_CURSOR; T_AU_OLD_PARAS_FAD; T_AU_OLD_PARAS_FAD_STATUS_CHANGE_LOG; T_AU_OBSERVATION_OLD_CAD_PARAS; T_AUDITEE_ENTITIES","T_AU_OLD_PARAS_FAD; T_AU_OLD_PARAS_FAD_STATUS_CHANGE_LOG; T_AU_OBSERVATION_OLD_CAD_PARAS; T_AUDITEE_ENTITIES",""
"PKG_HD.P_GETNEWPARASFORRESPONSE","PKG_HD","P_GETNEWPARASFORRESPONSE","T_CURSOR; T_AU_OBSERVATION; T_AU_PLAN_ENG; T_AUDITEE_ENTITIES; T_AU_PERIOD; T_AU_OBSERVATION_TEXT; T_AU_OBSERVATION_STATUS; AIS_T_AU_POST_COMPLIANCE; T_AU_NEW_PARAS_STATUS_CHANGE_LOG","T_AU_OBSERVATION; T_AU_PLAN_ENG; T_AUDITEE_ENTITIES; T_AU_PERIOD; T_AU_OBSERVATION_TEXT; T_AU_OBSERVATION_STATUS; AIS_T_AU_POST_COMPLIANCE; T_AU_NEW_PARAS_STATUS_CHANGE_LOG",""
"PKG_HD.P_GETNEWPARASFORRESPONSE_REVIEWER","PKG_HD","P_GETNEWPARASFORRESPONSE_REVIEWER","T_CURSOR; T_AU_OBSERVATION; T_AU_PLAN_ENG; T_AUDITEE_ENTITIES; T_AU_PERIOD; T_AU_OBSERVATION_TEXT; T_AU_OBSERVATION_STATUS; T_AU_NEW_PARAS_STATUS_CHANGE_LOG","T_AU_OBSERVATION; T_AU_PLAN_ENG; T_AUDITEE_ENTITIES; T_AU_PERIOD; T_AU_OBSERVATION_TEXT; T_AU_OBSERVATION_STATUS; T_AU_NEW_PARAS_STATUS_CHANGE_LOG",""
"PKG_HD.P_UPDATEOLDPARASFADSETTLEUNSETTLE","PKG_HD","P_UPDATEOLDPARASFADSETTLEUNSETTLE","T_AU_OLD_PARAS_FAD","","T_AU_OLD_PARAS_FAD"
"PKG_HD.P_CHANGESTATUSREQUESTFORSETTLEDPARA_NEW","PKG_HD","P_CHANGESTATUSREQUESTFORSETTLEDPARA_NEW","T_CURSOR; M_F; T_AU_ACTIVITY_LOG; T_AU_NEW_PARAS_STATUS_CHANGE_LOG; AIS_T_AU_POST_COMPLIANCE; T_AU_OBSERVATION","T_AU_ACTIVITY_LOG; T_AU_NEW_PARAS_STATUS_CHANGE_LOG; DUAL; AIS_T_AU_POST_COMPLIANCE; T_AU_OBSERVATION","T_AU_ACTIVITY_LOG; T_AU_NEW_PARAS_STATUS_CHANGE_LOG"
"PKG_HD.P_CHANGESTATUSREQUESTFORSETTLEDPARA_NEW_REVIEWER","PKG_HD","P_CHANGESTATUSREQUESTFORSETTLEDPARA_NEW_REVIEWER","T_CURSOR; T_AU_NEW_PARAS_STATUS_CHANGE_LOG","DUAL; T_AU_NEW_PARAS_STATUS_CHANGE_LOG","T_AU_NEW_PARAS_STATUS_CHANGE_LOG"
"PKG_HD.P_CHANGESTATUSREQUESTFORSETTLEDPARA","PKG_HD","P_CHANGESTATUSREQUESTFORSETTLEDPARA","T_CURSOR; M_F; T_AU_OLD_PARAS_FAD_STATUS_CHANGE_LOG; T_AU_OLD_PARAS_FAD; T_AU_OBSERVATION_OLD_CAD_PARAS","T_AU_OLD_PARAS_FAD_STATUS_CHANGE_LOG; DUAL; T_AU_OLD_PARAS_FAD; T_AU_OBSERVATION_OLD_CAD_PARAS","T_AU_OLD_PARAS_FAD_STATUS_CHANGE_LOG; T_AU_OLD_PARAS_FAD"
"PKG_HD.P_ADDOLDPARAS","PKG_HD","P_ADDOLDPARAS","T_AU_OLD_PARAS_FAD; T_AU_OLD_PARAS_FAD_TEXT","","T_AU_OLD_PARAS_FAD; T_AU_OLD_PARAS_FAD_TEXT"
"PKG_HD.P_PPNO_PARA","PKG_HD","P_PPNO_PARA","T_CURSOR; AIS_T_AU_POST_COMPLIANCE; V_GET_PPNO_RESPONSIBILITY_LIST; T_AUDITEE_ENTITIES; T_AUDIT_CHECKLIST_ANNEXURE","AIS_T_AU_POST_COMPLIANCE; V_GET_PPNO_RESPONSIBILITY_LIST; T_AUDITEE_ENTITIES; T_AUDIT_CHECKLIST_ANNEXURE",""
"PKG_HD.P_GET_ALL_PARA_TEXT","PKG_HD","P_GET_ALL_PARA_TEXT","T_CURSOR; AIS_T_AU_POST_COMPLIANCE; T_AU_OLD_PARAS_FAD_TEXT; T_AU_OLD_PARAS_FAD; T_AU_OBSERVATION_TEXT; T_AU_OBSERVATION_OLD_CAD_PARAS_TEXT","AIS_T_AU_POST_COMPLIANCE; T_AU_OLD_PARAS_FAD_TEXT; T_AU_OLD_PARAS_FAD; T_AU_OBSERVATION_TEXT; T_AU_OBSERVATION_OLD_CAD_PARAS_TEXT",""
"PKG_HD.P_PPNO_NAME","PKG_HD","P_PPNO_NAME","T_CURSOR; V_HR_EMPLOYEE_INFO_PPNO_NDC","V_HR_EMPLOYEE_INFO_PPNO_NDC",""
"PKG_HD.P_GET_AUDIT_PRE_CONCLUDING_ENTITIES","PKG_HD","P_GET_AUDIT_PRE_CONCLUDING_ENTITIES","T_AU_PLAN_ENG; T_CURSOR; T_AUDITEE_ENTITIES","T_AU_PLAN_ENG; T_AUDITEE_ENTITIES",""
"PKG_HD.P_GET_AUDIT_PRE_CONCLUDING","PKG_HD","P_GET_AUDIT_PRE_CONCLUDING","T_CURSOR; T_AU_ACTIVITY_LOG; T_AU_PLAN_DISPLAY; T_AU_PLAN_ENG; T_AU_OBSERVATION_GIST; T_AU_OBSERVATION_FINAL_RECCOMENDATION; T_AU_OBSERVATION; T_AU_OBSERVATION_TEXT; T_RISK; T_AU_OBSERVATION_STATUS","DUAL; T_AU_ACTIVITY_LOG; T_AU_PLAN_DISPLAY; T_AU_PLAN_ENG; T_AU_OBSERVATION_GIST; T_AU_OBSERVATION_FINAL_RECCOMENDATION; T_AU_OBSERVATION; T_AU_OBSERVATION_TEXT; T_RISK; T_AU_OBSERVATION_STATUS","T_AU_ACTIVITY_LOG"
"PKG_HD.P_AUDIT_PRE_SUBMISSION","PKG_HD","P_AUDIT_PRE_SUBMISSION","T_AU_PLAN_ENG; T_CURSOR; T_AU_ACTIVITY_LOG; T_AU_OBSERVATION; T_AU_OBSERVATION_GIST; T_AU_PLAN_ENG_LOG","DUAL; T_AU_ACTIVITY_LOG; T_AU_OBSERVATION; T_AU_PLAN_ENG; T_AU_OBSERVATION_GIST; T_AU_PLAN_ENG_LOG","T_AU_ACTIVITY_LOG; T_AU_PLAN_ENG; T_AU_PLAN_ENG_LOG"
"PKG_HD.P_GET_AUDIT_CONCLUDING_ENTITIES","PKG_HD","P_GET_AUDIT_CONCLUDING_ENTITIES","T_CURSOR; T_AU_PLAN_ENG; T_AUDITEE_ENTITIES","T_AU_PLAN_ENG; T_AUDITEE_ENTITIES",""
"PKG_HD.P_AUDIT_CONCLUDING","PKG_HD","P_AUDIT_CONCLUDING","T_AU_PLAN_ENG; T_CURSOR; V_F; T_Y; V_COM_ID; AIS_T_AU_POST_COMPLIANCE; V_ENTITY_TYPE; V_KIP_EXIST; T_FRPT_REPORT_META; T_FRPT_KPI_SNAPSHOT; T_FRPT_NPL_SNAPSHOT; T_FRPT_STAFF_SNAPSHOT; T_AU_OBSERVATION; T_AU_REMARKS; T_AUDITEE_ENTITIES; T_AU_PERIOD; T_AU_OBSERVATION_TEXT; T_AUDITEE_ENT_TYPES; T_AU_OBSERVATION_RESPONIBILITY_ASSIGNED; T_AU_OBSERVATION_MAN; T_AU_OBSERVATION_FAD; T_AUDIT_PARA; T_AU_AUDIT_JOINING; T_AU_AUDIT_TEAM_TASKLIST; T_AU_PLAN_ENG_LOG","DUAL; T_FRPT_REPORT_META; T_FRPT_KPI_SNAPSHOT; T_FRPT_NPL_SNAPSHOT; T_FRPT_STAFF_SNAPSHOT; T_AU_PLAN_ENG; T_AU_OBSERVATION; T_AU_REMARKS; T_AUDITEE_ENTITIES; T_AU_PERIOD; T_AU_OBSERVATION_TEXT; T_AUDITEE_ENT_TYPES; AIS_T_AU_POST_COMPLIANCE; T_AU_OBSERVATION_MAN; T_AU_OBSERVATION_FAD; T_AUDIT_PARA; T_AU_PLAN_ENG_LOG","AIS_T_AU_POST_COMPLIANCE; T_AU_OBSERVATION_RESPONIBILITY_ASSIGNED; T_AU_OBSERVATION_MAN; T_AUDIT_PARA; T_AU_AUDIT_JOINING; T_AU_AUDIT_TEAM_TASKLIST; T_AU_PLAN_ENG; T_AU_PLAN_ENG_LOG"
"PKG_HD.P_GETAUDITENTITIESTYPE","PKG_HD","P_GETAUDITENTITIESTYPE","T_CURSOR; T_AUDITEE_ENT_TYPES; V_GET_PARENT_OFFICE","T_AUDITEE_ENT_TYPES; V_GET_PARENT_OFFICE",""
"PKG_HD.P_GETAUDITENTITIES","PKG_HD","P_GETAUDITENTITIES","T_CURSOR; T_AUDITEE_ENTITIES","T_AUDITEE_ENTITIES",""
"PKG_HD.P_GETAUDITYEAR","PKG_HD","P_GETAUDITYEAR","T_CURSOR; T_AU_OLD_AUDIT_PERIOD","T_AU_OLD_AUDIT_PERIOD",""
"PKG_HD.P_GETAUDITNATURE","PKG_HD","P_GETAUDITNATURE","T_CURSOR; T_AU_OLD_AUDIT_NATURE","T_AU_OLD_AUDIT_NATURE",""
"PKG_HD.P_ADD_LEGACY_PARA","PKG_HD","P_ADD_LEGACY_PARA","T_CURSOR; T_AU_OBSERVATION_OLD_CAD_PARAS; T_AU_OLD_PARAS_FAD; T_AU_ERROR_LOGS","T_AU_OBSERVATION_OLD_CAD_PARAS; DUAL; T_AU_OLD_PARAS_FAD; T_AU_ERROR_LOGS","T_AU_OBSERVATION_OLD_CAD_PARAS; T_AU_OLD_PARAS_FAD; T_AU_ERROR_LOGS"
"PKG_HD.P_GET_LEGACY_PARA_TO_AUTHORIZE","PKG_HD","P_GET_LEGACY_PARA_TO_AUTHORIZE","T_CURSOR; T_AU_OBSERVATION_OLD_CAD_PARAS; T_AUDITEE_ENTITIES; T_AU_OLD_PARAS_FAD; T_AU_OLD_AUDIT_NATURE; T_AU_OLD_AUDIT_PERIOD","T_AU_OBSERVATION_OLD_CAD_PARAS; T_AUDITEE_ENTITIES; T_AU_OLD_PARAS_FAD; T_AU_OLD_AUDIT_NATURE; T_AU_OLD_AUDIT_PERIOD",""
"PKG_HD.P_AUTHORIZE_LEGACY_PARA_ADDITION","PKG_HD","P_AUTHORIZE_LEGACY_PARA_ADDITION","T_CURSOR; T_AU_OBSERVATION_OLD_CAD_PARAS; T_AU_OLD_PARAS_FAD; T_AU_ERROR_LOGS","DUAL; T_AU_ERROR_LOGS","T_AU_OBSERVATION_OLD_CAD_PARAS; T_AU_OLD_PARAS_FAD; T_AU_ERROR_LOGS"
"PKG_HD.P_REFEREDBACK_DEL_PARA","PKG_HD","P_REFEREDBACK_DEL_PARA","T_CURSOR; T_AU_OBSERVATION_OLD_CAD_PARAS; T_AU_OLD_PARAS_FAD; T_AU_ERROR_LOGS","T_AU_OBSERVATION_OLD_CAD_PARAS; T_AU_OLD_PARAS_FAD; DUAL; T_AU_ERROR_LOGS","T_AU_OBSERVATION_OLD_CAD_PARAS; T_AU_OLD_PARAS_FAD; T_AU_ERROR_LOGS"
"PKG_HD.P_GETSETTLEDPARASFORREVIEW","PKG_HD","P_GETSETTLEDPARASFORREVIEW","T_CURSOR; T_AU_AUDIT_TEAM_TASKLIST; T_AUDITEE_ENTITIES; V_GET_AIS_POST_COMPLIANCE_HO","DUAL; T_AU_AUDIT_TEAM_TASKLIST; T_AUDITEE_ENTITIES; V_GET_AIS_POST_COMPLIANCE_HO",""
"PKG_HD.P_ADD_DUPLICATE_PARAS","PKG_HD","P_ADD_DUPLICATE_PARAS","T_CURSOR; T_AU_OBSERVATION_FAD; T_AUDITEE_ENTITIES; T_AU_DUPLICATE_PARAS","T_AU_OBSERVATION_FAD; T_AUDITEE_ENTITIES; DUAL; T_AU_DUPLICATE_PARAS","T_AU_DUPLICATE_PARAS"
"PKG_HD.P_GET_DUPLICATE_PARAS_ENT_FOR_AUTH","PKG_HD","P_GET_DUPLICATE_PARAS_ENT_FOR_AUTH","T_CURSOR; T_AUDITEE_ENTITIES; T_AU_DUPLICATE_PARAS","DUAL; T_AUDITEE_ENTITIES; T_AU_DUPLICATE_PARAS",""
"PKG_HD.P_GET_DUPLICATE_PARAS_FOR_AUTH","PKG_HD","P_GET_DUPLICATE_PARAS_FOR_AUTH","T_CURSOR; T_AU_DUPLICATE_PARAS; T_AUDITEE_ENTITIES","DUAL; T_AU_DUPLICATE_PARAS; T_AUDITEE_ENTITIES",""
"PKG_HD.P_AUTH_DUPLICATE_PARAS","PKG_HD","P_AUTH_DUPLICATE_PARAS","T_CURSOR; T_AU_DUPLICATE_PARAS; T_AU_OLD_PARAS_FAD; T_AU_OBSERVATION; T_AU_OBSERVATION_OLD_CAD_PARAS; AIS_T_AU_POST_COMPLIANCE","T_AU_DUPLICATE_PARAS; DUAL","T_AU_DUPLICATE_PARAS; T_AU_OLD_PARAS_FAD; T_AU_OBSERVATION; T_AU_OBSERVATION_OLD_CAD_PARAS; AIS_T_AU_POST_COMPLIANCE"
"PKG_HD.P_REJECT_DUPLICATE_PARAS","PKG_HD","P_REJECT_DUPLICATE_PARAS","T_CURSOR; T_AU_DUPLICATE_PARAS","DUAL","T_AU_DUPLICATE_PARAS"
"PKG_HD.P_GET_OBSERVATION_DETAILS_FROM_ID_HO","PKG_HD","P_GET_OBSERVATION_DETAILS_FROM_ID_HO","T_CURSOR; T_AU_OBSERVATION; T_RISK; T_AU_OBSERVATION_TEXT; T_AU_OBSERVATIONS_AUDITEE_RESPONSE; T_AU_OBSERVATIONS_AUDITOR_RECOMMENDATION; T_CONTROL_VIOLATION_SUB; V_CAT_NATURE_ID; T_CONTROL_VIOLATION; V_CAT_ID","DUAL; T_AU_OBSERVATION; T_RISK; T_AU_OBSERVATION_TEXT; T_AU_OBSERVATIONS_AUDITEE_RESPONSE; T_AU_OBSERVATIONS_AUDITOR_RECOMMENDATION; T_CONTROL_VIOLATION_SUB; T_CONTROL_VIOLATION",""
"PKG_HD.P_GET_OBSERVATION_DETAILS_FROM_ID","PKG_HD","P_GET_OBSERVATION_DETAILS_FROM_ID","T_CURSOR; T_ID; T_AU_OBSERVATION; T_AUDIT_CHECKLIST_ANNEXURE; T_AUDIT_CHECKLIST_DETAILS; T_AUDIT_CHECKLIST_SUB; T_AUDIT_CHECKLIST; T_RISK; T_AU_OBSERVATION_TEXT; T_AU_OBSERVATIONS_AUDITEE_RESPONSE; T_AU_OBSERVATIONS_AUDITOR_RECOMMENDATION; T_AU_DSA","DUAL; T_AU_OBSERVATION; T_AUDIT_CHECKLIST_ANNEXURE; T_AUDIT_CHECKLIST_DETAILS; T_AUDIT_CHECKLIST_SUB; T_AUDIT_CHECKLIST; T_RISK; T_AU_OBSERVATION_TEXT; T_AU_OBSERVATIONS_AUDITEE_RESPONSE; T_AU_OBSERVATIONS_AUDITOR_RECOMMENDATION; T_AU_DSA",""
"PKG_HD.P_GET_OBSERVATION_DETAILS_FROM_ID_PRE_CON","PKG_HD","P_GET_OBSERVATION_DETAILS_FROM_ID_PRE_CON","T_CURSOR; T_ID; T_AU_OBSERVATION; T_AUDIT_CHECKLIST_ANNEXURE; T_AUDIT_CHECKLIST_DETAILS; T_AUDIT_CHECKLIST_SUB; T_AUDIT_CHECKLIST; T_RISK; T_AU_OBSERVATION_TEXT; T_AU_OBSERVATIONS_AUDITEE_RESPONSE; T_AU_OBSERVATIONS_AUDITOR_RECOMMENDATION; T_AU_OBSERVATIONS_AUDITOR_REPLY; T_AU_OBSERVATION_FINAL_RECCOMENDATION; T_AU_OBSERVATION_GIST","DUAL; T_AU_OBSERVATION; T_AUDIT_CHECKLIST_ANNEXURE; T_AUDIT_CHECKLIST_DETAILS; T_AUDIT_CHECKLIST_SUB; T_AUDIT_CHECKLIST; T_RISK; T_AU_OBSERVATION_TEXT; T_AU_OBSERVATIONS_AUDITEE_RESPONSE; T_AU_OBSERVATIONS_AUDITOR_RECOMMENDATION; T_AU_OBSERVATIONS_AUDITOR_REPLY; T_AU_OBSERVATION_FINAL_RECCOMENDATION; T_AU_OBSERVATION_GIST",""
"PKG_HD.P_GET_OBSERVATION_DETAILS_FROM_ID_PRE_CON_HO","PKG_HD","P_GET_OBSERVATION_DETAILS_FROM_ID_PRE_CON_HO","T_CURSOR; V_CAT_ID; T_ID; V_CAT_NATURE_ID; T_AU_OBSERVATION; T_RISK; T_AU_OBSERVATION_TEXT; T_AU_OBSERVATIONS_AUDITEE_RESPONSE; T_AU_OBSERVATIONS_AUDITOR_RECOMMENDATION; T_AU_OBSERVATIONS_AUDITOR_REPLY; T_AU_OBSERVATION_FINAL_RECCOMENDATION; T_AU_OBSERVATION_GIST","DUAL; T_AU_OBSERVATION; T_RISK; T_AU_OBSERVATION_TEXT; T_AU_OBSERVATIONS_AUDITEE_RESPONSE; T_AU_OBSERVATIONS_AUDITOR_RECOMMENDATION; T_AU_OBSERVATIONS_AUDITOR_REPLY; T_AU_OBSERVATION_FINAL_RECCOMENDATION; T_AU_OBSERVATION_GIST",""
"PKG_HD.P_AUDIT_PARA_UPDATE_SVZ_AZ","PKG_HD","P_AUDIT_PARA_UPDATE_SVZ_AZ","T_CURSOR; T_AU_OBSERVATION; T_AU_OBSERVATION_TEXT","DUAL","T_AU_OBSERVATION; T_AU_OBSERVATION_TEXT"
"PKG_HD.P_AUDIT_PARA_UPDATE_HEAD_DEPT","PKG_HD","P_AUDIT_PARA_UPDATE_HEAD_DEPT","V_ID; V_NATUREID; T_CURSOR; T_AU_OBSERVATION; V_CAT_ID; V_CAT_NATURE_ID; T_AU_OBSERVATION_TEXT","DUAL","T_AU_OBSERVATION; T_AU_OBSERVATION_TEXT"
"PKG_HD.P_UPLOAD_AUDIT_REPORT","PKG_HD","P_UPLOAD_AUDIT_REPORT","T_CURSOR; V_EXISTS; T_AUDIT_REPORTS","DUAL; T_AUDIT_REPORTS","T_AUDIT_REPORTS; OPEN"
"PKG_HD.P_GET_FINAL_AUDIT_REPORT","PKG_HD","P_GET_FINAL_AUDIT_REPORT","T_CURSOR; T_AUDIT_REPORTS; T_AU_PLAN_ENG; T_AU_PERIOD; T_AUDITEE_ENTITIES","DUAL; T_AUDIT_REPORTS; T_AU_PLAN_ENG; T_AU_PERIOD; T_AUDITEE_ENTITIES",""
"PKG_HD.P_GET_AUDIT_REPORT_CONTENT","PKG_HD","P_GET_AUDIT_REPORT_CONTENT","T_CURSOR; T_AUDIT_REPORTS","DUAL; T_AUDIT_REPORTS",""
"PKG_HD.P_GET_CHECK_AUDIT_REPORT_UPLOADED","PKG_HD","P_GET_CHECK_AUDIT_REPORT_UPLOADED","T_CURSOR; T_AUDIT_REPORTS","DUAL; T_AUDIT_REPORTS",""
"PKG_HD.P_GET_PARAS_FOR_STATUS_CHANGE","PKG_HD","P_GET_PARAS_FOR_STATUS_CHANGE","T_CURSOR; AIS_T_AU_POST_COMPLIANCE; T_RISK; T_AU_PARAS_STATUS_CHANGE_LOG","AIS_T_AU_POST_COMPLIANCE; T_RISK; T_AU_PARAS_STATUS_CHANGE_LOG",""
"PKG_HD.P_ADD_PARAS_FOR_STATUS_CHANGE","PKG_HD","P_ADD_PARAS_FOR_STATUS_CHANGE","T_CURSOR; M_F; V_EXISTS; AIS_T_AU_POST_COMPLIANCE; T_AU_PARAS_STATUS_CHANGE_LOG","AIS_T_AU_POST_COMPLIANCE; DUAL; T_AU_PARAS_STATUS_CHANGE_LOG","T_AU_PARAS_STATUS_CHANGE_LOG"
"PKG_HD.P_GET_PARAS_FOR_STATUS_CHANGE_FOR_AUTHORIZE","PKG_HD","P_GET_PARAS_FOR_STATUS_CHANGE_FOR_AUTHORIZE","T_CURSOR; AIS_T_AU_POST_COMPLIANCE; T_RISK; T_AU_PARAS_STATUS_CHANGE_LOG","AIS_T_AU_POST_COMPLIANCE; T_RISK; T_AU_PARAS_STATUS_CHANGE_LOG",""
"PKG_HD.P_AUTHORIZE_PARAS_FOR_STATUS","PKG_HD","P_AUTHORIZE_PARAS_FOR_STATUS","T_CURSOR; T_AU_PARAS_STATUS_CHANGE_LOG; T_AU_OBSERVATION; T_AU_OLD_PARAS_FAD; T_AU_OBSERVATION_OLD_CAD_PARAS; AIS_T_AU_POST_COMPLIANCE","T_AU_PARAS_STATUS_CHANGE_LOG; DUAL; AIS_T_AU_POST_COMPLIANCE; FRONTEND","PARA; T_AU_OBSERVATION; T_AU_OLD_PARAS_FAD; T_AU_OBSERVATION_OLD_CAD_PARAS; AIS_T_AU_POST_COMPLIANCE; CHANGE; T_AU_PARAS_STATUS_CHANGE_LOG"
"PKG_HD.P_INSERT_SBP_OBSERVATION","PKG_HD","P_INSERT_SBP_OBSERVATION","T_HD_SBP_OBSERVATION","","T_HD_SBP_OBSERVATION"
"PKG_HD.P_INSERT_SBP_RESPONSE","PKG_HD","P_INSERT_SBP_RESPONSE","T_HD_SBP_OBS_RESPONSE","","T_HD_SBP_OBS_RESPONSE"
"PKG_HD.P_GET_SBP_REGISTER","PKG_HD","P_GET_SBP_REGISTER","T_HD_SBP_OBSERVATION; T_HD_SBP_OBS_RESPONSE","T_HD_SBP_OBSERVATION; T_HD_SBP_OBS_RESPONSE",""
"PKG_HD.P_GET_SBP_HISTORY","PKG_HD","P_GET_SBP_HISTORY","T_HD_SBP_OBSERVATION; T_HD_SBP_OBS_RESPONSE","T_HD_SBP_OBSERVATION; T_HD_SBP_OBS_RESPONSE",""
"PKG_HD.P_VALIDATE_SBP_PASSWORD","PKG_HD","P_VALIDATE_SBP_PASSWORD","T_HD_SBP_SECURE_ACCESS","T_HD_SBP_SECURE_ACCESS",""
"PKG_HD.P_UPDATE_CAD_PASSWROD","PKG_HD","P_UPDATE_CAD_PASSWROD","T_HD_SBP_SECURE_ACCESS","","T_HD_SBP_SECURE_ACCESS"
"PKG_HD.P_UPDATE_SBP_OBSERVATION","PKG_HD","P_UPDATE_SBP_OBSERVATION","V_EXISTS; T_HD_SBP_OBSERVATION","T_HD_SBP_OBSERVATION","T_HD_SBP_OBSERVATION; OR"
"PKG_HD.P_UPDATE_SBP_RESPONSE","PKG_HD","P_UPDATE_SBP_RESPONSE","T_HD_SBP_OBSERVATION; V_EXISTS; T_HD_SBP_OBS_RESPONSE","T_HD_SBP_OBSERVATION; T_HD_SBP_OBS_RESPONSE","EXISTING; T_HD_SBP_OBS_RESPONSE"
"PKG_HD.P_GET_SBP_OBS_TYPES","PKG_HD","P_GET_SBP_OBS_TYPES","T_HD_SBP_OBS_TYPES","T_HD_SBP_OBS_TYPES",""
"PKG_HD.P_REQUEST_DELETE_OBSERVATION","PKG_HD","P_REQUEST_DELETE_OBSERVATION","V_EXISTS; V_SNAP; T_HD_SBP_OBSERVATION; T_HD_ACTION_REQUEST","T_HD_SBP_OBSERVATION","T_HD_ACTION_REQUEST"
"PKG_HD.P_REQUEST_DELETE_RESPONSE","PKG_HD","P_REQUEST_DELETE_RESPONSE","V_EXISTS; V_SNAP; T_HD_SBP_OBS_RESPONSE; T_HD_ACTION_REQUEST","T_HD_SBP_OBS_RESPONSE","T_HD_ACTION_REQUEST"
"PKG_HD.P_REQUEST_REVERSE","PKG_HD","P_REQUEST_REVERSE","V_ROW; T_HD_ACTION_REQUEST","T_HD_ACTION_REQUEST","T_HD_ACTION_REQUEST"
"PKG_HD.P_APPROVE_REQUEST","PKG_HD","P_APPROVE_REQUEST","V_REQ; T_HD_ACTION_REQUEST","T_HD_ACTION_REQUEST","T_HD_ACTION_REQUEST"
"PKG_HD.P_REJECT_REQUEST","PKG_HD","P_REJECT_REQUEST","V_REQ; T_HD_ACTION_REQUEST","T_HD_ACTION_REQUEST","T_HD_ACTION_REQUEST"
"PKG_HD.P_GET_REQUESTS","PKG_HD","P_GET_REQUESTS","T_CURSOR; T_HD_ACTION_REQUEST","T_HD_ACTION_REQUEST",""
"PKG_HD.P_GET_REQUEST_HISTORY","PKG_HD","P_GET_REQUEST_HISTORY","T_CURSOR; T_HD_ACTION_LOG","T_HD_ACTION_LOG",""
"PKG_HD.P_GET_BACKOFFICEDASHBOARDENGAGEMENTS","PKG_HD","P_GET_BACKOFFICEDASHBOARDENGAGEMENTS","T_CURSOR; T_AU_PLAN_ENG; T_AUDITEE_ENTITIES","T_AU_PLAN_ENG; T_AUDITEE_ENTITIES",""
"PKG_INQ.P_GETINSPECTIONUNITS","PKG_INQ","P_GETINSPECTIONUNITS","T_CURSOR; T_AUDITEE_ENTITIES","T_AUDITEE_ENTITIES",""
"PKG_INQ.P_CREATE_COMPLAINT_HDR","PKG_INQ","P_CREATE_COMPLAINT_HDR","V_COMPLAINT_NO; T_AU_IID_COMPLAINT_HDR","","T_AU_IID_COMPLAINT_HDR"
"PKG_INQ.P_SAVE_COMPLAINT_IAID","PKG_INQ","P_SAVE_COMPLAINT_IAID","T_AU_IID_COMPLAINANT","T_AU_IID_COMPLAINANT","PRIMARY; VIA"
"PKG_INQ.P_GET_COMPLAINT_HDR","PKG_INQ","P_GET_COMPLAINT_HDR","T_CURSOR; T_AU_IID_COMPLAINT_HDR","T_AU_IID_COMPLAINT_HDR",""
"PKG_INQ.GET_COMPLAINTS","PKG_INQ","GET_COMPLAINTS","T_CURSOR; T_USER_MAPING; T_AU_IID_COMPLAINT_HDR; T_AU_IID_COMPLAINT_IAID; T_AU_IID_COMPLAINANT; T_AUDITEE_ENTITIES","T_USER_MAPING; T_AU_IID_COMPLAINT_HDR; T_AU_IID_COMPLAINT_IAID; T_AU_IID_COMPLAINANT; T_AUDITEE_ENTITIES",""
"PKG_INQ.GET_COMPLAINTS_WITHOUT_ASSESSMENT","PKG_INQ","GET_COMPLAINTS_WITHOUT_ASSESSMENT","T_CURSOR; T_AU_IID_COMPLAINT_HDR; T_AU_IID_COMPLAINT_IAID; T_AU_IID_ASSESSMENT","T_AU_IID_COMPLAINT_HDR; T_AU_IID_COMPLAINT_IAID; T_AU_IID_ASSESSMENT",""
"PKG_INQ.GET_COMPLAINTS_DD","PKG_INQ","GET_COMPLAINTS_DD","T_CURSOR; T_AU_IID_COMPLAINT_HDR; T_AU_IID_COMPLAINT_IAID; T_AU_IID_COMPLAINANT; T_AU_IID_STATUS_MST","T_AU_IID_COMPLAINT_HDR; T_AU_IID_COMPLAINT_IAID; T_AU_IID_COMPLAINANT; T_AU_IID_STATUS_MST",""
"PKG_INQ.GET_LATEST_INQUIRY_REPORT_BY_COMPLAINT","PKG_INQ","GET_LATEST_INQUIRY_REPORT_BY_COMPLAINT","T_AU_IID_INQ_ACCUSED_LIST; T_AU_IID_INQ_STATEMENTS; T_AU_IID_INQ_RECORD_SCRUTINIZED; T_AU_IID_INQ_FIND_RECOMM; T_AU_IID_INQ_ACCUSATIONS; T_AU_IID_INQ_EVIDENCE_FILES; T_AU_IID_INQ_DSA; T_AU_IID_COMPLAINT_IAID; T_AU_IID_COMPLAINANT","T_AU_IID_INQ_ACCUSED_LIST; COMPLAINT; STATEMENTS; T_AU_IID_INQ_STATEMENTS; T_AU_IID_INQ_RECORD_SCRUTINIZED; T_AU_IID_INQ_FIND_RECOMM; T_AU_IID_INQ_ACCUSATIONS; T_AU_IID_INQ_EVIDENCE_FILES; T_AU_IID_INQ_DSA; T_AU_IID_COMPLAINT_IAID; T_AU_IID_COMPLAINANT",""
"PKG_INQ.GET_COMPLAINT","PKG_INQ","GET_COMPLAINT","T_CURSOR; T_AUDITEE_ENTITIES; T_AU_IID_COMPLAINT_HDR; T_AU_IID_COMPLAINT_IAID; T_AU_IID_COMPLAINANT; T_AU_IID_ASSESSMENT","T_AUDITEE_ENTITIES; T_AU_IID_COMPLAINT_HDR; T_AU_IID_COMPLAINT_IAID; T_AU_IID_COMPLAINANT; T_AU_IID_ASSESSMENT",""
"PKG_INQ.GET_LATEST_PLAN_BY_COMPLAINT","PKG_INQ","GET_LATEST_PLAN_BY_COMPLAINT","T_CURSOR; T_AU_IID_INV_PLAN","T_AU_IID_INV_PLAN",""
"PKG_INQ.P_GET_COMPLAINT_ID_BY_PLAN","PKG_INQ","P_GET_COMPLAINT_ID_BY_PLAN","T_AU_IID_INV_PLAN","T_AU_IID_INV_PLAN",""
"PKG_INQ.P_GET_COMPLAINT_ID_BY_REPORT","PKG_INQ","P_GET_COMPLAINT_ID_BY_REPORT","T_AU_IID_REPORT; T_AU_IID_INQUIRY_REPORT","T_AU_IID_REPORT",""
"PKG_INQ.ADD_ASSESSMENT","PKG_INQ","ADD_ASSESSMENT","T_AU_IID_ASSESSMENT; T_AU_IID_COMPLAINT_HDR","DUAL","T_AU_IID_ASSESSMENT; T_AU_IID_COMPLAINT_HDR"
"PKG_INQ.ADD_HEAD_REVIEW","PKG_INQ","ADD_HEAD_REVIEW","T_AU_IID_HEAD_REVIEW; T_AU_IID_COMPLAINT_HDR","T_AU_IID_HEAD_REVIEW; DUAL","T_AU_IID_HEAD_REVIEW; SET; HEADER; T_AU_IID_COMPLAINT_HDR"
"PKG_INQ.ADD_INV_PLAN","PKG_INQ","ADD_INV_PLAN","T_AU_IID_INV_PLAN; T_AU_IID_COMPLAINT_HDR","T_AU_IID_INV_PLAN; DUAL","T_AU_IID_INV_PLAN; SET; T_AU_IID_COMPLAINT_HDR"
"PKG_INQ.GET_INV_PLAN","PKG_INQ","GET_INV_PLAN","T_CURSOR; T_AU_IID_INV_PLAN","T_AU_IID_INV_PLAN",""
"PKG_INQ.GET_IID_TASK_LIST","PKG_INQ","GET_IID_TASK_LIST","T_CURSOR; T_AU_IID_REPORT; T_AU_IID_COMPLAINT_HDR; T_AU_IID_COMPLAINT_IAID; T_AU_IID_COMPLAINANT; T_AU_IID_ASSESSMENT; T_AU_IID_HEAD_REVIEW; T_AU_IID_INV_PLAN; T_AU_IID_HEAD_PLAN_APPROVAL","T_AU_IID_REPORT; T_AU_IID_COMPLAINT_HDR; T_AU_IID_COMPLAINT_IAID; T_AU_IID_COMPLAINANT; T_AU_IID_ASSESSMENT; T_AU_IID_HEAD_REVIEW; T_AU_IID_INV_PLAN; T_AU_IID_HEAD_PLAN_APPROVAL",""
"PKG_INQ.ADD_PLAN_APPROVAL","PKG_INQ","ADD_PLAN_APPROVAL","T_AU_IID_HEAD_PLAN_APPROVAL; T_AU_IID_INV_PLAN; T_AU_IID_COMPLAINT_HDR","T_AU_IID_HEAD_PLAN_APPROVAL; DUAL; T_AU_IID_INV_PLAN","T_AU_IID_HEAD_PLAN_APPROVAL; SET; T_AU_IID_COMPLAINT_HDR"
"PKG_INQ.ADD_INQUIRY_REPORT","PKG_INQ","ADD_INQUIRY_REPORT","T_AU_IID_REPORT","DUAL","T_AU_IID_REPORT"
"PKG_INQ.GET_INQUIRY_REPORT","PKG_INQ","GET_INQUIRY_REPORT","T_CURSOR; T_AU_IID_REPORT","T_AU_IID_REPORT",""
"PKG_INQ.ADD_ANALYSIS","PKG_INQ","ADD_ANALYSIS","T_AU_IID_ANALYSIS; T_AU_IID_REPORT","T_AU_IID_ANALYSIS; DUAL; T_AU_IID_REPORT","T_AU_IID_ANALYSIS; SET; SELECT"
"PKG_INQ.ADD_FINAL_APPROVAL","PKG_INQ","ADD_FINAL_APPROVAL","T_AU_IID_FINAL_APPROVAL; T_AU_IID_REPORT","DUAL; T_AU_IID_REPORT","T_AU_IID_FINAL_APPROVAL"
"PKG_INQ.ADD_CASE_STUDY","PKG_INQ","ADD_CASE_STUDY","T_AU_IID_CASE_STUDY","DUAL","T_AU_IID_CASE_STUDY"
"PKG_INQ.GET_REPORTS","PKG_INQ","GET_REPORTS","T_CURSOR; T_AU_IID_REPORT; T_AU_IID_COMPLAINT_HDR; T_AU_IID_COMPLAINT_IAID","T_AU_IID_REPORT; T_AU_IID_COMPLAINT_HDR; T_AU_IID_COMPLAINT_IAID",""
"PKG_INQ.GET_EMPLOYEE_INFO","PKG_INQ","GET_EMPLOYEE_INFO","T_CURSOR; V_GET_IID_EMPLOYEE_INFO","V_GET_IID_EMPLOYEE_INFO",""
"PKG_INQ.P_GET_INQ_ACCUSATIONS","PKG_INQ","P_GET_INQ_ACCUSATIONS","T_CURSOR; T_AU_IID_INQ_ACCUSATIONS","T_AU_IID_INQ_ACCUSATIONS",""
"PKG_INQ.P_ADD_INQ_ACCUSATION","PKG_INQ","P_ADD_INQ_ACCUSATION","T_CURSOR; V_ID; T_AU_IID_INQ_ACCUSATIONS","","T_AU_IID_INQ_ACCUSATIONS"
"PKG_INQ.P_UPDATE_INQ_ACCUSATION","PKG_INQ","P_UPDATE_INQ_ACCUSATION","T_CURSOR; V_CNT; T_AU_IID_INQ_ACCUSATIONS","","T_AU_IID_INQ_ACCUSATIONS; ACCUSATION"
"PKG_INQ.P_DELETE_INQ_ACCUSATION","PKG_INQ","P_DELETE_INQ_ACCUSATION","T_CURSOR; V_CNT; T_AU_IID_INQ_ACCUSATIONS","","T_AU_IID_INQ_ACCUSATIONS"
"PKG_INQ.P_GET_INQ_ACCUSED_LIST","PKG_INQ","P_GET_INQ_ACCUSED_LIST","T_CURSOR; T_AU_IID_INQ_ACCUSED_LIST","T_AU_IID_INQ_ACCUSED_LIST",""
"PKG_INQ.P_ADD_INQ_ACCUSED","PKG_INQ","P_ADD_INQ_ACCUSED","T_CURSOR; V_ID; T_AU_IID_INQ_ACCUSED_LIST","","T_AU_IID_INQ_ACCUSED_LIST"
"PKG_INQ.P_UPDATE_INQ_ACCUSED","PKG_INQ","P_UPDATE_INQ_ACCUSED","T_CURSOR; V_CNT; T_AU_IID_INQ_ACCUSED_LIST","","T_AU_IID_INQ_ACCUSED_LIST; ACCUSED"
"PKG_INQ.P_DELETE_INQ_ACCUSED","PKG_INQ","P_DELETE_INQ_ACCUSED","T_CURSOR; V_CNT; T_AU_IID_INQ_ACCUSED_LIST","","T_AU_IID_INQ_ACCUSED_LIST"
"PKG_INQ.P_GET_INQ_RECORDS","PKG_INQ","P_GET_INQ_RECORDS","T_CURSOR; T_AU_IID_INQ_RECORD_SCRUTINIZED","T_AU_IID_INQ_RECORD_SCRUTINIZED",""
"PKG_INQ.P_ADD_INQ_RECORD","PKG_INQ","P_ADD_INQ_RECORD","T_CURSOR; V_ID; T_AU_IID_INQ_RECORD_SCRUTINIZED","","T_AU_IID_INQ_RECORD_SCRUTINIZED"
"PKG_INQ.P_UPDATE_INQ_RECORD","PKG_INQ","P_UPDATE_INQ_RECORD","T_CURSOR; V_CNT; T_AU_IID_INQ_RECORD_SCRUTINIZED","","T_AU_IID_INQ_RECORD_SCRUTINIZED; RECORD"
"PKG_INQ.P_DELETE_INQ_RECORD","PKG_INQ","P_DELETE_INQ_RECORD","T_CURSOR; V_CNT; T_AU_IID_INQ_RECORD_SCRUTINIZED","","T_AU_IID_INQ_RECORD_SCRUTINIZED"
"PKG_INQ.P_GET_INQ_STATEMENTS","PKG_INQ","P_GET_INQ_STATEMENTS","T_CURSOR; T_AU_IID_INQ_STATEMENTS","T_AU_IID_INQ_STATEMENTS",""
"PKG_INQ.P_ADD_INQ_STATEMENT","PKG_INQ","P_ADD_INQ_STATEMENT","T_CURSOR; V_ID; T_AU_IID_INQ_STATEMENTS","T_AU_IID_INQ_STATEMENTS","EXISTING; T_AU_IID_INQ_STATEMENTS; STATEMENT"
"PKG_INQ.P_DELETE_INQ_STATEMENT","PKG_INQ","P_DELETE_INQ_STATEMENT","T_CURSOR; V_CNT; T_AU_IID_INQ_STATEMENTS","","T_AU_IID_INQ_STATEMENTS"
"PKG_INQ.P_GET_INQ_EVIDENCE_FILES","PKG_INQ","P_GET_INQ_EVIDENCE_FILES","T_CURSOR; T_AU_IID_INQ_EVIDENCE_FILES","T_AU_IID_INQ_EVIDENCE_FILES",""
"PKG_INQ.P_ADD_INQ_EVIDENCE_FILE","PKG_INQ","P_ADD_INQ_EVIDENCE_FILE","T_CURSOR; V_ID; T_AU_IID_INQ_EVIDENCE_FILES","","T_AU_IID_INQ_EVIDENCE_FILES"
"PKG_INQ.P_DELETE_INQ_EVIDENCE_FILE","PKG_INQ","P_DELETE_INQ_EVIDENCE_FILE","T_CURSOR; V_CNT; T_AU_IID_INQ_EVIDENCE_FILES","","T_AU_IID_INQ_EVIDENCE_FILES"
"PKG_INQ.P_GET_INQ_VIOLATIONS","PKG_INQ","P_GET_INQ_VIOLATIONS","T_CURSOR; T_AU_IID_INQ_VIOLATIONS","T_AU_IID_INQ_VIOLATIONS",""
"PKG_INQ.GET_INQ_FIND_RECOMM_STATUS","PKG_INQ","GET_INQ_FIND_RECOMM_STATUS","T_CURSOR; T_AU_IID_INQ_ACCUSATIONS; T_AU_IID_INQ_FIND_RECOMM","T_AU_IID_INQ_ACCUSATIONS; T_AU_IID_INQ_FIND_RECOMM",""
"PKG_INQ.SAVE_INQ_FINDINGS_RECOMM","PKG_INQ","SAVE_INQ_FINDINGS_RECOMM","T_CURSOR; T_AU_IID_INQ_FIND_RECOMM","DUAL","T_AU_IID_INQ_FIND_RECOMM; SET"
"PKG_INQ.GET_INQ_FINDINGS_RECOMM","PKG_INQ","GET_INQ_FINDINGS_RECOMM","T_CURSOR; T_AU_IID_INQ_FIND_RECOMM","T_AU_IID_INQ_FIND_RECOMM",""
"PKG_INQ.P_ADD_INQ_VIOLATION","PKG_INQ","P_ADD_INQ_VIOLATION","T_CURSOR; V_ID; T_AU_IID_INQ_VIOLATIONS","","T_AU_IID_INQ_VIOLATIONS"
"PKG_INQ.P_UPDATE_INQ_VIOLATION","PKG_INQ","P_UPDATE_INQ_VIOLATION","T_CURSOR; V_CNT; T_AU_IID_INQ_VIOLATIONS","","T_AU_IID_INQ_VIOLATIONS; VIOLATION"
"PKG_INQ.P_DELETE_INQ_VIOLATION","PKG_INQ","P_DELETE_INQ_VIOLATION","T_CURSOR; V_CNT; T_AU_IID_INQ_VIOLATIONS","","T_AU_IID_INQ_VIOLATIONS"
"PKG_INQ.P_GET_INQ_DSA","PKG_INQ","P_GET_INQ_DSA","T_CURSOR; T_AU_IID_INQ_DSA","T_AU_IID_INQ_DSA",""
"PKG_INQ.P_ADD_INQ_DSA","PKG_INQ","P_ADD_INQ_DSA","T_CURSOR; V_ID; T_AU_IID_INQ_DSA","","T_AU_IID_INQ_DSA"
"PKG_INQ.P_UPDATE_INQ_DSA","PKG_INQ","P_UPDATE_INQ_DSA","T_CURSOR; V_CNT; T_AU_IID_INQ_DSA","","T_AU_IID_INQ_DSA; DSA"
"PKG_INQ.P_DELETE_INQ_DSA","PKG_INQ","P_DELETE_INQ_DSA","T_CURSOR; V_CNT; T_AU_IID_INQ_DSA","","T_AU_IID_INQ_DSA"
"PKG_INQ.P_GET_INQ_EVIDENCE_STEP","PKG_INQ","P_GET_INQ_EVIDENCE_STEP","T_AU_IID_INQ_EVIDENCE_STEP","T_AU_IID_INQ_EVIDENCE_STEP",""
"PKG_INQ.P_SAVE_INQ_EVIDENCE_STEP","PKG_INQ","P_SAVE_INQ_EVIDENCE_STEP","T_CURSOR; V_EXISTS; V_MSG; T_AU_IID_INQ_EVIDENCE_STEP","T_AU_IID_INQ_EVIDENCE_STEP; DUAL","T_AU_IID_INQ_EVIDENCE_STEP"
"PKG_INQ.P_GET_INQ_PROCEEDINGS","PKG_INQ","P_GET_INQ_PROCEEDINGS","T_AU_IID_INQ_PROCEEDINGS","T_AU_IID_INQ_PROCEEDINGS",""
"PKG_INQ.P_SAVE_INQ_PROCEEDING","PKG_INQ","P_SAVE_INQ_PROCEEDING","T_CURSOR; V_MSG; T_AU_IID_INQ_PROCEEDINGS","DUAL","T_AU_IID_INQ_PROCEEDINGS"
"PKG_INQ.P_DELETE_INQ_PROCEEDING","PKG_INQ","P_DELETE_INQ_PROCEEDING","T_CURSOR; V_MSG; T_AU_IID_INQ_PROCEEDINGS","DUAL","T_AU_IID_INQ_PROCEEDINGS"
"PKG_INQ.P_FINALIZE_IID_INQUIRY_REPORT","PKG_INQ","P_FINALIZE_IID_INQUIRY_REPORT","T_AU_IID_COMPLAINT_HDR","","T_AU_IID_COMPLAINT_HDR"
"PKG_LG.P_GET_USER","PKG_LG","P_GET_USER","T_USER; T_CURSOR; T_USER_MAPING; V_SERVICE_EMPLOYEEINFO; T_AUDITEE_ENTITIES; T_GROUPS","T_USER; T_USER_MAPING; V_SERVICE_EMPLOYEEINFO; T_AUDITEE_ENTITIES; T_GROUPS",""
"PKG_LG.USER_SESSION","PKG_LG","USER_SESSION","T_USER_SESSION; T_AU_ACTIVITY_LOG","T_USER_SESSION; T_AU_ACTIVITY_LOG","T_USER_SESSION; T_AU_ACTIVITY_LOG"
"PKG_LG.P_GETLOGGEDINUSERENGID","PKG_LG","P_GETLOGGEDINUSERENGID","T_CURSOR; T_AU_AUDIT_JOINING","T_AU_AUDIT_JOINING",""
"PKG_LG.SESSION_END","PKG_LG","SESSION_END","T_USER_SESSION; T_AU_ACTIVITY_LOG","T_AU_ACTIVITY_LOG","T_AU_ACTIVITY_LOG; T_USER_SESSION"
"PKG_LG.SESSION_KILL","PKG_LG","SESSION_KILL","T_USER_SESSION","","T_USER_SESSION"
"PKG_LG.P_CHANGEPASSWORD","PKG_LG","P_CHANGEPASSWORD","T_USER; T_AU_ACTIVITY_LOG","T_AU_ACTIVITY_LOG","T_USER; T_AU_ACTIVITY_LOG"
"PKG_LG.P_GET_USER_SESSION","PKG_LG","P_GET_USER_SESSION","T_USER; T_CURSOR; T_USER_SESSION","T_USER_SESSION",""
"PKG_LG.P_GETTOPMENUS","PKG_LG","P_GETTOPMENUS","T_USER_GROUP_MAP; T_CURSOR; T_MENU; T_MENU_PAGES; T_MENU_PAGES_GROUPMAP","T_MENU; T_MENU_PAGES; T_MENU_PAGES_GROUPMAP",""
"PKG_LG.P_GETTOPMENUPAGES","PKG_LG","P_GETTOPMENUPAGES","T_MENU_PAGES_GROUPMAP; T_CURSOR; T_MENU_PAGES; T_MENU_SUB","T_MENU_PAGES; T_MENU_PAGES_GROUPMAP; T_MENU_SUB",""
"PKG_LG.P_GETAPIPERMISSIONS","PKG_LG","P_GETAPIPERMISSIONS","T_CURSOR; T_AU_ROLE_API_PERMISSION; T_AU_API_MASTER","T_AU_ROLE_API_PERMISSION; T_AU_API_MASTER",""
"PKG_LG.P_GETRISKPROCESSDEFINITION","PKG_LG","P_GETRISKPROCESSDEFINITION","T_CURSOR; T_AUDIT_CHECKLIST; T_ID","T_AUDIT_CHECKLIST",""
"PKG_LG.P_GET_SYS_LOGS","PKG_LG","P_GET_SYS_LOGS","T_SYS_LOG","T_SYS_LOG",""
"PKG_PG.P_GET_CRITERIA_ENT_COUNT","PKG_PG","P_GET_CRITERIA_ENT_COUNT","T_CURSOR; T_AUDIT_CRITERIA; T_AU_PERIOD; T_AUDITEE_ENTITIES; T_AUDIT_FREQUENCY","T_AUDIT_CRITERIA; T_AU_PERIOD; T_AUDITEE_ENTITIES; T_AUDIT_FREQUENCY","T_AUDIT_CRITERIA"
"PKG_PG.P_GETAUDITPERIODS","PKG_PG","P_GETAUDITPERIODS","T_CURSOR; T_AU_PERIOD; T_AU_PERIOD_STATUS","T_AU_PERIOD; T_AU_PERIOD_STATUS",""
"PKG_PG.P_GETAUDITENTITIES","PKG_PG","P_GETAUDITENTITIES","T_CURSOR; T_AUDITEE_ENT_TYPES","T_AUDITEE_ENT_TYPES",""
"PKG_PG.P_GETAUDITEEENTITIES","PKG_PG","P_GETAUDITEEENTITIES","T_CURSOR; T_AUDITEE_ENTITIES; T_AUDITEE_ENT_TYPES","T_AUDITEE_ENTITIES; T_AUDITEE_ENT_TYPES",""
"PKG_PG.P_ADDAUDITPERIOD","PKG_PG","P_ADDAUDITPERIOD","T_AU_PERIOD; T_CURSOR; T_AU_REMARKS","T_AU_PERIOD; T_AU_REMARKS","T_AU_PERIOD"
"PKG_PG.P_GET_AUDITPERIOD_STATUS","PKG_PG","P_GET_AUDITPERIOD_STATUS","T_CURSOR; T_AU_PERIOD_STATUS","T_AU_PERIOD_STATUS",""
"PKG_PG.P_UPDATE_AUDITPERIOD","PKG_PG","P_UPDATE_AUDITPERIOD","T_CURSOR; T_AU_PERIOD","DUAL","T_AU_PERIOD"
"PKG_PG.P_ADDAUDITCRITERIA","PKG_PG","P_ADDAUDITCRITERIA","T_AUDIT_CRITERIA; T_AUDIT_CRITERIA_LOG; T_CURSOR; T_AU_PERIOD; T_AUDITEE_ENTITIES; T_AUDIT_FREQUENCY; T_AU_REMARKS","T_AUDIT_CRITERIA; T_AU_PERIOD; T_AUDITEE_ENTITIES; T_AUDIT_FREQUENCY; T_AUDIT_CRITERIA_LOG; T_AU_REMARKS","T_AUDIT_CRITERIA; T_AUDIT_CRITERIA_LOG"
"PKG_PG.P_DELETEPENDINGCRITERIA","PKG_PG","P_DELETEPENDINGCRITERIA","V_F; T_AU_ACTIVITY_LOG; T_AUDIT_CRITERIA; T_AUDIT_CRITERIA_LOG","T_AU_ACTIVITY_LOG; T_AUDIT_CRITERIA; T_AUDIT_CRITERIA_LOG","T_AU_ACTIVITY_LOG; T_AUDIT_CRITERIA; T_AUDIT_CRITERIA_LOG"
"PKG_PG.P_UPDATEAUDITCRITERIA","PKG_PG","P_UPDATEAUDITCRITERIA","T_AUDIT_CRITERIA; T_AU_ACTIVITY_LOG; T_AUDIT_CRITERIA_LOG","T_AU_ACTIVITY_LOG; T_AUDIT_CRITERIA_LOG","T_AU_ACTIVITY_LOG; T_AUDIT_CRITERIA; T_AUDIT_CRITERIA_LOG"
"PKG_PG.P_SETAUDITCRITERIASTATUSREFERREDBACK","PKG_PG","P_SETAUDITCRITERIASTATUSREFERREDBACK","T_AUDIT_CRITERIA; T_AU_ACTIVITY_LOG; T_AUDIT_CRITERIA_LOG","T_AU_ACTIVITY_LOG; T_AUDIT_CRITERIA_LOG","T_AU_ACTIVITY_LOG; T_AUDIT_CRITERIA; T_AUDIT_CRITERIA_LOG"
"PKG_PG.P_SUBMITAUDITCRITERIAFORAPPROVAL","PKG_PG","P_SUBMITAUDITCRITERIAFORAPPROVAL","T_AU_ACTIVITY_LOG; T_AUDIT_CRITERIA","T_AU_ACTIVITY_LOG","T_AU_ACTIVITY_LOG; T_AUDIT_CRITERIA"
"PKG_PG.P_SETAUDITCRITERIASTATUSAPPROVE","PKG_PG","P_SETAUDITCRITERIASTATUSAPPROVE","T_AUDIT_CRITERIA; T_CURSOR; T_AU_ACTIVITY_LOG; T_AUDIT_CRITERIA_LOG","T_AU_ACTIVITY_LOG; T_AUDIT_CRITERIA_LOG; DUAL","T_AU_ACTIVITY_LOG; T_AUDIT_CRITERIA; T_AUDIT_CRITERIA_LOG"
"PKG_PG.P_GETPENDINGAUDITCRITERIAS","PKG_PG","P_GETPENDINGAUDITCRITERIAS","T_CURSOR; V_F; T_AU_ACTIVITY_LOG; T_AUDITEE_ENTITIES_MAPING; T_AUDITEE_ENT_TYPES; T_AUDIT_CRITERIA; T_AU_PERIOD; T_RISK; T_AUDIT_FREQUENCY; T_AUDITEE_ENTITIES_SIZE_DISC; T_AUDIT_CRITERIA_LOG; T_AUDITEE_ENTITIES","T_AU_ACTIVITY_LOG; T_AUDITEE_ENTITIES_MAPING; T_AUDITEE_ENT_TYPES; T_AUDIT_CRITERIA; T_AU_PERIOD; T_RISK; T_AUDIT_FREQUENCY; T_AUDITEE_ENTITIES_SIZE_DISC; T_AUDIT_CRITERIA_LOG; T_AUDITEE_ENTITIES","T_AU_ACTIVITY_LOG"
"PKG_PG.P_GETREFFEREDBACKAUDITCRITERIAS","PKG_PG","P_GETREFFEREDBACKAUDITCRITERIAS","T_CURSOR; T_AU_ACTIVITY_LOG; T_AUDITEE_ENTITIES; T_AUDIT_CRITERIA; T_AU_PERIOD; T_AUDITEE_ENT_TYPES; T_RISK; T_AUDIT_FREQUENCY; T_AUDITEE_ENTITIES_SIZE_DISC; T_AUDIT_CRITERIA_LOG","T_AU_ACTIVITY_LOG; T_AUDITEE_ENTITIES; T_AUDIT_CRITERIA; T_AU_PERIOD; T_AUDITEE_ENT_TYPES; T_RISK; T_AUDIT_FREQUENCY; T_AUDITEE_ENTITIES_SIZE_DISC; T_AUDIT_CRITERIA_LOG","T_AU_ACTIVITY_LOG"
"PKG_PG.P_GETAUDITCRITERIASTOAUTHORIZE","PKG_PG","P_GETAUDITCRITERIASTOAUTHORIZE","T_CURSOR; T_AU_ACTIVITY_LOG; T_AUDITEE_ENTITIES; T_AUDIT_CRITERIA; T_AU_PERIOD; T_AUDITEE_ENT_TYPES; T_RISK; T_AUDIT_FREQUENCY; T_AUDITEE_ENTITIES_SIZE_DISC; T_AUDIT_CRITERIA_LOG; T_AUDITEE_ENTITIES_MAPING","T_AU_ACTIVITY_LOG; T_AUDITEE_ENTITIES; T_AUDIT_CRITERIA; T_AU_PERIOD; T_AUDITEE_ENT_TYPES; T_RISK; T_AUDIT_FREQUENCY; T_AUDITEE_ENTITIES_SIZE_DISC; T_AUDIT_CRITERIA_LOG; T_AUDITEE_ENTITIES_MAPING","T_AU_ACTIVITY_LOG"
"PKG_PG.P_GETPOSTCHANGESAUDITCRITERIAS","PKG_PG","P_GETPOSTCHANGESAUDITCRITERIAS","T_CURSOR; T_AU_ACTIVITY_LOG; T_AUDITEE_ENTITIES; T_AUDIT_CRITERIA; T_AU_PERIOD; T_AUDITEE_ENT_TYPES; T_RISK; T_AUDIT_FREQUENCY; T_AUDITEE_ENTITIES_SIZE_DISC; T_AUDIT_CRITERIA_LOG","T_AU_ACTIVITY_LOG; T_AUDITEE_ENTITIES; T_AUDIT_CRITERIA; T_AU_PERIOD; T_AUDITEE_ENT_TYPES; T_RISK; T_AUDIT_FREQUENCY; T_AUDITEE_ENTITIES_SIZE_DISC; T_AUDIT_CRITERIA_LOG","T_AU_ACTIVITY_LOG"
"PKG_PG.P_GETAUDITEMPLOYEES","PKG_PG","P_GETAUDITEMPLOYEES","T_CURSOR; T_AUDIT_EMP; T_USER","T_AUDIT_EMP; T_USER",""
"PKG_PG.P_ADDAUDITTEAM","PKG_PG","P_ADDAUDITTEAM","T_AU_TEAM_MEMBERS; T_ID; T_CURSOR; T_P; T_AU_ACTIVITY_LOG; T_CODE; T_USER; T_AUDITEE_ENTITIES; T_USER_MAPING","T_AU_TEAM_MEMBERS; T_AU_ACTIVITY_LOG; T_USER; T_AUDITEE_ENTITIES; T_USER_MAPING; DUAL","T_AU_ACTIVITY_LOG; T_AU_TEAM_MEMBERS; T_USER_MAPING"
"PKG_PG.P_DELETEAUDITTEAM","PKG_PG","P_DELETEAUDITTEAM","T_AU_ACTIVITY_LOG; T_AU_TEAM_MEMBERS; T_ID","T_AU_ACTIVITY_LOG","T_AU_ACTIVITY_LOG; T_AU_TEAM_MEMBERS"
"PKG_PG.P_MAXTEAMID","PKG_PG","P_MAXTEAMID","T_CURSOR; T_ID; T_AU_TEAM_MEMBERS; T_AU_AUDIT_TEAMS","T_AU_TEAM_MEMBERS; T_AU_AUDIT_TEAMS",""
"PKG_PG.P_GETAUDITTEAMS","PKG_PG","P_GETAUDITTEAMS","T_CURSOR; T_AU_TEAM_MEMBERS; T_AUDITEE_ENTITIES","T_AU_TEAM_MEMBERS; T_AUDITEE_ENTITIES",""
"PKG_PG.P_GETAUDITFREQUENCIES","PKG_PG","P_GETAUDITFREQUENCIES","T_CURSOR; T_AUDIT_FREQUENCY","T_AUDIT_FREQUENCY",""
"PKG_PG.P_ADD_SPECIAL_AUDIT_PLAN","PKG_PG","P_ADD_SPECIAL_AUDIT_PLAN","T_CURSOR; T_AU_PRE_PLAN; T_AUDITEE_ENTITIES","T_AU_PRE_PLAN; T_AUDITEE_ENTITIES; DUAL","T_AU_PRE_PLAN"
"PKG_PG.P_GET_SPECICAL_AUDIT_FOR_APPROVAL","PKG_PG","P_GET_SPECICAL_AUDIT_FOR_APPROVAL","T_CURSOR; T_AU_PRE_PLAN; T_AU_PERIOD; T_AUDIT_FREQUENCY; T_AUDITEE_ENTITIES_MAPING; T_AUDITEE_ENT_TYPES; T_AUDITEE_ENTITIES; T_AU_OLD_AUDIT_NATURE","T_AU_PRE_PLAN; T_AU_PERIOD; T_AUDIT_FREQUENCY; T_AUDITEE_ENTITIES_MAPING; T_AUDITEE_ENT_TYPES; T_AUDITEE_ENTITIES; T_AU_OLD_AUDIT_NATURE",""
"PKG_PG.P_UPDATE_SPECIAL_AUDIT","PKG_PG","P_UPDATE_SPECIAL_AUDIT","T_CURSOR; T_AU_PRE_PLAN; T_AU_PLAN; T_AU_PERIOD; T_AUDITEE_ENTITIES_MAPING; T_AUDITEE_ENTITIES","DUAL; T_AU_PRE_PLAN; T_AU_PERIOD; T_AUDITEE_ENTITIES_MAPING; T_AUDITEE_ENTITIES","T_AU_PRE_PLAN; T_AU_PLAN"
"PKG_PG.TENTATIVE_AUDIT_PLAN","PKG_PG","TENTATIVE_AUDIT_PLAN","T_AUDIT_CRITERIA; T_CURSOR; V_F; T_AU_ACTIVITY_LOG; T_AUDIT_FREQUENCY; T_AU_PLAN; T_AU_PERIOD; T_AUDITEE_ENTITIES; T_AUDITEE_ENTITIES_SIZE_DISC; T_RISK_STATUS; T_AU_REMARKS","T_AU_ACTIVITY_LOG; T_AUDIT_CRITERIA; T_AUDIT_FREQUENCY; T_AU_PERIOD; T_AUDITEE_ENTITIES; T_AUDITEE_ENTITIES_SIZE_DISC; T_RISK_STATUS; T_AU_REMARKS","T_AU_ACTIVITY_LOG; T_AU_PLAN; T_AUDIT_CRITERIA"
"PKG_PG.P_GETAUDITOPERATIONALSTARTDATE","PKG_PG","P_GETAUDITOPERATIONALSTARTDATE","T_CURSOR; T_AU_PLAN_ENG","T_AU_PLAN_ENG; D.OPERATION_ENDDATE",""
"PKG_PG.P_ADDAUDITENGAGEMENTPLAN","PKG_PG","P_ADDAUDITENGAGEMENTPLAN","T_CURSOR; T_I; T_AU_ACTIVITY_LOG; T_AU_REMARKS; T_AU_PLAN_ENG; T_AU_AUDIT_TEAM_TASKLIST; T_AUDITEE_ENTITIES; T_AU_PLAN_ENG_LOG; T_AU_AUDIT_TEAMS; T_NAME; T_CODE; T_ID; T_AU_TEAM_MEMBERS; T_AU_PLAN","T_AU_ACTIVITY_LOG; T_AU_REMARKS; T_AU_PLAN_ENG; T_AU_AUDIT_TEAM_TASKLIST; T_AUDITEE_ENTITIES; T_AU_PLAN_ENG_LOG; T_AU_AUDIT_TEAMS; T_AU_TEAM_MEMBERS","T_AU_ACTIVITY_LOG; T_AU_PLAN_ENG; T_AU_PLAN_ENG_LOG; T_AU_AUDIT_TEAMS; T_AU_PLAN"
"PKG_PG.P_RERECOMMENDAUDITENGAGEMENTPLAN","PKG_PG","P_RERECOMMENDAUDITENGAGEMENTPLAN","T_CURSOR; T_I; V_F; T_AU_ACTIVITY_LOG; T_AU_REMARKS; T_AU_AUDIT_TEAM_TASKLIST; T_AU_PLAN_ENG; T_AU_TEAM_MEMBERS; T_ID; T_AU_PLAN_ENG_LOG; T_AU_AUDIT_TEAMS; T_NAME; T_CODE; T_AU_PLAN; T_AUDITEE_ENTITIES","T_AU_ACTIVITY_LOG; T_AU_REMARKS; T_AU_AUDIT_TEAM_TASKLIST; T_AU_TEAM_MEMBERS; T_AU_PLAN_ENG_LOG; T_AU_AUDIT_TEAMS; T_AUDITEE_ENTITIES; T_AU_PLAN_ENG","T_AU_ACTIVITY_LOG; T_AU_AUDIT_TEAM_TASKLIST; T_AU_PLAN_ENG; T_AU_PLAN_ENG_LOG; T_AU_AUDIT_TEAMS; T_AU_PLAN"
"PKG_PG.P_GETLATESTCOMMENTSONENGAGEMENT","PKG_PG","P_GETLATESTCOMMENTSONENGAGEMENT","T_CURSOR; T_AU_PLAN_ENG_LOG","T_AU_PLAN_ENG_LOG",""
"PKG_PG.P_GETAUDITENGAGEMENTPLANS","PKG_PG","P_GETAUDITENGAGEMENTPLANS","T_CURSOR; T_AU_ACTIVITY_LOG; T_AU_PLAN_ENG; T_AUDITEE_ENTITIES","T_AU_ACTIVITY_LOG; T_AU_PLAN_ENG; T_AUDITEE_ENTITIES","T_AU_ACTIVITY_LOG"
"PKG_PG.P_GETREFFEREDBACKAUDITENGAGEMENTPLANS","PKG_PG","P_GETREFFEREDBACKAUDITENGAGEMENTPLANS","T_CURSOR; T_AU_ACTIVITY_LOG; T_AU_PLAN_ENG; T_AUDITEE_ENTITIES; T_AU_AUDIT_TEAMS","T_AU_ACTIVITY_LOG; T_AU_PLAN_ENG; T_AUDITEE_ENTITIES; T_AU_AUDIT_TEAMS","T_AU_ACTIVITY_LOG"
"PKG_PG.P_ADDAUDITTEAMTASKLIST","PKG_PG","P_ADDAUDITTEAMTASKLIST","V_F; T_AU_ACTIVITY_LOG; T_AU_TEAM_MEMBERS; T_ID; T_AU_AUDIT_TEAM_TASKLIST; T_AUDITEE_ENTITIES; T_AU_PLAN_ENG","T_AU_ACTIVITY_LOG; T_AU_TEAM_MEMBERS; T_AU_AUDIT_TEAM_TASKLIST; T_AUDITEE_ENTITIES; T_AU_PLAN_ENG","T_AU_ACTIVITY_LOG; T_AU_AUDIT_TEAM_TASKLIST"
"PKG_PG.P_REFFEREDBACKAUDITENGAGEMENTPLAN","PKG_PG","P_REFFEREDBACKAUDITENGAGEMENTPLAN","T_AU_ACTIVITY_LOG; T_AU_PLAN_ENG; T_AU_PLAN; T_AU_PLAN_ENG_LOG","T_AU_ACTIVITY_LOG; T_AU_PLAN_ENG; T_AU_PLAN_ENG_LOG","T_AU_ACTIVITY_LOG; T_AU_PLAN_ENG; T_AU_PLAN; T_AU_PLAN_ENG_LOG"
"PKG_PG.P_APPROVEAUDITENGAGEMENTPLAN","PKG_PG","P_APPROVEAUDITENGAGEMENTPLAN","T_AU_ACTIVITY_LOG; T_AU_PLAN_ENG; T_AU_PLAN; T_AU_AUDIT_TEAM_TASKLIST; T_AU_AUDIT_TEAMS; T_AU_PLAN_ENG_LOG","T_AU_ACTIVITY_LOG; T_AU_PLAN_ENG; T_AU_PLAN_ENG_LOG","T_AU_ACTIVITY_LOG; T_AU_PLAN_ENG; T_AU_PLAN; T_AU_AUDIT_TEAM_TASKLIST; T_AU_AUDIT_TEAMS; T_AU_PLAN_ENG_LOG"
"PKG_PG.P_GETCCQ","PKG_PG","P_GETCCQ","T_CURSOR; T_AU_ACTIVITY_LOG; V_NAME; T_AU_CCQ; T_AUDITEE_ENTITIES; T_COSO_RISK; T_CONTROL_VIOLATION","T_AU_ACTIVITY_LOG; T_AU_CCQ; T_AUDITEE_ENTITIES; T_COSO_RISK; T_CONTROL_VIOLATION","T_AU_ACTIVITY_LOG"
"PKG_PG.P_UPDATECCQ","PKG_PG","P_UPDATECCQ","T_AU_ACTIVITY_LOG; T_RISK; T_AU_CCQ","T_AU_ACTIVITY_LOG; T_RISK","T_AU_ACTIVITY_LOG; T_AU_CCQ"
"PKG_RPT.P_GET_ENTITY_TYPE","PKG_RPT","P_GET_ENTITY_TYPE","T_CURSOR; T_AUDITEE_ENT_TYPES; T_AUDITEE_ENTITIES; V_GET_COMPLIANCE_REVIEWER_APPROVER","T_AUDITEE_ENT_TYPES; DUAL; T_AUDITEE_ENTITIES; V_GET_COMPLIANCE_REVIEWER_APPROVER",""
"PKG_RPT.P_GETREALTIONSHIPTYPE","PKG_RPT","P_GETREALTIONSHIPTYPE","T_CURSOR; T_AUDITEE_ENT_RELATION","T_AUDITEE_ENT_RELATION",""
"PKG_RPT.P_GETPARENTREPOFFICE","PKG_RPT","P_GETPARENTREPOFFICE","T_CURSOR; T_AUDITEE_ENT_RELATION; T_AUDITEE_ENT_TYPES; T_AUDITEE_ENTITIES_MAPING; T_AUDITEE_ENTITIES","T_AUDITEE_ENT_RELATION; T_AUDITEE_ENTITIES; T_AUDITEE_ENTITIES_MAPING; T_AUDITEE_ENT_TYPES",""
"PKG_RPT.P_GETCHILDPOSTING","PKG_RPT","P_GETCHILDPOSTING","T_CURSOR; T_AUDITEE_ENT_RELATION; T_AUDITEE_ENT_TYPES; T_AUDITEE_ENTITIES_MAPING; T_AUDITEE_ENTITIES","T_AUDITEE_ENT_RELATION",""
"PKG_RPT.P_GET_AUDIT_ZONES","PKG_RPT","P_GET_AUDIT_ZONES","T_CURSOR; T_AUDITEE_ENTITIES","T_AUDITEE_ENTITIES",""
"PKG_RPT.P_GETAUDITTEAMS","PKG_RPT","P_GETAUDITTEAMS","T_CURSOR; T_AU_AUDIT_TEAMS; T_AU_TEAM_MEMBERS; T_ID; T_AU_AUDIT_TEAM_TASKLIST","T_AU_AUDIT_TEAMS; T_AU_TEAM_MEMBERS; T_AU_AUDIT_TEAM_TASKLIST",""
"PKG_RPT.P_GET_ENTITIES","PKG_RPT","P_GET_ENTITIES","T_AU_PLAN_ENG; T_CURSOR; T_AU_PERIOD; T_AUDITEE_ENTITIES","T_AU_PLAN_ENG; T_AU_PERIOD; T_AUDITEE_ENTITIES",""
"PKG_RPT.P_GET_ENTITY_SIZE","PKG_RPT","P_GET_ENTITY_SIZE","T_CURSOR; T_AUDITEE_ENTITIES_SIZE_DISC","T_AUDITEE_ENTITIES_SIZE_DISC",""
"PKG_RPT.P_GET_RISK","PKG_RPT","P_GET_RISK","T_CURSOR; T_RISK","T_RISK",""
"PKG_RPT.P_GETZONEWISEOLDPARASPERFORMANCE","PKG_RPT","P_GETZONEWISEOLDPARASPERFORMANCE","T_CURSOR; V_REPORT_AZ_PROGRESS","V_REPORT_AZ_PROGRESS",""
"PKG_RPT.R_AUDIT_PLAN_ENGAGEMENT","PKG_RPT","R_AUDIT_PLAN_ENGAGEMENT","T_CURSOR; T_AU_PLAN_ENG; T_AU_PLAN_ENG_STATUS; T_AUDITEE_ENTITIES; T_AUDITEE_ENTITIES_MAPING; T_AU_PERIOD; T_AU_TEAM_MEMBERS; T_ID","T_AU_PLAN_ENG; T_AU_PLAN_ENG_STATUS; T_AUDITEE_ENTITIES; T_AUDITEE_ENTITIES_MAPING; T_AU_PERIOD; T_AU_TEAM_MEMBERS",""
"PKG_RPT.R_FUNCTIONALRESP","PKG_RPT","R_FUNCTIONALRESP","T_CURSOR; T_AUDIT_CHECKLIST_DETAILS; T_AUDIT_CHECKLIST_SUB; T_AU_OLD_PARAS_FAD; T_AUDIT_CHECKLIST; T_ID; T_RISK","T_AUDIT_CHECKLIST_DETAILS; T_AUDIT_CHECKLIST_SUB; T_AU_OLD_PARAS_FAD; T_AUDIT_CHECKLIST; T_RISK",""
"PKG_RPT.R_JOININGCOMPLETION","PKG_RPT","R_JOININGCOMPLETION","T_CURSOR; T_AU_PLAN_ENG; T_AUDITEE_ENTITIES; T_AUDITEE_ENTITIES_MAPING; T_AU_PLAN_ENG_STATUS; T_RISK; T_AUDIT_DEPARTMENTS","T_AU_PLAN_ENG; T_AUDITEE_ENTITIES; T_AUDITEE_ENTITIES_MAPING; T_AU_PLAN_ENG_STATUS; T_RISK; T_AUDIT_DEPARTMENTS",""
"PKG_RPT.R_AUDITPLANPROGRESS","PKG_RPT","R_AUDITPLANPROGRESS","T_CURSOR; T_AU_OBSERVATION; T_AU_PLAN_ENG; T_AU_PLAN; T_AUDITEE_ENTITIES; T_AU_AUDIT_JOINING; T_RISK; T_AUDIT_PARA","T_AU_OBSERVATION; T_AU_PLAN_ENG; T_AU_PLAN; T_AUDITEE_ENTITIES; T_AU_AUDIT_JOINING; T_RISK; T_AUDIT_PARA",""
"PKG_RPT.R_GETAUDITEES","PKG_RPT","R_GETAUDITEES","T_CURSOR; V_F; T_USER_MAPING; T_USER; T_AU_AUDIT_JOINING; T_AU_PLAN_ENG; T_AUDITEE_ENTITIES","T_USER_MAPING; T_USER; T_AU_AUDIT_JOINING; T_AU_PLAN_ENG; T_AUDITEE_ENTITIES",""
"PKG_RPT.R_GETAUDITEESOBERVATIONS","PKG_RPT","R_GETAUDITEESOBERVATIONS","T_CURSOR; T_AU_OBSERVATION; T_AUDITEE_ENTITIES; T_AU_OBSERVATION_STATUS; T_AU_PLAN_ENG","T_AU_OBSERVATION; T_AUDITEE_ENTITIES; T_AU_OBSERVATION_STATUS; T_AU_PLAN_ENG",""
"PKG_RPT.R_LOGINUSERS","PKG_RPT","R_LOGINUSERS","T_CURSOR; T_USER_SESSION; T_AUDIT_DEPARTMENTS; V_SERVICE_EMPLOYEEINFO","T_USER_SESSION; T_AUDIT_DEPARTMENTS; V_SERVICE_EMPLOYEEINFO",""
"PKG_RPT.R_GETDEPARTMENTS","PKG_RPT","R_GETDEPARTMENTS","T_CURSOR; T_USER; T_USER_MAPING; T_AUDITEE_ENTITIES; T_AUDITEE_ENTITIES_MAPING","T_USER; T_USER_MAPING; T_AUDITEE_ENTITIES; T_AUDITEE_ENTITIES_MAPING; DUAL",""
"PKG_RPT.R_GETAUDITEEADDRESS","PKG_RPT","R_GETAUDITEEADDRESS","T_CURSOR; T_AU_PLAN_ENG; T_AUDITEE_ENTITIES; T_AU_OBSERVATION; T_RISK; T_AUDITEE_ENTITIES_ADDRESS; T_AUDITEE_ENTITIES_MAPING","T_AU_PLAN_ENG; T_AUDITEE_ENTITIES; T_AU_OBSERVATION; T_RISK; T_AUDITEE_ENTITIES_ADDRESS; T_AUDITEE_ENTITIES_MAPING",""
"PKG_RPT.R_GETAUDITEEPARAS","PKG_RPT","R_GETAUDITEEPARAS","T_CURSOR; V_F; T_AUDIT_PARA; V_HEADER; V_DETAIL; T_AU_OBSERVATION; T_AU_PLAN_ENG; T_AU_OBSERVATION_TEXT; T_AU_OBSERVATIONS_AUDITEE_RESPONSE; T_AU_OBSERVATIONS_AUDITOR_RECOMMENDATION; T_AU_OBSERVATIONS_AUDITOR_REPLY; T_AUDITEE_ENTITIES; T_AUDIT_CHECKLIST_DETAILS; T_AUDIT_CHECKLIST_SUB; T_AUDIT_CHECKLIST; T_ID; T_RISK; T_AUDIT_VIOLATION_DETAIL; V_ID","T_AUDIT_PARA; T_AU_OBSERVATION; T_AU_PLAN_ENG; T_AU_OBSERVATION_TEXT; T_AU_OBSERVATIONS_AUDITEE_RESPONSE; T_AU_OBSERVATIONS_AUDITOR_RECOMMENDATION; T_AU_OBSERVATIONS_AUDITOR_REPLY; T_AUDITEE_ENTITIES; T_AUDIT_CHECKLIST_DETAILS; T_AUDIT_CHECKLIST_SUB; T_AUDIT_CHECKLIST; T_RISK; T_AUDIT_VIOLATION_DETAIL; DUAL",""
"PKG_RPT.P_GETACTIVEINACTIVECHARTDATA","PKG_RPT","P_GETACTIVEINACTIVECHARTDATA","T_CURSOR; T_AU_OLD_PARAS_FAD","T_AU_OLD_PARAS_FAD",""
"PKG_RPT.P_GETPARAPOSITIONFORZONEBRANCHES","PKG_RPT","P_GETPARAPOSITIONFORZONEBRANCHES","T_CURSOR; T_AUDITEE_ENTITIES; T_AU_OBSERVATION_FAD; T_AUDITEE_ENTITIES_MAPING","T_AUDITEE_ENTITIES; T_AU_OBSERVATION_FAD; T_AUDITEE_ENTITIES_MAPING",""
"PKG_RPT.P_GET_NEW_PARAS_PERFORMANCE","PKG_RPT","P_GET_NEW_PARAS_PERFORMANCE","T_CURSOR; T_AU_OBSERVATION; T_AU_PLAN_ENG; T_AUDITEE_ENTITIES; T_AUDIT_CHECKLIST_DETAILS","T_AU_OBSERVATION; T_AU_PLAN_ENG; T_AUDITEE_ENTITIES; T_AUDIT_CHECKLIST_DETAILS",""
"PKG_RPT.P_GET_NEW_OLD_PARAS_PERFORMANCE","PKG_RPT","P_GET_NEW_OLD_PARAS_PERFORMANCE","T_CURSOR; T_AU_OBSERVATION_FAD; T_AU_OBSERVATION; T_AU_PLAN_ENG; T_AUDIT_CHECKLIST_DETAILS; T_AUDIT_CHECKLIST_SUB; T_AUDIT_CHECKLIST; T_ID; T_AUDITEE_ENTITIES","T_AU_OBSERVATION_FAD; T_AU_OBSERVATION; T_AU_PLAN_ENG; T_AUDIT_CHECKLIST_DETAILS; T_AUDIT_CHECKLIST_SUB; T_AUDIT_CHECKLIST; T_AUDITEE_ENTITIES",""
"PKG_RPT.P_GET_USERWISE_OLDPARASPERFORMANCE","PKG_RPT","P_GET_USERWISE_OLDPARASPERFORMANCE","T_CURSOR; V_REPORT_AZ_EMP_PROGRESS_DATACLEANSING; V_REPORT_AZ_PROGRESS","V_REPORT_AZ_EMP_PROGRESS_DATACLEANSING; V_REPORT_AZ_PROGRESS",""
"PKG_RPT.P_GET_FAD_USERWISE_OLDPARASPERFORMANCE","PKG_RPT","P_GET_FAD_USERWISE_OLDPARASPERFORMANCE","T_CURSOR; T_AU_DATA_VALIDATION_FAD_LOG; V_SERVICE_EMPLOYEEINFO","T_AU_DATA_VALIDATION_FAD_LOG; V_SERVICE_EMPLOYEEINFO",""
"PKG_RPT.P_GET_PARA_POSITION","PKG_RPT","P_GET_PARA_POSITION","T_CURSOR; V_REPORT_PARA_POSITION","V_REPORT_PARA_POSITION",""
"PKG_RPT.P_GET_PARA_POSITION_DETAILS","PKG_RPT","P_GET_PARA_POSITION_DETAILS","T_CURSOR; V_F; T_AUDITEE_ENTITIES; V_REPORT_DASHBORAD_DETAIL","DUAL; T_AUDITEE_ENTITIES; V_REPORT_DASHBORAD_DETAIL",""
"PKG_RPT.P_GET_DASH_TABLE_FUNCTIONWISE_HO","PKG_RPT","P_GET_DASH_TABLE_FUNCTIONWISE_HO","T_CURSOR; V_GET_DASH_TABLE_FUNCTIONWISE_NAMES_HO; T_COSO_RATING_FACTORS; V_CAT_ID; T_CONTROL_VIOLATION_SUB; V_CAT_NATURE_ID; T_RISK; T_AUDITEE_ENTITIES","V_GET_DASH_TABLE_FUNCTIONWISE_NAMES_HO; T_COSO_RATING_FACTORS; T_CONTROL_VIOLATION_SUB; T_RISK; T_AUDITEE_ENTITIES",""
"PKG_RPT.P_GET_ACTIVITY_LOG","PKG_RPT","P_GET_ACTIVITY_LOG","T_CURSOR; T_GROUPS; V_SERVICE_EMPLOYEEINFO; T_MENU_PAGES; T_AU_ACTIVITY_LOG","T_GROUPS; V_SERVICE_EMPLOYEEINFO; T_MENU_PAGES; T_AU_ACTIVITY_LOG",""
"PKG_RPT.P_GET_COMPLIANCE_STATUS_WISE","PKG_RPT","P_GET_COMPLIANCE_STATUS_WISE","T_CURSOR; V_RPT_COMPLAINCE_STATUS_WISE; V_RELATIONSHIP_OFFICE","V_RPT_COMPLAINCE_STATUS_WISE; V_RELATIONSHIP_OFFICE",""
"PKG_RPT.P_FAD_AUDIT_PARA_RECONCILIATION","PKG_RPT","P_FAD_AUDIT_PARA_RECONCILIATION","T_CURSOR; T_F; T_AUDITEE_ENTITIES; V_FAD_AUDIT_PARA_RECONCILIATION; T_AUDITEE_ENTITIES_MAPING_FAD; V_MAN_AUDIT_PARA_RECONCILIATION","T_AUDITEE_ENTITIES; V_FAD_AUDIT_PARA_RECONCILIATION; T_AUDITEE_ENTITIES_MAPING_FAD; V_MAN_AUDIT_PARA_RECONCILIATION",""
"PKG_RPT.P_FAD_AUDIT_PLAN_DETAILS","PKG_RPT","P_FAD_AUDIT_PLAN_DETAILS","T_CURSOR; T_NAME; T_AU_PLAN_ENG; T_AU_PLAN; T_AUDITEE_ENTITIES; T_AUDITEE_ENTITIES_MAPING; T_AU_PLAN_ENG_STATUS; T_AU_AUDIT_TEAMS; T_AU_PLAN_STATUS","DUAL; T_AU_PLAN_ENG; T_AU_PLAN; T_AUDITEE_ENTITIES; T_AUDITEE_ENTITIES_MAPING; T_AU_PLAN_ENG_STATUS; T_AU_AUDIT_TEAMS; T_AU_PLAN_STATUS",""
"PKG_RPT.P_AUDITED_BY_DEPARTMENTS","PKG_RPT","P_AUDITED_BY_DEPARTMENTS","T_CURSOR; T_AUDIT_DEPARTMENTS; T_AUDITEE_ENTITIES","T_AUDIT_DEPARTMENTS; T_AUDITEE_ENTITIES; DUAL",""
"PKG_RPT.R_FAD_ANNEXURE_REPORT","PKG_RPT","R_FAD_ANNEXURE_REPORT","T_CURSOR; V_FAD_ANNEXURE_SUM","V_FAD_ANNEXURE_SUM",""
"PKG_RPT.R_GROUP_WISE_USERS_COUNT","PKG_RPT","R_GROUP_WISE_USERS_COUNT","T_CURSOR; T_GROUPS; T_USER_MAPING","T_GROUPS; T_USER_MAPING",""
"PKG_RPT.R_GROUP_WISE_PAGES","PKG_RPT","R_GROUP_WISE_PAGES","T_CURSOR; T_GROUPS; T_MENU_PAGES_GROUPMAP; T_MENU_PAGES","T_GROUPS; T_MENU_PAGES_GROUPMAP; T_MENU_PAGES",""
"PKG_RPT.R_DEPT_WISE_PARA_POSITION","PKG_RPT","R_DEPT_WISE_PARA_POSITION","T_CURSOR; AIS_T_AU_POST_COMPLIANCE; T_AUDITEE_ENTITIES; T_AUDITEE_ENT_TYPES","C.PARA_ADDED_ON; P_REF_DATE; AIS_T_AU_POST_COMPLIANCE; T_AUDITEE_ENTITIES; T_AUDITEE_ENT_TYPES; BASE; TRUNC; CATEGORIZED",""
"PKG_RPT.R_GET_GM_LIST","PKG_RPT","R_GET_GM_LIST","T_CURSOR; T_AUDITEE_ENTITIES","T_AUDITEE_ENTITIES",""
"PKG_RPT.R_GET_RBH_LIST","PKG_RPT","R_GET_RBH_LIST","T_CURSOR; T_AUDITEE_ENTITIES_MAPING","T_AUDITEE_ENTITIES_MAPING",""
"PKG_RPT.P_GET_LOAN_GL","PKG_RPT","P_GET_LOAN_GL","T_CURSOR; T_GLSUB","TEMP_ATAS_T_GLSUB; ATAS.T_GLSUB",""
"PKG_RPT.P_GET_LOAN_STATUS","PKG_RPT","P_GET_LOAN_STATUS","T_CURSOR; T_ACCOUNTSTATUS","TEMP_ATAS_T_DISB_STATUS; ATAS.T_ACCOUNTSTATUS",""
"PKG_RPT.P_GET_LOAN_TO_DEFAULT","PKG_RPT","P_GET_LOAN_TO_DEFAULT","T_CURSOR; V_ATAS_T_LOAN_CNIC_WISE; V_ATAS_LOANS_DEFAULT","V_ATAS_T_LOAN_CNIC_WISE; V_ATAS_LOANS_DEFAULT",""
"PKG_RPT.P_GET_ALL_LOANS_OF_CNIC","PKG_RPT","P_GET_ALL_LOANS_OF_CNIC","T_CURSOR; V_ATAS_T_LOAN_CNIC_WISE","V_ATAS_T_LOAN_CNIC_WISE",""
"PKG_RPT.P_GET_LOAN_TO_DEFAULT_HISTORY","PKG_RPT","P_GET_LOAN_TO_DEFAULT_HISTORY","T_CURSOR; V_ATAS_LOANS_DEFAULT","V_ATAS_LOANS_DEFAULT; TEMP_ATAS_T_DISB_STATUS",""
"PKG_RPT.P_FIND_GIST","PKG_RPT","P_FIND_GIST","T_CURSOR; T_AUDITEE_ENTITIES; T_AUDITEE_ENTITIES_MAPING; T_AU_OBSERVATION_FAD; V_GET_PARA_GIST; T_AUDIT_CHECKLIST_ANNEXURE","T_AUDITEE_ENTITIES; T_AUDITEE_ENTITIES_MAPING; T_AU_OBSERVATION_FAD; V_GET_PARA_GIST; T_AUDIT_CHECKLIST_ANNEXURE",""
"PKG_RPT.P_GET_ENTITY_TYPE_FOR_SETTLEMENT","PKG_RPT","P_GET_ENTITY_TYPE_FOR_SETTLEMENT","T_CURSOR; T_F; T_AUDITEE_ENTITIES; T_AUDITEE_ENT_TYPES","T_AUDITEE_ENTITIES; T_AUDITEE_ENT_TYPES",""
"PKG_RPT.P_GET_COMPLIANCE_REPORT","PKG_RPT","P_GET_COMPLIANCE_REPORT","T_CURSOR; V_GET_SETTLEMENT_REPORT; T_AUDITEE_ENTITIES_MAPING; T_AUDITEE_ENTITIES; T_AUDITEE_ENTITIES_MAPING_COM","V_GET_SETTLEMENT_REPORT; T_AUDITEE_ENTITIES_MAPING; T_AUDITEE_ENTITIES; T_AUDITEE_ENTITIES_MAPING_COM",""
"PKG_RPT.P_GET_PARA_POSITION_SUM","PKG_RPT","P_GET_PARA_POSITION_SUM","T_CURSOR; T_PARAS; T_S_PARAS; T_OS_PARAS; V_GET_RPT_PARA_POISTION; T_AUDITEE_ENTITIES; V_GET_RPT_PARA_POISTION_REGIONS; T_AUDITEE_ENTITIES_MAPING","V_GET_RPT_PARA_POISTION; T_AUDITEE_ENTITIES; V_GET_RPT_PARA_POISTION_REGIONS; T_AUDITEE_ENTITIES_MAPING",""
"PKG_RPT.P_DELAY_AUDITS","PKG_RPT","P_DELAY_AUDITS","T_CURSOR; T_AU_PLAN_ENG; T_AUDITEE_ENTITIES; T_AUDITEE_ENTITIES_MAPING; T_AU_PLAN_ENG_STATUS","T_AU_PLAN_ENG; T_AUDITEE_ENTITIES; T_AUDITEE_ENTITIES_MAPING; T_AU_PLAN_ENG_STATUS",""
"PKG_RPT.R_FAD_MONTHLY_REVIEW","PKG_RPT","R_FAD_MONTHLY_REVIEW","T_CURSOR; V_RPT_FAD_MONTHLY_BASE; T_AUDITEE_ENTITIES; V_GET_COMPLIANCE_REVIEWER_APPROVER","V_RPT_FAD_MONTHLY_BASE; T_AUDITEE_ENTITIES; V_GET_COMPLIANCE_REVIEWER_APPROVER",""
"PKG_RPT.P_GET_GM_WISE_SERIOUS_PARAS","PKG_RPT","P_GET_GM_WISE_SERIOUS_PARAS","T_CURSOR; T_AUDITEE_ENTITIES_MAPING; T_AU_OBSERVATION_FAD; V_GET_ANEX_NO_OF_RESPONSIBLE","T_AUDITEE_ENTITIES_MAPING; T_AU_OBSERVATION_FAD; V_GET_ANEX_NO_OF_RESPONSIBLE",""
"PKG_RPT.P_GET_GM_WISE_SERIOUS_PARAS_DETAILS","PKG_RPT","P_GET_GM_WISE_SERIOUS_PARAS_DETAILS","T_CURSOR; T_AUDITEE_ENTITIES_MAPING; T_AU_OBSERVATION_FAD; AIS_T_AU_POST_COMPLIANCE; T_RISK; T_AUDIT_CHECKLIST_ANNEXURE; V_GET_ANEX_NO_OF_RESPONSIBLE","T_AUDITEE_ENTITIES_MAPING; T_AU_OBSERVATION_FAD; AIS_T_AU_POST_COMPLIANCE; T_RISK; T_AUDIT_CHECKLIST_ANNEXURE; V_GET_ANEX_NO_OF_RESPONSIBLE",""
"PKG_RPT.P_GET_YEAR_WISE_AUDIT_OUTSTANDING_PARAS","PKG_RPT","P_GET_YEAR_WISE_AUDIT_OUTSTANDING_PARAS","T_CURSOR; T_AU_OBSERVATION_FAD","T_AU_OBSERVATION_FAD",""
"PKG_RPT.P_GET_YEAR_WISE_AUDIT_OUTSTANDING_PARAS_DETAILS","PKG_RPT","P_GET_YEAR_WISE_AUDIT_OUTSTANDING_PARAS_DETAILS","T_CURSOR; T_AU_OBSERVATION_FAD; T_RISK","T_AU_OBSERVATION_FAD; T_RISK",""
"PKG_RPT.P_GET_PARA_TEXT_WORDS_V2","PKG_RPT","P_GET_PARA_TEXT_WORDS_V2","T_TEXT; T_CURSOR; V_1; VM_GET_ALL_PARA_TEXT; T_AUDITEE_ENTITIES; T_AUDITEE_ENTITIES_MAPING","VM_GET_ALL_PARA_TEXT; T_AUDITEE_ENTITIES; T_AUDITEE_ENTITIES_MAPING",""
"PKG_RPT.P_GET_FAD_DESK_OFFICER_AUDIT_PERIODS","PKG_RPT","P_GET_FAD_DESK_OFFICER_AUDIT_PERIODS","T_CURSOR; AIS_T_AU_POST_COMPLIANCE","AIS_T_AU_POST_COMPLIANCE",""
"PKG_RPT.P_GET_FAD_DESK_OFFICER_RPT_BY_PERIOD","PKG_RPT","P_GET_FAD_DESK_OFFICER_RPT_BY_PERIOD","T_CURSOR; V_FAD_NAUMAN_RPT","V_FAD_NAUMAN_RPT",""
"PKG_RPT.P_GETALLPARASYEAR","PKG_RPT","P_GETALLPARASYEAR","T_CURSOR; T_AU_OBSERVATION_FAD","T_AU_OBSERVATION_FAD",""
"PKG_RPT.P_GET_YEAR_WISE_ALL_PARAS","PKG_RPT","P_GET_YEAR_WISE_ALL_PARAS","T_CURSOR; T_AU_OLD_PARAS_FAD; T_AUDITEE_ENTITIES; T_AUDITEE_ENTITIES_MAPING; T_RISK; T_AUDITEE_ENT_TYPES; V_DASHBOARD_NEW_PARAS","T_AU_OLD_PARAS_FAD; T_AUDITEE_ENTITIES; T_AUDITEE_ENTITIES_MAPING; T_RISK; T_AUDITEE_ENT_TYPES; V_DASHBOARD_NEW_PARAS",""
"PKG_RPT.GET_DEPT_PERF_SUMMARY_DETAIL","PKG_RPT","GET_DEPT_PERF_SUMMARY_DETAIL","T_CURSOR; AIS_T_AU_POST_COMPLIANCE; T_AU_PLAN_ENG; T_AUDITEE_ENTITIES; T_AU_PLAN_ENG_LOG; T_AU_OBSERVATION","AIS_T_AU_POST_COMPLIANCE; BASE; DEDUP; AGG; T_AU_PLAN_ENG; T_AUDITEE_ENTITIES; T_AU_PLAN_ENG_LOG; T_AU_OBSERVATION; EX; OBS",""
"PKG_RPT.GET_AUDITOR_PERFORMANCE","PKG_RPT","GET_AUDITOR_PERFORMANCE","T_CURSOR; T_AU_PLAN_ENG; T_AUDITEE_ENTITIES; T_AU_OBSERVATION; T_AU_AUDIT_TEAM_TASKLIST; T_AUDIT_EMP; T_AU_TEAM_MEMBERS; T_CODE","T_AU_PLAN_ENG; T_AUDITEE_ENTITIES; T_AU_OBSERVATION; EX; T_AU_AUDIT_TEAM_TASKLIST; T_AUDIT_EMP; T_AU_TEAM_MEMBERS; OBS",""
"PKG_SM.P_GET_SAMPLE_ENTITIES","PKG_SM","P_GET_SAMPLE_ENTITIES","T_CURSOR; T_AU_SAMPLE_DATA; T_AU_PLAN_ENG; T_AU_AUDIT_TEAM_TASKLIST; T_AUDITEE_ENTITIES","T_AU_SAMPLE_DATA; T_AU_PLAN_ENG; T_AU_AUDIT_TEAM_TASKLIST; T_AUDITEE_ENTITIES",""
"PKG_SM.P_GET_SAMPLE","PKG_SM","P_GET_SAMPLE","T_CURSOR; T_AU_SAMPLE; T_AU_SAMPLE_DATA","T_AU_SAMPLE; T_AU_SAMPLE_DATA",""
"PKG_SM.P_ADD_SAMPLE_DATA","PKG_SM","P_ADD_SAMPLE_DATA","T_CURSOR; T_AUDITEE_ENTITIES; T_AU_PLAN_ENG; V_SAM_ACCOUNT; V_SAMPLING_OUT_LOANS_STATUS; V_SAMPLING_ZERO_RECOVERY; V_SAMPLING_CLOSED_LOANS; V_SAMPLING_DISB_LOANS; V_SAMPLING_PROD_LOANS; V_SAMPLING_DEVP_LOANS; T_AU_SAMPLE_DATA; T_AU_SAMPLE","T_AUDITEE_ENTITIES; T_AU_PLAN_ENG; V_SAM_ACCOUNT; V_SAMPLING_OUT_LOANS_STATUS; V_SAMPLING_ZERO_RECOVERY; V_SAMPLING_CLOSED_LOANS; V_SAMPLING_DISB_LOANS; V_SAMPLING_PROD_LOANS; V_SAMPLING_DEVP_LOANS; T_AU_SAMPLE_DATA; T_AU_SAMPLE; DUAL","T_AU_SAMPLE_DATA"
"PKG_SM.P_GET_ACCOUNT","PKG_SM","P_GET_ACCOUNT","T_CURSOR; T_SAMPLE_ACCOUNTS_DATA; T_AU_SAMPLE_BRANCH","T_SAMPLE_ACCOUNTS_DATA; T_AU_SAMPLE_BRANCH",""
"PKG_SM.P_GET_ACCOUNT_TRANSCATIONS","PKG_SM","P_GET_ACCOUNT_TRANSCATIONS","T_CURSOR; T_TRANSACTION; T_ACCOUNT; T_CUSTOMERACCOUNTS; T_CUSTOMER; T_BRANCH; T_TRANSACTIONMASTER; T_AUDITEE_ENTITIES; T_AU_PLAN_ENG; V_P_GET_ACCOUNT_TRANSCATIONS","BRANCH.T_TRANSACTION; BRANCH.T_ACCOUNT; BRANCH.T_CUSTOMERACCOUNTS; BRANCH.T_CUSTOMER; BRANCH.T_BRANCH; BRANCH.T_TRANSACTIONMASTER; T_AUDITEE_ENTITIES; T_AU_PLAN_ENG; V_P_GET_ACCOUNT_TRANSCATIONS",""
"PKG_SM.P_GET_ACCOUNT_TRANSCATIONS_MASTER","PKG_SM","P_GET_ACCOUNT_TRANSCATIONS_MASTER","T_CURSOR; T_TRANSACTION; T_ACCOUNT; T_CUSTOMERACCOUNTS; T_CUSTOMER; T_BRANCH; T_TRANSACTIONMASTER; T_AUDITEE_ENTITIES; V_P_GET_ACCOUNT_TRANSCATIONS_MASTER","BRANCH.T_TRANSACTION; BRANCH.T_ACCOUNT; BRANCH.T_CUSTOMERACCOUNTS; BRANCH.T_CUSTOMER; BRANCH.T_BRANCH; BRANCH.T_TRANSACTIONMASTER; T_AUDITEE_ENTITIES; V_P_GET_ACCOUNT_TRANSCATIONS_MASTER",""
"PKG_SM.P_GET_LOANS_SAMPLE","PKG_SM","P_GET_LOANS_SAMPLE","T_CURSOR; T_SAMPLE_LOANS_DATA","T_SAMPLE_LOANS_DATA",""
"PKG_SM.P_GET_LOAN_TRANSACTIONS","PKG_SM","P_GET_LOAN_TRANSACTIONS","T_CURSOR; T_LN_DISBURSEMENT; T_LN_TRANSACTION; T_LN_TRANSACTIONMASTER","ATAS.T_LN_DISBURSEMENT; ATAS.T_LN_TRANSACTION; ATAS.T_LN_TRANSACTIONMASTER",""
"PKG_SM.P_GET_LOAN_DOCUMENTS","PKG_SM","P_GET_LOAN_DOCUMENTS","T_CURSOR; T_LN_DISBURSEMENT; T_LN_LOAN_APP; T_BRANCH; T_LN_CUSTOMER_LOAN_APP; T_CUSTOMER; T_LOANINFORMATION; T_GENERAICDOCUMENT; T_DOCUMENTS; T_LOANDOCUMENTIMAGES; V_P_GET_LOAN_DOCUMENTS","ATAS.T_LN_DISBURSEMENT; ATAS.T_LN_LOAN_APP; ATAS.T_BRANCH; ATAS.T_LN_CUSTOMER_LOAN_APP; ATAS.T_CUSTOMER; SDMS.T_LOANINFORMATION; SDMS.T_GENERAICDOCUMENT; SDMS.T_DOCUMENTS; SDMS.T_LOANDOCUMENTIMAGES; V_P_GET_LOAN_DOCUMENTS",""
"PKG_SM.P_GET_LOAN_DOCUMENTS_IMAGE","PKG_SM","P_GET_LOAN_DOCUMENTS_IMAGE","T_CURSOR; V_T_LOANDOCUMENTIMAGES","DUAL; SDMS.V_T_LOANDOCUMENTIMAGES",""
"PKG_SM.P_ADD_SAMPLE_DATA_UPDATE","PKG_SM","P_ADD_SAMPLE_DATA_UPDATE","T_CURSOR; V_SAM_ACCOUNT; T_AU_SAMPLE_DATA; V_SAMPLING_OUT_LOANS_STATUS; V_SAMPLING_CLOSED_LOANS; V_SAMPLING_ZERO_RECOVERY; V_SAMPLING_PROD_LOANS; V_SAMPLING_DEVP_LOANS; V_SAMPLING_DISB_LOANS","V_SAM_ACCOUNT; V_SAMPLING_OUT_LOANS_STATUS; V_SAMPLING_CLOSED_LOANS; V_SAMPLING_ZERO_RECOVERY; V_SAMPLING_PROD_LOANS; V_SAMPLING_DEVP_LOANS; V_SAMPLING_DISB_LOANS; T_AU_SAMPLE_DATA; DUAL","T_AU_SAMPLE_DATA"
"PKG_SM.P_ADD_EXCEPTION_DATA","PKG_SM","P_ADD_EXCEPTION_DATA","T_CURSOR; T_EXCEPTION_ACCOUNTS_CUST; T_EXCEPTION_ACCOUNTS_TXN; T_EXCEPTION_ENG; T_EXCEPTION_ENG_BRANCHES; T_EXCEPTION_ACCOUNTS; T_EXCEPTION_ACCOUNTS_DATA; T_EXCEPTION_ENG_DATA","T_EXCEPTION_ACCOUNTS_CUST; T_EXCEPTION_ACCOUNTS_TXN; T_EXCEPTION_ENG; T_EXCEPTION_ENG_BRANCHES; T_EXCEPTION_ACCOUNTS; T_EXCEPTION_ACCOUNTS_DATA; T_EXCEPTION_ENG_DATA","T_EXCEPTION_ACCOUNTS_CUST; T_EXCEPTION_ACCOUNTS_TXN; T_EXCEPTION_ENG; T_EXCEPTION_ENG_BRANCHES; T_EXCEPTION_ACCOUNTS; T_EXCEPTION_ACCOUNTS_DATA; T_EXCEPTION_ENG_DATA"
"PKG_SM.T_AU_EXCEPTION_REPORT","PKG_SM","T_AU_EXCEPTION_REPORT","T_AU_EXCEPTION_REPORT; T_CURSOR; T_AU_EXCEPTION_REPORTS; T_EXCEPTION_ENG_DATA; T_AU_PLAN_ENG","T_AU_EXCEPTION_REPORTS; T_EXCEPTION_ENG_DATA; T_AU_PLAN_ENG",""
"PKG_SM.P_ADD_NEW_EXP_REPORT","PKG_SM","P_ADD_NEW_EXP_REPORT","T_CURSOR; T_AU_EXCEPTION_REPORTS","T_AU_EXCEPTION_REPORTS; DUAL","T_AU_EXCEPTION_REPORTS"
"PKG_SM.P_GET_EXCEPTION_REPORT_FORMAT","PKG_SM","P_GET_EXCEPTION_REPORT_FORMAT","T_AU_EXCEPTION_REPORTS_FORMAT","T_AU_EXCEPTION_REPORTS_FORMAT",""
"PKG_SM.P_INSERT_EXCEPTION_REPORT_FORMAT","PKG_SM","P_INSERT_EXCEPTION_REPORT_FORMAT","T_AU_EXCEPTION_REPORTS_FORMAT","","T_AU_EXCEPTION_REPORTS_FORMAT"
"PKG_SM.P_UPDATE_EXCEPTION_REPORT_FORMAT","PKG_SM","P_UPDATE_EXCEPTION_REPORT_FORMAT","T_AU_EXCEPTION_REPORTS_FORMAT","T_AU_EXCEPTION_REPORTS_FORMAT","T_AU_EXCEPTION_REPORTS_FORMAT"
"PKG_SM.P_GET_EXCEPTION_REPORT_DATA","PKG_SM","P_GET_EXCEPTION_REPORT_DATA","T_AU_EXCEPTION_REPORTS_FORMAT; T_EXCEPTION_ENG_DATA","T_AU_EXCEPTION_REPORTS_FORMAT; UNIFIED; T_EXCEPTION_ENG_DATA",""
"PKG_SM.P_GET_EXCEPTION_MONITOR_ENTITIES","PKG_SM","P_GET_EXCEPTION_MONITOR_ENTITIES","T_CURSOR; T_AU_PLAN_ENG; T_AUDITEE_ENTITIES; T_EXCEPTION_ENG_DATA; T_EXCEPTION_ERROR_LOG","T_AU_PLAN_ENG; T_AUDITEE_ENTITIES; T_EXCEPTION_ENG_DATA; T_EXCEPTION_ERROR_LOG",""
"PKG_SM.P_REGENERATE_EXCEPTION","PKG_SM","P_REGENERATE_EXCEPTION","V_ERRMSG; V_ERR_STACK; V_ERR_BT; T_EXCEPTION_ENG; T_EXCEPTION_ERROR_LOG","T_EXCEPTION_ENG","T_EXCEPTION_ENG; T_EXCEPTION_ERROR_LOG"
"PKG_SM.P_GET_EXCEPTION_MONITOR_DETAILS","PKG_SM","P_GET_EXCEPTION_MONITOR_DETAILS","T_CURSOR; T_AU_PLAN_ENG; T_AUDITEE_ENTITIES; T_AU_EXCEPTION_REPORTS; T_EXCEPTION_ENG_DATA; V_EXCEPTION_ALL_REPORTS","MASTER; T_AU_PLAN_ENG; T_AUDITEE_ENTITIES; T_AU_EXCEPTION_REPORTS; T_EXCEPTION_ENG_DATA; V_EXCEPTION_ALL_REPORTS",""
"PKG_SM.P_GET_LOANS_EXCEPTIONS","PKG_SM","P_GET_LOANS_EXCEPTIONS","T_CURSOR; V_BRANCH_CODE; V_START_DATE; V_END_DATE; T_AU_PLAN_ENG; V_P_GET_LOANS_EXCEPTIONS","T_AU_PLAN_ENG; V_P_GET_LOANS_EXCEPTIONS; DUAL",""
