"ProcedureCall","PackageName","Status","Methods","Modules","ReadObjects","WriteObjects","ObjectRefs","MappingFound"
"PKG_AD.P_GETALLTOPMENUS","PKG_AD","Confirmed Active","GetAllTopMenus","AD","T_MENU","","T_CURSOR; T_MENU","True"
"PKG_AD.P_GETALLMENUPAGES","PKG_AD","Confirmed Active","GetAllMenuPages","AD","T_MENU_PAGES","","T_MENU_PAGES; T_CURSOR","True"
"PKG_AD.P_GETASSIGNEDMENUPAGES","PKG_AD","Confirmed Active","GetAssignedMenuPages","AD","T_MENU_PAGES; T_MENU_PAGES_GROUPMAP","","T_MENU_PAGES_GROUPMAP; T_MENU_PAGES; T_CURSOR","True"
"PKG_AD.P_UPDATEALLMENUPAGES","PKG_AD","Confirmed Active","UpdateMenuPagesAssignment","AD","","T_MENU_PAGES","T_MENU_PAGES","True"
"PKG_AD.P_GETGROUPS","PKG_AD","Confirmed Active","GetGroups","AD","T_GROUPS","","T_CURSOR; T_GROUPS","True"
"PKG_AD.P_ADDGROUP","PKG_AD","Confirmed Active","AddGroup","AD","T_GROUPS","T_GROUPS","T_GROUPS","True"
"PKG_AD.P_GROUP_UPDATE","PKG_AD","Confirmed Active","AddGroup","AD","","T_GROUPS","T_GROUPS","True"
"PKG_AD.P_GETROLERESPONSIBILITIES","PKG_AD","Confirmed Active","GetHRDesignation; GetRoleResponsibilities","AD","T_HR_DESIGNATIONS","","T_CURSOR; T_HR_DESIGNATIONS","True"
"PKG_AD.P_GET_ANNEXURE","PKG_AD","Confirmed Active","GetAnnexuresForChecklistDetail","AD","T_AUDIT_CHECKLIST_ANNEXURE; T_AUDIT_CHECKLIST_ANNEXURE_PROCESS; T_RISK; T_AUDITEE_ENTITIES","","T_CURSOR; T_AUDIT_CHECKLIST_ANNEXURE; T_AUDIT_CHECKLIST_ANNEXURE_PROCESS; T_RISK; T_AUDITEE_ENTITIES","True"
"PKG_AD.P_GET_ALLUSERS","PKG_AD","Confirmed Active","GetAllUsers; GetMatchedPPNumbers","AD","V_SERVICE_EMPLOYEEINFO; T_USER; T_EMAIL_ADDRESS; T_AUDITEE_ENTITIES; V_GET_PARENT_OFFICE; T_AUDITEE_ENT_TYPES; T_USER_MAPING; T_GROUPS","","T_USER; V_SERVICE_EMPLOYEEINFO; T_GROUPS; T_CURSOR; V_EMAIL; T_EMAIL_ADDRESS; T_AUDITEE_ENTITIES; V_GET_PARENT_OFFICE; T_AUDITEE_ENT_TYPES; T_USER_MAPING","True"
"PKG_AD.P_ADD_NEW_USER","PKG_AD","Confirmed Active","AddNewUser","AD","T_USER_MAPING; T_USER; V_SERVICE_EMPLOYEEINFO; DUAL","T_USER_MAPING; T_USER","T_CURSOR; T_USER_MAPING; T_USER; V_SERVICE_EMPLOYEEINFO","True"
"PKG_AD.P_GET_ENTITY_TYPE","PKG_AD","Confirmed Active","GetAuditEntityTypes","AD","T_AUDITEE_ENT_TYPES","","T_CURSOR; T_AUDITEE_ENT_TYPES","True"
"PKG_AD.P_GET_AUDITED_BY","PKG_AD","Confirmed Active","GetAuditBy","AD","T_AUDIT_DEPARTMENTS","","T_CURSOR; T_AUDIT_DEPARTMENTS","True"
"PKG_AD.P_GETAUDITEEENTITYTYPES","PKG_AD","Confirmed Active","GetAuditeeEntities; GetEntityTypeList","AD","T_AUDITEE_ENT_TYPES","","T_CURSOR; T_AUDITEE_ENT_TYPES","True"
"PKG_AD.P_GETENTITEES_FOR_UPDATE","PKG_AD","Confirmed Active","GetAuditeeEntitiesForUpdate","AD","T_AUDITEE_ENTITIES; T_RISK; T_AUDITEE_ENTITIES_SIZE_DISC; T_AUDITEE_ENTITIES_UPDATE_AZ","","T_CURSOR; T_AUDITEE_ENTITIES; T_RISK; T_AUDITEE_ENTITIES_SIZE_DISC; T_AUDITEE_ENTITIES_UPDATE_AZ","True"
"PKG_AD.P_GETENTITEES_FOR_UPDATE_COMP","PKG_AD","Confirmed Active","GetAuditeeEntitiesForUpdateForAuthorization","AD","T_AUDITEE_ENTITIES_UPDATE_AZ; T_AUDITEE_ENTITIES; T_RISK; T_AUDITEE_ENTITIES_SIZE_DISC","","T_CURSOR; T_AUDITEE_ENTITIES_UPDATE_AZ; T_AUDITEE_ENTITIES; T_RISK; T_AUDITEE_ENTITIES_SIZE_DISC","True"
"PKG_AD.P_GETENTITEES_FOR_UPDATE_AUTHORIZATION","PKG_AD","Confirmed Active","GetAuditeeEntitiesForAuthorization","AD","T_AUDITEE_ENTITIES_UPDATE_AZ; T_AUDITEE_ENTITIES; T_RISK; T_AUDITEE_ENTITIES_SIZE_DISC","","T_CURSOR; T_AUDITEE_ENTITIES_UPDATE_AZ; T_AUDITEE_ENTITIES; T_RISK; T_AUDITEE_ENTITIES_SIZE_DISC","True"
"PKG_AD.P_UPDATE_ENTITIES","PKG_AD","Confirmed Active","UpdateAuditeeEntity","AD","T_AUDITEE_ENTITIES_UPDATE_AZ; T_AUDITEE_ENTITIES; DUAL","T_AUDITEE_ENTITIES_UPDATE_AZ; T_AUDITEE_ENTITIES; TO","T_CURSOR; V_NEW_ID; V_PENDING_COUNT; T_AUDITEE_ENTITIES_UPDATE_AZ; T_AUDITEE_ENTITIES","True"
"PKG_AD.P_GET_AUDITEE_ENTITIES","PKG_AD","Confirmed Active","GetAISEntities","AD","T_AUDITEE_ENTITIES; T_AUDITEE_ENT_TYPES","","T_ID; T_CURSOR; T_AUDITEE_ENTITIES; T_AUDITEE_ENT_TYPES","True"
"PKG_AD.P_GET_CBAS_ENTITIES","PKG_AD","Confirmed Active","GetCBASEntities","AD","V_GET_CBAS_ENTITIES","","T_CURSOR; V_GET_CBAS_ENTITIES","True"
"PKG_AD.P_GET_ERP_ENTITIES","PKG_AD","Confirmed Active","GetERPEntities","AD","DUAL; V_ERP_DEPARTMENTS","","T_CURSOR; V_ERP_DEPARTMENTS","True"
"PKG_AD.P_GET_HR_ENTITIES","PKG_AD","Confirmed Active","GetHREntities; GetHREntitiesForAdminPanelEntityAddition","AD","V_GET_HR_ENTITIES","","T_CURSOR; V_GET_HR_ENTITIES","True"
"PKG_AD.P_ADDAUDITENTITY","PKG_AD","Confirmed Active","AddAuditEntity","AD","T_AUDITEE_ENT_TYPES","T_AUDITEE_ENT_TYPES","T_AUDITEE_ENT_TYPES","True"
"PKG_AD.P_GETAUDITSUBENTITIES","PKG_AD","Low-Confidence / Needs Verification","GetAuditSubEntities","AD","T_AUDITEE_ENTITEE_SUBENTITY","","T_CURSOR; T_AUDITEE_ENTITEE_SUBENTITY","True"
"PKG_AD.UPDATE_USERS","PKG_AD","Confirmed Active","UpdateUser","AD","T_USER_MAPING; T_USER; T_EMAIL_ADDRESS; T_EMP_EMAILS; T_AU_REMARKS","T_USER; T_USER_MAPING; T_EMAIL_ADDRESS; T_EMP_EMAILS","T_USER; T_USER_MAPING; T_CURSOR; V_COUNT; T_EMAIL_ADDRESS; T_EMP_EMAILS; T_AU_REMARKS","True"
"PKG_AD.RESET_USER_PASSWORD","PKG_AD","Confirmed Active","ResetUserPassword","AD","T_USER; T_AUDITEE_ENTITIES; T_AUDITEE_ENT_TYPES; DUAL; V_SERVICE_EMPLOYEEINFO; V_EMAILS","PASSWORD; T_USER","T_USER; T_CURSOR; V_ENT_TYPE; V_ENT_ID; V_EMP_CNIC_RAW; V_EMP_CNIC_NORM; V_CNIC_NORM; V_EMAIL_PRIMARY; V_EMAIL_BRANCH; V_EMP_NAME; T_AUDITEE_ENTITIES; T_AUDITEE_ENT_TYPES; V_SERVICE_EMPLOYEEINFO; V_EMAILS","True"
"PKG_AD.P_ADDGROUPMENUITEMSASSIGNMENT","PKG_AD","Confirmed Active","AddGroupMenuItemsAssignment","AD","T_MENU_PAGES_GROUPMAP; T_AU_API_MASTER; T_AU_ROLE_API_PERMISSION","T_MENU_PAGES_GROUPMAP; T_AU_ROLE_API_PERMISSION","T_MENU_PAGES_GROUPMAP; T_AU_ROLE_API_PERMISSION; T_AU_API_MASTER","True"
"PKG_AD.P_REMOVEGROUPMENUITEMSASSIGNMENT","PKG_AD","Confirmed Active","RemoveGroupMenuItemsAssignment","AD","T_MENU_PAGES_GROUPMAP; T_AU_ROLE_API_PERMISSION; T_AU_API_MASTER","T_MENU_PAGES_GROUPMAP; T_AU_ROLE_API_PERMISSION","T_MENU_PAGES_GROUPMAP; T_AU_ROLE_API_PERMISSION; T_AU_API_MASTER","True"
"PKG_AD.P_GETAUDITZONES","PKG_AD","Confirmed Active","GetAuditZones","AD","T_AUDITEE_ENTITIES","","T_AUDITEE_ENTITIES; T_CURSOR","True"
"PKG_AD.P_GETBRANCHES","PKG_AD","Confirmed Active","GetBranches","AD","V_SERVICE_BRANCH","","T_CURSOR; V_SERVICE_BRANCH; V_SERVICE_ZONES","True"
"PKG_AD.P_GETZONES","PKG_AD","Confirmed Active","GetZones","AD","T_AUDITEE_ENTITIES","","T_CURSOR; T_AUDITEE_ENTITIES","True"
"PKG_AD.P_GETZONESFORHOMOINTORING","PKG_AD","Confirmed Active","GetZonesoldparamointoring","AD","T_AUDITEE_ENTITIES; V_GET_PARENT_OFFICE; T_AUDITEE_ENTITIES_MAPING; T_AUDITEE_ENT_TYPES","","T_CURSOR; T_AUDITEE_ENTITIES; V_GET_PARENT_OFFICE; T_AUDITEE_ENTITIES_MAPING; T_AUDITEE_ENT_TYPES","True"
"PKG_AD.P_GETBRANCHSIZES","PKG_AD","Confirmed Active","GetBranchSizes","AD","T_AUDITEE_ENTITIES_SIZE_DISC","","T_CURSOR; T_AUDITEE_ENTITIES_SIZE_DISC","True"
"PKG_AD.P_GETCONTROLVIOLATIONS","PKG_AD","Confirmed Active","GetControlViolations","AD","T_R_SUB_GROUP","","T_CURSOR; T_R_SUB_GROUP","True"
"PKG_AD.P_GETSUBENTITIES","PKG_AD","Confirmed Active","GetSubEntities","AD","T_AUDITEE_ENTITEE_SUBENTITY; T_AUDITEE_ENTITIES_MAPING","","T_CURSOR; T_AUDITEE_ENTITEE_SUBENTITY; T_AUDITEE_ENTITIES_MAPING","True"
"PKG_AD.P_ADDSUBENTITY","PKG_AD","Confirmed Active","AddSubEntity","AD","T_AUDITEE_ENTITEE_SUBENTITY","T_AUDITEE_ENTITEE_SUBENTITY","T_AUDITEE_ENTITEE_SUBENTITY","True"
"PKG_AD.P_UPDATESUBENTITY","PKG_AD","Confirmed Active","UpdateSubEntity","AD","","T_AUDITEE_ENTITEE_SUBENTITY","T_AUDITEE_ENTITEE_SUBENTITY","True"
"PKG_AD.P_GET_AUDIT_TEAM_POSTCHANGES","PKG_AD","Confirmed Active","GetAuditOngoingEngagementPlans","AD","T_AU_AUDIT_TEAM_TASKLIST; T_AU_TEAM_MEMBERS; T_AU_AUDIT_TEAMS; T_AU_PLAN_ENG","","T_CURSOR; T_NAME; T_AU_AUDIT_TEAM_TASKLIST; T_AU_TEAM_MEMBERS; T_ID; T_AU_AUDIT_TEAMS; T_AU_PLAN_ENG","True"
"PKG_AD.P_GETRISKPROCESSDETAILS","PKG_AD","Confirmed Active","GetRiskProcessDetails","AD","T_AUDIT_CHECKLIST; T_AUDIT_CHECKLIST_SUB","","T_CURSOR; T_AUDIT_CHECKLIST; T_ID; T_AUDIT_CHECKLIST_SUB","True"
"PKG_AD.P_GET_SUB_CHECKLIST_UPDATE_BYID","PKG_AD","Confirmed Active","GetSubChecklistComparisonDetailById","AD","V_SUB_CHECKLIST_UPDATE_EXITING; V_SUB_CHECKLIST_UPDATE_PROPOSE","","T_CURSOR; T_ID; V_SUB_CHECKLIST_UPDATE_EXITING; V_SUB_CHECKLIST_UPDATE_PROPOSE","True"
"PKG_AD.P_GET_CHECKLIST_UPDATE_BYID","PKG_AD","Confirmed Active","GetChecklistComparisonDetailById","AD","V_CHECKLIST_UPDATE_EXITING; V_CHECKLIST_UPDATE_PROPOSE","","T_CURSOR; V_CHECKLIST_UPDATE_EXITING; V_CHECKLIST_UPDATE_PROPOSE","True"
"PKG_AD.P_GET_CHECKLIST_UPDATE_BYID_REF","PKG_AD","Confirmed Active","GetChecklistComparisonDetailByIdForRefferedBack","AD","V_CHECKLIST_UPDATE_EXITING; V_CHECKLIST_UPDATE_PROPOSE_ID","","T_CURSOR; V_CHECKLIST_UPDATE_EXITING; V_CHECKLIST_UPDATE_PROPOSE_ID","True"
"PKG_AD.P_GETRISKPROCESSTRANSACTIONS","PKG_AD","Confirmed Active","GetRiskProcessTransactions","AD","T_AUDIT_CHECKLIST_DETAILS; T_AUDIT_CHECKLIST_SUB; T_AUDIT_CHECKLIST; T_R_SUB_GROUP; T_HR_DESIGNATIONS; T_AUDITEE_ENTITIES","","T_CURSOR; V_NAME; T_AUDIT_CHECKLIST_DETAILS; T_AUDIT_CHECKLIST_SUB; T_AUDIT_CHECKLIST; T_ID; T_R_SUB_GROUP; V_ID; T_HR_DESIGNATIONS; T_AUDITEE_ENTITIES","True"
"PKG_AD.P_GET_UPDATED_SUB_CHECKLIST_FOR_REVIEW","PKG_AD","Confirmed Active","GetUpdatedSubChecklistForReviewAndAuthorize","AD","T_AUDIT_CHECKLIST; T_AUDIT_CHECKLIST_SUB; T_AUDIT_CHECKLIST_SUB_CHANGE; V_SUB_CHECKLIST_REFFEREDBACK_COMMENTS; T_AUDIT_CHECKLIST_DETAILS_LOG","","T_CURSOR; T_ID; T_AUDIT_CHECKLIST; T_AUDIT_CHECKLIST_SUB; T_AUDIT_CHECKLIST_SUB_CHANGE; V_SUB_CHECKLIST_REFFEREDBACK_COMMENTS; T_AUDIT_CHECKLIST_DETAILS_LOG","True"
"PKG_AD.P_GET_UPDATED_CHECKLIST_FOR_REVIEW","PKG_AD","Confirmed Active","GetUpdatedChecklistDetailsForReviewAndAuthorize","AD","T_AUDIT_CHECKLIST_DETAILS; T_AUDIT_CHECKLIST_DETAILS_CHANGE; T_AUDIT_CHECKLIST_SUB; T_AUDIT_CHECKLIST; T_R_SUB_GROUP; T_HR_DESIGNATIONS; T_AUDITEE_ENTITIES; T_RISK; V_CHECKLIST_REFFEREDBACK_COMMENTS; T_AUDIT_CHECKLIST_DETAILS_LOG","","T_CURSOR; V_ID; V_NAME; T_AUDIT_CHECKLIST_DETAILS; T_AUDIT_CHECKLIST_DETAILS_CHANGE; T_AUDIT_CHECKLIST_SUB; T_AUDIT_CHECKLIST; T_ID; T_R_SUB_GROUP; T_HR_DESIGNATIONS; T_AUDITEE_ENTITIES; T_RISK; V_CHECKLIST_REFFEREDBACK_COMMENTS; T_AUDIT_CHECKLIST_DETAILS_LOG","True"
"PKG_AD.P_AUDIT_CHECKLIST","PKG_AD","Confirmed Active","AddAuditChecklist; AddRiskProcess","AD","T_AU_ACTIVITY_LOG; T_AUDIT_CHECKLIST; DUAL","T_AU_ACTIVITY_LOG; T_AUDIT_CHECKLIST","T_CURSOR; T_AU_ACTIVITY_LOG; T_AUDIT_CHECKLIST; T_ID","True"
"PKG_AD.P_AUDIT_CHECKLIST_SUB","PKG_AD","Confirmed Active","AddAuditSubChecklist; AddRiskSubProcess","AD","T_AU_ACTIVITY_LOG; T_AUDIT_CHECKLIST_SUB_CHANGE; T_AUDIT_CHECKLIST_SUB; T_AUDIT_CHECKLIST_DETAILS_LOG; DUAL","T_AU_ACTIVITY_LOG; T_AUDIT_CHECKLIST_SUB_CHANGE; T_AUDIT_CHECKLIST_SUB; T_AUDIT_CHECKLIST_DETAILS_LOG","T_CURSOR; T_AU_ACTIVITY_LOG; T_AUDIT_CHECKLIST_SUB_CHANGE; T_AUDIT_CHECKLIST_SUB; T_ID; T_AUDIT_CHECKLIST_DETAILS_LOG","True"
"PKG_AD.P_AUDIT_CHECKLIST_DETAIL","PKG_AD","Confirmed Active","AddAuditChecklistDetail; AddRiskSubProcessTransaction","AD","T_AU_ACTIVITY_LOG; T_AUDIT_CHECKLIST_DETAILS_CHANGE; T_AUDIT_CHECKLIST_DETAILS; T_AUDIT_CHECKLIST_DETAILS_LOG; DUAL","T_AU_ACTIVITY_LOG; T_AUDIT_CHECKLIST_DETAILS_CHANGE; T_AUDIT_CHECKLIST_DETAILS; T_AUDIT_CHECKLIST_DETAILS_LOG","T_CURSOR; T_AU_ACTIVITY_LOG; T_AUDIT_CHECKLIST_DETAILS_CHANGE; T_AUDIT_CHECKLIST_DETAILS; V_ID; T_AUDIT_CHECKLIST_DETAILS_LOG; T_ID","True"
"PKG_AD.P_APPROVED_SUB_PROCESS_BY_AUTHORIZER","PKG_AD","Confirmed Active","AuthorizeSubProcessByAuthorizer","AD","T_AU_ACTIVITY_LOG; DUAL; T_AUDIT_CHECKLIST_SUB_CHANGE; T_AUDIT_CHECKLIST_DETAILS_LOG","T_AU_ACTIVITY_LOG; T_AUDIT_CHECKLIST_SUB_CHANGE; T_AUDIT_CHECKLIST_SUB; T_AUDIT_CHECKLIST_DETAILS_LOG","T_CURSOR; V_F; T_AU_ACTIVITY_LOG; T_AUDIT_CHECKLIST_SUB_CHANGE; T_ID; T_AUDIT_CHECKLIST_SUB; T_AUDIT_CHECKLIST_DETAILS_LOG","True"
"PKG_AD.P_REFFEREDBACK_SUB_CHECKLIST_BY_REVIEWER","PKG_AD","Confirmed Active","RefferedBackSubProcessByAuthorizer","AD","T_AUDIT_CHECKLIST_DETAILS_LOG; DUAL","T_AUDIT_CHECKLIST_SUB_CHANGE; T_AUDIT_CHECKLIST_DETAILS_LOG","T_CURSOR; T_AUDIT_CHECKLIST_SUB_CHANGE; T_AUDIT_CHECKLIST_DETAILS_LOG","True"
"PKG_AD.P_RECOMMEND_CHECKLIST_BY_REVIEWER","PKG_AD","Confirmed Active","RecommendProcessTransactionByReviewer","AD","T_AU_ACTIVITY_LOG; T_AUDIT_CHECKLIST_DETAILS_LOG; DUAL","T_AUDIT_CHECKLIST_DETAILS_CHANGE; T_AU_ACTIVITY_LOG; T_AUDIT_CHECKLIST_DETAILS_LOG","T_ID; T_CURSOR; T_AUDIT_CHECKLIST_DETAILS_CHANGE; T_AU_ACTIVITY_LOG; T_AUDIT_CHECKLIST_DETAILS_LOG","True"
"PKG_AD.P_REFFEREDBACK_CHECKLIST_BY_REVIEWER","PKG_AD","Confirmed Active","RefferedBackProcessTransactionByReviewer","AD","T_AU_ACTIVITY_LOG; T_AUDIT_CHECKLIST_DETAILS_LOG; DUAL","T_AU_ACTIVITY_LOG; T_AUDIT_CHECKLIST_DETAILS_CHANGE; T_AUDIT_CHECKLIST_DETAILS_LOG","T_ID; T_CURSOR; T_AU_ACTIVITY_LOG; T_AUDIT_CHECKLIST_DETAILS_CHANGE; T_AUDIT_CHECKLIST_DETAILS_LOG","True"
"PKG_AD.P_APPROVE_CHECKLIST_BY_AUTHORIZER","PKG_AD","Confirmed Active","AuthorizeProcessTransactionByAuthorizer","AD","T_AU_ACTIVITY_LOG; T_AUDIT_CHECKLIST_DETAILS; T_AUDIT_CHECKLIST_DETAILS_CHANGE; T_AUDIT_CHECKLIST_DETAILS_LOG; DUAL","T_AU_ACTIVITY_LOG; T_AUDIT_CHECKLIST_DETAILS_CHANGE; T_AUDIT_CHECKLIST_DETAILS; T_AU_OBSERVATION; T_AUDIT_CHECKLIST_DETAILS_LOG","T_ID; T_CURSOR; V_F; T_AU_ACTIVITY_LOG; T_AUDIT_CHECKLIST_DETAILS; T_AUDIT_CHECKLIST_DETAILS_CHANGE; V_ID; T_AU_OBSERVATION; T_AUDIT_CHECKLIST_DETAILS_LOG","True"
"PKG_AD.P_REFFEREDBACK_CHECKLIST_BY_AUTHORIZER","PKG_AD","Confirmed Active","RefferedBackProcessTransactionByAuthorizer","AD","T_AU_ACTIVITY_LOG; T_AUDIT_CHECKLIST_DETAILS_LOG; DUAL","T_AU_ACTIVITY_LOG; T_AUDIT_CHECKLIST_DETAILS_CHANGE; T_AUDIT_CHECKLIST_DETAILS_LOG","T_ID; T_CURSOR; T_AU_ACTIVITY_LOG; T_AUDIT_CHECKLIST_DETAILS_CHANGE; T_AUDIT_CHECKLIST_DETAILS_LOG","True"
"PKG_AD.P_GETRISKS","PKG_AD","Confirmed Active","GetRisks","AD","T_RISK","","T_CURSOR; T_RISK","True"
"PKG_AD.P_GET_SUBCHECKILIST","PKG_AD","Confirmed Active","GetAuthorizeMergeSubChecklist","AD","T_AUDIT_CHECKLIST_SUB; T_AUDIT_CHECKLIST_SUB_MERGER","","T_CURSOR; T_ID; T_AUDIT_CHECKLIST_SUB; T_AUDIT_CHECKLIST_SUB_MERGER","True"
"PKG_AD.P_GET_ANNEXURE_PROCESS","PKG_AD","Confirmed Active","GetAnnexureProcess","AD","T_AUDIT_CHECKLIST_ANNEXURE_PROCESS","","T_CURSOR; T_AUDIT_CHECKLIST_ANNEXURE_PROCESS","True"
"PKG_AD.P_GETLATESTCOMMENTSONPROCESS","PKG_AD","Likely Active","GetLatestCommentsOnProcess","AD","T_AUDIT_CHECKLIST_DETAILS_LOG","","T_CURSOR; T_AUDIT_CHECKLIST_DETAILS_LOG; T_ID","True"
"PKG_AD.P_GET_SUB_CHECKLIST_MAKER","PKG_AD","Confirmed Active","GetAuditSubChecklist","AD","T_AUDIT_CHECKLIST_SUB; T_AUDIT_CHECKLIST; V_SUB_CHECKLIST_UPDATE_EXITING; V_SUB_CHECKLIST_REFFEREDBACK_COMMENTS; T_AUDIT_CHECKLIST_DETAILS_LOG","","T_CURSOR; T_ID; T_AUDIT_CHECKLIST_SUB; T_AUDIT_CHECKLIST; V_SUB_CHECKLIST_UPDATE_EXITING; V_SUB_CHECKLIST_REFFEREDBACK_COMMENTS; T_AUDIT_CHECKLIST_DETAILS_LOG","True"
"PKG_AD.P_AUDIT_CHECKLIST_UPDATE","PKG_AD","Confirmed Active","UpdateAuditChecklist","AD","T_AU_ACTIVITY_LOG; DUAL","T_AU_ACTIVITY_LOG; T_AUDIT_CHECKLIST","T_CURSOR; T_AU_ACTIVITY_LOG; T_AUDIT_CHECKLIST; T_ID","True"
"PKG_AD.P_AUDIT_CHECKLIST_SUB_UPDATE","PKG_AD","Confirmed Active","UpdateAuditSubChecklist","AD","T_AU_ACTIVITY_LOG; T_AUDIT_CHECKLIST_DETAILS_LOG; DUAL","T_AU_ACTIVITY_LOG; T_AUDIT_CHECKLIST_SUB_CHANGE; T_AUDIT_CHECKLIST_DETAILS_LOG","T_CURSOR; T_AU_ACTIVITY_LOG; T_AUDIT_CHECKLIST_SUB_CHANGE; T_ID; T_AUDIT_CHECKLIST_DETAILS_LOG","True"
"PKG_AD.P_GETCHECKLISTDETAILBYSUBPROCESSID","PKG_AD","Confirmed Active","GetAuditChecklistDetail","AD","T_AUDIT_CHECKLIST_DETAILS; T_AUDIT_CHECKLIST_SUB; T_AUDIT_CHECKLIST_DETAILS_CHANGE","","T_CURSOR; V_ID; T_NAME; T_AUDIT_CHECKLIST_DETAILS; T_AUDIT_CHECKLIST_SUB; T_AUDIT_CHECKLIST_DETAILS_CHANGE","True"
"PKG_AD.P_GET_CHECKLISTDETAIL_FOR_DUPLICATE","PKG_AD","Confirmed Active","GetAuditChecklistDetailForRemoveDuplicate","AD","T_AUDIT_CHECKLIST_DETAILS; T_AUDIT_CHECKLIST_SUB; T_AUDIT_CHECKLIST_DETAILS_CHANGE","","T_CURSOR; V_ID; T_NAME; T_AUDIT_CHECKLIST_DETAILS; T_AUDIT_CHECKLIST_SUB; T_AUDIT_CHECKLIST_DETAILS_CHANGE","True"
"PKG_AD.P_GET_CHECKLISTDETAIL_FOR_SUBCHECKLIST","PKG_AD","Confirmed Active","GetChecklistDetailForSubProcess","AD","T_AUDIT_CHECKLIST_DETAILS","","T_CURSOR; T_AUDIT_CHECKLIST_DETAILS","True"
"PKG_AD.P_GETCHECKLISTDETAIL_REF","PKG_AD","Confirmed Active","GetReferredBackAuditChecklistDetail","AD","T_AUDIT_CHECKLIST_DETAILS; T_AUDIT_CHECKLIST_SUB; T_AUDIT_CHECKLIST; T_AUDIT_CHECKLIST_DETAILS_CHANGE; V_CHECKLIST_REFFEREDBACK_COMMENTS; T_AUDIT_CHECKLIST_DETAILS_LOG","","T_CURSOR; T_ID; V_ID; T_NAME; T_AUDIT_CHECKLIST_DETAILS; T_AUDIT_CHECKLIST_SUB; T_AUDIT_CHECKLIST; T_AUDIT_CHECKLIST_DETAILS_CHANGE; V_CHECKLIST_REFFEREDBACK_COMMENTS; T_AUDIT_CHECKLIST_DETAILS_LOG","True"
"PKG_AD.AUDIT_CHECKLIST_DETAIL_UPDATE","PKG_AD","Confirmed Active","UpdateAuditChecklistDetail","AD","T_AU_ACTIVITY_LOG; T_AUDIT_CHECKLIST_DETAILS_LOG; T_AUDIT_CHECKLIST_DETAILS; DUAL","T_AU_ACTIVITY_LOG; T_AUDIT_CHECKLIST_DETAILS_CHANGE; T_AUDIT_CHECKLIST_DETAILS_LOG","T_CURSOR; T_AU_ACTIVITY_LOG; T_AUDIT_CHECKLIST_DETAILS_CHANGE; T_AUDIT_CHECKLIST_DETAILS_LOG; T_ID; T_AUDIT_CHECKLIST_DETAILS","True"
"PKG_AD.P_GETCHILDPOSTING","PKG_AD","Confirmed Active","Getchildposting","AD","T_AUDITEE_ENTITIES; V_GET_PARENT_OFFICE; T_AUDITEE_ENT_TYPES; T_AUDITEE_ENTITIES_MAPING","","T_CURSOR; T_AUDITEE_ENTITIES; V_GET_PARENT_OFFICE; T_AUDITEE_ENT_TYPES; T_AUDITEE_ENTITIES_MAPING","True"
"PKG_AD.P_GETPARENTREPOFFICE","PKG_AD","Confirmed Active","Getparentrepoffice","AD","T_AUDITEE_ENT_RELATION","","T_CURSOR; T_AUDITEE_ENT_RELATION; T_AUDITEE_ENT_TYPES; V_GET_PARENT_OFFICE","True"
"PKG_AD.P_GET_COMPLIANCE_OFFICE","PKG_AD","Confirmed Active","GetComplianceOfficer; GetComplianceUnits","AD","V_GET_COMPLIANCE_REVIEWER_APPROVER; T_AUDITEE_ENTITIES","","T_CURSOR; V_GET_COMPLIANCE_REVIEWER_APPROVER; T_AUDITEE_ENTITIES","True"
"PKG_AD.P_GETREALTIONSHIPTYPE","PKG_AD","Confirmed Active","Getrealtionshiptype","AD","V_GET_REALTIONSHIPTYPE","","T_CURSOR; V_GET_REALTIONSHIPTYPE","True"
"PKG_AD.P_GET_AUDITEE_ENGAGEMENT","PKG_AD","Confirmed Active","GetAuditeeEngagements","AD","T_AU_PLAN_ENG; T_AUDITEE_ENTITIES","","T_CURSOR; T_AU_PLAN_ENG; T_AUDITEE_ENTITIES","True"
"PKG_AD.P_GET_AUDIT_ENGAGEMENT","PKG_AD","Confirmed Active","GetEngagementDetailsForStatusReversal","AD","T_AU_PLAN_ENG; T_AU_PERIOD; T_AU_PLAN; T_AU_PLAN_ENG_STATUS; T_AU_AUDIT_TEAMS","","T_CURSOR; T_NAME; T_AU_PLAN_ENG; T_AU_PERIOD; T_AU_PLAN; T_AU_PLAN_ENG_STATUS; T_AU_AUDIT_TEAMS","True"
"PKG_AD.P_GET_AUDIT_OBSERVTION","PKG_AD","Confirmed Active","GetObservationDetailsForStatusReversal","AD","T_AU_OBSERVATION; T_AU_OBSERVATION_STATUS; T_AU_OBSERVATION_ASSIGNEDTO; T_AU_OBSERVATION_TEXT; T_AUDITEE_ENTITIES; T_RISK","","T_CURSOR; T_AU_OBSERVATION; T_AU_OBSERVATION_STATUS; T_AU_OBSERVATION_ASSIGNEDTO; T_AU_OBSERVATION_TEXT; T_AUDITEE_ENTITIES; T_RISK","True"
"PKG_AD.P_GET_AUDIT_OBSERVTION_STATUS","PKG_AD","Confirmed Active","GetObservationReversalStatus","AD","T_AU_OBSERVATION_STATUS","","T_CURSOR; T_AU_OBSERVATION_STATUS","True"
"PKG_AD.P_GET_AUDIT_ENGAGEMENT_STATUS","PKG_AD","Confirmed Active","GetEngagementReversalStatus","AD","T_AU_PLAN_ENG; T_AU_PLAN_ENG_STATUS","","T_CURSOR; V_F; T_AU_PLAN_ENG; T_AU_PLAN_ENG_STATUS","True"
"PKG_AD.P_GETAUDITEERISK","PKG_AD","Confirmed Active","GetAuditeeRisk","AD","T_AU_ENTITIES_GROUP_RISK","","T_CURSOR; T_AU_ENTITIES_GROUP_RISK","True"
"PKG_AD.P_GET_ENTITY_RISK","PKG_AD","Confirmed Active","GetAuditeeRiskForEntTypes","AD","T_AU_ENTITIES_PERIOD_RISK; V_GET_PARENT_OFFICE","","T_CURSOR; T_AU_ENTITIES_PERIOD_RISK; V_GET_PARENT_OFFICE","True"
"PKG_AD.P_GETAUDITEERISK_DETAILS","PKG_AD","Confirmed Active","GetAuditeeRiskDetails","AD","T_AU_ENTITIES_GROUP_RISK_DETAILS","","T_CURSOR; T_AU_ENTITIES_GROUP_RISK_DETAILS","True"
"PKG_AD.P_MERGE_CHECKLIST","PKG_AD","Confirmed Active","MergeDuplicateProcesses","AD","T_AUDIT_CHECKLIST; T_AUDIT_CHECKLIST_MERGER; DUAL","T_AUDIT_CHECKLIST_MERGER","T_CURSOR; T_AUDIT_CHECKLIST; T_ID; T_AUDIT_CHECKLIST_MERGER; M_CID","True"
"PKG_AD.P_MERGE_SUB_CHECKLIST","PKG_AD","Confirmed Active","MergeDuplicateSubProcesses","AD","T_AUDIT_CHECKLIST_SUB; T_AUDIT_CHECKLIST_SUB_MERGER; DUAL","T_AUDIT_CHECKLIST_SUB_MERGER","T_CURSOR; T_AUDIT_CHECKLIST_SUB; T_AUDIT_CHECKLIST_SUB_MERGER; M_SID","True"
"PKG_AD.P_REMOVE_DUPLICATE_CHECKLIST_DETAILS","PKG_AD","Confirmed Active","MergeDuplicateChecklists","AD","","T_AUDIT_CHECKLIST_DETAIL_DUPLICATE","T_AUDIT_CHECKLIST_DETAIL_DUPLICATE","True"
"PKG_AD.P_GET_DUPLICATE_CHECKLIST_DETAILS_DROPDOWN","PKG_AD","Confirmed Active","GetAuditProcessListForMergeDuplicate","AD","T_AUDIT_CHECKLIST_DETAIL_DUPLICATE; T_AUDIT_CHECKLIST_DETAILS","","T_CURSOR; T_AUDIT_CHECKLIST_DETAIL_DUPLICATE; T_AUDIT_CHECKLIST_DETAILS","True"
"PKG_AD.P_GET_CHECKLIST_MERGER_FOR_REVIEW","PKG_AD","Confirmed Active","GetDuplicateProcesses","AD","T_AUDIT_CHECKLIST; T_AUDIT_CHECKLIST_MERGER","","T_CURSOR; T_ID; M_CID; T_AUDIT_CHECKLIST; T_AUDIT_CHECKLIST_MERGER","True"
"PKG_AD.P_GET_SUB_CHECKLIST_MERGER_FOR_REVIEW","PKG_AD","Confirmed Active","GetDuplicateSubProcesses","AD","T_AUDIT_CHECKLIST_SUB; T_AUDIT_CHECKLIST_SUB_MERGER","","T_CURSOR; M_SID; T_AUDIT_CHECKLIST_SUB; T_AUDIT_CHECKLIST_SUB_MERGER","True"
"PKG_AD.P_GET_DUPLICATE_CHECKLIST_DETAILS","PKG_AD","Confirmed Active","GetDuplicateChecklists","AD","T_AUDIT_CHECKLIST_DETAIL_DUPLICATE; T_AUDIT_CHECKLIST_DETAILS","","T_CURSOR; T_AUDIT_CHECKLIST_DETAIL_DUPLICATE; T_AUDIT_CHECKLIST_DETAILS","True"
"PKG_AD.P_GET_DUPLICATE_CHECKLIST_DETAILS_COUNT","PKG_AD","Confirmed Active","GetDuplicateChecklistsCount","AD","T_AU_OLD_PARAS_FAD; T_AUDIT_CHECKLIST_DETAIL_DUPLICATE; T_AU_OBSERVATION; DUAL","","T_CURSOR; T_AU_OLD_PARAS_FAD; T_AUDIT_CHECKLIST_DETAIL_DUPLICATE; T_AU_OBSERVATION","True"
"PKG_AD.P_AUTHORIZE_MERGER_CHECKLIST","PKG_AD","Confirmed Active","AuthorizeMergeDuplicateProcesses","AD","DUAL","T_AUDIT_CHECKLIST_SUB","M_CID; T_CURSOR; T_AUDIT_CHECKLIST_SUB; T_ID; T_AUDIT_CHECKLIST","True"
"PKG_AD.P_AUTHORIZE_MERGER_CHECKLIST_SUB","PKG_AD","Confirmed Active","AuthorizeMergeDuplicateSubProcesses","AD","DUAL","T_AUDIT_CHECKLIST_DETAILS; T_AUDIT_CHECKLIST_DETAILS_CHANGE; T_AUDIT_CHECKLIST_SUB_MERGER","M_SID; T_CURSOR; T_AUDIT_CHECKLIST_DETAILS; T_AUDIT_CHECKLIST_DETAILS_CHANGE; T_AUDIT_CHECKLIST_SUB_MERGER; T_AUDIT_CHECKLIST_SUB; T_AUDIT_CHECKLIST_SUB_CHANGE","True"
"PKG_AD.P_AUTHORIZE_DUPLICATE_CHECKLIST_DETAILS","PKG_AD","Confirmed Active","AuthorizeMergeDuplicateChecklists","AD","T_AUDIT_CHECKLIST_DETAIL_DUPLICATE; DUAL","T_AU_OLD_PARAS_FAD; T_AU_OBSERVATION; T_AUDIT_CHECKLIST_DETAILS; T_AUDIT_CHECKLIST_DETAIL_DUPLICATE","T_CURSOR; T_AU_OLD_PARAS_FAD; T_AUDIT_CHECKLIST_DETAIL_DUPLICATE; T_AU_OBSERVATION; T_AUDIT_CHECKLIST_DETAILS","True"
"PKG_AD.P_AUDIT_OBSERVATION_REVERSAL","PKG_AD","Confirmed Active","AuditEngagementObsStatusReversal; UpdateObservationStatusForReversal","AD","DUAL; T_AU_OBSERVATION; T_AU_OBSERVATION_STATUS; T_AU_OBSERVATION_ASSIGNEDTO; T_AU_OBSERVATIONS_AUDITEE_RESPONSE; T_AU_OBSERVATIONS_AUDITEE_EVIDENCES; T_AU_OBSERVATIONS_AUDITOR_RECOMMENDATION; T_AU_OBSERVATIONS_AUDITOR_REPLY","T_AU_OBSERVATION; T_AU_OBSERVATION_ASSIGNEDTO; T_AU_OBSERVATIONS_AUDITEE_RESPONSE; T_AU_OBSERVATIONS_AUDITEE_EVIDENCES; T_AU_OBSERVATIONS_AUDITOR_RECOMMENDATION; T_AU_OBSERVATION_TEXT; T_AU_OBSERVATIONS_AUDITOR_REPLY","T_CURSOR; M_F; T_AU_OBSERVATION; T_AU_OBSERVATION_STATUS; T_AU_OBSERVATION_ASSIGNEDTO; T_AU_OBSERVATIONS_AUDITEE_RESPONSE; T_AU_OBSERVATIONS_AUDITEE_EVIDENCES; T_AU_OBSERVATIONS_AUDITOR_RECOMMENDATION; T_AU_OBSERVATION_TEXT; T_AU_OBSERVATIONS_AUDITOR_REPLY","True"
"PKG_AD.P_GET_NEW_USER","PKG_AD","Confirmed Active","AdminNewUsersInAIS","AD","V_AIS_NEW_USER; V_SERVICE_EMPLOYEEINFO; T_AUDIT_EMP","","T_CURSOR; V_AIS_NEW_USER; V_SERVICE_EMPLOYEEINFO; T_AUDIT_EMP","True"
"PKG_AD.P_GET_AIS_ENTITIES","PKG_AD","Confirmed Active","GetAISEntitiesForAdminPanelEntityAddition","AD","T_AUDITEE_ENTITIES","","T_CURSOR; T_AUDITEE_ENTITIES","True"
"PKG_AD.P_UPDATEENTITIEES","PKG_AD","Confirmed Active","UpdateAISEntityForAdminPanelEntityAddition","AD","T_AUDITEE_ENTITIES_MAPING; T_AUDITEE_ENTITIES_UPDATE_LOG; DUAL","T_AUDITEE_ENTITIES; T_AUDITEE_ENTITIES_MAPING; AIS_T_AU_POST_COMPLIANCE; T_AU_PLAN_ENG; T_AUDITEE_ENTITIES_UPDATE_LOG","T_CURSOR; T_AUDITEE_ENTITIES; T_AUDITEE_ENTITIES_MAPING; AIS_T_AU_POST_COMPLIANCE; T_AU_PLAN_ENG; T_AUDITEE_ENTITIES_UPDATE_LOG","True"
"PKG_AD.P_INSERTENTITIEES","PKG_AD","Confirmed Active","AddAISEntityForAdminPanelEntityAddition","AD","T_AUDITEE_ENTITIES; DUAL","T_AUDITEE_ENTITIES","T_CURSOR; T_AUDITEE_ENTITIES","True"
"PKG_AD.P_GET_AUDITEE_ENTITIES_MAPPING","PKG_AD","Confirmed Active","GetAISEntityMappingForAdminPanelEntityAddition","AD","V_GET_PARENT_OFFICE","","T_ID; T_CURSOR; V_GET_PARENT_OFFICE","True"
"PKG_AD.P_UPDATE_ENTITIES_MAPPING","PKG_AD","Confirmed Active","UpdateAISEntityMappingForAdminPanelEntityAddition","AD","T_AUDITEE_ENTITIES; DUAL","T_AUDITEE_ENTITIES_MAPING","T_CURSOR; T_F; T_AUDITEE_ENTITIES; T_AUDITEE_ENTITIES_MAPING","True"
"PKG_AD.P_ADD_ENTITIES_MAPPING","PKG_AD","Confirmed Active","AddAISEntityMappingForAdminPanelEntityAddition","AD","T_AUDITEE_ENTITIES; T_AUDITEE_ENTITIES_MAPING; DUAL","T_AUDITEE_ENTITIES_MAPING","T_CURSOR; V_F; T_F; T_AUDITEE_ENTITIES; T_AUDITEE_ENTITIES_MAPING","True"
"PKG_AD.P_UPDATE_NEW_USER","PKG_AD","Confirmed Active","UpdateNewUsersAdminPanel","AD","T_USER; V_AIS_NEW_USER_FOR_ADDITION; T_USER_MAPING; T_GROUP_RIGHTS; DUAL","T_USER; T_USER_MAPING","T_CURSOR; T_USER; V_AIS_NEW_USER_FOR_ADDITION; T_USER_MAPING; T_GROUP_RIGHTS","True"
"PKG_AD.P_GET_USER_ROLE_TYPE","PKG_AD","Confirmed Active","GetUserDetailAdminPanel","AD","T_GROUP_RIGHTS; T_GROUPS","","T_CURSOR; T_GROUP_RIGHTS; T_GROUPS","True"
"PKG_AD.P_GET_DETAILS_FOR_ENTITY_SHIFTING","PKG_AD","Confirmed Active","GetEntityShiftingDetails","AD","T_AUDITEE_ENTITIES; T_AU_PLAN_ENG; T_AU_OBSERVATION_FAD; T_AUDITEE_ENTITIES_SIZE; T_AUDITEE_ENTITIES_SIZE_DISC; T_AUDITEE_ENTITIES_RISK; T_RISK; T_AU_POST_COMPLIANCE_SETTLEMETMENT_HISTORY","","T_CURSOR; T_AUDITEE_ENTITIES; T_AU_PLAN_ENG; T_AU_OBSERVATION_FAD; T_AUDITEE_ENTITIES_SIZE; T_AUDITEE_ENTITIES_SIZE_DISC; T_AUDITEE_ENTITIES_RISK; T_RISK; T_AU_POST_COMPLIANCE_SETTLEMETMENT_HISTORY","True"
"PKG_AD.P_GET_ENTITIES_TYPES","PKG_AD","Confirmed Active","GetEntityTypes","AD","T_AUDITEE_ENT_TYPES","","T_CURSOR; T_AUDITEE_ENT_TYPES","True"
"PKG_AD.P_UPDATE_ENTITIES_TYPES","PKG_AD","Confirmed Active","UpdateEntityTypes","AD","DUAL","T_AUDITEE_ENT_TYPES","T_CURSOR; T_AUDITEE_ENT_TYPES","True"
"PKG_AD.P_GET_ENTITIES_RELATIONSHIP","PKG_AD","Confirmed Active","GetEntityRelations","AD","T_AUDITEE_ENT_RELATION; T_AUDITEE_ENTITIES","","T_CURSOR; T_AUDITEE_ENT_RELATION; T_AUDITEE_ENTITIES","True"
"PKG_AD.P_GET_ENTITIES_MAPPING","PKG_AD","Confirmed Active","GetEntitiesMapping","AD","T_AUDITEE_ENTITIES_MAPING","","T_CURSOR; T_AUDITEE_ENTITIES_MAPING","True"
"PKG_AD.P_GET_ENTITIES_MAPPING_REPORTING","PKG_AD","Confirmed Active","GetEntitiesMappingReporting","AD","T_AUDITEE_ENTITIES_MAPING_REPORTING","","T_CURSOR; T_AUDITEE_ENTITIES_MAPING_REPORTING","True"
"PKG_AD.P_GET_ENTITIES","PKG_AD","Confirmed Active","GetParentChildEntities","AD","T_AUDITEE_ENTITIES_MAPING","","T_CURSOR; T_AUDITEE_ENTITIES_MAPING","True"
"PKG_AD.P_ADD_ENTITY_SHIFTING","PKG_AD","Confirmed Active","SubmitEntityShiftingFromAdminPanel","AD","T_AUDITEE_ENTITIES; DUAL; T_AUDITEE_ENTITIES_MAPING; T_AUDITEE_ENTITIES_RISK; T_AU_ENTITY_SHIFTING; T_AU_OBSERVATION_SHIFTING; T_AU_OBSERVATION_FAD; T_AUDITEE_ENT_TYPES","T_AUDITEE_ENTITIES; T_AUDITEE_ENTITIES_MAPING; T_AUDITEE_ENTITIES_SIZE; T_AUDITEE_ENTITIES_RISK; T_AU_ENTITY_SHIFTING; T_AU_OBSERVATION_SHIFTING; T_AU_OBSERVATION; T_AU_OLD_PARAS_FAD; T_AU_OBSERVATION_OLD_CAD_PARAS; AIS_T_AU_POST_COMPLIANCE","T_CURSOR; T_AUDITEE_ENTITIES; T_AUDITEE_ENTITIES_MAPING; T_AUDITEE_ENTITIES_SIZE; T_AUDITEE_ENTITIES_RISK; T_AU_ENTITY_SHIFTING; T_AU_OBSERVATION_SHIFTING; T_AU_OBSERVATION_FAD; T_AUDITEE_ENT_TYPES; T_AU_OBSERVATION; T_AU_OLD_PARAS_FAD; T_AU_OBSERVATION_OLD_CAD_PARAS; AIS_T_AU_POST_COMPLIANCE","True"
"PKG_AD.P_SHIFT_BR_TO_ISLAMIC","PKG_AD","Confirmed Active","SubmitEntityConvToIslamicFromAdminPanel","AD","T_AU_PLAN_ENG; C.PARA_ADDED_ON; SYSDATE; DUAL","T_AU_PLAN_ENG; T_AU_OBSERVATION; T_AU_OBSERVATION_ASSIGNEDTO; AIS_T_AU_POST_COMPLIANCE; T_AU_AUDIT_TEAM_TASKLIST","T_CURSOR; T_AU_PLAN_ENG; T_AU_OBSERVATION; T_AU_OBSERVATION_ASSIGNEDTO; AIS_T_AU_POST_COMPLIANCE; T_AU_AUDIT_TEAM_TASKLIST","True"
"PKG_AD.P_GET_ROLES_FOR_COMPLIANCE_FLOW","PKG_AD","Confirmed Active","GetRolesForComplianceFlow","AD","T_GROUPS","","T_CURSOR; T_GROUPS","True"
"PKG_AD.P_GET_ENT_TYPES_FOR_COMPLIANCE_FLOW","PKG_AD","Confirmed Active","GetEntityTypesForComplianceFlow","AD","T_AUDITEE_ENT_TYPES","","T_CURSOR; T_AUDITEE_ENT_TYPES","True"
"PKG_AD.P_GET_ENT_TYPES_FOR_HR_DESIGNATION","PKG_AD","Confirmed Active","GetEntityTypesForHRDesignationWiseRole","AD","T_AUDITEE_ENT_TYPES","","T_CURSOR; T_AUDITEE_ENT_TYPES","True"
"PKG_AD.P_GET_COMPLIANCE_STATUSES_FOR_COMPLIANCE_FLOW","PKG_AD","Confirmed Active","GetComplianceStatusesForComplianceFlow","AD","T_AU_OBSERVATION_STATUS","","T_CURSOR; T_AU_OBSERVATION_STATUS","True"
"PKG_AD.P_GET_ENTITY_TYPE_COMPLIANCE_FLOW","PKG_AD","Confirmed Active","GetComplianceFlowByEntityType","AD","T_AUDITEE_ENT_TYPES; T_GROUPS; T_AU_OBSERVATION_STATUS; T_AU_POST_COMPLIANCE_FLOW","","T_CURSOR; T_AUDITEE_ENT_TYPES; T_GROUPS; T_AU_OBSERVATION_STATUS; T_AU_POST_COMPLIANCE_FLOW","True"
"PKG_AD.P_ADD_UPDATE_COMPLIANCE_FLOW","PKG_AD","Confirmed Active","AddComplianceFlow","AD","T_AU_POST_COMPLIANCE_FLOW; DUAL","T_AU_POST_COMPLIANCE_FLOW; SET","T_CURSOR; T_AU_POST_COMPLIANCE_FLOW","True"
"PKG_AD.P_UPDATE_COMPLIANCE_FLOW","PKG_AD","Confirmed Active","UpdateComplianceFlow","AD","","","","False"
"PKG_AD.P_AUDIT_TEAM_POSTCHANGES","PKG_AD","Confirmed Active","SubmitNewTeamIdForPostChangesTeamEngReversal","AD","T_AU_AUDIT_TEAMS; T_AU_AUDIT_TEAM_TASKLIST; T_AU_TEAM_MEMBERS; T_AU_PLAN_ENG; T_AUDITEE_ENTITIES; DUAL","T_AU_AUDIT_TEAMS; T_AU_AUDIT_TEAM_TASKLIST; T_AU_PLAN_ENG","T_CURSOR; T_AU_AUDIT_TEAMS; T_NAME; T_CODE; T_AU_AUDIT_TEAM_TASKLIST; T_AU_TEAM_MEMBERS; T_ID; T_AU_PLAN_ENG; T_AUDITEE_ENTITIES","True"
"PKG_AD.P_AUDIT_ENGAGEMENT_REVERSAL","PKG_AD","Confirmed Active","AuditEngagementStatusReversal","AD","T_AU_PLAN_ENG; T_AU_AUDIT_TEAM_TASKLIST; T_AU_AUDIT_TEAMS; T_AU_PLAN_ENG_LOG; DUAL","T_AU_PLAN; T_AU_PLAN_ENG; T_AU_AUDIT_TEAM_TASKLIST; T_AU_AUDIT_TEAMS; T_AU_PLAN_ENG_LOG","T_CURSOR; V_F; T_AU_PLAN_ENG; T_AU_PLAN; T_AU_AUDIT_TEAM_TASKLIST; T_AU_AUDIT_TEAMS; T_AU_PLAN_ENG_LOG","True"
"PKG_AD.P_GET_OBSERVVATION_NO","PKG_AD","Confirmed Active","GetObservationNumbersForStatusReversal","AD","T_AU_OBSERVATION","","T_CURSOR; T_AU_OBSERVATION","True"
"PKG_AD.P_UPDATE_OBSERVATION_NO","PKG_AD","Confirmed Active","UpdateObservationNumbersForStatusReversal","AD","DUAL","T_AU_OBSERVATION","M_NO; T_CURSOR; T_AU_OBSERVATION","True"
"PKG_AD.P_UPDATE_ENG_DATE","PKG_AD","Confirmed Active","UpdateEngagementDatesForStatusReversal","AD","DUAL","T_AU_PLAN_ENG","T_CURSOR; T_AU_PLAN_ENG","True"
"PKG_AD.P_GET_HR_DESIGNATION_RIGHT","PKG_AD","Confirmed Active","GetHRDesignationWiseRoles","AD","T_GROUP_RIGHTS","","T_CURSOR; T_GROUP_RIGHTS","True"
"PKG_AD.P_ADD_HR_DESIGNATION_RIGHT","PKG_AD","Confirmed Active","AddHRDesignationWiseRoleAssignment","AD","T_GROUP_RIGHTS; T_HR_DESIGNATIONS; DUAL","T_GROUP_RIGHTS","T_CURSOR; T_GROUP_RIGHTS; T_HR_DESIGNATIONS; T_GROUPS","True"
"PKG_AD.P_UPDATE_HR_DESIGNATION_RIGHT","PKG_AD","Confirmed Active","UpdateHRDesignationWiseRoleAssignment","AD","T_HR_DESIGNATIONS; T_GROUPS; DUAL","T_GROUP_RIGHTS","M_ID; T_CURSOR; T_GROUP_RIGHTS; T_HR_DESIGNATIONS; T_GROUPS","True"
"PKG_AD.P_GET_OBS_STATUS","PKG_AD","Confirmed Active","GetManageObservationStatus","AD","T_AU_OBSERVATION_STATUS","","T_CURSOR; T_AU_OBSERVATION_STATUS","True"
"PKG_AD.P_ADD_OBS_STATUS","PKG_AD","Confirmed Active","AddManageObservationStatus","AD","T_AU_OBSERVATION_STATUS; DUAL","T_AU_OBSERVATION_STATUS","T_CURSOR; T_AU_OBSERVATION_STATUS","True"
"PKG_AD.P_UPDATE_OBS_STATUS","PKG_AD","Confirmed Active","UpdateManageObservationStatus","AD","DUAL","T_AU_OBSERVATION_STATUS","T_CURSOR; T_AU_OBSERVATION_STATUS","True"
"PKG_AD.P_GET_ENTITIES_AUDIT_DEPARTMENT","PKG_AD","Confirmed Active","GetManageEntityAuditDept","AD","T_AUDIT_DEPARTMENTS","","T_CURSOR; T_AUDIT_DEPARTMENTS","True"
"PKG_AD.P_ADD_ENTITIES_AUDIT_DEPARTMENT","PKG_AD","Confirmed Active","AddManageEntityAuditDepartment","AD","","","","False"
"PKG_AD.P_UPDATE_ENTITIES_AUDIT_DEPARTMENT","PKG_AD","Confirmed Active","UpdateEntityAuditDepartment","AD","DUAL","T_AUDIT_DEPARTMENTS","T_CURSOR; T_AUDIT_DEPARTMENTS","True"
"PKG_AD.P_GET_ALL_MENU","PKG_AD","Confirmed Active","GetAllMenusForAdminPanel","AD","T_MENU","","T_CURSOR; T_MENU","True"
"PKG_AD.P_GET_SUB_MENUS","PKG_AD","Confirmed Active","GetSubMenusForAdminPanel","AD","T_MENU_SUB","","M_ID; T_CURSOR; T_MENU_SUB","True"
"PKG_AD.P_ADD_NEW_SUB_MENU","PKG_AD","Confirmed Active","AddSubMenuForAdminPanel","AD","T_MENU_SUB; DUAL","T_MENU_SUB","M_ID; T_CURSOR; T_MENU_SUB","True"
"PKG_AD.P_UPDATE_SUB_MENU","PKG_AD","Confirmed Active","UpdateSubMenuForAdminPanel","AD","DUAL","T_MENU_SUB","M_ID; T_CURSOR; T_MENU_SUB","True"
"PKG_AD.P_GET_ALL_PAGES","PKG_AD","Confirmed Active","GetMenuPagesForAdminPanel","AD","T_MENU_PAGES; T_MENU; T_MENU_SUB","","M_ID; T_CURSOR; T_MENU_PAGES; T_MENU; T_MENU_SUB","True"
"PKG_AD.P_ADD_NEW_PAGE","PKG_AD","Confirmed Active","AddMenuPageForAdminPanel","AD","T_MENU_PAGES; DUAL","T_MENU_PAGES","M_ID; T_CURSOR; T_MENU_PAGES","True"
"PKG_AD.P_UPDATE_PAGE","PKG_AD","Confirmed Active","UpdateMenuPageForAdminPanel","AD","DUAL","T_MENU_PAGES","M_ID; T_CURSOR; T_MENU_PAGES","True"
"PKG_AD.P_UPDATE_ENTITY_COMP","PKG_AD","Confirmed Active","UpdateComplianceUnit","AD","T_AUDITEE_ENTITIES_MAPING_COM; DUAL","T_AUDITEE_ENTITIES","T_CURSOR; T_AUDITEE_ENTITIES; T_AUDITEE_ENTITIES_MAPING_COM","True"
"PKG_AD.P_ADD_ANNEXURE","PKG_AD","Confirmed Active","AddAnnexure","AD","T_AUDIT_CHECKLIST_ANNEXURE; DUAL","T_AUDIT_CHECKLIST_ANNEXURE","T_CURSOR; T_AUDIT_CHECKLIST_ANNEXURE","True"
"PKG_AD.P_UPDATE_ANNEXURE","PKG_AD","Confirmed Active","UpdateAnnexure","AD","DUAL","T_AUDIT_CHECKLIST_ANNEXURE; T_AU_OBSERVATION; AIS_T_AU_POST_COMPLIANCE; T_AU_OLD_PARAS_FAD","T_CURSOR; T_AUDIT_CHECKLIST_ANNEXURE; T_AU_OBSERVATION; AIS_T_AU_POST_COMPLIANCE; T_AU_OLD_PARAS_FAD","True"
"PKG_AD.P_GET_ENTITY_FOR_PARA_RECONSILATION","PKG_AD","Confirmed Active","GetEntityForAuditReconsilition","AD","T_AUDITEE_ENTITIES","","T_CURSOR; T_AUDITEE_ENTITIES","True"
"PKG_AD.P_ADD_BRANCH_RISK_RATING","PKG_AD","Confirmed Active","GenerateTraditionalRiskRatingofEngagement","AD","T_RISK_BRANCH_WISE; T_BRANCH_RISK_RATING; T_R_SUB_GROUP; T_R_GROUP; T_AU_OBSERVATION; T_AU_PLAN_ENG; T_AU_PERIOD; T_AUDIT_CHECKLIST_DETAILS; SYSDATE; T_COSO_RATING; DUAL","T_RISK_BRANCH_WISE; T_BRANCH_RISK_RATING","T_CURSOR; T_RISK_BRANCH_WISE; T_BRANCH_RISK_RATING; T_R_SUB_GROUP; T_R_GROUP; V_ID; T_AU_OBSERVATION; T_AU_PLAN_ENG; T_AU_PERIOD; T_AUDIT_CHECKLIST_DETAILS; T_COSO_RATING","True"
"PKG_AD.P_GET_TRADITIONAL_RISK_RATING","PKG_AD","Confirmed Active","ViewTraditionalRiskRatingofEngagement","AD","T_R_GROUP; T_R_SUB_GROUP; T_RISK_BRANCH_WISE","","T_CURSOR; T_R_GROUP; T_R_SUB_GROUP; T_RISK_BRANCH_WISE","True"
"PKG_AD.P_ADD_BRANCH_ANNEX_RISK_RATING","PKG_AD","Confirmed Active","GenerateAnnexureRiskRatingofEngagement","AD","","","","False"
"PKG_AD.P_GET_ANNEXURE_RISK_RATING","PKG_AD","Confirmed Active","ViewAnnexureRiskRatingofEngagement","AD","","","","False"
"PKG_AD.P_GET_NEW_RISK_MODEL ","PKG_AD","Confirmed Active","GetRiskRatingModelForBranchesWorking","AD","","","","False"
"PKG_AD.P_GET_COMPLIANCE_HIERARCHY ","PKG_AD","Confirmed Active","GetComplianceHierarchies","AD","","","","False"
"PKG_AD.P_ADD_COM_OFFICER","PKG_AD","Confirmed Active","AddComplianceHierarchy","AD","T_AUDITEE_ENTITIES_MAPING_COM; DUAL","T_AUDITEE_ENTITIES_MAPING_COM","T_CURSOR; T_AUDITEE_ENTITIES_MAPING_COM","True"
"PKG_AD.P_UPDATE_COM_OFFICER","PKG_AD","Confirmed Active","UpdateComplianceHierarchy","AD","T_AUDITEE_ENTITIES_MAPING_COM; DUAL","T_AUDITEE_ENTITIES_MAPING_COM; T_AUDITEE_ENTITIES","T_CURSOR; T_AUDITEE_ENTITIES_MAPING_COM; T_AUDITEE_ENTITIES","True"
"PKG_AD.P_GET_GM_OFFICE","PKG_AD","Confirmed Active","GetGMOffices","AD","T_AUDITEE_ENTITIES","","T_CURSOR; T_AUDITEE_ENTITIES","True"
"PKG_AD.P_GET_RPT_OFFICE","PKG_AD","Confirmed Active","GetReportingOffices","AD","T_AUDITEE_ENTITIES","","T_CURSOR; T_AUDITEE_ENTITIES","True"
"PKG_AD.P_UPDATE_GM_OFFICE_RELATIONSHIP","PKG_AD","Confirmed Active","UpdateGMOffice","AD","DUAL","T_AUDITEE_ENTITIES_MAPING","T_CURSOR; T_AUDITEE_ENTITIES_MAPING","True"
"PKG_AD.P_UPDATE_RPT_OFFICE_RELATIONSHIP","PKG_AD","Confirmed Active","UpdateReportingLine","AD","DUAL","T_AUDITEE_ENTITIES_MAPING","T_CURSOR; T_AUDITEE_ENTITIES_MAPING","True"
"PKG_AD.P_GET_LATEST_PARA_DETAILS","PKG_AD","Confirmed Active","GetAisPostComplianceDetails","AD","AIS_T_AU_POST_COMPLIANCE","","T_CURSOR; AIS_T_AU_POST_COMPLIANCE","True"
"PKG_AD.P_UPDATE_PARA_AIS_POST_COMPLIANCE","PKG_AD","Confirmed Active","UpdateAisPostCompliance","AD","DUAL","AIS_T_AU_POST_COMPLIANCE","T_CURSOR; AIS_T_AU_POST_COMPLIANCE","True"
"PKG_AD.P_GET_AUDIT_EMP","PKG_AD","Confirmed Active","GetAuditEmployees","AD","T_AUDIT_EMP","","T_CURSOR; T_AUDIT_EMP","True"
"PKG_AD.P_UPDATE_AUDIT_EMP","PKG_AD","Confirmed Active","UpdateAuditEmployee","AD","","","","False"
"PKG_AD.P_GET_AUDIT_MANPOWER","PKG_AD","Confirmed Active","GetAuditManpower","AD","T_AUDIT_EMP","","T_CURSOR; T_AUDIT_EMP","True"
"PKG_AD.P_UPDATE_AUDIT_MANPOWER","PKG_AD","Confirmed Active","UpdateAuditManpower","AD","","","","False"
"PKG_AD.P_GET_AUDIT_BUDGET","PKG_AD","Confirmed Active","GetAuditBudget","AD","","","","False"
"PKG_AD.P_UPDATE_AUDIT_BUDGET","PKG_AD","Confirmed Active","UpdateAuditBudget","AD","","","","False"
"PKG_AD.P_GET_HR_RANK","PKG_AD","Confirmed Active","GetHrRanks","AD","V_HR_RANK","","T_CURSOR; V_HR_RANK","True"
"PKG_AD.P_GET_HR_DESIGNATION","PKG_AD","Confirmed Active","GetHrDesignations","AD","V_HR_DESIGNATIONS","","T_CURSOR; V_HR_DESIGNATIONS","True"
"PKG_AD.P_GET_HR_POSTING","PKG_AD","Confirmed Active","GetHrPosting","AD","T_AUDITEE_ENTITIES","","T_CURSOR; T_AUDITEE_ENTITIES","True"
"PKG_AD.P_GET_QUALIFICATION","PKG_AD","Confirmed Active","GetQualifications","AD","V_HR_QUALIFICATIONS","","T_CURSOR; V_HR_QUALIFICATIONS","True"
"PKG_AD.P_GET_QUALIFICATION_SPECIALIZATION","PKG_AD","Confirmed Active","GetQualificationSpecialization","AD","V_HR_QUALIFICATIONS","","T_CURSOR; V_HR_QUALIFICATIONS","True"
"PKG_AD.P_GET_CERTIFICATION","PKG_AD","Confirmed Active","GetCertifications","AD","V_HR_RANK","","T_CURSOR; V_HR_RANK","True"
"PKG_AD.P_GET_GL_HEADS","PKG_AD","Confirmed Active","GetGLHeads","AD","","","","False"
"PKG_AD.P_INSERT_PUBLIC_HOLIDAY","PKG_AD","Confirmed Active","AddPublicHoliday","AD","DATE; TBL_PUBLIC_HOLIDAYS","TBL_PUBLIC_HOLIDAYS","V_YEAR; V_COUNT; TBL_PUBLIC_HOLIDAYS","True"
"PKG_AD.P_GET_PUBLIC_HOLIDAYS","PKG_AD","Confirmed Active","GetAllPublicHolidays","AD","TBL_PUBLIC_HOLIDAYS","","TBL_PUBLIC_HOLIDAYS","True"
"PKG_AD.P_GET_PUBLIC_HOLIDAY_DAY","PKG_AD","Confirmed Active","CheckIfHolidayOrWeekend","AD","TBL_PUBLIC_HOLIDAYS","","TBL_PUBLIC_HOLIDAYS","True"
"PKG_AD.P_GET_VERSION_HISTORY","PKG_AD","Confirmed Active","GetAllVersionHistory","AD","T_IAS_VERSION_HISTORY","","T_IAS_VERSION_HISTORY","True"
"PKG_AD.P_ADD_VERSION_HISTORY","PKG_AD","Confirmed Active","AddVersionHistory","AD","","T_IAS_VERSION_HISTORY; AN","T_IAS_VERSION_HISTORY","True"
"PKG_AD.P_UPDATE_VERSION_HISTORY","PKG_AD","Confirmed Active","UpdateVersionHistory","AD","","T_IAS_VERSION_HISTORY","T_IAS_VERSION_HISTORY","True"
"PKG_AD.P_GET_USER_ENTITIES","PKG_AD","Low-Confidence / Needs Verification","GetUserEntities","AD","T_USER_ENTITIES; T_AUDITEE_ENTITIES; T_GROUPS","","T_USER_ENTITIES; T_AUDITEE_ENTITIES; T_GROUPS","True"
"PKG_AD.P_GET_ROLE_DASHBOARD_PAGES","PKG_AD","Confirmed Active","GetRoleDashboardPages","AdminCatalog","T_ROLE_DASHBOARD_PAGES; T_MENU_PAGES","","T_ROLE_DASHBOARD_PAGES; T_MENU_PAGES","True"
"PKG_AD.P_GET_ROLE_DASHBOARD_CONFIG","PKG_AD","Confirmed Active","GetRoleDashboardConfig","AdminCatalog","T_ROLE_DASHBOARD_PAGES; T_MENU_PAGES","","T_ROLE_DASHBOARD_PAGES; T_MENU_PAGES","True"
"PKG_AD.P_GET_DASHBOARD_QUICK_LINKS","PKG_AD","Confirmed Active","GetDashboardQuickLinks","AdminCatalog","T_ROLE_DASHBOARD_PAGES; T_MENU_PAGES; T_USER_GROUP_MAP","","V_COUNT; T_ROLE_DASHBOARD_PAGES; T_MENU_PAGES; T_USER_GROUP_MAP","True"
"PKG_AD.P_MAINT_ROLE_DASHBOARD_PAGE","PKG_AD","Confirmed Active","MaintainRoleDashboardPage","AdminCatalog","","T_ROLE_DASHBOARD_PAGES","T_ROLE_DASHBOARD_PAGES","True"
"PKG_AD.P_GET_API_MASTER","PKG_AD","Confirmed Active","GetApiMasterList","AdminCatalog","T_AU_API_MASTER","","T_AU_API_MASTER","True"
"PKG_AD.P_GET_ALL_CONTROLLER","PKG_AD","Confirmed Active","GetApiMasterControllerNames","AdminCatalog","T_AU_API_MASTER","","T_AU_API_MASTER","True"
"PKG_AD.P_CHECK_API_UNIQUE","PKG_AD","Confirmed Active","ApiPathExists","AdminCatalog","T_AU_API_MASTER","","T_AU_API_MASTER","True"
"PKG_AD.P_MAINT_API_MASTER","PKG_AD","Confirmed Active","MaintainApiMaster","AdminCatalog","","T_AU_API_MASTER","T_AU_API_MASTER","True"
"PKG_AE.P_GETCOSORISKS","PKG_AE","Confirmed Active","GetCOSORisks","AE","T_COSO_RISK","","T_CURSOR; T_COSO_RISK","True"
"PKG_AE.P_GETASSIGNEDOBSERVATIONS","PKG_AE","Confirmed Active","GetAssignedObservations","AE","T_AU_OBSERVATION_ASSIGNEDTO; T_AU_OBSERVATION; T_AU_OBSERVATION_STATUS; T_AU_PLAN_ENG; T_AU_PERIOD; T_AUDITEE_ENTITIES; T_AU_OBSERVATIONS_AUDITEE_RESPONSE; T_AU_OBSERVATION_TEXT","","T_CURSOR; T_AU_OBSERVATION_ASSIGNEDTO; T_AU_OBSERVATION; T_AU_OBSERVATION_STATUS; T_AU_PLAN_ENG; T_AU_PERIOD; T_AUDITEE_ENTITIES; T_AU_OBSERVATIONS_AUDITEE_RESPONSE; T_AU_OBSERVATION_TEXT","True"
"PKG_AE.P_GETASSIGNEDOBSERVATIONSFORBRANCH","PKG_AE","Low-Confidence / Needs Verification","GetAssignedObservationsForBranch","AE","T_AU_OBSERVATION_ASSIGNEDTO; T_AU_OBSERVATION; T_AU_OBSERVATION_TEXT; T_AU_OBSERVATION_STATUS; T_AUDITEE_ENTITIES; T_CONTROL_VIOLATION; T_CONTROL_VIOLATION_SUB; T_AU_PLAN_ENG; T_AU_PERIOD; T_AU_OBSERVATIONS_AUDITEE_RESPONSE","","T_CURSOR; V_NAME; T_AU_OBSERVATION_ASSIGNEDTO; T_AU_OBSERVATION; T_AU_OBSERVATION_TEXT; T_AU_OBSERVATION_STATUS; T_AUDITEE_ENTITIES; T_CONTROL_VIOLATION; V_CAT_ID; T_CONTROL_VIOLATION_SUB; V_CAT_NATURE_ID; T_AU_PLAN_ENG; T_AU_PERIOD; T_AU_OBSERVATIONS_AUDITEE_RESPONSE","True"
"PKG_AE.P_GETOBSERVATIONTEXT","PKG_AE","Confirmed Active","GetObservationText","AE","T_AU_ACTIVITY_LOG; T_AU_OBSERVATION_TEXT; T_AU_OBSERVATION","T_AU_ACTIVITY_LOG","T_CURSOR; T_AU_ACTIVITY_LOG; T_AU_OBSERVATION_TEXT; T_AU_OBSERVATION","True"
"PKG_AR.P_GETOBSERVATIONSAUDITEERESPONSE","PKG_AR","Confirmed Active","GetObservationText","AE","T_AU_OBSERVATIONS_AUDITEE_RESPONSE","","T_CURSOR; T_AU_OBSERVATIONS_AUDITEE_RESPONSE","True"
"PKG_AR.P_GET_AUDITEE_OBSERVATION_RESPONSE_EVIDENCES","PKG_AR","Confirmed Active","GetObservationText","AE","T_AU_OBSERVATIONS_AUDITEE_EVIDENCES","","T_AU_OBSERVATIONS_AUDITEE_EVIDENCES; T_CURSOR","True"
"PKG_AE.P_GETOBSERVATIONRESPONSIBLE","PKG_AE","Confirmed Active","GetObservationPrintResponsibilities; GetObservationResponsiblePPNOs","AE; ObservationPdf","V_GET_AUDITEE_PP_RESPONSIBILITY; V_SERVICE_EMPLOYEEINFO","","T_CURSOR; V_GET_AUDITEE_PP_RESPONSIBILITY; V_SERVICE_EMPLOYEEINFO","True"
"PKG_AE.P_GETPARACOMPLIANCERESPONSIBLE","PKG_AE","Likely Active","GetOldParasObservationResponsiblePPNOs","AE","V_GET_AUDITEE_PP_RESPONSIBILITY; V_SERVICE_EMPLOYEEINFO","","T_CURSOR; V_GET_AUDITEE_PP_RESPONSIBILITY; V_SERVICE_EMPLOYEEINFO","True"
"PKG_AE.P_GETPOSTAUDITCOMPLIANCE_EVIDENCE","PKG_AE","Likely Active","GetOldParasEvidences; GetOldParasEvidencesTEMP","AE","AIS_T_AU_POST_COMPLIANCE_EVIDENCE","","T_CURSOR; AIS_T_AU_POST_COMPLIANCE_EVIDENCE","True"
"PKG_AE.P_AUDITEE_OBSERVATION_RESPONSE","PKG_AE","Confirmed Active","ResponseAuditObservation","AE","T_AU_ACTIVITY_LOG; T_AU_OBSERVATIONS_AUDITEE_RESPONSE","T_AU_ACTIVITY_LOG; T_AU_OBSERVATIONS_AUDITEE_RESPONSE; T_AU_OBSERVATION_ASSIGNEDTO; T_AU_OBSERVATION","T_CURSOR; T_AU_ACTIVITY_LOG; T_AU_OBSERVATIONS_AUDITEE_RESPONSE; T_AU_OBSERVATION_ASSIGNEDTO; T_AU_OBSERVATION","True"
"PKG_AE.P_AUDITEE_OBSERVATION_RESPONSE_EVIDENCES","PKG_AE","Confirmed Active","ResponseAuditObservation","AE","T_AU_OBSERVATIONS_AUDITEE_EVIDENCES; HERE","T_AU_OBSERVATIONS_AUDITEE_EVIDENCES","T_AU_OBSERVATIONS_AUDITEE_EVIDENCES","True"
"PKG_AE.P_GETAUDITEEOLDPARASENTITIESFAD","PKG_AE","Likely Active","GetAuditeeOldParasEntities","AE","T_AU_ACTIVITY_LOG; V_GET_P_GETAUDITEEOLDPARASENTITIESFAD","T_AU_ACTIVITY_LOG","T_CURSOR; T_AU_ACTIVITY_LOG; V_GET_P_GETAUDITEEOLDPARASENTITIESFAD","True"
"PKG_AE.P_GETAUDITEEOLDPARAS","PKG_AE","Confirmed Active","GetAuditeeOldParas","AE","T_AU_ACTIVITY_LOG; T_AU_OBSERVATION_OLD_CAD_PARAS; T_AUDITEE_ENTITIES; T_CONTROL_VIOLATION; T_CONTROL_VIOLATION_SUB; T_COSO_RISK","T_AU_ACTIVITY_LOG","T_CURSOR; T_AU_ACTIVITY_LOG; V_NAME; T_AU_OBSERVATION_OLD_CAD_PARAS; T_AUDITEE_ENTITIES; T_CONTROL_VIOLATION; V_CAT_ID; T_CONTROL_VIOLATION_SUB; V_CAT_NATURE_ID; T_COSO_RISK","True"
"PKG_AE.P_GETOLDPARAMANAGEMENT","PKG_AE","Confirmed Active","GetOldParasManagement","AE","","","","False"
"PKG_AE.P_UPDATEOLDPARAMANAGEMENT","PKG_AE","Confirmed Active","AddOldParasCADReply","AE","T_AU_REMARKS; T_AU_OBSERVATION_OLD_CAD_PARAS_TEXT","T_AU_OBSERVATION_OLD_CAD_PARAS; T_AU_OBSERVATION_OLD_CAD_PARAS_TEXT","T_CURSOR; T_AU_REMARKS; T_AU_OBSERVATION_OLD_CAD_PARAS; V_CAT_ID; V_CAT_NATURE_ID; T_AU_OBSERVATION_OLD_CAD_PARAS_TEXT","True"
"PKG_AE.P_UPDATEAUDITEEOLDPARASRESPONSE","PKG_AE","Confirmed Active","AddOldParasCADCompliance","AE","T_AU_OBSERVATION_OLD_CAD_PARAS_RESPONSE; T_AU_REMARKS","T_AU_OBSERVATION_OLD_CAD_PARAS_RESPONSE; T_AU_OBSERVATION_OLD_CAD_PARAS","T_CURSOR; V_F; T_AU_OBSERVATION_OLD_CAD_PARAS_RESPONSE; T_AU_OBSERVATION_OLD_CAD_PARAS; T_AU_REMARKS","True"
"PKG_AE.P_GETAUDITEEASSIGNEDENTITIES","PKG_AE","Confirmed Active","GetAuditeeAssignedEntities","AE","T_AU_OBSERVATION; T_AU_PLAN_ENG; T_AUDITEE_ENTITIES; T_AU_PERIOD; T_AU_OBSERVATION_ASSIGNEDTO","","T_CURSOR; T_AU_OBSERVATION; T_AU_PLAN_ENG; T_AUDITEE_ENTITIES; T_AU_PERIOD; T_AU_OBSERVATION_ASSIGNEDTO","True"
"PKG_AE.P_GETCCQSENTITIES","PKG_AE","Confirmed Active","GetCCQsEntities","AE","T_AU_CCQ; T_AUDITEE_ENTITIES; T_USER","","T_CURSOR; T_AU_CCQ; T_AUDITEE_ENTITIES; T_USER","True"
"PKG_AE.P_GETPARASFORCOMPLIANCEBYAUDITEE","PKG_AE","Confirmed Active","GetParasForComplianceByAuditee","AE","V_GET_AIS_POST_COMPLIANCE; T_AUDITEE_ENTITIES_MAPING; T_AUDITEE_ENTITIES_MAPING_COM","","T_CURSOR; V_GET_AIS_POST_COMPLIANCE; T_AUDITEE_ENTITIES_MAPING; T_AUDITEE_ENTITIES_MAPING_COM","True"
"PKG_AE.P_GETPARASFORCOMPLIANCEREVIEW ","PKG_AE","Confirmed Active","GetParasForReviewComplianceByAuditee","AE","","","","False"
"PKG_AE.P_GETPARASFORCOMPLIANCEBYAUDITEE_TEXT","PKG_AE","Confirmed Active","GetParaComplianceText","AE","T_AU_OLD_PARAS_FAD; T_AU_OLD_PARAS_FAD_TEXT; T_AU_OBSERVATION; T_AU_OBSERVATION_TEXT; T_AU_OBSERVATION_OLD_CAD_PARAS; T_AU_OBSERVATION_OLD_CAD_PARAS_TEXT","","T_CURSOR; T_AU_OLD_PARAS_FAD; T_AU_OLD_PARAS_FAD_TEXT; T_AU_OBSERVATION; T_AU_OBSERVATION_TEXT; T_AU_OBSERVATION_OLD_CAD_PARAS; T_AU_OBSERVATION_OLD_CAD_PARAS_TEXT","True"
"PKG_AE.P_GETPARASFORCOMPLIANCEFORHISTORY","PKG_AE","Confirmed Active","GetOldParasComplianceCycleText","AE","AIS_T_AU_POST_COMPLIANCE_TEXT; AIS_T_AU_POST_COMPLIANCE; T_AU_OBSERVATION_FAD; T_AU_OBSERVATION_TEXT; T_AU_OLD_PARAS_FAD_TEXT; T_AU_OBSERVATION_OLD_CAD_PARAS_TEXT","","T_CURSOR; AIS_T_AU_POST_COMPLIANCE_TEXT; AIS_T_AU_POST_COMPLIANCE; T_AU_OBSERVATION_FAD; T_AU_OBSERVATION_TEXT; T_AU_OLD_PARAS_FAD_TEXT; T_AU_OBSERVATION_OLD_CAD_PARAS_TEXT","True"
"PKG_AE.P_GETPOSTAUDITCOMPLIANCE_EVIDENCE_FILEDATA","PKG_AE","Confirmed Active","GetPostComplianceEvidenceData","AE","AIS_T_AU_POST_COMPLIANCE_EVIDENCE","","T_CURSOR; AIS_T_AU_POST_COMPLIANCE_EVIDENCE","True"
"PKG_AE.P_GETPOSTAUDITCOMPLIANCE_EVIDENCE_FILEDATA_CAU","PKG_AE","Confirmed Active","GetCAUParasPostComplianceEvidenceData","AE","AIS_T_AU_POST_COMPLIANCE_EVIDENCE_CAU","","T_CURSOR; AIS_T_AU_POST_COMPLIANCE_EVIDENCE_CAU","True"
"PKG_AE.P_GETAUDITEEOLDPARASFADTEXT_REF","PKG_AE","Confirmed Active","GetOldParasBranchComplianceTextRef","AE","","","","False"
"PKG_AE.P_GETAUDITEEOLDPARASFADTEXT_REVIEWER","PKG_AE","Confirmed Active","GetOldParasBranchComplianceTextForZone","AE","","","","False"
"PKG_AE.P_GETAUDITEEOLDPARASFADTEXT_REVIEWER_REF","PKG_AE","Confirmed Active","GetOldParasBranchComplianceTextForZoneRef","AE","","","","False"
"PKG_AE.P_SUBMITPOSTAUDITCOMPLIANCE","PKG_AE","Confirmed Active","SubmitPostAuditCompliance","AE","V_GET_AIS_POST_COMPLIANCE; T_AUDITEE_ENTITIES_MAPING; T_AUDITEE_ENTITIES_MAPING_COM; T_AU_OBSERVATION_OLD_CAD_PARAS; T_AUDITEE_ENTITIES; T_AUDITEE_ENT_TYPES; T_USER; T_USER_MAPING; T_AU_ACTIVITY_LOG; AIS_T_AU_POST_COMPLIANCE_TEXT; AIS_T_AU_POST_COMPLIANCE_HISTORY; T_GROUPS; DUAL","T_AU_ACTIVITY_LOG; AIS_T_AU_POST_COMPLIANCE; AIS_T_AU_POST_COMPLIANCE_TEXT; AIS_T_AU_POST_COMPLIANCE_HISTORY","T_CURSOR; V_GET_AIS_POST_COMPLIANCE; T_AUDITEE_ENTITIES_MAPING; T_AUDITEE_ENTITIES_MAPING_COM; V_F; T_AU_OBSERVATION_OLD_CAD_PARAS; T_AUDITEE_ENTITIES; T_AUDITEE_ENT_TYPES; T_USER; T_USER_MAPING; T_AU_ACTIVITY_LOG; AIS_T_AU_POST_COMPLIANCE; AIS_T_AU_POST_COMPLIANCE_TEXT; AIS_T_AU_POST_COMPLIANCE_HISTORY; T_GROUPS","True"
"PKG_AE.P_SUBMITPOSTAUDITCOMPLIANCE_EVIDENCE","PKG_AE","Confirmed Active","SubmitPostAuditCompliance","AE","AIS_T_AU_POST_COMPLIANCE_TEXT; AIS_T_AU_POST_COMPLIANCE_EVIDENCE","AIS_T_AU_POST_COMPLIANCE_EVIDENCE_ARCHIVE; AIS_T_AU_POST_COMPLIANCE_EVIDENCE","AIS_T_AU_POST_COMPLIANCE_TEXT; AIS_T_AU_POST_COMPLIANCE_EVIDENCE_ARCHIVE; AIS_T_AU_POST_COMPLIANCE_EVIDENCE","True"
"PKG_AE.P_SUBMITPOSTAUDITCOMPLIANCE_REVIEW","PKG_AE","Confirmed Active","SubmitPostAuditComplianceReview","AE","V_GET_AIS_POST_COMPLIANCE; T_AUDITEE_ENTITIES_MAPING; T_AUDITEE_ENTITIES; T_AUDITEE_ENTITIES_MAPING_COM; T_AU_OBSERVATION_OLD_CAD_PARAS; T_AUDITEE_ENT_TYPES; T_USER; T_USER_MAPING; T_AU_ACTIVITY_LOG; AIS_T_AU_POST_COMPLIANCE_HISTORY; T_GROUPS; DUAL","T_AU_ACTIVITY_LOG; AIS_T_AU_POST_COMPLIANCE; T_AU_OBSERVATION; T_AU_OLD_PARAS_FAD; T_AU_OBSERVATION_OLD_CAD_PARAS; AIS_T_AU_POST_COMPLIANCE_HISTORY","T_CURSOR; V_GET_AIS_POST_COMPLIANCE; T_AUDITEE_ENTITIES_MAPING; T_AUDITEE_ENTITIES; T_AUDITEE_ENTITIES_MAPING_COM; T_AU_OBSERVATION_OLD_CAD_PARAS; T_AUDITEE_ENT_TYPES; T_USER; T_USER_MAPING; T_AU_ACTIVITY_LOG; AIS_T_AU_POST_COMPLIANCE; T_AU_OBSERVATION; T_AU_OLD_PARAS_FAD; AIS_T_AU_POST_COMPLIANCE_HISTORY; T_GROUPS","True"
"PKG_AE.P_GETOLDPARASFORREVIEWER","PKG_AE","Confirmed Active","GetOldParasForReviewer","AE","","","","False"
"PKG_AE.P_GETOLDPARASFORREVIEWER_REF","PKG_AE","Confirmed Active","GetOldParasForReviewerRef","AE","","","","False"
"PKG_AE.P_ADDOLDPARASREVIEWER","PKG_AE","Confirmed Active","AddOldParasComplianceReviewer","AE","","","","False"
"PKG_AE.P_ADDOLDPARASREPLY","PKG_AE","Confirmed Active","AddOldParasReply","AE","","","","False"
"PKG_AE.P_GETAUDITEEALLPARASFAD","PKG_AE","Confirmed Active","GetOldParasBranchComplianceTextupdate","AE","T_AU_ACTIVITY_LOG; T_AU_OLD_PARAS_FAD; T_AUDITEE_ENTITIES; V_GET_P_GETAUDITEEOLDPARASFAD_REF","T_AU_ACTIVITY_LOG","T_CURSOR; T_AU_ACTIVITY_LOG; T_AU_OLD_PARAS_FAD; T_AUDITEE_ENTITIES; V_GET_P_GETAUDITEEOLDPARASFAD_REF","True"
"PKG_AE.P_GET_V_AUDITEE_PARAS_COMPLIANCE_HISTORY_AUDITEE_TEXT","PKG_AE","Confirmed Active","GetComplianceTextAuditee","AE","","","","False"
"PKG_AE.P_GET_V_AUDITEE_PARAS_COMPLIANCE_HISTORY_NUM_AUDITEE","PKG_AE","Low-Confidence / Needs Verification","GetComplianceHistoryCountAuditee","AE","","","","False"
"PKG_AE.P_GETPARASFORCOMPLIANCEHISTORY","PKG_AE","Confirmed Active","GetComplianceHistory","AE","AIS_T_AU_POST_COMPLIANCE_HISTORY; V_SERVICE_EMPLOYEEINFO","","T_CURSOR; AIS_T_AU_POST_COMPLIANCE_HISTORY; V_SERVICE_EMPLOYEEINFO","True"
"PKG_AE.P_GETPARASFORCOMPLIANCEBYCAU","PKG_AE","Confirmed Active","GetCAUParasForPostCompliance","AE","AIS_T_AU_POST_COMPLIANCE; T_AUDITEE_ENTITIES_MAPING","","T_CURSOR; AIS_T_AU_POST_COMPLIANCE; T_AUDITEE_ENTITIES_MAPING","True"
"PKG_AE.P_GETREALTIONSHIPTYPEFORCAU","PKG_AE","Confirmed Active","GetrealtionshiptypeForCAU","AE","T_AUDITEE_ENT_RELATION","","T_CURSOR; T_AUDITEE_ENT_RELATION","True"
"PKG_AE.P_GETPARENTREPOFFICEFORCAU","PKG_AE","Confirmed Active","GetParentRelationshipForCAU","AE","T_AUDITEE_ENTITIES; T_AUDITEE_ENT_RELATION","","T_CURSOR; T_AUDITEE_ENTITIES; T_AUDITEE_ENT_RELATION; T_AUDITEE_ENT_TYPES; V_GET_PARENT_OFFICE","True"
"PKG_AE.P_GETCHILDPOSTINGFORCAU","PKG_AE","Confirmed Active","GetChildRelationshipForCAU","AE","V_GET_PARENT_OFFICE; T_AUDITEE_ENT_TYPES","","T_CURSOR; V_GET_PARENT_OFFICE; T_AUDITEE_ENT_TYPES","True"
"PKG_AE.P_FORWARD_CAU_PARA_TO_BRANCH","PKG_AE","Confirmed Active","SubmitCAUParaToBranch","AE","T_AUDITEE_ENTITIES; T_USER; T_USER_MAPING; T_AU_ACTIVITY_LOG; AIS_T_AU_POST_COMPLIANCE_TEXT_CAU; DUAL","T_AU_ACTIVITY_LOG; AIS_T_AU_POST_COMPLIANCE; AIS_T_AU_POST_COMPLIANCE_TEXT_CAU","T_CURSOR; T_F; T_AUDITEE_ENTITIES; T_USER; T_USER_MAPING; T_AU_ACTIVITY_LOG; AIS_T_AU_POST_COMPLIANCE; AIS_T_AU_POST_COMPLIANCE_TEXT_CAU","True"
"PKG_AE.P_GETPARASFORCOMPLIANCE_CAU_PARA_TEXT","PKG_AE","Confirmed Active","GetCAUParaToBranchParaText","AE","AIS_T_AU_POST_COMPLIANCE; AIS_T_AU_POST_COMPLIANCE_TEXT_CAU; T_AU_OLD_PARAS_FAD; T_AU_OLD_PARAS_FAD_TEXT; T_AU_OBSERVATION_TEXT","","T_CURSOR; AIS_T_AU_POST_COMPLIANCE; AIS_T_AU_POST_COMPLIANCE_TEXT_CAU; T_AU_OLD_PARAS_FAD; T_AU_OLD_PARAS_FAD_TEXT; T_AU_OBSERVATION_TEXT","True"
"PKG_AE.P_GETPARASFORCOMPLIANCEBYCAU_BY_BRANCH","PKG_AE","Confirmed Active","GetCAUParasForPostComplianceSubmittedToBranch","AE","AIS_T_AU_POST_COMPLIANCE; T_AUDITEE_ENTITIES; AIS_T_AU_POST_COMPLIANCE_TEXT_CAU","","T_CURSOR; AIS_T_AU_POST_COMPLIANCE; T_AUDITEE_ENTITIES; AIS_T_AU_POST_COMPLIANCE_TEXT_CAU","True"
"PKG_AE.P_SUBMITPOSTAUDITCOMPLIANCE_BY_BRANCH","PKG_AE","Confirmed Active","SubmitCAUParaByBranch","AE","T_USER; T_USER_MAPING; T_AU_ACTIVITY_LOG; DUAL","T_AU_ACTIVITY_LOG; AIS_T_AU_POST_COMPLIANCE; AIS_T_AU_POST_COMPLIANCE_TEXT_CAU","T_ID; T_CURSOR; T_USER; T_USER_MAPING; T_AU_ACTIVITY_LOG; AIS_T_AU_POST_COMPLIANCE; AIS_T_AU_POST_COMPLIANCE_TEXT_CAU","True"
"PKG_AE.P_SUBMITPOSTAUDITCOMPLIANCE_EVIDENCE_BY_BRANCH","PKG_AE","Confirmed Active","SubmitCAUParaByBranch","AE","AIS_T_AU_POST_COMPLIANCE_EVIDENCE_CAU; AIS_T_AU_POST_COMPLIANCE_TEXT","AIS_T_AU_POST_COMPLIANCE_EVIDENCE_CAU","AIS_T_AU_POST_COMPLIANCE_EVIDENCE_CAU; AIS_T_AU_POST_COMPLIANCE_TEXT","True"
"PKG_AE.P_GETPARASFORCOMPLIANCEBYCAU_FOR_REVIEW","PKG_AE","Confirmed Active","GetCAUParasForPostComplianceForReview","AE","AIS_T_AU_POST_COMPLIANCE","","T_CURSOR; AIS_T_AU_POST_COMPLIANCE","True"
"PKG_AE.P_GETALLCOMPLIANCE_EVIDENCE_CAU","PKG_AE","Confirmed Active","GetCAUAllComplianceEvidence","AE","AIS_T_AU_POST_COMPLIANCE_EVIDENCE_CAU","","T_CURSOR; AIS_T_AU_POST_COMPLIANCE_EVIDENCE_CAU","True"
"PKG_AR.P_GET_AUDITEE_SUBMISSION_LIST","PKG_AR","Confirmed Active","GetAuditEntitiesForOtherEntitySelection","AR","T_AUDITEE_ENTITIES","","T_CURSOR; T_AUDITEE_ENTITIES","True"
"PKG_AR.P_GETRISKGROUP","PKG_AR","Confirmed Active","GetRiskGroup","AR","T_R_GROUP","","T_CURSOR; T_R_GROUP","True"
"PKG_AR.P_GETRISKSUBGROUP","PKG_AR","Confirmed Active","GetRiskSubGroup","AR","T_R_SUB_GROUP; T_R_GROUP","","T_CURSOR; T_R_SUB_GROUP; T_R_GROUP","True"
"PKG_AR.P_GETRISKACTIVITIES","PKG_AR","Confirmed Active","GetRiskActivities","AR","T_R_ACTIVITY; T_R_SUB_GROUP","","T_CURSOR; T_R_ACTIVITY; T_R_SUB_GROUP","True"
"PKG_AR.P_GETAUDITVOILATIONCATS","PKG_AR","Confirmed Active","GetAuditVoilationcats","AR","T_CONTROL_VIOLATION","","T_CURSOR; T_CONTROL_VIOLATION","True"
"PKG_AR.P_GETVOILATIONSUBGROUP","PKG_AR","Confirmed Active","GetVoilationSubGroup","AR","T_CONTROL_VIOLATION; T_CONTROL_VIOLATION_SUB","","T_CURSOR; T_CONTROL_VIOLATION; T_CONTROL_VIOLATION_SUB; V_ID","True"
"PKG_AR.P_GETTASKLIST","PKG_AR","Confirmed Active","GetTaskList","AR","T_AU_AUDIT_TEAM_TASKLIST; T_AU_AUDIT_TEAMS; T_AU_AUDIT_TEAM_TASKLIST_STATUS; T_AU_TEAM_MEMBERS; T_AU_PLAN_ENG; T_AUDITEE_ENTITIES; T_AUDITEE_ENT_TYPES; T_AU_AUDIT_JOINING; T_AU_PERIOD; T_AUDITEE_ENTITIES_MAPING","","T_CURSOR; T_NAME; T_AU_AUDIT_TEAM_TASKLIST; T_AU_AUDIT_TEAMS; T_AU_AUDIT_TEAM_TASKLIST_STATUS; T_AU_TEAM_MEMBERS; T_ID; T_AU_PLAN_ENG; T_AUDITEE_ENTITIES; T_AUDITEE_ENT_TYPES; T_AU_AUDIT_JOINING; T_AU_PERIOD; T_AUDITEE_ENTITIES_MAPING","True"
"PKG_AR.P_GETJOININGDETAILS","PKG_AR","Confirmed Active","GetJoiningDetails","AR","T_AU_AUDIT_TEAM_TASKLIST; T_AU_PLAN_ENG; T_AU_PLAN; T_AUDITEE_ENTITIES; T_AU_PERIOD; T_AU_TEAM_MEMBERS; T_AU_AUDIT_TEAMS; T_RISK; T_AUDITEE_ENTITIES_SIZE_DISC","","T_CURSOR; T_AU_AUDIT_TEAM_TASKLIST; T_AU_PLAN_ENG; T_AU_PLAN; T_AUDITEE_ENTITIES; T_AU_PERIOD; T_AU_TEAM_MEMBERS; T_AU_AUDIT_TEAMS; T_ID; T_RISK; T_AUDITEE_ENTITIES_SIZE_DISC","True"
"PKG_AR.P_ADDJOININGREPORT","PKG_AR","Confirmed Active","AddJoiningReport","AR","T_AU_PLAN_ENG; T_AU_AUDIT_TEAMS; T_AU_TEAM_MEMBERS; T_AU_AUDIT_TEAM_TASKLIST; T_AU_ACTIVITY_LOG; DUAL; T_AUDITEE_ENTITIES; T_AU_AUDIT_JOINING","T_AU_ACTIVITY_LOG; JOINING; T_AU_AUDIT_JOINING; T_AU_AUDIT_TEAM_TASKLIST; AUDITEE; T_AUDITEE_ENTITIES","T_CURSOR; V_AUD_ENT_ID; V_IS_TEAMLEAD; V_PREV_LOG_ID; V_NEW_LOG_ID; V_JOINING_ID; V_ENTITY_TYPE; V_PLAN_ENDDATE; V_PENDING_CNT; V_EXISTING_JOIN; V_IS_SPECIAL_TYPE; V_NEXT_STATUS; V_EMAIL_TO; V_EMAIL_CC; V_AUDITEE_NAME; V_TEAM_LEAD_LINE; V_TEAM_MEMBERS; V_TEAM_ID; V_TEAM_COUNT; V_REMARKS; V_EMAIL_FLAG; V_TO_EMAIL; V_CC_EMAIL; V_OUT_NAME; V_TEAM; V_TEAM_LEAD; V_TEAM_MEMBERSO; V_ERRMSG; T_AU_PLAN_ENG; T_AU_AUDIT_TEAMS; T_AU_TEAM_MEMBERS; T_ID; T_AU_AUDIT_TEAM_TASKLIST; T_AU_ACTIVITY_LOG; T_AUDITEE_ENTITIES; T_AU_AUDIT_JOINING","True"
"PKG_AR.P_GETAUDITCHECKLIST","PKG_AR","Confirmed Active","GetAuditChecklist","AR","T_AUDIT_CHECKLIST; T_AUDITEE_ENT_TYPES","","T_CURSOR; T_AUDIT_CHECKLIST; T_AUDITEE_ENT_TYPES; T_ID","True"
"PKG_AR.P_GETAUDITCHECKLISTCAD","PKG_AR","Confirmed Active","GetAuditChecklistCAD","AR","T_AUDIT_CHECKLIST","","T_CURSOR; T_AUDIT_CHECKLIST; T_ID","True"
"PKG_AR.P_GETAUDITCHECKLISTSUB","PKG_AR","Confirmed Active","GetAuditChecklistSub","AR","T_AUDIT_CHECKLIST_SUB; T_AUDIT_CHECKLIST; T_AUDITEE_ENT_TYPES","","T_CURSOR; T_NAME; T_AUDIT_CHECKLIST_SUB; T_AUDIT_CHECKLIST; T_ID; T_AUDITEE_ENT_TYPES","True"
"PKG_AR.P_GETAUDITCHECKLISTDETAILS","PKG_AR","Confirmed Active","GetAuditChecklistDetails","AR","T_AUDIT_CHECKLIST_DETAILS; T_AUDIT_CHECKLIST_SUB; T_R_SUB_GROUP; T_RISK","","T_CURSOR; V_NAME; T_AUDIT_CHECKLIST_DETAILS; T_AUDIT_CHECKLIST_SUB; T_R_SUB_GROUP; V_ID; T_RISK","True"
"PKG_AR.P_SAVEAUDITOBSERVATION","PKG_AR","Confirmed Active","SaveAuditObservation","AR","T_AU_OBSERVATION; T_AUDIT_CHECKLIST_DETAILS; T_AUDIT_CHECKLIST_SUB; T_AU_PLAN_ENG; T_AUDITEE_ENT_TYPES; T_AU_ACTIVITY_LOG; T_AU_OBSERVATION_TEXT; T_AU_REMARKS","T_AU_ACTIVITY_LOG; T_AU_OBSERVATION; T_AU_OBSERVATION_TEXT; T_AUDITEE_CHECKKLIST","T_AU_OBSERVATION; V_CAT_ID; V_CAT_NATURE_ID; T_AU_OBSERVATION_TEXT; T_CURSOR; T_AUDIT_CHECKLIST_DETAILS; T_ID; T_AUDIT_CHECKLIST_SUB; T_AU_PLAN_ENG; T_AUDITEE_ENT_TYPES; T_AU_ACTIVITY_LOG; T_AUDITEE_CHECKKLIST; T_AU_REMARKS","True"
"PKG_AR.P_RESPONIBILITYASSIGNED","PKG_AR","Confirmed Active","AddInitialResponsibilityAssignment; SaveAuditObservation; SaveAuditObservationCAU","AR","T_AU_OBSERVATION_RESPONIBILITY_ASSIGNED; DUAL","T_AU_OBSERVATION_RESPONIBILITY_ASSIGNED; T_AU_RESPONSIBILITY_LOG","T_CURSOR; V_NEW_ID; V_ERR_MSG; T_AU_OBSERVATION_RESPONIBILITY_ASSIGNED; T_AU_RESPONSIBILITY_LOG","True"
"PKG_AR.P_SAVEAUDITOBSERVATIONCAD","PKG_AR","Confirmed Active","SaveAuditObservationCAU","AR","T_AU_OBSERVATION; T_AU_ACTIVITY_LOG; T_AU_PLAN_ENG; T_AUDITEE_ENTITIES; T_AUDIT_CHECKLIST_DETAILS; T_AUDIT_CHECKLIST_SUB; T_AU_OBSERVATION_TEXT; T_AU_REMARKS","T_AU_ACTIVITY_LOG; T_AU_OBSERVATION; T_AU_OBSERVATION_TEXT","T_AU_OBSERVATION; T_AU_OBSERVATION_TEXT; T_CURSOR; V_F; M_F; T_F; T_AU_ACTIVITY_LOG; T_AU_PLAN_ENG; T_AUDITEE_ENTITIES; T_AUDIT_CHECKLIST_DETAILS; T_ID; T_AUDIT_CHECKLIST_SUB; V_CAT_ID; V_CAT_NATURE_ID; T_AU_REMARKS","True"
"PKG_AR.P_SETENGIDONHOLD","PKG_AR","Likely Active","SetEngIdOnHold","AR","","T_AU_AUDIT_JOINING; T_AU_PLAN_ENG","T_AU_AUDIT_JOINING; T_AU_PLAN_ENG","True"
"PKG_AR.P_GETLATESTAUDITORRESPONSE","PKG_AR","Likely Active","GetLatestAuditorResponse","AR","T_AU_OBSERVATIONS_AUDITOR_RECOMMENDATION","","T_CURSOR; T_AU_OBSERVATIONS_AUDITOR_RECOMMENDATION","True"
"PKG_AR.P_GETLATESTDEPARTMENTALHEADRESPONSE","PKG_AR","Likely Active","GetLatestDepartmentalHeadResponse","AR","T_AU_OBSERVATIONS_AUDITOR_REPLY","","T_CURSOR; T_AU_OBSERVATIONS_AUDITOR_REPLY","True"
"PKG_AR.P_GETLATESTAUDITEERESPONSE","PKG_AR","Confirmed Active","GetLatestAuditeeResponse","AR","T_AU_OBSERVATIONS_AUDITEE_RESPONSE","","T_CURSOR; T_AU_OBSERVATIONS_AUDITEE_RESPONSE","True"
"PKG_AR.P_GET_DETAILS_FOR_MANAGE_OBSERVATIONS_SUMMARY","PKG_AR","Confirmed Active","GetManagedObservationsSummaryForSelectedEntity","AR","V_GET_P_GET_DETAILS_FOR_MANAGE_OBSERVATIONS_SUMMARY","","T_CURSOR; V_GET_P_GET_DETAILS_FOR_MANAGE_OBSERVATIONS_SUMMARY","True"
"PKG_AR.P_GET_DETAILS_FOR_MANAGE_OBSERVATIONS","PKG_AR","Confirmed Active","GetManagedObservationsForSelectedEntity","AR","T_AU_PLAN_ENG; T_AU_OBSERVATION; T_AU_OBSERVATION_TEXT; T_AUDITEE_ENT_TYPES; T_AUDITEE_ENTITIES; T_AU_OBSERVATION_STATUS","","T_CURSOR; T_IND; T_AU_PLAN_ENG; T_AU_OBSERVATION; T_AU_OBSERVATION_TEXT; T_AUDITEE_ENT_TYPES; T_AUDITEE_ENTITIES; T_AU_OBSERVATION_STATUS","True"
"PKG_AR.P_UPDATE_AUDIT_PARAS","PKG_AR","Confirmed Active","UpdateAuditObservationStatus","AR","DUAL","T_AU_OBSERVATION_UPDATED_REFERENCE","T_CURSOR; T_AU_OBSERVATION_UPDATED_REFERENCE","True"
"PKG_AR.P_AUTHORIZE_UPDATE_AUDIT_PARAS","PKG_AR","Confirmed Active","AuthorizedAuditObservationStatus; ReferredBackAuditObservationStatus","AR","","","T_CURSOR","True"
"PKG_AR.P_GETMANAGEDOBSERVATIONS","PKG_AR","Confirmed Active","GetManagedObservations","AR","T_AU_OBSERVATION; T_AU_PLAN_ENG; T_AUDITEE_ENTITIES; T_CONTROL_VIOLATION; T_CONTROL_VIOLATION_SUB; T_RISK; T_AU_OBSERVATION_STATUS; T_AU_PERIOD; T_AU_OBSERVATION_TEXT","","T_CURSOR; V_NAME; T_AU_OBSERVATION; T_AU_PLAN_ENG; T_AUDITEE_ENTITIES; T_CONTROL_VIOLATION; V_CAT_ID; T_CONTROL_VIOLATION_SUB; V_CAT_NATURE_ID; T_RISK; T_AU_OBSERVATION_STATUS; T_AU_PERIOD; T_AU_OBSERVATION_TEXT","True"
"PKG_AR.P_GETMANAGEDOBSERVATIONSTEXT","PKG_AR","Confirmed Active","GetManagedObservationText; GetManagedObservationTextForBranches","AR","T_AU_OBSERVATION; T_AU_PLAN_ENG; T_AU_OBSERVATION_TEXT; T_CONTROL_VIOLATION; T_CONTROL_VIOLATION_SUB; T_RISK; T_AU_OBSERVATION_STATUS; T_AU_PERIOD","","T_CURSOR; V_NAME; T_AU_OBSERVATION; T_AU_PLAN_ENG; T_AU_OBSERVATION_TEXT; T_CONTROL_VIOLATION; V_CAT_ID; T_CONTROL_VIOLATION_SUB; V_CAT_NATURE_ID; T_RISK; T_AU_OBSERVATION_STATUS; T_AU_PERIOD","True"
"PKG_AR.P_GET_AUDITEE_OBSERVATION_RESPONSE_EVIDENCES_BY_OBS_ID","PKG_AR","Confirmed Active","GetRespondedObservationEvidences","AR","T_AU_OBSERVATIONS_AUDITEE_EVIDENCES; T_AU_OBSERVATION_TEXT","","T_AU_OBSERVATION; T_CURSOR; T_AU_OBSERVATIONS_AUDITEE_EVIDENCES; T_AU_OBSERVATION_TEXT","True"
"PKG_AR.P_GET_DETAILS_FOR_MANAGE_OBSERVATIONS_TEXT","PKG_AR","Confirmed Active","GetManagedAllObservationsText","AR","V_PARA_TEXT_FIELD_AIS; V_PARA_TEXT_DEPARTMENT_AIS","","T_CURSOR; V_PARA_TEXT_FIELD_AIS; V_PARA_TEXT_DEPARTMENT_AIS","True"
"PKG_AR.P_GETMANAGEDOBSERVATIONSFORBRANCHES","PKG_AR","Confirmed Active","GetManagedObservationsForBranches","AR","T_AU_OBSERVATION; T_AU_PLAN_ENG; T_AUDITEE_ENTITIES; T_AU_OBSERVATION_STATUS; T_AU_PERIOD; T_AU_OBSERVATION_TEXT; T_AUDIT_CHECKLIST_ANNEXURE; T_RISK","","T_CURSOR; T_AU_OBSERVATION; T_AU_PLAN_ENG; T_AUDITEE_ENTITIES; T_AU_OBSERVATION_STATUS; T_AU_PERIOD; T_AU_OBSERVATION_TEXT; T_AUDIT_CHECKLIST_ANNEXURE; T_RISK","True"
"PKG_AR.P_GETMANAGEDOBSERVATIONSFORBRANCHESTEXT","PKG_AR","Confirmed Active","GetManagedObservationTextForBranches","AR","T_AU_OBSERVATION; T_AU_PLAN_ENG; T_AU_OBSERVATION_TEXT; T_AUDIT_CHECKLIST_DETAILS; T_AUDIT_CHECKLIST_SUB; T_AUDIT_CHECKLIST","","T_CURSOR; T_ID; T_AU_OBSERVATION; T_AU_PLAN_ENG; T_AU_OBSERVATION_TEXT; T_AUDIT_CHECKLIST_DETAILS; T_AUDIT_CHECKLIST_SUB; T_AUDIT_CHECKLIST","True"
"PKG_AR.P_GETMANAGEDDRAFTOBSERVATIONS","PKG_AR","Confirmed Active","GetManagedDraftObservations","AR","T_AU_OBSERVATION; T_AU_PLAN_ENG; T_AU_OBSERVATION_TEXT; T_AUDITEE_ENTITIES; T_RISK; T_AU_OBSERVATION_STATUS; T_AU_PERIOD; T_AUDIT_CHECKLIST_DETAILS; T_AUDIT_CHECKLIST_SUB; T_AUDIT_CHECKLIST; T_AU_OBSERVATIONS_AUDITOR_RESPONSE; T_CONTROL_VIOLATION; T_CONTROL_VIOLATION_SUB","","T_CURSOR; M_F; T_AU_OBSERVATION; T_AU_PLAN_ENG; T_AU_OBSERVATION_TEXT; T_AUDITEE_ENTITIES; T_RISK; T_AU_OBSERVATION_STATUS; T_AU_PERIOD; T_AUDIT_CHECKLIST_DETAILS; T_AUDIT_CHECKLIST_SUB; T_AUDIT_CHECKLIST; T_ID; T_AU_OBSERVATIONS_AUDITOR_RESPONSE; V_NAME; T_CONTROL_VIOLATION; V_CAT_ID; T_CONTROL_VIOLATION_SUB; V_CAT_NATURE_ID","True"
"PKG_AR.P_GETMANAGEDDRAFTOBSERVATIONSFORBRANCHES","PKG_AR","Confirmed Active","GetManagedDraftObservationsBranch; GetManagedDraftObservationsForBranches","AR","T_AU_OBSERVATION; T_AU_PLAN_ENG; T_AU_OBSERVATION_TEXT; T_AUDITEE_ENTITIES; T_AUDIT_CHECKLIST_DETAILS; T_AUDIT_CHECKLIST_SUB; T_AUDIT_CHECKLIST; T_RISK; T_AU_OBSERVATION_STATUS; T_AU_PERIOD; T_AU_OBSERVATIONS_AUDITOR_RESPONSE","","T_CURSOR; T_AU_OBSERVATION; T_AU_PLAN_ENG; T_AU_OBSERVATION_TEXT; T_AUDITEE_ENTITIES; T_AUDIT_CHECKLIST_DETAILS; T_AUDIT_CHECKLIST_SUB; T_AUDIT_CHECKLIST; T_ID; T_RISK; T_AU_OBSERVATION_STATUS; T_AU_PERIOD; T_AU_OBSERVATIONS_AUDITOR_RESPONSE","True"
"PKG_AR.P_GETMANAGEDDRAFTOBSERVATIONSBRANCH","PKG_AR","Confirmed Active","GetEntityReportParasForBranch","AR","T_AU_OBSERVATION; T_AU_PLAN_ENG; T_AU_OBSERVATION_TEXT; T_AUDITEE_ENTITIES; T_RISK; T_AU_OBSERVATION_STATUS; T_AU_PERIOD; T_AUDIT_CHECKLIST_DETAILS; T_AUDIT_CHECKLIST_SUB; T_AUDIT_CHECKLIST; T_AU_OBSERVATIONS_AUDITOR_RESPONSE","","T_CURSOR; M_F; T_AU_OBSERVATION; T_AU_PLAN_ENG; T_AU_OBSERVATION_TEXT; T_AUDITEE_ENTITIES; T_RISK; T_AU_OBSERVATION_STATUS; T_AU_PERIOD; T_AUDIT_CHECKLIST_DETAILS; T_AUDIT_CHECKLIST_SUB; T_AUDIT_CHECKLIST; T_ID; T_AU_OBSERVATIONS_AUDITOR_RESPONSE","True"
"PKG_AR.P_GETMANAGEDDRAFTOBSERVATIONSTEXT","PKG_AR","Confirmed Active","GetManagedDraftObservationsText","AR","T_AU_OBSERVATION_TEXT","","T_CURSOR; T_AU_OBSERVATION_TEXT","True"
"PKG_AR.P_GETAUDITEECHECKKLIST","PKG_AR","Confirmed Active","GetSubChecklistStatus","AR","T_AUDITEE_CHECKKLIST; T_AUDIT_CHECKLIST_DETAILS; T_AUDIT_CHECKLIST_SUB; T_AU_OBSERVATION; T_AU_OBSERVATION_TEXT","","T_CURSOR; T_AUDITEE_CHECKKLIST; T_AUDIT_CHECKLIST_DETAILS; T_AUDIT_CHECKLIST_SUB; T_AU_OBSERVATION; T_AU_OBSERVATION_TEXT","True"
"PKG_AR.P_DROPAUDITOBSERVATION","PKG_AR","Confirmed Active","DropAuditObservation","AR","T_AU_ACTIVITY_LOG; T_AU_OBSERVATION; T_AU_AUDIT_TEAM_TASKLIST; T_AU_TEAM_MEMBERS; T_USER_MAPING; T_AU_REMARKS","T_AU_ACTIVITY_LOG; T_AU_OBSERVATION","T_CURSOR; V_F; T_L; T_AU_ACTIVITY_LOG; T_AU_OBSERVATION; T_AU_AUDIT_TEAM_TASKLIST; T_AU_TEAM_MEMBERS; T_ID; T_USER_MAPING; T_AU_REMARKS","True"
"PKG_AR.P_SUBMITAUDITOBSERVATIONTOAUDITEE","PKG_AR","Confirmed Active","SubmitAuditObservationToAuditee","AR","T_AU_OBSERVATION; T_AU_OBSERVATION_TEXT; T_AU_AUDIT_TEAM_TASKLIST; T_AU_TEAM_MEMBERS; T_AU_ACTIVITY_LOG; T_AUDITEE_ENTITEE_SUBENTITY; T_AU_OBSERVATION_ASSIGNEDTO; DUAL; T_AU_REMARKS","T_AU_ACTIVITY_LOG; T_AU_OBSERVATION_ASSIGNEDTO; T_AU_OBSERVATION; T_AU_OBSERVATION_TEXT","T_CURSOR; T_AU_OBSERVATION; T_AU_OBSERVATION_TEXT; T_AU_AUDIT_TEAM_TASKLIST; T_AU_TEAM_MEMBERS; T_ID; T_AU_ACTIVITY_LOG; T_AUDITEE_ENTITEE_SUBENTITY; T_AU_OBSERVATION_ASSIGNEDTO; M_F; T_AU_REMARKS","True"
"PKG_AR.P_UPDATEAUDITOBSERVATIONSTATUS","PKG_AR","Confirmed Active","UpdateAuditObservationStatus","AR","T_AU_ACTIVITY_LOG; T_AU_TEAM_MEMBERS; T_AU_AUDIT_TEAM_TASKLIST; T_AU_OBSERVATION; T_AU_OBSERVATION_STATUS; T_AU_REMARKS","T_AU_ACTIVITY_LOG; T_AU_OBSERVATIONS_AUDITEE_RESPONSE; T_AU_OBSERVATION","T_CURSOR; T_AU_ACTIVITY_LOG; T_AU_TEAM_MEMBERS; T_AU_AUDIT_TEAM_TASKLIST; T_ID; T_AU_OBSERVATION; T_AU_OBSERVATIONS_AUDITEE_RESPONSE; T_AU_OBSERVATION_STATUS; T_AU_REMARKS","True"
"PKG_AR.AUDITOR_RESPONSE","PKG_AR","Confirmed Active","UpdateAuditObservationStatus; UpdateAuditObservationStatusByHead","AR","T_AU_OBSERVATIONS_AUDITOR_RECOMMENDATION; T_AU_OBSERVATION_TEXT","T_AU_OBSERVATIONS_AUDITOR_RECOMMENDATION","T_AU_OBSERVATIONS_AUDITOR_RECOMMENDATION; T_AU_OBSERVATION_TEXT","True"
"PKG_AR.AUDITOR_REPLY","PKG_AR","Confirmed Active","UpdateAuditObservationStatus; UpdateAuditObservationStatusByHead","AR","T_AU_OBSERVATIONS_AUDITOR_REPLY; T_AU_OBSERVATION_TEXT; T_GROUPS; T_USER_MAPING","T_AU_OBSERVATIONS_AUDITOR_REPLY","T_AU_OBSERVATIONS_AUDITOR_REPLY; T_AU_OBSERVATION_TEXT; T_GROUPS; T_USER_MAPING","True"
"PKG_AR.P_UPDATEAUDITOBSERVATIONSTATUSBYHEAD","PKG_AR","Low-Confidence / Needs Verification","UpdateAuditObservationStatusByHead","AR","","","","False"
"PKG_AR.P_UPDATEOBSERVATION","PKG_AR","Confirmed Active","UpdateAuditObservationText","AR","T_AU_ACTIVITY_LOG; T_AU_AUDIT_TEAM_TASKLIST; T_AU_OBSERVATION; T_AU_REMARKS; DUAL","T_AU_ACTIVITY_LOG; T_AU_OBSERVATION_TEXT; T_AU_OBSERVATION","T_CURSOR; V_F; T_AU_ACTIVITY_LOG; T_AU_AUDIT_TEAM_TASKLIST; T_AU_OBSERVATION; T_AU_OBSERVATION_TEXT; T_AU_REMARKS","True"
"PKG_AR.P_GETCLOSINGDRAFTOBSERVATIONS","PKG_AR","Confirmed Active","GetClosingDraftObservations; GetClosingDraftTeamDetails","AR","T_AU_AUDIT_TEAM_TASKLIST; T_AUDITEE_ENTITIES; T_AU_PLAN_ENG; T_AU_AUDIT_JOINING; V_GETCLOSINGDRAFT_TEAMMEMBER_SUMMARY; V_GETCLOSINGDRAFT_STATUS_SUMMARY; V_GETCLOSINGDRAFT_TEAM_SUMMARY","","T_CURSOR; V_F; T_AU_AUDIT_TEAM_TASKLIST; T_AUDITEE_ENTITIES; T_AU_PLAN_ENG; T_AU_AUDIT_JOINING; V_GETCLOSINGDRAFT_TEAMMEMBER_SUMMARY; V_GETCLOSINGDRAFT_STATUS_SUMMARY; V_GETCLOSINGDRAFT_TEAM_SUMMARY","True"
"PKG_AR.P_GETAUDITCHECKLISTDETAILS_SEARCH","PKG_AR","Confirmed Active","SearchChecklistDetails","AR","T_AUDIT_CHECKLIST_DETAILS; T_AUDIT_CHECKLIST_SUB; T_AUDIT_CHECKLIST; T_RISK","","T_CURSOR; T_AUDIT_CHECKLIST_DETAILS; T_AUDIT_CHECKLIST_SUB; T_AUDIT_CHECKLIST; T_ID; T_RISK","True"
"PKG_AR.P_GETENTITIESFORLEGACYPARA","PKG_AR","Likely Active","GetLegacyParasEntities","AR","T_AU_OBSERVATION_OLD_CAD_PARAS; T_AUDITEE_ENTITIES; T_AU_OBSERVATION_OLD_CAD_PARAS_TEXT; T_AU_OLD_PARAS_FAD","","T_CURSOR; T_AU_OBSERVATION_OLD_CAD_PARAS; T_AUDITEE_ENTITIES; T_AU_OBSERVATION_OLD_CAD_PARAS_TEXT; T_AU_OLD_PARAS_FAD","True"
"PKG_AR.P_GETENTITIESFORLEGACYPARA_HO","PKG_AR","Likely Active","GetLegacyParasEntitiesHO","AR","T_AU_OBSERVATION_OLD_CAD_PARAS; T_AUDITEE_ENTITIES; T_AU_OBSERVATION_OLD_CAD_PARAS_TEXT","","T_CURSOR; T_AU_OBSERVATION_OLD_CAD_PARAS; T_AUDITEE_ENTITIES; T_AU_OBSERVATION_OLD_CAD_PARAS_TEXT","True"
"PKG_AR.P_GETENTITIESFORLEGACYPARA_HO_REPORT","PKG_AR","Confirmed Active","GetLegacyParasEntitiesReport","AR","T_AU_OBSERVATION_OLD_CAD_PARAS; T_AUDITEE_ENTITIES; T_AU_OBSERVATION_OLD_CAD_PARAS_TEXT","","T_CURSOR; T_AU_OBSERVATION_OLD_CAD_PARAS; T_AUDITEE_ENTITIES; T_AU_OBSERVATION_OLD_CAD_PARAS_TEXT","True"
"PKG_AR.P_GETLEAGACYOBSERVATIONS","PKG_AR","Confirmed Active","GetLegacyParasForUpdate","AR","T_AUDITEE_ENTITIES; T_AU_ERROR_LOGS; DUAL; T_AU_OBSERVATION_OLD_CAD_PARAS; T_AU_OBSERVATION_OLD_CAD_PARAS_TEXT; T_AU_OLD_PARAS_FAD; T_AU_OLD_PARAS_FAD_TEXT; T_AU_OLD_PARAS_FAD_LOG","T_AU_ERROR_LOGS; T_AU_OLD_PARAS_FAD_LOG","T_CURSOR; V_F; T_AUDITEE_ENTITIES; T_AU_ERROR_LOGS; T_AU_OBSERVATION_OLD_CAD_PARAS; V_CAT_ID; V_CAT_NATURE_ID; T_AU_OBSERVATION_OLD_CAD_PARAS_TEXT; T_AU_OLD_PARAS_FAD; T_AU_OLD_PARAS_FAD_TEXT; T_AU_OLD_PARAS_FAD_LOG","True"
"PKG_AR.P_GETLEAGACYOBSERVATIONS_HO","PKG_AR","Confirmed Active","GetLegacyParasForUpdateHO","AR","T_AU_ERROR_LOGS; DUAL; T_AU_OBSERVATION_OLD_CAD_PARAS; T_AUDITEE_ENTITIES; T_AU_OBSERVATION_OLD_CAD_PARAS_TEXT; T_CONTROL_VIOLATION_SUB; T_AU_DATA_VALIDATION_HO_LOG","T_AU_ERROR_LOGS; T_AU_DATA_VALIDATION_HO_LOG","T_CURSOR; T_AU_ERROR_LOGS; T_AU_OBSERVATION_OLD_CAD_PARAS; T_AUDITEE_ENTITIES; T_AU_OBSERVATION_OLD_CAD_PARAS_TEXT; V_CAT_ID; V_CAT_NATURE_ID; T_CONTROL_VIOLATION_SUB; T_AU_DATA_VALIDATION_HO_LOG","True"
"PKG_AR.P_GETLEAGACYOBSERVATIONS_FOR_GIST_UPDATE","PKG_AR","Confirmed Active","GetLegacyParasForGistUpdate","AR","T_AUDITEE_ENTITIES; T_AU_ERROR_LOGS; DUAL; T_AU_OBSERVATION_OLD_CAD_PARAS; T_AU_OLD_PARAS_GIST_UPDATE_LOG; T_AU_OBSERVATION_OLD_CAD_PARAS_TEXT; T_AU_OLD_PARAS_FAD","T_AU_ERROR_LOGS; T_AU_OLD_PARAS_GIST_UPDATE_LOG","T_CURSOR; V_F; T_AUDITEE_ENTITIES; T_AU_ERROR_LOGS; T_AU_OBSERVATION_OLD_CAD_PARAS; T_AU_OLD_PARAS_GIST_UPDATE_LOG; V_CAT_ID; V_CAT_NATURE_ID; T_AU_OBSERVATION_OLD_CAD_PARAS_TEXT; T_AU_OLD_PARAS_FAD","True"
"PKG_AR.P_UPDATE_LEGACY_PARA_TEXT","PKG_AR","Confirmed Active","UpdateLegacyParasWithResponsibility","AR","T_AU_OLD_PARAS_FAD; T_AUDITEE_ENTITIES; AIS_T_AU_POST_COMPLIANCE; T_USER; T_AU_OLD_PARAS_FAD_TEXT; T_AU_OBSERVATION_OLD_CAD_PARAS_TEXT; T_AU_REMARKS; T_AU_ERROR_LOGS; DUAL","AIS_T_AU_POST_COMPLIANCE; T_AU_OBSERVATION_OLD_CAD_PARAS_TEXT; T_AU_OBSERVATION_OLD_CAD_PARAS; T_AU_DATA_VALIDATION_HO_LOG; T_AU_OLD_PARAS_FAD_TEXT; T_AU_OLD_PARAS_FAD; T_AU_OLD_PARAS_FAD_LOG; T_AU_ERROR_LOGS","T_CURSOR; V_F; T_F; T_AU_OLD_PARAS_FAD; T_AUDITEE_ENTITIES; AIS_T_AU_POST_COMPLIANCE; T_USER; T_AU_OLD_PARAS_FAD_TEXT; T_AU_OBSERVATION_OLD_CAD_PARAS_TEXT; T_AU_OBSERVATION_OLD_CAD_PARAS; V_CAT_ID; V_CAT_NATURE_ID; T_AU_DATA_VALIDATION_HO_LOG; T_AU_OLD_PARAS_FAD_LOG; T_AU_REMARKS; T_AU_ERROR_LOGS","True"
"PKG_AR.P_ADD_PARA_RESPONSIBILITY","PKG_AR","Confirmed Active","AddResponsibilityToLegacyParas; UpdateLegacyParasWithResponsibility","AR","T_AU_OLD_PARAS_FAD_RESPONSIBILITY_ASSIGNED; DUAL; T_AU_ERROR_LOGS","T_AU_OLD_PARAS_FAD_RESPONSIBILITY_ASSIGNED; T_AU_OLD_PARAS_FAD_LOG; T_AU_ERROR_LOGS","T_CURSOR; T_AU_OLD_PARAS_FAD_RESPONSIBILITY_ASSIGNED; T_AU_OLD_PARAS_FAD_LOG; T_AU_ERROR_LOGS","True"
"PKG_AR.P_UPDATE_LEGACY_PARA_GIST","PKG_AR","Confirmed Active","UpdateLegacyParaGistParaNo","AR","T_AU_OLD_PARAS_GIST_UPDATE_LOG; DUAL; T_AU_ERROR_LOGS","T_AU_OLD_PARAS_GIST_UPDATE_LOG; T_AU_ERROR_LOGS","T_CURSOR; T_AU_OLD_PARAS_GIST_UPDATE_LOG; T_AU_ERROR_LOGS","True"
"PKG_AR.P_DELETE_PARA_RESPONSIBILITY","PKG_AR","Confirmed Active","DeleteResponsibilityOfLegacyParas","AR","T_AU_OLD_PARAS_FAD_RESPONSIBILITY_ASSIGNED; DUAL","T_AU_OBSERVATION_OLD_PARAS_RESPONIBILITY_ASSIGNED; T_AU_OLD_PARAS_FAD_RESPONSIBILITY_ASSIGNED","T_CURSOR; T_AU_OLD_PARAS_FAD_RESPONSIBILITY_ASSIGNED; T_AU_OBSERVATION_OLD_PARAS_RESPONIBILITY_ASSIGNED","True"
"PKG_AR.P_NO_UPDATE_LEGACY_PARA_TEXT","PKG_AR","Confirmed Active","UpdateLegacyParasWithResponsibilityNoChangesAZ","AR","T_AU_OLD_PARAS_FAD_TEXT; T_AU_REMARKS; T_AU_ERROR_LOGS; DUAL","T_AU_OLD_PARAS_FAD; T_AU_OLD_PARAS_FAD_LOG; T_AU_ERROR_LOGS","T_CURSOR; T_F; T_AU_OLD_PARAS_FAD_TEXT; T_AU_OLD_PARAS_FAD; T_AU_OLD_PARAS_FAD_LOG; T_AU_REMARKS; T_AU_ERROR_LOGS","True"
"PKG_AR.P_GET_ENTITIES_FOR_MANAGE_OBSERVATIONS","PKG_AR","Likely Active","GetEntitiesDropDownForManageObservations","AR","T_AU_PLAN_ENG; T_AUDITEE_ENTITIES; T_AU_AUDIT_TEAM_TASKLIST; T_AUDITEE_ENTITIES_MAPING_FAD","","T_CURSOR; T_AU_PLAN_ENG; T_AUDITEE_ENTITIES; T_AU_AUDIT_TEAM_TASKLIST; T_AUDITEE_ENTITIES_MAPING_FAD","True"
"PKG_AR.P_GETMANAGEAUDITPARASENTITIES","PKG_AR","Confirmed Active","GetEntitiesForManageAuditParas","AR","T_AU_OBSERVATION_FAD; T_AUDITEE_ENTITIES","","T_CURSOR; T_AU_OBSERVATION_FAD; T_AUDITEE_ENTITIES","True"
"PKG_AR.P_GETOBSERVATIONENTITIES","PKG_AR","Confirmed Active","GetObservationEntitiesForManageObservations","AR","T_USER_MAPING; T_USER; T_AU_AUDIT_JOINING; T_AU_PLAN_ENG; T_AUDITEE_ENTITIES; T_AU_PERIOD; T_AUDITEE_ENTITIES_MAPING; T_AUDITEE_ENTITIES_MAPING_FAD","","T_CURSOR; V_F; T_USER_MAPING; T_USER; T_AU_AUDIT_JOINING; T_AU_PLAN_ENG; T_AUDITEE_ENTITIES; T_AU_PERIOD; T_AUDITEE_ENTITIES_MAPING; T_AUDITEE_ENTITIES_MAPING_FAD","True"
"PKG_AR.P_GET_AUDITEE_OBSERVATION_RESPONSE_EVIDENCES_FILEDATA","PKG_AR","Confirmed Active","GetAuditeeEvidenceData","AR","T_AU_OBSERVATIONS_AUDITEE_EVIDENCES","","T_CURSOR; T_AU_OBSERVATIONS_AUDITEE_EVIDENCES","True"
"PKG_AR.P_CLOSEAUDIT","PKG_AR","Confirmed Active","CloseDraftAuditReport","AR","T_AU_AUDIT_TEAM_TASKLIST; T_AU_TEAM_MEMBERS; T_AU_OBSERVATION; T_AU_REMARKS; T_AU_PLAN_ENG_LOG","T_AU_AUDIT_JOINING; T_AU_AUDIT_TEAM_TASKLIST; T_AU_PLAN_ENG; T_AU_AUDIT_TEAMS; T_AU_PLAN_ENG_LOG","T_CURSOR; T_L; M_F; T_AU_AUDIT_TEAM_TASKLIST; T_AU_TEAM_MEMBERS; T_ID; T_AU_OBSERVATION; T_AU_REMARKS; T_AU_AUDIT_JOINING; T_AU_PLAN_ENG; T_AU_AUDIT_TEAMS; T_AU_PLAN_ENG_LOG","True"
"PKG_AR.P_GET_LEGACY_PARA_RESPONSIBLES","PKG_AR","Likely Active","GetLegacyParaResponsiblePersons","AR","T_AU_OLD_PARAS_FAD_RESPONSIBILITY_ASSIGNED; T_AU_OBSERVATION_OLD_PARAS_RESPONIBILITY_ASSIGNED; V_SERVICE_EMPLOYEEINFO","","T_CURSOR; T_AU_OLD_PARAS_FAD_RESPONSIBILITY_ASSIGNED; T_AU_OBSERVATION_OLD_PARAS_RESPONIBILITY_ASSIGNED; V_SERVICE_EMPLOYEEINFO","True"
" PKG_AR.P_GET_EMPLOYEES_INFORMATION","","Confirmed Active","GetEmployeeNameFromPPNO","AR","","","","False"
"PKG_AR.P_GET_LEGACY_PARA_TO_AUTHORIZE","PKG_AR","Confirmed Active","GetUpdatedGistParaOfLegacyParaForAuthorize","AR","T_AU_OBSERVATION_OLD_CAD_PARAS; T_AUDITEE_ENTITIES; T_AU_OLD_PARAS_GIST_UPDATE_LOG; T_AU_OLD_PARAS_FAD; T_AU_OLD_AUDIT_NATURE; T_AU_OLD_AUDIT_PERIOD","","T_CURSOR; T_AU_OBSERVATION_OLD_CAD_PARAS; T_AUDITEE_ENTITIES; T_AU_OLD_PARAS_GIST_UPDATE_LOG; T_AU_OLD_PARAS_FAD; T_AU_OLD_AUDIT_NATURE; T_AU_OLD_AUDIT_PERIOD","True"
"PKG_AR.P_AUTHORIZE_PARA_GIST","PKG_AR","Confirmed Active","AuthorizeLegacyParaGistParaNoUpdate","AR","DUAL","T_AU_OBSERVATION_OLD_CAD_PARAS; AIS_T_AU_POST_COMPLIANCE; T_AU_OLD_PARAS_GIST_UPDATE_LOG; T_AU_OLD_PARAS_FAD","T_CURSOR; T_AU_OBSERVATION_OLD_CAD_PARAS; AIS_T_AU_POST_COMPLIANCE; T_AU_OLD_PARAS_GIST_UPDATE_LOG; T_AU_OLD_PARAS_FAD","True"
"PKG_AR.P_SETTEL_LEGACY_PARA_HO","PKG_AR","Confirmed Active","SettleLegacyParaHO","AR","T_AU_DATA_VALIDATION_HO_LOG; DUAL","T_AU_OBSERVATION_OLD_CAD_PARAS; T_AU_OBSERVATION_OLD_CAD_PARAS_SETTLE_LOG","T_CURSOR; T_AU_OBSERVATION_OLD_CAD_PARAS; T_AU_OBSERVATION_OLD_CAD_PARAS_SETTLE_LOG; T_AU_DATA_VALIDATION_HO_LOG","True"
"PKG_AR.P_DELETE_LEGACY_PARA_HO","PKG_AR","Confirmed Active","DeleteLegacyParaHO","AR","T_AU_DATA_VALIDATION_HO_LOG; DUAL","T_AU_OBSERVATION_OLD_CAD_PARAS; T_AU_OBSERVATION_OLD_CAD_PARAS_SETTLE_LOG","T_CURSOR; T_AU_OBSERVATION_OLD_CAD_PARAS; T_AU_OBSERVATION_OLD_CAD_PARAS_SETTLE_LOG; T_AU_DATA_VALIDATION_HO_LOG","True"
"PKG_AR.P_GETLOANCASEFILE","PKG_AR","Confirmed Active","GetWorkingPaperLoanCases","AR","DUAL; T_WORKING_PAPER_LOAN_CASE_FILE","","T_CURSOR; V_ENGID; T_WORKING_PAPER_LOAN_CASE_FILE","True"
"PKG_AR.P_ADDLOANCASEFILE","PKG_AR","Confirmed Active","AddWorkingPaperLoanCases","AR","T_WORKING_PAPER_LOAN_CASE_FILE; DUAL","T_WORKING_PAPER_LOAN_CASE_FILE","T_WORKING_PAPER_LOAN_CASE_FILE; T_CURSOR","True"
"PKG_AR.P_GETVOUCHERCHECKING","PKG_AR","Confirmed Active","GetWorkingPaperVoucherChecking","AR","T_WORKING_PAPER_VOUCHER_CHECKING","","T_CURSOR; T_WORKING_PAPER_VOUCHER_CHECKING","True"
"PKG_AR.P_ADDVOUCHERCHECKING","PKG_AR","Confirmed Active","AddWorkingVoucherChecking","AR","T_WORKING_PAPER_VOUCHER_CHECKING; DUAL","T_WORKING_PAPER_VOUCHER_CHECKING","T_WORKING_PAPER_VOUCHER_CHECKING; V_NUMBER; T_CURSOR; V_ID","True"
"PKG_AR.P_GETACCOUNTOPENINGDETAILS","PKG_AR","Confirmed Active","GetWorkingPaperAccountOpening","AR","T_WORKING_PAPER_ACCOUNT_OPENING","","T_CURSOR; T_WORKING_PAPER_ACCOUNT_OPENING","True"
"PKG_AR.P_ADDACCOUNTOPENINGDETAILS","PKG_AR","Confirmed Active","AddWorkingAccountOpening","AR","T_WORKING_PAPER_ACCOUNT_OPENING; DUAL","T_WORKING_PAPER_ACCOUNT_OPENING","T_WORKING_PAPER_ACCOUNT_OPENING; V_NUMBER; T_CURSOR","True"
"PKG_AR.P_GETFIXEDASSETSDETAILS","PKG_AR","Confirmed Active","GetWorkingPaperFixedAssets","AR","T_WORKING_PAPER_FIXED_ASSETS","","T_CURSOR; T_WORKING_PAPER_FIXED_ASSETS","True"
"PKG_AR.P_ADDFIXEDASSETSDETAILS","PKG_AR","Confirmed Active","AddWorkingFixedAssets","AR","T_WORKING_PAPER_FIXED_ASSETS; DUAL","T_WORKING_PAPER_FIXED_ASSETS","T_WORKING_PAPER_FIXED_ASSETS; T_CURSOR","True"
"PKG_AR.P_GETCASHCOUNTERDETAILS","PKG_AR","Confirmed Active","GetWorkingPaperCashCounter","AR","T_WORKING_PAPER_CASH_COUNT","","T_CURSOR; T_WORKING_PAPER_CASH_COUNT","True"
"PKG_AR.P_ADDCASHCOUNTERDETAILS","PKG_AR","Confirmed Active","AddWorkingCashCounter","AR","T_WORKING_PAPER_CASH_COUNT; DUAL","T_WORKING_PAPER_CASH_COUNT","T_WORKING_PAPER_CASH_COUNT; T_CURSOR","True"
"PKG_AR.P_GET_DSA_GUIDLINE","PKG_AR","Confirmed Active","GetDraftDSAGuidelines","AR","T_AU_DSA_GUIDELINES","","T_CURSOR; T_AU_DSA_GUIDELINES","True"
"PKG_AR.P_DRAFT_DSA","PKG_AR","Confirmed Active","DraftDSA; SubmitDSAToAuditee","AR","T_AU_DSA; T_AU_DSA_TEXT; T_AU_OBSERVATION_TEXT; DUAL","T_AU_DSA; T_AU_DSA_TEXT","T_CURSOR; T_AU_DSA; T_AU_DSA_TEXT; T_AU_OBSERVATION_TEXT","True"
"PKG_AR.P_ADD_DSA_CHECKILIST","PKG_AR","Confirmed Active","AddDraftDSAGuideline","AR","T_AU_DSA_GUIDELINES_ADDED","T_AU_DSA_GUIDELINES_ADDED","T_AU_DSA_GUIDELINES_ADDED","True"
"PKG_AR.P_GET_RESPONSIBILITY","PKG_AR","Confirmed Active","GetResponsiblePersonsList","AR","V_GET_AUDITEE_PP_RESPONSIBILITY_FOR_AUTHORIZATION; V_SERVICE_EMPLOYEEINFO","IS","T_CURSOR; V_GET_AUDITEE_PP_RESPONSIBILITY_FOR_AUTHORIZATION; V_SERVICE_EMPLOYEEINFO","True"
"PKG_AR.P_UPDATE_RESPONSIBILITY","PKG_AR","Low-Confidence / Needs Verification","UpdateResponsibilityAssignment","AR","T_AU_OBSERVATION_RESPONSIBILITY_UPDATED; DUAL","T_AU_OBSERVATION_RESPONSIBILITY_UPDATED","T_CURSOR; V_F; V_ERR_MSG; T_AU_OBSERVATION_RESPONSIBILITY_UPDATED","True"
"PKG_AR.P_GET_DSA_LIST","PKG_AR","Confirmed Active","GetDraftDSAList","AR","T_AUDITEE_ENTITIES; T_AU_DSA; T_AU_DSA_TEXT; V_GET_AUDITEE_PP_RESPONSIBILITY; V_SERVICE_EMPLOYEEINFO; T_AU_OBSERVATION_TEXT; T_AU_PLAN_ENG; T_AU_PERIOD; T_AUDITEE_ENTITIES_MAPING; T_AU_DSA_STATUS","","T_CURSOR; T_AUDITEE_ENTITIES; T_AU_DSA; T_AU_DSA_TEXT; V_GET_AUDITEE_PP_RESPONSIBILITY; V_SERVICE_EMPLOYEEINFO; T_AU_OBSERVATION_TEXT; T_AU_PLAN_ENG; T_AU_PERIOD; T_AUDITEE_ENTITIES_MAPING; T_AU_DSA_STATUS","True"
"PKG_AR.P_GET_DSA_CONTENT","PKG_AR","Confirmed Active","GetDraftDSAContent","AR","T_AU_DSA; T_AU_DSA_TEXT; T_AU_OBSERVATION_TEXT","","T_CURSOR; T_AU_DSA; T_AU_DSA_TEXT; T_AU_OBSERVATION_TEXT","True"
"PKG_AR.P_SUBMIT_DSA_TO_HEAD_FAD","PKG_AR","Confirmed Active","SubmitDSAToHeadFAD","AR","DUAL","T_AU_DSA","T_CURSOR; T_AU_DSA","True"
"PKG_AR.P_UPDATE_DSA_HEADING","PKG_AR","Confirmed Active","UpdateDSAHeading","AR","T_AU_DSA; DUAL","T_AU_OBSERVATION_TEXT; THE","T_CURSOR; T_AU_OBSERVATION_TEXT; T_AU_DSA","True"
"PKG_AR.P_REFFERED_BACK_DSA_BY_HEAD_FAD","PKG_AR","Confirmed Active","ReferredBackDSAByHeadFad","AR","DUAL","T_AU_DSA","T_CURSOR; T_AU_DSA","True"
"PKG_AR.P_SUBMIT_DSA_BY_HEAD_FAD_TO_DPD","PKG_AR","Confirmed Active","SubmitDSAToDPD","AR","DUAL","T_AU_DSA","T_CURSOR; T_AU_DSA","True"
"PKG_AR.P_REFFERED_BACK_DSA_BY_DPD","PKG_AR","Confirmed Active","ReferredBackDSAByDPD","AR","DUAL","T_AU_DSA","T_CURSOR; T_AU_DSA","True"
"PKG_AR.P_SUBMIT_DSA_BY_DPD_TO_COMMITTEE","PKG_AR","Confirmed Active","AcknowledgeDSA","AR","DUAL","T_AU_DSA","T_CURSOR; T_AU_DSA","True"
"PKG_AR.P_GET_LC_DETAILS","PKG_AR","Confirmed Active","GetLoanCaseDetailsWithBRCode","AR","V_LOAN_OUTSTANDING_AMOUNT; V_LOAN_SANCTION_PROCESS","","T_CURSOR; V_LOAN_OUTSTANDING_AMOUNT; V_LOAN_SANCTION_PROCESS","True"
"PKG_BAC.P_BAC_AGENDA","PKG_BAC","Confirmed Active","GetBACAgenda","BAC","T_BAC_MEETINGS_AGENDA","","T_CURSOR; T_BAC_MEETINGS_AGENDA","True"
"PKG_BAC.P_BAC_GET_ACTIONABLE_SUM","PKG_BAC","Confirmed Active","GetBACAgendaActionablesSummary; GetBACAMeetingSummary","BAC","V_GET_BAC_ACTIONABLE_SUMMARY; T_BAC_ACTIONABLE_UPDATES","","T_CURSOR; V_GET_BAC_ACTIONABLE_SUMMARY; T_BAC_ACTIONABLE_UPDATES","True"
"PKG_BAC.P_BAC_GET_ACTIONABLE_SNAP","PKG_BAC","Confirmed Active","GetBACAgendaActionablesConsolidatedSummary","BAC","T_BAC_ACTIONABLE","","T_CURSOR; T_BAC_ACTIONABLE","True"
"PKG_BAC.P_BAC_GET_ACTIONABLE","PKG_BAC","Confirmed Active","GetBACAgendaActionables","BAC","T_BAC_ACTIONABLE","","T_CURSOR; T_BAC_ACTIONABLE","True"
"PKG_BAC.P_BAC_GET_ACTIONABLE_MEETINGS_WITH_STATUS","PKG_BAC","Confirmed Active","GetBACAgendaActionablesWithMeetingNo","BAC","T_BAC_ACTIONABLE","","T_CURSOR; T_BAC_ACTIONABLE","True"
"PKG_BAC.P_CIA_ANALYSIS","PKG_BAC","Confirmed Active","GetBACCIAAnalysisOptions","BAC","T_AUDIT_CHECKLIST_ANNEXURE_PROCESS","","T_CURSOR; T_AUDIT_CHECKLIST_ANNEXURE_PROCESS","True"
"PKG_BAC.P_CIA_ANALYSIS_DETAILS","PKG_BAC","Confirmed Active","GetBACCIAAnalysis","BAC","T_AUDIT_CHECKLIST_ANNEXURE_PROCESS; T_AUDIT_CHECKLIST_ANNEXURE_MAPPING; T_AUDIT_CHECKLIST_ANNEXURE; V_CIA_ANALYSIS","","T_CURSOR; T_AUDIT_CHECKLIST_ANNEXURE_PROCESS; T_AUDIT_CHECKLIST_ANNEXURE_MAPPING; T_AUDIT_CHECKLIST_ANNEXURE; V_CIA_ANALYSIS","True"
"PKG_BAC.P_CIA_ANALYSIS_DETAILS_PARA","PKG_BAC","Confirmed Active","GetAnalysisDetailPara","BAC","DUAL; T_AUDITEE_ENTITIES; T_AUDIT_CHECKLIST_ANNEXURE; AIS_T_AU_POST_COMPLIANCE; T_AUDITEE_ENTITIES_MAPING","","T_CURSOR; V_F; T_AUDITEE_ENTITIES; T_AUDIT_CHECKLIST_ANNEXURE; AIS_T_AU_POST_COMPLIANCE; T_AUDITEE_ENTITIES_MAPING","True"
"PKG_BAC.P_CIA_ANALYSIS_SUMMARY","PKG_BAC","Confirmed Active","GetAnalysisSummaryPara","BAC","DUAL; T_AUDITEE_ENTITIES; T_AUDIT_CHECKLIST_ANNEXURE; AIS_T_AU_POST_COMPLIANCE; T_AUDITEE_ENTITIES_MAPING","","T_CURSOR; V_F; T_AUDITEE_ENTITIES; T_AUDIT_CHECKLIST_ANNEXURE; AIS_T_AU_POST_COMPLIANCE; T_AUDITEE_ENTITIES_MAPING","True"
"PKG_HD.P_VALIDATE_SBP_PASSWORD","PKG_HD","Confirmed Active","ValidateSbpAccessPassword","CAD","T_HD_SBP_SECURE_ACCESS","","T_HD_SBP_SECURE_ACCESS","True"
"PKG_HD.P_INSERT_SBP_OBSERVATION","PKG_HD","Confirmed Active","InsertSbpObservation","CAD","","T_HD_SBP_OBSERVATION","T_HD_SBP_OBSERVATION","True"
"PKG_HD.P_INSERT_SBP_RESPONSE","PKG_HD","Confirmed Active","InsertSbpObservationResponse","CAD","","T_HD_SBP_OBS_RESPONSE","T_HD_SBP_OBS_RESPONSE","True"
"PKG_HD.P_GET_SBP_RESPONSE","PKG_HD","Confirmed Active","GetSbpObservationResponse","CAD","","","","False"
"PKG_HD.P_UPDATE_SBP_RESPONSE","PKG_HD","Low-Confidence / Needs Verification","public","CAD","T_HD_SBP_OBSERVATION; T_HD_SBP_OBS_RESPONSE","EXISTING; T_HD_SBP_OBS_RESPONSE","T_HD_SBP_OBSERVATION; V_EXISTS; T_HD_SBP_OBS_RESPONSE","True"
"PKG_HD.P_GET_SBP_REGISTER","PKG_HD","Confirmed Active","GetSbpObservationRegister","CAD","T_HD_SBP_OBSERVATION; T_HD_SBP_OBS_RESPONSE","","T_HD_SBP_OBSERVATION; T_HD_SBP_OBS_RESPONSE","True"
"PKG_HD.P_GET_SBP_OBS_TYPES","PKG_HD","Confirmed Active","GetSbpObservationTypes","CAD","T_HD_SBP_OBS_TYPES","","T_HD_SBP_OBS_TYPES","True"
"PKG_HD.P_UPDATE_SBP_OBSERVATION","PKG_HD","Low-Confidence / Needs Verification","public","CAD","T_HD_SBP_OBSERVATION","T_HD_SBP_OBSERVATION; OR","V_EXISTS; T_HD_SBP_OBSERVATION","True"
"PKG_HD.P_GET_SBP_HISTORY","PKG_HD","Confirmed Active","GetSbpObservationHistory","CAD","T_HD_SBP_OBSERVATION; T_HD_SBP_OBS_RESPONSE","","T_HD_SBP_OBSERVATION; T_HD_SBP_OBS_RESPONSE","True"
"PKG_HD.P_UPDATE_CAD_PASSWROD","PKG_HD","Low-Confidence / Needs Verification","public","CAD","","T_HD_SBP_SECURE_ACCESS","T_HD_SBP_SECURE_ACCESS","True"
"PKG_HD.P_REQUEST_DELETE_OBSERVATION","PKG_HD","Low-Confidence / Needs Verification","public","CAD","T_HD_SBP_OBSERVATION","T_HD_ACTION_REQUEST","V_EXISTS; V_SNAP; T_HD_SBP_OBSERVATION; T_HD_ACTION_REQUEST","True"
"PKG_HD.P_REQUEST_DELETE_RESPONSE","PKG_HD","Low-Confidence / Needs Verification","public","CAD","T_HD_SBP_OBS_RESPONSE","T_HD_ACTION_REQUEST","V_EXISTS; V_SNAP; T_HD_SBP_OBS_RESPONSE; T_HD_ACTION_REQUEST","True"
"PKG_HD.P_REQUEST_REVERSE","PKG_HD","Low-Confidence / Needs Verification","public","CAD","T_HD_ACTION_REQUEST","T_HD_ACTION_REQUEST","V_ROW; T_HD_ACTION_REQUEST","True"
"PKG_HD.P_APPROVE_REQUEST","PKG_HD","Low-Confidence / Needs Verification","public","CAD","T_HD_ACTION_REQUEST","T_HD_ACTION_REQUEST","V_REQ; T_HD_ACTION_REQUEST","True"
"PKG_HD.P_REJECT_REQUEST","PKG_HD","Low-Confidence / Needs Verification","public","CAD","T_HD_ACTION_REQUEST","T_HD_ACTION_REQUEST","V_REQ; T_HD_ACTION_REQUEST","True"
"PKG_HD.P_GET_REQUESTS","PKG_HD","Confirmed Active","GetRequests","CAD","T_HD_ACTION_REQUEST","","T_CURSOR; T_HD_ACTION_REQUEST","True"
"PKG_HD.P_GET_REQUEST_HISTORY","PKG_HD","Confirmed Active","GetRequestHistory","CAD","T_HD_ACTION_LOG","","T_CURSOR; T_HD_ACTION_LOG","True"
"PKG_COMMERCIAL_AUDIT.P_SAVE_OM","PKG_COMMERCIAL_AUDIT","Confirmed Active","SaveCommercialAuditOm","CAU","T_COM_AUDIT_OM","T_COM_AUDIT_OM","V_OM_ID; V_IS_ACTIVE; V_EXISTS; T_COM_AUDIT_OM","True"
"PKG_COMMERCIAL_AUDIT.P_GET_OMS","PKG_COMMERCIAL_AUDIT","Confirmed Active","GetCommercialAuditOms","CAU","T_COM_AUDIT_OM","","T_CURSOR; T_COM_AUDIT_OM","True"
"PKG_COMMERCIAL_AUDIT.P_SAVE_PDP","PKG_COMMERCIAL_AUDIT","Confirmed Active","SaveCommercialAuditPdp","CAU","T_COM_AUDIT_PDP","T_COM_AUDIT_PDP","V_PDP_ID; V_IS_ACTIVE; V_EXISTS; T_COM_AUDIT_PDP","True"
"PKG_COMMERCIAL_AUDIT.P_GET_PDPS","PKG_COMMERCIAL_AUDIT","Confirmed Active","GetCommercialAuditPdps","CAU","T_COM_AUDIT_PDP_OM_MAP; T_COM_AUDIT_OM; T_COM_AUDIT_PDP","","T_CURSOR; T_COM_AUDIT_PDP_OM_MAP; T_COM_AUDIT_OM; T_COM_AUDIT_PDP","True"
"PKG_COMMERCIAL_AUDIT.P_SAVE_PDP_OM_MAP","PKG_COMMERCIAL_AUDIT","Confirmed Active","SaveCommercialAuditPdpMappings","CAU","T_COM_AUDIT_PDP; T_COM_AUDIT_PDP_OM_MAP; DUAL; T_COM_AUDIT_OM","T_COM_AUDIT_PDP_OM_MAP","V_IS_ACTIVE; V_PDP_EXISTS; V_OM_IDS; V_INVALID_COUNT; V_MISSING_OM_COUNT; T_COM_AUDIT_PDP; T_COM_AUDIT_PDP_OM_MAP; T_COM_AUDIT_OM","True"
"PKG_COMMERCIAL_AUDIT.P_GET_PDP_OM_MAP","PKG_COMMERCIAL_AUDIT","Confirmed Active","GetCommercialAuditPdpMappings","CAU","T_COM_AUDIT_PDP_OM_MAP; T_COM_AUDIT_OM","","T_CURSOR; T_COM_AUDIT_PDP_OM_MAP; T_COM_AUDIT_OM","True"
"PKG_COMMERCIAL_AUDIT.P_SAVE_ARPSE","PKG_COMMERCIAL_AUDIT","Confirmed Active","SaveCommercialAuditArpseHeader","CAU","T_COM_AUDIT_ARPSE","T_COM_AUDIT_ARPSE","V_ARPSE_ID; V_IS_ACTIVE; V_EXISTS; T_COM_AUDIT_ARPSE","True"
"PKG_COMMERCIAL_AUDIT.P_GET_ARPSE_HEADERS","PKG_COMMERCIAL_AUDIT","Confirmed Active","GetCommercialAuditArpseHeaders","CAU","T_COM_AUDIT_ARPSE","","T_CURSOR; T_COM_AUDIT_ARPSE","True"
"PKG_COMMERCIAL_AUDIT.P_SAVE_ARPSE_DAC","PKG_COMMERCIAL_AUDIT","Confirmed Active","SaveCommercialAuditArpseDacEntry","CAU","T_COM_AUDIT_ARPSE; T_COM_AUDIT_ARPSE_DAC","T_COM_AUDIT_ARPSE_DAC","V_DAC_ENTRY_ID; V_IS_ACTIVE; V_EXISTS; T_COM_AUDIT_ARPSE; T_COM_AUDIT_ARPSE_DAC","True"
"PKG_COMMERCIAL_AUDIT.P_GET_ARPSE_DAC_ENTRIES","PKG_COMMERCIAL_AUDIT","Confirmed Active","GetCommercialAuditArpseDacEntries","CAU","T_COM_AUDIT_ARPSE_DAC","","T_CURSOR; T_COM_AUDIT_ARPSE_DAC","True"
"PKG_COMMERCIAL_AUDIT.P_SAVE_ARPSE_PAC","PKG_COMMERCIAL_AUDIT","Confirmed Active","SaveCommercialAuditArpsePacEntry","CAU","T_COM_AUDIT_ARPSE; T_COM_AUDIT_ARPSE_PAC","T_COM_AUDIT_ARPSE_PAC","V_PAC_ENTRY_ID; V_IS_ACTIVE; V_EXISTS; T_COM_AUDIT_ARPSE; T_COM_AUDIT_ARPSE_PAC","True"
"PKG_COMMERCIAL_AUDIT.P_GET_ARPSE_PAC_ENTRIES","PKG_COMMERCIAL_AUDIT","Confirmed Active","GetCommercialAuditArpsePacEntries","CAU","T_COM_AUDIT_ARPSE_PAC","","T_CURSOR; T_COM_AUDIT_ARPSE_PAC","True"
"PKG_LG.SESSION_END","PKG_LG","Confirmed Active","DisposeLoginSession","cs","T_AU_ACTIVITY_LOG","T_AU_ACTIVITY_LOG; T_USER_SESSION","T_USER_SESSION; T_AU_ACTIVITY_LOG","True"
"PKG_LG.P_GET_USER_SESSION","PKG_LG","Low-Confidence / Needs Verification","IsLoginSessionExist","cs","T_USER_SESSION","","T_USER; T_CURSOR; T_USER_SESSION","True"
"PKG_LG.P_GET_USER","PKG_LG","Confirmed Active","ChangePassword; KillExistSession","cs","T_USER; T_USER_MAPING; V_SERVICE_EMPLOYEEINFO; T_AUDITEE_ENTITIES; T_GROUPS","","T_USER; T_CURSOR; T_USER_MAPING; V_SERVICE_EMPLOYEEINFO; T_AUDITEE_ENTITIES; T_GROUPS","True"
"PKG_LG.SESSION_KILL","PKG_LG","Confirmed Active","KillExistSession; TerminateIdleSession","cs","","T_USER_SESSION","T_USER_SESSION","True"
"PKG_LG.USER_SESSION","PKG_LG","Confirmed Active","AutheticateLogin; CreateLoginSession","cs","T_USER_SESSION; T_AU_ACTIVITY_LOG","T_USER_SESSION; T_AU_ACTIVITY_LOG","T_USER_SESSION; T_AU_ACTIVITY_LOG","True"
"PKG_LG.P_GETTOPMENUS","PKG_LG","Confirmed Active","GetTopMenus","cs","T_MENU; T_MENU_PAGES; T_MENU_PAGES_GROUPMAP","","T_USER_GROUP_MAP; T_CURSOR; T_MENU; T_MENU_PAGES; T_MENU_PAGES_GROUPMAP","True"
"PKG_LG.P_GETTOPMENUPAGES","PKG_LG","Likely Active","GetMenuPagesId; GetTopMenuPages","cs","T_MENU_PAGES; T_MENU_PAGES_GROUPMAP; T_MENU_SUB","","T_MENU_PAGES_GROUPMAP; T_CURSOR; T_MENU_PAGES; T_MENU_SUB","True"
"PKG_LG.P_GETAPIPERMISSIONS","PKG_LG","Low-Confidence / Needs Verification","GetApiPermissions","cs","T_AU_ROLE_API_PERMISSION; T_AU_API_MASTER","","T_CURSOR; T_AU_ROLE_API_PERMISSION; T_AU_API_MASTER","True"
"PKG_CM.P_CAU_OM_YEAR","PKG_CM","Confirmed Active","GetInsYearsForCAU","cs","T_CAU_PERIOD","","T_CURSOR; T_CAU_PERIOD","True"
"PKG_CM.P_CAU_ARPSE_YEAR","PKG_CM","Confirmed Active","GetParaPrintingYearsForCAU","cs","T_CAU_ARPSES_PERIOD","","T_CURSOR; T_CAU_ARPSES_PERIOD","True"
"PKG_PG.P_UPDATE_AUDITPERIOD","PKG_PG","Confirmed Active","UpdateAuditPeriod","cs","DUAL","T_AU_PERIOD","T_CURSOR; T_AU_PERIOD","True"
"PKG_PG.P_ADDAUDITPERIOD","PKG_PG","Confirmed Active","AddAuditPeriod","cs","T_AU_PERIOD; T_AU_REMARKS","T_AU_PERIOD","T_AU_PERIOD; T_CURSOR; T_AU_REMARKS","True"
"PKG_PG.P_GETAUDITTEAMS","PKG_PG","Confirmed Active","GetAuditTeams","cs","T_AU_TEAM_MEMBERS; T_AUDITEE_ENTITIES","","T_CURSOR; T_AU_TEAM_MEMBERS; T_AUDITEE_ENTITIES","True"
"PKG_PG.P_ADDAUDITTEAM","PKG_PG","Confirmed Active","AddAuditTeam","cs","T_AU_TEAM_MEMBERS; T_AU_ACTIVITY_LOG; T_USER; T_AUDITEE_ENTITIES; T_USER_MAPING; DUAL","T_AU_ACTIVITY_LOG; T_AU_TEAM_MEMBERS; T_USER_MAPING","T_AU_TEAM_MEMBERS; T_ID; T_CURSOR; T_P; T_AU_ACTIVITY_LOG; T_CODE; T_USER; T_AUDITEE_ENTITIES; T_USER_MAPING","True"
"PKG_PG.P_DELETEAUDITTEAM","PKG_PG","Confirmed Active","DeleteAuditTeam","cs","T_AU_ACTIVITY_LOG","T_AU_ACTIVITY_LOG; T_AU_TEAM_MEMBERS","T_AU_ACTIVITY_LOG; T_AU_TEAM_MEMBERS; T_ID","True"
"PKG_PG.P_MAXTEAMID","PKG_PG","Confirmed Active","GetLatestTeamID","cs","T_AU_TEAM_MEMBERS; T_AU_AUDIT_TEAMS","","T_CURSOR; T_ID; T_AU_TEAM_MEMBERS; T_AU_AUDIT_TEAMS","True"
"PKG_PG.P_ADDAUDITCRITERIA","PKG_PG","Confirmed Active","AddAuditCriteria","cs","T_AUDIT_CRITERIA; T_AU_PERIOD; T_AUDITEE_ENTITIES; T_AUDIT_FREQUENCY; T_AUDIT_CRITERIA_LOG; T_AU_REMARKS","T_AUDIT_CRITERIA; T_AUDIT_CRITERIA_LOG","T_AUDIT_CRITERIA; T_AUDIT_CRITERIA_LOG; T_CURSOR; T_AU_PERIOD; T_AUDITEE_ENTITIES; T_AUDIT_FREQUENCY; T_AU_REMARKS","True"
"PKG_PG.P_UPDATEAUDITCRITERIA","PKG_PG","Confirmed Active","UpdateAuditCriteria","cs","T_AU_ACTIVITY_LOG; T_AUDIT_CRITERIA_LOG","T_AU_ACTIVITY_LOG; T_AUDIT_CRITERIA; T_AUDIT_CRITERIA_LOG","T_AUDIT_CRITERIA; T_AU_ACTIVITY_LOG; T_AUDIT_CRITERIA_LOG","True"
"PKG_PG.P_SETAUDITCRITERIASTATUSREFERREDBACK","PKG_PG","Confirmed Active","SetAuditCriteriaStatusReferredBack","cs","T_AU_ACTIVITY_LOG; T_AUDIT_CRITERIA_LOG","T_AU_ACTIVITY_LOG; T_AUDIT_CRITERIA; T_AUDIT_CRITERIA_LOG","T_AUDIT_CRITERIA; T_AU_ACTIVITY_LOG; T_AUDIT_CRITERIA_LOG","True"
"PKG_PG.P_SETAUDITCRITERIASTATUSAPPROVE","PKG_PG","Confirmed Active","SetAuditCriteriaStatusApprove","cs","T_AU_ACTIVITY_LOG; T_AUDIT_CRITERIA_LOG; DUAL","T_AU_ACTIVITY_LOG; T_AUDIT_CRITERIA; T_AUDIT_CRITERIA_LOG","T_AUDIT_CRITERIA; T_CURSOR; T_AU_ACTIVITY_LOG; T_AUDIT_CRITERIA_LOG","True"
"PKG_PG.P_GETPENDINGAUDITCRITERIAS","PKG_PG","Confirmed Active","GetPendingAuditCriterias","cs","T_AU_ACTIVITY_LOG; T_AUDITEE_ENTITIES_MAPING; T_AUDITEE_ENT_TYPES; T_AUDIT_CRITERIA; T_AU_PERIOD; T_RISK; T_AUDIT_FREQUENCY; T_AUDITEE_ENTITIES_SIZE_DISC; T_AUDIT_CRITERIA_LOG; T_AUDITEE_ENTITIES","T_AU_ACTIVITY_LOG","T_CURSOR; V_F; T_AU_ACTIVITY_LOG; T_AUDITEE_ENTITIES_MAPING; T_AUDITEE_ENT_TYPES; T_AUDIT_CRITERIA; T_AU_PERIOD; T_RISK; T_AUDIT_FREQUENCY; T_AUDITEE_ENTITIES_SIZE_DISC; T_AUDIT_CRITERIA_LOG; T_AUDITEE_ENTITIES","True"
"PKG_PG.P_GETREFFEREDBACKAUDITCRITERIAS","PKG_PG","Confirmed Active","GetRefferedBackAuditCriterias","cs","T_AU_ACTIVITY_LOG; T_AUDITEE_ENTITIES; T_AUDIT_CRITERIA; T_AU_PERIOD; T_AUDITEE_ENT_TYPES; T_RISK; T_AUDIT_FREQUENCY; T_AUDITEE_ENTITIES_SIZE_DISC; T_AUDIT_CRITERIA_LOG","T_AU_ACTIVITY_LOG","T_CURSOR; T_AU_ACTIVITY_LOG; T_AUDITEE_ENTITIES; T_AUDIT_CRITERIA; T_AU_PERIOD; T_AUDITEE_ENT_TYPES; T_RISK; T_AUDIT_FREQUENCY; T_AUDITEE_ENTITIES_SIZE_DISC; T_AUDIT_CRITERIA_LOG","True"
"PKG_PG.P_GETPOSTCHANGESAUDITCRITERIAS","PKG_PG","Confirmed Active","GetPostChangesAuditCriterias","cs","T_AU_ACTIVITY_LOG; T_AUDITEE_ENTITIES; T_AUDIT_CRITERIA; T_AU_PERIOD; T_AUDITEE_ENT_TYPES; T_RISK; T_AUDIT_FREQUENCY; T_AUDITEE_ENTITIES_SIZE_DISC; T_AUDIT_CRITERIA_LOG","T_AU_ACTIVITY_LOG","T_CURSOR; T_AU_ACTIVITY_LOG; T_AUDITEE_ENTITIES; T_AUDIT_CRITERIA; T_AU_PERIOD; T_AUDITEE_ENT_TYPES; T_RISK; T_AUDIT_FREQUENCY; T_AUDITEE_ENTITIES_SIZE_DISC; T_AUDIT_CRITERIA_LOG","True"
"PKG_PG.TENTATIVE_AUDIT_PLAN","PKG_PG","Confirmed Active","GeneratePlanForAuditCriteria","cs","T_AU_ACTIVITY_LOG; T_AUDIT_CRITERIA; T_AUDIT_FREQUENCY; T_AU_PERIOD; T_AUDITEE_ENTITIES; T_AUDITEE_ENTITIES_SIZE_DISC; T_RISK_STATUS; T_AU_REMARKS","T_AU_ACTIVITY_LOG; T_AU_PLAN; T_AUDIT_CRITERIA","T_AUDIT_CRITERIA; T_CURSOR; V_F; T_AU_ACTIVITY_LOG; T_AUDIT_FREQUENCY; T_AU_PLAN; T_AU_PERIOD; T_AUDITEE_ENTITIES; T_AUDITEE_ENTITIES_SIZE_DISC; T_RISK_STATUS; T_AU_REMARKS","True"
"PKG_PG.P_GETAUDITENTITIES","PKG_PG","Confirmed Active","GetAuditEntities","cs","T_AUDITEE_ENT_TYPES","","T_CURSOR; T_AUDITEE_ENT_TYPES","True"
"PKG_AIS.P_GETAUDITEEENTITIESFOROLDPARAS","PKG_AIS","Confirmed Active","GetAuditeeEntitiesForOldParas","cs","T_AU_OBSERVATION_OLD_CAD_PARAS","","T_AU_OLD_PARAS_FAD; T_CURSOR; T_AU_OBSERVATION_OLD_CAD_PARAS","True"
"PKG_PG.P_GETAUDITEEENTITIES","PKG_PG","Confirmed Active","GetEntitiesByParentEntityTypeId","cs","T_AUDITEE_ENTITIES; T_AUDITEE_ENT_TYPES","","T_CURSOR; T_AUDITEE_ENTITIES; T_AUDITEE_ENT_TYPES","True"
"PKG_LG.P_CHANGEPASSWORD","PKG_LG","Confirmed Active","ChangePassword; ChangePasswordForUser","cs","T_AU_ACTIVITY_LOG","T_USER; T_AU_ACTIVITY_LOG","T_USER; T_AU_ACTIVITY_LOG","True"
"PKG_AIS.P_GETDEPARTMENTS","PKG_AIS","Confirmed Active","GetDepartments; GetDivisions","cs; RPT","T_AUDITEE_ENTITIES; T_AUDITEE_ENTITIES_MAPING","","T_CURSOR; T_AUDITEE_ENTITIES; T_AUDITEE_ENTITIES_MAPING","True"
"PKG_PG.P_GETAUDITEMPLOYEES","PKG_PG","Confirmed Active","GetAuditEmployees","cs","T_AUDIT_EMP; T_USER","","T_CURSOR; T_AUDIT_EMP; T_USER","True"
"PKG_PG.P_GETAUDITOPERATIONALSTARTDATE","PKG_PG","Confirmed Active","GetAuditOperationalStartDate","cs","T_AU_PLAN_ENG; D.OPERATION_ENDDATE","","T_CURSOR; T_AU_PLAN_ENG","True"
"PKG_PG.P_GETAUDITENGAGEMENTPLANS","PKG_PG","Confirmed Active","GetAuditEngagementPlans","cs","T_AU_ACTIVITY_LOG; T_AU_PLAN_ENG; T_AUDITEE_ENTITIES","T_AU_ACTIVITY_LOG","T_CURSOR; T_AU_ACTIVITY_LOG; T_AU_PLAN_ENG; T_AUDITEE_ENTITIES","True"
"PKG_PG.P_ADDAUDITENGAGEMENTPLAN","PKG_PG","Confirmed Active","AddAuditEngagementPlan","cs","T_AU_ACTIVITY_LOG; T_AU_REMARKS; T_AU_PLAN_ENG; T_AU_AUDIT_TEAM_TASKLIST; T_AUDITEE_ENTITIES; T_AU_PLAN_ENG_LOG; T_AU_AUDIT_TEAMS; T_AU_TEAM_MEMBERS","T_AU_ACTIVITY_LOG; T_AU_PLAN_ENG; T_AU_PLAN_ENG_LOG; T_AU_AUDIT_TEAMS; T_AU_PLAN","T_CURSOR; T_I; T_AU_ACTIVITY_LOG; T_AU_REMARKS; T_AU_PLAN_ENG; T_AU_AUDIT_TEAM_TASKLIST; T_AUDITEE_ENTITIES; T_AU_PLAN_ENG_LOG; T_AU_AUDIT_TEAMS; T_NAME; T_CODE; T_ID; T_AU_TEAM_MEMBERS; T_AU_PLAN","True"
"PKG_PG.P_ADDAUDITTEAMTASKLIST","PKG_PG","Confirmed Active","AddAuditEngagementPlan","cs","T_AU_ACTIVITY_LOG; T_AU_TEAM_MEMBERS; T_AU_AUDIT_TEAM_TASKLIST; T_AUDITEE_ENTITIES; T_AU_PLAN_ENG","T_AU_ACTIVITY_LOG; T_AU_AUDIT_TEAM_TASKLIST","V_F; T_AU_ACTIVITY_LOG; T_AU_TEAM_MEMBERS; T_ID; T_AU_AUDIT_TEAM_TASKLIST; T_AUDITEE_ENTITIES; T_AU_PLAN_ENG","True"
"PKG_PG.P_REFFEREDBACKAUDITENGAGEMENTPLAN","PKG_PG","Confirmed Active","RefferedBackAuditEngagementPlan","cs","T_AU_ACTIVITY_LOG; T_AU_PLAN_ENG; T_AU_PLAN_ENG_LOG","T_AU_ACTIVITY_LOG; T_AU_PLAN_ENG; T_AU_PLAN; T_AU_PLAN_ENG_LOG","T_AU_ACTIVITY_LOG; T_AU_PLAN_ENG; T_AU_PLAN; T_AU_PLAN_ENG_LOG","True"
"PKG_PG.P_RERECOMMENDAUDITENGAGEMENTPLAN","PKG_PG","Confirmed Active","RerecommendAuditEngagementPlan","cs","T_AU_ACTIVITY_LOG; T_AU_REMARKS; T_AU_AUDIT_TEAM_TASKLIST; T_AU_TEAM_MEMBERS; T_AU_PLAN_ENG_LOG; T_AU_AUDIT_TEAMS; T_AUDITEE_ENTITIES; T_AU_PLAN_ENG","T_AU_ACTIVITY_LOG; T_AU_AUDIT_TEAM_TASKLIST; T_AU_PLAN_ENG; T_AU_PLAN_ENG_LOG; T_AU_AUDIT_TEAMS; T_AU_PLAN","T_CURSOR; T_I; V_F; T_AU_ACTIVITY_LOG; T_AU_REMARKS; T_AU_AUDIT_TEAM_TASKLIST; T_AU_PLAN_ENG; T_AU_TEAM_MEMBERS; T_ID; T_AU_PLAN_ENG_LOG; T_AU_AUDIT_TEAMS; T_NAME; T_CODE; T_AU_PLAN; T_AUDITEE_ENTITIES","True"
"PKG_PG.P_APPROVEAUDITENGAGEMENTPLAN","PKG_PG","Confirmed Active","ApproveAuditEngagementPlan","cs","T_AU_ACTIVITY_LOG; T_AU_PLAN_ENG; T_AU_PLAN_ENG_LOG","T_AU_ACTIVITY_LOG; T_AU_PLAN_ENG; T_AU_PLAN; T_AU_AUDIT_TEAM_TASKLIST; T_AU_AUDIT_TEAMS; T_AU_PLAN_ENG_LOG","T_AU_ACTIVITY_LOG; T_AU_PLAN_ENG; T_AU_PLAN; T_AU_AUDIT_TEAM_TASKLIST; T_AU_AUDIT_TEAMS; T_AU_PLAN_ENG_LOG","True"
"PKG_LG.P_GETRISKPROCESSDEFINITION","PKG_LG","Confirmed Active","GetRiskProcessDefinition","cs","T_AUDIT_CHECKLIST","","T_CURSOR; T_AUDIT_CHECKLIST; T_ID","True"
"PKG_PG.P_GETAUDITFREQUENCIES","PKG_PG","Confirmed Active","GetAuditFrequencies","cs","T_AUDIT_FREQUENCY","","T_CURSOR; T_AUDIT_FREQUENCY","True"
"PKG_AI.P_GETGLHEADSUMMARY","PKG_AI","Likely Active","GetGlheadDetails","cs","","","","False"
"PKG_AI.P_GETGLHEADSUM","PKG_AI","Confirmed Active","GetGlheadSubDetails","cs","","","","False"
"PKG_AI.P_GETLOANCASEDETAILS","PKG_AI","Confirmed Active","GetLoanCaseDetails","cs","","","","False"
"PKG_AIS.P_GETLOANCASEDOCUMENTS","PKG_AIS","Confirmed Active","GetLoanCaseDocuments","cs","","","","False"
"PKG_AI.P_GETINCOMEEXPENCEDETAILS","PKG_AI","Confirmed Active","GetIncomeExpenceDetails","cs","","","","False"
"PKG_AIS.P_GETDEPOSITACCOUNTDETAILS","PKG_AIS","Low-Confidence / Needs Verification","GetDepositAccountdetails","cs","","","","False"
"PKG_AI.P_GETDEPOSITACCOUNTSUBDETAILS","PKG_AI","Confirmed Active","GetDepositAccountSubdetails","cs","","","","False"
"PKG_AI.P_GETBRANCHDESBURSEMENTACCOUNTDETAILS","PKG_AI","Confirmed Active","GetBranchDesbursementAccountdetails","cs","","","","False"
"PKG_LG.P_GETLOGGEDINUSERENGID","PKG_LG","Likely Active","GetLoggedInUserEngId","cs","T_AU_AUDIT_JOINING","","T_CURSOR; T_AU_AUDIT_JOINING","True"
"PKG_AIS.P_GETRISKDESCBYID","PKG_AIS","Likely Active","GetRiskDescByID","cs","T_RISK","","T_CURSOR; T_RISK","True"
"PKG_PG.P_GETLATESTCOMMENTSONENGAGEMENT","PKG_PG","Likely Active","GetLatestCommentsOnEngagement","cs","T_AU_PLAN_ENG_LOG","","T_CURSOR; T_AU_PLAN_ENG_LOG","True"
"PKG_PG.P_GET_CRITERIA_ENT_COUNT","PKG_PG","Confirmed Active","GetExpectedCountOfAuditEntitiesOnCriteria","cs","T_AUDIT_CRITERIA; T_AU_PERIOD; T_AUDITEE_ENTITIES; T_AUDIT_FREQUENCY","T_AUDIT_CRITERIA","T_CURSOR; T_AUDIT_CRITERIA; T_AU_PERIOD; T_AUDITEE_ENTITIES; T_AUDIT_FREQUENCY","True"
"PKG_PG.P_DELETEPENDINGCRITERIA","PKG_PG","Confirmed Active","DeletePendingCriteria","cs","T_AU_ACTIVITY_LOG; T_AUDIT_CRITERIA; T_AUDIT_CRITERIA_LOG","T_AU_ACTIVITY_LOG; T_AUDIT_CRITERIA; T_AUDIT_CRITERIA_LOG","V_F; T_AU_ACTIVITY_LOG; T_AUDIT_CRITERIA; T_AUDIT_CRITERIA_LOG","True"
"PKG_PG.P_SUBMITAUDITCRITERIAFORAPPROVAL","PKG_PG","Confirmed Active","SubmitAuditCriteriaForApproval","cs","T_AU_ACTIVITY_LOG","T_AU_ACTIVITY_LOG; T_AUDIT_CRITERIA","T_AU_ACTIVITY_LOG; T_AUDIT_CRITERIA","True"
"PKG_AIS_EMAIL.P_ADDAUDITCRITERIA","PKG_AIS_EMAIL","Confirmed Active","SubmitAuditCriteriaForApproval","cs","","","","False"
"PKG_AIS.P_GETCOSORISKFORDEPARTMENT","PKG_AIS","Confirmed Active","GetCOSORiskForBranches; GetCOSORiskForDepartment","cs","T_COSO_RATING_DEPARTMENT_INHERITED_RISK; T_COSO_RATING_DEPARTMENT_FINAL; T_AU_PERIOD; T_AUDITEE_ENTITIES","","T_CURSOR; T_COSO_RATING_DEPARTMENT_INHERITED_RISK; T_COSO_RATING_DEPARTMENT_FINAL; T_AU_PERIOD; T_AUDITEE_ENTITIES","True"
"PKG_CM.P_CAU_OM","PKG_CM","Confirmed Active","CAUOMAssignment","cs","T_CAU_OM","T_CAU_OM","T_CAU_OM; T_CURSOR","True"
"PKG_CM.P_CAU_OM_REPLY","PKG_CM","Confirmed Active","CAUOMAssignment","cs","T_CAU_OM","T_CAU_OM_RESPONSE","T_CAU_OM_RESPONSE; T_CURSOR; T_CAU_OM","True"
"PKG_CM.P_CAU_AIR","PKG_CM","Confirmed Active","CAUOMAssignmentAIR","cs","T_CAU_AIR; DUAL","T_CAU_AIR","T_CAU_AIR; T_CURSOR","True"
"PKG_CM.P_CAU_AIR_REPLY","PKG_CM","Confirmed Active","CAUOMAssignmentAIR","cs","T_CAU_AIR_RESPONSE","T_CAU_AIR_RESPONSE","T_CAU_AIR_RESPONSE; T_CURSOR","True"
"PKG_CM.T_CAU_PDP","PKG_CM","Confirmed Active","CAUOMAssignmentPDP","cs","T_CAU_DAC_RECOMMENDATION","T_CAU_DAC_RECOMMENDATION","T_CAU_PDP; T_CAU_DAC_RECOMMENDATION; T_CURSOR","True"
"PKG_CM.T_CAU_ARPSE","PKG_CM","Confirmed Active","CAUOMAssignmentARPSE","cs","T_CAU_PAC_DIRECTIVES","T_CAU_PAC_DIRECTIVES","T_CAU_ARPSE; T_CAU_PAC_DIRECTIVES; T_CURSOR","True"
"PKG_CM.P_CAU_OM_GET","PKG_CM","Confirmed Active","CAUGetPreAddedOM","cs","T_CAU_OM","","T_CAU_OM; T_CURSOR","True"
"PKG_CM.P_CAUGETASSIGNEDOMS","PKG_CM","Confirmed Active","CAUGetAssignedOMs","cs","T_CAU_OM; T_CAU_STATUS","","T_CURSOR; T_CAU_OM; T_CAU_STATUS","True"
"PKG_PG.P_GETCCQ","PKG_PG","Confirmed Active","GetCCQ","cs","T_AU_ACTIVITY_LOG; T_AU_CCQ; T_AUDITEE_ENTITIES; T_COSO_RISK; T_CONTROL_VIOLATION","T_AU_ACTIVITY_LOG","T_CURSOR; T_AU_ACTIVITY_LOG; V_NAME; T_AU_CCQ; T_AUDITEE_ENTITIES; T_COSO_RISK; T_CONTROL_VIOLATION","True"
"PKG_PG.P_UPDATECCQ","PKG_PG","Confirmed Active","UpdateCCQ","cs","T_AU_ACTIVITY_LOG; T_RISK","T_AU_ACTIVITY_LOG; T_AU_CCQ","T_AU_ACTIVITY_LOG; T_RISK; T_AU_CCQ","True"
"PKG_AIS.P_AUDITEEOLDPARARESPONSE","PKG_AIS","Confirmed Active","AuditeeOldParaResponse","cs","","","","False"
"PKG_AIS.P_GETOLDPARASAUDITYEAR","PKG_AIS","Confirmed Active","GetOldParasAuditYear","cs","T_AU_OLD_PARAS_FAD","","T_CURSOR; T_AU_OLD_PARAS_FAD","True"
"PKG_AIS.P_GETOUTSTANDINGPARASAUDITYEAR","PKG_AIS","Low-Confidence / Needs Verification","GetOutstandingParasAuditYear","cs","T_AU_OBSERVATION_OLD_CAD_PARAS","","T_CURSOR; T_AU_OBSERVATION_OLD_CAD_PARAS","True"
"PKG_AIS.P_GETUSERWISEOLDPARASPERFORMANCE","PKG_AIS","Confirmed Active","GetUserWiseOldParasPerformance","cs","V_REPORT_AZ_EMP_PROGRESS; V_REPORT_AZ_PROGRESS","","T_CURSOR; V_REPORT_AZ_EMP_PROGRESS; V_REPORT_AZ_PROGRESS","True"
"PKG_AI.P_GETSTAFFPOSITION","PKG_AI","Likely Active","GetStaffPosition","cs","","","","False"
"PKG_AIS.P_ADDDIVISIONALHEADREMARKSONFUNCTIONALLEGACYPARA","PKG_AIS","Confirmed Active","AddDivisionalHeadRemarksOnFunctionalLegacyPara","cs","T_AU_OLD_FUNCTIONAL_PARA_DIVISION_HEAD_REMARKS; T_AU_OLD_PARAS_FAD","T_AU_OLD_FUNCTIONAL_PARA_DIVISION_HEAD_REMARKS","T_AU_OLD_FUNCTIONAL_PARA_DIVISION_HEAD_REMARKS; T_AU_OLD_PARAS_FAD","True"
"PKG_AI.P_GETGLHEADSUMMARY_YEARLY","PKG_AI","Confirmed Active","GetGlheadDetailsyearwise","cs","T_AU_PREINFO_GLDAYENDBALANCE; T_AUDITEE_ENTITIES; T_AU_PLAN_ENG; T_AU_AUDIT_JOINING; T_AU_AUDIT_TEAM_TASKLIST; T_AU_PREINFO_GL_TYPE","","T_CURSOR; T_AU_PREINFO_GLDAYENDBALANCE; T_AUDITEE_ENTITIES; T_AU_PLAN_ENG; T_AU_AUDIT_JOINING; T_AU_AUDIT_TEAM_TASKLIST; T_AU_PREINFO_GL_TYPE","True"
"PKG_AI.P_GETDEPOSITACCOUNTCATEGORY","PKG_AI","Likely Active","GetDepositCat","cs","","","","False"
"PKG_AIS.P_GETDEPOSITACCOUNTCATEGORY_DETAILS","PKG_AIS","Confirmed Active","GetDepositAccountcatdetails","cs","","","","False"
"PKG_AI.P_PREAUDITINFO_LOAN_SCHEME","PKG_AI","Likely Active","GetLoansScheme","cs","","","","False"
"PKG_AI.P_PREAUDITINFO_LOAN_SCHEME_YEARLY","PKG_AI","Likely Active","GetLoansSchemeYearly","cs","","","","False"
"PKG_PG.P_GET_SPECICAL_AUDIT_FOR_APPROVAL","PKG_PG","Confirmed Active","GetSaveSpecialAuditPlan","cs","T_AU_PRE_PLAN; T_AU_PERIOD; T_AUDIT_FREQUENCY; T_AUDITEE_ENTITIES_MAPING; T_AUDITEE_ENT_TYPES; T_AUDITEE_ENTITIES; T_AU_OLD_AUDIT_NATURE","","T_CURSOR; T_AU_PRE_PLAN; T_AU_PERIOD; T_AUDIT_FREQUENCY; T_AUDITEE_ENTITIES_MAPING; T_AUDITEE_ENT_TYPES; T_AUDITEE_ENTITIES; T_AU_OLD_AUDIT_NATURE","True"
"PKG_PG.P_ADD_SPECIAL_AUDIT_PLAN","PKG_PG","Confirmed Active","AddSpecialAuditPlan","cs","T_AU_PRE_PLAN; T_AUDITEE_ENTITIES; DUAL","T_AU_PRE_PLAN","T_CURSOR; T_AU_PRE_PLAN; T_AUDITEE_ENTITIES","True"
"PKG_PG.P_UPDATE_SPECIAL_AUDIT","PKG_PG","Confirmed Active","DeleteSpecialAuditPlan; SubmitSpecialAuditPlan","cs","DUAL; T_AU_PRE_PLAN; T_AU_PERIOD; T_AUDITEE_ENTITIES_MAPING; T_AUDITEE_ENTITIES","T_AU_PRE_PLAN; T_AU_PLAN","T_CURSOR; T_AU_PRE_PLAN; T_AU_PLAN; T_AU_PERIOD; T_AUDITEE_ENTITIES_MAPING; T_AUDITEE_ENTITIES","True"
"PKG_AR.P_DELETE_RESPONSIBILITY","PKG_AR","Confirmed Active","DeleteResponsibilityFromObservation","cs","T_AU_OBSERVATION; T_AU_OBSERVATION_RESPONIBILITY_ASSIGNED; DUAL","T_AU_OBSERVATION_RESPONIBILITY_ASSIGNED","T_CURSOR; T_AU_OBSERVATION; T_AU_OBSERVATION_RESPONIBILITY_ASSIGNED","True"
"PKG_DB.P_GET_DASH_TABLE_FUNCTIONWISE_NAMES","PKG_DB","Likely Active","GetFunctionalListForDashboard","DB","T_AU_ACTIVITY_LOG; V_REPORT_DASHBORAD_DETAIL; T_AUDIT_CHECKLIST_DETAILS; T_AUDIT_CHECKLIST_SUB; T_AUDIT_CHECKLIST; T_AUDITEE_ENTITIES","T_AU_ACTIVITY_LOG","T_CURSOR; T_AU_ACTIVITY_LOG; V_REPORT_DASHBORAD_DETAIL; T_AUDIT_CHECKLIST_DETAILS; T_AUDIT_CHECKLIST_SUB; T_AUDIT_CHECKLIST; T_ID; T_AUDITEE_ENTITIES","True"
"PKG_DB.P_GET_DASH_TABLE_FUNCTIONWISE_NAMES_CHECKLIST","PKG_DB","Confirmed Active","GetViolationListForDashboard","DB","T_AU_ACTIVITY_LOG; V_REPORT_DASHBORAD_DETAIL; T_AUDIT_CHECKLIST_DETAILS; T_AUDIT_CHECKLIST_SUB; T_AUDIT_CHECKLIST; T_AUDITEE_ENTITIES","T_AU_ACTIVITY_LOG","T_CURSOR; T_AU_ACTIVITY_LOG; T_ID; V_REPORT_DASHBORAD_DETAIL; T_AUDIT_CHECKLIST_DETAILS; T_AUDIT_CHECKLIST_SUB; T_AUDIT_CHECKLIST; T_AUDITEE_ENTITIES","True"
"PKG_DB.P_GET_DASH_TABLE_FUNCTIONWISE_NAMES_CHECKLIST_SUB","PKG_DB","Confirmed Active","GetSubViolationListForDashboard","DB","T_AU_ACTIVITY_LOG; V_REPORT_DASHBORAD_DETAIL; T_AUDIT_CHECKLIST_DETAILS; T_AUDIT_CHECKLIST_SUB; T_AUDIT_CHECKLIST; T_AUDITEE_ENTITIES","T_AU_ACTIVITY_LOG","T_CURSOR; T_AU_ACTIVITY_LOG; V_REPORT_DASHBORAD_DETAIL; T_AUDIT_CHECKLIST_DETAILS; T_AUDIT_CHECKLIST_SUB; T_AUDIT_CHECKLIST; T_ID; T_AUDITEE_ENTITIES","True"
"PKG_DB.P_GET_DASH_TABLE_FUNCTIONWISE_NAMES_HO","PKG_DB","Confirmed Active","GetHOFunctionalListForDashboard","DB","V_GET_DASH_TABLE_FUNCTIONWISE_NAMES_HO; T_COSO_RATING_FACTORS; T_CONTROL_VIOLATION_SUB; T_RISK; T_AUDITEE_ENTITIES","","T_CURSOR; V_GET_DASH_TABLE_FUNCTIONWISE_NAMES_HO; T_COSO_RATING_FACTORS; V_CAT_ID; T_CONTROL_VIOLATION_SUB; V_CAT_NATURE_ID; T_RISK; T_AUDITEE_ENTITIES","True"
"PKG_DB.P_GET_DASH_TABLE_FUNCTIONWISE_NAMES_CHECKLIST_HO","PKG_DB","Confirmed Active","GetHOViolationListForDashboard","DB","V_GET_DASH_TABLE_FUNCTIONWISE_NAMES_HO; T_COSO_RATING_FACTORS; T_CONTROL_VIOLATION_SUB; T_RISK; T_AUDITEE_ENTITIES","","T_CURSOR; T_ID; V_GET_DASH_TABLE_FUNCTIONWISE_NAMES_HO; T_COSO_RATING_FACTORS; V_CAT_ID; T_CONTROL_VIOLATION_SUB; V_CAT_NATURE_ID; T_RISK; T_AUDITEE_ENTITIES","True"
"PKG_DB.P_GET_DASH_TABLE_FUNCTIONWISE_NAMES_CHECKLIST_SUB_HO","PKG_DB","Confirmed Active","GetHOSubViolationListForDashboard","DB","V_GET_DASH_TABLE_FUNCTIONWISE_NAMES_HO; T_COSO_RATING_FACTORS; T_CONTROL_VIOLATION_SUB; T_RISK; T_AUDITEE_ENTITIES","","T_CURSOR; V_GET_DASH_TABLE_FUNCTIONWISE_NAMES_HO; T_COSO_RATING_FACTORS; V_CAT_ID; T_CONTROL_VIOLATION_SUB; V_CAT_NATURE_ID; T_RISK; T_AUDITEE_ENTITIES","True"
"PKG_DB.P_GETCHILDPOSTING","PKG_DB","Confirmed Active","GetchildpostingForDashboardPanel","DB","T_AUDITEE_ENT_RELATION","","T_CURSOR; T_AUDITEE_ENT_RELATION; T_AUDITEE_ENT_TYPES; T_AUDITEE_ENTITIES_MAPING; T_AUDITEE_ENTITIES","True"
"PKG_DB.P_GETPARENTREPOFFICE","PKG_DB","Confirmed Active","GetparentrepofficeForDashboardPanel","DB","T_AUDITEE_ENT_RELATION","","T_CURSOR; T_AUDITEE_ENT_RELATION; T_AUDITEE_ENT_TYPES; T_AUDITEE_ENTITIES_MAPING","True"
"PKG_DB.P_GETREALTIONSHIPTYPE","PKG_DB","Confirmed Active","GetrealtionshiptypeForDashboardPanel","DB","T_AUDITEE_ENT_RELATION; T_AUDITEE_ENTITIES_MAPING; T_AUDITEE_ENTITIES_MAPING_FUNCTION","","T_CURSOR; T_AUDITEE_ENT_RELATION; T_AUDITEE_ENTITIES_MAPING; T_AUDITEE_ENTITIES_MAPING_FUNCTION","True"
"PKG_DB.P_GETFUNCTIONALRESPONSIBILITYWISEPARA","PKG_DB","Confirmed Active","GetFunctionalResponsibilityWisePara","DB","V_FUNCTIONAL_RESPONSIBLITY; V_DASH_BORAD_OF_DIVISIONAL_HEAD","","T_CURSOR; V_FUNCTIONAL_RESPONSIBLITY; V_DASH_BORAD_OF_DIVISIONAL_HEAD","True"
"PKG_DB.P_GET_DASH_TABLE_FUNCTIONWISE","PKG_DB","Confirmed Active","GetFunctionalResponsibilityWiseParaForDashboard","DB","T_AU_OBSERVATION; T_AU_OBSERVATION_TEXT; T_AUDIT_CHECKLIST_ANNEXURE; T_AUDIT_CHECKLIST_DETAILS; T_AUDITEE_ENTITIES; T_AUDITEE_ENTITIES_MAPING; T_RISK; T_AU_PLAN_ENG; T_AU_PERIOD","","T_CURSOR; T_AU_OBSERVATION; T_AU_OBSERVATION_TEXT; T_AUDIT_CHECKLIST_ANNEXURE; T_AUDIT_CHECKLIST_DETAILS; T_AUDITEE_ENTITIES; T_AUDITEE_ENTITIES_MAPING; T_RISK; T_AU_PLAN_ENG; T_AU_PERIOD","True"
"PKG_DB.P_GET_DASH_TABLE_FUNCTIONWISE_HO","PKG_DB","Confirmed Active","GetHOFunctionalResponsibilityWiseParaForDashboard","DB","V_GET_DASH_TABLE_FUNCTIONWISE_NAMES_HO; T_COSO_RATING_FACTORS; T_CONTROL_VIOLATION_SUB; T_RISK; T_AUDITEE_ENTITIES","","T_CURSOR; V_GET_DASH_TABLE_FUNCTIONWISE_NAMES_HO; T_COSO_RATING_FACTORS; V_CAT_ID; T_CONTROL_VIOLATION_SUB; V_CAT_NATURE_ID; T_RISK; T_AUDITEE_ENTITIES; V_ID","True"
"PKG_DB.P_GET_DASH_TABLE_V_WISE","PKG_DB","Confirmed Active","GetViolationWiseParaForDashboard","DB","V_REPORT_DASHBORAD_DETAIL; T_AUDIT_CHECKLIST_DETAILS; T_AUDIT_CHECKLIST_SUB; T_AUDIT_CHECKLIST; T_AUDITEE_ENTITIES; T_AUDITEE_ENTITIES_MAPING","","T_CURSOR; V_REPORT_DASHBORAD_DETAIL; T_AUDIT_CHECKLIST_DETAILS; T_AUDIT_CHECKLIST_SUB; T_AUDIT_CHECKLIST; T_ID; T_AUDITEE_ENTITIES; T_AUDITEE_ENTITIES_MAPING","True"
"PKG_DB.P_GET_DASH_TABLE_OLD","PKG_DB","Confirmed Active","GetRelationLegacyObservationForDashboard","DB","AIS_T_AU_POST_COMPLIANCE; T_AUDIT_CHECKLIST_ANNEXURE; T_AUDITEE_ENTITIES; T_AUDITEE_ENTITIES_MAPING","","T_CURSOR; AIS_T_AU_POST_COMPLIANCE; T_AUDIT_CHECKLIST_ANNEXURE; T_AUDITEE_ENTITIES; T_AUDITEE_ENTITIES_MAPING","True"
"PKG_DB.P_GET_DASH_TABLE_NEW","PKG_DB","Confirmed Active","GetRelationAISObservationForDashboard","DB","AIS_T_AU_POST_COMPLIANCE; T_AUDIT_CHECKLIST_ANNEXURE; T_AUDITEE_ENTITIES; T_AUDITEE_ENTITIES_MAPING","","T_CURSOR; AIS_T_AU_POST_COMPLIANCE; T_AUDIT_CHECKLIST_ANNEXURE; T_AUDITEE_ENTITIES; T_AUDITEE_ENTITIES_MAPING","True"
"PKG_DB.P_GET_DASH_TABLE","PKG_DB","Confirmed Active","GetRelationObservationForDashboard","DB","AIS_T_AU_POST_COMPLIANCE; T_AUDIT_CHECKLIST_ANNEXURE; T_AUDITEE_ENTITIES; T_AUDITEE_ENTITIES_MAPING","","T_CURSOR; AIS_T_AU_POST_COMPLIANCE; T_AUDIT_CHECKLIST_ANNEXURE; T_AUDITEE_ENTITIES; T_AUDITEE_ENTITIES_MAPING","True"
"PKG_DB.P_GET_RISK_BASEPLAN","PKG_DB","Confirmed Active","GetEntitiesRiskBasePlanForDashboard","DB","V_R_RISKBASE_PLANNING","","T_CURSOR; V_R_RISKBASE_PLANNING","True"
"PKG_DB.P_GET_AUDIT_PERFORMANCE","PKG_DB","Confirmed Active","GetAuditPerformanceForDashboard","DB","V_AUDIT_PERFORMANCE","","T_CURSOR; V_AUDIT_PERFORMANCE","True"
"PKG_DB.P_GET_DASHBORAD_SCORECARD","PKG_DB","Confirmed Active","GetAuditPerformanceChartForDashboard","DB","T_DASHBOARD_SCORECARD","","T_CURSOR; T_DASHBOARD_SCORECARD","True"
"PKG_DB.P_GET_DASH_REPETITIVE","PKG_DB","Confirmed Active","GetRepetativeParaForDashboard","DB","V_R_REPEATED_VOILATIONS","","T_CURSOR; V_R_REPEATED_VOILATIONS; T_ID","True"
"PKG_DB.P_FUNCTIONAL_REPORTING_OFFICE_WISE_ANALYSIS","PKG_DB","Confirmed Active","GetReportingOfficeWiseObservations","DB","AIS_T_AU_POST_COMPLIANCE; T_AUDIT_CHECKLIST_ANNEXURE; T_AUDITEE_ENTITIES_MAPING","","T_CURSOR; AIS_T_AU_POST_COMPLIANCE; T_AUDIT_CHECKLIST_ANNEXURE; T_AUDITEE_ENTITIES_MAPING","True"
"PKG_DB.P_FUNCTIONAL_ENTITY_WISE_ANALYSIS","PKG_DB","Confirmed Active","GetEntityWiseObservations","DB","V_P_FUNCTIONAL_ENTITY_WISE_ANALYSIS; T_AUDITEE_ENTITIES; V_GM_MAPPING; T_AUDITEE_ENTITIES_MAPING; V_P_FUNCTIONAL_ENTITY_WISE_ANALYSIS_OPS","","T_CURSOR; V_P_FUNCTIONAL_ENTITY_WISE_ANALYSIS; T_AUDITEE_ENTITIES; V_GM_MAPPING; T_AUDITEE_ENTITIES_MAPING; V_P_FUNCTIONAL_ENTITY_WISE_ANALYSIS_OPS","True"
"PKG_DB.P_FUNCTIONAL_ANALYSIS_DETAILS","PKG_DB","Confirmed Active","GetAnnexureWiseObservations","DB","PARA_ADDED_ON; P_REF_DATE; VW_AU_POST_COMPLIANCE_FULL; T_AUDIT_CHECKLIST_ANNEXURE_PROCESS; T_AUDIT_CHECKLIST_ANNEXURE_MAPPING; T_AUDIT_CHECKLIST_ANNEXURE; AIS_T_AU_POST_COMPLIANCE; T_AUDITEE_ENTITIES_MAPING","","T_CURSOR; T_AUDIT_CHECKLIST_ANNEXURE_PROCESS; T_AUDIT_CHECKLIST_ANNEXURE_MAPPING; T_AUDIT_CHECKLIST_ANNEXURE; AIS_T_AU_POST_COMPLIANCE; T_AUDITEE_ENTITIES_MAPING","True"
"PKG_DB.P_FUNCTION_ANNEXURE","PKG_DB","Low-Confidence / Needs Verification","GetFunctionAnnexures","DB","T_AUDIT_CHECKLIST_ANNEXURE; V_CIA_ANALYSIS; V_GM_MAPPING","","T_CURSOR; T_AUDIT_CHECKLIST_ANNEXURE; V_CIA_ANALYSIS; V_GM_MAPPING","True"
"PKG_DB.P_FUNCTIONAL_ENTITY_WISE_PARAS","PKG_DB","Confirmed Active","GetEntityWiseObservationDetail","DB","T_USER; V_DASH_BORAD_PARA_DEATILS; T_AUDITEE_ENTITIES_MAPING","","T_CURSOR; T_USER; V_DASH_BORAD_PARA_DEATILS; T_AUDITEE_ENTITIES_MAPING","True"
"PKG_DB.P_FUNCTION_ANNEXURE_PARAS","PKG_DB","Confirmed Active","GetFunctionalObservations","DB","T_AUDIT_CHECKLIST_ANNEXURE; V_CIA_ANALYSIS; T_AUDITEE_ENTITIES","","T_CURSOR; T_AUDIT_CHECKLIST_ANNEXURE; V_CIA_ANALYSIS; T_AUDITEE_ENTITIES","True"
"PKG_DB.P_FUNCTION_ANNEXURE_PARAS_TEXT","PKG_DB","Confirmed Active","GetFunctionalObservationText","DB","T_AU_OLD_PARAS_FAD; T_AU_OLD_PARAS_FAD_TEXT; T_AU_OBSERVATION; T_AU_OBSERVATION_TEXT","","T_CURSOR; T_AU_OLD_PARAS_FAD; T_AU_OLD_PARAS_FAD_TEXT; T_AU_OBSERVATION; T_AU_OBSERVATION_TEXT","True"
"PKG_DB.P_GET_DASH_TABLE_FUNCTIONWISE_PARA","PKG_DB","Confirmed Active","GetFunctionalRespDetailPara","DB","T_AUDIT_CHECKLIST_ANNEXURE; AIS_T_AU_POST_COMPLIANCE; T_AUDITEE_ENTITIES","","T_CURSOR; T_AUDIT_CHECKLIST_ANNEXURE; AIS_T_AU_POST_COMPLIANCE; T_AUDITEE_ENTITIES","True"
"PKG_DB.P_GET_DASH_TABLE_FUNCTIONWISE_PARA_SUMMARY","PKG_DB","Confirmed Active","GetFunctionalRespSummaryPara","DB","T_AUDIT_CHECKLIST_ANNEXURE; T_AUDIT_CHECKLIST_DETAILS; V_CIA_ANALYSIS; T_AUDITEE_ENTITIES; T_AUDITEE_ENTITIES_MAPING","","T_CURSOR; T_AUDIT_CHECKLIST_ANNEXURE; T_AUDIT_CHECKLIST_DETAILS; V_CIA_ANALYSIS; T_AUDITEE_ENTITIES; T_AUDITEE_ENTITIES_MAPING","True"
"PKG_DB.P_COMPLIANCE_SUMMARY","PKG_DB","Confirmed Active","GetComplianceSummary","DB","T_AUDITEE_ENTITIES_MAPING; V_GET_PARA_COMPLIANCE_SUMMARY; T_AUDITEE_ENT_TYPES","","T_CURSOR; V_F; T_AUDITEE_ENTITIES_MAPING; V_GET_PARA_COMPLIANCE_SUMMARY; T_AUDITEE_ENT_TYPES","True"
"PKG_FAD.P_GETAUDITCHECKLISTANNEXURECIRCULARS","PKG_FAD","Likely Active","GetAuditChecklistAnnexureCirculars","FAD","T_AUDIT_CHECKLIST_ANNEXURE_CIRCULAR","","T_AUDIT_CHECKLIST_ANNEXURE_CIRCULAR","True"
"PKG_AR.P_GET_RESPONSIBILITY_FOR_AUTHORIZE","PKG_AR","Confirmed Active","GetResponsibilityForAuthorize","FAD","T_AU_OBSERVATION_RESPONSIBILITY_UPDATED; V_SERVICE_EMPLOYEEINFO","","T_CURSOR; T_AU_OBSERVATION_RESPONSIBILITY_UPDATED; V_SERVICE_EMPLOYEEINFO","True"
"PKG_FAD.P_GETAUDITEMPLOYEES","PKG_FAD","Confirmed Active","GetFadAuditEmployees","FAD","T_AU_TBL_ALLOCATIONS; T_AUDIT_EMP","","T_CURSOR; T_AU_TBL_ALLOCATIONS; T_AUDIT_EMP","True"
"PKG_AR.P_RESPONIBILITYFOROLDPARA","PKG_AR","Confirmed Active","AddResponsibilityforoldparas","FAD","AIS_T_AU_POST_COMPLIANCE; DUAL; T_AU_OBSERVATION_RESPONSIBILITY_UPDATED","T_AU_OBSERVATION_RESPONSIBILITY_UPDATED; MULTIPLE","T_CURSOR; V_IND; V_MSG; V_ACTION; V_NEW_ID; AIS_T_AU_POST_COMPLIANCE; T_AU_OBSERVATION_RESPONSIBILITY_UPDATED","True"
"PKG_AR.P_GETOBSERVATIONSFORMANAGEAUDITPARAS","PKG_AR","Confirmed Active","GetObservationsForManageAuditParas","FAD","AIS_T_AU_POST_COMPLIANCE; T_RISK; T_AUDIT_CHECKLIST_ANNEXURE; T_AU_OBSERVATION_UPDATED_REFERENCE","","T_CURSOR; AIS_T_AU_POST_COMPLIANCE; T_RISK; T_AUDIT_CHECKLIST_ANNEXURE; T_AU_OBSERVATION_UPDATED_REFERENCE","True"
"PKG_AR.P_GETOBSERVATIONSDETAILSFORMANAGEAUDITPARAS","PKG_AR","Confirmed Active","GetObservationDetailsForManageAuditParas","FAD","AIS_T_AU_POST_COMPLIANCE; T_RISK; T_AUDIT_CHECKLIST_ANNEXURE; T_AU_OLD_PARAS_FAD_TEXT; T_AU_OBSERVATION_TEXT; T_AU_OBSERVATION_OLD_CAD_PARAS_TEXT","","T_CURSOR; AIS_T_AU_POST_COMPLIANCE; T_RISK; T_AUDIT_CHECKLIST_ANNEXURE; T_AU_OLD_PARAS_FAD_TEXT; T_AU_OBSERVATION_TEXT; T_AU_OBSERVATION_OLD_CAD_PARAS_TEXT","True"
"PKG_AR.GETRESPONSIBLEPPNOFOROLDPARA","PKG_AR","Confirmed Active","GetResponsiblePPNOforoldPara","FAD","V_GET_AUDITEE_PARAS_FAD_COMPLIANCE_PPNO; V_SERVICE_EMPLOYEEINFO","","T_CURSOR; V_GET_AUDITEE_PARAS_FAD_COMPLIANCE_PPNO; V_SERVICE_EMPLOYEEINFO","True"
"PKG_AR.P_GET_PARA_DETAILS_FOR_AUTHORIZE","PKG_AR","Confirmed Active","GetObservationsForMangeAuditParasForAuthorization","FAD","AIS_T_AU_POST_COMPLIANCE; T_RISK; T_AU_OBSERVATION_UPDATED_REFERENCE; T_AUDITEE_ENTITIES; T_AUDIT_CHECKLIST_ANNEXURE; T_AU_OLD_PARAS_FAD_TEXT; T_AU_OBSERVATION_TEXT; T_AU_OBSERVATION_OLD_CAD_PARAS_TEXT","","T_CURSOR; AIS_T_AU_POST_COMPLIANCE; T_RISK; T_AU_OBSERVATION_UPDATED_REFERENCE; T_AUDITEE_ENTITIES; T_AUDIT_CHECKLIST_ANNEXURE; T_AU_OLD_PARAS_FAD_TEXT; T_AU_OBSERVATION_TEXT; T_AU_OBSERVATION_OLD_CAD_PARAS_TEXT","True"
"PKG_AR.P_GET_PARA_CHANGES_FOR_AUTHORIZE","PKG_AR","Confirmed Active","GetProposedChangesInManageParasAuth","FAD","T_AU_OBSERVATION_UPDATED_REFERENCE; T_AUDIT_CHECKLIST_ANNEXURE; T_RISK","","T_CURSOR; T_AU_OBSERVATION_UPDATED_REFERENCE; T_AUDIT_CHECKLIST_ANNEXURE; T_RISK","True"
"PKG_FAD.P_SEARCHREFERENCES","PKG_FAD","Confirmed Active","SearchReferences","FAD","T_AUDIT_CHECKLIST_ANNEXURE_CIRCULAR","","T_AUDIT_CHECKLIST_ANNEXURE_CIRCULAR","True"
"PKG_FAD.P_GETENTITYTASKSUMMARY","PKG_FAD","Confirmed Active","GetEntityTaskSummary","FAD","YOUR; T_AU_TBL_ALLOCATIONS; T_AUDITEE_ENTITIES; AIS_T_AU_POST_COMPLIANCE","","T_AU_TBL_ALLOCATIONS; T_AUDITEE_ENTITIES; T_ENTITIES; AIS_T_AU_POST_COMPLIANCE","True"
"PKG_FAD.P_GETPARAREFERENCES","PKG_FAD","Likely Active","GetParaReferenceLinks; GetParaReferences","FAD","TBL_PARA_REFERENCE_LINKS","REFERENCE","TBL_PARA_REFERENCE_LINKS","True"
"PKG_FAD.P_GETPARATEXT","PKG_FAD","Confirmed Active","Get_All_Para_Text; GetParaText","FAD","V_GET_ALL_PARA_TEXT_FOR_REFERENCE","","V_GET_ALL_PARA_TEXT_FOR_REFERENCE","True"
"PKG_FAD.P_MANAGEREFERENCE","PKG_FAD","Low-Confidence / Needs Verification","private","FAD","T_AUDIT_CHECKLIST_ANNEXURE_CIRCULAR; TBL_PARA_REFERENCE_LINKS; DUAL","T_AUDIT_CHECKLIST_ANNEXURE_CIRCULAR; TBL_PARA_REFERENCE_LINKS; AIS_T_AU_POST_COMPLIANCE","T_CURSOR; V_TOTAL_LINKS; V_NEW_REF_ID; V_FINAL_REF_ID; T_AUDIT_CHECKLIST_ANNEXURE_CIRCULAR; TBL_PARA_REFERENCE_LINKS; AIS_T_AU_POST_COMPLIANCE","True"
"PKG_FAD.P_GET_PARA_STATUS_REQUEST","PKG_FAD","Confirmed Active","GETPARASTATUSCHANGEREQUEST","FAD","AIS_T_AU_POST_COMPLIANCE; T_RISK; T_AUDIT_CHECKLIST_ANNEXURE; AIS_T_PARA_STATUS_CHANGE_LOG","","AIS_T_AU_POST_COMPLIANCE; T_RISK; T_AUDIT_CHECKLIST_ANNEXURE; AIS_T_PARA_STATUS_CHANGE_LOG","True"
"PKG_FAD.P_ADD_PARA_STATUS_CHANGE","PKG_FAD","Confirmed Active","ADDPARASTATUSCHANGEREQUEST","FAD","AIS_T_AU_POST_COMPLIANCE; DUAL","AIS_T_PARA_STATUS_CHANGE_LOG","V_OLD_STATUS; AIS_T_AU_POST_COMPLIANCE; AIS_T_PARA_STATUS_CHANGE_LOG","True"
"PKG_FAD.P_GET_PARA_STATUS_AUTHORIZATION","PKG_FAD","Confirmed Active","GETPARASTATUSAUTHORIZATION","FAD","AIS_T_PARA_STATUS_CHANGE_LOG; AIS_T_AU_POST_COMPLIANCE","","AIS_T_PARA_STATUS_CHANGE_LOG; AIS_T_AU_POST_COMPLIANCE","True"
"PKG_FAD.P_GET_IAS_PARA_TEXT","PKG_FAD","Confirmed Active","GetIASParaText","FAD","V_GET_IAS_PARA_TEXT","","V_GET_IAS_PARA_TEXT","True"
"PKG_FAD.P_AUTHORIZE_PARA_STATUS_CHANGE","PKG_FAD","Confirmed Active","AUTHORIZEPARASTATUSCHANGEREQUEST","FAD","AIS_T_PARA_STATUS_CHANGE_LOG; V_GET_AIS_POST_COMPLIANCE_AIS_FOR_PARA_CHANGE; AIS_T_AU_POST_COMPLIANCE_HISTORY; T_GROUPS; DUAL","THE; AIS_T_PARA_STATUS_CHANGE_LOG; COMPLIANCE; AIS_T_AU_POST_COMPLIANCE; HISTORY; AIS_T_AU_POST_COMPLIANCE_HISTORY","V_COM_ID; V_NEW_STATUS; V_ACTION; V_ROLE_ID; V_STATUS_ID; V_CYCLE; V_MAKER_REMARKS; V_DIRECTION; AIS_T_PARA_STATUS_CHANGE_LOG; V_GET_AIS_POST_COMPLIANCE_AIS_FOR_PARA_CHANGE; AIS_T_AU_POST_COMPLIANCE; AIS_T_AU_POST_COMPLIANCE_HISTORY; T_GROUPS","True"
"PKG_FAD.P_GET_ROLE_RESPONSIBLE","PKG_FAD","Confirmed Active","GetRoleResponsibleForChecklistDetail","FAD","T_AU_ACTIVITY_LOG; T_HR_DESIGNATIONS","T_AU_ACTIVITY_LOG","T_CURSOR; T_AU_ACTIVITY_LOG; T_HR_DESIGNATIONS","True"
"PKG_FAD.P_GET_PROCESS_OWNER","PKG_FAD","Confirmed Active","GetProcOwnerForChecklistDetail","FAD","T_AU_ACTIVITY_LOG; T_AUDITEE_ENTITIES","T_AU_ACTIVITY_LOG","T_CURSOR; T_AU_ACTIVITY_LOG; T_AUDITEE_ENTITIES","True"
"PKG_FAD.P_GET_VIOLATIONS","PKG_FAD","Confirmed Active","GetViolationsForChecklistDetail","FAD","T_R_SUB_GROUP","","T_CURSOR; T_R_SUB_GROUP","True"
"PKG_FAD.P_GETNEWPARASFORRESPONSEAUTHORIZE","PKG_FAD","Confirmed Active","GetCurrentParasForStatusChangeRequestAuthorize","FAD","T_AU_OBSERVATION; T_AU_PLAN_ENG; T_AUDITEE_ENTITIES; T_AU_PERIOD; T_AU_OBSERVATION_TEXT; T_AU_OBSERVATION_STATUS; T_AU_NEW_PARAS_STATUS_CHANGE_LOG; T_RISK; T_AUDITEE_ENTITIES_MAPING_FAD","","T_CURSOR; T_AU_OBSERVATION; T_AU_PLAN_ENG; T_AUDITEE_ENTITIES; T_AU_PERIOD; T_AU_OBSERVATION_TEXT; T_AU_OBSERVATION_STATUS; T_AU_NEW_PARAS_STATUS_CHANGE_LOG; T_RISK; T_AUDITEE_ENTITIES_MAPING_FAD","True"
"PKG_FAD.P_GETENTITIESFORLEGACYPARA","PKG_FAD","Likely Active","GetLegacyParasEntitiesFAD","FAD","T_AU_OLD_PARAS_FAD; T_AUDITEE_ENTITIES; T_AUDITEE_ENTITIES_MAPING_FAD","","T_CURSOR; T_AU_OLD_PARAS_FAD; T_AUDITEE_ENTITIES; T_AUDITEE_ENTITIES_MAPING_FAD","True"
"PKG_FAD.P_GET_SETTLED_PARA_ENTITIES","PKG_FAD","Confirmed Active","GetSettledParasEntitiesForMonitoringFAD","FAD","V_P_GET_SETTLED_PARA_DETAILS; T_AUDITEE_ENTITIES; T_AU_POST_COMPLIANCE_SETTLEMETMENT_HISTORY; T_AUDITEE_ENTITIES_MAPING_FAD","","T_CURSOR; V_P_GET_SETTLED_PARA_DETAILS; T_AUDITEE_ENTITIES; T_AU_POST_COMPLIANCE_SETTLEMETMENT_HISTORY; T_AUDITEE_ENTITIES_MAPING_FAD","True"
"PKG_FAD.P_GETLEAGACYOBSERVATIONS","PKG_FAD","Confirmed Active","GetLegacyParasForUpdateFAD","FAD","T_AU_ERROR_LOGS; DUAL; T_AU_OLD_PARAS_FAD; T_AUDITEE_ENTITIES; T_AUDITEE_ENTITIES_MAPING_FAD; T_AU_OLD_PARAS_FAD_TEXT; T_AU_OLD_AUDIT_NATURE; T_AU_DATA_VALIDATION_FAD_LOG","T_AU_ERROR_LOGS; T_AU_DATA_VALIDATION_FAD_LOG","T_CURSOR; T_AU_ERROR_LOGS; T_AU_OLD_PARAS_FAD; T_AUDITEE_ENTITIES; T_AUDITEE_ENTITIES_MAPING_FAD; T_AU_OLD_PARAS_FAD_TEXT; T_AU_OLD_AUDIT_NATURE; T_AU_DATA_VALIDATION_FAD_LOG","True"
"PKG_FAD.P_ADD_PARA_RESPONSIBILITY","PKG_FAD","Confirmed Active","AddResponsibilityToLegacyParasFAD; UpdateLegacyParasWithResponsibilityFAD","FAD","T_AU_OLD_PARAS_FAD_RESPONSIBILITY_ASSIGNED; DUAL","T_AU_OLD_PARAS_FAD_RESPONSIBILITY_ASSIGNED; T_AU_OLD_PARAS_FAD_LOG","T_CURSOR; T_AU_OLD_PARAS_FAD_RESPONSIBILITY_ASSIGNED; T_AU_OLD_PARAS_FAD_LOG","True"
"PKG_FAD.P_REVIEWED_LEGACY_PARA","PKG_FAD","Confirmed Active","UpdateLegacyParasWithResponsibilityNoChanges","FAD","T_AU_REMARKS; T_AU_ERROR_LOGS; DUAL","T_AU_OLD_PARAS_FAD; T_AU_DATA_VALIDATION_FAD_LOG; T_AU_ERROR_LOGS","T_CURSOR; T_AU_OLD_PARAS_FAD; T_AU_DATA_VALIDATION_FAD_LOG; T_AU_REMARKS; T_AU_ERROR_LOGS","True"
"PKG_FAD.P_UPDATE_LEGACY_PARA_TEXT","PKG_FAD","Confirmed Active","UpdateLegacyParasWithResponsibilityFAD","FAD","T_AU_REMARKS; T_AU_ERROR_LOGS; DUAL","T_AU_OLD_PARAS_FAD_TEXT; T_AU_OLD_PARAS_FAD; T_AU_DATA_VALIDATION_FAD_LOG; T_AU_ERROR_LOGS","T_CURSOR; T_AU_OLD_PARAS_FAD_TEXT; T_AU_OLD_PARAS_FAD; T_AU_DATA_VALIDATION_FAD_LOG; T_AU_REMARKS; T_AU_ERROR_LOGS","True"
"PKG_FAD.P_AUTHORIZECHANGESTATUSREQUESTFORSETTLEDPARA_NEW","PKG_FAD","Confirmed Active","AuthorizerAddChangeStatusRequestForSettledPara","FAD","T_AU_NEW_PARAS_STATUS_CHANGE_LOG; T_AU_OBSERVATION; AIS_T_AU_POST_COMPLIANCE; DUAL","T_AU_OBSERVATION; T_AU_NEW_PARAS_STATUS_CHANGE_LOG; AIS_T_AU_POST_COMPLIANCE","T_CURSOR; V_F; T_F; T_AU_NEW_PARAS_STATUS_CHANGE_LOG; T_AU_OBSERVATION; AIS_T_AU_POST_COMPLIANCE","True"
"PKG_FAD.P_AUTHORIZECHANGESTATUSREQUESTFORSETTLEDPARA","PKG_FAD","Confirmed Active","AddAuthorizeChangeStatusRequestForSettledPara","FAD","AIS_COMP; T_AU_OLD_PARAS_FAD; AIS_T_AU_POST_COMPLIANCE; DUAL; T_AU_OLD_PARAS_FAD_STATUS_CHANGE_LOG","T_AU_OLD_PARAS_FAD_STATUS_CHANGE_LOG; PARA; T_AU_OLD_PARAS_FAD; T_AU_OBSERVATION_OLD_CAD_PARAS; AIS_T_AU_POST_COMPLIANCE","T_CURSOR; T_AU_OLD_PARAS_FAD; AIS_T_AU_POST_COMPLIANCE; T_AU_OLD_PARAS_FAD_STATUS_CHANGE_LOG; T_AU_OBSERVATION_OLD_CAD_PARAS","True"
"PKG_FAD.P_GETOLDPARASFORRESPONSEAUTHORIZE","PKG_FAD","Confirmed Active","GetOldSettledParasForResponseAuthorize","FAD","T_AU_OBSERVATION_OLD_CAD_PARAS; T_AU_OLD_PARAS_FAD_STATUS_CHANGE_LOG; T_AU_OLD_PARAS_FAD; T_AUDIT_CHECKLIST_DETAILS; T_AUDITEE_ENTITIES_MAPING_FAD","","T_CURSOR; T_AU_OBSERVATION_OLD_CAD_PARAS; T_AU_OLD_PARAS_FAD_STATUS_CHANGE_LOG; T_AU_OLD_PARAS_FAD; T_AUDIT_CHECKLIST_DETAILS; T_AUDITEE_ENTITIES_MAPING_FAD","True"
"PKG_FAD.P_GET_LEGACY_PARA_RESPONSIBLES","PKG_FAD","Likely Active","GetLegacyParaResponsiblePersonsFAD","FAD","T_AU_OLD_PARAS_FAD_RESPONSIBILITY_ASSIGNED; V_SERVICE_EMPLOYEEINFO","","T_CURSOR; T_AU_OLD_PARAS_FAD_RESPONSIBILITY_ASSIGNED; V_SERVICE_EMPLOYEEINFO","True"
"PKG_FAD.P_DELETE_PARA_RESPONSIBILITY","PKG_FAD","Confirmed Active","DeleteLegacyParaResponsibility","FAD","DUAL","T_AU_OLD_PARAS_FAD_RESPONSIBILITY_ASSIGNED","T_CURSOR; T_AU_OLD_PARAS_FAD_RESPONSIBILITY_ASSIGNED","True"
"PKG_FAD.P_REFERBACK_LEGACY_PARA","PKG_FAD","Confirmed Active","ReferBackLegacyPara","FAD","AUDIT; DUAL; T_AU_REMARKS; T_AU_ERROR_LOGS","T_AU_OLD_PARAS_FAD; T_AU_DATA_VALIDATION_FAD_LOG; T_AU_ERROR_LOGS","T_CURSOR; T_AU_OLD_PARAS_FAD; T_AU_DATA_VALIDATION_FAD_LOG; T_AU_REMARKS; T_AU_ERROR_LOGS","True"
"PKG_FAD.P_GET_AUDITEE_PARENT_FAD","PKG_FAD","Confirmed Active","GetZonesForAnnexureAssignment","FAD","T_AUDITEE_ENTITIES; T_AUDITEE_ENTITIES_MAPING_FAD; T_AUDITEE_ENTITIES_MAPING; V_ALL_OUTASTANDING_PARAS_FAD; SYSDATE","","T_CURSOR; T_AUDITEE_ENTITIES; T_AUDITEE_ENTITIES_MAPING_FAD; T_AUDITEE_ENTITIES_MAPING; V_ALL_OUTASTANDING_PARAS_FAD","True"
"PKG_FAD.P_GET_AUDITEE_CHILD_FAD","PKG_FAD","Confirmed Active","GetZoneBranchesForAnnexureAssignment","FAD","T_AUDITEE_ENTITIES; T_AUDITEE_ENTITIES_MAPING_FAD; T_AUDITEE_ENTITIES_MAPING; V_ALL_OUTASTANDING_PARAS_FAD; SYSDATE","","T_CURSOR; T_AUDITEE_ENTITIES; T_AUDITEE_ENTITIES_MAPING_FAD; T_AUDITEE_ENTITIES_MAPING; V_ALL_OUTASTANDING_PARAS_FAD","True"
"PKG_FAD.P_GET_ALL_PARAS_FAD","PKG_FAD","Confirmed Active","GetAllParasForAnnexureAssignment","FAD","V_ALL_OUTASTANDING_PARAS_FAD; T_AUDIT_CHECKLIST_ANNEXURE; SYSDATE","","T_CURSOR; V_ALL_OUTASTANDING_PARAS_FAD; T_AUDIT_CHECKLIST_ANNEXURE","True"
"PKG_FAD.P_UPDATE_PARAS_ANNEX_FAD","PKG_FAD","Confirmed Active","AssignAnnexureWithPara","FAD","DUAL","T_AU_OLD_PARAS_FAD; T_AU_OBSERVATION","T_CURSOR; T_AU_OLD_PARAS_FAD; T_AU_OBSERVATION","True"
"PKG_FAD.P_PARA_SHIFTING","PKG_FAD","Confirmed Active","ParaShiftedTo","FAD","T_AUDITEE_ENTITIES; DUAL","T_AU_OBSERVATION; T_AU_OBSERVATION_ASSIGNEDTO; AIS_T_AU_POST_COMPLIANCE; T_AU_OLD_PARAS_FAD; T_AU_OBSERVATION_OLD_CAD_PARAS","T_CURSOR; T_AUDITEE_ENTITIES; T_AU_OBSERVATION; T_AU_OBSERVATION_ASSIGNEDTO; AIS_T_AU_POST_COMPLIANCE; T_AU_OLD_PARAS_FAD; T_AU_OBSERVATION_OLD_CAD_PARAS","True"
"PKG_FAD.P_GET_SETTLED_PARA_DETAILS","PKG_FAD","Confirmed Active","GetSettledParasForMonitoring","FAD","V_P_GET_SETTLED_PARA_DETAILS","","T_CURSOR; V_P_GET_SETTLED_PARA_DETAILS","True"
"PKG_FAD.P_GET_SETTLED_PARA_DETAILS_PARA_COMPLIANCE","PKG_FAD","Confirmed Active","GetSettledParaComplianceHistory; SaveSettledParaCompliacne","FAD","T_AU_POST_COMPLIANCE_SETTLEMETMENT_HISTORY; T_AUDITEE_ENTITIES_MAPING_FAD; T_AU_OLD_PARAS_POST_COMPLIANCE_HISTORY; V_SERVICE_EMPLOYEEINFO; T_HR_DESIGNATIONS","","T_CURSOR; T_AU_POST_COMPLIANCE_SETTLEMETMENT_HISTORY; T_AUDITEE_ENTITIES_MAPING_FAD; T_AU_OLD_PARAS_POST_COMPLIANCE_HISTORY; V_SERVICE_EMPLOYEEINFO; T_HR_DESIGNATIONS","True"
"PKG_FAD.P_GET_AUDIT_ENGAGEMENT","PKG_FAD","Confirmed Active","GetEngagementDetailsForFadReview","FAD","T_AU_TEAM_MEMBERS; T_AU_PLAN_ENG; T_AU_PERIOD; T_AU_PLAN; T_AU_PLAN_ENG_STATUS; T_AU_AUDIT_TEAMS; T_AUDIT_REPORTS","","T_CURSOR; T_AU_TEAM_MEMBERS; T_ID; T_AU_PLAN_ENG; T_AU_PERIOD; T_AU_PLAN; T_AU_PLAN_ENG_STATUS; T_AU_AUDIT_TEAMS; T_AUDIT_REPORTS","True"
"PKG_FAD.P_GET_AUDIT_GLANCE","PKG_FAD","Confirmed Active","GetAuditDetailsFAD","FAD","T_AU_OBSERVATION; T_AU_OBSERVATION_STATUS; T_RISK; T_AU_OBSERVATION_TEXT","","T_CURSOR; T_AU_OBSERVATION; T_AU_OBSERVATION_STATUS; T_RISK; T_AU_OBSERVATION_TEXT","True"
"PKG_FAD.P_GET_AUDIT_OBSERVTION","PKG_FAD","Confirmed Active","GetObservationDetailsForReport","FAD","T_AU_OBSERVATION; T_AU_OBSERVATION_STATUS; T_AU_OBSERVATION_ASSIGNEDTO; T_AU_OBSERVATION_TEXT; T_AUDITEE_ENTITIES; T_AUDIT_CHECKLIST_ANNEXURE; T_AUDIT_CHECKLIST_DETAILS; T_AUDIT_CHECKLIST_SUB; T_AUDIT_CHECKLIST; T_AU_OBSERVATIONS_AUDITEE_RESPONSE; T_AU_OBSERVATIONS_AUDITOR_REPLY; T_AU_OBSERVATION_FINAL_RECCOMENDATION; T_AU_OBSERVATIONS_AUDITOR_RECOMMENDATION","","T_CURSOR; T_AU_OBSERVATION; T_AU_OBSERVATION_STATUS; T_AU_OBSERVATION_ASSIGNEDTO; T_AU_OBSERVATION_TEXT; T_AUDITEE_ENTITIES; T_AUDIT_CHECKLIST_ANNEXURE; T_AUDIT_CHECKLIST_DETAILS; T_AUDIT_CHECKLIST_SUB; T_AUDIT_CHECKLIST; T_ID; T_AU_OBSERVATIONS_AUDITEE_RESPONSE; T_AU_OBSERVATIONS_AUDITOR_REPLY; T_AU_OBSERVATION_FINAL_RECCOMENDATION; T_AU_OBSERVATIONS_AUDITOR_RECOMMENDATION","True"
"PKG_FAD.P_GET_AUDIT_REPORT","PKG_FAD","Confirmed Active","GetAuditReportForFadReview","FAD","T_AUDIT_REPORTS","","T_CURSOR; T_AUDIT_REPORTS","True"
"PKG_FAD.P_GET_REFERENCE_MASTER_DETAIL","PKG_FAD","Confirmed Active","GetReferenceMasterDetail","FAD","VW_REFERENCE_MASTER_DETAIL","","","True"
"PKG_FAD.P_GET_MANUAL_MASTER","PKG_FAD","Confirmed Active","GetObservationManualMaster","FAD","T_MANUAL_MASTER","","T_MANUAL_MASTER","True"
"PKG_FAD.P_GET_MANUAL_SECTIONS","PKG_FAD","Confirmed Active","GetObservationManualSections","FAD","T_MANUAL_INDEX","","T_MANUAL_INDEX","True"
"PKG_FAD.P_GET_MANUAL_CHAPTERS","PKG_FAD","Confirmed Active","GetObservationManualChapters","FAD","T_MANUAL_INDEX","","T_MANUAL_INDEX","True"
"PKG_FAD.P_GET_MANUAL_REFERENCE_GRID","PKG_FAD","Confirmed Active","GetObservationManualReferenceGrid","FAD","VW_REFERENCE_MASTER_DETAIL","","","True"
"PKG_FAD.P_GET_REFERENCE_DETAIL_BY_ID","PKG_FAD","Confirmed Active","GetReferenceDetailByRefId","FAD","VW_REFERENCE_MASTER_DETAIL","","","True"
"PKG_FAD_RISK.P_SAVE_KPI_MAIN","PKG_FAD_RISK","Confirmed Active","P_SAVE_KPI_MAIN","FAD.Risk","","T_RISK_FAD_KPI_MAIN","V_ID; T_RISK_FAD_KPI_MAIN","True"
"PKG_FAD_RISK.P_SAVE_KPI_SUB","PKG_FAD_RISK","Confirmed Active","P_SAVE_KPI_SUB","FAD.Risk","","T_RISK_FAD_KPI_SUB","V_ID; V_NAME_COL; V_ACTIVE_COL; V_SQL; T_RISK_FAD_KPI_SUB","True"
"PKG_FAD_RISK.P_SAVE_PROCESS","PKG_FAD_RISK","Confirmed Active","P_SAVE_PROCESS","FAD.Risk","","T_RISK_FAD_PROCESS","V_ID; T_RISK_FAD_PROCESS","True"
"PKG_FAD_RISK.P_SAVE_SUB_PROCESS","PKG_FAD_RISK","Confirmed Active","P_SAVE_SUB_PROCESS","FAD.Risk","","T_RISK_FAD_SUB_PROCESS","V_ID; T_RISK_FAD_SUB_PROCESS","True"
"PKG_FAD_RISK.P_SAVE_ANNEXURE","PKG_FAD_RISK","Confirmed Active","P_SAVE_ANNEXURE","FAD.Risk","","T_RISK_FAD_ANNEXURE","V_ID; T_RISK_FAD_ANNEXURE","True"
"PKG_FAD_RISK.P_SAVE_SUBPROC_ANNEX","PKG_FAD_RISK","Confirmed Active","P_SAVE_SUBPROC_ANNEX","FAD.Risk","DUAL","T_RISK_FAD_SUBPROC_ANNEX; SET","T_RISK_FAD_SUBPROC_ANNEX","True"
"PKG_FAD_RISK.P_GET_KPI_MAIN","PKG_FAD_RISK","Confirmed Active","P_GET_KPI_MAIN","FAD.Risk","T_RISK_FAD_KPI_MAIN","","T_CURSOR; T_RISK_FAD_KPI_MAIN","True"
"PKG_FAD_RISK.P_GET_KPI_SUB","PKG_FAD_RISK","Confirmed Active","P_GET_KPI_SUB","FAD.Risk","T_RISK_FAD_KPI_SUB","","T_CURSOR; V_NAME_COL; V_ACTIVE_COL; V_SQL; T_RISK_FAD_KPI_SUB","True"
"PKG_FAD_RISK.P_GET_PROCESS","PKG_FAD_RISK","Confirmed Active","P_GET_PROCESS","FAD.Risk","T_RISK_FAD_PROCESS","","T_CURSOR; T_RISK_FAD_PROCESS","True"
"PKG_FAD_RISK.P_GET_SUB_PROCESS","PKG_FAD_RISK","Confirmed Active","P_GET_SUB_PROCESS","FAD.Risk","T_RISK_FAD_SUB_PROCESS","","T_CURSOR; T_RISK_FAD_SUB_PROCESS","True"
"PKG_FAD_RISK.P_GET_ANNEXURE","PKG_FAD_RISK","Low-Confidence / Needs Verification","P_GET_ANNEXURE","FAD.Risk","T_RISK_FAD_ANNEXURE","","T_CURSOR; T_RISK_FAD_ANNEXURE","True"
"PKG_FAD_RISK.P_GET_SUBPROC_ANNEX","PKG_FAD_RISK","Confirmed Active","P_GET_SUBPROC_ANNEX","FAD.Risk","T_RISK_FAD_SUBPROC_ANNEX","","T_CURSOR; T_RISK_FAD_SUBPROC_ANNEX","True"
"PKG_FAD_RISK.P_GET_GRAVITY","PKG_FAD_RISK","Confirmed Active","P_GET_GRAVITY","FAD.Risk","T_RISK_FAD_GRAVITY","","T_CURSOR; V_ACTIVE_COL; V_SQL; T_RISK_FAD_GRAVITY","True"
"PKG_FRPT.P_GET_REPORT_ENTITY","PKG_FRPT","Confirmed Active","GetReportEntities","FRPT","T_AU_PLAN_ENG; T_AUDITEE_ENTITIES; T_AUDITEE_ENT_TYPES","","T_CURSOR; T_AU_PLAN_ENG; T_AUDITEE_ENTITIES; T_AUDITEE_ENT_TYPES","True"
"PKG_FRPT.P_IS_REPORT_FINAL","PKG_FRPT","Confirmed Active","IsFieldAuditReportFinal","FRPT","","","","True"
"PKG_FRPT.P_GET_REPORT_OVERVIEW","PKG_FRPT","Confirmed Active","GetFieldAuditReportOverview","FRPT","MAPPING; PERIOD; PLAN; T_AU_TEAM_MEMBERS; T_AU_AUDIT_TEAM_TASKLIST; T_AU_PLAN_ENG; T_FRPT_REPORT_META; T_AU_PERIOD; T_AUDITEE_ENTITIES_MAPING; DUAL","","T_CURSOR; V_ENTITY_ID; T_AU_TEAM_MEMBERS; T_ID; T_AU_AUDIT_TEAM_TASKLIST; T_AU_PLAN_ENG; T_FRPT_REPORT_META; T_AU_PERIOD; T_AUDITEE_ENTITIES_MAPING; T_FRPT_SECTION_MASTER; T_FRPT_TEXT_BLOCKS","True"
"PKG_FRPT.P_GET_NARRATIVE_SECTIONS","PKG_FRPT","Confirmed Active","GetFieldAuditNarrativeSections","FRPT","T_FRPT_SECTION_MASTER; T_FRPT_TEXT_BLOCKS","","T_CURSOR; T_FRPT_SECTION_MASTER; T_FRPT_TEXT_BLOCKS","True"
"PKG_FRPT.P_GET_OBSERVATION_COUNT","PKG_FRPT","Confirmed Active","GetFieldAuditObservationCount","FRPT","T_AU_OBSERVATION","","T_CURSOR; T_AU_OBSERVATION","True"
"PKG_FRPT.P_GET_OBSERVATION_DETAILS","PKG_FRPT","Confirmed Active","GetFieldAuditObservationDetails","FRPT","T_AU_OBSERVATION; T_AU_OBSERVATION_TEXT; T_AUDIT_CHECKLIST_ANNEXURE; T_RISK; T_AU_OBSERVATION_FINAL_RECCOMENDATION; T_AU_OBSERVATIONS_AUDITOR_RECOMMENDATION; T_AU_OBSERVATIONS_AUDITEE_RESPONSE; T_AU_OBSERVATIONS_AUDITOR_REPLY; T_FRPT_PARA_NARRATIVE","","T_CURSOR; T_AU_OBSERVATION; T_AU_OBSERVATION_TEXT; T_AUDIT_CHECKLIST_ANNEXURE; T_RISK; T_AU_OBSERVATION_FINAL_RECCOMENDATION; T_AU_OBSERVATIONS_AUDITOR_RECOMMENDATION; T_AU_OBSERVATIONS_AUDITEE_RESPONSE; T_AU_OBSERVATIONS_AUDITOR_REPLY; T_FRPT_PARA_NARRATIVE","True"
"PKG_FRPT.P_SAVE_PARA_NARRATIVE","PKG_FRPT","Low-Confidence / Needs Verification","public","FRPT","T_AU_OBSERVATION; DUAL; T_FRPT_PARA_NARRATIVE","T_FRPT_PARA_NARRATIVE; REQUIRED","V_EXISTS; V_FINALIZED; V_UPD_REQ; V_ACTION; T_AU_OBSERVATION; T_FRPT_PARA_NARRATIVE","True"
"PKG_FRPT.P_SAVE_TEXT_BLOCK","PKG_FRPT","Confirmed Active","SaveFieldAuditTextBlock; SaveManReportTextBlock","FRPT; MANRPT","T_FRPT_TEXT_BLOCKS","ONE; T_FRPT_TEXT_BLOCKS","V_ID; T_FRPT_TEXT_BLOCKS; T_FRPT_KPI_SNAPSHOT","True"
"PKG_FRPT.P_GET_STAFF_DESIGNATIONS","PKG_FRPT","Confirmed Active","GetStaffDesignationOptions","FRPT","V_FRPT_STAFF_DESIGNATIONS","","V_FRPT_STAFF_DESIGNATIONS","True"
"PKG_FRPT.P_GET_KPI_OPTIONS","PKG_FRPT","Confirmed Active","GetKpiOptions","FRPT","V_FRPT_KPI_OPTIONS","","V_FRPT_KPI_OPTIONS","True"
"PKG_FRPT.P_GET_NPL_CATEGORIES","PKG_FRPT","Confirmed Active","GetNplCategoryOptions","FRPT","V_FRPT_NPL_CATEGORIES","","V_FRPT_NPL_CATEGORIES","True"
"PKG_FRPT.P_GET_KPI_SNAPSHOT","PKG_FRPT","Confirmed Active","GetFieldAuditKpiSnapshots","FRPT","T_FRPT_KPI_SNAPSHOT","","T_CURSOR; T_FRPT_KPI_SNAPSHOT","True"
"PKG_FRPT.P_SAVE_KPI_SNAPSHOT","PKG_FRPT","Confirmed Active","SaveFieldAuditKpiSnapshot","FRPT","T_FRPT_KPI_SNAPSHOT","T_FRPT_KPI_SNAPSHOT","V_EXIST_ID; T_FRPT_KPI_SNAPSHOT; T_FRPT_PDF_STATISTICS","True"
"PKG_FRPT.P_GET_PDF_STATISTICS","PKG_FRPT","Confirmed Active","GetFieldAuditPdfStatistics; GetFieldAuditStatistics; GetPdfStatistics","FRPT; FRPT.Pdf","T_AU_OBSERVATION; T_RISK","","V_VER; T_AU_OBSERVATION; T_RISK","True"
"PKG_FRPT.P_SAVE_PDF_STATISTICS","PKG_FRPT","Confirmed Active","SavePdfStatistics","FRPT","T_AU_PLAN_ENG; T_FRPT_PDF_STATISTICS; JSON_TABLE","T_FRPT_PDF_STATISTICS","V_VER; V_ENTITYID; V_USER_NO; T_AU_PLAN_ENG; T_FRPT_PDF_STATISTICS","True"
"PKG_FRPT.P_GET_INCOME_LEAKAGE","PKG_FRPT","Confirmed Active","GetIncomeLeakage","FRPT","","","","True"
"PKG_FRPT.P_SAVE_INCOME_LEAKAGE","PKG_FRPT","Confirmed Active","SaveIncomeLeakage","FRPT","T_AU_PLAN_ENG; T_FRPT_INCOME_LEAKAGE; JSON_TABLE","T_FRPT_INCOME_LEAKAGE","V_VER; V_ENTITYID; V_USER_NO; T_AU_PLAN_ENG; T_FRPT_INCOME_LEAKAGE","True"
"PKG_FRPT.P_GET_OVERALL_CONCLUSION","PKG_FRPT","Confirmed Active","GetOverallConclusion","FRPT","T_FRPT_OVERALL_CONCLUSION","","V_VER; T_FRPT_OVERALL_CONCLUSION","True"
"PKG_FRPT.P_SAVE_OVERALL_CONCLUSION","PKG_FRPT","Confirmed Active","SaveOverallConclusion","FRPT","T_AU_PLAN_ENG; DUAL","T_FRPT_OVERALL_CONCLUSION; SET","V_VER; V_ENTITYID; V_USER_NO; T_AU_PLAN_ENG; T_FRPT_OVERALL_CONCLUSION","True"
"PKG_FRPT.P_GET_NPL_SNAPSHOT","PKG_FRPT","Confirmed Active","GetFieldAuditNplSnapshots","FRPT","T_FRPT_NPL_SNAPSHOT","","T_CURSOR; T_FRPT_NPL_SNAPSHOT","True"
"PKG_FRPT.P_SAVE_NPL_SNAPSHOT","PKG_FRPT","Confirmed Active","SaveFieldAuditNplSnapshot","FRPT","T_FRPT_NPL_SNAPSHOT","T_FRPT_NPL_SNAPSHOT","V_ENTITY_ID; V_EXIST_ID; T_FRPT_NPL_SNAPSHOT","True"
"PKG_FRPT.P_GET_STAFF_SNAPSHOT","PKG_FRPT","Confirmed Active","GetFieldAuditStaffSnapshots","FRPT","T_FRPT_STAFF_SNAPSHOT","","T_FRPT_STAFF_SNAPSHOT","True"
"PKG_FRPT.P_SAVE_STAFF_SNAPSHOT","PKG_FRPT","Confirmed Active","SaveFieldAuditStaffSnapshot","FRPT","T_FRPT_STAFF_SNAPSHOT","T_FRPT_STAFF_SNAPSHOT","V_ENTITY_ID; V_EXIST_ID; V_PP_NO; T_FRPT_STAFF_SNAPSHOT; T_FRPT_REPORT_META","True"
"PKG_FRPT.P_FINALIZE_REPORT","PKG_FRPT","Confirmed Active","FinalizeFieldAuditReport","FRPT","T_FRPT_KPI_SNAPSHOT; T_FRPT_NPL_SNAPSHOT; T_FRPT_STAFF_SNAPSHOT; DUAL; T_FRPT_REPORT_META","T_FRPT_REPORT_META","T_CURSOR; V_ENTITY_ID; V_EXIST_ID; V_ENTITY_TYPE; V_KIP_EXIST; T_FRPT_KPI_SNAPSHOT; T_FRPT_NPL_SNAPSHOT; T_FRPT_STAFF_SNAPSHOT; T_FRPT_REPORT_META","True"
"PKG_FRPT.P_GET_ALLOWED_PDF_ENGS","PKG_FRPT","Confirmed Active","IsEngagementAllowedForPdf","FRPT.Pdf","T_FRPT_REPORT_META; T_AU_PLAN_ENG; DUAL","","V_USER_ID; T_FRPT_REPORT_META; T_AU_PLAN_ENG","True"
"PKG_FRPT.P_GET_ALLOWED_PDF_ENG_DETAILS","PKG_FRPT","Confirmed Active","GetAllowedPdfEngagementDetails","FRPT.Pdf","T_AU_PLAN_ENG; T_AUDITEE_ENTITIES_MAPING; T_FRPT_REPORT_META","","T_AU_PLAN_ENG; T_AUDITEE_ENTITIES_MAPING; T_FRPT_REPORT_META","True"
"PKG_FRPT.P_GET_PDF_HEADER","PKG_FRPT","Likely Active","GetFieldAuditPdfHeader","FRPT.Pdf","T_FRPT_REPORT_META; T_AU_PLAN_ENG; T_AU_PERIOD; T_AUDITEE_ENTITIES; T_AUDITEE_ENTITIES_MAPING","","V_VER; T_FRPT_REPORT_META; T_AU_PLAN_ENG; T_AU_PERIOD; T_AUDITEE_ENTITIES; T_AUDITEE_ENTITIES_MAPING","True"
"PKG_FRPT.P_GET_PDF_REPORT_META","PKG_FRPT","Likely Active","GetFieldAuditPdfReportMeta","FRPT.Pdf","T_FRPT_REPORT_META; T_AU_PLAN_ENG; T_AU_PERIOD; T_AUDITEE_ENTITIES","","V_VER; T_FRPT_REPORT_META; T_AU_PLAN_ENG; T_AU_PERIOD; T_AUDITEE_ENTITIES","True"
"PKG_FRPT.P_GET_PDF_SECTIONS","PKG_FRPT","Likely Active","GetFieldAuditPdfSections","FRPT.Pdf","T_FRPT_SECTION_MASTER; T_FRPT_TEXT_BLOCKS","","V_VER; T_FRPT_SECTION_MASTER; T_FRPT_TEXT_BLOCKS","True"
"PKG_FRPT.P_GET_PDF_KPI","PKG_FRPT","Likely Active","GetFieldAuditPdfKpiSnapshot","FRPT.Pdf","T_FRPT_KPI_SNAPSHOT","","V_VER; T_FRPT_KPI_SNAPSHOT","True"
"PKG_FRPT.P_GET_PDF_NPL","PKG_FRPT","Likely Active","GetFieldAuditPdfNplSnapshot","FRPT.Pdf","T_FRPT_NPL_SNAPSHOT","","V_VER; T_FRPT_NPL_SNAPSHOT","True"
"PKG_FRPT.P_GET_PDF_STAFF","PKG_FRPT","Likely Active","GetFieldAuditPdfStaffSnapshot","FRPT.Pdf","T_FRPT_STAFF_SNAPSHOT","","V_VER; T_FRPT_STAFF_SNAPSHOT","True"
"PKG_FRPT.R_GETAUDITEEPARAS","PKG_FRPT","Likely Active","GetFieldAuditPdfParas","FRPT.Pdf","T_AU_OBSERVATION; T_AU_OBSERVATION_TEXT; T_AUDIT_CHECKLIST_ANNEXURE; T_RISK; T_AU_OBSERVATION_FINAL_RECCOMENDATION; T_AU_OBSERVATIONS_AUDITOR_RECOMMENDATION; T_AU_OBSERVATIONS_AUDITEE_RESPONSE; T_AU_OBSERVATIONS_AUDITOR_REPLY; T_FRPT_PARA_NARRATIVE","","T_CURSOR; V_HEADER; V_DETAIL; T_AU_OBSERVATION; T_AU_OBSERVATION_TEXT; T_AUDIT_CHECKLIST_ANNEXURE; T_RISK; T_AU_OBSERVATION_FINAL_RECCOMENDATION; T_AU_OBSERVATIONS_AUDITOR_RECOMMENDATION; T_AU_OBSERVATIONS_AUDITEE_RESPONSE; T_AU_OBSERVATIONS_AUDITOR_REPLY; T_FRPT_PARA_NARRATIVE","True"
"PKG_FRPT.P_GET_PDF_INCOME_LEAKAGE","PKG_FRPT","Likely Active","GetFieldAuditPdfIncomeLeakage","FRPT.Pdf","T_FRPT_INCOME_LEAKAGE","","V_VER; T_FRPT_INCOME_LEAKAGE","True"
"PKG_HD.P_PPNO_NAME","PKG_HD","Confirmed Active","GetUserName","HD","V_HR_EMPLOYEE_INFO_PPNO_NDC","","T_CURSOR; V_HR_EMPLOYEE_INFO_PPNO_NDC","True"
"PKG_HD.P_GETOLDPARASENTITYID","PKG_HD","Confirmed Active","GetZoneBranches","HD","T_AUDITEE_ENTITIES; T_AUDITEE_ENTITIES_MAPING; V_GET_PARENT_OFFICE","","T_CURSOR; T_AUDITEE_ENTITIES; T_AUDITEE_ENTITIES_MAPING; V_GET_PARENT_OFFICE","True"
"PKG_HD.P_GET_AUDIT_PRE_CONCLUDING","PKG_HD","Confirmed Active","GetEntityObservationDetails","HD","DUAL; T_AU_ACTIVITY_LOG; T_AU_PLAN_DISPLAY; T_AU_PLAN_ENG; T_AU_OBSERVATION_GIST; T_AU_OBSERVATION_FINAL_RECCOMENDATION; T_AU_OBSERVATION; T_AU_OBSERVATION_TEXT; T_RISK; T_AU_OBSERVATION_STATUS","T_AU_ACTIVITY_LOG","T_CURSOR; T_AU_ACTIVITY_LOG; T_AU_PLAN_DISPLAY; T_AU_PLAN_ENG; T_AU_OBSERVATION_GIST; T_AU_OBSERVATION_FINAL_RECCOMENDATION; T_AU_OBSERVATION; T_AU_OBSERVATION_TEXT; T_RISK; T_AU_OBSERVATION_STATUS","True"
"PKG_HD.P_GETOLDPARASFORFINALSETTLEMENT_RESPONSIBLES","PKG_HD","Likely Active","GetOldParasObservationResponsiblePPNOsUpdatedByImp","HD","","","","False"
"PKG_HD.P_GETFINALIZEDDRAFTOBSERVATIONS","PKG_HD","Confirmed Active","GetFinalizedDraftObservations","HD","T_AU_OBSERVATION; T_AU_OBSERVATION_TEXT; T_RISK; T_AU_OBSERVATION_STATUS; T_AU_PLAN_ENG; T_AU_PERIOD; T_AUDITEE_ENTITIES","","T_CURSOR; T_AU_OBSERVATION; T_AU_OBSERVATION_TEXT; T_RISK; T_AU_OBSERVATION_STATUS; T_AU_PLAN_ENG; T_AU_PERIOD; T_AUDITEE_ENTITIES","True"
"PKG_HD.P_GETFINALIZEDDRAFTOBSERVATIONSBRANCH","PKG_HD","Confirmed Active","GetFinalizedDraftObservationsBranch","HD","DUAL; T_AU_ACTIVITY_LOG; T_AUDITEE_ENTITIES; T_AU_PLAN_ENG; T_AU_OBSERVATION; T_AU_OBSERVATION_TEXT; T_RISK; T_AU_OBSERVATION_STATUS; T_AU_PERIOD; T_AUDIT_CHECKLIST_DETAILS; T_AUDIT_CHECKLIST_SUB; T_AUDIT_CHECKLIST; T_AU_OBSERVATIONS_AUDITOR_RESPONSE","T_AU_ACTIVITY_LOG","T_CURSOR; M_F; T_AU_ACTIVITY_LOG; T_AUDITEE_ENTITIES; T_AU_PLAN_ENG; T_AU_OBSERVATION; T_AU_OBSERVATION_TEXT; T_RISK; T_AU_OBSERVATION_STATUS; T_AU_PERIOD; T_AUDIT_CHECKLIST_DETAILS; T_AUDIT_CHECKLIST_SUB; T_AUDIT_CHECKLIST; T_ID; T_AU_OBSERVATIONS_AUDITOR_RESPONSE","True"
"PKG_HD.P_GETOLDPARAS","PKG_HD","Confirmed Active","GetManageLegacyParas; GetOldParas","HD","T_AU_OLD_PARAS_FAD; T_AU_OLD_PARAS_FAD_TEXT","","T_CURSOR; V_COUNT; T_AU_OLD_PARAS_FAD; T_AU_OLD_PARAS_FAD_TEXT","True"
"PKG_HD.P_GETOLDPARASFORRESPONSE","PKG_HD","Confirmed Active","GetOldSettledParasForResponse","HD","T_AU_OLD_PARAS_FAD; T_AU_OLD_PARAS_FAD_STATUS_CHANGE_LOG; T_AU_OBSERVATION_OLD_CAD_PARAS; T_AUDITEE_ENTITIES","","T_CURSOR; T_AU_OLD_PARAS_FAD; T_AU_OLD_PARAS_FAD_STATUS_CHANGE_LOG; T_AU_OBSERVATION_OLD_CAD_PARAS; T_AUDITEE_ENTITIES","True"
"PKG_HD.P_GETNEWPARASFORRESPONSE","PKG_HD","Confirmed Active","GetCurrentParasForStatusChangeRequest","HD","T_AU_OBSERVATION; T_AU_PLAN_ENG; T_AUDITEE_ENTITIES; T_AU_PERIOD; T_AU_OBSERVATION_TEXT; T_AU_OBSERVATION_STATUS; AIS_T_AU_POST_COMPLIANCE; T_AU_NEW_PARAS_STATUS_CHANGE_LOG","","T_CURSOR; T_AU_OBSERVATION; T_AU_PLAN_ENG; T_AUDITEE_ENTITIES; T_AU_PERIOD; T_AU_OBSERVATION_TEXT; T_AU_OBSERVATION_STATUS; AIS_T_AU_POST_COMPLIANCE; T_AU_NEW_PARAS_STATUS_CHANGE_LOG","True"
"PKG_HD.P_GETNEWPARASFORRESPONSE_REVIEWER","PKG_HD","Confirmed Active","GetCurrentParasForStatusChangeRequestReview","HD","T_AU_OBSERVATION; T_AU_PLAN_ENG; T_AUDITEE_ENTITIES; T_AU_PERIOD; T_AU_OBSERVATION_TEXT; T_AU_OBSERVATION_STATUS; T_AU_NEW_PARAS_STATUS_CHANGE_LOG","","T_CURSOR; T_AU_OBSERVATION; T_AU_PLAN_ENG; T_AUDITEE_ENTITIES; T_AU_PERIOD; T_AU_OBSERVATION_TEXT; T_AU_OBSERVATION_STATUS; T_AU_NEW_PARAS_STATUS_CHANGE_LOG","True"
"PKG_HD.P_GETENTITIESFORNEWPARA","PKG_HD","Likely Active","GetCurrentParasEntitiesForStatusChange","HD","T_AU_PLAN_ENG; T_AUDITEE_ENTITIES; V_GET_PARENT_OFFICE","","T_CURSOR; T_AU_PLAN_ENG; T_AUDITEE_ENTITIES; V_GET_PARENT_OFFICE","True"
"PKG_HD.P_UPDATEOLDPARASFADSETTLEUNSETTLE","PKG_HD","Confirmed Active","UpdateOldParasStatus","HD","","T_AU_OLD_PARAS_FAD","T_AU_OLD_PARAS_FAD","True"
"PKG_HD.P_GET_AUDIT_PRE_CONCLUDING_ENTITIES","PKG_HD","Confirmed Active","GetObservationEntities; GetObservationEntitiesForPreConcluding","HD","T_AU_PLAN_ENG; T_AUDITEE_ENTITIES","","T_AU_PLAN_ENG; T_CURSOR; T_AUDITEE_ENTITIES","True"
"PKG_HD.P_GETSETTLEDPARASFORREVIEW","PKG_HD","Confirmed Active","GetSettledPostCompliancesForMonitoring","HD","DUAL; T_AU_AUDIT_TEAM_TASKLIST; T_AUDITEE_ENTITIES; V_GET_AIS_POST_COMPLIANCE_HO","","T_CURSOR; T_AU_AUDIT_TEAM_TASKLIST; T_AUDITEE_ENTITIES; V_GET_AIS_POST_COMPLIANCE_HO","True"
"PKG_HD.P_GETOLDPARASFORSETTLEMENTEXT","PKG_HD","Confirmed Active","GetOldParasBranchComplianceTextForImpIncharge","HD","","","","False"
"PKG_HD.P_GETOLDPARASFORSETTLEMENTEXT_REFEREDACK","PKG_HD","Confirmed Active","GetOldParasReferredBackBranchComplianceTextForImpIncharge","HD","","","","False"
"PKG_HD.P_GETOLDPARASFORFINALSETTLEMENTEXT","PKG_HD","Confirmed Active","GetOldParasBranchComplianceTextForHeadAZ","HD","","","","False"
"PKG_HD.P_GETOLDPARASFORSETTLEMENT","PKG_HD","Confirmed Active","GetComplianceForImpZone; GetOldParasBranchComplianceSubmission","HD","","","","False"
"PKG_HD.P_GETOLDPARASFORSETTLEMENT_REF","PKG_HD","Confirmed Active","GetReferredBackParasComplianceForImpZone","HD","","","","False"
"PKG_HD.P_GETOLDPARASFORFINALSETTLEMENT","PKG_HD","Confirmed Active","GetOldParasForFinalSettlement","HD","","","","False"
"PKG_HD.P_ADDOLDPARASIMPREMARKS","PKG_HD","Confirmed Active","AddOldParasStatusUpdate","HD","","","","False"
"PKG_HD.P_ADDOLDPARASIMPREMARKS_PARTIAL_COMP","PKG_HD","Confirmed Active","AddOldParasStatusPartiallySettle","HD","","","","False"
"PKG_HD.P_ADD_PARA_RESPONSIBILITY_PARTIAL_COMP","PKG_HD","Confirmed Active","AddOldParasStatusPartiallySettle","HD","","","","False"
"PKG_HD.P_ADDFINALSETTLEMENT","PKG_HD","Confirmed Active","AddOldParasheadStatusUpdate","HD","","","","False"
"PKG_HD.P_GET_ALL_PARAS_MONITORING","PKG_HD","Confirmed Active","GetOldParasForMonitoring","HD","AIS_T_AU_POST_COMPLIANCE; T_AUDITEE_ENTITIES; T_RISK","","T_CURSOR; AIS_T_AU_POST_COMPLIANCE; T_AUDITEE_ENTITIES; T_RISK","True"
"PKG_HD.P_GETOLDPARASTEXT","PKG_HD","Confirmed Active","GetParaText","HD","T_AU_OLD_PARAS_FAD_TEXT","","T_CURSOR; T_AU_OLD_PARAS_FAD_TEXT","True"
"PKG_HD.P_GET_ALL_PARA_TEXT","PKG_HD","Confirmed Active","GetAllParaText","HD","AIS_T_AU_POST_COMPLIANCE; T_AU_OLD_PARAS_FAD_TEXT; T_AU_OLD_PARAS_FAD; T_AU_OBSERVATION_TEXT; T_AU_OBSERVATION_OLD_CAD_PARAS_TEXT","","T_CURSOR; AIS_T_AU_POST_COMPLIANCE; T_AU_OLD_PARAS_FAD_TEXT; T_AU_OLD_PARAS_FAD; T_AU_OBSERVATION_TEXT; T_AU_OBSERVATION_OLD_CAD_PARAS_TEXT","True"
"PKG_HD.P_PPNO_PARA","PKG_HD","Confirmed Active","GetOldParasForMonitoringPpno","HD","AIS_T_AU_POST_COMPLIANCE; V_GET_PPNO_RESPONSIBILITY_LIST; T_AUDITEE_ENTITIES; T_AUDIT_CHECKLIST_ANNEXURE","","T_CURSOR; AIS_T_AU_POST_COMPLIANCE; V_GET_PPNO_RESPONSIBILITY_LIST; T_AUDITEE_ENTITIES; T_AUDIT_CHECKLIST_ANNEXURE","True"
"PKG_HD.P_CHANGESTATUSREQUESTFORSETTLEDPARA","PKG_HD","Confirmed Active","AddChangeStatusRequestForSettledPara","HD","T_AU_OLD_PARAS_FAD_STATUS_CHANGE_LOG; DUAL; T_AU_OLD_PARAS_FAD; T_AU_OBSERVATION_OLD_CAD_PARAS","T_AU_OLD_PARAS_FAD_STATUS_CHANGE_LOG; T_AU_OLD_PARAS_FAD","T_CURSOR; M_F; T_AU_OLD_PARAS_FAD_STATUS_CHANGE_LOG; T_AU_OLD_PARAS_FAD; T_AU_OBSERVATION_OLD_CAD_PARAS","True"
"PKG_HD.P_CHANGESTATUSREQUESTFORSETTLEDPARA_NEW_REVIEWER","PKG_HD","Confirmed Active","ReviewerAddChangeStatusRequestForSettledPara","HD","DUAL; T_AU_NEW_PARAS_STATUS_CHANGE_LOG","T_AU_NEW_PARAS_STATUS_CHANGE_LOG","T_CURSOR; T_AU_NEW_PARAS_STATUS_CHANGE_LOG","True"
"PKG_HD.P_CHANGESTATUSREQUESTFORSETTLEDPARA_NEW","PKG_HD","Confirmed Active","AddChangeStatusRequestForCurrentPara","HD","T_AU_ACTIVITY_LOG; T_AU_NEW_PARAS_STATUS_CHANGE_LOG; DUAL; AIS_T_AU_POST_COMPLIANCE; T_AU_OBSERVATION","T_AU_ACTIVITY_LOG; T_AU_NEW_PARAS_STATUS_CHANGE_LOG","T_CURSOR; M_F; T_AU_ACTIVITY_LOG; T_AU_NEW_PARAS_STATUS_CHANGE_LOG; AIS_T_AU_POST_COMPLIANCE; T_AU_OBSERVATION","True"
"PKG_HD.P_GET_AUDIT_CONCLUDING_ENTITIES","PKG_HD","Confirmed Active","GetAuditConcludingEntities","HD","T_AU_PLAN_ENG; T_AUDITEE_ENTITIES","","T_CURSOR; T_AU_PLAN_ENG; T_AUDITEE_ENTITIES","True"
"PKG_HD.P_AUDIT_CONCLUDING","PKG_HD","Confirmed Active","ConcludeDraftAuditReport","HD","DUAL; T_FRPT_REPORT_META; T_FRPT_KPI_SNAPSHOT; T_FRPT_NPL_SNAPSHOT; T_FRPT_STAFF_SNAPSHOT; T_AU_PLAN_ENG; T_AU_OBSERVATION; T_AU_REMARKS; T_AUDITEE_ENTITIES; T_AU_PERIOD; T_AU_OBSERVATION_TEXT; T_AUDITEE_ENT_TYPES; AIS_T_AU_POST_COMPLIANCE; T_AU_OBSERVATION_MAN; T_AU_OBSERVATION_FAD; T_AUDIT_PARA; T_AU_PLAN_ENG_LOG","AIS_T_AU_POST_COMPLIANCE; T_AU_OBSERVATION_RESPONIBILITY_ASSIGNED; T_AU_OBSERVATION_MAN; T_AUDIT_PARA; T_AU_AUDIT_JOINING; T_AU_AUDIT_TEAM_TASKLIST; T_AU_PLAN_ENG; T_AU_PLAN_ENG_LOG","T_AU_PLAN_ENG; T_CURSOR; V_F; T_Y; V_COM_ID; AIS_T_AU_POST_COMPLIANCE; V_ENTITY_TYPE; V_KIP_EXIST; T_FRPT_REPORT_META; T_FRPT_KPI_SNAPSHOT; T_FRPT_NPL_SNAPSHOT; T_FRPT_STAFF_SNAPSHOT; T_AU_OBSERVATION; T_AU_REMARKS; T_AUDITEE_ENTITIES; T_AU_PERIOD; T_AU_OBSERVATION_TEXT; T_AUDITEE_ENT_TYPES; T_AU_OBSERVATION_RESPONIBILITY_ASSIGNED; T_AU_OBSERVATION_MAN; T_AU_OBSERVATION_FAD; T_AUDIT_PARA; T_AU_AUDIT_JOINING; T_AU_AUDIT_TEAM_TASKLIST; T_AU_PLAN_ENG_LOG","True"
"PKG_HD.P_AUDIT_PRE_SUBMISSION","PKG_HD","Confirmed Active","SubmitPreConcluding","HD","DUAL; T_AU_ACTIVITY_LOG; T_AU_OBSERVATION; T_AU_PLAN_ENG; T_AU_OBSERVATION_GIST; T_AU_PLAN_ENG_LOG","T_AU_ACTIVITY_LOG; T_AU_PLAN_ENG; T_AU_PLAN_ENG_LOG","T_AU_PLAN_ENG; T_CURSOR; T_AU_ACTIVITY_LOG; T_AU_OBSERVATION; T_AU_OBSERVATION_GIST; T_AU_PLAN_ENG_LOG","True"
"PKG_HD.P_AUDIT_PARA_UPDATE_SVZ_AZ","PKG_HD","Confirmed Active","UpdateAuditParaForFinalization","HD","DUAL","T_AU_OBSERVATION; T_AU_OBSERVATION_TEXT","T_CURSOR; T_AU_OBSERVATION; T_AU_OBSERVATION_TEXT","True"
"PKG_HD.P_AUDIT_PARA_UPDATE_HEAD_DEPT","PKG_HD","Confirmed Active","UpdateAuditParaForFinalizationHO","HD","DUAL","T_AU_OBSERVATION; T_AU_OBSERVATION_TEXT","V_ID; V_NATUREID; T_CURSOR; T_AU_OBSERVATION; V_CAT_ID; V_CAT_NATURE_ID; T_AU_OBSERVATION_TEXT","True"
"PKG_HD.P_GETAUDITENTITIESTYPE","PKG_HD","Likely Active","GetAuditeeEntitiesType","HD","T_AUDITEE_ENT_TYPES; V_GET_PARENT_OFFICE","","T_CURSOR; T_AUDITEE_ENT_TYPES; V_GET_PARENT_OFFICE","True"
"PKG_HD.P_GETAUDITENTITIES","PKG_HD","Confirmed Active","GetAuditEntitiesByTypeId","HD","T_AUDITEE_ENTITIES","","T_CURSOR; T_AUDITEE_ENTITIES","True"
"PKG_HD.P_GETAUDITYEAR","PKG_HD","Likely Active","GetAuditYearForAddLegacyPara","HD","T_AU_OLD_AUDIT_PERIOD","","T_CURSOR; T_AU_OLD_AUDIT_PERIOD","True"
"PKG_HD.P_GETAUDITNATURE","PKG_HD","Confirmed Active","GetAuditNatureForAddLegacyPara","HD","T_AU_OLD_AUDIT_NATURE","","T_CURSOR; T_AU_OLD_AUDIT_NATURE","True"
"PKG_HD.P_ADD_LEGACY_PARA","PKG_HD","Confirmed Active","AddNewLegacyPara","HD","T_AU_OBSERVATION_OLD_CAD_PARAS; DUAL; T_AU_OLD_PARAS_FAD; T_AU_ERROR_LOGS","T_AU_OBSERVATION_OLD_CAD_PARAS; T_AU_OLD_PARAS_FAD; T_AU_ERROR_LOGS","T_CURSOR; T_AU_OBSERVATION_OLD_CAD_PARAS; T_AU_OLD_PARAS_FAD; T_AU_ERROR_LOGS","True"
"PKG_HD.P_GET_LEGACY_PARA_TO_AUTHORIZE","PKG_HD","Confirmed Active","GetAddedLegacyParaForAuthorize","HD","T_AU_OBSERVATION_OLD_CAD_PARAS; T_AUDITEE_ENTITIES; T_AU_OLD_PARAS_FAD; T_AU_OLD_AUDIT_NATURE; T_AU_OLD_AUDIT_PERIOD","","T_CURSOR; T_AU_OBSERVATION_OLD_CAD_PARAS; T_AUDITEE_ENTITIES; T_AU_OLD_PARAS_FAD; T_AU_OLD_AUDIT_NATURE; T_AU_OLD_AUDIT_PERIOD","True"
"PKG_HD.P_AUTHORIZE_LEGACY_PARA_ADDITION","PKG_HD","Confirmed Active","AuthorizeLegacyParaAddition","HD","DUAL; T_AU_ERROR_LOGS","T_AU_OBSERVATION_OLD_CAD_PARAS; T_AU_OLD_PARAS_FAD; T_AU_ERROR_LOGS","T_CURSOR; T_AU_OBSERVATION_OLD_CAD_PARAS; T_AU_OLD_PARAS_FAD; T_AU_ERROR_LOGS","True"
"PKG_HD.P_REFEREDBACK_DEL_PARA","PKG_HD","Confirmed Active","DeleteLegacyParaAdditionRequest","HD","T_AU_OBSERVATION_OLD_CAD_PARAS; T_AU_OLD_PARAS_FAD; DUAL; T_AU_ERROR_LOGS","T_AU_OBSERVATION_OLD_CAD_PARAS; T_AU_OLD_PARAS_FAD; T_AU_ERROR_LOGS","T_CURSOR; T_AU_OBSERVATION_OLD_CAD_PARAS; T_AU_OLD_PARAS_FAD; T_AU_ERROR_LOGS","True"
"PKG_HD.P_GETNEWPARASTEXT","PKG_HD","Low-Confidence / Needs Verification","GetNewParaText","HD","T_AU_OBSERVATION_TEXT","","T_CURSOR; T_AU_OBSERVATION_TEXT","True"
"PKG_HD.P_ADD_DUPLICATE_PARAS","PKG_HD","Confirmed Active","RequestDeleteDuplicatePara","HD","T_AU_OBSERVATION_FAD; T_AUDITEE_ENTITIES; DUAL; T_AU_DUPLICATE_PARAS","T_AU_DUPLICATE_PARAS","T_CURSOR; T_AU_OBSERVATION_FAD; T_AUDITEE_ENTITIES; T_AU_DUPLICATE_PARAS","True"
"PKG_HD.P_GET_DUPLICATE_PARAS_ENT_FOR_AUTH","PKG_HD","Likely Active","GetDuplicateParasAuthorizationEntityList","HD","DUAL; T_AUDITEE_ENTITIES; T_AU_DUPLICATE_PARAS","","T_CURSOR; T_AUDITEE_ENTITIES; T_AU_DUPLICATE_PARAS","True"
"PKG_HD.P_GET_DUPLICATE_PARAS_FOR_AUTH","PKG_HD","Confirmed Active","GetDuplicateParasForAuthorization","HD","DUAL; T_AU_DUPLICATE_PARAS; T_AUDITEE_ENTITIES","","T_CURSOR; T_AU_DUPLICATE_PARAS; T_AUDITEE_ENTITIES","True"
"PKG_HD.P_REJECT_DUPLICATE_PARAS","PKG_HD","Confirmed Active","RejectDeleteDuplicatePara","HD","DUAL","T_AU_DUPLICATE_PARAS","T_CURSOR; T_AU_DUPLICATE_PARAS","True"
"PKG_HD.P_AUTH_DUPLICATE_PARAS","PKG_HD","Confirmed Active","AuthDeleteDuplicatePara","HD","T_AU_DUPLICATE_PARAS; DUAL","T_AU_DUPLICATE_PARAS; T_AU_OLD_PARAS_FAD; T_AU_OBSERVATION; T_AU_OBSERVATION_OLD_CAD_PARAS; AIS_T_AU_POST_COMPLIANCE","T_CURSOR; T_AU_DUPLICATE_PARAS; T_AU_OLD_PARAS_FAD; T_AU_OBSERVATION; T_AU_OBSERVATION_OLD_CAD_PARAS; AIS_T_AU_POST_COMPLIANCE","True"
"PKG_HD.P_GET_OBSERVATION_DETAILS_FROM_ID","PKG_HD","Confirmed Active","GetObservationDetailsById","HD","DUAL; T_AU_OBSERVATION; T_AUDIT_CHECKLIST_ANNEXURE; T_AUDIT_CHECKLIST_DETAILS; T_AUDIT_CHECKLIST_SUB; T_AUDIT_CHECKLIST; T_RISK; T_AU_OBSERVATION_TEXT; T_AU_OBSERVATIONS_AUDITEE_RESPONSE; T_AU_OBSERVATIONS_AUDITOR_RECOMMENDATION; T_AU_DSA","","T_CURSOR; T_ID; T_AU_OBSERVATION; T_AUDIT_CHECKLIST_ANNEXURE; T_AUDIT_CHECKLIST_DETAILS; T_AUDIT_CHECKLIST_SUB; T_AUDIT_CHECKLIST; T_RISK; T_AU_OBSERVATION_TEXT; T_AU_OBSERVATIONS_AUDITEE_RESPONSE; T_AU_OBSERVATIONS_AUDITOR_RECOMMENDATION; T_AU_DSA","True"
"PKG_HD.P_GET_OBSERVATION_DETAILS_FROM_ID_HO","PKG_HD","Confirmed Active","GetObservationDetailsByIdHO","HD","DUAL; T_AU_OBSERVATION; T_RISK; T_AU_OBSERVATION_TEXT; T_AU_OBSERVATIONS_AUDITEE_RESPONSE; T_AU_OBSERVATIONS_AUDITOR_RECOMMENDATION; T_CONTROL_VIOLATION_SUB; T_CONTROL_VIOLATION","","T_CURSOR; T_AU_OBSERVATION; T_RISK; T_AU_OBSERVATION_TEXT; T_AU_OBSERVATIONS_AUDITEE_RESPONSE; T_AU_OBSERVATIONS_AUDITOR_RECOMMENDATION; T_CONTROL_VIOLATION_SUB; V_CAT_NATURE_ID; T_CONTROL_VIOLATION; V_CAT_ID","True"
"PKG_HD.P_GET_OBSERVATION_DETAILS_FROM_ID_PRE_CON","PKG_HD","Confirmed Active","GetObservationDetailsByIdForPreConcluding","HD","DUAL; T_AU_OBSERVATION; T_AUDIT_CHECKLIST_ANNEXURE; T_AUDIT_CHECKLIST_DETAILS; T_AUDIT_CHECKLIST_SUB; T_AUDIT_CHECKLIST; T_RISK; T_AU_OBSERVATION_TEXT; T_AU_OBSERVATIONS_AUDITEE_RESPONSE; T_AU_OBSERVATIONS_AUDITOR_RECOMMENDATION; T_AU_OBSERVATIONS_AUDITOR_REPLY; T_AU_OBSERVATION_FINAL_RECCOMENDATION; T_AU_OBSERVATION_GIST","","T_CURSOR; T_ID; T_AU_OBSERVATION; T_AUDIT_CHECKLIST_ANNEXURE; T_AUDIT_CHECKLIST_DETAILS; T_AUDIT_CHECKLIST_SUB; T_AUDIT_CHECKLIST; T_RISK; T_AU_OBSERVATION_TEXT; T_AU_OBSERVATIONS_AUDITEE_RESPONSE; T_AU_OBSERVATIONS_AUDITOR_RECOMMENDATION; T_AU_OBSERVATIONS_AUDITOR_REPLY; T_AU_OBSERVATION_FINAL_RECCOMENDATION; T_AU_OBSERVATION_GIST","True"
"PKG_HD.P_GET_OBSERVATION_DETAILS_FROM_ID_PRE_CON_HO","PKG_HD","Confirmed Active","GetObservationDetailsByIdForPreConcludingHO","HD","DUAL; T_AU_OBSERVATION; T_RISK; T_AU_OBSERVATION_TEXT; T_AU_OBSERVATIONS_AUDITEE_RESPONSE; T_AU_OBSERVATIONS_AUDITOR_RECOMMENDATION; T_AU_OBSERVATIONS_AUDITOR_REPLY; T_AU_OBSERVATION_FINAL_RECCOMENDATION; T_AU_OBSERVATION_GIST","","T_CURSOR; V_CAT_ID; T_ID; V_CAT_NATURE_ID; T_AU_OBSERVATION; T_RISK; T_AU_OBSERVATION_TEXT; T_AU_OBSERVATIONS_AUDITEE_RESPONSE; T_AU_OBSERVATIONS_AUDITOR_RECOMMENDATION; T_AU_OBSERVATIONS_AUDITOR_REPLY; T_AU_OBSERVATION_FINAL_RECCOMENDATION; T_AU_OBSERVATION_GIST","True"
"PKG_HD.P_UPLOAD_AUDIT_REPORT","PKG_HD","Confirmed Active","UploadAuditReport","HD","DUAL; T_AUDIT_REPORTS","T_AUDIT_REPORTS; OPEN","T_CURSOR; V_EXISTS; T_AUDIT_REPORTS","True"
"PKG_HD.P_GET_FINAL_AUDIT_REPORT","PKG_HD","Confirmed Active","GetAuditReports","HD","DUAL; T_AUDIT_REPORTS; T_AU_PLAN_ENG; T_AU_PERIOD; T_AUDITEE_ENTITIES","","T_CURSOR; T_AUDIT_REPORTS; T_AU_PLAN_ENG; T_AU_PERIOD; T_AUDITEE_ENTITIES","True"
"PKG_HD.P_GET_AUDIT_REPORT_CONTENT","PKG_HD","Confirmed Active","GetAuditReportContent","HD","DUAL; T_AUDIT_REPORTS","","T_CURSOR; T_AUDIT_REPORTS","True"
"PKG_HD.P_GET_CHECK_AUDIT_REPORT_UPLOADED","PKG_HD","Confirmed Active","GetCheckAuditReportExisits","HD","DUAL; T_AUDIT_REPORTS","","T_CURSOR; T_AUDIT_REPORTS","True"
"PKG_HD.P_GET_PARAS_FOR_STATUS_CHANGE","PKG_HD","Confirmed Active","GetParasForStatusChange","HD","AIS_T_AU_POST_COMPLIANCE; T_RISK; T_AU_PARAS_STATUS_CHANGE_LOG","","T_CURSOR; AIS_T_AU_POST_COMPLIANCE; T_RISK; T_AU_PARAS_STATUS_CHANGE_LOG","True"
"PKG_HD.P_ADD_PARAS_FOR_STATUS_CHANGE","PKG_HD","Confirmed Active","AddChangeStatusRequestForPara","HD","AIS_T_AU_POST_COMPLIANCE; DUAL; T_AU_PARAS_STATUS_CHANGE_LOG","T_AU_PARAS_STATUS_CHANGE_LOG","T_CURSOR; M_F; V_EXISTS; AIS_T_AU_POST_COMPLIANCE; T_AU_PARAS_STATUS_CHANGE_LOG","True"
"PKG_HD.P_GET_PARAS_FOR_STATUS_CHANGE_FOR_AUTHORIZE","PKG_HD","Confirmed Active","GetParasForStatusChangeToAuthorize","HD","AIS_T_AU_POST_COMPLIANCE; T_RISK; T_AU_PARAS_STATUS_CHANGE_LOG","","T_CURSOR; AIS_T_AU_POST_COMPLIANCE; T_RISK; T_AU_PARAS_STATUS_CHANGE_LOG","True"
"PKG_HD.P_AUTHORIZE_PARAS_FOR_STATUS","PKG_HD","Confirmed Active","AuthorizeChangeStatusRequestForPara","HD","T_AU_PARAS_STATUS_CHANGE_LOG; DUAL; AIS_T_AU_POST_COMPLIANCE; FRONTEND","PARA; T_AU_OBSERVATION; T_AU_OLD_PARAS_FAD; T_AU_OBSERVATION_OLD_CAD_PARAS; AIS_T_AU_POST_COMPLIANCE; CHANGE; T_AU_PARAS_STATUS_CHANGE_LOG","T_CURSOR; T_AU_PARAS_STATUS_CHANGE_LOG; T_AU_OBSERVATION; T_AU_OLD_PARAS_FAD; T_AU_OBSERVATION_OLD_CAD_PARAS; AIS_T_AU_POST_COMPLIANCE","True"
"PKG_HD.P_GET_BACKOFFICEDASHBOARDENGAGEMENTS","PKG_HD","Confirmed Active","GetBackOfficeDashboardEngagements","HD","T_AU_PLAN_ENG; T_AUDITEE_ENTITIES","","T_CURSOR; T_AU_PLAN_ENG; T_AUDITEE_ENTITIES","True"
"PKG_HD.P_ADDOLDPARAS","PKG_HD","Confirmed Active","AddOldParas","HD","","T_AU_OLD_PARAS_FAD; T_AU_OLD_PARAS_FAD_TEXT","T_AU_OLD_PARAS_FAD; T_AU_OLD_PARAS_FAD_TEXT","True"
"PKG_AIS.P_ADDOLDPARASRESPONSIBILITYASSIGNED","PKG_AIS","Confirmed Active","AddOldParas","HD","","","","False"
"PKG_INQ.P_CREATE_COMPLAINT_HDR","PKG_INQ","Low-Confidence / Needs Verification","public","IID","","T_AU_IID_COMPLAINT_HDR","V_COMPLAINT_NO; T_AU_IID_COMPLAINT_HDR","True"
"PKG_INQ.P_SAVE_COMPLAINT_IAID","PKG_INQ","Likely Active","SaveComplaintIAID","IID","T_AU_IID_COMPLAINANT","PRIMARY; VIA","T_AU_IID_COMPLAINANT","True"
"PKG_INQ.P_SAVE_FFR_P1","PKG_INQ","Confirmed Active","SaveFFRPart1","IID","","","","False"
"PKG_INQ.P_SAVE_FFR_P2","PKG_INQ","Confirmed Active","SaveFFRPart2","IID","","","","False"
"PKG_INQ.P_SAVE_FFR_P3","PKG_INQ","Confirmed Active","SaveFFRPart3","IID","","","","False"
"PKG_INQ.P_GET_COMPLAINT_HDR","PKG_INQ","Low-Confidence / Needs Verification","GetComplaintHeader","IID","T_AU_IID_COMPLAINT_HDR","","T_CURSOR; T_AU_IID_COMPLAINT_HDR","True"
"PKG_INQ.P_GET_FFR_P1","PKG_INQ","Confirmed Active","GetFFRPart1","IID","","","","False"
"PKG_INQ.P_GET_FFR_P2","PKG_INQ","Confirmed Active","GetFFRPart2","IID","","","","False"
"PKG_INQ.P_GET_FFR_P3","PKG_INQ","Confirmed Active","GetFFRPart3","IID","","","","False"
"PKG_INQ.GET_COMPLAINTS","PKG_INQ","Confirmed Active","GetComplaintsByUser","IID","T_USER_MAPING; T_AU_IID_COMPLAINT_HDR; T_AU_IID_COMPLAINT_IAID; T_AU_IID_COMPLAINANT; T_AUDITEE_ENTITIES","","T_CURSOR; T_USER_MAPING; T_AU_IID_COMPLAINT_HDR; T_AU_IID_COMPLAINT_IAID; T_AU_IID_COMPLAINANT; T_AUDITEE_ENTITIES","True"
"PKG_INQ.GET_COMPLAINTS_WITHOUT_ASSESSMENT","PKG_INQ","Confirmed Active","Get_Complaints_Without_Assessment","IID","T_AU_IID_COMPLAINT_HDR; T_AU_IID_COMPLAINT_IAID; T_AU_IID_ASSESSMENT","","T_CURSOR; T_AU_IID_COMPLAINT_HDR; T_AU_IID_COMPLAINT_IAID; T_AU_IID_ASSESSMENT","True"
"PKG_INQ.GET_COMPLAINTS_DD","PKG_INQ","Confirmed Active","GetComplaintsDropdown; IsComplaintAllowedForIidPdf","IID; IID.Pdf","T_AU_IID_COMPLAINT_HDR; T_AU_IID_COMPLAINT_IAID; T_AU_IID_COMPLAINANT; T_AU_IID_STATUS_MST","","T_CURSOR; T_AU_IID_COMPLAINT_HDR; T_AU_IID_COMPLAINT_IAID; T_AU_IID_COMPLAINANT; T_AU_IID_STATUS_MST","True"
"PKG_INQ.P_GETINSPECTIONUNITS","PKG_INQ","Confirmed Active","GetInspectionUnits","IID","T_AUDITEE_ENTITIES","","T_CURSOR; T_AUDITEE_ENTITIES","True"
"PKG_INQ.GET_COMPLAINT","PKG_INQ","Confirmed Active","GetComplaint","IID","T_AUDITEE_ENTITIES; T_AU_IID_COMPLAINT_HDR; T_AU_IID_COMPLAINT_IAID; T_AU_IID_COMPLAINANT; T_AU_IID_ASSESSMENT","","T_CURSOR; T_AUDITEE_ENTITIES; T_AU_IID_COMPLAINT_HDR; T_AU_IID_COMPLAINT_IAID; T_AU_IID_COMPLAINANT; T_AU_IID_ASSESSMENT","True"
"PKG_INQ.ADD_ASSESSMENT","PKG_INQ","Confirmed Active","AddAssessment","IID","DUAL","T_AU_IID_ASSESSMENT; T_AU_IID_COMPLAINT_HDR","T_AU_IID_ASSESSMENT; T_AU_IID_COMPLAINT_HDR","True"
"PKG_INQ.ADD_HEAD_REVIEW","PKG_INQ","Confirmed Active","AddHeadReview","IID","T_AU_IID_HEAD_REVIEW; DUAL","T_AU_IID_HEAD_REVIEW; SET; HEADER; T_AU_IID_COMPLAINT_HDR","T_AU_IID_HEAD_REVIEW; T_AU_IID_COMPLAINT_HDR","True"
"PKG_INQ.ADD_INV_PLAN","PKG_INQ","Confirmed Active","AddInvestigationPlan","IID","T_AU_IID_INV_PLAN; DUAL","T_AU_IID_INV_PLAN; SET; T_AU_IID_COMPLAINT_HDR","T_AU_IID_INV_PLAN; T_AU_IID_COMPLAINT_HDR","True"
"PKG_INQ.GET_IID_TASK_LIST","PKG_INQ","Confirmed Active","GetIidTaskList","IID","T_AU_IID_REPORT; T_AU_IID_COMPLAINT_HDR; T_AU_IID_COMPLAINT_IAID; T_AU_IID_COMPLAINANT; T_AU_IID_ASSESSMENT; T_AU_IID_HEAD_REVIEW; T_AU_IID_INV_PLAN; T_AU_IID_HEAD_PLAN_APPROVAL","","T_CURSOR; T_AU_IID_REPORT; T_AU_IID_COMPLAINT_HDR; T_AU_IID_COMPLAINT_IAID; T_AU_IID_COMPLAINANT; T_AU_IID_ASSESSMENT; T_AU_IID_HEAD_REVIEW; T_AU_IID_INV_PLAN; T_AU_IID_HEAD_PLAN_APPROVAL","True"
"PKG_INQ.P_ENQUEUE_EMAIL","PKG_INQ","Confirmed Active","EnqueueEmail","IID","","","","False"
"PKG_INQ.P_GET_EMAIL_QUEUE","PKG_INQ","Low-Confidence / Needs Verification","GetEmailQueue","IID","","","","False"
"PKG_INQ.P_MARK_EMAIL_SENT","PKG_INQ","Low-Confidence / Needs Verification","MarkEmailSent","IID","","","","False"
"PKG_INQ.P_MARK_EMAIL_FAILED","PKG_INQ","Low-Confidence / Needs Verification","MarkEmailFailed","IID","","","","False"
"PKG_INQ.P_GET_COMPLAINT_ID_BY_PLAN","PKG_INQ","Confirmed Active","GetComplaintIdByPlanId","IID","T_AU_IID_INV_PLAN","","T_AU_IID_INV_PLAN","True"
"PKG_INQ.P_GET_COMPLAINT_ID_BY_REPORT","PKG_INQ","Confirmed Active","GetComplaintIdByReportId","IID","T_AU_IID_REPORT","","T_AU_IID_REPORT; T_AU_IID_INQUIRY_REPORT","True"
"PKG_INQ.GET_INV_PLAN","PKG_INQ","Confirmed Active","GetIidPlanDetails","IID","T_AU_IID_INV_PLAN","","T_CURSOR; T_AU_IID_INV_PLAN","True"
"PKG_INQ.GET_LATEST_PLAN_BY_COMPLAINT","PKG_INQ","Confirmed Active","GetLatestPlanByComplaintId","IID","T_AU_IID_INV_PLAN","","T_CURSOR; T_AU_IID_INV_PLAN","True"
"PKG_INQ.GET_LATEST_INQUIRY_REPORT_BY_COMPLAINT","PKG_INQ","Confirmed Active","GetLatestInquiryReportByComplaintId","IID","T_AU_IID_INQ_ACCUSED_LIST; COMPLAINT; STATEMENTS; T_AU_IID_INQ_STATEMENTS; T_AU_IID_INQ_RECORD_SCRUTINIZED; T_AU_IID_INQ_FIND_RECOMM; T_AU_IID_INQ_ACCUSATIONS; T_AU_IID_INQ_EVIDENCE_FILES; T_AU_IID_INQ_DSA; T_AU_IID_COMPLAINT_IAID; T_AU_IID_COMPLAINANT","","T_AU_IID_INQ_ACCUSED_LIST; T_AU_IID_INQ_STATEMENTS; T_AU_IID_INQ_RECORD_SCRUTINIZED; T_AU_IID_INQ_FIND_RECOMM; T_AU_IID_INQ_ACCUSATIONS; T_AU_IID_INQ_EVIDENCE_FILES; T_AU_IID_INQ_DSA; T_AU_IID_COMPLAINT_IAID; T_AU_IID_COMPLAINANT","True"
"PKG_INQ.ADD_PLAN_APPROVAL","PKG_INQ","Confirmed Active","AddPlanApproval","IID","T_AU_IID_HEAD_PLAN_APPROVAL; DUAL; T_AU_IID_INV_PLAN","T_AU_IID_HEAD_PLAN_APPROVAL; SET; T_AU_IID_COMPLAINT_HDR","T_AU_IID_HEAD_PLAN_APPROVAL; T_AU_IID_INV_PLAN; T_AU_IID_COMPLAINT_HDR","True"
"PKG_INQ.ADD_INQUIRY_REPORT","PKG_INQ","Confirmed Active","AddInquiryReport","IID","DUAL","T_AU_IID_REPORT","T_AU_IID_REPORT","True"
"PKG_INQ.ADD_ANALYSIS","PKG_INQ","Confirmed Active","AddAnalysis","IID","T_AU_IID_ANALYSIS; DUAL; T_AU_IID_REPORT","T_AU_IID_ANALYSIS; SET; SELECT","T_AU_IID_ANALYSIS; T_AU_IID_REPORT","True"
"PKG_INQ.ADD_FINAL_APPROVAL","PKG_INQ","Low-Confidence / Needs Verification","SaveFinalApprovalRecord","IID","DUAL; T_AU_IID_REPORT","T_AU_IID_FINAL_APPROVAL","T_AU_IID_FINAL_APPROVAL; T_AU_IID_REPORT","True"
"PKG_INQ.GET_INQUIRY_REPORT","PKG_INQ","Confirmed Active","GetInquiryReportFiles","IID","T_AU_IID_REPORT","","T_CURSOR; T_AU_IID_REPORT","True"
"PKG_INQ.ADD_CASE_STUDY","PKG_INQ","Confirmed Active","AddCaseStudy","IID","DUAL","T_AU_IID_CASE_STUDY","T_AU_IID_CASE_STUDY","True"
"PKG_INQ.P_GET_INQ_ACCUSATIONS","PKG_INQ","Confirmed Active","GetIidAccusationsForFindings; GetIidInqAccusationsByComplaintId","IID","T_AU_IID_INQ_ACCUSATIONS","","T_CURSOR; T_AU_IID_INQ_ACCUSATIONS","True"
"PKG_INQ.P_ADD_INQ_ACCUSATION","PKG_INQ","Confirmed Active","AddIidInqAccusation","IID","","T_AU_IID_INQ_ACCUSATIONS","T_CURSOR; V_ID; T_AU_IID_INQ_ACCUSATIONS","True"
"PKG_INQ.P_UPDATE_INQ_ACCUSATION","PKG_INQ","Confirmed Active","UpdateIidInqAccusation","IID","","T_AU_IID_INQ_ACCUSATIONS; ACCUSATION","T_CURSOR; V_CNT; T_AU_IID_INQ_ACCUSATIONS","True"
"PKG_INQ.P_DELETE_INQ_ACCUSATION","PKG_INQ","Confirmed Active","DeleteIidInqAccusation","IID","","T_AU_IID_INQ_ACCUSATIONS","T_CURSOR; V_CNT; T_AU_IID_INQ_ACCUSATIONS","True"
"PKG_INQ.GET_EMPLOYEE_INFO","PKG_INQ","Confirmed Active","GetIidEmployeeInfo","IID","V_GET_IID_EMPLOYEE_INFO","","T_CURSOR; V_GET_IID_EMPLOYEE_INFO","True"
"PKG_INQ.P_GET_INQ_ACCUSED_LIST","PKG_INQ","Confirmed Active","GetIidInqAccusedListByComplaintId","IID","T_AU_IID_INQ_ACCUSED_LIST","","T_CURSOR; T_AU_IID_INQ_ACCUSED_LIST","True"
"PKG_INQ.P_ADD_INQ_ACCUSED","PKG_INQ","Confirmed Active","AddIidInqAccused","IID","","T_AU_IID_INQ_ACCUSED_LIST","T_CURSOR; V_ID; T_AU_IID_INQ_ACCUSED_LIST","True"
"PKG_INQ.P_UPDATE_INQ_ACCUSED","PKG_INQ","Confirmed Active","UpdateIidInqAccused","IID","","T_AU_IID_INQ_ACCUSED_LIST; ACCUSED","T_CURSOR; V_CNT; T_AU_IID_INQ_ACCUSED_LIST","True"
"PKG_INQ.P_DELETE_INQ_ACCUSED","PKG_INQ","Confirmed Active","DeleteIidInqAccused","IID","","T_AU_IID_INQ_ACCUSED_LIST","T_CURSOR; V_CNT; T_AU_IID_INQ_ACCUSED_LIST","True"
"PKG_INQ.P_GET_INQ_RECORDS","PKG_INQ","Confirmed Active","GetIidInqRecordsByComplaintId","IID","T_AU_IID_INQ_RECORD_SCRUTINIZED","","T_CURSOR; T_AU_IID_INQ_RECORD_SCRUTINIZED","True"
"PKG_INQ.P_ADD_INQ_RECORD","PKG_INQ","Confirmed Active","AddIidInqRecord","IID","","T_AU_IID_INQ_RECORD_SCRUTINIZED","T_CURSOR; V_ID; T_AU_IID_INQ_RECORD_SCRUTINIZED","True"
"PKG_INQ.P_UPDATE_INQ_RECORD","PKG_INQ","Confirmed Active","UpdateIidInqRecord","IID","","T_AU_IID_INQ_RECORD_SCRUTINIZED; RECORD","T_CURSOR; V_CNT; T_AU_IID_INQ_RECORD_SCRUTINIZED","True"
"PKG_INQ.P_DELETE_INQ_RECORD","PKG_INQ","Confirmed Active","DeleteIidInqRecord","IID","","T_AU_IID_INQ_RECORD_SCRUTINIZED","T_CURSOR; V_CNT; T_AU_IID_INQ_RECORD_SCRUTINIZED","True"
"PKG_INQ.P_GET_INQ_PROCEEDINGS","PKG_INQ","Confirmed Active","GetIidInqProceedingsByComplaintId","IID","T_AU_IID_INQ_PROCEEDINGS","","T_AU_IID_INQ_PROCEEDINGS","True"
"PKG_INQ.P_SAVE_INQ_PROCEEDING","PKG_INQ","Confirmed Active","SaveIidInqProceeding","IID","DUAL","T_AU_IID_INQ_PROCEEDINGS","T_CURSOR; V_MSG; T_AU_IID_INQ_PROCEEDINGS","True"
"PKG_INQ.P_DELETE_INQ_PROCEEDING","PKG_INQ","Confirmed Active","DeleteIidInqProceeding","IID","DUAL","T_AU_IID_INQ_PROCEEDINGS","T_CURSOR; V_MSG; T_AU_IID_INQ_PROCEEDINGS","True"
"PKG_INQ.P_GET_INQ_STATEMENTS","PKG_INQ","Confirmed Active","GetIidInqStatementsByComplaintId","IID","T_AU_IID_INQ_STATEMENTS","","T_CURSOR; T_AU_IID_INQ_STATEMENTS","True"
"PKG_INQ.P_ADD_INQ_STATEMENT","PKG_INQ","Confirmed Active","SaveIidInqStatement","IID","T_AU_IID_INQ_STATEMENTS","EXISTING; T_AU_IID_INQ_STATEMENTS; STATEMENT","T_CURSOR; V_ID; T_AU_IID_INQ_STATEMENTS","True"
"PKG_INQ.P_DELETE_INQ_STATEMENT","PKG_INQ","Confirmed Active","DeleteIidInqStatement","IID","","T_AU_IID_INQ_STATEMENTS","T_CURSOR; V_CNT; T_AU_IID_INQ_STATEMENTS","True"
"PKG_INQ.P_GET_INQ_EVIDENCE_FILES","PKG_INQ","Confirmed Active","GetIidInqEvidenceFilesByComplaintId","IID","T_AU_IID_INQ_EVIDENCE_FILES","","T_CURSOR; T_AU_IID_INQ_EVIDENCE_FILES","True"
"PKG_INQ.P_ADD_INQ_EVIDENCE_FILE","PKG_INQ","Confirmed Active","AddIidInqEvidenceFile","IID","","T_AU_IID_INQ_EVIDENCE_FILES","T_CURSOR; V_ID; T_AU_IID_INQ_EVIDENCE_FILES","True"
"PKG_INQ.P_DELETE_INQ_EVIDENCE_FILE","PKG_INQ","Confirmed Active","DeleteIidInqEvidenceFile","IID","","T_AU_IID_INQ_EVIDENCE_FILES","T_CURSOR; V_CNT; T_AU_IID_INQ_EVIDENCE_FILES","True"
"PKG_INQ.P_GET_INQ_VIOLATIONS","PKG_INQ","Confirmed Active","GetIidInqViolationsByComplaintId","IID","T_AU_IID_INQ_VIOLATIONS","","T_CURSOR; T_AU_IID_INQ_VIOLATIONS","True"
"PKG_INQ.P_ADD_INQ_VIOLATION","PKG_INQ","Confirmed Active","AddIidInqViolation","IID","","T_AU_IID_INQ_VIOLATIONS","T_CURSOR; V_ID; T_AU_IID_INQ_VIOLATIONS","True"
"PKG_INQ.P_UPDATE_INQ_VIOLATION","PKG_INQ","Confirmed Active","UpdateIidInqViolation","IID","","T_AU_IID_INQ_VIOLATIONS; VIOLATION","T_CURSOR; V_CNT; T_AU_IID_INQ_VIOLATIONS","True"
"PKG_INQ.P_DELETE_INQ_VIOLATION","PKG_INQ","Confirmed Active","DeleteIidInqViolation","IID","","T_AU_IID_INQ_VIOLATIONS","T_CURSOR; V_CNT; T_AU_IID_INQ_VIOLATIONS","True"
"PKG_INQ.GET_INQ_FINDINGS_RECOMM","PKG_INQ","Confirmed Active","GetIidFindingsRecommByAccusation; GetIidInqFindingsRecommByComplaintId","IID","T_AU_IID_INQ_FIND_RECOMM","","T_CURSOR; T_AU_IID_INQ_FIND_RECOMM","True"
"PKG_INQ.SAVE_INQ_FINDINGS_RECOMM","PKG_INQ","Confirmed Active","SaveIidFindingsRecommByAccusation","IID","DUAL","T_AU_IID_INQ_FIND_RECOMM; SET","T_CURSOR; T_AU_IID_INQ_FIND_RECOMM","True"
"PKG_INQ.GET_INQ_FIND_RECOMM_STATUS","PKG_INQ","Confirmed Active","GetIidFindingsRecommStatus","IID","T_AU_IID_INQ_ACCUSATIONS; T_AU_IID_INQ_FIND_RECOMM","","T_CURSOR; T_AU_IID_INQ_ACCUSATIONS; T_AU_IID_INQ_FIND_RECOMM","True"
"PKG_INQ.P_GET_INQ_EVIDENCE_STEP","PKG_INQ","Confirmed Active","GetIidInqEvidenceStepByComplaintId","IID","T_AU_IID_INQ_EVIDENCE_STEP","","T_AU_IID_INQ_EVIDENCE_STEP","True"
"PKG_INQ.P_SAVE_INQ_EVIDENCE_STEP","PKG_INQ","Confirmed Active","SaveIidInqEvidenceStep","IID","T_AU_IID_INQ_EVIDENCE_STEP; DUAL","T_AU_IID_INQ_EVIDENCE_STEP","T_CURSOR; V_EXISTS; V_MSG; T_AU_IID_INQ_EVIDENCE_STEP","True"
"PKG_INQ.P_GET_INQ_DSA","PKG_INQ","Confirmed Active","GetIidInqDsaByComplaintId","IID","T_AU_IID_INQ_DSA","","T_CURSOR; T_AU_IID_INQ_DSA","True"
"PKG_INQ.P_ADD_INQ_DSA","PKG_INQ","Confirmed Active","AddIidInqDsa","IID","","T_AU_IID_INQ_DSA","T_CURSOR; V_ID; T_AU_IID_INQ_DSA","True"
"PKG_INQ.P_UPDATE_INQ_DSA","PKG_INQ","Confirmed Active","UpdateIidInqDsa","IID","","T_AU_IID_INQ_DSA; DSA","T_CURSOR; V_CNT; T_AU_IID_INQ_DSA","True"
"PKG_INQ.P_DELETE_INQ_DSA","PKG_INQ","Confirmed Active","DeleteIidInqDsa","IID","","T_AU_IID_INQ_DSA","T_CURSOR; V_CNT; T_AU_IID_INQ_DSA","True"
"PKG_INQ.P_FINALIZE_IID_INQUIRY_REPORT","PKG_INQ","Confirmed Active","FinalizeIidInquiryReport","IID","","T_AU_IID_COMPLAINT_HDR","T_AU_IID_COMPLAINT_HDR","True"
"SELECT IS_FINALIZED FROM T_AU_IID_COMPLAINT_HDR WHERE COMPLAINT_ID = :P_COMPLAINT_ID","","Confirmed Active","IsIidComplaintFinalized","IID","","","","False"
"PKG_INQ.GET_REPORTS","PKG_INQ","Confirmed Active","GetReports","IID","T_AU_IID_REPORT; T_AU_IID_COMPLAINT_HDR; T_AU_IID_COMPLAINT_IAID","","T_CURSOR; T_AU_IID_REPORT; T_AU_IID_COMPLAINT_HDR; T_AU_IID_COMPLAINT_IAID","True"
"PKG_ISM.T_AU_EXCEPTION_REPORT","PKG_ISM","Confirmed Active","GetIidListOfReports","IID.ExceptionReports","","","","False"
"PKG_ISM.P_GET_EXCEPTION_REPORT_DATA","PKG_ISM","Confirmed Active","GetIidExceptionReportData","IID.ExceptionReports","","","","False"
"PKG_ISM.P_GET_ACCOUNT_TRANSCATIONS","PKG_ISM","Confirmed Active","GetIidAccountTransactions","IID.ExceptionReports","","","","False"
"PKG_ISM.P_GET_ACCOUNT_DOC","PKG_ISM","Confirmed Active","GetIidAccountDocuments","IID.ExceptionReports","","","","False"
"PKG_ISM.P_GET_LOANS_EXCEPTIONS","PKG_ISM","Confirmed Active","GetIidLoanExceptions","IID.ExceptionReports","","","","False"
"PKG_ISM.P_GET_LOAN_DOCUMENTS","PKG_ISM","Confirmed Active","GetIidLoanDocuments","IID.ExceptionReports","","","","False"
"PKG_ISM.P_GET_LOAN_DOCUMENTS_IMAGE","PKG_ISM","Confirmed Active","GetIidLoanDocumentData","IID.ExceptionReports","","","","False"
"PKG_ISM.P_GET_LOAN_TRANSACTIONS","PKG_ISM","Confirmed Active","GetIidLoanTransactions","IID.ExceptionReports","","","","False"
"PKG_LG.P_GET_SYS_LOGS","PKG_LG","Confirmed Active","GetSystemLogs","LG","T_SYS_LOG","","T_SYS_LOG","True"
"PKG_LG.P_DELETE_SYS_LOGS","PKG_LG","Confirmed Active","DeleteOldSystemLogs","LG","","","","False"
"P_ADD_ACTIVITY_LOG","","Low-Confidence / Needs Verification","AddActivityLog","Logging","","","","False"
"PKG_FRPT.P_GET_AUDIT_COVER","PKG_FRPT","Confirmed Active","GetManagementAuditCover","MANRPT","T_AU_PLAN_ENG; T_AUDITEE_ENTITIES_MAPING; T_AUDITEE_ENTITIES","","T_CURSOR; T_AU_PLAN_ENG; T_AUDITEE_ENTITIES_MAPING; T_AUDITEE_ENTITIES; T_FRPT_TEXT_BLOCKS","True"
"PKG_FRPT.P_GET_MAN_TEAM_DETAILS","PKG_FRPT","Confirmed Active","GetManagementAuditTeamDetails","MANRPT","V_GET_AUDIT_TEAM_DETAILS","","T_CURSOR; V_GET_AUDIT_TEAM_DETAILS","True"
"PKG_FRPT.P_GET_MAN_OBJECTIVE_SCOPE","PKG_FRPT","Confirmed Active","GetManReportObjectiveScope","MANRPT","T_FRPT_TEXT_BLOCKS","","T_CURSOR; T_FRPT_TEXT_BLOCKS","True"
"PKG_FRPT.P_GET_MAN_STAFF_SNAPSHOT","PKG_FRPT","Confirmed Active","GetManReportStaffSnapshot","MANRPT","T_FRPT_STAFF_SNAPSHOT","","T_CURSOR; T_FRPT_STAFF_SNAPSHOT","True"
"PKG_FRPT.P_GET_MAN_EXEC_SUMMARY","PKG_FRPT","Confirmed Active","GetManReportExecutiveSummary","MANRPT","T_FRPT_TEXT_BLOCKS","","T_CURSOR; T_FRPT_TEXT_BLOCKS; T_FRPT_STAFF_SNAPSHOT","True"
"PKG_FRPT.P_GET_MAN_AUDIT_OBSERVATIONS","PKG_FRPT","Confirmed Active","GetManReportObservationPdfParas; GetManReportObservations","MANRPT","DUAL","","T_CURSOR","True"
"PKG_FRPT.P_GET_MAN_SETTLED_PARAS","PKG_FRPT","Confirmed Active","GetManReportSettledParas; GetManReportSettledPdfParas","MANRPT","DUAL","","T_CURSOR","True"
"PKG_AR.P_GET_OBSERVATION_TO_PRINT","PKG_AR","Confirmed Active","GetObservationPrintDetails","ObservationPdf","T_AU_OBSERVATION; T_AU_PLAN_ENG; T_AU_TEAM_MEMBERS; T_AUDITEE_ENTITIES; T_AUDIT_CHECKLIST_ANNEXURE; T_RISK; T_AU_OBSERVATION_TEXT","","T_CURSOR; T_AU_OBSERVATION; T_AU_PLAN_ENG; T_AU_TEAM_MEMBERS; T_ID; T_AUDITEE_ENTITIES; T_AUDIT_CHECKLIST_ANNEXURE; T_RISK; T_AU_OBSERVATION_TEXT","True"
"PKG_PG.P_GET_AUDITPERIOD_STATUS","PKG_PG","Confirmed Active","GetAuditPeriodStatus","PG","T_AU_PERIOD_STATUS","","T_CURSOR; T_AU_PERIOD_STATUS","True"
"PKG_PG.P_GETAUDITPERIODS","PKG_PG","Confirmed Active","GetAuditPeriods","PG","T_AU_PERIOD; T_AU_PERIOD_STATUS","","T_CURSOR; T_AU_PERIOD; T_AU_PERIOD_STATUS","True"
"PKG_PG.P_GETAUDITCRITERIASTOAUTHORIZE","PKG_PG","Confirmed Active","GetAuditCriteriasToAuthorize","PG","T_AU_ACTIVITY_LOG; T_AUDITEE_ENTITIES; T_AUDIT_CRITERIA; T_AU_PERIOD; T_AUDITEE_ENT_TYPES; T_RISK; T_AUDIT_FREQUENCY; T_AUDITEE_ENTITIES_SIZE_DISC; T_AUDIT_CRITERIA_LOG; T_AUDITEE_ENTITIES_MAPING","T_AU_ACTIVITY_LOG","T_CURSOR; T_AU_ACTIVITY_LOG; T_AUDITEE_ENTITIES; T_AUDIT_CRITERIA; T_AU_PERIOD; T_AUDITEE_ENT_TYPES; T_RISK; T_AUDIT_FREQUENCY; T_AUDITEE_ENTITIES_SIZE_DISC; T_AUDIT_CRITERIA_LOG; T_AUDITEE_ENTITIES_MAPING","True"
"PKG_PG.P_GETREFFEREDBACKAUDITENGAGEMENTPLANS","PKG_PG","Confirmed Active","GetRefferedBackAuditEngagementPlans","PG","T_AU_ACTIVITY_LOG; T_AU_PLAN_ENG; T_AUDITEE_ENTITIES; T_AU_AUDIT_TEAMS","T_AU_ACTIVITY_LOG","T_CURSOR; T_AU_ACTIVITY_LOG; T_AU_PLAN_ENG; T_AUDITEE_ENTITIES; T_AU_AUDIT_TEAMS","True"
"PKG_RPT.P_GET_AUDIT_ZONES","PKG_RPT","Confirmed Active","GetAuditZones","RPT","T_AUDITEE_ENTITIES","","T_CURSOR; T_AUDITEE_ENTITIES","True"
"PKG_RPT.GET_DEPT_PERF_SUMMARY_DETAIL","PKG_RPT","Confirmed Active","GetDepartmentPerformanceSummaryAndDetail","RPT","AIS_T_AU_POST_COMPLIANCE; BASE; DEDUP; AGG; T_AU_PLAN_ENG; T_AUDITEE_ENTITIES; T_AU_PLAN_ENG_LOG; T_AU_OBSERVATION; EX; OBS","","T_CURSOR; AIS_T_AU_POST_COMPLIANCE; T_AU_PLAN_ENG; T_AUDITEE_ENTITIES; T_AU_PLAN_ENG_LOG; T_AU_OBSERVATION","True"
"PKG_RPT.GET_DEPT_PERF_BY_ZONE","PKG_RPT","Confirmed Active","GetDepartmentPerformanceByZone","RPT","","","","False"
"PKG_RPT.GET_AUDITOR_PERFORMANCE","PKG_RPT","Confirmed Active","GetAuditorPerformance","RPT","T_AU_PLAN_ENG; T_AUDITEE_ENTITIES; T_AU_OBSERVATION; EX; T_AU_AUDIT_TEAM_TASKLIST; T_AUDIT_EMP; T_AU_TEAM_MEMBERS; OBS","","T_CURSOR; T_AU_PLAN_ENG; T_AUDITEE_ENTITIES; T_AU_OBSERVATION; T_AU_AUDIT_TEAM_TASKLIST; T_AUDIT_EMP; T_AU_TEAM_MEMBERS; T_CODE","True"
"PKG_RPT.P_GETALLPARASYEAR","PKG_RPT","Confirmed Active","GetAllParasYears","RPT","T_AU_OBSERVATION_FAD","","T_CURSOR; T_AU_OBSERVATION_FAD","True"
"PKG_RPT.R_GETDEPARTMENTS","PKG_RPT","Confirmed Active","GetDepartments","RPT","T_USER; T_USER_MAPING; T_AUDITEE_ENTITIES; T_AUDITEE_ENTITIES_MAPING; DUAL","","T_CURSOR; T_USER; T_USER_MAPING; T_AUDITEE_ENTITIES; T_AUDITEE_ENTITIES_MAPING","True"
"PKG_RPT.P_GETZONEWISEOLDPARASPERFORMANCE","PKG_RPT","Confirmed Active","GetLegacyZoneWiseOldParasPerformance; GetZoneWiseOldParasPerformance","RPT","V_REPORT_AZ_PROGRESS","","T_CURSOR; V_REPORT_AZ_PROGRESS","True"
"PKG_RPT.P_GETACTIVEINACTIVECHARTDATA","PKG_RPT","Confirmed Active","GetActiveInactiveChartData","RPT","T_AU_OLD_PARAS_FAD","","T_CURSOR; T_AU_OLD_PARAS_FAD","True"
"PKG_RPT.P_GETCHILDPOSTING","PKG_RPT","Confirmed Active","GetchildpostingForParaPositionReport","RPT","T_AUDITEE_ENT_RELATION","","T_CURSOR; T_AUDITEE_ENT_RELATION; T_AUDITEE_ENT_TYPES; T_AUDITEE_ENTITIES_MAPING; T_AUDITEE_ENTITIES","True"
"PKG_RPT.P_GETPARENTREPOFFICE","PKG_RPT","Confirmed Active","GetparentrepofficeForParaPositionReport","RPT","T_AUDITEE_ENT_RELATION; T_AUDITEE_ENTITIES; T_AUDITEE_ENTITIES_MAPING; T_AUDITEE_ENT_TYPES","","T_CURSOR; T_AUDITEE_ENT_RELATION; T_AUDITEE_ENT_TYPES; T_AUDITEE_ENTITIES_MAPING; T_AUDITEE_ENTITIES","True"
"PKG_RPT.P_AUDITED_BY_DEPARTMENTS","PKG_RPT","Confirmed Active","GetAuditDepartmentsZones","RPT","T_AUDIT_DEPARTMENTS; T_AUDITEE_ENTITIES; DUAL","","T_CURSOR; T_AUDIT_DEPARTMENTS; T_AUDITEE_ENTITIES","True"
"PKG_RPT.P_GETREALTIONSHIPTYPE","PKG_RPT","Confirmed Active","GetrealtionshiptypeForParaPositionReport","RPT","T_AUDITEE_ENT_RELATION","","T_CURSOR; T_AUDITEE_ENT_RELATION","True"
"PKG_RPT.R_AUDIT_PLAN_ENGAGEMENT","PKG_RPT","Confirmed Active","GetAuditPlanEngagement","RPT","T_AU_PLAN_ENG; T_AU_PLAN_ENG_STATUS; T_AUDITEE_ENTITIES; T_AUDITEE_ENTITIES_MAPING; T_AU_PERIOD; T_AU_TEAM_MEMBERS","","T_CURSOR; T_AU_PLAN_ENG; T_AU_PLAN_ENG_STATUS; T_AUDITEE_ENTITIES; T_AUDITEE_ENTITIES_MAPING; T_AU_PERIOD; T_AU_TEAM_MEMBERS; T_ID","True"
"PKG_RPT.R_FUNCTIONALRESP","PKG_RPT","Confirmed Active","GetFadBranchesParas","RPT","T_AUDIT_CHECKLIST_DETAILS; T_AUDIT_CHECKLIST_SUB; T_AU_OLD_PARAS_FAD; T_AUDIT_CHECKLIST; T_RISK","","T_CURSOR; T_AUDIT_CHECKLIST_DETAILS; T_AUDIT_CHECKLIST_SUB; T_AU_OLD_PARAS_FAD; T_AUDIT_CHECKLIST; T_ID; T_RISK","True"
"PKG_RPT.R_JOININGCOMPLETION","PKG_RPT","Confirmed Active","GetJoiningCompletion","RPT","T_AU_PLAN_ENG; T_AUDITEE_ENTITIES; T_AUDITEE_ENTITIES_MAPING; T_AU_PLAN_ENG_STATUS; T_RISK; T_AUDIT_DEPARTMENTS","","T_CURSOR; T_AU_PLAN_ENG; T_AUDITEE_ENTITIES; T_AUDITEE_ENTITIES_MAPING; T_AU_PLAN_ENG_STATUS; T_RISK; T_AUDIT_DEPARTMENTS","True"
"PKG_RPT.R_AUDITPLANPROGRESS","PKG_RPT","Confirmed Active","GetauditplanCompletion","RPT","T_AU_OBSERVATION; T_AU_PLAN_ENG; T_AU_PLAN; T_AUDITEE_ENTITIES; T_AU_AUDIT_JOINING; T_RISK; T_AUDIT_PARA","","T_CURSOR; T_AU_OBSERVATION; T_AU_PLAN_ENG; T_AU_PLAN; T_AUDITEE_ENTITIES; T_AU_AUDIT_JOINING; T_RISK; T_AUDIT_PARA","True"
"PKG_RPT.R_GETAUDITEES","PKG_RPT","Confirmed Active","GetCurrentAuditProgressEntities","RPT","T_USER_MAPING; T_USER; T_AU_AUDIT_JOINING; T_AU_PLAN_ENG; T_AUDITEE_ENTITIES","","T_CURSOR; V_F; T_USER_MAPING; T_USER; T_AU_AUDIT_JOINING; T_AU_PLAN_ENG; T_AUDITEE_ENTITIES","True"
"PKG_RPT.R_GETAUDITEESOBERVATIONS","PKG_RPT","Confirmed Active","GetCurrentAuditProgress","RPT","T_AU_OBSERVATION; T_AUDITEE_ENTITIES; T_AU_OBSERVATION_STATUS; T_AU_PLAN_ENG","","T_CURSOR; T_AU_OBSERVATION; T_AUDITEE_ENTITIES; T_AU_OBSERVATION_STATUS; T_AU_PLAN_ENG","True"
"PKG_RPT.R_LOGINUSERS","PKG_RPT","Confirmed Active","GetCurrentActiveUsers","RPT","T_USER_SESSION; T_AUDIT_DEPARTMENTS; V_SERVICE_EMPLOYEEINFO","","T_CURSOR; T_USER_SESSION; T_AUDIT_DEPARTMENTS; V_SERVICE_EMPLOYEEINFO","True"
"PKG_RPT.R_GETAUDITEEPARAS","PKG_RPT","Confirmed Active","GetAuditeeParas; GetAuditeReportStatus; GetReportParas","RPT","T_AUDIT_PARA; T_AU_OBSERVATION; T_AU_PLAN_ENG; T_AU_OBSERVATION_TEXT; T_AU_OBSERVATIONS_AUDITEE_RESPONSE; T_AU_OBSERVATIONS_AUDITOR_RECOMMENDATION; T_AU_OBSERVATIONS_AUDITOR_REPLY; T_AUDITEE_ENTITIES; T_AUDIT_CHECKLIST_DETAILS; T_AUDIT_CHECKLIST_SUB; T_AUDIT_CHECKLIST; T_RISK; T_AUDIT_VIOLATION_DETAIL; DUAL","","T_CURSOR; V_F; T_AUDIT_PARA; V_HEADER; V_DETAIL; T_AU_OBSERVATION; T_AU_PLAN_ENG; T_AU_OBSERVATION_TEXT; T_AU_OBSERVATIONS_AUDITEE_RESPONSE; T_AU_OBSERVATIONS_AUDITOR_RECOMMENDATION; T_AU_OBSERVATIONS_AUDITOR_REPLY; T_AUDITEE_ENTITIES; T_AUDIT_CHECKLIST_DETAILS; T_AUDIT_CHECKLIST_SUB; T_AUDIT_CHECKLIST; T_ID; T_RISK; T_AUDIT_VIOLATION_DETAIL; V_ID","True"
"PKG_RPT.P_GETPARAPOSITIONFORZONEBRANCHES","PKG_RPT","Confirmed Active","GetZoneBranchParaPositionStatus","RPT","T_AUDITEE_ENTITIES; T_AU_OBSERVATION_FAD; T_AUDITEE_ENTITIES_MAPING","","T_CURSOR; T_AUDITEE_ENTITIES; T_AU_OBSERVATION_FAD; T_AUDITEE_ENTITIES_MAPING","True"
"PKG_RPT.R_GETAUDITEEADDRESS","PKG_RPT","Confirmed Active","GetAddress","RPT","T_AU_PLAN_ENG; T_AUDITEE_ENTITIES; T_AU_OBSERVATION; T_RISK; T_AUDITEE_ENTITIES_ADDRESS; T_AUDITEE_ENTITIES_MAPING","","T_CURSOR; T_AU_PLAN_ENG; T_AUDITEE_ENTITIES; T_AU_OBSERVATION; T_RISK; T_AUDITEE_ENTITIES_ADDRESS; T_AUDITEE_ENTITIES_MAPING","True"
"PKG_RPT.P_GETAUDITTEAMS","PKG_RPT","Confirmed Active","GetTeamDetails","RPT","T_AU_AUDIT_TEAMS; T_AU_TEAM_MEMBERS; T_AU_AUDIT_TEAM_TASKLIST","","T_CURSOR; T_AU_AUDIT_TEAMS; T_AU_TEAM_MEMBERS; T_ID; T_AU_AUDIT_TEAM_TASKLIST","True"
"PKG_RPT.P_GET_ENTITIES","PKG_RPT","Confirmed Active","FADGetReportEntitities","RPT","T_AU_PLAN_ENG; T_AU_PERIOD; T_AUDITEE_ENTITIES","","T_AU_PLAN_ENG; T_CURSOR; T_AU_PERIOD; T_AUDITEE_ENTITIES","True"
" PKG_RPT.P_GET_AZ","","Confirmed Active","FADGetReportZones","RPT","","","","False"
"PKG_RPT.P_GET_ENTITY_SIZE","PKG_RPT","Confirmed Active","FADGetEntitySize","RPT","T_AUDITEE_ENTITIES_SIZE_DISC","","T_CURSOR; T_AUDITEE_ENTITIES_SIZE_DISC","True"
"PKG_RPT.P_GET_RISK","PKG_RPT","Confirmed Active","FADGetEntityRisk","RPT","T_RISK","","T_CURSOR; T_RISK","True"
"PKG_RPT.P_GET_NEW_PARAS_PERFORMANCE","PKG_RPT","Confirmed Active","GetFADNewParaPerformance","RPT","T_AU_OBSERVATION; T_AU_PLAN_ENG; T_AUDITEE_ENTITIES; T_AUDIT_CHECKLIST_DETAILS","","T_CURSOR; T_AU_OBSERVATION; T_AU_PLAN_ENG; T_AUDITEE_ENTITIES; T_AUDIT_CHECKLIST_DETAILS","True"
"PKG_RPT.P_GET_NEW_OLD_PARAS_PERFORMANCE","PKG_RPT","Confirmed Active","GetFADNewOldParaPerformance","RPT","T_AU_OBSERVATION_FAD; T_AU_OBSERVATION; T_AU_PLAN_ENG; T_AUDIT_CHECKLIST_DETAILS; T_AUDIT_CHECKLIST_SUB; T_AUDIT_CHECKLIST; T_AUDITEE_ENTITIES","","T_CURSOR; T_AU_OBSERVATION_FAD; T_AU_OBSERVATION; T_AU_PLAN_ENG; T_AUDIT_CHECKLIST_DETAILS; T_AUDIT_CHECKLIST_SUB; T_AUDIT_CHECKLIST; T_ID; T_AUDITEE_ENTITIES","True"
" PKG_RPT.P_GET_LAGACY_PARAS_PERFORMANCE","","Confirmed Active","GetFADLagacyParaPerformance","RPT","","","","False"
"PKG_RPT.P_GET_USERWISE_OLDPARASPERFORMANCE","PKG_RPT","Confirmed Active","GetLegacyUserWiseOldParasPerformance","RPT","V_REPORT_AZ_EMP_PROGRESS_DATACLEANSING; V_REPORT_AZ_PROGRESS","","T_CURSOR; V_REPORT_AZ_EMP_PROGRESS_DATACLEANSING; V_REPORT_AZ_PROGRESS","True"
"PKG_RPT.P_GET_FAD_USERWISE_OLDPARASPERFORMANCE","PKG_RPT","Confirmed Active","GetFADHOUserLegacyParaUserWiseOldParasPerformance","RPT","T_AU_DATA_VALIDATION_FAD_LOG; V_SERVICE_EMPLOYEEINFO","","T_CURSOR; T_AU_DATA_VALIDATION_FAD_LOG; V_SERVICE_EMPLOYEEINFO","True"
"PKG_RPT.P_GET_PARA_POSITION","PKG_RPT","Confirmed Active","GetParaPositionReport","RPT","V_REPORT_PARA_POSITION","","T_CURSOR; V_REPORT_PARA_POSITION","True"
"PKG_RPT.P_GET_PARA_POSITION_DETAILS","PKG_RPT","Confirmed Active","GetParaPositionParaDetails","RPT","DUAL; T_AUDITEE_ENTITIES; V_REPORT_DASHBORAD_DETAIL","","T_CURSOR; V_F; T_AUDITEE_ENTITIES; V_REPORT_DASHBORAD_DETAIL","True"
"PKG_RPT.P_GET_DASH_TABLE_FUNCTIONWISE_HO","PKG_RPT","Confirmed Active","GetTotalParasDetailsHO","RPT","V_GET_DASH_TABLE_FUNCTIONWISE_NAMES_HO; T_COSO_RATING_FACTORS; T_CONTROL_VIOLATION_SUB; T_RISK; T_AUDITEE_ENTITIES","","T_CURSOR; V_GET_DASH_TABLE_FUNCTIONWISE_NAMES_HO; T_COSO_RATING_FACTORS; V_CAT_ID; T_CONTROL_VIOLATION_SUB; V_CAT_NATURE_ID; T_RISK; T_AUDITEE_ENTITIES","True"
"PKG_RPT.P_GET_ACTIVITY_LOG","PKG_RPT","Confirmed Active","GetRoleActivityLog; GetUserActivityLog","RPT","T_GROUPS; V_SERVICE_EMPLOYEEINFO; T_MENU_PAGES; T_AU_ACTIVITY_LOG","","T_CURSOR; T_GROUPS; V_SERVICE_EMPLOYEEINFO; T_MENU_PAGES; T_AU_ACTIVITY_LOG","True"
"PKG_RPT.P_GET_COMPLIANCE_STATUS_WISE","PKG_RPT","Confirmed Active","GetStatusWiseCompliance","RPT","V_RPT_COMPLAINCE_STATUS_WISE; V_RELATIONSHIP_OFFICE","","T_CURSOR; V_RPT_COMPLAINCE_STATUS_WISE; V_RELATIONSHIP_OFFICE","True"
"PKG_RPT.P_FAD_AUDIT_PARA_RECONCILIATION","PKG_RPT","Confirmed Active","GetAuditParaRensillation","RPT","T_AUDITEE_ENTITIES; V_FAD_AUDIT_PARA_RECONCILIATION; T_AUDITEE_ENTITIES_MAPING_FAD; V_MAN_AUDIT_PARA_RECONCILIATION","","T_CURSOR; T_F; T_AUDITEE_ENTITIES; V_FAD_AUDIT_PARA_RECONCILIATION; T_AUDITEE_ENTITIES_MAPING_FAD; V_MAN_AUDIT_PARA_RECONCILIATION","True"
"PKG_RPT.P_FAD_AUDIT_PLAN_DETAILS","PKG_RPT","Confirmed Active","GetAuditPlanEngagementDetailedReport","RPT","DUAL; T_AU_PLAN_ENG; T_AU_PLAN; T_AUDITEE_ENTITIES; T_AUDITEE_ENTITIES_MAPING; T_AU_PLAN_ENG_STATUS; T_AU_AUDIT_TEAMS; T_AU_PLAN_STATUS","","T_CURSOR; T_NAME; T_AU_PLAN_ENG; T_AU_PLAN; T_AUDITEE_ENTITIES; T_AUDITEE_ENTITIES_MAPING; T_AU_PLAN_ENG_STATUS; T_AU_AUDIT_TEAMS; T_AU_PLAN_STATUS","True"
"PKG_RPT.R_FAD_ANNEXURE_REPORT","PKG_RPT","Confirmed Active","GetAnnexureExerciseStatus","RPT","V_FAD_ANNEXURE_SUM","","T_CURSOR; V_FAD_ANNEXURE_SUM","True"
"PKG_RPT.R_GROUP_WISE_USERS_COUNT","PKG_RPT","Confirmed Active","GetGroupWiseUsersCount","RPT","T_GROUPS; T_USER_MAPING","","T_CURSOR; T_GROUPS; T_USER_MAPING","True"
"PKG_RPT.R_GROUP_WISE_PAGES","PKG_RPT","Confirmed Active","GetGroupWisePages","RPT","T_GROUPS; T_MENU_PAGES_GROUPMAP; T_MENU_PAGES","","T_CURSOR; T_GROUPS; T_MENU_PAGES_GROUPMAP; T_MENU_PAGES","True"
"PKG_RPT.P_GET_ENTITY_TYPE","PKG_RPT","Confirmed Active","GetEntityTypesForEntityWiseOutstandingObsPosition","RPT","T_AUDITEE_ENT_TYPES; DUAL; T_AUDITEE_ENTITIES; V_GET_COMPLIANCE_REVIEWER_APPROVER","","T_CURSOR; T_AUDITEE_ENT_TYPES; T_AUDITEE_ENTITIES; V_GET_COMPLIANCE_REVIEWER_APPROVER","True"
"PKG_RPT.R_DEPT_WISE_PARA_POSITION","PKG_RPT","Confirmed Active","GetOutstandingParasForEntityTypeId","RPT","C.PARA_ADDED_ON; P_REF_DATE; AIS_T_AU_POST_COMPLIANCE; T_AUDITEE_ENTITIES; T_AUDITEE_ENT_TYPES; BASE; TRUNC; CATEGORIZED","","T_CURSOR; AIS_T_AU_POST_COMPLIANCE; T_AUDITEE_ENTITIES; T_AUDITEE_ENT_TYPES","True"
"PKG_RPT.P_GET_LOAN_STATUS","PKG_RPT","Confirmed Active","GetLoanStatus","RPT","TEMP_ATAS_T_DISB_STATUS; ATAS.T_ACCOUNTSTATUS","","T_CURSOR; T_ACCOUNTSTATUS","True"
"PKG_RPT.P_GET_LOAN_GL","PKG_RPT","Confirmed Active","GetLoanGLs","RPT","TEMP_ATAS_T_GLSUB; ATAS.T_GLSUB","","T_CURSOR; T_GLSUB","True"
"PKG_RPT.R_GET_GM_LIST","PKG_RPT","Confirmed Active","GetGMsList","RPT","T_AUDITEE_ENTITIES","","T_CURSOR; T_AUDITEE_ENTITIES","True"
"PKG_RPT.R_GET_RBH_LIST","PKG_RPT","Confirmed Active","GetRBHList","RPT","T_AUDITEE_ENTITIES_MAPING","","T_CURSOR; T_AUDITEE_ENTITIES_MAPING","True"
"PKG_RPT.P_GET_LOAN_TO_DEFAULT","PKG_RPT","Confirmed Active","GetLoanDetailsReport","RPT","V_ATAS_T_LOAN_CNIC_WISE; V_ATAS_LOANS_DEFAULT","","T_CURSOR; V_ATAS_T_LOAN_CNIC_WISE; V_ATAS_LOANS_DEFAULT","True"
"PKG_RPT.P_GET_ALL_LOANS_OF_CNIC","PKG_RPT","Confirmed Active","GetCNICLoanDetailsReport","RPT","V_ATAS_T_LOAN_CNIC_WISE","","T_CURSOR; V_ATAS_T_LOAN_CNIC_WISE","True"
"PKG_RPT.P_GET_LOAN_TO_DEFAULT_HISTORY","PKG_RPT","Confirmed Active","GetDefaultCNICLoanDetailsReport","RPT","V_ATAS_LOANS_DEFAULT; TEMP_ATAS_T_DISB_STATUS","","T_CURSOR; V_ATAS_LOANS_DEFAULT","True"
"PKG_RPT.P_FIND_GIST","PKG_RPT","Confirmed Active","GetAuditReportParaByGistKeyword","RPT","T_AUDITEE_ENTITIES; T_AUDITEE_ENTITIES_MAPING; T_AU_OBSERVATION_FAD; V_GET_PARA_GIST; T_AUDIT_CHECKLIST_ANNEXURE","","T_CURSOR; T_AUDITEE_ENTITIES; T_AUDITEE_ENTITIES_MAPING; T_AU_OBSERVATION_FAD; V_GET_PARA_GIST; T_AUDIT_CHECKLIST_ANNEXURE","True"
"PKG_RPT.P_GET_COM_PROGREE_REPORT ","PKG_RPT","Confirmed Active","GetComplianceProgressReport","RPT","","","","False"
"PKG_RPT.P_GET_COM_PROGREE_REPORT_DETAIL ","PKG_RPT","Confirmed Active","GetComplianceProgressReportDetails","RPT","","","","False"
"PKG_RPT.P_GET_ENTITY_TYPE_FOR_SETTLEMENT","PKG_RPT","Confirmed Active","GetEntityTypesForSettlementReport","RPT","T_AUDITEE_ENTITIES; T_AUDITEE_ENT_TYPES","","T_CURSOR; T_F; T_AUDITEE_ENTITIES; T_AUDITEE_ENT_TYPES","True"
"PKG_RPT.P_GET_COMPLIANCE_REPORT","PKG_RPT","Confirmed Active","GetSettledParasForComplianceReport","RPT","V_GET_SETTLEMENT_REPORT; T_AUDITEE_ENTITIES_MAPING; T_AUDITEE_ENTITIES; T_AUDITEE_ENTITIES_MAPING_COM","","T_CURSOR; V_GET_SETTLEMENT_REPORT; T_AUDITEE_ENTITIES_MAPING; T_AUDITEE_ENTITIES; T_AUDITEE_ENTITIES_MAPING_COM","True"
"PKG_RPT.P_GET_PARA_POSITION_SUM","PKG_RPT","Confirmed Active","GetParasForComplianceSummaryReport","RPT","V_GET_RPT_PARA_POISTION; T_AUDITEE_ENTITIES; V_GET_RPT_PARA_POISTION_REGIONS; T_AUDITEE_ENTITIES_MAPING","","T_CURSOR; T_PARAS; T_S_PARAS; T_OS_PARAS; V_GET_RPT_PARA_POISTION; T_AUDITEE_ENTITIES; V_GET_RPT_PARA_POISTION_REGIONS; T_AUDITEE_ENTITIES_MAPING","True"
"PKG_RPT.P_DELAY_AUDITS","PKG_RPT","Confirmed Active","GetEngagementPlanDelayAnalysisReport","RPT","T_AU_PLAN_ENG; T_AUDITEE_ENTITIES; T_AUDITEE_ENTITIES_MAPING; T_AU_PLAN_ENG_STATUS","","T_CURSOR; T_AU_PLAN_ENG; T_AUDITEE_ENTITIES; T_AUDITEE_ENTITIES_MAPING; T_AU_PLAN_ENG_STATUS","True"
"PKG_RPT.R_FAD_MONTHLY_REVIEW","PKG_RPT","Confirmed Active","GetFADMonthlyReviewParasForEntityTypeId","RPT","V_RPT_FAD_MONTHLY_BASE; T_AUDITEE_ENTITIES; V_GET_COMPLIANCE_REVIEWER_APPROVER","","T_CURSOR; V_RPT_FAD_MONTHLY_BASE; T_AUDITEE_ENTITIES; V_GET_COMPLIANCE_REVIEWER_APPROVER","True"
"PKG_RPT.P_GET_GM_WISE_SERIOUS_PARAS","PKG_RPT","Confirmed Active","GetSeriousFraudulentObsGMOverview","RPT","T_AUDITEE_ENTITIES_MAPING; T_AU_OBSERVATION_FAD; V_GET_ANEX_NO_OF_RESPONSIBLE","","T_CURSOR; T_AUDITEE_ENTITIES_MAPING; T_AU_OBSERVATION_FAD; V_GET_ANEX_NO_OF_RESPONSIBLE","True"
"PKG_RPT.P_GET_GM_WISE_SERIOUS_PARAS_DETAILS","PKG_RPT","Confirmed Active","GetSeriousFraudulentObsGMDetails","RPT","T_AUDITEE_ENTITIES_MAPING; T_AU_OBSERVATION_FAD; AIS_T_AU_POST_COMPLIANCE; T_RISK; T_AUDIT_CHECKLIST_ANNEXURE; V_GET_ANEX_NO_OF_RESPONSIBLE","","T_CURSOR; T_AUDITEE_ENTITIES_MAPING; T_AU_OBSERVATION_FAD; AIS_T_AU_POST_COMPLIANCE; T_RISK; T_AUDIT_CHECKLIST_ANNEXURE; V_GET_ANEX_NO_OF_RESPONSIBLE","True"
"PKG_RPT.P_GET_YEAR_WISE_AUDIT_OUTSTANDING_PARAS","PKG_RPT","Confirmed Active","GetYearWiseOutstandingParas","RPT","T_AU_OBSERVATION_FAD","","T_CURSOR; T_AU_OBSERVATION_FAD","True"
"PKG_RPT.P_GET_YEAR_WISE_AUDIT_OUTSTANDING_PARAS_DETAILS","PKG_RPT","Confirmed Active","GetYearWiseOutstandingParasDetails","RPT","T_AU_OBSERVATION_FAD; T_RISK","","T_CURSOR; T_AU_OBSERVATION_FAD; T_RISK","True"
"PKG_RPT.P_GET_PARA_TEXT_WORDS_V2","PKG_RPT","Confirmed Active","GetAuditParasByText","RPT","VM_GET_ALL_PARA_TEXT; T_AUDITEE_ENTITIES; T_AUDITEE_ENTITIES_MAPING","","T_TEXT; T_CURSOR; V_1; VM_GET_ALL_PARA_TEXT; T_AUDITEE_ENTITIES; T_AUDITEE_ENTITIES_MAPING","True"
"PKG_RPT.P_GET_YEAR_WISE_ALL_PARAS","PKG_RPT","Confirmed Active","GetYearWiseAllParas","RPT","T_AU_OLD_PARAS_FAD; T_AUDITEE_ENTITIES; T_AUDITEE_ENTITIES_MAPING; T_RISK; T_AUDITEE_ENT_TYPES; V_DASHBOARD_NEW_PARAS","","T_CURSOR; T_AU_OLD_PARAS_FAD; T_AUDITEE_ENTITIES; T_AUDITEE_ENTITIES_MAPING; T_RISK; T_AUDITEE_ENT_TYPES; V_DASHBOARD_NEW_PARAS","True"
"PKG_RPT.P_GET_FAD_DESK_OFFICER_AUDIT_PERIODS","PKG_RPT","Confirmed Active","GetDistinctFadDeskOfficerAuditPeriods","RPT","AIS_T_AU_POST_COMPLIANCE","","T_CURSOR; AIS_T_AU_POST_COMPLIANCE","True"
"PKG_RPT.P_GET_FAD_DESK_OFFICER_RPT_BY_PERIOD","PKG_RPT","Confirmed Active","GetFadDeskOfficerRptByDateRange","RPT","V_FAD_NAUMAN_RPT","","T_CURSOR; V_FAD_NAUMAN_RPT","True"
"PKG_SM.P_ADD_SAMPLE_DATA","PKG_SM","Confirmed Active","CreateSampleDataAfterEngagementApproval","SM","T_AUDITEE_ENTITIES; T_AU_PLAN_ENG; V_SAM_ACCOUNT; V_SAMPLING_OUT_LOANS_STATUS; V_SAMPLING_ZERO_RECOVERY; V_SAMPLING_CLOSED_LOANS; V_SAMPLING_DISB_LOANS; V_SAMPLING_PROD_LOANS; V_SAMPLING_DEVP_LOANS; T_AU_SAMPLE_DATA; T_AU_SAMPLE; DUAL","T_AU_SAMPLE_DATA","T_CURSOR; T_AUDITEE_ENTITIES; T_AU_PLAN_ENG; V_SAM_ACCOUNT; V_SAMPLING_OUT_LOANS_STATUS; V_SAMPLING_ZERO_RECOVERY; V_SAMPLING_CLOSED_LOANS; V_SAMPLING_DISB_LOANS; V_SAMPLING_PROD_LOANS; V_SAMPLING_DEVP_LOANS; T_AU_SAMPLE_DATA; T_AU_SAMPLE","True"
"PKG_SM.P_ADD_EXCEPTION_DATA","PKG_SM","Confirmed Active","CreateExceptionDataAfterEngagementApproval","SM","T_EXCEPTION_ACCOUNTS_CUST; T_EXCEPTION_ACCOUNTS_TXN; T_EXCEPTION_ENG; T_EXCEPTION_ENG_BRANCHES; T_EXCEPTION_ACCOUNTS; T_EXCEPTION_ACCOUNTS_DATA; T_EXCEPTION_ENG_DATA","T_EXCEPTION_ACCOUNTS_CUST; T_EXCEPTION_ACCOUNTS_TXN; T_EXCEPTION_ENG; T_EXCEPTION_ENG_BRANCHES; T_EXCEPTION_ACCOUNTS; T_EXCEPTION_ACCOUNTS_DATA; T_EXCEPTION_ENG_DATA","T_CURSOR; T_EXCEPTION_ACCOUNTS_CUST; T_EXCEPTION_ACCOUNTS_TXN; T_EXCEPTION_ENG; T_EXCEPTION_ENG_BRANCHES; T_EXCEPTION_ACCOUNTS; T_EXCEPTION_ACCOUNTS_DATA; T_EXCEPTION_ENG_DATA","True"
"PKG_SM.P_GET_ACCOUNT","PKG_SM","Confirmed Active","GetBiometSamplingDetails","SM","T_SAMPLE_ACCOUNTS_DATA; T_AU_SAMPLE_BRANCH","","T_CURSOR; T_SAMPLE_ACCOUNTS_DATA; T_AU_SAMPLE_BRANCH","True"
"PKG_SM.P_GET_ACCOUNT_TRANSCATIONS","PKG_SM","Confirmed Active","GetBiometAccountTransactionSamplingDetails","SM","BRANCH.T_TRANSACTION; BRANCH.T_ACCOUNT; BRANCH.T_CUSTOMERACCOUNTS; BRANCH.T_CUSTOMER; BRANCH.T_BRANCH; BRANCH.T_TRANSACTIONMASTER; T_AUDITEE_ENTITIES; T_AU_PLAN_ENG; V_P_GET_ACCOUNT_TRANSCATIONS","","T_CURSOR; T_TRANSACTION; T_ACCOUNT; T_CUSTOMERACCOUNTS; T_CUSTOMER; T_BRANCH; T_TRANSACTIONMASTER; T_AUDITEE_ENTITIES; T_AU_PLAN_ENG; V_P_GET_ACCOUNT_TRANSCATIONS","True"
"PKG_SM.P_GET_ACCOUNT_DOC ","PKG_SM","Confirmed Active","GetBiometAccountDocumentsSamplingDetails","SM","","","","False"
"PKG_SM.P_GET_EXCEPTION_REPORT_DATA","PKG_SM","Confirmed Active","GetExceptionReportData","SM","T_AU_EXCEPTION_REPORTS_FORMAT; UNIFIED; T_EXCEPTION_ENG_DATA","","T_AU_EXCEPTION_REPORTS_FORMAT; T_EXCEPTION_ENG_DATA","True"
"PKG_SM.P_GET_SAMPLE","PKG_SM","Confirmed Active","GetListOfSamples","SM","T_AU_SAMPLE; T_AU_SAMPLE_DATA","","T_CURSOR; T_AU_SAMPLE; T_AU_SAMPLE_DATA","True"
"PKG_SM.P_GET_LOANS_SAMPLE","PKG_SM","Confirmed Active","GetLoanSamples","SM","T_SAMPLE_LOANS_DATA","","T_CURSOR; T_SAMPLE_LOANS_DATA","True"
"PKG_SM.P_GET_LOANS_EXCEPTIONS","PKG_SM","Confirmed Active","GetLoanExceptions","SM","T_AU_PLAN_ENG; V_P_GET_LOANS_EXCEPTIONS; DUAL","","T_CURSOR; V_BRANCH_CODE; V_START_DATE; V_END_DATE; T_AU_PLAN_ENG; V_P_GET_LOANS_EXCEPTIONS","True"
"PKG_SM.P_GET_LOAN_DOCUMENTS","PKG_SM","Confirmed Active","GetLoanSamplesDocuments","SM","ATAS.T_LN_DISBURSEMENT; ATAS.T_LN_LOAN_APP; ATAS.T_BRANCH; ATAS.T_LN_CUSTOMER_LOAN_APP; ATAS.T_CUSTOMER; SDMS.T_LOANINFORMATION; SDMS.T_GENERAICDOCUMENT; SDMS.T_DOCUMENTS; SDMS.T_LOANDOCUMENTIMAGES; V_P_GET_LOAN_DOCUMENTS","","T_CURSOR; T_LN_DISBURSEMENT; T_LN_LOAN_APP; T_BRANCH; T_LN_CUSTOMER_LOAN_APP; T_CUSTOMER; T_LOANINFORMATION; T_GENERAICDOCUMENT; T_DOCUMENTS; T_LOANDOCUMENTIMAGES; V_P_GET_LOAN_DOCUMENTS","True"
"PKG_SM.P_GET_LOAN_DOCUMENTS_IMAGE","PKG_SM","Confirmed Active","GetLoanSamplesDocumentData","SM","DUAL; SDMS.V_T_LOANDOCUMENTIMAGES","","T_CURSOR; V_T_LOANDOCUMENTIMAGES","True"
"PKG_SM.P_GET_LOAN_TRANSACTIONS","PKG_SM","Confirmed Active","GetLoanSamplesTransactions","SM","ATAS.T_LN_DISBURSEMENT; ATAS.T_LN_TRANSACTION; ATAS.T_LN_TRANSACTIONMASTER","","T_CURSOR; T_LN_DISBURSEMENT; T_LN_TRANSACTION; T_LN_TRANSACTIONMASTER","True"
"PKG_SM.P_GET_SAMPLE_ENTITIES","PKG_SM","Confirmed Active","GetSampleEntities","SM","T_AU_SAMPLE_DATA; T_AU_PLAN_ENG; T_AU_AUDIT_TEAM_TASKLIST; T_AUDITEE_ENTITIES","","T_CURSOR; T_AU_SAMPLE_DATA; T_AU_PLAN_ENG; T_AU_AUDIT_TEAM_TASKLIST; T_AUDITEE_ENTITIES","True"
"PKG_SM.P_ADD_SAMPLE_DATA_UPDATE","PKG_SM","Confirmed Active","RegenerateSampleofLoan","SM","V_SAM_ACCOUNT; V_SAMPLING_OUT_LOANS_STATUS; V_SAMPLING_CLOSED_LOANS; V_SAMPLING_ZERO_RECOVERY; V_SAMPLING_PROD_LOANS; V_SAMPLING_DEVP_LOANS; V_SAMPLING_DISB_LOANS; T_AU_SAMPLE_DATA; DUAL","T_AU_SAMPLE_DATA","T_CURSOR; V_SAM_ACCOUNT; T_AU_SAMPLE_DATA; V_SAMPLING_OUT_LOANS_STATUS; V_SAMPLING_CLOSED_LOANS; V_SAMPLING_ZERO_RECOVERY; V_SAMPLING_PROD_LOANS; V_SAMPLING_DEVP_LOANS; V_SAMPLING_DISB_LOANS","True"
"PKG_SM.P_GET_EXCEPTION_MONITOR_ENTITIES","PKG_SM","Confirmed Active","GetExceptionMonitorEntities","SM","T_AU_PLAN_ENG; T_AUDITEE_ENTITIES; T_EXCEPTION_ENG_DATA; T_EXCEPTION_ERROR_LOG","","T_CURSOR; T_AU_PLAN_ENG; T_AUDITEE_ENTITIES; T_EXCEPTION_ENG_DATA; T_EXCEPTION_ERROR_LOG","True"
"PKG_SM.P_GET_EXCEPTION_MONITOR_DETAILS","PKG_SM","Confirmed Active","GetExceptionMonitorDetails","SM","MASTER; T_AU_PLAN_ENG; T_AUDITEE_ENTITIES; T_AU_EXCEPTION_REPORTS; T_EXCEPTION_ENG_DATA; V_EXCEPTION_ALL_REPORTS","","T_CURSOR; T_AU_PLAN_ENG; T_AUDITEE_ENTITIES; T_AU_EXCEPTION_REPORTS; T_EXCEPTION_ENG_DATA; V_EXCEPTION_ALL_REPORTS","True"
"PKG_SM.P_REGENERATE_EXCEPTION","PKG_SM","Confirmed Active","RegenerateException","SM","T_EXCEPTION_ENG","T_EXCEPTION_ENG; T_EXCEPTION_ERROR_LOG","V_ERRMSG; V_ERR_STACK; V_ERR_BT; T_EXCEPTION_ENG; T_EXCEPTION_ERROR_LOG","True"
"PKG_SM.P_GET_ACCOUNT_TRANSCATIONS_MASTER","PKG_SM","Confirmed Active","GetCDMSMasterTransactions","SM","BRANCH.T_TRANSACTION; BRANCH.T_ACCOUNT; BRANCH.T_CUSTOMERACCOUNTS; BRANCH.T_CUSTOMER; BRANCH.T_BRANCH; BRANCH.T_TRANSACTIONMASTER; T_AUDITEE_ENTITIES; V_P_GET_ACCOUNT_TRANSCATIONS_MASTER","","T_CURSOR; T_TRANSACTION; T_ACCOUNT; T_CUSTOMERACCOUNTS; T_CUSTOMER; T_BRANCH; T_TRANSACTIONMASTER; T_AUDITEE_ENTITIES; V_P_GET_ACCOUNT_TRANSCATIONS_MASTER","True"
"PKG_SM.T_AU_EXCEPTION_REPORT","PKG_SM","Confirmed Active","GetListOfreports","SM","T_AU_EXCEPTION_REPORTS; T_EXCEPTION_ENG_DATA; T_AU_PLAN_ENG","","T_AU_EXCEPTION_REPORT; T_CURSOR; T_AU_EXCEPTION_REPORTS; T_EXCEPTION_ENG_DATA; T_AU_PLAN_ENG","True"
"PKG_SM.P_ADD_NEW_EXP_REPORT","PKG_SM","Confirmed Active","AddExceptionAccountReport","SM","T_AU_EXCEPTION_REPORTS; DUAL","T_AU_EXCEPTION_REPORTS","T_CURSOR; T_AU_EXCEPTION_REPORTS","True"
"PKG_SM.P_GET_EXCEPTION_REPORT_FORMAT","PKG_SM","Confirmed Active","GetExceptionReportFormat","SM","T_AU_EXCEPTION_REPORTS_FORMAT","","T_AU_EXCEPTION_REPORTS_FORMAT","True"
"PKG_SM.P_INSERT_EXCEPTION_REPORT_FORMAT","PKG_SM","Confirmed Active","InsertExceptionReportFormat","SM","","T_AU_EXCEPTION_REPORTS_FORMAT","T_AU_EXCEPTION_REPORTS_FORMAT","True"
"PKG_SM.P_UPDATE_EXCEPTION_REPORT_FORMAT","PKG_SM","Confirmed Active","UpdateExceptionReportFormat","SM","T_AU_EXCEPTION_REPORTS_FORMAT","T_AU_EXCEPTION_REPORTS_FORMAT","T_AU_EXCEPTION_REPORTS_FORMAT","True"
