   ,API_ID,PAGE_ID,CONTROLLER_NAME,ACTION_NAME,VIEW_NAME,API_PATH,HTTP_METHOD,IS_ACTIVE,CREATED_ON,CREATED_BY,UPDATED_ON,UPDATE_BY
1,52,220,PostCompliance,change_status_new_para,change_status_new_para.cshtml,/ApiCalls/Add_New_Para_Change_status_Request,POST,Y,03-09-25 5:07,1,,
2,53,220,PostCompliance,change_status_new_para,change_status_new_para.cshtml,/ApiCalls/GetIASPARATEXT,GET,Y,03-09-25 5:07,1,,
3,54,220,PostCompliance,change_status_new_para,change_status_new_para.cshtml,/ApiCalls/get_current_paras_for_status_change_request,GET,Y,03-09-25 5:07,1,,
4,55,220,PostCompliance,change_status_new_para,change_status_new_para.cshtml,/ApiCalls/get_current_paras_for_status_change_request,POST,Y,03-09-25 5:07,1,,
5,56,221,PostCompliance,change_status_new_para_reviewer,change_status_new_para_reviewer.cshtml,/ApiCalls/Add_Old_Para_Change_status_Review,POST,Y,03-09-25 5:07,1,,
6,57,221,PostCompliance,change_status_new_para_reviewer,change_status_new_para_reviewer.cshtml,/ApiCalls/GetIASPARATEXT,GET,Y,03-09-25 5:07,1,,
7,58,221,PostCompliance,change_status_new_para_reviewer,change_status_new_para_reviewer.cshtml,/ApiCalls/get_current_paras_for_status_change_request_review,GET,Y,03-09-25 5:07,1,,
8,59,221,PostCompliance,change_status_new_para_reviewer,change_status_new_para_reviewer.cshtml,/ApiCalls/get_current_paras_for_status_change_request_review,POST,Y,03-09-25 5:07,1,,
9,60,96,BAC,cia_analysis,cia_analysis.cshtml,/ApiCalls/get_analysis_detail_paras,GET,Y,03-09-25 5:07,1,,
10,61,96,BAC,cia_analysis,cia_analysis.cshtml,/ApiCalls/get_analysis_detail_paras,POST,Y,03-09-25 5:07,1,,
11,62,96,BAC,cia_analysis,cia_analysis.cshtml,/ApiCalls/get_analysis_summary_paras,GET,Y,03-09-25 5:07,1,,
12,63,96,BAC,cia_analysis,cia_analysis.cshtml,/ApiCalls/get_analysis_summary_paras,POST,Y,03-09-25 5:07,1,,
13,64,96,BAC,cia_analysis,cia_analysis.cshtml,/ApiCalls/get_bac_analysis,GET,Y,03-09-25 5:07,1,,
14,65,96,BAC,cia_analysis,cia_analysis.cshtml,/ApiCalls/get_bac_analysis,POST,Y,03-09-25 5:07,1,,
15,66,96,BAC,cia_analysis,cia_analysis.cshtml,/ApiCalls/get_functional_observation_text,GET,Y,03-09-25 5:07,1,,
16,67,96,BAC,cia_analysis,cia_analysis.cshtml,/ApiCalls/get_functional_observation_text,POST,Y,03-09-25 5:07,1,,
17,68,240,BAC,cia_analysis_detail,cia_analysis_detail.cshtml,/ApiCalls/get_bac_analysis,GET,Y,03-09-25 5:07,1,,
18,69,240,BAC,cia_analysis_detail,cia_analysis_detail.cshtml,/ApiCalls/get_bac_analysis,POST,Y,03-09-25 5:07,1,,
19,70,241,Dashboard,annex_wise_obs,annex_wise_obs.cshtml,/ApiCalls/get_analysis_detail_paras,GET,Y,03-09-25 5:07,1,,
20,71,241,Dashboard,annex_wise_obs,annex_wise_obs.cshtml,/ApiCalls/get_analysis_detail_paras,POST,Y,03-09-25 5:07,1,,
21,72,241,Dashboard,annex_wise_obs,annex_wise_obs.cshtml,/ApiCalls/get_analysis_summary_paras,GET,Y,03-09-25 5:07,1,,
22,73,241,Dashboard,annex_wise_obs,annex_wise_obs.cshtml,/ApiCalls/get_analysis_summary_paras,POST,Y,03-09-25 5:07,1,,
23,74,241,Dashboard,annex_wise_obs,annex_wise_obs.cshtml,/ApiCalls/get_annex_wise_observations,GET,Y,03-09-25 5:07,1,,
24,75,241,Dashboard,annex_wise_obs,annex_wise_obs.cshtml,/ApiCalls/get_annex_wise_observations,POST,Y,03-09-25 5:07,1,,
25,76,241,Dashboard,annex_wise_obs,annex_wise_obs.cshtml,/ApiCalls/get_functional_observation_text,GET,Y,03-09-25 5:07,1,,
26,77,241,Dashboard,annex_wise_obs,annex_wise_obs.cshtml,/ApiCalls/get_functional_observation_text,POST,Y,03-09-25 5:07,1,,
27,78,242,Dashboard,entity_wise_obs,entity_wise_obs.cshtml,/ApiCalls/get_entity_wise_observations,GET,Y,03-09-25 5:07,1,,
28,79,242,Dashboard,entity_wise_obs,entity_wise_obs.cshtml,/ApiCalls/get_entity_wise_observations,POST,Y,03-09-25 5:07,1,,
29,80,243,Dashboard,para_view,para_view.cshtml,/ApiCalls/get_all_para_text,GET,Y,03-09-25 5:07,1,,
30,81,243,Dashboard,para_view,para_view.cshtml,/ApiCalls/get_all_para_text,POST,Y,03-09-25 5:07,1,,
31,82,243,Dashboard,para_view,para_view.cshtml,/ApiCalls/get_functional_observations,GET,Y,03-09-25 5:07,1,,
32,83,243,Dashboard,para_view,para_view.cshtml,/ApiCalls/get_functional_observations,POST,Y,03-09-25 5:07,1,,
33,84,243,Dashboard,para_view,para_view.cshtml,/ApiCalls/getparentrelForDashboardPanel,POST,Y,03-09-25 5:07,1,,
34,85,243,Dashboard,para_view,para_view.cshtml,/ApiCalls/getpostplaceForDashboardPanel,POST,Y,03-09-25 5:07,1,,
35,86,244,Dashboard,reporting_wise_obs,reporting_wise_obs.cshtml,/ApiCalls/get_reporting_wise_observations,GET,Y,03-09-25 5:07,1,,
36,87,244,Dashboard,reporting_wise_obs,reporting_wise_obs.cshtml,/ApiCalls/get_reporting_wise_observations,POST,Y,03-09-25 5:07,1,,
37,88,245,Setup,annexure_assignment_para,annexure_assignment_para.cshtml,/ApiCalls/GetIASPARATEXT,GET,Y,03-09-25 5:07,1,,
38,89,245,Setup,annexure_assignment_para,annexure_assignment_para.cshtml,/ApiCalls/assign_annexure_with_para,POST,Y,03-09-25 5:07,1,,
39,90,245,Setup,annexure_assignment_para,annexure_assignment_para.cshtml,/ApiCalls/get_all_paras_for_annexure_assignment,GET,Y,03-09-25 5:07,1,,
40,91,245,Setup,annexure_assignment_para,annexure_assignment_para.cshtml,/ApiCalls/get_all_paras_for_annexure_assignment,POST,Y,03-09-25 5:07,1,,
41,92,245,Setup,annexure_assignment_para,annexure_assignment_para.cshtml,/ApiCalls/get_para_text,GET,Y,03-09-25 5:07,1,,
42,93,245,Setup,annexure_assignment_para,annexure_assignment_para.cshtml,/ApiCalls/get_para_text,POST,Y,03-09-25 5:07,1,,
43,94,245,Setup,annexure_assignment_para,annexure_assignment_para.cshtml,/ApiCalls/get_zone_Branches_for_Annexure_Assignment,GET,Y,03-09-25 5:07,1,,
44,95,245,Setup,annexure_assignment_para,annexure_assignment_para.cshtml,/ApiCalls/get_zone_Branches_for_Annexure_Assignment,POST,Y,03-09-25 5:07,1,,
45,96,246,Setup,remove_duplicate_checklists,remove_duplicate_checklists.cshtml,/ApiCalls/get_audit_checklist_detail_for_remove_duplicate,GET,Y,03-09-25 5:07,1,,
46,97,246,Setup,remove_duplicate_checklists,remove_duplicate_checklists.cshtml,/ApiCalls/get_audit_checklist_detail_for_remove_duplicate,POST,Y,03-09-25 5:07,1,,
47,98,246,Setup,remove_duplicate_checklists,remove_duplicate_checklists.cshtml,/ApiCalls/get_audit_sub_checklist,GET,Y,03-09-25 5:07,1,,
48,99,246,Setup,remove_duplicate_checklists,remove_duplicate_checklists.cshtml,/ApiCalls/get_audit_sub_checklist,POST,Y,03-09-25 5:07,1,,
49,100,246,Setup,remove_duplicate_checklists,remove_duplicate_checklists.cshtml,/ApiCalls/get_checklist_details_for_sub_process,GET,Y,03-09-25 5:07,1,,
50,101,246,Setup,remove_duplicate_checklists,remove_duplicate_checklists.cshtml,/ApiCalls/get_checklist_details_for_sub_process,POST,Y,03-09-25 5:07,1,,
51,102,246,Setup,remove_duplicate_checklists,remove_duplicate_checklists.cshtml,/ApiCalls/merge_duplicate_checklists,POST,Y,03-09-25 5:07,1,,
52,103,246,Setup,remove_duplicate_checklists,remove_duplicate_checklists.cshtml,/ApiCalls/update_audit_checklist,POST,Y,03-09-25 5:07,1,,
53,104,246,Setup,remove_duplicate_checklists,remove_duplicate_checklists.cshtml,/ApiCalls/update_audit_checklist_detail,POST,Y,03-09-25 5:07,1,,
54,105,246,Setup,remove_duplicate_checklists,remove_duplicate_checklists.cshtml,/ApiCalls/update_audit_sub_checklist,POST,Y,03-09-25 5:07,1,,
55,106,247,Setup,authorize_remove_duplicate_checklists,authorize_remove_duplicate_checklists.cshtml,/ApiCalls/authorize_merge_duplicate_checklists,POST,Y,03-09-25 5:07,1,,
56,107,247,Setup,authorize_remove_duplicate_checklists,authorize_remove_duplicate_checklists.cshtml,/ApiCalls/get_duplicate_checklists,GET,Y,03-09-25 5:07,1,,
57,108,247,Setup,authorize_remove_duplicate_checklists,authorize_remove_duplicate_checklists.cshtml,/ApiCalls/get_duplicate_checklists,POST,Y,03-09-25 5:07,1,,
58,109,247,Setup,authorize_remove_duplicate_checklists,authorize_remove_duplicate_checklists.cshtml,/ApiCalls/get_duplicate_checklists_count,GET,Y,03-09-25 5:07,1,,
59,110,247,Setup,authorize_remove_duplicate_checklists,authorize_remove_duplicate_checklists.cshtml,/ApiCalls/get_duplicate_checklists_count,POST,Y,03-09-25 5:07,1,,
60,111,248,Dashboard,entity_wise_obs_detail,entity_wise_obs_detail.cshtml,/ApiCalls/get_all_para_text,GET,Y,03-09-25 5:07,1,,
61,112,248,Dashboard,entity_wise_obs_detail,entity_wise_obs_detail.cshtml,/ApiCalls/get_all_para_text,POST,Y,03-09-25 5:07,1,,
62,113,248,Dashboard,entity_wise_obs_detail,entity_wise_obs_detail.cshtml,/ApiCalls/get_entity_wise_observation_detail,GET,Y,03-09-25 5:07,1,,
63,114,248,Dashboard,entity_wise_obs_detail,entity_wise_obs_detail.cshtml,/ApiCalls/get_entity_wise_observation_detail,POST,Y,03-09-25 5:07,1,,
64,115,249,PostCompliance,monitoring_of_para_settlement,monitoring_of_para_settlement.cshtml,/ApiCalls/get_all_para_text,GET,Y,03-09-25 5:07,1,,
65,116,249,PostCompliance,monitoring_of_para_settlement,monitoring_of_para_settlement.cshtml,/ApiCalls/get_all_para_text,POST,Y,03-09-25 5:07,1,,
66,117,249,PostCompliance,monitoring_of_para_settlement,monitoring_of_para_settlement.cshtml,/ApiCalls/get_old_para_compliance_cycle_text,GET,Y,03-09-25 5:07,1,,
67,118,249,PostCompliance,monitoring_of_para_settlement,monitoring_of_para_settlement.cshtml,/ApiCalls/get_old_para_compliance_cycle_text,POST,Y,03-09-25 5:07,1,,
68,119,249,PostCompliance,monitoring_of_para_settlement,monitoring_of_para_settlement.cshtml,/ApiCalls/get_settled_para_compliance_history,GET,Y,03-09-25 5:07,1,,
69,120,249,PostCompliance,monitoring_of_para_settlement,monitoring_of_para_settlement.cshtml,/ApiCalls/get_settled_para_compliance_history,POST,Y,03-09-25 5:07,1,,
70,121,249,PostCompliance,monitoring_of_para_settlement,monitoring_of_para_settlement.cshtml,/ApiCalls/get_settled_paras_for_monitoring,GET,Y,03-09-25 5:07,1,,
71,122,249,PostCompliance,monitoring_of_para_settlement,monitoring_of_para_settlement.cshtml,/ApiCalls/get_settled_paras_for_monitoring,POST,Y,03-09-25 5:07,1,,
72,123,249,PostCompliance,monitoring_of_para_settlement,monitoring_of_para_settlement.cshtml,/ApiCalls/submit_settled_para_compliance_comments,POST,Y,03-09-25 5:07,1,,
73,124,250,Reports,status_wise_compliance,status_wise_compliance.cshtml,/ApiCalls/get_status_wise_compliance,GET,Y,03-09-25 5:07,1,,
74,125,250,Reports,status_wise_compliance,status_wise_compliance.cshtml,/ApiCalls/get_status_wise_compliance,POST,Y,03-09-25 5:07,1,,
75,126,250,Reports,status_wise_compliance,status_wise_compliance.cshtml,/ApiCalls/getparentrel,POST,Y,03-09-25 5:07,1,,
76,127,250,Reports,status_wise_compliance,status_wise_compliance.cshtml,/ApiCalls/getpostplace,POST,Y,03-09-25 5:07,1,,
77,128,251,AdministrationPanel,manage_user_rights,manage_user_rights.cshtml,/ApiCalls/admin_get_new_users,POST,Y,03-09-25 5:07,1,,
78,129,251,AdministrationPanel,manage_user_rights,manage_user_rights.cshtml,/ApiCalls/admin_get_user_details,POST,Y,03-09-25 5:07,1,,
79,130,251,AdministrationPanel,manage_user_rights,manage_user_rights.cshtml,/ApiCalls/update_new_user_admin_panel,POST,Y,03-09-25 5:07,1,,
80,131,252,Reports,annexure_exercise_status,annexure_exercise_status.cshtml,/ApiCalls/get_annexure_exercise_status,GET,Y,03-09-25 5:07,1,,
81,132,253,Execution,obs_management,obs_management.cshtml,/ApiCalls/drop_observation,POST,Y,03-09-25 5:07,1,,
82,133,253,Execution,obs_management,obs_management.cshtml,/ApiCalls/get_dept_observation_text,GET,Y,03-09-25 5:07,1,,
83,134,253,Execution,obs_management,obs_management.cshtml,/ApiCalls/get_dept_observation_text,POST,Y,03-09-25 5:07,1,,
84,135,253,Execution,obs_management,obs_management.cshtml,/ApiCalls/get_details_for_manage_observations_text,GET,Y,03-09-25 5:07,1,,
85,136,253,Execution,obs_management,obs_management.cshtml,/ApiCalls/get_details_for_manage_observations_text,POST,Y,03-09-25 5:07,1,,
86,137,253,Execution,obs_management,obs_management.cshtml,/ApiCalls/get_observations_for_selected_entity,GET,Y,03-09-25 5:07,1,,
87,138,253,Execution,obs_management,obs_management.cshtml,/ApiCalls/get_observations_for_selected_entity,POST,Y,03-09-25 5:07,1,,
88,139,253,Execution,obs_management,obs_management.cshtml,/ApiCalls/get_observations_summary_for_selected_entity,GET,Y,03-09-25 5:07,1,,
89,140,253,Execution,obs_management,obs_management.cshtml,/ApiCalls/get_observations_summary_for_selected_entity,POST,Y,03-09-25 5:07,1,,
90,141,253,Execution,obs_management,obs_management.cshtml,/ApiCalls/submit_observation_to_auditee,POST,Y,03-09-25 5:07,1,,
91,142,253,Execution,obs_management,obs_management.cshtml,/ApiCalls/update_observation_status,POST,Y,03-09-25 5:07,1,,
92,143,253,Execution,obs_management,obs_management.cshtml,/ApiCalls/update_observation_text,POST,Y,03-09-25 5:07,1,,
93,144,254,Dashboard,compliance_summary,compliance_summary.cshtml,/ApiCalls/get_compliance_summary,GET,Y,03-09-25 5:07,1,,
94,145,254,Dashboard,compliance_summary,compliance_summary.cshtml,/ApiCalls/get_compliance_summary,POST,Y,03-09-25 5:07,1,,
95,146,255,PostCompliance,post_compliance,post_compliance.cshtml,/ApiCalls/get_compliance_history,GET,Y,03-09-25 5:07,1,,
96,147,255,PostCompliance,post_compliance,post_compliance.cshtml,/ApiCalls/get_compliance_history,POST,Y,03-09-25 5:07,1,,
97,148,255,PostCompliance,post_compliance,post_compliance.cshtml,/ApiCalls/get_old_para_compliance_cycle_text,GET,Y,03-09-25 5:07,1,,
98,149,255,PostCompliance,post_compliance,post_compliance.cshtml,/ApiCalls/get_old_para_compliance_cycle_text,POST,Y,03-09-25 5:07,1,,
99,150,255,PostCompliance,post_compliance,post_compliance.cshtml,/ApiCalls/get_para_compliance_text,GET,Y,03-09-25 5:07,1,,
100,151,255,PostCompliance,post_compliance,post_compliance.cshtml,/ApiCalls/get_para_compliance_text,POST,Y,03-09-25 5:07,1,,
101,152,255,PostCompliance,post_compliance,post_compliance.cshtml,/ApiCalls/get_paras_for_compliance_by_auditee,GET,Y,03-09-25 5:07,1,,
102,153,255,PostCompliance,post_compliance,post_compliance.cshtml,/ApiCalls/get_paras_for_compliance_by_auditee,POST,Y,03-09-25 5:07,1,,
103,154,255,PostCompliance,post_compliance,post_compliance.cshtml,/ApiCalls/get_post_compliance_evidence_data,GET,Y,03-09-25 5:07,1,,
104,155,255,PostCompliance,post_compliance,post_compliance.cshtml,/ApiCalls/get_post_compliance_evidence_data,POST,Y,03-09-25 5:07,1,,
105,156,255,PostCompliance,post_compliance,post_compliance.cshtml,/ApiCalls/submit_post_audit_compliance,POST,Y,03-09-25 5:07,1,,
106,157,258,AdministrationPanel,compliance_flow,compliance_flow.cshtml,/ApiCalls/add_compliance_flow,POST,Y,03-09-25 5:07,1,,
107,158,258,AdministrationPanel,compliance_flow,compliance_flow.cshtml,/ApiCalls/get_compliance_flow_by_entity_type,GET,Y,03-09-25 5:07,1,,
108,159,258,AdministrationPanel,compliance_flow,compliance_flow.cshtml,/ApiCalls/get_compliance_flow_by_entity_type,POST,Y,03-09-25 5:07,1,,
109,160,259,Reports,group_wise_pages,group_wise_pages.cshtml,/ApiCalls/get_group_wise_pages,GET,Y,03-09-25 5:07,1,,
110,161,259,Reports,group_wise_pages,group_wise_pages.cshtml,/ApiCalls/get_group_wise_pages,POST,Y,03-09-25 5:07,1,,
111,162,261,Reports,dept_wise_outstanding_paras,dept_wise_outstanding_paras.cshtml,/ApiCalls/get_outstanding_paras_for_entity_type_id,GET,Y,03-09-25 5:07,1,,
112,163,261,Reports,dept_wise_outstanding_paras,dept_wise_outstanding_paras.cshtml,/ApiCalls/get_outstanding_paras_for_entity_type_id,POST,Y,03-09-25 5:07,1,,
113,217,225,AdministrationPanel,setup_engagement_reversal,setup_engagement_reversal.cshtml,/ApiCalls/get_observation_details_for_status_reversal,POST,Y,03-09-25 5:07,1,,
114,218,225,AdministrationPanel,setup_engagement_reversal,setup_engagement_reversal.cshtml,/ApiCalls/get_observation_numbers_for_status_reversal,GET,Y,03-09-25 5:07,1,,
115,219,225,AdministrationPanel,setup_engagement_reversal,setup_engagement_reversal.cshtml,/ApiCalls/get_observation_numbers_for_status_reversal,POST,Y,03-09-25 5:07,1,,
116,220,225,AdministrationPanel,setup_engagement_reversal,setup_engagement_reversal.cshtml,/ApiCalls/get_team_memeber_details_for_post_changes_team_eng_reversal,GET,Y,03-09-25 5:07,1,,
117,221,225,AdministrationPanel,setup_engagement_reversal,setup_engagement_reversal.cshtml,/ApiCalls/get_team_memeber_details_for_post_changes_team_eng_reversal,POST,Y,03-09-25 5:07,1,,
118,222,225,AdministrationPanel,setup_engagement_reversal,setup_engagement_reversal.cshtml,/ApiCalls/getparentrel,POST,Y,03-09-25 5:07,1,,
119,223,225,AdministrationPanel,setup_engagement_reversal,setup_engagement_reversal.cshtml,/ApiCalls/getpostplace,POST,Y,03-09-25 5:07,1,,
120,224,225,AdministrationPanel,setup_engagement_reversal,setup_engagement_reversal.cshtml,/ApiCalls/submit_new_team_id_for_post_changes_team_eng_reversal,POST,Y,03-09-25 5:07,1,,
121,225,225,AdministrationPanel,setup_engagement_reversal,setup_engagement_reversal.cshtml,/ApiCalls/update_engagement_dates_for_status_reversal,POST,Y,03-09-25 5:07,1,,
122,226,225,AdministrationPanel,setup_engagement_reversal,setup_engagement_reversal.cshtml,/ApiCalls/update_observation_numbers_for_status_reversal,POST,Y,03-09-25 5:07,1,,
123,227,226,RiskAssessment,risk_assessment_ent_types,risk_assessment_ent_types.cshtml,/ApiCalls/get_auditee_risk_for_entity_types,GET,Y,03-09-25 5:07,1,,
124,228,226,RiskAssessment,risk_assessment_ent_types,risk_assessment_ent_types.cshtml,/ApiCalls/get_auditee_risk_for_entity_types,POST,Y,03-09-25 5:07,1,,
125,229,228,Reports,user_activity_logs,user_activity_logs.cshtml,/ApiCalls/get_user_activity_log,GET,Y,03-09-25 5:07,1,,
126,230,228,Reports,user_activity_logs,user_activity_logs.cshtml,/ApiCalls/get_user_activity_log,POST,Y,03-09-25 5:07,1,,
127,231,229,Reports,role_activity_logs,role_activity_logs.cshtml,/ApiCalls/get_role_actuserivity_log,GET,Y,03-09-25 5:07,1,,
128,232,230,Reports,cnic_loan_report,cnic_loan_report.cshtml,/ApiCalls/get_cnic_loan_detail_report,GET,Y,03-09-25 5:07,1,,
129,233,230,Reports,cnic_loan_report,cnic_loan_report.cshtml,/ApiCalls/get_cnic_loan_detail_report,POST,Y,03-09-25 5:07,1,,
130,234,233,WorkingPaper,loan_case_file,loan_case_file.cshtml,/ApiCalls/Add_Working_Paper_Loan_Cases,POST,Y,03-09-25 5:07,1,,
131,235,233,WorkingPaper,loan_case_file,loan_case_file.cshtml,/ApiCalls/Get_Working_Paper_Loan_Cases,GET,Y,03-09-25 5:07,1,,
132,236,233,WorkingPaper,loan_case_file,loan_case_file.cshtml,/ApiCalls/Get_Working_Paper_Loan_Cases,POST,Y,03-09-25 5:07,1,,
133,237,234,WorkingPaper,voucher_checking,voucher_checking.cshtml,/ApiCalls/Add_Working_Paper_Voucher_Checking,POST,Y,03-09-25 5:07,1,,
134,238,234,WorkingPaper,voucher_checking,voucher_checking.cshtml,/ApiCalls/Get_Working_Paper_Voucher_Checking,GET,Y,03-09-25 5:07,1,,
135,239,234,WorkingPaper,voucher_checking,voucher_checking.cshtml,/ApiCalls/Get_Working_Paper_Voucher_Checking,POST,Y,03-09-25 5:07,1,,
136,240,235,WorkingPaper,account_opening,account_opening.cshtml,/ApiCalls/Add_Working_Paper_Account_Opening,POST,Y,03-09-25 5:07,1,,
137,241,235,WorkingPaper,account_opening,account_opening.cshtml,/ApiCalls/Get_Working_Paper_Account_Opening,GET,Y,03-09-25 5:07,1,,
138,242,235,WorkingPaper,account_opening,account_opening.cshtml,/ApiCalls/Get_Working_Paper_Account_Opening,POST,Y,03-09-25 5:07,1,,
139,243,236,WorkingPaper,fixed_assets,fixed_assets.cshtml,/ApiCalls/Add_Working_Paper_Fixed_Assets,POST,Y,03-09-25 5:07,1,,
140,244,236,WorkingPaper,fixed_assets,fixed_assets.cshtml,/ApiCalls/Get_Working_Paper_Fixed_Assets,GET,Y,03-09-25 5:07,1,,
141,245,236,WorkingPaper,fixed_assets,fixed_assets.cshtml,/ApiCalls/Get_Working_Paper_Fixed_Assets,POST,Y,03-09-25 5:07,1,,
142,246,237,WorkingPaper,cash_count,cash_count.cshtml,/ApiCalls/Add_Working_Paper_Cash_Counter,POST,Y,03-09-25 5:07,1,,
143,247,237,WorkingPaper,cash_count,cash_count.cshtml,/ApiCalls/Get_Working_Paper_Cash_Counter,GET,Y,03-09-25 5:07,1,,
144,248,237,WorkingPaper,cash_count,cash_count.cshtml,/ApiCalls/Get_Working_Paper_Cash_Counter,POST,Y,03-09-25 5:07,1,,
145,249,188,Execution,update_legacy_paras_fad,update_legacy_paras_fad.cshtml,/ApiCalls/get_employee_name_from_pp,POST,Y,03-09-25 5:07,1,,
146,250,188,Execution,update_legacy_paras_fad,update_legacy_paras_fad.cshtml,/ApiCalls/get_legacy_paras_for_update_FAD,GET,Y,03-09-25 5:07,1,,
147,251,188,Execution,update_legacy_paras_fad,update_legacy_paras_fad.cshtml,/ApiCalls/get_legacy_paras_for_update_FAD,POST,Y,03-09-25 5:07,1,,
148,252,188,Execution,update_legacy_paras_fad,update_legacy_paras_fad.cshtml,/ApiCalls/refer_back_legacy_para_to_az,POST,Y,03-09-25 5:07,1,,
149,253,188,Execution,update_legacy_paras_fad,update_legacy_paras_fad.cshtml,/ApiCalls/sub_checklist,POST,Y,03-09-25 5:07,1,,
150,254,188,Execution,update_legacy_paras_fad,update_legacy_paras_fad.cshtml,/ApiCalls/update_legacy_para_with_responsibilities_FAD,POST,Y,03-09-25 5:07,1,,
151,255,188,Execution,update_legacy_paras_fad,update_legacy_paras_fad.cshtml,/ApiCalls/update_legacy_para_with_responsibilities_no_changes,POST,Y,03-09-25 5:07,1,,
152,256,190,Reports,fad_legacy_zone_wise_performance,fad_legacy_zone_wise_performance.cshtml,/ApiCalls/get_legacy_zone_wise_performance,GET,Y,03-09-25 5:07,1,,
153,257,190,Reports,fad_legacy_zone_wise_performance,fad_legacy_zone_wise_performance.cshtml,/ApiCalls/get_legacy_zone_wise_performance,POST,Y,03-09-25 5:07,1,,
154,258,191,AdministrationPanel,status_reversal_audit_entities,status_reversal_audit_entities.cshtml,/ApiCalls/getAISEntities,GET,Y,03-09-25 5:07,1,,
155,259,191,AdministrationPanel,status_reversal_audit_entities,status_reversal_audit_entities.cshtml,/ApiCalls/getCBASEntities,GET,Y,03-09-25 5:07,1,,
156,260,191,AdministrationPanel,status_reversal_audit_entities,status_reversal_audit_entities.cshtml,/ApiCalls/getERPEntities,GET,Y,03-09-25 5:07,1,,
157,261,191,AdministrationPanel,status_reversal_audit_entities,status_reversal_audit_entities.cshtml,/ApiCalls/getHREntities,GET,Y,03-09-25 5:07,1,,
158,262,191,AdministrationPanel,status_reversal_audit_entities,status_reversal_audit_entities.cshtml,/ApiCalls/getparentrel,POST,Y,03-09-25 5:07,1,,
159,263,191,AdministrationPanel,status_reversal_audit_entities,status_reversal_audit_entities.cshtml,/ApiCalls/getpostplace,POST,Y,03-09-25 5:07,1,,
160,264,192,Execution,add_legacy_para,add_legacy_para.cshtml,/ApiCalls/add_new_legacy_para,POST,Y,03-09-25 5:07,1,,
161,265,192,Execution,add_legacy_para,add_legacy_para.cshtml,/ApiCalls/get_auditee_entities_by_entity_type_id,GET,Y,03-09-25 5:07,1,,
162,266,192,Execution,add_legacy_para,add_legacy_para.cshtml,/ApiCalls/get_auditee_entities_by_entity_type_id,POST,Y,03-09-25 5:07,1,,
163,267,193,Execution,authorize_adding_legacy_para,authorize_adding_legacy_para.cshtml,/ApiCalls/Authorize_Legacy_Para_addition,POST,Y,03-09-25 5:07,1,,
164,268,193,Execution,authorize_adding_legacy_para,authorize_adding_legacy_para.cshtml,/ApiCalls/Delete_Legacy_Para_addition_request,POST,Y,03-09-25 5:07,1,,
165,164,262,AdministrationPanel,sub_menu_management,sub_menu_management.cshtml,/ApiCalls/add_sub_menu_for_admin_panel,POST,Y,03-09-25 5:07,1,,
166,165,262,AdministrationPanel,sub_menu_management,sub_menu_management.cshtml,/ApiCalls/get_sub_menu_for_admin_panel,GET,Y,03-09-25 5:07,1,,
167,166,262,AdministrationPanel,sub_menu_management,sub_menu_management.cshtml,/ApiCalls/get_sub_menu_for_admin_panel,POST,Y,03-09-25 5:07,1,,
168,167,262,AdministrationPanel,sub_menu_management,sub_menu_management.cshtml,/ApiCalls/update_sub_menu_for_admin_panel,POST,Y,03-09-25 5:07,1,,
169,168,263,Execution,create_dsa,create_dsa.cshtml,/ApiCalls/draft_dsa,POST,Y,03-09-25 5:07,1,,
170,169,263,Execution,create_dsa,create_dsa.cshtml,/ApiCalls/get_draft_dsa_guidelines,GET,Y,03-09-25 5:07,1,,
171,170,263,Execution,create_dsa,create_dsa.cshtml,/ApiCalls/get_draft_dsa_guidelines,POST,Y,03-09-25 5:07,1,,
172,171,263,Execution,create_dsa,create_dsa.cshtml,/ApiCalls/get_observation_responsible_ppnos,GET,Y,03-09-25 5:07,1,,
173,172,263,Execution,create_dsa,create_dsa.cshtml,/ApiCalls/get_observation_responsible_ppnos,POST,Y,03-09-25 5:07,1,,
174,173,264,Execution,list_dsa,list_dsa.cshtml,/ApiCalls/acknowledge_dsa_by_dpd,POST,Y,03-09-25 5:07,1,,
175,174,264,Execution,list_dsa,list_dsa.cshtml,/ApiCalls/get_draft_dsa_list,GET,Y,03-09-25 5:07,1,,
176,175,264,Execution,list_dsa,list_dsa.cshtml,/ApiCalls/get_draft_dsa_list,POST,Y,03-09-25 5:07,1,,
177,176,264,Execution,list_dsa,list_dsa.cshtml,/ApiCalls/get_dsa_content,GET,Y,03-09-25 5:07,1,,
178,177,264,Execution,list_dsa,list_dsa.cshtml,/ApiCalls/get_dsa_content,POST,Y,03-09-25 5:07,1,,
179,178,264,Execution,list_dsa,list_dsa.cshtml,/ApiCalls/reffered_back_by_dpd,GET,Y,03-09-25 5:07,1,,
180,179,264,Execution,list_dsa,list_dsa.cshtml,/ApiCalls/reffered_back_by_head_fad,GET,Y,03-09-25 5:07,1,,
181,180,264,Execution,list_dsa,list_dsa.cshtml,/ApiCalls/submit_dsa_to_dpd,POST,Y,03-09-25 5:07,1,,
182,181,264,Execution,list_dsa,list_dsa.cshtml,/ApiCalls/submit_dsa_to_head_fad,POST,Y,03-09-25 5:07,1,,
183,182,264,Execution,list_dsa,list_dsa.cshtml,/ApiCalls/update_dsa_heading,GET,Y,03-09-25 5:07,1,,
184,183,265,AdministrationPanel,audit_comp_management,audit_comp_management.cshtml,/ApiCalls/getparentrel,POST,Y,03-09-25 5:07,1,,
185,184,265,AdministrationPanel,audit_comp_management,audit_comp_management.cshtml,/ApiCalls/getpostplace,POST,Y,03-09-25 5:07,1,,
186,185,265,AdministrationPanel,audit_comp_management,audit_comp_management.cshtml,/ApiCalls/update_compliance_office,POST,Y,03-09-25 5:07,1,,
187,186,267,Reports,gist_wise_report,gist_wise_report.cshtml,/ApiCalls/get_report_para_by_gist_keyword,GET,Y,03-09-25 5:07,1,,
188,187,267,Reports,gist_wise_report,gist_wise_report.cshtml,/ApiCalls/get_report_para_by_gist_keyword,POST,Y,03-09-25 5:07,1,,
189,188,268,Reports,audit_para_recon,audit_para_recon.cshtml,/ApiCalls/get_audit_para_reconsillation,GET,Y,03-09-25 5:07,1,,
190,189,268,Reports,audit_para_recon,audit_para_recon.cshtml,/ApiCalls/get_audit_para_reconsillation,POST,Y,03-09-25 5:07,1,,
191,190,269,Setup,manage_annexure,manage_annexure.cshtml,/ApiCalls/add_annexure,POST,Y,03-09-25 5:07,1,,
192,191,269,Setup,manage_annexure,manage_annexure.cshtml,/ApiCalls/get_annexures,GET,Y,03-09-25 5:07,1,,
193,192,269,Setup,manage_annexure,manage_annexure.cshtml,/ApiCalls/get_annexures,POST,Y,03-09-25 5:07,1,,
194,193,269,Setup,manage_annexure,manage_annexure.cshtml,/ApiCalls/update_annexure,POST,Y,03-09-25 5:07,1,,
195,194,222,PostCompliance,change_status_new_para_authorize,change_status_new_para_authorize.cshtml,/ApiCalls/Add_Old_Para_Change_status_Authorize,POST,Y,03-09-25 5:07,1,,
196,195,222,PostCompliance,change_status_new_para_authorize,change_status_new_para_authorize.cshtml,/ApiCalls/GetIASPARATEXT,GET,Y,03-09-25 5:07,1,,
197,196,222,PostCompliance,change_status_new_para_authorize,change_status_new_para_authorize.cshtml,/ApiCalls/get_current_paras_for_status_change_request_authorize,GET,Y,03-09-25 5:07,1,,
198,197,222,PostCompliance,change_status_new_para_authorize,change_status_new_para_authorize.cshtml,/ApiCalls/get_current_paras_for_status_change_request_authorize,POST,Y,03-09-25 5:07,1,,
199,198,223,Dashboard,functional_resp_wise_paras_ho,functional_resp_wise_paras_ho.cshtml,/ApiCalls/get_functional_owner_area_for_functional_responsibility_wise_paras_ho,GET,Y,03-09-25 5:07,1,,
200,199,223,Dashboard,functional_resp_wise_paras_ho,functional_resp_wise_paras_ho.cshtml,/ApiCalls/get_functional_owner_area_for_functional_responsibility_wise_paras_ho,POST,Y,03-09-25 5:07,1,,
201,200,223,Dashboard,functional_resp_wise_paras_ho,functional_resp_wise_paras_ho.cshtml,/ApiCalls/get_functional_responsibility_wise_paras_for_dashboard_ho,GET,Y,03-09-25 5:07,1,,
202,201,223,Dashboard,functional_resp_wise_paras_ho,functional_resp_wise_paras_ho.cshtml,/ApiCalls/get_functional_responsibility_wise_paras_for_dashboard_ho,POST,Y,03-09-25 5:07,1,,
203,202,223,Dashboard,functional_resp_wise_paras_ho,functional_resp_wise_paras_ho.cshtml,/ApiCalls/get_sub_violation_area_for_functional_responsibility_wise_paras_ho,GET,Y,03-09-25 5:07,1,,
204,203,223,Dashboard,functional_resp_wise_paras_ho,functional_resp_wise_paras_ho.cshtml,/ApiCalls/get_sub_violation_area_for_functional_responsibility_wise_paras_ho,POST,Y,03-09-25 5:07,1,,
205,204,223,Dashboard,functional_resp_wise_paras_ho,functional_resp_wise_paras_ho.cshtml,/ApiCalls/get_violation_area_for_functional_responsibility_wise_paras_ho,GET,Y,03-09-25 5:07,1,,
206,205,223,Dashboard,functional_resp_wise_paras_ho,functional_resp_wise_paras_ho.cshtml,/ApiCalls/get_violation_area_for_functional_responsibility_wise_paras_ho,POST,Y,03-09-25 5:07,1,,
207,206,224,Reports,ho_total_paras_details,ho_total_paras_details.cshtml,/ApiCalls/get_functional_owner_area_for_functional_responsibility_wise_paras_ho,GET,Y,03-09-25 5:07,1,,
208,207,224,Reports,ho_total_paras_details,ho_total_paras_details.cshtml,/ApiCalls/get_functional_owner_area_for_functional_responsibility_wise_paras_ho,POST,Y,03-09-25 5:07,1,,
209,208,224,Reports,ho_total_paras_details,ho_total_paras_details.cshtml,/ApiCalls/get_total_para_details_ho,GET,Y,03-09-25 5:07,1,,
210,209,224,Reports,ho_total_paras_details,ho_total_paras_details.cshtml,/ApiCalls/get_total_para_details_ho,POST,Y,03-09-25 5:07,1,,
211,210,225,AdministrationPanel,setup_engagement_reversal,setup_engagement_reversal.cshtml,/ApiCalls/audit_engagement_obs_status_reversal,POST,Y,03-09-25 5:07,1,,
212,211,225,AdministrationPanel,setup_engagement_reversal,setup_engagement_reversal.cshtml,/ApiCalls/audit_engagement_status_reversal,POST,Y,03-09-25 5:07,1,,
213,212,225,AdministrationPanel,setup_engagement_reversal,setup_engagement_reversal.cshtml,/ApiCalls/get_engagement_status_for_reversal,GET,Y,03-09-25 5:07,1,,
214,213,225,AdministrationPanel,setup_engagement_reversal,setup_engagement_reversal.cshtml,/ApiCalls/get_engagement_status_for_reversal,POST,Y,03-09-25 5:07,1,,
215,214,225,AdministrationPanel,setup_engagement_reversal,setup_engagement_reversal.cshtml,/ApiCalls/get_engagements_details_for_status_reversal,GET,Y,03-09-25 5:07,1,,
216,215,225,AdministrationPanel,setup_engagement_reversal,setup_engagement_reversal.cshtml,/ApiCalls/get_engagements_details_for_status_reversal,POST,Y,03-09-25 5:07,1,,
217,216,225,AdministrationPanel,setup_engagement_reversal,setup_engagement_reversal.cshtml,/ApiCalls/get_observation_details_for_status_reversal,GET,Y,03-09-25 5:07,1,,
218,1,204,Setup,manage_checklist_detail,manage_checklist_detail.cshtml,/ApiCalls/get_audit_checklist_detail,POST,Y,03-09-25 5:07,1,,
219,2,204,Setup,manage_checklist_detail,manage_checklist_detail.cshtml,/ApiCalls/get_audit_sub_checklist,GET,Y,03-09-25 5:07,1,,
220,3,204,Setup,manage_checklist_detail,manage_checklist_detail.cshtml,/ApiCalls/get_audit_sub_checklist,POST,Y,03-09-25 5:07,1,,
221,4,204,Setup,manage_checklist_detail,manage_checklist_detail.cshtml,/ApiCalls/update_audit_checklist_detail,POST,Y,03-09-25 5:07,1,,
222,5,205,Reports,para_position,para_position.cshtml,/ApiCalls/get_audit_para_reconsillation,GET,Y,03-09-25 5:07,1,,
223,6,205,Reports,para_position,para_position.cshtml,/ApiCalls/get_audit_para_reconsillation,POST,Y,03-09-25 5:07,1,,
224,7,212,Setup,manage_checklist,manage_checklist.cshtml,/ApiCalls/add_audit_checklist,POST,Y,03-09-25 5:07,1,,
225,8,212,Setup,manage_checklist,manage_checklist.cshtml,/ApiCalls/update_audit_checklist,POST,Y,03-09-25 5:07,1,,
226,9,213,Setup,ref_checklist_detail,ref_checklist_detail.cshtml,/ApiCalls/get_audit_sub_checklist,GET,Y,03-09-25 5:07,1,,
227,10,213,Setup,ref_checklist_detail,ref_checklist_detail.cshtml,/ApiCalls/get_audit_sub_checklist,POST,Y,03-09-25 5:07,1,,
228,11,213,Setup,ref_checklist_detail,ref_checklist_detail.cshtml,/ApiCalls/get_checklist_detail_comparison_by_Id_for_referredBack,GET,Y,03-09-25 5:07,1,,
229,12,213,Setup,ref_checklist_detail,ref_checklist_detail.cshtml,/ApiCalls/get_checklist_detail_comparison_by_Id_for_referredBack,POST,Y,03-09-25 5:07,1,,
230,13,213,Setup,ref_checklist_detail,ref_checklist_detail.cshtml,/ApiCalls/get_ref_audit_checklist_detail,GET,Y,03-09-25 5:07,1,,
231,14,213,Setup,ref_checklist_detail,ref_checklist_detail.cshtml,/ApiCalls/get_ref_audit_checklist_detail,POST,Y,03-09-25 5:07,1,,
232,15,213,Setup,ref_checklist_detail,ref_checklist_detail.cshtml,/ApiCalls/update_audit_checklist_detail,POST,Y,03-09-25 5:07,1,,
233,16,214,Setup,sub_process_authorize,sub_process_authorize.cshtml,/ApiCalls/authorize_sub_process_by_authorizer,POST,Y,03-09-25 5:07,1,,
234,17,214,Setup,sub_process_authorize,sub_process_authorize.cshtml,/ApiCalls/get_sub_checklist_comparison_by_Id,GET,Y,03-09-25 5:07,1,,
235,18,214,Setup,sub_process_authorize,sub_process_authorize.cshtml,/ApiCalls/get_sub_checklist_comparison_by_Id,POST,Y,03-09-25 5:07,1,,
236,19,214,Setup,sub_process_authorize,sub_process_authorize.cshtml,/ApiCalls/reffered_back_sub_process_by_authorizer,POST,Y,03-09-25 5:07,1,,
237,20,215,AdministrationPanel,setup_observation_reversal,setup_observation_reversal.cshtml,/ApiCalls/get_engagements_details_for_status_reversal,GET,Y,03-09-25 5:07,1,,
238,21,215,AdministrationPanel,setup_observation_reversal,setup_observation_reversal.cshtml,/ApiCalls/get_engagements_details_for_status_reversal,POST,Y,03-09-25 5:07,1,,
239,22,215,AdministrationPanel,setup_observation_reversal,setup_observation_reversal.cshtml,/ApiCalls/get_observation_details_for_status_reversal,GET,Y,03-09-25 5:07,1,,
240,23,215,AdministrationPanel,setup_observation_reversal,setup_observation_reversal.cshtml,/ApiCalls/get_observation_details_for_status_reversal,POST,Y,03-09-25 5:07,1,,
241,24,215,AdministrationPanel,setup_observation_reversal,setup_observation_reversal.cshtml,/ApiCalls/getparentrel,POST,Y,03-09-25 5:07,1,,
242,25,215,AdministrationPanel,setup_observation_reversal,setup_observation_reversal.cshtml,/ApiCalls/getpostplace,POST,Y,03-09-25 5:07,1,,
243,26,215,AdministrationPanel,setup_observation_reversal,setup_observation_reversal.cshtml,/ApiCalls/update_observation_status_for_reversal,POST,Y,03-09-25 5:07,1,,
244,27,216,AdministrationPanel,entity_relationship,entity_relationship.cshtml,/ApiCalls/getparentrel,POST,Y,03-09-25 5:07,1,,
245,28,216,AdministrationPanel,entity_relationship,entity_relationship.cshtml,/ApiCalls/getpostplace,POST,Y,03-09-25 5:07,1,,
246,29,216,AdministrationPanel,entity_relationship,entity_relationship.cshtml,/ApiCalls/menu_pages_updation,POST,Y,03-09-25 5:07,1,,
247,30,217,AdministrationPanel,entity_addition,entity_addition.cshtml,/ApiCalls/add_ais_entity_for_admin_panel_entity_addition,POST,Y,03-09-25 5:07,1,,
248,31,217,AdministrationPanel,entity_addition,entity_addition.cshtml,/ApiCalls/add_ais_entity_mapping_for_admin_panel_entity_addition,POST,Y,03-09-25 5:07,1,,
249,32,217,AdministrationPanel,entity_addition,entity_addition.cshtml,/ApiCalls/get_ais_entities_for_admin_panel_entity_addition,GET,Y,03-09-25 5:07,1,,
250,33,217,AdministrationPanel,entity_addition,entity_addition.cshtml,/ApiCalls/get_ais_entities_for_admin_panel_entity_addition,POST,Y,03-09-25 5:07,1,,
251,34,217,AdministrationPanel,entity_addition,entity_addition.cshtml,/ApiCalls/get_ais_entity_existing_mapping_for_admin_panel_entity_addition,GET,Y,03-09-25 5:07,1,,
252,35,217,AdministrationPanel,entity_addition,entity_addition.cshtml,/ApiCalls/get_ais_entity_existing_mapping_for_admin_panel_entity_addition,POST,Y,03-09-25 5:07,1,,
253,36,217,AdministrationPanel,entity_addition,entity_addition.cshtml,/ApiCalls/get_hr_entities_for_admin_panel_entity_addition,GET,Y,03-09-25 5:07,1,,
254,37,217,AdministrationPanel,entity_addition,entity_addition.cshtml,/ApiCalls/get_hr_entities_for_admin_panel_entity_addition,POST,Y,03-09-25 5:07,1,,
255,38,217,AdministrationPanel,entity_addition,entity_addition.cshtml,/ApiCalls/update_ais_entity_for_admin_panel_entity_addition,POST,Y,03-09-25 5:07,1,,
256,39,217,AdministrationPanel,entity_addition,entity_addition.cshtml,/ApiCalls/update_ais_entity_mapping_for_admin_panel_entity_addition,POST,Y,03-09-25 5:07,1,,
257,40,218,AdministrationPanel,entity_shifting,entity_shifting.cshtml,/ApiCalls/add_ais_entity_for_admin_panel_entity_addition,POST,Y,03-09-25 5:07,1,,
258,41,218,AdministrationPanel,entity_shifting,entity_shifting.cshtml,/ApiCalls/add_ais_entity_mapping_for_admin_panel_entity_addition,POST,Y,03-09-25 5:07,1,,
259,42,218,AdministrationPanel,entity_shifting,entity_shifting.cshtml,/ApiCalls/get_ais_entities_for_admin_panel_entity_addition,GET,Y,03-09-25 5:07,1,,
260,43,218,AdministrationPanel,entity_shifting,entity_shifting.cshtml,/ApiCalls/get_ais_entities_for_admin_panel_entity_addition,POST,Y,03-09-25 5:07,1,,
261,44,218,AdministrationPanel,entity_shifting,entity_shifting.cshtml,/ApiCalls/get_ais_entity_existing_mapping_for_admin_panel_entity_addition,GET,Y,03-09-25 5:07,1,,
262,45,218,AdministrationPanel,entity_shifting,entity_shifting.cshtml,/ApiCalls/get_ais_entity_existing_mapping_for_admin_panel_entity_addition,POST,Y,03-09-25 5:07,1,,
263,46,218,AdministrationPanel,entity_shifting,entity_shifting.cshtml,/ApiCalls/get_entity_shifting_details,GET,Y,03-09-25 5:07,1,,
264,47,218,AdministrationPanel,entity_shifting,entity_shifting.cshtml,/ApiCalls/get_entity_shifting_details,POST,Y,03-09-25 5:07,1,,
265,48,218,AdministrationPanel,entity_shifting,entity_shifting.cshtml,/ApiCalls/submit_entity_conv_to_islamic_from_admin_panel,POST,Y,03-09-25 5:07,1,,
266,49,218,AdministrationPanel,entity_shifting,entity_shifting.cshtml,/ApiCalls/submit_entity_shifting_from_admin_panel,POST,Y,03-09-25 5:07,1,,
267,50,218,AdministrationPanel,entity_shifting,entity_shifting.cshtml,/ApiCalls/update_ais_entity_for_admin_panel_entity_addition,POST,Y,03-09-25 5:07,1,,
268,51,218,AdministrationPanel,entity_shifting,entity_shifting.cshtml,/ApiCalls/update_ais_entity_mapping_for_admin_panel_entity_addition,POST,Y,03-09-25 5:07,1,,
269,373,356,FAD,fad_desk_rpt,fad_desk_rpt.cshtml,/ApiCalls/get_fad_desk_officer_rpt_by_date_range,POST,Y,03-09-25 5:07,1,,
270,374,367,FAD,allocateentitytoauditor,allocateentitytoauditor.cshtml,/ApiCalls/AllocateEntitiesToAuditor,POST,Y,03-09-25 5:07,1,,
271,375,367,FAD,allocateentitytoauditor,allocateentitytoauditor.cshtml,/ApiCalls/GetEntitiesForOffice,POST,Y,03-09-25 5:07,1,,
272,376,367,FAD,allocateentitytoauditor,allocateentitytoauditor.cshtml,/ApiCalls/GetRelationTypes,POST,Y,03-09-25 5:07,1,,
273,377,367,FAD,allocateentitytoauditor,allocateentitytoauditor.cshtml,/ApiCalls/GetReportingOffices,POST,Y,03-09-25 5:07,1,,
274,378,367,FAD,allocateentitytoauditor,allocateentitytoauditor.cshtml,/ApiCalls/get_audit_emp,GET,Y,03-09-25 5:07,1,,
275,379,367,FAD,allocateentitytoauditor,allocateentitytoauditor.cshtml,/ApiCalls/get_audit_emp,POST,Y,03-09-25 5:07,1,,
276,380,368,FAD,referenceupdateedit,referenceupdateedit.cshtml,/ApiCalls/GetParaReferenceData,GET,Y,03-09-25 5:07,1,,
277,381,368,FAD,referenceupdateedit,referenceupdateedit.cshtml,/ApiCalls/GetReferenceDetail,GET,Y,03-09-25 5:07,1,,
278,382,368,FAD,referenceupdateedit,referenceupdateedit.cshtml,/ApiCalls/SaveParaReferences,POST,Y,03-09-25 5:07,1,,
279,383,368,FAD,referenceupdateedit,referenceupdateedit.cshtml,/ApiCalls/SearchReferences,POST,Y,03-09-25 5:07,1,,
280,384,369,FAD,referenceupdatelist,referenceupdatelist.cshtml,/ApiCalls/GetPendingReferenceParas,GET,Y,03-09-25 5:07,1,,
281,385,370,FAD,referenceupdatelog,referenceupdatelog.cshtml,/ApiCalls/GetUpdateLog,POST,Y,03-09-25 5:07,1,,
282,386,371,FAD,upload_circular_document,upload_circular_document.cshtml,/ApiCalls/UploadCircularFiles,POST,Y,03-09-25 5:07,1,,
283,387,372,FAD,referenceentitysummary,referenceentitysummary.cshtml,/ApiCalls/GetPendingParas,GET,Y,03-09-25 5:07,1,,
284,388,372,FAD,referenceentitysummary,referenceentitysummary.cshtml,/ApiCalls/GetReferenceEntitySummary,GET,Y,03-09-25 5:07,1,,
285,389,374,AdministrationPanel,manageversionhistory,manageversionhistory.cshtml,/ApiCalls/AddVersionHistory,POST,Y,03-09-25 5:07,1,,
286,390,374,AdministrationPanel,manageversionhistory,manageversionhistory.cshtml,/ApiCalls/UpdateVersionHistory,POST,Y,03-09-25 5:07,1,,
287,391,375,FAD,changeparastatus,changeparastatus.cshtml,/ApiCalls/GET_PARA_STATUS_CHANGE_REQUEST,GET,Y,03-09-25 5:07,1,,
288,392,375,FAD,changeparastatus,changeparastatus.cshtml,/ApiCalls/GET_PARA_STATUS_CHANGE_REQUEST,POST,Y,03-09-25 5:07,1,,
289,393,375,FAD,changeparastatus,changeparastatus.cshtml,/ApiCalls/GetIASPARATEXT,GET,Y,03-09-25 5:07,1,,
290,394,375,FAD,changeparastatus,changeparastatus.cshtml,/ApiCalls/getparentrel,POST,Y,03-09-25 5:07,1,,
291,395,375,FAD,changeparastatus,changeparastatus.cshtml,/ApiCalls/getpostplace,POST,Y,03-09-25 5:07,1,,
292,396,376,FAD,authorizeparastatus,authorizeparastatus.cshtml,/ApiCalls/GET_PARA_STATUS_AUTHORIZATION,GET,Y,03-09-25 5:07,1,,
293,397,376,FAD,authorizeparastatus,authorizeparastatus.cshtml,/ApiCalls/GET_PARA_STATUS_AUTHORIZATION,POST,Y,03-09-25 5:07,1,,
294,398,378,HM,sbpobservationregister,sbpobservationregister.cshtml,/ApiCalls/ApproveRequest,POST,Y,03-09-25 5:07,1,,
295,399,378,HM,sbpobservationregister,sbpobservationregister.cshtml,/ApiCalls/Authenticate,POST,Y,03-09-25 5:07,1,,
296,400,378,HM,sbpobservationregister,sbpobservationregister.cshtml,/ApiCalls/GetRequests,GET,Y,03-09-25 5:07,1,,
297,401,378,HM,sbpobservationregister,sbpobservationregister.cshtml,/ApiCalls/GetSbpObservationHistory,GET,Y,03-09-25 5:07,1,,
298,402,378,HM,sbpobservationregister,sbpobservationregister.cshtml,/ApiCalls/GetSbpObservationRegister,GET,Y,03-09-25 5:07,1,,
299,403,378,HM,sbpobservationregister,sbpobservationregister.cshtml,/ApiCalls/InsertSbpObservation,POST,Y,03-09-25 5:07,1,,
300,404,378,HM,sbpobservationregister,sbpobservationregister.cshtml,/ApiCalls/InsertSbpObservationResponse,POST,Y,03-09-25 5:07,1,,
301,405,378,HM,sbpobservationregister,sbpobservationregister.cshtml,/ApiCalls/RejectRequest,POST,Y,03-09-25 5:07,1,,
302,406,378,HM,sbpobservationregister,sbpobservationregister.cshtml,/ApiCalls/RequestDeleteObservation,POST,Y,03-09-25 5:07,1,,
303,407,378,HM,sbpobservationregister,sbpobservationregister.cshtml,/ApiCalls/RequestDeleteResponse,POST,Y,03-09-25 5:07,1,,
304,408,378,HM,sbpobservationregister,sbpobservationregister.cshtml,/ApiCalls/RequestReverse,POST,Y,03-09-25 5:07,1,,
305,409,378,HM,sbpobservationregister,sbpobservationregister.cshtml,/ApiCalls/UpdateSbpObservation,POST,Y,03-09-25 5:07,1,,
306,410,378,HM,sbpobservationregister,sbpobservationregister.cshtml,/ApiCalls/UpdateSbpObservationResponse,POST,Y,03-09-25 5:07,1,,
307,411,379,HM,sbpobservationhistory,sbpobservationhistory.cshtml,/ApiCalls/GetSbpObservationHistory,GET,Y,03-09-25 5:07,1,,
308,412,379,HM,sbpobservationhistory,sbpobservationhistory.cshtml,/ApiCalls/UpdateSbpObservationResponse,POST,Y,03-09-25 5:07,1,,
309,413,380,HM,managesbppassword,managesbppassword.cshtml,/ApiCalls/UpdateSbpObservationPassword,POST,Y,03-09-25 5:07,1,,
310,414,382,Sampling,manageexceptionreportformat,manageexceptionreportformat.cshtml,/ApiCalls/get_exception_report_format,GET,Y,03-09-25 5:07,1,,
311,415,382,Sampling,manageexceptionreportformat,manageexceptionreportformat.cshtml,/ApiCalls/get_exception_report_format,POST,Y,03-09-25 5:07,1,,
312,416,382,Sampling,manageexceptionreportformat,manageexceptionreportformat.cshtml,/ApiCalls/get_list_of_reports,GET,Y,03-09-25 5:07,1,,
313,417,382,Sampling,manageexceptionreportformat,manageexceptionreportformat.cshtml,/ApiCalls/get_list_of_reports,POST,Y,03-09-25 5:07,1,,
314,418,382,Sampling,manageexceptionreportformat,manageexceptionreportformat.cshtml,/ApiCalls/save_exception_report_format,POST,Y,03-09-25 5:07,1,,
315,419,382,Sampling,manageexceptionreportformat,manageexceptionreportformat.cshtml,/ApiCalls/update_exception_report_format,POST,Y,03-09-25 5:07,1,,
316,420,381,Sampling,exceptionmonitoring,exceptionmonitoring.cshtml,/ApiCalls/get_exception_monitor_details,GET,Y,03-09-25 5:07,1,,
317,421,381,Sampling,exceptionmonitoring,exceptionmonitoring.cshtml,/ApiCalls/get_exception_monitor_details,POST,Y,03-09-25 5:07,1,,
318,422,381,Sampling,exceptionmonitoring,exceptionmonitoring.cshtml,/ApiCalls/get_exception_monitor_entities,GET,Y,03-09-25 5:07,1,,
319,423,381,Sampling,exceptionmonitoring,exceptionmonitoring.cshtml,/ApiCalls/get_exception_monitor_entities,POST,Y,03-09-25 5:07,1,,
320,424,381,Sampling,exceptionmonitoring,exceptionmonitoring.cshtml,/ApiCalls/regenerate_exception,POST,Y,03-09-25 5:07,1,,
321,425,1,Setup,para_migration,para_migration.cshtml,/ApiCalls/add_ais_entity_for_admin_panel_entity_addition,POST,Y,03-09-25 5:07,1,,
322,426,1,Setup,para_migration,para_migration.cshtml,/ApiCalls/add_ais_entity_mapping_for_admin_panel_entity_addition,POST,Y,03-09-25 5:07,1,,
323,427,1,Setup,para_migration,para_migration.cshtml,/ApiCalls/get_ais_entities_for_admin_panel_entity_addition,GET,Y,03-09-25 5:07,1,,
324,428,1,Setup,para_migration,para_migration.cshtml,/ApiCalls/get_ais_entities_for_admin_panel_entity_addition,POST,Y,03-09-25 5:07,1,,
325,429,1,Setup,para_migration,para_migration.cshtml,/ApiCalls/get_ais_entity_existing_mapping_for_admin_panel_entity_addition,GET,Y,03-09-25 5:07,1,,
326,430,1,Setup,para_migration,para_migration.cshtml,/ApiCalls/get_ais_entity_existing_mapping_for_admin_panel_entity_addition,POST,Y,03-09-25 5:07,1,,
327,431,1,Setup,para_migration,para_migration.cshtml,/ApiCalls/get_hr_entities_for_admin_panel_entity_addition,GET,Y,03-09-25 5:07,1,,
328,432,1,Setup,para_migration,para_migration.cshtml,/ApiCalls/get_hr_entities_for_admin_panel_entity_addition,POST,Y,03-09-25 5:07,1,,
329,433,1,Setup,para_migration,para_migration.cshtml,/ApiCalls/update_ais_entity_for_admin_panel_entity_addition,POST,Y,03-09-25 5:07,1,,
330,434,1,Setup,para_migration,para_migration.cshtml,/ApiCalls/update_ais_entity_mapping_for_admin_panel_entity_addition,POST,Y,03-09-25 5:07,1,,
331,435,2,RiskAssessment,risk_assessment_entities,risk_assessment_entities.cshtml,/ApiCalls/get_auditee_engagement_plan,GET,Y,03-09-25 5:07,1,,
332,436,2,RiskAssessment,risk_assessment_entities,risk_assessment_entities.cshtml,/ApiCalls/get_auditee_engagement_plan,POST,Y,03-09-25 5:07,1,,
333,437,2,RiskAssessment,risk_assessment_entities,risk_assessment_entities.cshtml,/ApiCalls/get_auditee_risk,GET,Y,03-09-25 5:07,1,,
334,438,2,RiskAssessment,risk_assessment_entities,risk_assessment_entities.cshtml,/ApiCalls/get_auditee_risk,POST,Y,03-09-25 5:07,1,,
335,439,2,RiskAssessment,risk_assessment_entities,risk_assessment_entities.cshtml,/ApiCalls/get_auditee_risk_details,GET,Y,03-09-25 5:07,1,,
336,440,2,RiskAssessment,risk_assessment_entities,risk_assessment_entities.cshtml,/ApiCalls/get_auditee_risk_details,POST,Y,03-09-25 5:07,1,,
337,441,2,RiskAssessment,risk_assessment_entities,risk_assessment_entities.cshtml,/ApiCalls/getparentrel,POST,Y,03-09-25 5:07,1,,
338,442,2,RiskAssessment,risk_assessment_entities,risk_assessment_entities.cshtml,/ApiCalls/getpostplace,POST,Y,03-09-25 5:07,1,,
339,443,3,Planning,audit_criteria,audit_criteria.cshtml,/ApiCalls/DeletePendingCriteria,POST,Y,03-09-25 5:07,1,,
340,444,3,Planning,audit_criteria,audit_criteria.cshtml,/ApiCalls/GetAuditEntitiesCount,POST,Y,03-09-25 5:07,1,,
341,445,3,Planning,audit_criteria,audit_criteria.cshtml,/ApiCalls/get_entities_parent_ent_type_id,GET,Y,03-09-25 5:07,1,,
342,446,3,Planning,audit_criteria,audit_criteria.cshtml,/ApiCalls/get_entities_parent_ent_type_id,POST,Y,03-09-25 5:07,1,,
343,447,3,Planning,audit_criteria,audit_criteria.cshtml,/ApiCalls/submit_audit_criterias,POST,Y,03-09-25 5:07,1,,
344,448,4,Planning,refferedback_audit_criteria,refferedback_audit_criteria.cshtml,/ApiCalls/UpdateAuditCriteria,POST,Y,03-09-25 5:07,1,,
345,449,5,Planning,audit_criteria_approval,audit_criteria_approval.cshtml,/ApiCalls/AuthorizeAuditCriteria,POST,Y,03-09-25 5:07,1,,
346,450,5,Planning,audit_criteria_approval,audit_criteria_approval.cshtml,/ApiCalls/ReferredBackAuditCriteria,POST,Y,03-09-25 5:07,1,,
347,451,7,Planning,post_changes_criteria,post_changes_criteria.cshtml,/ApiCalls/GeneratePlanAuditCriteria,POST,Y,03-09-25 5:07,1,,
348,452,7,Planning,post_changes_criteria,post_changes_criteria.cshtml,/ApiCalls/PostChangesAuditCriteria,POST,Y,03-09-25 5:07,1,,
349,453,11,Planning,team_members,team_members.cshtml,/ApiCalls/AddAuditTeam,POST,Y,03-09-25 5:07,1,,
350,454,11,Planning,team_members,team_members.cshtml,/ApiCalls/DeleteAuditTeam,POST,Y,03-09-25 5:07,1,,
351,455,11,Planning,team_members,team_members.cshtml,/ApiCalls/GetAuditTeam,POST,Y,03-09-25 5:07,1,,
352,456,12,Planning,tentative_engagement_plan,tentative_engagement_plan.cshtml,/ApiCalls/AddEngagementPlan,POST,Y,03-09-25 5:07,1,,
353,457,12,Planning,tentative_engagement_plan,tentative_engagement_plan.cshtml,/ApiCalls/GetAuditTeam,POST,Y,03-09-25 5:07,1,,
354,458,12,Planning,tentative_engagement_plan,tentative_engagement_plan.cshtml,/ApiCalls/GetOperationalStartDate,POST,Y,03-09-25 5:07,1,,
355,459,12,Planning,tentative_engagement_plan,tentative_engagement_plan.cshtml,/ApiCalls/get_all_public_holidays,GET,Y,03-09-25 5:07,1,,
356,460,12,Planning,tentative_engagement_plan,tentative_engagement_plan.cshtml,/ApiCalls/get_all_public_holidays,POST,Y,03-09-25 5:07,1,,
357,461,18,Execution,audit_execution,audit_execution.cshtml,/ApiCalls/save_observations,POST,Y,03-09-25 5:07,1,,
358,462,22,Reports,role_wise_user,role_wise_user.cshtml,/ApiCalls/AddAuditPlan,POST,Y,03-09-25 5:07,1,,
359,463,22,Reports,role_wise_user,role_wise_user.cshtml,/ApiCalls/GetAuditTeams,POST,Y,03-09-25 5:07,1,,
360,464,22,Reports,role_wise_user,role_wise_user.cshtml,/ApiCalls/GetDivDepartments,POST,Y,03-09-25 5:07,1,,
361,465,22,Reports,role_wise_user,role_wise_user.cshtml,/ApiCalls/GetZoneBranches,POST,Y,03-09-25 5:07,1,,
362,466,23,Reports,department_performance,department_performance.cshtml,/ApiCalls/get_audit_zones,GET,Y,03-09-25 5:07,1,,
363,467,23,Reports,department_performance,department_performance.cshtml,/ApiCalls/get_audit_zones,POST,Y,03-09-25 5:07,1,,
364,468,23,Reports,department_performance,department_performance.cshtml,/ApiCalls/get_auditor_performance,GET,Y,03-09-25 5:07,1,,
365,469,23,Reports,department_performance,department_performance.cshtml,/ApiCalls/get_auditor_performance,POST,Y,03-09-25 5:07,1,,
366,470,23,Reports,department_performance,department_performance.cshtml,/ApiCalls/get_department_performance_by_zone,GET,Y,03-09-25 5:07,1,,
367,471,23,Reports,department_performance,department_performance.cshtml,/ApiCalls/get_department_performance_by_zone,POST,Y,03-09-25 5:07,1,,
368,472,23,Reports,department_performance,department_performance.cshtml,/ApiCalls/get_department_performance_summary_and_detail,GET,Y,03-09-25 5:07,1,,
369,473,23,Reports,department_performance,department_performance.cshtml,/ApiCalls/get_department_performance_summary_and_detail,POST,Y,03-09-25 5:07,1,,
370,474,25,Reports,riskwise_observations,riskwise_observations.cshtml,/ApiCalls/AddAuditPlan,POST,Y,03-09-25 5:07,1,,
371,475,25,Reports,riskwise_observations,riskwise_observations.cshtml,/ApiCalls/GetAuditTeams,POST,Y,03-09-25 5:07,1,,
372,476,25,Reports,riskwise_observations,riskwise_observations.cshtml,/ApiCalls/GetDivDepartments,POST,Y,03-09-25 5:07,1,,
373,477,25,Reports,riskwise_observations,riskwise_observations.cshtml,/ApiCalls/GetZoneBranches,POST,Y,03-09-25 5:07,1,,
374,478,26,Reports,aging_observations,aging_observations.cshtml,/ApiCalls/AddAuditPlan,POST,Y,03-09-25 5:07,1,,
375,479,26,Reports,aging_observations,aging_observations.cshtml,/ApiCalls/GetAuditTeams,POST,Y,03-09-25 5:07,1,,
376,480,26,Reports,aging_observations,aging_observations.cshtml,/ApiCalls/GetDivDepartments,POST,Y,03-09-25 5:07,1,,
377,481,26,Reports,aging_observations,aging_observations.cshtml,/ApiCalls/GetZoneBranches,POST,Y,03-09-25 5:07,1,,
378,482,30,Setup,process_detail_review,process_detail_review.cshtml,/ApiCalls/get_checklist_detail_comparison_by_Id,GET,Y,03-09-25 5:07,1,,
379,483,30,Setup,process_detail_review,process_detail_review.cshtml,/ApiCalls/get_checklist_detail_comparison_by_Id,POST,Y,03-09-25 5:07,1,,
380,484,30,Setup,process_detail_review,process_detail_review.cshtml,/ApiCalls/recommend_process_transaction_by_reviewer,POST,Y,03-09-25 5:07,1,,
381,485,30,Setup,process_detail_review,process_detail_review.cshtml,/ApiCalls/reffered_back_process_transaction_by_reviewer,POST,Y,03-09-25 5:07,1,,
382,486,31,Setup,process_detail_authorize,process_detail_authorize.cshtml,/ApiCalls/get_checklist_detail_comparison_by_Id,GET,Y,03-09-25 5:07,1,,
383,487,31,Setup,process_detail_authorize,process_detail_authorize.cshtml,/ApiCalls/get_checklist_detail_comparison_by_Id,POST,Y,03-09-25 5:07,1,,
384,488,34,Planning,audit_period,audit_period.cshtml,/ApiCalls/add_audit_period,POST,Y,03-09-25 5:07,1,,
385,489,34,Planning,audit_period,audit_period.cshtml,/ApiCalls/audit_periods,POST,Y,03-09-25 5:07,1,,
386,490,34,Planning,audit_period,audit_period.cshtml,/ApiCalls/update_audit_period,POST,Y,03-09-25 5:07,1,,
387,609,301,Reports,year_wise_outstanding_paras,year_wise_outstanding_paras.cshtml,/ApiCalls/get_year_wise_outstanding_observations_detials,GET,Y,03-09-25 5:07,1,,
388,610,301,Reports,year_wise_outstanding_paras,year_wise_outstanding_paras.cshtml,/ApiCalls/get_year_wise_outstanding_observations_detials,POST,Y,03-09-25 5:07,1,,
389,611,301,Reports,year_wise_outstanding_paras,year_wise_outstanding_paras.cshtml,/ApiCalls/getparentrelForDashboardPanel,POST,Y,03-09-25 5:07,1,,
390,612,301,Reports,year_wise_outstanding_paras,year_wise_outstanding_paras.cshtml,/ApiCalls/getpostplaceForDashboardPanel,POST,Y,03-09-25 5:07,1,,
391,613,302,Reports,search_para_text_report,search_para_text_report.cshtml,/ApiCalls/get_para_text_in_audit_report,GET,Y,03-09-25 5:07,1,,
392,614,302,Reports,search_para_text_report,search_para_text_report.cshtml,/ApiCalls/get_para_text_in_audit_report,POST,Y,03-09-25 5:07,1,,
393,615,303,Sampling,loan_transactions,loan_transactions.cshtml,/ApiCalls/get_sample_loan_transactions,GET,Y,03-09-25 5:07,1,,
394,616,303,Sampling,loan_transactions,loan_transactions.cshtml,/ApiCalls/get_sample_loan_transactions,POST,Y,03-09-25 5:07,1,,
395,617,304,Sampling,loan_documents,loan_documents.cshtml,/ApiCalls/get_loan_document_data,GET,Y,03-09-25 5:07,1,,
396,618,304,Sampling,loan_documents,loan_documents.cshtml,/ApiCalls/get_loan_document_data,POST,Y,03-09-25 5:07,1,,
397,619,304,Sampling,loan_documents,loan_documents.cshtml,/ApiCalls/get_loan_documents,GET,Y,03-09-25 5:07,1,,
398,620,304,Sampling,loan_documents,loan_documents.cshtml,/ApiCalls/get_loan_documents,POST,Y,03-09-25 5:07,1,,
399,621,305,Sampling,sample_monitoring,sample_monitoring.cshtml,/ApiCalls/get_list_of_samples,GET,Y,03-09-25 5:07,1,,
400,622,305,Sampling,sample_monitoring,sample_monitoring.cshtml,/ApiCalls/get_list_of_samples,POST,Y,03-09-25 5:07,1,,
401,623,305,Sampling,sample_monitoring,sample_monitoring.cshtml,/ApiCalls/regenerate_sample_of_loans,POST,Y,03-09-25 5:07,1,,
402,624,306,Reports,master_cdms_trns,master_cdms_trns.cshtml,/ApiCalls/audit_periods,POST,Y,03-09-25 5:07,1,,
403,625,315,Sampling,account_exception,account_exception.cshtml,/ApiCalls/get_exception_account_report,GET,Y,03-09-25 5:07,1,,
404,626,315,Sampling,account_exception,account_exception.cshtml,/ApiCalls/get_exception_account_report,POST,Y,03-09-25 5:07,1,,
405,627,316,Sampling,add_report,add_report.cshtml,/ApiCalls/add_exception_account_report,POST,Y,03-09-25 5:07,1,,
406,628,316,Sampling,add_report,add_report.cshtml,/ApiCalls/get_list_of_reports,GET,Y,03-09-25 5:07,1,,
407,629,316,Sampling,add_report,add_report.cshtml,/ApiCalls/get_list_of_reports,POST,Y,03-09-25 5:07,1,,
408,630,317,Sampling,list_reports,list_reports.cshtml,/ApiCalls/get_list_of_reports,GET,Y,03-09-25 5:07,1,,
409,631,317,Sampling,list_reports,list_reports.cshtml,/ApiCalls/get_list_of_reports,POST,Y,03-09-25 5:07,1,,
410,632,318,FAD,observation_review,observation_review.cshtml,/ApiCalls/get_audit_report_for_fad_review,GET,Y,03-09-25 5:07,1,,
411,633,318,FAD,observation_review,observation_review.cshtml,/ApiCalls/get_audit_report_for_fad_review,POST,Y,03-09-25 5:07,1,,
412,634,318,FAD,observation_review,observation_review.cshtml,/ApiCalls/get_engagements_details_for_fad_review,GET,Y,03-09-25 5:07,1,,
413,635,318,FAD,observation_review,observation_review.cshtml,/ApiCalls/get_engagements_details_for_fad_review,POST,Y,03-09-25 5:07,1,,
414,636,318,FAD,observation_review,observation_review.cshtml,/ApiCalls/get_observation_details_for_fad,GET,Y,03-09-25 5:07,1,,
415,637,318,FAD,observation_review,observation_review.cshtml,/ApiCalls/get_observation_details_for_fad,POST,Y,03-09-25 5:07,1,,
416,638,318,FAD,observation_review,observation_review.cshtml,/ApiCalls/get_observation_details_for_report,GET,Y,03-09-25 5:07,1,,
417,639,318,FAD,observation_review,observation_review.cshtml,/ApiCalls/get_observation_details_for_report,POST,Y,03-09-25 5:07,1,,
418,640,318,FAD,observation_review,observation_review.cshtml,/ApiCalls/getparentrel,POST,Y,03-09-25 5:07,1,,
419,641,318,FAD,observation_review,observation_review.cshtml,/ApiCalls/getpostplace,POST,Y,03-09-25 5:07,1,,
420,642,319,Sampling,loans_exception,loans_exception.cshtml,/ApiCalls/get_loan_Exceptions,GET,Y,03-09-25 5:07,1,,
421,643,319,Sampling,loans_exception,loans_exception.cshtml,/ApiCalls/get_loan_Exceptions,POST,Y,03-09-25 5:07,1,,
422,644,320,FAD,para_shifting,para_shifting.cshtml,/ApiCalls/Para_Shifted_To,POST,Y,03-09-25 5:07,1,,
423,645,320,FAD,para_shifting,para_shifting.cshtml,/ApiCalls/get_old_paras_for_monitoring,GET,Y,03-09-25 5:07,1,,
424,646,320,FAD,para_shifting,para_shifting.cshtml,/ApiCalls/get_old_paras_for_monitoring,POST,Y,03-09-25 5:07,1,,
425,647,320,FAD,para_shifting,para_shifting.cshtml,/ApiCalls/get_zone_Branches,GET,Y,03-09-25 5:07,1,,
426,648,320,FAD,para_shifting,para_shifting.cshtml,/ApiCalls/get_zone_Branches,POST,Y,03-09-25 5:07,1,,
427,649,321,AdministrationPanel,ais_post_compliance,ais_post_compliance.cshtml,/ApiCalls/get_ais_post_compliance_details,GET,Y,03-09-25 5:07,1,,
428,650,321,AdministrationPanel,ais_post_compliance,ais_post_compliance.cshtml,/ApiCalls/get_ais_post_compliance_details,POST,Y,03-09-25 5:07,1,,
429,651,321,AdministrationPanel,ais_post_compliance,ais_post_compliance.cshtml,/ApiCalls/getparentrel,POST,Y,03-09-25 5:07,1,,
430,652,321,AdministrationPanel,ais_post_compliance,ais_post_compliance.cshtml,/ApiCalls/getpostplace,POST,Y,03-09-25 5:07,1,,
431,653,321,AdministrationPanel,ais_post_compliance,ais_post_compliance.cshtml,/ApiCalls/update_ais_post_compliance,POST,Y,03-09-25 5:07,1,,
432,654,323,AdministrationPanel,update_auditee_entities,update_auditee_entities.cshtml,/ApiCalls/GetAuditeeEntitiesByTypeId,POST,Y,03-09-25 5:07,1,,
433,655,323,AdministrationPanel,update_auditee_entities,update_auditee_entities.cshtml,/ApiCalls/UpdateAuditeeEntity,POST,Y,03-09-25 5:07,1,,
434,656,324,AdministrationPanel,authorize_auditee_entities_update,authorize_auditee_entities_update.cshtml,/ApiCalls/GetAuditeeEntitiesPendingAuthorization,POST,Y,03-09-25 5:07,1,,
435,657,324,AdministrationPanel,authorize_auditee_entities_update,authorize_auditee_entities_update.cshtml,/ApiCalls/GetAuditeeEntityByIdforAuthorization,POST,Y,03-09-25 5:07,1,,
436,658,324,AdministrationPanel,authorize_auditee_entities_update,authorize_auditee_entities_update.cshtml,/ApiCalls/UpdateAuditeeEntity,POST,Y,03-09-25 5:07,1,,
437,659,325,FAD,financial_budget,financial_budget.cshtml,/ApiCalls/get_audit_budget,GET,Y,03-09-25 5:07,1,,
438,660,325,FAD,financial_budget,financial_budget.cshtml,/ApiCalls/get_audit_budget,POST,Y,03-09-25 5:07,1,,
439,661,325,FAD,financial_budget,financial_budget.cshtml,/ApiCalls/get_gl_heads,GET,Y,03-09-25 5:07,1,,
440,662,325,FAD,financial_budget,financial_budget.cshtml,/ApiCalls/get_gl_heads,POST,Y,03-09-25 5:07,1,,
441,663,325,FAD,financial_budget,financial_budget.cshtml,/ApiCalls/update_audit_budget,POST,Y,03-09-25 5:07,1,,
442,664,326,FAD,manpower_position,manpower_position.cshtml,/ApiCalls/get_audit_manpower,GET,Y,03-09-25 5:07,1,,
443,665,326,FAD,manpower_position,manpower_position.cshtml,/ApiCalls/get_audit_manpower,POST,Y,03-09-25 5:07,1,,
444,666,326,FAD,manpower_position,manpower_position.cshtml,/ApiCalls/get_hr_posting,GET,Y,03-09-25 5:07,1,,
445,667,326,FAD,manpower_position,manpower_position.cshtml,/ApiCalls/get_hr_posting,POST,Y,03-09-25 5:07,1,,
446,668,326,FAD,manpower_position,manpower_position.cshtml,/ApiCalls/get_hr_rank,GET,Y,03-09-25 5:07,1,,
447,669,326,FAD,manpower_position,manpower_position.cshtml,/ApiCalls/get_hr_rank,POST,Y,03-09-25 5:07,1,,
448,670,326,FAD,manpower_position,manpower_position.cshtml,/ApiCalls/update_audit_manpower,POST,Y,03-09-25 5:07,1,,
449,671,327,FAD,staff_position,staff_position.cshtml,/ApiCalls/GetAuditEmployees,GET,Y,03-09-25 5:07,1,,
450,672,327,FAD,staff_position,staff_position.cshtml,/ApiCalls/GetAuditEmployees,POST,Y,03-09-25 5:07,1,,
451,673,328,FAD,addobservation,addobservation.cshtml,/ApiCalls/sbp_add_observation,POST,Y,03-09-25 5:07,1,,
452,674,328,FAD,addobservation,addobservation.cshtml,/ApiCalls/upload_post_compliance_evidences,POST,Y,03-09-25 5:07,1,,
453,675,330,FAD,assigndivision,assigndivision.cshtml,/ApiCalls/sbp_assign_observation,POST,Y,03-09-25 5:07,1,,
454,676,330,FAD,assigndivision,assigndivision.cshtml,/ApiCalls/sbp_fetch_observations,POST,Y,03-09-25 5:07,1,,
455,677,337,FAD,manpowerdemandcreate,manpowerdemandcreate.cshtml,/ApiCalls/get_hr_posting,GET,Y,03-09-25 5:07,1,,
456,678,337,FAD,manpowerdemandcreate,manpowerdemandcreate.cshtml,/ApiCalls/get_hr_posting,POST,Y,03-09-25 5:07,1,,
457,679,337,FAD,manpowerdemandcreate,manpowerdemandcreate.cshtml,/ApiCalls/get_hr_rank,GET,Y,03-09-25 5:07,1,,
458,680,337,FAD,manpowerdemandcreate,manpowerdemandcreate.cshtml,/ApiCalls/get_hr_rank,POST,Y,03-09-25 5:07,1,,
459,681,340,FAD,staffpositioncreate,staffpositioncreate.cshtml,/ApiCalls/get_certification,GET,Y,03-09-25 5:07,1,,
460,682,340,FAD,staffpositioncreate,staffpositioncreate.cshtml,/ApiCalls/get_certification,POST,Y,03-09-25 5:07,1,,
461,683,340,FAD,staffpositioncreate,staffpositioncreate.cshtml,/ApiCalls/get_hr_designation,GET,Y,03-09-25 5:07,1,,
462,684,340,FAD,staffpositioncreate,staffpositioncreate.cshtml,/ApiCalls/get_hr_designation,POST,Y,03-09-25 5:07,1,,
463,685,340,FAD,staffpositioncreate,staffpositioncreate.cshtml,/ApiCalls/get_hr_posting,GET,Y,03-09-25 5:07,1,,
464,686,340,FAD,staffpositioncreate,staffpositioncreate.cshtml,/ApiCalls/get_hr_posting,POST,Y,03-09-25 5:07,1,,
465,687,340,FAD,staffpositioncreate,staffpositioncreate.cshtml,/ApiCalls/get_hr_rank,GET,Y,03-09-25 5:07,1,,
466,688,340,FAD,staffpositioncreate,staffpositioncreate.cshtml,/ApiCalls/get_hr_rank,POST,Y,03-09-25 5:07,1,,
467,689,340,FAD,staffpositioncreate,staffpositioncreate.cshtml,/ApiCalls/get_qualification,GET,Y,03-09-25 5:07,1,,
468,690,340,FAD,staffpositioncreate,staffpositioncreate.cshtml,/ApiCalls/get_qualification,POST,Y,03-09-25 5:07,1,,
469,691,340,FAD,staffpositioncreate,staffpositioncreate.cshtml,/ApiCalls/get_qualification_specialization,GET,Y,03-09-25 5:07,1,,
470,692,340,FAD,staffpositioncreate,staffpositioncreate.cshtml,/ApiCalls/get_qualification_specialization,POST,Y,03-09-25 5:07,1,,
471,693,340,FAD,staffpositioncreate,staffpositioncreate.cshtml,/ApiCalls/get_user_name,GET,Y,03-09-25 5:07,1,,
472,694,340,FAD,staffpositioncreate,staffpositioncreate.cshtml,/ApiCalls/get_user_name,POST,Y,03-09-25 5:07,1,,
473,695,342,ApiCalls,AddCaseStudy,IID/CaseStudy.cshtml,/ApiCalls/AddCaseStudy,POST,Y,03-09-25 5:07,1,11-02-26 10:28,113092
474,696,343,IID,analysis,analysis.cshtml,/ApiCalls/AddAssessment,POST,Y,03-09-25 5:07,1,,
475,697,343,IID,analysis,analysis.cshtml,/ApiCalls/GetComplaintsByUser,POST,Y,03-09-25 5:07,1,,
476,698,344,ApiCalls,AddFinalApproval,IID/FinalApproval.cshtml,/ApiCalls/AddFinalApproval,POST,Y,03-09-25 5:07,1,11-02-26 10:28,113092
477,699,345,ApiCalls,AddHeadReview,IID/HeadReview.cshtml,/ApiCalls/AddHeadReview,POST,Y,03-09-25 5:07,1,11-02-26 10:28,113092
478,700,345,IID,headreview,headreview.cshtml,/ApiCalls/GetAuditEmployees,GET,Y,03-09-25 5:07,1,,
479,701,345,IID,headreview,headreview.cshtml,/ApiCalls/GetAuditEmployees,POST,Y,03-09-25 5:07,1,,
480,702,346,ApiCalls,AddAssessment,IID/InitialAssessment.cshtml,/ApiCalls/AddAssessment,POST,Y,03-09-25 5:07,1,11-02-26 10:28,113092
481,703,346,ApiCalls,GetComplaint,IID/InitialAssessment.cshtml,/ApiCalls/GetComplaint,POST,Y,03-09-25 5:07,1,11-02-26 10:28,113092
482,704,346,IID,initialassessment,initialassessment.cshtml,/ApiCalls/GetComplaintsWithoutAssessment,POST,Y,03-09-25 5:07,1,,
483,705,347,ApiCalls,AddInquiryReport,IID/InquiryReport.cshtml,/ApiCalls/AddInquiryReport,POST,Y,03-09-25 5:07,1,11-02-26 10:28,113092
484,706,348,ApiCalls,AddInvestigationPlan,IID/InvestigationPlan.cshtml,/ApiCalls/AddInvestigationPlan,POST,Y,03-09-25 5:07,1,11-02-26 10:28,113092
485,707,349,ApiCalls,AddPlanApproval,IID/PlanApproval.cshtml,/ApiCalls/AddPlanApproval,POST,Y,03-09-25 5:07,1,11-02-26 10:28,113092
486,708,350,ApiCalls,GetReports,IID/Reports.cshtml,/ApiCalls/GetReports,POST,Y,03-09-25 5:07,1,11-02-26 10:28,113092
487,709,351,ApiCalls,SubmitComplaint,IID/SubmitComplaint.cshtml,/ApiCalls/SubmitComplaint,POST,Y,03-09-25 5:07,1,11-02-26 10:28,113092
488,710,351,IID,submitcomplaint,submitcomplaint.cshtml,/ApiCalls/get_departments,GET,Y,03-09-25 5:07,1,,
489,711,351,IID,submitcomplaint,submitcomplaint.cshtml,/ApiCalls/get_departments,POST,Y,03-09-25 5:07,1,,
490,712,351,IID,submitcomplaint,submitcomplaint.cshtml,/ApiCalls/get_zone_Branches,GET,Y,03-09-25 5:07,1,,
491,713,351,ApiCalls,get_zone_Branches,IID/SubmitComplaint.cshtml,/ApiCalls/get_zone_Branches,POST,Y,03-09-25 5:07,1,11-02-26 10:28,113092
492,714,352,PostCompliance,change_para_status,change_para_status.cshtml,/ApiCalls/Add_Para_Change_status_Request,POST,Y,03-09-25 5:07,1,,
493,715,352,PostCompliance,change_para_status,change_para_status.cshtml,/ApiCalls/get_all_para_text,GET,Y,03-09-25 5:07,1,,
494,716,352,PostCompliance,change_para_status,change_para_status.cshtml,/ApiCalls/get_all_para_text,POST,Y,03-09-25 5:07,1,,
495,717,352,PostCompliance,change_para_status,change_para_status.cshtml,/ApiCalls/get_paras_for_status_change,GET,Y,03-09-25 5:07,1,,
496,718,352,PostCompliance,change_para_status,change_para_status.cshtml,/ApiCalls/get_paras_for_status_change,POST,Y,03-09-25 5:07,1,,
497,719,352,PostCompliance,change_para_status,change_para_status.cshtml,/ApiCalls/getparentrel,POST,Y,03-09-25 5:07,1,,
498,720,352,PostCompliance,change_para_status,change_para_status.cshtml,/ApiCalls/getpostplace,POST,Y,03-09-25 5:07,1,,
499,721,271,RiskAssessment,risk_rating_annex_wise,risk_rating_annex_wise.cshtml,/ApiCalls/generate_annexure_risk_rating_of_engagement,POST,Y,03-09-25 5:07,1,,
500,722,271,RiskAssessment,risk_rating_annex_wise,risk_rating_annex_wise.cshtml,/ApiCalls/generate_traditional_risk_rating_of_engagement,POST,Y,03-09-25 5:07,1,,
501,723,271,RiskAssessment,risk_rating_annex_wise,risk_rating_annex_wise.cshtml,/ApiCalls/get_engagements_details_for_status_reversal,GET,Y,03-09-25 5:07,1,,
502,724,271,RiskAssessment,risk_rating_annex_wise,risk_rating_annex_wise.cshtml,/ApiCalls/get_engagements_details_for_status_reversal,POST,Y,03-09-25 5:07,1,,
503,725,271,RiskAssessment,risk_rating_annex_wise,risk_rating_annex_wise.cshtml,/ApiCalls/getparentrel,POST,Y,03-09-25 5:07,1,,
504,726,271,RiskAssessment,risk_rating_annex_wise,risk_rating_annex_wise.cshtml,/ApiCalls/getpostplace,POST,Y,03-09-25 5:07,1,,
505,727,271,RiskAssessment,risk_rating_annex_wise,risk_rating_annex_wise.cshtml,/ApiCalls/view_annexure_risk_rating_of_engagement,POST,Y,03-09-25 5:07,1,,
506,728,271,RiskAssessment,risk_rating_annex_wise,risk_rating_annex_wise.cshtml,/ApiCalls/view_traditional_risk_rating_of_engagement,POST,Y,03-09-25 5:07,1,,
507,729,272,Setup,remove_duplicate_process,remove_duplicate_process.cshtml,/ApiCalls/get_audit_checklist_detail_for_remove_duplicate,GET,Y,03-09-25 5:07,1,,
508,730,272,Setup,remove_duplicate_process,remove_duplicate_process.cshtml,/ApiCalls/get_audit_checklist_detail_for_remove_duplicate,POST,Y,03-09-25 5:07,1,,
509,731,272,Setup,remove_duplicate_process,remove_duplicate_process.cshtml,/ApiCalls/get_audit_sub_checklist,GET,Y,03-09-25 5:07,1,,
510,732,272,Setup,remove_duplicate_process,remove_duplicate_process.cshtml,/ApiCalls/get_audit_sub_checklist,POST,Y,03-09-25 5:07,1,,
511,733,272,Setup,remove_duplicate_process,remove_duplicate_process.cshtml,/ApiCalls/get_checklist_details_for_sub_process,GET,Y,03-09-25 5:07,1,,
512,491,41,AdministrationPanel,setup_auditee_entities,setup_auditee_entities.cshtml,/ApiCalls/GetAuditeeEntitiesByTypeId,POST,Y,03-09-25 5:07,1,,
513,492,41,AdministrationPanel,setup_auditee_entities,setup_auditee_entities.cshtml,/ApiCalls/UpdateAuditeeEntity,POST,Y,03-09-25 5:07,1,,
514,493,43,AdministrationPanel,manage_user,manage_user.cshtml,/ApiCalls/FindUsers,POST,Y,03-09-25 5:07,1,,
515,494,43,AdministrationPanel,manage_user,manage_user.cshtml,/ApiCalls/GetDivDepartments,POST,Y,03-09-25 5:07,1,,
516,495,43,AdministrationPanel,manage_user,manage_user.cshtml,/ApiCalls/GetZoneBranches,POST,Y,03-09-25 5:07,1,,
517,496,43,AdministrationPanel,manage_user,manage_user.cshtml,/ApiCalls/add_new_user,POST,Y,03-09-25 5:07,1,,
518,497,43,AdministrationPanel,manage_user,manage_user.cshtml,/ApiCalls/get_departments,GET,Y,03-09-25 5:07,1,,
519,498,43,AdministrationPanel,manage_user,manage_user.cshtml,/ApiCalls/get_departments,POST,Y,03-09-25 5:07,1,,
520,499,43,AdministrationPanel,manage_user,manage_user.cshtml,/ApiCalls/getparentrel,POST,Y,03-09-25 5:07,1,,
521,500,43,AdministrationPanel,manage_user,manage_user.cshtml,/ApiCalls/getpostplace,POST,Y,03-09-25 5:07,1,,
522,501,327,Planning,staff_position,staff_position.cshtml,/ApiCalls/GetAuditEmployees,GET,Y,03-09-25 5:07,1,,
523,502,327,Planning,staff_position,staff_position.cshtml,/ApiCalls/GetAuditEmployees,POST,Y,03-09-25 5:07,1,,
524,503,48,AuditeePortal,old_outstanding_paras,old_outstanding_paras.cshtml,/ApiCalls/get_assigned_observation_old_paras,GET,Y,03-09-25 5:07,1,,
525,504,48,AuditeePortal,old_outstanding_paras,old_outstanding_paras.cshtml,/ApiCalls/get_assigned_observation_old_paras,POST,Y,03-09-25 5:07,1,,
526,505,51,AuditeePortal,observation_assigned,observation_assigned.cshtml,/ApiCalls/GetResponsiblePPNOforoldPara,GET,Y,03-09-25 5:07,1,,
527,506,51,AuditeePortal,observation_assigned,observation_assigned.cshtml,/ApiCalls/add_responsible_for_old_paras,POST,Y,03-09-25 5:07,1,,
528,507,51,AuditeePortal,observation_assigned,observation_assigned.cshtml,/ApiCalls/add_responsible_to_observation,POST,Y,03-09-25 5:07,1,,
529,508,51,AuditeePortal,observation_assigned,observation_assigned.cshtml,/ApiCalls/get_assigned_observation,GET,Y,03-09-25 5:07,1,,
530,509,51,AuditeePortal,observation_assigned,observation_assigned.cshtml,/ApiCalls/get_assigned_observation,POST,Y,03-09-25 5:07,1,,
531,510,51,AuditeePortal,observation_assigned,observation_assigned.cshtml,/ApiCalls/get_auditee_evidence_data,GET,Y,03-09-25 5:07,1,,
532,511,51,AuditeePortal,observation_assigned,observation_assigned.cshtml,/ApiCalls/get_auditee_evidence_data,POST,Y,03-09-25 5:07,1,,
533,512,51,AuditeePortal,observation_assigned,observation_assigned.cshtml,/ApiCalls/get_employee_name_from_pp,GET,Y,03-09-25 5:07,1,,
534,513,51,AuditeePortal,observation_assigned,observation_assigned.cshtml,/ApiCalls/get_employee_name_from_pp,POST,Y,03-09-25 5:07,1,,
535,514,51,AuditeePortal,observation_assigned,observation_assigned.cshtml,/ApiCalls/get_lc_details,GET,Y,03-09-25 5:07,1,,
536,515,51,AuditeePortal,observation_assigned,observation_assigned.cshtml,/ApiCalls/get_lc_details,POST,Y,03-09-25 5:07,1,,
537,516,51,AuditeePortal,observation_assigned,observation_assigned.cshtml,/ApiCalls/get_observation_text,GET,Y,03-09-25 5:07,1,,
538,517,51,AuditeePortal,observation_assigned,observation_assigned.cshtml,/ApiCalls/get_observation_text,POST,Y,03-09-25 5:07,1,,
539,518,51,AuditeePortal,observation_assigned,observation_assigned.cshtml,/ApiCalls/get_responsible_person_list,GET,Y,03-09-25 5:07,1,,
540,519,51,AuditeePortal,observation_assigned,observation_assigned.cshtml,/ApiCalls/get_responsible_person_list,POST,Y,03-09-25 5:07,1,,
541,520,51,AuditeePortal,observation_assigned,observation_assigned.cshtml,/ApiCalls/reply_observation,POST,Y,03-09-25 5:07,1,,
542,521,53,AuditeePortal,ccqs,ccqs.cshtml,/ApiCalls/get_ccqs,GET,Y,03-09-25 5:07,1,,
543,522,53,AuditeePortal,ccqs,ccqs.cshtml,/ApiCalls/get_ccqs,POST,Y,03-09-25 5:07,1,,
544,523,53,AuditeePortal,ccqs,ccqs.cshtml,/ApiCalls/update_ccq,POST,Y,03-09-25 5:07,1,,
545,524,54,Dashboard,zone_wise_paras,zone_wise_paras.cshtml,/ApiCalls/get_relation_ais_observation_for_dashboard,GET,Y,03-09-25 5:07,1,,
546,525,54,Dashboard,zone_wise_paras,zone_wise_paras.cshtml,/ApiCalls/get_relation_ais_observation_for_dashboard,POST,Y,03-09-25 5:07,1,,
547,526,54,Dashboard,zone_wise_paras,zone_wise_paras.cshtml,/ApiCalls/get_relation_legacy_observation_for_dashboard,GET,Y,03-09-25 5:07,1,,
548,527,54,Dashboard,zone_wise_paras,zone_wise_paras.cshtml,/ApiCalls/get_relation_legacy_observation_for_dashboard,POST,Y,03-09-25 5:07,1,,
549,528,54,Dashboard,zone_wise_paras,zone_wise_paras.cshtml,/ApiCalls/get_relation_observation_for_dashboard,GET,Y,03-09-25 5:07,1,,
550,529,54,Dashboard,zone_wise_paras,zone_wise_paras.cshtml,/ApiCalls/get_relation_observation_for_dashboard,POST,Y,03-09-25 5:07,1,,
551,530,54,Dashboard,zone_wise_paras,zone_wise_paras.cshtml,/ApiCalls/getparentrelForDashboardPanel,POST,Y,03-09-25 5:07,1,,
552,531,54,Dashboard,zone_wise_paras,zone_wise_paras.cshtml,/ApiCalls/getpostplaceForDashboardPanel,POST,Y,03-09-25 5:07,1,,
553,532,55,AuditeePortal,reply_new,reply_new.cshtml,/ApiCalls/old_para_response,POST,Y,03-09-25 5:07,1,,
554,533,58,AdministrationPanel,menu_assignment,menu_assignment.cshtml,/ApiCalls/menu_pages_updation,POST,Y,03-09-25 5:07,1,,
555,534,59,AdministrationPanel,pages_management,pages_management.cshtml,/ApiCalls/add_menu_page_for_admin_panel,POST,Y,03-09-25 5:07,1,,
556,535,59,AdministrationPanel,pages_management,pages_management.cshtml,/ApiCalls/get_menu_pages_for_admin_panel,GET,Y,03-09-25 5:07,1,,
557,536,59,AdministrationPanel,pages_management,pages_management.cshtml,/ApiCalls/get_menu_pages_for_admin_panel,POST,Y,03-09-25 5:07,1,,
558,537,59,AdministrationPanel,pages_management,pages_management.cshtml,/ApiCalls/get_sub_menu_for_admin_panel,GET,Y,03-09-25 5:07,1,,
559,538,59,AdministrationPanel,pages_management,pages_management.cshtml,/ApiCalls/get_sub_menu_for_admin_panel,POST,Y,03-09-25 5:07,1,,
560,539,59,AdministrationPanel,pages_management,pages_management.cshtml,/ApiCalls/update_menu_page_for_admin_panel,POST,Y,03-09-25 5:07,1,,
561,540,62,RiskAssessment,inherited_risk_dept,inherited_risk_dept.cshtml,/ApiCalls/GetCOSORiskForDepartment,POST,Y,03-09-25 5:07,1,,
562,541,63,Engagement,engagement_plan,engagement_plan.cshtml,/ApiCalls/AddAuditPlan,POST,Y,03-09-25 5:07,1,,
563,542,63,Engagement,engagement_plan,engagement_plan.cshtml,/ApiCalls/GetAuditTeams,POST,Y,03-09-25 5:07,1,,
564,543,63,Engagement,engagement_plan,engagement_plan.cshtml,/ApiCalls/GetDivDepartments,POST,Y,03-09-25 5:07,1,,
565,544,63,Engagement,engagement_plan,engagement_plan.cshtml,/ApiCalls/GetZoneBranches,POST,Y,03-09-25 5:07,1,,
566,545,66,RiskAssessment,inherited_risk_branches,inherited_risk_branches.cshtml,/ApiCalls/GetCOSORiskForBranches,GET,Y,03-09-25 5:07,1,,
567,546,71,Engagement,eng_plan_ref_list,eng_plan_ref_list.cshtml,/ApiCalls/GetAuditTeams,POST,Y,03-09-25 5:07,1,,
568,547,71,Engagement,eng_plan_ref_list,eng_plan_ref_list.cshtml,/ApiCalls/approve_engagement_plan,POST,Y,03-09-25 5:07,1,,
569,548,71,Engagement,eng_plan_ref_list,eng_plan_ref_list.cshtml,/ApiCalls/rerecommend_engagement_plan,POST,Y,03-09-25 5:07,1,,
570,549,73,Engagement,eng_plan_list,eng_plan_list.cshtml,/ApiCalls/approve_engagement_plan,POST,Y,03-09-25 5:07,1,,
571,550,73,Engagement,eng_plan_list,eng_plan_list.cshtml,/ApiCalls/create_engagement_Exception_data,GET,Y,03-09-25 5:07,1,,
572,551,73,Engagement,eng_plan_list,eng_plan_list.cshtml,/ApiCalls/create_engagement_sample_data,POST,Y,03-09-25 5:07,1,,
573,552,73,Engagement,eng_plan_list,eng_plan_list.cshtml,/ApiCalls/reject_engagement_plan,POST,Y,03-09-25 5:07,1,,
574,553,76,Execution,subchecklist,subchecklist.cshtml,/ApiCalls/sub_checklist,POST,Y,03-09-25 5:07,1,,
575,554,77,Execution,checklist_details,checklist_details.cshtml,/ApiCalls/checklist_details,POST,Y,03-09-25 5:07,1,,
576,555,77,Execution,checklist_details,checklist_details.cshtml,/ApiCalls/get_employee_name_from_pp,GET,Y,03-09-25 5:07,1,,
577,556,77,Execution,checklist_details,checklist_details.cshtml,/ApiCalls/get_employee_name_from_pp,POST,Y,03-09-25 5:07,1,,
578,557,77,Execution,checklist_details,checklist_details.cshtml,/ApiCalls/get_lc_details,GET,Y,03-09-25 5:07,1,,
579,558,77,Execution,checklist_details,checklist_details.cshtml,/ApiCalls/get_lc_details,POST,Y,03-09-25 5:07,1,,
580,559,77,Execution,checklist_details,checklist_details.cshtml,/ApiCalls/get_observation_text_branches,GET,Y,03-09-25 5:07,1,,
581,560,77,Execution,checklist_details,checklist_details.cshtml,/ApiCalls/get_observation_text_branches,POST,Y,03-09-25 5:07,1,,
582,561,77,Execution,checklist_details,checklist_details.cshtml,/ApiCalls/get_subchecklist_status,GET,Y,03-09-25 5:07,1,,
583,562,77,Execution,checklist_details,checklist_details.cshtml,/ApiCalls/get_subchecklist_status,POST,Y,03-09-25 5:07,1,,
584,563,77,Execution,checklist_details,checklist_details.cshtml,/ApiCalls/save_observations,POST,Y,03-09-25 5:07,1,,
585,564,79,Execution,manage_observations,manage_observations.cshtml,/ApiCalls/drop_observation,POST,Y,03-09-25 5:07,1,,
586,565,79,Execution,manage_observations,manage_observations.cshtml,/ApiCalls/get_auditee_evidence_data,GET,Y,03-09-25 5:07,1,,
587,566,79,Execution,manage_observations,manage_observations.cshtml,/ApiCalls/get_auditee_evidence_data,POST,Y,03-09-25 5:07,1,,
588,567,79,Execution,manage_observations,manage_observations.cshtml,/ApiCalls/get_dept_observation_text,GET,Y,03-09-25 5:07,1,,
589,568,79,Execution,manage_observations,manage_observations.cshtml,/ApiCalls/get_dept_observation_text,POST,Y,03-09-25 5:07,1,,
590,569,79,Execution,manage_observations,manage_observations.cshtml,/ApiCalls/get_observations,GET,Y,03-09-25 5:07,1,,
591,570,79,Execution,manage_observations,manage_observations.cshtml,/ApiCalls/get_observations,POST,Y,03-09-25 5:07,1,,
592,571,79,Execution,manage_observations,manage_observations.cshtml,/ApiCalls/submit_observation_to_auditee,POST,Y,03-09-25 5:07,1,,
593,572,79,Execution,manage_observations,manage_observations.cshtml,/ApiCalls/update_observation_status,POST,Y,03-09-25 5:07,1,,
594,573,79,Execution,manage_observations,manage_observations.cshtml,/ApiCalls/update_observation_text,POST,Y,03-09-25 5:07,1,,
595,574,82,Reports,income_expenditure,income_expenditure.cshtml,/ApiCalls/GetIncomeExpenceDetails,POST,Y,03-09-25 5:07,1,,
596,575,83,Execution,draft_audit_report,draft_audit_report.cshtml,/ApiCalls/draft_report_summary,POST,Y,03-09-25 5:07,1,,
597,576,289,Execution,auth_del_dup_para,auth_del_dup_para.cshtml,/ApiCalls/authorize_delete_duplicate_para,POST,Y,03-09-25 5:07,1,,
598,577,289,Execution,auth_del_dup_para,auth_del_dup_para.cshtml,/ApiCalls/get_duplicate_paras_for_authorize,GET,Y,03-09-25 5:07,1,,
599,578,289,Execution,auth_del_dup_para,auth_del_dup_para.cshtml,/ApiCalls/get_duplicate_paras_for_authorize,POST,Y,03-09-25 5:07,1,,
600,579,289,Execution,auth_del_dup_para,auth_del_dup_para.cshtml,/ApiCalls/reject_delete_duplicate_para,POST,Y,03-09-25 5:07,1,,
601,580,293,Dashboard,serious_fraudulent_obs_gm,serious_fraudulent_obs_gm.cshtml,/ApiCalls/get_serious_entities_details,GET,Y,03-09-25 5:07,1,,
602,581,293,Dashboard,serious_fraudulent_obs_gm,serious_fraudulent_obs_gm.cshtml,/ApiCalls/get_serious_entities_details,POST,Y,03-09-25 5:07,1,,
603,582,294,Execution,pre_concluding_audit_ho,pre_concluding_audit_ho.cshtml,/ApiCalls/add_observation_gist_and_recommendation,POST,Y,03-09-25 5:07,1,,
604,583,294,Execution,pre_concluding_audit_ho,pre_concluding_audit_ho.cshtml,/ApiCalls/get_auditee_evidence_data,GET,Y,03-09-25 5:07,1,,
605,584,294,Execution,pre_concluding_audit_ho,pre_concluding_audit_ho.cshtml,/ApiCalls/get_auditee_evidence_data,POST,Y,03-09-25 5:07,1,,
606,585,294,Execution,pre_concluding_audit_ho,pre_concluding_audit_ho.cshtml,/ApiCalls/get_obs_details_by_id_pre_con_ho,GET,Y,03-09-25 5:07,1,,
607,586,294,Execution,pre_concluding_audit_ho,pre_concluding_audit_ho.cshtml,/ApiCalls/get_obs_details_by_id_pre_con_ho,POST,Y,03-09-25 5:07,1,,
608,587,294,Execution,pre_concluding_audit_ho,pre_concluding_audit_ho.cshtml,/ApiCalls/get_obs_for_pre_concluding,GET,Y,03-09-25 5:07,1,,
609,588,294,Execution,pre_concluding_audit_ho,pre_concluding_audit_ho.cshtml,/ApiCalls/get_obs_for_pre_concluding,POST,Y,03-09-25 5:07,1,,
610,589,294,Execution,pre_concluding_audit_ho,pre_concluding_audit_ho.cshtml,/ApiCalls/get_responded_obs_evidences,GET,Y,03-09-25 5:07,1,,
611,590,294,Execution,pre_concluding_audit_ho,pre_concluding_audit_ho.cshtml,/ApiCalls/get_responded_obs_evidences,POST,Y,03-09-25 5:07,1,,
612,591,294,Execution,pre_concluding_audit_ho,pre_concluding_audit_ho.cshtml,/ApiCalls/submit_pre_concluding,POST,Y,03-09-25 5:07,1,,
613,592,294,Execution,pre_concluding_audit_ho,pre_concluding_audit_ho.cshtml,/ApiCalls/update_audit_para_for_finalization_ho,POST,Y,03-09-25 5:07,1,,
614,593,295,Sampling,list_samples,list_samples.cshtml,/ApiCalls/get_list_of_samples,GET,Y,03-09-25 5:07,1,,
615,594,295,Sampling,list_samples,list_samples.cshtml,/ApiCalls/get_list_of_samples,POST,Y,03-09-25 5:07,1,,
616,595,296,Sampling,account_document,account_document.cshtml,/ApiCalls/get_biomet_account_documents_sampling_details,GET,Y,03-09-25 5:07,1,,
617,596,296,Sampling,account_document,account_document.cshtml,/ApiCalls/get_biomet_account_documents_sampling_details,POST,Y,03-09-25 5:07,1,,
618,597,297,Sampling,biomet,biomet.cshtml,/ApiCalls/get_biomet_sampling_details,GET,Y,03-09-25 5:07,1,,
619,598,297,Sampling,biomet,biomet.cshtml,/ApiCalls/get_biomet_sampling_details,POST,Y,03-09-25 5:07,1,,
620,599,298,Sampling,account_transaction_master,account_transaction_master.cshtml,/ApiCalls/get_biomet_sampling_details,GET,Y,03-09-25 5:07,1,,
621,600,298,Sampling,account_transaction_master,account_transaction_master.cshtml,/ApiCalls/get_biomet_sampling_details,POST,Y,03-09-25 5:07,1,,
622,601,299,Sampling,account_transaction,account_transaction.cshtml,/ApiCalls/get_biomet_account_transaction_sampling_details,GET,Y,03-09-25 5:07,1,,
623,602,299,Sampling,account_transaction,account_transaction.cshtml,/ApiCalls/get_biomet_account_transaction_sampling_details,POST,Y,03-09-25 5:07,1,,
624,603,300,Sampling,loans,loans.cshtml,/ApiCalls/get_loan_samples,GET,Y,03-09-25 5:07,1,,
625,604,300,Sampling,loans,loans.cshtml,/ApiCalls/get_loan_samples,POST,Y,03-09-25 5:07,1,,
626,605,301,Reports,year_wise_outstanding_paras,year_wise_outstanding_paras.cshtml,/ApiCalls/get_all_para_text,GET,Y,03-09-25 5:07,1,,
627,606,301,Reports,year_wise_outstanding_paras,year_wise_outstanding_paras.cshtml,/ApiCalls/get_all_para_text,POST,Y,03-09-25 5:07,1,,
628,607,301,Reports,year_wise_outstanding_paras,year_wise_outstanding_paras.cshtml,/ApiCalls/get_year_wise_outstanding_observations,GET,Y,03-09-25 5:07,1,,
629,608,301,Reports,year_wise_outstanding_paras,year_wise_outstanding_paras.cshtml,/ApiCalls/get_year_wise_outstanding_observations,POST,Y,03-09-25 5:07,1,,
630,269,193,Execution,authorize_adding_legacy_para,authorize_adding_legacy_para.cshtml,/ApiCalls/get_add_legacy_paras_autorize,GET,Y,03-09-25 5:07,1,,
631,270,193,Execution,authorize_adding_legacy_para,authorize_adding_legacy_para.cshtml,/ApiCalls/get_add_legacy_paras_autorize,POST,Y,03-09-25 5:07,1,,
632,271,194,Execution,update_gist_para_no,update_gist_para_no.cshtml,/ApiCalls/get_legacy_paras_for_gist_update,GET,Y,03-09-25 5:07,1,,
633,272,194,Execution,update_gist_para_no,update_gist_para_no.cshtml,/ApiCalls/get_legacy_paras_for_gist_update,POST,Y,03-09-25 5:07,1,,
634,273,194,Execution,update_gist_para_no,update_gist_para_no.cshtml,/ApiCalls/get_legacy_report_dropdown_contents,GET,Y,03-09-25 5:07,1,,
635,274,194,Execution,update_gist_para_no,update_gist_para_no.cshtml,/ApiCalls/get_legacy_report_dropdown_contents,POST,Y,03-09-25 5:07,1,,
636,275,194,Execution,update_gist_para_no,update_gist_para_no.cshtml,/ApiCalls/update_legacy_para_gist_paraNo,POST,Y,03-09-25 5:07,1,,
637,276,195,Execution,authorize_update_legacy_para_gist_para,authorize_update_legacy_para_gist_para.cshtml,/ApiCalls/Authorize_Legacy_Para_Gist_ParaNo,POST,Y,03-09-25 5:07,1,,
638,277,195,Execution,authorize_update_legacy_para_gist_para,authorize_update_legacy_para_gist_para.cshtml,/ApiCalls/get_update_gist_paraNo_legacy_paras_autorize,GET,Y,03-09-25 5:07,1,,
639,278,195,Execution,authorize_update_legacy_para_gist_para,authorize_update_legacy_para_gist_para.cshtml,/ApiCalls/get_update_gist_paraNo_legacy_paras_autorize,POST,Y,03-09-25 5:07,1,,
640,279,196,Reports,fad_ho_user_legacy_para_performance,fad_ho_user_legacy_para_performance.cshtml,/ApiCalls/get_fad_ho_user_legacy_para_user_wise_performance,GET,Y,03-09-25 5:07,1,,
641,280,196,Reports,fad_ho_user_legacy_para_performance,fad_ho_user_legacy_para_performance.cshtml,/ApiCalls/get_fad_ho_user_legacy_para_user_wise_performance,POST,Y,03-09-25 5:07,1,,
642,281,197,Execution,update_legacy_paras_ho,update_legacy_paras_ho.cshtml,/ApiCalls/delete_legacy_para_HO,POST,Y,03-09-25 5:07,1,,
643,282,197,Execution,update_legacy_paras_ho,update_legacy_paras_ho.cshtml,/ApiCalls/get_legacy_paras_for_update_ho,GET,Y,03-09-25 5:07,1,,
644,283,197,Execution,update_legacy_paras_ho,update_legacy_paras_ho.cshtml,/ApiCalls/get_legacy_paras_for_update_ho,POST,Y,03-09-25 5:07,1,,
645,284,197,Execution,update_legacy_paras_ho,update_legacy_paras_ho.cshtml,/ApiCalls/get_legacy_report_dropdown_contents,GET,Y,03-09-25 5:07,1,,
646,285,197,Execution,update_legacy_paras_ho,update_legacy_paras_ho.cshtml,/ApiCalls/get_legacy_report_dropdown_contents,POST,Y,03-09-25 5:07,1,,
647,286,197,Execution,update_legacy_paras_ho,update_legacy_paras_ho.cshtml,/ApiCalls/settle_legacy_para_HO,POST,Y,03-09-25 5:07,1,,
648,287,197,Execution,update_legacy_paras_ho,update_legacy_paras_ho.cshtml,/ApiCalls/update_legacy_para_with_responsibilities,POST,Y,03-09-25 5:07,1,,
649,288,197,Execution,update_legacy_paras_ho,update_legacy_paras_ho.cshtml,/ApiCalls/update_legacy_para_with_responsibilities_no_changes_AZ,POST,Y,03-09-25 5:07,1,,
650,289,120,Dashboard,dashboard,dashboard.cshtml,/ApiCalls/get_audit_performance_chart_for_dashboard,GET,Y,03-09-25 5:07,1,,
651,290,120,Dashboard,dashboard,dashboard.cshtml,/ApiCalls/get_audit_performance_chart_for_dashboard,POST,Y,03-09-25 5:07,1,,
652,291,199,Dashboard,violation_wise_paras,violation_wise_paras.cshtml,/ApiCalls/get_violation_wise_paras_for_dashboard,GET,Y,03-09-25 5:07,1,,
653,292,199,Dashboard,violation_wise_paras,violation_wise_paras.cshtml,/ApiCalls/get_violation_wise_paras_for_dashboard,POST,Y,03-09-25 5:07,1,,
654,293,200,Dashboard,no_entities_risk_based_planning,no_entities_risk_based_planning.cshtml,/ApiCalls/get_risk_base_plan_for_dashboard,GET,Y,03-09-25 5:07,1,,
655,294,200,Dashboard,no_entities_risk_based_planning,no_entities_risk_based_planning.cshtml,/ApiCalls/get_risk_base_plan_for_dashboard,POST,Y,03-09-25 5:07,1,,
656,295,201,Dashboard,no_entities_risk_based_planning_b,no_entities_risk_based_planning_b.cshtml,/ApiCalls/get_risk_base_plan_for_dashboard,GET,Y,03-09-25 5:07,1,,
657,296,201,Dashboard,no_entities_risk_based_planning_b,no_entities_risk_based_planning_b.cshtml,/ApiCalls/get_risk_base_plan_for_dashboard,POST,Y,03-09-25 5:07,1,,
658,297,202,Dashboard,audit_performance,audit_performance.cshtml,/ApiCalls/get_audit_performance_for_dashboard,GET,Y,03-09-25 5:07,1,,
659,298,202,Dashboard,audit_performance,audit_performance.cshtml,/ApiCalls/get_audit_performance_for_dashboard,POST,Y,03-09-25 5:07,1,,
660,299,203,Setup,manage_sub_checklist,manage_sub_checklist.cshtml,/ApiCalls/add_audit_sub_checklist,POST,Y,03-09-25 5:07,1,,
661,300,203,Setup,manage_sub_checklist,manage_sub_checklist.cshtml,/ApiCalls/get_audit_sub_checklist,GET,Y,03-09-25 5:07,1,,
662,301,203,Setup,manage_sub_checklist,manage_sub_checklist.cshtml,/ApiCalls/get_audit_sub_checklist,POST,Y,03-09-25 5:07,1,,
663,302,203,Setup,manage_sub_checklist,manage_sub_checklist.cshtml,/ApiCalls/get_checklist_details_for_sub_process,GET,Y,03-09-25 5:07,1,,
664,303,203,Setup,manage_sub_checklist,manage_sub_checklist.cshtml,/ApiCalls/get_checklist_details_for_sub_process,POST,Y,03-09-25 5:07,1,,
665,304,203,Setup,manage_sub_checklist,manage_sub_checklist.cshtml,/ApiCalls/update_audit_sub_checklist,POST,Y,03-09-25 5:07,1,,
666,305,204,Setup,manage_checklist_detail,manage_checklist_detail.cshtml,/ApiCalls/add_audit_checklist_detail,POST,Y,03-09-25 5:07,1,,
667,306,204,Setup,manage_checklist_detail,manage_checklist_detail.cshtml,/ApiCalls/get_audit_checklist_detail,GET,Y,03-09-25 5:07,1,,
668,307,286,PostCompliance,cau_post_compliance_to_branches,cau_post_compliance_to_branches.cshtml,/ApiCalls/get_parent_relationship_for_CAU,GET,Y,03-09-25 5:07,1,,
669,308,286,PostCompliance,cau_post_compliance_to_branches,cau_post_compliance_to_branches.cshtml,/ApiCalls/get_parent_relationship_for_CAU,POST,Y,03-09-25 5:07,1,,
670,309,286,PostCompliance,cau_post_compliance_to_branches,cau_post_compliance_to_branches.cshtml,/ApiCalls/submit_cau_para_to_branch,POST,Y,03-09-25 5:07,1,,
671,310,287,Planning,special_audit_criteria,special_audit_criteria.cshtml,/ApiCalls/add_special_audit_plan,POST,Y,03-09-25 5:07,1,,
672,311,287,Planning,special_audit_criteria,special_audit_criteria.cshtml,/ApiCalls/delete_special_audit_plan,POST,Y,03-09-25 5:07,1,,
673,312,287,Planning,special_audit_criteria,special_audit_criteria.cshtml,/ApiCalls/get_saved_special_audit_plans,GET,Y,03-09-25 5:07,1,,
674,313,287,Planning,special_audit_criteria,special_audit_criteria.cshtml,/ApiCalls/get_saved_special_audit_plans,POST,Y,03-09-25 5:07,1,,
675,314,287,Planning,special_audit_criteria,special_audit_criteria.cshtml,/ApiCalls/getpostplace,POST,Y,03-09-25 5:07,1,,
676,315,287,Planning,special_audit_criteria,special_audit_criteria.cshtml,/ApiCalls/submit_special_audit_plan,POST,Y,03-09-25 5:07,1,,
677,316,288,Planning,special_audit_criteria_approval,special_audit_criteria_approval.cshtml,/ApiCalls/approve_special_audit_plan,POST,Y,03-09-25 5:07,1,,
678,317,288,Planning,special_audit_criteria_approval,special_audit_criteria_approval.cshtml,/ApiCalls/get_saved_special_audit_plans,GET,Y,03-09-25 5:07,1,,
679,318,288,Planning,special_audit_criteria_approval,special_audit_criteria_approval.cshtml,/ApiCalls/get_saved_special_audit_plans,POST,Y,03-09-25 5:07,1,,
680,319,288,Planning,special_audit_criteria_approval,special_audit_criteria_approval.cshtml,/ApiCalls/referred_back_special_audit_plan,POST,Y,03-09-25 5:07,1,,
681,320,289,Execution,auth_del_dup_para,auth_del_dup_para.cshtml,/ApiCalls/authorize_delete_duplicate_para,POST,Y,03-09-25 5:07,1,,
682,321,289,Execution,auth_del_dup_para,auth_del_dup_para.cshtml,/ApiCalls/get_duplicate_paras_for_authorize,GET,Y,03-09-25 5:07,1,,
683,322,289,Execution,auth_del_dup_para,auth_del_dup_para.cshtml,/ApiCalls/get_duplicate_paras_for_authorize,POST,Y,03-09-25 5:07,1,,
684,323,289,Execution,auth_del_dup_para,auth_del_dup_para.cshtml,/ApiCalls/reject_delete_duplicate_para,POST,Y,03-09-25 5:07,1,,
685,324,280,Execution,manage_audit_paras,manage_audit_paras.cshtml,/ApiCalls/GetParaReferenceData,GET,Y,03-09-25 5:07,1,,
686,325,280,Execution,manage_audit_paras,manage_audit_paras.cshtml,/ApiCalls/GetReferenceDetail,GET,Y,03-09-25 5:07,1,,
687,326,280,Execution,manage_audit_paras,manage_audit_paras.cshtml,/ApiCalls/GetResponsiblePPNOforoldPara,GET,Y,03-09-25 5:07,1,,
688,327,280,Execution,manage_audit_paras,manage_audit_paras.cshtml,/ApiCalls/SaveParaReferences,POST,Y,03-09-25 5:07,1,,
689,328,280,Execution,manage_audit_paras,manage_audit_paras.cshtml,/ApiCalls/SearchReferences,POST,Y,03-09-25 5:07,1,,
690,329,280,Execution,manage_audit_paras,manage_audit_paras.cshtml,/ApiCalls/add_responsible_for_old_paras,POST,Y,03-09-25 5:07,1,,
691,330,280,Execution,manage_audit_paras,manage_audit_paras.cshtml,/ApiCalls/add_responsible_to_observation,POST,Y,03-09-25 5:07,1,,
692,331,280,Execution,manage_audit_paras,manage_audit_paras.cshtml,/ApiCalls/get_employee_name_from_pp,GET,Y,03-09-25 5:07,1,,
693,332,280,Execution,manage_audit_paras,manage_audit_paras.cshtml,/ApiCalls/get_employee_name_from_pp,POST,Y,03-09-25 5:07,1,,
694,333,280,Execution,manage_audit_paras,manage_audit_paras.cshtml,/ApiCalls/get_lc_details,GET,Y,03-09-25 5:07,1,,
695,334,280,Execution,manage_audit_paras,manage_audit_paras.cshtml,/ApiCalls/get_lc_details,POST,Y,03-09-25 5:07,1,,
696,335,280,Execution,manage_audit_paras,manage_audit_paras.cshtml,/ApiCalls/get_observations_details_for_manage_paras,GET,Y,03-09-25 5:07,1,,
697,336,280,Execution,manage_audit_paras,manage_audit_paras.cshtml,/ApiCalls/get_observations_details_for_manage_paras,POST,Y,03-09-25 5:07,1,,
698,337,280,Execution,manage_audit_paras,manage_audit_paras.cshtml,/ApiCalls/get_observations_for_manage_paras,GET,Y,03-09-25 5:07,1,,
699,338,280,Execution,manage_audit_paras,manage_audit_paras.cshtml,/ApiCalls/get_observations_for_manage_paras,POST,Y,03-09-25 5:07,1,,
700,339,280,Execution,manage_audit_paras,manage_audit_paras.cshtml,/ApiCalls/get_responsibility_for_authorize,GET,Y,03-09-25 5:07,1,,
701,340,280,Execution,manage_audit_paras,manage_audit_paras.cshtml,/ApiCalls/get_responsibility_for_authorize,POST,Y,03-09-25 5:07,1,,
702,341,280,Execution,manage_audit_paras,manage_audit_paras.cshtml,/ApiCalls/get_responsible_person_list,GET,Y,03-09-25 5:07,1,,
703,342,280,Execution,manage_audit_paras,manage_audit_paras.cshtml,/ApiCalls/get_responsible_person_list,POST,Y,03-09-25 5:07,1,,
704,343,280,Execution,manage_audit_paras,manage_audit_paras.cshtml,/ApiCalls/getparentrelForParaPositionReport,POST,Y,03-09-25 5:07,1,,
705,344,280,Execution,manage_audit_paras,manage_audit_paras.cshtml,/ApiCalls/getpostplaceForParaPositionReport,POST,Y,03-09-25 5:07,1,,
706,345,280,Execution,manage_audit_paras,manage_audit_paras.cshtml,/ApiCalls/request_delete_duplicate_para,POST,Y,03-09-25 5:07,1,,
707,346,280,Execution,manage_audit_paras,manage_audit_paras.cshtml,/ApiCalls/update_para_for_manage_audit_paras,POST,Y,03-09-25 5:07,1,,
708,347,291,Execution,manage_audit_paras_authorized,manage_audit_paras_authorized.cshtml,/ApiCalls/GetParaReferenceData,GET,Y,03-09-25 5:07,1,,
709,348,291,Execution,manage_audit_paras_authorized,manage_audit_paras_authorized.cshtml,/ApiCalls/GetReferenceDetail,GET,Y,03-09-25 5:07,1,,
710,349,291,Execution,manage_audit_paras_authorized,manage_audit_paras_authorized.cshtml,/ApiCalls/GetResponsiblePPNOforoldPara,GET,Y,03-09-25 5:07,1,,
711,350,291,Execution,manage_audit_paras_authorized,manage_audit_paras_authorized.cshtml,/ApiCalls/SaveParaReferences,POST,Y,03-09-25 5:07,1,,
712,351,291,Execution,manage_audit_paras_authorized,manage_audit_paras_authorized.cshtml,/ApiCalls/SearchReferences,POST,Y,03-09-25 5:07,1,,
713,352,291,Execution,manage_audit_paras_authorized,manage_audit_paras_authorized.cshtml,/ApiCalls/add_responsible_for_old_paras,POST,Y,03-09-25 5:07,1,,
714,353,291,Execution,manage_audit_paras_authorized,manage_audit_paras_authorized.cshtml,/ApiCalls/add_responsible_to_observation,POST,Y,03-09-25 5:07,1,,
715,354,291,Execution,manage_audit_paras_authorized,manage_audit_paras_authorized.cshtml,/ApiCalls/authorize_para_for_manage_audit_paras,POST,Y,03-09-25 5:07,1,,
716,355,291,Execution,manage_audit_paras_authorized,manage_audit_paras_authorized.cshtml,/ApiCalls/get_employee_name_from_pp,GET,Y,03-09-25 5:07,1,,
717,356,291,Execution,manage_audit_paras_authorized,manage_audit_paras_authorized.cshtml,/ApiCalls/get_employee_name_from_pp,POST,Y,03-09-25 5:07,1,,
718,357,291,Execution,manage_audit_paras_authorized,manage_audit_paras_authorized.cshtml,/ApiCalls/get_lc_details,GET,Y,03-09-25 5:07,1,,
719,358,291,Execution,manage_audit_paras_authorized,manage_audit_paras_authorized.cshtml,/ApiCalls/get_lc_details,POST,Y,03-09-25 5:07,1,,
720,359,291,Execution,manage_audit_paras_authorized,manage_audit_paras_authorized.cshtml,/ApiCalls/get_observations_for_manage_paras_auth,GET,Y,03-09-25 5:07,1,,
721,360,291,Execution,manage_audit_paras_authorized,manage_audit_paras_authorized.cshtml,/ApiCalls/get_observations_for_manage_paras_auth,POST,Y,03-09-25 5:07,1,,
722,361,291,Execution,manage_audit_paras_authorized,manage_audit_paras_authorized.cshtml,/ApiCalls/get_proposed_changes_in_manage_paras_auth,GET,Y,03-09-25 5:07,1,,
723,362,291,Execution,manage_audit_paras_authorized,manage_audit_paras_authorized.cshtml,/ApiCalls/get_proposed_changes_in_manage_paras_auth,POST,Y,03-09-25 5:07,1,,
724,363,291,Execution,manage_audit_paras_authorized,manage_audit_paras_authorized.cshtml,/ApiCalls/get_responsibility_for_authorize,GET,Y,03-09-25 5:07,1,,
725,364,291,Execution,manage_audit_paras_authorized,manage_audit_paras_authorized.cshtml,/ApiCalls/get_responsibility_for_authorize,POST,Y,03-09-25 5:07,1,,
726,365,291,Execution,manage_audit_paras_authorized,manage_audit_paras_authorized.cshtml,/ApiCalls/get_responsible_person_list,GET,Y,03-09-25 5:07,1,,
727,366,291,Execution,manage_audit_paras_authorized,manage_audit_paras_authorized.cshtml,/ApiCalls/get_responsible_person_list,POST,Y,03-09-25 5:07,1,,
728,367,291,Execution,manage_audit_paras_authorized,manage_audit_paras_authorized.cshtml,/ApiCalls/referredback_para_for_manage_audit_paras,POST,Y,03-09-25 5:07,1,,
729,368,291,Execution,manage_audit_paras_authorized,manage_audit_paras_authorized.cshtml,/ApiCalls/request_delete_duplicate_para,POST,Y,03-09-25 5:07,1,,
730,369,353,PostCompliance,change_para_status_authorize,change_para_status_authorize.cshtml,/ApiCalls/authorize_para_change_status,POST,Y,03-09-25 5:07,1,,
731,370,353,PostCompliance,change_para_status_authorize,change_para_status_authorize.cshtml,/ApiCalls/get_paras_for_status_change_authorize,GET,Y,03-09-25 5:07,1,,
732,371,353,PostCompliance,change_para_status_authorize,change_para_status_authorize.cshtml,/ApiCalls/get_paras_for_status_change_authorize,POST,Y,03-09-25 5:07,1,,
733,372,356,FAD,fad_desk_rpt,fad_desk_rpt.cshtml,/ApiCalls/get_fad_desk_officer_rpt_by_date_range,GET,Y,03-09-25 5:07,1,,
734,953,114,Reports,cad_isad_achievement,cad_isad_achievement.cshtml,/ApiCalls/GetDivDepartments,POST,Y,03-09-25 5:07,1,,
735,954,114,Reports,cad_isad_achievement,cad_isad_achievement.cshtml,/ApiCalls/GetZoneBranches,POST,Y,03-09-25 5:07,1,,
736,955,115,Reports,join_comp_report,join_comp_report.cshtml,/ApiCalls/get_joining_completion,GET,Y,03-09-25 5:07,1,,
737,956,115,Reports,join_comp_report,join_comp_report.cshtml,/ApiCalls/get_joining_completion,POST,Y,03-09-25 5:07,1,,
738,957,116,Reports,exec_stats,exec_stats.cshtml,/ApiCalls/AddAuditPlan,POST,Y,03-09-25 5:07,1,,
739,958,116,Reports,exec_stats,exec_stats.cshtml,/ApiCalls/GetAuditTeams,POST,Y,03-09-25 5:07,1,,
740,959,116,Reports,exec_stats,exec_stats.cshtml,/ApiCalls/GetDivDepartments,POST,Y,03-09-25 5:07,1,,
741,960,116,Reports,exec_stats,exec_stats.cshtml,/ApiCalls/GetZoneBranches,POST,Y,03-09-25 5:07,1,,
742,961,117,Reports,audit_typewise_report,audit_typewise_report.cshtml,/ApiCalls/AddAuditPlan,POST,Y,03-09-25 5:07,1,,
743,962,117,Reports,audit_typewise_report,audit_typewise_report.cshtml,/ApiCalls/GetAuditTeams,POST,Y,03-09-25 5:07,1,,
744,963,117,Reports,audit_typewise_report,audit_typewise_report.cshtml,/ApiCalls/GetDivDepartments,POST,Y,03-09-25 5:07,1,,
745,964,117,Reports,audit_typewise_report,audit_typewise_report.cshtml,/ApiCalls/GetZoneBranches,POST,Y,03-09-25 5:07,1,,
746,965,120,HM,dashboard,dashboard.cshtml,/ApiCalls/get_pie_chart_data,GET,Y,03-09-25 5:07,1,,
747,966,120,HM,dashboard,dashboard.cshtml,/ApiCalls/get_pie_chart_data,POST,Y,03-09-25 5:07,1,,
748,967,121,Execution,manage_observations_branches,manage_observations_branches.cshtml,/ApiCalls/GetResponsiblePPNOforoldPara,GET,Y,03-09-25 5:07,1,,
749,968,121,Execution,manage_observations_branches,manage_observations_branches.cshtml,/ApiCalls/add_responsible_for_old_paras,POST,Y,03-09-25 5:07,1,,
750,969,121,Execution,manage_observations_branches,manage_observations_branches.cshtml,/ApiCalls/add_responsible_to_observation,POST,Y,03-09-25 5:07,1,,
751,970,121,Execution,manage_observations_branches,manage_observations_branches.cshtml,/ApiCalls/checklist_details,POST,Y,03-09-25 5:07,1,,
752,971,121,Execution,manage_observations_branches,manage_observations_branches.cshtml,/ApiCalls/drop_observation,POST,Y,03-09-25 5:07,1,,
753,972,121,Execution,manage_observations_branches,manage_observations_branches.cshtml,/ApiCalls/get_auditee_evidence_data,GET,Y,03-09-25 5:07,1,,
754,973,121,Execution,manage_observations_branches,manage_observations_branches.cshtml,/ApiCalls/get_auditee_evidence_data,POST,Y,03-09-25 5:07,1,,
755,974,121,Execution,manage_observations_branches,manage_observations_branches.cshtml,/ApiCalls/get_employee_name_from_pp,GET,Y,03-09-25 5:07,1,,
756,975,121,Execution,manage_observations_branches,manage_observations_branches.cshtml,/ApiCalls/get_employee_name_from_pp,POST,Y,03-09-25 5:07,1,,
757,976,121,Execution,manage_observations_branches,manage_observations_branches.cshtml,/ApiCalls/get_lc_details,GET,Y,03-09-25 5:07,1,,
758,977,121,Execution,manage_observations_branches,manage_observations_branches.cshtml,/ApiCalls/get_lc_details,POST,Y,03-09-25 5:07,1,,
759,978,121,Execution,manage_observations_branches,manage_observations_branches.cshtml,/ApiCalls/get_observation_branches,GET,Y,03-09-25 5:07,1,,
760,979,121,Execution,manage_observations_branches,manage_observations_branches.cshtml,/ApiCalls/get_observation_branches,POST,Y,03-09-25 5:07,1,,
761,980,121,Execution,manage_observations_branches,manage_observations_branches.cshtml,/ApiCalls/get_observation_text_branches,GET,Y,03-09-25 5:07,1,,
762,981,121,Execution,manage_observations_branches,manage_observations_branches.cshtml,/ApiCalls/get_observation_text_branches,POST,Y,03-09-25 5:07,1,,
763,982,121,Execution,manage_observations_branches,manage_observations_branches.cshtml,/ApiCalls/get_responsible_person_list,GET,Y,03-09-25 5:07,1,,
764,983,121,Execution,manage_observations_branches,manage_observations_branches.cshtml,/ApiCalls/get_responsible_person_list,POST,Y,03-09-25 5:07,1,,
765,984,121,Execution,manage_observations_branches,manage_observations_branches.cshtml,/ApiCalls/sub_checklist,POST,Y,03-09-25 5:07,1,,
766,985,121,Execution,manage_observations_branches,manage_observations_branches.cshtml,/ApiCalls/submit_dsa_to_auditee,POST,Y,03-09-25 5:07,1,,
767,986,121,Execution,manage_observations_branches,manage_observations_branches.cshtml,/ApiCalls/submit_observation_to_auditee,POST,Y,03-09-25 5:07,1,,
768,987,121,Execution,manage_observations_branches,manage_observations_branches.cshtml,/ApiCalls/update_observation_status,POST,Y,03-09-25 5:07,1,,
769,988,121,Execution,manage_observations_branches,manage_observations_branches.cshtml,/ApiCalls/update_observation_text,POST,Y,03-09-25 5:07,1,,
770,989,124,Execution,loan_case_document,loan_case_document.cshtml,/ApiCalls/Getloancasedocuments,POST,Y,03-09-25 5:07,1,,
771,990,125,Dashboard,functional_resp_wise_paras,functional_resp_wise_paras.cshtml,/ApiCalls/get_functional_observation_text,GET,Y,03-09-25 5:07,1,,
772,991,125,Dashboard,functional_resp_wise_paras,functional_resp_wise_paras.cshtml,/ApiCalls/get_functional_observation_text,POST,Y,03-09-25 5:07,1,,
773,992,125,Dashboard,functional_resp_wise_paras,functional_resp_wise_paras.cshtml,/ApiCalls/get_functional_responsibility_wise_paras_for_dashboard,GET,Y,03-09-25 5:07,1,,
774,993,125,Dashboard,functional_resp_wise_paras,functional_resp_wise_paras.cshtml,/ApiCalls/get_functional_responsibility_wise_paras_for_dashboard,POST,Y,03-09-25 5:07,1,,
775,994,142,Execution,cau_observation,cau_observation.cshtml,/ApiCalls/GetZoneBranches,POST,Y,03-09-25 5:07,1,,
776,995,142,Execution,cau_observation,cau_observation.cshtml,/ApiCalls/checklist_details,POST,Y,03-09-25 5:07,1,,
777,996,142,Execution,cau_observation,cau_observation.cshtml,/ApiCalls/get_employee_name_from_pp,GET,Y,03-09-25 5:07,1,,
778,997,142,Execution,cau_observation,cau_observation.cshtml,/ApiCalls/get_employee_name_from_pp,POST,Y,03-09-25 5:07,1,,
779,998,142,Execution,cau_observation,cau_observation.cshtml,/ApiCalls/get_lc_details,GET,Y,03-09-25 5:07,1,,
780,999,142,Execution,cau_observation,cau_observation.cshtml,/ApiCalls/get_lc_details,POST,Y,03-09-25 5:07,1,,
781,1000,142,Execution,cau_observation,cau_observation.cshtml,/ApiCalls/save_observations_cau,POST,Y,03-09-25 5:07,1,,
782,1001,142,Execution,cau_observation,cau_observation.cshtml,/ApiCalls/sub_checklist,POST,Y,03-09-25 5:07,1,,
783,1002,144,Reports,glhead_transaction_details,glhead_transaction_details.cshtml,/ApiCalls/Glhead_Transaction_Details,GET,Y,03-09-25 5:07,1,,
784,1003,145,Reports,audit_plan_engagement,audit_plan_engagement.cshtml,/ApiCalls/get_audit_plan_engagement_detailed_report,GET,Y,03-09-25 5:07,1,,
785,1004,145,Reports,audit_plan_engagement,audit_plan_engagement.cshtml,/ApiCalls/get_audit_plan_engagement_detailed_report,POST,Y,03-09-25 5:07,1,,
786,1005,148,Execution,deposit_account,deposit_account.cshtml,/ApiCalls/get,GET,Y,03-09-25 5:07,1,,
787,1006,149,Execution,deposit_account_details,deposit_account_details.cshtml,/ApiCalls/GetDepositAccountcatdetails,POST,Y,03-09-25 5:07,1,,
788,1007,150,Execution,concluding_closing_audit,concluding_closing_audit.cshtml,/ApiCalls/GetTeamDetails,POST,Y,03-09-25 5:07,1,,
789,1008,150,Execution,concluding_closing_audit,concluding_closing_audit.cshtml,/ApiCalls/conclude_draft_audit,POST,Y,03-09-25 5:07,1,,
790,1009,150,Execution,concluding_closing_audit,concluding_closing_audit.cshtml,/ApiCalls/get_address,GET,Y,03-09-25 5:07,1,,
791,1010,150,Execution,concluding_closing_audit,concluding_closing_audit.cshtml,/ApiCalls/get_address,POST,Y,03-09-25 5:07,1,,
792,1011,150,Execution,concluding_closing_audit,concluding_closing_audit.cshtml,/ApiCalls/get_audit_report_content,GET,Y,03-09-25 5:07,1,,
793,1012,150,Execution,concluding_closing_audit,concluding_closing_audit.cshtml,/ApiCalls/get_audit_report_content,POST,Y,03-09-25 5:07,1,,
794,1013,150,Execution,concluding_closing_audit,concluding_closing_audit.cshtml,/ApiCalls/get_check_report_exist_for_engId,GET,Y,03-09-25 5:07,1,,
795,1014,150,Execution,concluding_closing_audit,concluding_closing_audit.cshtml,/ApiCalls/get_check_report_exist_for_engId,POST,Y,03-09-25 5:07,1,,
796,1015,150,Execution,concluding_closing_audit,concluding_closing_audit.cshtml,/ApiCalls/upload_audit_report,POST,Y,03-09-25 5:07,1,,
797,1016,153,Reports,fad_para_res,fad_para_res.cshtml,/ApiCalls/divisional_head_remarks_on_functional_legacy_para,POST,Y,03-09-25 5:07,1,,
798,1017,153,Reports,fad_para_res,fad_para_res.cshtml,/ApiCalls/get_fad_paras,GET,Y,03-09-25 5:07,1,,
799,1018,153,Reports,fad_para_res,fad_para_res.cshtml,/ApiCalls/get_fad_paras,POST,Y,03-09-25 5:07,1,,
800,1019,154,Reports,current_audit_progress,current_audit_progress.cshtml,/ApiCalls/get_current_audit_progress,GET,Y,03-09-25 5:07,1,,
801,1020,154,Reports,current_audit_progress,current_audit_progress.cshtml,/ApiCalls/get_current_audit_progress,POST,Y,03-09-25 5:07,1,,
802,1021,155,Reports,current_sessions,current_sessions.cshtml,/ApiCalls/get_active_users,GET,Y,03-09-25 5:07,1,,
803,1022,155,Reports,current_sessions,current_sessions.cshtml,/ApiCalls/get_active_users,POST,Y,03-09-25 5:07,1,,
804,1023,156,Execution,manage_draft_report_paras_branch,manage_draft_report_paras_branch.cshtml,/ApiCalls/GetResponsiblePPNOforoldPara,GET,Y,03-09-25 5:07,1,,
805,1024,156,Execution,manage_draft_report_paras_branch,manage_draft_report_paras_branch.cshtml,/ApiCalls/add_responsible_for_old_paras,POST,Y,03-09-25 5:07,1,,
806,1025,156,Execution,manage_draft_report_paras_branch,manage_draft_report_paras_branch.cshtml,/ApiCalls/add_responsible_to_observation,POST,Y,03-09-25 5:07,1,,
807,1026,156,Execution,manage_draft_report_paras_branch,manage_draft_report_paras_branch.cshtml,/ApiCalls/get_auditee_evidence_data,GET,Y,03-09-25 5:07,1,,
808,1027,156,Execution,manage_draft_report_paras_branch,manage_draft_report_paras_branch.cshtml,/ApiCalls/get_auditee_evidence_data,POST,Y,03-09-25 5:07,1,,
809,1028,156,Execution,manage_draft_report_paras_branch,manage_draft_report_paras_branch.cshtml,/ApiCalls/get_employee_name_from_pp,GET,Y,03-09-25 5:07,1,,
810,1029,156,Execution,manage_draft_report_paras_branch,manage_draft_report_paras_branch.cshtml,/ApiCalls/get_employee_name_from_pp,POST,Y,03-09-25 5:07,1,,
811,1030,156,Execution,manage_draft_report_paras_branch,manage_draft_report_paras_branch.cshtml,/ApiCalls/get_lc_details,GET,Y,03-09-25 5:07,1,,
812,1031,156,Execution,manage_draft_report_paras_branch,manage_draft_report_paras_branch.cshtml,/ApiCalls/get_lc_details,POST,Y,03-09-25 5:07,1,,
813,1032,156,Execution,manage_draft_report_paras_branch,manage_draft_report_paras_branch.cshtml,/ApiCalls/get_observations_draft_auditee_reply,GET,Y,03-09-25 5:07,1,,
814,1033,156,Execution,manage_draft_report_paras_branch,manage_draft_report_paras_branch.cshtml,/ApiCalls/get_observations_draft_auditee_reply,POST,Y,03-09-25 5:07,1,,
815,1034,156,Execution,manage_draft_report_paras_branch,manage_draft_report_paras_branch.cshtml,/ApiCalls/get_observations_draft_branch,GET,Y,03-09-25 5:07,1,,
816,1035,156,Execution,manage_draft_report_paras_branch,manage_draft_report_paras_branch.cshtml,/ApiCalls/get_observations_draft_branch,POST,Y,03-09-25 5:07,1,,
817,1036,156,Execution,manage_draft_report_paras_branch,manage_draft_report_paras_branch.cshtml,/ApiCalls/get_observations_draft_text,GET,Y,03-09-25 5:07,1,,
818,1037,156,Execution,manage_draft_report_paras_branch,manage_draft_report_paras_branch.cshtml,/ApiCalls/get_observations_draft_text,POST,Y,03-09-25 5:07,1,,
819,1038,156,Execution,manage_draft_report_paras_branch,manage_draft_report_paras_branch.cshtml,/ApiCalls/get_responded_obs_evidences,GET,Y,03-09-25 5:07,1,,
820,1039,156,Execution,manage_draft_report_paras_branch,manage_draft_report_paras_branch.cshtml,/ApiCalls/get_responded_obs_evidences,POST,Y,03-09-25 5:07,1,,
821,1040,156,Execution,manage_draft_report_paras_branch,manage_draft_report_paras_branch.cshtml,/ApiCalls/get_responsible_person_list,GET,Y,03-09-25 5:07,1,,
822,1041,156,Execution,manage_draft_report_paras_branch,manage_draft_report_paras_branch.cshtml,/ApiCalls/get_responsible_person_list,POST,Y,03-09-25 5:07,1,,
823,1042,156,Execution,manage_draft_report_paras_branch,manage_draft_report_paras_branch.cshtml,/ApiCalls/update_observation_status,POST,Y,03-09-25 5:07,1,,
824,1043,157,Execution,draft_audit_report_branch,draft_audit_report_branch.cshtml,/ApiCalls/GetResponsiblePPNOforoldPara,GET,Y,03-09-25 5:07,1,,
825,1044,157,Execution,draft_audit_report_branch,draft_audit_report_branch.cshtml,/ApiCalls/add_responsible_for_old_paras,POST,Y,03-09-25 5:07,1,,
826,1045,157,Execution,draft_audit_report_branch,draft_audit_report_branch.cshtml,/ApiCalls/add_responsible_to_observation,POST,Y,03-09-25 5:07,1,,
827,1046,157,Execution,draft_audit_report_branch,draft_audit_report_branch.cshtml,/ApiCalls/draft_report_summary,POST,Y,03-09-25 5:07,1,,
828,1047,157,Execution,draft_audit_report_branch,draft_audit_report_branch.cshtml,/ApiCalls/get_audit_checklist_detail,GET,Y,03-09-25 5:07,1,,
829,1048,157,Execution,draft_audit_report_branch,draft_audit_report_branch.cshtml,/ApiCalls/get_audit_checklist_detail,POST,Y,03-09-25 5:07,1,,
830,1049,157,Execution,draft_audit_report_branch,draft_audit_report_branch.cshtml,/ApiCalls/get_audit_sub_checklist,GET,Y,03-09-25 5:07,1,,
831,1050,157,Execution,draft_audit_report_branch,draft_audit_report_branch.cshtml,/ApiCalls/get_audit_sub_checklist,POST,Y,03-09-25 5:07,1,,
832,1051,157,Execution,draft_audit_report_branch,draft_audit_report_branch.cshtml,/ApiCalls/get_auditee_evidence_data,GET,Y,03-09-25 5:07,1,,
833,1052,157,Execution,draft_audit_report_branch,draft_audit_report_branch.cshtml,/ApiCalls/get_auditee_evidence_data,POST,Y,03-09-25 5:07,1,,
834,1053,157,Execution,draft_audit_report_branch,draft_audit_report_branch.cshtml,/ApiCalls/get_employee_name_from_pp,GET,Y,03-09-25 5:07,1,,
835,1054,157,Execution,draft_audit_report_branch,draft_audit_report_branch.cshtml,/ApiCalls/get_employee_name_from_pp,POST,Y,03-09-25 5:07,1,,
836,1055,157,Execution,draft_audit_report_branch,draft_audit_report_branch.cshtml,/ApiCalls/get_finalized_observations_draft_branch,GET,Y,03-09-25 5:07,1,,
837,1056,157,Execution,draft_audit_report_branch,draft_audit_report_branch.cshtml,/ApiCalls/get_finalized_observations_draft_branch,POST,Y,03-09-25 5:07,1,,
838,1057,157,Execution,draft_audit_report_branch,draft_audit_report_branch.cshtml,/ApiCalls/get_lc_details,GET,Y,03-09-25 5:07,1,,
839,1058,157,Execution,draft_audit_report_branch,draft_audit_report_branch.cshtml,/ApiCalls/get_lc_details,POST,Y,03-09-25 5:07,1,,
840,1059,157,Execution,draft_audit_report_branch,draft_audit_report_branch.cshtml,/ApiCalls/get_obs_details_by_id,GET,Y,03-09-25 5:07,1,,
841,1060,157,Execution,draft_audit_report_branch,draft_audit_report_branch.cshtml,/ApiCalls/get_obs_details_by_id,POST,Y,03-09-25 5:07,1,,
842,1061,157,Execution,draft_audit_report_branch,draft_audit_report_branch.cshtml,/ApiCalls/get_observation_text_branches,GET,Y,03-09-25 5:07,1,,
843,1062,157,Execution,draft_audit_report_branch,draft_audit_report_branch.cshtml,/ApiCalls/get_observation_text_branches,POST,Y,03-09-25 5:07,1,,
844,1063,157,Execution,draft_audit_report_branch,draft_audit_report_branch.cshtml,/ApiCalls/get_responded_obs_evidences,GET,Y,03-09-25 5:07,1,,
845,1064,157,Execution,draft_audit_report_branch,draft_audit_report_branch.cshtml,/ApiCalls/get_responded_obs_evidences,POST,Y,03-09-25 5:07,1,,
846,1065,157,Execution,draft_audit_report_branch,draft_audit_report_branch.cshtml,/ApiCalls/get_responsible_person_list,GET,Y,03-09-25 5:07,1,,
847,1066,157,Execution,draft_audit_report_branch,draft_audit_report_branch.cshtml,/ApiCalls/get_responsible_person_list,POST,Y,03-09-25 5:07,1,,
848,1067,157,Execution,draft_audit_report_branch,draft_audit_report_branch.cshtml,/ApiCalls/submit_dsa_to_auditee,POST,Y,03-09-25 5:07,1,,
849,1068,157,Execution,draft_audit_report_branch,draft_audit_report_branch.cshtml,/ApiCalls/submit_pre_concluding,POST,Y,03-09-25 5:07,1,,
850,1069,157,Execution,draft_audit_report_branch,draft_audit_report_branch.cshtml,/ApiCalls/update_audit_para_for_finalization,POST,Y,03-09-25 5:07,1,,
851,1070,157,Execution,draft_audit_report_branch,draft_audit_report_branch.cshtml,/ApiCalls/update_observation_status,POST,Y,03-09-25 5:07,1,,
852,1071,161,Execution,manage_legacy_paras,manage_legacy_paras.cshtml,/ApiCalls/add_legacy_para_reply,POST,Y,03-09-25 5:07,1,,
853,1072,161,Execution,manage_legacy_paras,manage_legacy_paras.cshtml,/ApiCalls/get_manage_legacy_para,GET,Y,03-09-25 5:07,1,,
854,1073,161,Execution,manage_legacy_paras,manage_legacy_paras.cshtml,/ApiCalls/get_manage_legacy_para,POST,Y,03-09-25 5:07,1,,
855,1074,161,Execution,manage_legacy_paras,manage_legacy_paras.cshtml,/ApiCalls/set_manage_legacy_para_status,POST,Y,03-09-25 5:07,1,,
856,1075,162,Execution,auditee_observations_report,auditee_observations_report.cshtml,/ApiCalls/GetTeamDetails,POST,Y,03-09-25 5:07,1,,
857,1076,162,Execution,auditee_observations_report,auditee_observations_report.cshtml,/ApiCalls/close_draft_audit,POST,Y,03-09-25 5:07,1,,
858,1077,162,Execution,auditee_observations_report,auditee_observations_report.cshtml,/ApiCalls/get_report_paras,GET,Y,03-09-25 5:07,1,,
859,1078,162,Execution,auditee_observations_report,auditee_observations_report.cshtml,/ApiCalls/get_report_paras,POST,Y,03-09-25 5:07,1,,
860,1079,163,Execution,auditee_observations_report_cau,auditee_observations_report_cau.cshtml,/ApiCalls/close_draft_audit,POST,Y,03-09-25 5:07,1,,
861,1080,163,Execution,auditee_observations_report_cau,auditee_observations_report_cau.cshtml,/ApiCalls/closing_draft_report_status,POST,Y,03-09-25 5:07,1,,
862,1081,163,Execution,auditee_observations_report_cau,auditee_observations_report_cau.cshtml,/ApiCalls/get_address,GET,Y,03-09-25 5:07,1,,
863,1082,163,Execution,auditee_observations_report_cau,auditee_observations_report_cau.cshtml,/ApiCalls/get_address,POST,Y,03-09-25 5:07,1,,
864,1083,163,Execution,auditee_observations_report_cau,auditee_observations_report_cau.cshtml,/ApiCalls/get_report_paras,GET,Y,03-09-25 5:07,1,,
865,1084,163,Execution,auditee_observations_report_cau,auditee_observations_report_cau.cshtml,/ApiCalls/get_report_paras,POST,Y,03-09-25 5:07,1,,
866,1085,163,Execution,auditee_observations_report_cau,auditee_observations_report_cau.cshtml,/ApiCalls/get_team_details,GET,Y,03-09-25 5:07,1,,
867,1086,163,Execution,auditee_observations_report_cau,auditee_observations_report_cau.cshtml,/ApiCalls/get_team_details,POST,Y,03-09-25 5:07,1,,
868,1087,164,Reports,cnic_default_loan_report,cnic_default_loan_report.cshtml,/ApiCalls/get_default_cnic_loan_detail_report,GET,Y,03-09-25 5:07,1,,
869,1088,164,Reports,cnic_default_loan_report,cnic_default_loan_report.cshtml,/ApiCalls/get_default_cnic_loan_detail_report,POST,Y,03-09-25 5:07,1,,
870,1089,165,HM,old_paras_monitoring,old_paras_monitoring.cshtml,/ApiCalls/get_all_para_text,GET,Y,03-09-25 5:07,1,,
871,1090,165,HM,old_paras_monitoring,old_paras_monitoring.cshtml,/ApiCalls/get_all_para_text,POST,Y,03-09-25 5:07,1,,
872,1091,165,HM,old_paras_monitoring,old_paras_monitoring.cshtml,/ApiCalls/get_old_paras_for_monitoring,GET,Y,03-09-25 5:07,1,,
873,1092,165,HM,old_paras_monitoring,old_paras_monitoring.cshtml,/ApiCalls/get_old_paras_for_monitoring,POST,Y,03-09-25 5:07,1,,
874,1093,165,HM,old_paras_monitoring,old_paras_monitoring.cshtml,/ApiCalls/get_zone_Branches,GET,Y,03-09-25 5:07,1,,
875,1094,165,HM,old_paras_monitoring,old_paras_monitoring.cshtml,/ApiCalls/get_zone_Branches,POST,Y,03-09-25 5:07,1,,
876,1095,166,HM,old_paras_monitoring_ppno,old_paras_monitoring_ppno.cshtml,/ApiCalls/get_old_paras_for_monitoring_ppno,GET,Y,03-09-25 5:07,1,,
877,1096,166,HM,old_paras_monitoring_ppno,old_paras_monitoring_ppno.cshtml,/ApiCalls/get_old_paras_for_monitoring_ppno,POST,Y,03-09-25 5:07,1,,
878,1097,166,HM,old_paras_monitoring_ppno,old_paras_monitoring_ppno.cshtml,/ApiCalls/get_user_name,GET,Y,03-09-25 5:07,1,,
879,1098,166,HM,old_paras_monitoring_ppno,old_paras_monitoring_ppno.cshtml,/ApiCalls/get_user_name,POST,Y,03-09-25 5:07,1,,
880,1099,166,HM,old_paras_monitoring_ppno,old_paras_monitoring_ppno.cshtml,/ApiCalls/getallparatext,GET,Y,03-09-25 5:07,1,,
881,1100,167,Execution,settled_para,settled_para.cshtml,/ApiCalls/Add_Old_Para_Change_status,POST,Y,03-09-25 5:07,1,,
882,1101,167,Execution,settled_para,settled_para.cshtml,/ApiCalls/get_legacy_settled_paras,GET,Y,03-09-25 5:07,1,,
883,1102,167,Execution,settled_para,settled_para.cshtml,/ApiCalls/get_legacy_settled_paras,POST,Y,03-09-25 5:07,1,,
884,1103,168,Reports,audit_period_or_entity_wise_report,audit_period_or_entity_wise_report.cshtml,/ApiCalls/get_assigned_observation,GET,Y,03-09-25 5:07,1,,
885,1104,168,Reports,audit_period_or_entity_wise_report,audit_period_or_entity_wise_report.cshtml,/ApiCalls/get_assigned_observation,POST,Y,03-09-25 5:07,1,,
886,1105,168,Reports,audit_period_or_entity_wise_report,audit_period_or_entity_wise_report.cshtml,/ApiCalls/get_observation_text,GET,Y,03-09-25 5:07,1,,
887,1106,168,Reports,audit_period_or_entity_wise_report,audit_period_or_entity_wise_report.cshtml,/ApiCalls/get_observation_text,POST,Y,03-09-25 5:07,1,,
888,1107,168,Reports,audit_period_or_entity_wise_report,audit_period_or_entity_wise_report.cshtml,/ApiCalls/reply_observation,POST,Y,03-09-25 5:07,1,,
889,1108,169,Execution,authorize_change_settle_para_status,authorize_change_settle_para_status.cshtml,/ApiCalls/Add_Authorization_Old_Para_Change_status,POST,Y,03-09-25 5:07,1,,
890,1109,169,Execution,authorize_change_settle_para_status,authorize_change_settle_para_status.cshtml,/ApiCalls/GetIASPARATEXT,GET,Y,03-09-25 5:07,1,,
891,1110,169,Execution,authorize_change_settle_para_status,authorize_change_settle_para_status.cshtml,/ApiCalls/get_legacy_settled_paras_autorize,GET,Y,03-09-25 5:07,1,,
892,1111,169,Execution,authorize_change_settle_para_status,authorize_change_settle_para_status.cshtml,/ApiCalls/get_legacy_settled_paras_autorize,POST,Y,03-09-25 5:07,1,,
893,1112,170,Reports,zone_branch_wise_para_position_report,zone_branch_wise_para_position_report.cshtml,/ApiCalls/get_para_text,GET,Y,03-09-25 5:07,1,,
894,1113,170,Reports,zone_branch_wise_para_position_report,zone_branch_wise_para_position_report.cshtml,/ApiCalls/get_para_text,POST,Y,03-09-25 5:07,1,,
895,1114,170,Reports,zone_branch_wise_para_position_report,zone_branch_wise_para_position_report.cshtml,/ApiCalls/get_zone_Branches,GET,Y,03-09-25 5:07,1,,
896,1115,170,Reports,zone_branch_wise_para_position_report,zone_branch_wise_para_position_report.cshtml,/ApiCalls/get_zone_Branches,POST,Y,03-09-25 5:07,1,,
897,734,272,Setup,remove_duplicate_process,remove_duplicate_process.cshtml,/ApiCalls/get_checklist_details_for_sub_process,POST,Y,03-09-25 5:07,1,,
898,735,272,Setup,remove_duplicate_process,remove_duplicate_process.cshtml,/ApiCalls/merge_duplicate_process,POST,Y,03-09-25 5:07,1,,
899,736,272,Setup,remove_duplicate_process,remove_duplicate_process.cshtml,/ApiCalls/update_audit_checklist,POST,Y,03-09-25 5:07,1,,
900,737,272,Setup,remove_duplicate_process,remove_duplicate_process.cshtml,/ApiCalls/update_audit_checklist_detail,POST,Y,03-09-25 5:07,1,,
901,738,272,Setup,remove_duplicate_process,remove_duplicate_process.cshtml,/ApiCalls/update_audit_sub_checklist,POST,Y,03-09-25 5:07,1,,
902,739,273,Setup,authorize_remove_duplicate_process,authorize_remove_duplicate_process.cshtml,/ApiCalls/authorize_merge_duplicate_process,POST,Y,03-09-25 5:07,1,,
903,740,273,Setup,authorize_remove_duplicate_process,authorize_remove_duplicate_process.cshtml,/ApiCalls/get_duplicate_Processes,GET,Y,03-09-25 5:07,1,,
904,741,273,Setup,authorize_remove_duplicate_process,authorize_remove_duplicate_process.cshtml,/ApiCalls/get_duplicate_Processes,POST,Y,03-09-25 5:07,1,,
905,742,274,Setup,remove_duplicate_sub_process,remove_duplicate_sub_process.cshtml,/ApiCalls/get_audit_sub_checklist,GET,Y,03-09-25 5:07,1,,
906,743,274,Setup,remove_duplicate_sub_process,remove_duplicate_sub_process.cshtml,/ApiCalls/get_audit_sub_checklist,POST,Y,03-09-25 5:07,1,,
907,744,274,Setup,remove_duplicate_sub_process,remove_duplicate_sub_process.cshtml,/ApiCalls/merge_duplicate_sub_process,POST,Y,03-09-25 5:07,1,,
908,745,275,Setup,authorize_remove_duplicate_sub_process,authorize_remove_duplicate_sub_process.cshtml,/ApiCalls/authorize_merge_duplicate_sub_process,POST,Y,03-09-25 5:07,1,,
909,746,275,Setup,authorize_remove_duplicate_sub_process,authorize_remove_duplicate_sub_process.cshtml,/ApiCalls/get_duplicate_Sub_Processes,GET,Y,03-09-25 5:07,1,,
910,747,275,Setup,authorize_remove_duplicate_sub_process,authorize_remove_duplicate_sub_process.cshtml,/ApiCalls/get_duplicate_Sub_Processes,POST,Y,03-09-25 5:07,1,,
911,748,276,Reports,compliance_progress_report,compliance_progress_report.cshtml,/ApiCalls/get_compliance_progress_report,GET,Y,03-09-25 5:07,1,,
912,749,276,Reports,compliance_progress_report,compliance_progress_report.cshtml,/ApiCalls/get_compliance_progress_report,POST,Y,03-09-25 5:07,1,,
913,750,276,Reports,compliance_progress_report,compliance_progress_report.cshtml,/ApiCalls/get_compliance_progress_report_details,GET,Y,03-09-25 5:07,1,,
914,751,276,Reports,compliance_progress_report,compliance_progress_report.cshtml,/ApiCalls/get_compliance_progress_report_details,POST,Y,03-09-25 5:07,1,,
915,752,277,Setup,compliance_hierarchy,compliance_hierarchy.cshtml,/ApiCalls/add_compliance_hierarchy,POST,Y,03-09-25 5:07,1,,
916,753,277,Setup,compliance_hierarchy,compliance_hierarchy.cshtml,/ApiCalls/get_compliance_hierarchy,GET,Y,03-09-25 5:07,1,,
917,754,277,Setup,compliance_hierarchy,compliance_hierarchy.cshtml,/ApiCalls/get_compliance_hierarchy,POST,Y,03-09-25 5:07,1,,
918,755,277,Setup,compliance_hierarchy,compliance_hierarchy.cshtml,/ApiCalls/get_employee_name_from_pp,GET,Y,03-09-25 5:07,1,,
919,756,277,Setup,compliance_hierarchy,compliance_hierarchy.cshtml,/ApiCalls/get_employee_name_from_pp,POST,Y,03-09-25 5:07,1,,
920,757,277,Setup,compliance_hierarchy,compliance_hierarchy.cshtml,/ApiCalls/update_compliance_hierarchy,POST,Y,03-09-25 5:07,1,,
921,758,278,AdministrationPanel,managepublicholidays,managepublicholidays.cshtml,/ApiCalls/add_public_holiday,POST,Y,03-09-25 5:07,1,,
922,759,278,AdministrationPanel,managepublicholidays,managepublicholidays.cshtml,/ApiCalls/get_all_public_holidays,GET,Y,03-09-25 5:07,1,,
923,760,278,AdministrationPanel,managepublicholidays,managepublicholidays.cshtml,/ApiCalls/get_all_public_holidays,POST,Y,03-09-25 5:07,1,,
924,761,279,Reports,settled_paras_report,settled_paras_report.cshtml,/ApiCalls/get_settled_paras_for_compliance_report,GET,Y,03-09-25 5:07,1,,
925,762,279,Reports,settled_paras_report,settled_paras_report.cshtml,/ApiCalls/get_settled_paras_for_compliance_report,POST,Y,03-09-25 5:07,1,,
926,763,280,Execution,manage_audit_paras,manage_audit_paras.cshtml,/ApiCalls/GetParaReferenceData,GET,Y,03-09-25 5:07,1,,
927,764,280,Execution,manage_audit_paras,manage_audit_paras.cshtml,/ApiCalls/GetReferenceDetail,GET,Y,03-09-25 5:07,1,,
928,765,280,Execution,manage_audit_paras,manage_audit_paras.cshtml,/ApiCalls/GetResponsiblePPNOforoldPara,GET,Y,03-09-25 5:07,1,,
929,766,280,Execution,manage_audit_paras,manage_audit_paras.cshtml,/ApiCalls/SaveParaReferences,POST,Y,03-09-25 5:07,1,,
930,767,280,Execution,manage_audit_paras,manage_audit_paras.cshtml,/ApiCalls/SearchReferences,POST,Y,03-09-25 5:07,1,,
931,768,280,Execution,manage_audit_paras,manage_audit_paras.cshtml,/ApiCalls/add_responsible_for_old_paras,POST,Y,03-09-25 5:07,1,,
932,769,280,Execution,manage_audit_paras,manage_audit_paras.cshtml,/ApiCalls/add_responsible_to_observation,POST,Y,03-09-25 5:07,1,,
933,770,280,Execution,manage_audit_paras,manage_audit_paras.cshtml,/ApiCalls/get_employee_name_from_pp,GET,Y,03-09-25 5:07,1,,
934,771,280,Execution,manage_audit_paras,manage_audit_paras.cshtml,/ApiCalls/get_employee_name_from_pp,POST,Y,03-09-25 5:07,1,,
935,772,280,Execution,manage_audit_paras,manage_audit_paras.cshtml,/ApiCalls/get_lc_details,GET,Y,03-09-25 5:07,1,,
936,773,280,Execution,manage_audit_paras,manage_audit_paras.cshtml,/ApiCalls/get_lc_details,POST,Y,03-09-25 5:07,1,,
937,774,280,Execution,manage_audit_paras,manage_audit_paras.cshtml,/ApiCalls/get_observations_details_for_manage_paras,GET,Y,03-09-25 5:07,1,,
938,775,280,Execution,manage_audit_paras,manage_audit_paras.cshtml,/ApiCalls/get_observations_details_for_manage_paras,POST,Y,03-09-25 5:07,1,,
939,776,280,Execution,manage_audit_paras,manage_audit_paras.cshtml,/ApiCalls/get_observations_for_manage_paras,GET,Y,03-09-25 5:07,1,,
940,777,280,Execution,manage_audit_paras,manage_audit_paras.cshtml,/ApiCalls/get_observations_for_manage_paras,POST,Y,03-09-25 5:07,1,,
941,778,280,Execution,manage_audit_paras,manage_audit_paras.cshtml,/ApiCalls/get_responsibility_for_authorize,GET,Y,03-09-25 5:07,1,,
942,779,280,Execution,manage_audit_paras,manage_audit_paras.cshtml,/ApiCalls/get_responsibility_for_authorize,POST,Y,03-09-25 5:07,1,,
943,780,280,Execution,manage_audit_paras,manage_audit_paras.cshtml,/ApiCalls/get_responsible_person_list,GET,Y,03-09-25 5:07,1,,
944,781,280,Execution,manage_audit_paras,manage_audit_paras.cshtml,/ApiCalls/get_responsible_person_list,POST,Y,03-09-25 5:07,1,,
945,782,280,Execution,manage_audit_paras,manage_audit_paras.cshtml,/ApiCalls/getparentrelForParaPositionReport,POST,Y,03-09-25 5:07,1,,
946,783,280,Execution,manage_audit_paras,manage_audit_paras.cshtml,/ApiCalls/getpostplaceForParaPositionReport,POST,Y,03-09-25 5:07,1,,
947,784,280,Execution,manage_audit_paras,manage_audit_paras.cshtml,/ApiCalls/request_delete_duplicate_para,POST,Y,03-09-25 5:07,1,,
948,785,280,Execution,manage_audit_paras,manage_audit_paras.cshtml,/ApiCalls/update_para_for_manage_audit_paras,POST,Y,03-09-25 5:07,1,,
949,786,281,PostCompliance,post_compliance_ho_monitoring,post_compliance_ho_monitoring.cshtml,/ApiCalls/get_compliance_history,GET,Y,03-09-25 5:07,1,,
950,787,281,PostCompliance,post_compliance_ho_monitoring,post_compliance_ho_monitoring.cshtml,/ApiCalls/get_compliance_history,POST,Y,03-09-25 5:07,1,,
951,788,281,PostCompliance,post_compliance_ho_monitoring,post_compliance_ho_monitoring.cshtml,/ApiCalls/get_old_para_compliance_cycle_text,GET,Y,03-09-25 5:07,1,,
952,789,281,PostCompliance,post_compliance_ho_monitoring,post_compliance_ho_monitoring.cshtml,/ApiCalls/get_old_para_compliance_cycle_text,POST,Y,03-09-25 5:07,1,,
953,790,281,PostCompliance,post_compliance_ho_monitoring,post_compliance_ho_monitoring.cshtml,/ApiCalls/get_para_compliance_text,GET,Y,03-09-25 5:07,1,,
954,791,281,PostCompliance,post_compliance_ho_monitoring,post_compliance_ho_monitoring.cshtml,/ApiCalls/get_para_compliance_text,POST,Y,03-09-25 5:07,1,,
955,792,281,PostCompliance,post_compliance_ho_monitoring,post_compliance_ho_monitoring.cshtml,/ApiCalls/get_post_compliance_evidence_data,GET,Y,03-09-25 5:07,1,,
956,793,281,PostCompliance,post_compliance_ho_monitoring,post_compliance_ho_monitoring.cshtml,/ApiCalls/get_post_compliance_evidence_data,POST,Y,03-09-25 5:07,1,,
957,794,281,PostCompliance,post_compliance_ho_monitoring,post_compliance_ho_monitoring.cshtml,/ApiCalls/get_settled_post_compliances_for_monitoring,GET,Y,03-09-25 5:07,1,,
958,795,281,PostCompliance,post_compliance_ho_monitoring,post_compliance_ho_monitoring.cshtml,/ApiCalls/get_settled_post_compliances_for_monitoring,POST,Y,03-09-25 5:07,1,,
959,796,282,PostCompliance,post_compliance_review,post_compliance_review.cshtml,/ApiCalls/get_compliance_history,GET,Y,03-09-25 5:07,1,,
960,797,282,PostCompliance,post_compliance_review,post_compliance_review.cshtml,/ApiCalls/get_compliance_history,POST,Y,03-09-25 5:07,1,,
961,798,282,PostCompliance,post_compliance_review,post_compliance_review.cshtml,/ApiCalls/get_old_para_compliance_cycle_text,GET,Y,03-09-25 5:07,1,,
962,799,282,PostCompliance,post_compliance_review,post_compliance_review.cshtml,/ApiCalls/get_old_para_compliance_cycle_text,POST,Y,03-09-25 5:07,1,,
963,800,282,PostCompliance,post_compliance_review,post_compliance_review.cshtml,/ApiCalls/get_para_compliance_text,GET,Y,03-09-25 5:07,1,,
964,801,282,PostCompliance,post_compliance_review,post_compliance_review.cshtml,/ApiCalls/get_para_compliance_text,POST,Y,03-09-25 5:07,1,,
965,802,282,PostCompliance,post_compliance_review,post_compliance_review.cshtml,/ApiCalls/get_paras_for_review_compliance_by_auditee,GET,Y,03-09-25 5:07,1,,
966,803,282,PostCompliance,post_compliance_review,post_compliance_review.cshtml,/ApiCalls/get_paras_for_review_compliance_by_auditee,POST,Y,03-09-25 5:07,1,,
967,804,282,PostCompliance,post_compliance_review,post_compliance_review.cshtml,/ApiCalls/get_post_compliance_evidence_data,GET,Y,03-09-25 5:07,1,,
968,805,282,PostCompliance,post_compliance_review,post_compliance_review.cshtml,/ApiCalls/get_post_compliance_evidence_data,POST,Y,03-09-25 5:07,1,,
969,806,282,PostCompliance,post_compliance_review,post_compliance_review.cshtml,/ApiCalls/submit_post_audit_compliance_review,POST,Y,03-09-25 5:07,1,,
970,807,283,Reports,eng_plan_delay_analysis_report,eng_plan_delay_analysis_report.cshtml,/ApiCalls/get_engagement_plan_delay_analysis_report,GET,Y,03-09-25 5:07,1,,
971,808,283,Reports,eng_plan_delay_analysis_report,eng_plan_delay_analysis_report.cshtml,/ApiCalls/get_engagement_plan_delay_analysis_report,POST,Y,03-09-25 5:07,1,,
972,809,284,PostCompliance,cau_post_compliance_to_branches_review,cau_post_compliance_to_branches_review.cshtml,/ApiCalls/get_cau_para_to_branch_para_text,GET,Y,03-09-25 5:07,1,,
973,810,284,PostCompliance,cau_post_compliance_to_branches_review,cau_post_compliance_to_branches_review.cshtml,/ApiCalls/get_cau_para_to_branch_para_text,POST,Y,03-09-25 5:07,1,,
974,811,284,PostCompliance,cau_post_compliance_to_branches_review,cau_post_compliance_to_branches_review.cshtml,/ApiCalls/get_cau_paras_evidences_for_compliance_for_review,GET,Y,03-09-25 5:07,1,,
975,812,284,PostCompliance,cau_post_compliance_to_branches_review,cau_post_compliance_to_branches_review.cshtml,/ApiCalls/get_cau_paras_evidences_for_compliance_for_review,POST,Y,03-09-25 5:07,1,,
976,813,284,PostCompliance,cau_post_compliance_to_branches_review,cau_post_compliance_to_branches_review.cshtml,/ApiCalls/get_cau_paras_for_compliance_for_review,GET,Y,03-09-25 5:07,1,,
977,814,284,PostCompliance,cau_post_compliance_to_branches_review,cau_post_compliance_to_branches_review.cshtml,/ApiCalls/get_cau_paras_for_compliance_for_review,POST,Y,03-09-25 5:07,1,,
978,815,284,PostCompliance,cau_post_compliance_to_branches_review,cau_post_compliance_to_branches_review.cshtml,/ApiCalls/get_cau_paras_post_compliance_evidence_data,GET,Y,03-09-25 5:07,1,,
979,816,284,PostCompliance,cau_post_compliance_to_branches_review,cau_post_compliance_to_branches_review.cshtml,/ApiCalls/get_cau_paras_post_compliance_evidence_data,POST,Y,03-09-25 5:07,1,,
980,817,284,PostCompliance,cau_post_compliance_to_branches_review,cau_post_compliance_to_branches_review.cshtml,/ApiCalls/submit_cau_para_to_branch,POST,Y,03-09-25 5:07,1,,
981,818,285,PostCompliance,cau_post_compliance_to_branches_reply,cau_post_compliance_to_branches_reply.cshtml,/ApiCalls/get_cau_para_to_branch_para_text,GET,Y,03-09-25 5:07,1,,
982,819,285,PostCompliance,cau_post_compliance_to_branches_reply,cau_post_compliance_to_branches_reply.cshtml,/ApiCalls/get_cau_para_to_branch_para_text,POST,Y,03-09-25 5:07,1,,
983,820,285,PostCompliance,cau_post_compliance_to_branches_reply,cau_post_compliance_to_branches_reply.cshtml,/ApiCalls/get_cau_paras_evidences_for_compliance_for_review,GET,Y,03-09-25 5:07,1,,
984,821,285,PostCompliance,cau_post_compliance_to_branches_reply,cau_post_compliance_to_branches_reply.cshtml,/ApiCalls/get_cau_paras_evidences_for_compliance_for_review,POST,Y,03-09-25 5:07,1,,
985,822,285,PostCompliance,cau_post_compliance_to_branches_reply,cau_post_compliance_to_branches_reply.cshtml,/ApiCalls/get_cau_paras_for_compliance_submitted_to_branch,GET,Y,03-09-25 5:07,1,,
986,823,285,PostCompliance,cau_post_compliance_to_branches_reply,cau_post_compliance_to_branches_reply.cshtml,/ApiCalls/get_cau_paras_for_compliance_submitted_to_branch,POST,Y,03-09-25 5:07,1,,
987,824,285,PostCompliance,cau_post_compliance_to_branches_reply,cau_post_compliance_to_branches_reply.cshtml,/ApiCalls/get_cau_paras_post_compliance_evidence_data,GET,Y,03-09-25 5:07,1,,
988,825,285,PostCompliance,cau_post_compliance_to_branches_reply,cau_post_compliance_to_branches_reply.cshtml,/ApiCalls/get_cau_paras_post_compliance_evidence_data,POST,Y,03-09-25 5:07,1,,
989,826,285,PostCompliance,cau_post_compliance_to_branches_reply,cau_post_compliance_to_branches_reply.cshtml,/ApiCalls/submit_cau_para_by_branch,POST,Y,03-09-25 5:07,1,,
990,827,286,PostCompliance,cau_post_compliance_to_branches,cau_post_compliance_to_branches.cshtml,/ApiCalls/get_cau_para_to_branch_para_text,GET,Y,03-09-25 5:07,1,,
991,828,286,PostCompliance,cau_post_compliance_to_branches,cau_post_compliance_to_branches.cshtml,/ApiCalls/get_cau_para_to_branch_para_text,POST,Y,03-09-25 5:07,1,,
992,829,286,PostCompliance,cau_post_compliance_to_branches,cau_post_compliance_to_branches.cshtml,/ApiCalls/get_cau_paras_for_compliance,GET,Y,03-09-25 5:07,1,,
993,830,286,PostCompliance,cau_post_compliance_to_branches,cau_post_compliance_to_branches.cshtml,/ApiCalls/get_cau_paras_for_compliance,POST,Y,03-09-25 5:07,1,,
994,831,286,PostCompliance,cau_post_compliance_to_branches,cau_post_compliance_to_branches.cshtml,/ApiCalls/get_child_relationship_for_CAU,GET,Y,03-09-25 5:07,1,,
995,832,286,PostCompliance,cau_post_compliance_to_branches,cau_post_compliance_to_branches.cshtml,/ApiCalls/get_child_relationship_for_CAU,POST,Y,03-09-25 5:07,1,,
996,833,181,Execution,pre_concluding_audit,pre_concluding_audit.cshtml,/ApiCalls/get_obs_details_by_id_pre_con,POST,Y,03-09-25 5:07,1,,
997,834,181,Execution,pre_concluding_audit,pre_concluding_audit.cshtml,/ApiCalls/get_obs_for_pre_concluding,GET,Y,03-09-25 5:07,1,,
998,835,181,Execution,pre_concluding_audit,pre_concluding_audit.cshtml,/ApiCalls/get_obs_for_pre_concluding,POST,Y,03-09-25 5:07,1,,
999,836,181,Execution,pre_concluding_audit,pre_concluding_audit.cshtml,/ApiCalls/get_responded_obs_evidences,GET,Y,03-09-25 5:07,1,,
1000,837,181,Execution,pre_concluding_audit,pre_concluding_audit.cshtml,/ApiCalls/get_responded_obs_evidences,POST,Y,03-09-25 5:07,1,,
1001,838,181,Execution,pre_concluding_audit,pre_concluding_audit.cshtml,/ApiCalls/get_responsible_person_list,GET,Y,03-09-25 5:07,1,,
1002,839,181,Execution,pre_concluding_audit,pre_concluding_audit.cshtml,/ApiCalls/get_responsible_person_list,POST,Y,03-09-25 5:07,1,,
1003,840,181,Execution,pre_concluding_audit,pre_concluding_audit.cshtml,/ApiCalls/submit_pre_concluding,POST,Y,03-09-25 5:07,1,,
1004,841,181,Execution,pre_concluding_audit,pre_concluding_audit.cshtml,/ApiCalls/update_audit_para_for_finalization,POST,Y,03-09-25 5:07,1,,
1005,842,182,FAD,review_gist_recommendation,review_gist_recommendation.cshtml,/ApiCalls/add_observation_gist_and_recommendation,POST,Y,03-09-25 5:07,1,,
1006,843,182,FAD,review_gist_recommendation,review_gist_recommendation.cshtml,/ApiCalls/get_obs_for_pre_concluding,GET,Y,03-09-25 5:07,1,,
1007,844,182,FAD,review_gist_recommendation,review_gist_recommendation.cshtml,/ApiCalls/get_obs_for_pre_concluding,POST,Y,03-09-25 5:07,1,,
1008,845,182,FAD,review_gist_recommendation,review_gist_recommendation.cshtml,/ApiCalls/get_observation_text_branches,GET,Y,03-09-25 5:07,1,,
1009,846,182,FAD,review_gist_recommendation,review_gist_recommendation.cshtml,/ApiCalls/get_observation_text_branches,POST,Y,03-09-25 5:07,1,,
1010,847,182,FAD,review_gist_recommendation,review_gist_recommendation.cshtml,/ApiCalls/submit_pre_concluding,POST,Y,03-09-25 5:07,1,,
1011,848,183,Execution,update_legacy_paras,update_legacy_paras.cshtml,/ApiCalls/Ge_Merged_Annexure_Instructions,GET,Y,03-09-25 5:07,1,,
1012,849,183,Execution,update_legacy_paras,update_legacy_paras.cshtml,/ApiCalls/GetReferenceTypes,GET,Y,03-09-25 5:07,1,,
1013,850,183,Execution,update_legacy_paras,update_legacy_paras.cshtml,/ApiCalls/UpdateAnnexureInstructions,GET,Y,03-09-25 5:07,1,,
1014,851,183,Execution,update_legacy_paras,update_legacy_paras.cshtml,/ApiCalls/add_responsibility_to_legacy_para,POST,Y,03-09-25 5:07,1,,
1015,852,183,Execution,update_legacy_paras,update_legacy_paras.cshtml,/ApiCalls/checklist_details,POST,Y,03-09-25 5:07,1,,
1016,853,183,Execution,update_legacy_paras,update_legacy_paras.cshtml,/ApiCalls/delete_responsibility_of_legacy_para,POST,Y,03-09-25 5:07,1,,
1017,854,183,Execution,update_legacy_paras,update_legacy_paras.cshtml,/ApiCalls/get_employee_name_from_pp,GET,Y,03-09-25 5:07,1,,
1018,855,183,Execution,update_legacy_paras,update_legacy_paras.cshtml,/ApiCalls/get_employee_name_from_pp,POST,Y,03-09-25 5:07,1,,
1019,856,183,Execution,update_legacy_paras,update_legacy_paras.cshtml,/ApiCalls/get_legacy_paras_for_update,GET,Y,03-09-25 5:07,1,,
1020,857,183,Execution,update_legacy_paras,update_legacy_paras.cshtml,/ApiCalls/get_legacy_paras_for_update,POST,Y,03-09-25 5:07,1,,
1021,858,183,Execution,update_legacy_paras,update_legacy_paras.cshtml,/ApiCalls/getparentrel,POST,Y,03-09-25 5:07,1,,
1022,859,183,Execution,update_legacy_paras,update_legacy_paras.cshtml,/ApiCalls/sub_checklist,POST,Y,03-09-25 5:07,1,,
1023,860,183,Execution,update_legacy_paras,update_legacy_paras.cshtml,/ApiCalls/update_legacy_para_with_responsibilities,POST,Y,03-09-25 5:07,1,,
1024,861,183,Execution,update_legacy_paras,update_legacy_paras.cshtml,/ApiCalls/update_legacy_para_with_responsibilities_no_changes_AZ,POST,Y,03-09-25 5:07,1,,
1025,862,182,FAD,review_gist_recommendation,review_gist_recommendation.cshtml,/ApiCalls/add_observation_gist_and_recommendation,POST,Y,03-09-25 5:07,1,,
1026,863,182,FAD,review_gist_recommendation,review_gist_recommendation.cshtml,/ApiCalls/get_obs_for_pre_concluding,GET,Y,03-09-25 5:07,1,,
1027,864,182,FAD,review_gist_recommendation,review_gist_recommendation.cshtml,/ApiCalls/get_obs_for_pre_concluding,POST,Y,03-09-25 5:07,1,,
1028,865,182,FAD,review_gist_recommendation,review_gist_recommendation.cshtml,/ApiCalls/get_observation_text_branches,GET,Y,03-09-25 5:07,1,,
1029,866,182,FAD,review_gist_recommendation,review_gist_recommendation.cshtml,/ApiCalls/get_observation_text_branches,POST,Y,03-09-25 5:07,1,,
1030,867,182,FAD,review_gist_recommendation,review_gist_recommendation.cshtml,/ApiCalls/submit_pre_concluding,POST,Y,03-09-25 5:07,1,,
1031,868,187,Reports,fad_new_old_para_performance,fad_new_old_para_performance.cshtml,/ApiCalls/get_fad_new_old_para_performance,GET,Y,03-09-25 5:07,1,,
1032,869,187,Reports,fad_new_old_para_performance,fad_new_old_para_performance.cshtml,/ApiCalls/get_fad_new_old_para_performance,POST,Y,03-09-25 5:07,1,,
1033,870,188,Execution,update_legacy_paras_fad,update_legacy_paras_fad.cshtml,/ApiCalls/add_responsibility_to_legacy_para_fad,POST,Y,03-09-25 5:07,1,,
1034,871,188,Execution,update_legacy_paras_fad,update_legacy_paras_fad.cshtml,/ApiCalls/checklist_details,POST,Y,03-09-25 5:07,1,,
1035,872,188,Execution,update_legacy_paras_fad,update_legacy_paras_fad.cshtml,/ApiCalls/delete_legacy_para_responsibility,POST,Y,03-09-25 5:07,1,,
1036,873,188,Execution,update_legacy_paras_fad,update_legacy_paras_fad.cshtml,/ApiCalls/get_employee_name_from_pp,GET,Y,03-09-25 5:07,1,,
1037,874,83,Execution,draft_audit_report,draft_audit_report.cshtml,/ApiCalls/get_auditee_evidence_data,GET,Y,03-09-25 5:07,1,,
1038,875,83,Execution,draft_audit_report,draft_audit_report.cshtml,/ApiCalls/get_auditee_evidence_data,POST,Y,03-09-25 5:07,1,,
1039,876,83,Execution,draft_audit_report,draft_audit_report.cshtml,/ApiCalls/get_finalized_observations_draft,GET,Y,03-09-25 5:07,1,,
1040,877,83,Execution,draft_audit_report,draft_audit_report.cshtml,/ApiCalls/get_finalized_observations_draft,POST,Y,03-09-25 5:07,1,,
1041,878,83,Execution,draft_audit_report,draft_audit_report.cshtml,/ApiCalls/get_obs_details_by_id_ho,GET,Y,03-09-25 5:07,1,,
1042,879,83,Execution,draft_audit_report,draft_audit_report.cshtml,/ApiCalls/get_obs_details_by_id_ho,POST,Y,03-09-25 5:07,1,,
1043,880,83,Execution,draft_audit_report,draft_audit_report.cshtml,/ApiCalls/get_responded_obs_evidences,GET,Y,03-09-25 5:07,1,,
1044,881,83,Execution,draft_audit_report,draft_audit_report.cshtml,/ApiCalls/get_responded_obs_evidences,POST,Y,03-09-25 5:07,1,,
1045,882,83,Execution,draft_audit_report,draft_audit_report.cshtml,/ApiCalls/update_audit_para_for_finalization_ho,POST,Y,03-09-25 5:07,1,,
1046,883,83,Execution,draft_audit_report,draft_audit_report.cshtml,/ApiCalls/update_observation_status,POST,Y,03-09-25 5:07,1,,
1047,884,84,Execution,closing,closing.cshtml,/ApiCalls/close_draft_audit,POST,Y,03-09-25 5:07,1,,
1048,885,84,Execution,closing,closing.cshtml,/ApiCalls/closing_draft_report_status,POST,Y,03-09-25 5:07,1,,
1049,886,85,Reports,glhead_details,glhead_details.cshtml,/ApiCalls/Glhead_Sub_Details,POST,Y,03-09-25 5:07,1,,
1050,887,86,Execution,manage_draft_report_paras,manage_draft_report_paras.cshtml,/ApiCalls/get_auditee_evidence_data,GET,Y,03-09-25 5:07,1,,
1051,888,86,Execution,manage_draft_report_paras,manage_draft_report_paras.cshtml,/ApiCalls/get_auditee_evidence_data,POST,Y,03-09-25 5:07,1,,
1052,889,86,Execution,manage_draft_report_paras,manage_draft_report_paras.cshtml,/ApiCalls/get_observations_draft,GET,Y,03-09-25 5:07,1,,
1053,890,86,Execution,manage_draft_report_paras,manage_draft_report_paras.cshtml,/ApiCalls/get_observations_draft,POST,Y,03-09-25 5:07,1,,
1054,891,86,Execution,manage_draft_report_paras,manage_draft_report_paras.cshtml,/ApiCalls/get_observations_draft_auditee_reply,GET,Y,03-09-25 5:07,1,,
1055,892,86,Execution,manage_draft_report_paras,manage_draft_report_paras.cshtml,/ApiCalls/get_observations_draft_auditee_reply,POST,Y,03-09-25 5:07,1,,
1056,893,86,Execution,manage_draft_report_paras,manage_draft_report_paras.cshtml,/ApiCalls/get_observations_draft_text,GET,Y,03-09-25 5:07,1,,
1057,894,86,Execution,manage_draft_report_paras,manage_draft_report_paras.cshtml,/ApiCalls/get_observations_draft_text,POST,Y,03-09-25 5:07,1,,
1058,895,86,Execution,manage_draft_report_paras,manage_draft_report_paras.cshtml,/ApiCalls/get_responded_obs_evidences,GET,Y,03-09-25 5:07,1,,
1059,896,86,Execution,manage_draft_report_paras,manage_draft_report_paras.cshtml,/ApiCalls/get_responded_obs_evidences,POST,Y,03-09-25 5:07,1,,
1060,897,86,Execution,manage_draft_report_paras,manage_draft_report_paras.cshtml,/ApiCalls/update_observation_status,POST,Y,03-09-25 5:07,1,,
1061,898,87,Execution,loan_case_details,loan_case_details.cshtml,/ApiCalls/Loan_Case_Details,POST,Y,03-09-25 5:07,1,,
1062,899,88,Execution,branch_deposit_info,branch_deposit_info.cshtml,/ApiCalls/GetDepositAccountSubdetails,POST,Y,03-09-25 5:07,1,,
1063,900,89,Execution,disb_info,disb_info.cshtml,/ApiCalls/GetBranchDesbursementaccountdetails,POST,Y,03-09-25 5:07,1,,
1064,901,0,CAU,om_assignment,om_assignment.cshtml,/ApiCalls/CAU_OM_assignment,POST,Y,03-09-25 5:07,1,,
1065,902,0,CAU,om_assignment,om_assignment.cshtml,/ApiCalls/CAU_OM_assignmentAIR,POST,Y,03-09-25 5:07,1,,
1066,903,0,CAU,om_assignment,om_assignment.cshtml,/ApiCalls/CAU_OM_assignmentARPSE,POST,Y,03-09-25 5:07,1,,
1067,904,0,CAU,om_assignment,om_assignment.cshtml,/ApiCalls/CAU_OM_assignmentPDP,POST,Y,03-09-25 5:07,1,,
1068,905,0,CAU,om_assignment,om_assignment.cshtml,/ApiCalls/CAU_get_Pre_Added_OM,POST,Y,03-09-25 5:07,1,,
1069,906,0,CAU,om_response,om_response.cshtml,/ApiCalls/CAU_Get_OMs,POST,Y,03-09-25 5:07,1,,
1070,907,96,BAC,cia_analysis,cia_analysis.cshtml,/ApiCalls/get_analysis_detail_paras,GET,Y,03-09-25 5:07,1,,
1071,908,96,BAC,cia_analysis,cia_analysis.cshtml,/ApiCalls/get_analysis_detail_paras,POST,Y,03-09-25 5:07,1,,
1072,909,96,BAC,cia_analysis,cia_analysis.cshtml,/ApiCalls/get_analysis_summary_paras,GET,Y,03-09-25 5:07,1,,
1073,910,96,BAC,cia_analysis,cia_analysis.cshtml,/ApiCalls/get_analysis_summary_paras,POST,Y,03-09-25 5:07,1,,
1074,911,96,BAC,cia_analysis,cia_analysis.cshtml,/ApiCalls/get_bac_analysis,GET,Y,03-09-25 5:07,1,,
1075,912,96,BAC,cia_analysis,cia_analysis.cshtml,/ApiCalls/get_bac_analysis,POST,Y,03-09-25 5:07,1,,
1076,913,96,BAC,cia_analysis,cia_analysis.cshtml,/ApiCalls/get_functional_observation_text,GET,Y,03-09-25 5:07,1,,
1077,914,96,BAC,cia_analysis,cia_analysis.cshtml,/ApiCalls/get_functional_observation_text,POST,Y,03-09-25 5:07,1,,
1078,915,104,Reports,loan_report,loan_report.cshtml,/ApiCalls/get_loan_detail_report,GET,Y,03-09-25 5:07,1,,
1079,916,104,Reports,loan_report,loan_report.cshtml,/ApiCalls/get_loan_detail_report,POST,Y,03-09-25 5:07,1,,
1080,917,104,Reports,loan_report,loan_report.cshtml,/ApiCalls/get_region_zone_office,GET,Y,03-09-25 5:07,1,,
1081,918,104,Reports,loan_report,loan_report.cshtml,/ApiCalls/get_region_zone_office,POST,Y,03-09-25 5:07,1,,
1082,919,105,Reports,emp_info,emp_info.cshtml,/ApiCalls/AddAuditPlan,POST,Y,03-09-25 5:07,1,,
1083,920,105,Reports,emp_info,emp_info.cshtml,/ApiCalls/GetAuditTeams,POST,Y,03-09-25 5:07,1,,
1084,921,105,Reports,emp_info,emp_info.cshtml,/ApiCalls/GetDivDepartments,POST,Y,03-09-25 5:07,1,,
1085,922,105,Reports,emp_info,emp_info.cshtml,/ApiCalls/GetZoneBranches,POST,Y,03-09-25 5:07,1,,
1086,923,106,Reports,br_au_pos,br_au_pos.cshtml,/ApiCalls/AddAuditPlan,POST,Y,03-09-25 5:07,1,,
1087,924,106,Reports,br_au_pos,br_au_pos.cshtml,/ApiCalls/GetAuditTeams,POST,Y,03-09-25 5:07,1,,
1088,925,106,Reports,br_au_pos,br_au_pos.cshtml,/ApiCalls/GetDivDepartments,POST,Y,03-09-25 5:07,1,,
1089,926,106,Reports,br_au_pos,br_au_pos.cshtml,/ApiCalls/GetZoneBranches,POST,Y,03-09-25 5:07,1,,
1090,927,107,Reports,settlement_old_paras,settlement_old_paras.cshtml,/ApiCalls/AddAuditPlan,POST,Y,03-09-25 5:07,1,,
1091,928,107,Reports,settlement_old_paras,settlement_old_paras.cshtml,/ApiCalls/GetAuditTeams,POST,Y,03-09-25 5:07,1,,
1092,929,107,Reports,settlement_old_paras,settlement_old_paras.cshtml,/ApiCalls/GetDivDepartments,POST,Y,03-09-25 5:07,1,,
1093,930,107,Reports,settlement_old_paras,settlement_old_paras.cshtml,/ApiCalls/GetZoneBranches,POST,Y,03-09-25 5:07,1,,
1094,931,108,Reports,zonewise_settlement_paras,zonewise_settlement_paras.cshtml,/ApiCalls/AddAuditPlan,POST,Y,03-09-25 5:07,1,,
1095,932,108,Reports,zonewise_settlement_paras,zonewise_settlement_paras.cshtml,/ApiCalls/GetAuditTeams,POST,Y,03-09-25 5:07,1,,
1096,933,108,Reports,zonewise_settlement_paras,zonewise_settlement_paras.cshtml,/ApiCalls/GetDivDepartments,POST,Y,03-09-25 5:07,1,,
1097,934,108,Reports,zonewise_settlement_paras,zonewise_settlement_paras.cshtml,/ApiCalls/GetZoneBranches,POST,Y,03-09-25 5:07,1,,
1098,935,109,Reports,monthwise_settlement_paras,monthwise_settlement_paras.cshtml,/ApiCalls/AddAuditPlan,POST,Y,03-09-25 5:07,1,,
1099,936,109,Reports,monthwise_settlement_paras,monthwise_settlement_paras.cshtml,/ApiCalls/GetAuditTeams,POST,Y,03-09-25 5:07,1,,
1100,937,109,Reports,monthwise_settlement_paras,monthwise_settlement_paras.cshtml,/ApiCalls/GetDivDepartments,POST,Y,03-09-25 5:07,1,,
1101,938,109,Reports,monthwise_settlement_paras,monthwise_settlement_paras.cshtml,/ApiCalls/GetZoneBranches,POST,Y,03-09-25 5:07,1,,
1102,939,110,Reports,management_au_report_zonewise,management_au_report_zonewise.cshtml,/ApiCalls/AddAuditPlan,POST,Y,03-09-25 5:07,1,,
1103,940,110,Reports,management_au_report_zonewise,management_au_report_zonewise.cshtml,/ApiCalls/GetAuditTeams,POST,Y,03-09-25 5:07,1,,
1104,941,110,Reports,management_au_report_zonewise,management_au_report_zonewise.cshtml,/ApiCalls/GetDivDepartments,POST,Y,03-09-25 5:07,1,,
1105,942,110,Reports,management_au_report_zonewise,management_au_report_zonewise.cshtml,/ApiCalls/GetZoneBranches,POST,Y,03-09-25 5:07,1,,
1106,943,112,Reports,div_out_paras,div_out_paras.cshtml,/ApiCalls/AddAuditPlan,POST,Y,03-09-25 5:07,1,,
1107,944,112,Reports,div_out_paras,div_out_paras.cshtml,/ApiCalls/GetAuditTeams,POST,Y,03-09-25 5:07,1,,
1108,945,112,Reports,div_out_paras,div_out_paras.cshtml,/ApiCalls/GetDivDepartments,POST,Y,03-09-25 5:07,1,,
1109,946,112,Reports,div_out_paras,div_out_paras.cshtml,/ApiCalls/GetZoneBranches,POST,Y,03-09-25 5:07,1,,
1110,947,113,Reports,div_seg_paras,div_seg_paras.cshtml,/ApiCalls/AddAuditPlan,POST,Y,03-09-25 5:07,1,,
1111,948,113,Reports,div_seg_paras,div_seg_paras.cshtml,/ApiCalls/GetAuditTeams,POST,Y,03-09-25 5:07,1,,
1112,949,113,Reports,div_seg_paras,div_seg_paras.cshtml,/ApiCalls/GetDivDepartments,POST,Y,03-09-25 5:07,1,,
1113,950,113,Reports,div_seg_paras,div_seg_paras.cshtml,/ApiCalls/GetZoneBranches,POST,Y,03-09-25 5:07,1,,
1114,951,114,Reports,cad_isad_achievement,cad_isad_achievement.cshtml,/ApiCalls/AddAuditPlan,POST,Y,03-09-25 5:07,1,,
1115,952,114,Reports,cad_isad_achievement,cad_isad_achievement.cshtml,/ApiCalls/GetAuditTeams,POST,Y,03-09-25 5:07,1,,
1116,2342,347,ApiCallsController,GetIidInqAccusations,IID/InquiryReport,/ApiCalls/GetIidInqWizardData,POST,Y,16-02-26 10:16,113092,,
1117,2343,347,ApiCallsController,GetIidInqAccusations,IID/InquiryReport,/ApiCalls/FinalizeIidInquiryReport,POST,Y,16-02-26 10:17,113092,,
1118,2347,408,ApiCallsController,AddIidInqEvidenceFile,IID/InquiryReport,/ApiCalls/GetIidInquiryReportReadOnlyData,POST,Y,23-02-26 9:07,113092,,
1119,2348,408,ApiCallsController,AddIidInqEvidenceFile,IID/InquiryReport,/ApiCalls/GetComplaintsByUser,POST,Y,23-02-26 9:17,113092,,
1120,2349,347,ApiCallsController,AddIidInqEvidenceFile,IID/InquiryReport,/ApiCalls/GetIidAccusationsForFindings,POST,Y,23-02-26 13:44,113092,,
1121,2350,347,ApiCallsController,AddIidInqEvidenceFile,IID/InquiryReport,/ApiCalls/GetIidFindingsRecommByAccusation,POST,Y,23-02-26 13:45,113092,,
1122,2351,347,ApiCallsController,AddIidInqEvidenceFile,IID/InquiryReport,/ApiCalls/SaveIidFindingsRecommByAccusation,POST,Y,23-02-26 13:46,113092,,
1123,2352,347,ApiCallsController,AddIidInqEvidenceFile,IID/InquiryReport,/ApiCalls/GetIidFindingsRecommStatus,POST,Y,23-02-26 13:46,113092,,
1124,1138,,HM,change_password,change_password.cshtml,/HM/DoChangePassword,POST,Y,03-09-25 5:44,1,,
1125,1153,51,AuditeePortal,observation_assigned,observation_assigned.cshtml,/Observation/GeneratePdf,GET,Y,23-01-26 11:36,1,,
1126,1154,121,Execution,manage_observations_branches,manage_observations_branches.cshtml,/Observation/GeneratePdf,GET,Y,23-01-26 11:36,1,,
1127,1155,156,Execution,manage_draft_report_paras_branch,manage_draft_report_paras_branch.cshtml,/Observation/GeneratePdf,GET,Y,23-01-26 11:36,1,,
1128,1156,157,Execution,draft_audit_report_branch,draft_audit_report_branch.cshtml,/Observation/GeneratePdf,GET,Y,23-01-26 11:36,1,,
1129,1157,181,Execution,pre_concluding_audit,pre_concluding_audit.cshtml,/Observation/GeneratePdf,GET,Y,23-01-26 11:36,1,,
1130,1158,280,Execution,manage_audit_paras,manage_audit_paras.cshtml,/Observation/GeneratePdf,GET,Y,23-01-26 11:36,1,,
1131,1159,280,Execution,manage_audit_paras,manage_audit_paras.cshtml,/Observation/GeneratePdf,GET,Y,23-01-26 11:36,1,,
1132,1160,291,Execution,manage_audit_paras_authorized,manage_audit_paras_authorized.cshtml,/Observation/GeneratePdf,GET,Y,23-01-26 11:36,1,,
1133,1161,51,AuditeePortal,observation_assigned,observation_assigned.cshtml,/ApiCalls/get_observation_pdf_data,GET,Y,23-01-26 17:25,1,,
1134,1162,121,Execution,manage_observations_branches,manage_observations_branches.cshtml,/ApiCalls/get_observation_pdf_data,GET,Y,23-01-26 17:25,1,,
1135,1163,156,Execution,manage_draft_report_paras_branch,manage_draft_report_paras_branch.cshtml,/ApiCalls/get_observation_pdf_data,GET,Y,23-01-26 17:25,1,,
1136,1164,157,Execution,draft_audit_report_branch,draft_audit_report_branch.cshtml,/ApiCalls/get_observation_pdf_data,GET,Y,23-01-26 17:25,1,,
1137,1165,181,Execution,pre_concluding_audit,pre_concluding_audit.cshtml,/ApiCalls/get_observation_pdf_data,GET,Y,23-01-26 17:25,1,,
1138,1166,280,Execution,manage_audit_paras,manage_audit_paras.cshtml,/ApiCalls/get_observation_pdf_data,GET,Y,23-01-26 17:25,1,,
1139,1167,280,Execution,manage_audit_paras,manage_audit_paras.cshtml,/ApiCalls/get_observation_pdf_data,GET,Y,23-01-26 17:25,1,,
1140,1168,291,Execution,manage_audit_paras_authorized,manage_audit_paras_authorized.cshtml,/ApiCalls/get_observation_pdf_data,GET,Y,23-01-26 17:25,1,,
1141,1169,51,AuditeePortal,observation_assigned,observation_assigned.cshtml,/ApiCalls/get_observation_pdf_data,POST,Y,23-01-26 17:25,1,,
1142,1170,121,Execution,manage_observations_branches,manage_observations_branches.cshtml,/ApiCalls/get_observation_pdf_data,POST,Y,23-01-26 17:25,1,,
1143,1171,156,Execution,manage_draft_report_paras_branch,manage_draft_report_paras_branch.cshtml,/ApiCalls/get_observation_pdf_data,POST,Y,23-01-26 17:25,1,,
1144,1172,157,Execution,draft_audit_report_branch,draft_audit_report_branch.cshtml,/ApiCalls/get_observation_pdf_data,POST,Y,23-01-26 17:25,1,,
1145,1173,181,Execution,pre_concluding_audit,pre_concluding_audit.cshtml,/ApiCalls/get_observation_pdf_data,POST,Y,23-01-26 17:25,1,,
1146,1174,280,Execution,manage_audit_paras,manage_audit_paras.cshtml,/ApiCalls/get_observation_pdf_data,POST,Y,23-01-26 17:25,1,,
1147,1175,280,Execution,manage_audit_paras,manage_audit_paras.cshtml,/ApiCalls/get_observation_pdf_data,POST,Y,23-01-26 17:25,1,,
1148,1176,291,Execution,manage_audit_paras_authorized,manage_audit_paras_authorized.cshtml,/ApiCalls/get_observation_pdf_data,POST,Y,23-01-26 17:25,1,,
1149,1227,409,ApiCalls,GetIidTaskList,IID/TasklistIID.cshtml,/ApiCalls/GetIidTaskList,GET,Y,11-02-26 10:28,113092,,
1150,2315,347,ApiCallsController,GetIidInqAccusations,IID/InquiryReport,/ApiCalls/GetIidInqAccusations,POST,Y,15-02-26 16:13,113092,,
1151,2316,347,ApiCallsController,AddIidInqAccusation,IID/InquiryReport,/ApiCalls/AddIidInqAccusation,POST,Y,15-02-26 16:13,113092,,
1152,2317,347,ApiCallsController,UpdateIidInqAccusation,IID/InquiryReport,/ApiCalls/UpdateIidInqAccusation,POST,Y,15-02-26 16:13,113092,,
1153,2318,347,ApiCallsController,DeleteIidInqAccusation,IID/InquiryReport,/ApiCalls/DeleteIidInqAccusation,POST,Y,15-02-26 16:13,113092,,
1154,2319,347,ApiCallsController,GetIidInqAccusedList,IID/InquiryReport,/ApiCalls/GetIidInqAccusedList,POST,Y,15-02-26 16:13,113092,,
1155,2320,347,ApiCallsController,AddIidInqAccused,IID/InquiryReport,/ApiCalls/AddIidInqAccused,POST,Y,15-02-26 16:13,113092,,
1156,2321,347,ApiCallsController,UpdateIidInqAccused,IID/InquiryReport,/ApiCalls/UpdateIidInqAccused,POST,Y,15-02-26 16:13,113092,,
1157,2322,347,ApiCallsController,DeleteIidInqAccused,IID/InquiryReport,/ApiCalls/DeleteIidInqAccused,POST,Y,15-02-26 16:13,113092,,
1158,2323,347,ApiCallsController,GetIidInqRecords,IID/InquiryReport,/ApiCalls/GetIidInqRecords,POST,Y,15-02-26 16:13,113092,,
1159,2324,347,ApiCallsController,AddIidInqRecord,IID/InquiryReport,/ApiCalls/AddIidInqRecord,POST,Y,15-02-26 16:13,113092,,
1160,2325,347,ApiCallsController,UpdateIidInqRecord,IID/InquiryReport,/ApiCalls/UpdateIidInqRecord,POST,Y,15-02-26 16:13,113092,,
1161,2326,347,ApiCallsController,DeleteIidInqRecord,IID/InquiryReport,/ApiCalls/DeleteIidInqRecord,POST,Y,15-02-26 16:13,113092,,
1162,2327,347,ApiCallsController,GetIidInqStatements,IID/InquiryReport,/ApiCalls/GetIidInqStatements,POST,Y,15-02-26 16:13,113092,,
1163,2328,347,ApiCallsController,AddIidInqStatement,IID/InquiryReport,/ApiCalls/AddIidInqStatement,POST,Y,15-02-26 16:13,113092,,
1164,2329,347,ApiCallsController,UpdateIidInqStatement,IID/InquiryReport,/ApiCalls/UpdateIidInqStatement,POST,Y,15-02-26 16:13,113092,,
1165,2330,347,ApiCallsController,DeleteIidInqStatement,IID/InquiryReport,/ApiCalls/DeleteIidInqStatement,POST,Y,15-02-26 16:13,113092,,
1166,2331,347,ApiCallsController,GetIidInqEvidenceFiles,IID/InquiryReport,/ApiCalls/GetIidInqEvidenceFiles,POST,Y,15-02-26 16:13,113092,,
1167,2332,347,ApiCallsController,AddIidInqEvidenceFile,IID/InquiryReport,/ApiCalls/AddIidInqEvidenceFile,POST,Y,15-02-26 16:13,113092,,
1168,2333,347,ApiCallsController,DeleteIidInqEvidenceFile,IID/InquiryReport,/ApiCalls/DeleteIidInqEvidenceFile,POST,Y,15-02-26 16:13,113092,,
1169,2334,347,ApiCallsController,GetIidInqViolations,IID/InquiryReport,/ApiCalls/GetIidInqViolations,POST,Y,15-02-26 16:13,113092,,
1170,2335,347,ApiCallsController,AddIidInqViolation,IID/InquiryReport,/ApiCalls/AddIidInqViolation,POST,Y,15-02-26 16:13,113092,,
1171,2336,347,ApiCallsController,UpdateIidInqViolation,IID/InquiryReport,/ApiCalls/UpdateIidInqViolation,POST,Y,15-02-26 16:13,113092,,
1172,2337,347,ApiCallsController,DeleteIidInqViolation,IID/InquiryReport,/ApiCalls/DeleteIidInqViolation,POST,Y,15-02-26 16:13,113092,,
1173,2338,347,ApiCallsController,GetIidInqDsa,IID/InquiryReport,/ApiCalls/GetIidInqDsa,POST,Y,15-02-26 16:13,113092,,
1174,2339,347,ApiCallsController,AddIidInqDsa,IID/InquiryReport,/ApiCalls/AddIidInqDsa,POST,Y,15-02-26 16:13,113092,,
1175,2340,347,ApiCallsController,UpdateIidInqDsa,IID/InquiryReport,/ApiCalls/UpdateIidInqDsa,POST,Y,15-02-26 16:13,113092,,
1176,2341,347,ApiCallsController,DeleteIidInqDsa,IID/InquiryReport,/ApiCalls/DeleteIidInqDsa,POST,Y,15-02-26 16:13,113092,,
1177,1140,121,Execution,manage_draft_report_paras_branch,manage_draft_report_paras_branch.cshtml,/ApiCalls/get_responsible_by_pp,POST,Y,24-09-25 16:01,,,
1178,1139,121,ApiCalls,get_responsible_by_lc,manage_draft_report_paras_branch.cshtml,/ApiCalls/get_responsible_by_lc,POST,Y,24-09-25 16:01,1,,
1179,1141,77,Execution,checklist_details,checklist_details.cshtml,/ApiCalls/get_responsible_by_pp,POST,Y,24-09-25 16:01,,,
1180,1142,77,ApiCalls,get_responsible_by_lc,checklist_details.cshtml,/ApiCalls/get_responsible_by_lc,POST,Y,24-09-25 16:01,1,,
1181,1143,142,Execution,CAU Observation,cau_observation.cshtml,/ApiCalls/get_responsible_by_pp,POST,Y,24-09-25 16:01,,,
1182,1144,142,ApiCalls,get_responsible_by_lc,cau_observation.cshtml,/ApiCalls/get_responsible_by_lc,POST,Y,24-09-25 16:01,1,,
1183,1145,51,AuditeePortal,observation_assigned,observation_assigned.cshtml,/ApiCalls/delete_responsible_from_observation,POST,Y,25-09-25 13:24,1,,
1184,1146,121,Execution,manage_observations_branches,manage_observations_branches.cshtml,/ApiCalls/delete_responsible_from_observation,POST,Y,25-09-25 13:24,1,,
1185,1147,156,Execution,manage_draft_report_paras_branch,manage_draft_report_paras_branch.cshtml,/ApiCalls/delete_responsible_from_observation,POST,Y,25-09-25 13:24,1,,
1186,1148,157,Execution,draft_audit_report_branch,draft_audit_report_branch.cshtml,/ApiCalls/delete_responsible_from_observation,POST,Y,25-09-25 13:24,1,,
1187,1149,181,Execution,pre_concluding_audit,pre_concluding_audit.cshtml,/ApiCalls/delete_responsible_from_observation,POST,Y,25-09-25 13:24,1,,
1188,1150,280,Execution,manage_audit_paras,manage_audit_paras.cshtml,/ApiCalls/delete_responsible_from_observation,POST,Y,25-09-25 13:24,1,,
1189,1151,280,Execution,manage_audit_paras,manage_audit_paras.cshtml,/ApiCalls/delete_responsible_from_observation,POST,Y,25-09-25 13:24,1,,
1190,1152,291,Execution,manage_audit_paras_authorized,manage_audit_paras_authorized.cshtml,/ApiCalls/delete_responsible_from_observation,POST,Y,25-09-25 13:24,1,,
1191,2344,347,ApiCallsController,AddIidInqEvidenceFile,IID/InquiryReport,/ApiCalls/SaveIidInqFindingsRecomm,POST,Y,22-08-25 3:08,113092,,
1192,2345,347,ApiCallsController,AddIidInqEvidenceFile,IID/InquiryReport,/ApiCalls/GetIidInqFindingsRecomm,POST,Y,22-08-25 3:08,113092,,
1193,2346,347,ApiCallsController,AddIidInqEvidenceFile,IID/InquiryReport,/ApiCalls/GetIidEmployeeInfo,POST,Y,19-02-26 17:39,113092,,
1194,1116,170,Reports,zone_branch_wise_para_position_report,zone_branch_wise_para_position_report.cshtml,/ApiCalls/get_zone_brach_para_position,GET,Y,03-09-25 5:07,1,,
1195,1117,170,Reports,zone_branch_wise_para_position_report,zone_branch_wise_para_position_report.cshtml,/ApiCalls/get_zone_brach_para_position,POST,Y,03-09-25 5:07,1,,
1196,1118,172,Reports,fad_monthly_review,fad_monthly_review.cshtml,/ApiCalls/get_fad_monthly_review_paras_for_entity_type_id,GET,Y,03-09-25 5:07,1,,
1197,1119,172,Reports,fad_monthly_review,fad_monthly_review.cshtml,/ApiCalls/get_fad_monthly_review_paras_for_entity_type_id,POST,Y,03-09-25 5:07,1,,
1198,1120,175,Reports,fad_audit_plan,fad_audit_plan.cshtml,/ApiCalls/GetFADAuditPlan,POST,Y,03-09-25 5:07,1,,
1199,1121,176,Reports,analysis_of_settlement_paras,analysis_of_settlement_paras.cshtml,/ApiCalls/get_default_cnic_loan_detail_report,GET,Y,03-09-25 5:07,1,,
1200,1122,176,Reports,analysis_of_settlement_paras,analysis_of_settlement_paras.cshtml,/ApiCalls/get_default_cnic_loan_detail_report,POST,Y,03-09-25 5:07,1,,
1201,1123,181,Execution,pre_concluding_audit,pre_concluding_audit.cshtml,/ApiCalls/GetResponsiblePPNOforoldPara,GET,Y,03-09-25 5:07,1,,
1202,1124,181,Execution,pre_concluding_audit,pre_concluding_audit.cshtml,/ApiCalls/add_observation_gist_and_recommendation,POST,Y,03-09-25 5:07,1,,
1203,1125,181,Execution,pre_concluding_audit,pre_concluding_audit.cshtml,/ApiCalls/add_responsible_for_old_paras,POST,Y,03-09-25 5:07,1,,
1204,1126,181,Execution,pre_concluding_audit,pre_concluding_audit.cshtml,/ApiCalls/add_responsible_to_observation,POST,Y,03-09-25 5:07,1,,
1205,1127,181,Execution,pre_concluding_audit,pre_concluding_audit.cshtml,/ApiCalls/get_audit_checklist_detail,GET,Y,03-09-25 5:07,1,,
1206,1128,181,Execution,pre_concluding_audit,pre_concluding_audit.cshtml,/ApiCalls/get_audit_checklist_detail,POST,Y,03-09-25 5:07,1,,
1207,1129,181,Execution,pre_concluding_audit,pre_concluding_audit.cshtml,/ApiCalls/get_audit_sub_checklist,GET,Y,03-09-25 5:07,1,,
1208,1130,181,Execution,pre_concluding_audit,pre_concluding_audit.cshtml,/ApiCalls/get_audit_sub_checklist,POST,Y,03-09-25 5:07,1,,
1209,1131,181,Execution,pre_concluding_audit,pre_concluding_audit.cshtml,/ApiCalls/get_auditee_evidence_data,GET,Y,03-09-25 5:07,1,,
1210,1132,181,Execution,pre_concluding_audit,pre_concluding_audit.cshtml,/ApiCalls/get_auditee_evidence_data,POST,Y,03-09-25 5:07,1,,
1211,1133,181,Execution,pre_concluding_audit,pre_concluding_audit.cshtml,/ApiCalls/get_employee_name_from_pp,GET,Y,03-09-25 5:07,1,,
1212,1134,181,Execution,pre_concluding_audit,pre_concluding_audit.cshtml,/ApiCalls/get_employee_name_from_pp,POST,Y,03-09-25 5:07,1,,
1213,1135,181,Execution,pre_concluding_audit,pre_concluding_audit.cshtml,/ApiCalls/get_lc_details,GET,Y,03-09-25 5:07,1,,
1214,1136,181,Execution,pre_concluding_audit,pre_concluding_audit.cshtml,/ApiCalls/get_lc_details,POST,Y,03-09-25 5:07,1,,
1215,1137,181,Execution,pre_concluding_audit,pre_concluding_audit.cshtml,/ApiCalls/get_obs_details_by_id_pre_con,GET,Y,03-09-25 5:07,1,,
1216,1187,350,ApiCalls,get_zone_Branches,IID/Reports.cshtml,/ApiCalls/get_zone_Branches,POST,Y,11-02-26 10:28,113092,,
1217,1188,351,IID,SubmitComplaint,IID/SubmitComplaint.cshtml,/IID/SubmitComplaint,POST,Y,11-02-26 10:28,113092,,
1218,1189,343,ApiCalls,GetComplaintsDropdown,IID/Analysis.cshtml,/ApiCalls/GetComplaintsDropdown,POST,Y,11-02-26 10:28,113092,,
1219,1190,350,ApiCalls,get_ho_units,IID/Reports.cshtml,/ApiCalls/get_ho_units,POST,Y,11-02-26 10:28,113092,,
1220,1191,345,IID,HeadReview,IID/HeadReview.cshtml,/IID/HeadReview,POST,Y,11-02-26 10:28,113092,,
1221,1192,349,IID,PlanApproval,IID/PlanApproval.cshtml,/IID/PlanApproval,POST,Y,11-02-26 10:28,113092,,
1222,1193,349,ApiCalls,GetLatestPlanByComplaintId,IID/PlanApproval.cshtml,/ApiCalls/GetLatestPlanByComplaintId,POST,Y,11-02-26 10:28,113092,,
1223,1194,351,ApiCalls,get_ho_unit_types,IID/SubmitComplaint.cshtml,/ApiCalls/get_ho_unit_types,POST,Y,11-02-26 10:28,113092,,
1224,1195,350,ApiCalls,get_region_zone_office,IID/Reports.cshtml,/ApiCalls/get_region_zone_office,POST,Y,11-02-26 10:28,113092,,
1225,1196,345,ApiCalls,GetComplaintsDropdown,IID/HeadReview.cshtml,/ApiCalls/GetComplaintsDropdown,POST,Y,11-02-26 10:28,113092,,
1226,1197,346,IID,InitialAssessment,IID/InitialAssessment.cshtml,/IID/InitialAssessment,POST,Y,11-02-26 10:28,113092,,
1227,1198,346,ApiCalls,GetIiUnits,IID/InitialAssessment.cshtml,/ApiCalls/GetIiUnits,GET,Y,11-02-26 10:28,113092,,
1228,1199,347,ApiCalls,GetComplaintsDropdown,IID/InquiryReport.cshtml,/ApiCalls/GetComplaintsDropdown,POST,Y,11-02-26 10:28,113092,,
1229,1200,347,ApiCalls,GetComplaint,IID/InquiryReport.cshtml,/ApiCalls/GetComplaint,POST,Y,11-02-26 10:28,113092,,
1230,1201,343,ApiCalls,GetInquiryReportFiles,IID/Analysis.cshtml,/ApiCalls/GetInquiryReportFiles,POST,Y,11-02-26 10:28,113092,,
1231,1202,344,ApiCalls,GetLatestInquiryReportByComplaintId,IID/FinalApproval.cshtml,/ApiCalls/GetLatestInquiryReportByComplaintId,POST,Y,11-02-26 10:28,113092,,
1232,1203,350,ApiCalls,GetComplaintsDropdown,IID/Reports.cshtml,/ApiCalls/GetComplaintsDropdown,POST,Y,11-02-26 10:28,113092,,
1233,1204,348,ApiCalls,GetComplaintsDropdown,IID/InvestigationPlan.cshtml,/ApiCalls/GetComplaintsDropdown,POST,Y,11-02-26 10:28,113092,,
1234,1205,348,ApiCalls,GetLatestPlanByComplaintId,IID/InvestigationPlan.cshtml,/ApiCalls/GetLatestPlanByComplaintId,POST,Y,11-02-26 10:28,113092,,
1235,1206,344,IID,FinalApproval,IID/FinalApproval.cshtml,/IID/FinalApproval,POST,Y,11-02-26 10:28,113092,,
1236,1207,344,ApiCalls,GetInquiryReportFiles,IID/FinalApproval.cshtml,/ApiCalls/GetInquiryReportFiles,POST,Y,11-02-26 10:28,113092,,
1237,1208,343,ApiCalls,GetComplaint,IID/Analysis.cshtml,/ApiCalls/GetComplaint,POST,Y,11-02-26 10:28,113092,,
1238,1209,343,ApiCalls,GetLatestInquiryReportByComplaintId,IID/Analysis.cshtml,/ApiCalls/GetLatestInquiryReportByComplaintId,POST,Y,11-02-26 10:28,113092,,
1239,1210,342,IID,CaseStudy,IID/CaseStudy.cshtml,/IID/CaseStudy,POST,Y,11-02-26 10:28,113092,,
1240,1211,344,ApiCalls,GetComplaintsDropdown,IID/FinalApproval.cshtml,/ApiCalls/GetComplaintsDropdown,POST,Y,11-02-26 10:28,113092,,
1241,1212,343,IID,Analysis,IID/Analysis.cshtml,/IID/Analysis,POST,Y,11-02-26 10:28,113092,,
1242,1213,342,ApiCalls,GetComplaintsDropdown,IID/CaseStudy.cshtml,/ApiCalls/GetComplaintsDropdown,POST,Y,11-02-26 10:28,113092,,
1243,1214,348,ApiCalls,GetComplaint,IID/InvestigationPlan.cshtml,/ApiCalls/GetComplaint,POST,Y,11-02-26 10:28,113092,,
1244,1215,343,ApiCalls,AddAnalysis,IID/Analysis.cshtml,/ApiCalls/AddAnalysis,POST,Y,11-02-26 10:28,113092,,
1245,1216,345,ApiCalls,GetIiUnits,IID/HeadReview.cshtml,/ApiCalls/GetIiUnits,GET,Y,11-02-26 10:28,113092,,
1246,1217,347,IID,InquiryReport,IID/InquiryReport.cshtml,/IID/InquiryReport,POST,Y,11-02-26 10:28,113092,,
1247,1218,349,ApiCalls,GetIidPlanDetails,IID/PlanApproval.cshtml,/ApiCalls/GetIidPlanDetails,GET,Y,11-02-26 10:28,113092,,
1248,1219,345,ApiCalls,GetComplaint,IID/HeadReview.cshtml,/ApiCalls/GetComplaint,POST,Y,11-02-26 10:28,113092,,
1249,1220,346,ApiCalls,GetComplaintsDropdown,IID/InitialAssessment.cshtml,/ApiCalls/GetComplaintsDropdown,POST,Y,11-02-26 10:28,113092,,
1250,1221,348,IID,InvestigationPlan,IID/InvestigationPlan.cshtml,/IID/InvestigationPlan,POST,Y,11-02-26 10:28,113092,,
1251,1222,342,ApiCalls,GetComplaint,IID/CaseStudy.cshtml,/ApiCalls/GetComplaint,POST,Y,11-02-26 10:28,113092,,
1252,1223,344,ApiCalls,GetComplaint,IID/FinalApproval.cshtml,/ApiCalls/GetComplaint,POST,Y,11-02-26 10:28,113092,,
1253,1224,349,ApiCalls,GetComplaintsDropdown,IID/PlanApproval.cshtml,/ApiCalls/GetComplaintsDropdown,POST,Y,11-02-26 10:28,113092,,
1254,1225,351,ApiCalls,get_ho_units,IID/SubmitComplaint.cshtml,/ApiCalls/get_ho_units,POST,Y,11-02-26 10:28,113092,,
1255,1226,350,ApiCalls,get_ho_unit_types,IID/Reports.cshtml,/ApiCalls/get_ho_unit_types,POST,Y,11-02-26 10:28,113092,,
