"PackageName","ProcedureCall","Status","Modules","Methods","ReadObjects","WriteObjects","ObjectRefs","MappingFound","RecommendedTreatment"
"PKG_AD","PKG_AD.P_GETALLTOPMENUS","Confirmed Active","AD","GetAllTopMenus","T_MENU","","T_CURSOR; T_MENU","True","Keep within future-state module design"
"PKG_AD","PKG_AD.P_GETALLMENUPAGES","Confirmed Active","AD","GetAllMenuPages","T_MENU_PAGES","","T_MENU_PAGES; T_CURSOR","True","Keep within future-state module design"
"PKG_AD","PKG_AD.P_GETASSIGNEDMENUPAGES","Confirmed Active","AD","GetAssignedMenuPages","T_MENU_PAGES; T_MENU_PAGES_GROUPMAP","","T_MENU_PAGES_GROUPMAP; T_MENU_PAGES; T_CURSOR","True","Keep within future-state module design"
"PKG_AD","PKG_AD.P_UPDATEALLMENUPAGES","Confirmed Active","AD","UpdateMenuPagesAssignment","","T_MENU_PAGES","T_MENU_PAGES","True","Keep within future-state module design"
"PKG_AD","PKG_AD.P_GETGROUPS","Confirmed Active","AD","GetGroups","T_GROUPS","","T_CURSOR; T_GROUPS","True","Keep within future-state module design"
"PKG_AD","PKG_AD.P_ADDGROUP","Confirmed Active","AD","AddGroup","T_GROUPS","T_GROUPS","T_GROUPS","True","Keep within future-state module design"
"PKG_AD","PKG_AD.P_GROUP_UPDATE","Confirmed Active","AD","AddGroup","","T_GROUPS","T_GROUPS","True","Keep within future-state module design"
"PKG_AD","PKG_AD.P_GETROLERESPONSIBILITIES","Confirmed Active","AD","GetHRDesignation; GetRoleResponsibilities","T_HR_DESIGNATIONS","","T_CURSOR; T_HR_DESIGNATIONS","True","Keep within future-state module design"
"PKG_AD","PKG_AD.P_GET_ANNEXURE","Confirmed Active","AD","GetAnnexuresForChecklistDetail","T_AUDIT_CHECKLIST_ANNEXURE; T_AUDIT_CHECKLIST_ANNEXURE_PROCESS; T_RISK; T_AUDITEE_ENTITIES","","T_CURSOR; T_AUDIT_CHECKLIST_ANNEXURE; T_AUDIT_CHECKLIST_ANNEXURE_PROCESS; T_RISK; T_AUDITEE_ENTITIES","True","Keep within future-state module design"
"PKG_AD","PKG_AD.P_GET_ALLUSERS","Confirmed Active","AD","GetAllUsers; GetMatchedPPNumbers","V_SERVICE_EMPLOYEEINFO; T_USER; T_EMAIL_ADDRESS; T_AUDITEE_ENTITIES; V_GET_PARENT_OFFICE; T_AUDITEE_ENT_TYPES; T_USER_MAPING; T_GROUPS","","T_USER; V_SERVICE_EMPLOYEEINFO; T_GROUPS; T_CURSOR; V_EMAIL; T_EMAIL_ADDRESS; T_AUDITEE_ENTITIES; V_GET_PARENT_OFFICE; T_AUDITEE_ENT_TYPES; T_USER_MAPING","True","Keep within future-state module design"
"PKG_AD","PKG_AD.P_ADD_NEW_USER","Confirmed Active","AD","AddNewUser","T_USER_MAPING; T_USER; V_SERVICE_EMPLOYEEINFO; DUAL","T_USER_MAPING; T_USER","T_CURSOR; T_USER_MAPING; T_USER; V_SERVICE_EMPLOYEEINFO","True","Keep within future-state module design"
"PKG_AD","PKG_AD.P_GET_ENTITY_TYPE","Confirmed Active","AD","GetAuditEntityTypes","T_AUDITEE_ENT_TYPES","","T_CURSOR; T_AUDITEE_ENT_TYPES","True","Keep within future-state module design"
"PKG_AD","PKG_AD.P_GET_AUDITED_BY","Confirmed Active","AD","GetAuditBy","T_AUDIT_DEPARTMENTS","","T_CURSOR; T_AUDIT_DEPARTMENTS","True","Keep within future-state module design"
"PKG_AD","PKG_AD.P_GETAUDITEEENTITYTYPES","Confirmed Active","AD","GetAuditeeEntities; GetEntityTypeList","T_AUDITEE_ENT_TYPES","","T_CURSOR; T_AUDITEE_ENT_TYPES","True","Keep within future-state module design"
"PKG_AD","PKG_AD.P_GETENTITEES_FOR_UPDATE","Confirmed Active","AD","GetAuditeeEntitiesForUpdate","T_AUDITEE_ENTITIES; T_RISK; T_AUDITEE_ENTITIES_SIZE_DISC; T_AUDITEE_ENTITIES_UPDATE_AZ","","T_CURSOR; T_AUDITEE_ENTITIES; T_RISK; T_AUDITEE_ENTITIES_SIZE_DISC; T_AUDITEE_ENTITIES_UPDATE_AZ","True","Keep within future-state module design"
"PKG_AD","PKG_AD.P_GETENTITEES_FOR_UPDATE_COMP","Confirmed Active","AD","GetAuditeeEntitiesForUpdateForAuthorization","T_AUDITEE_ENTITIES_UPDATE_AZ; T_AUDITEE_ENTITIES; T_RISK; T_AUDITEE_ENTITIES_SIZE_DISC","","T_CURSOR; T_AUDITEE_ENTITIES_UPDATE_AZ; T_AUDITEE_ENTITIES; T_RISK; T_AUDITEE_ENTITIES_SIZE_DISC","True","Keep within future-state module design"
"PKG_AD","PKG_AD.P_GETENTITEES_FOR_UPDATE_AUTHORIZATION","Confirmed Active","AD","GetAuditeeEntitiesForAuthorization","T_AUDITEE_ENTITIES_UPDATE_AZ; T_AUDITEE_ENTITIES; T_RISK; T_AUDITEE_ENTITIES_SIZE_DISC","","T_CURSOR; T_AUDITEE_ENTITIES_UPDATE_AZ; T_AUDITEE_ENTITIES; T_RISK; T_AUDITEE_ENTITIES_SIZE_DISC","True","Keep within future-state module design"
"PKG_AD","PKG_AD.P_UPDATE_ENTITIES","Confirmed Active","AD","UpdateAuditeeEntity","T_AUDITEE_ENTITIES_UPDATE_AZ; T_AUDITEE_ENTITIES; DUAL","T_AUDITEE_ENTITIES_UPDATE_AZ; T_AUDITEE_ENTITIES; TO","T_CURSOR; V_NEW_ID; V_PENDING_COUNT; T_AUDITEE_ENTITIES_UPDATE_AZ; T_AUDITEE_ENTITIES","True","Keep within future-state module design"
"PKG_AD","PKG_AD.P_GET_AUDITEE_ENTITIES","Confirmed Active","AD","GetAISEntities","T_AUDITEE_ENTITIES; T_AUDITEE_ENT_TYPES","","T_ID; T_CURSOR; T_AUDITEE_ENTITIES; T_AUDITEE_ENT_TYPES","True","Keep within future-state module design"
"PKG_AD","PKG_AD.P_GET_CBAS_ENTITIES","Confirmed Active","AD","GetCBASEntities","V_GET_CBAS_ENTITIES","","T_CURSOR; V_GET_CBAS_ENTITIES","True","Keep within future-state module design"
"PKG_AD","PKG_AD.P_GET_ERP_ENTITIES","Confirmed Active","AD","GetERPEntities","DUAL; V_ERP_DEPARTMENTS","","T_CURSOR; V_ERP_DEPARTMENTS","True","Keep within future-state module design"
"PKG_AD","PKG_AD.P_GET_HR_ENTITIES","Confirmed Active","AD","GetHREntities; GetHREntitiesForAdminPanelEntityAddition","V_GET_HR_ENTITIES","","T_CURSOR; V_GET_HR_ENTITIES","True","Keep within future-state module design"
"PKG_AD","PKG_AD.P_ADDAUDITENTITY","Confirmed Active","AD","AddAuditEntity","T_AUDITEE_ENT_TYPES","T_AUDITEE_ENT_TYPES","T_AUDITEE_ENT_TYPES","True","Keep within future-state module design"
"PKG_AD","PKG_AD.P_GETAUDITSUBENTITIES","Low-Confidence / Needs Verification","AD","GetAuditSubEntities","T_AUDITEE_ENTITEE_SUBENTITY","","T_CURSOR; T_AUDITEE_ENTITEE_SUBENTITY","True","Investigate before exclusion; package source not fully mapped"
"PKG_AD","PKG_AD.UPDATE_USERS","Confirmed Active","AD","UpdateUser","T_USER_MAPING; T_USER; T_EMAIL_ADDRESS; T_EMP_EMAILS; T_AU_REMARKS","T_USER; T_USER_MAPING; T_EMAIL_ADDRESS; T_EMP_EMAILS","T_USER; T_USER_MAPING; T_CURSOR; V_COUNT; T_EMAIL_ADDRESS; T_EMP_EMAILS; T_AU_REMARKS","True","Keep within future-state module design"
"PKG_AD","PKG_AD.RESET_USER_PASSWORD","Confirmed Active","AD","ResetUserPassword","T_USER; T_AUDITEE_ENTITIES; T_AUDITEE_ENT_TYPES; DUAL; V_SERVICE_EMPLOYEEINFO; V_EMAILS","PASSWORD; T_USER","T_USER; T_CURSOR; V_ENT_TYPE; V_ENT_ID; V_EMP_CNIC_RAW; V_EMP_CNIC_NORM; V_CNIC_NORM; V_EMAIL_PRIMARY; V_EMAIL_BRANCH; V_EMP_NAME; T_AUDITEE_ENTITIES; T_AUDITEE_ENT_TYPES; V_SERVICE_EMPLOYEEINFO; V_EMAILS","True","Keep within future-state module design"
"PKG_AD","PKG_AD.P_ADDGROUPMENUITEMSASSIGNMENT","Confirmed Active","AD","AddGroupMenuItemsAssignment","T_MENU_PAGES_GROUPMAP; T_AU_API_MASTER; T_AU_ROLE_API_PERMISSION","T_MENU_PAGES_GROUPMAP; T_AU_ROLE_API_PERMISSION","T_MENU_PAGES_GROUPMAP; T_AU_ROLE_API_PERMISSION; T_AU_API_MASTER","True","Keep within future-state module design"
"PKG_AD","PKG_AD.P_REMOVEGROUPMENUITEMSASSIGNMENT","Confirmed Active","AD","RemoveGroupMenuItemsAssignment","T_MENU_PAGES_GROUPMAP; T_AU_ROLE_API_PERMISSION; T_AU_API_MASTER","T_MENU_PAGES_GROUPMAP; T_AU_ROLE_API_PERMISSION","T_MENU_PAGES_GROUPMAP; T_AU_ROLE_API_PERMISSION; T_AU_API_MASTER","True","Keep within future-state module design"
"PKG_AD","PKG_AD.P_GETAUDITZONES","Confirmed Active","AD","GetAuditZones","T_AUDITEE_ENTITIES","","T_AUDITEE_ENTITIES; T_CURSOR","True","Keep within future-state module design"
"PKG_AD","PKG_AD.P_GETBRANCHES","Confirmed Active","AD","GetBranches","V_SERVICE_BRANCH","","T_CURSOR; V_SERVICE_BRANCH; V_SERVICE_ZONES","True","Keep within future-state module design"
"PKG_AD","PKG_AD.P_GETZONES","Confirmed Active","AD","GetZones","T_AUDITEE_ENTITIES","","T_CURSOR; T_AUDITEE_ENTITIES","True","Keep within future-state module design"
"PKG_AD","PKG_AD.P_GETZONESFORHOMOINTORING","Confirmed Active","AD","GetZonesoldparamointoring","T_AUDITEE_ENTITIES; V_GET_PARENT_OFFICE; T_AUDITEE_ENTITIES_MAPING; T_AUDITEE_ENT_TYPES","","T_CURSOR; T_AUDITEE_ENTITIES; V_GET_PARENT_OFFICE; T_AUDITEE_ENTITIES_MAPING; T_AUDITEE_ENT_TYPES","True","Keep within future-state module design"
"PKG_AD","PKG_AD.P_GETBRANCHSIZES","Confirmed Active","AD","GetBranchSizes","T_AUDITEE_ENTITIES_SIZE_DISC","","T_CURSOR; T_AUDITEE_ENTITIES_SIZE_DISC","True","Keep within future-state module design"
"PKG_AD","PKG_AD.P_GETCONTROLVIOLATIONS","Confirmed Active","AD","GetControlViolations","T_R_SUB_GROUP","","T_CURSOR; T_R_SUB_GROUP","True","Keep within future-state module design"
"PKG_AD","PKG_AD.P_GETSUBENTITIES","Confirmed Active","AD","GetSubEntities","T_AUDITEE_ENTITEE_SUBENTITY; T_AUDITEE_ENTITIES_MAPING","","T_CURSOR; T_AUDITEE_ENTITEE_SUBENTITY; T_AUDITEE_ENTITIES_MAPING","True","Keep within future-state module design"
"PKG_AD","PKG_AD.P_ADDSUBENTITY","Confirmed Active","AD","AddSubEntity","T_AUDITEE_ENTITEE_SUBENTITY","T_AUDITEE_ENTITEE_SUBENTITY","T_AUDITEE_ENTITEE_SUBENTITY","True","Keep within future-state module design"
"PKG_AD","PKG_AD.P_UPDATESUBENTITY","Confirmed Active","AD","UpdateSubEntity","","T_AUDITEE_ENTITEE_SUBENTITY","T_AUDITEE_ENTITEE_SUBENTITY","True","Keep within future-state module design"
"PKG_AD","PKG_AD.P_GET_AUDIT_TEAM_POSTCHANGES","Confirmed Active","AD","GetAuditOngoingEngagementPlans","T_AU_AUDIT_TEAM_TASKLIST; T_AU_TEAM_MEMBERS; T_AU_AUDIT_TEAMS; T_AU_PLAN_ENG","","T_CURSOR; T_NAME; T_AU_AUDIT_TEAM_TASKLIST; T_AU_TEAM_MEMBERS; T_ID; T_AU_AUDIT_TEAMS; T_AU_PLAN_ENG","True","Keep within future-state module design"
"PKG_AD","PKG_AD.P_GETRISKPROCESSDETAILS","Confirmed Active","AD","GetRiskProcessDetails","T_AUDIT_CHECKLIST; T_AUDIT_CHECKLIST_SUB","","T_CURSOR; T_AUDIT_CHECKLIST; T_ID; T_AUDIT_CHECKLIST_SUB","True","Keep within future-state module design"
"PKG_AD","PKG_AD.P_GET_SUB_CHECKLIST_UPDATE_BYID","Confirmed Active","AD","GetSubChecklistComparisonDetailById","V_SUB_CHECKLIST_UPDATE_EXITING; V_SUB_CHECKLIST_UPDATE_PROPOSE","","T_CURSOR; T_ID; V_SUB_CHECKLIST_UPDATE_EXITING; V_SUB_CHECKLIST_UPDATE_PROPOSE","True","Keep within future-state module design"
"PKG_AD","PKG_AD.P_GET_CHECKLIST_UPDATE_BYID","Confirmed Active","AD","GetChecklistComparisonDetailById","V_CHECKLIST_UPDATE_EXITING; V_CHECKLIST_UPDATE_PROPOSE","","T_CURSOR; V_CHECKLIST_UPDATE_EXITING; V_CHECKLIST_UPDATE_PROPOSE","True","Keep within future-state module design"
"PKG_AD","PKG_AD.P_GET_CHECKLIST_UPDATE_BYID_REF","Confirmed Active","AD","GetChecklistComparisonDetailByIdForRefferedBack","V_CHECKLIST_UPDATE_EXITING; V_CHECKLIST_UPDATE_PROPOSE_ID","","T_CURSOR; V_CHECKLIST_UPDATE_EXITING; V_CHECKLIST_UPDATE_PROPOSE_ID","True","Keep within future-state module design"
"PKG_AD","PKG_AD.P_GETRISKPROCESSTRANSACTIONS","Confirmed Active","AD","GetRiskProcessTransactions","T_AUDIT_CHECKLIST_DETAILS; T_AUDIT_CHECKLIST_SUB; T_AUDIT_CHECKLIST; T_R_SUB_GROUP; T_HR_DESIGNATIONS; T_AUDITEE_ENTITIES","","T_CURSOR; V_NAME; T_AUDIT_CHECKLIST_DETAILS; T_AUDIT_CHECKLIST_SUB; T_AUDIT_CHECKLIST; T_ID; T_R_SUB_GROUP; V_ID; T_HR_DESIGNATIONS; T_AUDITEE_ENTITIES","True","Keep within future-state module design"
"PKG_AD","PKG_AD.P_GET_UPDATED_SUB_CHECKLIST_FOR_REVIEW","Confirmed Active","AD","GetUpdatedSubChecklistForReviewAndAuthorize","T_AUDIT_CHECKLIST; T_AUDIT_CHECKLIST_SUB; T_AUDIT_CHECKLIST_SUB_CHANGE; V_SUB_CHECKLIST_REFFEREDBACK_COMMENTS; T_AUDIT_CHECKLIST_DETAILS_LOG","","T_CURSOR; T_ID; T_AUDIT_CHECKLIST; T_AUDIT_CHECKLIST_SUB; T_AUDIT_CHECKLIST_SUB_CHANGE; V_SUB_CHECKLIST_REFFEREDBACK_COMMENTS; T_AUDIT_CHECKLIST_DETAILS_LOG","True","Keep within future-state module design"
"PKG_AD","PKG_AD.P_GET_UPDATED_CHECKLIST_FOR_REVIEW","Confirmed Active","AD","GetUpdatedChecklistDetailsForReviewAndAuthorize","T_AUDIT_CHECKLIST_DETAILS; T_AUDIT_CHECKLIST_DETAILS_CHANGE; T_AUDIT_CHECKLIST_SUB; T_AUDIT_CHECKLIST; T_R_SUB_GROUP; T_HR_DESIGNATIONS; T_AUDITEE_ENTITIES; T_RISK; V_CHECKLIST_REFFEREDBACK_COMMENTS; T_AUDIT_CHECKLIST_DETAILS_LOG","","T_CURSOR; V_ID; V_NAME; T_AUDIT_CHECKLIST_DETAILS; T_AUDIT_CHECKLIST_DETAILS_CHANGE; T_AUDIT_CHECKLIST_SUB; T_AUDIT_CHECKLIST; T_ID; T_R_SUB_GROUP; T_HR_DESIGNATIONS; T_AUDITEE_ENTITIES; T_RISK; V_CHECKLIST_REFFEREDBACK_COMMENTS; T_AUDIT_CHECKLIST_DETAILS_LOG","True","Keep within future-state module design"
"PKG_AD","PKG_AD.P_AUDIT_CHECKLIST","Confirmed Active","AD","AddAuditChecklist; AddRiskProcess","T_AU_ACTIVITY_LOG; T_AUDIT_CHECKLIST; DUAL","T_AU_ACTIVITY_LOG; T_AUDIT_CHECKLIST","T_CURSOR; T_AU_ACTIVITY_LOG; T_AUDIT_CHECKLIST; T_ID","True","Keep within future-state module design"
"PKG_AD","PKG_AD.P_AUDIT_CHECKLIST_SUB","Confirmed Active","AD","AddAuditSubChecklist; AddRiskSubProcess","T_AU_ACTIVITY_LOG; T_AUDIT_CHECKLIST_SUB_CHANGE; T_AUDIT_CHECKLIST_SUB; T_AUDIT_CHECKLIST_DETAILS_LOG; DUAL","T_AU_ACTIVITY_LOG; T_AUDIT_CHECKLIST_SUB_CHANGE; T_AUDIT_CHECKLIST_SUB; T_AUDIT_CHECKLIST_DETAILS_LOG","T_CURSOR; T_AU_ACTIVITY_LOG; T_AUDIT_CHECKLIST_SUB_CHANGE; T_AUDIT_CHECKLIST_SUB; T_ID; T_AUDIT_CHECKLIST_DETAILS_LOG","True","Keep within future-state module design"
"PKG_AD","PKG_AD.P_AUDIT_CHECKLIST_DETAIL","Confirmed Active","AD","AddAuditChecklistDetail; AddRiskSubProcessTransaction","T_AU_ACTIVITY_LOG; T_AUDIT_CHECKLIST_DETAILS_CHANGE; T_AUDIT_CHECKLIST_DETAILS; T_AUDIT_CHECKLIST_DETAILS_LOG; DUAL","T_AU_ACTIVITY_LOG; T_AUDIT_CHECKLIST_DETAILS_CHANGE; T_AUDIT_CHECKLIST_DETAILS; T_AUDIT_CHECKLIST_DETAILS_LOG","T_CURSOR; T_AU_ACTIVITY_LOG; T_AUDIT_CHECKLIST_DETAILS_CHANGE; T_AUDIT_CHECKLIST_DETAILS; V_ID; T_AUDIT_CHECKLIST_DETAILS_LOG; T_ID","True","Keep within future-state module design"
"PKG_AD","PKG_AD.P_APPROVED_SUB_PROCESS_BY_AUTHORIZER","Confirmed Active","AD","AuthorizeSubProcessByAuthorizer","T_AU_ACTIVITY_LOG; DUAL; T_AUDIT_CHECKLIST_SUB_CHANGE; T_AUDIT_CHECKLIST_DETAILS_LOG","T_AU_ACTIVITY_LOG; T_AUDIT_CHECKLIST_SUB_CHANGE; T_AUDIT_CHECKLIST_SUB; T_AUDIT_CHECKLIST_DETAILS_LOG","T_CURSOR; V_F; T_AU_ACTIVITY_LOG; T_AUDIT_CHECKLIST_SUB_CHANGE; T_ID; T_AUDIT_CHECKLIST_SUB; T_AUDIT_CHECKLIST_DETAILS_LOG","True","Keep within future-state module design"
"PKG_AD","PKG_AD.P_REFFEREDBACK_SUB_CHECKLIST_BY_REVIEWER","Confirmed Active","AD","RefferedBackSubProcessByAuthorizer","T_AUDIT_CHECKLIST_DETAILS_LOG; DUAL","T_AUDIT_CHECKLIST_SUB_CHANGE; T_AUDIT_CHECKLIST_DETAILS_LOG","T_CURSOR; T_AUDIT_CHECKLIST_SUB_CHANGE; T_AUDIT_CHECKLIST_DETAILS_LOG","True","Keep within future-state module design"
"PKG_AD","PKG_AD.P_RECOMMEND_CHECKLIST_BY_REVIEWER","Confirmed Active","AD","RecommendProcessTransactionByReviewer","T_AU_ACTIVITY_LOG; T_AUDIT_CHECKLIST_DETAILS_LOG; DUAL","T_AUDIT_CHECKLIST_DETAILS_CHANGE; T_AU_ACTIVITY_LOG; T_AUDIT_CHECKLIST_DETAILS_LOG","T_ID; T_CURSOR; T_AUDIT_CHECKLIST_DETAILS_CHANGE; T_AU_ACTIVITY_LOG; T_AUDIT_CHECKLIST_DETAILS_LOG","True","Keep within future-state module design"
"PKG_AD","PKG_AD.P_REFFEREDBACK_CHECKLIST_BY_REVIEWER","Confirmed Active","AD","RefferedBackProcessTransactionByReviewer","T_AU_ACTIVITY_LOG; T_AUDIT_CHECKLIST_DETAILS_LOG; DUAL","T_AU_ACTIVITY_LOG; T_AUDIT_CHECKLIST_DETAILS_CHANGE; T_AUDIT_CHECKLIST_DETAILS_LOG","T_ID; T_CURSOR; T_AU_ACTIVITY_LOG; T_AUDIT_CHECKLIST_DETAILS_CHANGE; T_AUDIT_CHECKLIST_DETAILS_LOG","True","Keep within future-state module design"
"PKG_AD","PKG_AD.P_APPROVE_CHECKLIST_BY_AUTHORIZER","Confirmed Active","AD","AuthorizeProcessTransactionByAuthorizer","T_AU_ACTIVITY_LOG; T_AUDIT_CHECKLIST_DETAILS; T_AUDIT_CHECKLIST_DETAILS_CHANGE; T_AUDIT_CHECKLIST_DETAILS_LOG; DUAL","T_AU_ACTIVITY_LOG; T_AUDIT_CHECKLIST_DETAILS_CHANGE; T_AUDIT_CHECKLIST_DETAILS; T_AU_OBSERVATION; T_AUDIT_CHECKLIST_DETAILS_LOG","T_ID; T_CURSOR; V_F; T_AU_ACTIVITY_LOG; T_AUDIT_CHECKLIST_DETAILS; T_AUDIT_CHECKLIST_DETAILS_CHANGE; V_ID; T_AU_OBSERVATION; T_AUDIT_CHECKLIST_DETAILS_LOG","True","Keep within future-state module design"
"PKG_AD","PKG_AD.P_REFFEREDBACK_CHECKLIST_BY_AUTHORIZER","Confirmed Active","AD","RefferedBackProcessTransactionByAuthorizer","T_AU_ACTIVITY_LOG; T_AUDIT_CHECKLIST_DETAILS_LOG; DUAL","T_AU_ACTIVITY_LOG; T_AUDIT_CHECKLIST_DETAILS_CHANGE; T_AUDIT_CHECKLIST_DETAILS_LOG","T_ID; T_CURSOR; T_AU_ACTIVITY_LOG; T_AUDIT_CHECKLIST_DETAILS_CHANGE; T_AUDIT_CHECKLIST_DETAILS_LOG","True","Keep within future-state module design"
"PKG_AD","PKG_AD.P_GETRISKS","Confirmed Active","AD","GetRisks","T_RISK","","T_CURSOR; T_RISK","True","Keep within future-state module design"
"PKG_AD","PKG_AD.P_GET_SUBCHECKILIST","Confirmed Active","AD","GetAuthorizeMergeSubChecklist","T_AUDIT_CHECKLIST_SUB; T_AUDIT_CHECKLIST_SUB_MERGER","","T_CURSOR; T_ID; T_AUDIT_CHECKLIST_SUB; T_AUDIT_CHECKLIST_SUB_MERGER","True","Keep within future-state module design"
"PKG_AD","PKG_AD.P_GET_ANNEXURE_PROCESS","Confirmed Active","AD","GetAnnexureProcess","T_AUDIT_CHECKLIST_ANNEXURE_PROCESS","","T_CURSOR; T_AUDIT_CHECKLIST_ANNEXURE_PROCESS","True","Keep within future-state module design"
"PKG_AD","PKG_AD.P_GETLATESTCOMMENTSONPROCESS","Likely Active","AD","GetLatestCommentsOnProcess","T_AUDIT_CHECKLIST_DETAILS_LOG","","T_CURSOR; T_AUDIT_CHECKLIST_DETAILS_LOG; T_ID","True","Validate before DDL freeze"
"PKG_AD","PKG_AD.P_GET_SUB_CHECKLIST_MAKER","Confirmed Active","AD","GetAuditSubChecklist","T_AUDIT_CHECKLIST_SUB; T_AUDIT_CHECKLIST; V_SUB_CHECKLIST_UPDATE_EXITING; V_SUB_CHECKLIST_REFFEREDBACK_COMMENTS; T_AUDIT_CHECKLIST_DETAILS_LOG","","T_CURSOR; T_ID; T_AUDIT_CHECKLIST_SUB; T_AUDIT_CHECKLIST; V_SUB_CHECKLIST_UPDATE_EXITING; V_SUB_CHECKLIST_REFFEREDBACK_COMMENTS; T_AUDIT_CHECKLIST_DETAILS_LOG","True","Keep within future-state module design"
"PKG_AD","PKG_AD.P_AUDIT_CHECKLIST_UPDATE","Confirmed Active","AD","UpdateAuditChecklist","T_AU_ACTIVITY_LOG; DUAL","T_AU_ACTIVITY_LOG; T_AUDIT_CHECKLIST","T_CURSOR; T_AU_ACTIVITY_LOG; T_AUDIT_CHECKLIST; T_ID","True","Keep within future-state module design"
"PKG_AD","PKG_AD.P_AUDIT_CHECKLIST_SUB_UPDATE","Confirmed Active","AD","UpdateAuditSubChecklist","T_AU_ACTIVITY_LOG; T_AUDIT_CHECKLIST_DETAILS_LOG; DUAL","T_AU_ACTIVITY_LOG; T_AUDIT_CHECKLIST_SUB_CHANGE; T_AUDIT_CHECKLIST_DETAILS_LOG","T_CURSOR; T_AU_ACTIVITY_LOG; T_AUDIT_CHECKLIST_SUB_CHANGE; T_ID; T_AUDIT_CHECKLIST_DETAILS_LOG","True","Keep within future-state module design"
"PKG_AD","PKG_AD.P_GETCHECKLISTDETAILBYSUBPROCESSID","Confirmed Active","AD","GetAuditChecklistDetail","T_AUDIT_CHECKLIST_DETAILS; T_AUDIT_CHECKLIST_SUB; T_AUDIT_CHECKLIST_DETAILS_CHANGE","","T_CURSOR; V_ID; T_NAME; T_AUDIT_CHECKLIST_DETAILS; T_AUDIT_CHECKLIST_SUB; T_AUDIT_CHECKLIST_DETAILS_CHANGE","True","Keep within future-state module design"
"PKG_AD","PKG_AD.P_GET_CHECKLISTDETAIL_FOR_DUPLICATE","Confirmed Active","AD","GetAuditChecklistDetailForRemoveDuplicate","T_AUDIT_CHECKLIST_DETAILS; T_AUDIT_CHECKLIST_SUB; T_AUDIT_CHECKLIST_DETAILS_CHANGE","","T_CURSOR; V_ID; T_NAME; T_AUDIT_CHECKLIST_DETAILS; T_AUDIT_CHECKLIST_SUB; T_AUDIT_CHECKLIST_DETAILS_CHANGE","True","Keep within future-state module design"
"PKG_AD","PKG_AD.P_GET_CHECKLISTDETAIL_FOR_SUBCHECKLIST","Confirmed Active","AD","GetChecklistDetailForSubProcess","T_AUDIT_CHECKLIST_DETAILS","","T_CURSOR; T_AUDIT_CHECKLIST_DETAILS","True","Keep within future-state module design"
"PKG_AD","PKG_AD.P_GETCHECKLISTDETAIL_REF","Confirmed Active","AD","GetReferredBackAuditChecklistDetail","T_AUDIT_CHECKLIST_DETAILS; T_AUDIT_CHECKLIST_SUB; T_AUDIT_CHECKLIST; T_AUDIT_CHECKLIST_DETAILS_CHANGE; V_CHECKLIST_REFFEREDBACK_COMMENTS; T_AUDIT_CHECKLIST_DETAILS_LOG","","T_CURSOR; T_ID; V_ID; T_NAME; T_AUDIT_CHECKLIST_DETAILS; T_AUDIT_CHECKLIST_SUB; T_AUDIT_CHECKLIST; T_AUDIT_CHECKLIST_DETAILS_CHANGE; V_CHECKLIST_REFFEREDBACK_COMMENTS; T_AUDIT_CHECKLIST_DETAILS_LOG","True","Keep within future-state module design"
"PKG_AD","PKG_AD.AUDIT_CHECKLIST_DETAIL_UPDATE","Confirmed Active","AD","UpdateAuditChecklistDetail","T_AU_ACTIVITY_LOG; T_AUDIT_CHECKLIST_DETAILS_LOG; T_AUDIT_CHECKLIST_DETAILS; DUAL","T_AU_ACTIVITY_LOG; T_AUDIT_CHECKLIST_DETAILS_CHANGE; T_AUDIT_CHECKLIST_DETAILS_LOG","T_CURSOR; T_AU_ACTIVITY_LOG; T_AUDIT_CHECKLIST_DETAILS_CHANGE; T_AUDIT_CHECKLIST_DETAILS_LOG; T_ID; T_AUDIT_CHECKLIST_DETAILS","True","Keep within future-state module design"
"PKG_AD","PKG_AD.P_GETCHILDPOSTING","Confirmed Active","AD","Getchildposting","T_AUDITEE_ENTITIES; V_GET_PARENT_OFFICE; T_AUDITEE_ENT_TYPES; T_AUDITEE_ENTITIES_MAPING","","T_CURSOR; T_AUDITEE_ENTITIES; V_GET_PARENT_OFFICE; T_AUDITEE_ENT_TYPES; T_AUDITEE_ENTITIES_MAPING","True","Keep within future-state module design"
"PKG_AD","PKG_AD.P_GETPARENTREPOFFICE","Confirmed Active","AD","Getparentrepoffice","T_AUDITEE_ENT_RELATION","","T_CURSOR; T_AUDITEE_ENT_RELATION; T_AUDITEE_ENT_TYPES; V_GET_PARENT_OFFICE","True","Keep within future-state module design"
"PKG_AD","PKG_AD.P_GET_COMPLIANCE_OFFICE","Confirmed Active","AD","GetComplianceOfficer; GetComplianceUnits","V_GET_COMPLIANCE_REVIEWER_APPROVER; T_AUDITEE_ENTITIES","","T_CURSOR; V_GET_COMPLIANCE_REVIEWER_APPROVER; T_AUDITEE_ENTITIES","True","Keep within future-state module design"
"PKG_AD","PKG_AD.P_GETREALTIONSHIPTYPE","Confirmed Active","AD","Getrealtionshiptype","V_GET_REALTIONSHIPTYPE","","T_CURSOR; V_GET_REALTIONSHIPTYPE","True","Keep within future-state module design"
"PKG_AD","PKG_AD.P_GET_AUDITEE_ENGAGEMENT","Confirmed Active","AD","GetAuditeeEngagements","T_AU_PLAN_ENG; T_AUDITEE_ENTITIES","","T_CURSOR; T_AU_PLAN_ENG; T_AUDITEE_ENTITIES","True","Keep within future-state module design"
"PKG_AD","PKG_AD.P_GET_AUDIT_ENGAGEMENT","Confirmed Active","AD","GetEngagementDetailsForStatusReversal","T_AU_PLAN_ENG; T_AU_PERIOD; T_AU_PLAN; T_AU_PLAN_ENG_STATUS; T_AU_AUDIT_TEAMS","","T_CURSOR; T_NAME; T_AU_PLAN_ENG; T_AU_PERIOD; T_AU_PLAN; T_AU_PLAN_ENG_STATUS; T_AU_AUDIT_TEAMS","True","Keep within future-state module design"
"PKG_AD","PKG_AD.P_GET_AUDIT_OBSERVTION","Confirmed Active","AD","GetObservationDetailsForStatusReversal","T_AU_OBSERVATION; T_AU_OBSERVATION_STATUS; T_AU_OBSERVATION_ASSIGNEDTO; T_AU_OBSERVATION_TEXT; T_AUDITEE_ENTITIES; T_RISK","","T_CURSOR; T_AU_OBSERVATION; T_AU_OBSERVATION_STATUS; T_AU_OBSERVATION_ASSIGNEDTO; T_AU_OBSERVATION_TEXT; T_AUDITEE_ENTITIES; T_RISK","True","Keep within future-state module design"
"PKG_AD","PKG_AD.P_GET_AUDIT_OBSERVTION_STATUS","Confirmed Active","AD","GetObservationReversalStatus","T_AU_OBSERVATION_STATUS","","T_CURSOR; T_AU_OBSERVATION_STATUS","True","Keep within future-state module design"
"PKG_AD","PKG_AD.P_GET_AUDIT_ENGAGEMENT_STATUS","Confirmed Active","AD","GetEngagementReversalStatus","T_AU_PLAN_ENG; T_AU_PLAN_ENG_STATUS","","T_CURSOR; V_F; T_AU_PLAN_ENG; T_AU_PLAN_ENG_STATUS","True","Keep within future-state module design"
"PKG_AD","PKG_AD.P_GETAUDITEERISK","Confirmed Active","AD","GetAuditeeRisk","T_AU_ENTITIES_GROUP_RISK","","T_CURSOR; T_AU_ENTITIES_GROUP_RISK","True","Keep within future-state module design"
"PKG_AD","PKG_AD.P_GET_ENTITY_RISK","Confirmed Active","AD","GetAuditeeRiskForEntTypes","T_AU_ENTITIES_PERIOD_RISK; V_GET_PARENT_OFFICE","","T_CURSOR; T_AU_ENTITIES_PERIOD_RISK; V_GET_PARENT_OFFICE","True","Keep within future-state module design"
"PKG_AD","PKG_AD.P_GETAUDITEERISK_DETAILS","Confirmed Active","AD","GetAuditeeRiskDetails","T_AU_ENTITIES_GROUP_RISK_DETAILS","","T_CURSOR; T_AU_ENTITIES_GROUP_RISK_DETAILS","True","Keep within future-state module design"
"PKG_AD","PKG_AD.P_MERGE_CHECKLIST","Confirmed Active","AD","MergeDuplicateProcesses","T_AUDIT_CHECKLIST; T_AUDIT_CHECKLIST_MERGER; DUAL","T_AUDIT_CHECKLIST_MERGER","T_CURSOR; T_AUDIT_CHECKLIST; T_ID; T_AUDIT_CHECKLIST_MERGER; M_CID","True","Keep within future-state module design"
"PKG_AD","PKG_AD.P_MERGE_SUB_CHECKLIST","Confirmed Active","AD","MergeDuplicateSubProcesses","T_AUDIT_CHECKLIST_SUB; T_AUDIT_CHECKLIST_SUB_MERGER; DUAL","T_AUDIT_CHECKLIST_SUB_MERGER","T_CURSOR; T_AUDIT_CHECKLIST_SUB; T_AUDIT_CHECKLIST_SUB_MERGER; M_SID","True","Keep within future-state module design"
"PKG_AD","PKG_AD.P_REMOVE_DUPLICATE_CHECKLIST_DETAILS","Confirmed Active","AD","MergeDuplicateChecklists","","T_AUDIT_CHECKLIST_DETAIL_DUPLICATE","T_AUDIT_CHECKLIST_DETAIL_DUPLICATE","True","Keep within future-state module design"
"PKG_AD","PKG_AD.P_GET_DUPLICATE_CHECKLIST_DETAILS_DROPDOWN","Confirmed Active","AD","GetAuditProcessListForMergeDuplicate","T_AUDIT_CHECKLIST_DETAIL_DUPLICATE; T_AUDIT_CHECKLIST_DETAILS","","T_CURSOR; T_AUDIT_CHECKLIST_DETAIL_DUPLICATE; T_AUDIT_CHECKLIST_DETAILS","True","Keep within future-state module design"
"PKG_AD","PKG_AD.P_GET_CHECKLIST_MERGER_FOR_REVIEW","Confirmed Active","AD","GetDuplicateProcesses","T_AUDIT_CHECKLIST; T_AUDIT_CHECKLIST_MERGER","","T_CURSOR; T_ID; M_CID; T_AUDIT_CHECKLIST; T_AUDIT_CHECKLIST_MERGER","True","Keep within future-state module design"
"PKG_AD","PKG_AD.P_GET_SUB_CHECKLIST_MERGER_FOR_REVIEW","Confirmed Active","AD","GetDuplicateSubProcesses","T_AUDIT_CHECKLIST_SUB; T_AUDIT_CHECKLIST_SUB_MERGER","","T_CURSOR; M_SID; T_AUDIT_CHECKLIST_SUB; T_AUDIT_CHECKLIST_SUB_MERGER","True","Keep within future-state module design"
"PKG_AD","PKG_AD.P_GET_DUPLICATE_CHECKLIST_DETAILS","Confirmed Active","AD","GetDuplicateChecklists","T_AUDIT_CHECKLIST_DETAIL_DUPLICATE; T_AUDIT_CHECKLIST_DETAILS","","T_CURSOR; T_AUDIT_CHECKLIST_DETAIL_DUPLICATE; T_AUDIT_CHECKLIST_DETAILS","True","Keep within future-state module design"
"PKG_AD","PKG_AD.P_GET_DUPLICATE_CHECKLIST_DETAILS_COUNT","Confirmed Active","AD","GetDuplicateChecklistsCount","T_AU_OLD_PARAS_FAD; T_AUDIT_CHECKLIST_DETAIL_DUPLICATE; T_AU_OBSERVATION; DUAL","","T_CURSOR; T_AU_OLD_PARAS_FAD; T_AUDIT_CHECKLIST_DETAIL_DUPLICATE; T_AU_OBSERVATION","True","Keep within future-state module design"
"PKG_AD","PKG_AD.P_AUTHORIZE_MERGER_CHECKLIST","Confirmed Active","AD","AuthorizeMergeDuplicateProcesses","DUAL","T_AUDIT_CHECKLIST_SUB","M_CID; T_CURSOR; T_AUDIT_CHECKLIST_SUB; T_ID; T_AUDIT_CHECKLIST","True","Keep within future-state module design"
"PKG_AD","PKG_AD.P_AUTHORIZE_MERGER_CHECKLIST_SUB","Confirmed Active","AD","AuthorizeMergeDuplicateSubProcesses","DUAL","T_AUDIT_CHECKLIST_DETAILS; T_AUDIT_CHECKLIST_DETAILS_CHANGE; T_AUDIT_CHECKLIST_SUB_MERGER","M_SID; T_CURSOR; T_AUDIT_CHECKLIST_DETAILS; T_AUDIT_CHECKLIST_DETAILS_CHANGE; T_AUDIT_CHECKLIST_SUB_MERGER; T_AUDIT_CHECKLIST_SUB; T_AUDIT_CHECKLIST_SUB_CHANGE","True","Keep within future-state module design"
"PKG_AD","PKG_AD.P_AUTHORIZE_DUPLICATE_CHECKLIST_DETAILS","Confirmed Active","AD","AuthorizeMergeDuplicateChecklists","T_AUDIT_CHECKLIST_DETAIL_DUPLICATE; DUAL","T_AU_OLD_PARAS_FAD; T_AU_OBSERVATION; T_AUDIT_CHECKLIST_DETAILS; T_AUDIT_CHECKLIST_DETAIL_DUPLICATE","T_CURSOR; T_AU_OLD_PARAS_FAD; T_AUDIT_CHECKLIST_DETAIL_DUPLICATE; T_AU_OBSERVATION; T_AUDIT_CHECKLIST_DETAILS","True","Keep within future-state module design"
"PKG_AD","PKG_AD.P_AUDIT_OBSERVATION_REVERSAL","Confirmed Active","AD","AuditEngagementObsStatusReversal; UpdateObservationStatusForReversal","DUAL; T_AU_OBSERVATION; T_AU_OBSERVATION_STATUS; T_AU_OBSERVATION_ASSIGNEDTO; T_AU_OBSERVATIONS_AUDITEE_RESPONSE; T_AU_OBSERVATIONS_AUDITEE_EVIDENCES; T_AU_OBSERVATIONS_AUDITOR_RECOMMENDATION; T_AU_OBSERVATIONS_AUDITOR_REPLY","T_AU_OBSERVATION; T_AU_OBSERVATION_ASSIGNEDTO; T_AU_OBSERVATIONS_AUDITEE_RESPONSE; T_AU_OBSERVATIONS_AUDITEE_EVIDENCES; T_AU_OBSERVATIONS_AUDITOR_RECOMMENDATION; T_AU_OBSERVATION_TEXT; T_AU_OBSERVATIONS_AUDITOR_REPLY","T_CURSOR; M_F; T_AU_OBSERVATION; T_AU_OBSERVATION_STATUS; T_AU_OBSERVATION_ASSIGNEDTO; T_AU_OBSERVATIONS_AUDITEE_RESPONSE; T_AU_OBSERVATIONS_AUDITEE_EVIDENCES; T_AU_OBSERVATIONS_AUDITOR_RECOMMENDATION; T_AU_OBSERVATION_TEXT; T_AU_OBSERVATIONS_AUDITOR_REPLY","True","Keep within future-state module design"
"PKG_AD","PKG_AD.P_GET_NEW_USER","Confirmed Active","AD","AdminNewUsersInAIS","V_AIS_NEW_USER; V_SERVICE_EMPLOYEEINFO; T_AUDIT_EMP","","T_CURSOR; V_AIS_NEW_USER; V_SERVICE_EMPLOYEEINFO; T_AUDIT_EMP","True","Keep within future-state module design"
"PKG_AD","PKG_AD.P_GET_AIS_ENTITIES","Confirmed Active","AD","GetAISEntitiesForAdminPanelEntityAddition","T_AUDITEE_ENTITIES","","T_CURSOR; T_AUDITEE_ENTITIES","True","Keep within future-state module design"
"PKG_AD","PKG_AD.P_UPDATEENTITIEES","Confirmed Active","AD","UpdateAISEntityForAdminPanelEntityAddition","T_AUDITEE_ENTITIES_MAPING; T_AUDITEE_ENTITIES_UPDATE_LOG; DUAL","T_AUDITEE_ENTITIES; T_AUDITEE_ENTITIES_MAPING; AIS_T_AU_POST_COMPLIANCE; T_AU_PLAN_ENG; T_AUDITEE_ENTITIES_UPDATE_LOG","T_CURSOR; T_AUDITEE_ENTITIES; T_AUDITEE_ENTITIES_MAPING; AIS_T_AU_POST_COMPLIANCE; T_AU_PLAN_ENG; T_AUDITEE_ENTITIES_UPDATE_LOG","True","Keep within future-state module design"
"PKG_AD","PKG_AD.P_INSERTENTITIEES","Confirmed Active","AD","AddAISEntityForAdminPanelEntityAddition","T_AUDITEE_ENTITIES; DUAL","T_AUDITEE_ENTITIES","T_CURSOR; T_AUDITEE_ENTITIES","True","Keep within future-state module design"
"PKG_AD","PKG_AD.P_GET_AUDITEE_ENTITIES_MAPPING","Confirmed Active","AD","GetAISEntityMappingForAdminPanelEntityAddition","V_GET_PARENT_OFFICE","","T_ID; T_CURSOR; V_GET_PARENT_OFFICE","True","Keep within future-state module design"
"PKG_AD","PKG_AD.P_UPDATE_ENTITIES_MAPPING","Confirmed Active","AD","UpdateAISEntityMappingForAdminPanelEntityAddition","T_AUDITEE_ENTITIES; DUAL","T_AUDITEE_ENTITIES_MAPING","T_CURSOR; T_F; T_AUDITEE_ENTITIES; T_AUDITEE_ENTITIES_MAPING","True","Keep within future-state module design"
"PKG_AD","PKG_AD.P_ADD_ENTITIES_MAPPING","Confirmed Active","AD","AddAISEntityMappingForAdminPanelEntityAddition","T_AUDITEE_ENTITIES; T_AUDITEE_ENTITIES_MAPING; DUAL","T_AUDITEE_ENTITIES_MAPING","T_CURSOR; V_F; T_F; T_AUDITEE_ENTITIES; T_AUDITEE_ENTITIES_MAPING","True","Keep within future-state module design"
"PKG_AD","PKG_AD.P_UPDATE_NEW_USER","Confirmed Active","AD","UpdateNewUsersAdminPanel","T_USER; V_AIS_NEW_USER_FOR_ADDITION; T_USER_MAPING; T_GROUP_RIGHTS; DUAL","T_USER; T_USER_MAPING","T_CURSOR; T_USER; V_AIS_NEW_USER_FOR_ADDITION; T_USER_MAPING; T_GROUP_RIGHTS","True","Keep within future-state module design"
"PKG_AD","PKG_AD.P_GET_USER_ROLE_TYPE","Confirmed Active","AD","GetUserDetailAdminPanel","T_GROUP_RIGHTS; T_GROUPS","","T_CURSOR; T_GROUP_RIGHTS; T_GROUPS","True","Keep within future-state module design"
"PKG_AD","PKG_AD.P_GET_DETAILS_FOR_ENTITY_SHIFTING","Confirmed Active","AD","GetEntityShiftingDetails","T_AUDITEE_ENTITIES; T_AU_PLAN_ENG; T_AU_OBSERVATION_FAD; T_AUDITEE_ENTITIES_SIZE; T_AUDITEE_ENTITIES_SIZE_DISC; T_AUDITEE_ENTITIES_RISK; T_RISK; T_AU_POST_COMPLIANCE_SETTLEMETMENT_HISTORY","","T_CURSOR; T_AUDITEE_ENTITIES; T_AU_PLAN_ENG; T_AU_OBSERVATION_FAD; T_AUDITEE_ENTITIES_SIZE; T_AUDITEE_ENTITIES_SIZE_DISC; T_AUDITEE_ENTITIES_RISK; T_RISK; T_AU_POST_COMPLIANCE_SETTLEMETMENT_HISTORY","True","Keep within future-state module design"
"PKG_AD","PKG_AD.P_GET_ENTITIES_TYPES","Confirmed Active","AD","GetEntityTypes","T_AUDITEE_ENT_TYPES","","T_CURSOR; T_AUDITEE_ENT_TYPES","True","Keep within future-state module design"
"PKG_AD","PKG_AD.P_UPDATE_ENTITIES_TYPES","Confirmed Active","AD","UpdateEntityTypes","DUAL","T_AUDITEE_ENT_TYPES","T_CURSOR; T_AUDITEE_ENT_TYPES","True","Keep within future-state module design"
"PKG_AD","PKG_AD.P_GET_ENTITIES_RELATIONSHIP","Confirmed Active","AD","GetEntityRelations","T_AUDITEE_ENT_RELATION; T_AUDITEE_ENTITIES","","T_CURSOR; T_AUDITEE_ENT_RELATION; T_AUDITEE_ENTITIES","True","Keep within future-state module design"
"PKG_AD","PKG_AD.P_GET_ENTITIES_MAPPING","Confirmed Active","AD","GetEntitiesMapping","T_AUDITEE_ENTITIES_MAPING","","T_CURSOR; T_AUDITEE_ENTITIES_MAPING","True","Keep within future-state module design"
"PKG_AD","PKG_AD.P_GET_ENTITIES_MAPPING_REPORTING","Confirmed Active","AD","GetEntitiesMappingReporting","T_AUDITEE_ENTITIES_MAPING_REPORTING","","T_CURSOR; T_AUDITEE_ENTITIES_MAPING_REPORTING","True","Keep within future-state module design"
"PKG_AD","PKG_AD.P_GET_ENTITIES","Confirmed Active","AD","GetParentChildEntities","T_AUDITEE_ENTITIES_MAPING","","T_CURSOR; T_AUDITEE_ENTITIES_MAPING","True","Keep within future-state module design"
"PKG_AD","PKG_AD.P_ADD_ENTITY_SHIFTING","Confirmed Active","AD","SubmitEntityShiftingFromAdminPanel","T_AUDITEE_ENTITIES; DUAL; T_AUDITEE_ENTITIES_MAPING; T_AUDITEE_ENTITIES_RISK; T_AU_ENTITY_SHIFTING; T_AU_OBSERVATION_SHIFTING; T_AU_OBSERVATION_FAD; T_AUDITEE_ENT_TYPES","T_AUDITEE_ENTITIES; T_AUDITEE_ENTITIES_MAPING; T_AUDITEE_ENTITIES_SIZE; T_AUDITEE_ENTITIES_RISK; T_AU_ENTITY_SHIFTING; T_AU_OBSERVATION_SHIFTING; T_AU_OBSERVATION; T_AU_OLD_PARAS_FAD; T_AU_OBSERVATION_OLD_CAD_PARAS; AIS_T_AU_POST_COMPLIANCE","T_CURSOR; T_AUDITEE_ENTITIES; T_AUDITEE_ENTITIES_MAPING; T_AUDITEE_ENTITIES_SIZE; T_AUDITEE_ENTITIES_RISK; T_AU_ENTITY_SHIFTING; T_AU_OBSERVATION_SHIFTING; T_AU_OBSERVATION_FAD; T_AUDITEE_ENT_TYPES; T_AU_OBSERVATION; T_AU_OLD_PARAS_FAD; T_AU_OBSERVATION_OLD_CAD_PARAS; AIS_T_AU_POST_COMPLIANCE","True","Keep within future-state module design"
"PKG_AD","PKG_AD.P_SHIFT_BR_TO_ISLAMIC","Confirmed Active","AD","SubmitEntityConvToIslamicFromAdminPanel","T_AU_PLAN_ENG; C.PARA_ADDED_ON; SYSDATE; DUAL","T_AU_PLAN_ENG; T_AU_OBSERVATION; T_AU_OBSERVATION_ASSIGNEDTO; AIS_T_AU_POST_COMPLIANCE; T_AU_AUDIT_TEAM_TASKLIST","T_CURSOR; T_AU_PLAN_ENG; T_AU_OBSERVATION; T_AU_OBSERVATION_ASSIGNEDTO; AIS_T_AU_POST_COMPLIANCE; T_AU_AUDIT_TEAM_TASKLIST","True","Keep within future-state module design"
"PKG_AD","PKG_AD.P_GET_ROLES_FOR_COMPLIANCE_FLOW","Confirmed Active","AD","GetRolesForComplianceFlow","T_GROUPS","","T_CURSOR; T_GROUPS","True","Keep within future-state module design"
"PKG_AD","PKG_AD.P_GET_ENT_TYPES_FOR_COMPLIANCE_FLOW","Confirmed Active","AD","GetEntityTypesForComplianceFlow","T_AUDITEE_ENT_TYPES","","T_CURSOR; T_AUDITEE_ENT_TYPES","True","Keep within future-state module design"
"PKG_AD","PKG_AD.P_GET_ENT_TYPES_FOR_HR_DESIGNATION","Confirmed Active","AD","GetEntityTypesForHRDesignationWiseRole","T_AUDITEE_ENT_TYPES","","T_CURSOR; T_AUDITEE_ENT_TYPES","True","Keep within future-state module design"
"PKG_AD","PKG_AD.P_GET_COMPLIANCE_STATUSES_FOR_COMPLIANCE_FLOW","Confirmed Active","AD","GetComplianceStatusesForComplianceFlow","T_AU_OBSERVATION_STATUS","","T_CURSOR; T_AU_OBSERVATION_STATUS","True","Keep within future-state module design"
"PKG_AD","PKG_AD.P_GET_ENTITY_TYPE_COMPLIANCE_FLOW","Confirmed Active","AD","GetComplianceFlowByEntityType","T_AUDITEE_ENT_TYPES; T_GROUPS; T_AU_OBSERVATION_STATUS; T_AU_POST_COMPLIANCE_FLOW","","T_CURSOR; T_AUDITEE_ENT_TYPES; T_GROUPS; T_AU_OBSERVATION_STATUS; T_AU_POST_COMPLIANCE_FLOW","True","Keep within future-state module design"
"PKG_AD","PKG_AD.P_ADD_UPDATE_COMPLIANCE_FLOW","Confirmed Active","AD","AddComplianceFlow","T_AU_POST_COMPLIANCE_FLOW; DUAL","T_AU_POST_COMPLIANCE_FLOW; SET","T_CURSOR; T_AU_POST_COMPLIANCE_FLOW","True","Keep within future-state module design"
"PKG_AD","PKG_AD.P_UPDATE_COMPLIANCE_FLOW","Confirmed Active","AD","UpdateComplianceFlow","","","","False","Keep within future-state module design"
"PKG_AD","PKG_AD.P_AUDIT_TEAM_POSTCHANGES","Confirmed Active","AD","SubmitNewTeamIdForPostChangesTeamEngReversal","T_AU_AUDIT_TEAMS; T_AU_AUDIT_TEAM_TASKLIST; T_AU_TEAM_MEMBERS; T_AU_PLAN_ENG; T_AUDITEE_ENTITIES; DUAL","T_AU_AUDIT_TEAMS; T_AU_AUDIT_TEAM_TASKLIST; T_AU_PLAN_ENG","T_CURSOR; T_AU_AUDIT_TEAMS; T_NAME; T_CODE; T_AU_AUDIT_TEAM_TASKLIST; T_AU_TEAM_MEMBERS; T_ID; T_AU_PLAN_ENG; T_AUDITEE_ENTITIES","True","Keep within future-state module design"
"PKG_AD","PKG_AD.P_AUDIT_ENGAGEMENT_REVERSAL","Confirmed Active","AD","AuditEngagementStatusReversal","T_AU_PLAN_ENG; T_AU_AUDIT_TEAM_TASKLIST; T_AU_AUDIT_TEAMS; T_AU_PLAN_ENG_LOG; DUAL","T_AU_PLAN; T_AU_PLAN_ENG; T_AU_AUDIT_TEAM_TASKLIST; T_AU_AUDIT_TEAMS; T_AU_PLAN_ENG_LOG","T_CURSOR; V_F; T_AU_PLAN_ENG; T_AU_PLAN; T_AU_AUDIT_TEAM_TASKLIST; T_AU_AUDIT_TEAMS; T_AU_PLAN_ENG_LOG","True","Keep within future-state module design"
"PKG_AD","PKG_AD.P_GET_OBSERVVATION_NO","Confirmed Active","AD","GetObservationNumbersForStatusReversal","T_AU_OBSERVATION","","T_CURSOR; T_AU_OBSERVATION","True","Keep within future-state module design"
"PKG_AD","PKG_AD.P_UPDATE_OBSERVATION_NO","Confirmed Active","AD","UpdateObservationNumbersForStatusReversal","DUAL","T_AU_OBSERVATION","M_NO; T_CURSOR; T_AU_OBSERVATION","True","Keep within future-state module design"
"PKG_AD","PKG_AD.P_UPDATE_ENG_DATE","Confirmed Active","AD","UpdateEngagementDatesForStatusReversal","DUAL","T_AU_PLAN_ENG","T_CURSOR; T_AU_PLAN_ENG","True","Keep within future-state module design"
"PKG_AD","PKG_AD.P_GET_HR_DESIGNATION_RIGHT","Confirmed Active","AD","GetHRDesignationWiseRoles","T_GROUP_RIGHTS","","T_CURSOR; T_GROUP_RIGHTS","True","Keep within future-state module design"
"PKG_AD","PKG_AD.P_ADD_HR_DESIGNATION_RIGHT","Confirmed Active","AD","AddHRDesignationWiseRoleAssignment","T_GROUP_RIGHTS; T_HR_DESIGNATIONS; DUAL","T_GROUP_RIGHTS","T_CURSOR; T_GROUP_RIGHTS; T_HR_DESIGNATIONS; T_GROUPS","True","Keep within future-state module design"
"PKG_AD","PKG_AD.P_UPDATE_HR_DESIGNATION_RIGHT","Confirmed Active","AD","UpdateHRDesignationWiseRoleAssignment","T_HR_DESIGNATIONS; T_GROUPS; DUAL","T_GROUP_RIGHTS","M_ID; T_CURSOR; T_GROUP_RIGHTS; T_HR_DESIGNATIONS; T_GROUPS","True","Keep within future-state module design"
"PKG_AD","PKG_AD.P_GET_OBS_STATUS","Confirmed Active","AD","GetManageObservationStatus","T_AU_OBSERVATION_STATUS","","T_CURSOR; T_AU_OBSERVATION_STATUS","True","Keep within future-state module design"
"PKG_AD","PKG_AD.P_ADD_OBS_STATUS","Confirmed Active","AD","AddManageObservationStatus","T_AU_OBSERVATION_STATUS; DUAL","T_AU_OBSERVATION_STATUS","T_CURSOR; T_AU_OBSERVATION_STATUS","True","Keep within future-state module design"
"PKG_AD","PKG_AD.P_UPDATE_OBS_STATUS","Confirmed Active","AD","UpdateManageObservationStatus","DUAL","T_AU_OBSERVATION_STATUS","T_CURSOR; T_AU_OBSERVATION_STATUS","True","Keep within future-state module design"
"PKG_AD","PKG_AD.P_GET_ENTITIES_AUDIT_DEPARTMENT","Confirmed Active","AD","GetManageEntityAuditDept","T_AUDIT_DEPARTMENTS","","T_CURSOR; T_AUDIT_DEPARTMENTS","True","Keep within future-state module design"
"PKG_AD","PKG_AD.P_ADD_ENTITIES_AUDIT_DEPARTMENT","Confirmed Active","AD","AddManageEntityAuditDepartment","","","","False","Keep within future-state module design"
"PKG_AD","PKG_AD.P_UPDATE_ENTITIES_AUDIT_DEPARTMENT","Confirmed Active","AD","UpdateEntityAuditDepartment","DUAL","T_AUDIT_DEPARTMENTS","T_CURSOR; T_AUDIT_DEPARTMENTS","True","Keep within future-state module design"
"PKG_AD","PKG_AD.P_GET_ALL_MENU","Confirmed Active","AD","GetAllMenusForAdminPanel","T_MENU","","T_CURSOR; T_MENU","True","Keep within future-state module design"
"PKG_AD","PKG_AD.P_GET_SUB_MENUS","Confirmed Active","AD","GetSubMenusForAdminPanel","T_MENU_SUB","","M_ID; T_CURSOR; T_MENU_SUB","True","Keep within future-state module design"
"PKG_AD","PKG_AD.P_ADD_NEW_SUB_MENU","Confirmed Active","AD","AddSubMenuForAdminPanel","T_MENU_SUB; DUAL","T_MENU_SUB","M_ID; T_CURSOR; T_MENU_SUB","True","Keep within future-state module design"
"PKG_AD","PKG_AD.P_UPDATE_SUB_MENU","Confirmed Active","AD","UpdateSubMenuForAdminPanel","DUAL","T_MENU_SUB","M_ID; T_CURSOR; T_MENU_SUB","True","Keep within future-state module design"
"PKG_AD","PKG_AD.P_GET_ALL_PAGES","Confirmed Active","AD","GetMenuPagesForAdminPanel","T_MENU_PAGES; T_MENU; T_MENU_SUB","","M_ID; T_CURSOR; T_MENU_PAGES; T_MENU; T_MENU_SUB","True","Keep within future-state module design"
"PKG_AD","PKG_AD.P_ADD_NEW_PAGE","Confirmed Active","AD","AddMenuPageForAdminPanel","T_MENU_PAGES; DUAL","T_MENU_PAGES","M_ID; T_CURSOR; T_MENU_PAGES","True","Keep within future-state module design"
"PKG_AD","PKG_AD.P_UPDATE_PAGE","Confirmed Active","AD","UpdateMenuPageForAdminPanel","DUAL","T_MENU_PAGES","M_ID; T_CURSOR; T_MENU_PAGES","True","Keep within future-state module design"
"PKG_AD","PKG_AD.P_UPDATE_ENTITY_COMP","Confirmed Active","AD","UpdateComplianceUnit","T_AUDITEE_ENTITIES_MAPING_COM; DUAL","T_AUDITEE_ENTITIES","T_CURSOR; T_AUDITEE_ENTITIES; T_AUDITEE_ENTITIES_MAPING_COM","True","Keep within future-state module design"
"PKG_AD","PKG_AD.P_ADD_ANNEXURE","Confirmed Active","AD","AddAnnexure","T_AUDIT_CHECKLIST_ANNEXURE; DUAL","T_AUDIT_CHECKLIST_ANNEXURE","T_CURSOR; T_AUDIT_CHECKLIST_ANNEXURE","True","Keep within future-state module design"
"PKG_AD","PKG_AD.P_UPDATE_ANNEXURE","Confirmed Active","AD","UpdateAnnexure","DUAL","T_AUDIT_CHECKLIST_ANNEXURE; T_AU_OBSERVATION; AIS_T_AU_POST_COMPLIANCE; T_AU_OLD_PARAS_FAD","T_CURSOR; T_AUDIT_CHECKLIST_ANNEXURE; T_AU_OBSERVATION; AIS_T_AU_POST_COMPLIANCE; T_AU_OLD_PARAS_FAD","True","Keep within future-state module design"
"PKG_AD","PKG_AD.P_GET_ENTITY_FOR_PARA_RECONSILATION","Confirmed Active","AD","GetEntityForAuditReconsilition","T_AUDITEE_ENTITIES","","T_CURSOR; T_AUDITEE_ENTITIES","True","Keep within future-state module design"
"PKG_AD","PKG_AD.P_ADD_BRANCH_RISK_RATING","Confirmed Active","AD","GenerateTraditionalRiskRatingofEngagement","T_RISK_BRANCH_WISE; T_BRANCH_RISK_RATING; T_R_SUB_GROUP; T_R_GROUP; T_AU_OBSERVATION; T_AU_PLAN_ENG; T_AU_PERIOD; T_AUDIT_CHECKLIST_DETAILS; SYSDATE; T_COSO_RATING; DUAL","T_RISK_BRANCH_WISE; T_BRANCH_RISK_RATING","T_CURSOR; T_RISK_BRANCH_WISE; T_BRANCH_RISK_RATING; T_R_SUB_GROUP; T_R_GROUP; V_ID; T_AU_OBSERVATION; T_AU_PLAN_ENG; T_AU_PERIOD; T_AUDIT_CHECKLIST_DETAILS; T_COSO_RATING","True","Keep within future-state module design"
"PKG_AD","PKG_AD.P_GET_TRADITIONAL_RISK_RATING","Confirmed Active","AD","ViewTraditionalRiskRatingofEngagement","T_R_GROUP; T_R_SUB_GROUP; T_RISK_BRANCH_WISE","","T_CURSOR; T_R_GROUP; T_R_SUB_GROUP; T_RISK_BRANCH_WISE","True","Keep within future-state module design"
"PKG_AD","PKG_AD.P_ADD_BRANCH_ANNEX_RISK_RATING","Confirmed Active","AD","GenerateAnnexureRiskRatingofEngagement","","","","False","Keep within future-state module design"
"PKG_AD","PKG_AD.P_GET_ANNEXURE_RISK_RATING","Confirmed Active","AD","ViewAnnexureRiskRatingofEngagement","","","","False","Keep within future-state module design"
"PKG_AD","PKG_AD.P_GET_NEW_RISK_MODEL ","Confirmed Active","AD","GetRiskRatingModelForBranchesWorking","","","","False","Keep within future-state module design"
"PKG_AD","PKG_AD.P_GET_COMPLIANCE_HIERARCHY ","Confirmed Active","AD","GetComplianceHierarchies","","","","False","Keep within future-state module design"
"PKG_AD","PKG_AD.P_ADD_COM_OFFICER","Confirmed Active","AD","AddComplianceHierarchy","T_AUDITEE_ENTITIES_MAPING_COM; DUAL","T_AUDITEE_ENTITIES_MAPING_COM","T_CURSOR; T_AUDITEE_ENTITIES_MAPING_COM","True","Keep within future-state module design"
"PKG_AD","PKG_AD.P_UPDATE_COM_OFFICER","Confirmed Active","AD","UpdateComplianceHierarchy","T_AUDITEE_ENTITIES_MAPING_COM; DUAL","T_AUDITEE_ENTITIES_MAPING_COM; T_AUDITEE_ENTITIES","T_CURSOR; T_AUDITEE_ENTITIES_MAPING_COM; T_AUDITEE_ENTITIES","True","Keep within future-state module design"
"PKG_AD","PKG_AD.P_GET_GM_OFFICE","Confirmed Active","AD","GetGMOffices","T_AUDITEE_ENTITIES","","T_CURSOR; T_AUDITEE_ENTITIES","True","Keep within future-state module design"
"PKG_AD","PKG_AD.P_GET_RPT_OFFICE","Confirmed Active","AD","GetReportingOffices","T_AUDITEE_ENTITIES","","T_CURSOR; T_AUDITEE_ENTITIES","True","Keep within future-state module design"
"PKG_AD","PKG_AD.P_UPDATE_GM_OFFICE_RELATIONSHIP","Confirmed Active","AD","UpdateGMOffice","DUAL","T_AUDITEE_ENTITIES_MAPING","T_CURSOR; T_AUDITEE_ENTITIES_MAPING","True","Keep within future-state module design"
"PKG_AD","PKG_AD.P_UPDATE_RPT_OFFICE_RELATIONSHIP","Confirmed Active","AD","UpdateReportingLine","DUAL","T_AUDITEE_ENTITIES_MAPING","T_CURSOR; T_AUDITEE_ENTITIES_MAPING","True","Keep within future-state module design"
"PKG_AD","PKG_AD.P_GET_LATEST_PARA_DETAILS","Confirmed Active","AD","GetAisPostComplianceDetails","AIS_T_AU_POST_COMPLIANCE","","T_CURSOR; AIS_T_AU_POST_COMPLIANCE","True","Keep within future-state module design"
"PKG_AD","PKG_AD.P_UPDATE_PARA_AIS_POST_COMPLIANCE","Confirmed Active","AD","UpdateAisPostCompliance","DUAL","AIS_T_AU_POST_COMPLIANCE","T_CURSOR; AIS_T_AU_POST_COMPLIANCE","True","Keep within future-state module design"
"PKG_AD","PKG_AD.P_GET_AUDIT_EMP","Confirmed Active","AD","GetAuditEmployees","T_AUDIT_EMP","","T_CURSOR; T_AUDIT_EMP","True","Keep within future-state module design"
"PKG_AD","PKG_AD.P_UPDATE_AUDIT_EMP","Confirmed Active","AD","UpdateAuditEmployee","","","","False","Keep within future-state module design"
"PKG_AD","PKG_AD.P_GET_AUDIT_MANPOWER","Confirmed Active","AD","GetAuditManpower","T_AUDIT_EMP","","T_CURSOR; T_AUDIT_EMP","True","Keep within future-state module design"
"PKG_AD","PKG_AD.P_UPDATE_AUDIT_MANPOWER","Confirmed Active","AD","UpdateAuditManpower","","","","False","Keep within future-state module design"
"PKG_AD","PKG_AD.P_GET_AUDIT_BUDGET","Confirmed Active","AD","GetAuditBudget","","","","False","Keep within future-state module design"
"PKG_AD","PKG_AD.P_UPDATE_AUDIT_BUDGET","Confirmed Active","AD","UpdateAuditBudget","","","","False","Keep within future-state module design"
"PKG_AD","PKG_AD.P_GET_HR_RANK","Confirmed Active","AD","GetHrRanks","V_HR_RANK","","T_CURSOR; V_HR_RANK","True","Keep within future-state module design"
"PKG_AD","PKG_AD.P_GET_HR_DESIGNATION","Confirmed Active","AD","GetHrDesignations","V_HR_DESIGNATIONS","","T_CURSOR; V_HR_DESIGNATIONS","True","Keep within future-state module design"
"PKG_AD","PKG_AD.P_GET_HR_POSTING","Confirmed Active","AD","GetHrPosting","T_AUDITEE_ENTITIES","","T_CURSOR; T_AUDITEE_ENTITIES","True","Keep within future-state module design"
"PKG_AD","PKG_AD.P_GET_QUALIFICATION","Confirmed Active","AD","GetQualifications","V_HR_QUALIFICATIONS","","T_CURSOR; V_HR_QUALIFICATIONS","True","Keep within future-state module design"
"PKG_AD","PKG_AD.P_GET_QUALIFICATION_SPECIALIZATION","Confirmed Active","AD","GetQualificationSpecialization","V_HR_QUALIFICATIONS","","T_CURSOR; V_HR_QUALIFICATIONS","True","Keep within future-state module design"
"PKG_AD","PKG_AD.P_GET_CERTIFICATION","Confirmed Active","AD","GetCertifications","V_HR_RANK","","T_CURSOR; V_HR_RANK","True","Keep within future-state module design"
"PKG_AD","PKG_AD.P_GET_GL_HEADS","Confirmed Active","AD","GetGLHeads","","","","False","Keep within future-state module design"
"PKG_AD","PKG_AD.P_INSERT_PUBLIC_HOLIDAY","Confirmed Active","AD","AddPublicHoliday","DATE; TBL_PUBLIC_HOLIDAYS","TBL_PUBLIC_HOLIDAYS","V_YEAR; V_COUNT; TBL_PUBLIC_HOLIDAYS","True","Keep within future-state module design"
"PKG_AD","PKG_AD.P_GET_PUBLIC_HOLIDAYS","Confirmed Active","AD","GetAllPublicHolidays","TBL_PUBLIC_HOLIDAYS","","TBL_PUBLIC_HOLIDAYS","True","Keep within future-state module design"
"PKG_AD","PKG_AD.P_GET_PUBLIC_HOLIDAY_DAY","Confirmed Active","AD","CheckIfHolidayOrWeekend","TBL_PUBLIC_HOLIDAYS","","TBL_PUBLIC_HOLIDAYS","True","Keep within future-state module design"
"PKG_AD","PKG_AD.P_GET_VERSION_HISTORY","Confirmed Active","AD","GetAllVersionHistory","T_IAS_VERSION_HISTORY","","T_IAS_VERSION_HISTORY","True","Keep within future-state module design"
"PKG_AD","PKG_AD.P_ADD_VERSION_HISTORY","Confirmed Active","AD","AddVersionHistory","","T_IAS_VERSION_HISTORY; AN","T_IAS_VERSION_HISTORY","True","Keep within future-state module design"
"PKG_AD","PKG_AD.P_UPDATE_VERSION_HISTORY","Confirmed Active","AD","UpdateVersionHistory","","T_IAS_VERSION_HISTORY","T_IAS_VERSION_HISTORY","True","Keep within future-state module design"
"PKG_AD","PKG_AD.P_GET_USER_ENTITIES","Low-Confidence / Needs Verification","AD","GetUserEntities","T_USER_ENTITIES; T_AUDITEE_ENTITIES; T_GROUPS","","T_USER_ENTITIES; T_AUDITEE_ENTITIES; T_GROUPS","True","Investigate before exclusion; package source not fully mapped"
"PKG_AD","PKG_AD.P_GET_ROLE_DASHBOARD_PAGES","Confirmed Active","AdminCatalog","GetRoleDashboardPages","T_ROLE_DASHBOARD_PAGES; T_MENU_PAGES","","T_ROLE_DASHBOARD_PAGES; T_MENU_PAGES","True","Keep within future-state module design"
"PKG_AD","PKG_AD.P_GET_ROLE_DASHBOARD_CONFIG","Confirmed Active","AdminCatalog","GetRoleDashboardConfig","T_ROLE_DASHBOARD_PAGES; T_MENU_PAGES","","T_ROLE_DASHBOARD_PAGES; T_MENU_PAGES","True","Keep within future-state module design"
"PKG_AD","PKG_AD.P_GET_DASHBOARD_QUICK_LINKS","Confirmed Active","AdminCatalog","GetDashboardQuickLinks","T_ROLE_DASHBOARD_PAGES; T_MENU_PAGES; T_USER_GROUP_MAP","","V_COUNT; T_ROLE_DASHBOARD_PAGES; T_MENU_PAGES; T_USER_GROUP_MAP","True","Keep within future-state module design"
"PKG_AD","PKG_AD.P_MAINT_ROLE_DASHBOARD_PAGE","Confirmed Active","AdminCatalog","MaintainRoleDashboardPage","","T_ROLE_DASHBOARD_PAGES","T_ROLE_DASHBOARD_PAGES","True","Keep within future-state module design"
"PKG_AD","PKG_AD.P_GET_API_MASTER","Confirmed Active","AdminCatalog","GetApiMasterList","T_AU_API_MASTER","","T_AU_API_MASTER","True","Keep within future-state module design"
"PKG_AD","PKG_AD.P_GET_ALL_CONTROLLER","Confirmed Active","AdminCatalog","GetApiMasterControllerNames","T_AU_API_MASTER","","T_AU_API_MASTER","True","Keep within future-state module design"
"PKG_AD","PKG_AD.P_CHECK_API_UNIQUE","Confirmed Active","AdminCatalog","ApiPathExists","T_AU_API_MASTER","","T_AU_API_MASTER","True","Keep within future-state module design"
"PKG_AD","PKG_AD.P_MAINT_API_MASTER","Confirmed Active","AdminCatalog","MaintainApiMaster","","T_AU_API_MASTER","T_AU_API_MASTER","True","Keep within future-state module design"
"PKG_AE","PKG_AE.P_GETCOSORISKS","Confirmed Active","AE","GetCOSORisks","T_COSO_RISK","","T_CURSOR; T_COSO_RISK","True","Keep within future-state module design"
"PKG_AE","PKG_AE.P_GETASSIGNEDOBSERVATIONS","Confirmed Active","AE","GetAssignedObservations","T_AU_OBSERVATION_ASSIGNEDTO; T_AU_OBSERVATION; T_AU_OBSERVATION_STATUS; T_AU_PLAN_ENG; T_AU_PERIOD; T_AUDITEE_ENTITIES; T_AU_OBSERVATIONS_AUDITEE_RESPONSE; T_AU_OBSERVATION_TEXT","","T_CURSOR; T_AU_OBSERVATION_ASSIGNEDTO; T_AU_OBSERVATION; T_AU_OBSERVATION_STATUS; T_AU_PLAN_ENG; T_AU_PERIOD; T_AUDITEE_ENTITIES; T_AU_OBSERVATIONS_AUDITEE_RESPONSE; T_AU_OBSERVATION_TEXT","True","Keep within future-state module design"
"PKG_AE","PKG_AE.P_GETASSIGNEDOBSERVATIONSFORBRANCH","Low-Confidence / Needs Verification","AE","GetAssignedObservationsForBranch","T_AU_OBSERVATION_ASSIGNEDTO; T_AU_OBSERVATION; T_AU_OBSERVATION_TEXT; T_AU_OBSERVATION_STATUS; T_AUDITEE_ENTITIES; T_CONTROL_VIOLATION; T_CONTROL_VIOLATION_SUB; T_AU_PLAN_ENG; T_AU_PERIOD; T_AU_OBSERVATIONS_AUDITEE_RESPONSE","","T_CURSOR; V_NAME; T_AU_OBSERVATION_ASSIGNEDTO; T_AU_OBSERVATION; T_AU_OBSERVATION_TEXT; T_AU_OBSERVATION_STATUS; T_AUDITEE_ENTITIES; T_CONTROL_VIOLATION; V_CAT_ID; T_CONTROL_VIOLATION_SUB; V_CAT_NATURE_ID; T_AU_PLAN_ENG; T_AU_PERIOD; T_AU_OBSERVATIONS_AUDITEE_RESPONSE","True","Investigate before exclusion; package source not fully mapped"
"PKG_AE","PKG_AE.P_GETOBSERVATIONTEXT","Confirmed Active","AE","GetObservationText","T_AU_ACTIVITY_LOG; T_AU_OBSERVATION_TEXT; T_AU_OBSERVATION","T_AU_ACTIVITY_LOG","T_CURSOR; T_AU_ACTIVITY_LOG; T_AU_OBSERVATION_TEXT; T_AU_OBSERVATION","True","Keep within future-state module design"
"PKG_AR","PKG_AR.P_GETOBSERVATIONSAUDITEERESPONSE","Confirmed Active","AE","GetObservationText","T_AU_OBSERVATIONS_AUDITEE_RESPONSE","","T_CURSOR; T_AU_OBSERVATIONS_AUDITEE_RESPONSE","True","Keep within future-state module design"
"PKG_AR","PKG_AR.P_GET_AUDITEE_OBSERVATION_RESPONSE_EVIDENCES","Confirmed Active","AE","GetObservationText","T_AU_OBSERVATIONS_AUDITEE_EVIDENCES","","T_AU_OBSERVATIONS_AUDITEE_EVIDENCES; T_CURSOR","True","Keep within future-state module design"
"PKG_AE","PKG_AE.P_GETOBSERVATIONRESPONSIBLE","Confirmed Active","AE; ObservationPdf","GetObservationPrintResponsibilities; GetObservationResponsiblePPNOs","V_GET_AUDITEE_PP_RESPONSIBILITY; V_SERVICE_EMPLOYEEINFO","","T_CURSOR; V_GET_AUDITEE_PP_RESPONSIBILITY; V_SERVICE_EMPLOYEEINFO","True","Keep within future-state module design"
"PKG_AE","PKG_AE.P_GETPARACOMPLIANCERESPONSIBLE","Likely Active","AE","GetOldParasObservationResponsiblePPNOs","V_GET_AUDITEE_PP_RESPONSIBILITY; V_SERVICE_EMPLOYEEINFO","","T_CURSOR; V_GET_AUDITEE_PP_RESPONSIBILITY; V_SERVICE_EMPLOYEEINFO","True","Validate before DDL freeze"
"PKG_AE","PKG_AE.P_GETPOSTAUDITCOMPLIANCE_EVIDENCE","Likely Active","AE","GetOldParasEvidences; GetOldParasEvidencesTEMP","AIS_T_AU_POST_COMPLIANCE_EVIDENCE","","T_CURSOR; AIS_T_AU_POST_COMPLIANCE_EVIDENCE","True","Validate before DDL freeze"
"PKG_AE","PKG_AE.P_AUDITEE_OBSERVATION_RESPONSE","Confirmed Active","AE","ResponseAuditObservation","T_AU_ACTIVITY_LOG; T_AU_OBSERVATIONS_AUDITEE_RESPONSE","T_AU_ACTIVITY_LOG; T_AU_OBSERVATIONS_AUDITEE_RESPONSE; T_AU_OBSERVATION_ASSIGNEDTO; T_AU_OBSERVATION","T_CURSOR; T_AU_ACTIVITY_LOG; T_AU_OBSERVATIONS_AUDITEE_RESPONSE; T_AU_OBSERVATION_ASSIGNEDTO; T_AU_OBSERVATION","True","Keep within future-state module design"
"PKG_AE","PKG_AE.P_AUDITEE_OBSERVATION_RESPONSE_EVIDENCES","Confirmed Active","AE","ResponseAuditObservation","T_AU_OBSERVATIONS_AUDITEE_EVIDENCES; HERE","T_AU_OBSERVATIONS_AUDITEE_EVIDENCES","T_AU_OBSERVATIONS_AUDITEE_EVIDENCES","True","Keep within future-state module design"
"PKG_AE","PKG_AE.P_GETAUDITEEOLDPARASENTITIESFAD","Likely Active","AE","GetAuditeeOldParasEntities","T_AU_ACTIVITY_LOG; V_GET_P_GETAUDITEEOLDPARASENTITIESFAD","T_AU_ACTIVITY_LOG","T_CURSOR; T_AU_ACTIVITY_LOG; V_GET_P_GETAUDITEEOLDPARASENTITIESFAD","True","Validate before DDL freeze"
"PKG_AE","PKG_AE.P_GETAUDITEEOLDPARAS","Confirmed Active","AE","GetAuditeeOldParas","T_AU_ACTIVITY_LOG; T_AU_OBSERVATION_OLD_CAD_PARAS; T_AUDITEE_ENTITIES; T_CONTROL_VIOLATION; T_CONTROL_VIOLATION_SUB; T_COSO_RISK","T_AU_ACTIVITY_LOG","T_CURSOR; T_AU_ACTIVITY_LOG; V_NAME; T_AU_OBSERVATION_OLD_CAD_PARAS; T_AUDITEE_ENTITIES; T_CONTROL_VIOLATION; V_CAT_ID; T_CONTROL_VIOLATION_SUB; V_CAT_NATURE_ID; T_COSO_RISK","True","Keep within future-state module design"
"PKG_AE","PKG_AE.P_GETOLDPARAMANAGEMENT","Confirmed Active","AE","GetOldParasManagement","","","","False","Keep within future-state module design"
"PKG_AE","PKG_AE.P_UPDATEOLDPARAMANAGEMENT","Confirmed Active","AE","AddOldParasCADReply","T_AU_REMARKS; T_AU_OBSERVATION_OLD_CAD_PARAS_TEXT","T_AU_OBSERVATION_OLD_CAD_PARAS; T_AU_OBSERVATION_OLD_CAD_PARAS_TEXT","T_CURSOR; T_AU_REMARKS; T_AU_OBSERVATION_OLD_CAD_PARAS; V_CAT_ID; V_CAT_NATURE_ID; T_AU_OBSERVATION_OLD_CAD_PARAS_TEXT","True","Keep within future-state module design"
"PKG_AE","PKG_AE.P_UPDATEAUDITEEOLDPARASRESPONSE","Confirmed Active","AE","AddOldParasCADCompliance","T_AU_OBSERVATION_OLD_CAD_PARAS_RESPONSE; T_AU_REMARKS","T_AU_OBSERVATION_OLD_CAD_PARAS_RESPONSE; T_AU_OBSERVATION_OLD_CAD_PARAS","T_CURSOR; V_F; T_AU_OBSERVATION_OLD_CAD_PARAS_RESPONSE; T_AU_OBSERVATION_OLD_CAD_PARAS; T_AU_REMARKS","True","Keep within future-state module design"
"PKG_AE","PKG_AE.P_GETAUDITEEASSIGNEDENTITIES","Confirmed Active","AE","GetAuditeeAssignedEntities","T_AU_OBSERVATION; T_AU_PLAN_ENG; T_AUDITEE_ENTITIES; T_AU_PERIOD; T_AU_OBSERVATION_ASSIGNEDTO","","T_CURSOR; T_AU_OBSERVATION; T_AU_PLAN_ENG; T_AUDITEE_ENTITIES; T_AU_PERIOD; T_AU_OBSERVATION_ASSIGNEDTO","True","Keep within future-state module design"
"PKG_AE","PKG_AE.P_GETCCQSENTITIES","Confirmed Active","AE","GetCCQsEntities","T_AU_CCQ; T_AUDITEE_ENTITIES; T_USER","","T_CURSOR; T_AU_CCQ; T_AUDITEE_ENTITIES; T_USER","True","Keep within future-state module design"
"PKG_AE","PKG_AE.P_GETPARASFORCOMPLIANCEBYAUDITEE","Confirmed Active","AE","GetParasForComplianceByAuditee","V_GET_AIS_POST_COMPLIANCE; T_AUDITEE_ENTITIES_MAPING; T_AUDITEE_ENTITIES_MAPING_COM","","T_CURSOR; V_GET_AIS_POST_COMPLIANCE; T_AUDITEE_ENTITIES_MAPING; T_AUDITEE_ENTITIES_MAPING_COM","True","Keep within future-state module design"
"PKG_AE","PKG_AE.P_GETPARASFORCOMPLIANCEREVIEW ","Confirmed Active","AE","GetParasForReviewComplianceByAuditee","","","","False","Keep within future-state module design"
"PKG_AE","PKG_AE.P_GETPARASFORCOMPLIANCEBYAUDITEE_TEXT","Confirmed Active","AE","GetParaComplianceText","T_AU_OLD_PARAS_FAD; T_AU_OLD_PARAS_FAD_TEXT; T_AU_OBSERVATION; T_AU_OBSERVATION_TEXT; T_AU_OBSERVATION_OLD_CAD_PARAS; T_AU_OBSERVATION_OLD_CAD_PARAS_TEXT","","T_CURSOR; T_AU_OLD_PARAS_FAD; T_AU_OLD_PARAS_FAD_TEXT; T_AU_OBSERVATION; T_AU_OBSERVATION_TEXT; T_AU_OBSERVATION_OLD_CAD_PARAS; T_AU_OBSERVATION_OLD_CAD_PARAS_TEXT","True","Keep within future-state module design"
"PKG_AE","PKG_AE.P_GETPARASFORCOMPLIANCEFORHISTORY","Confirmed Active","AE","GetOldParasComplianceCycleText","AIS_T_AU_POST_COMPLIANCE_TEXT; AIS_T_AU_POST_COMPLIANCE; T_AU_OBSERVATION_FAD; T_AU_OBSERVATION_TEXT; T_AU_OLD_PARAS_FAD_TEXT; T_AU_OBSERVATION_OLD_CAD_PARAS_TEXT","","T_CURSOR; AIS_T_AU_POST_COMPLIANCE_TEXT; AIS_T_AU_POST_COMPLIANCE; T_AU_OBSERVATION_FAD; T_AU_OBSERVATION_TEXT; T_AU_OLD_PARAS_FAD_TEXT; T_AU_OBSERVATION_OLD_CAD_PARAS_TEXT","True","Keep within future-state module design"
"PKG_AE","PKG_AE.P_GETPOSTAUDITCOMPLIANCE_EVIDENCE_FILEDATA","Confirmed Active","AE","GetPostComplianceEvidenceData","AIS_T_AU_POST_COMPLIANCE_EVIDENCE","","T_CURSOR; AIS_T_AU_POST_COMPLIANCE_EVIDENCE","True","Keep within future-state module design"
"PKG_AE","PKG_AE.P_GETPOSTAUDITCOMPLIANCE_EVIDENCE_FILEDATA_CAU","Confirmed Active","AE","GetCAUParasPostComplianceEvidenceData","AIS_T_AU_POST_COMPLIANCE_EVIDENCE_CAU","","T_CURSOR; AIS_T_AU_POST_COMPLIANCE_EVIDENCE_CAU","True","Keep within future-state module design"
"PKG_AE","PKG_AE.P_GETAUDITEEOLDPARASFADTEXT_REF","Confirmed Active","AE","GetOldParasBranchComplianceTextRef","","","","False","Keep within future-state module design"
"PKG_AE","PKG_AE.P_GETAUDITEEOLDPARASFADTEXT_REVIEWER","Confirmed Active","AE","GetOldParasBranchComplianceTextForZone","","","","False","Keep within future-state module design"
"PKG_AE","PKG_AE.P_GETAUDITEEOLDPARASFADTEXT_REVIEWER_REF","Confirmed Active","AE","GetOldParasBranchComplianceTextForZoneRef","","","","False","Keep within future-state module design"
"PKG_AE","PKG_AE.P_SUBMITPOSTAUDITCOMPLIANCE","Confirmed Active","AE","SubmitPostAuditCompliance","V_GET_AIS_POST_COMPLIANCE; T_AUDITEE_ENTITIES_MAPING; T_AUDITEE_ENTITIES_MAPING_COM; T_AU_OBSERVATION_OLD_CAD_PARAS; T_AUDITEE_ENTITIES; T_AUDITEE_ENT_TYPES; T_USER; T_USER_MAPING; T_AU_ACTIVITY_LOG; AIS_T_AU_POST_COMPLIANCE_TEXT; AIS_T_AU_POST_COMPLIANCE_HISTORY; T_GROUPS; DUAL","T_AU_ACTIVITY_LOG; AIS_T_AU_POST_COMPLIANCE; AIS_T_AU_POST_COMPLIANCE_TEXT; AIS_T_AU_POST_COMPLIANCE_HISTORY","T_CURSOR; V_GET_AIS_POST_COMPLIANCE; T_AUDITEE_ENTITIES_MAPING; T_AUDITEE_ENTITIES_MAPING_COM; V_F; T_AU_OBSERVATION_OLD_CAD_PARAS; T_AUDITEE_ENTITIES; T_AUDITEE_ENT_TYPES; T_USER; T_USER_MAPING; T_AU_ACTIVITY_LOG; AIS_T_AU_POST_COMPLIANCE; AIS_T_AU_POST_COMPLIANCE_TEXT; AIS_T_AU_POST_COMPLIANCE_HISTORY; T_GROUPS","True","Keep within future-state module design"
"PKG_AE","PKG_AE.P_SUBMITPOSTAUDITCOMPLIANCE_EVIDENCE","Confirmed Active","AE","SubmitPostAuditCompliance","AIS_T_AU_POST_COMPLIANCE_TEXT; AIS_T_AU_POST_COMPLIANCE_EVIDENCE","AIS_T_AU_POST_COMPLIANCE_EVIDENCE_ARCHIVE; AIS_T_AU_POST_COMPLIANCE_EVIDENCE","AIS_T_AU_POST_COMPLIANCE_TEXT; AIS_T_AU_POST_COMPLIANCE_EVIDENCE_ARCHIVE; AIS_T_AU_POST_COMPLIANCE_EVIDENCE","True","Keep within future-state module design"
"PKG_AE","PKG_AE.P_SUBMITPOSTAUDITCOMPLIANCE_REVIEW","Confirmed Active","AE","SubmitPostAuditComplianceReview","V_GET_AIS_POST_COMPLIANCE; T_AUDITEE_ENTITIES_MAPING; T_AUDITEE_ENTITIES; T_AUDITEE_ENTITIES_MAPING_COM; T_AU_OBSERVATION_OLD_CAD_PARAS; T_AUDITEE_ENT_TYPES; T_USER; T_USER_MAPING; T_AU_ACTIVITY_LOG; AIS_T_AU_POST_COMPLIANCE_HISTORY; T_GROUPS; DUAL","T_AU_ACTIVITY_LOG; AIS_T_AU_POST_COMPLIANCE; T_AU_OBSERVATION; T_AU_OLD_PARAS_FAD; T_AU_OBSERVATION_OLD_CAD_PARAS; AIS_T_AU_POST_COMPLIANCE_HISTORY","T_CURSOR; V_GET_AIS_POST_COMPLIANCE; T_AUDITEE_ENTITIES_MAPING; T_AUDITEE_ENTITIES; T_AUDITEE_ENTITIES_MAPING_COM; T_AU_OBSERVATION_OLD_CAD_PARAS; T_AUDITEE_ENT_TYPES; T_USER; T_USER_MAPING; T_AU_ACTIVITY_LOG; AIS_T_AU_POST_COMPLIANCE; T_AU_OBSERVATION; T_AU_OLD_PARAS_FAD; AIS_T_AU_POST_COMPLIANCE_HISTORY; T_GROUPS","True","Keep within future-state module design"
"PKG_AE","PKG_AE.P_GETOLDPARASFORREVIEWER","Confirmed Active","AE","GetOldParasForReviewer","","","","False","Keep within future-state module design"
"PKG_AE","PKG_AE.P_GETOLDPARASFORREVIEWER_REF","Confirmed Active","AE","GetOldParasForReviewerRef","","","","False","Keep within future-state module design"
"PKG_AE","PKG_AE.P_ADDOLDPARASREVIEWER","Confirmed Active","AE","AddOldParasComplianceReviewer","","","","False","Keep within future-state module design"
"PKG_AE","PKG_AE.P_ADDOLDPARASREPLY","Confirmed Active","AE","AddOldParasReply","","","","False","Keep within future-state module design"
"PKG_AE","PKG_AE.P_GETAUDITEEALLPARASFAD","Confirmed Active","AE","GetOldParasBranchComplianceTextupdate","T_AU_ACTIVITY_LOG; T_AU_OLD_PARAS_FAD; T_AUDITEE_ENTITIES; V_GET_P_GETAUDITEEOLDPARASFAD_REF","T_AU_ACTIVITY_LOG","T_CURSOR; T_AU_ACTIVITY_LOG; T_AU_OLD_PARAS_FAD; T_AUDITEE_ENTITIES; V_GET_P_GETAUDITEEOLDPARASFAD_REF","True","Keep within future-state module design"
"PKG_AE","PKG_AE.P_GET_V_AUDITEE_PARAS_COMPLIANCE_HISTORY_AUDITEE_TEXT","Confirmed Active","AE","GetComplianceTextAuditee","","","","False","Keep within future-state module design"
"PKG_AE","PKG_AE.P_GET_V_AUDITEE_PARAS_COMPLIANCE_HISTORY_NUM_AUDITEE","Low-Confidence / Needs Verification","AE","GetComplianceHistoryCountAuditee","","","","False","Investigate before exclusion; package source not fully mapped"
"PKG_AE","PKG_AE.P_GETPARASFORCOMPLIANCEHISTORY","Confirmed Active","AE","GetComplianceHistory","AIS_T_AU_POST_COMPLIANCE_HISTORY; V_SERVICE_EMPLOYEEINFO","","T_CURSOR; AIS_T_AU_POST_COMPLIANCE_HISTORY; V_SERVICE_EMPLOYEEINFO","True","Keep within future-state module design"
"PKG_AE","PKG_AE.P_GETPARASFORCOMPLIANCEBYCAU","Confirmed Active","AE","GetCAUParasForPostCompliance","AIS_T_AU_POST_COMPLIANCE; T_AUDITEE_ENTITIES_MAPING","","T_CURSOR; AIS_T_AU_POST_COMPLIANCE; T_AUDITEE_ENTITIES_MAPING","True","Keep within future-state module design"
"PKG_AE","PKG_AE.P_GETREALTIONSHIPTYPEFORCAU","Confirmed Active","AE","GetrealtionshiptypeForCAU","T_AUDITEE_ENT_RELATION","","T_CURSOR; T_AUDITEE_ENT_RELATION","True","Keep within future-state module design"
"PKG_AE","PKG_AE.P_GETPARENTREPOFFICEFORCAU","Confirmed Active","AE","GetParentRelationshipForCAU","T_AUDITEE_ENTITIES; T_AUDITEE_ENT_RELATION","","T_CURSOR; T_AUDITEE_ENTITIES; T_AUDITEE_ENT_RELATION; T_AUDITEE_ENT_TYPES; V_GET_PARENT_OFFICE","True","Keep within future-state module design"
"PKG_AE","PKG_AE.P_GETCHILDPOSTINGFORCAU","Confirmed Active","AE","GetChildRelationshipForCAU","V_GET_PARENT_OFFICE; T_AUDITEE_ENT_TYPES","","T_CURSOR; V_GET_PARENT_OFFICE; T_AUDITEE_ENT_TYPES","True","Keep within future-state module design"
"PKG_AE","PKG_AE.P_FORWARD_CAU_PARA_TO_BRANCH","Confirmed Active","AE","SubmitCAUParaToBranch","T_AUDITEE_ENTITIES; T_USER; T_USER_MAPING; T_AU_ACTIVITY_LOG; AIS_T_AU_POST_COMPLIANCE_TEXT_CAU; DUAL","T_AU_ACTIVITY_LOG; AIS_T_AU_POST_COMPLIANCE; AIS_T_AU_POST_COMPLIANCE_TEXT_CAU","T_CURSOR; T_F; T_AUDITEE_ENTITIES; T_USER; T_USER_MAPING; T_AU_ACTIVITY_LOG; AIS_T_AU_POST_COMPLIANCE; AIS_T_AU_POST_COMPLIANCE_TEXT_CAU","True","Keep within future-state module design"
"PKG_AE","PKG_AE.P_GETPARASFORCOMPLIANCE_CAU_PARA_TEXT","Confirmed Active","AE","GetCAUParaToBranchParaText","AIS_T_AU_POST_COMPLIANCE; AIS_T_AU_POST_COMPLIANCE_TEXT_CAU; T_AU_OLD_PARAS_FAD; T_AU_OLD_PARAS_FAD_TEXT; T_AU_OBSERVATION_TEXT","","T_CURSOR; AIS_T_AU_POST_COMPLIANCE; AIS_T_AU_POST_COMPLIANCE_TEXT_CAU; T_AU_OLD_PARAS_FAD; T_AU_OLD_PARAS_FAD_TEXT; T_AU_OBSERVATION_TEXT","True","Keep within future-state module design"
"PKG_AE","PKG_AE.P_GETPARASFORCOMPLIANCEBYCAU_BY_BRANCH","Confirmed Active","AE","GetCAUParasForPostComplianceSubmittedToBranch","AIS_T_AU_POST_COMPLIANCE; T_AUDITEE_ENTITIES; AIS_T_AU_POST_COMPLIANCE_TEXT_CAU","","T_CURSOR; AIS_T_AU_POST_COMPLIANCE; T_AUDITEE_ENTITIES; AIS_T_AU_POST_COMPLIANCE_TEXT_CAU","True","Keep within future-state module design"
"PKG_AE","PKG_AE.P_SUBMITPOSTAUDITCOMPLIANCE_BY_BRANCH","Confirmed Active","AE","SubmitCAUParaByBranch","T_USER; T_USER_MAPING; T_AU_ACTIVITY_LOG; DUAL","T_AU_ACTIVITY_LOG; AIS_T_AU_POST_COMPLIANCE; AIS_T_AU_POST_COMPLIANCE_TEXT_CAU","T_ID; T_CURSOR; T_USER; T_USER_MAPING; T_AU_ACTIVITY_LOG; AIS_T_AU_POST_COMPLIANCE; AIS_T_AU_POST_COMPLIANCE_TEXT_CAU","True","Keep within future-state module design"
"PKG_AE","PKG_AE.P_SUBMITPOSTAUDITCOMPLIANCE_EVIDENCE_BY_BRANCH","Confirmed Active","AE","SubmitCAUParaByBranch","AIS_T_AU_POST_COMPLIANCE_EVIDENCE_CAU; AIS_T_AU_POST_COMPLIANCE_TEXT","AIS_T_AU_POST_COMPLIANCE_EVIDENCE_CAU","AIS_T_AU_POST_COMPLIANCE_EVIDENCE_CAU; AIS_T_AU_POST_COMPLIANCE_TEXT","True","Keep within future-state module design"
"PKG_AE","PKG_AE.P_GETPARASFORCOMPLIANCEBYCAU_FOR_REVIEW","Confirmed Active","AE","GetCAUParasForPostComplianceForReview","AIS_T_AU_POST_COMPLIANCE","","T_CURSOR; AIS_T_AU_POST_COMPLIANCE","True","Keep within future-state module design"
"PKG_AE","PKG_AE.P_GETALLCOMPLIANCE_EVIDENCE_CAU","Confirmed Active","AE","GetCAUAllComplianceEvidence","AIS_T_AU_POST_COMPLIANCE_EVIDENCE_CAU","","T_CURSOR; AIS_T_AU_POST_COMPLIANCE_EVIDENCE_CAU","True","Keep within future-state module design"
"PKG_AR","PKG_AR.P_GET_AUDITEE_SUBMISSION_LIST","Confirmed Active","AR","GetAuditEntitiesForOtherEntitySelection","T_AUDITEE_ENTITIES","","T_CURSOR; T_AUDITEE_ENTITIES","True","Keep within future-state module design"
"PKG_AR","PKG_AR.P_GETRISKGROUP","Confirmed Active","AR","GetRiskGroup","T_R_GROUP","","T_CURSOR; T_R_GROUP","True","Keep within future-state module design"
"PKG_AR","PKG_AR.P_GETRISKSUBGROUP","Confirmed Active","AR","GetRiskSubGroup","T_R_SUB_GROUP; T_R_GROUP","","T_CURSOR; T_R_SUB_GROUP; T_R_GROUP","True","Keep within future-state module design"
"PKG_AR","PKG_AR.P_GETRISKACTIVITIES","Confirmed Active","AR","GetRiskActivities","T_R_ACTIVITY; T_R_SUB_GROUP","","T_CURSOR; T_R_ACTIVITY; T_R_SUB_GROUP","True","Keep within future-state module design"
"PKG_AR","PKG_AR.P_GETAUDITVOILATIONCATS","Confirmed Active","AR","GetAuditVoilationcats","T_CONTROL_VIOLATION","","T_CURSOR; T_CONTROL_VIOLATION","True","Keep within future-state module design"
"PKG_AR","PKG_AR.P_GETVOILATIONSUBGROUP","Confirmed Active","AR","GetVoilationSubGroup","T_CONTROL_VIOLATION; T_CONTROL_VIOLATION_SUB","","T_CURSOR; T_CONTROL_VIOLATION; T_CONTROL_VIOLATION_SUB; V_ID","True","Keep within future-state module design"
"PKG_AR","PKG_AR.P_GETTASKLIST","Confirmed Active","AR","GetTaskList","T_AU_AUDIT_TEAM_TASKLIST; T_AU_AUDIT_TEAMS; T_AU_AUDIT_TEAM_TASKLIST_STATUS; T_AU_TEAM_MEMBERS; T_AU_PLAN_ENG; T_AUDITEE_ENTITIES; T_AUDITEE_ENT_TYPES; T_AU_AUDIT_JOINING; T_AU_PERIOD; T_AUDITEE_ENTITIES_MAPING","","T_CURSOR; T_NAME; T_AU_AUDIT_TEAM_TASKLIST; T_AU_AUDIT_TEAMS; T_AU_AUDIT_TEAM_TASKLIST_STATUS; T_AU_TEAM_MEMBERS; T_ID; T_AU_PLAN_ENG; T_AUDITEE_ENTITIES; T_AUDITEE_ENT_TYPES; T_AU_AUDIT_JOINING; T_AU_PERIOD; T_AUDITEE_ENTITIES_MAPING","True","Keep within future-state module design"
"PKG_AR","PKG_AR.P_GETJOININGDETAILS","Confirmed Active","AR","GetJoiningDetails","T_AU_AUDIT_TEAM_TASKLIST; T_AU_PLAN_ENG; T_AU_PLAN; T_AUDITEE_ENTITIES; T_AU_PERIOD; T_AU_TEAM_MEMBERS; T_AU_AUDIT_TEAMS; T_RISK; T_AUDITEE_ENTITIES_SIZE_DISC","","T_CURSOR; T_AU_AUDIT_TEAM_TASKLIST; T_AU_PLAN_ENG; T_AU_PLAN; T_AUDITEE_ENTITIES; T_AU_PERIOD; T_AU_TEAM_MEMBERS; T_AU_AUDIT_TEAMS; T_ID; T_RISK; T_AUDITEE_ENTITIES_SIZE_DISC","True","Keep within future-state module design"
"PKG_AR","PKG_AR.P_ADDJOININGREPORT","Confirmed Active","AR","AddJoiningReport","T_AU_PLAN_ENG; T_AU_AUDIT_TEAMS; T_AU_TEAM_MEMBERS; T_AU_AUDIT_TEAM_TASKLIST; T_AU_ACTIVITY_LOG; DUAL; T_AUDITEE_ENTITIES; T_AU_AUDIT_JOINING","T_AU_ACTIVITY_LOG; JOINING; T_AU_AUDIT_JOINING; T_AU_AUDIT_TEAM_TASKLIST; AUDITEE; T_AUDITEE_ENTITIES","T_CURSOR; V_AUD_ENT_ID; V_IS_TEAMLEAD; V_PREV_LOG_ID; V_NEW_LOG_ID; V_JOINING_ID; V_ENTITY_TYPE; V_PLAN_ENDDATE; V_PENDING_CNT; V_EXISTING_JOIN; V_IS_SPECIAL_TYPE; V_NEXT_STATUS; V_EMAIL_TO; V_EMAIL_CC; V_AUDITEE_NAME; V_TEAM_LEAD_LINE; V_TEAM_MEMBERS; V_TEAM_ID; V_TEAM_COUNT; V_REMARKS; V_EMAIL_FLAG; V_TO_EMAIL; V_CC_EMAIL; V_OUT_NAME; V_TEAM; V_TEAM_LEAD; V_TEAM_MEMBERSO; V_ERRMSG; T_AU_PLAN_ENG; T_AU_AUDIT_TEAMS; T_AU_TEAM_MEMBERS; T_ID; T_AU_AUDIT_TEAM_TASKLIST; T_AU_ACTIVITY_LOG; T_AUDITEE_ENTITIES; T_AU_AUDIT_JOINING","True","Keep within future-state module design"
"PKG_AR","PKG_AR.P_GETAUDITCHECKLIST","Confirmed Active","AR","GetAuditChecklist","T_AUDIT_CHECKLIST; T_AUDITEE_ENT_TYPES","","T_CURSOR; T_AUDIT_CHECKLIST; T_AUDITEE_ENT_TYPES; T_ID","True","Keep within future-state module design"
"PKG_AR","PKG_AR.P_GETAUDITCHECKLISTCAD","Confirmed Active","AR","GetAuditChecklistCAD","T_AUDIT_CHECKLIST","","T_CURSOR; T_AUDIT_CHECKLIST; T_ID","True","Keep within future-state module design"
"PKG_AR","PKG_AR.P_GETAUDITCHECKLISTSUB","Confirmed Active","AR","GetAuditChecklistSub","T_AUDIT_CHECKLIST_SUB; T_AUDIT_CHECKLIST; T_AUDITEE_ENT_TYPES","","T_CURSOR; T_NAME; T_AUDIT_CHECKLIST_SUB; T_AUDIT_CHECKLIST; T_ID; T_AUDITEE_ENT_TYPES","True","Keep within future-state module design"
"PKG_AR","PKG_AR.P_GETAUDITCHECKLISTDETAILS","Confirmed Active","AR","GetAuditChecklistDetails","T_AUDIT_CHECKLIST_DETAILS; T_AUDIT_CHECKLIST_SUB; T_R_SUB_GROUP; T_RISK","","T_CURSOR; V_NAME; T_AUDIT_CHECKLIST_DETAILS; T_AUDIT_CHECKLIST_SUB; T_R_SUB_GROUP; V_ID; T_RISK","True","Keep within future-state module design"
"PKG_AR","PKG_AR.P_SAVEAUDITOBSERVATION","Confirmed Active","AR","SaveAuditObservation","T_AU_OBSERVATION; T_AUDIT_CHECKLIST_DETAILS; T_AUDIT_CHECKLIST_SUB; T_AU_PLAN_ENG; T_AUDITEE_ENT_TYPES; T_AU_ACTIVITY_LOG; T_AU_OBSERVATION_TEXT; T_AU_REMARKS","T_AU_ACTIVITY_LOG; T_AU_OBSERVATION; T_AU_OBSERVATION_TEXT; T_AUDITEE_CHECKKLIST","T_AU_OBSERVATION; V_CAT_ID; V_CAT_NATURE_ID; T_AU_OBSERVATION_TEXT; T_CURSOR; T_AUDIT_CHECKLIST_DETAILS; T_ID; T_AUDIT_CHECKLIST_SUB; T_AU_PLAN_ENG; T_AUDITEE_ENT_TYPES; T_AU_ACTIVITY_LOG; T_AUDITEE_CHECKKLIST; T_AU_REMARKS","True","Keep within future-state module design"
"PKG_AR","PKG_AR.P_RESPONIBILITYASSIGNED","Confirmed Active","AR","AddInitialResponsibilityAssignment; SaveAuditObservation; SaveAuditObservationCAU","T_AU_OBSERVATION_RESPONIBILITY_ASSIGNED; DUAL","T_AU_OBSERVATION_RESPONIBILITY_ASSIGNED; T_AU_RESPONSIBILITY_LOG","T_CURSOR; V_NEW_ID; V_ERR_MSG; T_AU_OBSERVATION_RESPONIBILITY_ASSIGNED; T_AU_RESPONSIBILITY_LOG","True","Keep within future-state module design"
"PKG_AR","PKG_AR.P_SAVEAUDITOBSERVATIONCAD","Confirmed Active","AR","SaveAuditObservationCAU","T_AU_OBSERVATION; T_AU_ACTIVITY_LOG; T_AU_PLAN_ENG; T_AUDITEE_ENTITIES; T_AUDIT_CHECKLIST_DETAILS; T_AUDIT_CHECKLIST_SUB; T_AU_OBSERVATION_TEXT; T_AU_REMARKS","T_AU_ACTIVITY_LOG; T_AU_OBSERVATION; T_AU_OBSERVATION_TEXT","T_AU_OBSERVATION; T_AU_OBSERVATION_TEXT; T_CURSOR; V_F; M_F; T_F; T_AU_ACTIVITY_LOG; T_AU_PLAN_ENG; T_AUDITEE_ENTITIES; T_AUDIT_CHECKLIST_DETAILS; T_ID; T_AUDIT_CHECKLIST_SUB; V_CAT_ID; V_CAT_NATURE_ID; T_AU_REMARKS","True","Keep within future-state module design"
"PKG_AR","PKG_AR.P_SETENGIDONHOLD","Likely Active","AR","SetEngIdOnHold","","T_AU_AUDIT_JOINING; T_AU_PLAN_ENG","T_AU_AUDIT_JOINING; T_AU_PLAN_ENG","True","Validate before DDL freeze"
"PKG_AR","PKG_AR.P_GETLATESTAUDITORRESPONSE","Likely Active","AR","GetLatestAuditorResponse","T_AU_OBSERVATIONS_AUDITOR_RECOMMENDATION","","T_CURSOR; T_AU_OBSERVATIONS_AUDITOR_RECOMMENDATION","True","Validate before DDL freeze"
"PKG_AR","PKG_AR.P_GETLATESTDEPARTMENTALHEADRESPONSE","Likely Active","AR","GetLatestDepartmentalHeadResponse","T_AU_OBSERVATIONS_AUDITOR_REPLY","","T_CURSOR; T_AU_OBSERVATIONS_AUDITOR_REPLY","True","Validate before DDL freeze"
"PKG_AR","PKG_AR.P_GETLATESTAUDITEERESPONSE","Confirmed Active","AR","GetLatestAuditeeResponse","T_AU_OBSERVATIONS_AUDITEE_RESPONSE","","T_CURSOR; T_AU_OBSERVATIONS_AUDITEE_RESPONSE","True","Keep within future-state module design"
"PKG_AR","PKG_AR.P_GET_DETAILS_FOR_MANAGE_OBSERVATIONS_SUMMARY","Confirmed Active","AR","GetManagedObservationsSummaryForSelectedEntity","V_GET_P_GET_DETAILS_FOR_MANAGE_OBSERVATIONS_SUMMARY","","T_CURSOR; V_GET_P_GET_DETAILS_FOR_MANAGE_OBSERVATIONS_SUMMARY","True","Keep within future-state module design"
"PKG_AR","PKG_AR.P_GET_DETAILS_FOR_MANAGE_OBSERVATIONS","Confirmed Active","AR","GetManagedObservationsForSelectedEntity","T_AU_PLAN_ENG; T_AU_OBSERVATION; T_AU_OBSERVATION_TEXT; T_AUDITEE_ENT_TYPES; T_AUDITEE_ENTITIES; T_AU_OBSERVATION_STATUS","","T_CURSOR; T_IND; T_AU_PLAN_ENG; T_AU_OBSERVATION; T_AU_OBSERVATION_TEXT; T_AUDITEE_ENT_TYPES; T_AUDITEE_ENTITIES; T_AU_OBSERVATION_STATUS","True","Keep within future-state module design"
"PKG_AR","PKG_AR.P_UPDATE_AUDIT_PARAS","Confirmed Active","AR","UpdateAuditObservationStatus","DUAL","T_AU_OBSERVATION_UPDATED_REFERENCE","T_CURSOR; T_AU_OBSERVATION_UPDATED_REFERENCE","True","Keep within future-state module design"
"PKG_AR","PKG_AR.P_AUTHORIZE_UPDATE_AUDIT_PARAS","Confirmed Active","AR","AuthorizedAuditObservationStatus; ReferredBackAuditObservationStatus","","","T_CURSOR","True","Keep within future-state module design"
"PKG_AR","PKG_AR.P_GETMANAGEDOBSERVATIONS","Confirmed Active","AR","GetManagedObservations","T_AU_OBSERVATION; T_AU_PLAN_ENG; T_AUDITEE_ENTITIES; T_CONTROL_VIOLATION; T_CONTROL_VIOLATION_SUB; T_RISK; T_AU_OBSERVATION_STATUS; T_AU_PERIOD; T_AU_OBSERVATION_TEXT","","T_CURSOR; V_NAME; T_AU_OBSERVATION; T_AU_PLAN_ENG; T_AUDITEE_ENTITIES; T_CONTROL_VIOLATION; V_CAT_ID; T_CONTROL_VIOLATION_SUB; V_CAT_NATURE_ID; T_RISK; T_AU_OBSERVATION_STATUS; T_AU_PERIOD; T_AU_OBSERVATION_TEXT","True","Keep within future-state module design"
"PKG_AR","PKG_AR.P_GETMANAGEDOBSERVATIONSTEXT","Confirmed Active","AR","GetManagedObservationText; GetManagedObservationTextForBranches","T_AU_OBSERVATION; T_AU_PLAN_ENG; T_AU_OBSERVATION_TEXT; T_CONTROL_VIOLATION; T_CONTROL_VIOLATION_SUB; T_RISK; T_AU_OBSERVATION_STATUS; T_AU_PERIOD","","T_CURSOR; V_NAME; T_AU_OBSERVATION; T_AU_PLAN_ENG; T_AU_OBSERVATION_TEXT; T_CONTROL_VIOLATION; V_CAT_ID; T_CONTROL_VIOLATION_SUB; V_CAT_NATURE_ID; T_RISK; T_AU_OBSERVATION_STATUS; T_AU_PERIOD","True","Keep within future-state module design"
"PKG_AR","PKG_AR.P_GET_AUDITEE_OBSERVATION_RESPONSE_EVIDENCES_BY_OBS_ID","Confirmed Active","AR","GetRespondedObservationEvidences","T_AU_OBSERVATIONS_AUDITEE_EVIDENCES; T_AU_OBSERVATION_TEXT","","T_AU_OBSERVATION; T_CURSOR; T_AU_OBSERVATIONS_AUDITEE_EVIDENCES; T_AU_OBSERVATION_TEXT","True","Keep within future-state module design"
"PKG_AR","PKG_AR.P_GET_DETAILS_FOR_MANAGE_OBSERVATIONS_TEXT","Confirmed Active","AR","GetManagedAllObservationsText","V_PARA_TEXT_FIELD_AIS; V_PARA_TEXT_DEPARTMENT_AIS","","T_CURSOR; V_PARA_TEXT_FIELD_AIS; V_PARA_TEXT_DEPARTMENT_AIS","True","Keep within future-state module design"
"PKG_AR","PKG_AR.P_GETMANAGEDOBSERVATIONSFORBRANCHES","Confirmed Active","AR","GetManagedObservationsForBranches","T_AU_OBSERVATION; T_AU_PLAN_ENG; T_AUDITEE_ENTITIES; T_AU_OBSERVATION_STATUS; T_AU_PERIOD; T_AU_OBSERVATION_TEXT; T_AUDIT_CHECKLIST_ANNEXURE; T_RISK","","T_CURSOR; T_AU_OBSERVATION; T_AU_PLAN_ENG; T_AUDITEE_ENTITIES; T_AU_OBSERVATION_STATUS; T_AU_PERIOD; T_AU_OBSERVATION_TEXT; T_AUDIT_CHECKLIST_ANNEXURE; T_RISK","True","Keep within future-state module design"
"PKG_AR","PKG_AR.P_GETMANAGEDOBSERVATIONSFORBRANCHESTEXT","Confirmed Active","AR","GetManagedObservationTextForBranches","T_AU_OBSERVATION; T_AU_PLAN_ENG; T_AU_OBSERVATION_TEXT; T_AUDIT_CHECKLIST_DETAILS; T_AUDIT_CHECKLIST_SUB; T_AUDIT_CHECKLIST","","T_CURSOR; T_ID; T_AU_OBSERVATION; T_AU_PLAN_ENG; T_AU_OBSERVATION_TEXT; T_AUDIT_CHECKLIST_DETAILS; T_AUDIT_CHECKLIST_SUB; T_AUDIT_CHECKLIST","True","Keep within future-state module design"
"PKG_AR","PKG_AR.P_GETMANAGEDDRAFTOBSERVATIONS","Confirmed Active","AR","GetManagedDraftObservations","T_AU_OBSERVATION; T_AU_PLAN_ENG; T_AU_OBSERVATION_TEXT; T_AUDITEE_ENTITIES; T_RISK; T_AU_OBSERVATION_STATUS; T_AU_PERIOD; T_AUDIT_CHECKLIST_DETAILS; T_AUDIT_CHECKLIST_SUB; T_AUDIT_CHECKLIST; T_AU_OBSERVATIONS_AUDITOR_RESPONSE; T_CONTROL_VIOLATION; T_CONTROL_VIOLATION_SUB","","T_CURSOR; M_F; T_AU_OBSERVATION; T_AU_PLAN_ENG; T_AU_OBSERVATION_TEXT; T_AUDITEE_ENTITIES; T_RISK; T_AU_OBSERVATION_STATUS; T_AU_PERIOD; T_AUDIT_CHECKLIST_DETAILS; T_AUDIT_CHECKLIST_SUB; T_AUDIT_CHECKLIST; T_ID; T_AU_OBSERVATIONS_AUDITOR_RESPONSE; V_NAME; T_CONTROL_VIOLATION; V_CAT_ID; T_CONTROL_VIOLATION_SUB; V_CAT_NATURE_ID","True","Keep within future-state module design"
"PKG_AR","PKG_AR.P_GETMANAGEDDRAFTOBSERVATIONSFORBRANCHES","Confirmed Active","AR","GetManagedDraftObservationsBranch; GetManagedDraftObservationsForBranches","T_AU_OBSERVATION; T_AU_PLAN_ENG; T_AU_OBSERVATION_TEXT; T_AUDITEE_ENTITIES; T_AUDIT_CHECKLIST_DETAILS; T_AUDIT_CHECKLIST_SUB; T_AUDIT_CHECKLIST; T_RISK; T_AU_OBSERVATION_STATUS; T_AU_PERIOD; T_AU_OBSERVATIONS_AUDITOR_RESPONSE","","T_CURSOR; T_AU_OBSERVATION; T_AU_PLAN_ENG; T_AU_OBSERVATION_TEXT; T_AUDITEE_ENTITIES; T_AUDIT_CHECKLIST_DETAILS; T_AUDIT_CHECKLIST_SUB; T_AUDIT_CHECKLIST; T_ID; T_RISK; T_AU_OBSERVATION_STATUS; T_AU_PERIOD; T_AU_OBSERVATIONS_AUDITOR_RESPONSE","True","Keep within future-state module design"
"PKG_AR","PKG_AR.P_GETMANAGEDDRAFTOBSERVATIONSBRANCH","Confirmed Active","AR","GetEntityReportParasForBranch","T_AU_OBSERVATION; T_AU_PLAN_ENG; T_AU_OBSERVATION_TEXT; T_AUDITEE_ENTITIES; T_RISK; T_AU_OBSERVATION_STATUS; T_AU_PERIOD; T_AUDIT_CHECKLIST_DETAILS; T_AUDIT_CHECKLIST_SUB; T_AUDIT_CHECKLIST; T_AU_OBSERVATIONS_AUDITOR_RESPONSE","","T_CURSOR; M_F; T_AU_OBSERVATION; T_AU_PLAN_ENG; T_AU_OBSERVATION_TEXT; T_AUDITEE_ENTITIES; T_RISK; T_AU_OBSERVATION_STATUS; T_AU_PERIOD; T_AUDIT_CHECKLIST_DETAILS; T_AUDIT_CHECKLIST_SUB; T_AUDIT_CHECKLIST; T_ID; T_AU_OBSERVATIONS_AUDITOR_RESPONSE","True","Keep within future-state module design"
"PKG_AR","PKG_AR.P_GETMANAGEDDRAFTOBSERVATIONSTEXT","Confirmed Active","AR","GetManagedDraftObservationsText","T_AU_OBSERVATION_TEXT","","T_CURSOR; T_AU_OBSERVATION_TEXT","True","Keep within future-state module design"
"PKG_AR","PKG_AR.P_GETAUDITEECHECKKLIST","Confirmed Active","AR","GetSubChecklistStatus","T_AUDITEE_CHECKKLIST; T_AUDIT_CHECKLIST_DETAILS; T_AUDIT_CHECKLIST_SUB; T_AU_OBSERVATION; T_AU_OBSERVATION_TEXT","","T_CURSOR; T_AUDITEE_CHECKKLIST; T_AUDIT_CHECKLIST_DETAILS; T_AUDIT_CHECKLIST_SUB; T_AU_OBSERVATION; T_AU_OBSERVATION_TEXT","True","Keep within future-state module design"
"PKG_AR","PKG_AR.P_DROPAUDITOBSERVATION","Confirmed Active","AR","DropAuditObservation","T_AU_ACTIVITY_LOG; T_AU_OBSERVATION; T_AU_AUDIT_TEAM_TASKLIST; T_AU_TEAM_MEMBERS; T_USER_MAPING; T_AU_REMARKS","T_AU_ACTIVITY_LOG; T_AU_OBSERVATION","T_CURSOR; V_F; T_L; T_AU_ACTIVITY_LOG; T_AU_OBSERVATION; T_AU_AUDIT_TEAM_TASKLIST; T_AU_TEAM_MEMBERS; T_ID; T_USER_MAPING; T_AU_REMARKS","True","Keep within future-state module design"
"PKG_AR","PKG_AR.P_SUBMITAUDITOBSERVATIONTOAUDITEE","Confirmed Active","AR","SubmitAuditObservationToAuditee","T_AU_OBSERVATION; T_AU_OBSERVATION_TEXT; T_AU_AUDIT_TEAM_TASKLIST; T_AU_TEAM_MEMBERS; T_AU_ACTIVITY_LOG; T_AUDITEE_ENTITEE_SUBENTITY; T_AU_OBSERVATION_ASSIGNEDTO; DUAL; T_AU_REMARKS","T_AU_ACTIVITY_LOG; T_AU_OBSERVATION_ASSIGNEDTO; T_AU_OBSERVATION; T_AU_OBSERVATION_TEXT","T_CURSOR; T_AU_OBSERVATION; T_AU_OBSERVATION_TEXT; T_AU_AUDIT_TEAM_TASKLIST; T_AU_TEAM_MEMBERS; T_ID; T_AU_ACTIVITY_LOG; T_AUDITEE_ENTITEE_SUBENTITY; T_AU_OBSERVATION_ASSIGNEDTO; M_F; T_AU_REMARKS","True","Keep within future-state module design"
"PKG_AR","PKG_AR.P_UPDATEAUDITOBSERVATIONSTATUS","Confirmed Active","AR","UpdateAuditObservationStatus","T_AU_ACTIVITY_LOG; T_AU_TEAM_MEMBERS; T_AU_AUDIT_TEAM_TASKLIST; T_AU_OBSERVATION; T_AU_OBSERVATION_STATUS; T_AU_REMARKS","T_AU_ACTIVITY_LOG; T_AU_OBSERVATIONS_AUDITEE_RESPONSE; T_AU_OBSERVATION","T_CURSOR; T_AU_ACTIVITY_LOG; T_AU_TEAM_MEMBERS; T_AU_AUDIT_TEAM_TASKLIST; T_ID; T_AU_OBSERVATION; T_AU_OBSERVATIONS_AUDITEE_RESPONSE; T_AU_OBSERVATION_STATUS; T_AU_REMARKS","True","Keep within future-state module design"
"PKG_AR","PKG_AR.AUDITOR_RESPONSE","Confirmed Active","AR","UpdateAuditObservationStatus; UpdateAuditObservationStatusByHead","T_AU_OBSERVATIONS_AUDITOR_RECOMMENDATION; T_AU_OBSERVATION_TEXT","T_AU_OBSERVATIONS_AUDITOR_RECOMMENDATION","T_AU_OBSERVATIONS_AUDITOR_RECOMMENDATION; T_AU_OBSERVATION_TEXT","True","Keep within future-state module design"
"PKG_AR","PKG_AR.AUDITOR_REPLY","Confirmed Active","AR","UpdateAuditObservationStatus; UpdateAuditObservationStatusByHead","T_AU_OBSERVATIONS_AUDITOR_REPLY; T_AU_OBSERVATION_TEXT; T_GROUPS; T_USER_MAPING","T_AU_OBSERVATIONS_AUDITOR_REPLY","T_AU_OBSERVATIONS_AUDITOR_REPLY; T_AU_OBSERVATION_TEXT; T_GROUPS; T_USER_MAPING","True","Keep within future-state module design"
"PKG_AR","PKG_AR.P_UPDATEAUDITOBSERVATIONSTATUSBYHEAD","Low-Confidence / Needs Verification","AR","UpdateAuditObservationStatusByHead","","","","False","Investigate before exclusion; package source not fully mapped"
"PKG_AR","PKG_AR.P_UPDATEOBSERVATION","Confirmed Active","AR","UpdateAuditObservationText","T_AU_ACTIVITY_LOG; T_AU_AUDIT_TEAM_TASKLIST; T_AU_OBSERVATION; T_AU_REMARKS; DUAL","T_AU_ACTIVITY_LOG; T_AU_OBSERVATION_TEXT; T_AU_OBSERVATION","T_CURSOR; V_F; T_AU_ACTIVITY_LOG; T_AU_AUDIT_TEAM_TASKLIST; T_AU_OBSERVATION; T_AU_OBSERVATION_TEXT; T_AU_REMARKS","True","Keep within future-state module design"
"PKG_AR","PKG_AR.P_GETCLOSINGDRAFTOBSERVATIONS","Confirmed Active","AR","GetClosingDraftObservations; GetClosingDraftTeamDetails","T_AU_AUDIT_TEAM_TASKLIST; T_AUDITEE_ENTITIES; T_AU_PLAN_ENG; T_AU_AUDIT_JOINING; V_GETCLOSINGDRAFT_TEAMMEMBER_SUMMARY; V_GETCLOSINGDRAFT_STATUS_SUMMARY; V_GETCLOSINGDRAFT_TEAM_SUMMARY","","T_CURSOR; V_F; T_AU_AUDIT_TEAM_TASKLIST; T_AUDITEE_ENTITIES; T_AU_PLAN_ENG; T_AU_AUDIT_JOINING; V_GETCLOSINGDRAFT_TEAMMEMBER_SUMMARY; V_GETCLOSINGDRAFT_STATUS_SUMMARY; V_GETCLOSINGDRAFT_TEAM_SUMMARY","True","Keep within future-state module design"
"PKG_AR","PKG_AR.P_GETAUDITCHECKLISTDETAILS_SEARCH","Confirmed Active","AR","SearchChecklistDetails","T_AUDIT_CHECKLIST_DETAILS; T_AUDIT_CHECKLIST_SUB; T_AUDIT_CHECKLIST; T_RISK","","T_CURSOR; T_AUDIT_CHECKLIST_DETAILS; T_AUDIT_CHECKLIST_SUB; T_AUDIT_CHECKLIST; T_ID; T_RISK","True","Keep within future-state module design"
"PKG_AR","PKG_AR.P_GETENTITIESFORLEGACYPARA","Likely Active","AR","GetLegacyParasEntities","T_AU_OBSERVATION_OLD_CAD_PARAS; T_AUDITEE_ENTITIES; T_AU_OBSERVATION_OLD_CAD_PARAS_TEXT; T_AU_OLD_PARAS_FAD","","T_CURSOR; T_AU_OBSERVATION_OLD_CAD_PARAS; T_AUDITEE_ENTITIES; T_AU_OBSERVATION_OLD_CAD_PARAS_TEXT; T_AU_OLD_PARAS_FAD","True","Validate before DDL freeze"
"PKG_AR","PKG_AR.P_GETENTITIESFORLEGACYPARA_HO","Likely Active","AR","GetLegacyParasEntitiesHO","T_AU_OBSERVATION_OLD_CAD_PARAS; T_AUDITEE_ENTITIES; T_AU_OBSERVATION_OLD_CAD_PARAS_TEXT","","T_CURSOR; T_AU_OBSERVATION_OLD_CAD_PARAS; T_AUDITEE_ENTITIES; T_AU_OBSERVATION_OLD_CAD_PARAS_TEXT","True","Validate before DDL freeze"
"PKG_AR","PKG_AR.P_GETENTITIESFORLEGACYPARA_HO_REPORT","Confirmed Active","AR","GetLegacyParasEntitiesReport","T_AU_OBSERVATION_OLD_CAD_PARAS; T_AUDITEE_ENTITIES; T_AU_OBSERVATION_OLD_CAD_PARAS_TEXT","","T_CURSOR; T_AU_OBSERVATION_OLD_CAD_PARAS; T_AUDITEE_ENTITIES; T_AU_OBSERVATION_OLD_CAD_PARAS_TEXT","True","Keep within future-state module design"
"PKG_AR","PKG_AR.P_GETLEAGACYOBSERVATIONS","Confirmed Active","AR","GetLegacyParasForUpdate","T_AUDITEE_ENTITIES; T_AU_ERROR_LOGS; DUAL; T_AU_OBSERVATION_OLD_CAD_PARAS; T_AU_OBSERVATION_OLD_CAD_PARAS_TEXT; T_AU_OLD_PARAS_FAD; T_AU_OLD_PARAS_FAD_TEXT; T_AU_OLD_PARAS_FAD_LOG","T_AU_ERROR_LOGS; T_AU_OLD_PARAS_FAD_LOG","T_CURSOR; V_F; T_AUDITEE_ENTITIES; T_AU_ERROR_LOGS; T_AU_OBSERVATION_OLD_CAD_PARAS; V_CAT_ID; V_CAT_NATURE_ID; T_AU_OBSERVATION_OLD_CAD_PARAS_TEXT; T_AU_OLD_PARAS_FAD; T_AU_OLD_PARAS_FAD_TEXT; T_AU_OLD_PARAS_FAD_LOG","True","Keep within future-state module design"
"PKG_AR","PKG_AR.P_GETLEAGACYOBSERVATIONS_HO","Confirmed Active","AR","GetLegacyParasForUpdateHO","T_AU_ERROR_LOGS; DUAL; T_AU_OBSERVATION_OLD_CAD_PARAS; T_AUDITEE_ENTITIES; T_AU_OBSERVATION_OLD_CAD_PARAS_TEXT; T_CONTROL_VIOLATION_SUB; T_AU_DATA_VALIDATION_HO_LOG","T_AU_ERROR_LOGS; T_AU_DATA_VALIDATION_HO_LOG","T_CURSOR; T_AU_ERROR_LOGS; T_AU_OBSERVATION_OLD_CAD_PARAS; T_AUDITEE_ENTITIES; T_AU_OBSERVATION_OLD_CAD_PARAS_TEXT; V_CAT_ID; V_CAT_NATURE_ID; T_CONTROL_VIOLATION_SUB; T_AU_DATA_VALIDATION_HO_LOG","True","Keep within future-state module design"
"PKG_AR","PKG_AR.P_GETLEAGACYOBSERVATIONS_FOR_GIST_UPDATE","Confirmed Active","AR","GetLegacyParasForGistUpdate","T_AUDITEE_ENTITIES; T_AU_ERROR_LOGS; DUAL; T_AU_OBSERVATION_OLD_CAD_PARAS; T_AU_OLD_PARAS_GIST_UPDATE_LOG; T_AU_OBSERVATION_OLD_CAD_PARAS_TEXT; T_AU_OLD_PARAS_FAD","T_AU_ERROR_LOGS; T_AU_OLD_PARAS_GIST_UPDATE_LOG","T_CURSOR; V_F; T_AUDITEE_ENTITIES; T_AU_ERROR_LOGS; T_AU_OBSERVATION_OLD_CAD_PARAS; T_AU_OLD_PARAS_GIST_UPDATE_LOG; V_CAT_ID; V_CAT_NATURE_ID; T_AU_OBSERVATION_OLD_CAD_PARAS_TEXT; T_AU_OLD_PARAS_FAD","True","Keep within future-state module design"
"PKG_AR","PKG_AR.P_UPDATE_LEGACY_PARA_TEXT","Confirmed Active","AR","UpdateLegacyParasWithResponsibility","T_AU_OLD_PARAS_FAD; T_AUDITEE_ENTITIES; AIS_T_AU_POST_COMPLIANCE; T_USER; T_AU_OLD_PARAS_FAD_TEXT; T_AU_OBSERVATION_OLD_CAD_PARAS_TEXT; T_AU_REMARKS; T_AU_ERROR_LOGS; DUAL","AIS_T_AU_POST_COMPLIANCE; T_AU_OBSERVATION_OLD_CAD_PARAS_TEXT; T_AU_OBSERVATION_OLD_CAD_PARAS; T_AU_DATA_VALIDATION_HO_LOG; T_AU_OLD_PARAS_FAD_TEXT; T_AU_OLD_PARAS_FAD; T_AU_OLD_PARAS_FAD_LOG; T_AU_ERROR_LOGS","T_CURSOR; V_F; T_F; T_AU_OLD_PARAS_FAD; T_AUDITEE_ENTITIES; AIS_T_AU_POST_COMPLIANCE; T_USER; T_AU_OLD_PARAS_FAD_TEXT; T_AU_OBSERVATION_OLD_CAD_PARAS_TEXT; T_AU_OBSERVATION_OLD_CAD_PARAS; V_CAT_ID; V_CAT_NATURE_ID; T_AU_DATA_VALIDATION_HO_LOG; T_AU_OLD_PARAS_FAD_LOG; T_AU_REMARKS; T_AU_ERROR_LOGS","True","Keep within future-state module design"
"PKG_AR","PKG_AR.P_ADD_PARA_RESPONSIBILITY","Confirmed Active","AR","AddResponsibilityToLegacyParas; UpdateLegacyParasWithResponsibility","T_AU_OLD_PARAS_FAD_RESPONSIBILITY_ASSIGNED; DUAL; T_AU_ERROR_LOGS","T_AU_OLD_PARAS_FAD_RESPONSIBILITY_ASSIGNED; T_AU_OLD_PARAS_FAD_LOG; T_AU_ERROR_LOGS","T_CURSOR; T_AU_OLD_PARAS_FAD_RESPONSIBILITY_ASSIGNED; T_AU_OLD_PARAS_FAD_LOG; T_AU_ERROR_LOGS","True","Keep within future-state module design"
"PKG_AR","PKG_AR.P_UPDATE_LEGACY_PARA_GIST","Confirmed Active","AR","UpdateLegacyParaGistParaNo","T_AU_OLD_PARAS_GIST_UPDATE_LOG; DUAL; T_AU_ERROR_LOGS","T_AU_OLD_PARAS_GIST_UPDATE_LOG; T_AU_ERROR_LOGS","T_CURSOR; T_AU_OLD_PARAS_GIST_UPDATE_LOG; T_AU_ERROR_LOGS","True","Keep within future-state module design"
"PKG_AR","PKG_AR.P_DELETE_PARA_RESPONSIBILITY","Confirmed Active","AR","DeleteResponsibilityOfLegacyParas","T_AU_OLD_PARAS_FAD_RESPONSIBILITY_ASSIGNED; DUAL","T_AU_OBSERVATION_OLD_PARAS_RESPONIBILITY_ASSIGNED; T_AU_OLD_PARAS_FAD_RESPONSIBILITY_ASSIGNED","T_CURSOR; T_AU_OLD_PARAS_FAD_RESPONSIBILITY_ASSIGNED; T_AU_OBSERVATION_OLD_PARAS_RESPONIBILITY_ASSIGNED","True","Keep within future-state module design"
"PKG_AR","PKG_AR.P_NO_UPDATE_LEGACY_PARA_TEXT","Confirmed Active","AR","UpdateLegacyParasWithResponsibilityNoChangesAZ","T_AU_OLD_PARAS_FAD_TEXT; T_AU_REMARKS; T_AU_ERROR_LOGS; DUAL","T_AU_OLD_PARAS_FAD; T_AU_OLD_PARAS_FAD_LOG; T_AU_ERROR_LOGS","T_CURSOR; T_F; T_AU_OLD_PARAS_FAD_TEXT; T_AU_OLD_PARAS_FAD; T_AU_OLD_PARAS_FAD_LOG; T_AU_REMARKS; T_AU_ERROR_LOGS","True","Keep within future-state module design"
"PKG_AR","PKG_AR.P_GET_ENTITIES_FOR_MANAGE_OBSERVATIONS","Likely Active","AR","GetEntitiesDropDownForManageObservations","T_AU_PLAN_ENG; T_AUDITEE_ENTITIES; T_AU_AUDIT_TEAM_TASKLIST; T_AUDITEE_ENTITIES_MAPING_FAD","","T_CURSOR; T_AU_PLAN_ENG; T_AUDITEE_ENTITIES; T_AU_AUDIT_TEAM_TASKLIST; T_AUDITEE_ENTITIES_MAPING_FAD","True","Validate before DDL freeze"
"PKG_AR","PKG_AR.P_GETMANAGEAUDITPARASENTITIES","Confirmed Active","AR","GetEntitiesForManageAuditParas","T_AU_OBSERVATION_FAD; T_AUDITEE_ENTITIES","","T_CURSOR; T_AU_OBSERVATION_FAD; T_AUDITEE_ENTITIES","True","Keep within future-state module design"
"PKG_AR","PKG_AR.P_GETOBSERVATIONENTITIES","Confirmed Active","AR","GetObservationEntitiesForManageObservations","T_USER_MAPING; T_USER; T_AU_AUDIT_JOINING; T_AU_PLAN_ENG; T_AUDITEE_ENTITIES; T_AU_PERIOD; T_AUDITEE_ENTITIES_MAPING; T_AUDITEE_ENTITIES_MAPING_FAD","","T_CURSOR; V_F; T_USER_MAPING; T_USER; T_AU_AUDIT_JOINING; T_AU_PLAN_ENG; T_AUDITEE_ENTITIES; T_AU_PERIOD; T_AUDITEE_ENTITIES_MAPING; T_AUDITEE_ENTITIES_MAPING_FAD","True","Keep within future-state module design"
"PKG_AR","PKG_AR.P_GET_AUDITEE_OBSERVATION_RESPONSE_EVIDENCES_FILEDATA","Confirmed Active","AR","GetAuditeeEvidenceData","T_AU_OBSERVATIONS_AUDITEE_EVIDENCES","","T_CURSOR; T_AU_OBSERVATIONS_AUDITEE_EVIDENCES","True","Keep within future-state module design"
"PKG_AR","PKG_AR.P_CLOSEAUDIT","Confirmed Active","AR","CloseDraftAuditReport","T_AU_AUDIT_TEAM_TASKLIST; T_AU_TEAM_MEMBERS; T_AU_OBSERVATION; T_AU_REMARKS; T_AU_PLAN_ENG_LOG","T_AU_AUDIT_JOINING; T_AU_AUDIT_TEAM_TASKLIST; T_AU_PLAN_ENG; T_AU_AUDIT_TEAMS; T_AU_PLAN_ENG_LOG","T_CURSOR; T_L; M_F; T_AU_AUDIT_TEAM_TASKLIST; T_AU_TEAM_MEMBERS; T_ID; T_AU_OBSERVATION; T_AU_REMARKS; T_AU_AUDIT_JOINING; T_AU_PLAN_ENG; T_AU_AUDIT_TEAMS; T_AU_PLAN_ENG_LOG","True","Keep within future-state module design"
"PKG_AR","PKG_AR.P_GET_LEGACY_PARA_RESPONSIBLES","Likely Active","AR","GetLegacyParaResponsiblePersons","T_AU_OLD_PARAS_FAD_RESPONSIBILITY_ASSIGNED; T_AU_OBSERVATION_OLD_PARAS_RESPONIBILITY_ASSIGNED; V_SERVICE_EMPLOYEEINFO","","T_CURSOR; T_AU_OLD_PARAS_FAD_RESPONSIBILITY_ASSIGNED; T_AU_OBSERVATION_OLD_PARAS_RESPONIBILITY_ASSIGNED; V_SERVICE_EMPLOYEEINFO","True","Validate before DDL freeze"
""," PKG_AR.P_GET_EMPLOYEES_INFORMATION","Confirmed Active","AR","GetEmployeeNameFromPPNO","","","","False","Keep within future-state module design"
"PKG_AR","PKG_AR.P_GET_LEGACY_PARA_TO_AUTHORIZE","Confirmed Active","AR","GetUpdatedGistParaOfLegacyParaForAuthorize","T_AU_OBSERVATION_OLD_CAD_PARAS; T_AUDITEE_ENTITIES; T_AU_OLD_PARAS_GIST_UPDATE_LOG; T_AU_OLD_PARAS_FAD; T_AU_OLD_AUDIT_NATURE; T_AU_OLD_AUDIT_PERIOD","","T_CURSOR; T_AU_OBSERVATION_OLD_CAD_PARAS; T_AUDITEE_ENTITIES; T_AU_OLD_PARAS_GIST_UPDATE_LOG; T_AU_OLD_PARAS_FAD; T_AU_OLD_AUDIT_NATURE; T_AU_OLD_AUDIT_PERIOD","True","Keep within future-state module design"
"PKG_AR","PKG_AR.P_AUTHORIZE_PARA_GIST","Confirmed Active","AR","AuthorizeLegacyParaGistParaNoUpdate","DUAL","T_AU_OBSERVATION_OLD_CAD_PARAS; AIS_T_AU_POST_COMPLIANCE; T_AU_OLD_PARAS_GIST_UPDATE_LOG; T_AU_OLD_PARAS_FAD","T_CURSOR; T_AU_OBSERVATION_OLD_CAD_PARAS; AIS_T_AU_POST_COMPLIANCE; T_AU_OLD_PARAS_GIST_UPDATE_LOG; T_AU_OLD_PARAS_FAD","True","Keep within future-state module design"
"PKG_AR","PKG_AR.P_SETTEL_LEGACY_PARA_HO","Confirmed Active","AR","SettleLegacyParaHO","T_AU_DATA_VALIDATION_HO_LOG; DUAL","T_AU_OBSERVATION_OLD_CAD_PARAS; T_AU_OBSERVATION_OLD_CAD_PARAS_SETTLE_LOG","T_CURSOR; T_AU_OBSERVATION_OLD_CAD_PARAS; T_AU_OBSERVATION_OLD_CAD_PARAS_SETTLE_LOG; T_AU_DATA_VALIDATION_HO_LOG","True","Keep within future-state module design"
"PKG_AR","PKG_AR.P_DELETE_LEGACY_PARA_HO","Confirmed Active","AR","DeleteLegacyParaHO","T_AU_DATA_VALIDATION_HO_LOG; DUAL","T_AU_OBSERVATION_OLD_CAD_PARAS; T_AU_OBSERVATION_OLD_CAD_PARAS_SETTLE_LOG","T_CURSOR; T_AU_OBSERVATION_OLD_CAD_PARAS; T_AU_OBSERVATION_OLD_CAD_PARAS_SETTLE_LOG; T_AU_DATA_VALIDATION_HO_LOG","True","Keep within future-state module design"
"PKG_AR","PKG_AR.P_GETLOANCASEFILE","Confirmed Active","AR","GetWorkingPaperLoanCases","DUAL; T_WORKING_PAPER_LOAN_CASE_FILE","","T_CURSOR; V_ENGID; T_WORKING_PAPER_LOAN_CASE_FILE","True","Keep within future-state module design"
"PKG_AR","PKG_AR.P_ADDLOANCASEFILE","Confirmed Active","AR","AddWorkingPaperLoanCases","T_WORKING_PAPER_LOAN_CASE_FILE; DUAL","T_WORKING_PAPER_LOAN_CASE_FILE","T_WORKING_PAPER_LOAN_CASE_FILE; T_CURSOR","True","Keep within future-state module design"
"PKG_AR","PKG_AR.P_GETVOUCHERCHECKING","Confirmed Active","AR","GetWorkingPaperVoucherChecking","T_WORKING_PAPER_VOUCHER_CHECKING","","T_CURSOR; T_WORKING_PAPER_VOUCHER_CHECKING","True","Keep within future-state module design"
"PKG_AR","PKG_AR.P_ADDVOUCHERCHECKING","Confirmed Active","AR","AddWorkingVoucherChecking","T_WORKING_PAPER_VOUCHER_CHECKING; DUAL","T_WORKING_PAPER_VOUCHER_CHECKING","T_WORKING_PAPER_VOUCHER_CHECKING; V_NUMBER; T_CURSOR; V_ID","True","Keep within future-state module design"
"PKG_AR","PKG_AR.P_GETACCOUNTOPENINGDETAILS","Confirmed Active","AR","GetWorkingPaperAccountOpening","T_WORKING_PAPER_ACCOUNT_OPENING","","T_CURSOR; T_WORKING_PAPER_ACCOUNT_OPENING","True","Keep within future-state module design"
"PKG_AR","PKG_AR.P_ADDACCOUNTOPENINGDETAILS","Confirmed Active","AR","AddWorkingAccountOpening","T_WORKING_PAPER_ACCOUNT_OPENING; DUAL","T_WORKING_PAPER_ACCOUNT_OPENING","T_WORKING_PAPER_ACCOUNT_OPENING; V_NUMBER; T_CURSOR","True","Keep within future-state module design"
"PKG_AR","PKG_AR.P_GETFIXEDASSETSDETAILS","Confirmed Active","AR","GetWorkingPaperFixedAssets","T_WORKING_PAPER_FIXED_ASSETS","","T_CURSOR; T_WORKING_PAPER_FIXED_ASSETS","True","Keep within future-state module design"
"PKG_AR","PKG_AR.P_ADDFIXEDASSETSDETAILS","Confirmed Active","AR","AddWorkingFixedAssets","T_WORKING_PAPER_FIXED_ASSETS; DUAL","T_WORKING_PAPER_FIXED_ASSETS","T_WORKING_PAPER_FIXED_ASSETS; T_CURSOR","True","Keep within future-state module design"
"PKG_AR","PKG_AR.P_GETCASHCOUNTERDETAILS","Confirmed Active","AR","GetWorkingPaperCashCounter","T_WORKING_PAPER_CASH_COUNT","","T_CURSOR; T_WORKING_PAPER_CASH_COUNT","True","Keep within future-state module design"
"PKG_AR","PKG_AR.P_ADDCASHCOUNTERDETAILS","Confirmed Active","AR","AddWorkingCashCounter","T_WORKING_PAPER_CASH_COUNT; DUAL","T_WORKING_PAPER_CASH_COUNT","T_WORKING_PAPER_CASH_COUNT; T_CURSOR","True","Keep within future-state module design"
"PKG_AR","PKG_AR.P_GET_DSA_GUIDLINE","Confirmed Active","AR","GetDraftDSAGuidelines","T_AU_DSA_GUIDELINES","","T_CURSOR; T_AU_DSA_GUIDELINES","True","Keep within future-state module design"
"PKG_AR","PKG_AR.P_DRAFT_DSA","Confirmed Active","AR","DraftDSA; SubmitDSAToAuditee","T_AU_DSA; T_AU_DSA_TEXT; T_AU_OBSERVATION_TEXT; DUAL","T_AU_DSA; T_AU_DSA_TEXT","T_CURSOR; T_AU_DSA; T_AU_DSA_TEXT; T_AU_OBSERVATION_TEXT","True","Keep within future-state module design"
"PKG_AR","PKG_AR.P_ADD_DSA_CHECKILIST","Confirmed Active","AR","AddDraftDSAGuideline","T_AU_DSA_GUIDELINES_ADDED","T_AU_DSA_GUIDELINES_ADDED","T_AU_DSA_GUIDELINES_ADDED","True","Keep within future-state module design"
"PKG_AR","PKG_AR.P_GET_RESPONSIBILITY","Confirmed Active","AR","GetResponsiblePersonsList","V_GET_AUDITEE_PP_RESPONSIBILITY_FOR_AUTHORIZATION; V_SERVICE_EMPLOYEEINFO","IS","T_CURSOR; V_GET_AUDITEE_PP_RESPONSIBILITY_FOR_AUTHORIZATION; V_SERVICE_EMPLOYEEINFO","True","Keep within future-state module design"
"PKG_AR","PKG_AR.P_UPDATE_RESPONSIBILITY","Low-Confidence / Needs Verification","AR","UpdateResponsibilityAssignment","T_AU_OBSERVATION_RESPONSIBILITY_UPDATED; DUAL","T_AU_OBSERVATION_RESPONSIBILITY_UPDATED","T_CURSOR; V_F; V_ERR_MSG; T_AU_OBSERVATION_RESPONSIBILITY_UPDATED","True","Investigate before exclusion; package source not fully mapped"
"PKG_AR","PKG_AR.P_GET_DSA_LIST","Confirmed Active","AR","GetDraftDSAList","T_AUDITEE_ENTITIES; T_AU_DSA; T_AU_DSA_TEXT; V_GET_AUDITEE_PP_RESPONSIBILITY; V_SERVICE_EMPLOYEEINFO; T_AU_OBSERVATION_TEXT; T_AU_PLAN_ENG; T_AU_PERIOD; T_AUDITEE_ENTITIES_MAPING; T_AU_DSA_STATUS","","T_CURSOR; T_AUDITEE_ENTITIES; T_AU_DSA; T_AU_DSA_TEXT; V_GET_AUDITEE_PP_RESPONSIBILITY; V_SERVICE_EMPLOYEEINFO; T_AU_OBSERVATION_TEXT; T_AU_PLAN_ENG; T_AU_PERIOD; T_AUDITEE_ENTITIES_MAPING; T_AU_DSA_STATUS","True","Keep within future-state module design"
"PKG_AR","PKG_AR.P_GET_DSA_CONTENT","Confirmed Active","AR","GetDraftDSAContent","T_AU_DSA; T_AU_DSA_TEXT; T_AU_OBSERVATION_TEXT","","T_CURSOR; T_AU_DSA; T_AU_DSA_TEXT; T_AU_OBSERVATION_TEXT","True","Keep within future-state module design"
"PKG_AR","PKG_AR.P_SUBMIT_DSA_TO_HEAD_FAD","Confirmed Active","AR","SubmitDSAToHeadFAD","DUAL","T_AU_DSA","T_CURSOR; T_AU_DSA","True","Keep within future-state module design"
"PKG_AR","PKG_AR.P_UPDATE_DSA_HEADING","Confirmed Active","AR","UpdateDSAHeading","T_AU_DSA; DUAL","T_AU_OBSERVATION_TEXT; THE","T_CURSOR; T_AU_OBSERVATION_TEXT; T_AU_DSA","True","Keep within future-state module design"
"PKG_AR","PKG_AR.P_REFFERED_BACK_DSA_BY_HEAD_FAD","Confirmed Active","AR","ReferredBackDSAByHeadFad","DUAL","T_AU_DSA","T_CURSOR; T_AU_DSA","True","Keep within future-state module design"
"PKG_AR","PKG_AR.P_SUBMIT_DSA_BY_HEAD_FAD_TO_DPD","Confirmed Active","AR","SubmitDSAToDPD","DUAL","T_AU_DSA","T_CURSOR; T_AU_DSA","True","Keep within future-state module design"
"PKG_AR","PKG_AR.P_REFFERED_BACK_DSA_BY_DPD","Confirmed Active","AR","ReferredBackDSAByDPD","DUAL","T_AU_DSA","T_CURSOR; T_AU_DSA","True","Keep within future-state module design"
"PKG_AR","PKG_AR.P_SUBMIT_DSA_BY_DPD_TO_COMMITTEE","Confirmed Active","AR","AcknowledgeDSA","DUAL","T_AU_DSA","T_CURSOR; T_AU_DSA","True","Keep within future-state module design"
"PKG_AR","PKG_AR.P_GET_LC_DETAILS","Confirmed Active","AR","GetLoanCaseDetailsWithBRCode","V_LOAN_OUTSTANDING_AMOUNT; V_LOAN_SANCTION_PROCESS","","T_CURSOR; V_LOAN_OUTSTANDING_AMOUNT; V_LOAN_SANCTION_PROCESS","True","Keep within future-state module design"
"PKG_BAC","PKG_BAC.P_BAC_AGENDA","Confirmed Active","BAC","GetBACAgenda","T_BAC_MEETINGS_AGENDA","","T_CURSOR; T_BAC_MEETINGS_AGENDA","True","Keep within future-state module design"
"PKG_BAC","PKG_BAC.P_BAC_GET_ACTIONABLE_SUM","Confirmed Active","BAC","GetBACAgendaActionablesSummary; GetBACAMeetingSummary","V_GET_BAC_ACTIONABLE_SUMMARY; T_BAC_ACTIONABLE_UPDATES","","T_CURSOR; V_GET_BAC_ACTIONABLE_SUMMARY; T_BAC_ACTIONABLE_UPDATES","True","Keep within future-state module design"
"PKG_BAC","PKG_BAC.P_BAC_GET_ACTIONABLE_SNAP","Confirmed Active","BAC","GetBACAgendaActionablesConsolidatedSummary","T_BAC_ACTIONABLE","","T_CURSOR; T_BAC_ACTIONABLE","True","Keep within future-state module design"
"PKG_BAC","PKG_BAC.P_BAC_GET_ACTIONABLE","Confirmed Active","BAC","GetBACAgendaActionables","T_BAC_ACTIONABLE","","T_CURSOR; T_BAC_ACTIONABLE","True","Keep within future-state module design"
"PKG_BAC","PKG_BAC.P_BAC_GET_ACTIONABLE_MEETINGS_WITH_STATUS","Confirmed Active","BAC","GetBACAgendaActionablesWithMeetingNo","T_BAC_ACTIONABLE","","T_CURSOR; T_BAC_ACTIONABLE","True","Keep within future-state module design"
"PKG_BAC","PKG_BAC.P_CIA_ANALYSIS","Confirmed Active","BAC","GetBACCIAAnalysisOptions","T_AUDIT_CHECKLIST_ANNEXURE_PROCESS","","T_CURSOR; T_AUDIT_CHECKLIST_ANNEXURE_PROCESS","True","Keep within future-state module design"
"PKG_BAC","PKG_BAC.P_CIA_ANALYSIS_DETAILS","Confirmed Active","BAC","GetBACCIAAnalysis","T_AUDIT_CHECKLIST_ANNEXURE_PROCESS; T_AUDIT_CHECKLIST_ANNEXURE_MAPPING; T_AUDIT_CHECKLIST_ANNEXURE; V_CIA_ANALYSIS","","T_CURSOR; T_AUDIT_CHECKLIST_ANNEXURE_PROCESS; T_AUDIT_CHECKLIST_ANNEXURE_MAPPING; T_AUDIT_CHECKLIST_ANNEXURE; V_CIA_ANALYSIS","True","Keep within future-state module design"
"PKG_BAC","PKG_BAC.P_CIA_ANALYSIS_DETAILS_PARA","Confirmed Active","BAC","GetAnalysisDetailPara","DUAL; T_AUDITEE_ENTITIES; T_AUDIT_CHECKLIST_ANNEXURE; AIS_T_AU_POST_COMPLIANCE; T_AUDITEE_ENTITIES_MAPING","","T_CURSOR; V_F; T_AUDITEE_ENTITIES; T_AUDIT_CHECKLIST_ANNEXURE; AIS_T_AU_POST_COMPLIANCE; T_AUDITEE_ENTITIES_MAPING","True","Keep within future-state module design"
"PKG_BAC","PKG_BAC.P_CIA_ANALYSIS_SUMMARY","Confirmed Active","BAC","GetAnalysisSummaryPara","DUAL; T_AUDITEE_ENTITIES; T_AUDIT_CHECKLIST_ANNEXURE; AIS_T_AU_POST_COMPLIANCE; T_AUDITEE_ENTITIES_MAPING","","T_CURSOR; V_F; T_AUDITEE_ENTITIES; T_AUDIT_CHECKLIST_ANNEXURE; AIS_T_AU_POST_COMPLIANCE; T_AUDITEE_ENTITIES_MAPING","True","Keep within future-state module design"
"PKG_HD","PKG_HD.P_VALIDATE_SBP_PASSWORD","Confirmed Active","CAD","ValidateSbpAccessPassword","T_HD_SBP_SECURE_ACCESS","","T_HD_SBP_SECURE_ACCESS","True","Keep within future-state module design"
"PKG_HD","PKG_HD.P_INSERT_SBP_OBSERVATION","Confirmed Active","CAD","InsertSbpObservation","","T_HD_SBP_OBSERVATION","T_HD_SBP_OBSERVATION","True","Keep within future-state module design"
"PKG_HD","PKG_HD.P_INSERT_SBP_RESPONSE","Confirmed Active","CAD","InsertSbpObservationResponse","","T_HD_SBP_OBS_RESPONSE","T_HD_SBP_OBS_RESPONSE","True","Keep within future-state module design"
"PKG_HD","PKG_HD.P_GET_SBP_RESPONSE","Confirmed Active","CAD","GetSbpObservationResponse","","","","False","Keep within future-state module design"
"PKG_HD","PKG_HD.P_UPDATE_SBP_RESPONSE","Low-Confidence / Needs Verification","CAD","public","T_HD_SBP_OBSERVATION; T_HD_SBP_OBS_RESPONSE","EXISTING; T_HD_SBP_OBS_RESPONSE","T_HD_SBP_OBSERVATION; V_EXISTS; T_HD_SBP_OBS_RESPONSE","True","Investigate before exclusion; package source not fully mapped"
"PKG_HD","PKG_HD.P_GET_SBP_REGISTER","Confirmed Active","CAD","GetSbpObservationRegister","T_HD_SBP_OBSERVATION; T_HD_SBP_OBS_RESPONSE","","T_HD_SBP_OBSERVATION; T_HD_SBP_OBS_RESPONSE","True","Keep within future-state module design"
"PKG_HD","PKG_HD.P_GET_SBP_OBS_TYPES","Confirmed Active","CAD","GetSbpObservationTypes","T_HD_SBP_OBS_TYPES","","T_HD_SBP_OBS_TYPES","True","Keep within future-state module design"
"PKG_HD","PKG_HD.P_UPDATE_SBP_OBSERVATION","Low-Confidence / Needs Verification","CAD","public","T_HD_SBP_OBSERVATION","T_HD_SBP_OBSERVATION; OR","V_EXISTS; T_HD_SBP_OBSERVATION","True","Investigate before exclusion; package source not fully mapped"
"PKG_HD","PKG_HD.P_GET_SBP_HISTORY","Confirmed Active","CAD","GetSbpObservationHistory","T_HD_SBP_OBSERVATION; T_HD_SBP_OBS_RESPONSE","","T_HD_SBP_OBSERVATION; T_HD_SBP_OBS_RESPONSE","True","Keep within future-state module design"
"PKG_HD","PKG_HD.P_UPDATE_CAD_PASSWROD","Low-Confidence / Needs Verification","CAD","public","","T_HD_SBP_SECURE_ACCESS","T_HD_SBP_SECURE_ACCESS","True","Investigate before exclusion; package source not fully mapped"
"PKG_HD","PKG_HD.P_REQUEST_DELETE_OBSERVATION","Low-Confidence / Needs Verification","CAD","public","T_HD_SBP_OBSERVATION","T_HD_ACTION_REQUEST","V_EXISTS; V_SNAP; T_HD_SBP_OBSERVATION; T_HD_ACTION_REQUEST","True","Investigate before exclusion; package source not fully mapped"
"PKG_HD","PKG_HD.P_REQUEST_DELETE_RESPONSE","Low-Confidence / Needs Verification","CAD","public","T_HD_SBP_OBS_RESPONSE","T_HD_ACTION_REQUEST","V_EXISTS; V_SNAP; T_HD_SBP_OBS_RESPONSE; T_HD_ACTION_REQUEST","True","Investigate before exclusion; package source not fully mapped"
"PKG_HD","PKG_HD.P_REQUEST_REVERSE","Low-Confidence / Needs Verification","CAD","public","T_HD_ACTION_REQUEST","T_HD_ACTION_REQUEST","V_ROW; T_HD_ACTION_REQUEST","True","Investigate before exclusion; package source not fully mapped"
"PKG_HD","PKG_HD.P_APPROVE_REQUEST","Low-Confidence / Needs Verification","CAD","public","T_HD_ACTION_REQUEST","T_HD_ACTION_REQUEST","V_REQ; T_HD_ACTION_REQUEST","True","Investigate before exclusion; package source not fully mapped"
"PKG_HD","PKG_HD.P_REJECT_REQUEST","Low-Confidence / Needs Verification","CAD","public","T_HD_ACTION_REQUEST","T_HD_ACTION_REQUEST","V_REQ; T_HD_ACTION_REQUEST","True","Investigate before exclusion; package source not fully mapped"
"PKG_HD","PKG_HD.P_GET_REQUESTS","Confirmed Active","CAD","GetRequests","T_HD_ACTION_REQUEST","","T_CURSOR; T_HD_ACTION_REQUEST","True","Keep within future-state module design"
"PKG_HD","PKG_HD.P_GET_REQUEST_HISTORY","Confirmed Active","CAD","GetRequestHistory","T_HD_ACTION_LOG","","T_CURSOR; T_HD_ACTION_LOG","True","Keep within future-state module design"
"PKG_COMMERCIAL_AUDIT","PKG_COMMERCIAL_AUDIT.P_SAVE_OM","Confirmed Active","CAU","SaveCommercialAuditOm","T_COM_AUDIT_OM","T_COM_AUDIT_OM","V_OM_ID; V_IS_ACTIVE; V_EXISTS; T_COM_AUDIT_OM","True","Keep within future-state module design"
"PKG_COMMERCIAL_AUDIT","PKG_COMMERCIAL_AUDIT.P_GET_OMS","Confirmed Active","CAU","GetCommercialAuditOms","T_COM_AUDIT_OM","","T_CURSOR; T_COM_AUDIT_OM","True","Keep within future-state module design"
"PKG_COMMERCIAL_AUDIT","PKG_COMMERCIAL_AUDIT.P_SAVE_PDP","Confirmed Active","CAU","SaveCommercialAuditPdp","T_COM_AUDIT_PDP","T_COM_AUDIT_PDP","V_PDP_ID; V_IS_ACTIVE; V_EXISTS; T_COM_AUDIT_PDP","True","Keep within future-state module design"
"PKG_COMMERCIAL_AUDIT","PKG_COMMERCIAL_AUDIT.P_GET_PDPS","Confirmed Active","CAU","GetCommercialAuditPdps","T_COM_AUDIT_PDP_OM_MAP; T_COM_AUDIT_OM; T_COM_AUDIT_PDP","","T_CURSOR; T_COM_AUDIT_PDP_OM_MAP; T_COM_AUDIT_OM; T_COM_AUDIT_PDP","True","Keep within future-state module design"
"PKG_COMMERCIAL_AUDIT","PKG_COMMERCIAL_AUDIT.P_SAVE_PDP_OM_MAP","Confirmed Active","CAU","SaveCommercialAuditPdpMappings","T_COM_AUDIT_PDP; T_COM_AUDIT_PDP_OM_MAP; DUAL; T_COM_AUDIT_OM","T_COM_AUDIT_PDP_OM_MAP","V_IS_ACTIVE; V_PDP_EXISTS; V_OM_IDS; V_INVALID_COUNT; V_MISSING_OM_COUNT; T_COM_AUDIT_PDP; T_COM_AUDIT_PDP_OM_MAP; T_COM_AUDIT_OM","True","Keep within future-state module design"
"PKG_COMMERCIAL_AUDIT","PKG_COMMERCIAL_AUDIT.P_GET_PDP_OM_MAP","Confirmed Active","CAU","GetCommercialAuditPdpMappings","T_COM_AUDIT_PDP_OM_MAP; T_COM_AUDIT_OM","","T_CURSOR; T_COM_AUDIT_PDP_OM_MAP; T_COM_AUDIT_OM","True","Keep within future-state module design"
"PKG_COMMERCIAL_AUDIT","PKG_COMMERCIAL_AUDIT.P_SAVE_ARPSE","Confirmed Active","CAU","SaveCommercialAuditArpseHeader","T_COM_AUDIT_ARPSE","T_COM_AUDIT_ARPSE","V_ARPSE_ID; V_IS_ACTIVE; V_EXISTS; T_COM_AUDIT_ARPSE","True","Keep within future-state module design"
"PKG_COMMERCIAL_AUDIT","PKG_COMMERCIAL_AUDIT.P_GET_ARPSE_HEADERS","Confirmed Active","CAU","GetCommercialAuditArpseHeaders","T_COM_AUDIT_ARPSE","","T_CURSOR; T_COM_AUDIT_ARPSE","True","Keep within future-state module design"
"PKG_COMMERCIAL_AUDIT","PKG_COMMERCIAL_AUDIT.P_SAVE_ARPSE_DAC","Confirmed Active","CAU","SaveCommercialAuditArpseDacEntry","T_COM_AUDIT_ARPSE; T_COM_AUDIT_ARPSE_DAC","T_COM_AUDIT_ARPSE_DAC","V_DAC_ENTRY_ID; V_IS_ACTIVE; V_EXISTS; T_COM_AUDIT_ARPSE; T_COM_AUDIT_ARPSE_DAC","True","Keep within future-state module design"
"PKG_COMMERCIAL_AUDIT","PKG_COMMERCIAL_AUDIT.P_GET_ARPSE_DAC_ENTRIES","Confirmed Active","CAU","GetCommercialAuditArpseDacEntries","T_COM_AUDIT_ARPSE_DAC","","T_CURSOR; T_COM_AUDIT_ARPSE_DAC","True","Keep within future-state module design"
"PKG_COMMERCIAL_AUDIT","PKG_COMMERCIAL_AUDIT.P_SAVE_ARPSE_PAC","Confirmed Active","CAU","SaveCommercialAuditArpsePacEntry","T_COM_AUDIT_ARPSE; T_COM_AUDIT_ARPSE_PAC","T_COM_AUDIT_ARPSE_PAC","V_PAC_ENTRY_ID; V_IS_ACTIVE; V_EXISTS; T_COM_AUDIT_ARPSE; T_COM_AUDIT_ARPSE_PAC","True","Keep within future-state module design"
"PKG_COMMERCIAL_AUDIT","PKG_COMMERCIAL_AUDIT.P_GET_ARPSE_PAC_ENTRIES","Confirmed Active","CAU","GetCommercialAuditArpsePacEntries","T_COM_AUDIT_ARPSE_PAC","","T_CURSOR; T_COM_AUDIT_ARPSE_PAC","True","Keep within future-state module design"
"PKG_LG","PKG_LG.SESSION_END","Confirmed Active","cs","DisposeLoginSession","T_AU_ACTIVITY_LOG","T_AU_ACTIVITY_LOG; T_USER_SESSION","T_USER_SESSION; T_AU_ACTIVITY_LOG","True","Keep within future-state module design"
"PKG_LG","PKG_LG.P_GET_USER_SESSION","Low-Confidence / Needs Verification","cs","IsLoginSessionExist","T_USER_SESSION","","T_USER; T_CURSOR; T_USER_SESSION","True","Investigate before exclusion; package source not fully mapped"
"PKG_LG","PKG_LG.P_GET_USER","Confirmed Active","cs","ChangePassword; KillExistSession","T_USER; T_USER_MAPING; V_SERVICE_EMPLOYEEINFO; T_AUDITEE_ENTITIES; T_GROUPS","","T_USER; T_CURSOR; T_USER_MAPING; V_SERVICE_EMPLOYEEINFO; T_AUDITEE_ENTITIES; T_GROUPS","True","Keep within future-state module design"
"PKG_LG","PKG_LG.SESSION_KILL","Confirmed Active","cs","KillExistSession; TerminateIdleSession","","T_USER_SESSION","T_USER_SESSION","True","Keep within future-state module design"
"PKG_LG","PKG_LG.USER_SESSION","Confirmed Active","cs","AutheticateLogin; CreateLoginSession","T_USER_SESSION; T_AU_ACTIVITY_LOG","T_USER_SESSION; T_AU_ACTIVITY_LOG","T_USER_SESSION; T_AU_ACTIVITY_LOG","True","Keep within future-state module design"
"PKG_LG","PKG_LG.P_GETTOPMENUS","Confirmed Active","cs","GetTopMenus","T_MENU; T_MENU_PAGES; T_MENU_PAGES_GROUPMAP","","T_USER_GROUP_MAP; T_CURSOR; T_MENU; T_MENU_PAGES; T_MENU_PAGES_GROUPMAP","True","Keep within future-state module design"
"PKG_LG","PKG_LG.P_GETTOPMENUPAGES","Likely Active","cs","GetMenuPagesId; GetTopMenuPages","T_MENU_PAGES; T_MENU_PAGES_GROUPMAP; T_MENU_SUB","","T_MENU_PAGES_GROUPMAP; T_CURSOR; T_MENU_PAGES; T_MENU_SUB","True","Validate before DDL freeze"
"PKG_LG","PKG_LG.P_GETAPIPERMISSIONS","Low-Confidence / Needs Verification","cs","GetApiPermissions","T_AU_ROLE_API_PERMISSION; T_AU_API_MASTER","","T_CURSOR; T_AU_ROLE_API_PERMISSION; T_AU_API_MASTER","True","Investigate before exclusion; package source not fully mapped"
"PKG_CM","PKG_CM.P_CAU_OM_YEAR","Confirmed Active","cs","GetInsYearsForCAU","T_CAU_PERIOD","","T_CURSOR; T_CAU_PERIOD","True","Keep within future-state module design"
"PKG_CM","PKG_CM.P_CAU_ARPSE_YEAR","Confirmed Active","cs","GetParaPrintingYearsForCAU","T_CAU_ARPSES_PERIOD","","T_CURSOR; T_CAU_ARPSES_PERIOD","True","Keep within future-state module design"
"PKG_PG","PKG_PG.P_UPDATE_AUDITPERIOD","Confirmed Active","cs","UpdateAuditPeriod","DUAL","T_AU_PERIOD","T_CURSOR; T_AU_PERIOD","True","Keep within future-state module design"
"PKG_PG","PKG_PG.P_ADDAUDITPERIOD","Confirmed Active","cs","AddAuditPeriod","T_AU_PERIOD; T_AU_REMARKS","T_AU_PERIOD","T_AU_PERIOD; T_CURSOR; T_AU_REMARKS","True","Keep within future-state module design"
"PKG_PG","PKG_PG.P_GETAUDITTEAMS","Confirmed Active","cs","GetAuditTeams","T_AU_TEAM_MEMBERS; T_AUDITEE_ENTITIES","","T_CURSOR; T_AU_TEAM_MEMBERS; T_AUDITEE_ENTITIES","True","Keep within future-state module design"
"PKG_PG","PKG_PG.P_ADDAUDITTEAM","Confirmed Active","cs","AddAuditTeam","T_AU_TEAM_MEMBERS; T_AU_ACTIVITY_LOG; T_USER; T_AUDITEE_ENTITIES; T_USER_MAPING; DUAL","T_AU_ACTIVITY_LOG; T_AU_TEAM_MEMBERS; T_USER_MAPING","T_AU_TEAM_MEMBERS; T_ID; T_CURSOR; T_P; T_AU_ACTIVITY_LOG; T_CODE; T_USER; T_AUDITEE_ENTITIES; T_USER_MAPING","True","Keep within future-state module design"
"PKG_PG","PKG_PG.P_DELETEAUDITTEAM","Confirmed Active","cs","DeleteAuditTeam","T_AU_ACTIVITY_LOG","T_AU_ACTIVITY_LOG; T_AU_TEAM_MEMBERS","T_AU_ACTIVITY_LOG; T_AU_TEAM_MEMBERS; T_ID","True","Keep within future-state module design"
"PKG_PG","PKG_PG.P_MAXTEAMID","Confirmed Active","cs","GetLatestTeamID","T_AU_TEAM_MEMBERS; T_AU_AUDIT_TEAMS","","T_CURSOR; T_ID; T_AU_TEAM_MEMBERS; T_AU_AUDIT_TEAMS","True","Keep within future-state module design"
"PKG_PG","PKG_PG.P_ADDAUDITCRITERIA","Confirmed Active","cs","AddAuditCriteria","T_AUDIT_CRITERIA; T_AU_PERIOD; T_AUDITEE_ENTITIES; T_AUDIT_FREQUENCY; T_AUDIT_CRITERIA_LOG; T_AU_REMARKS","T_AUDIT_CRITERIA; T_AUDIT_CRITERIA_LOG","T_AUDIT_CRITERIA; T_AUDIT_CRITERIA_LOG; T_CURSOR; T_AU_PERIOD; T_AUDITEE_ENTITIES; T_AUDIT_FREQUENCY; T_AU_REMARKS","True","Keep within future-state module design"
"PKG_PG","PKG_PG.P_UPDATEAUDITCRITERIA","Confirmed Active","cs","UpdateAuditCriteria","T_AU_ACTIVITY_LOG; T_AUDIT_CRITERIA_LOG","T_AU_ACTIVITY_LOG; T_AUDIT_CRITERIA; T_AUDIT_CRITERIA_LOG","T_AUDIT_CRITERIA; T_AU_ACTIVITY_LOG; T_AUDIT_CRITERIA_LOG","True","Keep within future-state module design"
"PKG_PG","PKG_PG.P_SETAUDITCRITERIASTATUSREFERREDBACK","Confirmed Active","cs","SetAuditCriteriaStatusReferredBack","T_AU_ACTIVITY_LOG; T_AUDIT_CRITERIA_LOG","T_AU_ACTIVITY_LOG; T_AUDIT_CRITERIA; T_AUDIT_CRITERIA_LOG","T_AUDIT_CRITERIA; T_AU_ACTIVITY_LOG; T_AUDIT_CRITERIA_LOG","True","Keep within future-state module design"
"PKG_PG","PKG_PG.P_SETAUDITCRITERIASTATUSAPPROVE","Confirmed Active","cs","SetAuditCriteriaStatusApprove","T_AU_ACTIVITY_LOG; T_AUDIT_CRITERIA_LOG; DUAL","T_AU_ACTIVITY_LOG; T_AUDIT_CRITERIA; T_AUDIT_CRITERIA_LOG","T_AUDIT_CRITERIA; T_CURSOR; T_AU_ACTIVITY_LOG; T_AUDIT_CRITERIA_LOG","True","Keep within future-state module design"
"PKG_PG","PKG_PG.P_GETPENDINGAUDITCRITERIAS","Confirmed Active","cs","GetPendingAuditCriterias","T_AU_ACTIVITY_LOG; T_AUDITEE_ENTITIES_MAPING; T_AUDITEE_ENT_TYPES; T_AUDIT_CRITERIA; T_AU_PERIOD; T_RISK; T_AUDIT_FREQUENCY; T_AUDITEE_ENTITIES_SIZE_DISC; T_AUDIT_CRITERIA_LOG; T_AUDITEE_ENTITIES","T_AU_ACTIVITY_LOG","T_CURSOR; V_F; T_AU_ACTIVITY_LOG; T_AUDITEE_ENTITIES_MAPING; T_AUDITEE_ENT_TYPES; T_AUDIT_CRITERIA; T_AU_PERIOD; T_RISK; T_AUDIT_FREQUENCY; T_AUDITEE_ENTITIES_SIZE_DISC; T_AUDIT_CRITERIA_LOG; T_AUDITEE_ENTITIES","True","Keep within future-state module design"
"PKG_PG","PKG_PG.P_GETREFFEREDBACKAUDITCRITERIAS","Confirmed Active","cs","GetRefferedBackAuditCriterias","T_AU_ACTIVITY_LOG; T_AUDITEE_ENTITIES; T_AUDIT_CRITERIA; T_AU_PERIOD; T_AUDITEE_ENT_TYPES; T_RISK; T_AUDIT_FREQUENCY; T_AUDITEE_ENTITIES_SIZE_DISC; T_AUDIT_CRITERIA_LOG","T_AU_ACTIVITY_LOG","T_CURSOR; T_AU_ACTIVITY_LOG; T_AUDITEE_ENTITIES; T_AUDIT_CRITERIA; T_AU_PERIOD; T_AUDITEE_ENT_TYPES; T_RISK; T_AUDIT_FREQUENCY; T_AUDITEE_ENTITIES_SIZE_DISC; T_AUDIT_CRITERIA_LOG","True","Keep within future-state module design"
"PKG_PG","PKG_PG.P_GETPOSTCHANGESAUDITCRITERIAS","Confirmed Active","cs","GetPostChangesAuditCriterias","T_AU_ACTIVITY_LOG; T_AUDITEE_ENTITIES; T_AUDIT_CRITERIA; T_AU_PERIOD; T_AUDITEE_ENT_TYPES; T_RISK; T_AUDIT_FREQUENCY; T_AUDITEE_ENTITIES_SIZE_DISC; T_AUDIT_CRITERIA_LOG","T_AU_ACTIVITY_LOG","T_CURSOR; T_AU_ACTIVITY_LOG; T_AUDITEE_ENTITIES; T_AUDIT_CRITERIA; T_AU_PERIOD; T_AUDITEE_ENT_TYPES; T_RISK; T_AUDIT_FREQUENCY; T_AUDITEE_ENTITIES_SIZE_DISC; T_AUDIT_CRITERIA_LOG","True","Keep within future-state module design"
"PKG_PG","PKG_PG.TENTATIVE_AUDIT_PLAN","Confirmed Active","cs","GeneratePlanForAuditCriteria","T_AU_ACTIVITY_LOG; T_AUDIT_CRITERIA; T_AUDIT_FREQUENCY; T_AU_PERIOD; T_AUDITEE_ENTITIES; T_AUDITEE_ENTITIES_SIZE_DISC; T_RISK_STATUS; T_AU_REMARKS","T_AU_ACTIVITY_LOG; T_AU_PLAN; T_AUDIT_CRITERIA","T_AUDIT_CRITERIA; T_CURSOR; V_F; T_AU_ACTIVITY_LOG; T_AUDIT_FREQUENCY; T_AU_PLAN; T_AU_PERIOD; T_AUDITEE_ENTITIES; T_AUDITEE_ENTITIES_SIZE_DISC; T_RISK_STATUS; T_AU_REMARKS","True","Keep within future-state module design"
"PKG_PG","PKG_PG.P_GETAUDITENTITIES","Confirmed Active","cs","GetAuditEntities","T_AUDITEE_ENT_TYPES","","T_CURSOR; T_AUDITEE_ENT_TYPES","True","Keep within future-state module design"
"PKG_AIS","PKG_AIS.P_GETAUDITEEENTITIESFOROLDPARAS","Confirmed Active","cs","GetAuditeeEntitiesForOldParas","T_AU_OBSERVATION_OLD_CAD_PARAS","","T_AU_OLD_PARAS_FAD; T_CURSOR; T_AU_OBSERVATION_OLD_CAD_PARAS","True","Keep within future-state module design"
"PKG_PG","PKG_PG.P_GETAUDITEEENTITIES","Confirmed Active","cs","GetEntitiesByParentEntityTypeId","T_AUDITEE_ENTITIES; T_AUDITEE_ENT_TYPES","","T_CURSOR; T_AUDITEE_ENTITIES; T_AUDITEE_ENT_TYPES","True","Keep within future-state module design"
"PKG_LG","PKG_LG.P_CHANGEPASSWORD","Confirmed Active","cs","ChangePassword; ChangePasswordForUser","T_AU_ACTIVITY_LOG","T_USER; T_AU_ACTIVITY_LOG","T_USER; T_AU_ACTIVITY_LOG","True","Keep within future-state module design"
"PKG_AIS","PKG_AIS.P_GETDEPARTMENTS","Confirmed Active","cs; RPT","GetDepartments; GetDivisions","T_AUDITEE_ENTITIES; T_AUDITEE_ENTITIES_MAPING","","T_CURSOR; T_AUDITEE_ENTITIES; T_AUDITEE_ENTITIES_MAPING","True","Keep within future-state module design"
"PKG_PG","PKG_PG.P_GETAUDITEMPLOYEES","Confirmed Active","cs","GetAuditEmployees","T_AUDIT_EMP; T_USER","","T_CURSOR; T_AUDIT_EMP; T_USER","True","Keep within future-state module design"
"PKG_PG","PKG_PG.P_GETAUDITOPERATIONALSTARTDATE","Confirmed Active","cs","GetAuditOperationalStartDate","T_AU_PLAN_ENG; D.OPERATION_ENDDATE","","T_CURSOR; T_AU_PLAN_ENG","True","Keep within future-state module design"
"PKG_PG","PKG_PG.P_GETAUDITENGAGEMENTPLANS","Confirmed Active","cs","GetAuditEngagementPlans","T_AU_ACTIVITY_LOG; T_AU_PLAN_ENG; T_AUDITEE_ENTITIES","T_AU_ACTIVITY_LOG","T_CURSOR; T_AU_ACTIVITY_LOG; T_AU_PLAN_ENG; T_AUDITEE_ENTITIES","True","Keep within future-state module design"
"PKG_PG","PKG_PG.P_ADDAUDITENGAGEMENTPLAN","Confirmed Active","cs","AddAuditEngagementPlan","T_AU_ACTIVITY_LOG; T_AU_REMARKS; T_AU_PLAN_ENG; T_AU_AUDIT_TEAM_TASKLIST; T_AUDITEE_ENTITIES; T_AU_PLAN_ENG_LOG; T_AU_AUDIT_TEAMS; T_AU_TEAM_MEMBERS","T_AU_ACTIVITY_LOG; T_AU_PLAN_ENG; T_AU_PLAN_ENG_LOG; T_AU_AUDIT_TEAMS; T_AU_PLAN","T_CURSOR; T_I; T_AU_ACTIVITY_LOG; T_AU_REMARKS; T_AU_PLAN_ENG; T_AU_AUDIT_TEAM_TASKLIST; T_AUDITEE_ENTITIES; T_AU_PLAN_ENG_LOG; T_AU_AUDIT_TEAMS; T_NAME; T_CODE; T_ID; T_AU_TEAM_MEMBERS; T_AU_PLAN","True","Keep within future-state module design"
"PKG_PG","PKG_PG.P_ADDAUDITTEAMTASKLIST","Confirmed Active","cs","AddAuditEngagementPlan","T_AU_ACTIVITY_LOG; T_AU_TEAM_MEMBERS; T_AU_AUDIT_TEAM_TASKLIST; T_AUDITEE_ENTITIES; T_AU_PLAN_ENG","T_AU_ACTIVITY_LOG; T_AU_AUDIT_TEAM_TASKLIST","V_F; T_AU_ACTIVITY_LOG; T_AU_TEAM_MEMBERS; T_ID; T_AU_AUDIT_TEAM_TASKLIST; T_AUDITEE_ENTITIES; T_AU_PLAN_ENG","True","Keep within future-state module design"
"PKG_PG","PKG_PG.P_REFFEREDBACKAUDITENGAGEMENTPLAN","Confirmed Active","cs","RefferedBackAuditEngagementPlan","T_AU_ACTIVITY_LOG; T_AU_PLAN_ENG; T_AU_PLAN_ENG_LOG","T_AU_ACTIVITY_LOG; T_AU_PLAN_ENG; T_AU_PLAN; T_AU_PLAN_ENG_LOG","T_AU_ACTIVITY_LOG; T_AU_PLAN_ENG; T_AU_PLAN; T_AU_PLAN_ENG_LOG","True","Keep within future-state module design"
"PKG_PG","PKG_PG.P_RERECOMMENDAUDITENGAGEMENTPLAN","Confirmed Active","cs","RerecommendAuditEngagementPlan","T_AU_ACTIVITY_LOG; T_AU_REMARKS; T_AU_AUDIT_TEAM_TASKLIST; T_AU_TEAM_MEMBERS; T_AU_PLAN_ENG_LOG; T_AU_AUDIT_TEAMS; T_AUDITEE_ENTITIES; T_AU_PLAN_ENG","T_AU_ACTIVITY_LOG; T_AU_AUDIT_TEAM_TASKLIST; T_AU_PLAN_ENG; T_AU_PLAN_ENG_LOG; T_AU_AUDIT_TEAMS; T_AU_PLAN","T_CURSOR; T_I; V_F; T_AU_ACTIVITY_LOG; T_AU_REMARKS; T_AU_AUDIT_TEAM_TASKLIST; T_AU_PLAN_ENG; T_AU_TEAM_MEMBERS; T_ID; T_AU_PLAN_ENG_LOG; T_AU_AUDIT_TEAMS; T_NAME; T_CODE; T_AU_PLAN; T_AUDITEE_ENTITIES","True","Keep within future-state module design"
"PKG_PG","PKG_PG.P_APPROVEAUDITENGAGEMENTPLAN","Confirmed Active","cs","ApproveAuditEngagementPlan","T_AU_ACTIVITY_LOG; T_AU_PLAN_ENG; T_AU_PLAN_ENG_LOG","T_AU_ACTIVITY_LOG; T_AU_PLAN_ENG; T_AU_PLAN; T_AU_AUDIT_TEAM_TASKLIST; T_AU_AUDIT_TEAMS; T_AU_PLAN_ENG_LOG","T_AU_ACTIVITY_LOG; T_AU_PLAN_ENG; T_AU_PLAN; T_AU_AUDIT_TEAM_TASKLIST; T_AU_AUDIT_TEAMS; T_AU_PLAN_ENG_LOG","True","Keep within future-state module design"
"PKG_LG","PKG_LG.P_GETRISKPROCESSDEFINITION","Confirmed Active","cs","GetRiskProcessDefinition","T_AUDIT_CHECKLIST","","T_CURSOR; T_AUDIT_CHECKLIST; T_ID","True","Keep within future-state module design"
"PKG_PG","PKG_PG.P_GETAUDITFREQUENCIES","Confirmed Active","cs","GetAuditFrequencies","T_AUDIT_FREQUENCY","","T_CURSOR; T_AUDIT_FREQUENCY","True","Keep within future-state module design"
"PKG_AI","PKG_AI.P_GETGLHEADSUMMARY","Likely Active","cs","GetGlheadDetails","","","","False","Validate before DDL freeze"
"PKG_AI","PKG_AI.P_GETGLHEADSUM","Confirmed Active","cs","GetGlheadSubDetails","","","","False","Keep within future-state module design"
"PKG_AI","PKG_AI.P_GETLOANCASEDETAILS","Confirmed Active","cs","GetLoanCaseDetails","","","","False","Keep within future-state module design"
"PKG_AIS","PKG_AIS.P_GETLOANCASEDOCUMENTS","Confirmed Active","cs","GetLoanCaseDocuments","","","","False","Keep within future-state module design"
"PKG_AI","PKG_AI.P_GETINCOMEEXPENCEDETAILS","Confirmed Active","cs","GetIncomeExpenceDetails","","","","False","Keep within future-state module design"
"PKG_AIS","PKG_AIS.P_GETDEPOSITACCOUNTDETAILS","Low-Confidence / Needs Verification","cs","GetDepositAccountdetails","","","","False","Investigate before exclusion; package source not fully mapped"
"PKG_AI","PKG_AI.P_GETDEPOSITACCOUNTSUBDETAILS","Confirmed Active","cs","GetDepositAccountSubdetails","","","","False","Keep within future-state module design"
"PKG_AI","PKG_AI.P_GETBRANCHDESBURSEMENTACCOUNTDETAILS","Confirmed Active","cs","GetBranchDesbursementAccountdetails","","","","False","Keep within future-state module design"
"PKG_LG","PKG_LG.P_GETLOGGEDINUSERENGID","Likely Active","cs","GetLoggedInUserEngId","T_AU_AUDIT_JOINING","","T_CURSOR; T_AU_AUDIT_JOINING","True","Validate before DDL freeze"
"PKG_AIS","PKG_AIS.P_GETRISKDESCBYID","Likely Active","cs","GetRiskDescByID","T_RISK","","T_CURSOR; T_RISK","True","Validate before DDL freeze"
"PKG_PG","PKG_PG.P_GETLATESTCOMMENTSONENGAGEMENT","Likely Active","cs","GetLatestCommentsOnEngagement","T_AU_PLAN_ENG_LOG","","T_CURSOR; T_AU_PLAN_ENG_LOG","True","Validate before DDL freeze"
"PKG_PG","PKG_PG.P_GET_CRITERIA_ENT_COUNT","Confirmed Active","cs","GetExpectedCountOfAuditEntitiesOnCriteria","T_AUDIT_CRITERIA; T_AU_PERIOD; T_AUDITEE_ENTITIES; T_AUDIT_FREQUENCY","T_AUDIT_CRITERIA","T_CURSOR; T_AUDIT_CRITERIA; T_AU_PERIOD; T_AUDITEE_ENTITIES; T_AUDIT_FREQUENCY","True","Keep within future-state module design"
"PKG_PG","PKG_PG.P_DELETEPENDINGCRITERIA","Confirmed Active","cs","DeletePendingCriteria","T_AU_ACTIVITY_LOG; T_AUDIT_CRITERIA; T_AUDIT_CRITERIA_LOG","T_AU_ACTIVITY_LOG; T_AUDIT_CRITERIA; T_AUDIT_CRITERIA_LOG","V_F; T_AU_ACTIVITY_LOG; T_AUDIT_CRITERIA; T_AUDIT_CRITERIA_LOG","True","Keep within future-state module design"
"PKG_PG","PKG_PG.P_SUBMITAUDITCRITERIAFORAPPROVAL","Confirmed Active","cs","SubmitAuditCriteriaForApproval","T_AU_ACTIVITY_LOG","T_AU_ACTIVITY_LOG; T_AUDIT_CRITERIA","T_AU_ACTIVITY_LOG; T_AUDIT_CRITERIA","True","Keep within future-state module design"
"PKG_AIS_EMAIL","PKG_AIS_EMAIL.P_ADDAUDITCRITERIA","Confirmed Active","cs","SubmitAuditCriteriaForApproval","","","","False","Keep within future-state module design"
"PKG_AIS","PKG_AIS.P_GETCOSORISKFORDEPARTMENT","Confirmed Active","cs","GetCOSORiskForBranches; GetCOSORiskForDepartment","T_COSO_RATING_DEPARTMENT_INHERITED_RISK; T_COSO_RATING_DEPARTMENT_FINAL; T_AU_PERIOD; T_AUDITEE_ENTITIES","","T_CURSOR; T_COSO_RATING_DEPARTMENT_INHERITED_RISK; T_COSO_RATING_DEPARTMENT_FINAL; T_AU_PERIOD; T_AUDITEE_ENTITIES","True","Keep within future-state module design"
"PKG_CM","PKG_CM.P_CAU_OM","Confirmed Active","cs","CAUOMAssignment","T_CAU_OM","T_CAU_OM","T_CAU_OM; T_CURSOR","True","Keep within future-state module design"
"PKG_CM","PKG_CM.P_CAU_OM_REPLY","Confirmed Active","cs","CAUOMAssignment","T_CAU_OM","T_CAU_OM_RESPONSE","T_CAU_OM_RESPONSE; T_CURSOR; T_CAU_OM","True","Keep within future-state module design"
"PKG_CM","PKG_CM.P_CAU_AIR","Confirmed Active","cs","CAUOMAssignmentAIR","T_CAU_AIR; DUAL","T_CAU_AIR","T_CAU_AIR; T_CURSOR","True","Keep within future-state module design"
"PKG_CM","PKG_CM.P_CAU_AIR_REPLY","Confirmed Active","cs","CAUOMAssignmentAIR","T_CAU_AIR_RESPONSE","T_CAU_AIR_RESPONSE","T_CAU_AIR_RESPONSE; T_CURSOR","True","Keep within future-state module design"
"PKG_CM","PKG_CM.T_CAU_PDP","Confirmed Active","cs","CAUOMAssignmentPDP","T_CAU_DAC_RECOMMENDATION","T_CAU_DAC_RECOMMENDATION","T_CAU_PDP; T_CAU_DAC_RECOMMENDATION; T_CURSOR","True","Keep within future-state module design"
"PKG_CM","PKG_CM.T_CAU_ARPSE","Confirmed Active","cs","CAUOMAssignmentARPSE","T_CAU_PAC_DIRECTIVES","T_CAU_PAC_DIRECTIVES","T_CAU_ARPSE; T_CAU_PAC_DIRECTIVES; T_CURSOR","True","Keep within future-state module design"
"PKG_CM","PKG_CM.P_CAU_OM_GET","Confirmed Active","cs","CAUGetPreAddedOM","T_CAU_OM","","T_CAU_OM; T_CURSOR","True","Keep within future-state module design"
"PKG_CM","PKG_CM.P_CAUGETASSIGNEDOMS","Confirmed Active","cs","CAUGetAssignedOMs","T_CAU_OM; T_CAU_STATUS","","T_CURSOR; T_CAU_OM; T_CAU_STATUS","True","Keep within future-state module design"
"PKG_PG","PKG_PG.P_GETCCQ","Confirmed Active","cs","GetCCQ","T_AU_ACTIVITY_LOG; T_AU_CCQ; T_AUDITEE_ENTITIES; T_COSO_RISK; T_CONTROL_VIOLATION","T_AU_ACTIVITY_LOG","T_CURSOR; T_AU_ACTIVITY_LOG; V_NAME; T_AU_CCQ; T_AUDITEE_ENTITIES; T_COSO_RISK; T_CONTROL_VIOLATION","True","Keep within future-state module design"
"PKG_PG","PKG_PG.P_UPDATECCQ","Confirmed Active","cs","UpdateCCQ","T_AU_ACTIVITY_LOG; T_RISK","T_AU_ACTIVITY_LOG; T_AU_CCQ","T_AU_ACTIVITY_LOG; T_RISK; T_AU_CCQ","True","Keep within future-state module design"
"PKG_AIS","PKG_AIS.P_AUDITEEOLDPARARESPONSE","Confirmed Active","cs","AuditeeOldParaResponse","","","","False","Keep within future-state module design"
"PKG_AIS","PKG_AIS.P_GETOLDPARASAUDITYEAR","Confirmed Active","cs","GetOldParasAuditYear","T_AU_OLD_PARAS_FAD","","T_CURSOR; T_AU_OLD_PARAS_FAD","True","Keep within future-state module design"
"PKG_AIS","PKG_AIS.P_GETOUTSTANDINGPARASAUDITYEAR","Low-Confidence / Needs Verification","cs","GetOutstandingParasAuditYear","T_AU_OBSERVATION_OLD_CAD_PARAS","","T_CURSOR; T_AU_OBSERVATION_OLD_CAD_PARAS","True","Investigate before exclusion; package source not fully mapped"
"PKG_AIS","PKG_AIS.P_GETUSERWISEOLDPARASPERFORMANCE","Confirmed Active","cs","GetUserWiseOldParasPerformance","V_REPORT_AZ_EMP_PROGRESS; V_REPORT_AZ_PROGRESS","","T_CURSOR; V_REPORT_AZ_EMP_PROGRESS; V_REPORT_AZ_PROGRESS","True","Keep within future-state module design"
"PKG_AI","PKG_AI.P_GETSTAFFPOSITION","Likely Active","cs","GetStaffPosition","","","","False","Validate before DDL freeze"
"PKG_AIS","PKG_AIS.P_ADDDIVISIONALHEADREMARKSONFUNCTIONALLEGACYPARA","Confirmed Active","cs","AddDivisionalHeadRemarksOnFunctionalLegacyPara","T_AU_OLD_FUNCTIONAL_PARA_DIVISION_HEAD_REMARKS; T_AU_OLD_PARAS_FAD","T_AU_OLD_FUNCTIONAL_PARA_DIVISION_HEAD_REMARKS","T_AU_OLD_FUNCTIONAL_PARA_DIVISION_HEAD_REMARKS; T_AU_OLD_PARAS_FAD","True","Keep within future-state module design"
"PKG_AI","PKG_AI.P_GETGLHEADSUMMARY_YEARLY","Confirmed Active","cs","GetGlheadDetailsyearwise","T_AU_PREINFO_GLDAYENDBALANCE; T_AUDITEE_ENTITIES; T_AU_PLAN_ENG; T_AU_AUDIT_JOINING; T_AU_AUDIT_TEAM_TASKLIST; T_AU_PREINFO_GL_TYPE","","T_CURSOR; T_AU_PREINFO_GLDAYENDBALANCE; T_AUDITEE_ENTITIES; T_AU_PLAN_ENG; T_AU_AUDIT_JOINING; T_AU_AUDIT_TEAM_TASKLIST; T_AU_PREINFO_GL_TYPE","True","Keep within future-state module design"
"PKG_AI","PKG_AI.P_GETDEPOSITACCOUNTCATEGORY","Likely Active","cs","GetDepositCat","","","","False","Validate before DDL freeze"
"PKG_AIS","PKG_AIS.P_GETDEPOSITACCOUNTCATEGORY_DETAILS","Confirmed Active","cs","GetDepositAccountcatdetails","","","","False","Keep within future-state module design"
"PKG_AI","PKG_AI.P_PREAUDITINFO_LOAN_SCHEME","Likely Active","cs","GetLoansScheme","","","","False","Validate before DDL freeze"
"PKG_AI","PKG_AI.P_PREAUDITINFO_LOAN_SCHEME_YEARLY","Likely Active","cs","GetLoansSchemeYearly","","","","False","Validate before DDL freeze"
"PKG_PG","PKG_PG.P_GET_SPECICAL_AUDIT_FOR_APPROVAL","Confirmed Active","cs","GetSaveSpecialAuditPlan","T_AU_PRE_PLAN; T_AU_PERIOD; T_AUDIT_FREQUENCY; T_AUDITEE_ENTITIES_MAPING; T_AUDITEE_ENT_TYPES; T_AUDITEE_ENTITIES; T_AU_OLD_AUDIT_NATURE","","T_CURSOR; T_AU_PRE_PLAN; T_AU_PERIOD; T_AUDIT_FREQUENCY; T_AUDITEE_ENTITIES_MAPING; T_AUDITEE_ENT_TYPES; T_AUDITEE_ENTITIES; T_AU_OLD_AUDIT_NATURE","True","Keep within future-state module design"
"PKG_PG","PKG_PG.P_ADD_SPECIAL_AUDIT_PLAN","Confirmed Active","cs","AddSpecialAuditPlan","T_AU_PRE_PLAN; T_AUDITEE_ENTITIES; DUAL","T_AU_PRE_PLAN","T_CURSOR; T_AU_PRE_PLAN; T_AUDITEE_ENTITIES","True","Keep within future-state module design"
"PKG_PG","PKG_PG.P_UPDATE_SPECIAL_AUDIT","Confirmed Active","cs","DeleteSpecialAuditPlan; SubmitSpecialAuditPlan","DUAL; T_AU_PRE_PLAN; T_AU_PERIOD; T_AUDITEE_ENTITIES_MAPING; T_AUDITEE_ENTITIES","T_AU_PRE_PLAN; T_AU_PLAN","T_CURSOR; T_AU_PRE_PLAN; T_AU_PLAN; T_AU_PERIOD; T_AUDITEE_ENTITIES_MAPING; T_AUDITEE_ENTITIES","True","Keep within future-state module design"
"PKG_AR","PKG_AR.P_DELETE_RESPONSIBILITY","Confirmed Active","cs","DeleteResponsibilityFromObservation","T_AU_OBSERVATION; T_AU_OBSERVATION_RESPONIBILITY_ASSIGNED; DUAL","T_AU_OBSERVATION_RESPONIBILITY_ASSIGNED","T_CURSOR; T_AU_OBSERVATION; T_AU_OBSERVATION_RESPONIBILITY_ASSIGNED","True","Keep within future-state module design"
"PKG_DB","PKG_DB.P_GET_DASH_TABLE_FUNCTIONWISE_NAMES","Likely Active","DB","GetFunctionalListForDashboard","T_AU_ACTIVITY_LOG; V_REPORT_DASHBORAD_DETAIL; T_AUDIT_CHECKLIST_DETAILS; T_AUDIT_CHECKLIST_SUB; T_AUDIT_CHECKLIST; T_AUDITEE_ENTITIES","T_AU_ACTIVITY_LOG","T_CURSOR; T_AU_ACTIVITY_LOG; V_REPORT_DASHBORAD_DETAIL; T_AUDIT_CHECKLIST_DETAILS; T_AUDIT_CHECKLIST_SUB; T_AUDIT_CHECKLIST; T_ID; T_AUDITEE_ENTITIES","True","Validate before DDL freeze"
"PKG_DB","PKG_DB.P_GET_DASH_TABLE_FUNCTIONWISE_NAMES_CHECKLIST","Confirmed Active","DB","GetViolationListForDashboard","T_AU_ACTIVITY_LOG; V_REPORT_DASHBORAD_DETAIL; T_AUDIT_CHECKLIST_DETAILS; T_AUDIT_CHECKLIST_SUB; T_AUDIT_CHECKLIST; T_AUDITEE_ENTITIES","T_AU_ACTIVITY_LOG","T_CURSOR; T_AU_ACTIVITY_LOG; T_ID; V_REPORT_DASHBORAD_DETAIL; T_AUDIT_CHECKLIST_DETAILS; T_AUDIT_CHECKLIST_SUB; T_AUDIT_CHECKLIST; T_AUDITEE_ENTITIES","True","Keep within future-state module design"
"PKG_DB","PKG_DB.P_GET_DASH_TABLE_FUNCTIONWISE_NAMES_CHECKLIST_SUB","Confirmed Active","DB","GetSubViolationListForDashboard","T_AU_ACTIVITY_LOG; V_REPORT_DASHBORAD_DETAIL; T_AUDIT_CHECKLIST_DETAILS; T_AUDIT_CHECKLIST_SUB; T_AUDIT_CHECKLIST; T_AUDITEE_ENTITIES","T_AU_ACTIVITY_LOG","T_CURSOR; T_AU_ACTIVITY_LOG; V_REPORT_DASHBORAD_DETAIL; T_AUDIT_CHECKLIST_DETAILS; T_AUDIT_CHECKLIST_SUB; T_AUDIT_CHECKLIST; T_ID; T_AUDITEE_ENTITIES","True","Keep within future-state module design"
"PKG_DB","PKG_DB.P_GET_DASH_TABLE_FUNCTIONWISE_NAMES_HO","Confirmed Active","DB","GetHOFunctionalListForDashboard","V_GET_DASH_TABLE_FUNCTIONWISE_NAMES_HO; T_COSO_RATING_FACTORS; T_CONTROL_VIOLATION_SUB; T_RISK; T_AUDITEE_ENTITIES","","T_CURSOR; V_GET_DASH_TABLE_FUNCTIONWISE_NAMES_HO; T_COSO_RATING_FACTORS; V_CAT_ID; T_CONTROL_VIOLATION_SUB; V_CAT_NATURE_ID; T_RISK; T_AUDITEE_ENTITIES","True","Keep within future-state module design"
"PKG_DB","PKG_DB.P_GET_DASH_TABLE_FUNCTIONWISE_NAMES_CHECKLIST_HO","Confirmed Active","DB","GetHOViolationListForDashboard","V_GET_DASH_TABLE_FUNCTIONWISE_NAMES_HO; T_COSO_RATING_FACTORS; T_CONTROL_VIOLATION_SUB; T_RISK; T_AUDITEE_ENTITIES","","T_CURSOR; T_ID; V_GET_DASH_TABLE_FUNCTIONWISE_NAMES_HO; T_COSO_RATING_FACTORS; V_CAT_ID; T_CONTROL_VIOLATION_SUB; V_CAT_NATURE_ID; T_RISK; T_AUDITEE_ENTITIES","True","Keep within future-state module design"
"PKG_DB","PKG_DB.P_GET_DASH_TABLE_FUNCTIONWISE_NAMES_CHECKLIST_SUB_HO","Confirmed Active","DB","GetHOSubViolationListForDashboard","V_GET_DASH_TABLE_FUNCTIONWISE_NAMES_HO; T_COSO_RATING_FACTORS; T_CONTROL_VIOLATION_SUB; T_RISK; T_AUDITEE_ENTITIES","","T_CURSOR; V_GET_DASH_TABLE_FUNCTIONWISE_NAMES_HO; T_COSO_RATING_FACTORS; V_CAT_ID; T_CONTROL_VIOLATION_SUB; V_CAT_NATURE_ID; T_RISK; T_AUDITEE_ENTITIES","True","Keep within future-state module design"
"PKG_DB","PKG_DB.P_GETCHILDPOSTING","Confirmed Active","DB","GetchildpostingForDashboardPanel","T_AUDITEE_ENT_RELATION","","T_CURSOR; T_AUDITEE_ENT_RELATION; T_AUDITEE_ENT_TYPES; T_AUDITEE_ENTITIES_MAPING; T_AUDITEE_ENTITIES","True","Keep within future-state module design"
"PKG_DB","PKG_DB.P_GETPARENTREPOFFICE","Confirmed Active","DB","GetparentrepofficeForDashboardPanel","T_AUDITEE_ENT_RELATION","","T_CURSOR; T_AUDITEE_ENT_RELATION; T_AUDITEE_ENT_TYPES; T_AUDITEE_ENTITIES_MAPING","True","Keep within future-state module design"
"PKG_DB","PKG_DB.P_GETREALTIONSHIPTYPE","Confirmed Active","DB","GetrealtionshiptypeForDashboardPanel","T_AUDITEE_ENT_RELATION; T_AUDITEE_ENTITIES_MAPING; T_AUDITEE_ENTITIES_MAPING_FUNCTION","","T_CURSOR; T_AUDITEE_ENT_RELATION; T_AUDITEE_ENTITIES_MAPING; T_AUDITEE_ENTITIES_MAPING_FUNCTION","True","Keep within future-state module design"
"PKG_DB","PKG_DB.P_GETFUNCTIONALRESPONSIBILITYWISEPARA","Confirmed Active","DB","GetFunctionalResponsibilityWisePara","V_FUNCTIONAL_RESPONSIBLITY; V_DASH_BORAD_OF_DIVISIONAL_HEAD","","T_CURSOR; V_FUNCTIONAL_RESPONSIBLITY; V_DASH_BORAD_OF_DIVISIONAL_HEAD","True","Keep within future-state module design"
"PKG_DB","PKG_DB.P_GET_DASH_TABLE_FUNCTIONWISE","Confirmed Active","DB","GetFunctionalResponsibilityWiseParaForDashboard","T_AU_OBSERVATION; T_AU_OBSERVATION_TEXT; T_AUDIT_CHECKLIST_ANNEXURE; T_AUDIT_CHECKLIST_DETAILS; T_AUDITEE_ENTITIES; T_AUDITEE_ENTITIES_MAPING; T_RISK; T_AU_PLAN_ENG; T_AU_PERIOD","","T_CURSOR; T_AU_OBSERVATION; T_AU_OBSERVATION_TEXT; T_AUDIT_CHECKLIST_ANNEXURE; T_AUDIT_CHECKLIST_DETAILS; T_AUDITEE_ENTITIES; T_AUDITEE_ENTITIES_MAPING; T_RISK; T_AU_PLAN_ENG; T_AU_PERIOD","True","Keep within future-state module design"
"PKG_DB","PKG_DB.P_GET_DASH_TABLE_FUNCTIONWISE_HO","Confirmed Active","DB","GetHOFunctionalResponsibilityWiseParaForDashboard","V_GET_DASH_TABLE_FUNCTIONWISE_NAMES_HO; T_COSO_RATING_FACTORS; T_CONTROL_VIOLATION_SUB; T_RISK; T_AUDITEE_ENTITIES","","T_CURSOR; V_GET_DASH_TABLE_FUNCTIONWISE_NAMES_HO; T_COSO_RATING_FACTORS; V_CAT_ID; T_CONTROL_VIOLATION_SUB; V_CAT_NATURE_ID; T_RISK; T_AUDITEE_ENTITIES; V_ID","True","Keep within future-state module design"
"PKG_DB","PKG_DB.P_GET_DASH_TABLE_V_WISE","Confirmed Active","DB","GetViolationWiseParaForDashboard","V_REPORT_DASHBORAD_DETAIL; T_AUDIT_CHECKLIST_DETAILS; T_AUDIT_CHECKLIST_SUB; T_AUDIT_CHECKLIST; T_AUDITEE_ENTITIES; T_AUDITEE_ENTITIES_MAPING","","T_CURSOR; V_REPORT_DASHBORAD_DETAIL; T_AUDIT_CHECKLIST_DETAILS; T_AUDIT_CHECKLIST_SUB; T_AUDIT_CHECKLIST; T_ID; T_AUDITEE_ENTITIES; T_AUDITEE_ENTITIES_MAPING","True","Keep within future-state module design"
"PKG_DB","PKG_DB.P_GET_DASH_TABLE_OLD","Confirmed Active","DB","GetRelationLegacyObservationForDashboard","AIS_T_AU_POST_COMPLIANCE; T_AUDIT_CHECKLIST_ANNEXURE; T_AUDITEE_ENTITIES; T_AUDITEE_ENTITIES_MAPING","","T_CURSOR; AIS_T_AU_POST_COMPLIANCE; T_AUDIT_CHECKLIST_ANNEXURE; T_AUDITEE_ENTITIES; T_AUDITEE_ENTITIES_MAPING","True","Keep within future-state module design"
"PKG_DB","PKG_DB.P_GET_DASH_TABLE_NEW","Confirmed Active","DB","GetRelationAISObservationForDashboard","AIS_T_AU_POST_COMPLIANCE; T_AUDIT_CHECKLIST_ANNEXURE; T_AUDITEE_ENTITIES; T_AUDITEE_ENTITIES_MAPING","","T_CURSOR; AIS_T_AU_POST_COMPLIANCE; T_AUDIT_CHECKLIST_ANNEXURE; T_AUDITEE_ENTITIES; T_AUDITEE_ENTITIES_MAPING","True","Keep within future-state module design"
"PKG_DB","PKG_DB.P_GET_DASH_TABLE","Confirmed Active","DB","GetRelationObservationForDashboard","AIS_T_AU_POST_COMPLIANCE; T_AUDIT_CHECKLIST_ANNEXURE; T_AUDITEE_ENTITIES; T_AUDITEE_ENTITIES_MAPING","","T_CURSOR; AIS_T_AU_POST_COMPLIANCE; T_AUDIT_CHECKLIST_ANNEXURE; T_AUDITEE_ENTITIES; T_AUDITEE_ENTITIES_MAPING","True","Keep within future-state module design"
"PKG_DB","PKG_DB.P_GET_RISK_BASEPLAN","Confirmed Active","DB","GetEntitiesRiskBasePlanForDashboard","V_R_RISKBASE_PLANNING","","T_CURSOR; V_R_RISKBASE_PLANNING","True","Keep within future-state module design"
"PKG_DB","PKG_DB.P_GET_AUDIT_PERFORMANCE","Confirmed Active","DB","GetAuditPerformanceForDashboard","V_AUDIT_PERFORMANCE","","T_CURSOR; V_AUDIT_PERFORMANCE","True","Keep within future-state module design"
"PKG_DB","PKG_DB.P_GET_DASHBORAD_SCORECARD","Confirmed Active","DB","GetAuditPerformanceChartForDashboard","T_DASHBOARD_SCORECARD","","T_CURSOR; T_DASHBOARD_SCORECARD","True","Keep within future-state module design"
"PKG_DB","PKG_DB.P_GET_DASH_REPETITIVE","Confirmed Active","DB","GetRepetativeParaForDashboard","V_R_REPEATED_VOILATIONS","","T_CURSOR; V_R_REPEATED_VOILATIONS; T_ID","True","Keep within future-state module design"
"PKG_DB","PKG_DB.P_FUNCTIONAL_REPORTING_OFFICE_WISE_ANALYSIS","Confirmed Active","DB","GetReportingOfficeWiseObservations","AIS_T_AU_POST_COMPLIANCE; T_AUDIT_CHECKLIST_ANNEXURE; T_AUDITEE_ENTITIES_MAPING","","T_CURSOR; AIS_T_AU_POST_COMPLIANCE; T_AUDIT_CHECKLIST_ANNEXURE; T_AUDITEE_ENTITIES_MAPING","True","Keep within future-state module design"
"PKG_DB","PKG_DB.P_FUNCTIONAL_ENTITY_WISE_ANALYSIS","Confirmed Active","DB","GetEntityWiseObservations","V_P_FUNCTIONAL_ENTITY_WISE_ANALYSIS; T_AUDITEE_ENTITIES; V_GM_MAPPING; T_AUDITEE_ENTITIES_MAPING; V_P_FUNCTIONAL_ENTITY_WISE_ANALYSIS_OPS","","T_CURSOR; V_P_FUNCTIONAL_ENTITY_WISE_ANALYSIS; T_AUDITEE_ENTITIES; V_GM_MAPPING; T_AUDITEE_ENTITIES_MAPING; V_P_FUNCTIONAL_ENTITY_WISE_ANALYSIS_OPS","True","Keep within future-state module design"
"PKG_DB","PKG_DB.P_FUNCTIONAL_ANALYSIS_DETAILS","Confirmed Active","DB","GetAnnexureWiseObservations","PARA_ADDED_ON; P_REF_DATE; VW_AU_POST_COMPLIANCE_FULL; T_AUDIT_CHECKLIST_ANNEXURE_PROCESS; T_AUDIT_CHECKLIST_ANNEXURE_MAPPING; T_AUDIT_CHECKLIST_ANNEXURE; AIS_T_AU_POST_COMPLIANCE; T_AUDITEE_ENTITIES_MAPING","","T_CURSOR; T_AUDIT_CHECKLIST_ANNEXURE_PROCESS; T_AUDIT_CHECKLIST_ANNEXURE_MAPPING; T_AUDIT_CHECKLIST_ANNEXURE; AIS_T_AU_POST_COMPLIANCE; T_AUDITEE_ENTITIES_MAPING","True","Keep within future-state module design"
"PKG_DB","PKG_DB.P_FUNCTION_ANNEXURE","Low-Confidence / Needs Verification","DB","GetFunctionAnnexures","T_AUDIT_CHECKLIST_ANNEXURE; V_CIA_ANALYSIS; V_GM_MAPPING","","T_CURSOR; T_AUDIT_CHECKLIST_ANNEXURE; V_CIA_ANALYSIS; V_GM_MAPPING","True","Investigate before exclusion; package source not fully mapped"
"PKG_DB","PKG_DB.P_FUNCTIONAL_ENTITY_WISE_PARAS","Confirmed Active","DB","GetEntityWiseObservationDetail","T_USER; V_DASH_BORAD_PARA_DEATILS; T_AUDITEE_ENTITIES_MAPING","","T_CURSOR; T_USER; V_DASH_BORAD_PARA_DEATILS; T_AUDITEE_ENTITIES_MAPING","True","Keep within future-state module design"
"PKG_DB","PKG_DB.P_FUNCTION_ANNEXURE_PARAS","Confirmed Active","DB","GetFunctionalObservations","T_AUDIT_CHECKLIST_ANNEXURE; V_CIA_ANALYSIS; T_AUDITEE_ENTITIES","","T_CURSOR; T_AUDIT_CHECKLIST_ANNEXURE; V_CIA_ANALYSIS; T_AUDITEE_ENTITIES","True","Keep within future-state module design"
"PKG_DB","PKG_DB.P_FUNCTION_ANNEXURE_PARAS_TEXT","Confirmed Active","DB","GetFunctionalObservationText","T_AU_OLD_PARAS_FAD; T_AU_OLD_PARAS_FAD_TEXT; T_AU_OBSERVATION; T_AU_OBSERVATION_TEXT","","T_CURSOR; T_AU_OLD_PARAS_FAD; T_AU_OLD_PARAS_FAD_TEXT; T_AU_OBSERVATION; T_AU_OBSERVATION_TEXT","True","Keep within future-state module design"
"PKG_DB","PKG_DB.P_GET_DASH_TABLE_FUNCTIONWISE_PARA","Confirmed Active","DB","GetFunctionalRespDetailPara","T_AUDIT_CHECKLIST_ANNEXURE; AIS_T_AU_POST_COMPLIANCE; T_AUDITEE_ENTITIES","","T_CURSOR; T_AUDIT_CHECKLIST_ANNEXURE; AIS_T_AU_POST_COMPLIANCE; T_AUDITEE_ENTITIES","True","Keep within future-state module design"
"PKG_DB","PKG_DB.P_GET_DASH_TABLE_FUNCTIONWISE_PARA_SUMMARY","Confirmed Active","DB","GetFunctionalRespSummaryPara","T_AUDIT_CHECKLIST_ANNEXURE; T_AUDIT_CHECKLIST_DETAILS; V_CIA_ANALYSIS; T_AUDITEE_ENTITIES; T_AUDITEE_ENTITIES_MAPING","","T_CURSOR; T_AUDIT_CHECKLIST_ANNEXURE; T_AUDIT_CHECKLIST_DETAILS; V_CIA_ANALYSIS; T_AUDITEE_ENTITIES; T_AUDITEE_ENTITIES_MAPING","True","Keep within future-state module design"
"PKG_DB","PKG_DB.P_COMPLIANCE_SUMMARY","Confirmed Active","DB","GetComplianceSummary","T_AUDITEE_ENTITIES_MAPING; V_GET_PARA_COMPLIANCE_SUMMARY; T_AUDITEE_ENT_TYPES","","T_CURSOR; V_F; T_AUDITEE_ENTITIES_MAPING; V_GET_PARA_COMPLIANCE_SUMMARY; T_AUDITEE_ENT_TYPES","True","Keep within future-state module design"
"PKG_FAD","PKG_FAD.P_GETAUDITCHECKLISTANNEXURECIRCULARS","Likely Active","FAD","GetAuditChecklistAnnexureCirculars","T_AUDIT_CHECKLIST_ANNEXURE_CIRCULAR","","T_AUDIT_CHECKLIST_ANNEXURE_CIRCULAR","True","Validate before DDL freeze"
"PKG_AR","PKG_AR.P_GET_RESPONSIBILITY_FOR_AUTHORIZE","Confirmed Active","FAD","GetResponsibilityForAuthorize","T_AU_OBSERVATION_RESPONSIBILITY_UPDATED; V_SERVICE_EMPLOYEEINFO","","T_CURSOR; T_AU_OBSERVATION_RESPONSIBILITY_UPDATED; V_SERVICE_EMPLOYEEINFO","True","Keep within future-state module design"
"PKG_FAD","PKG_FAD.P_GETAUDITEMPLOYEES","Confirmed Active","FAD","GetFadAuditEmployees","T_AU_TBL_ALLOCATIONS; T_AUDIT_EMP","","T_CURSOR; T_AU_TBL_ALLOCATIONS; T_AUDIT_EMP","True","Keep within future-state module design"
"PKG_AR","PKG_AR.P_RESPONIBILITYFOROLDPARA","Confirmed Active","FAD","AddResponsibilityforoldparas","AIS_T_AU_POST_COMPLIANCE; DUAL; T_AU_OBSERVATION_RESPONSIBILITY_UPDATED","T_AU_OBSERVATION_RESPONSIBILITY_UPDATED; MULTIPLE","T_CURSOR; V_IND; V_MSG; V_ACTION; V_NEW_ID; AIS_T_AU_POST_COMPLIANCE; T_AU_OBSERVATION_RESPONSIBILITY_UPDATED","True","Keep within future-state module design"
"PKG_AR","PKG_AR.P_GETOBSERVATIONSFORMANAGEAUDITPARAS","Confirmed Active","FAD","GetObservationsForManageAuditParas","AIS_T_AU_POST_COMPLIANCE; T_RISK; T_AUDIT_CHECKLIST_ANNEXURE; T_AU_OBSERVATION_UPDATED_REFERENCE","","T_CURSOR; AIS_T_AU_POST_COMPLIANCE; T_RISK; T_AUDIT_CHECKLIST_ANNEXURE; T_AU_OBSERVATION_UPDATED_REFERENCE","True","Keep within future-state module design"
"PKG_AR","PKG_AR.P_GETOBSERVATIONSDETAILSFORMANAGEAUDITPARAS","Confirmed Active","FAD","GetObservationDetailsForManageAuditParas","AIS_T_AU_POST_COMPLIANCE; T_RISK; T_AUDIT_CHECKLIST_ANNEXURE; T_AU_OLD_PARAS_FAD_TEXT; T_AU_OBSERVATION_TEXT; T_AU_OBSERVATION_OLD_CAD_PARAS_TEXT","","T_CURSOR; AIS_T_AU_POST_COMPLIANCE; T_RISK; T_AUDIT_CHECKLIST_ANNEXURE; T_AU_OLD_PARAS_FAD_TEXT; T_AU_OBSERVATION_TEXT; T_AU_OBSERVATION_OLD_CAD_PARAS_TEXT","True","Keep within future-state module design"
"PKG_AR","PKG_AR.GETRESPONSIBLEPPNOFOROLDPARA","Confirmed Active","FAD","GetResponsiblePPNOforoldPara","V_GET_AUDITEE_PARAS_FAD_COMPLIANCE_PPNO; V_SERVICE_EMPLOYEEINFO","","T_CURSOR; V_GET_AUDITEE_PARAS_FAD_COMPLIANCE_PPNO; V_SERVICE_EMPLOYEEINFO","True","Keep within future-state module design"
"PKG_AR","PKG_AR.P_GET_PARA_DETAILS_FOR_AUTHORIZE","Confirmed Active","FAD","GetObservationsForMangeAuditParasForAuthorization","AIS_T_AU_POST_COMPLIANCE; T_RISK; T_AU_OBSERVATION_UPDATED_REFERENCE; T_AUDITEE_ENTITIES; T_AUDIT_CHECKLIST_ANNEXURE; T_AU_OLD_PARAS_FAD_TEXT; T_AU_OBSERVATION_TEXT; T_AU_OBSERVATION_OLD_CAD_PARAS_TEXT","","T_CURSOR; AIS_T_AU_POST_COMPLIANCE; T_RISK; T_AU_OBSERVATION_UPDATED_REFERENCE; T_AUDITEE_ENTITIES; T_AUDIT_CHECKLIST_ANNEXURE; T_AU_OLD_PARAS_FAD_TEXT; T_AU_OBSERVATION_TEXT; T_AU_OBSERVATION_OLD_CAD_PARAS_TEXT","True","Keep within future-state module design"
"PKG_AR","PKG_AR.P_GET_PARA_CHANGES_FOR_AUTHORIZE","Confirmed Active","FAD","GetProposedChangesInManageParasAuth","T_AU_OBSERVATION_UPDATED_REFERENCE; T_AUDIT_CHECKLIST_ANNEXURE; T_RISK","","T_CURSOR; T_AU_OBSERVATION_UPDATED_REFERENCE; T_AUDIT_CHECKLIST_ANNEXURE; T_RISK","True","Keep within future-state module design"
"PKG_FAD","PKG_FAD.P_SEARCHREFERENCES","Confirmed Active","FAD","SearchReferences","T_AUDIT_CHECKLIST_ANNEXURE_CIRCULAR","","T_AUDIT_CHECKLIST_ANNEXURE_CIRCULAR","True","Keep within future-state module design"
"PKG_FAD","PKG_FAD.P_GETENTITYTASKSUMMARY","Confirmed Active","FAD","GetEntityTaskSummary","YOUR; T_AU_TBL_ALLOCATIONS; T_AUDITEE_ENTITIES; AIS_T_AU_POST_COMPLIANCE","","T_AU_TBL_ALLOCATIONS; T_AUDITEE_ENTITIES; T_ENTITIES; AIS_T_AU_POST_COMPLIANCE","True","Keep within future-state module design"
"PKG_FAD","PKG_FAD.P_GETPARAREFERENCES","Likely Active","FAD","GetParaReferenceLinks; GetParaReferences","TBL_PARA_REFERENCE_LINKS","REFERENCE","TBL_PARA_REFERENCE_LINKS","True","Validate before DDL freeze"
"PKG_FAD","PKG_FAD.P_GETPARATEXT","Confirmed Active","FAD","Get_All_Para_Text; GetParaText","V_GET_ALL_PARA_TEXT_FOR_REFERENCE","","V_GET_ALL_PARA_TEXT_FOR_REFERENCE","True","Keep within future-state module design"
"PKG_FAD","PKG_FAD.P_MANAGEREFERENCE","Low-Confidence / Needs Verification","FAD","private","T_AUDIT_CHECKLIST_ANNEXURE_CIRCULAR; TBL_PARA_REFERENCE_LINKS; DUAL","T_AUDIT_CHECKLIST_ANNEXURE_CIRCULAR; TBL_PARA_REFERENCE_LINKS; AIS_T_AU_POST_COMPLIANCE","T_CURSOR; V_TOTAL_LINKS; V_NEW_REF_ID; V_FINAL_REF_ID; T_AUDIT_CHECKLIST_ANNEXURE_CIRCULAR; TBL_PARA_REFERENCE_LINKS; AIS_T_AU_POST_COMPLIANCE","True","Investigate before exclusion; package source not fully mapped"
"PKG_FAD","PKG_FAD.P_GET_PARA_STATUS_REQUEST","Confirmed Active","FAD","GETPARASTATUSCHANGEREQUEST","AIS_T_AU_POST_COMPLIANCE; T_RISK; T_AUDIT_CHECKLIST_ANNEXURE; AIS_T_PARA_STATUS_CHANGE_LOG","","AIS_T_AU_POST_COMPLIANCE; T_RISK; T_AUDIT_CHECKLIST_ANNEXURE; AIS_T_PARA_STATUS_CHANGE_LOG","True","Keep within future-state module design"
"PKG_FAD","PKG_FAD.P_ADD_PARA_STATUS_CHANGE","Confirmed Active","FAD","ADDPARASTATUSCHANGEREQUEST","AIS_T_AU_POST_COMPLIANCE; DUAL","AIS_T_PARA_STATUS_CHANGE_LOG","V_OLD_STATUS; AIS_T_AU_POST_COMPLIANCE; AIS_T_PARA_STATUS_CHANGE_LOG","True","Keep within future-state module design"
"PKG_FAD","PKG_FAD.P_GET_PARA_STATUS_AUTHORIZATION","Confirmed Active","FAD","GETPARASTATUSAUTHORIZATION","AIS_T_PARA_STATUS_CHANGE_LOG; AIS_T_AU_POST_COMPLIANCE","","AIS_T_PARA_STATUS_CHANGE_LOG; AIS_T_AU_POST_COMPLIANCE","True","Keep within future-state module design"
"PKG_FAD","PKG_FAD.P_GET_IAS_PARA_TEXT","Confirmed Active","FAD","GetIASParaText","V_GET_IAS_PARA_TEXT","","V_GET_IAS_PARA_TEXT","True","Keep within future-state module design"
"PKG_FAD","PKG_FAD.P_AUTHORIZE_PARA_STATUS_CHANGE","Confirmed Active","FAD","AUTHORIZEPARASTATUSCHANGEREQUEST","AIS_T_PARA_STATUS_CHANGE_LOG; V_GET_AIS_POST_COMPLIANCE_AIS_FOR_PARA_CHANGE; AIS_T_AU_POST_COMPLIANCE_HISTORY; T_GROUPS; DUAL","THE; AIS_T_PARA_STATUS_CHANGE_LOG; COMPLIANCE; AIS_T_AU_POST_COMPLIANCE; HISTORY; AIS_T_AU_POST_COMPLIANCE_HISTORY","V_COM_ID; V_NEW_STATUS; V_ACTION; V_ROLE_ID; V_STATUS_ID; V_CYCLE; V_MAKER_REMARKS; V_DIRECTION; AIS_T_PARA_STATUS_CHANGE_LOG; V_GET_AIS_POST_COMPLIANCE_AIS_FOR_PARA_CHANGE; AIS_T_AU_POST_COMPLIANCE; AIS_T_AU_POST_COMPLIANCE_HISTORY; T_GROUPS","True","Keep within future-state module design"
"PKG_FAD","PKG_FAD.P_GET_ROLE_RESPONSIBLE","Confirmed Active","FAD","GetRoleResponsibleForChecklistDetail","T_AU_ACTIVITY_LOG; T_HR_DESIGNATIONS","T_AU_ACTIVITY_LOG","T_CURSOR; T_AU_ACTIVITY_LOG; T_HR_DESIGNATIONS","True","Keep within future-state module design"
"PKG_FAD","PKG_FAD.P_GET_PROCESS_OWNER","Confirmed Active","FAD","GetProcOwnerForChecklistDetail","T_AU_ACTIVITY_LOG; T_AUDITEE_ENTITIES","T_AU_ACTIVITY_LOG","T_CURSOR; T_AU_ACTIVITY_LOG; T_AUDITEE_ENTITIES","True","Keep within future-state module design"
"PKG_FAD","PKG_FAD.P_GET_VIOLATIONS","Confirmed Active","FAD","GetViolationsForChecklistDetail","T_R_SUB_GROUP","","T_CURSOR; T_R_SUB_GROUP","True","Keep within future-state module design"
"PKG_FAD","PKG_FAD.P_GETNEWPARASFORRESPONSEAUTHORIZE","Confirmed Active","FAD","GetCurrentParasForStatusChangeRequestAuthorize","T_AU_OBSERVATION; T_AU_PLAN_ENG; T_AUDITEE_ENTITIES; T_AU_PERIOD; T_AU_OBSERVATION_TEXT; T_AU_OBSERVATION_STATUS; T_AU_NEW_PARAS_STATUS_CHANGE_LOG; T_RISK; T_AUDITEE_ENTITIES_MAPING_FAD","","T_CURSOR; T_AU_OBSERVATION; T_AU_PLAN_ENG; T_AUDITEE_ENTITIES; T_AU_PERIOD; T_AU_OBSERVATION_TEXT; T_AU_OBSERVATION_STATUS; T_AU_NEW_PARAS_STATUS_CHANGE_LOG; T_RISK; T_AUDITEE_ENTITIES_MAPING_FAD","True","Keep within future-state module design"
"PKG_FAD","PKG_FAD.P_GETENTITIESFORLEGACYPARA","Likely Active","FAD","GetLegacyParasEntitiesFAD","T_AU_OLD_PARAS_FAD; T_AUDITEE_ENTITIES; T_AUDITEE_ENTITIES_MAPING_FAD","","T_CURSOR; T_AU_OLD_PARAS_FAD; T_AUDITEE_ENTITIES; T_AUDITEE_ENTITIES_MAPING_FAD","True","Validate before DDL freeze"
"PKG_FAD","PKG_FAD.P_GET_SETTLED_PARA_ENTITIES","Confirmed Active","FAD","GetSettledParasEntitiesForMonitoringFAD","V_P_GET_SETTLED_PARA_DETAILS; T_AUDITEE_ENTITIES; T_AU_POST_COMPLIANCE_SETTLEMETMENT_HISTORY; T_AUDITEE_ENTITIES_MAPING_FAD","","T_CURSOR; V_P_GET_SETTLED_PARA_DETAILS; T_AUDITEE_ENTITIES; T_AU_POST_COMPLIANCE_SETTLEMETMENT_HISTORY; T_AUDITEE_ENTITIES_MAPING_FAD","True","Keep within future-state module design"
"PKG_FAD","PKG_FAD.P_GETLEAGACYOBSERVATIONS","Confirmed Active","FAD","GetLegacyParasForUpdateFAD","T_AU_ERROR_LOGS; DUAL; T_AU_OLD_PARAS_FAD; T_AUDITEE_ENTITIES; T_AUDITEE_ENTITIES_MAPING_FAD; T_AU_OLD_PARAS_FAD_TEXT; T_AU_OLD_AUDIT_NATURE; T_AU_DATA_VALIDATION_FAD_LOG","T_AU_ERROR_LOGS; T_AU_DATA_VALIDATION_FAD_LOG","T_CURSOR; T_AU_ERROR_LOGS; T_AU_OLD_PARAS_FAD; T_AUDITEE_ENTITIES; T_AUDITEE_ENTITIES_MAPING_FAD; T_AU_OLD_PARAS_FAD_TEXT; T_AU_OLD_AUDIT_NATURE; T_AU_DATA_VALIDATION_FAD_LOG","True","Keep within future-state module design"
"PKG_FAD","PKG_FAD.P_ADD_PARA_RESPONSIBILITY","Confirmed Active","FAD","AddResponsibilityToLegacyParasFAD; UpdateLegacyParasWithResponsibilityFAD","T_AU_OLD_PARAS_FAD_RESPONSIBILITY_ASSIGNED; DUAL","T_AU_OLD_PARAS_FAD_RESPONSIBILITY_ASSIGNED; T_AU_OLD_PARAS_FAD_LOG","T_CURSOR; T_AU_OLD_PARAS_FAD_RESPONSIBILITY_ASSIGNED; T_AU_OLD_PARAS_FAD_LOG","True","Keep within future-state module design"
"PKG_FAD","PKG_FAD.P_REVIEWED_LEGACY_PARA","Confirmed Active","FAD","UpdateLegacyParasWithResponsibilityNoChanges","T_AU_REMARKS; T_AU_ERROR_LOGS; DUAL","T_AU_OLD_PARAS_FAD; T_AU_DATA_VALIDATION_FAD_LOG; T_AU_ERROR_LOGS","T_CURSOR; T_AU_OLD_PARAS_FAD; T_AU_DATA_VALIDATION_FAD_LOG; T_AU_REMARKS; T_AU_ERROR_LOGS","True","Keep within future-state module design"
"PKG_FAD","PKG_FAD.P_UPDATE_LEGACY_PARA_TEXT","Confirmed Active","FAD","UpdateLegacyParasWithResponsibilityFAD","T_AU_REMARKS; T_AU_ERROR_LOGS; DUAL","T_AU_OLD_PARAS_FAD_TEXT; T_AU_OLD_PARAS_FAD; T_AU_DATA_VALIDATION_FAD_LOG; T_AU_ERROR_LOGS","T_CURSOR; T_AU_OLD_PARAS_FAD_TEXT; T_AU_OLD_PARAS_FAD; T_AU_DATA_VALIDATION_FAD_LOG; T_AU_REMARKS; T_AU_ERROR_LOGS","True","Keep within future-state module design"
"PKG_FAD","PKG_FAD.P_AUTHORIZECHANGESTATUSREQUESTFORSETTLEDPARA_NEW","Confirmed Active","FAD","AuthorizerAddChangeStatusRequestForSettledPara","T_AU_NEW_PARAS_STATUS_CHANGE_LOG; T_AU_OBSERVATION; AIS_T_AU_POST_COMPLIANCE; DUAL","T_AU_OBSERVATION; T_AU_NEW_PARAS_STATUS_CHANGE_LOG; AIS_T_AU_POST_COMPLIANCE","T_CURSOR; V_F; T_F; T_AU_NEW_PARAS_STATUS_CHANGE_LOG; T_AU_OBSERVATION; AIS_T_AU_POST_COMPLIANCE","True","Keep within future-state module design"
"PKG_FAD","PKG_FAD.P_AUTHORIZECHANGESTATUSREQUESTFORSETTLEDPARA","Confirmed Active","FAD","AddAuthorizeChangeStatusRequestForSettledPara","AIS_COMP; T_AU_OLD_PARAS_FAD; AIS_T_AU_POST_COMPLIANCE; DUAL; T_AU_OLD_PARAS_FAD_STATUS_CHANGE_LOG","T_AU_OLD_PARAS_FAD_STATUS_CHANGE_LOG; PARA; T_AU_OLD_PARAS_FAD; T_AU_OBSERVATION_OLD_CAD_PARAS; AIS_T_AU_POST_COMPLIANCE","T_CURSOR; T_AU_OLD_PARAS_FAD; AIS_T_AU_POST_COMPLIANCE; T_AU_OLD_PARAS_FAD_STATUS_CHANGE_LOG; T_AU_OBSERVATION_OLD_CAD_PARAS","True","Keep within future-state module design"
"PKG_FAD","PKG_FAD.P_GETOLDPARASFORRESPONSEAUTHORIZE","Confirmed Active","FAD","GetOldSettledParasForResponseAuthorize","T_AU_OBSERVATION_OLD_CAD_PARAS; T_AU_OLD_PARAS_FAD_STATUS_CHANGE_LOG; T_AU_OLD_PARAS_FAD; T_AUDIT_CHECKLIST_DETAILS; T_AUDITEE_ENTITIES_MAPING_FAD","","T_CURSOR; T_AU_OBSERVATION_OLD_CAD_PARAS; T_AU_OLD_PARAS_FAD_STATUS_CHANGE_LOG; T_AU_OLD_PARAS_FAD; T_AUDIT_CHECKLIST_DETAILS; T_AUDITEE_ENTITIES_MAPING_FAD","True","Keep within future-state module design"
"PKG_FAD","PKG_FAD.P_GET_LEGACY_PARA_RESPONSIBLES","Likely Active","FAD","GetLegacyParaResponsiblePersonsFAD","T_AU_OLD_PARAS_FAD_RESPONSIBILITY_ASSIGNED; V_SERVICE_EMPLOYEEINFO","","T_CURSOR; T_AU_OLD_PARAS_FAD_RESPONSIBILITY_ASSIGNED; V_SERVICE_EMPLOYEEINFO","True","Validate before DDL freeze"
"PKG_FAD","PKG_FAD.P_DELETE_PARA_RESPONSIBILITY","Confirmed Active","FAD","DeleteLegacyParaResponsibility","DUAL","T_AU_OLD_PARAS_FAD_RESPONSIBILITY_ASSIGNED","T_CURSOR; T_AU_OLD_PARAS_FAD_RESPONSIBILITY_ASSIGNED","True","Keep within future-state module design"
"PKG_FAD","PKG_FAD.P_REFERBACK_LEGACY_PARA","Confirmed Active","FAD","ReferBackLegacyPara","AUDIT; DUAL; T_AU_REMARKS; T_AU_ERROR_LOGS","T_AU_OLD_PARAS_FAD; T_AU_DATA_VALIDATION_FAD_LOG; T_AU_ERROR_LOGS","T_CURSOR; T_AU_OLD_PARAS_FAD; T_AU_DATA_VALIDATION_FAD_LOG; T_AU_REMARKS; T_AU_ERROR_LOGS","True","Keep within future-state module design"
"PKG_FAD","PKG_FAD.P_GET_AUDITEE_PARENT_FAD","Confirmed Active","FAD","GetZonesForAnnexureAssignment","T_AUDITEE_ENTITIES; T_AUDITEE_ENTITIES_MAPING_FAD; T_AUDITEE_ENTITIES_MAPING; V_ALL_OUTASTANDING_PARAS_FAD; SYSDATE","","T_CURSOR; T_AUDITEE_ENTITIES; T_AUDITEE_ENTITIES_MAPING_FAD; T_AUDITEE_ENTITIES_MAPING; V_ALL_OUTASTANDING_PARAS_FAD","True","Keep within future-state module design"
"PKG_FAD","PKG_FAD.P_GET_AUDITEE_CHILD_FAD","Confirmed Active","FAD","GetZoneBranchesForAnnexureAssignment","T_AUDITEE_ENTITIES; T_AUDITEE_ENTITIES_MAPING_FAD; T_AUDITEE_ENTITIES_MAPING; V_ALL_OUTASTANDING_PARAS_FAD; SYSDATE","","T_CURSOR; T_AUDITEE_ENTITIES; T_AUDITEE_ENTITIES_MAPING_FAD; T_AUDITEE_ENTITIES_MAPING; V_ALL_OUTASTANDING_PARAS_FAD","True","Keep within future-state module design"
"PKG_FAD","PKG_FAD.P_GET_ALL_PARAS_FAD","Confirmed Active","FAD","GetAllParasForAnnexureAssignment","V_ALL_OUTASTANDING_PARAS_FAD; T_AUDIT_CHECKLIST_ANNEXURE; SYSDATE","","T_CURSOR; V_ALL_OUTASTANDING_PARAS_FAD; T_AUDIT_CHECKLIST_ANNEXURE","True","Keep within future-state module design"
"PKG_FAD","PKG_FAD.P_UPDATE_PARAS_ANNEX_FAD","Confirmed Active","FAD","AssignAnnexureWithPara","DUAL","T_AU_OLD_PARAS_FAD; T_AU_OBSERVATION","T_CURSOR; T_AU_OLD_PARAS_FAD; T_AU_OBSERVATION","True","Keep within future-state module design"
"PKG_FAD","PKG_FAD.P_PARA_SHIFTING","Confirmed Active","FAD","ParaShiftedTo","T_AUDITEE_ENTITIES; DUAL","T_AU_OBSERVATION; T_AU_OBSERVATION_ASSIGNEDTO; AIS_T_AU_POST_COMPLIANCE; T_AU_OLD_PARAS_FAD; T_AU_OBSERVATION_OLD_CAD_PARAS","T_CURSOR; T_AUDITEE_ENTITIES; T_AU_OBSERVATION; T_AU_OBSERVATION_ASSIGNEDTO; AIS_T_AU_POST_COMPLIANCE; T_AU_OLD_PARAS_FAD; T_AU_OBSERVATION_OLD_CAD_PARAS","True","Keep within future-state module design"
"PKG_FAD","PKG_FAD.P_GET_SETTLED_PARA_DETAILS","Confirmed Active","FAD","GetSettledParasForMonitoring","V_P_GET_SETTLED_PARA_DETAILS","","T_CURSOR; V_P_GET_SETTLED_PARA_DETAILS","True","Keep within future-state module design"
"PKG_FAD","PKG_FAD.P_GET_SETTLED_PARA_DETAILS_PARA_COMPLIANCE","Confirmed Active","FAD","GetSettledParaComplianceHistory; SaveSettledParaCompliacne","T_AU_POST_COMPLIANCE_SETTLEMETMENT_HISTORY; T_AUDITEE_ENTITIES_MAPING_FAD; T_AU_OLD_PARAS_POST_COMPLIANCE_HISTORY; V_SERVICE_EMPLOYEEINFO; T_HR_DESIGNATIONS","","T_CURSOR; T_AU_POST_COMPLIANCE_SETTLEMETMENT_HISTORY; T_AUDITEE_ENTITIES_MAPING_FAD; T_AU_OLD_PARAS_POST_COMPLIANCE_HISTORY; V_SERVICE_EMPLOYEEINFO; T_HR_DESIGNATIONS","True","Keep within future-state module design"
"PKG_FAD","PKG_FAD.P_GET_AUDIT_ENGAGEMENT","Confirmed Active","FAD","GetEngagementDetailsForFadReview","T_AU_TEAM_MEMBERS; T_AU_PLAN_ENG; T_AU_PERIOD; T_AU_PLAN; T_AU_PLAN_ENG_STATUS; T_AU_AUDIT_TEAMS; T_AUDIT_REPORTS","","T_CURSOR; T_AU_TEAM_MEMBERS; T_ID; T_AU_PLAN_ENG; T_AU_PERIOD; T_AU_PLAN; T_AU_PLAN_ENG_STATUS; T_AU_AUDIT_TEAMS; T_AUDIT_REPORTS","True","Keep within future-state module design"
"PKG_FAD","PKG_FAD.P_GET_AUDIT_GLANCE","Confirmed Active","FAD","GetAuditDetailsFAD","T_AU_OBSERVATION; T_AU_OBSERVATION_STATUS; T_RISK; T_AU_OBSERVATION_TEXT","","T_CURSOR; T_AU_OBSERVATION; T_AU_OBSERVATION_STATUS; T_RISK; T_AU_OBSERVATION_TEXT","True","Keep within future-state module design"
"PKG_FAD","PKG_FAD.P_GET_AUDIT_OBSERVTION","Confirmed Active","FAD","GetObservationDetailsForReport","T_AU_OBSERVATION; T_AU_OBSERVATION_STATUS; T_AU_OBSERVATION_ASSIGNEDTO; T_AU_OBSERVATION_TEXT; T_AUDITEE_ENTITIES; T_AUDIT_CHECKLIST_ANNEXURE; T_AUDIT_CHECKLIST_DETAILS; T_AUDIT_CHECKLIST_SUB; T_AUDIT_CHECKLIST; T_AU_OBSERVATIONS_AUDITEE_RESPONSE; T_AU_OBSERVATIONS_AUDITOR_REPLY; T_AU_OBSERVATION_FINAL_RECCOMENDATION; T_AU_OBSERVATIONS_AUDITOR_RECOMMENDATION","","T_CURSOR; T_AU_OBSERVATION; T_AU_OBSERVATION_STATUS; T_AU_OBSERVATION_ASSIGNEDTO; T_AU_OBSERVATION_TEXT; T_AUDITEE_ENTITIES; T_AUDIT_CHECKLIST_ANNEXURE; T_AUDIT_CHECKLIST_DETAILS; T_AUDIT_CHECKLIST_SUB; T_AUDIT_CHECKLIST; T_ID; T_AU_OBSERVATIONS_AUDITEE_RESPONSE; T_AU_OBSERVATIONS_AUDITOR_REPLY; T_AU_OBSERVATION_FINAL_RECCOMENDATION; T_AU_OBSERVATIONS_AUDITOR_RECOMMENDATION","True","Keep within future-state module design"
"PKG_FAD","PKG_FAD.P_GET_AUDIT_REPORT","Confirmed Active","FAD","GetAuditReportForFadReview","T_AUDIT_REPORTS","","T_CURSOR; T_AUDIT_REPORTS","True","Keep within future-state module design"
"PKG_FAD","PKG_FAD.P_GET_REFERENCE_MASTER_DETAIL","Confirmed Active","FAD","GetReferenceMasterDetail","VW_REFERENCE_MASTER_DETAIL","","","True","Keep within future-state module design"
"PKG_FAD","PKG_FAD.P_GET_MANUAL_MASTER","Confirmed Active","FAD","GetObservationManualMaster","T_MANUAL_MASTER","","T_MANUAL_MASTER","True","Keep within future-state module design"
"PKG_FAD","PKG_FAD.P_GET_MANUAL_SECTIONS","Confirmed Active","FAD","GetObservationManualSections","T_MANUAL_INDEX","","T_MANUAL_INDEX","True","Keep within future-state module design"
"PKG_FAD","PKG_FAD.P_GET_MANUAL_CHAPTERS","Confirmed Active","FAD","GetObservationManualChapters","T_MANUAL_INDEX","","T_MANUAL_INDEX","True","Keep within future-state module design"
"PKG_FAD","PKG_FAD.P_GET_MANUAL_REFERENCE_GRID","Confirmed Active","FAD","GetObservationManualReferenceGrid","VW_REFERENCE_MASTER_DETAIL","","","True","Keep within future-state module design"
"PKG_FAD","PKG_FAD.P_GET_REFERENCE_DETAIL_BY_ID","Confirmed Active","FAD","GetReferenceDetailByRefId","VW_REFERENCE_MASTER_DETAIL","","","True","Keep within future-state module design"
"PKG_FAD_RISK","PKG_FAD_RISK.P_SAVE_KPI_MAIN","Confirmed Active","FAD.Risk","P_SAVE_KPI_MAIN","","T_RISK_FAD_KPI_MAIN","V_ID; T_RISK_FAD_KPI_MAIN","True","Keep within future-state module design"
"PKG_FAD_RISK","PKG_FAD_RISK.P_SAVE_KPI_SUB","Confirmed Active","FAD.Risk","P_SAVE_KPI_SUB","","T_RISK_FAD_KPI_SUB","V_ID; V_NAME_COL; V_ACTIVE_COL; V_SQL; T_RISK_FAD_KPI_SUB","True","Keep within future-state module design"
"PKG_FAD_RISK","PKG_FAD_RISK.P_SAVE_PROCESS","Confirmed Active","FAD.Risk","P_SAVE_PROCESS","","T_RISK_FAD_PROCESS","V_ID; T_RISK_FAD_PROCESS","True","Keep within future-state module design"
"PKG_FAD_RISK","PKG_FAD_RISK.P_SAVE_SUB_PROCESS","Confirmed Active","FAD.Risk","P_SAVE_SUB_PROCESS","","T_RISK_FAD_SUB_PROCESS","V_ID; T_RISK_FAD_SUB_PROCESS","True","Keep within future-state module design"
"PKG_FAD_RISK","PKG_FAD_RISK.P_SAVE_ANNEXURE","Confirmed Active","FAD.Risk","P_SAVE_ANNEXURE","","T_RISK_FAD_ANNEXURE","V_ID; T_RISK_FAD_ANNEXURE","True","Keep within future-state module design"
"PKG_FAD_RISK","PKG_FAD_RISK.P_SAVE_SUBPROC_ANNEX","Confirmed Active","FAD.Risk","P_SAVE_SUBPROC_ANNEX","DUAL","T_RISK_FAD_SUBPROC_ANNEX; SET","T_RISK_FAD_SUBPROC_ANNEX","True","Keep within future-state module design"
"PKG_FAD_RISK","PKG_FAD_RISK.P_GET_KPI_MAIN","Confirmed Active","FAD.Risk","P_GET_KPI_MAIN","T_RISK_FAD_KPI_MAIN","","T_CURSOR; T_RISK_FAD_KPI_MAIN","True","Keep within future-state module design"
"PKG_FAD_RISK","PKG_FAD_RISK.P_GET_KPI_SUB","Confirmed Active","FAD.Risk","P_GET_KPI_SUB","T_RISK_FAD_KPI_SUB","","T_CURSOR; V_NAME_COL; V_ACTIVE_COL; V_SQL; T_RISK_FAD_KPI_SUB","True","Keep within future-state module design"
"PKG_FAD_RISK","PKG_FAD_RISK.P_GET_PROCESS","Confirmed Active","FAD.Risk","P_GET_PROCESS","T_RISK_FAD_PROCESS","","T_CURSOR; T_RISK_FAD_PROCESS","True","Keep within future-state module design"
"PKG_FAD_RISK","PKG_FAD_RISK.P_GET_SUB_PROCESS","Confirmed Active","FAD.Risk","P_GET_SUB_PROCESS","T_RISK_FAD_SUB_PROCESS","","T_CURSOR; T_RISK_FAD_SUB_PROCESS","True","Keep within future-state module design"
"PKG_FAD_RISK","PKG_FAD_RISK.P_GET_ANNEXURE","Low-Confidence / Needs Verification","FAD.Risk","P_GET_ANNEXURE","T_RISK_FAD_ANNEXURE","","T_CURSOR; T_RISK_FAD_ANNEXURE","True","Investigate before exclusion; package source not fully mapped"
"PKG_FAD_RISK","PKG_FAD_RISK.P_GET_SUBPROC_ANNEX","Confirmed Active","FAD.Risk","P_GET_SUBPROC_ANNEX","T_RISK_FAD_SUBPROC_ANNEX","","T_CURSOR; T_RISK_FAD_SUBPROC_ANNEX","True","Keep within future-state module design"
"PKG_FAD_RISK","PKG_FAD_RISK.P_GET_GRAVITY","Confirmed Active","FAD.Risk","P_GET_GRAVITY","T_RISK_FAD_GRAVITY","","T_CURSOR; V_ACTIVE_COL; V_SQL; T_RISK_FAD_GRAVITY","True","Keep within future-state module design"
"PKG_FRPT","PKG_FRPT.P_GET_REPORT_ENTITY","Confirmed Active","FRPT","GetReportEntities","T_AU_PLAN_ENG; T_AUDITEE_ENTITIES; T_AUDITEE_ENT_TYPES","","T_CURSOR; T_AU_PLAN_ENG; T_AUDITEE_ENTITIES; T_AUDITEE_ENT_TYPES","True","Keep within future-state module design"
"PKG_FRPT","PKG_FRPT.P_IS_REPORT_FINAL","Confirmed Active","FRPT","IsFieldAuditReportFinal","","","","True","Keep within future-state module design"
"PKG_FRPT","PKG_FRPT.P_GET_REPORT_OVERVIEW","Confirmed Active","FRPT","GetFieldAuditReportOverview","MAPPING; PERIOD; PLAN; T_AU_TEAM_MEMBERS; T_AU_AUDIT_TEAM_TASKLIST; T_AU_PLAN_ENG; T_FRPT_REPORT_META; T_AU_PERIOD; T_AUDITEE_ENTITIES_MAPING; DUAL","","T_CURSOR; V_ENTITY_ID; T_AU_TEAM_MEMBERS; T_ID; T_AU_AUDIT_TEAM_TASKLIST; T_AU_PLAN_ENG; T_FRPT_REPORT_META; T_AU_PERIOD; T_AUDITEE_ENTITIES_MAPING; T_FRPT_SECTION_MASTER; T_FRPT_TEXT_BLOCKS","True","Keep within future-state module design"
"PKG_FRPT","PKG_FRPT.P_GET_NARRATIVE_SECTIONS","Confirmed Active","FRPT","GetFieldAuditNarrativeSections","T_FRPT_SECTION_MASTER; T_FRPT_TEXT_BLOCKS","","T_CURSOR; T_FRPT_SECTION_MASTER; T_FRPT_TEXT_BLOCKS","True","Keep within future-state module design"
"PKG_FRPT","PKG_FRPT.P_GET_OBSERVATION_COUNT","Confirmed Active","FRPT","GetFieldAuditObservationCount","T_AU_OBSERVATION","","T_CURSOR; T_AU_OBSERVATION","True","Keep within future-state module design"
"PKG_FRPT","PKG_FRPT.P_GET_OBSERVATION_DETAILS","Confirmed Active","FRPT","GetFieldAuditObservationDetails","T_AU_OBSERVATION; T_AU_OBSERVATION_TEXT; T_AUDIT_CHECKLIST_ANNEXURE; T_RISK; T_AU_OBSERVATION_FINAL_RECCOMENDATION; T_AU_OBSERVATIONS_AUDITOR_RECOMMENDATION; T_AU_OBSERVATIONS_AUDITEE_RESPONSE; T_AU_OBSERVATIONS_AUDITOR_REPLY; T_FRPT_PARA_NARRATIVE","","T_CURSOR; T_AU_OBSERVATION; T_AU_OBSERVATION_TEXT; T_AUDIT_CHECKLIST_ANNEXURE; T_RISK; T_AU_OBSERVATION_FINAL_RECCOMENDATION; T_AU_OBSERVATIONS_AUDITOR_RECOMMENDATION; T_AU_OBSERVATIONS_AUDITEE_RESPONSE; T_AU_OBSERVATIONS_AUDITOR_REPLY; T_FRPT_PARA_NARRATIVE","True","Keep within future-state module design"
"PKG_FRPT","PKG_FRPT.P_SAVE_PARA_NARRATIVE","Low-Confidence / Needs Verification","FRPT","public","T_AU_OBSERVATION; DUAL; T_FRPT_PARA_NARRATIVE","T_FRPT_PARA_NARRATIVE; REQUIRED","V_EXISTS; V_FINALIZED; V_UPD_REQ; V_ACTION; T_AU_OBSERVATION; T_FRPT_PARA_NARRATIVE","True","Investigate before exclusion; package source not fully mapped"
"PKG_FRPT","PKG_FRPT.P_SAVE_TEXT_BLOCK","Confirmed Active","FRPT; MANRPT","SaveFieldAuditTextBlock; SaveManReportTextBlock","T_FRPT_TEXT_BLOCKS","ONE; T_FRPT_TEXT_BLOCKS","V_ID; T_FRPT_TEXT_BLOCKS; T_FRPT_KPI_SNAPSHOT","True","Keep within future-state module design"
"PKG_FRPT","PKG_FRPT.P_GET_STAFF_DESIGNATIONS","Confirmed Active","FRPT","GetStaffDesignationOptions","V_FRPT_STAFF_DESIGNATIONS","","V_FRPT_STAFF_DESIGNATIONS","True","Keep within future-state module design"
"PKG_FRPT","PKG_FRPT.P_GET_KPI_OPTIONS","Confirmed Active","FRPT","GetKpiOptions","V_FRPT_KPI_OPTIONS","","V_FRPT_KPI_OPTIONS","True","Keep within future-state module design"
"PKG_FRPT","PKG_FRPT.P_GET_NPL_CATEGORIES","Confirmed Active","FRPT","GetNplCategoryOptions","V_FRPT_NPL_CATEGORIES","","V_FRPT_NPL_CATEGORIES","True","Keep within future-state module design"
"PKG_FRPT","PKG_FRPT.P_GET_KPI_SNAPSHOT","Confirmed Active","FRPT","GetFieldAuditKpiSnapshots","T_FRPT_KPI_SNAPSHOT","","T_CURSOR; T_FRPT_KPI_SNAPSHOT","True","Keep within future-state module design"
"PKG_FRPT","PKG_FRPT.P_SAVE_KPI_SNAPSHOT","Confirmed Active","FRPT","SaveFieldAuditKpiSnapshot","T_FRPT_KPI_SNAPSHOT","T_FRPT_KPI_SNAPSHOT","V_EXIST_ID; T_FRPT_KPI_SNAPSHOT; T_FRPT_PDF_STATISTICS","True","Keep within future-state module design"
"PKG_FRPT","PKG_FRPT.P_GET_PDF_STATISTICS","Confirmed Active","FRPT; FRPT.Pdf","GetFieldAuditPdfStatistics; GetFieldAuditStatistics; GetPdfStatistics","T_AU_OBSERVATION; T_RISK","","V_VER; T_AU_OBSERVATION; T_RISK","True","Keep within future-state module design"
"PKG_FRPT","PKG_FRPT.P_SAVE_PDF_STATISTICS","Confirmed Active","FRPT","SavePdfStatistics","T_AU_PLAN_ENG; T_FRPT_PDF_STATISTICS; JSON_TABLE","T_FRPT_PDF_STATISTICS","V_VER; V_ENTITYID; V_USER_NO; T_AU_PLAN_ENG; T_FRPT_PDF_STATISTICS","True","Keep within future-state module design"
"PKG_FRPT","PKG_FRPT.P_GET_INCOME_LEAKAGE","Confirmed Active","FRPT","GetIncomeLeakage","","","","True","Keep within future-state module design"
"PKG_FRPT","PKG_FRPT.P_SAVE_INCOME_LEAKAGE","Confirmed Active","FRPT","SaveIncomeLeakage","T_AU_PLAN_ENG; T_FRPT_INCOME_LEAKAGE; JSON_TABLE","T_FRPT_INCOME_LEAKAGE","V_VER; V_ENTITYID; V_USER_NO; T_AU_PLAN_ENG; T_FRPT_INCOME_LEAKAGE","True","Keep within future-state module design"
"PKG_FRPT","PKG_FRPT.P_GET_OVERALL_CONCLUSION","Confirmed Active","FRPT","GetOverallConclusion","T_FRPT_OVERALL_CONCLUSION","","V_VER; T_FRPT_OVERALL_CONCLUSION","True","Keep within future-state module design"
"PKG_FRPT","PKG_FRPT.P_SAVE_OVERALL_CONCLUSION","Confirmed Active","FRPT","SaveOverallConclusion","T_AU_PLAN_ENG; DUAL","T_FRPT_OVERALL_CONCLUSION; SET","V_VER; V_ENTITYID; V_USER_NO; T_AU_PLAN_ENG; T_FRPT_OVERALL_CONCLUSION","True","Keep within future-state module design"
"PKG_FRPT","PKG_FRPT.P_GET_NPL_SNAPSHOT","Confirmed Active","FRPT","GetFieldAuditNplSnapshots","T_FRPT_NPL_SNAPSHOT","","T_CURSOR; T_FRPT_NPL_SNAPSHOT","True","Keep within future-state module design"
"PKG_FRPT","PKG_FRPT.P_SAVE_NPL_SNAPSHOT","Confirmed Active","FRPT","SaveFieldAuditNplSnapshot","T_FRPT_NPL_SNAPSHOT","T_FRPT_NPL_SNAPSHOT","V_ENTITY_ID; V_EXIST_ID; T_FRPT_NPL_SNAPSHOT","True","Keep within future-state module design"
"PKG_FRPT","PKG_FRPT.P_GET_STAFF_SNAPSHOT","Confirmed Active","FRPT","GetFieldAuditStaffSnapshots","T_FRPT_STAFF_SNAPSHOT","","T_FRPT_STAFF_SNAPSHOT","True","Keep within future-state module design"
"PKG_FRPT","PKG_FRPT.P_SAVE_STAFF_SNAPSHOT","Confirmed Active","FRPT","SaveFieldAuditStaffSnapshot","T_FRPT_STAFF_SNAPSHOT","T_FRPT_STAFF_SNAPSHOT","V_ENTITY_ID; V_EXIST_ID; V_PP_NO; T_FRPT_STAFF_SNAPSHOT; T_FRPT_REPORT_META","True","Keep within future-state module design"
"PKG_FRPT","PKG_FRPT.P_FINALIZE_REPORT","Confirmed Active","FRPT","FinalizeFieldAuditReport","T_FRPT_KPI_SNAPSHOT; T_FRPT_NPL_SNAPSHOT; T_FRPT_STAFF_SNAPSHOT; DUAL; T_FRPT_REPORT_META","T_FRPT_REPORT_META","T_CURSOR; V_ENTITY_ID; V_EXIST_ID; V_ENTITY_TYPE; V_KIP_EXIST; T_FRPT_KPI_SNAPSHOT; T_FRPT_NPL_SNAPSHOT; T_FRPT_STAFF_SNAPSHOT; T_FRPT_REPORT_META","True","Keep within future-state module design"
"PKG_FRPT","PKG_FRPT.P_GET_ALLOWED_PDF_ENGS","Confirmed Active","FRPT.Pdf","IsEngagementAllowedForPdf","T_FRPT_REPORT_META; T_AU_PLAN_ENG; DUAL","","V_USER_ID; T_FRPT_REPORT_META; T_AU_PLAN_ENG","True","Keep within future-state module design"
"PKG_FRPT","PKG_FRPT.P_GET_ALLOWED_PDF_ENG_DETAILS","Confirmed Active","FRPT.Pdf","GetAllowedPdfEngagementDetails","T_AU_PLAN_ENG; T_AUDITEE_ENTITIES_MAPING; T_FRPT_REPORT_META","","T_AU_PLAN_ENG; T_AUDITEE_ENTITIES_MAPING; T_FRPT_REPORT_META","True","Keep within future-state module design"
"PKG_FRPT","PKG_FRPT.P_GET_PDF_HEADER","Likely Active","FRPT.Pdf","GetFieldAuditPdfHeader","T_FRPT_REPORT_META; T_AU_PLAN_ENG; T_AU_PERIOD; T_AUDITEE_ENTITIES; T_AUDITEE_ENTITIES_MAPING","","V_VER; T_FRPT_REPORT_META; T_AU_PLAN_ENG; T_AU_PERIOD; T_AUDITEE_ENTITIES; T_AUDITEE_ENTITIES_MAPING","True","Validate before DDL freeze"
"PKG_FRPT","PKG_FRPT.P_GET_PDF_REPORT_META","Likely Active","FRPT.Pdf","GetFieldAuditPdfReportMeta","T_FRPT_REPORT_META; T_AU_PLAN_ENG; T_AU_PERIOD; T_AUDITEE_ENTITIES","","V_VER; T_FRPT_REPORT_META; T_AU_PLAN_ENG; T_AU_PERIOD; T_AUDITEE_ENTITIES","True","Validate before DDL freeze"
"PKG_FRPT","PKG_FRPT.P_GET_PDF_SECTIONS","Likely Active","FRPT.Pdf","GetFieldAuditPdfSections","T_FRPT_SECTION_MASTER; T_FRPT_TEXT_BLOCKS","","V_VER; T_FRPT_SECTION_MASTER; T_FRPT_TEXT_BLOCKS","True","Validate before DDL freeze"
"PKG_FRPT","PKG_FRPT.P_GET_PDF_KPI","Likely Active","FRPT.Pdf","GetFieldAuditPdfKpiSnapshot","T_FRPT_KPI_SNAPSHOT","","V_VER; T_FRPT_KPI_SNAPSHOT","True","Validate before DDL freeze"
"PKG_FRPT","PKG_FRPT.P_GET_PDF_NPL","Likely Active","FRPT.Pdf","GetFieldAuditPdfNplSnapshot","T_FRPT_NPL_SNAPSHOT","","V_VER; T_FRPT_NPL_SNAPSHOT","True","Validate before DDL freeze"
"PKG_FRPT","PKG_FRPT.P_GET_PDF_STAFF","Likely Active","FRPT.Pdf","GetFieldAuditPdfStaffSnapshot","T_FRPT_STAFF_SNAPSHOT","","V_VER; T_FRPT_STAFF_SNAPSHOT","True","Validate before DDL freeze"
"PKG_FRPT","PKG_FRPT.R_GETAUDITEEPARAS","Likely Active","FRPT.Pdf","GetFieldAuditPdfParas","T_AU_OBSERVATION; T_AU_OBSERVATION_TEXT; T_AUDIT_CHECKLIST_ANNEXURE; T_RISK; T_AU_OBSERVATION_FINAL_RECCOMENDATION; T_AU_OBSERVATIONS_AUDITOR_RECOMMENDATION; T_AU_OBSERVATIONS_AUDITEE_RESPONSE; T_AU_OBSERVATIONS_AUDITOR_REPLY; T_FRPT_PARA_NARRATIVE","","T_CURSOR; V_HEADER; V_DETAIL; T_AU_OBSERVATION; T_AU_OBSERVATION_TEXT; T_AUDIT_CHECKLIST_ANNEXURE; T_RISK; T_AU_OBSERVATION_FINAL_RECCOMENDATION; T_AU_OBSERVATIONS_AUDITOR_RECOMMENDATION; T_AU_OBSERVATIONS_AUDITEE_RESPONSE; T_AU_OBSERVATIONS_AUDITOR_REPLY; T_FRPT_PARA_NARRATIVE","True","Validate before DDL freeze"
"PKG_FRPT","PKG_FRPT.P_GET_PDF_INCOME_LEAKAGE","Likely Active","FRPT.Pdf","GetFieldAuditPdfIncomeLeakage","T_FRPT_INCOME_LEAKAGE","","V_VER; T_FRPT_INCOME_LEAKAGE","True","Validate before DDL freeze"
"PKG_HD","PKG_HD.P_PPNO_NAME","Confirmed Active","HD","GetUserName","V_HR_EMPLOYEE_INFO_PPNO_NDC","","T_CURSOR; V_HR_EMPLOYEE_INFO_PPNO_NDC","True","Keep within future-state module design"
"PKG_HD","PKG_HD.P_GETOLDPARASENTITYID","Confirmed Active","HD","GetZoneBranches","T_AUDITEE_ENTITIES; T_AUDITEE_ENTITIES_MAPING; V_GET_PARENT_OFFICE","","T_CURSOR; T_AUDITEE_ENTITIES; T_AUDITEE_ENTITIES_MAPING; V_GET_PARENT_OFFICE","True","Keep within future-state module design"
"PKG_HD","PKG_HD.P_GET_AUDIT_PRE_CONCLUDING","Confirmed Active","HD","GetEntityObservationDetails","DUAL; T_AU_ACTIVITY_LOG; T_AU_PLAN_DISPLAY; T_AU_PLAN_ENG; T_AU_OBSERVATION_GIST; T_AU_OBSERVATION_FINAL_RECCOMENDATION; T_AU_OBSERVATION; T_AU_OBSERVATION_TEXT; T_RISK; T_AU_OBSERVATION_STATUS","T_AU_ACTIVITY_LOG","T_CURSOR; T_AU_ACTIVITY_LOG; T_AU_PLAN_DISPLAY; T_AU_PLAN_ENG; T_AU_OBSERVATION_GIST; T_AU_OBSERVATION_FINAL_RECCOMENDATION; T_AU_OBSERVATION; T_AU_OBSERVATION_TEXT; T_RISK; T_AU_OBSERVATION_STATUS","True","Keep within future-state module design"
"PKG_HD","PKG_HD.P_GETOLDPARASFORFINALSETTLEMENT_RESPONSIBLES","Likely Active","HD","GetOldParasObservationResponsiblePPNOsUpdatedByImp","","","","False","Validate before DDL freeze"
"PKG_HD","PKG_HD.P_GETFINALIZEDDRAFTOBSERVATIONS","Confirmed Active","HD","GetFinalizedDraftObservations","T_AU_OBSERVATION; T_AU_OBSERVATION_TEXT; T_RISK; T_AU_OBSERVATION_STATUS; T_AU_PLAN_ENG; T_AU_PERIOD; T_AUDITEE_ENTITIES","","T_CURSOR; T_AU_OBSERVATION; T_AU_OBSERVATION_TEXT; T_RISK; T_AU_OBSERVATION_STATUS; T_AU_PLAN_ENG; T_AU_PERIOD; T_AUDITEE_ENTITIES","True","Keep within future-state module design"
"PKG_HD","PKG_HD.P_GETFINALIZEDDRAFTOBSERVATIONSBRANCH","Confirmed Active","HD","GetFinalizedDraftObservationsBranch","DUAL; T_AU_ACTIVITY_LOG; T_AUDITEE_ENTITIES; T_AU_PLAN_ENG; T_AU_OBSERVATION; T_AU_OBSERVATION_TEXT; T_RISK; T_AU_OBSERVATION_STATUS; T_AU_PERIOD; T_AUDIT_CHECKLIST_DETAILS; T_AUDIT_CHECKLIST_SUB; T_AUDIT_CHECKLIST; T_AU_OBSERVATIONS_AUDITOR_RESPONSE","T_AU_ACTIVITY_LOG","T_CURSOR; M_F; T_AU_ACTIVITY_LOG; T_AUDITEE_ENTITIES; T_AU_PLAN_ENG; T_AU_OBSERVATION; T_AU_OBSERVATION_TEXT; T_RISK; T_AU_OBSERVATION_STATUS; T_AU_PERIOD; T_AUDIT_CHECKLIST_DETAILS; T_AUDIT_CHECKLIST_SUB; T_AUDIT_CHECKLIST; T_ID; T_AU_OBSERVATIONS_AUDITOR_RESPONSE","True","Keep within future-state module design"
"PKG_HD","PKG_HD.P_GETOLDPARAS","Confirmed Active","HD","GetManageLegacyParas; GetOldParas","T_AU_OLD_PARAS_FAD; T_AU_OLD_PARAS_FAD_TEXT","","T_CURSOR; V_COUNT; T_AU_OLD_PARAS_FAD; T_AU_OLD_PARAS_FAD_TEXT","True","Keep within future-state module design"
"PKG_HD","PKG_HD.P_GETOLDPARASFORRESPONSE","Confirmed Active","HD","GetOldSettledParasForResponse","T_AU_OLD_PARAS_FAD; T_AU_OLD_PARAS_FAD_STATUS_CHANGE_LOG; T_AU_OBSERVATION_OLD_CAD_PARAS; T_AUDITEE_ENTITIES","","T_CURSOR; T_AU_OLD_PARAS_FAD; T_AU_OLD_PARAS_FAD_STATUS_CHANGE_LOG; T_AU_OBSERVATION_OLD_CAD_PARAS; T_AUDITEE_ENTITIES","True","Keep within future-state module design"
"PKG_HD","PKG_HD.P_GETNEWPARASFORRESPONSE","Confirmed Active","HD","GetCurrentParasForStatusChangeRequest","T_AU_OBSERVATION; T_AU_PLAN_ENG; T_AUDITEE_ENTITIES; T_AU_PERIOD; T_AU_OBSERVATION_TEXT; T_AU_OBSERVATION_STATUS; AIS_T_AU_POST_COMPLIANCE; T_AU_NEW_PARAS_STATUS_CHANGE_LOG","","T_CURSOR; T_AU_OBSERVATION; T_AU_PLAN_ENG; T_AUDITEE_ENTITIES; T_AU_PERIOD; T_AU_OBSERVATION_TEXT; T_AU_OBSERVATION_STATUS; AIS_T_AU_POST_COMPLIANCE; T_AU_NEW_PARAS_STATUS_CHANGE_LOG","True","Keep within future-state module design"
"PKG_HD","PKG_HD.P_GETNEWPARASFORRESPONSE_REVIEWER","Confirmed Active","HD","GetCurrentParasForStatusChangeRequestReview","T_AU_OBSERVATION; T_AU_PLAN_ENG; T_AUDITEE_ENTITIES; T_AU_PERIOD; T_AU_OBSERVATION_TEXT; T_AU_OBSERVATION_STATUS; T_AU_NEW_PARAS_STATUS_CHANGE_LOG","","T_CURSOR; T_AU_OBSERVATION; T_AU_PLAN_ENG; T_AUDITEE_ENTITIES; T_AU_PERIOD; T_AU_OBSERVATION_TEXT; T_AU_OBSERVATION_STATUS; T_AU_NEW_PARAS_STATUS_CHANGE_LOG","True","Keep within future-state module design"
"PKG_HD","PKG_HD.P_GETENTITIESFORNEWPARA","Likely Active","HD","GetCurrentParasEntitiesForStatusChange","T_AU_PLAN_ENG; T_AUDITEE_ENTITIES; V_GET_PARENT_OFFICE","","T_CURSOR; T_AU_PLAN_ENG; T_AUDITEE_ENTITIES; V_GET_PARENT_OFFICE","True","Validate before DDL freeze"
"PKG_HD","PKG_HD.P_UPDATEOLDPARASFADSETTLEUNSETTLE","Confirmed Active","HD","UpdateOldParasStatus","","T_AU_OLD_PARAS_FAD","T_AU_OLD_PARAS_FAD","True","Keep within future-state module design"
"PKG_HD","PKG_HD.P_GET_AUDIT_PRE_CONCLUDING_ENTITIES","Confirmed Active","HD","GetObservationEntities; GetObservationEntitiesForPreConcluding","T_AU_PLAN_ENG; T_AUDITEE_ENTITIES","","T_AU_PLAN_ENG; T_CURSOR; T_AUDITEE_ENTITIES","True","Keep within future-state module design"
"PKG_HD","PKG_HD.P_GETSETTLEDPARASFORREVIEW","Confirmed Active","HD","GetSettledPostCompliancesForMonitoring","DUAL; T_AU_AUDIT_TEAM_TASKLIST; T_AUDITEE_ENTITIES; V_GET_AIS_POST_COMPLIANCE_HO","","T_CURSOR; T_AU_AUDIT_TEAM_TASKLIST; T_AUDITEE_ENTITIES; V_GET_AIS_POST_COMPLIANCE_HO","True","Keep within future-state module design"
"PKG_HD","PKG_HD.P_GETOLDPARASFORSETTLEMENTEXT","Confirmed Active","HD","GetOldParasBranchComplianceTextForImpIncharge","","","","False","Keep within future-state module design"
"PKG_HD","PKG_HD.P_GETOLDPARASFORSETTLEMENTEXT_REFEREDACK","Confirmed Active","HD","GetOldParasReferredBackBranchComplianceTextForImpIncharge","","","","False","Keep within future-state module design"
"PKG_HD","PKG_HD.P_GETOLDPARASFORFINALSETTLEMENTEXT","Confirmed Active","HD","GetOldParasBranchComplianceTextForHeadAZ","","","","False","Keep within future-state module design"
"PKG_HD","PKG_HD.P_GETOLDPARASFORSETTLEMENT","Confirmed Active","HD","GetComplianceForImpZone; GetOldParasBranchComplianceSubmission","","","","False","Keep within future-state module design"
"PKG_HD","PKG_HD.P_GETOLDPARASFORSETTLEMENT_REF","Confirmed Active","HD","GetReferredBackParasComplianceForImpZone","","","","False","Keep within future-state module design"
"PKG_HD","PKG_HD.P_GETOLDPARASFORFINALSETTLEMENT","Confirmed Active","HD","GetOldParasForFinalSettlement","","","","False","Keep within future-state module design"
"PKG_HD","PKG_HD.P_ADDOLDPARASIMPREMARKS","Confirmed Active","HD","AddOldParasStatusUpdate","","","","False","Keep within future-state module design"
"PKG_HD","PKG_HD.P_ADDOLDPARASIMPREMARKS_PARTIAL_COMP","Confirmed Active","HD","AddOldParasStatusPartiallySettle","","","","False","Keep within future-state module design"
"PKG_HD","PKG_HD.P_ADD_PARA_RESPONSIBILITY_PARTIAL_COMP","Confirmed Active","HD","AddOldParasStatusPartiallySettle","","","","False","Keep within future-state module design"
"PKG_HD","PKG_HD.P_ADDFINALSETTLEMENT","Confirmed Active","HD","AddOldParasheadStatusUpdate","","","","False","Keep within future-state module design"
"PKG_HD","PKG_HD.P_GET_ALL_PARAS_MONITORING","Confirmed Active","HD","GetOldParasForMonitoring","AIS_T_AU_POST_COMPLIANCE; T_AUDITEE_ENTITIES; T_RISK","","T_CURSOR; AIS_T_AU_POST_COMPLIANCE; T_AUDITEE_ENTITIES; T_RISK","True","Keep within future-state module design"
"PKG_HD","PKG_HD.P_GETOLDPARASTEXT","Confirmed Active","HD","GetParaText","T_AU_OLD_PARAS_FAD_TEXT","","T_CURSOR; T_AU_OLD_PARAS_FAD_TEXT","True","Keep within future-state module design"
"PKG_HD","PKG_HD.P_GET_ALL_PARA_TEXT","Confirmed Active","HD","GetAllParaText","AIS_T_AU_POST_COMPLIANCE; T_AU_OLD_PARAS_FAD_TEXT; T_AU_OLD_PARAS_FAD; T_AU_OBSERVATION_TEXT; T_AU_OBSERVATION_OLD_CAD_PARAS_TEXT","","T_CURSOR; AIS_T_AU_POST_COMPLIANCE; T_AU_OLD_PARAS_FAD_TEXT; T_AU_OLD_PARAS_FAD; T_AU_OBSERVATION_TEXT; T_AU_OBSERVATION_OLD_CAD_PARAS_TEXT","True","Keep within future-state module design"
"PKG_HD","PKG_HD.P_PPNO_PARA","Confirmed Active","HD","GetOldParasForMonitoringPpno","AIS_T_AU_POST_COMPLIANCE; V_GET_PPNO_RESPONSIBILITY_LIST; T_AUDITEE_ENTITIES; T_AUDIT_CHECKLIST_ANNEXURE","","T_CURSOR; AIS_T_AU_POST_COMPLIANCE; V_GET_PPNO_RESPONSIBILITY_LIST; T_AUDITEE_ENTITIES; T_AUDIT_CHECKLIST_ANNEXURE","True","Keep within future-state module design"
"PKG_HD","PKG_HD.P_CHANGESTATUSREQUESTFORSETTLEDPARA","Confirmed Active","HD","AddChangeStatusRequestForSettledPara","T_AU_OLD_PARAS_FAD_STATUS_CHANGE_LOG; DUAL; T_AU_OLD_PARAS_FAD; T_AU_OBSERVATION_OLD_CAD_PARAS","T_AU_OLD_PARAS_FAD_STATUS_CHANGE_LOG; T_AU_OLD_PARAS_FAD","T_CURSOR; M_F; T_AU_OLD_PARAS_FAD_STATUS_CHANGE_LOG; T_AU_OLD_PARAS_FAD; T_AU_OBSERVATION_OLD_CAD_PARAS","True","Keep within future-state module design"
"PKG_HD","PKG_HD.P_CHANGESTATUSREQUESTFORSETTLEDPARA_NEW_REVIEWER","Confirmed Active","HD","ReviewerAddChangeStatusRequestForSettledPara","DUAL; T_AU_NEW_PARAS_STATUS_CHANGE_LOG","T_AU_NEW_PARAS_STATUS_CHANGE_LOG","T_CURSOR; T_AU_NEW_PARAS_STATUS_CHANGE_LOG","True","Keep within future-state module design"
"PKG_HD","PKG_HD.P_CHANGESTATUSREQUESTFORSETTLEDPARA_NEW","Confirmed Active","HD","AddChangeStatusRequestForCurrentPara","T_AU_ACTIVITY_LOG; T_AU_NEW_PARAS_STATUS_CHANGE_LOG; DUAL; AIS_T_AU_POST_COMPLIANCE; T_AU_OBSERVATION","T_AU_ACTIVITY_LOG; T_AU_NEW_PARAS_STATUS_CHANGE_LOG","T_CURSOR; M_F; T_AU_ACTIVITY_LOG; T_AU_NEW_PARAS_STATUS_CHANGE_LOG; AIS_T_AU_POST_COMPLIANCE; T_AU_OBSERVATION","True","Keep within future-state module design"
"PKG_HD","PKG_HD.P_GET_AUDIT_CONCLUDING_ENTITIES","Confirmed Active","HD","GetAuditConcludingEntities","T_AU_PLAN_ENG; T_AUDITEE_ENTITIES","","T_CURSOR; T_AU_PLAN_ENG; T_AUDITEE_ENTITIES","True","Keep within future-state module design"
"PKG_HD","PKG_HD.P_AUDIT_CONCLUDING","Confirmed Active","HD","ConcludeDraftAuditReport","DUAL; T_FRPT_REPORT_META; T_FRPT_KPI_SNAPSHOT; T_FRPT_NPL_SNAPSHOT; T_FRPT_STAFF_SNAPSHOT; T_AU_PLAN_ENG; T_AU_OBSERVATION; T_AU_REMARKS; T_AUDITEE_ENTITIES; T_AU_PERIOD; T_AU_OBSERVATION_TEXT; T_AUDITEE_ENT_TYPES; AIS_T_AU_POST_COMPLIANCE; T_AU_OBSERVATION_MAN; T_AU_OBSERVATION_FAD; T_AUDIT_PARA; T_AU_PLAN_ENG_LOG","AIS_T_AU_POST_COMPLIANCE; T_AU_OBSERVATION_RESPONIBILITY_ASSIGNED; T_AU_OBSERVATION_MAN; T_AUDIT_PARA; T_AU_AUDIT_JOINING; T_AU_AUDIT_TEAM_TASKLIST; T_AU_PLAN_ENG; T_AU_PLAN_ENG_LOG","T_AU_PLAN_ENG; T_CURSOR; V_F; T_Y; V_COM_ID; AIS_T_AU_POST_COMPLIANCE; V_ENTITY_TYPE; V_KIP_EXIST; T_FRPT_REPORT_META; T_FRPT_KPI_SNAPSHOT; T_FRPT_NPL_SNAPSHOT; T_FRPT_STAFF_SNAPSHOT; T_AU_OBSERVATION; T_AU_REMARKS; T_AUDITEE_ENTITIES; T_AU_PERIOD; T_AU_OBSERVATION_TEXT; T_AUDITEE_ENT_TYPES; T_AU_OBSERVATION_RESPONIBILITY_ASSIGNED; T_AU_OBSERVATION_MAN; T_AU_OBSERVATION_FAD; T_AUDIT_PARA; T_AU_AUDIT_JOINING; T_AU_AUDIT_TEAM_TASKLIST; T_AU_PLAN_ENG_LOG","True","Keep within future-state module design"
"PKG_HD","PKG_HD.P_AUDIT_PRE_SUBMISSION","Confirmed Active","HD","SubmitPreConcluding","DUAL; T_AU_ACTIVITY_LOG; T_AU_OBSERVATION; T_AU_PLAN_ENG; T_AU_OBSERVATION_GIST; T_AU_PLAN_ENG_LOG","T_AU_ACTIVITY_LOG; T_AU_PLAN_ENG; T_AU_PLAN_ENG_LOG","T_AU_PLAN_ENG; T_CURSOR; T_AU_ACTIVITY_LOG; T_AU_OBSERVATION; T_AU_OBSERVATION_GIST; T_AU_PLAN_ENG_LOG","True","Keep within future-state module design"
"PKG_HD","PKG_HD.P_AUDIT_PARA_UPDATE_SVZ_AZ","Confirmed Active","HD","UpdateAuditParaForFinalization","DUAL","T_AU_OBSERVATION; T_AU_OBSERVATION_TEXT","T_CURSOR; T_AU_OBSERVATION; T_AU_OBSERVATION_TEXT","True","Keep within future-state module design"
"PKG_HD","PKG_HD.P_AUDIT_PARA_UPDATE_HEAD_DEPT","Confirmed Active","HD","UpdateAuditParaForFinalizationHO","DUAL","T_AU_OBSERVATION; T_AU_OBSERVATION_TEXT","V_ID; V_NATUREID; T_CURSOR; T_AU_OBSERVATION; V_CAT_ID; V_CAT_NATURE_ID; T_AU_OBSERVATION_TEXT","True","Keep within future-state module design"
"PKG_HD","PKG_HD.P_GETAUDITENTITIESTYPE","Likely Active","HD","GetAuditeeEntitiesType","T_AUDITEE_ENT_TYPES; V_GET_PARENT_OFFICE","","T_CURSOR; T_AUDITEE_ENT_TYPES; V_GET_PARENT_OFFICE","True","Validate before DDL freeze"
"PKG_HD","PKG_HD.P_GETAUDITENTITIES","Confirmed Active","HD","GetAuditEntitiesByTypeId","T_AUDITEE_ENTITIES","","T_CURSOR; T_AUDITEE_ENTITIES","True","Keep within future-state module design"
"PKG_HD","PKG_HD.P_GETAUDITYEAR","Likely Active","HD","GetAuditYearForAddLegacyPara","T_AU_OLD_AUDIT_PERIOD","","T_CURSOR; T_AU_OLD_AUDIT_PERIOD","True","Validate before DDL freeze"
"PKG_HD","PKG_HD.P_GETAUDITNATURE","Confirmed Active","HD","GetAuditNatureForAddLegacyPara","T_AU_OLD_AUDIT_NATURE","","T_CURSOR; T_AU_OLD_AUDIT_NATURE","True","Keep within future-state module design"
"PKG_HD","PKG_HD.P_ADD_LEGACY_PARA","Confirmed Active","HD","AddNewLegacyPara","T_AU_OBSERVATION_OLD_CAD_PARAS; DUAL; T_AU_OLD_PARAS_FAD; T_AU_ERROR_LOGS","T_AU_OBSERVATION_OLD_CAD_PARAS; T_AU_OLD_PARAS_FAD; T_AU_ERROR_LOGS","T_CURSOR; T_AU_OBSERVATION_OLD_CAD_PARAS; T_AU_OLD_PARAS_FAD; T_AU_ERROR_LOGS","True","Keep within future-state module design"
"PKG_HD","PKG_HD.P_GET_LEGACY_PARA_TO_AUTHORIZE","Confirmed Active","HD","GetAddedLegacyParaForAuthorize","T_AU_OBSERVATION_OLD_CAD_PARAS; T_AUDITEE_ENTITIES; T_AU_OLD_PARAS_FAD; T_AU_OLD_AUDIT_NATURE; T_AU_OLD_AUDIT_PERIOD","","T_CURSOR; T_AU_OBSERVATION_OLD_CAD_PARAS; T_AUDITEE_ENTITIES; T_AU_OLD_PARAS_FAD; T_AU_OLD_AUDIT_NATURE; T_AU_OLD_AUDIT_PERIOD","True","Keep within future-state module design"
"PKG_HD","PKG_HD.P_AUTHORIZE_LEGACY_PARA_ADDITION","Confirmed Active","HD","AuthorizeLegacyParaAddition","DUAL; T_AU_ERROR_LOGS","T_AU_OBSERVATION_OLD_CAD_PARAS; T_AU_OLD_PARAS_FAD; T_AU_ERROR_LOGS","T_CURSOR; T_AU_OBSERVATION_OLD_CAD_PARAS; T_AU_OLD_PARAS_FAD; T_AU_ERROR_LOGS","True","Keep within future-state module design"
"PKG_HD","PKG_HD.P_REFEREDBACK_DEL_PARA","Confirmed Active","HD","DeleteLegacyParaAdditionRequest","T_AU_OBSERVATION_OLD_CAD_PARAS; T_AU_OLD_PARAS_FAD; DUAL; T_AU_ERROR_LOGS","T_AU_OBSERVATION_OLD_CAD_PARAS; T_AU_OLD_PARAS_FAD; T_AU_ERROR_LOGS","T_CURSOR; T_AU_OBSERVATION_OLD_CAD_PARAS; T_AU_OLD_PARAS_FAD; T_AU_ERROR_LOGS","True","Keep within future-state module design"
"PKG_HD","PKG_HD.P_GETNEWPARASTEXT","Low-Confidence / Needs Verification","HD","GetNewParaText","T_AU_OBSERVATION_TEXT","","T_CURSOR; T_AU_OBSERVATION_TEXT","True","Investigate before exclusion; package source not fully mapped"
"PKG_HD","PKG_HD.P_ADD_DUPLICATE_PARAS","Confirmed Active","HD","RequestDeleteDuplicatePara","T_AU_OBSERVATION_FAD; T_AUDITEE_ENTITIES; DUAL; T_AU_DUPLICATE_PARAS","T_AU_DUPLICATE_PARAS","T_CURSOR; T_AU_OBSERVATION_FAD; T_AUDITEE_ENTITIES; T_AU_DUPLICATE_PARAS","True","Keep within future-state module design"
"PKG_HD","PKG_HD.P_GET_DUPLICATE_PARAS_ENT_FOR_AUTH","Likely Active","HD","GetDuplicateParasAuthorizationEntityList","DUAL; T_AUDITEE_ENTITIES; T_AU_DUPLICATE_PARAS","","T_CURSOR; T_AUDITEE_ENTITIES; T_AU_DUPLICATE_PARAS","True","Validate before DDL freeze"
"PKG_HD","PKG_HD.P_GET_DUPLICATE_PARAS_FOR_AUTH","Confirmed Active","HD","GetDuplicateParasForAuthorization","DUAL; T_AU_DUPLICATE_PARAS; T_AUDITEE_ENTITIES","","T_CURSOR; T_AU_DUPLICATE_PARAS; T_AUDITEE_ENTITIES","True","Keep within future-state module design"
"PKG_HD","PKG_HD.P_REJECT_DUPLICATE_PARAS","Confirmed Active","HD","RejectDeleteDuplicatePara","DUAL","T_AU_DUPLICATE_PARAS","T_CURSOR; T_AU_DUPLICATE_PARAS","True","Keep within future-state module design"
"PKG_HD","PKG_HD.P_AUTH_DUPLICATE_PARAS","Confirmed Active","HD","AuthDeleteDuplicatePara","T_AU_DUPLICATE_PARAS; DUAL","T_AU_DUPLICATE_PARAS; T_AU_OLD_PARAS_FAD; T_AU_OBSERVATION; T_AU_OBSERVATION_OLD_CAD_PARAS; AIS_T_AU_POST_COMPLIANCE","T_CURSOR; T_AU_DUPLICATE_PARAS; T_AU_OLD_PARAS_FAD; T_AU_OBSERVATION; T_AU_OBSERVATION_OLD_CAD_PARAS; AIS_T_AU_POST_COMPLIANCE","True","Keep within future-state module design"
"PKG_HD","PKG_HD.P_GET_OBSERVATION_DETAILS_FROM_ID","Confirmed Active","HD","GetObservationDetailsById","DUAL; T_AU_OBSERVATION; T_AUDIT_CHECKLIST_ANNEXURE; T_AUDIT_CHECKLIST_DETAILS; T_AUDIT_CHECKLIST_SUB; T_AUDIT_CHECKLIST; T_RISK; T_AU_OBSERVATION_TEXT; T_AU_OBSERVATIONS_AUDITEE_RESPONSE; T_AU_OBSERVATIONS_AUDITOR_RECOMMENDATION; T_AU_DSA","","T_CURSOR; T_ID; T_AU_OBSERVATION; T_AUDIT_CHECKLIST_ANNEXURE; T_AUDIT_CHECKLIST_DETAILS; T_AUDIT_CHECKLIST_SUB; T_AUDIT_CHECKLIST; T_RISK; T_AU_OBSERVATION_TEXT; T_AU_OBSERVATIONS_AUDITEE_RESPONSE; T_AU_OBSERVATIONS_AUDITOR_RECOMMENDATION; T_AU_DSA","True","Keep within future-state module design"
"PKG_HD","PKG_HD.P_GET_OBSERVATION_DETAILS_FROM_ID_HO","Confirmed Active","HD","GetObservationDetailsByIdHO","DUAL; T_AU_OBSERVATION; T_RISK; T_AU_OBSERVATION_TEXT; T_AU_OBSERVATIONS_AUDITEE_RESPONSE; T_AU_OBSERVATIONS_AUDITOR_RECOMMENDATION; T_CONTROL_VIOLATION_SUB; T_CONTROL_VIOLATION","","T_CURSOR; T_AU_OBSERVATION; T_RISK; T_AU_OBSERVATION_TEXT; T_AU_OBSERVATIONS_AUDITEE_RESPONSE; T_AU_OBSERVATIONS_AUDITOR_RECOMMENDATION; T_CONTROL_VIOLATION_SUB; V_CAT_NATURE_ID; T_CONTROL_VIOLATION; V_CAT_ID","True","Keep within future-state module design"
"PKG_HD","PKG_HD.P_GET_OBSERVATION_DETAILS_FROM_ID_PRE_CON","Confirmed Active","HD","GetObservationDetailsByIdForPreConcluding","DUAL; T_AU_OBSERVATION; T_AUDIT_CHECKLIST_ANNEXURE; T_AUDIT_CHECKLIST_DETAILS; T_AUDIT_CHECKLIST_SUB; T_AUDIT_CHECKLIST; T_RISK; T_AU_OBSERVATION_TEXT; T_AU_OBSERVATIONS_AUDITEE_RESPONSE; T_AU_OBSERVATIONS_AUDITOR_RECOMMENDATION; T_AU_OBSERVATIONS_AUDITOR_REPLY; T_AU_OBSERVATION_FINAL_RECCOMENDATION; T_AU_OBSERVATION_GIST","","T_CURSOR; T_ID; T_AU_OBSERVATION; T_AUDIT_CHECKLIST_ANNEXURE; T_AUDIT_CHECKLIST_DETAILS; T_AUDIT_CHECKLIST_SUB; T_AUDIT_CHECKLIST; T_RISK; T_AU_OBSERVATION_TEXT; T_AU_OBSERVATIONS_AUDITEE_RESPONSE; T_AU_OBSERVATIONS_AUDITOR_RECOMMENDATION; T_AU_OBSERVATIONS_AUDITOR_REPLY; T_AU_OBSERVATION_FINAL_RECCOMENDATION; T_AU_OBSERVATION_GIST","True","Keep within future-state module design"
"PKG_HD","PKG_HD.P_GET_OBSERVATION_DETAILS_FROM_ID_PRE_CON_HO","Confirmed Active","HD","GetObservationDetailsByIdForPreConcludingHO","DUAL; T_AU_OBSERVATION; T_RISK; T_AU_OBSERVATION_TEXT; T_AU_OBSERVATIONS_AUDITEE_RESPONSE; T_AU_OBSERVATIONS_AUDITOR_RECOMMENDATION; T_AU_OBSERVATIONS_AUDITOR_REPLY; T_AU_OBSERVATION_FINAL_RECCOMENDATION; T_AU_OBSERVATION_GIST","","T_CURSOR; V_CAT_ID; T_ID; V_CAT_NATURE_ID; T_AU_OBSERVATION; T_RISK; T_AU_OBSERVATION_TEXT; T_AU_OBSERVATIONS_AUDITEE_RESPONSE; T_AU_OBSERVATIONS_AUDITOR_RECOMMENDATION; T_AU_OBSERVATIONS_AUDITOR_REPLY; T_AU_OBSERVATION_FINAL_RECCOMENDATION; T_AU_OBSERVATION_GIST","True","Keep within future-state module design"
"PKG_HD","PKG_HD.P_UPLOAD_AUDIT_REPORT","Confirmed Active","HD","UploadAuditReport","DUAL; T_AUDIT_REPORTS","T_AUDIT_REPORTS; OPEN","T_CURSOR; V_EXISTS; T_AUDIT_REPORTS","True","Keep within future-state module design"
"PKG_HD","PKG_HD.P_GET_FINAL_AUDIT_REPORT","Confirmed Active","HD","GetAuditReports","DUAL; T_AUDIT_REPORTS; T_AU_PLAN_ENG; T_AU_PERIOD; T_AUDITEE_ENTITIES","","T_CURSOR; T_AUDIT_REPORTS; T_AU_PLAN_ENG; T_AU_PERIOD; T_AUDITEE_ENTITIES","True","Keep within future-state module design"
"PKG_HD","PKG_HD.P_GET_AUDIT_REPORT_CONTENT","Confirmed Active","HD","GetAuditReportContent","DUAL; T_AUDIT_REPORTS","","T_CURSOR; T_AUDIT_REPORTS","True","Keep within future-state module design"
"PKG_HD","PKG_HD.P_GET_CHECK_AUDIT_REPORT_UPLOADED","Confirmed Active","HD","GetCheckAuditReportExisits","DUAL; T_AUDIT_REPORTS","","T_CURSOR; T_AUDIT_REPORTS","True","Keep within future-state module design"
"PKG_HD","PKG_HD.P_GET_PARAS_FOR_STATUS_CHANGE","Confirmed Active","HD","GetParasForStatusChange","AIS_T_AU_POST_COMPLIANCE; T_RISK; T_AU_PARAS_STATUS_CHANGE_LOG","","T_CURSOR; AIS_T_AU_POST_COMPLIANCE; T_RISK; T_AU_PARAS_STATUS_CHANGE_LOG","True","Keep within future-state module design"
"PKG_HD","PKG_HD.P_ADD_PARAS_FOR_STATUS_CHANGE","Confirmed Active","HD","AddChangeStatusRequestForPara","AIS_T_AU_POST_COMPLIANCE; DUAL; T_AU_PARAS_STATUS_CHANGE_LOG","T_AU_PARAS_STATUS_CHANGE_LOG","T_CURSOR; M_F; V_EXISTS; AIS_T_AU_POST_COMPLIANCE; T_AU_PARAS_STATUS_CHANGE_LOG","True","Keep within future-state module design"
"PKG_HD","PKG_HD.P_GET_PARAS_FOR_STATUS_CHANGE_FOR_AUTHORIZE","Confirmed Active","HD","GetParasForStatusChangeToAuthorize","AIS_T_AU_POST_COMPLIANCE; T_RISK; T_AU_PARAS_STATUS_CHANGE_LOG","","T_CURSOR; AIS_T_AU_POST_COMPLIANCE; T_RISK; T_AU_PARAS_STATUS_CHANGE_LOG","True","Keep within future-state module design"
"PKG_HD","PKG_HD.P_AUTHORIZE_PARAS_FOR_STATUS","Confirmed Active","HD","AuthorizeChangeStatusRequestForPara","T_AU_PARAS_STATUS_CHANGE_LOG; DUAL; AIS_T_AU_POST_COMPLIANCE; FRONTEND","PARA; T_AU_OBSERVATION; T_AU_OLD_PARAS_FAD; T_AU_OBSERVATION_OLD_CAD_PARAS; AIS_T_AU_POST_COMPLIANCE; CHANGE; T_AU_PARAS_STATUS_CHANGE_LOG","T_CURSOR; T_AU_PARAS_STATUS_CHANGE_LOG; T_AU_OBSERVATION; T_AU_OLD_PARAS_FAD; T_AU_OBSERVATION_OLD_CAD_PARAS; AIS_T_AU_POST_COMPLIANCE","True","Keep within future-state module design"
"PKG_HD","PKG_HD.P_GET_BACKOFFICEDASHBOARDENGAGEMENTS","Confirmed Active","HD","GetBackOfficeDashboardEngagements","T_AU_PLAN_ENG; T_AUDITEE_ENTITIES","","T_CURSOR; T_AU_PLAN_ENG; T_AUDITEE_ENTITIES","True","Keep within future-state module design"
"PKG_HD","PKG_HD.P_ADDOLDPARAS","Confirmed Active","HD","AddOldParas","","T_AU_OLD_PARAS_FAD; T_AU_OLD_PARAS_FAD_TEXT","T_AU_OLD_PARAS_FAD; T_AU_OLD_PARAS_FAD_TEXT","True","Keep within future-state module design"
"PKG_AIS","PKG_AIS.P_ADDOLDPARASRESPONSIBILITYASSIGNED","Confirmed Active","HD","AddOldParas","","","","False","Keep within future-state module design"
"PKG_INQ","PKG_INQ.P_CREATE_COMPLAINT_HDR","Low-Confidence / Needs Verification","IID","public","","T_AU_IID_COMPLAINT_HDR","V_COMPLAINT_NO; T_AU_IID_COMPLAINT_HDR","True","Investigate before exclusion; package source not fully mapped"
"PKG_INQ","PKG_INQ.P_SAVE_COMPLAINT_IAID","Likely Active","IID","SaveComplaintIAID","T_AU_IID_COMPLAINANT","PRIMARY; VIA","T_AU_IID_COMPLAINANT","True","Validate before DDL freeze"
"PKG_INQ","PKG_INQ.P_SAVE_FFR_P1","Confirmed Active","IID","SaveFFRPart1","","","","False","Keep within future-state module design"
"PKG_INQ","PKG_INQ.P_SAVE_FFR_P2","Confirmed Active","IID","SaveFFRPart2","","","","False","Keep within future-state module design"
"PKG_INQ","PKG_INQ.P_SAVE_FFR_P3","Confirmed Active","IID","SaveFFRPart3","","","","False","Keep within future-state module design"
"PKG_INQ","PKG_INQ.P_GET_COMPLAINT_HDR","Low-Confidence / Needs Verification","IID","GetComplaintHeader","T_AU_IID_COMPLAINT_HDR","","T_CURSOR; T_AU_IID_COMPLAINT_HDR","True","Investigate before exclusion; package source not fully mapped"
"PKG_INQ","PKG_INQ.P_GET_FFR_P1","Confirmed Active","IID","GetFFRPart1","","","","False","Keep within future-state module design"
"PKG_INQ","PKG_INQ.P_GET_FFR_P2","Confirmed Active","IID","GetFFRPart2","","","","False","Keep within future-state module design"
"PKG_INQ","PKG_INQ.P_GET_FFR_P3","Confirmed Active","IID","GetFFRPart3","","","","False","Keep within future-state module design"
"PKG_INQ","PKG_INQ.GET_COMPLAINTS","Confirmed Active","IID","GetComplaintsByUser","T_USER_MAPING; T_AU_IID_COMPLAINT_HDR; T_AU_IID_COMPLAINT_IAID; T_AU_IID_COMPLAINANT; T_AUDITEE_ENTITIES","","T_CURSOR; T_USER_MAPING; T_AU_IID_COMPLAINT_HDR; T_AU_IID_COMPLAINT_IAID; T_AU_IID_COMPLAINANT; T_AUDITEE_ENTITIES","True","Keep within future-state module design"
"PKG_INQ","PKG_INQ.GET_COMPLAINTS_WITHOUT_ASSESSMENT","Confirmed Active","IID","Get_Complaints_Without_Assessment","T_AU_IID_COMPLAINT_HDR; T_AU_IID_COMPLAINT_IAID; T_AU_IID_ASSESSMENT","","T_CURSOR; T_AU_IID_COMPLAINT_HDR; T_AU_IID_COMPLAINT_IAID; T_AU_IID_ASSESSMENT","True","Keep within future-state module design"
"PKG_INQ","PKG_INQ.GET_COMPLAINTS_DD","Confirmed Active","IID; IID.Pdf","GetComplaintsDropdown; IsComplaintAllowedForIidPdf","T_AU_IID_COMPLAINT_HDR; T_AU_IID_COMPLAINT_IAID; T_AU_IID_COMPLAINANT; T_AU_IID_STATUS_MST","","T_CURSOR; T_AU_IID_COMPLAINT_HDR; T_AU_IID_COMPLAINT_IAID; T_AU_IID_COMPLAINANT; T_AU_IID_STATUS_MST","True","Keep within future-state module design"
"PKG_INQ","PKG_INQ.P_GETINSPECTIONUNITS","Confirmed Active","IID","GetInspectionUnits","T_AUDITEE_ENTITIES","","T_CURSOR; T_AUDITEE_ENTITIES","True","Keep within future-state module design"
"PKG_INQ","PKG_INQ.GET_COMPLAINT","Confirmed Active","IID","GetComplaint","T_AUDITEE_ENTITIES; T_AU_IID_COMPLAINT_HDR; T_AU_IID_COMPLAINT_IAID; T_AU_IID_COMPLAINANT; T_AU_IID_ASSESSMENT","","T_CURSOR; T_AUDITEE_ENTITIES; T_AU_IID_COMPLAINT_HDR; T_AU_IID_COMPLAINT_IAID; T_AU_IID_COMPLAINANT; T_AU_IID_ASSESSMENT","True","Keep within future-state module design"
"PKG_INQ","PKG_INQ.ADD_ASSESSMENT","Confirmed Active","IID","AddAssessment","DUAL","T_AU_IID_ASSESSMENT; T_AU_IID_COMPLAINT_HDR","T_AU_IID_ASSESSMENT; T_AU_IID_COMPLAINT_HDR","True","Keep within future-state module design"
"PKG_INQ","PKG_INQ.ADD_HEAD_REVIEW","Confirmed Active","IID","AddHeadReview","T_AU_IID_HEAD_REVIEW; DUAL","T_AU_IID_HEAD_REVIEW; SET; HEADER; T_AU_IID_COMPLAINT_HDR","T_AU_IID_HEAD_REVIEW; T_AU_IID_COMPLAINT_HDR","True","Keep within future-state module design"
"PKG_INQ","PKG_INQ.ADD_INV_PLAN","Confirmed Active","IID","AddInvestigationPlan","T_AU_IID_INV_PLAN; DUAL","T_AU_IID_INV_PLAN; SET; T_AU_IID_COMPLAINT_HDR","T_AU_IID_INV_PLAN; T_AU_IID_COMPLAINT_HDR","True","Keep within future-state module design"
"PKG_INQ","PKG_INQ.GET_IID_TASK_LIST","Confirmed Active","IID","GetIidTaskList","T_AU_IID_REPORT; T_AU_IID_COMPLAINT_HDR; T_AU_IID_COMPLAINT_IAID; T_AU_IID_COMPLAINANT; T_AU_IID_ASSESSMENT; T_AU_IID_HEAD_REVIEW; T_AU_IID_INV_PLAN; T_AU_IID_HEAD_PLAN_APPROVAL","","T_CURSOR; T_AU_IID_REPORT; T_AU_IID_COMPLAINT_HDR; T_AU_IID_COMPLAINT_IAID; T_AU_IID_COMPLAINANT; T_AU_IID_ASSESSMENT; T_AU_IID_HEAD_REVIEW; T_AU_IID_INV_PLAN; T_AU_IID_HEAD_PLAN_APPROVAL","True","Keep within future-state module design"
"PKG_INQ","PKG_INQ.P_ENQUEUE_EMAIL","Confirmed Active","IID","EnqueueEmail","","","","False","Keep within future-state module design"
"PKG_INQ","PKG_INQ.P_GET_EMAIL_QUEUE","Low-Confidence / Needs Verification","IID","GetEmailQueue","","","","False","Investigate before exclusion; package source not fully mapped"
"PKG_INQ","PKG_INQ.P_MARK_EMAIL_SENT","Low-Confidence / Needs Verification","IID","MarkEmailSent","","","","False","Investigate before exclusion; package source not fully mapped"
"PKG_INQ","PKG_INQ.P_MARK_EMAIL_FAILED","Low-Confidence / Needs Verification","IID","MarkEmailFailed","","","","False","Investigate before exclusion; package source not fully mapped"
"PKG_INQ","PKG_INQ.P_GET_COMPLAINT_ID_BY_PLAN","Confirmed Active","IID","GetComplaintIdByPlanId","T_AU_IID_INV_PLAN","","T_AU_IID_INV_PLAN","True","Keep within future-state module design"
"PKG_INQ","PKG_INQ.P_GET_COMPLAINT_ID_BY_REPORT","Confirmed Active","IID","GetComplaintIdByReportId","T_AU_IID_REPORT","","T_AU_IID_REPORT; T_AU_IID_INQUIRY_REPORT","True","Keep within future-state module design"
"PKG_INQ","PKG_INQ.GET_INV_PLAN","Confirmed Active","IID","GetIidPlanDetails","T_AU_IID_INV_PLAN","","T_CURSOR; T_AU_IID_INV_PLAN","True","Keep within future-state module design"
"PKG_INQ","PKG_INQ.GET_LATEST_PLAN_BY_COMPLAINT","Confirmed Active","IID","GetLatestPlanByComplaintId","T_AU_IID_INV_PLAN","","T_CURSOR; T_AU_IID_INV_PLAN","True","Keep within future-state module design"
"PKG_INQ","PKG_INQ.GET_LATEST_INQUIRY_REPORT_BY_COMPLAINT","Confirmed Active","IID","GetLatestInquiryReportByComplaintId","T_AU_IID_INQ_ACCUSED_LIST; COMPLAINT; STATEMENTS; T_AU_IID_INQ_STATEMENTS; T_AU_IID_INQ_RECORD_SCRUTINIZED; T_AU_IID_INQ_FIND_RECOMM; T_AU_IID_INQ_ACCUSATIONS; T_AU_IID_INQ_EVIDENCE_FILES; T_AU_IID_INQ_DSA; T_AU_IID_COMPLAINT_IAID; T_AU_IID_COMPLAINANT","","T_AU_IID_INQ_ACCUSED_LIST; T_AU_IID_INQ_STATEMENTS; T_AU_IID_INQ_RECORD_SCRUTINIZED; T_AU_IID_INQ_FIND_RECOMM; T_AU_IID_INQ_ACCUSATIONS; T_AU_IID_INQ_EVIDENCE_FILES; T_AU_IID_INQ_DSA; T_AU_IID_COMPLAINT_IAID; T_AU_IID_COMPLAINANT","True","Keep within future-state module design"
"PKG_INQ","PKG_INQ.ADD_PLAN_APPROVAL","Confirmed Active","IID","AddPlanApproval","T_AU_IID_HEAD_PLAN_APPROVAL; DUAL; T_AU_IID_INV_PLAN","T_AU_IID_HEAD_PLAN_APPROVAL; SET; T_AU_IID_COMPLAINT_HDR","T_AU_IID_HEAD_PLAN_APPROVAL; T_AU_IID_INV_PLAN; T_AU_IID_COMPLAINT_HDR","True","Keep within future-state module design"
"PKG_INQ","PKG_INQ.ADD_INQUIRY_REPORT","Confirmed Active","IID","AddInquiryReport","DUAL","T_AU_IID_REPORT","T_AU_IID_REPORT","True","Keep within future-state module design"
"PKG_INQ","PKG_INQ.ADD_ANALYSIS","Confirmed Active","IID","AddAnalysis","T_AU_IID_ANALYSIS; DUAL; T_AU_IID_REPORT","T_AU_IID_ANALYSIS; SET; SELECT","T_AU_IID_ANALYSIS; T_AU_IID_REPORT","True","Keep within future-state module design"
"PKG_INQ","PKG_INQ.ADD_FINAL_APPROVAL","Low-Confidence / Needs Verification","IID","SaveFinalApprovalRecord","DUAL; T_AU_IID_REPORT","T_AU_IID_FINAL_APPROVAL","T_AU_IID_FINAL_APPROVAL; T_AU_IID_REPORT","True","Investigate before exclusion; package source not fully mapped"
"PKG_INQ","PKG_INQ.GET_INQUIRY_REPORT","Confirmed Active","IID","GetInquiryReportFiles","T_AU_IID_REPORT","","T_CURSOR; T_AU_IID_REPORT","True","Keep within future-state module design"
"PKG_INQ","PKG_INQ.ADD_CASE_STUDY","Confirmed Active","IID","AddCaseStudy","DUAL","T_AU_IID_CASE_STUDY","T_AU_IID_CASE_STUDY","True","Keep within future-state module design"
"PKG_INQ","PKG_INQ.P_GET_INQ_ACCUSATIONS","Confirmed Active","IID","GetIidAccusationsForFindings; GetIidInqAccusationsByComplaintId","T_AU_IID_INQ_ACCUSATIONS","","T_CURSOR; T_AU_IID_INQ_ACCUSATIONS","True","Keep within future-state module design"
"PKG_INQ","PKG_INQ.P_ADD_INQ_ACCUSATION","Confirmed Active","IID","AddIidInqAccusation","","T_AU_IID_INQ_ACCUSATIONS","T_CURSOR; V_ID; T_AU_IID_INQ_ACCUSATIONS","True","Keep within future-state module design"
"PKG_INQ","PKG_INQ.P_UPDATE_INQ_ACCUSATION","Confirmed Active","IID","UpdateIidInqAccusation","","T_AU_IID_INQ_ACCUSATIONS; ACCUSATION","T_CURSOR; V_CNT; T_AU_IID_INQ_ACCUSATIONS","True","Keep within future-state module design"
"PKG_INQ","PKG_INQ.P_DELETE_INQ_ACCUSATION","Confirmed Active","IID","DeleteIidInqAccusation","","T_AU_IID_INQ_ACCUSATIONS","T_CURSOR; V_CNT; T_AU_IID_INQ_ACCUSATIONS","True","Keep within future-state module design"
"PKG_INQ","PKG_INQ.GET_EMPLOYEE_INFO","Confirmed Active","IID","GetIidEmployeeInfo","V_GET_IID_EMPLOYEE_INFO","","T_CURSOR; V_GET_IID_EMPLOYEE_INFO","True","Keep within future-state module design"
"PKG_INQ","PKG_INQ.P_GET_INQ_ACCUSED_LIST","Confirmed Active","IID","GetIidInqAccusedListByComplaintId","T_AU_IID_INQ_ACCUSED_LIST","","T_CURSOR; T_AU_IID_INQ_ACCUSED_LIST","True","Keep within future-state module design"
"PKG_INQ","PKG_INQ.P_ADD_INQ_ACCUSED","Confirmed Active","IID","AddIidInqAccused","","T_AU_IID_INQ_ACCUSED_LIST","T_CURSOR; V_ID; T_AU_IID_INQ_ACCUSED_LIST","True","Keep within future-state module design"
"PKG_INQ","PKG_INQ.P_UPDATE_INQ_ACCUSED","Confirmed Active","IID","UpdateIidInqAccused","","T_AU_IID_INQ_ACCUSED_LIST; ACCUSED","T_CURSOR; V_CNT; T_AU_IID_INQ_ACCUSED_LIST","True","Keep within future-state module design"
"PKG_INQ","PKG_INQ.P_DELETE_INQ_ACCUSED","Confirmed Active","IID","DeleteIidInqAccused","","T_AU_IID_INQ_ACCUSED_LIST","T_CURSOR; V_CNT; T_AU_IID_INQ_ACCUSED_LIST","True","Keep within future-state module design"
"PKG_INQ","PKG_INQ.P_GET_INQ_RECORDS","Confirmed Active","IID","GetIidInqRecordsByComplaintId","T_AU_IID_INQ_RECORD_SCRUTINIZED","","T_CURSOR; T_AU_IID_INQ_RECORD_SCRUTINIZED","True","Keep within future-state module design"
"PKG_INQ","PKG_INQ.P_ADD_INQ_RECORD","Confirmed Active","IID","AddIidInqRecord","","T_AU_IID_INQ_RECORD_SCRUTINIZED","T_CURSOR; V_ID; T_AU_IID_INQ_RECORD_SCRUTINIZED","True","Keep within future-state module design"
"PKG_INQ","PKG_INQ.P_UPDATE_INQ_RECORD","Confirmed Active","IID","UpdateIidInqRecord","","T_AU_IID_INQ_RECORD_SCRUTINIZED; RECORD","T_CURSOR; V_CNT; T_AU_IID_INQ_RECORD_SCRUTINIZED","True","Keep within future-state module design"
"PKG_INQ","PKG_INQ.P_DELETE_INQ_RECORD","Confirmed Active","IID","DeleteIidInqRecord","","T_AU_IID_INQ_RECORD_SCRUTINIZED","T_CURSOR; V_CNT; T_AU_IID_INQ_RECORD_SCRUTINIZED","True","Keep within future-state module design"
"PKG_INQ","PKG_INQ.P_GET_INQ_PROCEEDINGS","Confirmed Active","IID","GetIidInqProceedingsByComplaintId","T_AU_IID_INQ_PROCEEDINGS","","T_AU_IID_INQ_PROCEEDINGS","True","Keep within future-state module design"
"PKG_INQ","PKG_INQ.P_SAVE_INQ_PROCEEDING","Confirmed Active","IID","SaveIidInqProceeding","DUAL","T_AU_IID_INQ_PROCEEDINGS","T_CURSOR; V_MSG; T_AU_IID_INQ_PROCEEDINGS","True","Keep within future-state module design"
"PKG_INQ","PKG_INQ.P_DELETE_INQ_PROCEEDING","Confirmed Active","IID","DeleteIidInqProceeding","DUAL","T_AU_IID_INQ_PROCEEDINGS","T_CURSOR; V_MSG; T_AU_IID_INQ_PROCEEDINGS","True","Keep within future-state module design"
"PKG_INQ","PKG_INQ.P_GET_INQ_STATEMENTS","Confirmed Active","IID","GetIidInqStatementsByComplaintId","T_AU_IID_INQ_STATEMENTS","","T_CURSOR; T_AU_IID_INQ_STATEMENTS","True","Keep within future-state module design"
"PKG_INQ","PKG_INQ.P_ADD_INQ_STATEMENT","Confirmed Active","IID","SaveIidInqStatement","T_AU_IID_INQ_STATEMENTS","EXISTING; T_AU_IID_INQ_STATEMENTS; STATEMENT","T_CURSOR; V_ID; T_AU_IID_INQ_STATEMENTS","True","Keep within future-state module design"
"PKG_INQ","PKG_INQ.P_DELETE_INQ_STATEMENT","Confirmed Active","IID","DeleteIidInqStatement","","T_AU_IID_INQ_STATEMENTS","T_CURSOR; V_CNT; T_AU_IID_INQ_STATEMENTS","True","Keep within future-state module design"
"PKG_INQ","PKG_INQ.P_GET_INQ_EVIDENCE_FILES","Confirmed Active","IID","GetIidInqEvidenceFilesByComplaintId","T_AU_IID_INQ_EVIDENCE_FILES","","T_CURSOR; T_AU_IID_INQ_EVIDENCE_FILES","True","Keep within future-state module design"
"PKG_INQ","PKG_INQ.P_ADD_INQ_EVIDENCE_FILE","Confirmed Active","IID","AddIidInqEvidenceFile","","T_AU_IID_INQ_EVIDENCE_FILES","T_CURSOR; V_ID; T_AU_IID_INQ_EVIDENCE_FILES","True","Keep within future-state module design"
"PKG_INQ","PKG_INQ.P_DELETE_INQ_EVIDENCE_FILE","Confirmed Active","IID","DeleteIidInqEvidenceFile","","T_AU_IID_INQ_EVIDENCE_FILES","T_CURSOR; V_CNT; T_AU_IID_INQ_EVIDENCE_FILES","True","Keep within future-state module design"
"PKG_INQ","PKG_INQ.P_GET_INQ_VIOLATIONS","Confirmed Active","IID","GetIidInqViolationsByComplaintId","T_AU_IID_INQ_VIOLATIONS","","T_CURSOR; T_AU_IID_INQ_VIOLATIONS","True","Keep within future-state module design"
"PKG_INQ","PKG_INQ.P_ADD_INQ_VIOLATION","Confirmed Active","IID","AddIidInqViolation","","T_AU_IID_INQ_VIOLATIONS","T_CURSOR; V_ID; T_AU_IID_INQ_VIOLATIONS","True","Keep within future-state module design"
"PKG_INQ","PKG_INQ.P_UPDATE_INQ_VIOLATION","Confirmed Active","IID","UpdateIidInqViolation","","T_AU_IID_INQ_VIOLATIONS; VIOLATION","T_CURSOR; V_CNT; T_AU_IID_INQ_VIOLATIONS","True","Keep within future-state module design"
"PKG_INQ","PKG_INQ.P_DELETE_INQ_VIOLATION","Confirmed Active","IID","DeleteIidInqViolation","","T_AU_IID_INQ_VIOLATIONS","T_CURSOR; V_CNT; T_AU_IID_INQ_VIOLATIONS","True","Keep within future-state module design"
"PKG_INQ","PKG_INQ.GET_INQ_FINDINGS_RECOMM","Confirmed Active","IID","GetIidFindingsRecommByAccusation; GetIidInqFindingsRecommByComplaintId","T_AU_IID_INQ_FIND_RECOMM","","T_CURSOR; T_AU_IID_INQ_FIND_RECOMM","True","Keep within future-state module design"
"PKG_INQ","PKG_INQ.SAVE_INQ_FINDINGS_RECOMM","Confirmed Active","IID","SaveIidFindingsRecommByAccusation","DUAL","T_AU_IID_INQ_FIND_RECOMM; SET","T_CURSOR; T_AU_IID_INQ_FIND_RECOMM","True","Keep within future-state module design"
"PKG_INQ","PKG_INQ.GET_INQ_FIND_RECOMM_STATUS","Confirmed Active","IID","GetIidFindingsRecommStatus","T_AU_IID_INQ_ACCUSATIONS; T_AU_IID_INQ_FIND_RECOMM","","T_CURSOR; T_AU_IID_INQ_ACCUSATIONS; T_AU_IID_INQ_FIND_RECOMM","True","Keep within future-state module design"
"PKG_INQ","PKG_INQ.P_GET_INQ_EVIDENCE_STEP","Confirmed Active","IID","GetIidInqEvidenceStepByComplaintId","T_AU_IID_INQ_EVIDENCE_STEP","","T_AU_IID_INQ_EVIDENCE_STEP","True","Keep within future-state module design"
"PKG_INQ","PKG_INQ.P_SAVE_INQ_EVIDENCE_STEP","Confirmed Active","IID","SaveIidInqEvidenceStep","T_AU_IID_INQ_EVIDENCE_STEP; DUAL","T_AU_IID_INQ_EVIDENCE_STEP","T_CURSOR; V_EXISTS; V_MSG; T_AU_IID_INQ_EVIDENCE_STEP","True","Keep within future-state module design"
"PKG_INQ","PKG_INQ.P_GET_INQ_DSA","Confirmed Active","IID","GetIidInqDsaByComplaintId","T_AU_IID_INQ_DSA","","T_CURSOR; T_AU_IID_INQ_DSA","True","Keep within future-state module design"
"PKG_INQ","PKG_INQ.P_ADD_INQ_DSA","Confirmed Active","IID","AddIidInqDsa","","T_AU_IID_INQ_DSA","T_CURSOR; V_ID; T_AU_IID_INQ_DSA","True","Keep within future-state module design"
"PKG_INQ","PKG_INQ.P_UPDATE_INQ_DSA","Confirmed Active","IID","UpdateIidInqDsa","","T_AU_IID_INQ_DSA; DSA","T_CURSOR; V_CNT; T_AU_IID_INQ_DSA","True","Keep within future-state module design"
"PKG_INQ","PKG_INQ.P_DELETE_INQ_DSA","Confirmed Active","IID","DeleteIidInqDsa","","T_AU_IID_INQ_DSA","T_CURSOR; V_CNT; T_AU_IID_INQ_DSA","True","Keep within future-state module design"
"PKG_INQ","PKG_INQ.P_FINALIZE_IID_INQUIRY_REPORT","Confirmed Active","IID","FinalizeIidInquiryReport","","T_AU_IID_COMPLAINT_HDR","T_AU_IID_COMPLAINT_HDR","True","Keep within future-state module design"
"","SELECT IS_FINALIZED FROM T_AU_IID_COMPLAINT_HDR WHERE COMPLAINT_ID = :P_COMPLAINT_ID","Confirmed Active","IID","IsIidComplaintFinalized","","","","False","Keep within future-state module design"
"PKG_INQ","PKG_INQ.GET_REPORTS","Confirmed Active","IID","GetReports","T_AU_IID_REPORT; T_AU_IID_COMPLAINT_HDR; T_AU_IID_COMPLAINT_IAID","","T_CURSOR; T_AU_IID_REPORT; T_AU_IID_COMPLAINT_HDR; T_AU_IID_COMPLAINT_IAID","True","Keep within future-state module design"
"PKG_ISM","PKG_ISM.T_AU_EXCEPTION_REPORT","Confirmed Active","IID.ExceptionReports","GetIidListOfReports","","","","False","Keep within future-state module design"
"PKG_ISM","PKG_ISM.P_GET_EXCEPTION_REPORT_DATA","Confirmed Active","IID.ExceptionReports","GetIidExceptionReportData","","","","False","Keep within future-state module design"
"PKG_ISM","PKG_ISM.P_GET_ACCOUNT_TRANSCATIONS","Confirmed Active","IID.ExceptionReports","GetIidAccountTransactions","","","","False","Keep within future-state module design"
"PKG_ISM","PKG_ISM.P_GET_ACCOUNT_DOC","Confirmed Active","IID.ExceptionReports","GetIidAccountDocuments","","","","False","Keep within future-state module design"
"PKG_ISM","PKG_ISM.P_GET_LOANS_EXCEPTIONS","Confirmed Active","IID.ExceptionReports","GetIidLoanExceptions","","","","False","Keep within future-state module design"
"PKG_ISM","PKG_ISM.P_GET_LOAN_DOCUMENTS","Confirmed Active","IID.ExceptionReports","GetIidLoanDocuments","","","","False","Keep within future-state module design"
"PKG_ISM","PKG_ISM.P_GET_LOAN_DOCUMENTS_IMAGE","Confirmed Active","IID.ExceptionReports","GetIidLoanDocumentData","","","","False","Keep within future-state module design"
"PKG_ISM","PKG_ISM.P_GET_LOAN_TRANSACTIONS","Confirmed Active","IID.ExceptionReports","GetIidLoanTransactions","","","","False","Keep within future-state module design"
"PKG_LG","PKG_LG.P_GET_SYS_LOGS","Confirmed Active","LG","GetSystemLogs","T_SYS_LOG","","T_SYS_LOG","True","Keep within future-state module design"
"PKG_LG","PKG_LG.P_DELETE_SYS_LOGS","Confirmed Active","LG","DeleteOldSystemLogs","","","","False","Keep within future-state module design"
"","P_ADD_ACTIVITY_LOG","Low-Confidence / Needs Verification","Logging","AddActivityLog","","","","False","Investigate before exclusion; package source not fully mapped"
"PKG_FRPT","PKG_FRPT.P_GET_AUDIT_COVER","Confirmed Active","MANRPT","GetManagementAuditCover","T_AU_PLAN_ENG; T_AUDITEE_ENTITIES_MAPING; T_AUDITEE_ENTITIES","","T_CURSOR; T_AU_PLAN_ENG; T_AUDITEE_ENTITIES_MAPING; T_AUDITEE_ENTITIES; T_FRPT_TEXT_BLOCKS","True","Keep within future-state module design"
"PKG_FRPT","PKG_FRPT.P_GET_MAN_TEAM_DETAILS","Confirmed Active","MANRPT","GetManagementAuditTeamDetails","V_GET_AUDIT_TEAM_DETAILS","","T_CURSOR; V_GET_AUDIT_TEAM_DETAILS","True","Keep within future-state module design"
"PKG_FRPT","PKG_FRPT.P_GET_MAN_OBJECTIVE_SCOPE","Confirmed Active","MANRPT","GetManReportObjectiveScope","T_FRPT_TEXT_BLOCKS","","T_CURSOR; T_FRPT_TEXT_BLOCKS","True","Keep within future-state module design"
"PKG_FRPT","PKG_FRPT.P_GET_MAN_STAFF_SNAPSHOT","Confirmed Active","MANRPT","GetManReportStaffSnapshot","T_FRPT_STAFF_SNAPSHOT","","T_CURSOR; T_FRPT_STAFF_SNAPSHOT","True","Keep within future-state module design"
"PKG_FRPT","PKG_FRPT.P_GET_MAN_EXEC_SUMMARY","Confirmed Active","MANRPT","GetManReportExecutiveSummary","T_FRPT_TEXT_BLOCKS","","T_CURSOR; T_FRPT_TEXT_BLOCKS; T_FRPT_STAFF_SNAPSHOT","True","Keep within future-state module design"
"PKG_FRPT","PKG_FRPT.P_GET_MAN_AUDIT_OBSERVATIONS","Confirmed Active","MANRPT","GetManReportObservationPdfParas; GetManReportObservations","DUAL","","T_CURSOR","True","Keep within future-state module design"
"PKG_FRPT","PKG_FRPT.P_GET_MAN_SETTLED_PARAS","Confirmed Active","MANRPT","GetManReportSettledParas; GetManReportSettledPdfParas","DUAL","","T_CURSOR","True","Keep within future-state module design"
"PKG_AR","PKG_AR.P_GET_OBSERVATION_TO_PRINT","Confirmed Active","ObservationPdf","GetObservationPrintDetails","T_AU_OBSERVATION; T_AU_PLAN_ENG; T_AU_TEAM_MEMBERS; T_AUDITEE_ENTITIES; T_AUDIT_CHECKLIST_ANNEXURE; T_RISK; T_AU_OBSERVATION_TEXT","","T_CURSOR; T_AU_OBSERVATION; T_AU_PLAN_ENG; T_AU_TEAM_MEMBERS; T_ID; T_AUDITEE_ENTITIES; T_AUDIT_CHECKLIST_ANNEXURE; T_RISK; T_AU_OBSERVATION_TEXT","True","Keep within future-state module design"
"PKG_PG","PKG_PG.P_GET_AUDITPERIOD_STATUS","Confirmed Active","PG","GetAuditPeriodStatus","T_AU_PERIOD_STATUS","","T_CURSOR; T_AU_PERIOD_STATUS","True","Keep within future-state module design"
"PKG_PG","PKG_PG.P_GETAUDITPERIODS","Confirmed Active","PG","GetAuditPeriods","T_AU_PERIOD; T_AU_PERIOD_STATUS","","T_CURSOR; T_AU_PERIOD; T_AU_PERIOD_STATUS","True","Keep within future-state module design"
"PKG_PG","PKG_PG.P_GETAUDITCRITERIASTOAUTHORIZE","Confirmed Active","PG","GetAuditCriteriasToAuthorize","T_AU_ACTIVITY_LOG; T_AUDITEE_ENTITIES; T_AUDIT_CRITERIA; T_AU_PERIOD; T_AUDITEE_ENT_TYPES; T_RISK; T_AUDIT_FREQUENCY; T_AUDITEE_ENTITIES_SIZE_DISC; T_AUDIT_CRITERIA_LOG; T_AUDITEE_ENTITIES_MAPING","T_AU_ACTIVITY_LOG","T_CURSOR; T_AU_ACTIVITY_LOG; T_AUDITEE_ENTITIES; T_AUDIT_CRITERIA; T_AU_PERIOD; T_AUDITEE_ENT_TYPES; T_RISK; T_AUDIT_FREQUENCY; T_AUDITEE_ENTITIES_SIZE_DISC; T_AUDIT_CRITERIA_LOG; T_AUDITEE_ENTITIES_MAPING","True","Keep within future-state module design"
"PKG_PG","PKG_PG.P_GETREFFEREDBACKAUDITENGAGEMENTPLANS","Confirmed Active","PG","GetRefferedBackAuditEngagementPlans","T_AU_ACTIVITY_LOG; T_AU_PLAN_ENG; T_AUDITEE_ENTITIES; T_AU_AUDIT_TEAMS","T_AU_ACTIVITY_LOG","T_CURSOR; T_AU_ACTIVITY_LOG; T_AU_PLAN_ENG; T_AUDITEE_ENTITIES; T_AU_AUDIT_TEAMS","True","Keep within future-state module design"
"PKG_RPT","PKG_RPT.P_GET_AUDIT_ZONES","Confirmed Active","RPT","GetAuditZones","T_AUDITEE_ENTITIES","","T_CURSOR; T_AUDITEE_ENTITIES","True","Keep within future-state module design"
"PKG_RPT","PKG_RPT.GET_DEPT_PERF_SUMMARY_DETAIL","Confirmed Active","RPT","GetDepartmentPerformanceSummaryAndDetail","AIS_T_AU_POST_COMPLIANCE; BASE; DEDUP; AGG; T_AU_PLAN_ENG; T_AUDITEE_ENTITIES; T_AU_PLAN_ENG_LOG; T_AU_OBSERVATION; EX; OBS","","T_CURSOR; AIS_T_AU_POST_COMPLIANCE; T_AU_PLAN_ENG; T_AUDITEE_ENTITIES; T_AU_PLAN_ENG_LOG; T_AU_OBSERVATION","True","Keep within future-state module design"
"PKG_RPT","PKG_RPT.GET_DEPT_PERF_BY_ZONE","Confirmed Active","RPT","GetDepartmentPerformanceByZone","","","","False","Keep within future-state module design"
"PKG_RPT","PKG_RPT.GET_AUDITOR_PERFORMANCE","Confirmed Active","RPT","GetAuditorPerformance","T_AU_PLAN_ENG; T_AUDITEE_ENTITIES; T_AU_OBSERVATION; EX; T_AU_AUDIT_TEAM_TASKLIST; T_AUDIT_EMP; T_AU_TEAM_MEMBERS; OBS","","T_CURSOR; T_AU_PLAN_ENG; T_AUDITEE_ENTITIES; T_AU_OBSERVATION; T_AU_AUDIT_TEAM_TASKLIST; T_AUDIT_EMP; T_AU_TEAM_MEMBERS; T_CODE","True","Keep within future-state module design"
"PKG_RPT","PKG_RPT.P_GETALLPARASYEAR","Confirmed Active","RPT","GetAllParasYears","T_AU_OBSERVATION_FAD","","T_CURSOR; T_AU_OBSERVATION_FAD","True","Keep within future-state module design"
"PKG_RPT","PKG_RPT.R_GETDEPARTMENTS","Confirmed Active","RPT","GetDepartments","T_USER; T_USER_MAPING; T_AUDITEE_ENTITIES; T_AUDITEE_ENTITIES_MAPING; DUAL","","T_CURSOR; T_USER; T_USER_MAPING; T_AUDITEE_ENTITIES; T_AUDITEE_ENTITIES_MAPING","True","Keep within future-state module design"
"PKG_RPT","PKG_RPT.P_GETZONEWISEOLDPARASPERFORMANCE","Confirmed Active","RPT","GetLegacyZoneWiseOldParasPerformance; GetZoneWiseOldParasPerformance","V_REPORT_AZ_PROGRESS","","T_CURSOR; V_REPORT_AZ_PROGRESS","True","Keep within future-state module design"
"PKG_RPT","PKG_RPT.P_GETACTIVEINACTIVECHARTDATA","Confirmed Active","RPT","GetActiveInactiveChartData","T_AU_OLD_PARAS_FAD","","T_CURSOR; T_AU_OLD_PARAS_FAD","True","Keep within future-state module design"
"PKG_RPT","PKG_RPT.P_GETCHILDPOSTING","Confirmed Active","RPT","GetchildpostingForParaPositionReport","T_AUDITEE_ENT_RELATION","","T_CURSOR; T_AUDITEE_ENT_RELATION; T_AUDITEE_ENT_TYPES; T_AUDITEE_ENTITIES_MAPING; T_AUDITEE_ENTITIES","True","Keep within future-state module design"
"PKG_RPT","PKG_RPT.P_GETPARENTREPOFFICE","Confirmed Active","RPT","GetparentrepofficeForParaPositionReport","T_AUDITEE_ENT_RELATION; T_AUDITEE_ENTITIES; T_AUDITEE_ENTITIES_MAPING; T_AUDITEE_ENT_TYPES","","T_CURSOR; T_AUDITEE_ENT_RELATION; T_AUDITEE_ENT_TYPES; T_AUDITEE_ENTITIES_MAPING; T_AUDITEE_ENTITIES","True","Keep within future-state module design"
"PKG_RPT","PKG_RPT.P_AUDITED_BY_DEPARTMENTS","Confirmed Active","RPT","GetAuditDepartmentsZones","T_AUDIT_DEPARTMENTS; T_AUDITEE_ENTITIES; DUAL","","T_CURSOR; T_AUDIT_DEPARTMENTS; T_AUDITEE_ENTITIES","True","Keep within future-state module design"
"PKG_RPT","PKG_RPT.P_GETREALTIONSHIPTYPE","Confirmed Active","RPT","GetrealtionshiptypeForParaPositionReport","T_AUDITEE_ENT_RELATION","","T_CURSOR; T_AUDITEE_ENT_RELATION","True","Keep within future-state module design"
"PKG_RPT","PKG_RPT.R_AUDIT_PLAN_ENGAGEMENT","Confirmed Active","RPT","GetAuditPlanEngagement","T_AU_PLAN_ENG; T_AU_PLAN_ENG_STATUS; T_AUDITEE_ENTITIES; T_AUDITEE_ENTITIES_MAPING; T_AU_PERIOD; T_AU_TEAM_MEMBERS","","T_CURSOR; T_AU_PLAN_ENG; T_AU_PLAN_ENG_STATUS; T_AUDITEE_ENTITIES; T_AUDITEE_ENTITIES_MAPING; T_AU_PERIOD; T_AU_TEAM_MEMBERS; T_ID","True","Keep within future-state module design"
"PKG_RPT","PKG_RPT.R_FUNCTIONALRESP","Confirmed Active","RPT","GetFadBranchesParas","T_AUDIT_CHECKLIST_DETAILS; T_AUDIT_CHECKLIST_SUB; T_AU_OLD_PARAS_FAD; T_AUDIT_CHECKLIST; T_RISK","","T_CURSOR; T_AUDIT_CHECKLIST_DETAILS; T_AUDIT_CHECKLIST_SUB; T_AU_OLD_PARAS_FAD; T_AUDIT_CHECKLIST; T_ID; T_RISK","True","Keep within future-state module design"
"PKG_RPT","PKG_RPT.R_JOININGCOMPLETION","Confirmed Active","RPT","GetJoiningCompletion","T_AU_PLAN_ENG; T_AUDITEE_ENTITIES; T_AUDITEE_ENTITIES_MAPING; T_AU_PLAN_ENG_STATUS; T_RISK; T_AUDIT_DEPARTMENTS","","T_CURSOR; T_AU_PLAN_ENG; T_AUDITEE_ENTITIES; T_AUDITEE_ENTITIES_MAPING; T_AU_PLAN_ENG_STATUS; T_RISK; T_AUDIT_DEPARTMENTS","True","Keep within future-state module design"
"PKG_RPT","PKG_RPT.R_AUDITPLANPROGRESS","Confirmed Active","RPT","GetauditplanCompletion","T_AU_OBSERVATION; T_AU_PLAN_ENG; T_AU_PLAN; T_AUDITEE_ENTITIES; T_AU_AUDIT_JOINING; T_RISK; T_AUDIT_PARA","","T_CURSOR; T_AU_OBSERVATION; T_AU_PLAN_ENG; T_AU_PLAN; T_AUDITEE_ENTITIES; T_AU_AUDIT_JOINING; T_RISK; T_AUDIT_PARA","True","Keep within future-state module design"
"PKG_RPT","PKG_RPT.R_GETAUDITEES","Confirmed Active","RPT","GetCurrentAuditProgressEntities","T_USER_MAPING; T_USER; T_AU_AUDIT_JOINING; T_AU_PLAN_ENG; T_AUDITEE_ENTITIES","","T_CURSOR; V_F; T_USER_MAPING; T_USER; T_AU_AUDIT_JOINING; T_AU_PLAN_ENG; T_AUDITEE_ENTITIES","True","Keep within future-state module design"
"PKG_RPT","PKG_RPT.R_GETAUDITEESOBERVATIONS","Confirmed Active","RPT","GetCurrentAuditProgress","T_AU_OBSERVATION; T_AUDITEE_ENTITIES; T_AU_OBSERVATION_STATUS; T_AU_PLAN_ENG","","T_CURSOR; T_AU_OBSERVATION; T_AUDITEE_ENTITIES; T_AU_OBSERVATION_STATUS; T_AU_PLAN_ENG","True","Keep within future-state module design"
"PKG_RPT","PKG_RPT.R_LOGINUSERS","Confirmed Active","RPT","GetCurrentActiveUsers","T_USER_SESSION; T_AUDIT_DEPARTMENTS; V_SERVICE_EMPLOYEEINFO","","T_CURSOR; T_USER_SESSION; T_AUDIT_DEPARTMENTS; V_SERVICE_EMPLOYEEINFO","True","Keep within future-state module design"
"PKG_RPT","PKG_RPT.R_GETAUDITEEPARAS","Confirmed Active","RPT","GetAuditeeParas; GetAuditeReportStatus; GetReportParas","T_AUDIT_PARA; T_AU_OBSERVATION; T_AU_PLAN_ENG; T_AU_OBSERVATION_TEXT; T_AU_OBSERVATIONS_AUDITEE_RESPONSE; T_AU_OBSERVATIONS_AUDITOR_RECOMMENDATION; T_AU_OBSERVATIONS_AUDITOR_REPLY; T_AUDITEE_ENTITIES; T_AUDIT_CHECKLIST_DETAILS; T_AUDIT_CHECKLIST_SUB; T_AUDIT_CHECKLIST; T_RISK; T_AUDIT_VIOLATION_DETAIL; DUAL","","T_CURSOR; V_F; T_AUDIT_PARA; V_HEADER; V_DETAIL; T_AU_OBSERVATION; T_AU_PLAN_ENG; T_AU_OBSERVATION_TEXT; T_AU_OBSERVATIONS_AUDITEE_RESPONSE; T_AU_OBSERVATIONS_AUDITOR_RECOMMENDATION; T_AU_OBSERVATIONS_AUDITOR_REPLY; T_AUDITEE_ENTITIES; T_AUDIT_CHECKLIST_DETAILS; T_AUDIT_CHECKLIST_SUB; T_AUDIT_CHECKLIST; T_ID; T_RISK; T_AUDIT_VIOLATION_DETAIL; V_ID","True","Keep within future-state module design"
"PKG_RPT","PKG_RPT.P_GETPARAPOSITIONFORZONEBRANCHES","Confirmed Active","RPT","GetZoneBranchParaPositionStatus","T_AUDITEE_ENTITIES; T_AU_OBSERVATION_FAD; T_AUDITEE_ENTITIES_MAPING","","T_CURSOR; T_AUDITEE_ENTITIES; T_AU_OBSERVATION_FAD; T_AUDITEE_ENTITIES_MAPING","True","Keep within future-state module design"
"PKG_RPT","PKG_RPT.R_GETAUDITEEADDRESS","Confirmed Active","RPT","GetAddress","T_AU_PLAN_ENG; T_AUDITEE_ENTITIES; T_AU_OBSERVATION; T_RISK; T_AUDITEE_ENTITIES_ADDRESS; T_AUDITEE_ENTITIES_MAPING","","T_CURSOR; T_AU_PLAN_ENG; T_AUDITEE_ENTITIES; T_AU_OBSERVATION; T_RISK; T_AUDITEE_ENTITIES_ADDRESS; T_AUDITEE_ENTITIES_MAPING","True","Keep within future-state module design"
"PKG_RPT","PKG_RPT.P_GETAUDITTEAMS","Confirmed Active","RPT","GetTeamDetails","T_AU_AUDIT_TEAMS; T_AU_TEAM_MEMBERS; T_AU_AUDIT_TEAM_TASKLIST","","T_CURSOR; T_AU_AUDIT_TEAMS; T_AU_TEAM_MEMBERS; T_ID; T_AU_AUDIT_TEAM_TASKLIST","True","Keep within future-state module design"
"PKG_RPT","PKG_RPT.P_GET_ENTITIES","Confirmed Active","RPT","FADGetReportEntitities","T_AU_PLAN_ENG; T_AU_PERIOD; T_AUDITEE_ENTITIES","","T_AU_PLAN_ENG; T_CURSOR; T_AU_PERIOD; T_AUDITEE_ENTITIES","True","Keep within future-state module design"
""," PKG_RPT.P_GET_AZ","Confirmed Active","RPT","FADGetReportZones","","","","False","Keep within future-state module design"
"PKG_RPT","PKG_RPT.P_GET_ENTITY_SIZE","Confirmed Active","RPT","FADGetEntitySize","T_AUDITEE_ENTITIES_SIZE_DISC","","T_CURSOR; T_AUDITEE_ENTITIES_SIZE_DISC","True","Keep within future-state module design"
"PKG_RPT","PKG_RPT.P_GET_RISK","Confirmed Active","RPT","FADGetEntityRisk","T_RISK","","T_CURSOR; T_RISK","True","Keep within future-state module design"
"PKG_RPT","PKG_RPT.P_GET_NEW_PARAS_PERFORMANCE","Confirmed Active","RPT","GetFADNewParaPerformance","T_AU_OBSERVATION; T_AU_PLAN_ENG; T_AUDITEE_ENTITIES; T_AUDIT_CHECKLIST_DETAILS","","T_CURSOR; T_AU_OBSERVATION; T_AU_PLAN_ENG; T_AUDITEE_ENTITIES; T_AUDIT_CHECKLIST_DETAILS","True","Keep within future-state module design"
"PKG_RPT","PKG_RPT.P_GET_NEW_OLD_PARAS_PERFORMANCE","Confirmed Active","RPT","GetFADNewOldParaPerformance","T_AU_OBSERVATION_FAD; T_AU_OBSERVATION; T_AU_PLAN_ENG; T_AUDIT_CHECKLIST_DETAILS; T_AUDIT_CHECKLIST_SUB; T_AUDIT_CHECKLIST; T_AUDITEE_ENTITIES","","T_CURSOR; T_AU_OBSERVATION_FAD; T_AU_OBSERVATION; T_AU_PLAN_ENG; T_AUDIT_CHECKLIST_DETAILS; T_AUDIT_CHECKLIST_SUB; T_AUDIT_CHECKLIST; T_ID; T_AUDITEE_ENTITIES","True","Keep within future-state module design"
""," PKG_RPT.P_GET_LAGACY_PARAS_PERFORMANCE","Confirmed Active","RPT","GetFADLagacyParaPerformance","","","","False","Keep within future-state module design"
"PKG_RPT","PKG_RPT.P_GET_USERWISE_OLDPARASPERFORMANCE","Confirmed Active","RPT","GetLegacyUserWiseOldParasPerformance","V_REPORT_AZ_EMP_PROGRESS_DATACLEANSING; V_REPORT_AZ_PROGRESS","","T_CURSOR; V_REPORT_AZ_EMP_PROGRESS_DATACLEANSING; V_REPORT_AZ_PROGRESS","True","Keep within future-state module design"
"PKG_RPT","PKG_RPT.P_GET_FAD_USERWISE_OLDPARASPERFORMANCE","Confirmed Active","RPT","GetFADHOUserLegacyParaUserWiseOldParasPerformance","T_AU_DATA_VALIDATION_FAD_LOG; V_SERVICE_EMPLOYEEINFO","","T_CURSOR; T_AU_DATA_VALIDATION_FAD_LOG; V_SERVICE_EMPLOYEEINFO","True","Keep within future-state module design"
"PKG_RPT","PKG_RPT.P_GET_PARA_POSITION","Confirmed Active","RPT","GetParaPositionReport","V_REPORT_PARA_POSITION","","T_CURSOR; V_REPORT_PARA_POSITION","True","Keep within future-state module design"
"PKG_RPT","PKG_RPT.P_GET_PARA_POSITION_DETAILS","Confirmed Active","RPT","GetParaPositionParaDetails","DUAL; T_AUDITEE_ENTITIES; V_REPORT_DASHBORAD_DETAIL","","T_CURSOR; V_F; T_AUDITEE_ENTITIES; V_REPORT_DASHBORAD_DETAIL","True","Keep within future-state module design"
"PKG_RPT","PKG_RPT.P_GET_DASH_TABLE_FUNCTIONWISE_HO","Confirmed Active","RPT","GetTotalParasDetailsHO","V_GET_DASH_TABLE_FUNCTIONWISE_NAMES_HO; T_COSO_RATING_FACTORS; T_CONTROL_VIOLATION_SUB; T_RISK; T_AUDITEE_ENTITIES","","T_CURSOR; V_GET_DASH_TABLE_FUNCTIONWISE_NAMES_HO; T_COSO_RATING_FACTORS; V_CAT_ID; T_CONTROL_VIOLATION_SUB; V_CAT_NATURE_ID; T_RISK; T_AUDITEE_ENTITIES","True","Keep within future-state module design"
"PKG_RPT","PKG_RPT.P_GET_ACTIVITY_LOG","Confirmed Active","RPT","GetRoleActivityLog; GetUserActivityLog","T_GROUPS; V_SERVICE_EMPLOYEEINFO; T_MENU_PAGES; T_AU_ACTIVITY_LOG","","T_CURSOR; T_GROUPS; V_SERVICE_EMPLOYEEINFO; T_MENU_PAGES; T_AU_ACTIVITY_LOG","True","Keep within future-state module design"
"PKG_RPT","PKG_RPT.P_GET_COMPLIANCE_STATUS_WISE","Confirmed Active","RPT","GetStatusWiseCompliance","V_RPT_COMPLAINCE_STATUS_WISE; V_RELATIONSHIP_OFFICE","","T_CURSOR; V_RPT_COMPLAINCE_STATUS_WISE; V_RELATIONSHIP_OFFICE","True","Keep within future-state module design"
"PKG_RPT","PKG_RPT.P_FAD_AUDIT_PARA_RECONCILIATION","Confirmed Active","RPT","GetAuditParaRensillation","T_AUDITEE_ENTITIES; V_FAD_AUDIT_PARA_RECONCILIATION; T_AUDITEE_ENTITIES_MAPING_FAD; V_MAN_AUDIT_PARA_RECONCILIATION","","T_CURSOR; T_F; T_AUDITEE_ENTITIES; V_FAD_AUDIT_PARA_RECONCILIATION; T_AUDITEE_ENTITIES_MAPING_FAD; V_MAN_AUDIT_PARA_RECONCILIATION","True","Keep within future-state module design"
"PKG_RPT","PKG_RPT.P_FAD_AUDIT_PLAN_DETAILS","Confirmed Active","RPT","GetAuditPlanEngagementDetailedReport","DUAL; T_AU_PLAN_ENG; T_AU_PLAN; T_AUDITEE_ENTITIES; T_AUDITEE_ENTITIES_MAPING; T_AU_PLAN_ENG_STATUS; T_AU_AUDIT_TEAMS; T_AU_PLAN_STATUS","","T_CURSOR; T_NAME; T_AU_PLAN_ENG; T_AU_PLAN; T_AUDITEE_ENTITIES; T_AUDITEE_ENTITIES_MAPING; T_AU_PLAN_ENG_STATUS; T_AU_AUDIT_TEAMS; T_AU_PLAN_STATUS","True","Keep within future-state module design"
"PKG_RPT","PKG_RPT.R_FAD_ANNEXURE_REPORT","Confirmed Active","RPT","GetAnnexureExerciseStatus","V_FAD_ANNEXURE_SUM","","T_CURSOR; V_FAD_ANNEXURE_SUM","True","Keep within future-state module design"
"PKG_RPT","PKG_RPT.R_GROUP_WISE_USERS_COUNT","Confirmed Active","RPT","GetGroupWiseUsersCount","T_GROUPS; T_USER_MAPING","","T_CURSOR; T_GROUPS; T_USER_MAPING","True","Keep within future-state module design"
"PKG_RPT","PKG_RPT.R_GROUP_WISE_PAGES","Confirmed Active","RPT","GetGroupWisePages","T_GROUPS; T_MENU_PAGES_GROUPMAP; T_MENU_PAGES","","T_CURSOR; T_GROUPS; T_MENU_PAGES_GROUPMAP; T_MENU_PAGES","True","Keep within future-state module design"
"PKG_RPT","PKG_RPT.P_GET_ENTITY_TYPE","Confirmed Active","RPT","GetEntityTypesForEntityWiseOutstandingObsPosition","T_AUDITEE_ENT_TYPES; DUAL; T_AUDITEE_ENTITIES; V_GET_COMPLIANCE_REVIEWER_APPROVER","","T_CURSOR; T_AUDITEE_ENT_TYPES; T_AUDITEE_ENTITIES; V_GET_COMPLIANCE_REVIEWER_APPROVER","True","Keep within future-state module design"
"PKG_RPT","PKG_RPT.R_DEPT_WISE_PARA_POSITION","Confirmed Active","RPT","GetOutstandingParasForEntityTypeId","C.PARA_ADDED_ON; P_REF_DATE; AIS_T_AU_POST_COMPLIANCE; T_AUDITEE_ENTITIES; T_AUDITEE_ENT_TYPES; BASE; TRUNC; CATEGORIZED","","T_CURSOR; AIS_T_AU_POST_COMPLIANCE; T_AUDITEE_ENTITIES; T_AUDITEE_ENT_TYPES","True","Keep within future-state module design"
"PKG_RPT","PKG_RPT.P_GET_LOAN_STATUS","Confirmed Active","RPT","GetLoanStatus","TEMP_ATAS_T_DISB_STATUS; ATAS.T_ACCOUNTSTATUS","","T_CURSOR; T_ACCOUNTSTATUS","True","Keep within future-state module design"
"PKG_RPT","PKG_RPT.P_GET_LOAN_GL","Confirmed Active","RPT","GetLoanGLs","TEMP_ATAS_T_GLSUB; ATAS.T_GLSUB","","T_CURSOR; T_GLSUB","True","Keep within future-state module design"
"PKG_RPT","PKG_RPT.R_GET_GM_LIST","Confirmed Active","RPT","GetGMsList","T_AUDITEE_ENTITIES","","T_CURSOR; T_AUDITEE_ENTITIES","True","Keep within future-state module design"
"PKG_RPT","PKG_RPT.R_GET_RBH_LIST","Confirmed Active","RPT","GetRBHList","T_AUDITEE_ENTITIES_MAPING","","T_CURSOR; T_AUDITEE_ENTITIES_MAPING","True","Keep within future-state module design"
"PKG_RPT","PKG_RPT.P_GET_LOAN_TO_DEFAULT","Confirmed Active","RPT","GetLoanDetailsReport","V_ATAS_T_LOAN_CNIC_WISE; V_ATAS_LOANS_DEFAULT","","T_CURSOR; V_ATAS_T_LOAN_CNIC_WISE; V_ATAS_LOANS_DEFAULT","True","Keep within future-state module design"
"PKG_RPT","PKG_RPT.P_GET_ALL_LOANS_OF_CNIC","Confirmed Active","RPT","GetCNICLoanDetailsReport","V_ATAS_T_LOAN_CNIC_WISE","","T_CURSOR; V_ATAS_T_LOAN_CNIC_WISE","True","Keep within future-state module design"
"PKG_RPT","PKG_RPT.P_GET_LOAN_TO_DEFAULT_HISTORY","Confirmed Active","RPT","GetDefaultCNICLoanDetailsReport","V_ATAS_LOANS_DEFAULT; TEMP_ATAS_T_DISB_STATUS","","T_CURSOR; V_ATAS_LOANS_DEFAULT","True","Keep within future-state module design"
"PKG_RPT","PKG_RPT.P_FIND_GIST","Confirmed Active","RPT","GetAuditReportParaByGistKeyword","T_AUDITEE_ENTITIES; T_AUDITEE_ENTITIES_MAPING; T_AU_OBSERVATION_FAD; V_GET_PARA_GIST; T_AUDIT_CHECKLIST_ANNEXURE","","T_CURSOR; T_AUDITEE_ENTITIES; T_AUDITEE_ENTITIES_MAPING; T_AU_OBSERVATION_FAD; V_GET_PARA_GIST; T_AUDIT_CHECKLIST_ANNEXURE","True","Keep within future-state module design"
"PKG_RPT","PKG_RPT.P_GET_COM_PROGREE_REPORT ","Confirmed Active","RPT","GetComplianceProgressReport","","","","False","Keep within future-state module design"
"PKG_RPT","PKG_RPT.P_GET_COM_PROGREE_REPORT_DETAIL ","Confirmed Active","RPT","GetComplianceProgressReportDetails","","","","False","Keep within future-state module design"
"PKG_RPT","PKG_RPT.P_GET_ENTITY_TYPE_FOR_SETTLEMENT","Confirmed Active","RPT","GetEntityTypesForSettlementReport","T_AUDITEE_ENTITIES; T_AUDITEE_ENT_TYPES","","T_CURSOR; T_F; T_AUDITEE_ENTITIES; T_AUDITEE_ENT_TYPES","True","Keep within future-state module design"
"PKG_RPT","PKG_RPT.P_GET_COMPLIANCE_REPORT","Confirmed Active","RPT","GetSettledParasForComplianceReport","V_GET_SETTLEMENT_REPORT; T_AUDITEE_ENTITIES_MAPING; T_AUDITEE_ENTITIES; T_AUDITEE_ENTITIES_MAPING_COM","","T_CURSOR; V_GET_SETTLEMENT_REPORT; T_AUDITEE_ENTITIES_MAPING; T_AUDITEE_ENTITIES; T_AUDITEE_ENTITIES_MAPING_COM","True","Keep within future-state module design"
"PKG_RPT","PKG_RPT.P_GET_PARA_POSITION_SUM","Confirmed Active","RPT","GetParasForComplianceSummaryReport","V_GET_RPT_PARA_POISTION; T_AUDITEE_ENTITIES; V_GET_RPT_PARA_POISTION_REGIONS; T_AUDITEE_ENTITIES_MAPING","","T_CURSOR; T_PARAS; T_S_PARAS; T_OS_PARAS; V_GET_RPT_PARA_POISTION; T_AUDITEE_ENTITIES; V_GET_RPT_PARA_POISTION_REGIONS; T_AUDITEE_ENTITIES_MAPING","True","Keep within future-state module design"
"PKG_RPT","PKG_RPT.P_DELAY_AUDITS","Confirmed Active","RPT","GetEngagementPlanDelayAnalysisReport","T_AU_PLAN_ENG; T_AUDITEE_ENTITIES; T_AUDITEE_ENTITIES_MAPING; T_AU_PLAN_ENG_STATUS","","T_CURSOR; T_AU_PLAN_ENG; T_AUDITEE_ENTITIES; T_AUDITEE_ENTITIES_MAPING; T_AU_PLAN_ENG_STATUS","True","Keep within future-state module design"
"PKG_RPT","PKG_RPT.R_FAD_MONTHLY_REVIEW","Confirmed Active","RPT","GetFADMonthlyReviewParasForEntityTypeId","V_RPT_FAD_MONTHLY_BASE; T_AUDITEE_ENTITIES; V_GET_COMPLIANCE_REVIEWER_APPROVER","","T_CURSOR; V_RPT_FAD_MONTHLY_BASE; T_AUDITEE_ENTITIES; V_GET_COMPLIANCE_REVIEWER_APPROVER","True","Keep within future-state module design"
"PKG_RPT","PKG_RPT.P_GET_GM_WISE_SERIOUS_PARAS","Confirmed Active","RPT","GetSeriousFraudulentObsGMOverview","T_AUDITEE_ENTITIES_MAPING; T_AU_OBSERVATION_FAD; V_GET_ANEX_NO_OF_RESPONSIBLE","","T_CURSOR; T_AUDITEE_ENTITIES_MAPING; T_AU_OBSERVATION_FAD; V_GET_ANEX_NO_OF_RESPONSIBLE","True","Keep within future-state module design"
"PKG_RPT","PKG_RPT.P_GET_GM_WISE_SERIOUS_PARAS_DETAILS","Confirmed Active","RPT","GetSeriousFraudulentObsGMDetails","T_AUDITEE_ENTITIES_MAPING; T_AU_OBSERVATION_FAD; AIS_T_AU_POST_COMPLIANCE; T_RISK; T_AUDIT_CHECKLIST_ANNEXURE; V_GET_ANEX_NO_OF_RESPONSIBLE","","T_CURSOR; T_AUDITEE_ENTITIES_MAPING; T_AU_OBSERVATION_FAD; AIS_T_AU_POST_COMPLIANCE; T_RISK; T_AUDIT_CHECKLIST_ANNEXURE; V_GET_ANEX_NO_OF_RESPONSIBLE","True","Keep within future-state module design"
"PKG_RPT","PKG_RPT.P_GET_YEAR_WISE_AUDIT_OUTSTANDING_PARAS","Confirmed Active","RPT","GetYearWiseOutstandingParas","T_AU_OBSERVATION_FAD","","T_CURSOR; T_AU_OBSERVATION_FAD","True","Keep within future-state module design"
"PKG_RPT","PKG_RPT.P_GET_YEAR_WISE_AUDIT_OUTSTANDING_PARAS_DETAILS","Confirmed Active","RPT","GetYearWiseOutstandingParasDetails","T_AU_OBSERVATION_FAD; T_RISK","","T_CURSOR; T_AU_OBSERVATION_FAD; T_RISK","True","Keep within future-state module design"
"PKG_RPT","PKG_RPT.P_GET_PARA_TEXT_WORDS_V2","Confirmed Active","RPT","GetAuditParasByText","VM_GET_ALL_PARA_TEXT; T_AUDITEE_ENTITIES; T_AUDITEE_ENTITIES_MAPING","","T_TEXT; T_CURSOR; V_1; VM_GET_ALL_PARA_TEXT; T_AUDITEE_ENTITIES; T_AUDITEE_ENTITIES_MAPING","True","Keep within future-state module design"
"PKG_RPT","PKG_RPT.P_GET_YEAR_WISE_ALL_PARAS","Confirmed Active","RPT","GetYearWiseAllParas","T_AU_OLD_PARAS_FAD; T_AUDITEE_ENTITIES; T_AUDITEE_ENTITIES_MAPING; T_RISK; T_AUDITEE_ENT_TYPES; V_DASHBOARD_NEW_PARAS","","T_CURSOR; T_AU_OLD_PARAS_FAD; T_AUDITEE_ENTITIES; T_AUDITEE_ENTITIES_MAPING; T_RISK; T_AUDITEE_ENT_TYPES; V_DASHBOARD_NEW_PARAS","True","Keep within future-state module design"
"PKG_RPT","PKG_RPT.P_GET_FAD_DESK_OFFICER_AUDIT_PERIODS","Confirmed Active","RPT","GetDistinctFadDeskOfficerAuditPeriods","AIS_T_AU_POST_COMPLIANCE","","T_CURSOR; AIS_T_AU_POST_COMPLIANCE","True","Keep within future-state module design"
"PKG_RPT","PKG_RPT.P_GET_FAD_DESK_OFFICER_RPT_BY_PERIOD","Confirmed Active","RPT","GetFadDeskOfficerRptByDateRange","V_FAD_NAUMAN_RPT","","T_CURSOR; V_FAD_NAUMAN_RPT","True","Keep within future-state module design"
"PKG_SM","PKG_SM.P_ADD_SAMPLE_DATA","Confirmed Active","SM","CreateSampleDataAfterEngagementApproval","T_AUDITEE_ENTITIES; T_AU_PLAN_ENG; V_SAM_ACCOUNT; V_SAMPLING_OUT_LOANS_STATUS; V_SAMPLING_ZERO_RECOVERY; V_SAMPLING_CLOSED_LOANS; V_SAMPLING_DISB_LOANS; V_SAMPLING_PROD_LOANS; V_SAMPLING_DEVP_LOANS; T_AU_SAMPLE_DATA; T_AU_SAMPLE; DUAL","T_AU_SAMPLE_DATA","T_CURSOR; T_AUDITEE_ENTITIES; T_AU_PLAN_ENG; V_SAM_ACCOUNT; V_SAMPLING_OUT_LOANS_STATUS; V_SAMPLING_ZERO_RECOVERY; V_SAMPLING_CLOSED_LOANS; V_SAMPLING_DISB_LOANS; V_SAMPLING_PROD_LOANS; V_SAMPLING_DEVP_LOANS; T_AU_SAMPLE_DATA; T_AU_SAMPLE","True","Keep within future-state module design"
"PKG_SM","PKG_SM.P_ADD_EXCEPTION_DATA","Confirmed Active","SM","CreateExceptionDataAfterEngagementApproval","T_EXCEPTION_ACCOUNTS_CUST; T_EXCEPTION_ACCOUNTS_TXN; T_EXCEPTION_ENG; T_EXCEPTION_ENG_BRANCHES; T_EXCEPTION_ACCOUNTS; T_EXCEPTION_ACCOUNTS_DATA; T_EXCEPTION_ENG_DATA","T_EXCEPTION_ACCOUNTS_CUST; T_EXCEPTION_ACCOUNTS_TXN; T_EXCEPTION_ENG; T_EXCEPTION_ENG_BRANCHES; T_EXCEPTION_ACCOUNTS; T_EXCEPTION_ACCOUNTS_DATA; T_EXCEPTION_ENG_DATA","T_CURSOR; T_EXCEPTION_ACCOUNTS_CUST; T_EXCEPTION_ACCOUNTS_TXN; T_EXCEPTION_ENG; T_EXCEPTION_ENG_BRANCHES; T_EXCEPTION_ACCOUNTS; T_EXCEPTION_ACCOUNTS_DATA; T_EXCEPTION_ENG_DATA","True","Keep within future-state module design"
"PKG_SM","PKG_SM.P_GET_ACCOUNT","Confirmed Active","SM","GetBiometSamplingDetails","T_SAMPLE_ACCOUNTS_DATA; T_AU_SAMPLE_BRANCH","","T_CURSOR; T_SAMPLE_ACCOUNTS_DATA; T_AU_SAMPLE_BRANCH","True","Keep within future-state module design"
"PKG_SM","PKG_SM.P_GET_ACCOUNT_TRANSCATIONS","Confirmed Active","SM","GetBiometAccountTransactionSamplingDetails","BRANCH.T_TRANSACTION; BRANCH.T_ACCOUNT; BRANCH.T_CUSTOMERACCOUNTS; BRANCH.T_CUSTOMER; BRANCH.T_BRANCH; BRANCH.T_TRANSACTIONMASTER; T_AUDITEE_ENTITIES; T_AU_PLAN_ENG; V_P_GET_ACCOUNT_TRANSCATIONS","","T_CURSOR; T_TRANSACTION; T_ACCOUNT; T_CUSTOMERACCOUNTS; T_CUSTOMER; T_BRANCH; T_TRANSACTIONMASTER; T_AUDITEE_ENTITIES; T_AU_PLAN_ENG; V_P_GET_ACCOUNT_TRANSCATIONS","True","Keep within future-state module design"
"PKG_SM","PKG_SM.P_GET_ACCOUNT_DOC ","Confirmed Active","SM","GetBiometAccountDocumentsSamplingDetails","","","","False","Keep within future-state module design"
"PKG_SM","PKG_SM.P_GET_EXCEPTION_REPORT_DATA","Confirmed Active","SM","GetExceptionReportData","T_AU_EXCEPTION_REPORTS_FORMAT; UNIFIED; T_EXCEPTION_ENG_DATA","","T_AU_EXCEPTION_REPORTS_FORMAT; T_EXCEPTION_ENG_DATA","True","Keep within future-state module design"
"PKG_SM","PKG_SM.P_GET_SAMPLE","Confirmed Active","SM","GetListOfSamples","T_AU_SAMPLE; T_AU_SAMPLE_DATA","","T_CURSOR; T_AU_SAMPLE; T_AU_SAMPLE_DATA","True","Keep within future-state module design"
"PKG_SM","PKG_SM.P_GET_LOANS_SAMPLE","Confirmed Active","SM","GetLoanSamples","T_SAMPLE_LOANS_DATA","","T_CURSOR; T_SAMPLE_LOANS_DATA","True","Keep within future-state module design"
"PKG_SM","PKG_SM.P_GET_LOANS_EXCEPTIONS","Confirmed Active","SM","GetLoanExceptions","T_AU_PLAN_ENG; V_P_GET_LOANS_EXCEPTIONS; DUAL","","T_CURSOR; V_BRANCH_CODE; V_START_DATE; V_END_DATE; T_AU_PLAN_ENG; V_P_GET_LOANS_EXCEPTIONS","True","Keep within future-state module design"
"PKG_SM","PKG_SM.P_GET_LOAN_DOCUMENTS","Confirmed Active","SM","GetLoanSamplesDocuments","ATAS.T_LN_DISBURSEMENT; ATAS.T_LN_LOAN_APP; ATAS.T_BRANCH; ATAS.T_LN_CUSTOMER_LOAN_APP; ATAS.T_CUSTOMER; SDMS.T_LOANINFORMATION; SDMS.T_GENERAICDOCUMENT; SDMS.T_DOCUMENTS; SDMS.T_LOANDOCUMENTIMAGES; V_P_GET_LOAN_DOCUMENTS","","T_CURSOR; T_LN_DISBURSEMENT; T_LN_LOAN_APP; T_BRANCH; T_LN_CUSTOMER_LOAN_APP; T_CUSTOMER; T_LOANINFORMATION; T_GENERAICDOCUMENT; T_DOCUMENTS; T_LOANDOCUMENTIMAGES; V_P_GET_LOAN_DOCUMENTS","True","Keep within future-state module design"
"PKG_SM","PKG_SM.P_GET_LOAN_DOCUMENTS_IMAGE","Confirmed Active","SM","GetLoanSamplesDocumentData","DUAL; SDMS.V_T_LOANDOCUMENTIMAGES","","T_CURSOR; V_T_LOANDOCUMENTIMAGES","True","Keep within future-state module design"
"PKG_SM","PKG_SM.P_GET_LOAN_TRANSACTIONS","Confirmed Active","SM","GetLoanSamplesTransactions","ATAS.T_LN_DISBURSEMENT; ATAS.T_LN_TRANSACTION; ATAS.T_LN_TRANSACTIONMASTER","","T_CURSOR; T_LN_DISBURSEMENT; T_LN_TRANSACTION; T_LN_TRANSACTIONMASTER","True","Keep within future-state module design"
"PKG_SM","PKG_SM.P_GET_SAMPLE_ENTITIES","Confirmed Active","SM","GetSampleEntities","T_AU_SAMPLE_DATA; T_AU_PLAN_ENG; T_AU_AUDIT_TEAM_TASKLIST; T_AUDITEE_ENTITIES","","T_CURSOR; T_AU_SAMPLE_DATA; T_AU_PLAN_ENG; T_AU_AUDIT_TEAM_TASKLIST; T_AUDITEE_ENTITIES","True","Keep within future-state module design"
"PKG_SM","PKG_SM.P_ADD_SAMPLE_DATA_UPDATE","Confirmed Active","SM","RegenerateSampleofLoan","V_SAM_ACCOUNT; V_SAMPLING_OUT_LOANS_STATUS; V_SAMPLING_CLOSED_LOANS; V_SAMPLING_ZERO_RECOVERY; V_SAMPLING_PROD_LOANS; V_SAMPLING_DEVP_LOANS; V_SAMPLING_DISB_LOANS; T_AU_SAMPLE_DATA; DUAL","T_AU_SAMPLE_DATA","T_CURSOR; V_SAM_ACCOUNT; T_AU_SAMPLE_DATA; V_SAMPLING_OUT_LOANS_STATUS; V_SAMPLING_CLOSED_LOANS; V_SAMPLING_ZERO_RECOVERY; V_SAMPLING_PROD_LOANS; V_SAMPLING_DEVP_LOANS; V_SAMPLING_DISB_LOANS","True","Keep within future-state module design"
"PKG_SM","PKG_SM.P_GET_EXCEPTION_MONITOR_ENTITIES","Confirmed Active","SM","GetExceptionMonitorEntities","T_AU_PLAN_ENG; T_AUDITEE_ENTITIES; T_EXCEPTION_ENG_DATA; T_EXCEPTION_ERROR_LOG","","T_CURSOR; T_AU_PLAN_ENG; T_AUDITEE_ENTITIES; T_EXCEPTION_ENG_DATA; T_EXCEPTION_ERROR_LOG","True","Keep within future-state module design"
"PKG_SM","PKG_SM.P_GET_EXCEPTION_MONITOR_DETAILS","Confirmed Active","SM","GetExceptionMonitorDetails","MASTER; T_AU_PLAN_ENG; T_AUDITEE_ENTITIES; T_AU_EXCEPTION_REPORTS; T_EXCEPTION_ENG_DATA; V_EXCEPTION_ALL_REPORTS","","T_CURSOR; T_AU_PLAN_ENG; T_AUDITEE_ENTITIES; T_AU_EXCEPTION_REPORTS; T_EXCEPTION_ENG_DATA; V_EXCEPTION_ALL_REPORTS","True","Keep within future-state module design"
"PKG_SM","PKG_SM.P_REGENERATE_EXCEPTION","Confirmed Active","SM","RegenerateException","T_EXCEPTION_ENG","T_EXCEPTION_ENG; T_EXCEPTION_ERROR_LOG","V_ERRMSG; V_ERR_STACK; V_ERR_BT; T_EXCEPTION_ENG; T_EXCEPTION_ERROR_LOG","True","Keep within future-state module design"
"PKG_SM","PKG_SM.P_GET_ACCOUNT_TRANSCATIONS_MASTER","Confirmed Active","SM","GetCDMSMasterTransactions","BRANCH.T_TRANSACTION; BRANCH.T_ACCOUNT; BRANCH.T_CUSTOMERACCOUNTS; BRANCH.T_CUSTOMER; BRANCH.T_BRANCH; BRANCH.T_TRANSACTIONMASTER; T_AUDITEE_ENTITIES; V_P_GET_ACCOUNT_TRANSCATIONS_MASTER","","T_CURSOR; T_TRANSACTION; T_ACCOUNT; T_CUSTOMERACCOUNTS; T_CUSTOMER; T_BRANCH; T_TRANSACTIONMASTER; T_AUDITEE_ENTITIES; V_P_GET_ACCOUNT_TRANSCATIONS_MASTER","True","Keep within future-state module design"
"PKG_SM","PKG_SM.T_AU_EXCEPTION_REPORT","Confirmed Active","SM","GetListOfreports","T_AU_EXCEPTION_REPORTS; T_EXCEPTION_ENG_DATA; T_AU_PLAN_ENG","","T_AU_EXCEPTION_REPORT; T_CURSOR; T_AU_EXCEPTION_REPORTS; T_EXCEPTION_ENG_DATA; T_AU_PLAN_ENG","True","Keep within future-state module design"
"PKG_SM","PKG_SM.P_ADD_NEW_EXP_REPORT","Confirmed Active","SM","AddExceptionAccountReport","T_AU_EXCEPTION_REPORTS; DUAL","T_AU_EXCEPTION_REPORTS","T_CURSOR; T_AU_EXCEPTION_REPORTS","True","Keep within future-state module design"
"PKG_SM","PKG_SM.P_GET_EXCEPTION_REPORT_FORMAT","Confirmed Active","SM","GetExceptionReportFormat","T_AU_EXCEPTION_REPORTS_FORMAT","","T_AU_EXCEPTION_REPORTS_FORMAT","True","Keep within future-state module design"
"PKG_SM","PKG_SM.P_INSERT_EXCEPTION_REPORT_FORMAT","Confirmed Active","SM","InsertExceptionReportFormat","","T_AU_EXCEPTION_REPORTS_FORMAT","T_AU_EXCEPTION_REPORTS_FORMAT","True","Keep within future-state module design"
"PKG_SM","PKG_SM.P_UPDATE_EXCEPTION_REPORT_FORMAT","Confirmed Active","SM","UpdateExceptionReportFormat","T_AU_EXCEPTION_REPORTS_FORMAT","T_AU_EXCEPTION_REPORTS_FORMAT","T_AU_EXCEPTION_REPORTS_FORMAT","True","Keep within future-state module design"
