"Module","FileName","MethodName","Access","Status","BusinessArea","InferredPurpose","ActiveControllers","ArchiveReferences","ProcedureCalls","DirectSqlObjects","ProcedureReadObjects","ProcedureWriteObjects","InputParameters","OutputParameters","CursorColumns","MethodSignature","Reason"
"AD","DBConnection.AD.cs","GetAllTopMenus","public","Confirmed Active","Security and Administration","Read/list workflow data for Security and Administration","AdministrationPanelController.cs","","pkg_ad.P_GetAllTopMenus","","T_MENU","","P_NO:Int32; ENT_ID:Int32; R_ID:Int32; T_CURSOR:RefCursor","T_CURSOR:RefCursor:Output","MENU_ID; MENU_NAME; MENU_ORDER; MENU_DESCRIPTION","public List<MenuModel> GetAllTopMenus() {","Referenced by non-archive controller(s)."
"AD","DBConnection.AD.cs","GetAllMenuPages","public","Confirmed Active","Security and Administration","Read/list workflow data for Security and Administration","AdministrationPanelController.cs","","pkg_ad.p_GetAllMenuPages","","T_MENU_PAGES","","menuId:Int32; P_NO:Int32; ENT_ID:Int32; R_ID:Int32; T_CURSOR:RefCursor","T_CURSOR:RefCursor:Output","ID; MENU_ID; PAGE_NAME; PAGE_PATH; PAGE_ORDER; STATUS","public List<MenuPagesModel> GetAllMenuPages(int menuId = 0) {","Referenced by non-archive controller(s)."
"AD","DBConnection.AD.cs","GetAssignedMenuPages","public","Confirmed Active","Security and Administration","Read/list workflow data for Security and Administration","AdministrationPanelController.cs","","pkg_ad.P_GetAssignedMenuPages","","T_MENU_PAGES; T_MENU_PAGES_GROUPMAP","","groupId:Int32; menuId:Int32; P_NO:Int32; ENT_ID:Int32; R_ID:Int32; T_CURSOR:RefCursor","T_CURSOR:RefCursor:Output","ID; MENU_ID; PAGE_NAME; PAGE_PATH; PAGE_ORDER; STATUS","public List<MenuPagesModel> GetAssignedMenuPages(int groupId, int menuId) {","Referenced by non-archive controller(s)."
"AD","DBConnection.AD.cs","UpdateMenuPagesAssignment","public","Confirmed Active","Security and Administration","Change state within Security and Administration workflow","ApiCallsController.cs","","pkg_ad.P_updateAllMenuPages","","","T_MENU_PAGES","menuId:Int32; p_id:Int32; P_NO:Int32; ENT_ID:Int32; R_ID:Int32","","","public bool UpdateMenuPagesAssignment(int menuId, int pageId) {","Referenced by non-archive controller(s)."
"AD","DBConnection.AD.cs","GetGroups","public","Confirmed Active","Security and Administration","Read/list workflow data for Security and Administration","AdministrationPanelController.cs; ReportsController.cs","","pkg_ad.P_GetGroups","","T_GROUPS","","P_NO:Int32; ENT_ID:Int32; R_ID:Int32; T_CURSOR:RefCursor","T_CURSOR:RefCursor:Output","GROUP_ID; GROUP_NAME; DESCRIPTION; STATUS","public List<GroupModel> GetGroups() {","Referenced by non-archive controller(s)."
"AD","DBConnection.AD.cs","AddGroup","public","Confirmed Active","Security and Administration","Create or advance Security and Administration workflow data","AdministrationPanelController.cs","","pkg_ad.p_AddGroup; pkg_ad.P_Group_Update","","T_GROUPS","T_GROUPS","GROUP_DESCRIPTION:Varchar2; GROUP_NAME:Varchar2; ISACTIVE:Varchar2; P_NO:Int32; ENT_ID:Int32; R_ID:Int32; GROUPID:Varchar2","","","public GroupModel AddGroup(GroupModel gm) {","Referenced by non-archive controller(s)."
"AD","DBConnection.AD.cs","GetRoleResponsibilities","public","Confirmed Active","Security and Administration","Read/list workflow data for Security and Administration","SetupController.cs","","pkg_ad.P_GetRoleResponsibilities","","T_HR_DESIGNATIONS","","T_CURSOR:RefCursor","T_CURSOR:RefCursor:Output","DESIGNATIONCODE; DESCRIPTION; STATUSTYPE","public List<RoleRespModel> GetRoleResponsibilities() {","Referenced by non-archive controller(s)."
"AD","DBConnection.AD.cs","GetAnnexuresForChecklistDetail","public","Confirmed Active","Security and Administration","Read/list workflow data for Security and Administration","ApiCallsController.cs; ExecutionController.cs; FADController.cs; FieldAuditController.cs; SetupController.cs","ArchiveController.cs","pkg_ad.p_get_annexure","","T_AUDIT_CHECKLIST_ANNEXURE; T_AUDIT_CHECKLIST_ANNEXURE_PROCESS; T_AUDITEE_ENTITIES; T_RISK","","ENT_ID:Int32; P_NO:Int32; R_ID:Int32; T_CURSOR:RefCursor","T_CURSOR:RefCursor:Output","ID; Annex; Code; HEADING; Risk; process; function; Risk_ID; process_Id; function_Id; function_id_1; function_1; function_id_2; function_2; max_number; weightage; gravity; Vol; Status","public List<AnnexureModel> GetAnnexuresForChecklistDetail() {","Referenced by non-archive controller(s)."
"AD","DBConnection.AD.cs","GetAllUsers","public","Confirmed Active","Security and Administration","Read/list workflow data for Security and Administration","ApiCallsController.cs","","pkg_ad.p_get_allusers","","T_AUDITEE_ENT_TYPES; T_AUDITEE_ENTITIES; T_EMAIL_ADDRESS; T_GROUPS; T_USER; T_USER_MAPING; V_GET_PARENT_OFFICE; V_SERVICE_EMPLOYEEINFO","","ENTITYID:Int32; EMAIL:Varchar2; GROUPID:Int32; PPNUMBER:Int32; LOGINNAME:Varchar2; ENT_ID:Int32; P_NO:Int32; R_ID:Int32; T_CURSOR:RefCursor","T_CURSOR:RefCursor:Output","USERID; PPNO; EMPLOYEEFIRSTNAME; EMPLOYEELASTNAME; EMAIL; entity_id; child_code; p_type_id; parent_id; parent_code; c_type_id; c_name; relation_type_id; p_name; type_id; code; group_id; group_name; ISACTIVE","public List<UserModel> GetAllUsers(FindUserModel user) {","Referenced by non-archive controller(s)."
"AD","DBConnection.AD.cs","AddNewUser","public","Confirmed Active","Security and Administration","Create or advance Security and Administration workflow data","ApiCallsController.cs","","pkg_ad.P_add_new_user","","DUAL; T_USER; T_USER_MAPING; V_SERVICE_EMPLOYEEINFO","T_USER; T_USER_MAPING","ENC_PASS:Varchar2; ROLE_ID:Int32; P_NO:Int32; ENT_ID:Int32; T_CURSOR:RefCursor","T_CURSOR:RefCursor:Output","remarks","public string AddNewUser(FindUserModel user) {","Referenced by non-archive controller(s)."
"AD","DBConnection.AD.cs","GetAuditEntityTypes","public","Confirmed Active","Security and Administration","Read/list workflow data for Security and Administration","AdministrationPanelController.cs; SetupController.cs","","pkg_ad.P_Get_Entity_type","","T_AUDITEE_ENT_TYPES","","ENT_ID:Int32; P_NO:Int32; R_ID:Int32; PG_ID:Int32; T_CURSOR:RefCursor","T_CURSOR:RefCursor:Output","AUTID; ENTITYCODE; ENTITYTYPEDESC; AUDITABLE; d_risk","public List<AuditEntitiesModel> GetAuditEntityTypes(int page_id) {","Referenced by non-archive controller(s)."
"AD","DBConnection.AD.cs","GetAuditBy","public","Confirmed Active","Security and Administration","Read/list workflow data for Security and Administration","AdministrationPanelController.cs; SetupController.cs","","pkg_ad.p_get_audited_by","","T_AUDIT_DEPARTMENTS","","T_CURSOR:RefCursor","T_CURSOR:RefCursor:Output","entity_id; deptname","public List<AuditEntitiesModel> GetAuditBy() {","Referenced by non-archive controller(s)."
"AD","DBConnection.AD.cs","GetAuditeeEntities","public","Confirmed Active","Security and Administration","Read/list workflow data for Security and Administration","AdministrationPanelController.cs","","pkg_ad.P_GetAuditeeEntityTypes","","T_AUDITEE_ENT_TYPES","","ENTITYID:Int32; T_CURSOR:RefCursor","T_CURSOR:RefCursor:Output","entitycode; ENTITY_TYPE","public List<AuditeeEntitiesModel> GetAuditeeEntities(int ENTITY_TYPE_ID = 0) {","Referenced by non-archive controller(s)."
"AD","DBConnection.AD.cs","GetAuditeeEntitiesForUpdate","public","Confirmed Active","Security and Administration","Read/list workflow data for Security and Administration","ApiCallsController.cs","","pkg_ad.P_GetEntitees_for_update","","T_AUDITEE_ENTITIES; T_AUDITEE_ENTITIES_SIZE_DISC; T_AUDITEE_ENTITIES_UPDATE_AZ; T_RISK","","ENTITYID:Int32; P_NO:Int32; ENT_ID:Int32; TYPEID:Int32; RO_ID:Int32; T_CURSOR:RefCursor","T_CURSOR:RefCursor:Output","ENTITY_ID; CODE; NAME; ACTIVE; AUDITBY_ID; AUDITBY_NAME; AUDITABLE; ADDRESS; TELEPHONE; EMAIL_ADDRESS; RISK_ID; SIZE_ID; ERISK; ESIZE","public List<AuditeeEntitiesModel> GetAuditeeEntitiesForUpdate(int ENTITY_TYPE_ID = 0, int ENTITY_ID = 0) {","Referenced by non-archive controller(s)."
"AD","DBConnection.AD.cs","GetAuditeeEntitiesForUpdateForAuthorization","public","Confirmed Active","Security and Administration","Read/list workflow data for Security and Administration","ApiCallsController.cs","","pkg_ad.P_GetEntitees_for_update_comp","","T_AUDITEE_ENTITIES; T_AUDITEE_ENTITIES_SIZE_DISC; T_AUDITEE_ENTITIES_UPDATE_AZ; T_RISK","","E_ENTITY_ID:Int32; P_NO:Int32; ENT_ID:Int32; R_ID:Int32; T_CURSOR:RefCursor","T_CURSOR:RefCursor:Output","ENTITY_ID; CODE; CODE_OLD; NAME; NAME_OLD; ACTIVE; ACTIVE_OLD; AUDITBY_ID; AUDITBY_ID_OLD; AUDITBY_NAME; AUDITBY_NAME_OLD; AUDITABLE; AUDITABLE_OLD; ADDRESS; ADDRESS_OLD; TELEPHONE; TELEPHONE_OLD; EMAIL_ADDRESS; EMAIL_ADDRESS_OLD; RISK_ID; RISK_ID_OLD; SIZE_ID; SIZE_ID_OLD; ERISK; ERISK_OLD; ESIZE; ESIZE_OLD","public List<AuditeeEntityUpdateModel> GetAuditeeEntitiesForUpdateForAuthorization(int ENTITY_TYPE_ID = 0, int ENTITY_ID = 0) {","Referenced by non-archive controller(s)."
"AD","DBConnection.AD.cs","GetAuditeeEntitiesForAuthorization","public","Confirmed Active","Security and Administration","Read/list workflow data for Security and Administration","ApiCallsController.cs","","pkg_ad.P_GetEntitees_for_update_authorization","","T_AUDITEE_ENTITIES; T_AUDITEE_ENTITIES_SIZE_DISC; T_AUDITEE_ENTITIES_UPDATE_AZ; T_RISK","","E_ENTITY_ID:Int32; E_up_status:Varchar2; P_NO:Int32; R_ID:Int32; IND:Varchar2; io_cursor:RefCursor","io_cursor:RefCursor:Output","ID; ENTITY_ID; CODE; NAME; ACTIVE; AUDITBY_ID; AUDITBY_NAME; AUDITABLE; ADDRESS; TELEPHONE; EMAIL_ADDRESS; RISK_ID; SIZE_ID; UP_STATUS; ERISK; ESIZE","public List<AuditeeEntityUpdateModel> GetAuditeeEntitiesForAuthorization() {","Referenced by non-archive controller(s)."
"AD","DBConnection.AD.cs","UpdateAuditeeEntity","public","Confirmed Active","Security and Administration","Change state within Security and Administration workflow","ApiCallsController.cs","","pkg_ad.P_UPDATE_ENTITIES","","DUAL; T_AUDITEE_ENTITIES; T_AUDITEE_ENTITIES_UPDATE_AZ","T_AUDITEE_ENTITIES; T_AUDITEE_ENTITIES_UPDATE_AZ; TO","E_entity_id:Int32; E_code:Int32; E_name:Varchar2; E_active:Varchar2; E_auditable:Varchar2; E_address:Varchar2; E_telephone:Varchar2; E_email_address:Varchar2; E_risk_id:Int32; E_size_id:Int32; E_up_status:Varchar2; P_NO:Int32; R_ID:Int32; IND:Varchar2; io_cursor:RefCursor","io_cursor:RefCursor:Output","remarks","public string UpdateAuditeeEntity(AuditeeEntityUpdateModel entityModel, string IND) {","Referenced by non-archive controller(s)."
"AD","DBConnection.AD.cs","GetAISEntities","public","Confirmed Active","Security and Administration","Read/list workflow data for Security and Administration","ApiCallsController.cs","","pkg_ad.P_get_auditee_entities","","T_AUDITEE_ENT_TYPES; T_AUDITEE_ENTITIES","","ENT_ID:Varchar2; T_ID:Varchar2; T_CURSOR:RefCursor","T_CURSOR:RefCursor:Output","ENTITY_ID; NAME; CODE; TYPE_ID; AUDITBY_ID; auditby_name; TYPE_NAME; auditable; cost_center; active","public List<AuditeeEntitiesModel> GetAISEntities(string ENTITY_ID, string TYPE_ID) {","Referenced by non-archive controller(s)."
"AD","DBConnection.AD.cs","GetCBASEntities","public","Confirmed Active","Security and Administration","Read/list workflow data for Security and Administration","ApiCallsController.cs","","pkg_ad.P_GET_CBAS_ENTITIES","","V_GET_CBAS_ENTITIES","","ENT_CODE:Varchar2; ENT_NAME:Varchar2; T_CURSOR:RefCursor","T_CURSOR:RefCursor:Output","ORG_UNITID; NAME","public List<AuditeeEntitiesModel> GetCBASEntities(string E_CODE, string E_NAME) {","Referenced by non-archive controller(s)."
"AD","DBConnection.AD.cs","GetERPEntities","public","Confirmed Active","Security and Administration","Read/list workflow data for Security and Administration","ApiCallsController.cs","","pkg_ad.P_GET_ERP_ENTITIES","","DUAL; V_ERP_DEPARTMENTS","","ENT_CODE:Varchar2; ENT_NAME:Varchar2; T_CURSOR:RefCursor","T_CURSOR:RefCursor:Output","ORG_ID; ORG_DESC","public List<AuditeeEntitiesModel> GetERPEntities(string E_CODE, string E_NAME) {","Referenced by non-archive controller(s)."
"AD","DBConnection.AD.cs","GetHREntities","public","Confirmed Active","Security and Administration","Read/list workflow data for Security and Administration","ApiCallsController.cs","","pkg_ad.P_GET_HR_ENTITIES","","V_GET_HR_ENTITIES","","ENT_CODE:Varchar2; ENT_NAME:Varchar2; T_CURSOR:RefCursor","T_CURSOR:RefCursor:Output","div_code; div_name","public List<AuditeeEntitiesModel> GetHREntities(string E_CODE, string E_NAME) {","Referenced by non-archive controller(s)."
"AD","DBConnection.AD.cs","AddAuditEntity","public","Confirmed Active","Security and Administration","Create or advance Security and Administration workflow data","EngagementController.cs","","pkg_ad.P_AddAuditEntity","","T_AUDITEE_ENT_TYPES","T_AUDITEE_ENT_TYPES","AUDITABLE:Varchar2; ENTITYTYPEDESC:Varchar2","","","public AuditEntitiesModel AddAuditEntity(AuditEntitiesModel am) {","Referenced by non-archive controller(s)."
"AD","DBConnection.AD.cs","UpdateUser","public","Confirmed Active","Security and Administration","Change state within Security and Administration workflow","AdministrationPanelController.cs","","pkg_ad.UPDATE_USERS","","T_AU_REMARKS; T_EMAIL_ADDRESS; T_EMP_EMAILS; T_USER; T_USER_MAPING","T_EMAIL_ADDRESS; T_EMP_EMAILS; T_USER; T_USER_MAPING","PPNUMBER:Int32; PASS:Varchar2; IS_ACTIVE:Varchar2; ROLEID:Int32; ENTITYID:Int32; EMAIL_ADDRESS:Varchar2; T_CURSOR:RefCursor","T_CURSOR:RefCursor:Output","","public UpdateUserModel UpdateUser(UpdateUserModel user) {","Referenced by non-archive controller(s)."
"AD","DBConnection.AD.cs","ResetUserPassword","public","Confirmed Active","Security and Administration","Change state within Security and Administration workflow","LoginController.cs","","pkg_ad.RESET_USER_PASSWORD","","DUAL; T_AUDITEE_ENT_TYPES; T_AUDITEE_ENTITIES; T_USER; V_EMAILS; V_SERVICE_EMPLOYEEINFO","PASSWORD; T_USER","PPNUMBER:Int32; CNIC:Int32; PASS:Varchar2; T_CURSOR:RefCursor","T_CURSOR:RefCursor:Output","remarks; emailAddress; emailAddress2; empFullName; IND","public PasswordResetResult ResetUserPassword(string PPNumber, string CNICNumber, string generatedPassword = null) {","Referenced by non-archive controller(s)."
"AD","DBConnection.AD.cs","AddGroupMenuItemsAssignment","public","Confirmed Active","Security and Administration","Create or advance Security and Administration workflow data","AdministrationPanelController.cs","","pkg_ad.p_AddGroupMenuItemsAssignment","","T_AU_API_MASTER; T_AU_ROLE_API_PERMISSION; T_MENU_PAGES_GROUPMAP","T_AU_ROLE_API_PERMISSION; T_MENU_PAGES_GROUPMAP","groupid:Int32; PAGEID:Int32","","","public void AddGroupMenuItemsAssignment(int group_id = 0, int menu_item_id = 0) {","Referenced by non-archive controller(s)."
"AD","DBConnection.AD.cs","RemoveGroupMenuItemsAssignment","public","Confirmed Active","Security and Administration","Change state within Security and Administration workflow","AdministrationPanelController.cs","","pkg_ad.P_RemoveGroupMenuItemsAssignment","","T_AU_API_MASTER; T_AU_ROLE_API_PERMISSION; T_MENU_PAGES_GROUPMAP","T_AU_ROLE_API_PERMISSION; T_MENU_PAGES_GROUPMAP","groupid:Int32; PAGEID:Int32","","","public void RemoveGroupMenuItemsAssignment(int group_id = 0, int menu_item_id = 0) {","Referenced by non-archive controller(s)."
"AD","DBConnection.AD.cs","GetAuditZones","public","Confirmed Active","Security and Administration","Read/list workflow data for Security and Administration","AdministrationPanelController.cs; ApiCallsController.cs; ReportsController.cs; SetupController.cs","","pkg_ad.P_GetAuditZones","","T_AUDITEE_ENTITIES","","ENTITYID:Int32; T_CURSOR:RefCursor","T_CURSOR:RefCursor:Output","entity_id; CODE; NAME; DESCRIPTION; ACTIVE","public List<AuditZoneModel> GetAuditZones(bool sessionCheck = true) {","Referenced by non-archive controller(s)."
"AD","DBConnection.AD.cs","GetBranches","public","Confirmed Active","Security and Administration","Read/list workflow data for Security and Administration","ApiCallsController.cs; SetupController.cs","","pkg_ad.P_GetBranches","","V_SERVICE_BRANCH","","Zone_Id:Int32; T_CURSOR:RefCursor","T_CURSOR:RefCursor:Output","BRANCHID; ZONEID; BRANCHNAME; ZONENAME; BRANCHCODE; DESCRIPTION; ISACTIVE","public List<BranchModel> GetBranches(int zone_code = 0, bool sessionCheck = true) {","Referenced by non-archive controller(s)."
"AD","DBConnection.AD.cs","GetZones","public","Confirmed Active","Security and Administration","Read/list workflow data for Security and Administration","EngagementController.cs; ExecutionController.cs; HMController.cs; PlanningController.cs; ReportsController.cs; SamplingController.cs; SetupController.cs","ArchiveController.cs","pkg_ad.P_GetZones","","T_AUDITEE_ENTITIES","","T_CURSOR:RefCursor","T_CURSOR:RefCursor:Output","ZONEID; ENTITY_ID; ZONECODE; NAME; DESCRIPTION; ISACTIVE","public List<ZoneModel> GetZones(bool sessionCheck = true) {","Referenced by non-archive controller(s)."
"AD","DBConnection.AD.cs","GetZonesoldparamointoring","public","Confirmed Active","Security and Administration","Read/list workflow data for Security and Administration","FADController.cs; HMController.cs","","pkg_ad.P_GetZonesForHoMointoring","","T_AUDITEE_ENT_TYPES; T_AUDITEE_ENTITIES; T_AUDITEE_ENTITIES_MAPING; V_GET_PARENT_OFFICE","","ENT_ID:Int32; P_NO:Int32; R_ID:Int32; T_CURSOR:RefCursor","T_CURSOR:RefCursor:Output","ZONEID; ENTITY_ID; ZONECODE; NAME; DESCRIPTION; ISACTIVE","public List<ZoneModel> GetZonesoldparamointoring(bool sessionCheck = true) {","Referenced by non-archive controller(s)."
"AD","DBConnection.AD.cs","GetBranchSizes","public","Confirmed Active","Security and Administration","Read/list workflow data for Security and Administration","AdministrationPanelController.cs; EngagementController.cs; PlanningController.cs; SetupController.cs","","pkg_ad.P_GetBranchSizes","","T_AUDITEE_ENTITIES_SIZE_DISC","","T_CURSOR:RefCursor","T_CURSOR:RefCursor:Output","ENTITY_SIZE; DESCRIPTION","public List<BranchSizeModel> GetBranchSizes() {","Referenced by non-archive controller(s)."
"AD","DBConnection.AD.cs","GetControlViolations","public","Confirmed Active","Security and Administration","Read/list workflow data for Security and Administration","SetupController.cs","ArchiveController.cs","pkg_ad.P_GetControlViolations","","T_R_SUB_GROUP","","T_CURSOR:RefCursor","T_CURSOR:RefCursor:Output","S_GR_ID; DESCRIPTION; MAX_NUMBER","public List<ControlViolationsModel> GetControlViolations() {","Referenced by non-archive controller(s)."
"AD","DBConnection.AD.cs","GetSubEntities","public","Confirmed Active","Security and Administration","Read/list workflow data for Security and Administration","ApiCallsController.cs; SetupController.cs","","pkg_ad.P_GetSubEntities","","T_AUDITEE_ENTITEE_SUBENTITY; T_AUDITEE_ENTITIES_MAPING","","dept_code:Varchar2; Div_id:Varchar2; T_CURSOR:RefCursor","T_CURSOR:RefCursor:Output","ID; DIV_ID; DEP_ID; NAME; DIV_NAME; DEPT_NAME; STATUS","public List<SubEntitiesModel> GetSubEntities(int div_code = 0, int dept_code = 0) {","Referenced by non-archive controller(s)."
"AD","DBConnection.AD.cs","AddSubEntity","public","Confirmed Active","Security and Administration","Create or advance Security and Administration workflow data","ApiCallsController.cs; SetupController.cs","","pkg_ad.P_AddSubEntity","","T_AUDITEE_ENTITEE_SUBENTITY","T_AUDITEE_ENTITEE_SUBENTITY","NAME:Varchar2; DIV_ID:Int32; DEP_ID:Int32; STATUS:Varchar2","","","public SubEntitiesModel AddSubEntity(SubEntitiesModel subentity) {","Referenced by non-archive controller(s)."
"AD","DBConnection.AD.cs","UpdateSubEntity","public","Confirmed Active","Security and Administration","Change state within Security and Administration workflow","ApiCallsController.cs; SetupController.cs","","pkg_ad.P_UpdateSubEntity","","","T_AUDITEE_ENTITEE_SUBENTITY","E_id:Int32; NAME:Varchar2; DIV_ID:Int32; DEP_ID:Int32; STATUS:Varchar2","","","public SubEntitiesModel UpdateSubEntity(SubEntitiesModel subentity) {","Referenced by non-archive controller(s)."
"AD","DBConnection.AD.cs","GetAuditOngoingEngagementPlans","public","Confirmed Active","Security and Administration","Read/list workflow data for Security and Administration","EngagementController.cs","","pkg_ad.p_get_audit_team_postchanges","","T_AU_AUDIT_TEAM_TASKLIST; T_AU_AUDIT_TEAMS; T_AU_PLAN_ENG; T_AU_TEAM_MEMBERS","","ENT_ID:Int32; P_NO:Int32; R_ID:Int32; T_CURSOR:RefCursor","T_CURSOR:RefCursor:Output","eng_id; team_name; name; audit_startdate; audit_enddate; op_startdate; op_enddate; entity_id","public List<AuditRefEngagementPlanModel> GetAuditOngoingEngagementPlans() {","Referenced by non-archive controller(s)."
"AD","DBConnection.AD.cs","GetMatchedPPNumbers","public","Confirmed Active","Security and Administration","Read/list workflow data for Security and Administration","ApiCallsController.cs","","pkg_ad.p_get_allusers","","T_AUDITEE_ENT_TYPES; T_AUDITEE_ENTITIES; T_EMAIL_ADDRESS; T_GROUPS; T_USER; T_USER_MAPING; V_GET_PARENT_OFFICE; V_SERVICE_EMPLOYEEINFO","","ENTITYID:Int32; EMAIL:Varchar2; GROUPID:Int32; PPNUMBER:Int32; LOGINNAME:Varchar2; T_CURSOR:RefCursor","T_CURSOR:RefCursor:Output","USERID; EMPLOYEEFIRSTNAME; EMPLOYEELASTNAME; ppno","public UserModel GetMatchedPPNumbers(string PPNO) {","Referenced by non-archive controller(s)."
"AD","DBConnection.AD.cs","GetRiskProcessDetails","public","Confirmed Active","Security and Administration","Read/list workflow data for Security and Administration","ApiCallsController.cs; SetupController.cs","","pkg_ad.P_GetRiskProcessDetails","","T_AUDIT_CHECKLIST; T_AUDIT_CHECKLIST_SUB","","procId:Int32; T_CURSOR:RefCursor","T_CURSOR:RefCursor:Output","S_ID; T_ID; ENTITY_TYPE; HEADING; STATUS","public List<RiskProcessDetails> GetRiskProcessDetails(int procId = 0) {","Referenced by non-archive controller(s)."
"AD","DBConnection.AD.cs","GetSubChecklistComparisonDetailById","public","Confirmed Active","Security and Administration","Read/list workflow data for Security and Administration","ApiCallsController.cs","","pkg_ad.P_get_sub_checklist_update_byid","","V_SUB_CHECKLIST_UPDATE_EXITING; V_SUB_CHECKLIST_UPDATE_PROPOSE","","SId:Int32; T_CURSOR:RefCursor","T_CURSOR:RefCursor:Output","Process; sub_porcess; New_Process; Comments; new_sub_process; t_id; n_t_id; s_id; n_s_id","public List<SubProcessUpdateModelForReviewAndAuthorizeModel> GetSubChecklistComparisonDetailById(int SUB_PROCESS_ID = 0) {","Referenced by non-archive controller(s)."
"AD","DBConnection.AD.cs","GetChecklistComparisonDetailById","public","Confirmed Active","Security and Administration","Read/list workflow data for Security and Administration","ApiCallsController.cs","","pkg_ad.P_get_checklist_update_byid","","V_CHECKLIST_UPDATE_EXITING; V_CHECKLIST_UPDATE_PROPOSE","","CD_Id:Int32; T_CURSOR:RefCursor","T_CURSOR:RefCursor:Output","ID; PROCESS; SUB_PROCESS; NEW_SUB_PROCESS; Check_list; NEW_Check_list; voilation; NEW_voilation; funtional_responible; NEW_funtional_responible; Role_responsible; NEW_Role_responsible; RISK; NEW_RISK; annexure; NEW_annexure; STATUS; n_s_id; n_d_id; n_role_resp_id; n_owner_enitity_id; n_risk_id; n_v_id; n_annex","public List<ChecklistDetailComparisonModel> GetChecklistComparisonDetailById(int CHECKLIST_DETAIL_ID = 0) {","Referenced by non-archive controller(s)."
"AD","DBConnection.AD.cs","GetChecklistComparisonDetailByIdForRefferedBack","public","Confirmed Active","Security and Administration","Read/list workflow data for Security and Administration","ApiCallsController.cs","","pkg_ad.P_get_checklist_update_byid_ref","","V_CHECKLIST_UPDATE_EXITING; V_CHECKLIST_UPDATE_PROPOSE_ID","","CD_Id:Int32; T_CURSOR:RefCursor","T_CURSOR:RefCursor:Output","ID; PROCESS; PROCESS_ID; SUB_PROCESS; NEW_SUB_PROCESS; Check_list; NEW_Check_list; voilation; NEW_voilation; funtional_responible; NEW_funtional_responible; Role_responsible; NEW_Role_responsible; RISK; NEW_RISK; annexure; NEW_annexure","public List<ChecklistDetailComparisonModel> GetChecklistComparisonDetailByIdForRefferedBack(int CHECKLIST_DETAIL_ID = 0) {","Referenced by non-archive controller(s)."
"AD","DBConnection.AD.cs","GetRiskProcessTransactions","public","Confirmed Active","Security and Administration","Read/list workflow data for Security and Administration","ApiCallsController.cs; SetupController.cs","","pkg_ad.P_GetRiskProcessTransactions","","T_AUDIT_CHECKLIST; T_AUDIT_CHECKLIST_DETAILS; T_AUDIT_CHECKLIST_SUB; T_AUDITEE_ENTITIES; T_HR_DESIGNATIONS; T_R_SUB_GROUP","","procDetailId:Int32; transactionId:Int32; T_CURSOR:RefCursor","T_CURSOR:RefCursor:Output","ID; S_ID; V_ID; ROLE_RESP_ID; DIV_NAME; HEADING; PROCESS_OWNER_ID; CONTROL_OWNER; RISK_ID; TITLE; P_NAME; V_NAME; STATUS","public List<RiskProcessTransactions> GetRiskProcessTransactions(int procDetailId = 0, int transactionId = 0) {","Referenced by non-archive controller(s)."
"AD","DBConnection.AD.cs","GetUpdatedSubChecklistForReviewAndAuthorize","public","Confirmed Active","Security and Administration","Read/list workflow data for Security and Administration","SetupController.cs","","pkg_ad.p_Get_updated_Sub_Checklist_for_review","","T_AUDIT_CHECKLIST; T_AUDIT_CHECKLIST_DETAILS_LOG; T_AUDIT_CHECKLIST_SUB; T_AUDIT_CHECKLIST_SUB_CHANGE; V_SUB_CHECKLIST_REFFEREDBACK_COMMENTS","","statusId:Int32; ENT_ID:Int32; P_NO:Int32; R_ID:Int32; T_CURSOR:RefCursor","T_CURSOR:RefCursor:Output","Process; sub_process; New_Process; Comments; new_sub_process; t_id; n_t_id; s_id; n_s_id","public List<SubProcessUpdateModelForReviewAndAuthorizeModel> GetUpdatedSubChecklistForReviewAndAuthorize(int statusId) {","Referenced by non-archive controller(s)."
"AD","DBConnection.AD.cs","GetUpdatedChecklistDetailsForReviewAndAuthorize","public","Confirmed Active","Security and Administration","Read/list workflow data for Security and Administration","AdministrationPanelController.cs; SetupController.cs","","pkg_ad.p_Get_updated_Checklist_for_review","","T_AUDIT_CHECKLIST; T_AUDIT_CHECKLIST_DETAILS; T_AUDIT_CHECKLIST_DETAILS_CHANGE; T_AUDIT_CHECKLIST_DETAILS_LOG; T_AUDIT_CHECKLIST_SUB; T_AUDITEE_ENTITIES; T_HR_DESIGNATIONS; T_R_SUB_GROUP; T_RISK; V_CHECKLIST_REFFEREDBACK_COMMENTS","","statusId:Int32; ENT_ID:Int32; P_NO:Int32; R_ID:Int32; T_CURSOR:RefCursor","T_CURSOR:RefCursor:Output","ID; S_ID; V_ID; ROLE_RESP_ID; Role_Responsible; HEADING; PROCESS_OWNER_ID; CONTROL_OWNER; RISK_ID; RISK_DESC; TITLE; P_NAME; V_NAME; STATUS","public List<RiskProcessTransactions> GetUpdatedChecklistDetailsForReviewAndAuthorize(int statusId) {","Referenced by non-archive controller(s)."
"AD","DBConnection.AD.cs","AddRiskProcess","public","Confirmed Active","Security and Administration","Create or advance Security and Administration workflow data","ApiCallsController.cs; SetupController.cs","","pkg_ad.P_audit_checklist","","DUAL; T_AU_ACTIVITY_LOG; T_AUDIT_CHECKLIST","T_AU_ACTIVITY_LOG; T_AUDIT_CHECKLIST","p_name:Varchar2; RISK_ID:Int32","","","public RiskProcessDefinition AddRiskProcess(RiskProcessDefinition proc) {","Referenced by non-archive controller(s)."
"AD","DBConnection.AD.cs","AddRiskSubProcess","public","Confirmed Active","Security and Administration","Create or advance Security and Administration workflow data","ApiCallsController.cs; SetupController.cs","","pkg_ad.P_audit_checklist_sub","","DUAL; T_AU_ACTIVITY_LOG; T_AUDIT_CHECKLIST_DETAILS_LOG; T_AUDIT_CHECKLIST_SUB; T_AUDIT_CHECKLIST_SUB_CHANGE","T_AU_ACTIVITY_LOG; T_AUDIT_CHECKLIST_DETAILS_LOG; T_AUDIT_CHECKLIST_SUB; T_AUDIT_CHECKLIST_SUB_CHANGE","p_ID:Int32; TITLE:Varchar2; ENTITY_TYPE:Varchar2; ENT_ID:Int32; P_NO:Int32; R_ID:Int32","","","public RiskProcessDetails AddRiskSubProcess(RiskProcessDetails subProc) {","Referenced by non-archive controller(s)."
"AD","DBConnection.AD.cs","AddRiskSubProcessTransaction","public","Confirmed Active","Security and Administration","Create or advance Security and Administration workflow data","ApiCallsController.cs; SetupController.cs","","pkg_ad.P_audit_checklist_detail","","DUAL; T_AU_ACTIVITY_LOG; T_AUDIT_CHECKLIST_DETAILS; T_AUDIT_CHECKLIST_DETAILS_CHANGE; T_AUDIT_CHECKLIST_DETAILS_LOG","T_AU_ACTIVITY_LOG; T_AUDIT_CHECKLIST_DETAILS; T_AUDIT_CHECKLIST_DETAILS_CHANGE; T_AUDIT_CHECKLIST_DETAILS_LOG","p_id:Int32; DESCRIPTION:Varchar2; V_ID:Varchar2; CONTROL_OWNER:Varchar2; RISK_WEIGHTAGE:Varchar2; ACTION:Varchar2; PPNumber:Varchar2","","","public RiskProcessTransactions AddRiskSubProcessTransaction(RiskProcessTransactions trans) {","Referenced by non-archive controller(s)."
"AD","DBConnection.AD.cs","AuthorizeSubProcessByAuthorizer","public","Confirmed Active","Security and Administration","Change state within Security and Administration workflow","ApiCallsController.cs","","pkg_ad.p_Approved_Sub_Process_By_Authorizer","","DUAL; T_AU_ACTIVITY_LOG; T_AUDIT_CHECKLIST_DETAILS_LOG; T_AUDIT_CHECKLIST_SUB_CHANGE","T_AU_ACTIVITY_LOG; T_AUDIT_CHECKLIST_DETAILS_LOG; T_AUDIT_CHECKLIST_SUB; T_AUDIT_CHECKLIST_SUB_CHANGE","SID:Int32; COMMENTS:Varchar2; ENT_ID:Int32; P_NO:Int32; R_ID:Int32; T_CURSOR:RefCursor","T_CURSOR:RefCursor:Output","remarks","public string AuthorizeSubProcessByAuthorizer(int T_ID, string COMMENTS) {","Referenced by non-archive controller(s)."
"AD","DBConnection.AD.cs","RefferedBackSubProcessByAuthorizer","public","Confirmed Active","Security and Administration","Change state within Security and Administration workflow","ApiCallsController.cs","","pkg_ad.p_RefferedBack_Sub_checklist_By_Reviewer","","DUAL; T_AUDIT_CHECKLIST_DETAILS_LOG","T_AUDIT_CHECKLIST_DETAILS_LOG; T_AUDIT_CHECKLIST_SUB_CHANGE","SID:Int32; COMMENTS:Varchar2; ENT_ID:Int32; P_NO:Int32; R_ID:Int32; T_CURSOR:RefCursor","T_CURSOR:RefCursor:Output","remarks","public string RefferedBackSubProcessByAuthorizer(int T_ID, string COMMENTS) {","Referenced by non-archive controller(s)."
"AD","DBConnection.AD.cs","RecommendProcessTransactionByReviewer","public","Confirmed Active","Security and Administration","Change state within Security and Administration workflow","ApiCallsController.cs; SetupController.cs","","pkg_ad.P_Recommend_Checklist_By_Reviewer","","DUAL; T_AU_ACTIVITY_LOG; T_AUDIT_CHECKLIST_DETAILS_LOG","T_AU_ACTIVITY_LOG; T_AUDIT_CHECKLIST_DETAILS_CHANGE; T_AUDIT_CHECKLIST_DETAILS_LOG","DID:Int32; SID:Int32; DESCRIPTION:Varchar2; VID:Int32; CONTROL_OWNER:Int32; ROLE:Int32; RISK:Int32; ANNEXURE:Varchar2; ENT_ID:Int32; P_NO:Int32; R_ID:Int32; T_ID:Int32; COMMENTS:Varchar2; T_CURSOR:RefCursor","T_CURSOR:RefCursor:Output","remarks","public string RecommendProcessTransactionByReviewer(int T_ID, string COMMENTS, int PROCESS_DETAIL_ID = 0, int SUB_PROCESS_ID = 0, string HEADING = """", int V_ID = 0, int CONTROL_ID = 0, int ROLE_ID = 0, int RISK_ID = 0, string ANNEX_CODE = """") {","Referenced by non-archive controller(s)."
"AD","DBConnection.AD.cs","RefferedBackProcessTransactionByReviewer","public","Confirmed Active","Security and Administration","Change state within Security and Administration workflow","ApiCallsController.cs; SetupController.cs","","pkg_ad.P_RefferedBack_checklist_By_Reviewer","","DUAL; T_AU_ACTIVITY_LOG; T_AUDIT_CHECKLIST_DETAILS_LOG","T_AU_ACTIVITY_LOG; T_AUDIT_CHECKLIST_DETAILS_CHANGE; T_AUDIT_CHECKLIST_DETAILS_LOG","T_ID:Int32; COMMENTS:Varchar2; ENT_ID:Int32; P_NO:Int32; R_ID:Int32; T_CURSOR:RefCursor","T_CURSOR:RefCursor:Output","remarks","public string RefferedBackProcessTransactionByReviewer(int T_ID, string COMMENTS) {","Referenced by non-archive controller(s)."
"AD","DBConnection.AD.cs","AuthorizeProcessTransactionByAuthorizer","public","Confirmed Active","Security and Administration","Change state within Security and Administration workflow","ApiCallsController.cs; SetupController.cs","","pkg_ad.p_approve_checklist_By_Authorizer","","DUAL; T_AU_ACTIVITY_LOG; T_AUDIT_CHECKLIST_DETAILS; T_AUDIT_CHECKLIST_DETAILS_CHANGE; T_AUDIT_CHECKLIST_DETAILS_LOG","T_AU_ACTIVITY_LOG; T_AU_OBSERVATION; T_AUDIT_CHECKLIST_DETAILS; T_AUDIT_CHECKLIST_DETAILS_CHANGE; T_AUDIT_CHECKLIST_DETAILS_LOG","T_ID:Int32; COMMENTS:Varchar2; ENT_ID:Int32; P_NO:Int32; R_ID:Int32; T_CURSOR:RefCursor","T_CURSOR:RefCursor:Output","remarks","public string AuthorizeProcessTransactionByAuthorizer(int T_ID, string COMMENTS) {","Referenced by non-archive controller(s)."
"AD","DBConnection.AD.cs","RefferedBackProcessTransactionByAuthorizer","public","Confirmed Active","Security and Administration","Change state within Security and Administration workflow","ApiCallsController.cs; SetupController.cs","","pkg_ad.p_RefferedBack_checklist_By_Authorizer","","DUAL; T_AU_ACTIVITY_LOG; T_AUDIT_CHECKLIST_DETAILS_LOG","T_AU_ACTIVITY_LOG; T_AUDIT_CHECKLIST_DETAILS_CHANGE; T_AUDIT_CHECKLIST_DETAILS_LOG","T_ID:Int32; COMMENTS:Varchar2; ENT_ID:Int32; P_NO:Int32; R_ID:Int32; T_CURSOR:RefCursor","T_CURSOR:RefCursor:Output","remarks","public string RefferedBackProcessTransactionByAuthorizer(int T_ID, string COMMENTS) {","Referenced by non-archive controller(s)."
"AD","DBConnection.AD.cs","GetRisks","public","Confirmed Active","Security and Administration","Read/list workflow data for Security and Administration","AdministrationPanelController.cs; EngagementController.cs; ExecutionController.cs; FADController.cs; FieldAuditController.cs; ManagementAuditController.cs; PlanningController.cs; SetupController.cs","ArchiveController.cs","pkg_ad.P_GetRisks","","T_RISK","","T_CURSOR:RefCursor","T_CURSOR:RefCursor:Output","R_ID; DESCRIPTION","public List<RiskModel> GetRisks() {","Referenced by non-archive controller(s)."
"AD","DBConnection.AD.cs","GetAuthorizeMergeSubChecklist","public","Confirmed Active","Security and Administration","Read/list workflow data for Security and Administration","SetupController.cs","","pkg_ad.P_GET_SUBCHECKILIST","","T_AUDIT_CHECKLIST_SUB; T_AUDIT_CHECKLIST_SUB_MERGER","","T_CURSOR:RefCursor","T_CURSOR:RefCursor:Output","S_ID; HEADING; RISK_SEQUENCE; WEIGHT_ASSIGNED; ENTITY_TYPE; ENTITY_TYPE_NAME; STATUS","public List<AuditChecklistModel> GetAuthorizeMergeSubChecklist() {","Referenced by non-archive controller(s)."
"AD","DBConnection.AD.cs","GetAnnexureProcess","public","Confirmed Active","Security and Administration","Read/list workflow data for Security and Administration","SetupController.cs","","pkg_ad.p_get_annexure_process","","T_AUDIT_CHECKLIST_ANNEXURE_PROCESS","","T_CURSOR:RefCursor","T_CURSOR:RefCursor:Output","ID; HEADING","public List<AuditChecklistModel> GetAnnexureProcess() {","Referenced by non-archive controller(s)."
"AD","DBConnection.AD.cs","GetLatestCommentsOnProcess","public","Likely Active","Security and Administration","Read/list workflow data for Security and Administration","","","pkg_ad.P_GetLatestCommentsOnProcess","","T_AUDIT_CHECKLIST_DETAILS_LOG","","procId:Int32; T_CURSOR:RefCursor","T_CURSOR:RefCursor:Output","comments","public string GetLatestCommentsOnProcess(int procId = 0) {","No external call found, but referenced inside DBConnection and belongs to non-archive module."
"AD","DBConnection.AD.cs","GetAuditSubChecklist","public","Confirmed Active","Security and Administration","Read/list workflow data for Security and Administration","ApiCallsController.cs","","pkg_ad.p_GET_SUB_CHECKLIST_MAKER","","T_AUDIT_CHECKLIST; T_AUDIT_CHECKLIST_DETAILS_LOG; T_AUDIT_CHECKLIST_SUB; V_SUB_CHECKLIST_REFFEREDBACK_COMMENTS; V_SUB_CHECKLIST_UPDATE_EXITING","","processid:Int32; T_CURSOR:RefCursor","T_CURSOR:RefCursor:Output","S_ID; T_ID; PROCESS; SUB_PROCESS; RISK_SEQUENCE; WEIGHT_ASSIGNED; COMMENTS","public List<SubCheckListStatus> GetAuditSubChecklist(int PROCESS_ID = 0) {","Referenced by non-archive controller(s)."
"AD","DBConnection.AD.cs","AddAuditChecklist","public","Confirmed Active","Security and Administration","Create or advance Security and Administration workflow data","ApiCallsController.cs","","pkg_ad.P_audit_checklist","","DUAL; T_AU_ACTIVITY_LOG; T_AUDIT_CHECKLIST","T_AU_ACTIVITY_LOG; T_AUDIT_CHECKLIST","p_name:Varchar2; c_seq:Int32; c_weight:Varchar2; RISK_ID:Int32; ENT_ID:Int32; P_NO:Int32; R_ID:Int32; T_CURSOR:RefCursor","T_CURSOR:RefCursor:Output","remarks","public string AddAuditChecklist(string HEADING = """", int ENTITY_TYPE_ID = 0, string RISK_SEQUENCE = """", string RISK_WEIGHTAGE = """") {","Referenced by non-archive controller(s)."
"AD","DBConnection.AD.cs","UpdateAuditChecklist","public","Confirmed Active","Security and Administration","Change state within Security and Administration workflow","ApiCallsController.cs","","pkg_ad.P_audit_checklist_update","","DUAL; T_AU_ACTIVITY_LOG","T_AU_ACTIVITY_LOG; T_AUDIT_CHECKLIST","t_id:Int32; p_name:Varchar2; active:Varchar2; c_seq:Int32; c_weight:Varchar2; ENT_ID:Int32; P_NO:Int32; R_ID:Int32; T_CURSOR:RefCursor","T_CURSOR:RefCursor:Output","remarks","public string UpdateAuditChecklist(int PROCESS_ID = 0, string HEADING = """", string ACTIVE = """", string RISK_SEQUENCE = """", string RISK_WEIGHTAGE = """") {","Referenced by non-archive controller(s)."
"AD","DBConnection.AD.cs","AddAuditSubChecklist","public","Confirmed Active","Security and Administration","Create or advance Security and Administration workflow data","ApiCallsController.cs","","pkg_ad.P_audit_checklist_sub","","DUAL; T_AU_ACTIVITY_LOG; T_AUDIT_CHECKLIST_DETAILS_LOG; T_AUDIT_CHECKLIST_SUB; T_AUDIT_CHECKLIST_SUB_CHANGE","T_AU_ACTIVITY_LOG; T_AUDIT_CHECKLIST_DETAILS_LOG; T_AUDIT_CHECKLIST_SUB; T_AUDIT_CHECKLIST_SUB_CHANGE","P_ID:Int32; TITLE:Varchar2; c_seq:Int32; c_weight:Varchar2; ENTITY_TYPE:Varchar2; ENT_ID:Int32; P_NO:Int32; R_ID:Int32; T_CURSOR:RefCursor","T_CURSOR:RefCursor:Output","remarks","public string AddAuditSubChecklist(int PROCESS_ID = 0, int ENTITY_TYPE_ID = 0, string HEADING = """", string RISK_SEQUENCE = """", string RISK_WEIGHTAGE = """") {","Referenced by non-archive controller(s)."
"AD","DBConnection.AD.cs","UpdateAuditSubChecklist","public","Confirmed Active","Security and Administration","Change state within Security and Administration workflow","ApiCallsController.cs","","pkg_ad.P_audit_checklist_sub_update","","DUAL; T_AU_ACTIVITY_LOG; T_AUDIT_CHECKLIST_DETAILS_LOG","T_AU_ACTIVITY_LOG; T_AUDIT_CHECKLIST_DETAILS_LOG; T_AUDIT_CHECKLIST_SUB_CHANGE","TID:Int32; N_TID:Int32; SID:Int32; TITLE:Varchar2; c_seq:Int32; c_weight:Varchar2; ENTITY_TYPE:Int32; ENT_ID:Int32; P_NO:Int32; R_ID:Int32; T_CURSOR:RefCursor","T_CURSOR:RefCursor:Output","remarks","public string UpdateAuditSubChecklist(int PROCESS_ID = 0, int OLD_PROCESS_ID = 0, int SUB_PROCESS_ID = 0, string HEADING = """", int ENTITY_TYPE_ID = 0, string RISK_SEQUENCE = """", string RISK_WEIGHTAGE = """") {","Referenced by non-archive controller(s)."
"AD","DBConnection.AD.cs","GetAuditChecklistDetail","public","Confirmed Active","Security and Administration","Read/list workflow data for Security and Administration","ApiCallsController.cs","","pkg_ad.p_GetChecklistDetailBySubProcessId","","T_AUDIT_CHECKLIST_DETAILS; T_AUDIT_CHECKLIST_DETAILS_CHANGE; T_AUDIT_CHECKLIST_SUB","","subProcessId:Int32; ENT_ID:Int32; P_NO:Int32; R_ID:Int32; T_CURSOR:RefCursor","T_CURSOR:RefCursor:Output","S_ID; ID; HEADING; V_ID; role_resp_id; owner_entity_id; RISK_ID; ANNEX","public List<AuditChecklistDetailsModel> GetAuditChecklistDetail(int SUB_PROCESS_ID = 0) {","Referenced by non-archive controller(s)."
"AD","DBConnection.AD.cs","GetAuditChecklistDetailForRemoveDuplicate","public","Confirmed Active","Security and Administration","Read/list workflow data for Security and Administration","ApiCallsController.cs","","pkg_ad.p_Get_ChecklistDetail_FOR_DUPLICATE","","T_AUDIT_CHECKLIST_DETAILS; T_AUDIT_CHECKLIST_DETAILS_CHANGE; T_AUDIT_CHECKLIST_SUB","","subProcessId:Int32; ENT_ID:Int32; P_NO:Int32; R_ID:Int32; T_CURSOR:RefCursor","T_CURSOR:RefCursor:Output","S_ID; ID; HEADING; V_ID; role_resp_id; owner_entity_id; RISK_ID; ANNEX","public List<AuditChecklistDetailsModel> GetAuditChecklistDetailForRemoveDuplicate(int SUB_PROCESS_ID = 0) {","Referenced by non-archive controller(s)."
"AD","DBConnection.AD.cs","GetChecklistDetailForSubProcess","public","Confirmed Active","Security and Administration","Read/list workflow data for Security and Administration","ApiCallsController.cs","","pkg_ad.p_get_checklistdetail_for_subchecklist","","T_AUDIT_CHECKLIST_DETAILS","","sid:Int32; ENT_ID:Int32; P_NO:Int32; R_ID:Int32; T_CURSOR:RefCursor","T_CURSOR:RefCursor:Output","details","public List<AuditChecklistDetailsModel> GetChecklistDetailForSubProcess(int SUB_PROCESS_ID = 0) {","Referenced by non-archive controller(s)."
"AD","DBConnection.AD.cs","GetReferredBackAuditChecklistDetail","public","Confirmed Active","Security and Administration","Read/list workflow data for Security and Administration","ApiCallsController.cs","","pkg_ad.p_GetChecklistDetail_ref","","T_AUDIT_CHECKLIST; T_AUDIT_CHECKLIST_DETAILS; T_AUDIT_CHECKLIST_DETAILS_CHANGE; T_AUDIT_CHECKLIST_DETAILS_LOG; T_AUDIT_CHECKLIST_SUB; V_CHECKLIST_REFFEREDBACK_COMMENTS","","ENT_ID:Int32; P_NO:Int32; R_ID:Int32; T_CURSOR:RefCursor","T_CURSOR:RefCursor:Output","S_ID; ID; P_ID; HEADING; V_ID; COMMENTS; role_resp_id; owner_entity_id; RISK_ID; ANNEX","public List<AuditChecklistDetailsModel> GetReferredBackAuditChecklistDetail() {","Referenced by non-archive controller(s)."
"AD","DBConnection.AD.cs","AddAuditChecklistDetail","public","Confirmed Active","Security and Administration","Create or advance Security and Administration workflow data","ApiCallsController.cs","","pkg_ad.P_audit_checklist_detail","","DUAL; T_AU_ACTIVITY_LOG; T_AUDIT_CHECKLIST_DETAILS; T_AUDIT_CHECKLIST_DETAILS_CHANGE; T_AUDIT_CHECKLIST_DETAILS_LOG","T_AU_ACTIVITY_LOG; T_AUDIT_CHECKLIST_DETAILS; T_AUDIT_CHECKLIST_DETAILS_CHANGE; T_AUDIT_CHECKLIST_DETAILS_LOG","P_ID:Int32; SID:Int32; DESCRIPTION:Varchar2; VID:Int32; CONTROL_OWNER:Int32; ROLE:Int32; RISK:Int32; ANNEXURE:Int32; ENT_ID:Int32; P_NO:Int32; R_ID:Int32; T_CURSOR:RefCursor","T_CURSOR:RefCursor:Output","remarks","public string AddAuditChecklistDetail(int PROCESS_ID = 0, int SUB_PROCESS_ID = 0, string HEADING = """", int V_ID = 0, int CONTROL_ID = 0, int ROLE_ID = 0, int RISK_ID = 0, string ANNEX_CODE = """") {","Referenced by non-archive controller(s)."
"AD","DBConnection.AD.cs","UpdateAuditChecklistDetail","public","Confirmed Active","Security and Administration","Change state within Security and Administration workflow","ApiCallsController.cs","","pkg_ad.audit_checklist_detail_update","","DUAL; T_AU_ACTIVITY_LOG; T_AUDIT_CHECKLIST_DETAILS; T_AUDIT_CHECKLIST_DETAILS_LOG","T_AU_ACTIVITY_LOG; T_AUDIT_CHECKLIST_DETAILS_CHANGE; T_AUDIT_CHECKLIST_DETAILS_LOG","DID:Int32; SID:Int32; DESCRIPTION:Varchar2; VID:Int32; CONTROL_OWNER:Int32; ROLE:Int32; RISK:Int32; ANNEXURE:Varchar2; ENT_ID:Int32; P_NO:Int32; R_ID:Int32; T_CURSOR:RefCursor","T_CURSOR:RefCursor:Output","remarks","public string UpdateAuditChecklistDetail(int PROCESS_DETAIL_ID = 0, int PROCESS_ID = 0, int SUB_PROCESS_ID = 0, string HEADING = """", int V_ID = 0, int CONTROL_ID = 0, int ROLE_ID = 0, int RISK_ID = 0, string ANNEX_CODE = """") {","Referenced by non-archive controller(s)."
"AD","DBConnection.AD.cs","Getchildposting","public","Confirmed Active","Security and Administration","Read/list workflow data for Security and Administration","ApiCallsController.cs","","pkg_ad.P_Getchildposting","","T_AUDITEE_ENT_TYPES; T_AUDITEE_ENTITIES; T_AUDITEE_ENTITIES_MAPING; V_GET_PARENT_OFFICE","","erid:Int32; T_CURSOR:RefCursor","T_CURSOR:RefCursor:Output","ENTITY_ID; C_NAME; TYPEID; COMPLICE_BY; AUDIT_BY; GM_OFFICE; REPORTING","public List<UserRelationshipModel> Getchildposting(int e_r_id = 0) {","Referenced by non-archive controller(s)."
"AD","DBConnection.AD.cs","Getparentrepoffice","public","Confirmed Active","Security and Administration","Read/list workflow data for Security and Administration","ApiCallsController.cs; PlanningController.cs","","pkg_ad.P_Getparentrepoffice","","T_AUDITEE_ENT_RELATION","","rid:Int32; ENT_ID:Int32; R_ID:Int32; T_CURSOR:RefCursor","T_CURSOR:RefCursor:Output","ENTITY_REALTION_ID; ENTITY_ID; ACTIVE; DESCRIPTION; ENTITYTYPEDESC","public List<UserRelationshipModel> Getparentrepoffice(int r_id = 0) {","Referenced by non-archive controller(s)."
"AD","DBConnection.AD.cs","GetEntityTypeList","public","Confirmed Active","Security and Administration","Read/list workflow data for Security and Administration","AdministrationPanelController.cs; RiskAssessmentController.cs","","pkg_ad.P_GetAuditeeEntityTypes","","T_AUDITEE_ENT_TYPES","","ENTITYID:Int32; T_CURSOR:RefCursor","T_CURSOR:RefCursor:Output","ENTITY_TYPE; entitycode","public List<AuditeeEntitiesModel> GetEntityTypeList() {","Referenced by non-archive controller(s)."
"AD","DBConnection.AD.cs","GetComplianceUnits","public","Confirmed Active","Security and Administration","Read/list workflow data for Security and Administration","AdministrationPanelController.cs","","pkg_ad.P_GET_COMPLIANCE_OFFICE","","T_AUDITEE_ENTITIES; V_GET_COMPLIANCE_REVIEWER_APPROVER","","T_CURSOR:RefCursor","T_CURSOR:RefCursor:Output","NAME; ENTITY_ID","public List<AuditeeEntitiesModel> GetComplianceUnits() {","Referenced by non-archive controller(s)."
"AD","DBConnection.AD.cs","Getrealtionshiptype","public","Confirmed Active","Security and Administration","Read/list workflow data for Security and Administration","AdministrationPanelController.cs; FADController.cs; ReportsController.cs; RiskAssessmentController.cs; SetupController.cs","ArchiveController.cs","pkg_ad.P_Getrealtionshiptype","","V_GET_REALTIONSHIPTYPE","","R_ID:Int32; ENT_ID:Int32; P_NO:Int32; PAGE_ID:Int32; T_CURSOR:RefCursor","T_CURSOR:RefCursor:Output","ENTITY_REALTION_ID; FIELD_NAME","public List<UserRelationshipModel> Getrealtionshiptype(int page_id) {","Referenced by non-archive controller(s)."
"AD","DBConnection.AD.cs","GetAuditeeEngagements","public","Confirmed Active","Security and Administration","Read/list workflow data for Security and Administration","ApiCallsController.cs","","pkg_ad.p_get_auditee_engagement","","T_AU_PLAN_ENG; T_AUDITEE_ENTITIES","","ent_id:Int32; period:Int32; T_CURSOR:RefCursor","T_CURSOR:RefCursor:Output","ENG_ID; Eng_name","public List<ObservationReversalModel> GetAuditeeEngagements(int ENTITY_ID = 0, int PERIOD = 0) {","Referenced by non-archive controller(s)."
"AD","DBConnection.AD.cs","GetEngagementDetailsForStatusReversal","public","Confirmed Active","Security and Administration","Read/list workflow data for Security and Administration","ApiCallsController.cs","","pkg_ad.p_get_audit_engagement","","T_AU_AUDIT_TEAMS; T_AU_PERIOD; T_AU_PLAN; T_AU_PLAN_ENG; T_AU_PLAN_ENG_STATUS","","ent_id:Int32; T_CURSOR:RefCursor","T_CURSOR:RefCursor:Output","plan_id; ENG_ID; TEAM_NAME; AUDIT_STARTDATE; AUDIT_ENDDATE; OP_STARTDATE; OP_ENDDATE; ENTITY_ID; Auditby_Id; STATUS_ID; STATUS","public List<ObservationReversalModel> GetEngagementDetailsForStatusReversal(int ENTITY_ID = 0) {","Referenced by non-archive controller(s)."
"AD","DBConnection.AD.cs","GetObservationDetailsForStatusReversal","public","Confirmed Active","Security and Administration","Read/list workflow data for Security and Administration","ApiCallsController.cs","","pkg_ad.p_get_audit_observtion","","T_AU_OBSERVATION; T_AU_OBSERVATION_ASSIGNEDTO; T_AU_OBSERVATION_STATUS; T_AU_OBSERVATION_TEXT; T_AUDITEE_ENTITIES; T_RISK","","ENGID:Int32; T_CURSOR:RefCursor","T_CURSOR:RefCursor:Output","ID; MEMO_NO; GIST; MEMO_DATE; HEADINGS; RISK; STATUS","public List<EngagementObservationsForStatusReversalModel> GetObservationDetailsForStatusReversal(int ENG_ID = 0) {","Referenced by non-archive controller(s)."
"AD","DBConnection.AD.cs","GetObservationReversalStatus","public","Confirmed Active","Security and Administration","Read/list workflow data for Security and Administration","AdministrationPanelController.cs; FADController.cs","","pkg_ad.p_get_audit_observtion_status","","T_AU_OBSERVATION_STATUS","","T_CURSOR:RefCursor","T_CURSOR:RefCursor:Output","statusname; statusid","public List<ObservationStatusReversalModel> GetObservationReversalStatus() {","Referenced by non-archive controller(s)."
"AD","DBConnection.AD.cs","GetEngagementReversalStatus","public","Confirmed Active","Security and Administration","Read/list workflow data for Security and Administration","ApiCallsController.cs","","pkg_ad.p_get_audit_engagement_status","","T_AU_PLAN_ENG; T_AU_PLAN_ENG_STATUS","","ENGID:Int32; T_CURSOR:RefCursor","T_CURSOR:RefCursor:Output","status; id","public List<ObservationStatusReversalModel> GetEngagementReversalStatus(int ENG_ID) {","Referenced by non-archive controller(s)."
"AD","DBConnection.AD.cs","GetAuditeeRisk","public","Confirmed Active","Security and Administration","Read/list workflow data for Security and Administration","ApiCallsController.cs","","pkg_ad.P_GetAuditeeRisk","","T_AU_ENTITIES_GROUP_RISK","","ENT_ID:Int32; T_CURSOR:RefCursor","T_CURSOR:RefCursor:Output","max_number; risk_areas; Marks","public List<AuditeeRiskModel> GetAuditeeRisk(int ENG_ID = 0) {","Referenced by non-archive controller(s)."
"AD","DBConnection.AD.cs","GetAuditeeRiskForEntTypes","public","Confirmed Active","Security and Administration","Read/list workflow data for Security and Administration","ApiCallsController.cs","","pkg_ad.P_Get_Entity_Risk","","T_AU_ENTITIES_PERIOD_RISK; V_GET_PARENT_OFFICE","","ENT_TYP:Int32; Period:Int32; T_CURSOR:RefCursor","T_CURSOR:RefCursor:Output","risk_category; risk_rating; name; parent_office; branch_code","public List<RiskAssessmentEntTypeModel> GetAuditeeRiskForEntTypes(int ENT_TYPE_ID = 0, int PERIOD = 0) {","Referenced by non-archive controller(s)."
"AD","DBConnection.AD.cs","GetAuditeeRiskDetails","public","Confirmed Active","Security and Administration","Read/list workflow data for Security and Administration","ApiCallsController.cs","","pkg_ad.P_GetAuditeeRisk_details","","T_AU_ENTITIES_GROUP_RISK_DETAILS","","ENT_ID:Int32; T_CURSOR:RefCursor","T_CURSOR:RefCursor:Output","max_number; risk_areas; risk_based_marks; number_of_observations; weighted_average_marks; weightage_average; gravity_risk","public List<AuditeeRiskModeldetails> GetAuditeeRiskDetails(int ENG_ID = 0) {","Referenced by non-archive controller(s)."
"AD","DBConnection.AD.cs","MergeDuplicateProcesses","public","Confirmed Active","Security and Administration","Change state within Security and Administration workflow","ApiCallsController.cs","","pkg_ad.p_merge_checklist","","DUAL; T_AUDIT_CHECKLIST; T_AUDIT_CHECKLIST_MERGER","T_AUDIT_CHECKLIST_MERGER","CID:Varchar2; mcid:Varchar2; T_CURSOR:RefCursor","T_CURSOR:RefCursor:Output","REMARKS","public string MergeDuplicateProcesses(string PROCESS_ID, string M_PROC_ID) {","Referenced by non-archive controller(s)."
"AD","DBConnection.AD.cs","MergeDuplicateSubProcesses","public","Confirmed Active","Security and Administration","Change state within Security and Administration workflow","ApiCallsController.cs","","pkg_ad.p_merge_sub_checklist","","DUAL; T_AUDIT_CHECKLIST_SUB; T_AUDIT_CHECKLIST_SUB_MERGER","T_AUDIT_CHECKLIST_SUB_MERGER","SID:Varchar2; msid:Varchar2; T_CURSOR:RefCursor","T_CURSOR:RefCursor:Output","REMARKS","public string MergeDuplicateSubProcesses(string PROCESS_ID, string SUB_PROCESS_ID, string M_SUB_PROC_ID) {","Referenced by non-archive controller(s)."
"AD","DBConnection.AD.cs","MergeDuplicateChecklists","public","Confirmed Active","Security and Administration","Change state within Security and Administration workflow","ApiCallsController.cs","","pkg_ad.P_REMOVE_DUPLICATE_CHECKLIST_DETAILS","","","T_AUDIT_CHECKLIST_DETAIL_DUPLICATE","C_ID:Varchar2; D_ID:Varchar2","","","public bool MergeDuplicateChecklists(string CHECKLIST_ID, string M_CHECKLIST_ID) {","Referenced by non-archive controller(s)."
"AD","DBConnection.AD.cs","GetAuditProcessListForMergeDuplicate","public","Confirmed Active","Security and Administration","Read/list workflow data for Security and Administration","SetupController.cs","","pkg_ad.P_GET_DUPLICATE_CHECKLIST_DETAILS_DROPDOWN","","T_AUDIT_CHECKLIST_DETAIL_DUPLICATE; T_AUDIT_CHECKLIST_DETAILS","","T_CURSOR:RefCursor","T_CURSOR:RefCursor:Output","ID; Main_checklist","public List<AuditChecklistModel> GetAuditProcessListForMergeDuplicate() {","Referenced by non-archive controller(s)."
"AD","DBConnection.AD.cs","GetDuplicateProcesses","public","Confirmed Active","Security and Administration","Read/list workflow data for Security and Administration","ApiCallsController.cs","","pkg_ad.p_Get_Checklist_MERGER_FOR_REVIEW","","T_AUDIT_CHECKLIST; T_AUDIT_CHECKLIST_MERGER","","CID:Int32; ENT_ID:Varchar2; P_NO:Varchar2; R_ID:Varchar2; T_CURSOR:RefCursor","T_CURSOR:RefCursor:Output","cid; m_cid; for_merger","public List<MergeDuplicateProcessModel> GetDuplicateProcesses(int PROCESS_ID) {","Referenced by non-archive controller(s)."
"AD","DBConnection.AD.cs","GetDuplicateSubProcesses","public","Confirmed Active","Security and Administration","Read/list workflow data for Security and Administration","ApiCallsController.cs","","pkg_ad.p_Get_sub_Checklist_MERGER_FOR_REVIEW","","T_AUDIT_CHECKLIST_SUB; T_AUDIT_CHECKLIST_SUB_MERGER","","SID:Int32; ENT_ID:Varchar2; P_NO:Varchar2; R_ID:Varchar2; T_CURSOR:RefCursor","T_CURSOR:RefCursor:Output","sid; m_sid; for_merger","public List<MergeDuplicateProcessModel> GetDuplicateSubProcesses(int SUB_PROCESS_ID) {","Referenced by non-archive controller(s)."
"AD","DBConnection.AD.cs","GetDuplicateChecklists","public","Confirmed Active","Security and Administration","Read/list workflow data for Security and Administration","ApiCallsController.cs","","pkg_ad.P_GET_DUPLICATE_CHECKLIST_DETAILS","","T_AUDIT_CHECKLIST_DETAIL_DUPLICATE; T_AUDIT_CHECKLIST_DETAILS","","D_ID:Int32; T_CURSOR:RefCursor","T_CURSOR:RefCursor:Output","C_ID; HEADING","public List<MergeDuplicateChecklistModel> GetDuplicateChecklists(int PROCESS_ID) {","Referenced by non-archive controller(s)."
"AD","DBConnection.AD.cs","GetDuplicateChecklistsCount","public","Confirmed Active","Security and Administration","Read/list workflow data for Security and Administration","ApiCallsController.cs","","pkg_ad.P_GET_DUPLICATE_CHECKLIST_DETAILS_COUNT","","DUAL; T_AU_OBSERVATION; T_AU_OLD_PARAS_FAD; T_AUDIT_CHECKLIST_DETAIL_DUPLICATE","","D_ID:Int32; T_CURSOR:RefCursor","T_CURSOR:RefCursor:Output","New; Old","public MergeDuplicateChecklistModel GetDuplicateChecklistsCount(int PROCESS_ID) {","Referenced by non-archive controller(s)."
"AD","DBConnection.AD.cs","AuthorizeMergeDuplicateProcesses","public","Confirmed Active","Security and Administration","Change state within Security and Administration workflow","ApiCallsController.cs","","pkg_ad.P_AUTHORIZE_MERGER_CHECKLIST","","DUAL","T_AUDIT_CHECKLIST_SUB","C_ID:Int32; M_CID:Int32; T_CURSOR:RefCursor","T_CURSOR:RefCursor:Output","remarks","public string AuthorizeMergeDuplicateProcesses(int PROCESS_ID, int AUTH_P_ID) {","Referenced by non-archive controller(s)."
"AD","DBConnection.AD.cs","AuthorizeMergeDuplicateSubProcesses","public","Confirmed Active","Security and Administration","Change state within Security and Administration workflow","ApiCallsController.cs","","pkg_ad.P_AUTHORIZE_MERGER_CHECKLIST_SUB","","DUAL","T_AUDIT_CHECKLIST_DETAILS; T_AUDIT_CHECKLIST_DETAILS_CHANGE; T_AUDIT_CHECKLIST_SUB_MERGER","SID:Int32; M_SID:Int32; T_CURSOR:RefCursor","T_CURSOR:RefCursor:Output","remarks","public string AuthorizeMergeDuplicateSubProcesses(int SUB_PROCESS_ID, int AUTH_S_P_ID) {","Referenced by non-archive controller(s)."
"AD","DBConnection.AD.cs","AuthorizeMergeDuplicateChecklists","public","Confirmed Active","Security and Administration","Change state within Security and Administration workflow","ApiCallsController.cs","","pkg_ad.P_AUTHORIZE_DUPLICATE_CHECKLIST_DETAILS","","DUAL; T_AUDIT_CHECKLIST_DETAIL_DUPLICATE","T_AU_OBSERVATION; T_AU_OLD_PARAS_FAD; T_AUDIT_CHECKLIST_DETAIL_DUPLICATE; T_AUDIT_CHECKLIST_DETAILS","D_ID:Int32; T_CURSOR:RefCursor","T_CURSOR:RefCursor:Output","remarks","public string AuthorizeMergeDuplicateChecklists(int PROCESS_ID) {","Referenced by non-archive controller(s)."
"AD","DBConnection.AD.cs","UpdateObservationStatusForReversal","public","Confirmed Active","Security and Administration","Change state within Security and Administration workflow","ApiCallsController.cs","","pkg_ad.p_audit_observation_reversal","","DUAL; T_AU_OBSERVATION; T_AU_OBSERVATION_ASSIGNEDTO; T_AU_OBSERVATION_STATUS; T_AU_OBSERVATIONS_AUDITEE_EVIDENCES; T_AU_OBSERVATIONS_AUDITEE_RESPONSE; T_AU_OBSERVATIONS_AUDITOR_RECOMMENDATION; T_AU_OBSERVATIONS_AUDITOR_REPLY","T_AU_OBSERVATION; T_AU_OBSERVATION_ASSIGNEDTO; T_AU_OBSERVATION_TEXT; T_AU_OBSERVATIONS_AUDITEE_EVIDENCES; T_AU_OBSERVATIONS_AUDITEE_RESPONSE; T_AU_OBSERVATIONS_AUDITOR_RECOMMENDATION; T_AU_OBSERVATIONS_AUDITOR_REPLY","ENGID:Varchar2; OBS_ID:Varchar2; S_ID:Varchar2; T_CURSOR:RefCursor","T_CURSOR:RefCursor:Output","remarks","public string UpdateObservationStatusForReversal(int OBS_ID, int NEW_STATUS_ID, int ENG_ID) {","Referenced by non-archive controller(s)."
"AD","DBConnection.AD.cs","AdminNewUsersInAIS","public","Confirmed Active","Security and Administration","Support Security and Administration workflow","ApiCallsController.cs","","pkg_ad.P_get_new_user","","T_AUDIT_EMP; V_AIS_NEW_USER; V_SERVICE_EMPLOYEEINFO","","T_CURSOR:RefCursor","T_CURSOR:RefCursor:Output","name; entity_id; designation; designationcode; employeetype; posting_Type; ppno; e_name; code","public List<AdminNewUsersAIS> AdminNewUsersInAIS() {","Referenced by non-archive controller(s)."
"AD","DBConnection.AD.cs","GetHREntitiesForAdminPanelEntityAddition","public","Confirmed Active","Security and Administration","Read/list workflow data for Security and Administration","ApiCallsController.cs","","pkg_ad.P_GET_HR_ENTITIES","","V_GET_HR_ENTITIES","","ENT_CODE:Int32; ENT_NAME:Varchar2; T_CURSOR:RefCursor","T_CURSOR:RefCursor:Output","Rept_code; Rept_name; Rept_status; Rept_ind; Entity_code; Entity_name; Entity_status; ind","public List<HREntitiesModel> GetHREntitiesForAdminPanelEntityAddition(string ENTITY_NAME, string ENTITY_CODE) {","Referenced by non-archive controller(s)."
"AD","DBConnection.AD.cs","GetAISEntitiesForAdminPanelEntityAddition","public","Confirmed Active","Security and Administration","Read/list workflow data for Security and Administration","ApiCallsController.cs","","pkg_ad.P_GET_AIS_ENTITIES","","T_AUDITEE_ENTITIES","","ENT_CODE:Int32; ENT_NAME:Varchar2; ENT_TYPE:Int32; T_CURSOR:RefCursor","T_CURSOR:RefCursor:Output","entity_id; code; description; name; type_id; auditby_id; audit_by; active; auditable","public List<AISEntitiesModel> GetAISEntitiesForAdminPanelEntityAddition(string ENTITY_NAME, string ENTITY_CODE, int ENT_TYPE_ID = 0) {","Referenced by non-archive controller(s)."
"AD","DBConnection.AD.cs","UpdateAISEntityForAdminPanelEntityAddition","public","Confirmed Active","Security and Administration","Change state within Security and Administration workflow","ApiCallsController.cs","","pkg_ad.P_UpdateENTITIEES","","DUAL; T_AUDITEE_ENTITIES_MAPING; T_AUDITEE_ENTITIES_UPDATE_LOG","AIS_T_AU_POST_COMPLIANCE; T_AU_PLAN_ENG; T_AUDITEE_ENTITIES; T_AUDITEE_ENTITIES_MAPING; T_AUDITEE_ENTITIES_UPDATE_LOG","P_NO:Int32; ENT_ID:Int32; R_ID:Int32; e_CODE:Int32; e_NAME:Varchar2; e_DISCRIPTION:Varchar2; e_AUDITEDBY:Varchar2; e_TYPEID:Int32; e_STATUS:Varchar2; e_AUDITABLE:Varchar2; ENTITYID:Int32; T_CURSOR:RefCursor","T_CURSOR:RefCursor:Output","remarks","public string UpdateAISEntityForAdminPanelEntityAddition(string ENTITY_ID, string ENTITY_NAME, string ENTITY_CODE, string AUDITABLE, string AUDIT_BY_ID, string ENTITY_TYPE_ID, string ENT_DESC, string STATUS) {","Referenced by non-archive controller(s)."
"AD","DBConnection.AD.cs","AddAISEntityForAdminPanelEntityAddition","public","Confirmed Active","Security and Administration","Create or advance Security and Administration workflow data","ApiCallsController.cs","","pkg_ad.P_InsertENTITIEES","","DUAL; T_AUDITEE_ENTITIES","T_AUDITEE_ENTITIES","P_NO:Int32; ENT_ID:Int32; R_ID:Int32; e_CODE:Int32; e_NAME:Varchar2; e_DISCRIPTION:Varchar2; e_AUDITEDBY:Varchar2; e_TYPEID:Int32; e_STATUS:Varchar2; e_AUDITABLE:Varchar2; T_CURSOR:RefCursor","T_CURSOR:RefCursor:Output","remarks","public string AddAISEntityForAdminPanelEntityAddition(string ENTITY_NAME, string ENTITY_CODE, string AUDITABLE, string AUDIT_BY_ID, string ENTITY_TYPE_ID, string ENT_DESC, string STATUS) {","Referenced by non-archive controller(s)."
"AD","DBConnection.AD.cs","GetAISEntityMappingForAdminPanelEntityAddition","public","Confirmed Active","Security and Administration","Read/list workflow data for Security and Administration","ApiCallsController.cs","","pkg_ad.P_get_auditee_entities_mapping","","V_GET_PARENT_OFFICE","","ENT_ID:Int32; T_ID:Varchar2; T_CURSOR:RefCursor","T_CURSOR:RefCursor:Output","parent_id; parent_code; child_code; entity_id; auditedby; p_name; c_name; p_type_id; c_type_id; relation_type_id","public List<EntityMappingForEntityAddition> GetAISEntityMappingForAdminPanelEntityAddition(string ENTITY_ID) {","Referenced by non-archive controller(s)."
"AD","DBConnection.AD.cs","UpdateAISEntityMappingForAdminPanelEntityAddition","public","Confirmed Active","Security and Administration","Change state within Security and Administration workflow","ApiCallsController.cs","","pkg_ad.P_UPDATE_ENTITIES_MAPPING","","DUAL; T_AUDITEE_ENTITIES","T_AUDITEE_ENTITIES_MAPING","P_ENT_ID:Int32; RELATION_ID:Int32; ENT_ID:Int32; T_CURSOR:RefCursor","T_CURSOR:RefCursor:Output","remarks","public string UpdateAISEntityMappingForAdminPanelEntityAddition(string P_ENTITY_ID, string ENTITY_ID, string RELATION_TYPE_ID) {","Referenced by non-archive controller(s)."
"AD","DBConnection.AD.cs","AddAISEntityMappingForAdminPanelEntityAddition","public","Confirmed Active","Security and Administration","Create or advance Security and Administration workflow data","ApiCallsController.cs","","pkg_ad.P_ADD_ENTITIES_MAPPING","","DUAL; T_AUDITEE_ENTITIES; T_AUDITEE_ENTITIES_MAPING","T_AUDITEE_ENTITIES_MAPING","P_ENT_ID:Int32; ENT_ID:Int32; RELATION_ID:Int32; T_CURSOR:RefCursor","T_CURSOR:RefCursor:Output","remarks","public string AddAISEntityMappingForAdminPanelEntityAddition(string P_ENTITY_ID, string ENTITY_ID, string RELATION_TYPE_ID) {","Referenced by non-archive controller(s)."
"AD","DBConnection.AD.cs","UpdateNewUsersAdminPanel","public","Confirmed Active","Security and Administration","Change state within Security and Administration workflow","ApiCallsController.cs","","pkg_ad.P_UPDATE_NEW_USER","","DUAL; T_GROUP_RIGHTS; T_USER; T_USER_MAPING; V_AIS_NEW_USER_FOR_ADDITION","T_USER; T_USER_MAPING","PPNO:Int32; T_CURSOR:RefCursor","T_CURSOR:RefCursor:Output","remarks","public string UpdateNewUsersAdminPanel(int PPNO) {","Referenced by non-archive controller(s)."
"AD","DBConnection.AD.cs","GetUserDetailAdminPanel","public","Confirmed Active","Security and Administration","Read/list workflow data for Security and Administration","ApiCallsController.cs","","pkg_ad.P_get_user_role_type","","T_GROUP_RIGHTS; T_GROUPS","","D_CODE:Int32; T_CURSOR:RefCursor","T_CURSOR:RefCursor:Output","group_name; group_id; role_id","public List<UserRoleDetailAdminPanelModel> GetUserDetailAdminPanel(string DESINATION_CODE) {","Referenced by non-archive controller(s)."
"AD","DBConnection.AD.cs","GetEntityShiftingDetails","public","Confirmed Active","Security and Administration","Read/list workflow data for Security and Administration","ApiCallsController.cs","","pkg_ad.P_Get_details_for_entity_shifting","","T_AU_OBSERVATION_FAD; T_AU_PLAN_ENG; T_AU_POST_COMPLIANCE_SETTLEMETMENT_HISTORY; T_AUDITEE_ENTITIES; T_AUDITEE_ENTITIES_RISK; T_AUDITEE_ENTITIES_SIZE; T_AUDITEE_ENTITIES_SIZE_DISC; T_RISK","","ENT_ID:Int32; T_CURSOR:RefCursor","T_CURSOR:RefCursor:Output","NAME; E_SIZE; RISK; ENG_ID; START_DATE; END_DATE; TOTAL_PARA; LEGAGY_PARA; LEGACY_OPEN; LEGACY_CLOSE; AIS_PARA; AIS_OPEN; AIS_CLOSE; COMP_SUB","public List<EntitiesShiftingDetailsModel> GetEntityShiftingDetails(string ENTITY_ID = """") {","Referenced by non-archive controller(s)."
"AD","DBConnection.AD.cs","GetEntityTypes","public","Confirmed Active","Security and Administration","Read/list workflow data for Security and Administration","ApiCallsController.cs","","pkg_ad.P_Get_Entities_types","","T_AUDITEE_ENT_TYPES","","T_CURSOR:RefCursor","T_CURSOR:RefCursor:Output","AUTID; ENTITYCODE; ENTITYTYPEDESC; AUDITABLE; AUDITEDBY; AUDITED_BY_ENITITY; AUDIT_TYPE","public List<AuditEntitiesModel> GetEntityTypes() {","Referenced by non-archive controller(s)."
"AD","DBConnection.AD.cs","UpdateEntityTypes","public","Confirmed Active","Security and Administration","Change state within Security and Administration workflow","ApiCallsController.cs","","pkg_ad.P_update_Entities_types","","DUAL","T_AUDITEE_ENT_TYPES","aut_id:Int32; e_code:Int32; e_desc:Varchar2; e_auditable:Varchar2; e_auditby_code:Int32; e_auditby_id:Int32; e_type:Varchar2; e_autid:Int32; T_CURSOR:RefCursor","T_CURSOR:RefCursor:Output","remarks","public string UpdateEntityTypes(AuditEntitiesModel ENTITY_MODEL) {","Referenced by non-archive controller(s)."
"AD","DBConnection.AD.cs","GetEntityRelations","public","Confirmed Active","Security and Administration","Read/list workflow data for Security and Administration","ApiCallsController.cs","","pkg_ad.P_Get_Entities_Relationship","","T_AUDITEE_ENT_RELATION; T_AUDITEE_ENTITIES","","R_ID:Int32; T_CURSOR:RefCursor","T_CURSOR:RefCursor:Output","ID; ENTITY_REALTION_ID; PARENT_ENTITY_TYPEID; CHILD_ENTITY_TYPEID; STATUS; PARENT_NAME; chlid_name","public List<AuditEntityRelationsModel> GetEntityRelations() {","Referenced by non-archive controller(s)."
"AD","DBConnection.AD.cs","GetEntitiesMapping","public","Confirmed Active","Security and Administration","Read/list workflow data for Security and Administration","ApiCallsController.cs","","pkg_ad.P_GET_ENTITIES_MAPPING","","T_AUDITEE_ENTITIES_MAPING","","ent_id:Int32; P_TYPE:Varchar2; C_TYPE:Varchar2; REALTION_TYPE:Int32; ind:Varchar2; T_CURSOR:RefCursor","T_CURSOR:RefCursor:Output","PARENT_ID; PARENT_CODE; CHILD_CODE; ENTITY_ID; AUDITEDBY; STATUS; P_NAME; C_NAME; P_TYPE_ID; C_TYPE_ID; RELATION_TYPE_ID","public List<EntitiesMappingModel> GetEntitiesMapping(string ENT_ID, string P_TYPE, string C_TYPE, string RELATION_TYPE, string IND) {","Referenced by non-archive controller(s)."
"AD","DBConnection.AD.cs","GetEntitiesMappingReporting","public","Confirmed Active","Security and Administration","Read/list workflow data for Security and Administration","ApiCallsController.cs","","pkg_ad.P_GET_ENTITIES_MAPPING_REPORTING","","T_AUDITEE_ENTITIES_MAPING_REPORTING","","ent_id:Int32; P_TYPE:Varchar2; C_TYPE:Varchar2; REALTION_TYPE:Int32; ind:Varchar2; T_CURSOR:RefCursor","T_CURSOR:RefCursor:Output","PARENT_ID; PARENT_CODE; CHILD_CODE; ENTITY_ID; AUDITEDBY; STATUS; P_NAME; C_NAME; P_TYPE_ID; C_TYPE_ID; RELATION_TYPE_ID","public List<EntitiesMappingModel> GetEntitiesMappingReporting(string ENT_ID, string P_TYPE, string C_TYPE, string RELATION_TYPE, string IND) {","Referenced by non-archive controller(s)."
"AD","DBConnection.AD.cs","GetParentChildEntities","public","Confirmed Active","Security and Administration","Read/list workflow data for Security and Administration","ApiCallsController.cs","","pkg_ad.P_get_entities","","T_AUDITEE_ENTITIES_MAPING","","P_TYPE:Varchar2; C_TYPE:Varchar2; T_CURSOR:RefCursor","T_CURSOR:RefCursor:Output","PARENT_ID; P_NAME","public List<EntitiesMappingModel> GetParentChildEntities(string P_TYPE_ID, string C_TYPE_ID) {","Referenced by non-archive controller(s)."
"AD","DBConnection.AD.cs","SubmitEntityShiftingFromAdminPanel","public","Confirmed Active","Security and Administration","Create or advance Security and Administration workflow data","ApiCallsController.cs","","pkg_ad.P_Add_Entity_shifting","","DUAL; T_AU_ENTITY_SHIFTING; T_AU_OBSERVATION_FAD; T_AU_OBSERVATION_SHIFTING; T_AUDITEE_ENT_TYPES; T_AUDITEE_ENTITIES; T_AUDITEE_ENTITIES_MAPING; T_AUDITEE_ENTITIES_RISK","AIS_T_AU_POST_COMPLIANCE; T_AU_ENTITY_SHIFTING; T_AU_OBSERVATION; T_AU_OBSERVATION_OLD_CAD_PARAS; T_AU_OBSERVATION_SHIFTING; T_AU_OLD_PARAS_FAD; T_AUDITEE_ENTITIES; T_AUDITEE_ENTITIES_MAPING; T_AUDITEE_ENTITIES_RISK; T_AUDITEE_ENTITIES_SIZE","Old_Ent_id:Varchar2; new_ent_id:Varchar2; P_NO:Varchar2; ENT_ID:Varchar2; R_ID:Varchar2; CIR_NO:Varchar2; CIR_ATTACH:Clob; CIR_DATE:Date; T_CURSOR:RefCursor","T_CURSOR:RefCursor:Output","remarks","public string SubmitEntityShiftingFromAdminPanel(string FROM_ENT_ID, string TO_ENT_ID, string CIR_REF_NO, DateTime CIR_DATE, string CIR) {","Referenced by non-archive controller(s)."
"AD","DBConnection.AD.cs","SubmitEntityConvToIslamicFromAdminPanel","public","Confirmed Active","Security and Administration","Create or advance Security and Administration workflow data","ApiCallsController.cs","","pkg_ad.P_Shift_BR_to_islamic","","C.PARA_ADDED_ON; DUAL; SYSDATE; T_AU_PLAN_ENG","AIS_T_AU_POST_COMPLIANCE; T_AU_AUDIT_TEAM_TASKLIST; T_AU_OBSERVATION; T_AU_OBSERVATION_ASSIGNEDTO; T_AU_PLAN_ENG","Old_br:Int32; new_br:Int32; T_CURSOR:RefCursor","T_CURSOR:RefCursor:Output","remarks","public string SubmitEntityConvToIslamicFromAdminPanel(string FROM_ENT_ID, string TO_ENT_ID) {","Referenced by non-archive controller(s)."
"AD","DBConnection.AD.cs","GetRolesForComplianceFlow","public","Confirmed Active","Security and Administration","Read/list workflow data for Security and Administration","AdministrationPanelController.cs","","pkg_ad.P_get_roles_for_compliance_flow","","T_GROUPS","","P_NO:Int32; ENT_ID:Int32; R_ID:Int32; T_CURSOR:RefCursor","T_CURSOR:RefCursor:Output","GROUP_ID; GROUP_NAME; DESCRIPTION; STATUS","public List<GroupModel> GetRolesForComplianceFlow() {","Referenced by non-archive controller(s)."
"AD","DBConnection.AD.cs","GetHRDesignation","public","Confirmed Active","Security and Administration","Read/list workflow data for Security and Administration","AdministrationPanelController.cs","","pkg_ad.P_GetRoleResponsibilities","","T_HR_DESIGNATIONS","","P_NO:Int32; ENT_ID:Int32; R_ID:Int32; T_CURSOR:RefCursor","T_CURSOR:RefCursor:Output","DESIGNATIONCODE; DESCRIPTION","public List<GroupModel> GetHRDesignation() {","Referenced by non-archive controller(s)."
"AD","DBConnection.AD.cs","GetEntityTypesForComplianceFlow","public","Confirmed Active","Security and Administration","Read/list workflow data for Security and Administration","AdministrationPanelController.cs","","pkg_ad.P_get_ent_types_for_compliance_flow","","T_AUDITEE_ENT_TYPES","","ENT_ID:Int32; P_NO:Int32; R_ID:Int32; T_CURSOR:RefCursor","T_CURSOR:RefCursor:Output","ENTITY_TYPE; entitycode","public List<AuditeeEntitiesModel> GetEntityTypesForComplianceFlow() {","Referenced by non-archive controller(s)."
"AD","DBConnection.AD.cs","GetEntityTypesForHRDesignationWiseRole","public","Confirmed Active","Security and Administration","Read/list workflow data for Security and Administration","AdministrationPanelController.cs","","pkg_ad.P_get_ent_types_for_hr_designation","","T_AUDITEE_ENT_TYPES","","ENT_ID:Int32; P_NO:Int32; R_ID:Int32; T_CURSOR:RefCursor","T_CURSOR:RefCursor:Output","ENTITY_TYPE; entitycode","public List<AuditeeEntitiesModel> GetEntityTypesForHRDesignationWiseRole() {","Referenced by non-archive controller(s)."
"AD","DBConnection.AD.cs","GetComplianceStatusesForComplianceFlow","public","Confirmed Active","Security and Administration","Read/list workflow data for Security and Administration","AdministrationPanelController.cs","","pkg_ad.P_get_compliance_statuses_for_compliance_flow","","T_AU_OBSERVATION_STATUS","","T_CURSOR:RefCursor","T_CURSOR:RefCursor:Output","statusname; statusid","public List<AuditeeEntitiesModel> GetComplianceStatusesForComplianceFlow() {","Referenced by non-archive controller(s)."
"AD","DBConnection.AD.cs","GetComplianceFlowByEntityType","public","Confirmed Active","Security and Administration","Read/list workflow data for Security and Administration","ApiCallsController.cs","","pkg_ad.P_get_entity_type_compliance_flow","","T_AU_OBSERVATION_STATUS; T_AU_POST_COMPLIANCE_FLOW; T_AUDITEE_ENT_TYPES; T_GROUPS","","E_TYPE:Int32; G_ID:Int32; T_CURSOR:RefCursor","T_CURSOR:RefCursor:Output","e_id; e_name; g_id; g_name; prev_r_id; prev_r_name; next_r_id; next_r_name; c_status_down; c_status_down_desc; c_status_up; c_status_up_desc; id","public List<ComplianceFlowModel> GetComplianceFlowByEntityType(int ENTITY_TYPE_ID = 0, int GROUP_ID = 0) {","Referenced by non-archive controller(s)."
"AD","DBConnection.AD.cs","AddComplianceFlow","public","Confirmed Active","Security and Administration","Create or advance Security and Administration workflow data","ApiCallsController.cs","","pkg_ad.P_ADD_UPDATE_COMPLIANCE_FLOW","","DUAL; T_AU_POST_COMPLIANCE_FLOW","SET; T_AU_POST_COMPLIANCE_FLOW","F_ID:Int32; TYPE_ID:Int32; GROUP_ID:Int32; P_GROUP_ID:Int32; N_GROUP_ID:Int32; C_UP_STATUS:Int32; C_DOWN_STATUS:Int32; T_CURSOR:RefCursor","T_CURSOR:RefCursor:Output","remarks","public string AddComplianceFlow(string ID, string ENTITY_TYPE_ID, string GROUP_ID, string PREV_GROUP_ID, string NEXT_GROUP_ID, string COM_UP_STATUS , string COM_DOWN_STATUS) {","Referenced by non-archive controller(s)."
"AD","DBConnection.AD.cs","UpdateComplianceFlow","public","Confirmed Active","Security and Administration","Change state within Security and Administration workflow","ApiCallsController.cs","","pkg_ad.P_UPDATE_COMPLIANCE_FLOW","","","","F_ID:Int32; TYPE_ID:Int32; GROUP_ID:Int32; P_GROUP_ID:Int32; N_GROUP_ID:Int32; T_CURSOR:RefCursor","T_CURSOR:RefCursor:Output","remarks","public string UpdateComplianceFlow(string ID, string ENTITY_TYPE_ID, string GROUP_ID, string PREV_GROUP_ID, string NEXT_GROUP_ID) {","Referenced by non-archive controller(s)."
"AD","DBConnection.AD.cs","SubmitNewTeamIdForPostChangesTeamEngReversal","public","Confirmed Active","Security and Administration","Create or advance Security and Administration workflow data","ApiCallsController.cs","","pkg_ad.p_audit_team_postchanges","","DUAL; T_AU_AUDIT_TEAM_TASKLIST; T_AU_AUDIT_TEAMS; T_AU_PLAN_ENG; T_AU_TEAM_MEMBERS; T_AUDITEE_ENTITIES","T_AU_AUDIT_TEAM_TASKLIST; T_AU_AUDIT_TEAMS; T_AU_PLAN_ENG","ENGID:Int32; PPNO:Int32; Teamid:Int32; AUDID:Int32; TeamName:Varchar2; T_CURSOR:RefCursor","T_CURSOR:RefCursor:Output","remarks","public string SubmitNewTeamIdForPostChangesTeamEngReversal(int TEAM_ID, int ENG_ID, int AUDITED_BY_ID, string TEAM_NAME) {","Referenced by non-archive controller(s)."
"AD","DBConnection.AD.cs","AuditEngagementStatusReversal","public","Confirmed Active","Security and Administration","Support Security and Administration workflow","ApiCallsController.cs","","pkg_ad.p_audit_engagement_reversal","","DUAL; T_AU_AUDIT_TEAM_TASKLIST; T_AU_AUDIT_TEAMS; T_AU_PLAN_ENG; T_AU_PLAN_ENG_LOG","T_AU_AUDIT_TEAM_TASKLIST; T_AU_AUDIT_TEAMS; T_AU_PLAN; T_AU_PLAN_ENG; T_AU_PLAN_ENG_LOG","ENGID:Int32; SID:Int32; P_ID:Int32; COMMENTS:Varchar2; P_NO:Int32; T_CURSOR:RefCursor","T_CURSOR:RefCursor:Output","remarks","public string AuditEngagementStatusReversal(int ENG_ID, int NEW_STATUS_ID, int PLAN_ID, string COMMENTS) {","Referenced by non-archive controller(s)."
"AD","DBConnection.AD.cs","AuditEngagementObsStatusReversal","public","Confirmed Active","Security and Administration","Support Security and Administration workflow","ApiCallsController.cs","","pkg_ad.p_audit_observation_reversal","","DUAL; T_AU_OBSERVATION; T_AU_OBSERVATION_ASSIGNEDTO; T_AU_OBSERVATION_STATUS; T_AU_OBSERVATIONS_AUDITEE_EVIDENCES; T_AU_OBSERVATIONS_AUDITEE_RESPONSE; T_AU_OBSERVATIONS_AUDITOR_RECOMMENDATION; T_AU_OBSERVATIONS_AUDITOR_REPLY","T_AU_OBSERVATION; T_AU_OBSERVATION_ASSIGNEDTO; T_AU_OBSERVATION_TEXT; T_AU_OBSERVATIONS_AUDITEE_EVIDENCES; T_AU_OBSERVATIONS_AUDITEE_RESPONSE; T_AU_OBSERVATIONS_AUDITOR_RECOMMENDATION; T_AU_OBSERVATIONS_AUDITOR_REPLY","ENGID:Int32; OBS_ID:Int32; SID:Int32; P_NO:Int32; T_CURSOR:RefCursor","T_CURSOR:RefCursor:Output","remarks","public string AuditEngagementObsStatusReversal(int ENG_ID, int NEW_STATUS_ID, List<int> OBS_IDS) {","Referenced by non-archive controller(s)."
"AD","DBConnection.AD.cs","GetObservationNumbersForStatusReversal","public","Confirmed Active","Security and Administration","Read/list workflow data for Security and Administration","ApiCallsController.cs","","pkg_ad.P_Get_observvation_no","","T_AU_OBSERVATION","","OBS_ID:Int32; T_CURSOR:RefCursor","T_CURSOR:RefCursor:Output","MEMO_NUMBER; DRAFT_PARA_NO; FINAL_PARA_NO","public List<ObservationNumbersModel> GetObservationNumbersForStatusReversal(int OBS_ID) {","Referenced by non-archive controller(s)."
"AD","DBConnection.AD.cs","UpdateObservationNumbersForStatusReversal","public","Confirmed Active","Security and Administration","Change state within Security and Administration workflow","ApiCallsController.cs","","pkg_ad.P_Update_observation_no","","DUAL","T_AU_OBSERVATION","M_NO:Int32; D_NO:Int32; P_NO:Int32; OBS_ID:Int32; T_CURSOR:RefCursor","T_CURSOR:RefCursor:Output","remarks","public string UpdateObservationNumbersForStatusReversal(ObservationNumbersModel onum) {","Referenced by non-archive controller(s)."
"AD","DBConnection.AD.cs","UpdateEngagementDatesForStatusReversal","public","Confirmed Active","Security and Administration","Change state within Security and Administration workflow","ApiCallsController.cs","","pkg_ad.P_UPDATE_ENG_DATE","","DUAL","T_AU_PLAN_ENG","ENGID:Int32; ST_DATE:Date; ED_DATE:Date; T_CURSOR:RefCursor","T_CURSOR:RefCursor:Output","remarks","public string UpdateEngagementDatesForStatusReversal(int ENG_ID, DateTime START_DATE, DateTime END_DATE) {","Referenced by non-archive controller(s)."
"AD","DBConnection.AD.cs","GetHRDesignationWiseRoles","public","Confirmed Active","Security and Administration","Read/list workflow data for Security and Administration","ApiCallsController.cs","","pkg_ad.P_GET_HR_DESIGNATION_RIGHT","","T_GROUP_RIGHTS","","T_CURSOR:RefCursor","T_CURSOR:RefCursor:Output","ID; designationcode; description; group_id; entity_type; sub_entity_type","public List<HRDesignationWiseRoleModel> GetHRDesignationWiseRoles() {","Referenced by non-archive controller(s)."
"AD","DBConnection.AD.cs","AddHRDesignationWiseRoleAssignment","public","Confirmed Active","Security and Administration","Create or advance Security and Administration workflow data","ApiCallsController.cs","","pkg_ad.P_ADD_HR_DESIGNATION_RIGHT","","DUAL; T_GROUP_RIGHTS; T_HR_DESIGNATIONS","T_GROUP_RIGHTS","HR_DES_CODE:Int32; AIS_GROUP_ID:Int32; AIS_SUB_ENTITY_TYPE:Varchar2; T_CURSOR:RefCursor","T_CURSOR:RefCursor:Output","remarks","public string AddHRDesignationWiseRoleAssignment(int ASSIGNMENT_ID, int DESIGNATION_ID, int GROUP_ID, string ENTITY_TYPE) {","Referenced by non-archive controller(s)."
"AD","DBConnection.AD.cs","UpdateHRDesignationWiseRoleAssignment","public","Confirmed Active","Security and Administration","Change state within Security and Administration workflow","ApiCallsController.cs","","pkg_ad.P_UPDATE_HR_DESIGNATION_RIGHT","","DUAL; T_GROUPS; T_HR_DESIGNATIONS","T_GROUP_RIGHTS","M_ID:Int32; HR_DES_CODE:Int32; AIS_GROUP_ID:Int32; AIS_SUB_ENTITY_TYPE:Varchar2; T_CURSOR:RefCursor","T_CURSOR:RefCursor:Output","remarks","public string UpdateHRDesignationWiseRoleAssignment(int ASSIGNMENT_ID, int DESIGNATION_ID, int GROUP_ID, string ENTITY_TYPE) {","Referenced by non-archive controller(s)."
"AD","DBConnection.AD.cs","GetManageObservationStatus","public","Confirmed Active","Security and Administration","Read/list workflow data for Security and Administration","ApiCallsController.cs","","pkg_ad.P_Get_Obs_Status","","T_AU_OBSERVATION_STATUS","","T_CURSOR:RefCursor","T_CURSOR:RefCursor:Output","STATUSID; STATUSNAME; ISACTIVE; CODE; SATISFIED","public List<ManageObservationModel> GetManageObservationStatus() {","Referenced by non-archive controller(s)."
"AD","DBConnection.AD.cs","AddManageObservationStatus","public","Confirmed Active","Security and Administration","Create or advance Security and Administration workflow data","ApiCallsController.cs","","pkg_ad.P_add_Obs_status","","DUAL; T_AU_OBSERVATION_STATUS","T_AU_OBSERVATION_STATUS","s_name:Varchar2; active:Varchar2; s_code:Varchar2; satisfy:Varchar2; T_CURSOR:RefCursor","T_CURSOR:RefCursor:Output","remarks","public string AddManageObservationStatus(ManageObservationModel OBS_STATUS_MODEL) {","Referenced by non-archive controller(s)."
"AD","DBConnection.AD.cs","UpdateManageObservationStatus","public","Confirmed Active","Security and Administration","Change state within Security and Administration workflow","ApiCallsController.cs","","pkg_ad.P_update_Obs_status","","DUAL","T_AU_OBSERVATION_STATUS","s_id:Varchar2; s_name:Varchar2; active:Varchar2; s_code:Varchar2; satisfy:Varchar2; T_CURSOR:RefCursor","T_CURSOR:RefCursor:Output","remarks","public string UpdateManageObservationStatus(ManageObservationModel OBS_STATUS_MODEL) {","Referenced by non-archive controller(s)."
"AD","DBConnection.AD.cs","GetManageEntityAuditDept","public","Confirmed Active","Security and Administration","Read/list workflow data for Security and Administration","ApiCallsController.cs","","pkg_ad.P_Get_Entities_Audit_Department","","T_AUDIT_DEPARTMENTS","","T_CURSOR:RefCursor","T_CURSOR:RefCursor:Output","id; deptid; deptcode; cbas_code; entity_id; deptname; audit_id; auditor; status","public List<ManageEntAuditDeptModel> GetManageEntityAuditDept() {","Referenced by non-archive controller(s)."
"AD","DBConnection.AD.cs","AddManageEntityAuditDepartment","public","Confirmed Active","Security and Administration","Create or advance Security and Administration workflow data","ApiCallsController.cs","","pkg_ad.P_add_Entities_Audit_Department","","","","d_id:Int32; d_code:Int32; d_name:Varchar2; status:Varchar2; cbas_code:Int32; ent_id:Int32; aud_id:Int32; auditor:Varchar2; T_CURSOR:RefCursor","T_CURSOR:RefCursor:Output","remarks","public string AddManageEntityAuditDepartment(ManageEntAuditDeptModel ENT_AUD_DEPT_MODEL) {","Referenced by non-archive controller(s)."
"AD","DBConnection.AD.cs","UpdateEntityAuditDepartment","public","Confirmed Active","Security and Administration","Change state within Security and Administration workflow","ApiCallsController.cs","","pkg_ad.P_update_entities_audit_department","","DUAL","T_AUDIT_DEPARTMENTS","r_id:Int32; d_id:Int32; d_code:Int32; d_name:Varchar2; status:Varchar2; cbas_code:Int32; ent_id:Int32; aud_id:Int32; auditor:Varchar2; T_CURSOR:RefCursor","T_CURSOR:RefCursor:Output","remarks","public string UpdateEntityAuditDepartment(ManageEntAuditDeptModel ENT_AUD_DEPT_MODEL) {","Referenced by non-archive controller(s)."
"AD","DBConnection.AD.cs","GetAllMenusForAdminPanel","public","Confirmed Active","Security and Administration","Read/list workflow data for Security and Administration","AdministrationPanelController.cs","","pkg_ad.P_GET_ALL_MENU","","T_MENU","","T_CURSOR:RefCursor","T_CURSOR:RefCursor:Output","menu_id; menu_name; menu_order; menu_description","public List<MenuModel> GetAllMenusForAdminPanel() {","Referenced by non-archive controller(s)."
"AD","DBConnection.AD.cs","GetSubMenusForAdminPanel","public","Confirmed Active","Security and Administration","Read/list workflow data for Security and Administration","ApiCallsController.cs","","pkg_ad.P_GET_SUB_MENUS","","T_MENU_SUB","","M_ID:Int32; T_CURSOR:RefCursor","T_CURSOR:RefCursor:Output","SUB_MENU_ID; MENU_ID; SUB_MENU_NAME; SUB_MENU_ORDER; DESCRIPTION; STATUS","public List<SubMenuModel> GetSubMenusForAdminPanel(int M_ID) {","Referenced by non-archive controller(s)."
"AD","DBConnection.AD.cs","AddSubMenuForAdminPanel","public","Confirmed Active","Security and Administration","Create or advance Security and Administration workflow data","ApiCallsController.cs","","pkg_ad.P_ADD_NEW_SUB_MENU","","DUAL; T_MENU_SUB","T_MENU_SUB","M_ID:Int32; SM_NAME:Varchar2; SM_ORDER:Int32; SM_STATUS:Varchar2; SM_DESC:Varchar2; T_CURSOR:RefCursor","T_CURSOR:RefCursor:Output","remarks","public string AddSubMenuForAdminPanel(SubMenuModel sm) {","Referenced by non-archive controller(s)."
"AD","DBConnection.AD.cs","UpdateSubMenuForAdminPanel","public","Confirmed Active","Security and Administration","Change state within Security and Administration workflow","ApiCallsController.cs","","pkg_ad.P_UPDATE_SUB_MENU","","DUAL","T_MENU_SUB","SM_ID:Int32; M_ID:Int32; SM_NAME:Varchar2; SM_ORDER:Int32; SM_STATUS:Varchar2; SM_DESC:Varchar2; T_CURSOR:RefCursor","T_CURSOR:RefCursor:Output","remarks","public string UpdateSubMenuForAdminPanel(SubMenuModel sm) {","Referenced by non-archive controller(s)."
"AD","DBConnection.AD.cs","GetMenuPagesForAdminPanel","public","Confirmed Active","Security and Administration","Read/list workflow data for Security and Administration","ApiCallsController.cs; CatalogController.cs","","pkg_ad.P_GET_ALL_PAGES","","T_MENU; T_MENU_PAGES; T_MENU_SUB","","M_ID:Int32; SM_ID:Int32; io_cursor:RefCursor","io_cursor:RefCursor:Output","","public List<MenuPagesAssignmentModel> GetMenuPagesForAdminPanel(int M_ID, int SM_ID) {","Referenced by non-archive controller(s)."
"AD","DBConnection.AD.cs","AddMenuPageForAdminPanel","public","Confirmed Active","Security and Administration","Create or advance Security and Administration workflow data","ApiCallsController.cs","","pkg_ad.P_ADD_NEW_PAGE","","DUAL; T_MENU_PAGES","T_MENU_PAGES","M_ID:Int32; SM_ID:Int32; P_NAME:Varchar2; P_PAGE_KEY:Varchar2; P_PAGE_URL:Varchar2; P_PATH:Varchar2; P_ORDER:Int32; P_STATUS:Varchar2; P_HIDE_MENU:Int32; io_cursor:RefCursor","io_cursor:RefCursor:Output","","public string AddMenuPageForAdminPanel( int M_ID = 0, int SM_ID = 0, string P_NAME = """", string P_PAGE_KEY = """", string P_PAGE_URL = """", string P_PATH = """", int P_ORDER = 0, string P_STATUS = """", int P_HIDE_MENU = 0) {","Referenced by non-archive controller(s)."
"AD","DBConnection.AD.cs","UpdateMenuPageForAdminPanel","public","Confirmed Active","Security and Administration","Change state within Security and Administration workflow","ApiCallsController.cs; CatalogController.cs","","pkg_ad.P_UPDATE_PAGE","","DUAL","T_MENU_PAGES","P_ID:Int32; M_ID:Int32; SM_ID:Int32; P_NAME:Varchar2; P_PAGE_KEY:Varchar2; P_PAGE_URL:Varchar2; P_PATH:Varchar2; P_ORDER:Int32; P_STATUS:Varchar2; P_HIDE_MENU:Int32; io_cursor:RefCursor","io_cursor:RefCursor:Output","","public string UpdateMenuPageForAdminPanel( int P_ID = 0, int M_ID = 0, int SM_ID = 0, string P_NAME = """", string P_PAGE_KEY = """", string P_PAGE_URL = """", string P_PATH = """", int P_ORDER = 0, string P_STATUS = """", int P_HIDE_MENU = 0) {","Referenced by non-archive controller(s)."
"AD","DBConnection.AD.cs","UpdateComplianceUnit","public","Confirmed Active","Security and Administration","Change state within Security and Administration workflow","ApiCallsController.cs","","pkg_ad.P_UPDATE_ENTITY_COMP","","DUAL; T_AUDITEE_ENTITIES_MAPING_COM","T_AUDITEE_ENTITIES","R_ID:Int32; ENT_ID:Int32; AUDITOR:Int32; COMPLIANCE:Varchar2; T_CURSOR:RefCursor","T_CURSOR:RefCursor:Output","remarks","public string UpdateComplianceUnit(int ENT_ID, int AUD_ID, string COMP_ID) {","Referenced by non-archive controller(s)."
"AD","DBConnection.AD.cs","AddAnnexure","public","Confirmed Active","Security and Administration","Create or advance Security and Administration workflow data","ApiCallsController.cs","","pkg_ad.P_ADD_ANNEXURE","","DUAL; T_AUDIT_CHECKLIST_ANNEXURE","T_AUDIT_CHECKLIST_ANNEXURE","ENT_ID:Int32; P_NO:Int32; R_ID:Int32; CODE:Varchar2; TITLE:Varchar2; RISK_ID:Int32; OWNER:Int32; FUNCTION_ID_1:Int32; FUNCTION_ID_2:Int32; PROCESS_ID:Int32; max_num:Varchar2; weightage_num:Varchar2; gravity_num:Varchar2; T_CURSOR:RefCursor","T_CURSOR:RefCursor:Output","remarks","public string AddAnnexure(string ANNEX_CODE = """", string HEADING = """", int PROCESS_ID = 0, int FUNCTION_OWNER_ID = 0, int FUNCTION_ID_1 = 0, int FUNCTION_ID_2 = 0, int RISK_ID = 0, string MAX_NUMBER = """", string GRAVITY = """", string WEIGHTAGE = """") {","Referenced by non-archive controller(s)."
"AD","DBConnection.AD.cs","UpdateAnnexure","public","Confirmed Active","Security and Administration","Change state within Security and Administration workflow","ApiCallsController.cs","","pkg_ad.p_update_annexure","","DUAL","AIS_T_AU_POST_COMPLIANCE; T_AU_OBSERVATION; T_AU_OLD_PARAS_FAD; T_AUDIT_CHECKLIST_ANNEXURE","ENT_ID:Int32; P_NO:Int32; R_ID:Int32; ANEXX:Int32; TITLE:Varchar2; RISK_ID:Int32; OWNER:Int32; FUNCTION_ID_1:Int32; FUNCTION_ID_2:Int32; PROCESS_ID:Int32; max_num:Varchar2; weightage_num:Varchar2; gravity_num:Varchar2; T_CURSOR:RefCursor","T_CURSOR:RefCursor:Output","remarks","public string UpdateAnnexure(int ANNEX_ID = 0, string HEADING = """", int PROCESS_ID = 0, int FUNCTION_OWNER_ID = 0, int FUNCTION_ID_1 = 0, int FUNCTION_ID_2 = 0, int RISK_ID = 0, string MAX_NUMBER = """", string GRAVITY = """", string WEIGHTAGE = """") {","Referenced by non-archive controller(s)."
"AD","DBConnection.AD.cs","GetEntityForAuditReconsilition","public","Confirmed Active","Security and Administration","Read/list workflow data for Security and Administration","ReportsController.cs","","pkg_ad.P_GET_ENTITY_FOR_PARA_Reconsilation","","T_AUDITEE_ENTITIES","","R_ID:Int32; ENT_ID:Int32; T_CURSOR:RefCursor","T_CURSOR:RefCursor:Output","name; entity_id","public List<AuditeeEntitiesModel> GetEntityForAuditReconsilition() {","Referenced by non-archive controller(s)."
"AD","DBConnection.AD.cs","GenerateTraditionalRiskRatingofEngagement","public","Confirmed Active","Security and Administration","Change state within Security and Administration workflow","ApiCallsController.cs","","pkg_ad.P_add_branch_risk_rating","","DUAL; SYSDATE; T_AU_OBSERVATION; T_AU_PERIOD; T_AU_PLAN_ENG; T_AUDIT_CHECKLIST_DETAILS; T_BRANCH_RISK_RATING; T_COSO_RATING; T_R_GROUP; T_R_SUB_GROUP; T_RISK_BRANCH_WISE","T_BRANCH_RISK_RATING; T_RISK_BRANCH_WISE","ENGID:Int32; T_CURSOR:RefCursor","T_CURSOR:RefCursor:Output","remarks","public string GenerateTraditionalRiskRatingofEngagement(int ENG_ID) {","Referenced by non-archive controller(s)."
"AD","DBConnection.AD.cs","ViewTraditionalRiskRatingofEngagement","public","Confirmed Active","Security and Administration","Support Security and Administration workflow","ApiCallsController.cs","","pkg_ad.p_get_traditional_risk_rating","","T_R_GROUP; T_R_SUB_GROUP; T_RISK_BRANCH_WISE","","ENGID:Int32; T_CURSOR:RefCursor","T_CURSOR:RefCursor:Output","MAIN_PROCESS; MAX_NUMBER; WEIGHTAGE_AVERAGE; WEIGHTED_AVERAGE_MARKS; RISK_MODEL; number_of_observations; GRAVITY_RISK; RISK_BASED_MARKS; CIA_MARKS","public List<TraditionalRiskRatingModel> ViewTraditionalRiskRatingofEngagement(int ENG_ID) {","Referenced by non-archive controller(s)."
"AD","DBConnection.AD.cs","GenerateAnnexureRiskRatingofEngagement","public","Confirmed Active","Security and Administration","Change state within Security and Administration workflow","ApiCallsController.cs","","pkg_ad.P_add_branch_annex_risk_rating","","","","ENGID:Int32; T_CURSOR:RefCursor","T_CURSOR:RefCursor:Output","remarks","public string GenerateAnnexureRiskRatingofEngagement(int ENG_ID) {","Referenced by non-archive controller(s)."
"AD","DBConnection.AD.cs","ViewAnnexureRiskRatingofEngagement","public","Confirmed Active","Security and Administration","Support Security and Administration workflow","ApiCallsController.cs","","pkg_ad.p_get_annexure_risk_rating","","","","ENGID:Int32; T_CURSOR:RefCursor","T_CURSOR:RefCursor:Output","MAIN_PROCESS; MAX_NUMBER; WEIGHTAGE_AVERAGE; WEIGHTED_AVERAGE_MARKS; RISK_MODEL; GRAVITY_RISK; RISK_BASED_MARKS","public List<TraditionalRiskRatingModel> ViewAnnexureRiskRatingofEngagement(int ENG_ID) {","Referenced by non-archive controller(s)."
"AD","DBConnection.AD.cs","GetRiskRatingModelForBranchesWorking","public","Confirmed Active","Security and Administration","Read/list workflow data for Security and Administration","ApiCallsController.cs","","pkg_ad.p_get_new_risk_model ","","","","ENGID:Int32; T_CURSOR:RefCursor","T_CURSOR:RefCursor:Output","risk_sequence; Main_process; weight_assigned; heading; High; medium; Low; total_no_of_test; AVAILABLE_WEIGHTED_SCORE; AVAILABLE_PROCESS_SCORE; HIGH; MEDIUM; LOW; TOTAL_OBS; TOTAL_SCORE_SUB_PROCESS; WEIGHTED_AVERAGE_SCORE; TOTAL_SCORE_PROCESS; WEIGHTED_AVERAGE_SCORE_OVERALL","public List<RiskRatingModelForBranchesWorking> GetRiskRatingModelForBranchesWorking(int ENG_ID) {","Referenced by non-archive controller(s)."
"AD","DBConnection.AD.cs","GetComplianceHierarchies","public","Confirmed Active","Security and Administration","Read/list workflow data for Security and Administration","ApiCallsController.cs; SetupController.cs","","pkg_ad.p_get_compliance_hierarchy ","","","","T_CURSOR:RefCursor","T_CURSOR:RefCursor:Output","ENTITY_ID; COMPLIANCE_UNIT; APPROVER_PPNO; APPROVER_NAME; REVIEWER_PPNO; REVIEWER_NAME; COM_KEY","public List<ComplianceHierarchyModel> GetComplianceHierarchies() {","Referenced by non-archive controller(s)."
"AD","DBConnection.AD.cs","AddComplianceHierarchy","public","Confirmed Active","Security and Administration","Create or advance Security and Administration workflow data","ApiCallsController.cs","","pkg_ad.P_ADD_COM_OFFICER","","DUAL; T_AUDITEE_ENTITIES_MAPING_COM","T_AUDITEE_ENTITIES_MAPING_COM","ENT_ID:Int32; AP_P_NO:Int32; RE_P_NO:Int32; T_CURSOR:RefCursor","T_CURSOR:RefCursor:Output","remarks","public string AddComplianceHierarchy(int ENTITY_ID, string REVIEWER_PP, string AUTHORIZER_PP) {","Referenced by non-archive controller(s)."
"AD","DBConnection.AD.cs","UpdateComplianceHierarchy","public","Confirmed Active","Security and Administration","Change state within Security and Administration workflow","ApiCallsController.cs","","pkg_ad.P_UPDATE_COM_OFFICER","","DUAL; T_AUDITEE_ENTITIES_MAPING_COM","T_AUDITEE_ENTITIES; T_AUDITEE_ENTITIES_MAPING_COM","ENT_ID:Int32; AP_P_NO:Int32; RE_P_NO:Int32; E_COM_KEY:Varchar2; T_CURSOR:RefCursor","T_CURSOR:RefCursor:Output","remarks","public string UpdateComplianceHierarchy(int ENTITY_ID, string REVIEWER_PP, string AUTHORIZER_PP, string COMPLIANCE_KEY) {","Referenced by non-archive controller(s)."
"AD","DBConnection.AD.cs","GetGMOffices","public","Confirmed Active","Security and Administration","Read/list workflow data for Security and Administration","AdministrationPanelController.cs","","pkg_ad.P_GET_GM_OFFICE","","T_AUDITEE_ENTITIES","","T_CURSOR:RefCursor","T_CURSOR:RefCursor:Output","entity_id; name","public List<AuditeeEntitiesModel> GetGMOffices() {","Referenced by non-archive controller(s)."
"AD","DBConnection.AD.cs","GetReportingOffices","public","Confirmed Active","Security and Administration","Read/list workflow data for Security and Administration","AdministrationPanelController.cs","","pkg_ad.P_GET_RPT_OFFICE","","T_AUDITEE_ENTITIES","","T_CURSOR:RefCursor","T_CURSOR:RefCursor:Output","entity_id; name","public List<AuditeeEntitiesModel> GetReportingOffices() {","Referenced by non-archive controller(s)."
"AD","DBConnection.AD.cs","UpdateGMOffice","public","Confirmed Active","Security and Administration","Change state within Security and Administration workflow","ApiCallsController.cs","","pkg_ad.P_UPDATE_GM_OFFICE_RELATIONSHIP","","DUAL","T_AUDITEE_ENTITIES_MAPING","GM:Int32; ENT:Int32; T_CURSOR:RefCursor","T_CURSOR:RefCursor:Output","remarks","public string UpdateGMOffice(int GM_OFFICE_ID, int ENTITY_ID) {","Referenced by non-archive controller(s)."
"AD","DBConnection.AD.cs","UpdateReportingLine","public","Confirmed Active","Security and Administration","Change state within Security and Administration workflow","ApiCallsController.cs","","pkg_ad.P_UPDATE_RPT_OFFICE_RELATIONSHIP","","DUAL","T_AUDITEE_ENTITIES_MAPING","RPT:Int32; ENT:Int32; T_CURSOR:RefCursor","T_CURSOR:RefCursor:Output","remarks","public string UpdateReportingLine(int REP_OFFICE_ID, int ENTITY_ID) {","Referenced by non-archive controller(s)."
"AD","DBConnection.AD.cs","GetAisPostComplianceDetails","public","Confirmed Active","Security and Administration","Read/list workflow data for Security and Administration","ApiCallsController.cs","","pkg_ad.P_get_latest_para_details","","AIS_T_AU_POST_COMPLIANCE","","ENT:Int32; io_cursor:RefCursor","io_cursor:RefCursor:Output","COMID; AUDITPERIOD; AUDITEDBY; ENTITYTYPEID; COMCYCLE; COMSTATUS; COMSTAGE; PARASTATUS; PARANO; GISTOFPARAS; IND; RISK","public List<AISPostComplianceModel> GetAisPostComplianceDetails(int ENT) {","Referenced by non-archive controller(s)."
"AD","DBConnection.AD.cs","UpdateAisPostCompliance","public","Confirmed Active","Security and Administration","Change state within Security and Administration workflow","ApiCallsController.cs","","pkg_ad.P_Update_para_AIS_post_compliance","","DUAL","AIS_T_AU_POST_COMPLIANCE","ca_com_id:Int32; ca_audit_period:Varchar2; ca_gist_of_paras:Varchar2; ca_audited_by:Int32; ca_entity_type_id:Int32; ca_com_cycle:Int32; ca_com_status:Int32; ca_com_stage:Int32; ca_para_status:Int32; ca_para_no:Varchar2; ca_ind:Varchar2; ca_risk:Int32; io_cursor:RefCursor","io_cursor:RefCursor:Output","","public string UpdateAisPostCompliance(AISPostComplianceModel m) {","Referenced by non-archive controller(s)."
"AD","DBConnection.AD.cs","GetAuditEmployees","public","Confirmed Active","Security and Administration","Read/list workflow data for Security and Administration","AdministrationPanelController.cs; ApiCallsController.cs; PlanningController.cs","","pkg_ad.P_Get_Audit_EMP","","T_AUDIT_EMP","","P_NO:Int32; R_ID:Int32; ENT_ID:Int32; io_Cursor:RefCursor","io_Cursor:RefCursor:Output","ID; PPNO; NAME; RANK; DESIGNATION; PLACEMENT; QUALIFICATION; SPECIALIZATION; CERTIFICATION; TOTAL_EXPERIENCE; AUDIT_EXPERIENCE","public List<FADAuditEmpModel> GetAuditEmployees() {","Referenced by non-archive controller(s)."
"AD","DBConnection.AD.cs","UpdateAuditEmployee","public","Confirmed Active","Security and Administration","Change state within Security and Administration workflow","ApiCallsController.cs","","pkg_ad.P_update_audit_emp","","","","id:Int32; ppno:Varchar2; rank:Varchar2; designation:Varchar2; placement:Varchar2; qualification:Varchar2; specialization:Varchar2; certification:Varchar2; tot_exp:Varchar2; audit_exp:Varchar2; io_cursor:RefCursor","io_cursor:RefCursor:Output","","public string UpdateAuditEmployee(FADAuditEmpModel m) {","Referenced by non-archive controller(s)."
"AD","DBConnection.AD.cs","GetAuditManpower","public","Confirmed Active","Security and Administration","Read/list workflow data for Security and Administration","ApiCallsController.cs","","pkg_ad.P_Get_Audit_Manpower","","T_AUDIT_EMP","","P_NO:Int32; R_ID:Int32; io_Cursor:RefCursor","io_Cursor:RefCursor:Output","ID; COMPANY; RANK; PLACEMENT; EXISTING; ADDITIONAL_REQUIRED","public List<FADAuditManpowerModel> GetAuditManpower() {","Referenced by non-archive controller(s)."
"AD","DBConnection.AD.cs","UpdateAuditManpower","public","Confirmed Active","Security and Administration","Change state within Security and Administration workflow","ApiCallsController.cs","","pkg_ad.P_update_audit_manpower","","","","id:Int32; company:Varchar2; rank:Varchar2; placement:Varchar2; existing:Varchar2; additional:Varchar2; io_cursor:RefCursor","io_cursor:RefCursor:Output","","public string UpdateAuditManpower(FADAuditManpowerModel m) {","Referenced by non-archive controller(s)."
"AD","DBConnection.AD.cs","GetAuditBudget","public","Confirmed Active","Security and Administration","Read/list workflow data for Security and Administration","ApiCallsController.cs","","pkg_ad.P_Get_Audit_budget","","","","P_NO:Int32; R_ID:Int32; ENT_ID:Int32; io_Cursor:RefCursor","io_Cursor:RefCursor:Output","ID; GL_CODE; GL_HEADING; EXISTING; UTILIZATION; REMAND; RATIONALIZATION; STATUS","public List<FADAuditBudgetModel> GetAuditBudget() {","Referenced by non-archive controller(s)."
"AD","DBConnection.AD.cs","UpdateAuditBudget","public","Confirmed Active","Security and Administration","Change state within Security and Administration workflow","ApiCallsController.cs","","pkg_ad.P_update_audit_budget","","","","id:Int32; gl_code:Varchar2; gl_heading:Varchar2; existing:Varchar2; utilization:Varchar2; remand:Varchar2; rationalization:Varchar2; status:Varchar2; io_cursor:RefCursor","io_cursor:RefCursor:Output","","public string UpdateAuditBudget(FADAuditBudgetModel m) {","Referenced by non-archive controller(s)."
"AD","DBConnection.AD.cs","GetHrRanks","public","Confirmed Active","Security and Administration","Read/list workflow data for Security and Administration","ApiCallsController.cs","","pkg_ad.P_get_hr_rank","","V_HR_RANK","","T_CURSOR:RefCursor","T_CURSOR:RefCursor:Output","ID; DESCRIPTION","public List<DropDownModel> GetHrRanks() {","Referenced by non-archive controller(s)."
"AD","DBConnection.AD.cs","GetHrDesignations","public","Confirmed Active","Security and Administration","Read/list workflow data for Security and Administration","ApiCallsController.cs","","pkg_ad.P_get_hr_designation","","V_HR_DESIGNATIONS","","T_CURSOR:RefCursor","T_CURSOR:RefCursor:Output","ID; DESCRIPTION","public List<DropDownModel> GetHrDesignations() {","Referenced by non-archive controller(s)."
"AD","DBConnection.AD.cs","GetHrPosting","public","Confirmed Active","Security and Administration","Read/list workflow data for Security and Administration","ApiCallsController.cs","","pkg_ad.P_get_hr_posting","","T_AUDITEE_ENTITIES","","T_CURSOR:RefCursor","T_CURSOR:RefCursor:Output","ID; DESCRIPTION","public List<DropDownModel> GetHrPosting() {","Referenced by non-archive controller(s)."
"AD","DBConnection.AD.cs","GetQualifications","public","Confirmed Active","Security and Administration","Read/list workflow data for Security and Administration","ApiCallsController.cs","","pkg_ad.P_get_qualification","","V_HR_QUALIFICATIONS","","T_CURSOR:RefCursor","T_CURSOR:RefCursor:Output","ID; DESCRIPTION","public List<DropDownModel> GetQualifications() {","Referenced by non-archive controller(s)."
"AD","DBConnection.AD.cs","GetQualificationSpecialization","public","Confirmed Active","Security and Administration","Read/list workflow data for Security and Administration","ApiCallsController.cs","","pkg_ad.P_get_qualification_specialization","","V_HR_QUALIFICATIONS","","T_CURSOR:RefCursor","T_CURSOR:RefCursor:Output","ID; DESCRIPTION","public List<DropDownModel> GetQualificationSpecialization() {","Referenced by non-archive controller(s)."
"AD","DBConnection.AD.cs","GetCertifications","public","Confirmed Active","Security and Administration","Read/list workflow data for Security and Administration","ApiCallsController.cs","","pkg_ad.P_get_certification","","V_HR_RANK","","T_CURSOR:RefCursor","T_CURSOR:RefCursor:Output","ID; DESCRIPTION","public List<DropDownModel> GetCertifications() {","Referenced by non-archive controller(s)."
"AD","DBConnection.AD.cs","GetGLHeads","public","Confirmed Active","Security and Administration","Read/list workflow data for Security and Administration","ApiCallsController.cs","","pkg_ad.P_get_GL_Heads","","","","T_CURSOR:RefCursor","T_CURSOR:RefCursor:Output","GL_CODE; GL_HEADING","public List<DropDownModel> GetGLHeads() {","Referenced by non-archive controller(s)."
"AD","DBConnection.AD.cs","AddPublicHoliday","public","Confirmed Active","Security and Administration","Create or advance Security and Administration workflow data","ApiCallsController.cs","","PKG_AD.P_INSERT_PUBLIC_HOLIDAY","","DATE; TBL_PUBLIC_HOLIDAYS","TBL_PUBLIC_HOLIDAYS","p_holiday_date:Date; p_is_weekend:Char; p_is_holiday:Char; p_holiday_name:Varchar2","","","public PublicHolidayModel AddPublicHoliday(PublicHolidayModel model) {","Referenced by non-archive controller(s)."
"AD","DBConnection.AD.cs","GetAllPublicHolidays","public","Confirmed Active","Security and Administration","Read/list workflow data for Security and Administration","ApiCallsController.cs","","pkg_ad.P_GET_PUBLIC_HOLIDAYS","","TBL_PUBLIC_HOLIDAYS","","p_year:Int32; T_CURSOR:RefCursor","","ID; HOLIDAY_DATE; HOLIDAY_YEAR; IS_WEEKEND; IS_HOLIDAY; HOLIDAY_NAME","public List<PublicHolidayModel> GetAllPublicHolidays(int year = 0) {","Referenced by non-archive controller(s)."
"AD","DBConnection.AD.cs","CheckIfHolidayOrWeekend","public","Confirmed Active","Security and Administration","Validate or inspect Security and Administration workflow state","ApiCallsController.cs","","pkg_ad.P_GET_PUBLIC_HOLIDAY_DAY","","TBL_PUBLIC_HOLIDAYS","","p_day:Single; T_CURSOR:RefCursor","T_CURSOR:RefCursor:Output","holiday; weekend","public List<PublicHolidayModel> CheckIfHolidayOrWeekend(String dat) {","Referenced by non-archive controller(s)."
"AD","DBConnection.AD.cs","GetAllVersionHistory","public","Confirmed Active","Security and Administration","Read/list workflow data for Security and Administration","AdministrationPanelController.cs; ApiCallsController.cs","","PKG_AD.P_GET_VERSION_HISTORY","","T_IAS_VERSION_HISTORY","","io_cursor:RefCursor","","VERSION_ID; VERSION_NO; RELEASE_DATE; DESCRIPTION; RELEASED_BY; CREATED_ON; UPDATED_ON; IS_ACTIVE","public List<VersionHistoryModel> GetAllVersionHistory() {","Referenced by non-archive controller(s)."
"AD","DBConnection.AD.cs","AddVersionHistory","public","Confirmed Active","Security and Administration","Create or advance Security and Administration workflow data","ApiCallsController.cs","","PKG_AD.P_ADD_VERSION_HISTORY","","","AN; T_IAS_VERSION_HISTORY","i_version_no:Varchar2; i_release_date:Date; i_description:Varchar2; i_released_by:Varchar2; o_result:Varchar2","o_result:Varchar2:Output","o_result","public string AddVersionHistory(VersionHistoryModel model) {","Referenced by non-archive controller(s)."
"AD","DBConnection.AD.cs","UpdateVersionHistory","public","Confirmed Active","Security and Administration","Change state within Security and Administration workflow","ApiCallsController.cs","","PKG_AD.P_UPDATE_VERSION_HISTORY","","","T_IAS_VERSION_HISTORY","i_version_id:Int32; i_version_no:Varchar2; i_release_date:Date; i_description:Varchar2; i_released_by:Varchar2; i_is_active:Char; o_result:Varchar2","o_result:Varchar2:Output","o_result","public string UpdateVersionHistory(VersionHistoryModel model) {","Referenced by non-archive controller(s)."
"AD","DBConnection.AD.cs","UpdateGMAndReportingLineOffice","public","Confirmed Active","Security and Administration","Change state within Security and Administration workflow","ApiCallsController.cs","","","","","","","","","public string UpdateGMAndReportingLineOffice(int ENTITY_ID, int GM_OFF_ID, int REP_OFF_ID) {","Referenced by non-archive controller(s)."
"AdminCatalog","DBConnection.AdminCatalog.cs","GetRoleDashboardPages","public","Confirmed Active","Security and Administration","Read/list workflow data for Security and Administration","DashboardLayoutController.cs","","PKG_AD.P_GET_ROLE_DASHBOARD_PAGES","","T_MENU_PAGES; T_ROLE_DASHBOARD_PAGES","","P_ROLE_ID:Int32; O_CURSOR:RefCursor","","","public List<DashboardLayoutPageModel> GetRoleDashboardPages(int roleId) {","Referenced by non-archive controller(s)."
"AdminCatalog","DBConnection.AdminCatalog.cs","GetRoleDashboardConfig","public","Confirmed Active","Security and Administration","Read/list workflow data for Security and Administration","DashboardLayoutController.cs","","PKG_AD.P_GET_ROLE_DASHBOARD_CONFIG","","T_MENU_PAGES; T_ROLE_DASHBOARD_PAGES","","P_ROLE_ID:Int32; O_CURSOR:RefCursor","","","public List<DashboardLayoutPageModel> GetRoleDashboardConfig(int roleId) {","Referenced by non-archive controller(s)."
"AdminCatalog","DBConnection.AdminCatalog.cs","GetDashboardQuickLinks","public","Confirmed Active","Security and Administration","Read/list workflow data for Security and Administration","HomeController.cs","","PKG_AD.P_GET_DASHBOARD_QUICK_LINKS","","T_MENU_PAGES; T_ROLE_DASHBOARD_PAGES; T_USER_GROUP_MAP","","P_ROLE_ID:Int32; O_CURSOR:RefCursor","","","public List<DashboardLayoutPageModel> GetDashboardQuickLinks(int roleId) {","Referenced by non-archive controller(s)."
"AdminCatalog","DBConnection.AdminCatalog.cs","MaintainRoleDashboardPage","public","Confirmed Active","Security and Administration","Change state within Security and Administration workflow","DashboardLayoutController.cs","","PKG_AD.P_MAINT_ROLE_DASHBOARD_PAGE","","","T_ROLE_DASHBOARD_PAGES","P_ROLE_ID:Int32; P_PAGE_ID:Int32; P_DASHBOARD_ORDER:Int32; P_IS_ACTIVE:Varchar2; P_ACTION_IND:Varchar2; O_MESSAGE:Varchar2","","O_MESSAGE","public void MaintainRoleDashboardPage(DashboardLayoutSaveRequest item) {","Referenced by non-archive controller(s)."
"AdminCatalog","DBConnection.AdminCatalog.cs","GetApiMasterList","public","Confirmed Active","Security and Administration","Read/list workflow data for Security and Administration","ApiMasterController.cs; CatalogController.cs","","PKG_AD.P_GET_API_MASTER","","T_AU_API_MASTER","","O_CURSOR:RefCursor","","","public List<ApiMasterModel> GetApiMasterList() {","Referenced by non-archive controller(s)."
"AdminCatalog","DBConnection.AdminCatalog.cs","GetApiMasterControllerNames","public","Confirmed Active","Security and Administration","Read/list workflow data for Security and Administration","ApiMasterController.cs","","PKG_AD.P_GET_ALL_CONTROLLER","","T_AU_API_MASTER","","o_cursor:RefCursor","o_cursor:RefCursor:Output","","public List<string> GetApiMasterControllerNames() {","Referenced by non-archive controller(s)."
"AdminCatalog","DBConnection.AdminCatalog.cs","ApiPathExists","public","Confirmed Active","Security and Administration","Support Security and Administration workflow","ApiMasterController.cs","","PKG_AD.P_CHECK_API_UNIQUE","","T_AU_API_MASTER","","P_API_ID:Int32; P_API_PATH:Varchar2; P_HTTP_METHOD:Varchar2; O_EXISTS:Int32","O_EXISTS:Int32:Output","O_EXISTS","public bool ApiPathExists(string apiPath, string httpMethod, int apiId) {","Referenced by non-archive controller(s)."
"AdminCatalog","DBConnection.AdminCatalog.cs","InsertApiMaster","public","Confirmed Active","Security and Administration","Create or advance Security and Administration workflow data","ApiMasterController.cs; CatalogController.cs","","","","","","","","","public void InsertApiMaster(ApiMasterModel model) {","Referenced by non-archive controller(s)."
"AdminCatalog","DBConnection.AdminCatalog.cs","UpdateApiMaster","public","Confirmed Active","Security and Administration","Change state within Security and Administration workflow","ApiMasterController.cs; CatalogController.cs","","","","","","","","","public void UpdateApiMaster(ApiMasterModel model) {","Referenced by non-archive controller(s)."
"AdminCatalog","DBConnection.AdminCatalog.cs","MaintainApiMaster","public","Confirmed Active","Security and Administration","Change state within Security and Administration workflow","ApiMasterController.cs","","PKG_AD.P_MAINT_API_MASTER","","","T_AU_API_MASTER","P_API_ID:Int32; P_API_NAME:Varchar2; P_CONTROLLER_NAME:Varchar2; P_API_ROUTE:Varchar2; P_HTTP_METHOD:Varchar2; P_PAGE_ID:Int32; P_STATUS:Varchar2; P_ACTION_IND:Varchar2; O_MESSAGE:Varchar2","O_MESSAGE:Varchar2:Output","O_MESSAGE","public void MaintainApiMaster(ApiMasterModel model, string actionInd) {","Referenced by non-archive controller(s)."
"AE","DBConnection.AE.cs","GetCOSORisks","public","Confirmed Active","Compliance / Post Compliance","Read/list workflow data for Compliance / Post Compliance","AuditeePortalController.cs","","pkg_ae.p_GetCOSORisks","","T_COSO_RISK","","T_CURSOR:RefCursor","T_CURSOR:RefCursor:Output","R_ID; DESCRIPTION; RATING","public List<RiskModel> GetCOSORisks() {","Referenced by non-archive controller(s)."
"AE","DBConnection.AE.cs","GetAssignedObservations","public","Confirmed Active","Compliance / Post Compliance","Read/list workflow data for Compliance / Post Compliance","ApiCallsController.cs; AuditeePortalController.cs","","pkg_ae.p_GetAssignedObservations","","T_AU_OBSERVATION; T_AU_OBSERVATION_ASSIGNEDTO; T_AU_OBSERVATION_STATUS; T_AU_OBSERVATION_TEXT; T_AU_OBSERVATIONS_AUDITEE_RESPONSE; T_AU_PERIOD; T_AU_PLAN_ENG; T_AUDITEE_ENTITIES","","ENT_ID:Int32; P_NO:Int32; R_ID:Int32; ENGID:Int32; T_CURSOR:RefCursor","T_CURSOR:RefCursor:Output","OBS_ID; OBS_TEXT_ID; MEMO_DATE; REPLYDATE; MEMO_NUMBER; AUDIT_YEAR; STATUS; STATUS_ID; ENTITY_NAME; GIST; RESPONSE_ID; CANREPLY; EDITABLE","public List<AssignedObservations> GetAssignedObservations(int ENG_ID) {","Referenced by non-archive controller(s)."
"AE","DBConnection.AE.cs","GetObservationText","public","Confirmed Active","Compliance / Post Compliance","Read/list workflow data for Compliance / Post Compliance","ApiCallsController.cs","","pkg_ae.P_GetObservationText; pkg_ar.P_GetOBSERVATIONSAUDITEERESPONSE; pkg_ar.P_get_AUDITEE_OBSERVATION_RESPONSE_evidences","","T_AU_ACTIVITY_LOG; T_AU_OBSERVATION; T_AU_OBSERVATION_TEXT; T_AU_OBSERVATIONS_AUDITEE_EVIDENCES; T_AU_OBSERVATIONS_AUDITEE_RESPONSE","T_AU_ACTIVITY_LOG","OBS_ID:Int32; ENT_ID:Int32; P_NO:Int32; R_ID:Int32; T_CURSOR:RefCursor; RESP_ID:Int32","T_CURSOR:RefCursor:Output","TEXT; REFERENCE_ID; REPLY; ID; FILE_NAME; SEQUENCE; FILE_TYPE","public List<object> GetObservationText(int OBS_ID, int RESP_ID) {","Referenced by non-archive controller(s)."
"AE","DBConnection.AE.cs","GetObservationResponsiblePPNOs","public","Confirmed Active","Compliance / Post Compliance","Read/list workflow data for Compliance / Post Compliance","ApiCallsController.cs","","pkg_ae.P_GetObservationResponsible","","V_GET_AUDITEE_PP_RESPONSIBILITY; V_SERVICE_EMPLOYEEINFO","","OBSID:Int32; E_ID:Int32; T_CURSOR:RefCursor","T_CURSOR:RefCursor:Output","RESP_ROW_ID; EMP_NAME","public List<ObservationResponsiblePPNOModel> GetObservationResponsiblePPNOs(int OBS_ID, int ENG_ID) {","Referenced by non-archive controller(s)."
"AE","DBConnection.AE.cs","GetOldParasObservationResponsiblePPNOs","public","Likely Active","Compliance / Post Compliance","Read/list workflow data for Compliance / Post Compliance","","","pkg_ae.p_GetParaComplianceResponsible","","V_GET_AUDITEE_PP_RESPONSIBILITY; V_SERVICE_EMPLOYEEINFO","","Old_id:Int32; new_id:Int32; IND:Varchar2; T_CURSOR:RefCursor","T_CURSOR:RefCursor:Output","EMP_NAME","public List<ObservationResponsiblePPNOModel> GetOldParasObservationResponsiblePPNOs(int OLD_PARA_ID = 0, int NEW_PARA_ID = 0, string INDICATOR = """") {","No external call found, but referenced inside DBConnection and belongs to non-archive module."
"AE","DBConnection.AE.cs","GetOldParasEvidences","public","Likely Active","Compliance / Post Compliance","Read/list workflow data for Compliance / Post Compliance","","","pkg_ae.P_GetPostAuditCompliance_Evidence","","AIS_T_AU_POST_COMPLIANCE_EVIDENCE","","TEXT_ID:Varchar2; T_CURSOR:RefCursor","T_CURSOR:RefCursor:Output","FILE_NAME; SEQUENCE; LENGTH; id","public List<AuditeeResponseEvidenceModel> GetOldParasEvidences(string textId) {","No external call found, but referenced inside DBConnection and belongs to non-archive module."
"AE","DBConnection.AE.cs","ResponseAuditObservation","public","Confirmed Active","Compliance / Post Compliance","Support Compliance / Post Compliance workflow","ApiCallsController.cs","","pkg_ae.P_AUDITEE_OBSERVATION_RESPONSE; pkg_ae.P_AUDITEE_OBSERVATION_RESPONSE_EVIDENCES","","HERE; T_AU_ACTIVITY_LOG; T_AU_OBSERVATIONS_AUDITEE_EVIDENCES; T_AU_OBSERVATIONS_AUDITEE_RESPONSE","T_AU_ACTIVITY_LOG; T_AU_OBSERVATION; T_AU_OBSERVATION_ASSIGNEDTO; T_AU_OBSERVATIONS_AUDITEE_EVIDENCES; T_AU_OBSERVATIONS_AUDITEE_RESPONSE","AUOBSID:Int32; REPLYDATA:Clob; REPLIEDBY:Int32; OBSTEXTID:Int32; REPLYROLE:Int32; REMARKS:Varchar2; SUBMITTED:Varchar2; ENT_ID:Int32; P_NO:Int32; R_ID:Int32; T_CURSOR:RefCursor; RESPID:Int32; FILENAME:Varchar2; FILETYPE:Varchar2; LENGTH:Int32; ENTEREDBY:Int32; FILEDATA:Clob; SEQUENCE:Int32; TEXT_ID:Int32","T_CURSOR:RefCursor:Output","RESP_ID","public async Task<bool> ResponseAuditObservation(ObservationResponseModel ob, string SUBFOLDER) {","Referenced by non-archive controller(s)."
"AE","DBConnection.AE.cs","GetAuditeeOldParasEntities","public","Likely Active","Compliance / Post Compliance","Read/list workflow data for Compliance / Post Compliance","","ArchiveController.cs","pkg_ae.P_GetAuditeeOldParasentitiesFAD","","T_AU_ACTIVITY_LOG; V_GET_P_GETAUDITEEOLDPARASENTITIESFAD","T_AU_ACTIVITY_LOG","ENT_ID:Int32; P_NO:Int32; R_ID:Int32; T_CURSOR:RefCursor","T_CURSOR:RefCursor:Output","ENTITY_ID; NAME","public List<AuditeeOldParasModel> GetAuditeeOldParasEntities() {","No external call found, but referenced inside DBConnection and belongs to non-archive module."
"AE","DBConnection.AE.cs","GetAuditeeOldParas","public","Confirmed Active","Compliance / Post Compliance","Read/list workflow data for Compliance / Post Compliance","ApiCallsController.cs","","pkg_ae.P_GetAuditeeOldParas","","T_AU_ACTIVITY_LOG; T_AU_OBSERVATION_OLD_CAD_PARAS; T_AUDITEE_ENTITIES; T_CONTROL_VIOLATION; T_CONTROL_VIOLATION_SUB; T_COSO_RISK","T_AU_ACTIVITY_LOG","ENT_ID:Int32; P_NO:Int32; R_ID:Int32; T_CURSOR:RefCursor","T_CURSOR:RefCursor:Output","ID; audit_period; ENTITY_NAME; PARA_NO; ref_p; gist_of_paras; amount; PARA_CATEGORY; AU_OBS_ID; vol_i_ii; AUDITED_BY; ENTITY_CODE; TYPE_ID; GIST_OF_PARAS; AUDITEE_RESPONSE; AUDITOR_REMARKS; entitytypedesc","public List<AuditeeOldParasModel> GetAuditeeOldParas(int ENTITY_ID = 0) {","Referenced by non-archive controller(s)."
"AE","DBConnection.AE.cs","GetOldParasManagement","public","Confirmed Active","Compliance / Post Compliance","Read/list workflow data for Compliance / Post Compliance","ApiCallsController.cs","","pkg_ae.P_GetOldParaManagement","","","","ENTITYID:Int32; T_CURSOR:RefCursor","T_CURSOR:RefCursor:Output","PARA_ID; PERIOD; ENTITY_ID; ENTITY_NAME; PARA_NO; GIST_OF_PARAS; AUDITED_BY; PARA_STATUS; V_CAT_ID; V_CAT_NATURE_ID; RISK_ID","public List<OldParasModelCAD> GetOldParasManagement() {","Referenced by non-archive controller(s)."
"AE","DBConnection.AE.cs","AddOldParasCADReply","public","Confirmed Active","Compliance / Post Compliance","Create or advance Compliance / Post Compliance workflow data","ApiCallsController.cs","","pkg_ae.P_updateoldparamanagement","","T_AU_OBSERVATION_OLD_CAD_PARAS_TEXT; T_AU_REMARKS","T_AU_OBSERVATION_OLD_CAD_PARAS; T_AU_OBSERVATION_OLD_CAD_PARAS_TEXT","PARAID:Int32; VCATID:Int32; VCATNATUREID:Int32; RISKID:Int32; PARATEXT:Clob; CREATEDBY:Int32; T_CURSOR:RefCursor","T_CURSOR:RefCursor:Output","REMARKS","public string AddOldParasCADReply(int ID, int V_CAT_ID, int V_CAT_NATURE_ID, int RISK_ID, string REPLY) {","Referenced by non-archive controller(s)."
"AE","DBConnection.AE.cs","AddOldParasCADCompliance","public","Confirmed Active","Compliance / Post Compliance","Create or advance Compliance / Post Compliance workflow data","ApiCallsController.cs","","pkg_ae.P_UpdateAuditeeOldParasresponse","","T_AU_OBSERVATION_OLD_CAD_PARAS_RESPONSE; T_AU_REMARKS","T_AU_OBSERVATION_OLD_CAD_PARAS; T_AU_OBSERVATION_OLD_CAD_PARAS_RESPONSE","Paraid:Int32; cdate:Date; Text:Clob; PPNO:Int32; Remarks:Clob; imprec:NVarchar2; T_CURSOR:RefCursor","T_CURSOR:RefCursor:Output","REMARKS","public string AddOldParasCADCompliance(OldParaComplianceModel opc) {","Referenced by non-archive controller(s)."
"AE","DBConnection.AE.cs","GetAuditeeAssignedEntities","public","Confirmed Active","Compliance / Post Compliance","Read/list workflow data for Compliance / Post Compliance","AuditeePortalController.cs","ArchiveController.cs","pkg_ae.P_GetAuditeeAssignedEntities","","T_AU_OBSERVATION; T_AU_OBSERVATION_ASSIGNEDTO; T_AU_PERIOD; T_AU_PLAN_ENG; T_AUDITEE_ENTITIES","","ENTITID:Int32; T_CURSOR:RefCursor","T_CURSOR:RefCursor:Output","CODE; NAME; ENTITY_ID; engplanid","public List<AuditeeEntitiesModel> GetAuditeeAssignedEntities() {","Referenced by non-archive controller(s)."
"AE","DBConnection.AE.cs","GetCCQsEntities","public","Confirmed Active","Compliance / Post Compliance","Read/list workflow data for Compliance / Post Compliance","AuditeePortalController.cs","","pkg_ae.P_GetCCQsEntities","","T_AU_CCQ; T_AUDITEE_ENTITIES; T_USER","","PPNO:Int32; T_CURSOR:RefCursor","T_CURSOR:RefCursor:Output","CODE; NAME; ENTITY_ID","public List<AuditeeEntitiesModel> GetCCQsEntities() {","Referenced by non-archive controller(s)."
"AE","DBConnection.AE.cs","GetParasForComplianceByAuditee","public","Confirmed Active","Compliance / Post Compliance","Read/list workflow data for Compliance / Post Compliance","ApiCallsController.cs","","pkg_ae.P_GetParasForComplianceByAuditee","","T_AUDITEE_ENTITIES_MAPING; T_AUDITEE_ENTITIES_MAPING_COM; V_GET_AIS_POST_COMPLIANCE","","P_NO:Int32; ENT_ID:Int32; R_ID:Int32; T_CURSOR:RefCursor","T_CURSOR:RefCursor:Output","audit_period; name; para_no; new_para_id; old_para_id; gist_of_paras; auditby_id; audit_reply; next_r_id; per_r_id; c_status_up; c_status_down; ind; COM_ID; audit_date; rec_from","public List<GetOldParasBranchComplianceModel> GetParasForComplianceByAuditee() {","Referenced by non-archive controller(s)."
"AE","DBConnection.AE.cs","GetParasForReviewComplianceByAuditee","public","Confirmed Active","Compliance / Post Compliance","Read/list workflow data for Compliance / Post Compliance","ApiCallsController.cs","","pkg_ae.P_GetParasForCompliancereview ","","","","P_NO:Int32; ENT_ID:Int32; R_ID:Int32; T_CURSOR:RefCursor","T_CURSOR:RefCursor:Output","audit_period; name; para_no; rsk; new_para_id; old_para_id; gist_of_paras; auditby_id; next_r_id; per_r_id; c_status_up; audit_reply; c_status_down; rec_from; ind; COM_ID","public List<GetOldParasBranchComplianceModel> GetParasForReviewComplianceByAuditee() {","Referenced by non-archive controller(s)."
"AE","DBConnection.AE.cs","GetParaComplianceText","public","Confirmed Active","Compliance / Post Compliance","Read/list workflow data for Compliance / Post Compliance","ApiCallsController.cs","","pkg_ae.P_GetParasForComplianceByAuditee_text","","T_AU_OBSERVATION; T_AU_OBSERVATION_OLD_CAD_PARAS; T_AU_OBSERVATION_OLD_CAD_PARAS_TEXT; T_AU_OBSERVATION_TEXT; T_AU_OLD_PARAS_FAD; T_AU_OLD_PARAS_FAD_TEXT","","Old_id:Int32; new_id:Int32; IND:Varchar2; T_CURSOR:RefCursor","T_CURSOR:RefCursor:Output","text; text_id; gist_of_paras","public GetOldParasBranchComplianceTextModel GetParaComplianceText(int OLD_PARA_ID, int NEW_PARA_ID, string INDICATOR) {","Referenced by non-archive controller(s)."
"AE","DBConnection.AE.cs","GetOldParasComplianceCycleText","public","Confirmed Active","Compliance / Post Compliance","Read/list workflow data for Compliance / Post Compliance","ApiCallsController.cs","","pkg_ae.P_GetParasForComplianceforhistory","","AIS_T_AU_POST_COMPLIANCE; AIS_T_AU_POST_COMPLIANCE_TEXT; T_AU_OBSERVATION_FAD; T_AU_OBSERVATION_OLD_CAD_PARAS_TEXT; T_AU_OBSERVATION_TEXT; T_AU_OLD_PARAS_FAD_TEXT","","C_CYCLE:Int32; COM_ID:Int32; T_CURSOR:RefCursor","T_CURSOR:RefCursor:Output","reply; text_id; para_text","public GetOldParasBranchComplianceTextModel GetOldParasComplianceCycleText(string COM_ID, string C_CYCLE) {","Referenced by non-archive controller(s)."
"AE","DBConnection.AE.cs","GetPostComplianceEvidenceData","public","Confirmed Active","Compliance / Post Compliance","Read/list workflow data for Compliance / Post Compliance","ApiCallsController.cs","","pkg_ae.P_GetPostAuditCompliance_Evidence_FileData","","AIS_T_AU_POST_COMPLIANCE_EVIDENCE","","FILE_ID:Varchar2; T_CURSOR:RefCursor","T_CURSOR:RefCursor:Output","FILE_NAME; SEQUENCE; LENGTH; id","public AuditeeResponseEvidenceModel GetPostComplianceEvidenceData(string FILE_ID) {","Referenced by non-archive controller(s)."
"AE","DBConnection.AE.cs","GetCAUParasPostComplianceEvidenceData","public","Confirmed Active","Compliance / Post Compliance","Read/list workflow data for Compliance / Post Compliance","ApiCallsController.cs","","pkg_ae.P_GetPostAuditCompliance_Evidence_FileData_CAU","","AIS_T_AU_POST_COMPLIANCE_EVIDENCE_CAU","","FILE_ID:Varchar2; T_CURSOR:RefCursor","T_CURSOR:RefCursor:Output","FILE_NAME; SEQUENCE; LENGTH; id","public AuditeeResponseEvidenceModel GetCAUParasPostComplianceEvidenceData(string FILE_ID) {","Referenced by non-archive controller(s)."
"AE","DBConnection.AE.cs","GetOldParasBranchComplianceTextRef","public","Confirmed Active","Compliance / Post Compliance","Read/list workflow data for Compliance / Post Compliance","ApiCallsController.cs","","pkg_ae.P_GetAuditeeOldParasFADText_Ref","","","","refp:Varchar2; OBS_ID:Varchar2; P_C:Varchar2; T_CURSOR:RefCursor","T_CURSOR:RefCursor:Output","checklistdetail; para_text","public GetOldParasBranchComplianceTextModel GetOldParasBranchComplianceTextRef(string Ref_P, string PARA_CATEGORY, string REPLY_DATE, string OBS_ID) {","Referenced by non-archive controller(s)."
"AE","DBConnection.AE.cs","GetOldParasBranchComplianceTextForZone","public","Confirmed Active","Compliance / Post Compliance","Read/list workflow data for Compliance / Post Compliance","ApiCallsController.cs","","pkg_ae.P_GetAuditeeOldParasFADtext_Reviewer","","","","refp:Varchar2; OBS_ID:Varchar2; P_C:Varchar2; T_CURSOR:RefCursor","T_CURSOR:RefCursor:Output","para_text","public GetOldParasBranchComplianceTextModel GetOldParasBranchComplianceTextForZone(string Ref_P, string PARA_CATEGORY, string REPLY_DATE, string OBS_ID) {","Referenced by non-archive controller(s)."
"AE","DBConnection.AE.cs","GetOldParasBranchComplianceTextForZoneRef","public","Confirmed Active","Compliance / Post Compliance","Read/list workflow data for Compliance / Post Compliance","ApiCallsController.cs","","pkg_ae.P_GetAuditeeOldParasFADtext_Reviewer_Ref","","","","refp:Varchar2; OBS_ID:Varchar2; P_C:Varchar2; T_CURSOR:RefCursor","T_CURSOR:RefCursor:Output","para_text","public GetOldParasBranchComplianceTextModel GetOldParasBranchComplianceTextForZoneRef(string Ref_P, string PARA_CATEGORY, string REPLY_DATE, string OBS_ID) {","Referenced by non-archive controller(s)."
"AE","DBConnection.AE.cs","SubmitPostAuditCompliance","public","Confirmed Active","Compliance / Post Compliance","Create or advance Compliance / Post Compliance workflow data","ApiCallsController.cs","","pkg_ae.P_SubmitPostAuditCompliance; pkg_ae.P_SubmitPostAuditCompliance_Evidence","","AIS_T_AU_POST_COMPLIANCE_EVIDENCE; AIS_T_AU_POST_COMPLIANCE_HISTORY; AIS_T_AU_POST_COMPLIANCE_TEXT; DUAL; T_AU_ACTIVITY_LOG; T_AU_OBSERVATION_OLD_CAD_PARAS; T_AUDITEE_ENT_TYPES; T_AUDITEE_ENTITIES; T_AUDITEE_ENTITIES_MAPING; T_AUDITEE_ENTITIES_MAPING_COM; T_GROUPS; T_USER; T_USER_MAPING; V_GET_AIS_POST_COMPLIANCE","AIS_T_AU_POST_COMPLIANCE; AIS_T_AU_POST_COMPLIANCE_EVIDENCE; AIS_T_AU_POST_COMPLIANCE_EVIDENCE_ARCHIVE; AIS_T_AU_POST_COMPLIANCE_HISTORY; AIS_T_AU_POST_COMPLIANCE_TEXT; T_AU_ACTIVITY_LOG","Old_id:Int32; new_id:Int32; Entity_ID:Int32; P_NO:Int32; R_ID:Int32; Auditee_COM:Clob; A_COMMENTS:Varchar2; P_IND:Varchar2; T_CURSOR:RefCursor; TEXT_ID:Varchar2; FILENAME:Varchar2; LEN_ID:Int32; ENTER_BY:Int32; FILETYPE:Varchar2; FILEDATA:Clob; SEQ_ID:Int32","T_CURSOR:RefCursor:Output","remarks; text_id","public async Task<string> SubmitPostAuditCompliance(string OLD_PARA_ID, int NEW_PARA_ID, string INDICATOR, string COMPLIANCE, string COMMENTS, List<AuditeeResponseEvidenceModel> EVIDENCE_LIST, string SUBFOLDER) {","Referenced by non-archive controller(s)."
"AE","DBConnection.AE.cs","SubmitPostAuditComplianceReview","public","Confirmed Active","Compliance / Post Compliance","Create or advance Compliance / Post Compliance workflow data","ApiCallsController.cs","","pkg_ae.P_SubmitPostAuditCompliance_review","","AIS_T_AU_POST_COMPLIANCE_HISTORY; DUAL; T_AU_ACTIVITY_LOG; T_AU_OBSERVATION_OLD_CAD_PARAS; T_AUDITEE_ENT_TYPES; T_AUDITEE_ENTITIES; T_AUDITEE_ENTITIES_MAPING; T_AUDITEE_ENTITIES_MAPING_COM; T_GROUPS; T_USER; T_USER_MAPING; V_GET_AIS_POST_COMPLIANCE","AIS_T_AU_POST_COMPLIANCE; AIS_T_AU_POST_COMPLIANCE_HISTORY; T_AU_ACTIVITY_LOG; T_AU_OBSERVATION; T_AU_OBSERVATION_OLD_CAD_PARAS; T_AU_OLD_PARAS_FAD","Old_id:Int32; new_id:Int32; Ent_ID:Int32; P_NO:Int32; R_ID:Int32; A_COMMENTS:Varchar2; P_IND:Varchar2; T_CURSOR:RefCursor","T_CURSOR:RefCursor:Output","remarks; PARA_NO; GIST_OF_PARAS; TO_EMAIL; CC_EMAIL; CC_EMAIL2; para_status","public string SubmitPostAuditComplianceReview(string OLD_PARA_ID, int NEW_PARA_ID, string INDICATOR, string COMPLIANCE, string COMMENTS, List<AuditeeResponseEvidenceModel> EVIDENCE_LIST) {","Referenced by non-archive controller(s)."
"AE","DBConnection.AE.cs","GetOldParasForReviewer","public","Confirmed Active","Compliance / Post Compliance","Read/list workflow data for Compliance / Post Compliance","ApiCallsController.cs","","pkg_ae.p_getoldparasforreviewer","","","","userentityid:Int32; T_CURSOR:RefCursor","T_CURSOR:RefCursor:Output","AUDITEENAME; AUDIT_PERIOD; PARA_NO; GISTOFPARA; AMOUNT_INVOLVED; REF_P; OBS_ID; ID; replieddate; PARA_CATEGORY; PARENT_ID; sequence; auditedby","public List<GetOldParasForComplianceReviewer> GetOldParasForReviewer() {","Referenced by non-archive controller(s)."
"AE","DBConnection.AE.cs","GetOldParasForReviewerRef","public","Confirmed Active","Compliance / Post Compliance","Read/list workflow data for Compliance / Post Compliance","ApiCallsController.cs","","pkg_ae.p_getoldparasforreviewer_ref","","","","userentityid:Int32; T_CURSOR:RefCursor","T_CURSOR:RefCursor:Output","AUDITEENAME; AUDIT_PERIOD; PARA_NO; GISTOFPARA; AMOUNT_INVOLVED; REF_P; OBS_ID; ID; REPLY; replieddate; PARA_CATEGORY; PARENT_ID; SEQUENCE; auditedby","public List<GetOldParasForComplianceReviewer> GetOldParasForReviewerRef() {","Referenced by non-archive controller(s)."
"AE","DBConnection.AE.cs","AddOldParasComplianceReviewer","public","Confirmed Active","Compliance / Post Compliance","Create or advance Compliance / Post Compliance workflow data","ApiCallsController.cs","","pkg_ae.P_AddOldParasReviewer","","","","P_NO:Int32; ENT_ID:Int32; PID:Varchar2; OBS_ID:Varchar2; Remark:Varchar2; P_C:Varchar2; PARENTID:Int32; ROL_ID:Int32; r_status:Int32; seq_id:Varchar2; AUDIT_ID:Varchar2; T_CURSOR:RefCursor","T_CURSOR:RefCursor:Output","remarks","public string AddOldParasComplianceReviewer(string Para_ID, string PARA_CAT, string Reply, string r_status, string OBS_ID, int PARENT_ID, string SEQUENCE, string AUDITED_BY) {","Referenced by non-archive controller(s)."
"AE","DBConnection.AE.cs","AddOldParasReply","public","Confirmed Active","Compliance / Post Compliance","Create or advance Compliance / Post Compliance workflow data","ApiCallsController.cs","","pkg_ae.P_AddOldParasReply","","","","PPNO:Int32; PID:Int32; REPLY:Clob","","","public bool AddOldParasReply(int ID, string REPLY) {","Referenced by non-archive controller(s)."
"AE","DBConnection.AE.cs","GetOldParasBranchComplianceTextupdate","public","Confirmed Active","Compliance / Post Compliance","Read/list workflow data for Compliance / Post Compliance","ApiCallsController.cs","","pkg_ae.P_GetAuditeeAllParasFAD","","T_AU_ACTIVITY_LOG; T_AU_OLD_PARAS_FAD; T_AUDITEE_ENTITIES; V_GET_P_GETAUDITEEOLDPARASFAD_REF","T_AU_ACTIVITY_LOG","ENT_ID:Int32; P_NO:Int32; R_ID:Int32; T_CURSOR:RefCursor","T_CURSOR:RefCursor:Output","audit_period; name; para_no","public List<GetOldParasBranchComplianceModel> GetOldParasBranchComplianceTextupdate() {","Referenced by non-archive controller(s)."
"AE","DBConnection.AE.cs","GetComplianceTextAuditee","public","Confirmed Active","Compliance / Post Compliance","Read/list workflow data for Compliance / Post Compliance","ApiCallsController.cs","","pkg_ae.P_get_v_auditee_paras_compliance_history_auditee_text","","","","para_id:Int32; T_CURSOR:RefCursor","T_CURSOR:RefCursor:Output","reply","public string GetComplianceTextAuditee(int COMPLIANCE_ID) {","Referenced by non-archive controller(s)."
"AE","DBConnection.AE.cs","GetComplianceHistory","public","Confirmed Active","Compliance / Post Compliance","Read/list workflow data for Compliance / Post Compliance","ApiCallsController.cs","","pkg_ae.P_GetParasForCompliancehistory","","AIS_T_AU_POST_COMPLIANCE_HISTORY; V_SERVICE_EMPLOYEEINFO","","COM_ID:Varchar2; T_CURSOR:RefCursor","T_CURSOR:RefCursor:Output","HIST_ID; COM_ID; COM_CYCLE; COM_STAGE; COM_STATUS; COMMENT_BY_ROLE; NAME; PP_NO; COMMENT_ON; COMMENTS; COM_FLOW","public List<PostComplianceHistoryModel> GetComplianceHistory(string COM_ID) {","Referenced by non-archive controller(s)."
"AE","DBConnection.AE.cs","GetCAUParasForPostCompliance","public","Confirmed Active","Compliance / Post Compliance","Read/list workflow data for Compliance / Post Compliance","ApiCallsController.cs","","pkg_ae.P_GetParasForComplianceByCAU","","AIS_T_AU_POST_COMPLIANCE; T_AUDITEE_ENTITIES_MAPING","","P_NO:Int32; ENT_ID:Int32; R_ID:Int32; T_CURSOR:RefCursor","T_CURSOR:RefCursor:Output","audit_period; para_no; new_para_id; old_para_id; gist_of_paras; ind; cau_status; cau_assigned_ent_id; com_id","public List<CAUParaForComplianceModel> GetCAUParasForPostCompliance() {","Referenced by non-archive controller(s)."
"AE","DBConnection.AE.cs","GetrealtionshiptypeForCAU","public","Confirmed Active","Compliance / Post Compliance","Read/list workflow data for Compliance / Post Compliance","PostComplianceController.cs","","pkg_ae.P_GetrealtionshiptypeforCAU","","T_AUDITEE_ENT_RELATION","","T_CURSOR:RefCursor","T_CURSOR:RefCursor:Output","ENTITY_REALTION_ID; FIELD_NAME","public List<UserRelationshipModel> GetrealtionshiptypeForCAU() {","Referenced by non-archive controller(s)."
"AE","DBConnection.AE.cs","GetParentRelationshipForCAU","public","Confirmed Active","Compliance / Post Compliance","Read/list workflow data for Compliance / Post Compliance","ApiCallsController.cs","","pkg_ae.P_GetparentrepofficeforCAU","","T_AUDITEE_ENT_RELATION; T_AUDITEE_ENTITIES","","rid:Int32; ENT_ID:Int32; T_CURSOR:RefCursor","T_CURSOR:RefCursor:Output","ENTITY_REALTION_ID; ENTITY_ID; ACTIVE; DESCRIPTION; ENTITYTYPEDESC","public List<UserRelationshipModel> GetParentRelationshipForCAU(int r_id = 0) {","Referenced by non-archive controller(s)."
"AE","DBConnection.AE.cs","GetChildRelationshipForCAU","public","Confirmed Active","Compliance / Post Compliance","Read/list workflow data for Compliance / Post Compliance","ApiCallsController.cs","","pkg_ae.P_GetchildpostingforCAU","","T_AUDITEE_ENT_TYPES; V_GET_PARENT_OFFICE","","P_ENT_ID:Int32; T_CURSOR:RefCursor","T_CURSOR:RefCursor:Output","ENTITY_ID; C_NAME; TYPEID; COMPLICE_BY; AUDIT_BY","public List<UserRelationshipModel> GetChildRelationshipForCAU(int e_r_id = 0) {","Referenced by non-archive controller(s)."
"AE","DBConnection.AE.cs","SubmitCAUParaToBranch","public","Confirmed Active","Compliance / Post Compliance","Create or advance Compliance / Post Compliance workflow data","ApiCallsController.cs","","pkg_ae.P_FORWARD_CAU_PARA_TO_BRANCH","","AIS_T_AU_POST_COMPLIANCE_TEXT_CAU; DUAL; T_AU_ACTIVITY_LOG; T_AUDITEE_ENTITIES; T_USER; T_USER_MAPING","AIS_T_AU_POST_COMPLIANCE; AIS_T_AU_POST_COMPLIANCE_TEXT_CAU; T_AU_ACTIVITY_LOG","C_ID:Varchar2; ENT_ID:Int32; P_NO:Int32; R_ID:Int32; B_ENT_ID:Int32; CAU_COMMENTS:Varchar2; T_CURSOR:RefCursor","T_CURSOR:RefCursor:Output","remarks","public string SubmitCAUParaToBranch(string COM_ID, string BR_ENT_ID, string CAU_COMMENTS) {","Referenced by non-archive controller(s)."
"AE","DBConnection.AE.cs","GetCAUParaToBranchParaText","public","Confirmed Active","Compliance / Post Compliance","Read/list workflow data for Compliance / Post Compliance","ApiCallsController.cs","","pkg_ae.P_GetParasForCompliance_CAU_para_text","","AIS_T_AU_POST_COMPLIANCE; AIS_T_AU_POST_COMPLIANCE_TEXT_CAU; T_AU_OBSERVATION_TEXT; T_AU_OLD_PARAS_FAD; T_AU_OLD_PARAS_FAD_TEXT","","C_ID:Int32; IND:Varchar2; T_CURSOR:RefCursor","T_CURSOR:RefCursor:Output","para_text; reply; cau_instructions; text_id","public ParaTextModel GetCAUParaToBranchParaText(string COM_ID, string INDICATOR) {","Referenced by non-archive controller(s)."
"AE","DBConnection.AE.cs","GetCAUParasForPostComplianceSubmittedToBranch","public","Confirmed Active","Compliance / Post Compliance","Read/list workflow data for Compliance / Post Compliance","ApiCallsController.cs","","pkg_ae.P_GetParasForComplianceByCAU_BY_BRANCH","","AIS_T_AU_POST_COMPLIANCE; AIS_T_AU_POST_COMPLIANCE_TEXT_CAU; T_AUDITEE_ENTITIES","","P_NO:Int32; ENT_ID:Int32; R_ID:Int32; T_CURSOR:RefCursor","T_CURSOR:RefCursor:Output","audit_period; para_no; new_para_id; old_para_id; gist_of_paras; ind; cau_instructions; CAU_NAME; com_id","public List<CAUParaForComplianceModel> GetCAUParasForPostComplianceSubmittedToBranch() {","Referenced by non-archive controller(s)."
"AE","DBConnection.AE.cs","SubmitCAUParaByBranch","public","Confirmed Active","Compliance / Post Compliance","Create or advance Compliance / Post Compliance workflow data","ApiCallsController.cs","","pkg_ae.P_SubmitPostAuditCompliance_BY_BRANCH; pkg_ae.P_SubmitPostAuditCompliance_Evidence_By_BRANCH","","AIS_T_AU_POST_COMPLIANCE_EVIDENCE_CAU; AIS_T_AU_POST_COMPLIANCE_TEXT; DUAL; T_AU_ACTIVITY_LOG; T_USER; T_USER_MAPING","AIS_T_AU_POST_COMPLIANCE; AIS_T_AU_POST_COMPLIANCE_EVIDENCE_CAU; AIS_T_AU_POST_COMPLIANCE_TEXT_CAU; T_AU_ACTIVITY_LOG","C_ID:Varchar2; T_ID:Varchar2; ENT_ID:Int32; P_NO:Int32; R_ID:Int32; Auditee_COM:Clob; T_CURSOR:RefCursor; TEXT_ID:Int32; filename:Varchar2; len_id:Int32; enter_by:Int32; filetype:Varchar2; filedata:Clob; seq_id:Int32","T_CURSOR:RefCursor:Output","remarks","public async Task<string> SubmitCAUParaByBranch(string COM_ID, string TEXT_ID, string BR_COMMENTS) {","Referenced by non-archive controller(s)."
"AE","DBConnection.AE.cs","GetCAUParasForPostComplianceForReview","public","Confirmed Active","Compliance / Post Compliance","Read/list workflow data for Compliance / Post Compliance","ApiCallsController.cs","","pkg_ae.P_GetParasForComplianceByCAU_FOR_REVIEW","","AIS_T_AU_POST_COMPLIANCE","","P_NO:Int32; ENT_ID:Int32; R_ID:Int32; T_CURSOR:RefCursor","T_CURSOR:RefCursor:Output","audit_period; para_no; new_para_id; old_para_id; gist_of_paras; ind; cau_status; cau_assigned_ent_id; com_id","public List<CAUParaForComplianceModel> GetCAUParasForPostComplianceForReview() {","Referenced by non-archive controller(s)."
"AE","DBConnection.AE.cs","GetCAUAllComplianceEvidence","public","Confirmed Active","Compliance / Post Compliance","Read/list workflow data for Compliance / Post Compliance","ApiCallsController.cs","","pkg_ae.P_GetAllCompliance_Evidence_CAU","","AIS_T_AU_POST_COMPLIANCE_EVIDENCE_CAU","","TEXT_ID:Varchar2; T_CURSOR:RefCursor","T_CURSOR:RefCursor:Output","FILE_NAME; SEQUENCE; LENGTH; id","public List<AuditeeResponseEvidenceModel> GetCAUAllComplianceEvidence(string textId) {","Referenced by non-archive controller(s)."
"AR","DBConnection.AR.cs","GetAuditEntitiesForOtherEntitySelection","public","Confirmed Active","Execution / Observation","Read/list workflow data for Execution / Observation","ManagementAuditController.cs","ArchiveController.cs","pkg_ar.p_get_auditee_submission_list","","T_AUDITEE_ENTITIES","","ENT_ID:Int32; T_CURSOR:RefCursor","T_CURSOR:RefCursor:Output","entity_id; name","public List<AuditEntitiesModel> GetAuditEntitiesForOtherEntitySelection() {","Referenced by non-archive controller(s)."
"AR","DBConnection.AR.cs","GetRiskGroup","public","Confirmed Active","Execution / Observation","Read/list workflow data for Execution / Observation","ExecutionController.cs","","pkg_ar.P_GetRiskGroup","","T_R_GROUP","","T_CURSOR:RefCursor","T_CURSOR:RefCursor:Output","GR_ID; DESCRIPTION","public List<RiskGroupModel> GetRiskGroup() {","Referenced by non-archive controller(s)."
"AR","DBConnection.AR.cs","GetRiskSubGroup","public","Confirmed Active","Execution / Observation","Read/list workflow data for Execution / Observation","ExecutionController.cs","","pkg_ar.P_GetRiskSubGroup","","T_R_GROUP; T_R_SUB_GROUP","","group_id:Int32; T_CURSOR:RefCursor","T_CURSOR:RefCursor:Output","S_GR_ID; GR_ID; DESCRIPTION; GROUP_DESC","public List<RiskSubGroupModel> GetRiskSubGroup(int group_id) {","Referenced by non-archive controller(s)."
"AR","DBConnection.AR.cs","GetRiskActivities","public","Confirmed Active","Execution / Observation","Read/list workflow data for Execution / Observation","ExecutionController.cs","","pkg_ar.p_GetRiskActivities","","T_R_ACTIVITY; T_R_SUB_GROUP","","Sub_group_id:Int32; T_CURSOR:RefCursor","T_CURSOR:RefCursor:Output","S_GR_ID; ACTIVITY_ID; DESCRIPTION; SUB_GROUP_DESC","public List<RiskActivityModel> GetRiskActivities(int Sub_group_id) {","Referenced by non-archive controller(s)."
"AR","DBConnection.AR.cs","GetAuditVoilationcats","public","Confirmed Active","Execution / Observation","Read/list workflow data for Execution / Observation","AuditeePortalController.cs; ExecutionController.cs; ManagementAuditController.cs","ArchiveController.cs","pkg_ar.P_GetAuditVoilationcats","","T_CONTROL_VIOLATION","","T_CURSOR:RefCursor","T_CURSOR:RefCursor:Output","ID; V_Name; MAX_Number; Status","public List<AuditVoilationcatModel> GetAuditVoilationcats() {","Referenced by non-archive controller(s)."
"AR","DBConnection.AR.cs","GetVoilationSubGroup","public","Confirmed Active","Execution / Observation","Read/list workflow data for Execution / Observation","ExecutionController.cs","","pkg_ar.P_GetVoilationSubGroup","","T_CONTROL_VIOLATION; T_CONTROL_VIOLATION_SUB","","group_id:Int32; T_CURSOR:RefCursor","T_CURSOR:RefCursor:Output","ID; V_ID; SUB_V_NAME; RISK_ID; STATUS","public List<AuditSubVoilationcatModel> GetVoilationSubGroup(int group_id) {","Referenced by non-archive controller(s)."
"AR","DBConnection.AR.cs","GetTaskList","public","Confirmed Active","Execution / Observation","Read/list workflow data for Execution / Observation","EngagementController.cs; FieldAuditController.cs; ManagementAuditController.cs","","pkg_ar.P_GetTaskList","","T_AU_AUDIT_JOINING; T_AU_AUDIT_TEAM_TASKLIST; T_AU_AUDIT_TEAM_TASKLIST_STATUS; T_AU_AUDIT_TEAMS; T_AU_PERIOD; T_AU_PLAN_ENG; T_AU_TEAM_MEMBERS; T_AUDITEE_ENT_TYPES; T_AUDITEE_ENTITIES; T_AUDITEE_ENTITIES_MAPING","","ENT_ID:Int32; P_NO:Int32; R_ID:Int32; T_CURSOR:RefCursor","T_CURSOR:RefCursor:Output","ID; ENG_PLAN_ID; TEAM_ID; SEQUENCE_NO; TEAMMEMBER_PPNO; ENTITY_ID; ENTITY_TYPE; P_NAME; ENTITY_TYPE_DESC; ENTITY_CODE; ENTITY_NAME; T_NAME; WORKING_PAPER; pre_info; AUDIT_START_DATE; AUDIT_END_DATE; STATUS_ID; ENG_STATUS; ENG_NEXT_STATUS; ISACTIVE; AUDIT_YEAR; CLOSING; OPERATION_STARTDATE; OPERATION_ENDDATE","public List<TaskListModel> GetTaskList() {","Referenced by non-archive controller(s)."
"AR","DBConnection.AR.cs","GetJoiningDetails","public","Confirmed Active","Execution / Observation","Read/list workflow data for Execution / Observation","EngagementController.cs; FieldAuditController.cs","","pkg_ar.P_GetJoiningDetails","","T_AU_AUDIT_TEAM_TASKLIST; T_AU_AUDIT_TEAMS; T_AU_PERIOD; T_AU_PLAN; T_AU_PLAN_ENG; T_AU_TEAM_MEMBERS; T_AUDITEE_ENTITIES; T_AUDITEE_ENTITIES_SIZE_DISC; T_RISK","","ENG:Int32; ENT_ID:Int32; P_NO:Int32; R_ID:Int32; T_CURSOR:RefCursor","T_CURSOR:RefCursor:Output","ENTITY_ID; ENTITY_CODE; ENTITY_NAME; RISK; ENT_SIZE; AUDIT_START_DATE; AUDIT_END_DATE; AUDIT_PERIOD; TEAM_NAME; EMAIL_ADDRESS; TELEPHONE; MEMBER_NAME; MEMBER_PPNO; ISTEAMLEAD","public JoiningModel GetJoiningDetails(int engId = 0) {","Referenced by non-archive controller(s)."
"AR","DBConnection.AR.cs","AddJoiningReport","public","Confirmed Active","Execution / Observation","Create or advance Execution / Observation workflow data","EngagementController.cs; FieldAuditController.cs","","pkg_ar.P_AddJoiningReport","","DUAL; T_AU_ACTIVITY_LOG; T_AU_AUDIT_JOINING; T_AU_AUDIT_TEAM_TASKLIST; T_AU_AUDIT_TEAMS; T_AU_PLAN_ENG; T_AU_TEAM_MEMBERS; T_AUDITEE_ENTITIES","AUDITEE; JOINING; T_AU_ACTIVITY_LOG; T_AU_AUDIT_JOINING; T_AU_AUDIT_TEAM_TASKLIST; T_AUDITEE_ENTITIES","ENGID:Int32; ENT_ID:Int32; P_NO:Int32; R_ID:Int32; COMPLETION_DATE:Date; T_CURSOR:RefCursor","T_CURSOR:RefCursor:Output","remarks; to_email; cc_email; auditee_name; team_lead; team_members; email","public string AddJoiningReport(AddJoiningModel jm) {","Referenced by non-archive controller(s)."
"AR","DBConnection.AR.cs","GetAuditChecklist","public","Confirmed Active","Execution / Observation","Read/list workflow data for Execution / Observation","ExecutionController.cs; FADController.cs; FieldAuditController.cs; SetupController.cs","","pkg_ar.P_GetAuditChecklist","","T_AUDIT_CHECKLIST; T_AUDITEE_ENT_TYPES","","T_CURSOR:RefCursor","T_CURSOR:RefCursor:Output","T_ID; HEADING; RISK_SEQUENCE; WEIGHT_ASSIGNED; ENTITY_TYPE; ENTITY_TYPE_NAME; STATUS","public List<AuditChecklistModel> GetAuditChecklist() {","Referenced by non-archive controller(s)."
"AR","DBConnection.AR.cs","GetAuditChecklistCAD","public","Confirmed Active","Execution / Observation","Read/list workflow data for Execution / Observation","ExecutionController.cs; FieldAuditController.cs","ArchiveController.cs","pkg_ar.P_GetAuditChecklistCAD","","T_AUDIT_CHECKLIST","","T_CURSOR:RefCursor","T_CURSOR:RefCursor:Output","T_ID; HEADING; ENTITY_TYPE; ENTITY_TYPE_NAME; STATUS","public List<AuditChecklistModel> GetAuditChecklistCAD() {","Referenced by non-archive controller(s)."
"AR","DBConnection.AR.cs","GetAuditChecklistSub","public","Confirmed Active","Execution / Observation","Read/list workflow data for Execution / Observation","ApiCallsController.cs","","pkg_ar.p_GetAuditChecklistSub","","T_AUDIT_CHECKLIST; T_AUDIT_CHECKLIST_SUB; T_AUDITEE_ENT_TYPES","","tid:Int32; ENT_ID:Int32; P_NO:Int32; R_ID:Int32; T_CURSOR:RefCursor","T_CURSOR:RefCursor:Output","S_ID; T_ID; T_NAME; HEADING; ENTITY_TYPE; ENTITY_TYPE_NAME","public List<AuditChecklistSubModel> GetAuditChecklistSub(int t_id = 0, int eng_id = 0) {","Referenced by non-archive controller(s)."
"AR","DBConnection.AR.cs","GetAuditChecklistDetails","public","Confirmed Active","Execution / Observation","Read/list workflow data for Execution / Observation","ApiCallsController.cs","","pkg_ar.P_GetAuditChecklistDetails","","T_AUDIT_CHECKLIST_DETAILS; T_AUDIT_CHECKLIST_SUB; T_R_SUB_GROUP; T_RISK","","sid:Int32; ENT_ID:Int32; P_NO:Int32; R_ID:Int32; T_CURSOR:RefCursor","T_CURSOR:RefCursor:Output","ID; S_ID; S_NAME; V_ID; V_NAME; HEADING; RISK_ID; RISK; ROLE_RESP_ID; PROCESS_OWNER_ID; STATUS","public List<AuditChecklistDetailsModel> GetAuditChecklistDetails(int s_id = 0) {","Referenced by non-archive controller(s)."
"AR","DBConnection.AR.cs","SaveAuditObservation","public","Confirmed Active","Execution / Observation","Create or advance Execution / Observation workflow data","ApiCallsController.cs","","pkg_ar.P_SaveAuditObservation; pkg_ar.P_responibilityassigned","RESPONSIBILITY","DUAL; T_AU_ACTIVITY_LOG; T_AU_OBSERVATION; T_AU_OBSERVATION_RESPONIBILITY_ASSIGNED; T_AU_OBSERVATION_TEXT; T_AU_PLAN_ENG; T_AU_REMARKS; T_AUDIT_CHECKLIST_DETAILS; T_AUDIT_CHECKLIST_SUB; T_AUDITEE_ENT_TYPES","T_AU_ACTIVITY_LOG; T_AU_OBSERVATION; T_AU_OBSERVATION_RESPONIBILITY_ASSIGNED; T_AU_OBSERVATION_TEXT; T_AU_RESPONSIBILITY_LOG; T_AUDITEE_CHECKKLIST","PLANID:Int32; STATUS:Int32; REPLYDATE:Date; ENTEREDBY:Int32; Severity:Int32; SUBCHECKLISTID:Int32; CHECKLISTDETAILID:Int32; VCATID:Int32; VCATNATUREID:Int32; TEXT_DATA:Clob; NOINSTANCES:Int32; AMOUNT_INV:Int32; TITLE:Varchar2; OT_ENT_ID:Int32; ENT_ID:Int32; P_NO:Int32; R_ID:Int32; ANNEX_ID:Int32; P_REFERENCE_ID:Int64; T_CURSOR:RefCursor; N_ID:Int32; E_ID:Int32; C_ID:Int32; IND:Varchar2; PPNO:Int32; RES_PP:Int32; LOANCASE:Int32; ACCNUMBER:Int32; LCAMOUNT:Int32; ACAMOUNT:Int32","T_CURSOR:RefCursor:Output","REF; remarks; ID","public string SaveAuditObservation(ObservationModel ob) {","Referenced by non-archive controller(s)."
"AR","DBConnection.AR.cs","SaveAuditObservationCAU","public","Confirmed Active","Execution / Observation","Create or advance Execution / Observation workflow data","ApiCallsController.cs","","pkg_ar.P_SaveAuditObservationCAD; pkg_ar.P_responibilityassigned","","DUAL; T_AU_ACTIVITY_LOG; T_AU_OBSERVATION; T_AU_OBSERVATION_RESPONIBILITY_ASSIGNED; T_AU_OBSERVATION_TEXT; T_AU_PLAN_ENG; T_AU_REMARKS; T_AUDIT_CHECKLIST_DETAILS; T_AUDIT_CHECKLIST_SUB; T_AUDITEE_ENTITIES","T_AU_ACTIVITY_LOG; T_AU_OBSERVATION; T_AU_OBSERVATION_RESPONIBILITY_ASSIGNED; T_AU_OBSERVATION_TEXT; T_AU_RESPONSIBILITY_LOG","PLANID:Int32; STATUS:Int32; REPLYDATE:Date; ENTEREDBY:Int32; Severity:Int32; SUBCHECKLISTID:Varchar2; CHECKLISTDETAILID:Int32; TEXT_DATA:Clob; TITLE:Varchar2; AMOUNT_INV:Int32; NO_INST:Int32; BRANCHID:Int32; ENT_ID:Int32; P_NO:Int32; R_ID:Int32; ANNEX_ID:Int32; P_REFERENCE_ID:Int64; T_CURSOR:RefCursor; N_ID:Int32; E_ID:Int32; C_ID:Int32; IND:Varchar2; PPNO:Int32; RES_PP:Int32; LOANCASE:Int32; ACCNUMBER:Int32; LCAMOUNT:Int32; ACAMOUNT:Int32","T_CURSOR:RefCursor:Output","REF; remarks; ID","public string SaveAuditObservationCAU(ObservationModel ob) {","Referenced by non-archive controller(s)."
"AR","DBConnection.AR.cs","SetEngIdOnHold","public","Likely Active","Execution / Observation","Support Execution / Observation workflow","","","pkg_ar.P_SetEngIdOnHold","","","T_AU_AUDIT_JOINING; T_AU_PLAN_ENG","ENGID:Int32; PPNO:Int32","","","public bool SetEngIdOnHold() {","No external call found, but referenced inside DBConnection and belongs to non-archive module."
"AR","DBConnection.AR.cs","GetLatestAuditorResponse","public","Likely Active","Execution / Observation","Read/list workflow data for Execution / Observation","","","pkg_ar.P_GetLatestAuditorResponse","","T_AU_OBSERVATIONS_AUDITOR_RECOMMENDATION","","obs_id:Int32; ENT_ID:Int32; P_NO:Int32; R_ID:Int32; T_CURSOR:RefCursor","T_CURSOR:RefCursor:Output","Recommendation","public string GetLatestAuditorResponse(int obs_id = 0) {","No external call found, but referenced inside DBConnection and belongs to non-archive module."
"AR","DBConnection.AR.cs","GetLatestDepartmentalHeadResponse","public","Likely Active","Execution / Observation","Read/list workflow data for Execution / Observation","","","pkg_ar.P_GetLatestDepartmentalHeadResponse","","T_AU_OBSERVATIONS_AUDITOR_REPLY","","obs_id:Int32; ENT_ID:Int32; P_NO:Int32; R_ID:Int32; T_CURSOR:RefCursor","T_CURSOR:RefCursor:Output","audit_reply","public string GetLatestDepartmentalHeadResponse(int obs_id = 0) {","No external call found, but referenced inside DBConnection and belongs to non-archive module."
"AR","DBConnection.AR.cs","GetLatestAuditeeResponse","public","Confirmed Active","Execution / Observation","Read/list workflow data for Execution / Observation","ApiCallsController.cs","","pkg_ar.P_GetLatestAuditeeResponse","","T_AU_OBSERVATIONS_AUDITEE_RESPONSE","","obs_id:Int32; ENT_ID:Int32; P_NO:Int32; R_ID:Int32; T_CURSOR:RefCursor","T_CURSOR:RefCursor:Output","reply","public string GetLatestAuditeeResponse(int obs_id = 0) {","Referenced by non-archive controller(s)."
"AR","DBConnection.AR.cs","GetManagedObservationsSummaryForSelectedEntity","public","Confirmed Active","Execution / Observation","Read/list workflow data for Execution / Observation","ApiCallsController.cs","","pkg_ar.P_get_details_for_manage_observations_summary","","V_GET_P_GET_DETAILS_FOR_MANAGE_OBSERVATIONS_SUMMARY","","ENGID:Int32; ENT_ID:Int32; P_NO:Int32; R_ID:Int32; T_CURSOR:RefCursor","T_CURSOR:RefCursor:Output","ENG_ID; PPNO; E_NAME; STATUS; TEAM; CREATED; SUBMIT_TO_AUDITEE; RESPONDED_BY_AUDITEE; Drop_Resolved_by_team_head; ADDED_TO_DRAFT; ADDED_TO_FINAL; SETTELED; TOTAL","public List<ObservationSummaryModel> GetManagedObservationsSummaryForSelectedEntity(int ENG_ID = 0) {","Referenced by non-archive controller(s)."
"AR","DBConnection.AR.cs","GetManagedObservationsForSelectedEntity","public","Confirmed Active","Execution / Observation","Read/list workflow data for Execution / Observation","ApiCallsController.cs","","pkg_ar.P_get_details_for_manage_observations","","T_AU_OBSERVATION; T_AU_OBSERVATION_STATUS; T_AU_OBSERVATION_TEXT; T_AU_PLAN_ENG; T_AUDITEE_ENT_TYPES; T_AUDITEE_ENTITIES","","ENGID:Int32; ENT_ID:Int32; P_NO:Int32; R_ID:Int32; T_CURSOR:RefCursor","T_CURSOR:RefCursor:Output","OBD_ID; MEMO; DRAFT_PARA; FINAL_PARA; IND; T_IND; Title; e_name; status; status_id","public List<ObservationRevisedModel> GetManagedObservationsForSelectedEntity(int ENG_ID = 0) {","Referenced by non-archive controller(s)."
"AR","DBConnection.AR.cs","UpdateAuditObservationStatus","public","Confirmed Active","Execution / Observation","Change state within Execution / Observation workflow","ApiCallsController.cs","","pkg_ar.P_Update_Audit_Paras","","DUAL","T_AU_OBSERVATION_UPDATED_REFERENCE","OBS_ID:Int32; NEW_STATUS_ID:Int32; D_PARA_NO:Varchar2; Remarks:Varchar2; ENT_ID:Int32; P_NO:Int32; R_ID:Int32; T_CURSOR:RefCursor; PPNumber:Int32; AUDITOR_COMMENT:Varchar2; status:Int32","T_CURSOR:RefCursor:Output","REMARKS","public string UpdateAuditObservationStatus(ManageAuditParasModel pm) {","Referenced by non-archive controller(s)."
"AR","DBConnection.AR.cs","ReferredBackAuditObservationStatus","public","Confirmed Active","Execution / Observation","Support Execution / Observation workflow","ApiCallsController.cs","","pkg_ar.P_Authorize_Update_Audit_Paras","","","","C_ID:Int32; N_PARA_ID:Int32; O_PARA_ID:Int32; D_PARA_ID:Int32; D_PARA_NO:Varchar2; D_AUDIT_PERIOD:Varchar2; D_GIST:Varchar2; D_RISK:Int32; D_ANNEX:Int32; D_IND:Varchar2; D_PARA_TEXT:Clob; D_AMOUNT:Decimal; D_INSTANCES:Int32; ENT_ID:Int32; P_NO:Int32; R_ID:Int32; P_DECISION:Varchar2; T_CURSOR:RefCursor","T_CURSOR:RefCursor:Output","REMARKS","public string ReferredBackAuditObservationStatus(ManageAuditParasModel pm) {","Referenced by non-archive controller(s)."
"AR","DBConnection.AR.cs","AuthorizedAuditObservationStatus","public","Confirmed Active","Execution / Observation","Change state within Execution / Observation workflow","ApiCallsController.cs","","pkg_ar.P_Authorize_Update_Audit_Paras","","","","C_ID:Int32; N_PARA_ID:Int32; O_PARA_ID:Int32; D_PARA_ID:Int32; D_PARA_NO:Varchar2; D_AUDIT_PERIOD:Varchar2; D_GIST:Varchar2; D_RISK:Int32; D_ANNEX:Int32; D_IND:Varchar2; D_PARA_TEXT:Clob; D_AMOUNT:Decimal; D_INSTANCES:Int32; ENT_ID:Int32; P_NO:Int32; R_ID:Int32; P_DECISION:Varchar2; T_CURSOR:RefCursor","T_CURSOR:RefCursor:Output","REMARKS","public string AuthorizedAuditObservationStatus(ManageAuditParasModel pm) {","Referenced by non-archive controller(s)."
"AR","DBConnection.AR.cs","GetManagedObservations","public","Confirmed Active","Execution / Observation","Read/list workflow data for Execution / Observation","ApiCallsController.cs; ReportsController.cs","","pkg_ar.P_GetManagedObservations","","T_AU_OBSERVATION; T_AU_OBSERVATION_STATUS; T_AU_OBSERVATION_TEXT; T_AU_PERIOD; T_AU_PLAN_ENG; T_AUDITEE_ENTITIES; T_CONTROL_VIOLATION; T_CONTROL_VIOLATION_SUB; T_RISK","","ENGID:Int32; OBSID:Int32; ENT_ID:Int32; P_NO:Int32; R_ID:Int32; T_CURSOR:RefCursor","T_CURSOR:RefCursor:Output","OBS_ID; OBS_RISK_ID; OBS_STATUS_ID; MEMO_NO; NOINSTANCES; VIOLATION; HEADING; NATURE; ENTITY_NAME; OBS_STATUS; OBS_RISK; PERIOD","public List<ManageObservations> GetManagedObservations(int ENG_ID = 0, int OBS_ID = 0) {","Referenced by non-archive controller(s)."
"AR","DBConnection.AR.cs","GetManagedObservationText","public","Confirmed Active","Execution / Observation","Read/list workflow data for Execution / Observation","ApiCallsController.cs","","pkg_ar.P_GetManagedObservationsText","","T_AU_OBSERVATION; T_AU_OBSERVATION_STATUS; T_AU_OBSERVATION_TEXT; T_AU_PERIOD; T_AU_PLAN_ENG; T_CONTROL_VIOLATION; T_CONTROL_VIOLATION_SUB; T_RISK","","OBSID:Int32; ENT_ID:Int32; P_NO:Int32; R_ID:Int32; T_CURSOR:RefCursor","T_CURSOR:RefCursor:Output","VIOLATION; NATURE; OBS_TEXT; OBS_HEADING; OBS_RISK_ID","public List<ManageObservations> GetManagedObservationText(int ENG_ID = 0, int OBS_ID = 0) {","Referenced by non-archive controller(s)."
"AR","DBConnection.AR.cs","GetRespondedObservationEvidences","public","Confirmed Active","Execution / Observation","Read/list workflow data for Execution / Observation","ApiCallsController.cs","","pkg_ar.P_get_AUDITEE_OBSERVATION_RESPONSE_evidences_by_obs_id","","T_AU_OBSERVATION_TEXT; T_AU_OBSERVATIONS_AUDITEE_EVIDENCES","","OBS_ID:Int32; T_CURSOR:RefCursor","T_CURSOR:RefCursor:Output","ID; FILE_NAME; SEQUENCE; FILE_TYPE","public List<AuditeeResponseEvidenceModel> GetRespondedObservationEvidences(int OBS_ID) {","Referenced by non-archive controller(s)."
"AR","DBConnection.AR.cs","GetManagedAllObservationsText","public","Confirmed Active","Execution / Observation","Read/list workflow data for Execution / Observation","ApiCallsController.cs","","pkg_ar.P_get_details_for_manage_observations_text","","V_PARA_TEXT_DEPARTMENT_AIS; V_PARA_TEXT_FIELD_AIS","","OBS_ID:Int32; IND:Varchar2; ENT_ID:Int32; P_NO:Int32; R_ID:Int32; T_CURSOR:RefCursor","T_CURSOR:RefCursor:Output","CP; CP_ID; PSN; PSN_ID; CD; CD_ID; TEXT; TITLE; RISK; Instances; amount; RISK_ID; engplanid","public List<ObservationTextModel> GetManagedAllObservationsText(int OBS_ID = 0, string INDICATOR = """") {","Referenced by non-archive controller(s)."
"AR","DBConnection.AR.cs","GetManagedObservationsForBranches","public","Confirmed Active","Execution / Observation","Read/list workflow data for Execution / Observation","ApiCallsController.cs; ObservationPdfController.cs","","pkg_ar.P_GetManagedObservationsForBranches","","T_AU_OBSERVATION; T_AU_OBSERVATION_STATUS; T_AU_OBSERVATION_TEXT; T_AU_PERIOD; T_AU_PLAN_ENG; T_AUDIT_CHECKLIST_ANNEXURE; T_AUDITEE_ENTITIES; T_RISK","","ENGID:Int32; OBSID:Int32; ENT_ID:Int32; P_NO:Int32; R_ID:Int32; T_CURSOR:RefCursor","T_CURSOR:RefCursor:Output","OBS_ID; OBS_RISK_ID; OBS_STATUS_ID; MEMO_NO; PROCESS; NOINSTANCES; SUB_PROCESS; Check_List_Detail; HEADINGS; ENTITY_NAME; ENTITY_ID; OBS_STATUS; OBS_RISK; PERIOD; ANNEX_ID; ANNEX_CODE; DSA","public List<ManageObservations> GetManagedObservationsForBranches(int ENG_ID = 0, int OBS_ID = 0) {","Referenced by non-archive controller(s)."
"AR","DBConnection.AR.cs","GetManagedObservationTextForBranches","public","Confirmed Active","Execution / Observation","Read/list workflow data for Execution / Observation","ApiCallsController.cs","","pkg_ar.P_GetManagedObservationstext; pkg_ar.P_GetManagedObservationsForBranchesText","","T_AU_OBSERVATION; T_AU_OBSERVATION_STATUS; T_AU_OBSERVATION_TEXT; T_AU_PERIOD; T_AU_PLAN_ENG; T_AUDIT_CHECKLIST; T_AUDIT_CHECKLIST_DETAILS; T_AUDIT_CHECKLIST_SUB; T_CONTROL_VIOLATION; T_CONTROL_VIOLATION_SUB; T_RISK","","OBSID:Int32; ENT_ID:Int32; P_NO:Int32; R_ID:Int32; T_CURSOR:RefCursor","T_CURSOR:RefCursor:Output","OBS_ID; Violation; PROCESS_ID; NATURE; SUB_PROCESS_ID; OBS_HEADING; OBS_RISK_ID; OBS_TEXT; engplanid; REFERENCE_ID; PROCESS; SUB_PROCESS; HEADINGS; RISK_ID; ANNEXURE_ID; Check_List_Detail; Check_List_Detail_Id","public List<ManageObservations> GetManagedObservationTextForBranches(int OBS_ID = 0) {","Referenced by non-archive controller(s)."
"AR","DBConnection.AR.cs","GetManagedDraftObservations","public","Confirmed Active","Execution / Observation","Read/list workflow data for Execution / Observation","ApiCallsController.cs","","pkg_ar.P_GetManagedDraftObservations","","T_AU_OBSERVATION; T_AU_OBSERVATION_STATUS; T_AU_OBSERVATION_TEXT; T_AU_OBSERVATIONS_AUDITOR_RESPONSE; T_AU_PERIOD; T_AU_PLAN_ENG; T_AUDIT_CHECKLIST; T_AUDIT_CHECKLIST_DETAILS; T_AUDIT_CHECKLIST_SUB; T_AUDITEE_ENTITIES; T_CONTROL_VIOLATION; T_CONTROL_VIOLATION_SUB; T_RISK","","ENGID:Int32; ENT_ID:Int32; P_NO:Int32; R_ID:Int32; T_CURSOR:RefCursor","T_CURSOR:RefCursor:Output","OBS_ID; ENG_ID; OBS_RISK_ID; OBS_STATUS_ID; MEMO_NO; DRAFT_PARA; VIOLATION; NATURE; ENTITY_NAME; OBS_STATUS; OBS_RISK; PERIOD","public List<ManageObservations> GetManagedDraftObservations(int ENG_ID = 0, int OBS_ID = 0) {","Referenced by non-archive controller(s)."
"AR","DBConnection.AR.cs","GetManagedDraftObservationsBranch","public","Confirmed Active","Execution / Observation","Read/list workflow data for Execution / Observation","ApiCallsController.cs","","pkg_ar.P_GetManagedDraftObservationsForBranches","","T_AU_OBSERVATION; T_AU_OBSERVATION_STATUS; T_AU_OBSERVATION_TEXT; T_AU_OBSERVATIONS_AUDITOR_RESPONSE; T_AU_PERIOD; T_AU_PLAN_ENG; T_AUDIT_CHECKLIST; T_AUDIT_CHECKLIST_DETAILS; T_AUDIT_CHECKLIST_SUB; T_AUDITEE_ENTITIES; T_RISK","","ENGID:Int32; ENT_ID:Int32; P_NO:Int32; R_ID:Int32; T_CURSOR:RefCursor","T_CURSOR:RefCursor:Output","OBS_ID; OBS_RISK_ID; OBS_STATUS_ID; MEMO_NO; DRAFT_PARA; PROCESS; SUB_PROCESS; CHECK_LIST_DETAIL; ENTITY_NAME; OBS_STATUS; OBS_RISK; HEADINGS; PERIOD","public List<ManageObservations> GetManagedDraftObservationsBranch(int ENG_ID = 0, int OBS_ID = 0) {","Referenced by non-archive controller(s)."
"AR","DBConnection.AR.cs","GetEntityReportParasForBranch","public","Confirmed Active","Execution / Observation","Read/list workflow data for Execution / Observation","ApiCallsController.cs","","pkg_ar.P_GetManagedDraftObservationsbranch","","T_AU_OBSERVATION; T_AU_OBSERVATION_STATUS; T_AU_OBSERVATION_TEXT; T_AU_OBSERVATIONS_AUDITOR_RESPONSE; T_AU_PERIOD; T_AU_PLAN_ENG; T_AUDIT_CHECKLIST; T_AUDIT_CHECKLIST_DETAILS; T_AUDIT_CHECKLIST_SUB; T_AUDITEE_ENTITIES; T_RISK","","ENGID:Int32; T_CURSOR:RefCursor","T_CURSOR:RefCursor:Output","OBS_ID; OBS_RISK_ID; OBS_STATUS_ID; MEMO_NO; DRAFT_PARA; FINAL_PARA; PROCESS; SUB_PROCESS; CHECK_LIST_DETAIL; ENTITY_NAME; OBS_STATUS; OBS_RISK; PERIOD","public List<ManageObservations> GetEntityReportParasForBranch(int ENG_ID = 0) {","Referenced by non-archive controller(s)."
"AR","DBConnection.AR.cs","GetManagedDraftObservationsText","public","Confirmed Active","Execution / Observation","Read/list workflow data for Execution / Observation","ApiCallsController.cs","","pkg_ar.P_GetManagedDraftObservationsText","","T_AU_OBSERVATION_TEXT","","OBSID:Int32; ENT_ID:Int32; P_NO:Int32; R_ID:Int32; T_CURSOR:RefCursor","T_CURSOR:RefCursor:Output","OBS_TEXT","public List<ManageObservations> GetManagedDraftObservationsText(int ENG_ID = 0, int OBS_ID = 0) {","Referenced by non-archive controller(s)."
"AR","DBConnection.AR.cs","GetSubChecklistStatus","public","Confirmed Active","Execution / Observation","Read/list workflow data for Execution / Observation","ApiCallsController.cs","","pkg_ar.p_getauditeecheckklist","","T_AU_OBSERVATION; T_AU_OBSERVATION_TEXT; T_AUDIT_CHECKLIST_DETAILS; T_AUDIT_CHECKLIST_SUB; T_AUDITEE_CHECKKLIST","","PLANID:Int32; SUBCHECKLISTID:Int32; T_CURSOR:RefCursor","T_CURSOR:RefCursor:Output","S_ID; CHECKLIST_ID; STATUS; OBSID","public List<SubCheckListStatus> GetSubChecklistStatus(int ENG_ID = 0, int S_ID = 0) {","Referenced by non-archive controller(s)."
"AR","DBConnection.AR.cs","DropAuditObservation","public","Confirmed Active","Execution / Observation","Change state within Execution / Observation workflow","ApiCallsController.cs","","pkg_ar.P_DropAuditObservation","","T_AU_ACTIVITY_LOG; T_AU_AUDIT_TEAM_TASKLIST; T_AU_OBSERVATION; T_AU_REMARKS; T_AU_TEAM_MEMBERS; T_USER_MAPING","T_AU_ACTIVITY_LOG; T_AU_OBSERVATION","OBS_ID:Int32; ENT_ID:Int32; P_NO:Int32; R_ID:Int32; T_CURSOR:RefCursor","T_CURSOR:RefCursor:Output","REMARKS","public string DropAuditObservation(int OBS_ID) {","Referenced by non-archive controller(s)."
"AR","DBConnection.AR.cs","SubmitAuditObservationToAuditee","public","Confirmed Active","Execution / Observation","Create or advance Execution / Observation workflow data","ApiCallsController.cs","","pkg_ar.P_SubmitAuditObservationToAuditee","","DUAL; T_AU_ACTIVITY_LOG; T_AU_AUDIT_TEAM_TASKLIST; T_AU_OBSERVATION; T_AU_OBSERVATION_ASSIGNEDTO; T_AU_OBSERVATION_TEXT; T_AU_REMARKS; T_AU_TEAM_MEMBERS; T_AUDITEE_ENTITEE_SUBENTITY","T_AU_ACTIVITY_LOG; T_AU_OBSERVATION; T_AU_OBSERVATION_ASSIGNEDTO; T_AU_OBSERVATION_TEXT","OBS_ID:Int32; ENT_ID:Int32; P_NO:Int32; R_ID:Int32; T_CURSOR:RefCursor","T_CURSOR:RefCursor:Output","REMARKS","public string SubmitAuditObservationToAuditee(int OBS_ID = 0) {","Referenced by non-archive controller(s)."
"AR","DBConnection.AR.cs","UpdateAuditObservationStatus","public","Confirmed Active","Execution / Observation","Change state within Execution / Observation workflow","ApiCallsController.cs","","pkg_ar.P_UpdateAuditObservationStatus; pkg_ar.AUDITOR_RESPONSE; pkg_ar.AUDITOR_REPLY","THIS","T_AU_ACTIVITY_LOG; T_AU_AUDIT_TEAM_TASKLIST; T_AU_OBSERVATION; T_AU_OBSERVATION_STATUS; T_AU_OBSERVATION_TEXT; T_AU_OBSERVATIONS_AUDITOR_RECOMMENDATION; T_AU_OBSERVATIONS_AUDITOR_REPLY; T_AU_REMARKS; T_AU_TEAM_MEMBERS; T_GROUPS; T_USER_MAPING","T_AU_ACTIVITY_LOG; T_AU_OBSERVATION; T_AU_OBSERVATIONS_AUDITEE_RESPONSE; T_AU_OBSERVATIONS_AUDITOR_RECOMMENDATION; T_AU_OBSERVATIONS_AUDITOR_REPLY","OBS_ID:Int32; NEW_STATUS_ID:Int32; D_PARA_NO:Varchar2; Remarks:Varchar2; ENT_ID:Int32; P_NO:Int32; R_ID:Int32; T_CURSOR:RefCursor; PPNumber:Int32; AUDITOR_COMMENT:Varchar2; status:Int32","T_CURSOR:RefCursor:Output","REMARKS","public string UpdateAuditObservationStatus(int OBS_ID, int NEW_STATUS_ID, string DRAFT_PARA_NO, string AUDITOR_COMMENT) {","Referenced by non-archive controller(s)."
"AR","DBConnection.AR.cs","UpdateAuditObservationText","public","Confirmed Active","Execution / Observation","Change state within Execution / Observation workflow","ApiCallsController.cs","","pkg_ar.P_UpdateObservation","","DUAL; T_AU_ACTIVITY_LOG; T_AU_AUDIT_TEAM_TASKLIST; T_AU_OBSERVATION; T_AU_REMARKS","T_AU_ACTIVITY_LOG; T_AU_OBSERVATION; T_AU_OBSERVATION_TEXT","OBSID:Int32; title:Clob; OBTEXT:Clob; SUBPROCESSID:Int32; CHECKLISTID:Int32; RiskID:Int32; AnnexureID:Int32; P_REFERENCE_ID:Int64; ENT_ID:Int32; P_NO:Int32; R_ID:Int32; T_CURSOR:RefCursor","T_CURSOR:RefCursor:Output","REMARKS","public string UpdateAuditObservationText(int OBS_ID, string OBS_TEXT, int PROCESS_ID = 0, int SUBPROCESS_ID = 0, int CHECKLIST_ID = 0, string OBS_TITLE = """", int RISK_ID = 0, int ANNEXURE_ID = 0, long? REFERENCE_ID = null) {","Referenced by non-archive controller(s)."
"AR","DBConnection.AR.cs","GetClosingDraftObservations","public","Confirmed Active","Execution / Observation","Read/list workflow data for Execution / Observation","ApiCallsController.cs; FieldAuditController.cs","","pkg_ar.p_GetClosingDraftObservations","","T_AU_AUDIT_JOINING; T_AU_AUDIT_TEAM_TASKLIST; T_AU_PLAN_ENG; T_AUDITEE_ENTITIES; V_GETCLOSINGDRAFT_STATUS_SUMMARY; V_GETCLOSINGDRAFT_TEAM_SUMMARY; V_GETCLOSINGDRAFT_TEAMMEMBER_SUMMARY","","ENGID:Int32; ENT_ID:Int32; P_NO:Int32; R_ID:Int32; T_CURSOR:RefCursor","T_CURSOR:RefCursor:Output","TOTAL_NO_OB; SUBMITTED_TO_AUDITEE; RESOLVED; RESPONDED; DROPPED; ADDED_TO_DRAFT; MEMBER_PPNO; JOINING_DATE; COMPLETION_DATE; TEAMLEAD; ENTITY_NAME; MEMBER_NAME; ENG_PLAN_ID","public List<ClosingDraftTeamDetailsModel> GetClosingDraftObservations(int ENG_ID = 0) {","Referenced by non-archive controller(s)."
"AR","DBConnection.AR.cs","GetClosingDraftTeamDetails","public","Confirmed Active","Execution / Observation","Read/list workflow data for Execution / Observation","ApiCallsController.cs","","pkg_ar.p_GetClosingDraftObservations","","T_AU_AUDIT_JOINING; T_AU_AUDIT_TEAM_TASKLIST; T_AU_PLAN_ENG; T_AUDITEE_ENTITIES; V_GETCLOSINGDRAFT_STATUS_SUMMARY; V_GETCLOSINGDRAFT_TEAM_SUMMARY; V_GETCLOSINGDRAFT_TEAMMEMBER_SUMMARY","","ENT_ID:Int32; P_NO:Int32; R_ID:Int32; T_CURSOR:RefCursor","T_CURSOR:RefCursor:Output","SUBMITTED_TO_AUDITEE; RESOLVED; RESPONDED; DROPPED; ADDED_TO_DRAFT; MEMBER_PPNO; JOINING_DATE; COMPLETION_DATE; TEAMLEAD; ENTITY_NAME; MEMBER_NAME","public List<ClosingDraftTeamDetailsModel> GetClosingDraftTeamDetails(int ENG_ID = 0) {","Referenced by non-archive controller(s)."
"AR","DBConnection.AR.cs","SearchChecklistDetails","public","Confirmed Active","Execution / Observation","Support Execution / Observation workflow","ExecutionController.cs; SetupController.cs","","pkg_ar.P_GetAuditChecklistDetails_search","","T_AUDIT_CHECKLIST; T_AUDIT_CHECKLIST_DETAILS; T_AUDIT_CHECKLIST_SUB; T_RISK","","T_CURSOR:RefCursor","T_CURSOR:RefCursor:Output","ID; P_NAME; S_NAME; C_NAME; RISK","public List<SearchChecklistDetailsModel> SearchChecklistDetails() {","Referenced by non-archive controller(s)."
"AR","DBConnection.AR.cs","GetLegacyParasEntities","public","Likely Active","Execution / Observation","Read/list workflow data for Execution / Observation","","ArchiveController.cs","pkg_ar.P_GetEntitiesForLegacyPara","","T_AU_OBSERVATION_OLD_CAD_PARAS; T_AU_OBSERVATION_OLD_CAD_PARAS_TEXT; T_AU_OLD_PARAS_FAD; T_AUDITEE_ENTITIES","","ENTITYID:Int32; P_NO:Int32; R_ID:Int32; T_CURSOR:RefCursor","T_CURSOR:RefCursor:Output","ENTITY_ID; NAME","public List<AuditeeOldParasModel> GetLegacyParasEntities() {","No external call found, but referenced inside DBConnection and belongs to non-archive module."
"AR","DBConnection.AR.cs","GetLegacyParasEntitiesHO","public","Likely Active","Execution / Observation","Read/list workflow data for Execution / Observation","","ArchiveController.cs","pkg_ar.P_GetEntitiesForLegacyPara_HO","","T_AU_OBSERVATION_OLD_CAD_PARAS; T_AU_OBSERVATION_OLD_CAD_PARAS_TEXT; T_AUDITEE_ENTITIES","","ENTITYID:Int32; T_CURSOR:RefCursor","T_CURSOR:RefCursor:Output","ENTITY_ID; NAME","public List<AuditeeOldParasModel> GetLegacyParasEntitiesHO() {","No external call found, but referenced inside DBConnection and belongs to non-archive module."
"AR","DBConnection.AR.cs","GetLegacyParasEntitiesReport","public","Confirmed Active","Execution / Observation","Read/list workflow data for Execution / Observation","ApiCallsController.cs","","pkg_ar.P_GetEntitiesForLegacyPara_ho_report","","T_AU_OBSERVATION_OLD_CAD_PARAS; T_AU_OBSERVATION_OLD_CAD_PARAS_TEXT; T_AUDITEE_ENTITIES","","ENTITYID:Int32; T_CURSOR:RefCursor","T_CURSOR:RefCursor:Output","ENTITY_ID; NAME","public List<AuditeeOldParasModel> GetLegacyParasEntitiesReport(int ENTITY_ID) {","Referenced by non-archive controller(s)."
"AR","DBConnection.AR.cs","GetLegacyParasForUpdate","public","Confirmed Active","Execution / Observation","Read/list workflow data for Execution / Observation","ApiCallsController.cs","","pkg_ar.P_GetLeagacyObservations","","DUAL; T_AU_ERROR_LOGS; T_AU_OBSERVATION_OLD_CAD_PARAS; T_AU_OBSERVATION_OLD_CAD_PARAS_TEXT; T_AU_OLD_PARAS_FAD; T_AU_OLD_PARAS_FAD_LOG; T_AU_OLD_PARAS_FAD_TEXT; T_AUDITEE_ENTITIES","T_AU_ERROR_LOGS; T_AU_OLD_PARAS_FAD_LOG","entityId:Int32; paraRef:Varchar2; ppno:Int32; T_CURSOR:RefCursor","T_CURSOR:RefCursor:Output","ID; REF_P; ENTITY_ID; ENTITY_CODE; TYPE_ID; AUDIT_PERIOD; ENTITY_NAME; PARA_NO; ENT_TYPE; PROCESS; SUB_PROCESS; PROCESS_DETAIL; PARA_TEXT; GIST_OF_PARAS; ANNEXURE; AMOUNT_INVOLVED; VOL_I_II","public List<OldParasModel> GetLegacyParasForUpdate(int ENTITY_ID, string PARA_REF = """", int PARA_ID = 0) {","Referenced by non-archive controller(s)."
"AR","DBConnection.AR.cs","GetLegacyParasForUpdateHO","public","Confirmed Active","Execution / Observation","Read/list workflow data for Execution / Observation","ApiCallsController.cs","","pkg_ar.P_GetLeagacyObservations_ho","","DUAL; T_AU_DATA_VALIDATION_HO_LOG; T_AU_ERROR_LOGS; T_AU_OBSERVATION_OLD_CAD_PARAS; T_AU_OBSERVATION_OLD_CAD_PARAS_TEXT; T_AUDITEE_ENTITIES; T_CONTROL_VIOLATION_SUB","T_AU_DATA_VALIDATION_HO_LOG; T_AU_ERROR_LOGS","entityname:Varchar2; paraRef:Varchar2; ppno:Int32; T_CURSOR:RefCursor","T_CURSOR:RefCursor:Output","ID; REF_P; ENTITY_ID; TYPE_ID; AUDIT_PERIOD; ENTITY_NAME; PARA_NO; PARA_STATUS; ENT_TYPE; PROCESS; SUB_PROCESS; PROCESS_DETAIL; PARA_TEXT; riskid; GIST_OF_PARAS; ANNEXURE; AMOUNT_INVOLVED; VOL_I_II","public List<OldParasModel> GetLegacyParasForUpdateHO(string entityName, string PARA_REF = """", int PARA_ID = 0) {","Referenced by non-archive controller(s)."
"AR","DBConnection.AR.cs","GetLegacyParasForGistUpdate","public","Confirmed Active","Execution / Observation","Read/list workflow data for Execution / Observation","ApiCallsController.cs","","pkg_ar.P_GetLeagacyObservations_for_gist_update","","DUAL; T_AU_ERROR_LOGS; T_AU_OBSERVATION_OLD_CAD_PARAS; T_AU_OBSERVATION_OLD_CAD_PARAS_TEXT; T_AU_OLD_PARAS_FAD; T_AU_OLD_PARAS_GIST_UPDATE_LOG; T_AUDITEE_ENTITIES","T_AU_ERROR_LOGS; T_AU_OLD_PARAS_GIST_UPDATE_LOG","entityId:Int32; paraRef:Varchar2; ppno:Int32; T_CURSOR:RefCursor","T_CURSOR:RefCursor:Output","ID; REF_P; ENTITY_ID; ENTITY_CODE; TYPE_ID; AUDIT_PERIOD; ENTITY_NAME; PARA_NO; GIST_OF_PARAS; ANNEXURE; AMOUNT_INVOLVED; VOL_I_II","public List<OldParasModel> GetLegacyParasForGistUpdate(int ENTITY_ID, string PARA_REF = """", int PARA_ID = 0) {","Referenced by non-archive controller(s)."
"AR","DBConnection.AR.cs","UpdateLegacyParasWithResponsibility","public","Confirmed Active","Execution / Observation","Change state within Execution / Observation workflow","ApiCallsController.cs","","pkg_ar.P_update_legacy_Para_text; pkg_ar.p_add_para_responsibility","","AIS_T_AU_POST_COMPLIANCE; DUAL; T_AU_ERROR_LOGS; T_AU_OBSERVATION_OLD_CAD_PARAS_TEXT; T_AU_OLD_PARAS_FAD; T_AU_OLD_PARAS_FAD_RESPONSIBILITY_ASSIGNED; T_AU_OLD_PARAS_FAD_TEXT; T_AU_REMARKS; T_AUDITEE_ENTITIES; T_USER","AIS_T_AU_POST_COMPLIANCE; T_AU_DATA_VALIDATION_HO_LOG; T_AU_ERROR_LOGS; T_AU_OBSERVATION_OLD_CAD_PARAS; T_AU_OBSERVATION_OLD_CAD_PARAS_TEXT; T_AU_OLD_PARAS_FAD; T_AU_OLD_PARAS_FAD_LOG; T_AU_OLD_PARAS_FAD_RESPONSIBILITY_ASSIGNED; T_AU_OLD_PARAS_FAD_TEXT","ref_id:Varchar2; obtext:Clob; process_id:Int32; subprocessid:Int32; checklistid:Int32; pp_no:Int32; risk_id:Int32; T_CURSOR:RefCursor; refid:Int32; PPNO:Int32; AZ_Entity_id:Int32; user_ppno:Int32; lC_no:Int32; LC_AMOUNT:Int32; AC_NO:Int32; AC_AMOUNT:Int32; refp:Varchar2","T_CURSOR:RefCursor:Output","REF; REMARKS","public string UpdateLegacyParasWithResponsibility(AddLegacyParaModel LEGACY_PARA) {","Referenced by non-archive controller(s)."
"AR","DBConnection.AR.cs","UpdateLegacyParaGistParaNo","public","Confirmed Active","Execution / Observation","Change state within Execution / Observation workflow","ApiCallsController.cs","","pkg_ar.P_update_legacy_Para_Gist","","DUAL; T_AU_ERROR_LOGS; T_AU_OLD_PARAS_GIST_UPDATE_LOG","T_AU_ERROR_LOGS; T_AU_OLD_PARAS_GIST_UPDATE_LOG","Ref_Id:Varchar2; GIST:Varchar2; PARANO:Varchar2; pp_no:Int32; u_entity:Int32; T_CURSOR:RefCursor","T_CURSOR:RefCursor:Output","REMARKS","public string UpdateLegacyParaGistParaNo(string PARA_REF, string PARA_NO, string GIST_OF_PARA) {","Referenced by non-archive controller(s)."
"AR","DBConnection.AR.cs","AddResponsibilityToLegacyParas","public","Confirmed Active","Execution / Observation","Create or advance Execution / Observation workflow data","ApiCallsController.cs","","pkg_ar.p_add_para_responsibility","","DUAL; T_AU_ERROR_LOGS; T_AU_OLD_PARAS_FAD_RESPONSIBILITY_ASSIGNED","T_AU_ERROR_LOGS; T_AU_OLD_PARAS_FAD_LOG; T_AU_OLD_PARAS_FAD_RESPONSIBILITY_ASSIGNED","refid:Int32; PPNO:Int32; AZ_Entity_id:Int32; user_ppno:Int32; lC_no:Int32; LC_AMOUNT:Int32; AC_NO:Int32; AC_AMOUNT:Int32; refp:Varchar2; T_CURSOR:RefCursor","T_CURSOR:RefCursor:Output","REMARKS","public string AddResponsibilityToLegacyParas(ObservationResponsiblePPNOModel RESP_PP, string REF_P, int P_ID) {","Referenced by non-archive controller(s)."
"AR","DBConnection.AR.cs","DeleteResponsibilityOfLegacyParas","public","Confirmed Active","Execution / Observation","Change state within Execution / Observation workflow","ApiCallsController.cs","","pkg_ar.p_delete_para_responsibility","","DUAL; T_AU_OLD_PARAS_FAD_RESPONSIBILITY_ASSIGNED","T_AU_OBSERVATION_OLD_PARAS_RESPONIBILITY_ASSIGNED; T_AU_OLD_PARAS_FAD_RESPONSIBILITY_ASSIGNED","refid:Int32; PPNO:Int32; T_CURSOR:RefCursor","T_CURSOR:RefCursor:Output","REMARKS","public string DeleteResponsibilityOfLegacyParas(string REF_P, int P_ID, int PP_NO) {","Referenced by non-archive controller(s)."
"AR","DBConnection.AR.cs","UpdateLegacyParasWithResponsibilityNoChangesAZ","public","Confirmed Active","Execution / Observation","Change state within Execution / Observation workflow","ApiCallsController.cs","","pkg_ar.P_no_update_legacy_Para_text","","DUAL; T_AU_ERROR_LOGS; T_AU_OLD_PARAS_FAD_TEXT; T_AU_REMARKS","T_AU_ERROR_LOGS; T_AU_OLD_PARAS_FAD; T_AU_OLD_PARAS_FAD_LOG","ref_id:Varchar2; ppno:Int32; risk_id:Int32; T_CURSOR:RefCursor","T_CURSOR:RefCursor:Output","REF; REMARKS","public string UpdateLegacyParasWithResponsibilityNoChangesAZ(AddLegacyParaModel LEGACY_PARA) {","Referenced by non-archive controller(s)."
"AR","DBConnection.AR.cs","GetEntitiesDropDownForManageObservations","public","Likely Active","Execution / Observation","Read/list workflow data for Execution / Observation","","ArchiveController.cs","pkg_ar.P_get_entities_for_manage_observations","","T_AU_AUDIT_TEAM_TASKLIST; T_AU_PLAN_ENG; T_AUDITEE_ENTITIES; T_AUDITEE_ENTITIES_MAPING_FAD","","ENT_ID:Int32; P_NO:Int32; R_ID:Int32; T_CURSOR:RefCursor","T_CURSOR:RefCursor:Output","name; ENTITY_ID; ENG_ID","public List<AuditeeEntitiesModel> GetEntitiesDropDownForManageObservations() {","No external call found, but referenced inside DBConnection and belongs to non-archive module."
"AR","DBConnection.AR.cs","GetEntitiesForManageAuditParas","public","Confirmed Active","Execution / Observation","Read/list workflow data for Execution / Observation","ExecutionController.cs","","pkg_ar.p_GetManageAuditParasEntities","","T_AU_OBSERVATION_FAD; T_AUDITEE_ENTITIES","","P_NO:Int32; R_ID:Int32; ENT_ID:Int32; T_CURSOR:RefCursor","T_CURSOR:RefCursor:Output","name; ENTITY_ID","public List<AuditeeEntitiesModel> GetEntitiesForManageAuditParas() {","Referenced by non-archive controller(s)."
"AR","DBConnection.AR.cs","GetObservationEntitiesForManageObservations","public","Confirmed Active","Execution / Observation","Read/list workflow data for Execution / Observation","ExecutionController.cs","","pkg_ar.p_GetObservationEntities","","T_AU_AUDIT_JOINING; T_AU_PERIOD; T_AU_PLAN_ENG; T_AUDITEE_ENTITIES; T_AUDITEE_ENTITIES_MAPING; T_AUDITEE_ENTITIES_MAPING_FAD; T_USER; T_USER_MAPING","","ppno:Int32; T_CURSOR:RefCursor","T_CURSOR:RefCursor:Output","CODE; entity_name; ENTITY_ID; eng_id; TYPE_ID","public List<AuditeeEntitiesModel> GetObservationEntitiesForManageObservations() {","Referenced by non-archive controller(s)."
"AR","DBConnection.AR.cs","GetAuditeeEvidenceData","public","Confirmed Active","Execution / Observation","Read/list workflow data for Execution / Observation","ApiCallsController.cs; UploadFileController.cs","","pkg_ar.P_get_AUDITEE_OBSERVATION_RESPONSE_evidences_FileData","","T_AU_OBSERVATIONS_AUDITEE_EVIDENCES","","FILE_ID:Varchar2; T_CURSOR:RefCursor","T_CURSOR:RefCursor:Output","FILE_NAME; SEQUENCE; LENGTH; id","public AuditeeResponseEvidenceModel GetAuditeeEvidenceData(string FILE_ID) {","Referenced by non-archive controller(s)."
"AR","DBConnection.AR.cs","CloseDraftAuditReport","public","Confirmed Active","Execution / Observation","Change state within Execution / Observation workflow","ApiCallsController.cs","","pkg_ar.P_CloseAudit","","T_AU_AUDIT_TEAM_TASKLIST; T_AU_OBSERVATION; T_AU_PLAN_ENG_LOG; T_AU_REMARKS; T_AU_TEAM_MEMBERS","T_AU_AUDIT_JOINING; T_AU_AUDIT_TEAM_TASKLIST; T_AU_AUDIT_TEAMS; T_AU_PLAN_ENG; T_AU_PLAN_ENG_LOG","ENGID:Int32; ENT_ID:Int32; P_NO:Int32; R_ID:Int32; T_CURSOR:RefCursor","T_CURSOR:RefCursor:Output","REMARKS","public string CloseDraftAuditReport(int ENG_ID) {","Referenced by non-archive controller(s)."
"AR","DBConnection.AR.cs","GetLegacyParaResponsiblePersons","public","Likely Active","Execution / Observation","Read/list workflow data for Execution / Observation","","","pkg_ar.p_get_legacy_para_responsibles","","T_AU_OBSERVATION_OLD_PARAS_RESPONIBILITY_ASSIGNED; T_AU_OLD_PARAS_FAD_RESPONSIBILITY_ASSIGNED; V_SERVICE_EMPLOYEEINFO","","paraRef:Int32; T_CURSOR:RefCursor","T_CURSOR:RefCursor:Output","EMP_NAME","public List<ObservationResponsiblePPNOModel> GetLegacyParaResponsiblePersons(int PARA_REF) {","No external call found, but referenced inside DBConnection and belongs to non-archive module."
"AR","DBConnection.AR.cs","GetEmployeeNameFromPPNO","public","Confirmed Active","Execution / Observation","Read/list workflow data for Execution / Observation","ApiCallsController.cs",""," pkg_ar.P_get_employees_information","","","","P_NO:Int32; T_CURSOR:RefCursor","T_CURSOR:RefCursor:Output","emp_name; ppno","public UserModel GetEmployeeNameFromPPNO(int PP_NO) {","Referenced by non-archive controller(s)."
"AR","DBConnection.AR.cs","GetUpdatedGistParaOfLegacyParaForAuthorize","public","Confirmed Active","Execution / Observation","Read/list workflow data for Execution / Observation","ApiCallsController.cs","","pkg_ar.P_get_legacy_para_to_authorize","","T_AU_OBSERVATION_OLD_CAD_PARAS; T_AU_OLD_AUDIT_NATURE; T_AU_OLD_AUDIT_PERIOD; T_AU_OLD_PARAS_FAD; T_AU_OLD_PARAS_GIST_UPDATE_LOG; T_AUDITEE_ENTITIES","","ENTITYID:Int32; T_CURSOR:RefCursor","T_CURSOR:RefCursor:Output","REF_P; ANNEXURE; PARA_NO; GIST_OF_PARAS; OLD_GIST_OF_PARAS; AUDIT_YEAR; E_CODE; NATURE; E_NAME","public List<AddNewLegacyParaModel> GetUpdatedGistParaOfLegacyParaForAuthorize() {","Referenced by non-archive controller(s)."
"AR","DBConnection.AR.cs","AuthorizeLegacyParaGistParaNoUpdate","public","Confirmed Active","Execution / Observation","Change state within Execution / Observation workflow","ApiCallsController.cs","","pkg_ar.P_Authorize_Para_Gist","","DUAL","AIS_T_AU_POST_COMPLIANCE; T_AU_OBSERVATION_OLD_CAD_PARAS; T_AU_OLD_PARAS_FAD; T_AU_OLD_PARAS_GIST_UPDATE_LOG","REFP:Varchar2; GIST:Varchar2; PARANO:Varchar2; PPNO:Int32; ENTITYID:Int32; T_CURSOR:RefCursor","T_CURSOR:RefCursor:Output","Remarks","public string AuthorizeLegacyParaGistParaNoUpdate(string PARA_REF, string GIST_OF_PARA, string PARA_NO) {","Referenced by non-archive controller(s)."
"AR","DBConnection.AR.cs","SettleLegacyParaHO","public","Confirmed Active","Execution / Observation","Change state within Execution / Observation workflow","ApiCallsController.cs","","pkg_ar.P_Settel_Legacy_Para_HO","","DUAL; T_AU_DATA_VALIDATION_HO_LOG","T_AU_OBSERVATION_OLD_CAD_PARAS; T_AU_OBSERVATION_OLD_CAD_PARAS_SETTLE_LOG","REFP:Int32; NEW_STATUS :Int32; PPNO:Int32; REMARK:Varchar2; T_CURSOR:RefCursor","T_CURSOR:RefCursor:Output","Remarks","public string SettleLegacyParaHO(int NEW_STATUS, string PARA_REF, string SETTLEMENT_NOTES) {","Referenced by non-archive controller(s)."
"AR","DBConnection.AR.cs","DeleteLegacyParaHO","public","Confirmed Active","Execution / Observation","Change state within Execution / Observation workflow","ApiCallsController.cs","","pkg_ar.P_Delete_Legacy_Para_HO","","DUAL; T_AU_DATA_VALIDATION_HO_LOG","T_AU_OBSERVATION_OLD_CAD_PARAS; T_AU_OBSERVATION_OLD_CAD_PARAS_SETTLE_LOG","REFP:Int32; PPNO:Int32; T_CURSOR:RefCursor","T_CURSOR:RefCursor:Output","Remarks","public string DeleteLegacyParaHO(string PARA_REF) {","Referenced by non-archive controller(s)."
"AR","DBConnection.AR.cs","GetWorkingPaperLoanCases","public","Confirmed Active","Execution / Observation","Read/list workflow data for Execution / Observation","ApiCallsController.cs","","pkg_ar.P_GetLoanCaseFile","","DUAL; T_WORKING_PAPER_LOAN_CASE_FILE","","ENGID:Varchar2; ENT_ID:Int32; P_NO:Int32; R_ID:Int32; T_CURSOR:RefCursor","T_CURSOR:RefCursor:Output","LC_ID; LC_NUMBER; CATEGORY; OBSERVATION; DISB_DATE; AMOUNT; PARA_NO","public List<LoanCaseFileDetailsModel> GetWorkingPaperLoanCases(string ENGID) {","Referenced by non-archive controller(s)."
"AR","DBConnection.AR.cs","AddWorkingPaperLoanCases","public","Confirmed Active","Execution / Observation","Create or advance Execution / Observation workflow data","ApiCallsController.cs","","pkg_ar.P_AddLoanCaseFile","","DUAL; T_WORKING_PAPER_LOAN_CASE_FILE","T_WORKING_PAPER_LOAN_CASE_FILE","ENT_ID:Int32; P_NO:Int32; R_ID:Int32; ENGID:Varchar2; LCNUMBER:Varchar2; LCAmount:Int32; DISBDATE:Date; LC:Varchar2; OBS:Varchar2; PARA_NO:Varchar2; T_CURSOR:RefCursor","T_CURSOR:RefCursor:Output","remarks","public string AddWorkingPaperLoanCases(string ENGID, string LCNUMBER, string LCAMOUNT, DateTime DISBDATE, string LCAT, string OBS, string PARA_NO) {","Referenced by non-archive controller(s)."
"AR","DBConnection.AR.cs","GetWorkingPaperVoucherChecking","public","Confirmed Active","Execution / Observation","Read/list workflow data for Execution / Observation","ApiCallsController.cs","","pkg_ar.P_GetVoucherChecking","","T_WORKING_PAPER_VOUCHER_CHECKING","","ENGID:Varchar2; ENT_ID:Int32; P_NO:Int32; R_ID:Int32; T_CURSOR:RefCursor","T_CURSOR:RefCursor:Output","V_ID; V_NUMBER; OBSERVATION; PARA_NO","public List<VoucherCheckingDetailsModel> GetWorkingPaperVoucherChecking(string ENGID) {","Referenced by non-archive controller(s)."
"AR","DBConnection.AR.cs","AddWorkingVoucherChecking","public","Confirmed Active","Execution / Observation","Create or advance Execution / Observation workflow data","ApiCallsController.cs","","pkg_ar.P_AddVoucherChecking","","DUAL; T_WORKING_PAPER_VOUCHER_CHECKING","T_WORKING_PAPER_VOUCHER_CHECKING","ENT_ID:Int32; P_NO:Int32; R_ID:Int32; ENGID:Varchar2; VNUMBER:Varchar2; OBS:Varchar2; PARA_NO:Varchar2; T_CURSOR:RefCursor","T_CURSOR:RefCursor:Output","remarks","public string AddWorkingVoucherChecking(string ENGID, string VNUMBER, string OBS, string PARA_NO) {","Referenced by non-archive controller(s)."
"AR","DBConnection.AR.cs","GetWorkingPaperAccountOpening","public","Confirmed Active","Execution / Observation","Read/list workflow data for Execution / Observation","ApiCallsController.cs","","pkg_ar.P_GetAccountOpeningDetails","","T_WORKING_PAPER_ACCOUNT_OPENING","","ENGID:Varchar2; ENT_ID:Int32; P_NO:Int32; R_ID:Int32; T_CURSOR:RefCursor","T_CURSOR:RefCursor:Output","A_ID; V_NUMBER; A_NATURE; OBSERVATION; PARA_NO","public List<AccountOpeningDetailsModel> GetWorkingPaperAccountOpening(string ENGID) {","Referenced by non-archive controller(s)."
"AR","DBConnection.AR.cs","AddWorkingAccountOpening","public","Confirmed Active","Execution / Observation","Create or advance Execution / Observation workflow data","ApiCallsController.cs","","pkg_ar.P_AddAccountOpeningDetails","","DUAL; T_WORKING_PAPER_ACCOUNT_OPENING","T_WORKING_PAPER_ACCOUNT_OPENING","ENT_ID:Int32; P_NO:Int32; R_ID:Int32; ENGID:Varchar2; VNUMBER:Varchar2; ANATURE:Varchar2; OBS:Varchar2; PARA_NO:Varchar2; T_CURSOR:RefCursor","T_CURSOR:RefCursor:Output","remarks","public string AddWorkingAccountOpening(string ENGID, string VNUMBER, string ANATURE, string OBS, string PARA_NO) {","Referenced by non-archive controller(s)."
"AR","DBConnection.AR.cs","GetWorkingPaperFixedAssets","public","Confirmed Active","Execution / Observation","Read/list workflow data for Execution / Observation","ApiCallsController.cs","","pkg_ar.P_GetFixedAssetsDetails","","T_WORKING_PAPER_FIXED_ASSETS","","ENGID:Int32; ENT_ID:Int32; P_NO:Int32; R_ID:Int32; T_CURSOR:RefCursor","T_CURSOR:RefCursor:Output","FA_ID; ASSET_NAME; PHYSICAL_EXISTANCE; LOCATION_AS_PER_FAR; DIFFERENCE; REMARKS","public List<FixedAssetsDetailsModel> GetWorkingPaperFixedAssets(string ENGID) {","Referenced by non-archive controller(s)."
"AR","DBConnection.AR.cs","AddWorkingFixedAssets","public","Confirmed Active","Execution / Observation","Create or advance Execution / Observation workflow data","ApiCallsController.cs","","pkg_ar.P_AddFixedAssetsDetails","","DUAL; T_WORKING_PAPER_FIXED_ASSETS","T_WORKING_PAPER_FIXED_ASSETS","ENT_ID:Int32; P_NO:Int32; R_ID:Int32; ENGID:Varchar2; ANAME:Varchar2; PHYEX:Varchar2; LFAR:Varchar2; DIFF:Varchar2; REM:Varchar2; T_CURSOR:RefCursor","T_CURSOR:RefCursor:Output","remarks","public string AddWorkingFixedAssets(string ENGID, string A_NAME, string PHY_EX, string FAR, string DIFF, string REM) {","Referenced by non-archive controller(s)."
"AR","DBConnection.AR.cs","GetWorkingPaperCashCounter","public","Confirmed Active","Execution / Observation","Read/list workflow data for Execution / Observation","ApiCallsController.cs","","pkg_ar.P_GetCashCounterDetails","","T_WORKING_PAPER_CASH_COUNT","","ENGID:Int32; ENT_ID:Int32; P_NO:Int32; R_ID:Int32; T_CURSOR:RefCursor","T_CURSOR:RefCursor:Output","ID; DENOMINATION_VAULT; NO_CURRENCY_NOTES_VAULT; TOTAL_AMOUNT_VAULT; DENOMINATION_SAFE_REGISTER; NO_CURRENCY_NOTES_SAFE_REGISTER; TOTAL_AMOUNT_SAFE_REGISTER; DIFFERENCE","public List<CashCountDetailsModel> GetWorkingPaperCashCounter(string ENGID) {","Referenced by non-archive controller(s)."
"AR","DBConnection.AR.cs","AddWorkingCashCounter","public","Confirmed Active","Execution / Observation","Create or advance Execution / Observation workflow data","ApiCallsController.cs","","pkg_ar.P_AddCashCounterDetails","","DUAL; T_WORKING_PAPER_CASH_COUNT","T_WORKING_PAPER_CASH_COUNT","ENT_ID:Int32; P_NO:Int32; R_ID:Int32; ENGID:Varchar2; DVAL:Varchar2; CVAL:Varchar2; AVAL:Varchar2; DSR:Varchar2; ASR:Varchar2; DIFF:Varchar2; T_CURSOR:RefCursor","T_CURSOR:RefCursor:Output","remarks","public string AddWorkingCashCounter(string ENGID, string DVAULT, string NOVAULT, string TOTVAULT, string DSR, string NOSR, string TOTSR, string DIFF) {","Referenced by non-archive controller(s)."
"AR","DBConnection.AR.cs","GetDraftDSAGuidelines","public","Confirmed Active","Execution / Observation","Read/list workflow data for Execution / Observation","ApiCallsController.cs","","pkg_ar.P_get_dsa_guidline","","T_AU_DSA_GUIDELINES","","T_CURSOR:RefCursor","T_CURSOR:RefCursor:Output","ID; PATRICULARS; STATUS","public List<DraftDSAGuidelines> GetDraftDSAGuidelines() {","Referenced by non-archive controller(s)."
"AR","DBConnection.AR.cs","DraftDSA","public","Confirmed Active","Execution / Observation","Support Execution / Observation workflow","ApiCallsController.cs","","pkg_ar.P_draft_dsa","","DUAL; T_AU_DSA; T_AU_DSA_TEXT; T_AU_OBSERVATION_TEXT","T_AU_DSA; T_AU_DSA_TEXT","obs:Int32; content:Clob; RES_P_NO:Int32; P_NO:Int32; ENT_ID:Int32; T_CURSOR:RefCursor","T_CURSOR:RefCursor:Output","remarks; DSA_ID","public List<Object> DraftDSA(int OBS_ID, string PPNO, string DSA_CONTENT) {","Referenced by non-archive controller(s)."
"AR","DBConnection.AR.cs","AddDraftDSAGuideline","public","Confirmed Active","Execution / Observation","Create or advance Execution / Observation workflow data","ApiCallsController.cs","","pkg_ar.P_add_dsa_checkilist","","T_AU_DSA_GUIDELINES_ADDED","T_AU_DSA_GUIDELINES_ADDED","d_id:Int32; check_list:Int32; P_NO:Int32","","","public void AddDraftDSAGuideline(string D_ID, string G_ID) {","Referenced by non-archive controller(s)."
"AR","DBConnection.AR.cs","GetResponsiblePersonsList","public","Confirmed Active","Execution / Observation","Read/list workflow data for Execution / Observation","ApiCallsController.cs","","pkg_ar.P_Get_responsibility","","V_GET_AUDITEE_PP_RESPONSIBILITY_FOR_AUTHORIZATION; V_SERVICE_EMPLOYEEINFO","IS","Para_ID:Int32; IND:Varchar2; ENT_ID:Int32; P_NO:Int32; R_ID:Int32; T_CURSOR:RefCursor","T_CURSOR:RefCursor:Output","emp_name; remarks; r_ind","public List<ObservationResponsiblePPNOModel> GetResponsiblePersonsList(int PARA_ID, string INDICATOR) {","Referenced by non-archive controller(s)."
"AR","DBConnection.AR.cs","SubmitDSAToAuditee","public","Confirmed Active","Execution / Observation","Create or advance Execution / Observation workflow data","ApiCallsController.cs","","pkg_ar.P_draft_dsa","","DUAL; T_AU_DSA; T_AU_DSA_TEXT; T_AU_OBSERVATION_TEXT","T_AU_DSA; T_AU_DSA_TEXT","EID:Int32; OBSID:Int32; RESP_PPNO:Int32; RESP_ROW_ID:Int32; ENGAGEMENT_ID:Int32; P_NO:Int32; ENT_ID:Int32; R_ID:Int32; T_CURSOR:RefCursor","T_CURSOR:RefCursor:Output","remarks","public string SubmitDSAToAuditee(int ENTITY_ID, int OBS_ID, int ENG_ID, int RESP_PPNO, int RESP_ROW_ID) {","Referenced by non-archive controller(s)."
"AR","DBConnection.AR.cs","GetDraftDSAList","public","Confirmed Active","Execution / Observation","Read/list workflow data for Execution / Observation","ApiCallsController.cs","","pkg_ar.P_get_dsa_list","","T_AU_DSA; T_AU_DSA_STATUS; T_AU_DSA_TEXT; T_AU_OBSERVATION_TEXT; T_AU_PERIOD; T_AU_PLAN_ENG; T_AUDITEE_ENTITIES; T_AUDITEE_ENTITIES_MAPING; V_GET_AUDITEE_PP_RESPONSIBILITY; V_SERVICE_EMPLOYEEINFO","","P_NO:Int32; R_ID:Int32; ENT_ID:Int32; T_CURSOR:RefCursor","T_CURSOR:RefCursor:Output","ID; D_NO; A_PERIOD; REPO_OFFICE; entity_id; ENTITY_NAME; AZ_NAME; HEADING; ENG_ID; OBS_ID; ROW_RESP_ID; pp_no; EMP_NAME; LOANCASE; LCAMOUNT; ACCNUMBER; ACAMOUNT; TeamName; DSA_STATUS; STATUS_UP; STATUS_DOWN","public List<DraftDSAList> GetDraftDSAList() {","Referenced by non-archive controller(s)."
"AR","DBConnection.AR.cs","GetDraftDSAContent","public","Confirmed Active","Execution / Observation","Read/list workflow data for Execution / Observation","ApiCallsController.cs","","pkg_ar.P_get_dsa_content","","T_AU_DSA; T_AU_DSA_TEXT; T_AU_OBSERVATION_TEXT","","D_ID:Int32; T_CURSOR:RefCursor","T_CURSOR:RefCursor:Output","ID; D_NO; TEXT; HEADING","public DSAContentModel GetDraftDSAContent(int DSA_ID) {","Referenced by non-archive controller(s)."
"AR","DBConnection.AR.cs","SubmitDSAToHeadFAD","public","Confirmed Active","Execution / Observation","Create or advance Execution / Observation workflow data","ApiCallsController.cs","","pkg_ar.P_submit_dsa_to_head_fad","","DUAL","T_AU_DSA","D_ID:Int32; T_CURSOR:RefCursor","T_CURSOR:RefCursor:Output","remarks","public string SubmitDSAToHeadFAD(int DSA_ID) {","Referenced by non-archive controller(s)."
"AR","DBConnection.AR.cs","UpdateDSAHeading","public","Confirmed Active","Execution / Observation","Change state within Execution / Observation workflow","ApiCallsController.cs","","pkg_ar.P_update_dsa_heading","","DUAL; T_AU_DSA","T_AU_OBSERVATION_TEXT; THE","d_ID:Int32; U_HEADING:Varchar2; P_NO:Int32; ENT_ID:Int32; R_ID:Int32; T_CURSOR:RefCursor","T_CURSOR:RefCursor:Output","remarks","public string UpdateDSAHeading(int DSA_ID, string DSA_HEADING) {","Referenced by non-archive controller(s)."
"AR","DBConnection.AR.cs","ReferredBackDSAByHeadFad","public","Confirmed Active","Execution / Observation","Support Execution / Observation workflow","ApiCallsController.cs","","pkg_ar.P_reffered_back_dsa_by_head_fad","","DUAL","T_AU_DSA","D_ID:Int32; T_CURSOR:RefCursor","T_CURSOR:RefCursor:Output","remarks","public string ReferredBackDSAByHeadFad(int DSA_ID) {","Referenced by non-archive controller(s)."
"AR","DBConnection.AR.cs","SubmitDSAToDPD","public","Confirmed Active","Execution / Observation","Create or advance Execution / Observation workflow data","ApiCallsController.cs","","pkg_ar.P_submit_dsa_by_head_fad_to_dpd","","DUAL","T_AU_DSA","D_ID:Int32; T_CURSOR:RefCursor","T_CURSOR:RefCursor:Output","remarks","public string SubmitDSAToDPD(int DSA_ID) {","Referenced by non-archive controller(s)."
"AR","DBConnection.AR.cs","ReferredBackDSAByDPD","public","Confirmed Active","Execution / Observation","Support Execution / Observation workflow","ApiCallsController.cs","","pkg_ar.P_reffered_back_dsa_by_dpd","","DUAL","T_AU_DSA","D_ID:Int32; T_CURSOR:RefCursor","T_CURSOR:RefCursor:Output","remarks","public string ReferredBackDSAByDPD(int DSA_ID) {","Referenced by non-archive controller(s)."
"AR","DBConnection.AR.cs","AcknowledgeDSA","public","Confirmed Active","Execution / Observation","Change state within Execution / Observation workflow","ApiCallsController.cs","","pkg_ar.P_submit_dsa_by_dpd_to_committee","","DUAL","T_AU_DSA","D_ID:Int32; T_CURSOR:RefCursor","T_CURSOR:RefCursor:Output","remarks","public string AcknowledgeDSA(int DSA_ID) {","Referenced by non-archive controller(s)."
"AR","DBConnection.AR.cs","GetLoanCaseDetailsWithBRCode","public","Confirmed Active","Execution / Observation","Read/list workflow data for Execution / Observation","ApiCallsController.cs","","pkg_ar.P_GET_LC_DETAILS","","V_LOAN_OUTSTANDING_AMOUNT; V_LOAN_SANCTION_PROCESS","","LC_NO:Int32; B_CODE:Int32; P_NO:Int32; ENT_ID:Int32; T_CURSOR:RefCursor","T_CURSOR:RefCursor:Output","NAME; CNIC; LOAN_CASE_NO; DISB_DATE; APP_DATE; CAD_RECEIVE_DATE; SANCTION_DATE; DISBURSED_AMOUNT; OUTSTANDING_AMOUNT; mco_ppno; mco_name; manager_ppno; manager_name; rgm_ppno; rgm_name; cad_reviewer; cad_name; cad_authorizer; cad_authorizer_name","public List<LoanCaseDetailModel> GetLoanCaseDetailsWithBRCode(int LC, int BR_CODE) {","Referenced by non-archive controller(s)."
"BAC","DBConnection.BAC.cs","GetBACAgenda","public","Confirmed Active","Reporting / Dashboards","Read/list workflow data for Reporting / Dashboards","ApiCallsController.cs","","pkg_bac.P_BAC_AGENDA","","T_BAC_MEETINGS_AGENDA","","Meeting:Int32; T_CURSOR:RefCursor","T_CURSOR:RefCursor:Output","id; meeting_no; memo_no; subject; remarks","public List<BACAgendaModel> GetBACAgenda(int MEETING_NO) {","Referenced by non-archive controller(s)."
"BAC","DBConnection.BAC.cs","GetBACAMeetingSummary","public","Confirmed Active","Reporting / Dashboards","Read/list workflow data for Reporting / Dashboards","ApiCallsController.cs","","pkg_bac.P_Bac_get_actionable_sum","","T_BAC_ACTIONABLE_UPDATES; V_GET_BAC_ACTIONABLE_SUMMARY","","User_entityid:Int32; T_CURSOR:RefCursor","T_CURSOR:RefCursor:Output","id; meeting_no; memo_no; subject; remarks","public List<BACAgendaModel> GetBACAMeetingSummary(int MEETING_NO) {","Referenced by non-archive controller(s)."
"BAC","DBConnection.BAC.cs","GetBACAgendaActionablesConsolidatedSummary","public","Confirmed Active","Reporting / Dashboards","Read/list workflow data for Reporting / Dashboards","ApiCallsController.cs","","pkg_bac.P_Bac_get_actionable_snap","","T_BAC_ACTIONABLE","","T_CURSOR:RefCursor","T_CURSOR:RefCursor:Output","total; completed; un_completed","public List<BACAgendaActionablesSummaryModel> GetBACAgendaActionablesConsolidatedSummary() {","Referenced by non-archive controller(s)."
"BAC","DBConnection.BAC.cs","GetBACAgendaActionablesSummary","public","Confirmed Active","Reporting / Dashboards","Read/list workflow data for Reporting / Dashboards","ApiCallsController.cs","","pkg_bac.P_Bac_get_actionable_sum","","T_BAC_ACTIONABLE_UPDATES; V_GET_BAC_ACTIONABLE_SUMMARY","","T_CURSOR:RefCursor","T_CURSOR:RefCursor:Output","total; meeting_number; completed; un_completed; RESPONSIBLE; RESPONSE; BAC_DIRECTIVES; CIA_REMARKS","public List<BACAgendaActionablesSummaryModel> GetBACAgendaActionablesSummary() {","Referenced by non-archive controller(s)."
"BAC","DBConnection.BAC.cs","GetBACAgendaActionables","public","Confirmed Active","Reporting / Dashboards","Read/list workflow data for Reporting / Dashboards","ApiCallsController.cs","","pkg_bac.P_Bac_get_actionable","","T_BAC_ACTIONABLE","","status:Varchar2; T_CURSOR:RefCursor","T_CURSOR:RefCursor:Output","id; meeting_number; item_heading; bac_direction; assign_to; time_line; open_time_line; due_date; rpt_frequency; entered_by; entered_on; delay; status","public List<BACAgendaActionablesModel> GetBACAgendaActionables(string STATUS) {","Referenced by non-archive controller(s)."
"BAC","DBConnection.BAC.cs","GetBACAgendaActionablesWithMeetingNo","public","Confirmed Active","Reporting / Dashboards","Read/list workflow data for Reporting / Dashboards","ApiCallsController.cs","","pkg_bac.P_Bac_get_actionable_meetings_with_status","","T_BAC_ACTIONABLE","","meeting:Varchar2; A_Status:Varchar2; T_CURSOR:RefCursor","T_CURSOR:RefCursor:Output","id; meeting_number; item_heading; bac_direction; assign_to; time_line; open_time_line; due_date; rpt_frequency; entered_by; entered_on; delay; status","public List<BACAgendaActionablesModel> GetBACAgendaActionablesWithMeetingNo(string STATUS, string MEETING_NO) {","Referenced by non-archive controller(s)."
"BAC","DBConnection.BAC.cs","GetBACCIAAnalysisOptions","public","Confirmed Active","Reporting / Dashboards","Read/list workflow data for Reporting / Dashboards","BACController.cs","","pkg_bac.P_CIA_ANALYSIS","","T_AUDIT_CHECKLIST_ANNEXURE_PROCESS","","T_CURSOR:RefCursor","T_CURSOR:RefCursor:Output","id; heading; audit_comments; monitoring; automation","public List<BACCIAAnalysisOptionsModel> GetBACCIAAnalysisOptions() {","Referenced by non-archive controller(s)."
"BAC","DBConnection.BAC.cs","GetBACCIAAnalysis","public","Confirmed Active","Reporting / Dashboards","Read/list workflow data for Reporting / Dashboards","ApiCallsController.cs","","pkg_bac.P_CIA_ANALYSIS_DETAILS","","T_AUDIT_CHECKLIST_ANNEXURE; T_AUDIT_CHECKLIST_ANNEXURE_MAPPING; T_AUDIT_CHECKLIST_ANNEXURE_PROCESS; V_CIA_ANALYSIS","","a_id:Varchar2; T_CURSOR:RefCursor","T_CURSOR:RefCursor:Output","id; total; indicator; annex; heading; old_total; new_total; audit_comments","public List<BACCIAAnalysisModel> GetBACCIAAnalysis(int processId) {","Referenced by non-archive controller(s)."
"BAC","DBConnection.BAC.cs","GetAnalysisDetailPara","public","Confirmed Active","Reporting / Dashboards","Read/list workflow data for Reporting / Dashboards","ApiCallsController.cs","","pkg_bac.P_CIA_ANALYSIS_DETAILS_PARA","","AIS_T_AU_POST_COMPLIANCE; DUAL; T_AUDIT_CHECKLIST_ANNEXURE; T_AUDITEE_ENTITIES; T_AUDITEE_ENTITIES_MAPING","","a_id:Varchar2; r_id:Varchar2; ent_id:Varchar2; P_NO:Int32; T_CURSOR:RefCursor","T_CURSOR:RefCursor:Output","id; name; para_category; para_no; audit_period","public List<FunctionalAnnexureWiseObservationModel> GetAnalysisDetailPara(int PROCESS_ID) {","Referenced by non-archive controller(s)."
"BAC","DBConnection.BAC.cs","GetAnalysisSummaryPara","public","Confirmed Active","Reporting / Dashboards","Read/list workflow data for Reporting / Dashboards","ApiCallsController.cs","","pkg_bac.P_CIA_ANALYSIS_SUMMARY","","AIS_T_AU_POST_COMPLIANCE; DUAL; T_AUDIT_CHECKLIST_ANNEXURE; T_AUDITEE_ENTITIES; T_AUDITEE_ENTITIES_MAPING","","a_id:Varchar2; r_id:Varchar2; ent_id:Varchar2; T_CURSOR:RefCursor","T_CURSOR:RefCursor:Output","p_name; name; para_no; audit_period","public List<FunctionalAnnexureWiseObservationModel> GetAnalysisSummaryPara(int PROCESS_ID) {","Referenced by non-archive controller(s)."
"CAD","DBConnection.CAD.cs","ValidateSbpAccessPassword","public","Confirmed Active","Commercial Audit / CAD","Validate or inspect Commercial Audit / CAD workflow state","ApiCallsController.cs; HMController.cs","","PKG_HD.P_VALIDATE_SBP_PASSWORD","","T_HD_SBP_SECURE_ACCESS","","p_input_key:Varchar2","","","public SBPPasswordValidationResult ValidateSbpAccessPassword(string inputPassword) {","Referenced by non-archive controller(s)."
"CAD","DBConnection.CAD.cs","InsertSbpObservation","public","Confirmed Active","Commercial Audit / CAD","Create or advance Commercial Audit / CAD workflow data","ApiCallsController.cs","","PKG_HD.P_INSERT_SBP_OBSERVATION","","","T_HD_SBP_OBSERVATION","p_ref_no:Varchar2; p_function_name:Varchar2; p_para_no:Varchar2; p_sbp_obs_text:Clob; p_sbp_dir_text:Varchar2; p_compliance_qtr:Varchar2; p_observation_type:Int64; p_user:Varchar2","","","public long InsertSbpObservation(SBPObservationCreateModel model) {","Referenced by non-archive controller(s)."
"CAD","DBConnection.CAD.cs","InsertSbpObservationResponse","public","Confirmed Active","Commercial Audit / CAD","Create or advance Commercial Audit / CAD workflow data","ApiCallsController.cs","","PKG_HD.P_INSERT_SBP_RESPONSE","","","T_HD_SBP_OBS_RESPONSE","p_para_id:Int64; p_ref_no:Varchar2; p_bank_response:Clob; p_reply_date:Date; p_compliance_status:Varchar2; p_iad_validation:Varchar2; p_user:Varchar2","","","public void InsertSbpObservationResponse(SBPObservationResponseCreateModel model) {","Referenced by non-archive controller(s)."
"CAD","DBConnection.CAD.cs","GetSbpObservationResponse","public","Confirmed Active","Commercial Audit / CAD","Read/list workflow data for Commercial Audit / CAD","ApiCallsController.cs","","PKG_HD.P_GET_SBP_RESPONSE","","","","p_response_id:Int64; io_cursor:RefCursor","io_cursor:RefCursor:Output","RESPONSE_ID; PARA_ID; BANK_RESPONSE; COMPLIANCE_STATUS; IAD_VALIDATION; ENTERED_BY; REPLY_DATE; ENTERED_ON","public SBPObservationHistoryItem GetSbpObservationResponse(long responseId) {","Referenced by non-archive controller(s)."
"CAD","DBConnection.CAD.cs","GetSbpObservationRegister","public","Confirmed Active","Commercial Audit / CAD","Read/list workflow data for Commercial Audit / CAD","ApiCallsController.cs","","PKG_HD.P_GET_SBP_REGISTER","","T_HD_SBP_OBS_RESPONSE; T_HD_SBP_OBSERVATION","","p_observation_type:Int64; io_cursor:RefCursor","io_cursor:RefCursor:Output","PARA_ID; REF_NO; FUNCTION_NAME; PARA_NO; SBP_OBSERVATION; SBP_DIRECTIONS; BANK_RESPONSE; RESPONSE_ID; LATEST_RESPONSE_ID; COMPLIANCE_STATUS; IAD_VALIDATION; COMPLIANCE_QUARTER; ENTERED_BY; OBSERVATION_TYPE_ID; OBSERVATION_TYPE_NAME; OBSERVATION_TYPE; REPLY_DATE; ENTERED_ON; CREATED_ON","public List<SBPObservationRegisterItem> GetSbpObservationRegister(long observationTypeId) {","Referenced by non-archive controller(s)."
"CAD","DBConnection.CAD.cs","GetSbpObservationTypes","public","Confirmed Active","Commercial Audit / CAD","Read/list workflow data for Commercial Audit / CAD","ApiCallsController.cs; HMController.cs","","PKG_HD.P_GET_SBP_OBS_TYPES","","T_HD_SBP_OBS_TYPES","","io_cursor:RefCursor","io_cursor:RefCursor:Output","OBSERVATION_TYPE_ID; OBSERVATION_TYPE_CODE; OBSERVATION_TYPE_NAME; OBSERVATION_TYPE; ACTIVE_FLAG; SORT_ORDER","public IReadOnlyList<SbpObservationTypeOption> GetSbpObservationTypes() {","Referenced by non-archive controller(s)."
"CAD","DBConnection.CAD.cs","GetSbpObservationHistory","public","Confirmed Active","Commercial Audit / CAD","Read/list workflow data for Commercial Audit / CAD","ApiCallsController.cs","","PKG_HD.P_GET_SBP_HISTORY","","T_HD_SBP_OBS_RESPONSE; T_HD_SBP_OBSERVATION","","p_para_id:Int64; io_cursor:RefCursor","io_cursor:RefCursor:Output","PARA_ID; REF_NO; FUNCTION_NAME; PARA_NO; SBP_OBSERVATION; SBP_DIRECTIONS; RESPONSE_ID; BANK_RESPONSE; COMPLIANCE_STATUS; IAD_VALIDATION; ENTERED_BY; REPLY_DATE; ENTERED_ON","public SBPObservationHistoryModel GetSbpObservationHistory(long paraId) {","Referenced by non-archive controller(s)."
"CAD","DBConnection.CAD.cs","GetRequests","public","Confirmed Active","Commercial Audit / CAD","Read/list workflow data for Commercial Audit / CAD","ApiCallsController.cs","","PKG_HD.P_GET_REQUESTS","","T_HD_ACTION_REQUEST","","p_status:Varchar2","","","public List<Dictionary<string, object>> GetRequests(string status) {","Referenced by non-archive controller(s)."
"CAD","DBConnection.CAD.cs","GetRequestHistory","public","Confirmed Active","Commercial Audit / CAD","Read/list workflow data for Commercial Audit / CAD","ApiCallsController.cs","","PKG_HD.P_GET_REQUEST_HISTORY","","T_HD_ACTION_LOG","","p_request_id:Int64","","","public List<Dictionary<string, object>> GetRequestHistory(long requestId) {","Referenced by non-archive controller(s)."
"CAU","DBConnection.CAU.cs","SaveCommercialAuditOm","public","Confirmed Active","Commercial Audit / CAD","Create or advance Commercial Audit / CAD workflow data","ApiCallsController.cs","","PKG_COMMERCIAL_AUDIT.P_SAVE_OM","","T_COM_AUDIT_OM","T_COM_AUDIT_OM","P_OM_NO:Varchar2; P_GIST_OF_OM:Varchar2; P_BODY_OF_OM:Clob; P_MANAGEMENT_RESPONSE:Clob; P_IS_ACTIVE:Varchar2; P_USER_PPNO:Int32; P_USER_ROLE_ID:Int32; P_USER_ENTITY_ID:Int32; P_STATUS:Varchar2; P_MESSAGE:Varchar2; P_ID:Int32","P_STATUS:Varchar2:Output; P_MESSAGE:Varchar2:Output; P_ID:Int32:Output","","public CommercialAuditActionResultModel SaveCommercialAuditOm(CommercialAuditOmModel model) {","Referenced by non-archive controller(s)."
"CAU","DBConnection.CAU.cs","GetCommercialAuditOms","public","Confirmed Active","Commercial Audit / CAD","Read/list workflow data for Commercial Audit / CAD","ApiCallsController.cs","","PKG_COMMERCIAL_AUDIT.P_GET_OMS","","T_COM_AUDIT_OM","","IO_CURSOR:RefCursor","IO_CURSOR:RefCursor:Output","OM_ID; AUDIT_YEAR_ID; AUDIT_YEAR_TEXT; OM_NO; GIST_OF_OM; BODY_OF_OM; MANAGEMENT_RESPONSE; IS_ACTIVE","public List<CommercialAuditOmModel> GetCommercialAuditOms() {","Referenced by non-archive controller(s)."
"CAU","DBConnection.CAU.cs","SaveCommercialAuditPdp","public","Confirmed Active","Commercial Audit / CAD","Create or advance Commercial Audit / CAD workflow data","ApiCallsController.cs","","PKG_COMMERCIAL_AUDIT.P_SAVE_PDP","","T_COM_AUDIT_PDP","T_COM_AUDIT_PDP","P_PDP_NO:Varchar2; P_GIST_OF_PDP:Varchar2; P_BODY_OF_PDP:Clob; P_MANAGEMENT_RESPONSE:Clob; P_DAC_RECOMMENDATIONS:Clob; P_UPDATED_STATUS:Varchar2; P_IS_ACTIVE:Varchar2; P_USER_PPNO:Int32; P_USER_ROLE_ID:Int32; P_USER_ENTITY_ID:Int32; P_STATUS:Varchar2; P_MESSAGE:Varchar2; P_ID:Int32","P_STATUS:Varchar2:Output; P_MESSAGE:Varchar2:Output; P_ID:Int32:Output","","public CommercialAuditActionResultModel SaveCommercialAuditPdp(CommercialAuditPdpModel model) {","Referenced by non-archive controller(s)."
"CAU","DBConnection.CAU.cs","GetCommercialAuditPdps","public","Confirmed Active","Commercial Audit / CAD","Read/list workflow data for Commercial Audit / CAD","ApiCallsController.cs","","PKG_COMMERCIAL_AUDIT.P_GET_PDPS","","T_COM_AUDIT_OM; T_COM_AUDIT_PDP; T_COM_AUDIT_PDP_OM_MAP","","IO_CURSOR:RefCursor","IO_CURSOR:RefCursor:Output","PDP_ID; AUDIT_YEAR_ID; AUDIT_YEAR_TEXT; PDP_NO; GIST_OF_PDP; BODY_OF_PDP; MANAGEMENT_RESPONSE; DAC_RECOMMENDATIONS; UPDATED_STATUS; LINKED_OM_COUNT; LINKED_OM_NUMBERS; IS_ACTIVE","public List<CommercialAuditPdpModel> GetCommercialAuditPdps() {","Referenced by non-archive controller(s)."
"CAU","DBConnection.CAU.cs","SaveCommercialAuditPdpMappings","public","Confirmed Active","Commercial Audit / CAD","Create or advance Commercial Audit / CAD workflow data","ApiCallsController.cs","","PKG_COMMERCIAL_AUDIT.P_SAVE_PDP_OM_MAP","","DUAL; T_COM_AUDIT_OM; T_COM_AUDIT_PDP; T_COM_AUDIT_PDP_OM_MAP","T_COM_AUDIT_PDP_OM_MAP","P_OM_IDS_CSV:Clob; P_IS_ACTIVE:Varchar2; P_USER_PPNO:Int32; P_USER_ROLE_ID:Int32; P_USER_ENTITY_ID:Int32; P_STATUS:Varchar2; P_MESSAGE:Varchar2; P_ID:Int32","P_STATUS:Varchar2:Output; P_MESSAGE:Varchar2:Output; P_ID:Int32:Output","","public CommercialAuditActionResultModel SaveCommercialAuditPdpMappings(CommercialAuditPdpOmMappingSaveRequest request) {","Referenced by non-archive controller(s)."
"CAU","DBConnection.CAU.cs","GetCommercialAuditPdpMappings","public","Confirmed Active","Commercial Audit / CAD","Read/list workflow data for Commercial Audit / CAD","ApiCallsController.cs","","PKG_COMMERCIAL_AUDIT.P_GET_PDP_OM_MAP","","T_COM_AUDIT_OM; T_COM_AUDIT_PDP_OM_MAP","","P_PDP_ID:Int32; IO_CURSOR:RefCursor","IO_CURSOR:RefCursor:Output","MAPPING_ID; PDP_ID; OM_ID; OM_NO; GIST_OF_OM; IS_ACTIVE","public List<CommercialAuditPdpOmMappingModel> GetCommercialAuditPdpMappings(int pdpId) {","Referenced by non-archive controller(s)."
"CAU","DBConnection.CAU.cs","SaveCommercialAuditArpseHeader","public","Confirmed Active","Commercial Audit / CAD","Create or advance Commercial Audit / CAD workflow data","ApiCallsController.cs","","PKG_COMMERCIAL_AUDIT.P_SAVE_ARPSE","","T_COM_AUDIT_ARPSE","T_COM_AUDIT_ARPSE","P_PARA_NO:Varchar2; P_GIST_OF_PARA:Varchar2; P_MANAGEMENT_RESPONSE:Clob; P_IS_ACTIVE:Varchar2; P_USER_PPNO:Int32; P_USER_ROLE_ID:Int32; P_USER_ENTITY_ID:Int32; P_STATUS:Varchar2; P_MESSAGE:Varchar2; P_ID:Int32","P_STATUS:Varchar2:Output; P_MESSAGE:Varchar2:Output; P_ID:Int32:Output","","public CommercialAuditActionResultModel SaveCommercialAuditArpseHeader(CommercialAuditArpseHeaderModel model) {","Referenced by non-archive controller(s)."
"CAU","DBConnection.CAU.cs","GetCommercialAuditArpseHeaders","public","Confirmed Active","Commercial Audit / CAD","Read/list workflow data for Commercial Audit / CAD","ApiCallsController.cs","","PKG_COMMERCIAL_AUDIT.P_GET_ARPSE_HEADERS","","T_COM_AUDIT_ARPSE","","IO_CURSOR:RefCursor","IO_CURSOR:RefCursor:Output","ARPSE_ID; ARPSE_YEAR_ID; ARPSE_YEAR_TEXT; PARA_NO; GIST_OF_PARA; MANAGEMENT_RESPONSE; IS_ACTIVE","public List<CommercialAuditArpseHeaderModel> GetCommercialAuditArpseHeaders() {","Referenced by non-archive controller(s)."
"CAU","DBConnection.CAU.cs","SaveCommercialAuditArpseDacEntry","public","Confirmed Active","Commercial Audit / CAD","Create or advance Commercial Audit / CAD workflow data","ApiCallsController.cs","","PKG_COMMERCIAL_AUDIT.P_SAVE_ARPSE_DAC","","T_COM_AUDIT_ARPSE; T_COM_AUDIT_ARPSE_DAC","T_COM_AUDIT_ARPSE_DAC","P_DAC_RECOMMENDATION:Clob; P_UPDATED_STATUS:Varchar2; P_IS_ACTIVE:Varchar2; P_USER_PPNO:Int32; P_USER_ROLE_ID:Int32; P_USER_ENTITY_ID:Int32; P_STATUS:Varchar2; P_MESSAGE:Varchar2; P_ID:Int32","P_STATUS:Varchar2:Output; P_MESSAGE:Varchar2:Output; P_ID:Int32:Output","","public CommercialAuditActionResultModel SaveCommercialAuditArpseDacEntry(CommercialAuditArpseDacEntryModel model) {","Referenced by non-archive controller(s)."
"CAU","DBConnection.CAU.cs","GetCommercialAuditArpseDacEntries","public","Confirmed Active","Commercial Audit / CAD","Read/list workflow data for Commercial Audit / CAD","ApiCallsController.cs","","PKG_COMMERCIAL_AUDIT.P_GET_ARPSE_DAC_ENTRIES","","T_COM_AUDIT_ARPSE_DAC","","P_ARPSE_ID:Int32; IO_CURSOR:RefCursor","IO_CURSOR:RefCursor:Output","DAC_ENTRY_ID; ARPSE_ID; DAC_RECOMMENDATION; DAC_DATE; UPDATED_STATUS; IS_ACTIVE","public List<CommercialAuditArpseDacEntryModel> GetCommercialAuditArpseDacEntries(int arpseId) {","Referenced by non-archive controller(s)."
"CAU","DBConnection.CAU.cs","SaveCommercialAuditArpsePacEntry","public","Confirmed Active","Commercial Audit / CAD","Create or advance Commercial Audit / CAD workflow data","ApiCallsController.cs","","PKG_COMMERCIAL_AUDIT.P_SAVE_ARPSE_PAC","","T_COM_AUDIT_ARPSE; T_COM_AUDIT_ARPSE_PAC","T_COM_AUDIT_ARPSE_PAC","P_PAC_DIRECTIVE:Clob; P_UPDATED_STATUS:Varchar2; P_IS_ACTIVE:Varchar2; P_USER_PPNO:Int32; P_USER_ROLE_ID:Int32; P_USER_ENTITY_ID:Int32; P_STATUS:Varchar2; P_MESSAGE:Varchar2; P_ID:Int32","P_STATUS:Varchar2:Output; P_MESSAGE:Varchar2:Output; P_ID:Int32:Output","","public CommercialAuditActionResultModel SaveCommercialAuditArpsePacEntry(CommercialAuditArpsePacEntryModel model) {","Referenced by non-archive controller(s)."
"CAU","DBConnection.CAU.cs","GetCommercialAuditArpsePacEntries","public","Confirmed Active","Commercial Audit / CAD","Read/list workflow data for Commercial Audit / CAD","ApiCallsController.cs","","PKG_COMMERCIAL_AUDIT.P_GET_ARPSE_PAC_ENTRIES","","T_COM_AUDIT_ARPSE_PAC","","P_ARPSE_ID:Int32; IO_CURSOR:RefCursor","IO_CURSOR:RefCursor:Output","PAC_ENTRY_ID; ARPSE_ID; PAC_DIRECTIVE; PAC_DATE; UPDATED_STATUS; IS_ACTIVE","public List<CommercialAuditArpsePacEntryModel> GetCommercialAuditArpsePacEntries(int arpseId) {","Referenced by non-archive controller(s)."
"cs","DBConnection.cs","CreateFromHttpContext","public","Confirmed Active","Planning / Shared Core","Create or advance Planning / Shared Core workflow data","ApiCallsController.cs; FADRiskControlPanelController.cs","","","","","","","","","public static DBConnection CreateFromHttpContext(IHttpContextAccessor httpContextAccessor, IConfiguration configuration, SessionHandler sessionHandler, SecurityTokenService tokenService, LoginAttemptTracker loginAttemptTracker = null) {","Referenced by non-archive controller(s)."
"cs","DBConnection.cs","CreateSession","public","Confirmed Active","Planning / Shared Core","Create or advance Planning / Shared Core workflow data","HomeController.cs; LoginController.cs","","","","","","","","","public void CreateSession(string token, int ppno, string ip, string agent) {","Referenced by non-archive controller(s)."
"cs","DBConnection.cs","KillSessions","public","Confirmed Active","Planning / Shared Core","Change state within Planning / Shared Core workflow","HomeController.cs; LoginController.cs","","","","","","","","","public void KillSessions(int ppno) {","Referenced by non-archive controller(s)."
"cs","DBConnection.cs","InvalidateSession","public","Confirmed Active","Planning / Shared Core","Support Planning / Shared Core workflow","LoginController.cs","","","","","","","","","public void InvalidateSession(string token) {","Referenced by non-archive controller(s)."
"cs","DBConnection.cs","DisposeLoginSession","public","Confirmed Active","Planning / Shared Core","Support Planning / Shared Core workflow","LoginController.cs","","pkg_lg.Session_END","","T_AU_ACTIVITY_LOG","T_AU_ACTIVITY_LOG; T_USER_SESSION","PPNumber:Int32; SessionId:Varchar2; ENT_ID:Int32; R_ID:Int32","","","public bool DisposeLoginSession() {","Referenced by non-archive controller(s)."
"cs","DBConnection.cs","KillExistSession","public","Confirmed Active","Planning / Shared Core","Change state within Planning / Shared Core workflow","ApiCallsController.cs; LoginController.cs","","pkg_lg.p_get_user; pkg_lg.Session_Kill","","T_AUDITEE_ENTITIES; T_GROUPS; T_USER; T_USER_MAPING; V_SERVICE_EMPLOYEEINFO","T_USER_SESSION","PPNumber:Int32; enc_pass:Varchar2; T_CURSOR:RefCursor","T_CURSOR:RefCursor:Output","","public bool KillExistSession(LoginModel login) {","Referenced by non-archive controller(s)."
"cs","DBConnection.cs","TerminateIdleSession","public","Confirmed Active","Planning / Shared Core","Change state within Planning / Shared Core workflow","ApiCallsController.cs","","pkg_lg.Session_Kill","","","T_USER_SESSION","PPNumber:Int32","","","public bool TerminateIdleSession() {","Referenced by non-archive controller(s)."
"cs","DBConnection.cs","Logout","public","Confirmed Active","Planning / Shared Core","Support Planning / Shared Core workflow","LoginController.cs","","","","","","","","","public IActionResult Logout() {","Referenced by non-archive controller(s)."
"cs","DBConnection.cs","AutheticateLogin","public","Confirmed Active","Planning / Shared Core","Support Planning / Shared Core workflow","LoginController.cs","","pkg_lg.User_SESSION","","T_AU_ACTIVITY_LOG; T_USER_SESSION","T_AU_ACTIVITY_LOG; T_USER_SESSION","PPNumber:Int32; enc_pass:Varchar2; T_CURSOR:RefCursor; UserRoleID:Int32; LocalIpAddress:Varchar2; SessionId:Varchar2; UserLocationType:Varchar2; MACAddress:Varchar2; FirstMACCardAddress:Varchar2; UserPostingDiv:Int32; UserGroupID:Varchar2; UserPostingDept:Int32; UserPostingZone:Int32; UserPostingBranch:Int32; UserPostingAuditZone:Int32; ENT_ID:Int32","T_CURSOR:RefCursor:Output","password_change_req; USERID; Employeefirstname; employeelastname; LOGIN_NAME; ENT_NAME; GROUP_NAME; PPNO; ENTITY_ID; USER_LOCATION_TYPE; ISACTIVE; DIVISIONID; DEPARTMENTID; ZONEID; BRANCHID; AUDIT_ZONEID; GROUP_ID; ROLE_ID; ID","public UserModel AutheticateLogin(LoginModel login) {","Referenced by non-archive controller(s)."
"cs","DBConnection.cs","GetUploadedAuditReportsFromDirectory","public","Likely Active","Planning / Shared Core","Read/list workflow data for Planning / Shared Core","","","","","","","","","","public async Task<List<AuditeeResponseEvidenceModel>> GetUploadedAuditReportsFromDirectory(string subfolder) {","No external call found, but referenced inside DBConnection and belongs to non-archive module."
"cs","DBConnection.cs","GetAttachedFilesFromDirectory","public","Likely Active","Planning / Shared Core","Read/list workflow data for Planning / Shared Core","","","","","","","","","","public async Task<List<AuditeeResponseEvidenceModel>> GetAttachedFilesFromDirectory(string subfolder) {","No external call found, but referenced inside DBConnection and belongs to non-archive module."
"cs","DBConnection.cs","GetAttachedAuditeeEvidencesFromDirectory","public","Likely Active","Planning / Shared Core","Read/list workflow data for Planning / Shared Core","","","","","","","","","","public async Task<List<AuditeeResponseEvidenceModel>> GetAttachedAuditeeEvidencesFromDirectory(string subfolder) {","No external call found, but referenced inside DBConnection and belongs to non-archive module."
"cs","DBConnection.cs","GetAttachedCAUEvidencesFromDirectory","public","Likely Active","Planning / Shared Core","Read/list workflow data for Planning / Shared Core","","","","","","","","","","public async Task<List<AuditeeResponseEvidenceModel>> GetAttachedCAUEvidencesFromDirectory(string subfolder) {","No external call found, but referenced inside DBConnection and belongs to non-archive module."
"cs","DBConnection.cs","DeleteAuditReportSubFolderDirectoryFromServer","public","Likely Active","Planning / Shared Core","Change state within Planning / Shared Core workflow","","","","","","","","","","public bool DeleteAuditReportSubFolderDirectoryFromServer(string subfolder) {","No external call found, but referenced inside DBConnection and belongs to non-archive module."
"cs","DBConnection.cs","DeleteSubFolderDirectoryFromServer","public","Likely Active","Planning / Shared Core","Change state within Planning / Shared Core workflow","","","","","","","","","","public bool DeleteSubFolderDirectoryFromServer(string subfolder) {","No external call found, but referenced inside DBConnection and belongs to non-archive module."
"cs","DBConnection.cs","DeleteSubFolderDirectoryInAuditeeEvidenceFromServer","public","Likely Active","Planning / Shared Core","Change state within Planning / Shared Core workflow","","","","","","","","","","public bool DeleteSubFolderDirectoryInAuditeeEvidenceFromServer(string subfolder) {","No external call found, but referenced inside DBConnection and belongs to non-archive module."
"cs","DBConnection.cs","DeleteSubFolderDirectoryInCAUEvidenceFromServer","public","Likely Active","Planning / Shared Core","Change state within Planning / Shared Core workflow","","","","","","","","","","public bool DeleteSubFolderDirectoryInCAUEvidenceFromServer(string subfolder) {","No external call found, but referenced inside DBConnection and belongs to non-archive module."
"cs","DBConnection.cs","GetTopMenus","public","Confirmed Active","Planning / Shared Core","Read/list workflow data for Planning / Shared Core","AdministrationPanelController.cs; AuditeePortalController.cs; BACController.cs; CAUController.cs; DashboardController.cs; EngagementController.cs; ExecutionController.cs; FADController.cs; FADRiskControlPanelController.cs; FieldAuditController.cs; FieldAuditReportController.cs; FieldAuditReportPdfController.cs; HMController.cs; HomeController.cs; IAMSController.cs; IIDController.cs; IidInquiryReportPdfController.cs; ManagementAuditController.cs; MANReportController.cs; MANReportPdfController.cs; PlanningController.cs; PostComplianceController.cs; ReportsController.cs; RiskAssessmentController.cs; SamplingController.cs; SetupController.cs; WorkingPaperController.cs","ArchiveController.cs","pkg_lg.p_GetTopMenus","","T_MENU; T_MENU_PAGES; T_MENU_PAGES_GROUPMAP","","UserRoleID:Int32; P_NO:Int32; ENT_ID:Int32; R_ID:Int32; T_CURSOR:RefCursor","T_CURSOR:RefCursor:Output","MENU_ID; MENU_NAME; MENU_ORDER; MENU_DESCRIPTION","public List<MenuModel> GetTopMenus() {","Referenced by non-archive controller(s)."
"cs","DBConnection.cs","GetTopMenuPages","public","Likely Active","Planning / Shared Core","Read/list workflow data for Planning / Shared Core","","","","","","","UserGroupID:Int32; P_NO:Int32; ENT_ID:Int32; R_ID:Int32; T_CURSOR:RefCursor","T_CURSOR:RefCursor:Output","ID; MENU_ID; PAGE_ID; PAGE_NAME; PAGE_PATH; PAGE_ORDER; STATUS; Sub_Menu; Sub_Menu_Id; Sub_Menu_Name; PAGE_KEY; HIDE_MENU","public List<MenuPagesModel> GetTopMenuPages() {","No external call found, but referenced inside DBConnection and belongs to non-archive module."
"cs","DBConnection.cs","GetTopMenuPages","public","Likely Active","Planning / Shared Core","Read/list workflow data for Planning / Shared Core","","","pkg_lg.p_GetTopMenuPages","","T_MENU_PAGES; T_MENU_PAGES_GROUPMAP; T_MENU_SUB","","UserGroupID:Int32; P_NO:Int32; ENT_ID:Int32; R_ID:Int32; T_CURSOR:RefCursor","T_CURSOR:RefCursor:Output","ID; MENU_ID; PAGE_ID; PAGE_NAME; PAGE_PATH; PAGE_ORDER; STATUS; Sub_Menu; Sub_Menu_Id; Sub_Menu_Name; PAGE_KEY; HIDE_MENU","public List<MenuPagesModel> GetTopMenuPages(SessionUser user) {","No external call found, but referenced inside DBConnection and belongs to non-archive module."
"cs","DBConnection.cs","GetInsYearsForCAU","public","Confirmed Active","Planning / Shared Core","Read/list workflow data for Planning / Shared Core","CAUController.cs","","pkg_cm.p_CAU_OM_YEAR","","T_CAU_PERIOD","","T_CURSOR:RefCursor","T_CURSOR:RefCursor:Output","auditperiodid; period","public List<AuditPeriodModel> GetInsYearsForCAU(int dept_code = 0) {","Referenced by non-archive controller(s)."
"cs","DBConnection.cs","GetParaPrintingYearsForCAU","public","Confirmed Active","Planning / Shared Core","Read/list workflow data for Planning / Shared Core","CAUController.cs","","pkg_cm.p_CAU_ARPSE_YEAR","","T_CAU_ARPSES_PERIOD","","T_CURSOR:RefCursor","T_CURSOR:RefCursor:Output","auditperiodid; period","public List<AuditPeriodModel> GetParaPrintingYearsForCAU() {","Referenced by non-archive controller(s)."
"cs","DBConnection.cs","UpdateAuditPeriod","public","Confirmed Active","Planning / Shared Core","Change state within Planning / Shared Core workflow","ApiCallsController.cs","","pkg_pg.P_Update_AuditPeriod","","DUAL","T_AU_PERIOD","P_ID:Int32; S_ID:Int32; T_CURSOR:RefCursor","T_CURSOR:RefCursor:Output","REMARKS","public string UpdateAuditPeriod(AuditPeriodModel periodModel) {","Referenced by non-archive controller(s)."
"cs","DBConnection.cs","AddAuditPeriod","public","Confirmed Active","Planning / Shared Core","Create or advance Planning / Shared Core workflow data","ApiCallsController.cs","","pkg_pg.P_AddAuditPeriod","","T_AU_PERIOD; T_AU_REMARKS","T_AU_PERIOD","DESCRIPTION:Varchar2; STARTDATE:Date; ENDDATE:Date; T_CURSOR:RefCursor","T_CURSOR:RefCursor:Output","REMARKS","public string AddAuditPeriod(AuditPeriodModel periodModel) {","Referenced by non-archive controller(s)."
"cs","DBConnection.cs","GetAuditTeams","public","Confirmed Active","Planning / Shared Core","Read/list workflow data for Planning / Shared Core","ApiCallsController.cs; PlanningController.cs","","pkg_pg.P_GetAuditTeams","","T_AU_TEAM_MEMBERS; T_AUDITEE_ENTITIES","","dept_code:Int32; UserEntityID:Int32; P_NO:Int32; R_ID:Int32; T_CURSOR:RefCursor","T_CURSOR:RefCursor:Output","ID; T_ID; T_CODE; TEAM_NAME; PLACE_OF_POSTING; MEMBER_PPNO; ISTEAMLEAD; AUDIT_DEPARTMENT; MEMBER_NAME; STATUS","public List<AuditTeamModel> GetAuditTeams(int dept_code = 0, int userEntId = 0) {","Referenced by non-archive controller(s)."
"cs","DBConnection.cs","AddAuditTeam","public","Confirmed Active","Planning / Shared Core","Create or advance Planning / Shared Core workflow data","ApiCallsController.cs","","pkg_pg.P_addauditteam","","DUAL; T_AU_ACTIVITY_LOG; T_AU_TEAM_MEMBERS; T_AUDITEE_ENTITIES; T_USER; T_USER_MAPING","T_AU_ACTIVITY_LOG; T_AU_TEAM_MEMBERS; T_USER_MAPING","teamname:Varchar2; TEAMMEMBER_ID:Int32; MAX_T_ID:Int32; EMPLOYEENAME:Varchar2; IS_TEAMLEAD:Varchar2; STATUS:Varchar2; ENT_ID:Varchar2; P_NO:Int32; R_ID:Int32; T_CURSOR:RefCursor","T_CURSOR:RefCursor:Output","remarks","public string AddAuditTeam(AuditTeamModel aTeam) {","Referenced by non-archive controller(s)."
"cs","DBConnection.cs","DeleteAuditTeam","public","Confirmed Active","Planning / Shared Core","Change state within Planning / Shared Core workflow","ApiCallsController.cs","","pkg_pg.P_DeleteAuditTeam","","T_AU_ACTIVITY_LOG","T_AU_ACTIVITY_LOG; T_AU_TEAM_MEMBERS","TID:Int32; ENT_ID:Int32; P_NO:Int32; R_ID:Int32","","","public bool DeleteAuditTeam(string T_CODE) {","Referenced by non-archive controller(s)."
"cs","DBConnection.cs","GetLatestTeamID","public","Confirmed Active","Planning / Shared Core","Read/list workflow data for Planning / Shared Core","ApiCallsController.cs","","pkg_pg.P_MAXTEAMID","","T_AU_AUDIT_TEAMS; T_AU_TEAM_MEMBERS","","P_NO:Int32; ENT_ID:Int32; R_ID:Int32; T_CURSOR:RefCursor","T_CURSOR:RefCursor:Output","MAX_T_ID","public int GetLatestTeamID() {","Referenced by non-archive controller(s)."
"cs","DBConnection.cs","AddAuditCriteria","public","Confirmed Active","Planning / Shared Core","Create or advance Planning / Shared Core workflow data","EngagementController.cs","","pkg_pg.P_ADDAUDITCRITERIA","","T_AU_PERIOD; T_AU_REMARKS; T_AUDIT_CRITERIA; T_AUDIT_CRITERIA_LOG; T_AUDIT_FREQUENCY; T_AUDITEE_ENTITIES","T_AUDIT_CRITERIA; T_AUDIT_CRITERIA_LOG","ENTITYTYPEID:Int32; SIZEID:Int32; RISKID:Int32; FREQUENCYID:Int32; NOOFDAYS:Int32; visit:Varchar2; APPROVALSTATUS:Int32; AUDITPERIODID:Int32; ENTITYID:Int32; REMARKS:Varchar2; P_NO:Int32; ENT_ID:Int32; R_ID:Int32; io_cursor:RefCursor","io_cursor:RefCursor:Output","","public AuditCriteriaPersistResult AddAuditCriteria(AddAuditCriteriaModel acm) {","Referenced by non-archive controller(s)."
"cs","DBConnection.cs","UpdateAuditCriteria","public","Confirmed Active","Planning / Shared Core","Change state within Planning / Shared Core workflow","ApiCallsController.cs","","pkg_pg.P_UpdateAuditCriteria","","T_AU_ACTIVITY_LOG; T_AUDIT_CRITERIA_LOG","T_AU_ACTIVITY_LOG; T_AUDIT_CRITERIA; T_AUDIT_CRITERIA_LOG","CID:Int32; ENTITYTYPEID:Int32; SIZEID:Int32; RISKID:Int32; FREQUENCYID:Int32; NOOFDAYS:Int32; VISITS:Varchar2; AUDITPERIOD_ID:Int32; REMARKS:Varchar2; ENT_ID:Int32; P_NO:Int32; R_ID:Int32","","","public bool UpdateAuditCriteria(AddAuditCriteriaModel acm, string COMMENTS) {","Referenced by non-archive controller(s)."
"cs","DBConnection.cs","SetAuditCriteriaStatusReferredBack","public","Confirmed Active","Planning / Shared Core","Support Planning / Shared Core workflow","ApiCallsController.cs","","pkg_pg.P_SetAuditCriteriaStatusReferredBack","","T_AU_ACTIVITY_LOG; T_AUDIT_CRITERIA_LOG","T_AU_ACTIVITY_LOG; T_AUDIT_CRITERIA; T_AUDIT_CRITERIA_LOG","CID:Int32; REMARKS:Varchar2; ENT_ID:Int32; P_NO:Int32; R_ID:Int32","","","public bool SetAuditCriteriaStatusReferredBack(int ID, string REMARKS) {","Referenced by non-archive controller(s)."
"cs","DBConnection.cs","SetAuditCriteriaStatusApprove","public","Confirmed Active","Planning / Shared Core","Support Planning / Shared Core workflow","ApiCallsController.cs","","pkg_pg.P_SetAuditCriteriaStatusApprove","","DUAL; T_AU_ACTIVITY_LOG; T_AUDIT_CRITERIA_LOG","T_AU_ACTIVITY_LOG; T_AUDIT_CRITERIA; T_AUDIT_CRITERIA_LOG","CAID:Int32; REMARKS:Varchar2; ENT_ID:Int32; P_NO:Int32; R_ID:Int32; T_CURSOR:RefCursor","T_CURSOR:RefCursor:Output","remark","public string SetAuditCriteriaStatusApprove(int id, string remarks) {","Referenced by non-archive controller(s)."
"cs","DBConnection.cs","GetPendingAuditCriterias","public","Confirmed Active","Planning / Shared Core","Read/list workflow data for Planning / Shared Core","PlanningController.cs","","pkg_pg.P_GetPendingAuditCriterias","","T_AU_ACTIVITY_LOG; T_AU_PERIOD; T_AUDIT_CRITERIA; T_AUDIT_CRITERIA_LOG; T_AUDIT_FREQUENCY; T_AUDITEE_ENT_TYPES; T_AUDITEE_ENTITIES; T_AUDITEE_ENTITIES_MAPING; T_AUDITEE_ENTITIES_SIZE_DISC; T_RISK","T_AU_ACTIVITY_LOG","ENT_ID:Int32; P_NO:Int32; R_ID:Int32; T_CURSOR:RefCursor","T_CURSOR:RefCursor:Output","ID; ENTITY_TYPEID; ENTITY_ID; SIZE_ID; RISK_ID; FREQUENCY_ID; NO_OF_DAYS; APPROVAL_STATUS; AUDITPERIODID; PERIOD; ENTITY; NAME; FREQUENCY; BRSIZE; RISK; VISIT; REMARKS; no_of_entity","public List<AuditCriteriaModel> GetPendingAuditCriterias() {","Referenced by non-archive controller(s)."
"cs","DBConnection.cs","GetRefferedBackAuditCriterias","public","Confirmed Active","Planning / Shared Core","Read/list workflow data for Planning / Shared Core","PlanningController.cs","","pkg_pg.P_GetRefferedBackAuditCriterias","","T_AU_ACTIVITY_LOG; T_AU_PERIOD; T_AUDIT_CRITERIA; T_AUDIT_CRITERIA_LOG; T_AUDIT_FREQUENCY; T_AUDITEE_ENT_TYPES; T_AUDITEE_ENTITIES; T_AUDITEE_ENTITIES_SIZE_DISC; T_RISK","T_AU_ACTIVITY_LOG","ENT_ID:Int32; P_NO:Int32; R_ID:Int32; T_CURSOR:RefCursor","T_CURSOR:RefCursor:Output","ID; ENTITY_TYPEID; SIZE_ID; ENTITY_ID; RISK_ID; FREQUENCY_ID; NO_OF_DAYS; APPROVAL_STATUS; AUDITPERIODID; PERIOD; ENTITY; FREQUENCY; BRSIZE; RISK; NAME; VISIT; REMARKS","public List<AuditCriteriaModel> GetRefferedBackAuditCriterias() {","Referenced by non-archive controller(s)."
"cs","DBConnection.cs","GetPostChangesAuditCriterias","public","Confirmed Active","Planning / Shared Core","Read/list workflow data for Planning / Shared Core","PlanningController.cs","","pkg_pg.P_GetPostChangesAuditCriterias","","T_AU_ACTIVITY_LOG; T_AU_PERIOD; T_AUDIT_CRITERIA; T_AUDIT_CRITERIA_LOG; T_AUDIT_FREQUENCY; T_AUDITEE_ENT_TYPES; T_AUDITEE_ENTITIES; T_AUDITEE_ENTITIES_SIZE_DISC; T_RISK","T_AU_ACTIVITY_LOG","ENT_ID:Int32; P_NO:Int32; R_ID:Int32; T_CURSOR:RefCursor","T_CURSOR:RefCursor:Output","ID; ENTITY_TYPEID; SIZE_ID; ENTITY_ID; RISK_ID; FREQUENCY_ID; NO_OF_DAYS; APPROVAL_STATUS; AUDITPERIODID; PERIOD; ENTITY; FREQUENCY; BRSIZE; RISK; VISIT; NAME; REMARKS","public List<AuditCriteriaModel> GetPostChangesAuditCriterias() {","Referenced by non-archive controller(s)."
"cs","DBConnection.cs","GetAuditeeEntitiesForOutstandingParas","public","Confirmed Active","Planning / Shared Core","Read/list workflow data for Planning / Shared Core","IAMSController.cs","","","","","","","","","public List<AuditeeEntitiesModel> GetAuditeeEntitiesForOutstandingParas(int ENTITY_CODE = 0) {","Referenced by non-archive controller(s)."
"cs","DBConnection.cs","GeneratePlanForAuditCriteria","public","Confirmed Active","Planning / Shared Core","Change state within Planning / Shared Core workflow","ApiCallsController.cs","","pkg_pg.Tentative_Audit_Plan","","T_AU_ACTIVITY_LOG; T_AU_PERIOD; T_AU_REMARKS; T_AUDIT_CRITERIA; T_AUDIT_FREQUENCY; T_AUDITEE_ENTITIES; T_AUDITEE_ENTITIES_SIZE_DISC; T_RISK_STATUS","T_AU_ACTIVITY_LOG; T_AU_PLAN; T_AUDIT_CRITERIA","CRITERIA_ID:Int32; ENT_ID:Int32; P_NO:Int32; R_ID:Int32; T_CURSOR:RefCursor","T_CURSOR:RefCursor:Output","REMARKS","public string GeneratePlanForAuditCriteria(int CRITERIA_ID) {","Referenced by non-archive controller(s)."
"cs","DBConnection.cs","GetAuditEntities","public","Confirmed Active","Planning / Shared Core","Read/list workflow data for Planning / Shared Core","EngagementController.cs; PlanningController.cs; SetupController.cs","","pkg_pg.P_GetAuditEntities","","T_AUDITEE_ENT_TYPES","","ENTITYID:Int32; T_CURSOR:RefCursor","T_CURSOR:RefCursor:Output","AUTID; ENTITYCODE; ENTITYTYPEDESC; AUDITABLE; d_risk","public List<AuditEntitiesModel> GetAuditEntities() {","Referenced by non-archive controller(s)."
"cs","DBConnection.cs","GetAuditeeEntitiesForOldParas","public","Confirmed Active","Planning / Shared Core","Read/list workflow data for Planning / Shared Core","IAMSController.cs","","pkg_ais.P_GetAuditeeEntitiesForOldParas","","T_AU_OBSERVATION_OLD_CAD_PARAS","","ENTITY_ID:Int32; UserEntityID:Int32; T_CURSOR:RefCursor","T_CURSOR:RefCursor:Output","ENTITY_ID; entity_code; entity_name","public List<AuditeeEntitiesModel> GetAuditeeEntitiesForOldParas(int ENTITY_ID = 0) {","Referenced by non-archive controller(s)."
"cs","DBConnection.cs","GetEntitiesByParentEntityTypeId","public","Confirmed Active","Planning / Shared Core","Read/list workflow data for Planning / Shared Core","ApiCallsController.cs","","pkg_pg.P_GetAuditeeEntities","","T_AUDITEE_ENT_TYPES; T_AUDITEE_ENTITIES","","ENTITYID:Int32; TYPEID:Int32; T_CURSOR:RefCursor","T_CURSOR:RefCursor:Output","ENTITY_ID; name","public List<AuditeeEntitiesModel> GetEntitiesByParentEntityTypeId(int ENTITY_TYPE_ID = 0) {","Referenced by non-archive controller(s)."
"cs","DBConnection.cs","GeneratePassword","public","Likely Active","Planning / Shared Core","Change state within Planning / Shared Core workflow","","","","","","","","","","public string GeneratePassword(int? length = null) {","No external call found, but referenced inside DBConnection and belongs to non-archive module."
"cs","DBConnection.cs","ChangePasswordForUser","public","Confirmed Active","Planning / Shared Core","Support Planning / Shared Core workflow","HomeController.cs","","pkg_lg.P_ChangePassword","","T_AU_ACTIVITY_LOG","T_AU_ACTIVITY_LOG; T_USER","PP_NO:Int32; enc_pass:Varchar2; ENT_ID:Int32; P_NO:Int32; R_ID:Int32","","","public bool ChangePasswordForUser(UserModel user, string encryptedNewPassword) {","Referenced by non-archive controller(s)."
"cs","DBConnection.cs","AddBranch","public","Confirmed Active","Planning / Shared Core","Create or advance Planning / Shared Core workflow data","ApiCallsController.cs; SetupController.cs","","","","","","","","","public BranchModel AddBranch(BranchModel br) {","Referenced by non-archive controller(s)."
"cs","DBConnection.cs","UpdateBranch","public","Confirmed Active","Planning / Shared Core","Change state within Planning / Shared Core workflow","ApiCallsController.cs; SetupController.cs","","","","","","","","","public BranchModel UpdateBranch(BranchModel br) {","Referenced by non-archive controller(s)."
"cs","DBConnection.cs","AddControlViolation","public","Confirmed Active","Planning / Shared Core","Create or advance Planning / Shared Core workflow data","ApiCallsController.cs; SetupController.cs","","","","","","","","","public ControlViolationsModel AddControlViolation(ControlViolationsModel cv) {","Referenced by non-archive controller(s)."
"cs","DBConnection.cs","GetDivisions","public","Confirmed Active","Planning / Shared Core","Read/list workflow data for Planning / Shared Core","ApiCallsController.cs; CAUController.cs; EngagementController.cs; ExecutionController.cs; PlanningController.cs; SetupController.cs","ArchiveController.cs","pkg_ais.P_GetDepartments","","T_AUDITEE_ENTITIES; T_AUDITEE_ENTITIES_MAPING","","E_id:Int32; T_CURSOR:RefCursor","T_CURSOR:RefCursor:Output","ENTITY_ID; NAME; CODE; DESCRIPTION; ACTIVE","public List<DivisionModel> GetDivisions(bool sessionCheck = true) {","Referenced by non-archive controller(s)."
"cs","DBConnection.cs","GetAuditEmployees","public","Confirmed Active","Planning / Shared Core","Read/list workflow data for Planning / Shared Core","AdministrationPanelController.cs; ApiCallsController.cs; PlanningController.cs","","pkg_pg.P_GetAuditEmployees","","T_AUDIT_EMP; T_USER","","dept_code:Int32; T_CURSOR:RefCursor","T_CURSOR:RefCursor:Output","PPNO; DEPARTMENTCODE; RANKCODE; DESIGNATIONCODE; DEPTARMENT; EMPLOYEEFIRSTNAME; EMPLOYEELASTNAME; CURRENT_RANK; FUN_DESIGNATION; TYPE","public List<AuditEmployeeModel> GetAuditEmployees(int dept_code = 0) {","Referenced by non-archive controller(s)."
"cs","DBConnection.cs","GetTentativePlansForFields","public","Confirmed Active","Planning / Shared Core","Read/list workflow data for Planning / Shared Core","PlanningController.cs","","","","","","ENT_ID:Int32; P_NO:Int32; R_ID:Int32; T_CURSOR:RefCursor","T_CURSOR:RefCursor:Output","PLAN_ID; CRITERIA_ID; AUDITPERIODID; AUDITEDBY; AUDITEE_SIZE; AUDITEE_RISK; NATURE_OF_AUDIT; NO_OF_DAYS; ENTITY_ID; ENTITY_CODE; ENTITY_TYPE_ID; AUDITEE_NAME; FREQUENCY_DISCRIPTION; PERIOD_NAME; REPORTING_OFFICE; ent_type","public List<TentativePlanModel> GetTentativePlansForFields(bool sessionCheck = true) {","Referenced by non-archive controller(s)."
"cs","DBConnection.cs","GetAuditOperationalStartDate","public","Confirmed Active","Planning / Shared Core","Read/list workflow data for Planning / Shared Core","ApiCallsController.cs","","pkg_pg.P_GetAuditOperationalStartDate","","D.OPERATION_ENDDATE; T_AU_PLAN_ENG","","entityCode:Int32; auditPeriodId:Int32; T_CURSOR:RefCursor","T_CURSOR:RefCursor:Output","YEAR; MONTH; DAY","public string GetAuditOperationalStartDate(int auditPeriodId = 0, int entityCode = 0) {","Referenced by non-archive controller(s)."
"cs","DBConnection.cs","GetAuditEngagementPlans","public","Confirmed Active","Planning / Shared Core","Read/list workflow data for Planning / Shared Core","EngagementController.cs; PlanningController.cs","","pkg_pg.P_GetAuditEngagementPlans","","T_AU_ACTIVITY_LOG; T_AU_PLAN_ENG; T_AUDITEE_ENTITIES","T_AU_ACTIVITY_LOG","ENT_ID:Int32; P_NO:Int32; R_ID:Int32; T_CURSOR:RefCursor","T_CURSOR:RefCursor:Output","eng_id; team_name; name; audit_startdate; audit_enddate; op_startdate; op_enddate; entity_id","public List<AuditRefEngagementPlanModel> GetAuditEngagementPlans() {","Referenced by non-archive controller(s)."
"cs","DBConnection.cs","AddAuditEngagementPlan","public","Confirmed Active","Planning / Shared Core","Create or advance Planning / Shared Core workflow data","ApiCallsController.cs","","pkg_pg.P_AddAuditEngagementPlan; pkg_pg.P_AddAuditteamtasklist","","T_AU_ACTIVITY_LOG; T_AU_AUDIT_TEAM_TASKLIST; T_AU_AUDIT_TEAMS; T_AU_PLAN_ENG; T_AU_PLAN_ENG_LOG; T_AU_REMARKS; T_AU_TEAM_MEMBERS; T_AUDITEE_ENTITIES","T_AU_ACTIVITY_LOG; T_AU_AUDIT_TEAM_TASKLIST; T_AU_AUDIT_TEAMS; T_AU_PLAN; T_AU_PLAN_ENG; T_AU_PLAN_ENG_LOG","PERIODID:Int32; ENTITYID:Int32; AUDIT_STARTDATE:Date; CREATEDBY:Int32; AUDIT_ENDDATE:Date; STATUS:Varchar2; TEAMID:Int32; TEAM_NAME:Varchar2; PLANID:Int32; OP_STARTDATE:Date; OP_ENDDATE:Date; TRAVELDAY:Int32; RRDAY:Int32; D_Day:Int32; ENT_ID:Int32; P_NO:Int32; R_ID:Int32; T_CURSOR:RefCursor","T_CURSOR:RefCursor:Output","REMARKS; REF","public AuditEngagementPlanModel AddAuditEngagementPlan(AuditEngagementPlanModel ePlan) {","Referenced by non-archive controller(s)."
"cs","DBConnection.cs","RefferedBackAuditEngagementPlan","public","Confirmed Active","Planning / Shared Core","Change state within Planning / Shared Core workflow","ApiCallsController.cs","","pkg_pg.P_RefferedBackAuditEngagementPlan","","T_AU_ACTIVITY_LOG; T_AU_PLAN_ENG; T_AU_PLAN_ENG_LOG","T_AU_ACTIVITY_LOG; T_AU_PLAN; T_AU_PLAN_ENG; T_AU_PLAN_ENG_LOG","ENGID:Int32; REMARKS:Varchar2; ENT_ID:Int32; P_NO:Int32; R_ID:Int32","","","public bool RefferedBackAuditEngagementPlan(int ENG_ID, string REMARKS) {","Referenced by non-archive controller(s)."
"cs","DBConnection.cs","RerecommendAuditEngagementPlan","public","Confirmed Active","Planning / Shared Core","Support Planning / Shared Core workflow","ApiCallsController.cs","","pkg_pg.P_RerecommendAuditEngagementPlan","","T_AU_ACTIVITY_LOG; T_AU_AUDIT_TEAM_TASKLIST; T_AU_AUDIT_TEAMS; T_AU_PLAN_ENG; T_AU_PLAN_ENG_LOG; T_AU_REMARKS; T_AU_TEAM_MEMBERS; T_AUDITEE_ENTITIES","T_AU_ACTIVITY_LOG; T_AU_AUDIT_TEAM_TASKLIST; T_AU_AUDIT_TEAMS; T_AU_PLAN; T_AU_PLAN_ENG; T_AU_PLAN_ENG_LOG","ENGID:Int32; ENTITYID:Int32; STARTDATE:Date; ENDDATE:Date; TEAMID:Int32; PLANID:Int32; OP_STARTDATE:Date; OP_ENDDATE:Date; REMARKS:Varchar2; ENT_ID:Int32; P_NO:Int32; R_ID:Int32; T_CURSOR:RefCursor","T_CURSOR:RefCursor:Output","REMARK","public string RerecommendAuditEngagementPlan(int ENG_ID, int PLAN_ID, int ENTITY_ID, DateTime OP_START_DATE, DateTime OP_END_DATE, DateTime START_DATE, DateTime END_DATE, int TEAM_ID, string COMMENTS) {","Referenced by non-archive controller(s)."
"cs","DBConnection.cs","ApproveAuditEngagementPlan","public","Confirmed Active","Planning / Shared Core","Change state within Planning / Shared Core workflow","ApiCallsController.cs","","pkg_pg.P_ApproveAuditEngagementPlan","","T_AU_ACTIVITY_LOG; T_AU_PLAN_ENG; T_AU_PLAN_ENG_LOG","T_AU_ACTIVITY_LOG; T_AU_AUDIT_TEAM_TASKLIST; T_AU_AUDIT_TEAMS; T_AU_PLAN; T_AU_PLAN_ENG; T_AU_PLAN_ENG_LOG","ENGID:Int32; ENT_ID:Int32; P_NO:Int32; R_ID:Int32","","","public bool ApproveAuditEngagementPlan(int ENG_ID) {","Referenced by non-archive controller(s)."
"cs","DBConnection.cs","GetAuditPlan","public","Confirmed Active","Planning / Shared Core","Read/list workflow data for Planning / Shared Core","PlanningController.cs","","","","","","AUDITED_BY:Int32; T_CURSOR:RefCursor","T_CURSOR:RefCursor:Output","PLAN_ID; AUDITPERIOD_ID; NO_OF_DAYS_AUDIT; AUDITZONE_ID; BRANCH_ID; DIVISION_ID; DEPARTMENT_ID; PLAN_STATUS_ID; BRANCH_SIZE_ID; RISK_LEVEL_ID; SUB_ENTITY_ID; DEPARTMENT_NAME; BRANCH_NAME; DIVISION_NAME; AUDITZONE_NAME","public List<AuditPlanModel> GetAuditPlan(int period_id = 0) {","Referenced by non-archive controller(s)."
"cs","DBConnection.cs","GetRiskProcessDefinition","public","Confirmed Active","Planning / Shared Core","Read/list workflow data for Planning / Shared Core","DashboardController.cs; ExecutionController.cs; IAMSController.cs; ManagementAuditController.cs; ReportsController.cs; SetupController.cs","ArchiveController.cs","pkg_lg.P_GetRiskProcessDefinition","","T_AUDIT_CHECKLIST","","T_CURSOR:RefCursor","T_CURSOR:RefCursor:Output","T_ID; ENTITY_TYPE; HEADING","public List<RiskProcessDefinition> GetRiskProcessDefinition() {","Referenced by non-archive controller(s)."
"cs","DBConnection.cs","GetAuditFrequencies","public","Confirmed Active","Planning / Shared Core","Read/list workflow data for Planning / Shared Core","EngagementController.cs; PlanningController.cs","","pkg_pg.p_GetAuditFrequencies","","T_AUDIT_FREQUENCY","","T_CURSOR:RefCursor","T_CURSOR:RefCursor:Output","ID; FREQUENCY_ID; FREQUENCY_DISCRIPTION; STATUS","public List<AuditFrequencyModel> GetAuditFrequencies() {","Referenced by non-archive controller(s)."
"cs","DBConnection.cs","GetGlheadDetails","public","Likely Active","Planning / Shared Core","Read/list workflow data for Planning / Shared Core","","ArchiveController.cs","pkg_ai.p_getglheadsummary","","","","ENG_ID:Int32; PPNumber:Int32; T_CURSOR:RefCursor","T_CURSOR:RefCursor:Output","BRANCHID; GL_TYPEID; DESCRIPTION; GLSUBCODE; GLSUBNAME; DATETIME; BALANCE; DEBIT; CREDIT","public List<GlHeadDetailsModel> GetGlheadDetails(int engId = 0, int gl_code = 0) {","No external call found, but referenced inside DBConnection and belongs to non-archive module."
"cs","DBConnection.cs","GetGlheadSubDetails","public","Confirmed Active","Planning / Shared Core","Read/list workflow data for Planning / Shared Core","ApiCallsController.cs","","pkg_ai.p_getglheadsum","","","","PPNumber:Int32; gltypeid:Int32; T_CURSOR:RefCursor","T_CURSOR:RefCursor:Output","GLSUBCODE; BRANCHID; GLSUBNAME; DESCRIPTION; DATETIME; BALANCE; DEBIT; CREDIT","public GlHeadSubDetailsModel GetGlheadSubDetails(int gltypeid = 0) {","Referenced by non-archive controller(s)."
"cs","DBConnection.cs","GetLoanCaseDetails","public","Confirmed Active","Planning / Shared Core","Read/list workflow data for Planning / Shared Core","ApiCallsController.cs","","pkg_ai.P_GetLoanCaseDetails","","","","ENG_ID:Int32; PPNumber:Int32; loantype:Varchar2; T_CURSOR:RefCursor","T_CURSOR:RefCursor:Output","BRANCHID; CNIC; LOAN_CASE_NO; CUSTOMERNAME; FATHERNAME; DISBURSED_AMOUNT; PRIN; MARKUP; GLSUBCODE; LOAN_DISB_ID; DISB_DATE; DISB_STATUSID","public List<LoanCaseModel> GetLoanCaseDetails(int lid = 0, string type = """", int ENG_ID = 0) {","Referenced by non-archive controller(s)."
"cs","DBConnection.cs","GetLoanCaseDocuments","public","Confirmed Active","Planning / Shared Core","Read/list workflow data for Planning / Shared Core","ApiCallsController.cs","","pkg_ais.P_GetLoanCaseDocuments","","","","ENG_ID:Int32; PPNumber:Int32; T_CURSOR:RefCursor","T_CURSOR:RefCursor:Output","TEAM_MEM_PPNO; BRANCHCODE; LOAN_APP_ID; CNIC; LOAN_CASE_NO; GLSUBCODE; CUSTOMERNAME; LOAN_DISB_ID; DOCUMENTS; IMAGES","public List<LoanCasedocModel> GetLoanCaseDocuments(int ENG_ID) {","Referenced by non-archive controller(s)."
"cs","DBConnection.cs","GetIncomeExpenceDetails","public","Confirmed Active","Planning / Shared Core","Read/list workflow data for Planning / Shared Core","ApiCallsController.cs","","pkg_ai.P_GetIncomeExpenceDetails","","","","ENG_ID:Int32; PPNumber:Int32; T_CURSOR:RefCursor","T_CURSOR:RefCursor:Output","TEAM_MEM_PPNO; NAME; GLSUBNAME; GLSUBCODE; DESCRIPTION; DAY_END_BALANCE_DATE; BALANCE; DEBIT; CREDIT","public List<GlHeadDetailsModel> GetIncomeExpenceDetails(int bid = 0, int ENG_ID = 0) {","Referenced by non-archive controller(s)."
"cs","DBConnection.cs","GetDepositAccountSubdetails","public","Confirmed Active","Planning / Shared Core","Read/list workflow data for Planning / Shared Core","ApiCallsController.cs","","pkg_ai.P_GetDepositAccountSubdetails","","","","PPNumber:Int32; T_CURSOR:RefCursor","T_CURSOR:RefCursor:Output","BRANCH_NAME; ACC_NUMBER; ACCOUNTCATEGORY; CUSTOMERNAME; BMVS_VERIFIED; OPENINGDATE; CNIC; TITLE; ACCOCUNTSTATUS; LASTTRANSACTIONDATE; CNICEXPIRYDATE","public List<DepositAccountModel> GetDepositAccountSubdetails(string bname = """") {","Referenced by non-archive controller(s)."
"cs","DBConnection.cs","GetBranchDesbursementAccountdetails","public","Confirmed Active","Planning / Shared Core","Read/list workflow data for Planning / Shared Core","ApiCallsController.cs","","pkg_ai.P_GetBranchDesbursementAccountdetails","","","","PPNumber:Int32; T_CURSOR:RefCursor","T_CURSOR:RefCursor:Output","BRANCHID; CNIC; LOAN_CASE_NO; CUSTOMERNAME; FATHERNAME; DISBURSED_AMOUNT; PRIN; MARKUP; GLSUBCODE; LOAN_DISB_ID; DISB_DATE; DISB_STATUSID","public List<LoanCaseModel> GetBranchDesbursementAccountdetails(int bid = 0) {","Referenced by non-archive controller(s)."
"cs","DBConnection.cs","GetLoggedInUserEngId","public","Likely Active","Planning / Shared Core","Read/list workflow data for Planning / Shared Core","","","pkg_lg.P_GetLoggedInUserEngId","","T_AU_AUDIT_JOINING","","PPNumber:Int32; T_CURSOR:RefCursor","T_CURSOR:RefCursor:Output","eng_plan_id","public int GetLoggedInUserEngId() {","No external call found, but referenced inside DBConnection and belongs to non-archive module."
"cs","DBConnection.cs","GetRiskDescByID","public","Likely Active","Planning / Shared Core","Read/list workflow data for Planning / Shared Core","","","pkg_ais.P_GetRiskDescByID","","T_RISK","","risk_id:Int32; T_CURSOR:RefCursor","T_CURSOR:RefCursor:Output","DESCRIPTION","public string GetRiskDescByID(int risk_id = 0) {","No external call found, but referenced inside DBConnection and belongs to non-archive module."
"cs","DBConnection.cs","GetLatestCommentsOnEngagement","public","Likely Active","Planning / Shared Core","Read/list workflow data for Planning / Shared Core","","","pkg_pg.P_GetLatestCommentsOnEngagement","","T_AU_PLAN_ENG_LOG","","ENGID:Int32; T_CURSOR:RefCursor","T_CURSOR:RefCursor:Output","remarks","public string GetLatestCommentsOnEngagement(int engId = 0) {","No external call found, but referenced inside DBConnection and belongs to non-archive module."
"cs","DBConnection.cs","GetExpectedCountOfAuditEntitiesOnCriteria","public","Confirmed Active","Planning / Shared Core","Read/list workflow data for Planning / Shared Core","ApiCallsController.cs","","pkg_pg.P_get_Criteria_ent_count","","T_AU_PERIOD; T_AUDIT_CRITERIA; T_AUDIT_FREQUENCY; T_AUDITEE_ENTITIES","T_AUDIT_CRITERIA","CID:Int32; T_CURSOR:RefCursor","T_CURSOR:RefCursor:Output","NO_OF_ENTITY","public int GetExpectedCountOfAuditEntitiesOnCriteria(int CRITERIA_ID) {","Referenced by non-archive controller(s)."
"cs","DBConnection.cs","DeletePendingCriteria","public","Confirmed Active","Planning / Shared Core","Change state within Planning / Shared Core workflow","ApiCallsController.cs","","pkg_pg.P_DeletePendingCriteria","","T_AU_ACTIVITY_LOG; T_AUDIT_CRITERIA; T_AUDIT_CRITERIA_LOG","T_AU_ACTIVITY_LOG; T_AUDIT_CRITERIA; T_AUDIT_CRITERIA_LOG","ENT_ID:Int32; P_NO:Int32; R_ID:Int32; CID:Int32","","","public bool DeletePendingCriteria(int CID = 0) {","Referenced by non-archive controller(s)."
"cs","DBConnection.cs","SubmitAuditCriteriaForApproval","public","Confirmed Active","Planning / Shared Core","Create or advance Planning / Shared Core workflow data","ApiCallsController.cs","","pkg_pg.P_SubmitAuditCriteriaForApproval; pkg_ais_email.P_ADDAUDITCRITERIA","","T_AU_ACTIVITY_LOG","T_AU_ACTIVITY_LOG; T_AUDIT_CRITERIA","ENT_ID:Int32; P_NO:Int32; R_ID:Int32; CID:Int32; ENTITYID:Int32; T_CURSOR:RefCursor","T_CURSOR:RefCursor:Output","email_to; email_cc; subject; email_body","public bool SubmitAuditCriteriaForApproval(int PERIOD_ID) {","Referenced by non-archive controller(s)."
"cs","DBConnection.cs","GetCOSORiskForDepartment","public","Confirmed Active","Planning / Shared Core","Read/list workflow data for Planning / Shared Core","ApiCallsController.cs","","pkg_ais.P_GetCOSORiskForDepartment","","T_AU_PERIOD; T_AUDITEE_ENTITIES; T_COSO_RATING_DEPARTMENT_FINAL; T_COSO_RATING_DEPARTMENT_INHERITED_RISK","","PERIOD_ID:Int32; UserEntityID:Int32; T_CURSOR:RefCursor","T_CURSOR:RefCursor:Output","AUDIT_PERIOD; DEPT_NAME; RATING_FACTORS; WEIGHT_ASSIGNED; SUB_FACTORS; MAX_SCORE; FINAL_SCORE; NO_OF_OBSERVATIONS; WEIGHTED_AVERAGE_SCORE; AUDIT_RATING; FINAL_AUDIT_RATING; STATUS","public List<COSORiskModel> GetCOSORiskForDepartment(int PERIOD_ID = 0) {","Referenced by non-archive controller(s)."
"cs","DBConnection.cs","CAUOMAssignment","public","Confirmed Active","Planning / Shared Core","Support Planning / Shared Core workflow","ApiCallsController.cs","","PKG_CM.P_CAU_OM; PKG_CM.P_CAU_OM_REPLY","","T_CAU_OM","T_CAU_OM; T_CAU_OM_RESPONSE","OM_NO:Varchar2; ENCODED_MSG:Clob; DIV_ID:Int32; key_id:Varchar2; ppno:Int32; insp_year:Int32; T_CURSOR:RefCursor; OM_ID:Int32; EVIDANCE:Clob","T_CURSOR:RefCursor:Output","OM_ID; REF_OUT","public CAUOMAssignmentResponseModel CAUOMAssignment(CAUOMAssignmentModel om) {","Referenced by non-archive controller(s)."
"cs","DBConnection.cs","CAUOMAssignmentAIR","public","Confirmed Active","Planning / Shared Core","Support Planning / Shared Core workflow","ApiCallsController.cs","","PKG_CM.P_CAU_AIR; PKG_CM.P_CAU_AIR_REPLY","","DUAL; T_CAU_AIR; T_CAU_AIR_RESPONSE","T_CAU_AIR; T_CAU_AIR_RESPONSE","OM_ID:Int32; PARA_NO:Varchar2; ENCODED_MSG:Clob; STAGE:Int32; STATUS:Int32; key_id:Varchar2; ppno:Int32; T_CURSOR:RefCursor; AIRID:Int32; PARA_ID:Varchar2; EVIDANCE:Clob; DIV_ID:Int32","T_CURSOR:RefCursor:Output","AIRID; REF_OUT","public CAUOMAssignmentResponseModel CAUOMAssignmentAIR(CAUOMAssignmentAIRModel om) {","Referenced by non-archive controller(s)."
"cs","DBConnection.cs","CAUOMAssignmentPDP","public","Confirmed Active","Planning / Shared Core","Support Planning / Shared Core workflow","ApiCallsController.cs","","PKG_CM.T_CAU_PDP","","T_CAU_DAC_RECOMMENDATION","T_CAU_DAC_RECOMMENDATION","DAC_DATES:Date; Para_id:Varchar2; DAC_Recommendation:Clob; Report_frequency:Varchar2; ppno:Int32; T_CURSOR:RefCursor","T_CURSOR:RefCursor:Output","REF_OUT","public CAUOMAssignmentResponseModel CAUOMAssignmentPDP(CAUOMAssignmentPDPModel om) {","Referenced by non-archive controller(s)."
"cs","DBConnection.cs","CAUOMAssignmentARPSE","public","Confirmed Active","Planning / Shared Core","Support Planning / Shared Core workflow","ApiCallsController.cs","","PKG_CM.T_CAU_ARPSE","","T_CAU_PAC_DIRECTIVES","T_CAU_PAC_DIRECTIVES","PAC_DATES:Date; Para_id:Varchar2; PAC_DIRECTIVE:Clob; ppno:Int32; STATUS:Varchar2; aprse_year:Int32; T_CURSOR:RefCursor","T_CURSOR:RefCursor:Output","REF_OUT","public CAUOMAssignmentResponseModel CAUOMAssignmentARPSE(CAUOMAssignmentARPSEModel om) {","Referenced by non-archive controller(s)."
"cs","DBConnection.cs","CAUGetPreAddedOM","public","Confirmed Active","Planning / Shared Core","Support Planning / Shared Core workflow","ApiCallsController.cs","","PKG_CM.P_CAU_OM_Get","","T_CAU_OM","","OMNO:Varchar2; insp_year:Varchar2; T_CURSOR:RefCursor","T_CURSOR:RefCursor:Output","ID; DIV_ID; CONTENTS_OF_OM","public CAUOMAssignmentModel CAUGetPreAddedOM(string OM_NO, string INS_YEAR) {","Referenced by non-archive controller(s)."
"cs","DBConnection.cs","CAUGetAssignedOMs","public","Confirmed Active","Planning / Shared Core","Support Planning / Shared Core workflow","ApiCallsController.cs","","pkg_cm.P_CAUGetAssignedOMs","","T_CAU_OM; T_CAU_STATUS","","UserEntityID:Int32; T_CURSOR:RefCursor","T_CURSOR:RefCursor:Output","ID; DIV_ID; STATUS; OM_NO; DISCRIPTION; CONTENTS_OF_OM","public List<CAUOMAssignmentModel> CAUGetAssignedOMs() {","Referenced by non-archive controller(s)."
"cs","DBConnection.cs","GetCCQ","public","Confirmed Active","Planning / Shared Core","Read/list workflow data for Planning / Shared Core","ApiCallsController.cs","","pkg_pg.P_GetCCQ","","T_AU_ACTIVITY_LOG; T_AU_CCQ; T_AUDITEE_ENTITIES; T_CONTROL_VIOLATION; T_COSO_RISK","T_AU_ACTIVITY_LOG","ENT_ID:Int32; P_NO:Int32; R_ID:Int32; T_CURSOR:RefCursor","T_CURSOR:RefCursor:Output","ID; ENTITY_ID; ENTITY_NAME; QUESTIONS; CONTROL_VIOLATION_ID; VIOLATION_NAME; RISK_ID; RISK_DEF; STATUS","public List<AuditCCQModel> GetCCQ(int ENTITY_ID = 0) {","Referenced by non-archive controller(s)."
"cs","DBConnection.cs","UpdateCCQ","public","Confirmed Active","Planning / Shared Core","Change state within Planning / Shared Core workflow","ApiCallsController.cs","","pkg_pg.P_UpdateCCQ","","T_AU_ACTIVITY_LOG; T_RISK","T_AU_ACTIVITY_LOG; T_AU_CCQ","CID:Int32; QUESTIONS:Varchar2; CONTROL_VIOLATION_ID:Int32; RISK_ID:Int32; STATUS:Varchar2; ENT_ID:Int32; P_NO:Int32; R_ID:Int32","","","public bool UpdateCCQ(AuditCCQModel ccq) {","Referenced by non-archive controller(s)."
"cs","DBConnection.cs","AuditeeOldParaResponse","public","Confirmed Active","Planning / Shared Core","Support Planning / Shared Core workflow","ApiCallsController.cs","","pkg_ais.P_AuditeeOldParaResponse","","","","OBSID:Int32; REPLY:Clob; PPNO:Int32","","","public bool AuditeeOldParaResponse(AuditeeOldParasResponseModel ob) {","Referenced by non-archive controller(s)."
"cs","DBConnection.cs","GetOutstandingParas","public","Confirmed Active","Planning / Shared Core","Read/list workflow data for Planning / Shared Core","ApiCallsController.cs","","","","","","","","","public List<AuditeeOldParasModel> GetOutstandingParas(string ENTITY_ID) {","Referenced by non-archive controller(s)."
"cs","DBConnection.cs","GetOldParasAuditYear","public","Confirmed Active","Planning / Shared Core","Read/list workflow data for Planning / Shared Core","IAMSController.cs","","pkg_ais.P_GetOldParasAuditYear","","T_AU_OLD_PARAS_FAD","","T_CURSOR:RefCursor","T_CURSOR:RefCursor:Output","AUDIT_PERIOD","public List<OldParasModel> GetOldParasAuditYear() {","Referenced by non-archive controller(s)."
"cs","DBConnection.cs","GetUserWiseOldParasPerformance","public","Confirmed Active","Planning / Shared Core","Read/list workflow data for Planning / Shared Core","ReportsController.cs","","pkg_ais.P_GetUserWiseOldParasPerformance","","V_REPORT_AZ_EMP_PROGRESS; V_REPORT_AZ_PROGRESS","","UserEntityID:Int32; T_CURSOR:RefCursor","T_CURSOR:RefCursor:Output","AUDIT_ZONEID; ZONENAME; PARA_ENTERED; PPNO","public List<UserWiseOldParasPerformanceModel> GetUserWiseOldParasPerformance() {","Referenced by non-archive controller(s)."
"cs","DBConnection.cs","GetStaffPosition","public","Likely Active","Planning / Shared Core","Read/list workflow data for Planning / Shared Core","","ArchiveController.cs","pkg_ai.P_GetStaffPosition","","","","PPNumber:Int32; T_CURSOR:RefCursor","T_CURSOR:RefCursor:Output","PPNO; EMPLOYEE_NAME; QUALIFICATION; DATE_OF_POSTING; DESIGNATION; RANK_DESC; PLACE_OF_POSTING","public List<StaffPositionModel> GetStaffPosition() {","No external call found, but referenced inside DBConnection and belongs to non-archive module."
"cs","DBConnection.cs","AddDivisionalHeadRemarksOnFunctionalLegacyPara","public","Confirmed Active","Planning / Shared Core","Create or advance Planning / Shared Core workflow data","ApiCallsController.cs","","pkg_ais.P_AddDivisionalHeadRemarksOnFunctionalLegacyPara","","T_AU_OLD_FUNCTIONAL_PARA_DIVISION_HEAD_REMARKS; T_AU_OLD_PARAS_FAD","T_AU_OLD_FUNCTIONAL_PARA_DIVISION_HEAD_REMARKS","CONCERNED_DEPTID:Int32; COMMENTS:Varchar2; REF_PARAID:Int32; PPNumber:Int32","","","public bool AddDivisionalHeadRemarksOnFunctionalLegacyPara(int CONCERNED_DEPT_ID = 0, string COMMENTS = """", int REF_PARA_ID = 0) {","Referenced by non-archive controller(s)."
"cs","DBConnection.cs","CreateAuditReport","public","Confirmed Active","Planning / Shared Core","Create or advance Planning / Shared Core workflow data","ApiCallsController.cs","","","","","","","","","public string CreateAuditReport(int ENG_ID) {","Referenced by non-archive controller(s)."
"cs","DBConnection.cs","GetGlheadDetailsyearwise","public","Confirmed Active","Planning / Shared Core","Read/list workflow data for Planning / Shared Core","ReportsController.cs","","pkg_ai.p_getglheadsummary_Yearly","","T_AU_AUDIT_JOINING; T_AU_AUDIT_TEAM_TASKLIST; T_AU_PLAN_ENG; T_AU_PREINFO_GL_TYPE; T_AU_PREINFO_GLDAYENDBALANCE; T_AUDITEE_ENTITIES","","ENGID:Int32; T_CURSOR:RefCursor","T_CURSOR:RefCursor:Output","GLSUBCODE; BRANCHID; GLSUBNAME; BALANCE_2021; DEBIT_2021; CREDIT_2021; BALANCE_2022; DEBIT_2022; CREDIT_2022; COL1; COL2; COL3; LAST_CREDIT; LAST_DEBIT; LAST_BALANCE; CURRENT_CREDIT; CURRENT_DEBIT; CURRENT_BALANCE","public List<Glheadsummaryyearlymodel> GetGlheadDetailsyearwise(int engId = 0, int gl_code = 0) {","Referenced by non-archive controller(s)."
"cs","DBConnection.cs","GetDepositCat","public","Likely Active","Planning / Shared Core","Read/list workflow data for Planning / Shared Core","","ArchiveController.cs","pkg_AI.P_GetDepositACCOUNTCATEGORY","","","","PPNumber:Int32; T_CURSOR:RefCursor","T_CURSOR:RefCursor:Output","BRANCH_NAME; ACCOUNTCATEGORY; ACCOUNTCATEGORYID; ACCOCUNTSTATUS; AMOUNT","public List<DepositAccountCatModel> GetDepositCat() {","No external call found, but referenced inside DBConnection and belongs to non-archive module."
"cs","DBConnection.cs","GetDepositAccountcatdetails","public","Confirmed Active","Planning / Shared Core","Read/list workflow data for Planning / Shared Core","ApiCallsController.cs","","pkg_AIS.P_GetDepositACCOUNTCATEGORY_details","","","","PPNumber:Int32; catid:Int32; T_CURSOR:RefCursor","T_CURSOR:RefCursor:Output","BRANCH_NAME; ACC_NUMBER; ACCOUNTCATEGORY; CUSTOMERNAME; BMVS_VERIFIED; OPENINGDATE; CNIC; TITLE; ACCOCUNTSTATUS; LASTTRANSACTIONDATE; CNICEXPIRYDATE","public List<DepositAccountCatDetailsModel> GetDepositAccountcatdetails(int catid = 0) {","Referenced by non-archive controller(s)."
"cs","DBConnection.cs","GetLoansScheme","public","Likely Active","Planning / Shared Core","Read/list workflow data for Planning / Shared Core","","ArchiveController.cs","pkg_ai.P_preauditinfo_loan_scheme","","","","ENG_ID:Int32; PPNumber:Int32; T_CURSOR:RefCursor","T_CURSOR:RefCursor:Output","ENTITY_ID; DISB_STATUSID; GLSUBCODE; GLSUBNAME; DISBURSED_AMOUNT; PRIN_OUT; MARKUP_OUT","public List<LoanSchemeModel> GetLoansScheme(int engId) {","No external call found, but referenced inside DBConnection and belongs to non-archive module."
"cs","DBConnection.cs","GetLoansSchemeYearly","public","Likely Active","Planning / Shared Core","Read/list workflow data for Planning / Shared Core","","ArchiveController.cs","pkg_ai.P_preauditinfo_loan_scheme_yearly","","","","ENG_ID:Int32; PPNumber:Int32; T_CURSOR:RefCursor","T_CURSOR:RefCursor:Output","ENTITY_ID; DISB_STATUSID; GLSUBCODE; GLSUBNAME; DISBURSED_AMOUNT_2021; PRIN_OUT_2021; MARKUP_OUT_2021; DISBURSED_AMOUNT_2022; PRIN_OUT_2022; MARKUP_OUT_2022","public List<LoanSchemeYearlyModel> GetLoansSchemeYearly(int engId) {","No external call found, but referenced inside DBConnection and belongs to non-archive module."
"cs","DBConnection.cs","GetDraftReportSummary","public","Confirmed Active","Planning / Shared Core","Read/list workflow data for Planning / Shared Core","ApiCallsController.cs","","","","","","","","","public DraftReportSummaryModel GetDraftReportSummary(int ENG_ID = 0, int OBS_ID = 0) {","Referenced by non-archive controller(s)."
"cs","DBConnection.cs","GetSaveSpecialAuditPlan","public","Confirmed Active","Planning / Shared Core","Read/list workflow data for Planning / Shared Core","ApiCallsController.cs","","pkg_pg.P_GET_Specical_Audit_for_Approval","","T_AU_OLD_AUDIT_NATURE; T_AU_PERIOD; T_AU_PRE_PLAN; T_AUDIT_FREQUENCY; T_AUDITEE_ENT_TYPES; T_AUDITEE_ENTITIES; T_AUDITEE_ENTITIES_MAPING","","ENT_ID:Int32; P_NO:Int32; R_ID:Int32; T_CURSOR:RefCursor","T_CURSOR:RefCursor:Output","reporting; reporting_id; auditee; auditee_id; auditor; auditor_id; P_ID; period; period_id; no_of_days; nature; nature_id; visit","public List<SpecialAuditPlanModel> GetSaveSpecialAuditPlan() {","Referenced by non-archive controller(s)."
"cs","DBConnection.cs","AddSpecialAuditPlan","public","Confirmed Active","Planning / Shared Core","Create or advance Planning / Shared Core workflow data","ApiCallsController.cs","","pkg_pg.P_ADD_Special_Audit_Plan","","DUAL; T_AU_PRE_PLAN; T_AUDITEE_ENTITIES","T_AU_PRE_PLAN","P_ID:Int32; NOOFDAYS:Int32; Nature:Int32; AUDITPERIODID:Int32; ENTITYID:Int32; IND:Varchar2; P_NO:Int32; ENT_ID:Int32; R_ID:Int32; T_CURSOR:RefCursor","T_CURSOR:RefCursor:Output","","public string AddSpecialAuditPlan(string NATURE, string PERIOD, string ENTITY_ID, string NO_DAYS, string PLAN_ID, string INDICATOR) {","Referenced by non-archive controller(s)."
"cs","DBConnection.cs","DeleteSpecialAuditPlan","public","Confirmed Active","Planning / Shared Core","Change state within Planning / Shared Core workflow","ApiCallsController.cs","","pkg_pg.P_Update_Special_Audit","","DUAL; T_AU_PERIOD; T_AU_PRE_PLAN; T_AUDITEE_ENTITIES; T_AUDITEE_ENTITIES_MAPING","T_AU_PLAN; T_AU_PRE_PLAN","P_ID:Int32; IND:Varchar2; ENT_ID:Int32; P_NO:Int32; R_ID:Int32; T_CURSOR:RefCursor","T_CURSOR:RefCursor:Output","","public string DeleteSpecialAuditPlan(string PLAN_ID, string INDICATOR) {","Referenced by non-archive controller(s)."
"cs","DBConnection.cs","SubmitSpecialAuditPlan","public","Confirmed Active","Planning / Shared Core","Create or advance Planning / Shared Core workflow data","ApiCallsController.cs","","pkg_pg.P_Update_Special_Audit","","DUAL; T_AU_PERIOD; T_AU_PRE_PLAN; T_AUDITEE_ENTITIES; T_AUDITEE_ENTITIES_MAPING","T_AU_PLAN; T_AU_PRE_PLAN","P_ID:Int32; IND:Varchar2; ENT_ID:Int32; P_NO:Int32; R_ID:Int32; T_CURSOR:RefCursor","T_CURSOR:RefCursor:Output","","public string SubmitSpecialAuditPlan(string PLAN_ID, string INDICATOR) {","Referenced by non-archive controller(s)."
"cs","DBConnection.cs","AddResponsiblePersonsToObservation","public","Confirmed Active","Planning / Shared Core","Create or advance Planning / Shared Core workflow data","ApiCallsController.cs","","","","","","","","","public string AddResponsiblePersonsToObservation(int NEW_PARA_ID, int eng_id, int com_id, string INDICATOR, ObservationResponsiblePPNOModel RESPONSIBLE, int paraStatus) {","Referenced by non-archive controller(s)."
"cs","DBConnection.cs","DeleteResponsibilityFromObservation","public","Confirmed Active","Planning / Shared Core","Change state within Planning / Shared Core workflow","ApiCallsController.cs","","pkg_ar.P_Delete_responsibility","","DUAL; T_AU_OBSERVATION; T_AU_OBSERVATION_RESPONIBILITY_ASSIGNED","T_AU_OBSERVATION_RESPONIBILITY_ASSIGNED","PARA_ID:Int32; E_ID:Int32; PPNO:Int32; L_CASE:Int32; NO_ACCOUNT:Int32; ENT_ID:Int32; P_NO:Int32; R_ID:Int32; T_CURSOR:RefCursor","T_CURSOR:RefCursor:Output","remarks","public string DeleteResponsibilityFromObservation(int paraId, int eng_id, ObservationResponsiblePPNOModel responsible) {","Referenced by non-archive controller(s)."
"DB","DBConnection.DB.cs","GetFunctionalListForDashboard","public","Likely Active","Reporting / Dashboards","Read/list workflow data for Reporting / Dashboards","","ArchiveController.cs","pkg_db.P_GET_Dash_table_functionwise_names","","T_AU_ACTIVITY_LOG; T_AUDIT_CHECKLIST; T_AUDIT_CHECKLIST_DETAILS; T_AUDIT_CHECKLIST_SUB; T_AUDITEE_ENTITIES; V_REPORT_DASHBORAD_DETAIL","T_AU_ACTIVITY_LOG","ENT_ID:Int32; P_NO:Int32; R_ID:Int32; T_CURSOR:RefCursor","T_CURSOR:RefCursor:Output","entity_id; Functional_owner","public List<RiskProcessDefinition> GetFunctionalListForDashboard() {","No external call found, but referenced inside DBConnection and belongs to non-archive module."
"DB","DBConnection.DB.cs","GetViolationListForDashboard","public","Confirmed Active","Reporting / Dashboards","Read/list workflow data for Reporting / Dashboards","ApiCallsController.cs","","pkg_db.P_GET_Dash_table_functionwise_names_checklist","","T_AU_ACTIVITY_LOG; T_AUDIT_CHECKLIST; T_AUDIT_CHECKLIST_DETAILS; T_AUDIT_CHECKLIST_SUB; T_AUDITEE_ENTITIES; V_REPORT_DASHBORAD_DETAIL","T_AU_ACTIVITY_LOG","ENT_ID:Int32; P_NO:Int32; R_ID:Int32; E_ID:Int32; T_CURSOR:RefCursor","T_CURSOR:RefCursor:Output","t_id; heading","public List<RiskProcessDefinition> GetViolationListForDashboard(int ENTITY_ID = 0) {","Referenced by non-archive controller(s)."
"DB","DBConnection.DB.cs","GetSubViolationListForDashboard","public","Confirmed Active","Reporting / Dashboards","Read/list workflow data for Reporting / Dashboards","ApiCallsController.cs","","pkg_db.P_GET_Dash_table_functionwise_names_checklist_sub","","T_AU_ACTIVITY_LOG; T_AUDIT_CHECKLIST; T_AUDIT_CHECKLIST_DETAILS; T_AUDIT_CHECKLIST_SUB; T_AUDITEE_ENTITIES; V_REPORT_DASHBORAD_DETAIL","T_AU_ACTIVITY_LOG","UserEntityID:Int32; PROCESSID:Int32; ENT_ID:Int32; P_NO:Int32; R_ID:Int32; T_CURSOR:RefCursor","T_CURSOR:RefCursor:Output","S_ID; HEADING","public List<RiskProcessDefinition> GetSubViolationListForDashboard(int ENTITY_ID = 0, int PROCESS_ID = 0) {","Referenced by non-archive controller(s)."
"DB","DBConnection.DB.cs","GetHOFunctionalListForDashboard","public","Confirmed Active","Reporting / Dashboards","Read/list workflow data for Reporting / Dashboards","ApiCallsController.cs","","pkg_db.P_GET_Dash_table_functionwise_names_ho","","T_AUDITEE_ENTITIES; T_CONTROL_VIOLATION_SUB; T_COSO_RATING_FACTORS; T_RISK; V_GET_DASH_TABLE_FUNCTIONWISE_NAMES_HO","","AUDITEDBY:Int32; ENT_ID:Int32; P_NO:Int32; R_ID:Int32; T_CURSOR:RefCursor","T_CURSOR:RefCursor:Output","entity_id; Functional_owner","public List<RiskProcessDefinition> GetHOFunctionalListForDashboard(int ENTITY_ID = 0) {","Referenced by non-archive controller(s)."
"DB","DBConnection.DB.cs","GetHOViolationListForDashboard","public","Confirmed Active","Reporting / Dashboards","Read/list workflow data for Reporting / Dashboards","ApiCallsController.cs","","pkg_db.P_GET_Dash_table_functionwise_names_checklist_ho","","T_AUDITEE_ENTITIES; T_CONTROL_VIOLATION_SUB; T_COSO_RATING_FACTORS; T_RISK; V_GET_DASH_TABLE_FUNCTIONWISE_NAMES_HO","","UserEntityID:Int32; ENT_ID:Int32; P_NO:Int32; R_ID:Int32; T_CURSOR:RefCursor","T_CURSOR:RefCursor:Output","t_id; heading","public List<RiskProcessDefinition> GetHOViolationListForDashboard(int ENTITY_ID = 0) {","Referenced by non-archive controller(s)."
"DB","DBConnection.DB.cs","GetHOSubViolationListForDashboard","public","Confirmed Active","Reporting / Dashboards","Read/list workflow data for Reporting / Dashboards","ApiCallsController.cs","","pkg_db.P_GET_Dash_table_functionwise_names_checklist_sub_ho","","T_AUDITEE_ENTITIES; T_CONTROL_VIOLATION_SUB; T_COSO_RATING_FACTORS; T_RISK; V_GET_DASH_TABLE_FUNCTIONWISE_NAMES_HO","","UserEntityID:Int32; PROCESSID:Int32; T_CURSOR:RefCursor","T_CURSOR:RefCursor:Output","S_ID; HEADING","public List<RiskProcessDefinition> GetHOSubViolationListForDashboard(int ENTITY_ID = 0, int PROCESS_ID = 0) {","Referenced by non-archive controller(s)."
"DB","DBConnection.DB.cs","GetchildpostingForDashboardPanel","public","Confirmed Active","Reporting / Dashboards","Read/list workflow data for Reporting / Dashboards","ApiCallsController.cs","","pkg_db.P_Getchildposting","","T_AUDITEE_ENT_RELATION","","erid:Int32; T_CURSOR:RefCursor","T_CURSOR:RefCursor:Output","ENTITY_ID; C_NAME","public List<UserRelationshipModel> GetchildpostingForDashboardPanel(int e_r_id = 0) {","Referenced by non-archive controller(s)."
"DB","DBConnection.DB.cs","GetparentrepofficeForDashboardPanel","public","Confirmed Active","Reporting / Dashboards","Read/list workflow data for Reporting / Dashboards","ApiCallsController.cs; ReportsController.cs","","pkg_db.P_Getparentrepoffice","","T_AUDITEE_ENT_RELATION","","rid:Int32; T_CURSOR:RefCursor","T_CURSOR:RefCursor:Output","ENTITY_REALTION_ID; ENTITY_ID; ACTIVE; DESCRIPTION; ENTITYTYPEDESC","public List<UserRelationshipModel> GetparentrepofficeForDashboardPanel(int r_id = 0) {","Referenced by non-archive controller(s)."
"DB","DBConnection.DB.cs","GetrealtionshiptypeForDashboardPanel","public","Confirmed Active","Reporting / Dashboards","Read/list workflow data for Reporting / Dashboards","DashboardController.cs; ReportsController.cs","ArchiveController.cs","pkg_db.P_Getrealtionshiptype","","T_AUDITEE_ENT_RELATION; T_AUDITEE_ENTITIES_MAPING; T_AUDITEE_ENTITIES_MAPING_FUNCTION","","UserRoleid:Int32; ENT_ID:Int32; P_NO:Int32; T_CURSOR:RefCursor","T_CURSOR:RefCursor:Output","ENTITY_REALTION_ID; FIELD_NAME","public List<UserRelationshipModel> GetrealtionshiptypeForDashboardPanel() {","Referenced by non-archive controller(s)."
"DB","DBConnection.DB.cs","GetFunctionalResponsibilityWisePara","public","Confirmed Active","Reporting / Dashboards","Read/list workflow data for Reporting / Dashboards","ApiCallsController.cs","","pkg_db.P_GetFunctionalResponsibilityWisePara","","V_DASH_BORAD_OF_DIVISIONAL_HEAD; V_FUNCTIONAL_RESPONSIBLITY","","ENTITYID:Int32; PROCESSID:Int32; SUB_PROCESSID:Int32; PROCESS_DETAILID:Int32; T_CURSOR:RefCursor","T_CURSOR:RefCursor:Output","PROCESS_ID; PROCESS; SUB_PROCESS_ID; VIOLATION; CHECK_LIST_DETAIL_ID; PERIOD; OBS_ID; ENTITY_NAME; SUB_PROCESS; MEMO_NO; OBS_TEXT; OBS_RISK_ID; OBS_RISK; OBS_STATUS_ID; OBS_STATUS","public List<FunctionalResponsibilityWiseParas> GetFunctionalResponsibilityWisePara(int PROCESS_ID = 0, int SUB_PROCESS_ID = 0, int PROCESS_DETAIL_ID = 0) {","Referenced by non-archive controller(s)."
"DB","DBConnection.DB.cs","GetFunctionalResponsibilityWiseParaForDashboard","public","Confirmed Active","Reporting / Dashboards","Read/list workflow data for Reporting / Dashboards","ApiCallsController.cs","","pkg_db.P_GET_Dash_table_functionwise","","T_AU_OBSERVATION; T_AU_OBSERVATION_TEXT; T_AU_PERIOD; T_AU_PLAN_ENG; T_AUDIT_CHECKLIST_ANNEXURE; T_AUDIT_CHECKLIST_DETAILS; T_AUDITEE_ENTITIES; T_AUDITEE_ENTITIES_MAPING; T_RISK","","ENT_ID:Int32; P_NO:Int32; R_ID:Int32; T_CURSOR:RefCursor","T_CURSOR:RefCursor:Output","d_id; ref_p; pc; p_name; c_name; Annex; chlist; final_para_no; Risk; Gist","public List<FunctionalResponsibilitiesWiseParasModel> GetFunctionalResponsibilityWiseParaForDashboard(int FUNCTIONAL_ENTITY_ID = 0) {","Referenced by non-archive controller(s)."
"DB","DBConnection.DB.cs","GetHOFunctionalResponsibilityWiseParaForDashboard","public","Confirmed Active","Reporting / Dashboards","Read/list workflow data for Reporting / Dashboards","ApiCallsController.cs","","pkg_db.P_GET_Dash_table_functionwise_ho","","T_AUDITEE_ENTITIES; T_CONTROL_VIOLATION_SUB; T_COSO_RATING_FACTORS; T_RISK; V_GET_DASH_TABLE_FUNCTIONWISE_NAMES_HO","","UserEntityID:Int32; PROCESSID:Int32; SUB_PROCESSID:Int32; AUDITEDBY:Int32; T_CURSOR:RefCursor","T_CURSOR:RefCursor:Output","Functional_owner; Total_Paras; Setteled_Para; Unsetteled_Para; Ratio; R1; R2; R3","public List<FADNewOldParaPerformanceModel> GetHOFunctionalResponsibilityWiseParaForDashboard(int PROCESS_ID = 0, int SUB_PROCESS_ID = 0, int PROCESS_DETAIL_ID = 0, int FUNCTIONAL_ENTITY_ID = 0, int DEPT_ID = 0) {","Referenced by non-archive controller(s)."
"DB","DBConnection.DB.cs","GetViolationWiseParaForDashboard","public","Confirmed Active","Reporting / Dashboards","Read/list workflow data for Reporting / Dashboards","ApiCallsController.cs","","pkg_db.P_GET_Dash_table_v_wise","","T_AUDIT_CHECKLIST; T_AUDIT_CHECKLIST_DETAILS; T_AUDIT_CHECKLIST_SUB; T_AUDITEE_ENTITIES; T_AUDITEE_ENTITIES_MAPING; V_REPORT_DASHBORAD_DETAIL","","process_id:Int32; sub_id:Int32; d_id:Int32; T_CURSOR:RefCursor","T_CURSOR:RefCursor:Output","process; Total_Paras; Setteled_Para; Unsetteled_Para; Ratio; R1; R2; R3","public List<FADNewOldParaPerformanceModel> GetViolationWiseParaForDashboard(int PROCESS_ID = 0, int SUB_PROCESS_ID = 0, int PROCESS_DETAIL_ID = 0) {","Referenced by non-archive controller(s)."
"DB","DBConnection.DB.cs","GetRelationLegacyObservationForDashboard","public","Confirmed Active","Reporting / Dashboards","Read/list workflow data for Reporting / Dashboards","ApiCallsController.cs","","pkg_db.P_GET_Dash_table_old","","AIS_T_AU_POST_COMPLIANCE; T_AUDIT_CHECKLIST_ANNEXURE; T_AUDITEE_ENTITIES; T_AUDITEE_ENTITIES_MAPING","","UserEntityID:Int32; T_CURSOR:RefCursor","T_CURSOR:RefCursor:Output","Process; Total_Paras; Setteled_Para; Unsetteled_Para; Ratio; R1; R2; R3","public List<FADNewOldParaPerformanceModel> GetRelationLegacyObservationForDashboard(int USER_ENTITY_ID = 0) {","Referenced by non-archive controller(s)."
"DB","DBConnection.DB.cs","GetRelationAISObservationForDashboard","public","Confirmed Active","Reporting / Dashboards","Read/list workflow data for Reporting / Dashboards","ApiCallsController.cs","","pkg_db.P_GET_Dash_table_new","","AIS_T_AU_POST_COMPLIANCE; T_AUDIT_CHECKLIST_ANNEXURE; T_AUDITEE_ENTITIES; T_AUDITEE_ENTITIES_MAPING","","UserEntityID:Int32; T_CURSOR:RefCursor","T_CURSOR:RefCursor:Output","Process; Total_Paras; Setteled_Para; Unsetteled_Para; Ratio; R1; R2; R3","public List<FADNewOldParaPerformanceModel> GetRelationAISObservationForDashboard(int USER_ENTITY_ID = 0) {","Referenced by non-archive controller(s)."
"DB","DBConnection.DB.cs","GetRelationObservationForDashboard","public","Confirmed Active","Reporting / Dashboards","Read/list workflow data for Reporting / Dashboards","ApiCallsController.cs","","pkg_db.P_GET_Dash_table","","AIS_T_AU_POST_COMPLIANCE; T_AUDIT_CHECKLIST_ANNEXURE; T_AUDITEE_ENTITIES; T_AUDITEE_ENTITIES_MAPING","","UserEntityID:Int32; T_CURSOR:RefCursor","T_CURSOR:RefCursor:Output","Process; Total_Paras; Setteled_Para; Unsetteled_Para; Ratio; R1; R2; R3","public List<FADNewOldParaPerformanceModel> GetRelationObservationForDashboard(int USER_ENTITY_ID = 0) {","Referenced by non-archive controller(s)."
"DB","DBConnection.DB.cs","GetEntitiesRiskBasePlanForDashboard","public","Confirmed Active","Reporting / Dashboards","Read/list workflow data for Reporting / Dashboards","ApiCallsController.cs","","pkg_db.p_get_risk_baseplan","","V_R_RISKBASE_PLANNING","","T_CURSOR:RefCursor","T_CURSOR:RefCursor:Output","name; entitytypedesc; risk; entity_size; no_of_enitites","public List<NoEntitiesRiskBasePlan> GetEntitiesRiskBasePlanForDashboard(int PROCESS_ID = 0, int SUB_PROCESS_ID = 0, int PROCESS_DETAIL_ID = 0) {","Referenced by non-archive controller(s)."
"DB","DBConnection.DB.cs","GetAuditPerformanceForDashboard","public","Confirmed Active","Reporting / Dashboards","Read/list workflow data for Reporting / Dashboards","ApiCallsController.cs","","pkg_db.P_GET_AUDIT_PERFORMANCE","","V_AUDIT_PERFORMANCE","","T_CURSOR:RefCursor","T_CURSOR:RefCursor:Output","title; Total_Paras; Setteled_Para; Unsetteled_Para; Ratio; R1; R2; R3","public List<FADAuditPerformanceModel> GetAuditPerformanceForDashboard() {","Referenced by non-archive controller(s)."
"DB","DBConnection.DB.cs","GetAuditPerformanceChartForDashboard","public","Confirmed Active","Reporting / Dashboards","Read/list workflow data for Reporting / Dashboards","ApiCallsController.cs","","pkg_db.p_get_dashborad_scorecard","","T_DASHBOARD_SCORECARD","","T_CURSOR:RefCursor","T_CURSOR:RefCursor:Output","heading; no_of_ent; tot_ent; remarks; department; pencent","public List<AuditPerformanceChartDashboardModel> GetAuditPerformanceChartForDashboard() {","Referenced by non-archive controller(s)."
"DB","DBConnection.DB.cs","GetRepetativeParaForDashboard","public","Confirmed Active","Reporting / Dashboards","Read/list workflow data for Reporting / Dashboards","ApiCallsController.cs","","pkg_db.p_get_dash_repetitive","","V_R_REPEATED_VOILATIONS","","P_ID:Int32; PS_ID:Int32; D_ID:Int32; UserEntityID:Int32; T_CURSOR:RefCursor","T_CURSOR:RefCursor:Output","PROCESS; SUB_PROCESS; CHECKLIST_DETAILS; YEAR_2023; YEAR_2022; YEAR_2021; YEAR_2020; YEAR_2019; YEAR_2018; YEAR_2017; YEAR_2016; YEAR_2015; YEAR_2014; YEAR_2013; YEAR_2012; YEAR_2011; YEAR_2010","public List<RepetativeParaModel> GetRepetativeParaForDashboard(int P_ID = 0, int SP_ID = 0, int PD_ID = 0) {","Referenced by non-archive controller(s)."
"DB","DBConnection.DB.cs","GetReportingOfficeWiseObservations","public","Confirmed Active","Reporting / Dashboards","Read/list workflow data for Reporting / Dashboards","ApiCallsController.cs","","pkg_db.P_Functional_Reporting_office_WISE_ANALYSIS","","AIS_T_AU_POST_COMPLIANCE; T_AUDIT_CHECKLIST_ANNEXURE; T_AUDITEE_ENTITIES_MAPING","","r_id:Varchar2; ent_id:Varchar2; T_CURSOR:RefCursor","T_CURSOR:RefCursor:Output","parent_id; name; total; old_total; new_total; r1; r2; r3","public List<EntityWiseObservationModel> GetReportingOfficeWiseObservations() {","Referenced by non-archive controller(s)."
"DB","DBConnection.DB.cs","GetEntityWiseObservations","public","Confirmed Active","Reporting / Dashboards","Read/list workflow data for Reporting / Dashboards","ApiCallsController.cs","","pkg_db.P_Functional_ENTITY_WISE_ANALYSIS","","T_AUDITEE_ENTITIES; T_AUDITEE_ENTITIES_MAPING; V_GM_MAPPING; V_P_FUNCTIONAL_ENTITY_WISE_ANALYSIS; V_P_FUNCTIONAL_ENTITY_WISE_ANALYSIS_OPS","","r_id:Varchar2; ent_id:Varchar2; T_CURSOR:RefCursor","T_CURSOR:RefCursor:Output","entity_id; REPORTING_OFFICE; name; total; old_total; new_total; r1; r2; r3","public List<EntityWiseObservationModel> GetEntityWiseObservations() {","Referenced by non-archive controller(s)."
"DB","DBConnection.DB.cs","GetAnnexureWiseObservations","public","Confirmed Active","Reporting / Dashboards","Read/list workflow data for Reporting / Dashboards","ApiCallsController.cs","","pkg_db.P_Functional_ANALYSIS_DETAILS","","AIS_T_AU_POST_COMPLIANCE; P_REF_DATE; PARA_ADDED_ON; T_AUDIT_CHECKLIST_ANNEXURE; T_AUDIT_CHECKLIST_ANNEXURE_MAPPING; T_AUDIT_CHECKLIST_ANNEXURE_PROCESS; T_AUDITEE_ENTITIES_MAPING; VW_AU_POST_COMPLIANCE_FULL","","r_id:Varchar2; ent_id:Varchar2; P_REF_DATE:Date; T_CURSOR:RefCursor","T_CURSOR:RefCursor:Output","id; Heading; Annex; AUDIT_COMMENTS; total; old_total; new_total; r1; r2; r3","public List<AnnexWiseObservationModel> GetAnnexureWiseObservations(string positionDate) {","Referenced by non-archive controller(s)."
"DB","DBConnection.DB.cs","GetEntityWiseObservationDetail","public","Confirmed Active","Reporting / Dashboards","Read/list workflow data for Reporting / Dashboards","ApiCallsController.cs","","pkg_db.P_Functional_ENTITY_WISE_Paras","","T_AUDITEE_ENTITIES_MAPING; T_USER; V_DASH_BORAD_PARA_DEATILS","","R_ID:Varchar2; ENT_ID:Varchar2; P_NO:Varchar2; T_CURSOR:RefCursor","T_CURSOR:RefCursor:Output","entity_id; name; para_category; para_no; ref_p; au_obs_id; audit_period; gist_of_paras; risk; COM_ID","public List<FunctionalAnnexureWiseObservationModel> GetEntityWiseObservationDetail(int ENTITY_ID) {","Referenced by non-archive controller(s)."
"DB","DBConnection.DB.cs","GetFunctionalObservations","public","Confirmed Active","Reporting / Dashboards","Read/list workflow data for Reporting / Dashboards","ApiCallsController.cs","","pkg_db.P_Function_Annexure_Paras","","T_AUDIT_CHECKLIST_ANNEXURE; T_AUDITEE_ENTITIES; V_CIA_ANALYSIS","","a_id:Varchar2; ent_id:Varchar2; r_id:Varchar2; T_CURSOR:RefCursor","T_CURSOR:RefCursor:Output","id; name; para_category; para_no; ref_p; au_obs_id; audit_period","public List<FunctionalAnnexureWiseObservationModel> GetFunctionalObservations(int ANNEX_ID, int ENTITY_ID) {","Referenced by non-archive controller(s)."
"DB","DBConnection.DB.cs","GetFunctionalObservationText","public","Confirmed Active","Reporting / Dashboards","Read/list workflow data for Reporting / Dashboards","ApiCallsController.cs","","pkg_db.P_Function_Annexure_Paras_text","","T_AU_OBSERVATION; T_AU_OBSERVATION_TEXT; T_AU_OLD_PARAS_FAD; T_AU_OLD_PARAS_FAD_TEXT","","p_id:Varchar2; p_c:Varchar2; T_CURSOR:RefCursor","T_CURSOR:RefCursor:Output","para_text","public string GetFunctionalObservationText(int PARA_ID, string PARA_CATEGORY) {","Referenced by non-archive controller(s)."
"DB","DBConnection.DB.cs","GetFunctionalRespDetailPara","public","Confirmed Active","Reporting / Dashboards","Read/list workflow data for Reporting / Dashboards","ApiCallsController.cs","","pkg_db.P_GET_Dash_table_functionwise_PARA","","AIS_T_AU_POST_COMPLIANCE; T_AUDIT_CHECKLIST_ANNEXURE; T_AUDITEE_ENTITIES","","a_id:Varchar2; r_id:Varchar2; ent_id:Varchar2; T_CURSOR:RefCursor","T_CURSOR:RefCursor:Output","id; name; para_category; para_no; audit_period","public List<FunctionalAnnexureWiseObservationModel> GetFunctionalRespDetailPara(int PROCESS_ID) {","Referenced by non-archive controller(s)."
"DB","DBConnection.DB.cs","GetFunctionalRespSummaryPara","public","Confirmed Active","Reporting / Dashboards","Read/list workflow data for Reporting / Dashboards","ApiCallsController.cs","","pkg_db.P_GET_Dash_table_functionwise_PARA_summary","","T_AUDIT_CHECKLIST_ANNEXURE; T_AUDIT_CHECKLIST_DETAILS; T_AUDITEE_ENTITIES; T_AUDITEE_ENTITIES_MAPING; V_CIA_ANALYSIS","","a_id:Varchar2; r_id:Varchar2; ent_id:Varchar2; T_CURSOR:RefCursor","T_CURSOR:RefCursor:Output","p_name; name; para_no; audit_period","public List<FunctionalAnnexureWiseObservationModel> GetFunctionalRespSummaryPara(int PROCESS_ID) {","Referenced by non-archive controller(s)."
"DB","DBConnection.DB.cs","GetComplianceSummary","public","Confirmed Active","Reporting / Dashboards","Read/list workflow data for Reporting / Dashboards","ApiCallsController.cs","","pkg_db.P_compliance_summary","","T_AUDITEE_ENT_TYPES; T_AUDITEE_ENTITIES_MAPING; V_GET_PARA_COMPLIANCE_SUMMARY","","P_NO:Int32; R_ID:Int32; ENT_ID:Int32; ENTITY:Int32; T_CURSOR:RefCursor","T_CURSOR:RefCursor:Output","Region_id; Region; Total_para; Total_Comp; AT_reporting; Under_consideration; settled; Rejected","public List<ComplianceSummaryModel> GetComplianceSummary(int entityID) {","Referenced by non-archive controller(s)."
"FAD","DBConnection.FAD.cs","GetAuditChecklistAnnexureCirculars","public","Likely Active","Compliance / Post Compliance","Read/list workflow data for Compliance / Post Compliance","","","PKG_FAD.P_GetAuditChecklistAnnexureCirculars","","T_AUDIT_CHECKLIST_ANNEXURE_CIRCULAR","","io_cursor:RefCursor","io_cursor:RefCursor:Output","ID; DIVISION_ENT_ID; REFERENCE_TYPE_ID; REFERENCE_TYPE; INSTRUCTIONSDETAILS; KEYWORDS; REDIRECTEDPAGE; DIVISION; INSTRUCTIONSTITLE; INSTRUCTIONSDATE; DOCTYPE","public List<AuditChecklistAnnexureCircularModel> GetAuditChecklistAnnexureCirculars() {","No external call found, but referenced inside DBConnection and belongs to non-archive module."
"FAD","DBConnection.FAD.cs","GetResponsibilityForAuthorize","public","Confirmed Active","Compliance / Post Compliance","Read/list workflow data for Compliance / Post Compliance","ApiCallsController.cs","","pkg_ar.P_Get_responsibility_for_Authorize","","T_AU_OBSERVATION_RESPONSIBILITY_UPDATED; V_SERVICE_EMPLOYEEINFO","","C_ID:Int32; io_cursor:RefCursor","io_cursor:RefCursor:Output","IND; OLD_PARA_ID; NEW_PARA_ID; EMP_NAME; REASONS; ACTION","public List<ObservationResponsiblePPNOModel> GetResponsibilityForAuthorize(int C_ID) {","Referenced by non-archive controller(s)."
"FAD","DBConnection.FAD.cs","GetFadAuditEmployees","public","Confirmed Active","Compliance / Post Compliance","Read/list workflow data for Compliance / Post Compliance","ApiCallsController.cs","","PKG_FAD.P_GetAuditEmployees","","T_AU_TBL_ALLOCATIONS; T_AUDIT_EMP","","P_NO:Int32; R_ID:Int32; ENT_ID:Int32; io_cursor:RefCursor","io_cursor:RefCursor:Output","PPNO; DEPARTMENTCODE; DESIGNATIONCODE; RANKCODE; DEPTARMENT; EMPLOYEEFIRSTNAME; EMPLOYEELASTNAME; CURRENT_RANK; FUN_DESIGNATION; TYPE; TASK_ALLOCATED","public List<AuditEmployeeModel> GetFadAuditEmployees() {","Referenced by non-archive controller(s)."
"FAD","DBConnection.FAD.cs","AddResponsibilityforoldparas","public","Confirmed Active","Compliance / Post Compliance","Create or advance Compliance / Post Compliance workflow data","ApiCallsController.cs","","pkg_ar.P_responibilityforoldpara","CMD.PARAMETERS.ADD","AIS_T_AU_POST_COMPLIANCE; DUAL; T_AU_OBSERVATION_RESPONSIBILITY_UPDATED","MULTIPLE; T_AU_OBSERVATION_RESPONSIBILITY_UPDATED","C_ID:Int32; IND:Varchar2; PPNO:Int32; RES_PP:Int32; LOANCASE:Int32; ACCNUMBER:Int32; LCAMOUNT:Int32; ACAMOUNT:Int32; IO_CURSOR:RefCursor","","remarks","public string AddResponsibilityforoldparas( int com_id, ObservationResponsiblePPNOModel responsible, string IND_Action) {","Referenced by non-archive controller(s)."
"FAD","DBConnection.FAD.cs","GetObservationsForManageAuditParas","public","Confirmed Active","Compliance / Post Compliance","Read/list workflow data for Compliance / Post Compliance","ApiCallsController.cs","","pkg_ar.P_GetObservationsForManageAuditParas","","AIS_T_AU_POST_COMPLIANCE; T_AU_OBSERVATION_UPDATED_REFERENCE; T_AUDIT_CHECKLIST_ANNEXURE; T_RISK","","S_ENT_ID:Int32; ENT_ID:Int32; P_NO:Int32; R_ID:Int32; io_cursor:RefCursor","io_cursor:RefCursor:Output","COM_ID; PARA_NO; AUDIT_PERIOD; GIST_OF_PARAS; RISK; ANNEX","public List<ManageAuditParasModel> GetObservationsForManageAuditParas(int ENTITY_ID = 0, int OBS_ID = 0) {","Referenced by non-archive controller(s)."
"FAD","DBConnection.FAD.cs","GetObservationDetailsForManageAuditParas","public","Confirmed Active","Compliance / Post Compliance","Read/list workflow data for Compliance / Post Compliance","ApiCallsController.cs","","pkg_ar.P_GetObservationsDetailsForManageAuditParas","","AIS_T_AU_POST_COMPLIANCE; T_AU_OBSERVATION_OLD_CAD_PARAS_TEXT; T_AU_OBSERVATION_TEXT; T_AU_OLD_PARAS_FAD_TEXT; T_AUDIT_CHECKLIST_ANNEXURE; T_RISK","","C_ID:Int32; ENT_ID:Int32; P_NO:Int32; R_ID:Int32; io_cursor:RefCursor","io_cursor:RefCursor:Output","COM_ID; NEW_PARA_ID; OLD_PARA_ID; AUDIT_PERIOD; PARA_NO; ANNEX; ANNEX_ID; GIST_OF_PARAS; RISK; RISK_ID; PARA_TEXT; AMOUNT_INV; NO_INSTANCES; INDICATOR; REFERENCE_ID","public viewMemoModel GetObservationDetailsForManageAuditParas(int COM_ID) {","Referenced by non-archive controller(s)."
"FAD","DBConnection.FAD.cs","GetResponsiblePPNOforoldPara","public","Confirmed Active","Compliance / Post Compliance","Read/list workflow data for Compliance / Post Compliance","ApiCallsController.cs","","pkg_ar.GetResponsiblePPNOforoldPara","","V_GET_AUDITEE_PARAS_FAD_COMPLIANCE_PPNO; V_SERVICE_EMPLOYEEINFO","","C_ID:Int32; io_cursor:RefCursor","io_cursor:RefCursor:Output","RESP_ROW_ID; EMP_NAME","public List<ObservationResponsiblePPNOModel> GetResponsiblePPNOforoldPara(int C_ID) {","Referenced by non-archive controller(s)."
"FAD","DBConnection.FAD.cs","GetObservationsForMangeAuditParasForAuthorization","public","Confirmed Active","Compliance / Post Compliance","Read/list workflow data for Compliance / Post Compliance","ApiCallsController.cs","","pkg_ar.P_GET_Para_details_for_Authorize","","AIS_T_AU_POST_COMPLIANCE; T_AU_OBSERVATION_OLD_CAD_PARAS_TEXT; T_AU_OBSERVATION_TEXT; T_AU_OBSERVATION_UPDATED_REFERENCE; T_AU_OLD_PARAS_FAD_TEXT; T_AUDIT_CHECKLIST_ANNEXURE; T_AUDITEE_ENTITIES; T_RISK","","ENT_ID:Int32; P_NO:Int32; R_ID:Int32; T_CURSOR:RefCursor","T_CURSOR:RefCursor:Output","com_id; COM_ID; new_para_id; old_para_id; AUDITEE; risk; risk_id; gist_of_paras; audit_period; para_no; ind; annex; annex_id; no_instances; Amount; UPDATED_ON; UPDATED_BY; P_TYPE_IND; PARA_TEXT","public List<ManageAuditParasModel> GetObservationsForMangeAuditParasForAuthorization() {","Referenced by non-archive controller(s)."
"FAD","DBConnection.FAD.cs","GetProposedChangesInManageParasAuth","public","Confirmed Active","Compliance / Post Compliance","Read/list workflow data for Compliance / Post Compliance","ApiCallsController.cs","","pkg_ar.P_GET_Para_changes_for_Authorize","","T_AU_OBSERVATION_UPDATED_REFERENCE; T_AUDIT_CHECKLIST_ANNEXURE; T_RISK","","C_ID:Int32; T_CURSOR:RefCursor","T_CURSOR:RefCursor:Output","com_id; COM_ID; NEW_PARA_ID; OLD_PARA_ID; risk; risk_id; gist_of_para; audit_period; para_no; ind; annex_id; no_instances; Amount; UPDATED_ON; UPDATED_BY; P_TYPE_IND; PARA_TEXT","public List<ManageAuditParasModel> GetProposedChangesInManageParasAuth(int COM_ID) {","Referenced by non-archive controller(s)."
"FAD","DBConnection.FAD.cs","UpdateParaReference","public","Likely Active","Compliance / Post Compliance","Change state within Compliance / Post Compliance workflow","","","","ACTION","","","","","","public string UpdateParaReference(int comId, int? linkId, int newRef) {","No external call found, but referenced inside DBConnection and belongs to non-archive module."
"FAD","DBConnection.FAD.cs","SearchReferences","public","Confirmed Active","Compliance / Post Compliance","Support Compliance / Post Compliance workflow","ApiCallsController.cs","","PKG_FAD.P_SearchReferences","","T_AUDIT_CHECKLIST_ANNEXURE_CIRCULAR","","p_ref_type:Varchar2; p_keyword:Varchar2; io_cursor:RefCursor","io_cursor:RefCursor:Output","ID; TITLE; INSTRUCTIONSDATE; REFERENCE_TYPE; INSTRUCTIONSDETAILS; KEYWORDS; REFERENCEURL","public List<ReferenceSearchResultModel> SearchReferences(string referenceType, string keyword) {","Referenced by non-archive controller(s)."
"FAD","DBConnection.FAD.cs","GetManualMaster","public","Confirmed Active","Compliance / Post Compliance","Read/list workflow data for Compliance / Post Compliance","ApiCallsController.cs","","","T_MANUAL_MASTER","","","","","MANUAL_NAME; VOLUME_NAME; MANUAL_ID","public List<ManualMasterItemModel> GetManualMaster() {","Referenced by non-archive controller(s)."
"FAD","DBConnection.FAD.cs","GetManualSections","public","Confirmed Active","Compliance / Post Compliance","Read/list workflow data for Compliance / Post Compliance","ApiCallsController.cs","","","T_MANUAL_INDEX","","","p_manual_id:Int64","","SECTION","public List<ManualSectionItemModel> GetManualSections(long manualId) {","Referenced by non-archive controller(s)."
"FAD","DBConnection.FAD.cs","GetManualChapters","public","Confirmed Active","Compliance / Post Compliance","Read/list workflow data for Compliance / Post Compliance","ApiCallsController.cs","","","T_MANUAL_INDEX","","","p_manual_id:Int64; p_section:Varchar2","","CHAPTER_NO","public List<ManualChapterItemModel> GetManualChapters(long manualId, string sectionName) {","Referenced by non-archive controller(s)."
"FAD","DBConnection.FAD.cs","GetManualIndexByChapter","public","Confirmed Active","Compliance / Post Compliance","Read/list workflow data for Compliance / Post Compliance","ApiCallsController.cs","","","T_MANUAL_INDEX","","","p_manual_id:Int64; p_section:Varchar2; p_chapter:Varchar2","","INDEX_ID; SUB_SECTION_NO; HEADING","public List<ManualIndexItemModel> GetManualIndexByChapter(long manualId, string sectionName, string chapterNo) {","Referenced by non-archive controller(s)."
"FAD","DBConnection.FAD.cs","GetEntityTaskSummary","public","Confirmed Active","Compliance / Post Compliance","Read/list workflow data for Compliance / Post Compliance","ApiCallsController.cs","","PKG_FAD.P_GetEntityTaskSummary","","AIS_T_AU_POST_COMPLIANCE; T_AU_TBL_ALLOCATIONS; T_AUDITEE_ENTITIES; YOUR","","p_auditor_ppno:Int32; io_cursor:RefCursor","io_cursor:RefCursor:Output","ENTITY_ID; ENTITY_CODE; ENTITY_NAME; AUDIT_YEAR; TOTAL_PARAS; PARAS_UPDATED","public List<EntityTaskSummaryModel> GetEntityTaskSummary() {","Referenced by non-archive controller(s)."
"FAD","DBConnection.FAD.cs","GetParaReferenceData","public","Confirmed Active","Compliance / Post Compliance","Read/list workflow data for Compliance / Post Compliance","ApiCallsController.cs","","","","","","","","","public ParaReferenceDataModel GetParaReferenceData(int comId) {","Referenced by non-archive controller(s)."
"FAD","DBConnection.FAD.cs","GetParaReferenceLinks","public","Likely Active","Compliance / Post Compliance","Read/list workflow data for Compliance / Post Compliance","","","PKG_FAD.P_GetParaReferences","","TBL_PARA_REFERENCE_LINKS","REFERENCE","p_com_id:Int32; io_cursor:RefCursor","io_cursor:RefCursor:Output","LINK_ID; ENTITY_ID; OLD_PARA_ID; NEW_PARA_ID; PARA_ID; REFERENCE_ID; REFERENCE_TITLE; CREDIT_MANUAL_ID; OP_MANUAL_ID; MANUAL_TYPE; CHAPTER; INSTRUCTIONSDATE; MATCHED_TEXT; LINK_TYPE","public List<ParaReferenceLinkModel> GetParaReferenceLinks(int comId) {","No external call found, but referenced inside DBConnection and belongs to non-archive module."
"FAD","DBConnection.FAD.cs","GetParaText","public","Confirmed Active","Compliance / Post Compliance","Read/list workflow data for Compliance / Post Compliance","ApiCallsController.cs","","PKG_FAD.P_GetParaText","","V_GET_ALL_PARA_TEXT_FOR_REFERENCE","","p_com_id:Int32; io_cursor:RefCursor","io_cursor:RefCursor:Output","PARA_TEXT","public string GetParaText(int comId) {","Referenced by non-archive controller(s)."
"FAD","DBConnection.FAD.cs","GetReferenceDetail","public","Confirmed Active","Compliance / Post Compliance","Read/list workflow data for Compliance / Post Compliance","ApiCallsController.cs","","","","","","","","","public AuditChecklistAnnexureCircularModel GetReferenceDetail(int refId) {","Referenced by non-archive controller(s)."
"FAD","DBConnection.FAD.cs","SaveParaReferences","public","Confirmed Active","Compliance / Post Compliance","Create or advance Compliance / Post Compliance workflow data","ApiCallsController.cs","","","","","","","","","public string SaveParaReferences(int comId, List<ParaReferenceLinkModel> references) {","Referenced by non-archive controller(s)."
"FAD","DBConnection.FAD.cs","GETPARASTATUSCHANGEREQUEST","public","Confirmed Active","Compliance / Post Compliance","Read/list workflow data for Compliance / Post Compliance","ApiCallsController.cs","","PKG_FAD.P_GET_PARA_STATUS_REQUEST","","AIS_T_AU_POST_COMPLIANCE; AIS_T_PARA_STATUS_CHANGE_LOG; T_AUDIT_CHECKLIST_ANNEXURE; T_RISK","","P_ENTITY_ID:Int32; P_STATUS:Int32; IO_CURSOR:RefCursor","IO_CURSOR:RefCursor:Output","COM_ID; AUDIT_PERIOD; PARA_NO; ANNEX; GIST_OF_PARAS; RISK; PARA_STATUS","public List<ParaModel> GETPARASTATUSCHANGEREQUEST(int entityId, int status) {","Referenced by non-archive controller(s)."
"FAD","DBConnection.FAD.cs","ADDPARASTATUSCHANGEREQUEST","public","Confirmed Active","Compliance / Post Compliance","Create or advance Compliance / Post Compliance workflow data","ApiCallsController.cs","","PKG_FAD.P_ADD_PARA_STATUS_CHANGE","","AIS_T_AU_POST_COMPLIANCE; DUAL","AIS_T_PARA_STATUS_CHANGE_LOG","P_COM_ID:Int32; P_NEW_STATUS:Int32; P_MAKER_REMARKS:Varchar2; P_USER_ID:Int32; IO_CURSOR:RefCursor","IO_CURSOR:RefCursor:Output","RESULT_MSG","public string ADDPARASTATUSCHANGEREQUEST(int comId, int newStatus, string makerRemarks, int userId) {","Referenced by non-archive controller(s)."
"FAD","DBConnection.FAD.cs","GETPARASTATUSAUTHORIZATION","public","Confirmed Active","Compliance / Post Compliance","Read/list workflow data for Compliance / Post Compliance","ApiCallsController.cs","","PKG_FAD.P_GET_PARA_STATUS_AUTHORIZATION","","AIS_T_AU_POST_COMPLIANCE; AIS_T_PARA_STATUS_CHANGE_LOG","","IO_CURSOR:RefCursor","IO_CURSOR:RefCursor:Output","LOG_ID; COM_ID; OLD_STATUS; NEW_STATUS; MAKER_REMARKS; AUTHORIZER_REMARKS; CHANGED_BY; CHANGED_ON; ACTION_STATUS; AUDIT_PERIOD; PARA_NO; ANNEX; GIST_OF_PARAS; RISK","public List<ParaStatusChangeLogModel> GETPARASTATUSAUTHORIZATION() {","Referenced by non-archive controller(s)."
"FAD","DBConnection.FAD.cs","GetIASParaText","public","Confirmed Active","Compliance / Post Compliance","Read/list workflow data for Compliance / Post Compliance","ApiCallsController.cs","","pkg_FAD.P_GET_IAS_PARA_TEXT","","V_GET_IAS_PARA_TEXT","","CM_ID:Int32; T_CURSOR:RefCursor","T_CURSOR:RefCursor:Output","text","public string GetIASParaText(int COM_ID) {","Referenced by non-archive controller(s)."
"FAD","DBConnection.FAD.cs","AUTHORIZEPARASTATUSCHANGEREQUEST","public","Confirmed Active","Compliance / Post Compliance","Change state within Compliance / Post Compliance workflow","ApiCallsController.cs","","PKG_FAD.P_AUTHORIZE_PARA_STATUS_CHANGE","","AIS_T_AU_POST_COMPLIANCE_HISTORY; AIS_T_PARA_STATUS_CHANGE_LOG; DUAL; T_GROUPS; V_GET_AIS_POST_COMPLIANCE_AIS_FOR_PARA_CHANGE","AIS_T_AU_POST_COMPLIANCE; AIS_T_AU_POST_COMPLIANCE_HISTORY; AIS_T_PARA_STATUS_CHANGE_LOG; COMPLIANCE; HISTORY; THE","P_LOG_ID:Int32; P_ACTION:Varchar2; P_AUTH_BY:Int32; P_AUTH_REMARKS:Varchar2; IO_CURSOR:RefCursor","IO_CURSOR:RefCursor:Output","RESULT_MSG","public string AUTHORIZEPARASTATUSCHANGEREQUEST(int logId, string action, string authRemarks, int userId) {","Referenced by non-archive controller(s)."
"FAD","DBConnection.FAD.cs","GetRoleResponsibleForChecklistDetail","public","Confirmed Active","Compliance / Post Compliance","Read/list workflow data for Compliance / Post Compliance","SetupController.cs","","pkg_fad.p_get_role_responsible","","T_AU_ACTIVITY_LOG; T_HR_DESIGNATIONS","T_AU_ACTIVITY_LOG","ENT_ID:Int32; P_NO:Int32; R_ID:Int32; T_CURSOR:RefCursor","T_CURSOR:RefCursor:Output","DESIGNATIONCODE; DESCRIPTION","public List<RoleRespModel> GetRoleResponsibleForChecklistDetail() {","Referenced by non-archive controller(s)."
"FAD","DBConnection.FAD.cs","GetProcOwnerForChecklistDetail","public","Confirmed Active","Compliance / Post Compliance","Read/list workflow data for Compliance / Post Compliance","SetupController.cs","","pkg_fad.p_get_process_owner","","T_AU_ACTIVITY_LOG; T_AUDITEE_ENTITIES","T_AU_ACTIVITY_LOG","ENT_ID:Int32; P_NO:Int32; R_ID:Int32; T_CURSOR:RefCursor","T_CURSOR:RefCursor:Output","ENTITY_ID; name","public List<AuditeeEntitiesModel> GetProcOwnerForChecklistDetail() {","Referenced by non-archive controller(s)."
"FAD","DBConnection.FAD.cs","GetViolationsForChecklistDetail","public","Confirmed Active","Compliance / Post Compliance","Read/list workflow data for Compliance / Post Compliance","SetupController.cs","","pkg_fad.p_get_violations","","T_R_SUB_GROUP","","T_CURSOR:RefCursor","T_CURSOR:RefCursor:Output","S_GR_ID; DESCRIPTION; MAX_NUMBER","public List<ControlViolationsModel> GetViolationsForChecklistDetail() {","Referenced by non-archive controller(s)."
"FAD","DBConnection.FAD.cs","GetCurrentParasForStatusChangeRequestAuthorize","public","Confirmed Active","Compliance / Post Compliance","Read/list workflow data for Compliance / Post Compliance","ApiCallsController.cs","","pkg_fad.p_GetnewParasForResponseAuthorize","","T_AU_NEW_PARAS_STATUS_CHANGE_LOG; T_AU_OBSERVATION; T_AU_OBSERVATION_STATUS; T_AU_OBSERVATION_TEXT; T_AU_PERIOD; T_AU_PLAN_ENG; T_AUDITEE_ENTITIES; T_AUDITEE_ENTITIES_MAPING_FAD; T_RISK","","UserEntityId:Int32; T_CURSOR:RefCursor","T_CURSOR:RefCursor:Output","ID; ENTITY_ID; ENTITY_CODE; AUDIT_PERIOD; ENTITY_NAME; PARA_NO; PARA_RISK; gist_of_para; AMOUNT_INVOLVED; remarks; reviewer_comments; PARA_STATUS","public List<OldParasModel> GetCurrentParasForStatusChangeRequestAuthorize() {","Referenced by non-archive controller(s)."
"FAD","DBConnection.FAD.cs","GetLegacyParasEntitiesFAD","public","Likely Active","Compliance / Post Compliance","Read/list workflow data for Compliance / Post Compliance","","ArchiveController.cs","pkg_FAD.P_GetEntitiesForLegacyPara","","T_AU_OLD_PARAS_FAD; T_AUDITEE_ENTITIES; T_AUDITEE_ENTITIES_MAPING_FAD","","PP_NO:Int32; T_CURSOR:RefCursor","T_CURSOR:RefCursor:Output","ENTITY_ID; NAME","public List<AuditeeOldParasModel> GetLegacyParasEntitiesFAD() {","No external call found, but referenced inside DBConnection and belongs to non-archive module."
"FAD","DBConnection.FAD.cs","GetSettledParasEntitiesForMonitoringFAD","public","Confirmed Active","Compliance / Post Compliance","Read/list workflow data for Compliance / Post Compliance","PostComplianceController.cs","","pkg_FAD.P_GET_SETTLED_PARA_ENTITIES","","T_AU_POST_COMPLIANCE_SETTLEMETMENT_HISTORY; T_AUDITEE_ENTITIES; T_AUDITEE_ENTITIES_MAPING_FAD; V_P_GET_SETTLED_PARA_DETAILS","","P_NO:Int32; ENT_ID:Int32; R_ID:Int32; T_CURSOR:RefCursor","T_CURSOR:RefCursor:Output","ENTITY_ID; NAME","public List<AuditeeOldParasModel> GetSettledParasEntitiesForMonitoringFAD() {","Referenced by non-archive controller(s)."
"FAD","DBConnection.FAD.cs","GetLegacyParasForUpdateFAD","public","Confirmed Active","Compliance / Post Compliance","Read/list workflow data for Compliance / Post Compliance","ApiCallsController.cs","","pkg_fad.P_GetLeagacyObservations","","DUAL; T_AU_DATA_VALIDATION_FAD_LOG; T_AU_ERROR_LOGS; T_AU_OLD_AUDIT_NATURE; T_AU_OLD_PARAS_FAD; T_AU_OLD_PARAS_FAD_TEXT; T_AUDITEE_ENTITIES; T_AUDITEE_ENTITIES_MAPING_FAD","T_AU_DATA_VALIDATION_FAD_LOG; T_AU_ERROR_LOGS","entityId:Int32; paraRef:Varchar2; ppno:Int32; T_CURSOR:RefCursor","T_CURSOR:RefCursor:Output","ID; REF_P; ENTITY_ID; RISK; ENTITY_CODE; TYPE_ID; AUDIT_PERIOD; ENTITY_NAME; PARA_NO; PROCESS; SUB_PROCESS; PROCESS_DETAIL; PARA_TEXT; GIST_OF_PARAS; ANNEXURE; AMOUNT_INVOLVED; VOL_I_II","public List<OldParasModel> GetLegacyParasForUpdateFAD(int ENTITY_ID, string PARA_REF = """", int PARA_ID = 0) {","Referenced by non-archive controller(s)."
"FAD","DBConnection.FAD.cs","AddResponsibilityToLegacyParasFAD","public","Confirmed Active","Compliance / Post Compliance","Create or advance Compliance / Post Compliance workflow data","ApiCallsController.cs","","pkg_fad.p_add_para_responsibility","","DUAL; T_AU_OLD_PARAS_FAD_RESPONSIBILITY_ASSIGNED","T_AU_OLD_PARAS_FAD_LOG; T_AU_OLD_PARAS_FAD_RESPONSIBILITY_ASSIGNED","refid:Int32; PPNO:Int32; AZ_Entity_id:Int32; user_ppno:Int32; lC_no:Int32; LC_AMOUNT:Int32; AC_NO:Int32; AC_AMOUNT:Int32; refp:Varchar2; T_CURSOR:RefCursor","T_CURSOR:RefCursor:Output","REMARKS","public string AddResponsibilityToLegacyParasFAD(ObservationResponsiblePPNOModel RESP_PP, string REF_P, int P_ID) {","Referenced by non-archive controller(s)."
"FAD","DBConnection.FAD.cs","UpdateLegacyParasWithResponsibilityNoChanges","public","Confirmed Active","Compliance / Post Compliance","Change state within Compliance / Post Compliance workflow","ApiCallsController.cs","","pkg_fad.P_reviewed_legacy_Para","","DUAL; T_AU_ERROR_LOGS; T_AU_REMARKS","T_AU_DATA_VALIDATION_FAD_LOG; T_AU_ERROR_LOGS; T_AU_OLD_PARAS_FAD","ref_id:Varchar2; ppno:Int32; T_CURSOR:RefCursor","T_CURSOR:RefCursor:Output","REF; REMARKS","public string UpdateLegacyParasWithResponsibilityNoChanges(AddLegacyParaModel LEGACY_PARA) {","Referenced by non-archive controller(s)."
"FAD","DBConnection.FAD.cs","UpdateLegacyParasWithResponsibilityFAD","public","Confirmed Active","Compliance / Post Compliance","Change state within Compliance / Post Compliance workflow","ApiCallsController.cs","","pkg_fad.P_update_legacy_Para_text; pkg_fad.p_add_para_responsibility","","DUAL; T_AU_ERROR_LOGS; T_AU_OLD_PARAS_FAD_RESPONSIBILITY_ASSIGNED; T_AU_REMARKS","T_AU_DATA_VALIDATION_FAD_LOG; T_AU_ERROR_LOGS; T_AU_OLD_PARAS_FAD; T_AU_OLD_PARAS_FAD_LOG; T_AU_OLD_PARAS_FAD_RESPONSIBILITY_ASSIGNED; T_AU_OLD_PARAS_FAD_TEXT","ref_id:Varchar2; obtext:Clob; process_id:Int32; subprocessid:Int32; checklistid:Int32; ppno:Int32; risk_id:Int32; T_CURSOR:RefCursor; refid:Int32; PPNO:Int32; AZ_Entity_id:Int32; user_ppno:Int32; lC_no:Int32; LC_AMOUNT:Int32; AC_NO:Int32; AC_AMOUNT:Int32; refp:Varchar2","T_CURSOR:RefCursor:Output","REF; REMARKS","public string UpdateLegacyParasWithResponsibilityFAD(AddLegacyParaModel LEGACY_PARA) {","Referenced by non-archive controller(s)."
"FAD","DBConnection.FAD.cs","AuthorizerAddChangeStatusRequestForSettledPara","public","Confirmed Active","Compliance / Post Compliance","Change state within Compliance / Post Compliance workflow","ApiCallsController.cs","","pkg_fad.P_AuthorizeChangeStatusRequestForSettledPara_new","","AIS_T_AU_POST_COMPLIANCE; DUAL; T_AU_NEW_PARAS_STATUS_CHANGE_LOG; T_AU_OBSERVATION","AIS_T_AU_POST_COMPLIANCE; T_AU_NEW_PARAS_STATUS_CHANGE_LOG; T_AU_OBSERVATION","obs_id:Varchar2; P_IND:Varchar2; remark:Varchar2; indicator:Varchar2; ENT_ID:Int32; P_NO:Int32; R_ID:Int32; T_CURSOR:RefCursor","T_CURSOR:RefCursor:Output","Remarks","public string AuthorizerAddChangeStatusRequestForSettledPara(string REFID, string IND, int NEW_STATUS, string REMARKS, string Action_IND) {","Referenced by non-archive controller(s)."
"FAD","DBConnection.FAD.cs","AddAuthorizeChangeStatusRequestForSettledPara","public","Confirmed Active","Compliance / Post Compliance","Create or advance Compliance / Post Compliance workflow data","ApiCallsController.cs","","pkg_fad.p_authorizechangestatusrequestforsettledpara","","AIS_COMP; AIS_T_AU_POST_COMPLIANCE; DUAL; T_AU_OLD_PARAS_FAD; T_AU_OLD_PARAS_FAD_STATUS_CHANGE_LOG","AIS_T_AU_POST_COMPLIANCE; PARA; T_AU_OBSERVATION_OLD_CAD_PARAS; T_AU_OLD_PARAS_FAD; T_AU_OLD_PARAS_FAD_STATUS_CHANGE_LOG","refp:Varchar2; au_obs_id:Varchar2; P_IND:Varchar2; ind:Varchar2; ENT_ID:Int32; P_NO:Int32; R_ID:Int32; T_CURSOR:RefCursor","T_CURSOR:RefCursor:Output","Remark","public string AddAuthorizeChangeStatusRequestForSettledPara(string REFID, string OBS_ID, string IND, string Action_IND) {","Referenced by non-archive controller(s)."
"FAD","DBConnection.FAD.cs","GetOldSettledParasForResponseAuthorize","public","Confirmed Active","Compliance / Post Compliance","Read/list workflow data for Compliance / Post Compliance","ApiCallsController.cs","","pkg_fad.p_getoldparasforresponseauthorize","","T_AU_OBSERVATION_OLD_CAD_PARAS; T_AU_OLD_PARAS_FAD; T_AU_OLD_PARAS_FAD_STATUS_CHANGE_LOG; T_AUDIT_CHECKLIST_DETAILS; T_AUDITEE_ENTITIES_MAPING_FAD","","ENT_ID:Int32; P_NO:Int32; R_ID:Int32; T_CURSOR:RefCursor","T_CURSOR:RefCursor:Output","REF_P; AU_OBS_ID; IND; ENTITY_ID; AUDIT_PERIOD; ENTITY_NAME; PARA_NO; GIST_OF_PARAS; ANNEXURE; AMOUNT_INVOLVED; VOL_I_II; PARA_STATUS; TEMP_STATUS_FOR_CHANGE; REMARKS","public List<OldParasAuthorizeModel> GetOldSettledParasForResponseAuthorize() {","Referenced by non-archive controller(s)."
"FAD","DBConnection.FAD.cs","GetLegacyParaResponsiblePersonsFAD","public","Likely Active","Compliance / Post Compliance","Read/list workflow data for Compliance / Post Compliance","","","pkg_fad.p_get_legacy_para_responsibles","","T_AU_OLD_PARAS_FAD_RESPONSIBILITY_ASSIGNED; V_SERVICE_EMPLOYEEINFO","","paraRef:Varchar2; T_CURSOR:RefCursor","T_CURSOR:RefCursor:Output","EMP_NAME","public List<ObservationResponsiblePPNOModel> GetLegacyParaResponsiblePersonsFAD(string PARA_REF) {","No external call found, but referenced inside DBConnection and belongs to non-archive module."
"FAD","DBConnection.FAD.cs","DeleteLegacyParaResponsibility","public","Confirmed Active","Compliance / Post Compliance","Change state within Compliance / Post Compliance workflow","ApiCallsController.cs","","pkg_fad.p_delete_para_responsibility","","DUAL","T_AU_OLD_PARAS_FAD_RESPONSIBILITY_ASSIGNED","refp:Varchar2; refid:Int32; PPNO:Int32; USER_PPNO:Int32; T_CURSOR:RefCursor","T_CURSOR:RefCursor:Output","REMARKS","public string DeleteLegacyParaResponsibility(string PARA_REF, int PARA_ID, int PP_NO) {","Referenced by non-archive controller(s)."
"FAD","DBConnection.FAD.cs","ReferBackLegacyPara","public","Confirmed Active","Compliance / Post Compliance","Change state within Compliance / Post Compliance workflow","ApiCallsController.cs","","pkg_fad.P_referback_legacy_para","","AUDIT; DUAL; T_AU_ERROR_LOGS; T_AU_REMARKS","T_AU_DATA_VALIDATION_FAD_LOG; T_AU_ERROR_LOGS; T_AU_OLD_PARAS_FAD","ref_id:Varchar2; ppno:Int32; T_CURSOR:RefCursor","T_CURSOR:RefCursor:Output","remarks","public string ReferBackLegacyPara(string PARA_REF, int PARA_ID) {","Referenced by non-archive controller(s)."
"FAD","DBConnection.FAD.cs","GetZonesForAnnexureAssignment","public","Confirmed Active","Compliance / Post Compliance","Read/list workflow data for Compliance / Post Compliance","SetupController.cs","","pkg_fad.P_Get_Auditee_Parent_FAD","","SYSDATE; T_AUDITEE_ENTITIES; T_AUDITEE_ENTITIES_MAPING; T_AUDITEE_ENTITIES_MAPING_FAD; V_ALL_OUTASTANDING_PARAS_FAD","","ENT_ID:Int32; P_NO:Int32; T_CURSOR:RefCursor","T_CURSOR:RefCursor:Output","ENTITY_ID; NAME","public List<ZoneModel> GetZonesForAnnexureAssignment() {","Referenced by non-archive controller(s)."
"FAD","DBConnection.FAD.cs","GetZoneBranchesForAnnexureAssignment","public","Confirmed Active","Compliance / Post Compliance","Read/list workflow data for Compliance / Post Compliance","ApiCallsController.cs","","pkg_fad.P_Get_Auditee_Child_FAD","","SYSDATE; T_AUDITEE_ENTITIES; T_AUDITEE_ENTITIES_MAPING; T_AUDITEE_ENTITIES_MAPING_FAD; V_ALL_OUTASTANDING_PARAS_FAD","","ENT_ID:Int32; P_NO:Int32; T_CURSOR:RefCursor","T_CURSOR:RefCursor:Output","ENTITY_ID; NAME","public List<BranchModel> GetZoneBranchesForAnnexureAssignment(int ENTITY_ID = 0) {","Referenced by non-archive controller(s)."
"FAD","DBConnection.FAD.cs","GetAllParasForAnnexureAssignment","public","Confirmed Active","Compliance / Post Compliance","Read/list workflow data for Compliance / Post Compliance","ApiCallsController.cs","","pkg_fad.P_Get_all_paras_fad","","SYSDATE; T_AUDIT_CHECKLIST_ANNEXURE; V_ALL_OUTASTANDING_PARAS_FAD","","EntityID:Int32; T_CURSOR:RefCursor","T_CURSOR:RefCursor:Output","ENTITY_ID; OBS_ID; AUDIT_PERIOD; PARA_CATEGORY; PARA_NO; GIST_OF_PARAS; NAME; REF_P; ANNEX_ID; ID","public List<AllParaForAnnexureAssignmentModel> GetAllParasForAnnexureAssignment(int ENTITY_ID = 0) {","Referenced by non-archive controller(s)."
"FAD","DBConnection.FAD.cs","AssignAnnexureWithPara","public","Confirmed Active","Compliance / Post Compliance","Support Compliance / Post Compliance workflow","ApiCallsController.cs","","pkg_fad.P_Update_paras_annex_fad","","DUAL","T_AU_OBSERVATION; T_AU_OLD_PARAS_FAD","CAT:Varchar2; OBS_ID:Varchar2; REFP:Varchar2; ANEX:Varchar2; P_NO:Varchar2; ENT_ID:Varchar2; R_ID:Varchar2; T_CURSOR:RefCursor","T_CURSOR:RefCursor:Output","REMARKS","public string AssignAnnexureWithPara(string OBS_ID, string REF_P, string ANNEX_ID, string PARA_CATEGORY) {","Referenced by non-archive controller(s)."
"FAD","DBConnection.FAD.cs","ParaShiftedTo","public","Confirmed Active","Compliance / Post Compliance","Support Compliance / Post Compliance workflow","ApiCallsController.cs","","pkg_fad.P_PARA_SHIFTING","","DUAL; T_AUDITEE_ENTITIES","AIS_T_AU_POST_COMPLIANCE; T_AU_OBSERVATION; T_AU_OBSERVATION_ASSIGNEDTO; T_AU_OBSERVATION_OLD_CAD_PARAS; T_AU_OLD_PARAS_FAD","NEW_ENT_ID:Varchar2; OLD_ENT_ID:Varchar2; O_ID:Varchar2; P_IND:Varchar2; P_NO:Int32; ENT_ID:Varchar2; R_ID:Varchar2; T_CURSOR:RefCursor","T_CURSOR:RefCursor:Output","remarks","public string ParaShiftedTo(int OBS_ID, int NEW_ENT_ID, int OLD_ENT_ID, string P_IND) {","Referenced by non-archive controller(s)."
"FAD","DBConnection.FAD.cs","GetSettledParasForMonitoring","public","Confirmed Active","Compliance / Post Compliance","Read/list workflow data for Compliance / Post Compliance","ApiCallsController.cs","","pkg_fad.P_GET_SETTLED_PARA_DETAILS","","V_P_GET_SETTLED_PARA_DETAILS","","P_NO:Int32; ENT_ID:Varchar2; R_ID:Varchar2; AUDITEE_ID:Int32; T_CURSOR:RefCursor","T_CURSOR:RefCursor:Output","REPORTING_OFFICE; ENTITY_NAME; AUDIT_PERIOD; AU_OBS_ID; COM_ID; REF_P; SETTLED_BY; settled_on; RISK; PARA_NO; PARA_CATEGORY; COMPLIANCE_CYCLE; AUDITEDBY; ENTITY_ID","public List<SettledParasMonitoringModel> GetSettledParasForMonitoring(int ENTITY_ID) {","Referenced by non-archive controller(s)."
"FAD","DBConnection.FAD.cs","GetSettledParaComplianceHistory","public","Confirmed Active","Compliance / Post Compliance","Read/list workflow data for Compliance / Post Compliance","ApiCallsController.cs","","pkg_fad.P_GET_SETTLED_PARA_DETAILS_PARA_COMPLIANCE","","T_AU_OLD_PARAS_POST_COMPLIANCE_HISTORY; T_AU_POST_COMPLIANCE_SETTLEMETMENT_HISTORY; T_AUDITEE_ENTITIES_MAPING_FAD; T_HR_DESIGNATIONS; V_SERVICE_EMPLOYEEINFO","","REFP:Varchar2; OBS_ID:Varchar2; T_CURSOR:RefCursor","T_CURSOR:RefCursor:Output","remarks; attended_by; EMP_NAME; DESIGNATION; COMPLIANCE_CYCLE","public List<ComplianceHistoryModel> GetSettledParaComplianceHistory(string REF_P, string OBS_ID) {","Referenced by non-archive controller(s)."
"FAD","DBConnection.FAD.cs","SaveSettledParaCompliacne","public","Confirmed Active","Compliance / Post Compliance","Create or advance Compliance / Post Compliance workflow data","ApiCallsController.cs","","pkg_fad.P_GET_SETTLED_PARA_DETAILS_PARA_COMPLIANCE","","T_AU_OLD_PARAS_POST_COMPLIANCE_HISTORY; T_AU_POST_COMPLIANCE_SETTLEMETMENT_HISTORY; T_AUDITEE_ENTITIES_MAPING_FAD; T_HR_DESIGNATIONS; V_SERVICE_EMPLOYEEINFO","","REFP:Varchar2; OBS_ID:Varchar2; T_CURSOR:RefCursor","T_CURSOR:RefCursor:Output","remarks; attended_by; EMP_NAME; DESIGNATION; COMPLIANCE_CYCLE","public string SaveSettledParaCompliacne(string REF_P, string OBS_ID, string COMMENTS) {","Referenced by non-archive controller(s)."
"FAD","DBConnection.FAD.cs","GetEngagementDetailsForFadReview","public","Confirmed Active","Compliance / Post Compliance","Read/list workflow data for Compliance / Post Compliance","ApiCallsController.cs","","pkg_fad.p_get_audit_engagement","","T_AU_AUDIT_TEAMS; T_AU_PERIOD; T_AU_PLAN; T_AU_PLAN_ENG; T_AU_PLAN_ENG_STATUS; T_AU_TEAM_MEMBERS; T_AUDIT_REPORTS","","ent_id:Int32; T_CURSOR:RefCursor","T_CURSOR:RefCursor:Output","plan_id; ENG_ID; TEAM_NAME; AUDIT_STARTDATE; AUDIT_ENDDATE; OP_STARTDATE; OP_ENDDATE; ENTITY_ID; Auditby_Id; STATUS_ID; STATUS; RPT_ID","public List<ObservationReversalModel> GetEngagementDetailsForFadReview(int ENTITY_ID = 0) {","Referenced by non-archive controller(s)."
"FAD","DBConnection.FAD.cs","GetAuditDetailsFAD","public","Confirmed Active","Compliance / Post Compliance","Read/list workflow data for Compliance / Post Compliance","ApiCallsController.cs","","pkg_fad.p_get_audit_glance","","T_AU_OBSERVATION; T_AU_OBSERVATION_STATUS; T_AU_OBSERVATION_TEXT; T_RISK","","ENGID:Int32; T_CURSOR:RefCursor","T_CURSOR:RefCursor:Output","ID; MEMO_NO; FINAL_PARA_NO; GIST; MEMO_DATE; HEADINGS; RISK; STATUS","public List<EngagementObservationsForStatusReversalModel> GetAuditDetailsFAD(int ENG_ID = 0) {","Referenced by non-archive controller(s)."
"FAD","DBConnection.FAD.cs","GetObservationDetailsForReport","public","Confirmed Active","Compliance / Post Compliance","Read/list workflow data for Compliance / Post Compliance","ApiCallsController.cs","","pkg_fad.p_get_audit_observtion","","T_AU_OBSERVATION; T_AU_OBSERVATION_ASSIGNEDTO; T_AU_OBSERVATION_FINAL_RECCOMENDATION; T_AU_OBSERVATION_STATUS; T_AU_OBSERVATION_TEXT; T_AU_OBSERVATIONS_AUDITEE_RESPONSE; T_AU_OBSERVATIONS_AUDITOR_RECOMMENDATION; T_AU_OBSERVATIONS_AUDITOR_REPLY; T_AUDIT_CHECKLIST; T_AUDIT_CHECKLIST_ANNEXURE; T_AUDIT_CHECKLIST_DETAILS; T_AUDIT_CHECKLIST_SUB; T_AUDITEE_ENTITIES","","OB_ID:Int32; T_CURSOR:RefCursor","T_CURSOR:RefCursor:Output","MEMO; PARA_NO; ANNEX; HEADINGS; ASSIGNED_TO; CHECK_LIST; GIST; PARA_TEXT; AMOUNT_INV; NO_INSTANCES; PPNO; RESP_ROLE; RESP_AMOUNT; auditee_reply; auditor_comments; HEAD_COMMENTS; ROOT_CAUSE","public List<FADAuditParasReviewModel> GetObservationDetailsForReport(int OBS_ID = 0) {","Referenced by non-archive controller(s)."
"FAD","DBConnection.FAD.cs","GetAuditReportForFadReview","public","Confirmed Active","Compliance / Post Compliance","Read/list workflow data for Compliance / Post Compliance","ApiCallsController.cs","","pkg_fad.p_get_audit_Report","","T_AUDIT_REPORTS","","ENGID:Int32; RPT_ID:Int32; T_CURSOR:RefCursor","T_CURSOR:RefCursor:Output","id; eng_id; audit_report; doc_type","public List<AuditReportModel> GetAuditReportForFadReview(int RPT_ID = 0, int ENG_ID = 0) {","Referenced by non-archive controller(s)."
"FAD","DBConnection.FAD.cs","Get_All_Para_Text","public","Confirmed Active","Compliance / Post Compliance","Read/list workflow data for Compliance / Post Compliance","ApiCallsController.cs","","PKG_FAD.P_GetParaText","","V_GET_ALL_PARA_TEXT_FOR_REFERENCE","","p_com_id:Int32; io_cursor:RefCursor","io_cursor:RefCursor:Output","com_id; entity_id; old_para_id; new_para_id; audit_period; para_status; audited_by; risk; IND; para_no; para_added_on; gist_of_paras; text; para_text","public List<ParaTextModel> Get_All_Para_Text(int comId) {","Referenced by non-archive controller(s)."
"FAD","DBConnection.FAD.cs","GetReferenceMasterDetail","public","Confirmed Active","Compliance / Post Compliance","Read/list workflow data for Compliance / Post Compliance","ApiCallsController.cs","","PKG_FAD.P_GET_REFERENCE_MASTER_DETAIL","","VW_REFERENCE_MASTER_DETAIL","","p_search_text:Varchar2; p_reference_source_type:Varchar2; p_ref_id:Int64; o_cursor:RefCursor","o_cursor:RefCursor:Output","REF_ID; REFERENCE_SOURCE_TYPE; SOURCE_PK_ID; MANUAL_ID; REFERENCE_TYPE; DIVISION; INSTRUCTION_DATE; SECTION_TEXT; CHAPTER_NO; SUB_SECTION_NO; TITLE_OR_HEADING; DISPLAY_TEXT","public List<ReferenceMasterDetailItemModel> GetReferenceMasterDetail(string searchText, string sourceType, long? refId) {","Referenced by non-archive controller(s)."
"FAD","DBConnection.FAD.cs","GetObservationManualMaster","public","Confirmed Active","Compliance / Post Compliance","Read/list workflow data for Compliance / Post Compliance","ApiCallsController.cs","","PKG_FAD.P_GET_MANUAL_MASTER","","T_MANUAL_MASTER","","o_cursor:RefCursor","o_cursor:RefCursor:Output","MANUAL_ID; MANUAL_NAME; VOLUME_NAME; DISPLAY_NAME","public List<ManualMasterItemModel> GetObservationManualMaster() {","Referenced by non-archive controller(s)."
"FAD","DBConnection.FAD.cs","GetObservationManualSections","public","Confirmed Active","Compliance / Post Compliance","Read/list workflow data for Compliance / Post Compliance","ApiCallsController.cs","","PKG_FAD.P_GET_MANUAL_SECTIONS","","T_MANUAL_INDEX","","p_manual_id:Int64; o_cursor:RefCursor","o_cursor:RefCursor:Output","SECTION_TEXT","public List<ManualSectionItemModel> GetObservationManualSections(long manualId) {","Referenced by non-archive controller(s)."
"FAD","DBConnection.FAD.cs","GetObservationManualChapters","public","Confirmed Active","Compliance / Post Compliance","Read/list workflow data for Compliance / Post Compliance","ApiCallsController.cs","","PKG_FAD.P_GET_MANUAL_CHAPTERS","","T_MANUAL_INDEX","","p_manual_id:Int64; p_section_text:Varchar2; o_cursor:RefCursor","o_cursor:RefCursor:Output","CHAPTER_NO","public List<ManualChapterItemModel> GetObservationManualChapters(long manualId, string sectionText) {","Referenced by non-archive controller(s)."
"FAD","DBConnection.FAD.cs","GetObservationManualReferenceGrid","public","Confirmed Active","Compliance / Post Compliance","Read/list workflow data for Compliance / Post Compliance","ApiCallsController.cs","","PKG_FAD.P_GET_MANUAL_REFERENCE_GRID","","VW_REFERENCE_MASTER_DETAIL","","p_manual_id:Int64; p_section_text:Varchar2; p_chapter_no:Varchar2; o_cursor:RefCursor","o_cursor:RefCursor:Output","REF_ID; REFERENCE_SOURCE_TYPE; SOURCE_PK_ID; MANUAL_ID; SECTION_TEXT; CHAPTER_NO; SUB_SECTION_NO; TITLE_OR_HEADING; DISPLAY_TEXT","public List<ManualIndexItemModel> GetObservationManualReferenceGrid(long manualId, string sectionText, string chapterNo) {","Referenced by non-archive controller(s)."
"FAD","DBConnection.FAD.cs","GetReferenceDetailByRefId","public","Confirmed Active","Compliance / Post Compliance","Read/list workflow data for Compliance / Post Compliance","ApiCallsController.cs; ObservationPdfController.cs","","PKG_FAD.P_GET_REFERENCE_DETAIL_BY_ID","","VW_REFERENCE_MASTER_DETAIL","","p_ref_id:Int64; o_cursor:RefCursor","o_cursor:RefCursor:Output","REF_ID; REFERENCE_SOURCE_TYPE; SOURCE_PK_ID; MANUAL_ID; REFERENCE_TYPE; DIVISION; INSTRUCTION_DATE; SECTION_TEXT; CHAPTER_NO; SUB_SECTION_NO; TITLE_OR_HEADING; DISPLAY_TEXT","public ReferenceMasterDetailItemModel GetReferenceDetailByRefId(long refId) {","Referenced by non-archive controller(s)."
"FAD.Risk","DBConnection.FAD.Risk.cs","P_SAVE_KPI_MAIN","public","Confirmed Active","Shared / Other","Support Shared / Other workflow","FADRiskControlPanelController.cs","","PKG_FAD_RISK.P_SAVE_KPI_MAIN","","","T_RISK_FAD_KPI_MAIN","p_kpi_main_id:Int32; p_code:Varchar2; p_name:Varchar2; p_display_order:Int32; p_is_active:Char","","p_kpi_main_id","public void P_SAVE_KPI_MAIN( ref int kpiMainId, string code, string name, int displayOrder, string isActive) {","Referenced by non-archive controller(s)."
"FAD.Risk","DBConnection.FAD.Risk.cs","P_SAVE_KPI_SUB","public","Confirmed Active","Shared / Other","Support Shared / Other workflow","FADRiskControlPanelController.cs","","PKG_FAD_RISK.P_SAVE_KPI_SUB","","","T_RISK_FAD_KPI_SUB","p_kpi_sub_id:Int32; p_kpi_main_id:Int32; p_code:Varchar2; p_name:Varchar2; p_weightage:Decimal; p_display_order:Int32; p_is_active:Char","","p_kpi_sub_id","public void P_SAVE_KPI_SUB( ref int kpiSubId, int kpiMainId, string code, string name, decimal weightage, int displayOrder, string isActive) {","Referenced by non-archive controller(s)."
"FAD.Risk","DBConnection.FAD.Risk.cs","P_SAVE_PROCESS","public","Confirmed Active","Shared / Other","Support Shared / Other workflow","FADRiskControlPanelController.cs","","PKG_FAD_RISK.P_SAVE_PROCESS","","","T_RISK_FAD_PROCESS","p_process_id:Int32; p_kpi_sub_id:Int32; p_code:Varchar2; p_name:Varchar2; p_weightage:Decimal; p_display_order:Int32; p_is_active:Char","","p_process_id","public void P_SAVE_PROCESS( ref int processId, int kpiSubId, string code, string name, decimal weightage, int displayOrder, string isActive) {","Referenced by non-archive controller(s)."
"FAD.Risk","DBConnection.FAD.Risk.cs","P_SAVE_SUB_PROCESS","public","Confirmed Active","Shared / Other","Support Shared / Other workflow","FADRiskControlPanelController.cs","","PKG_FAD_RISK.P_SAVE_SUB_PROCESS","","","T_RISK_FAD_SUB_PROCESS","p_sub_process_id:Int32; p_process_id:Int32; p_code:Varchar2; p_name:Varchar2; p_gravity_id:Int32; p_is_active:Char","","p_sub_process_id","public void P_SAVE_SUB_PROCESS( ref int subProcessId, int processId, string code, string name, int gravityId, string isActive) {","Referenced by non-archive controller(s)."
"FAD.Risk","DBConnection.FAD.Risk.cs","P_SAVE_ANNEXURE","public","Confirmed Active","Shared / Other","Support Shared / Other workflow","FADRiskControlPanelController.cs","","PKG_FAD_RISK.P_SAVE_ANNEXURE","","","T_RISK_FAD_ANNEXURE","p_annexure_id:Int32; p_code:Varchar2; p_name:Varchar2; p_is_active:Char","","p_annexure_id","public void P_SAVE_ANNEXURE( ref int annexureId, string code, string name, string isActive) {","Referenced by non-archive controller(s)."
"FAD.Risk","DBConnection.FAD.Risk.cs","P_SAVE_SUBPROC_ANNEX","public","Confirmed Active","Shared / Other","Support Shared / Other workflow","FADRiskControlPanelController.cs","","PKG_FAD_RISK.P_SAVE_SUBPROC_ANNEX","","DUAL","SET; T_RISK_FAD_SUBPROC_ANNEX","p_sub_process_id:Int32; p_annexure_id:Int32; p_is_active:Char","","","public void P_SAVE_SUBPROC_ANNEX( int subProcessId, int annexureId, string isActive) {","Referenced by non-archive controller(s)."
"FAD.Risk","DBConnection.FAD.Risk.cs","P_GET_KPI_MAIN","public","Confirmed Active","Shared / Other","Support Shared / Other workflow","FADRiskControlPanelController.cs","","PKG_FAD_RISK.P_GET_KPI_MAIN","","T_RISK_FAD_KPI_MAIN","","o_cursor:RefCursor","","","public DataTable P_GET_KPI_MAIN() {","Referenced by non-archive controller(s)."
"FAD.Risk","DBConnection.FAD.Risk.cs","P_GET_KPI_SUB","public","Confirmed Active","Shared / Other","Support Shared / Other workflow","FADRiskControlPanelController.cs","","PKG_FAD_RISK.P_GET_KPI_SUB","","T_RISK_FAD_KPI_SUB","","p_kpi_main_id:Int32; o_cursor:RefCursor","","","public DataTable P_GET_KPI_SUB(int kpiMainId) {","Referenced by non-archive controller(s)."
"FAD.Risk","DBConnection.FAD.Risk.cs","P_GET_PROCESS","public","Confirmed Active","Shared / Other","Support Shared / Other workflow","FADRiskControlPanelController.cs","","PKG_FAD_RISK.P_GET_PROCESS","","T_RISK_FAD_PROCESS","","p_kpi_sub_id:Int32; o_cursor:RefCursor","","","public DataTable P_GET_PROCESS(int kpiSubId) {","Referenced by non-archive controller(s)."
"FAD.Risk","DBConnection.FAD.Risk.cs","P_GET_SUB_PROCESS","public","Confirmed Active","Shared / Other","Support Shared / Other workflow","FADRiskControlPanelController.cs","","PKG_FAD_RISK.P_GET_SUB_PROCESS","","T_RISK_FAD_SUB_PROCESS","","p_process_id:Int32; o_cursor:RefCursor","","","public DataTable P_GET_SUB_PROCESS(int processId) {","Referenced by non-archive controller(s)."
"FAD.Risk","DBConnection.FAD.Risk.cs","P_GET_SUBPROC_ANNEX","public","Confirmed Active","Shared / Other","Support Shared / Other workflow","FADRiskControlPanelController.cs","","PKG_FAD_RISK.P_GET_SUBPROC_ANNEX","","T_RISK_FAD_SUBPROC_ANNEX","","p_sub_process_id:Int32; o_cursor:RefCursor","","","public DataTable P_GET_SUBPROC_ANNEX(int subProcessId) {","Referenced by non-archive controller(s)."
"FAD.Risk","DBConnection.FAD.Risk.cs","P_GET_GRAVITY","public","Confirmed Active","Shared / Other","Support Shared / Other workflow","FADRiskControlPanelController.cs","","PKG_FAD_RISK.P_GET_GRAVITY","","T_RISK_FAD_GRAVITY","","o_cursor:RefCursor","","","public DataTable P_GET_GRAVITY() {","Referenced by non-archive controller(s)."
"FRPT","DBConnection.FRPT.cs","GetReportEntities","public","Confirmed Active","Reporting / Dashboards","Read/list workflow data for Reporting / Dashboards","FieldAuditReportController.cs; MANReportController.cs","","PKG_FRPT.P_GET_REPORT_ENTITY","","T_AU_PLAN_ENG; T_AUDITEE_ENT_TYPES; T_AUDITEE_ENTITIES","","P_USER_ENT_ID:Int32; O_CURSOR:RefCursor","","ENG_ID; ENTITY_ID; ENTITY_TYPE; AUDIT_TYPE; ENTITY_NAME; AUDIT_PERIOD","public List<FieldAuditEngagementOptionModel> GetReportEntities() {","Referenced by non-archive controller(s)."
"FRPT","DBConnection.FRPT.cs","IsFieldAuditReportFinal","public","Confirmed Active","Reporting / Dashboards","Validate or inspect Reporting / Dashboards workflow state","FieldAuditReportController.cs; FieldAuditReportPdfController.cs; MANReportController.cs; MANReportPdfController.cs","","PKG_FRPT.P_IS_REPORT_FINAL","","","","P_ENG_ID:Int32; O_IS_FINAL:Int32","","","public bool IsFieldAuditReportFinal(int engId) {","Referenced by non-archive controller(s)."
"FRPT","DBConnection.FRPT.cs","GetFieldAuditReportOverview","public","Confirmed Active","Reporting / Dashboards","Read/list workflow data for Reporting / Dashboards","FieldAuditReportController.cs; FieldAuditReportPdfController.cs","","PKG_FRPT.P_GET_REPORT_OVERVIEW","","DUAL; MAPPING; PERIOD; PLAN; T_AU_AUDIT_TEAM_TASKLIST; T_AU_PERIOD; T_AU_PLAN_ENG; T_AU_TEAM_MEMBERS; T_AUDITEE_ENTITIES_MAPING; T_FRPT_REPORT_META","","P_ENG_ID:Int32; O_CURSOR:RefCursor","","","public FieldAuditReportOverviewModel GetFieldAuditReportOverview(int engId) {","Referenced by non-archive controller(s)."
"FRPT","DBConnection.FRPT.cs","GetFieldAuditNarrativeSections","public","Confirmed Active","Reporting / Dashboards","Read/list workflow data for Reporting / Dashboards","FieldAuditReportController.cs","","PKG_FRPT.P_GET_NARRATIVE_SECTIONS","","T_FRPT_SECTION_MASTER; T_FRPT_TEXT_BLOCKS","","P_ENG_ID:Int32; O_CURSOR:RefCursor","","SECTION_CODE; SECTION_TITLE; DISPLAY_ORDER; IS_MANDATORY; TEXT_BLOCK","public List<FieldAuditNarrativeSectionModel> GetFieldAuditNarrativeSections(int engId) {","Referenced by non-archive controller(s)."
"FRPT","DBConnection.FRPT.cs","GetFieldAuditObservationCount","public","Confirmed Active","Reporting / Dashboards","Read/list workflow data for Reporting / Dashboards","FieldAuditReportController.cs","","PKG_FRPT.P_GET_OBSERVATION_COUNT","","T_AU_OBSERVATION","","P_ENG_ID:Int32; O_CURSOR:RefCursor","","NO_OF_PARAS","public int GetFieldAuditObservationCount(int engId) {","Referenced by non-archive controller(s)."
"FRPT","DBConnection.FRPT.cs","GetFieldAuditObservationDetails","public","Confirmed Active","Reporting / Dashboards","Read/list workflow data for Reporting / Dashboards","FieldAuditReportController.cs","","PKG_FRPT.P_GET_OBSERVATION_DETAILS","","T_AU_OBSERVATION; T_AU_OBSERVATION_FINAL_RECCOMENDATION; T_AU_OBSERVATION_TEXT; T_AU_OBSERVATIONS_AUDITEE_RESPONSE; T_AU_OBSERVATIONS_AUDITOR_RECOMMENDATION; T_AU_OBSERVATIONS_AUDITOR_REPLY; T_AUDIT_CHECKLIST_ANNEXURE; T_FRPT_PARA_NARRATIVE; T_RISK","","P_ENG_ID:Int32; O_CURSOR:RefCursor","","","public List<FieldAuditObservationDetailModel> GetFieldAuditObservationDetails(int engId) {","Referenced by non-archive controller(s)."
"FRPT","DBConnection.FRPT.cs","SaveFieldAuditTextBlock","public","Confirmed Active","Reporting / Dashboards","Create or advance Reporting / Dashboards workflow data","FieldAuditReportController.cs","","PKG_FRPT.P_SAVE_TEXT_BLOCK","","T_FRPT_TEXT_BLOCKS","ONE; T_FRPT_TEXT_BLOCKS","P_ENG_ID:Int32; P_SECTION_CODE:Varchar2; P_TEXT_BLOCK:Clob","","","public void SaveFieldAuditTextBlock(int engId, string sectionCode, string text) {","Referenced by non-archive controller(s)."
"FRPT","DBConnection.FRPT.cs","GetStaffDesignationOptions","public","Confirmed Active","Reporting / Dashboards","Read/list workflow data for Reporting / Dashboards","FieldAuditReportController.cs","","PKG_FRPT.P_GET_STAFF_DESIGNATIONS","","V_FRPT_STAFF_DESIGNATIONS","","P_ENG_ID:Int32; O_CURSOR:RefCursor","","CODE; LABEL","public List<StaffDesignationOptionModel> GetStaffDesignationOptions(int engId) {","Referenced by non-archive controller(s)."
"FRPT","DBConnection.FRPT.cs","GetKpiOptions","public","Confirmed Active","Reporting / Dashboards","Read/list workflow data for Reporting / Dashboards","FieldAuditReportController.cs","","PKG_FRPT.P_GET_KPI_OPTIONS","","V_FRPT_KPI_OPTIONS","","P_ENG_ID:Int32; O_CURSOR:RefCursor","","KPI_CODE; KPI_LABEL; UNIT","public List<KpiOptionModel> GetKpiOptions(int engId) {","Referenced by non-archive controller(s)."
"FRPT","DBConnection.FRPT.cs","GetNplCategoryOptions","public","Confirmed Active","Reporting / Dashboards","Read/list workflow data for Reporting / Dashboards","FieldAuditReportController.cs","","PKG_FRPT.P_GET_NPL_CATEGORIES","","V_FRPT_NPL_CATEGORIES","","P_ENG_ID:Int32; O_CURSOR:RefCursor","","CODE; LABEL","public List<NplCategoryOptionModel> GetNplCategoryOptions(int engId) {","Referenced by non-archive controller(s)."
"FRPT","DBConnection.FRPT.cs","GetFieldAuditKpiSnapshots","public","Confirmed Active","Reporting / Dashboards","Read/list workflow data for Reporting / Dashboards","FieldAuditReportController.cs","","PKG_FRPT.P_GET_KPI_SNAPSHOT","","T_FRPT_KPI_SNAPSHOT","","P_ENG_ID:Int32; O_CURSOR:RefCursor","","KPI_CODE; KPI_LABEL; PERIOD_END; ACTUAL_VALUE; TARGET_VALUE; UNIT","public List<KpiSnapshotRowModel> GetFieldAuditKpiSnapshots(int engId) {","Referenced by non-archive controller(s)."
"FRPT","DBConnection.FRPT.cs","SaveFieldAuditKpiSnapshot","public","Confirmed Active","Reporting / Dashboards","Create or advance Reporting / Dashboards workflow data","FieldAuditReportController.cs","","PKG_FRPT.P_SAVE_KPI_SNAPSHOT","","T_FRPT_KPI_SNAPSHOT","T_FRPT_KPI_SNAPSHOT","P_ENG_ID:Int32; P_ENTITY_ID:Int32; P_KPI_CODE:Varchar2; P_KPI_LABEL:Varchar2; P_PERIOD_END:Date; P_ACTUAL_VALUE:Decimal; P_TARGET_VALUE:Decimal; P_UNIT:Varchar2","","","public void SaveFieldAuditKpiSnapshot(int engId, KpiSnapshotRowModel row) {","Referenced by non-archive controller(s)."
"FRPT","DBConnection.FRPT.cs","GetFieldAuditStatistics","public","Confirmed Active","Reporting / Dashboards","Read/list workflow data for Reporting / Dashboards","FieldAuditReportController.cs","","PKG_FRPT.P_GET_PDF_STATISTICS","","T_AU_OBSERVATION; T_RISK","","P_ENG_ID:Int32; P_REPORT_VERSION:Int32; O_CURSOR:RefCursor","","RISK_LEVEL; REPORTED_COUNT; RECTIFIED_COUNT; OUTSTANDING_COUNT","public List<FieldAuditPdfStatisticsRowModel> GetFieldAuditStatistics(int engId) {","Referenced by non-archive controller(s)."
"FRPT","DBConnection.FRPT.cs","GetPdfStatistics","public","Confirmed Active","Reporting / Dashboards","Read/list workflow data for Reporting / Dashboards","FieldAuditReportController.cs","","PKG_FRPT.P_GET_PDF_STATISTICS","","T_AU_OBSERVATION; T_RISK","","P_ENG_ID:Int32; P_REPORT_VERSION:Int32; O_CURSOR:RefCursor","","","public List<FieldAuditPdfStatisticsRowInput> GetPdfStatistics(int engId, int? reportVersion) {","Referenced by non-archive controller(s)."
"FRPT","DBConnection.FRPT.cs","SavePdfStatistics","public","Confirmed Active","Reporting / Dashboards","Create or advance Reporting / Dashboards workflow data","FieldAuditReportController.cs","","PKG_FRPT.P_SAVE_PDF_STATISTICS","","JSON_TABLE; T_AU_PLAN_ENG; T_FRPT_PDF_STATISTICS","T_FRPT_PDF_STATISTICS","P_ENG_ID:Int32; P_REPORT_VERSION:Int32; P_ROWS_JSON:Clob; P_USER_PPNO:Varchar2","","","public void SavePdfStatistics(int engId, int? reportVersion, IEnumerable<FieldAuditPdfStatisticsRowInput> rows, string userPpNo) {","Referenced by non-archive controller(s)."
"FRPT","DBConnection.FRPT.cs","GetIncomeLeakage","public","Confirmed Active","Reporting / Dashboards","Read/list workflow data for Reporting / Dashboards","FieldAuditReportController.cs","","PKG_FRPT.P_GET_INCOME_LEAKAGE","","","","P_ENG_ID:Int32; P_REPORT_VERSION:Int32; O_CURSOR:RefCursor","","","public List<FieldAuditIncomeLeakageRowInput> GetIncomeLeakage(int engId, int? reportVersion) {","Referenced by non-archive controller(s)."
"FRPT","DBConnection.FRPT.cs","SaveIncomeLeakage","public","Confirmed Active","Reporting / Dashboards","Create or advance Reporting / Dashboards workflow data","FieldAuditReportController.cs","","PKG_FRPT.P_SAVE_INCOME_LEAKAGE","","JSON_TABLE; T_AU_PLAN_ENG; T_FRPT_INCOME_LEAKAGE","T_FRPT_INCOME_LEAKAGE","P_ENG_ID:Int32; P_REPORT_VERSION:Int32; P_ROWS_JSON:Clob; P_USER_PPNO:Varchar2","","","public void SaveIncomeLeakage(int engId, int? reportVersion, IEnumerable<FieldAuditIncomeLeakageRowInput> rows, string userPpNo) {","Referenced by non-archive controller(s)."
"FRPT","DBConnection.FRPT.cs","GetOverallConclusion","public","Confirmed Active","Reporting / Dashboards","Read/list workflow data for Reporting / Dashboards","FieldAuditReportController.cs","","PKG_FRPT.P_GET_OVERALL_CONCLUSION","","T_FRPT_OVERALL_CONCLUSION","","P_ENG_ID:Int32; P_REPORT_VERSION:Int32; O_CURSOR:RefCursor","","","public FieldAuditOverallConclusionInput GetOverallConclusion(int engId, int? reportVersion) {","Referenced by non-archive controller(s)."
"FRPT","DBConnection.FRPT.cs","SaveOverallConclusion","public","Confirmed Active","Reporting / Dashboards","Create or advance Reporting / Dashboards workflow data","FieldAuditReportController.cs","","PKG_FRPT.P_SAVE_OVERALL_CONCLUSION","","DUAL; T_AU_PLAN_ENG","SET; T_FRPT_OVERALL_CONCLUSION","P_ENG_ID:Int32; P_REPORT_VERSION:Int32; P_OVERALL_CONCLUSION_HTML:Clob; P_NON_ADDRESSABLE_HTML:Clob; P_FRAUD_PRONE_HTML:Clob; P_REGULATORY_HTML:Clob; P_SAFETY_SECURITY_HTML:Clob; P_USER_PPNO:Varchar2","","","public void SaveOverallConclusion(int engId, int? reportVersion, FieldAuditOverallConclusionSaveRequest model, string userPpNo) {","Referenced by non-archive controller(s)."
"FRPT","DBConnection.FRPT.cs","GetFieldAuditTeamDetails","public","Confirmed Active","Reporting / Dashboards","Read/list workflow data for Reporting / Dashboards","FieldAuditReportController.cs","","","","","","","","","public List<GetTeamDetailsModel> GetFieldAuditTeamDetails(int engId) {","Referenced by non-archive controller(s)."
"FRPT","DBConnection.FRPT.cs","GetFieldAuditNplSnapshots","public","Confirmed Active","Reporting / Dashboards","Read/list workflow data for Reporting / Dashboards","FieldAuditReportController.cs","","PKG_FRPT.P_GET_NPL_SNAPSHOT","","T_FRPT_NPL_SNAPSHOT","","P_ENG_ID:Int32; O_CURSOR:RefCursor","","CATEGORY; PERIOD_END; CASE_COUNT; OUTSTANDING_AMOUNT; PROVISION_AMOUNT","public List<NplSnapshotRowModel> GetFieldAuditNplSnapshots(int engId) {","Referenced by non-archive controller(s)."
"FRPT","DBConnection.FRPT.cs","SaveFieldAuditNplSnapshot","public","Confirmed Active","Reporting / Dashboards","Create or advance Reporting / Dashboards workflow data","FieldAuditReportController.cs","","PKG_FRPT.P_SAVE_NPL_SNAPSHOT","","T_FRPT_NPL_SNAPSHOT","T_FRPT_NPL_SNAPSHOT","P_ENG_ID:Int32; P_CATEGORY:Varchar2; P_PERIOD_END:Date; P_CASE_COUNT:Int32; P_OUTSTANDING_AMOUNT:Decimal; P_PROVISION_AMOUNT:Decimal","","","public void SaveFieldAuditNplSnapshot(int engId, NplSnapshotRowModel row) {","Referenced by non-archive controller(s)."
"FRPT","DBConnection.FRPT.cs","GetFieldAuditStaffSnapshots","public","Confirmed Active","Reporting / Dashboards","Read/list workflow data for Reporting / Dashboards","FieldAuditReportController.cs","","PKG_FRPT.P_GET_STAFF_SNAPSHOT","","T_FRPT_STAFF_SNAPSHOT","","P_ENG_ID:Int32; O_CURSOR:RefCursor","","PP_NO; NAME; RANK; DESIGNATION","public List<StaffSnapshotRowModel> GetFieldAuditStaffSnapshots(int engId) {","Referenced by non-archive controller(s)."
"FRPT","DBConnection.FRPT.cs","SaveFieldAuditStaffSnapshot","public","Confirmed Active","Reporting / Dashboards","Create or advance Reporting / Dashboards workflow data","FieldAuditReportController.cs; MANReportController.cs","","PKG_FRPT.P_SAVE_STAFF_SNAPSHOT","","T_FRPT_STAFF_SNAPSHOT","T_FRPT_STAFF_SNAPSHOT","P_ENG_ID:Int32; P_PP_NO:Int32; P_NAME:Varchar2; P_RANK:Varchar2; P_DESIGNATION:Varchar2","","","public void SaveFieldAuditStaffSnapshot(int engId, StaffSnapshotRowModel row) {","Referenced by non-archive controller(s)."
"FRPT","DBConnection.FRPT.cs","GetFieldAuditReportChecklist","public","Confirmed Active","Reporting / Dashboards","Read/list workflow data for Reporting / Dashboards","FieldAuditReportController.cs","","","","","","","","","public FieldAuditReportChecklistModel GetFieldAuditReportChecklist(int engId) {","Referenced by non-archive controller(s)."
"FRPT","DBConnection.FRPT.cs","HasFieldAuditReportData","public","Confirmed Active","Reporting / Dashboards","Validate or inspect Reporting / Dashboards workflow state","FieldAuditReportController.cs; MANReportController.cs","","","","","","","","","public bool HasFieldAuditReportData(int engId) {","Referenced by non-archive controller(s)."
"FRPT","DBConnection.FRPT.cs","FinalizeFieldAuditReport","public","Confirmed Active","Reporting / Dashboards","Change state within Reporting / Dashboards workflow","FieldAuditReportController.cs; MANReportController.cs","","PKG_FRPT.P_FINALIZE_REPORT","PROCEDURE.","DUAL; T_FRPT_KPI_SNAPSHOT; T_FRPT_NPL_SNAPSHOT; T_FRPT_REPORT_META; T_FRPT_STAFF_SNAPSHOT","T_FRPT_REPORT_META","P_ENG_ID:Int32; IO_CURSOR:RefCursor","IO_CURSOR:RefCursor:Output","REMARKS","public FieldAuditFinalizeResult FinalizeFieldAuditReport(int engId) {","Referenced by non-archive controller(s)."
"FRPT.Pdf","DBConnection.FRPT.Pdf.cs","IsEngagementAllowedForPdf","public","Confirmed Active","Reporting / Dashboards","Validate or inspect Reporting / Dashboards workflow state","FieldAuditReportPdfController.cs","","PKG_FRPT.P_GET_ALLOWED_PDF_ENGS","","DUAL; T_AU_PLAN_ENG; T_FRPT_REPORT_META","","P_PP_NO:Int32; P_R_ID:Int32; P_ENT_ID:Int32; O_CURSOR:RefCursor","","","public bool IsEngagementAllowedForPdf(int engId) {","Referenced by non-archive controller(s)."
"FRPT.Pdf","DBConnection.FRPT.Pdf.cs","GetAllowedPdfEngagementDetails","public","Confirmed Active","Reporting / Dashboards","Read/list workflow data for Reporting / Dashboards","FieldAuditReportPdfController.cs","","PKG_FRPT.P_GET_ALLOWED_PDF_ENG_DETAILS","","T_AU_PLAN_ENG; T_AUDITEE_ENTITIES_MAPING; T_FRPT_REPORT_META","","P_PP_NO:Int32; P_R_ID:Int32; P_ENT_ID:Int32; O_CURSOR:RefCursor","","","public List<FrptEngagementListRow> GetAllowedPdfEngagementDetails(int ppNo, int rId, int entId) {","Referenced by non-archive controller(s)."
"FRPT.Pdf","DBConnection.FRPT.Pdf.cs","GetFieldAuditPdfHeader","public","Likely Active","Reporting / Dashboards","Read/list workflow data for Reporting / Dashboards","","","PKG_FRPT.P_GET_PDF_HEADER","","T_AU_PERIOD; T_AU_PLAN_ENG; T_AUDITEE_ENTITIES; T_AUDITEE_ENTITIES_MAPING; T_FRPT_REPORT_META","","P_ENG_ID:Int32; P_REPORT_VERSION:Int32; O_CURSOR:RefCursor","","","public FieldAuditPdfHeaderModel GetFieldAuditPdfHeader(int engId, int? reportVersion) {","No external call found, but referenced inside DBConnection and belongs to non-archive module."
"FRPT.Pdf","DBConnection.FRPT.Pdf.cs","GetFieldAuditPdfReportMeta","public","Likely Active","Reporting / Dashboards","Read/list workflow data for Reporting / Dashboards","","","PKG_FRPT.P_GET_PDF_REPORT_META","","T_AU_PERIOD; T_AU_PLAN_ENG; T_AUDITEE_ENTITIES; T_FRPT_REPORT_META","","P_ENG_ID:Int32; P_REPORT_VERSION:Int32; O_CURSOR:RefCursor","","","public FieldAuditPdfReportMetaModel GetFieldAuditPdfReportMeta(int engId, int? reportVersion) {","No external call found, but referenced inside DBConnection and belongs to non-archive module."
"FRPT.Pdf","DBConnection.FRPT.Pdf.cs","GetFieldAuditPdfSections","public","Likely Active","Reporting / Dashboards","Read/list workflow data for Reporting / Dashboards","","","PKG_FRPT.P_GET_PDF_SECTIONS","","T_FRPT_SECTION_MASTER; T_FRPT_TEXT_BLOCKS","","P_ENG_ID:Int32; P_REPORT_VERSION:Int32; O_CURSOR:RefCursor","","IS_MANDATORY","public List<FieldAuditPdfSectionModel> GetFieldAuditPdfSections(int engId, int? reportVersion) {","No external call found, but referenced inside DBConnection and belongs to non-archive module."
"FRPT.Pdf","DBConnection.FRPT.Pdf.cs","GetFieldAuditPdfKpiSnapshot","public","Likely Active","Reporting / Dashboards","Read/list workflow data for Reporting / Dashboards","","","PKG_FRPT.P_GET_PDF_KPI","","T_FRPT_KPI_SNAPSHOT","","P_ENG_ID:Int32; P_REPORT_VERSION:Int32; O_CURSOR:RefCursor","","","public List<FieldAuditPdfKpiRowModel> GetFieldAuditPdfKpiSnapshot(int engId, int? reportVersion) {","No external call found, but referenced inside DBConnection and belongs to non-archive module."
"FRPT.Pdf","DBConnection.FRPT.Pdf.cs","GetFieldAuditPdfNplSnapshot","public","Likely Active","Reporting / Dashboards","Read/list workflow data for Reporting / Dashboards","","","PKG_FRPT.P_GET_PDF_NPL","","T_FRPT_NPL_SNAPSHOT","","P_ENG_ID:Int32; P_REPORT_VERSION:Int32; O_CURSOR:RefCursor","","","public List<FieldAuditPdfNplRowModel> GetFieldAuditPdfNplSnapshot(int engId, int? reportVersion) {","No external call found, but referenced inside DBConnection and belongs to non-archive module."
"FRPT.Pdf","DBConnection.FRPT.Pdf.cs","GetFieldAuditPdfStaffSnapshot","public","Likely Active","Reporting / Dashboards","Read/list workflow data for Reporting / Dashboards","","","PKG_FRPT.P_GET_PDF_STAFF","","T_FRPT_STAFF_SNAPSHOT","","P_ENG_ID:Int32; P_REPORT_VERSION:Int32; O_CURSOR:RefCursor","","","public List<FieldAuditPdfStaffRowModel> GetFieldAuditPdfStaffSnapshot(int engId, int? reportVersion) {","No external call found, but referenced inside DBConnection and belongs to non-archive module."
"FRPT.Pdf","DBConnection.FRPT.Pdf.cs","GetFieldAuditPdfParas","public","Likely Active","Reporting / Dashboards","Read/list workflow data for Reporting / Dashboards","","","PKG_FRPT.R_GETAUDITEEPARAS","","T_AU_OBSERVATION; T_AU_OBSERVATION_FINAL_RECCOMENDATION; T_AU_OBSERVATION_TEXT; T_AU_OBSERVATIONS_AUDITEE_RESPONSE; T_AU_OBSERVATIONS_AUDITOR_RECOMMENDATION; T_AU_OBSERVATIONS_AUDITOR_REPLY; T_AUDIT_CHECKLIST_ANNEXURE; T_FRPT_PARA_NARRATIVE; T_RISK","","ENGID:Int32; ENT_ID:Int32; P_NO:Int32; R_ID:Int32; T_CURSOR:RefCursor","","","public List<FieldAuditPdfParaModel> GetFieldAuditPdfParas(int engId, int? reportVersion) {","No external call found, but referenced inside DBConnection and belongs to non-archive module."
"FRPT.Pdf","DBConnection.FRPT.Pdf.cs","GetFieldAuditPdfStatistics","public","Likely Active","Reporting / Dashboards","Read/list workflow data for Reporting / Dashboards","","","PKG_FRPT.P_GET_PDF_STATISTICS","","T_AU_OBSERVATION; T_RISK","","P_ENG_ID:Int32; P_REPORT_VERSION:Int32; O_CURSOR:RefCursor","","","public List<FieldAuditPdfStatisticsRowModel> GetFieldAuditPdfStatistics(int engId, int? reportVersion) {","No external call found, but referenced inside DBConnection and belongs to non-archive module."
"FRPT.Pdf","DBConnection.FRPT.Pdf.cs","GetFieldAuditPdfIncomeLeakage","public","Likely Active","Reporting / Dashboards","Read/list workflow data for Reporting / Dashboards","","","PKG_FRPT.P_GET_PDF_INCOME_LEAKAGE","","T_FRPT_INCOME_LEAKAGE","","P_ENG_ID:Int32; P_REPORT_VERSION:Int32; O_CURSOR:RefCursor","","","public List<FieldAuditPdfIncomeLeakageRowModel> GetFieldAuditPdfIncomeLeakage(int engId, int? reportVersion) {","No external call found, but referenced inside DBConnection and belongs to non-archive module."
"HD","DBConnection.HD.cs","GetUserName","public","Confirmed Active","Compliance / Post Compliance","Read/list workflow data for Compliance / Post Compliance","ApiCallsController.cs","","pkg_hd.p_ppno_name","","V_HR_EMPLOYEE_INFO_PPNO_NDC","","ppno:Int32; ENT_ID:Int32; P_NO:Int32; R_ID:Int32; T_CURSOR:RefCursor","T_CURSOR:RefCursor:Output","EMPLOYEE_NAME","public string GetUserName(string PPNUMBER) {","Referenced by non-archive controller(s)."
"HD","DBConnection.HD.cs","GetZoneBranches","public","Confirmed Active","Compliance / Post Compliance","Read/list workflow data for Compliance / Post Compliance","ApiCallsController.cs","","pkg_hd.P_GetOldParasEntityid","","T_AUDITEE_ENTITIES; T_AUDITEE_ENTITIES_MAPING; V_GET_PARENT_OFFICE","","Entityid:Int32; ENT_ID:Int32; P_NO:Int32; R_ID:Int32; T_CURSOR:RefCursor","T_CURSOR:RefCursor:Output","branchentityid; branchname","public List<BranchModel> GetZoneBranches(int zone_code = 0, bool sessionCheck = true) {","Referenced by non-archive controller(s)."
"HD","DBConnection.HD.cs","GetEntityObservationDetails","public","Confirmed Active","Compliance / Post Compliance","Read/list workflow data for Compliance / Post Compliance","ApiCallsController.cs","","pkg_hd.P_get_audit_pre_Concluding","","DUAL; T_AU_ACTIVITY_LOG; T_AU_OBSERVATION; T_AU_OBSERVATION_FINAL_RECCOMENDATION; T_AU_OBSERVATION_GIST; T_AU_OBSERVATION_STATUS; T_AU_OBSERVATION_TEXT; T_AU_PLAN_DISPLAY; T_AU_PLAN_ENG; T_RISK","T_AU_ACTIVITY_LOG","engid:Int32; ENT_ID:Int32; P_NO:Int32; R_ID:Int32; T_CURSOR:RefCursor","T_CURSOR:RefCursor:Output","id; ob_status; final_para_no; headings; STATUS; severity","public List<PreConcludingModel> GetEntityObservationDetails(int ENG_ID = 0) {","Referenced by non-archive controller(s)."
"HD","DBConnection.HD.cs","GetOldParasObservationResponsiblePPNOsUpdatedByImp","public","Likely Active","Compliance / Post Compliance","Read/list workflow data for Compliance / Post Compliance","","","pkg_hd.P_GetOldParasforfinalsettlement_responsibles","","","","paraRef:Varchar2; OBSID:Varchar2; P_C:Varchar2; T_CURSOR:RefCursor","T_CURSOR:RefCursor:Output","EMP_NAME","public List<ObservationResponsiblePPNOModel> GetOldParasObservationResponsiblePPNOsUpdatedByImp(int PARA_ID, string PARA_CATEGORY, int AU_OBS_ID) {","No external call found, but referenced inside DBConnection and belongs to non-archive module."
"HD","DBConnection.HD.cs","GetFinalizedDraftObservations","public","Confirmed Active","Compliance / Post Compliance","Read/list workflow data for Compliance / Post Compliance","ApiCallsController.cs","","pkg_hd.P_GetFinalizedDraftObservations","","T_AU_OBSERVATION; T_AU_OBSERVATION_STATUS; T_AU_OBSERVATION_TEXT; T_AU_PERIOD; T_AU_PLAN_ENG; T_AUDITEE_ENTITIES; T_RISK","","ENGID:Int32; ENT_ID:Int32; P_NO:Int32; R_ID:Int32; T_CURSOR:RefCursor","T_CURSOR:RefCursor:Output","OBS_ID; OBS_RISK_ID; OBS_STATUS_ID; MEMO_NO; DRAFT_PARA; FINAL_PARA; ENTITY_NAME; TITLE; OBS_STATUS; OBS_RISK; PERIOD","public List<ManageObservations> GetFinalizedDraftObservations(int ENG_ID = 0, int OBS_ID = 0) {","Referenced by non-archive controller(s)."
"HD","DBConnection.HD.cs","GetFinalizedDraftObservationsBranch","public","Confirmed Active","Compliance / Post Compliance","Read/list workflow data for Compliance / Post Compliance","ApiCallsController.cs","","pkg_hd.P_GetFinalizedDraftObservationsbranch","","DUAL; T_AU_ACTIVITY_LOG; T_AU_OBSERVATION; T_AU_OBSERVATION_STATUS; T_AU_OBSERVATION_TEXT; T_AU_OBSERVATIONS_AUDITOR_RESPONSE; T_AU_PERIOD; T_AU_PLAN_ENG; T_AUDIT_CHECKLIST; T_AUDIT_CHECKLIST_DETAILS; T_AUDIT_CHECKLIST_SUB; T_AUDITEE_ENTITIES; T_RISK","T_AU_ACTIVITY_LOG","ENGID:Int32; ENT_ID:Int32; P_NO:Int32; R_ID:Int32; T_CURSOR:RefCursor","T_CURSOR:RefCursor:Output","OBS_ID; OBS_RISK_ID; OBS_STATUS_ID; MEMO_NO; DRAFT_PARA; FINAL_PARA; PROCESS; SUB_PROCESS; CHECK_LIST_DETAIL; HEADINGS; ENTITY_NAME; OBS_STATUS; OBS_RISK; PERIOD","public List<ManageObservations> GetFinalizedDraftObservationsBranch(int ENG_ID = 0, int OBS_ID = 0) {","Referenced by non-archive controller(s)."
"HD","DBConnection.HD.cs","GetOldParas","public","Confirmed Active","Compliance / Post Compliance","Read/list workflow data for Compliance / Post Compliance","ApiCallsController.cs","","pkg_hd.P_GetOldParas","","T_AU_OLD_PARAS_FAD; T_AU_OLD_PARAS_FAD_TEXT","","ENTITYID:Int32; AUDITPERIOD:Int32; T_CURSOR:RefCursor","T_CURSOR:RefCursor:Output","ID; REF_P; ENTITY_ID; ENTITY_CODE; TYPE_ID; AUDIT_PERIOD; ENTITY_NAME; PARA_NO; GIST_OF_PARAS; ANNEXURE; AMOUNT_INVOLVED; VOL_I_II; AUDITED_BY; AUDITEDBY","public List<OldParasModel> GetOldParas(string AUDITED_BY, string AUDIT_YEAR) {","Referenced by non-archive controller(s)."
"HD","DBConnection.HD.cs","GetOldSettledParasForResponse","public","Confirmed Active","Compliance / Post Compliance","Read/list workflow data for Compliance / Post Compliance","ApiCallsController.cs","","pkg_hd.P_GetOldParasForResponse","","T_AU_OBSERVATION_OLD_CAD_PARAS; T_AU_OLD_PARAS_FAD; T_AU_OLD_PARAS_FAD_STATUS_CHANGE_LOG; T_AUDITEE_ENTITIES","","UserEntityId:Int32; ENTITYID:Int32; R_ID:Int32; T_CURSOR:RefCursor","T_CURSOR:RefCursor:Output","ID; REF_P; AU_OBS_ID; ENTITY_ID; ENTITY_CODE; AUDIT_PERIOD; ENTITY_NAME; PARA_NO; GIST_OF_PARAS; AMOUNT_INVOLVED; IND; PARA_STATUS","public List<OldParasModel> GetOldSettledParasForResponse(int ENTITY_ID = 0) {","Referenced by non-archive controller(s)."
"HD","DBConnection.HD.cs","GetCurrentParasForStatusChangeRequest","public","Confirmed Active","Compliance / Post Compliance","Read/list workflow data for Compliance / Post Compliance","ApiCallsController.cs","","pkg_hd.P_GetnewParasForResponse","","AIS_T_AU_POST_COMPLIANCE; T_AU_NEW_PARAS_STATUS_CHANGE_LOG; T_AU_OBSERVATION; T_AU_OBSERVATION_STATUS; T_AU_OBSERVATION_TEXT; T_AU_PERIOD; T_AU_PLAN_ENG; T_AUDITEE_ENTITIES","","UserEntityId:Int32; ENTITYID:Int32; T_CURSOR:RefCursor","T_CURSOR:RefCursor:Output","ID; ENTITY_ID; ENTITY_CODE; AUDIT_PERIOD; ENTITY_NAME; PARA_NO; gist_of_para; AMOUNT_INVOLVED; PARA_STATUS","public List<OldParasModel> GetCurrentParasForStatusChangeRequest(int ENTITY_ID = 0) {","Referenced by non-archive controller(s)."
"HD","DBConnection.HD.cs","GetCurrentParasForStatusChangeRequestReview","public","Confirmed Active","Compliance / Post Compliance","Read/list workflow data for Compliance / Post Compliance","ApiCallsController.cs","","pkg_hd.P_GetnewParasForResponse_reviewer","","T_AU_NEW_PARAS_STATUS_CHANGE_LOG; T_AU_OBSERVATION; T_AU_OBSERVATION_STATUS; T_AU_OBSERVATION_TEXT; T_AU_PERIOD; T_AU_PLAN_ENG; T_AUDITEE_ENTITIES","","UserEntityId:Int32; T_CURSOR:RefCursor","T_CURSOR:RefCursor:Output","ID; ENTITY_ID; ENTITY_CODE; AUDIT_PERIOD; ENTITY_NAME; PARA_NO; gist_of_para; AMOUNT_INVOLVED; remarks; PARA_STATUS","public List<OldParasModel> GetCurrentParasForStatusChangeRequestReview() {","Referenced by non-archive controller(s)."
"HD","DBConnection.HD.cs","GetManageLegacyParas","public","Confirmed Active","Compliance / Post Compliance","Read/list workflow data for Compliance / Post Compliance","ApiCallsController.cs","","pkg_hd.P_GetOldParas","","T_AU_OLD_PARAS_FAD; T_AU_OLD_PARAS_FAD_TEXT","","ENTITYID:Int32; T_CURSOR:RefCursor","T_CURSOR:RefCursor:Output","ID; REF_P; ENTITY_ID; ENTITY_CODE; TYPE_ID; AUDIT_PERIOD; ENTITY_NAME; PARA_NO; GIST_OF_PARAS; ANNEXURE; AMOUNT_INVOLVED; VOL_I_II; AUDITED_BY; AUDITEDBY","public List<OldParasModel> GetManageLegacyParas() {","Referenced by non-archive controller(s)."
"HD","DBConnection.HD.cs","GetCurrentParasEntitiesForStatusChange","public","Likely Active","Compliance / Post Compliance","Read/list workflow data for Compliance / Post Compliance","","ArchiveController.cs","pkg_hd.P_GetEntitiesForNewPara","","T_AU_PLAN_ENG; T_AUDITEE_ENTITIES; V_GET_PARENT_OFFICE","","ENTITYID:Int32; T_CURSOR:RefCursor","T_CURSOR:RefCursor:Output","ENTITY_ID; ENG_ID; NAME","public List<AuditeeOldParasModel> GetCurrentParasEntitiesForStatusChange() {","No external call found, but referenced inside DBConnection and belongs to non-archive module."
"HD","DBConnection.HD.cs","UpdateOldParasStatus","public","Confirmed Active","Compliance / Post Compliance","Change state within Compliance / Post Compliance workflow","ApiCallsController.cs","","pkg_hd.P_UpdateOldParasFadsettleunsettle","","","T_AU_OLD_PARAS_FAD","PPNO:Int32; PID:Int32;  NEW_STATUS :Int32","","","public bool UpdateOldParasStatus(int ID, int NEW_STATUS) {","Referenced by non-archive controller(s)."
"HD","DBConnection.HD.cs","GetObservationEntities","public","Confirmed Active","Compliance / Post Compliance","Read/list workflow data for Compliance / Post Compliance","ExecutionController.cs; FADController.cs","","pkg_hd.P_get_audit_pre_Concluding_entities","","T_AU_PLAN_ENG; T_AUDITEE_ENTITIES","","userentityid:Int32; T_CURSOR:RefCursor","T_CURSOR:RefCursor:Output","CODE; entity_name; ENTITY_ID; eng_id; TYPE_ID","public List<AuditeeEntitiesModel> GetObservationEntities() {","Referenced by non-archive controller(s)."
"HD","DBConnection.HD.cs","GetObservationEntitiesForPreConcluding","public","Confirmed Active","Compliance / Post Compliance","Read/list workflow data for Compliance / Post Compliance","ExecutionController.cs; FADController.cs; ManagementAuditController.cs","","pkg_hd.P_get_audit_pre_Concluding_entities","","T_AU_PLAN_ENG; T_AUDITEE_ENTITIES","","userentityid:Int32; PAGE_ID:Int32; T_CURSOR:RefCursor","T_CURSOR:RefCursor:Output","ENTITY_NAME; ENG_ID; TYPE_ID","public List<AuditeeEntitiesModel> GetObservationEntitiesForPreConcluding(int pageId = 0) {","Referenced by non-archive controller(s)."
"HD","DBConnection.HD.cs","GetSettledPostCompliancesForMonitoring","public","Confirmed Active","Compliance / Post Compliance","Read/list workflow data for Compliance / Post Compliance","ApiCallsController.cs","","pkg_hd.P_GetSettledParasForReview","","DUAL; T_AU_AUDIT_TEAM_TASKLIST; T_AUDITEE_ENTITIES; V_GET_AIS_POST_COMPLIANCE_HO","","P_NO:Int32; ENT_ID:Int32; R_ID:Int32; MON:Varchar2; YR:Varchar2; T_CURSOR:RefCursor","T_CURSOR:RefCursor:Output","COM_ID; ENTITY_ID; NAME; COM_KEY; NEW_PARAID; old_para_id; PARA_STATUS; ind; rsk; gist_of_paras; audit_period; para_no; STELLED_ON; COM_STAGE; COM_STATUS; COM_CYCLE; COM_UNIT; SETTLED_BY; REVIEWED_BY","public List<SettledPostCompliancesModel> GetSettledPostCompliancesForMonitoring(string MONTH_NAME, string YEAR) {","Referenced by non-archive controller(s)."
"HD","DBConnection.HD.cs","GetOldParasBranchComplianceTextForImpIncharge","public","Confirmed Active","Compliance / Post Compliance","Read/list workflow data for Compliance / Post Compliance","ApiCallsController.cs","","pkg_hd.P_GetOldParasforsettlementext","","","","Entityid:Int32; pid:Int32; OBS_ID:Varchar2; refP:Varchar2; P_C:Varchar2; T_CURSOR:RefCursor","T_CURSOR:RefCursor:Output","para_text; gist_of_paras","public GetOldParasBranchComplianceTextModel GetOldParasBranchComplianceTextForImpIncharge(int PID, string Ref_P, string PARA_CATEGORY, string REPLY_DATE, string OBS_ID) {","Referenced by non-archive controller(s)."
"HD","DBConnection.HD.cs","GetOldParasReferredBackBranchComplianceTextForImpIncharge","public","Confirmed Active","Compliance / Post Compliance","Read/list workflow data for Compliance / Post Compliance","ApiCallsController.cs","","pkg_hd.P_GetOldParasforsettlementext_referedack","","","","Entityid:Int32; pid:Int32; refP:Varchar2; OBS_ID:Varchar2; P_C:Varchar2; T_CURSOR:RefCursor","T_CURSOR:RefCursor:Output","para_text; gist_of_paras","public GetOldParasBranchComplianceTextModel GetOldParasReferredBackBranchComplianceTextForImpIncharge(int PID, string Ref_P, string PARA_CATEGORY, string REPLY_DATE, string OBS_ID) {","Referenced by non-archive controller(s)."
"HD","DBConnection.HD.cs","GetOldParasBranchComplianceTextForHeadAZ","public","Confirmed Active","Compliance / Post Compliance","Read/list workflow data for Compliance / Post Compliance","ApiCallsController.cs","","pkg_hd.P_GetOldParasforfinalsettlementext","","","","Entityid:Int32; OBS_ID:Varchar2; refP:Varchar2; PID:Int32; P_C:Varchar2; T_CURSOR:RefCursor","T_CURSOR:RefCursor:Output","para_text; gist_of_paras","public GetOldParasBranchComplianceTextModel GetOldParasBranchComplianceTextForHeadAZ(int PID, string Ref_P, string OBS_ID, string PARA_CATEGORY, string REPLY_DATE) {","Referenced by non-archive controller(s)."
"HD","DBConnection.HD.cs","GetComplianceForImpZone","public","Confirmed Active","Compliance / Post Compliance","Read/list workflow data for Compliance / Post Compliance","ApiCallsController.cs","","pkg_hd.P_GetOldParasforsettlement","","","","EntityID:Int32; T_CURSOR:RefCursor","T_CURSOR:RefCursor:Output","ID; ref_p; AU_OBS_ID; Reportingoffice; auditeename; audit_period; para_no; headings; replieddate; PARA_CATEGORY; RISK; remarks; SEQUENCE; auditedby","public List<GetOldParasforComplianceSettlement> GetComplianceForImpZone() {","Referenced by non-archive controller(s)."
"HD","DBConnection.HD.cs","GetReferredBackParasComplianceForImpZone","public","Confirmed Active","Compliance / Post Compliance","Read/list workflow data for Compliance / Post Compliance","ApiCallsController.cs","","pkg_hd.P_GetOldParasforsettlement_ref","","","","EntityID:Int32; T_CURSOR:RefCursor","T_CURSOR:RefCursor:Output","ID; ref_p; AU_OBS_ID; Reportingoffice; auditeename; audit_period; para_no; headings; replieddate; PARA_CATEGORY; risk; remarks; SEQUENCE; auditedby","public List<GetOldParasforComplianceSettlement> GetReferredBackParasComplianceForImpZone() {","Referenced by non-archive controller(s)."
"HD","DBConnection.HD.cs","GetOldParasBranchComplianceSubmission","public","Confirmed Active","Compliance / Post Compliance","Read/list workflow data for Compliance / Post Compliance","ApiCallsController.cs","","pkg_hd.P_GetOldParasforsettlement","","","","EntityID:Int32; T_CURSOR:RefCursor","T_CURSOR:RefCursor:Output","ID; ref_p; Reportingoffice; auditeename; audit_period; para_no; gistofpara; amount_involved; reply; remarks; REVIEWER_REMARKS; submitted; c_status","public List<GetOldParasforComplianceSettlement> GetOldParasBranchComplianceSubmission() {","Referenced by non-archive controller(s)."
"HD","DBConnection.HD.cs","GetOldParasForFinalSettlement","public","Confirmed Active","Compliance / Post Compliance","Read/list workflow data for Compliance / Post Compliance","ApiCallsController.cs","","pkg_hd.P_GetOldParasforfinalsettlement","","","","EntityID:Int32; T_CURSOR:RefCursor","T_CURSOR:RefCursor:Output","REF_P; AUDITEENAME; PARA_NO; GISTOFPARA; RISK; REMARKS; AUDIT_PERIOD; REPLIEDDATE; PARA_CATEGORY; ENTITY_ID; ID; AU_OBS_ID; SEQUENCE; AUDITEDBY","public List<GetOldParasForFinalSettlement> GetOldParasForFinalSettlement() {","Referenced by non-archive controller(s)."
"HD","DBConnection.HD.cs","AddOldParasStatusUpdate","public","Confirmed Active","Compliance / Post Compliance","Create or advance Compliance / Post Compliance workflow data","ApiCallsController.cs","","pkg_hd.P_AddOldParasImpRemarks","","","","P_NO:Int32; ENT_ID:Int32; P_C:Varchar2; OBS_ID:Varchar2; REFID:Varchar2; REMARK:Varchar2; STATUS:Varchar2; R_STATUS:Int32; SEQ_ID:Varchar2; AUDIT_ID:Varchar2; T_CURSOR:RefCursor","T_CURSOR:RefCursor:Output","remarks","public string AddOldParasStatusUpdate(string OBS_ID, string REFID, string REMARKS, int NEW_STATUS, string PARA_CATEGORY, string SETTLE_INDICATOR, string SEQUENCE, string AUDITED_BY) {","Referenced by non-archive controller(s)."
"HD","DBConnection.HD.cs","AddOldParasStatusPartiallySettle","public","Confirmed Active","Compliance / Post Compliance","Create or advance Compliance / Post Compliance workflow data","ApiCallsController.cs","","pkg_hd.P_AddOldParasImpRemarks_partial_comp; pkg_hd.p_add_para_responsibility_partial_comp","","","","P_NO:Int32; ENT_ID:Int32; P_C:Varchar2; O_B:Varchar2; REFID:Varchar2; REMARK:Varchar2; PARA_T:Clob; STATUS:Varchar2; R_STATUS:Int32; SEQ_ID:Varchar2; T_CURSOR:RefCursor; PPNO:Int32; USER_PPNO:Int32; LC_NO:Int32; LC_AMOUNT:Int32; AC_NO:Int32; AC_AMOUNT:Int32; refp:Varchar2; OBS_ID:Varchar2; A_C:Varchar2","T_CURSOR:RefCursor:Output","remarks","public string AddOldParasStatusPartiallySettle(string OBS_ID, string REFID, string REMARKS, int NEW_STATUS, string PARA_CATEGORY, string SETTLE_INDICATOR, List<ObservationResponsiblePPNOModel> RESPONSIBLES_ARR, string SEQUENCE, string AUDITED_BY, string PARA_TEXT) {","Referenced by non-archive controller(s)."
"HD","DBConnection.HD.cs","AddOldParasheadStatusUpdate","public","Confirmed Active","Compliance / Post Compliance","Create or advance Compliance / Post Compliance workflow data","ApiCallsController.cs","","pkg_hd.P_AddFinalsettlement","","","","P_NO:Int32; ENT_ID:Int32; P_C:Varchar2; OBSID:Int32; REFP:Varchar2; REMARK:Varchar2; STATUS:Varchar2; R_STATUS:Int32; SEQ_ID:Varchar2; AUDIT_ID:Varchar2; AUDITEE_ID:Varchar2; T_CURSOR:RefCursor","T_CURSOR:RefCursor:Output","remarks","public string AddOldParasheadStatusUpdate(int PARA_ID, string REMARKS, int NEW_STATUS, string PARA_REF, string PARA_INDICATOR, string PARA_CATEGORY, int AU_OBS_ID, string SEQUENCE, string AUDITED_BY, string ENTITY_ID) {","Referenced by non-archive controller(s)."
"HD","DBConnection.HD.cs","GetOldParasForMonitoring","public","Confirmed Active","Compliance / Post Compliance","Read/list workflow data for Compliance / Post Compliance","ApiCallsController.cs","","pkg_hd.P_GET_ALL_PARAS_MONITORING","","AIS_T_AU_POST_COMPLIANCE; T_AUDITEE_ENTITIES; T_RISK","","EntityID:Int32; T_CURSOR:RefCursor","T_CURSOR:RefCursor:Output","AUDIT_PERIOD; IND; PARA_NO; GIST_OF_PARAS; ENTITY_NAME; OLD_PARA_ID; OBS_ID; PARA_RISK; COM_ID","public List<AuditeeOldParasModel> GetOldParasForMonitoring(int ENTITY_ID = 0) {","Referenced by non-archive controller(s)."
"HD","DBConnection.HD.cs","GetParaText","public","Confirmed Active","Compliance / Post Compliance","Read/list workflow data for Compliance / Post Compliance","ApiCallsController.cs","","pkg_hd.P_GetOldParastext","","T_AU_OLD_PARAS_FAD_TEXT","","para_ref:Varchar2; T_CURSOR:RefCursor","T_CURSOR:RefCursor:Output","PARA_TEXT","public string GetParaText(string ref_p) {","Referenced by non-archive controller(s)."
"HD","DBConnection.HD.cs","GetAllParaText","public","Confirmed Active","Compliance / Post Compliance","Read/list workflow data for Compliance / Post Compliance","ApiCallsController.cs","","pkg_hd.P_GET_ALL_PARA_TEXT","","AIS_T_AU_POST_COMPLIANCE; T_AU_OBSERVATION_OLD_CAD_PARAS_TEXT; T_AU_OBSERVATION_TEXT; T_AU_OLD_PARAS_FAD; T_AU_OLD_PARAS_FAD_TEXT","","CM_ID:Varchar2; T_CURSOR:RefCursor","T_CURSOR:RefCursor:Output","PARA_TEXT","public string GetAllParaText(int COM_ID) {","Referenced by non-archive controller(s)."
"HD","DBConnection.HD.cs","GetOldParasForMonitoringPpno","public","Confirmed Active","Compliance / Post Compliance","Read/list workflow data for Compliance / Post Compliance","ApiCallsController.cs","","pkg_hd.p_ppno_para","","AIS_T_AU_POST_COMPLIANCE; T_AUDIT_CHECKLIST_ANNEXURE; T_AUDITEE_ENTITIES; V_GET_PPNO_RESPONSIBILITY_LIST","","P_NO:Int32; R_ID:Int32; ENT_ID:Int32; ppno:Int32; T_CURSOR:RefCursor","T_CURSOR:RefCursor:Output","COM_ID; OLD_PARA_ID; NEW_PARA_ID; NAME; AUDIT_PERIOD; AMOUNT; CODE; PARA_STATUS; IND; PARA_NO; GIST_OF_PARAS","public List<AuditeeOldParasPpnoModel> GetOldParasForMonitoringPpno(int ppno) {","Referenced by non-archive controller(s)."
"HD","DBConnection.HD.cs","AddChangeStatusRequestForSettledPara","public","Confirmed Active","Compliance / Post Compliance","Create or advance Compliance / Post Compliance workflow data","ApiCallsController.cs","","pkg_hd.p_changestatusrequestforsettledpara","","DUAL; T_AU_OBSERVATION_OLD_CAD_PARAS; T_AU_OLD_PARAS_FAD; T_AU_OLD_PARAS_FAD_STATUS_CHANGE_LOG","T_AU_OLD_PARAS_FAD; T_AU_OLD_PARAS_FAD_STATUS_CHANGE_LOG","refp:Varchar2; au_obs_id:Int32; ind:Varchar2; NewStatus:Int32; ppno:Int32; remarks:Varchar2; T_CURSOR:RefCursor","T_CURSOR:RefCursor:Output","Remark","public string AddChangeStatusRequestForSettledPara(string REFID, string OBS_ID, string INDICATOR, int NEW_STATUS, string REMARKS) {","Referenced by non-archive controller(s)."
"HD","DBConnection.HD.cs","ReviewerAddChangeStatusRequestForSettledPara","public","Confirmed Active","Compliance / Post Compliance","Support Compliance / Post Compliance workflow","ApiCallsController.cs","","pkg_hd.P_ChangeStatusRequestForSettledPara_new_reviewer","","DUAL; T_AU_NEW_PARAS_STATUS_CHANGE_LOG","T_AU_NEW_PARAS_STATUS_CHANGE_LOG","obsid:Varchar2; P_IND:Varchar2; Remark:Varchar2; ind:Varchar2; ENT_ID:Int32; P_NO:Int32; R_ID:Int32; T_CURSOR:RefCursor","T_CURSOR:RefCursor:Output","Remark","public string ReviewerAddChangeStatusRequestForSettledPara(string REFID, string IND, string REMARKS, string Action_IND) {","Referenced by non-archive controller(s)."
"HD","DBConnection.HD.cs","AddChangeStatusRequestForCurrentPara","public","Confirmed Active","Compliance / Post Compliance","Create or advance Compliance / Post Compliance workflow data","ApiCallsController.cs","","pkg_hd.P_ChangeStatusRequestForSettledPara_new","","AIS_T_AU_POST_COMPLIANCE; DUAL; T_AU_ACTIVITY_LOG; T_AU_NEW_PARAS_STATUS_CHANGE_LOG; T_AU_OBSERVATION","T_AU_ACTIVITY_LOG; T_AU_NEW_PARAS_STATUS_CHANGE_LOG","obs_id:Varchar2; NewStatus:Int32; remarks:Varchar2; ENT_ID:Int32; P_NO:Int32; R_ID:Int32; T_CURSOR:RefCursor","T_CURSOR:RefCursor:Output","Remark","public string AddChangeStatusRequestForCurrentPara(string REFID, int NEW_STATUS, string REMARKS) {","Referenced by non-archive controller(s)."
"HD","DBConnection.HD.cs","AddObservationGistAndRecommendation","public","Confirmed Active","Compliance / Post Compliance","Create or advance Compliance / Post Compliance workflow data","ApiCallsController.cs","","","","","","obsid:Int32; gist:Varchar2; recom:Varchar2; ENT_ID:Int32; P_NO:Int32; R_ID:Int32; T_CURSOR:RefCursor","T_CURSOR:RefCursor:Output","remarks","public string AddObservationGistAndRecommendation(int OBS_ID = 0, string GIST_OF_PARA = """", string AUDITOR_RECOMMENDATION = """") {","Referenced by non-archive controller(s)."
"HD","DBConnection.HD.cs","GetAuditConcludingEntities","public","Confirmed Active","Compliance / Post Compliance","Read/list workflow data for Compliance / Post Compliance","ExecutionController.cs","","pkg_hd.p_get_audit_concluding_entities","","T_AU_PLAN_ENG; T_AUDITEE_ENTITIES","","ENT_ID:Int32; P_NO:Int32; R_ID:Int32; T_CURSOR:RefCursor","T_CURSOR:RefCursor:Output","ENTITY_NAME; ENG_ID; TYPE_ID","public List<AuditConcludingEntitiesModel> GetAuditConcludingEntities() {","Referenced by non-archive controller(s)."
"HD","DBConnection.HD.cs","ConcludeDraftAuditReport","public","Confirmed Active","Compliance / Post Compliance","Change state within Compliance / Post Compliance workflow","ApiCallsController.cs","","pkg_hd.P_Audit_Concluding","","AIS_T_AU_POST_COMPLIANCE; DUAL; T_AU_OBSERVATION; T_AU_OBSERVATION_FAD; T_AU_OBSERVATION_MAN; T_AU_OBSERVATION_TEXT; T_AU_PERIOD; T_AU_PLAN_ENG; T_AU_PLAN_ENG_LOG; T_AU_REMARKS; T_AUDIT_PARA; T_AUDITEE_ENT_TYPES; T_AUDITEE_ENTITIES; T_FRPT_KPI_SNAPSHOT; T_FRPT_NPL_SNAPSHOT; T_FRPT_REPORT_META; T_FRPT_STAFF_SNAPSHOT","AIS_T_AU_POST_COMPLIANCE; T_AU_AUDIT_JOINING; T_AU_AUDIT_TEAM_TASKLIST; T_AU_OBSERVATION_MAN; T_AU_OBSERVATION_RESPONIBILITY_ASSIGNED; T_AU_PLAN_ENG; T_AU_PLAN_ENG_LOG; T_AUDIT_PARA","ENGID:Int32; ENT_ID:Int32; P_NO:Int32; R_ID:Int32; T_CURSOR:RefCursor","T_CURSOR:RefCursor:Output","REMARKS","public string ConcludeDraftAuditReport(int ENG_ID) {","Referenced by non-archive controller(s)."
"HD","DBConnection.HD.cs","SubmitPreConcluding","public","Confirmed Active","Compliance / Post Compliance","Create or advance Compliance / Post Compliance workflow data","ApiCallsController.cs","","pkg_hd.P_audit_pre_submission","","DUAL; T_AU_ACTIVITY_LOG; T_AU_OBSERVATION; T_AU_OBSERVATION_GIST; T_AU_PLAN_ENG; T_AU_PLAN_ENG_LOG","T_AU_ACTIVITY_LOG; T_AU_PLAN_ENG; T_AU_PLAN_ENG_LOG","engid:Int32; ENT_ID:Int32; P_NO:Int32; R_ID:Int32; T_CURSOR:RefCursor","T_CURSOR:RefCursor:Output","remarks","public string SubmitPreConcluding(int ENG_ID) {","Referenced by non-archive controller(s)."
"HD","DBConnection.HD.cs","UpdateAuditParaForFinalization","public","Confirmed Active","Compliance / Post Compliance","Change state within Compliance / Post Compliance workflow","ApiCallsController.cs","","pkg_hd.P_audit_para_update_svz_az","","DUAL","T_AU_OBSERVATION; T_AU_OBSERVATION_TEXT","OBID:Int32; ANXID:Int32; PROCID:Int32; SUB_PROCID:Int32; PROC_DETID:Int32; RISKID:Int32; FINAL_PARA:Int32; PARA_GIST:Varchar2; TEXT_OF_PARA:Clob; AMOUNT_INV:Int32; NO_INST:Int32; P_REFERENCE_ID:Int64; P_NO:Int32; ENT_ID:Int32; R_ID:Int32; T_CURSOR:RefCursor","T_CURSOR:RefCursor:Output","remarks","public string UpdateAuditParaForFinalization(int OBS_ID, string ANNEX_ID, string PROCESS_ID, int SUB_PROCESS_ID, int PROCESS_DETAIL_ID, int RISK_ID, int FINAL_PARA_NO, string GIST_OF_PARA, string TEXT_PARA, string AMOUNT_INV, string NO_INST, long? REFERENCE_ID = null) {","Referenced by non-archive controller(s)."
"HD","DBConnection.HD.cs","UpdateAuditParaForFinalizationHO","public","Confirmed Active","Compliance / Post Compliance","Change state within Compliance / Post Compliance workflow","ApiCallsController.cs","","pkg_hd.P_audit_para_update_head_dept","","DUAL","T_AU_OBSERVATION; T_AU_OBSERVATION_TEXT","OBID:Int32; VID:Int32; VNATURE_ID:Int32; RISKID:Int32; PARA_GIST:Varchar2; TEXT_OF_PARA:Clob; P_NO:Int32; ENT_ID:Int32; R_ID:Int32; T_CURSOR:RefCursor","T_CURSOR:RefCursor:Output","remarks","public string UpdateAuditParaForFinalizationHO(int OBS_ID, string VIOLATION_ID, int VIOLATION_NATURE_ID, int RISK_ID, string GIST_OF_PARA, string TEXT_PARA) {","Referenced by non-archive controller(s)."
"HD","DBConnection.HD.cs","GetAuditeeEntitiesType","public","Likely Active","Compliance / Post Compliance","Read/list workflow data for Compliance / Post Compliance","","ArchiveController.cs","pkg_hd.P_GetAuditEntitiestype","","T_AUDITEE_ENT_TYPES; V_GET_PARENT_OFFICE","","ENTITYID:Int32; T_CURSOR:RefCursor","T_CURSOR:RefCursor:Output","TYPEID; E_NAME","public List<AuditEntitiesModel> GetAuditeeEntitiesType() {","No external call found, but referenced inside DBConnection and belongs to non-archive module."
"HD","DBConnection.HD.cs","GetAuditEntitiesByTypeId","public","Confirmed Active","Compliance / Post Compliance","Read/list workflow data for Compliance / Post Compliance","ApiCallsController.cs","","pkg_hd.P_GetAuditEntities","","T_AUDITEE_ENTITIES","","TYPEID:Int32; ENTITYID:Int32; T_CURSOR:RefCursor","T_CURSOR:RefCursor:Output","ENTITY_ID; E_NAME","public List<AuditEntitiesModel> GetAuditEntitiesByTypeId(int ENTITY_TYPE_ID) {","Referenced by non-archive controller(s)."
"HD","DBConnection.HD.cs","GetAuditYearForAddLegacyPara","public","Likely Active","Compliance / Post Compliance","Read/list workflow data for Compliance / Post Compliance","","ArchiveController.cs","pkg_hd.P_GetAuditYear","","T_AU_OLD_AUDIT_PERIOD","","T_CURSOR:RefCursor","T_CURSOR:RefCursor:Output","audit_year; period","public List<AuditPeriodModel> GetAuditYearForAddLegacyPara() {","No external call found, but referenced inside DBConnection and belongs to non-archive module."
"HD","DBConnection.HD.cs","GetAuditNatureForAddLegacyPara","public","Confirmed Active","Compliance / Post Compliance","Read/list workflow data for Compliance / Post Compliance","PlanningController.cs","ArchiveController.cs","pkg_hd.P_GetAuditnature","","T_AU_OLD_AUDIT_NATURE","","T_CURSOR:RefCursor","T_CURSOR:RefCursor:Output","NID; DESCRIPTION","public List<AuditNatureModel> GetAuditNatureForAddLegacyPara() {","Referenced by non-archive controller(s)."
"HD","DBConnection.HD.cs","AddNewLegacyPara","public","Confirmed Active","Compliance / Post Compliance","Create or advance Compliance / Post Compliance workflow data","ApiCallsController.cs","","pkg_hd.P_add_legacy_Para","","DUAL; T_AU_ERROR_LOGS; T_AU_OBSERVATION_OLD_CAD_PARAS; T_AU_OLD_PARAS_FAD","T_AU_ERROR_LOGS; T_AU_OBSERVATION_OLD_CAD_PARAS; T_AU_OLD_PARAS_FAD","typeid:Int32; audityear:Varchar2; PARANO:Varchar2; GIST:Varchar2; ANEXURE:Varchar2; amount:Varchar2; VOL:Varchar2; Entityid:Int32; USER_ENT_ID:Int32; nature:Int32; ppno:Int32; T_CURSOR:RefCursor","T_CURSOR:RefCursor:Output","remarks","public string AddNewLegacyPara(AddNewLegacyParaModel LEGACY_PARA) {","Referenced by non-archive controller(s)."
"HD","DBConnection.HD.cs","GetAddedLegacyParaForAuthorize","public","Confirmed Active","Compliance / Post Compliance","Read/list workflow data for Compliance / Post Compliance","ApiCallsController.cs","","pkg_hd.P_get_legacy_para_to_authorize","","T_AU_OBSERVATION_OLD_CAD_PARAS; T_AU_OLD_AUDIT_NATURE; T_AU_OLD_AUDIT_PERIOD; T_AU_OLD_PARAS_FAD; T_AUDITEE_ENTITIES","","ENTITY_ID:Int32; T_CURSOR:RefCursor","T_CURSOR:RefCursor:Output","REF_P; ANNEXURE; VOL_I_II; PARA_NO; GIST_OF_PARAS; AUDIT_YEAR; E_CODE; NATURE; E_NAME; AMOUNT_INVOLVED","public List<AddNewLegacyParaModel> GetAddedLegacyParaForAuthorize() {","Referenced by non-archive controller(s)."
"HD","DBConnection.HD.cs","AuthorizeLegacyParaAddition","public","Confirmed Active","Compliance / Post Compliance","Change state within Compliance / Post Compliance workflow","ApiCallsController.cs","","pkg_hd.P_Authorize_legacy_para_addition","","DUAL; T_AU_ERROR_LOGS","T_AU_ERROR_LOGS; T_AU_OBSERVATION_OLD_CAD_PARAS; T_AU_OLD_PARAS_FAD","REFP:Varchar2; PPNO:Int32; T_CURSOR:RefCursor","T_CURSOR:RefCursor:Output","Remarks","public string AuthorizeLegacyParaAddition(string PARA_REF) {","Referenced by non-archive controller(s)."
"HD","DBConnection.HD.cs","DeleteLegacyParaAdditionRequest","public","Confirmed Active","Compliance / Post Compliance","Change state within Compliance / Post Compliance workflow","ApiCallsController.cs","","pkg_hd.P_referedback_Del_para","","DUAL; T_AU_ERROR_LOGS; T_AU_OBSERVATION_OLD_CAD_PARAS; T_AU_OLD_PARAS_FAD","T_AU_ERROR_LOGS; T_AU_OBSERVATION_OLD_CAD_PARAS; T_AU_OLD_PARAS_FAD","REFP:Varchar2; PPNO:Int32; T_CURSOR:RefCursor","T_CURSOR:RefCursor:Output","Remarks","public string DeleteLegacyParaAdditionRequest(string PARA_REF) {","Referenced by non-archive controller(s)."
"HD","DBConnection.HD.cs","RequestDeleteDuplicatePara","public","Confirmed Active","Compliance / Post Compliance","Change state within Compliance / Post Compliance workflow","ApiCallsController.cs","","pkg_hd.P_ADD_DUPLICATE_PARAS","","DUAL; T_AU_DUPLICATE_PARAS; T_AU_OBSERVATION_FAD; T_AUDITEE_ENTITIES","T_AU_DUPLICATE_PARAS","o_para_id:Int32; n_para_id:Int32; p_ind:Varchar2; r_remarks:Varchar2; P_NO:Int32; ENT_ID:Int32; R_ID:Int32; T_CURSOR:RefCursor","T_CURSOR:RefCursor:Output","remarks","public string RequestDeleteDuplicatePara(int NEW_PARA_ID = 0, int OLD_PARA_ID = 0, string INDICATOR = """", string REMARKS = """") {","Referenced by non-archive controller(s)."
"HD","DBConnection.HD.cs","GetDuplicateParasAuthorizationEntityList","public","Likely Active","Compliance / Post Compliance","Read/list workflow data for Compliance / Post Compliance","","ArchiveController.cs","pkg_hd.P_GET_DUPLICATE_PARAS_ENT_FOR_AUTH","","DUAL; T_AU_DUPLICATE_PARAS; T_AUDITEE_ENTITIES","","P_NO:Int32; ENT_ID:Int32; R_ID:Int32; T_CURSOR:RefCursor","T_CURSOR:RefCursor:Output","name; ENTITY_ID","public List<AuditeeEntitiesModel> GetDuplicateParasAuthorizationEntityList() {","No external call found, but referenced inside DBConnection and belongs to non-archive module."
"HD","DBConnection.HD.cs","GetDuplicateParasForAuthorization","public","Confirmed Active","Compliance / Post Compliance","Read/list workflow data for Compliance / Post Compliance","ApiCallsController.cs","","pkg_hd.P_GET_DUPLICATE_PARAS_FOR_AUTH","","DUAL; T_AU_DUPLICATE_PARAS; T_AUDITEE_ENTITIES","","P_NO:Int32; ENT_ID:Int32; R_ID:Int32; T_CURSOR:RefCursor","T_CURSOR:RefCursor:Output","d_id; old_para_id; new_para_id; entity_id; EntityName; audit_period; gist_of_paras; para_no; ind; risk; instances; amount; annex; added_by; added_on; remarks","public List<DuplicateDeleteManageParaModel> GetDuplicateParasForAuthorization() {","Referenced by non-archive controller(s)."
"HD","DBConnection.HD.cs","RejectDeleteDuplicatePara","public","Confirmed Active","Compliance / Post Compliance","Change state within Compliance / Post Compliance workflow","ApiCallsController.cs","","pkg_hd.P_REJECT_DUPLICATE_PARAS","","DUAL","T_AU_DUPLICATE_PARAS","did:Int32; P_NO:Int32; ENT_ID:Int32; R_ID:Int32; T_CURSOR:RefCursor","T_CURSOR:RefCursor:Output","remarks","public string RejectDeleteDuplicatePara(int D_PARA_ID = 0) {","Referenced by non-archive controller(s)."
"HD","DBConnection.HD.cs","AuthDeleteDuplicatePara","public","Confirmed Active","Compliance / Post Compliance","Support Compliance / Post Compliance workflow","ApiCallsController.cs","","pkg_hd.P_AUTH_DUPLICATE_PARAS","","DUAL; T_AU_DUPLICATE_PARAS","AIS_T_AU_POST_COMPLIANCE; T_AU_DUPLICATE_PARAS; T_AU_OBSERVATION; T_AU_OBSERVATION_OLD_CAD_PARAS; T_AU_OLD_PARAS_FAD","did:Int32; P_NO:Int32; ENT_ID:Int32; R_ID:Int32; T_CURSOR:RefCursor","T_CURSOR:RefCursor:Output","remarks","public string AuthDeleteDuplicatePara(int D_PARA_ID = 0, string INDICATOR = """", string REMARKS = """") {","Referenced by non-archive controller(s)."
"HD","DBConnection.HD.cs","GetObservationDetailsById","public","Confirmed Active","Compliance / Post Compliance","Read/list workflow data for Compliance / Post Compliance","ApiCallsController.cs","","pkg_hd.P_GET_OBSERVATION_DETAILS_FROM_ID","","DUAL; T_AU_DSA; T_AU_OBSERVATION; T_AU_OBSERVATION_TEXT; T_AU_OBSERVATIONS_AUDITEE_RESPONSE; T_AU_OBSERVATIONS_AUDITOR_RECOMMENDATION; T_AUDIT_CHECKLIST; T_AUDIT_CHECKLIST_ANNEXURE; T_AUDIT_CHECKLIST_DETAILS; T_AUDIT_CHECKLIST_SUB; T_RISK","","obid:Int32; P_NO:Int32; R_ID:Int32; ENT_ID:Int32; T_CURSOR:RefCursor","T_CURSOR:RefCursor:Output","annex_id; t_id; s_id; d_id; severity; headings; text; reply; recommendation; amount_involved; no_of_instances; DSA; engplanid; REFERENCE_ID","public ObservationModel GetObservationDetailsById(int OBS_ID) {","Referenced by non-archive controller(s)."
"HD","DBConnection.HD.cs","GetObservationDetailsByIdHO","public","Confirmed Active","Compliance / Post Compliance","Read/list workflow data for Compliance / Post Compliance","ApiCallsController.cs","","pkg_hd.P_GET_OBSERVATION_DETAILS_FROM_ID_HO","","DUAL; T_AU_OBSERVATION; T_AU_OBSERVATION_TEXT; T_AU_OBSERVATIONS_AUDITEE_RESPONSE; T_AU_OBSERVATIONS_AUDITOR_RECOMMENDATION; T_CONTROL_VIOLATION; T_CONTROL_VIOLATION_SUB; T_RISK","","obid:Int32; P_NO:Int32; R_ID:Int32; ENT_ID:Int32; T_CURSOR:RefCursor","T_CURSOR:RefCursor:Output","control_violation; nature_id; severity; headings; text; reply; recommendation","public ObservationModel GetObservationDetailsByIdHO(int OBS_ID) {","Referenced by non-archive controller(s)."
"HD","DBConnection.HD.cs","GetObservationDetailsByIdForPreConcluding","public","Confirmed Active","Compliance / Post Compliance","Read/list workflow data for Compliance / Post Compliance","ApiCallsController.cs","","pkg_hd.P_GET_OBSERVATION_DETAILS_FROM_ID_PRE_CON","","DUAL; T_AU_OBSERVATION; T_AU_OBSERVATION_FINAL_RECCOMENDATION; T_AU_OBSERVATION_GIST; T_AU_OBSERVATION_TEXT; T_AU_OBSERVATIONS_AUDITEE_RESPONSE; T_AU_OBSERVATIONS_AUDITOR_RECOMMENDATION; T_AU_OBSERVATIONS_AUDITOR_REPLY; T_AUDIT_CHECKLIST; T_AUDIT_CHECKLIST_ANNEXURE; T_AUDIT_CHECKLIST_DETAILS; T_AUDIT_CHECKLIST_SUB; T_RISK","","obid:Int32; P_NO:Int32; R_ID:Int32; ENT_ID:Int32; T_CURSOR:RefCursor","T_CURSOR:RefCursor:Output","annex_id; t_id; s_id; d_id; severity; headings; Final_PARA_NO; text; reply; recommendation; head_recom; qa_recom; qa_gist; amount_involved; no_of_instances; engplanid; REFERENCE_ID","public ObservationModel GetObservationDetailsByIdForPreConcluding(int OBS_ID) {","Referenced by non-archive controller(s)."
"HD","DBConnection.HD.cs","GetObservationDetailsByIdForPreConcludingHO","public","Confirmed Active","Compliance / Post Compliance","Read/list workflow data for Compliance / Post Compliance","ApiCallsController.cs","","pkg_hd.P_GET_OBSERVATION_DETAILS_FROM_ID_PRE_CON_HO","","DUAL; T_AU_OBSERVATION; T_AU_OBSERVATION_FINAL_RECCOMENDATION; T_AU_OBSERVATION_GIST; T_AU_OBSERVATION_TEXT; T_AU_OBSERVATIONS_AUDITEE_RESPONSE; T_AU_OBSERVATIONS_AUDITOR_RECOMMENDATION; T_AU_OBSERVATIONS_AUDITOR_REPLY; T_RISK","","obid:Int32; P_NO:Int32; R_ID:Int32; ENT_ID:Int32; T_CURSOR:RefCursor","T_CURSOR:RefCursor:Output","annex_id; t_id; s_id; d_id; severity; headings; text; reply; recommendation; head_recom; qa_recom; qa_gist; amount_involved; no_of_instances; engplanid; REFERENCE_ID","public ObservationModel GetObservationDetailsByIdForPreConcludingHO(int OBS_ID) {","Referenced by non-archive controller(s)."
"HD","DBConnection.HD.cs","UploadAuditReport","public","Confirmed Active","Compliance / Post Compliance","Support Compliance / Post Compliance workflow","ApiCallsController.cs; UploadFileController.cs","","pkg_hd.P_UPLOAD_AUDIT_REPORT","","DUAL; T_AUDIT_REPORTS","OPEN; T_AUDIT_REPORTS","ENGID:Int32; AREP:Clob; REP_TYPE:Varchar2; REP_NAME:Varchar2; P_NO:Int32; R_ID:Int32; ENT_ID:Int32; T_CURSOR:RefCursor","T_CURSOR:RefCursor:Output","remarks","public async Task<string> UploadAuditReport(int ENG_ID) {","Referenced by non-archive controller(s)."
"HD","DBConnection.HD.cs","GetAuditReports","public","Confirmed Active","Compliance / Post Compliance","Read/list workflow data for Compliance / Post Compliance","ApiCallsController.cs","","pkg_hd.P_GET_FINAL_AUDIT_REPORT","","DUAL; T_AU_PERIOD; T_AU_PLAN_ENG; T_AUDIT_REPORTS; T_AUDITEE_ENTITIES","","ENGID:Int32; P_NO:Int32; R_ID:Int32; ENT_ID:Int32; T_CURSOR:RefCursor","T_CURSOR:RefCursor:Output","ID; ENTITY_ID; ENTITY_NAME; AUDIT_PERIOD","public List<FinalAuditReportModel> GetAuditReports(int ENG_ID) {","Referenced by non-archive controller(s)."
"HD","DBConnection.HD.cs","GetAuditReportContent","public","Confirmed Active","Compliance / Post Compliance","Read/list workflow data for Compliance / Post Compliance","ApiCallsController.cs","","pkg_hd.P_GET_AUDIT_REPORT_CONTENT","","DUAL; T_AUDIT_REPORTS","","FILE_ID:Varchar2; P_NO:Int32; R_ID:Int32; ENT_ID:Int32; T_CURSOR:RefCursor","T_CURSOR:RefCursor:Output","id; doc_type; doc_name","public AuditeeResponseEvidenceModel GetAuditReportContent(string FILE_ID) {","Referenced by non-archive controller(s)."
"HD","DBConnection.HD.cs","GetCheckAuditReportExisits","public","Confirmed Active","Compliance / Post Compliance","Read/list workflow data for Compliance / Post Compliance","ApiCallsController.cs","","pkg_hd.P_GET_CHECK_AUDIT_REPORT_UPLOADED","","DUAL; T_AUDIT_REPORTS","","ENGID:Int32; P_NO:Int32; R_ID:Int32; ENT_ID:Int32; T_CURSOR:RefCursor","T_CURSOR:RefCursor:Output","ID; doc_type; doc_name","public FinalAuditReportModel GetCheckAuditReportExisits(int ENG_ID) {","Referenced by non-archive controller(s)."
"HD","DBConnection.HD.cs","GetParasForStatusChange","public","Confirmed Active","Compliance / Post Compliance","Read/list workflow data for Compliance / Post Compliance","ApiCallsController.cs","","pkg_hd.P_Get_Paras_For_Status_Change","","AIS_T_AU_POST_COMPLIANCE; T_AU_PARAS_STATUS_CHANGE_LOG; T_RISK","","ENT_ID:Int32; R_ID:Int32; ENTITYID:Int32; T_CURSOR:RefCursor","T_CURSOR:RefCursor:Output","COM_ID; OLD_PARA_ID; NEW_PARA_ID; AUDIT_PERIOD; PARA_NO; gist_of_paras; RISK; IND; PARA_STATUS","public List<ParaStatusChangeModel> GetParasForStatusChange(int ENTITY_ID = 0) {","Referenced by non-archive controller(s)."
"HD","DBConnection.HD.cs","AddChangeStatusRequestForPara","public","Confirmed Active","Compliance / Post Compliance","Create or advance Compliance / Post Compliance workflow data","ApiCallsController.cs","","pkg_hd.P_Add_Paras_For_Status_Change","","AIS_T_AU_POST_COMPLIANCE; DUAL; T_AU_PARAS_STATUS_CHANGE_LOG","T_AU_PARAS_STATUS_CHANGE_LOG","C_ID:Int32; NewStatus:Int32; remarks:Varchar2; IND:Varchar2; Action_IND:Varchar2; ENT_ID:Int32; P_NO:Int32; R_ID:Int32; T_CURSOR:RefCursor","T_CURSOR:RefCursor:Output","Remark","public string AddChangeStatusRequestForPara(string COM_ID, int NEW_STATUS, string REMARKS, string IND, String Action_IND) {","Referenced by non-archive controller(s)."
"HD","DBConnection.HD.cs","GetParasForStatusChangeToAuthorize","public","Confirmed Active","Compliance / Post Compliance","Read/list workflow data for Compliance / Post Compliance","ApiCallsController.cs","","pkg_hd.P_Get_Paras_For_Status_Change_For_Authorize","","AIS_T_AU_POST_COMPLIANCE; T_AU_PARAS_STATUS_CHANGE_LOG; T_RISK","","ENT_ID:Int32; T_CURSOR:RefCursor","T_CURSOR:RefCursor:Output","COM_ID; OLD_PARA_ID; NEW_PARA_ID; AUDIT_PERIOD; PARA_NO; gist_of_paras; RISK; IND; OLD_PARA_STATUS; NEW_PARA_STATUS","public List<ParaStatusChangeModel> GetParasForStatusChangeToAuthorize() {","Referenced by non-archive controller(s)."
"HD","DBConnection.HD.cs","AuthorizeChangeStatusRequestForPara","public","Confirmed Active","Compliance / Post Compliance","Change state within Compliance / Post Compliance workflow","ApiCallsController.cs","","pkg_hd.P_Authorize_Paras_For_Status","","AIS_T_AU_POST_COMPLIANCE; DUAL; FRONTEND; T_AU_PARAS_STATUS_CHANGE_LOG","AIS_T_AU_POST_COMPLIANCE; CHANGE; PARA; T_AU_OBSERVATION; T_AU_OBSERVATION_OLD_CAD_PARAS; T_AU_OLD_PARAS_FAD; T_AU_PARAS_STATUS_CHANGE_LOG","C_ID:Int32; N_PARA_ID:Int32; O_PARA_ID:Int32; remarks:Varchar2; IND:Varchar2; Action_IND:Varchar2; ENT_ID:Int32; P_NO:Int32; R_ID:Int32; T_CURSOR:RefCursor","T_CURSOR:RefCursor:Output","Remark","public string AuthorizeChangeStatusRequestForPara(string COM_ID, int NEW_PARA_ID, int OLD_PARA_ID, string REMARKS, string IND, String Action_IND) {","Referenced by non-archive controller(s)."
"HD","DBConnection.HD.cs","GetBackOfficeDashboardEngagements","public","Confirmed Active","Compliance / Post Compliance","Read/list workflow data for Compliance / Post Compliance","ApiCallsController.cs","","pkg_hd.P_get_BackOfficeDashboardEngagements","","T_AU_PLAN_ENG; T_AUDITEE_ENTITIES","","ENT_ID:Int32; P_NO:Int32; R_ID:Int32; T_CURSOR:RefCursor","T_CURSOR:RefCursor:Output","ENTITY_NAME; ENG_ID; TYPE_ID","public List<AuditConcludingEntitiesModel> GetBackOfficeDashboardEngagements() {","Referenced by non-archive controller(s)."
"HD","DBConnection.HD.cs","AddOldParas","public","Confirmed Active","Compliance / Post Compliance","Create or advance Compliance / Post Compliance workflow data","ApiCallsController.cs","","pkg_hd.P_AddOldParas; pkg_ais.P_AddOldParasResponsibilityAssigned","","","T_AU_OLD_PARAS_FAD; T_AU_OLD_PARAS_FAD_TEXT","PROCESS:Int32; SUBPROCESS:Int32; PROCESSDETAIL:Int32; PPNO:Int32; REPLYTEXT:Clob; PID:Clob; REF_P:Int32","","","public bool AddOldParas(OldParasModel jm) {","Referenced by non-archive controller(s)."
"IID","DBConnection.IID.cs","SubmitComplaint","public","Confirmed Active","IID / Inquiry","Create or advance IID / Inquiry workflow data","ApiCallsController.cs; IIDController.cs","","","","","","","","","public int SubmitComplaint(ComplaintModel model) {","Referenced by non-archive controller(s)."
"IID","DBConnection.IID.cs","SaveComplaintIAID","public","Likely Active","IID / Inquiry","Create or advance IID / Inquiry workflow data","","","PKG_INQ.P_SAVE_COMPLAINT_IAID","","T_AU_IID_COMPLAINANT","PRIMARY; VIA","P_COMPLAINT_ID:Int32; P_NATURE:Varchar2; P_CATEGORY:Varchar2; P_RECEIVED_FROM:Varchar2; P_LOCATION_TYPE_ID:Int32; P_GM_OFFICE_ID:Int32; P_REGION_ID:Int32; P_BRANCH_ID:Int32; P_COMPLAINANT_NAME:Varchar2; P_CNIC:Varchar2; P_CELLULAR_NUMBER:Varchar2; P_MAILING_ADDRESS:Varchar2; P_GENDER:Varchar2; P_CONTENTS:Clob; P_UPLOADED_COMPLAINT:Varchar2; P_UPLOADED_FFR:Varchar2; P_UPLOADED_EVIDENCE:Varchar2; P_ACTION_REQUIRED:Varchar2","","","public void SaveComplaintIAID(ComplaintModel model, int complaintId) {","No external call found, but referenced inside DBConnection and belongs to non-archive module."
"IID","DBConnection.IID.cs","SaveFFRPart1","public","Confirmed Active","IID / Inquiry","Create or advance IID / Inquiry workflow data","IIDController.cs","","PKG_INQ.P_SAVE_FFR_P1","","","","P_COMPLAINT_ID:Int32; P_LOCATION_TYPE_ID:Int32; P_GM_OFFICE_ID:Int32; P_REGION_ID:Int32; P_BRANCH_ID:Int32; P_ORIG_DEPT_SOURCE:Varchar2; P_NATURE:Varchar2; P_REFERENCE_NO:Varchar2; P_FFR_DATE:Date; P_INCIDENT_DATE:Date; P_INCIDENT_VENUE:Varchar2; P_INCIDENT_HOW:Clob; P_COMPLAINANT_NAME:Varchar2; P_COMPLAINANT_CNIC:Varchar2; P_COMPLAINANT_ACCOUNT_NO:Varchar2; P_COMPLAINANT_MOBILE:Varchar2; P_COMPLAINANT_ADDRESS:Varchar2; P_MAIN_ACCUSED_DETAILS:Clob; P_CO_ACCUSED_DETAILS:Clob; P_ACCUSATION_DETAILS:Clob; P_APPROACH_ADOPTED:Clob; P_RECORD_SCRUTINIZED:Clob; P_ROOT_CAUSE:Clob; P_KEY_FINDINGS:Clob; P_RECOMMENDATIONS:Clob; P_ATTACHMENTS_PATH:Varchar2","","","public void SaveFFRPart1(FFRPart1Model model, int complaintId) {","Referenced by non-archive controller(s)."
"IID","DBConnection.IID.cs","SaveFFRPart2","public","Confirmed Active","IID / Inquiry","Create or advance IID / Inquiry workflow data","IIDController.cs","","PKG_INQ.P_SAVE_FFR_P2","","","","P_COMPLAINT_ID:Int32; P_COMP_STMT_TIME:Varchar2; P_COMP_STMT_PLACE:Varchar2; P_COMP_STMT_MODE:Varchar2; P_COMP_KEY_POINTS:Clob; P_ACC_STMT_TIME:Varchar2; P_ACC_STMT_PLACE:Varchar2; P_ACC_STMT_MODE:Varchar2; P_ACC_KEY_POINTS:Clob; P_PRIMARY_EVIDENCE:Clob; P_SECONDARY_EVIDENCE:Clob","","","public void SaveFFRPart2(FFRPart2Model model, int complaintId) {","Referenced by non-archive controller(s)."
"IID","DBConnection.IID.cs","SaveFFRPart3","public","Confirmed Active","IID / Inquiry","Create or advance IID / Inquiry workflow data","IIDController.cs","","PKG_INQ.P_SAVE_FFR_P3","","","","P_COMPLAINT_ID:Int32; P_AUDIT_REPORT_FLAG:Varchar2; P_AUDIT_REPORT_DETAILS:Clob; P_IMPL_REPUTATIONAL:Char; P_IMPL_OPERATIONAL:Char; P_IMPL_FINANCIAL:Char; P_IMPL_PRECEDENCE:Char; P_IMPL_OTHER_FLAG:Char; P_IMPL_OTHER_TEXT:Varchar2; P_SOP_VIOLATIONS:Clob; P_CONTROL_GAPS:Clob; P_ACTION_RECOMMENDED:Varchar2","","","public void SaveFFRPart3(FFRPart3Model model, int complaintId) {","Referenced by non-archive controller(s)."
"IID","DBConnection.IID.cs","GetFFRPart1","public","Confirmed Active","IID / Inquiry","Read/list workflow data for IID / Inquiry","IIDController.cs","","PKG_INQ.P_GET_FFR_P1","","","","P_COMPLAINT_ID:Int32; T_CURSOR:RefCursor","T_CURSOR:RefCursor:Output","","public DataTable GetFFRPart1(int complaintId) {","Referenced by non-archive controller(s)."
"IID","DBConnection.IID.cs","GetFFRPart2","public","Confirmed Active","IID / Inquiry","Read/list workflow data for IID / Inquiry","IIDController.cs","","PKG_INQ.P_GET_FFR_P2","","","","P_COMPLAINT_ID:Int32; T_CURSOR:RefCursor","T_CURSOR:RefCursor:Output","","public DataTable GetFFRPart2(int complaintId) {","Referenced by non-archive controller(s)."
"IID","DBConnection.IID.cs","GetFFRPart3","public","Confirmed Active","IID / Inquiry","Read/list workflow data for IID / Inquiry","IIDController.cs","","PKG_INQ.P_GET_FFR_P3","","","","P_COMPLAINT_ID:Int32; T_CURSOR:RefCursor","T_CURSOR:RefCursor:Output","","public DataTable GetFFRPart3(int complaintId) {","Referenced by non-archive controller(s)."
"IID","DBConnection.IID.cs","GetComplaintsByUser","public","Confirmed Active","IID / Inquiry","Read/list workflow data for IID / Inquiry","ApiCallsController.cs; IIDController.cs","","PKG_INQ.GET_COMPLAINTS","","T_AU_IID_COMPLAINANT; T_AU_IID_COMPLAINT_HDR; T_AU_IID_COMPLAINT_IAID; T_AUDITEE_ENTITIES; T_USER_MAPING","","p_user_id:Int32; io_cursor:RefCursor","io_cursor:RefCursor:Output","COMPLAINT_ID; COMPLAINT_NO; COMPLAINANT_NAME; NATURE; SOURCE; ASSIGNED_UNIT; STATUS; SUBMITTED_ON","public List<ComplaintRowDto> GetComplaintsByUser() {","Referenced by non-archive controller(s)."
"IID","DBConnection.IID.cs","Get_Complaints_Without_Assessment","public","Confirmed Active","IID / Inquiry","Read/list workflow data for IID / Inquiry","ApiCallsController.cs","","PKG_INQ.GET_COMPLAINTS_WITHOUT_ASSESSMENT","","T_AU_IID_ASSESSMENT; T_AU_IID_COMPLAINT_HDR; T_AU_IID_COMPLAINT_IAID","","T_CURSOR:RefCursor","T_CURSOR:RefCursor:Output","COMPLAINT_ID; NATURE; SUBMITTED_ON","public List<InitialAssessmentModel> Get_Complaints_Without_Assessment() {","Referenced by non-archive controller(s)."
"IID","DBConnection.IID.cs","GetComplaintsDropdown","public","Confirmed Active","IID / Inquiry","Read/list workflow data for IID / Inquiry","ApiCallsController.cs","","PKG_INQ.GET_COMPLAINTS_DD","","T_AU_IID_COMPLAINANT; T_AU_IID_COMPLAINT_HDR; T_AU_IID_COMPLAINT_IAID; T_AU_IID_STATUS_MST","","P_PAGE_ID:Int32; IO_CURSOR:RefCursor","IO_CURSOR:RefCursor:Output","COMPLAINT_ID; NATURE; STATUS","public List<ComplaintDropdownItemModel> GetComplaintsDropdown(int pageId) {","Referenced by non-archive controller(s)."
"IID","DBConnection.IID.cs","GetInspectionUnits","public","Confirmed Active","IID / Inquiry","Read/list workflow data for IID / Inquiry","ApiCallsController.cs","","PKG_INQ.P_GETINSPECTIONUNITS","","T_AUDITEE_ENTITIES","","IO_CURSOR:RefCursor","IO_CURSOR:RefCursor:Output","I_ID; I_CODE; UNIT_NAME; DISCRIPTION; STATUS; ISACTIVE","public List<InspectionUnitsModel> GetInspectionUnits() {","Referenced by non-archive controller(s)."
"IID","DBConnection.IID.cs","GetComplaint","public","Confirmed Active","IID / Inquiry","Read/list workflow data for IID / Inquiry","ApiCallsController.cs; IIDController.cs; IidInquiryReportPdfController.cs","","PKG_INQ.GET_COMPLAINT","","T_AU_IID_ASSESSMENT; T_AU_IID_COMPLAINANT; T_AU_IID_COMPLAINT_HDR; T_AU_IID_COMPLAINT_IAID; T_AUDITEE_ENTITIES","","p_complaint_id:Int32; io_cursor:RefCursor","io_cursor:RefCursor:Output","COMPLAINT_NO; NATURE; CATEGORY; COMPLAINANT_NAME; CNIC; CELLULAR_NUMBER; MAILING_ADDRESS; GENDER; RECEIVED_FROM; LOCATION_TYPE; CONTENTS; UPLOADED_COMPLAINT; UPLOADED_FFR; UPLOADED_EVIDENCE; ACTION_REQUIRED; SUBMITTED_ON; STATUS; ASSESSMENT; assessment_id; RECOMMENDATION; LOCATION_TYPE_ID; GM_OFFICE_ID; REGION_ID; BRANCH_ID; GM_OFFICE; REGION; BRANCH; ASSIGNED_UNIT_ID; ASSIGNED_UNIT","public InitialAssessmentModel GetComplaint(int complaintId) {","Referenced by non-archive controller(s)."
"IID","DBConnection.IID.cs","AddAssessment","public","Confirmed Active","IID / Inquiry","Create or advance IID / Inquiry workflow data","ApiCallsController.cs","","PKG_INQ.ADD_ASSESSMENT","","DUAL","T_AU_IID_ASSESSMENT; T_AU_IID_COMPLAINT_HDR","p_complaint_id:Int32; p_received_by:Decimal; p_assessment:Clob; p_recommendation:Varchar2; p_assigned_unit_id:Int32; o_assessment_id:Decimal","o_assessment_id:Decimal:Output","o_assessment_id","public int AddAssessment(InitialAssessmentModel model) {","Referenced by non-archive controller(s)."
"IID","DBConnection.IID.cs","AddHeadReview","public","Confirmed Active","IID / Inquiry","Create or advance IID / Inquiry workflow data","ApiCallsController.cs","","PKG_INQ.ADD_HEAD_REVIEW","","DUAL; T_AU_IID_HEAD_REVIEW","HEADER; SET; T_AU_IID_COMPLAINT_HDR; T_AU_IID_HEAD_REVIEW","p_complaint_id:Int32; p_assessment_id:Int32; p_reviewed_by:Decimal; p_directions:Clob; p_assigned_to_unit:Int32; p_team_lead:Int32; p_team_members:Clob; p_assigned_on:Varchar2; p_due_date:Varchar2; p_referred_back_comments:Clob; p_action:Varchar2; o_review_id:Decimal","o_review_id:Decimal:Output","o_review_id","public int AddHeadReview(HeadReviewModel model) {","Referenced by non-archive controller(s)."
"IID","DBConnection.IID.cs","AddInvestigationPlan","public","Confirmed Active","IID / Inquiry","Create or advance IID / Inquiry workflow data","ApiCallsController.cs","","PKG_INQ.ADD_INV_PLAN","","DUAL; T_AU_IID_INV_PLAN","SET; T_AU_IID_COMPLAINT_HDR; T_AU_IID_INV_PLAN","p_complaint_id:Int32; p_plan_details:Clob; p_submitted_by:Decimal; p_status:Varchar2; p_inv_risk:Varchar2; p_inv_size:Varchar2; p_no_of_days:Int32; p_travelling_days:Int32; p_team_lead:Varchar2; p_team_members:Varchar2; p_start_date:Date; p_activities_text:Varchar2; o_plan_id:Decimal","o_plan_id:Decimal:Output","o_plan_id","public int AddInvestigationPlan(InvestigationPlanModel model) {","Referenced by non-archive controller(s)."
"IID","DBConnection.IID.cs","GetIidTaskList","public","Confirmed Active","IID / Inquiry","Read/list workflow data for IID / Inquiry","ApiCallsController.cs","","PKG_INQ.GET_IID_TASK_LIST","","T_AU_IID_ASSESSMENT; T_AU_IID_COMPLAINANT; T_AU_IID_COMPLAINT_HDR; T_AU_IID_COMPLAINT_IAID; T_AU_IID_HEAD_PLAN_APPROVAL; T_AU_IID_HEAD_REVIEW; T_AU_IID_INV_PLAN; T_AU_IID_REPORT","","p_unit_id:Int32; io_cursor:RefCursor","io_cursor:RefCursor:Output","","public DataTable GetIidTaskList(int unitId) {","Referenced by non-archive controller(s)."
"IID","DBConnection.IID.cs","EnqueueEmail","public","Confirmed Active","IID / Inquiry","Create or advance IID / Inquiry workflow data","ApiCallsController.cs","","PKG_INQ.P_ENQUEUE_EMAIL","","","","p_event_code:Varchar2; p_ref_id1:Int32; p_ref_id2:Int32; p_mail_to:Varchar2; p_mail_cc:Varchar2; p_subject:Varchar2; p_body:Clob; o_email_id:Decimal","o_email_id:Decimal:Output","o_email_id","public int EnqueueEmail(string eventCode, int? refId1, int? refId2, string mailTo, string mailCc, string subject, string body) {","Referenced by non-archive controller(s)."
"IID","DBConnection.IID.cs","GetComplaintIdByPlanId","public","Confirmed Active","IID / Inquiry","Read/list workflow data for IID / Inquiry","ApiCallsController.cs; IIDController.cs","","PKG_INQ.P_GET_COMPLAINT_ID_BY_PLAN","","T_AU_IID_INV_PLAN","","P_PLAN_ID:Decimal; O_COMPLAINT_ID:Decimal","O_COMPLAINT_ID:Decimal:Output","O_COMPLAINT_ID","public int? GetComplaintIdByPlanId(int? planId) {","Referenced by non-archive controller(s)."
"IID","DBConnection.IID.cs","GetComplaintIdByReportId","public","Confirmed Active","IID / Inquiry","Read/list workflow data for IID / Inquiry","ApiCallsController.cs; IIDController.cs","","PKG_INQ.P_GET_COMPLAINT_ID_BY_REPORT","","T_AU_IID_REPORT","","P_REPORT_ID:Decimal; O_COMPLAINT_ID:Decimal","O_COMPLAINT_ID:Decimal:Output","O_COMPLAINT_ID","public int? GetComplaintIdByReportId(int? reportId) {","Referenced by non-archive controller(s)."
"IID","DBConnection.IID.cs","GetIidPlanDetails","public","Confirmed Active","IID / Inquiry","Read/list workflow data for IID / Inquiry","ApiCallsController.cs; IIDController.cs","","PKG_INQ.GET_INV_PLAN","","T_AU_IID_INV_PLAN","","p_complaint_id:Int32; io_cursor:RefCursor","io_cursor:RefCursor:Output","planId; PLAN_ID; complaintId; COMPLAINT_ID; planDetails; PLAN_DETAILS; submittedBy; SUBMITTED_BY; submittedOn; SUBMITTED_ON; status; STATUS; planTitle; PLAN_TITLE; investigationRisk; INVESTIGATION_RISK; investigationSize; INVESTIGATION_SIZE; noOfDays; NO_OF_DAYS; travellingDays; TRAVELLING_DAYS; startDate; START_DATE; teamLead; TEAM_LEAD; teamMembers; TEAM_MEMBERS; activitiesText; ACTIVITIES_TEXT","public IDictionary<string, object> GetIidPlanDetails(int complaintId) {","Referenced by non-archive controller(s)."
"IID","DBConnection.IID.cs","GetLatestPlanByComplaintId","public","Confirmed Active","IID / Inquiry","Read/list workflow data for IID / Inquiry","ApiCallsController.cs","","PKG_INQ.GET_LATEST_PLAN_BY_COMPLAINT","","T_AU_IID_INV_PLAN","","p_complaint_id:Int32; io_cursor:RefCursor","io_cursor:RefCursor:Output","","public DataTable GetLatestPlanByComplaintId(int complaintId) {","Referenced by non-archive controller(s)."
"IID","DBConnection.IID.cs","GetLatestInquiryReportByComplaintId","public","Confirmed Active","IID / Inquiry","Read/list workflow data for IID / Inquiry","ApiCallsController.cs; IIDController.cs","","PKG_INQ.GET_LATEST_INQUIRY_REPORT_BY_COMPLAINT","","COMPLAINT; STATEMENTS; T_AU_IID_COMPLAINANT; T_AU_IID_COMPLAINT_IAID; T_AU_IID_INQ_ACCUSATIONS; T_AU_IID_INQ_ACCUSED_LIST; T_AU_IID_INQ_DSA; T_AU_IID_INQ_EVIDENCE_FILES; T_AU_IID_INQ_FIND_RECOMM; T_AU_IID_INQ_RECORD_SCRUTINIZED; T_AU_IID_INQ_STATEMENTS","","p_complaint_id:Int32; io_cursor:RefCursor","io_cursor:RefCursor:Output","REPORT_ID; NAME_COMPLAINANT; NAME_ACCUSED; GIST; PROCEEDINGS; FINDINGS; RECOMMENDATION; UPLOADED_REPORT; UPLOADED_EVIDENCE; UPLOADED_DSA; SUBMITTED_ON","public InquiryReportFilesModel GetLatestInquiryReportByComplaintId(int complaintId) {","Referenced by non-archive controller(s)."
"IID","DBConnection.IID.cs","AddPlanApproval","public","Confirmed Active","IID / Inquiry","Create or advance IID / Inquiry workflow data","ApiCallsController.cs","","PKG_INQ.ADD_PLAN_APPROVAL","","DUAL; T_AU_IID_HEAD_PLAN_APPROVAL; T_AU_IID_INV_PLAN","SET; T_AU_IID_COMPLAINT_HDR; T_AU_IID_HEAD_PLAN_APPROVAL","p_plan_id:Decimal; p_approved_by:Decimal; p_is_approved:Varchar2; p_edited_plan:Clob; p_further_actions:Clob; o_approval_id:Decimal","o_approval_id:Decimal:Output","o_approval_id","public int AddPlanApproval(PlanApprovalModel model) {","Referenced by non-archive controller(s)."
"IID","DBConnection.IID.cs","AddInquiryReport","public","Confirmed Active","IID / Inquiry","Create or advance IID / Inquiry workflow data","ApiCallsController.cs; IIDController.cs","","PKG_INQ.ADD_INQUIRY_REPORT","","DUAL","T_AU_IID_REPORT","p_complaint_id:Int32; p_name_complainant:Varchar2; p_name_accused:Varchar2; p_gist:Clob; p_proceedings:Clob; p_findings:Clob; p_recommendation:Clob; p_uploaded_report:Varchar2; p_uploaded_evidence:Varchar2; p_uploaded_dsa:Varchar2; p_submitted_on:Date; p_submitted_by:Decimal; o_report_id:Decimal","o_report_id:Decimal:Output","o_report_id","public int AddInquiryReport(InquiryReportModel model) {","Referenced by non-archive controller(s)."
"IID","DBConnection.IID.cs","AddAnalysis","public","Confirmed Active","IID / Inquiry","Create or advance IID / Inquiry workflow data","ApiCallsController.cs","","PKG_INQ.ADD_ANALYSIS","","DUAL; T_AU_IID_ANALYSIS; T_AU_IID_REPORT","SELECT; SET; T_AU_IID_ANALYSIS","p_report_id:Int32; p_policy_gaps:Clob; p_control_gaps:Clob; p_procedural_violations:Clob; p_forward_to:Varchar2; p_comments:Clob; p_decision:Varchar2; p_refer_back_comments:Clob; p_analyzed_by:Decimal; o_analysis_id:Decimal","o_analysis_id:Decimal:Output","o_analysis_id","public int AddAnalysis(AnalysisModel model) {","Referenced by non-archive controller(s)."
"IID","DBConnection.IID.cs","AddFinalApproval","public","Confirmed Active","IID / Inquiry","Create or advance IID / Inquiry workflow data","ApiCallsController.cs","","","","","","","","","public int AddFinalApproval(FinalApprovalModel model) {","Referenced by non-archive controller(s)."
"IID","DBConnection.IID.cs","FinalizeIidReport","public","Confirmed Active","IID / Inquiry","Change state within IID / Inquiry workflow","ApiCallsController.cs","","","","","","","","","public int FinalizeIidReport(FinalApprovalModel model) {","Referenced by non-archive controller(s)."
"IID","DBConnection.IID.cs","GetInquiryReportFiles","public","Confirmed Active","IID / Inquiry","Read/list workflow data for IID / Inquiry","ApiCallsController.cs","","PKG_INQ.GET_INQUIRY_REPORT","","T_AU_IID_REPORT","","p_report_id:Int32; io_cursor:RefCursor","io_cursor:RefCursor:Output","UPLOADED_REPORT; UPLOADED_EVIDENCE; UPLOADED_DSA","public InquiryReportFilesModel GetInquiryReportFiles(int reportId) {","Referenced by non-archive controller(s)."
"IID","DBConnection.IID.cs","AddCaseStudy","public","Confirmed Active","IID / Inquiry","Create or advance IID / Inquiry workflow data","ApiCallsController.cs","","PKG_INQ.ADD_CASE_STUDY","","DUAL","T_AU_IID_CASE_STUDY","p_complaint_id:Int32; p_origin_process_owner:Varchar2; p_name_complainant:Varchar2; p_branch:Varchar2; p_gist:Clob; p_outcome:Clob; p_modus_operandi:Clob; p_gaps:Clob; p_root_cause:Clob; p_actions_rec:Clob; p_status:Varchar2; p_policy_gaps_identified:Clob; p_control_violations:Clob; p_risk_identified:Clob; p_reg_compliance_failure:Clob; o_case_id:Int32","o_case_id:Int32:Output","o_case_id","public int AddCaseStudy(CaseStudyModel model) {","Referenced by non-archive controller(s)."
"IID","DBConnection.IID.cs","GetIidInqAccusationsByComplaintId","public","Confirmed Active","IID / Inquiry","Read/list workflow data for IID / Inquiry","ApiCallsController.cs; IIDController.cs","","PKG_INQ.P_GET_INQ_ACCUSATIONS","","T_AU_IID_INQ_ACCUSATIONS","","P_COMPLAINT_ID:Int64","","","public List<IidInqAccusationRow> GetIidInqAccusationsByComplaintId(long complaintId) {","Referenced by non-archive controller(s)."
"IID","DBConnection.IID.cs","AddIidInqAccusation","public","Confirmed Active","IID / Inquiry","Create or advance IID / Inquiry workflow data","ApiCallsController.cs","","PKG_INQ.P_ADD_INQ_ACCUSATION","","","T_AU_IID_INQ_ACCUSATIONS","P_COMPLAINT_ID:Int64; P_ACCUSATION_TEXT:Clob; P_SORT_ORDER:Int32; P_CREATED_BY:Int64","","","public IidInqProcResult AddIidInqAccusation(IidInqAccusationRow model) {","Referenced by non-archive controller(s)."
"IID","DBConnection.IID.cs","UpdateIidInqAccusation","public","Confirmed Active","IID / Inquiry","Change state within IID / Inquiry workflow","ApiCallsController.cs","","PKG_INQ.P_UPDATE_INQ_ACCUSATION","","","ACCUSATION; T_AU_IID_INQ_ACCUSATIONS","P_ACCUSATION_ID:Int64; P_ACCUSATION_TEXT:Clob; P_SORT_ORDER:Int32; P_UPDATED_BY:Int64","","","public IidInqProcResult UpdateIidInqAccusation(IidInqAccusationRow model) {","Referenced by non-archive controller(s)."
"IID","DBConnection.IID.cs","DeleteIidInqAccusation","public","Confirmed Active","IID / Inquiry","Change state within IID / Inquiry workflow","ApiCallsController.cs","","PKG_INQ.P_DELETE_INQ_ACCUSATION","","","T_AU_IID_INQ_ACCUSATIONS","P_ACCUSATION_ID:Int64; P_UPDATED_BY:Int64","","","public IidInqProcResult DeleteIidInqAccusation(long accusationId, long userId) {","Referenced by non-archive controller(s)."
"IID","DBConnection.IID.cs","GetIidEmployeeInfo","public","Confirmed Active","IID / Inquiry","Read/list workflow data for IID / Inquiry","ApiCallsController.cs","","PKG_INQ.GET_EMPLOYEE_INFO","","V_GET_IID_EMPLOYEE_INFO","","P_PP_NO:Int64","","","public IidEmployeeInfoModel GetIidEmployeeInfo(long ppNo) {","Referenced by non-archive controller(s)."
"IID","DBConnection.IID.cs","GetIidInqAccusedListByComplaintId","public","Confirmed Active","IID / Inquiry","Read/list workflow data for IID / Inquiry","ApiCallsController.cs; IIDController.cs","","PKG_INQ.P_GET_INQ_ACCUSED_LIST","","T_AU_IID_INQ_ACCUSED_LIST","","P_COMPLAINT_ID:Int64","","","public List<IidInqAccusedRow> GetIidInqAccusedListByComplaintId(long complaintId) {","Referenced by non-archive controller(s)."
"IID","DBConnection.IID.cs","AddIidInqAccused","public","Confirmed Active","IID / Inquiry","Create or advance IID / Inquiry workflow data","ApiCallsController.cs","","PKG_INQ.P_ADD_INQ_ACCUSED","","","T_AU_IID_INQ_ACCUSED_LIST","P_COMPLAINT_ID:Int64; P_PERSON_NAME:Varchar2; P_DESIGNATION:Varchar2; P_ROLE_TYPE:Varchar2; P_PPNO_NUMBER:Varchar2; P_CNIC:Varchar2; P_FATHER_NAME:Varchar2; P_REMARKS:Varchar2; P_SORT_ORDER:Int32; P_CREATED_BY:Int64","","","public IidInqProcResult AddIidInqAccused(IidInqAccusedRow model) {","Referenced by non-archive controller(s)."
"IID","DBConnection.IID.cs","UpdateIidInqAccused","public","Confirmed Active","IID / Inquiry","Change state within IID / Inquiry workflow","ApiCallsController.cs","","PKG_INQ.P_UPDATE_INQ_ACCUSED","","","ACCUSED; T_AU_IID_INQ_ACCUSED_LIST","P_ACCUSED_ROW_ID:Int64; P_PERSON_NAME:Varchar2; P_DESIGNATION:Varchar2; P_ROLE_TYPE:Varchar2; P_PPNO_NUMBER:Varchar2; P_CNIC:Varchar2; P_FATHER_NAME:Varchar2; P_REMARKS:Varchar2; P_SORT_ORDER:Int32; P_UPDATED_BY:Int64","","","public IidInqProcResult UpdateIidInqAccused(IidInqAccusedRow model) {","Referenced by non-archive controller(s)."
"IID","DBConnection.IID.cs","DeleteIidInqAccused","public","Confirmed Active","IID / Inquiry","Change state within IID / Inquiry workflow","ApiCallsController.cs","","PKG_INQ.P_DELETE_INQ_ACCUSED","","","T_AU_IID_INQ_ACCUSED_LIST","P_ACCUSED_ROW_ID:Int64; P_UPDATED_BY:Int64","","","public IidInqProcResult DeleteIidInqAccused(long accusedRowId, long userId) {","Referenced by non-archive controller(s)."
"IID","DBConnection.IID.cs","GetIidInqRecordsByComplaintId","public","Confirmed Active","IID / Inquiry","Read/list workflow data for IID / Inquiry","ApiCallsController.cs","","PKG_INQ.P_GET_INQ_RECORDS","","T_AU_IID_INQ_RECORD_SCRUTINIZED","","P_COMPLAINT_ID:Int64","","","public List<IidInqRecordRow> GetIidInqRecordsByComplaintId(long complaintId) {","Referenced by non-archive controller(s)."
"IID","DBConnection.IID.cs","AddIidInqRecord","public","Confirmed Active","IID / Inquiry","Create or advance IID / Inquiry workflow data","ApiCallsController.cs","","PKG_INQ.P_ADD_INQ_RECORD","","","T_AU_IID_INQ_RECORD_SCRUTINIZED","P_COMPLAINT_ID:Int64; P_RECORD_TITLE:Varchar2; P_RECORD_DETAILS:Varchar2; P_SORT_ORDER:Int32; P_CREATED_BY:Int64","","","public IidInqProcResult AddIidInqRecord(IidInqRecordRow model) {","Referenced by non-archive controller(s)."
"IID","DBConnection.IID.cs","UpdateIidInqRecord","public","Confirmed Active","IID / Inquiry","Change state within IID / Inquiry workflow","ApiCallsController.cs","","PKG_INQ.P_UPDATE_INQ_RECORD","","","RECORD; T_AU_IID_INQ_RECORD_SCRUTINIZED","P_REC_ID:Int64; P_RECORD_TITLE:Varchar2; P_RECORD_DETAILS:Varchar2; P_SORT_ORDER:Int32; P_UPDATED_BY:Int64","","","public IidInqProcResult UpdateIidInqRecord(IidInqRecordRow model) {","Referenced by non-archive controller(s)."
"IID","DBConnection.IID.cs","DeleteIidInqRecord","public","Confirmed Active","IID / Inquiry","Change state within IID / Inquiry workflow","ApiCallsController.cs","","PKG_INQ.P_DELETE_INQ_RECORD","","","T_AU_IID_INQ_RECORD_SCRUTINIZED","P_REC_ID:Int64; P_UPDATED_BY:Int64","","","public IidInqProcResult DeleteIidInqRecord(long recId, long userId) {","Referenced by non-archive controller(s)."
"IID","DBConnection.IID.cs","GetIidInqProceedingsByComplaintId","public","Confirmed Active","IID / Inquiry","Read/list workflow data for IID / Inquiry","ApiCallsController.cs","","PKG_INQ.P_GET_INQ_PROCEEDINGS","","T_AU_IID_INQ_PROCEEDINGS","","P_COMPLAINT_ID:Int64","","","public List<IidInqProceedingRow> GetIidInqProceedingsByComplaintId(long complaintId) {","Referenced by non-archive controller(s)."
"IID","DBConnection.IID.cs","SaveIidInqProceeding","public","Confirmed Active","IID / Inquiry","Create or advance IID / Inquiry workflow data","ApiCallsController.cs","","PKG_INQ.P_SAVE_INQ_PROCEEDING","","DUAL","T_AU_IID_INQ_PROCEEDINGS","P_PROCEEDING_ID:Int64; P_COMPLAINT_ID:Int64; P_NOTICE_REFERENCE:Varchar2; P_VISIT_DATE:Date; P_PLACE_VISITED:Clob; P_PARTICIPANTS_DETAIL:Clob; P_MISSING_PARTICIPANTS_REASON:Clob; P_SORT_ORDER:Int32; P_STATUS:Varchar2; P_USER_ID:Int64","","","public IidInqProcResult SaveIidInqProceeding(IidInqProceedingRow model) {","Referenced by non-archive controller(s)."
"IID","DBConnection.IID.cs","AddIidInqProceeding","public","Confirmed Active","IID / Inquiry","Create or advance IID / Inquiry workflow data","ApiCallsController.cs","","","","","","","","","public IidInqProcResult AddIidInqProceeding(IidInqProceedingRow model) {","Referenced by non-archive controller(s)."
"IID","DBConnection.IID.cs","UpdateIidInqProceeding","public","Confirmed Active","IID / Inquiry","Change state within IID / Inquiry workflow","ApiCallsController.cs","","","","","","","","","public IidInqProcResult UpdateIidInqProceeding(IidInqProceedingRow model) {","Referenced by non-archive controller(s)."
"IID","DBConnection.IID.cs","DeleteIidInqProceeding","public","Confirmed Active","IID / Inquiry","Change state within IID / Inquiry workflow","ApiCallsController.cs","","PKG_INQ.P_DELETE_INQ_PROCEEDING","","DUAL","T_AU_IID_INQ_PROCEEDINGS","P_PROCEEDING_ID:Int64; P_UPDATED_BY:Int64","","","public IidInqProcResult DeleteIidInqProceeding(long proceedingId, long userId) {","Referenced by non-archive controller(s)."
"IID","DBConnection.IID.cs","GetIidInqStatementsByComplaintId","public","Confirmed Active","IID / Inquiry","Read/list workflow data for IID / Inquiry","ApiCallsController.cs; IIDController.cs","","PKG_INQ.P_GET_INQ_STATEMENTS","","T_AU_IID_INQ_STATEMENTS","","P_COMPLAINT_ID:Int64","","","public List<IidInqStatementRow> GetIidInqStatementsByComplaintId(long complaintId) {","Referenced by non-archive controller(s)."
"IID","DBConnection.IID.cs","SaveIidInqStatement","public","Confirmed Active","IID / Inquiry","Create or advance IID / Inquiry workflow data","ApiCallsController.cs","","PKG_INQ.P_ADD_INQ_STATEMENT","","T_AU_IID_INQ_STATEMENTS","EXISTING; STATEMENT; T_AU_IID_INQ_STATEMENTS","P_COMPLAINT_ID:Int64; P_PERSON_NAME:Varchar2; P_ROLE_TYPE:Varchar2; P_PPNO_NUMBER:Varchar2; P_CNIC:Varchar2; P_STATEMENT_DATETIME:Date; P_PLACE:Varchar2; P_MODE_TYPE:Varchar2; P_KEY_POINTS:Clob; P_UPLOADED_STATEMENT:Clob; P_USER_ID:Int64","","","public IidInqProcResult SaveIidInqStatement(IidInqStatementRow model) {","Referenced by non-archive controller(s)."
"IID","DBConnection.IID.cs","AddIidInqStatement","public","Confirmed Active","IID / Inquiry","Create or advance IID / Inquiry workflow data","ApiCallsController.cs","","","","","","","","","public IidInqProcResult AddIidInqStatement(IidInqStatementRow model) {","Referenced by non-archive controller(s)."
"IID","DBConnection.IID.cs","UpdateIidInqStatement","public","Confirmed Active","IID / Inquiry","Change state within IID / Inquiry workflow","ApiCallsController.cs","","","","","","","","","public IidInqProcResult UpdateIidInqStatement(IidInqStatementRow model) {","Referenced by non-archive controller(s)."
"IID","DBConnection.IID.cs","DeleteIidInqStatement","public","Confirmed Active","IID / Inquiry","Change state within IID / Inquiry workflow","ApiCallsController.cs","","PKG_INQ.P_DELETE_INQ_STATEMENT","","","T_AU_IID_INQ_STATEMENTS","P_STATEMENT_ID:Int64; P_UPDATED_BY:Int64","","","public IidInqProcResult DeleteIidInqStatement(long statementId, long userId) {","Referenced by non-archive controller(s)."
"IID","DBConnection.IID.cs","GetIidInqEvidenceFilesByComplaintId","public","Confirmed Active","IID / Inquiry","Read/list workflow data for IID / Inquiry","ApiCallsController.cs; IIDController.cs","","PKG_INQ.P_GET_INQ_EVIDENCE_FILES","","T_AU_IID_INQ_EVIDENCE_FILES","","P_COMPLAINT_ID:Int64","","","public List<IidInqEvidenceFileRow> GetIidInqEvidenceFilesByComplaintId(long complaintId) {","Referenced by non-archive controller(s)."
"IID","DBConnection.IID.cs","AddIidInqEvidenceFile","public","Confirmed Active","IID / Inquiry","Create or advance IID / Inquiry workflow data","ApiCallsController.cs","","PKG_INQ.P_ADD_INQ_EVIDENCE_FILE","","","T_AU_IID_INQ_EVIDENCE_FILES","P_COMPLAINT_ID:Int64; P_EVIDENCE_TYPE:Varchar2; P_DESCRIPTION:Clob; P_FILE_NAME:Varchar2; P_FILE_PATH:Varchar2; P_FILE_EXT:Varchar2; P_FILE_SIZE_KB:Int32; P_UPLOADED_BY:Int64","","","public IidInqProcResult AddIidInqEvidenceFile(IidInqEvidenceFileRow model) {","Referenced by non-archive controller(s)."
"IID","DBConnection.IID.cs","DeleteIidInqEvidenceFile","public","Confirmed Active","IID / Inquiry","Change state within IID / Inquiry workflow","ApiCallsController.cs","","PKG_INQ.P_DELETE_INQ_EVIDENCE_FILE","","","T_AU_IID_INQ_EVIDENCE_FILES","P_EVIDENCE_ID:Int64; P_UPDATED_BY:Int64","","","public IidInqProcResult DeleteIidInqEvidenceFile(long evidenceId, long userId) {","Referenced by non-archive controller(s)."
"IID","DBConnection.IID.cs","GetIidInqViolationsByComplaintId","public","Confirmed Active","IID / Inquiry","Read/list workflow data for IID / Inquiry","ApiCallsController.cs; IIDController.cs","","PKG_INQ.P_GET_INQ_VIOLATIONS","","T_AU_IID_INQ_VIOLATIONS","","P_COMPLAINT_ID:Int64","","","public List<IidInqViolationRow> GetIidInqViolationsByComplaintId(long complaintId) {","Referenced by non-archive controller(s)."
"IID","DBConnection.IID.cs","AddIidInqViolation","public","Confirmed Active","IID / Inquiry","Create or advance IID / Inquiry workflow data","ApiCallsController.cs","","PKG_INQ.P_ADD_INQ_VIOLATION","","","T_AU_IID_INQ_VIOLATIONS","P_COMPLAINT_ID:Int64; P_CATEGORY:Varchar2; P_VIOLATION_DETAIL:Clob; P_REFERENCE_TEXT:Varchar2; P_RECOMMENDATION:Clob; P_SORT_ORDER:Int32; P_CREATED_BY:Int64","","","public IidInqProcResult AddIidInqViolation(IidInqViolationRow model) {","Referenced by non-archive controller(s)."
"IID","DBConnection.IID.cs","UpdateIidInqViolation","public","Confirmed Active","IID / Inquiry","Change state within IID / Inquiry workflow","ApiCallsController.cs","","PKG_INQ.P_UPDATE_INQ_VIOLATION","","","T_AU_IID_INQ_VIOLATIONS; VIOLATION","P_VIOLATION_ID:Int64; P_CATEGORY:Varchar2; P_VIOLATION_DETAIL:Clob; P_REFERENCE_TEXT:Varchar2; P_RECOMMENDATION:Clob; P_SORT_ORDER:Int32; P_UPDATED_BY:Int64","","","public IidInqProcResult UpdateIidInqViolation(IidInqViolationRow model) {","Referenced by non-archive controller(s)."
"IID","DBConnection.IID.cs","DeleteIidInqViolation","public","Confirmed Active","IID / Inquiry","Change state within IID / Inquiry workflow","ApiCallsController.cs","","PKG_INQ.P_DELETE_INQ_VIOLATION","","","T_AU_IID_INQ_VIOLATIONS","P_VIOLATION_ID:Int64; P_UPDATED_BY:Int64","","","public IidInqProcResult DeleteIidInqViolation(long violationId, long userId) {","Referenced by non-archive controller(s)."
"IID","DBConnection.IID.cs","GetIidInqFindingsRecommByComplaintId","public","Confirmed Active","IID / Inquiry","Read/list workflow data for IID / Inquiry","ApiCallsController.cs; IIDController.cs","","PKG_INQ.GET_INQ_FINDINGS_RECOMM","","T_AU_IID_INQ_FIND_RECOMM","","p_complaint_id:Int64; p_accusation_id:Int64","","","public List<IidInqFindingsRecommRow> GetIidInqFindingsRecommByComplaintId(long complaintId) {","Referenced by non-archive controller(s)."
"IID","DBConnection.IID.cs","SaveIidInqFindingsRecomm","public","Confirmed Active","IID / Inquiry","Create or advance IID / Inquiry workflow data","ApiCallsController.cs","","","","","","","","","public IidInqProcResult SaveIidInqFindingsRecomm(long complaintId, long accusationId, string findingText, string recommendationText, string outcome = null) {","Referenced by non-archive controller(s)."
"IID","DBConnection.IID.cs","GetIidAccusationsForFindings","public","Confirmed Active","IID / Inquiry","Read/list workflow data for IID / Inquiry","ApiCallsController.cs","","PKG_INQ.P_GET_INQ_ACCUSATIONS","","T_AU_IID_INQ_ACCUSATIONS","","p_complaint_id:Int64","","","public List<IidAccusationForFindingsRow> GetIidAccusationsForFindings(long complaintId) {","Referenced by non-archive controller(s)."
"IID","DBConnection.IID.cs","GetIidFindingsRecommByAccusation","public","Confirmed Active","IID / Inquiry","Read/list workflow data for IID / Inquiry","ApiCallsController.cs","","PKG_INQ.GET_INQ_FINDINGS_RECOMM","","T_AU_IID_INQ_FIND_RECOMM","","p_complaint_id:Int64; p_accusation_id:Int64","","","public IidInqFindingsRecommRow GetIidFindingsRecommByAccusation(long complaintId, long accusationId) {","Referenced by non-archive controller(s)."
"IID","DBConnection.IID.cs","SaveIidFindingsRecommByAccusation","public","Confirmed Active","IID / Inquiry","Create or advance IID / Inquiry workflow data","ApiCallsController.cs","","PKG_INQ.SAVE_INQ_FINDINGS_RECOMM","","DUAL","SET; T_AU_IID_INQ_FIND_RECOMM","p_complaint_id:Int64; p_accusation_id:Int64; p_finding_text:Clob; p_recom_text:Clob; p_outcome:Varchar2; p_ppno:Varchar2","","","public IidInqProcResult SaveIidFindingsRecommByAccusation(long complaintId, long accusationId, string findingText, string recomText, string outcome, string ppno) {","Referenced by non-archive controller(s)."
"IID","DBConnection.IID.cs","GetIidFindingsRecommStatus","public","Confirmed Active","IID / Inquiry","Read/list workflow data for IID / Inquiry","ApiCallsController.cs","","PKG_INQ.GET_INQ_FIND_RECOMM_STATUS","","T_AU_IID_INQ_ACCUSATIONS; T_AU_IID_INQ_FIND_RECOMM","","p_complaint_id:Int64","","","public List<IidFindingsRecommStatusRow> GetIidFindingsRecommStatus(long complaintId) {","Referenced by non-archive controller(s)."
"IID","DBConnection.IID.cs","GetIidInqEvidenceStepByComplaintId","public","Confirmed Active","IID / Inquiry","Read/list workflow data for IID / Inquiry","ApiCallsController.cs","","PKG_INQ.P_GET_INQ_EVIDENCE_STEP","","T_AU_IID_INQ_EVIDENCE_STEP","","P_COMPLAINT_ID:Int64","","","public IidInqEvidenceStepModel GetIidInqEvidenceStepByComplaintId(long complaintId) {","Referenced by non-archive controller(s)."
"IID","DBConnection.IID.cs","SaveIidInqEvidenceStep","public","Confirmed Active","IID / Inquiry","Create or advance IID / Inquiry workflow data","ApiCallsController.cs","","PKG_INQ.P_SAVE_INQ_EVIDENCE_STEP","","DUAL; T_AU_IID_INQ_EVIDENCE_STEP","T_AU_IID_INQ_EVIDENCE_STEP","P_COMPLAINT_ID:Int64; P_MATERIAL_EVIDENCE_DETAIL:Clob; P_CIRCUMSTANTIAL_EVIDENCE_DETAIL:Clob","","","public IidInqProcResult SaveIidInqEvidenceStep(IidInqEvidenceStepModel model) {","Referenced by non-archive controller(s)."
"IID","DBConnection.IID.cs","GetIidInqDsaByComplaintId","public","Confirmed Active","IID / Inquiry","Read/list workflow data for IID / Inquiry","ApiCallsController.cs; IIDController.cs","","PKG_INQ.P_GET_INQ_DSA","","T_AU_IID_INQ_DSA","","P_COMPLAINT_ID:Int64","","","public List<IidInqDsaRow> GetIidInqDsaByComplaintId(long complaintId) {","Referenced by non-archive controller(s)."
"IID","DBConnection.IID.cs","AddIidInqDsa","public","Confirmed Active","IID / Inquiry","Create or advance IID / Inquiry workflow data","ApiCallsController.cs","","PKG_INQ.P_ADD_INQ_DSA","","","T_AU_IID_INQ_DSA","P_COMPLAINT_ID:Int64; P_PERSON_NAME:Varchar2; P_DESIGNATION:Varchar2; P_PPNO_NUMBER:Varchar2; P_CNIC:Varchar2; P_DSA_STATUS:Varchar2; P_REMARKS:Varchar2; P_SORT_ORDER:Int32; P_CREATED_BY:Int64","","","public IidInqProcResult AddIidInqDsa(IidInqDsaRow model) {","Referenced by non-archive controller(s)."
"IID","DBConnection.IID.cs","UpdateIidInqDsa","public","Confirmed Active","IID / Inquiry","Change state within IID / Inquiry workflow","ApiCallsController.cs","","PKG_INQ.P_UPDATE_INQ_DSA","","","DSA; T_AU_IID_INQ_DSA","P_DSA_ID:Int64; P_PERSON_NAME:Varchar2; P_DESIGNATION:Varchar2; P_PPNO_NUMBER:Varchar2; P_CNIC:Varchar2; P_DSA_STATUS:Varchar2; P_REMARKS:Varchar2; P_SORT_ORDER:Int32; P_UPDATED_BY:Int64","","","public IidInqProcResult UpdateIidInqDsa(IidInqDsaRow model) {","Referenced by non-archive controller(s)."
"IID","DBConnection.IID.cs","DeleteIidInqDsa","public","Confirmed Active","IID / Inquiry","Change state within IID / Inquiry workflow","ApiCallsController.cs","","PKG_INQ.P_DELETE_INQ_DSA","","","T_AU_IID_INQ_DSA","P_DSA_ID:Int64; P_UPDATED_BY:Int64","","","public IidInqProcResult DeleteIidInqDsa(long dsaId, long userId) {","Referenced by non-archive controller(s)."
"IID","DBConnection.IID.cs","FinalizeIidInquiryReport","public","Confirmed Active","IID / Inquiry","Change state within IID / Inquiry workflow","ApiCallsController.cs","","PKG_INQ.P_FINALIZE_IID_INQUIRY_REPORT","","","T_AU_IID_COMPLAINT_HDR","P_COMPLAINT_ID:Int64; P_UPDATED_BY:Int64","","","public int FinalizeIidInquiryReport(long complaintId, long? updatedBy) {","Referenced by non-archive controller(s)."
"IID","DBConnection.IID.cs","IsIidComplaintFinalized","public","Confirmed Active","IID / Inquiry","Validate or inspect IID / Inquiry workflow state","IidInquiryReportPdfController.cs","","select is_finalized from t_au_iid_complaint_hdr where complaint_id = :p_complaint_id","T_AU_IID_COMPLAINT_HDR","","","p_complaint_id:Int64","","","public bool IsIidComplaintFinalized(long complaintId) {","Referenced by non-archive controller(s)."
"IID","DBConnection.IID.cs","GetReports","public","Confirmed Active","IID / Inquiry","Read/list workflow data for IID / Inquiry","ApiCallsController.cs","","PKG_INQ.GET_REPORTS","","T_AU_IID_COMPLAINT_HDR; T_AU_IID_COMPLAINT_IAID; T_AU_IID_REPORT","","p_filter:Varchar2; p_source:Varchar2; p_category:Varchar2; p_pertains_to:Varchar2; p_date_from:Varchar2; p_date_to:Varchar2; p_region_id:Int32; p_branch_id:Int32; p_ho_unit_type_id:Int32; p_ho_unit_id:Int32; p_status:Varchar2; io_cursor:RefCursor","io_cursor:RefCursor:Output","","public DataTable GetReports(ReportFilterModel filter) {","Referenced by non-archive controller(s)."
"IID.ExceptionReports","DBConnection.IID.ExceptionReports.cs","GetIidListOfReports","public","Confirmed Active","Sampling / Exception Monitoring","Read/list workflow data for Sampling / Exception Monitoring","ApiCallsController.cs","","pkg_ISM.T_AU_EXCEPTION_REPORT","","","","E_ID:Int32; P_NO:Int32; ENT_ID:Int32; R_ID:Int32; T_CURSOR:RefCursor","T_CURSOR:RefCursor:Output","R_ID; REPORT_TITLE; DISCRIPTION; LOAN_STATUS; IND; REPORTING_PERIOD; EXCEPTION_COUNT; EXC_COUNT","public List<ListOfReportsModel> GetIidListOfReports(int engId) {","Referenced by non-archive controller(s)."
"IID.ExceptionReports","DBConnection.IID.ExceptionReports.cs","GetIidExceptionReportData","public","Confirmed Active","Sampling / Exception Monitoring","Read/list workflow data for Sampling / Exception Monitoring","ApiCallsController.cs","","pkg_ISM.P_GET_EXCEPTION_REPORT_DATA","","","","P_R_ID:Int64; P_ENG_ID:Int64; IO_CURSOR1:RefCursor; IO_CURSOR2:RefCursor","IO_CURSOR1:RefCursor:Output; IO_CURSOR2:RefCursor:Output","FORMAT_ID; R_ID; COLUMN_NAME; COLUMN_HEADER; COLUMN_ORDER; DATA_TYPE; IS_ACTIVE","public DynamicReportResult GetIidExceptionReportData(long reportId, long engId) {","Referenced by non-archive controller(s)."
"IID.ExceptionReports","DBConnection.IID.ExceptionReports.cs","GetIidAccountTransactions","public","Confirmed Active","Sampling / Exception Monitoring","Read/list workflow data for Sampling / Exception Monitoring","ApiCallsController.cs","","pkg_ISM.p_get_account_transcations","","","","E_ID:Int32; AC_number:Varchar2; P_NO:Int32; R_ID:Int32; ENT_ID:Int32; T_CURSOR:RefCursor","T_CURSOR:RefCursor:Output","TRANSACTIONMASTERCODE; DESCRIPTION; REMARKS; TRANSACTIONDATE; TRANSACTIONDATE_DISP; AUTHORIZATIONDATE; AUTHORIZATIONDATE_DISP; DRAMOUNT; CRAMOUNT; TOACCOUNTID; TOACCOUNTTITLE; TOACCOUNTNO; TO_ACC_BRANCHID; INSTRUMENTNO","public List<AccountTransactionSampleModel> GetIidAccountTransactions(int engId, string accountNo) {","Referenced by non-archive controller(s)."
"IID.ExceptionReports","DBConnection.IID.ExceptionReports.cs","GetIidAccountDocuments","public","Confirmed Active","Sampling / Exception Monitoring","Read/list workflow data for Sampling / Exception Monitoring","ApiCallsController.cs","","pkg_ISM.P_GET_ACCOUNT_DOC","","","","AC_number:Varchar2; P_NO:Int32; R_ID:Int32; ENT_ID:Int32; T_CURSOR:RefCursor","T_CURSOR:RefCursor:Output","OLDACCOUNTNO; PAGENO; NAME; DOC_IMAGE; DOC_REMARKS","public List<AccountDocumentBiometSamplingModel> GetIidAccountDocuments(string accountNo) {","Referenced by non-archive controller(s)."
"IID.ExceptionReports","DBConnection.IID.ExceptionReports.cs","GetIidLoanExceptions","public","Confirmed Active","Sampling / Exception Monitoring","Read/list workflow data for Sampling / Exception Monitoring","ApiCallsController.cs","","pkg_ISM.P_GET_LOANS_Exceptions","","","","LStatus:Int32; E_ID:Int32; P_NO:Int32; R_ID:Int32; ENT_ID:Int32; T_CURSOR:RefCursor","T_CURSOR:RefCursor:Output","LOAN_DISB_ID; TYPE; SCHEME; L_PURPOSE; LC_NO; CNIC; CUSTOMERNAME; APP_DATE_DISP; DISB_DATE_DISP; DEV_AMOUNT; OUTSTANDING","public List<LoanCaseSampleModel> GetIidLoanExceptions(string indicator, int statusId, int engId) {","Referenced by non-archive controller(s)."
"IID.ExceptionReports","DBConnection.IID.ExceptionReports.cs","GetIidLoanDocuments","public","Confirmed Active","Sampling / Exception Monitoring","Read/list workflow data for Sampling / Exception Monitoring","ApiCallsController.cs","","pkg_ISM.p_get_Loan_Documents","","","","E_ID:Varchar2; L_DISB_ID:Varchar2; P_NO:Int32; ENT_ID:Int32; R_ID:Int32; T_CURSOR:RefCursor","T_CURSOR:RefCursor:Output","IMAGEID; BRANCHCODE; LOAN_APP_ID; CNIC; CUSTOMERNAME; LOAN_CASE_NO; LOAN_DISB_ID; DOCNAME","public List<LoanCaseSampleDocumentsModel> GetIidLoanDocuments(int engId, string loanDisbId) {","Referenced by non-archive controller(s)."
"IID.ExceptionReports","DBConnection.IID.ExceptionReports.cs","GetIidLoanDocumentData","public","Confirmed Active","Sampling / Exception Monitoring","Read/list workflow data for Sampling / Exception Monitoring","ApiCallsController.cs","","pkg_ISM.p_get_Loan_Documents_image","","","","image_ID:Varchar2; T_CURSOR:RefCursor","T_CURSOR:RefCursor:Output","IMAGEDATA","public List<LoanCaseSampleDocumentsModel> GetIidLoanDocumentData(int imageId) {","Referenced by non-archive controller(s)."
"IID.ExceptionReports","DBConnection.IID.ExceptionReports.cs","GetIidLoanTransactions","public","Confirmed Active","Sampling / Exception Monitoring","Read/list workflow data for Sampling / Exception Monitoring","ApiCallsController.cs","","pkg_ISM.p_get_Loan_Transactions","","","","E_ID:Varchar2; L_DISB_ID:Varchar2; P_NO:Int32; ENT_ID:Int32; R_ID:Int32; T_CURSOR:RefCursor","T_CURSOR:RefCursor:Output","DESCRIPTION; MANUALVOUCHERNO; TRANSACTIONDATE; TRANSACTIONDATE_DISP; DRAMOUNT; CRAMOUNT; LN_ACCOUNTID; CREATEDON; CREATEDON_DISP; REMARKS; REJECTIONDATE; REJECTIONDATE_DISP; REVERSALDATE; REVERSALDATE_DISP; WORKINGDATE; WORKINGDATE_DISP; AUTHORIZATIONDATE; AUTHORIZATIONDATE_DISP; MCO_RECEIPT_NO; MCO_BOOK_NO","public List<LoanCaseSampleTransactionsModel> GetIidLoanTransactions(int engId, string loanDisbId) {","Referenced by non-archive controller(s)."
"IID.Pdf","DBConnection.IID.Pdf.cs","GetIidInquiryReportPdfData","public","Confirmed Active","IID / Inquiry","Read/list workflow data for IID / Inquiry","IidInquiryReportPdfController.cs","","","","","","","","","public IidInquiryReportPdfData GetIidInquiryReportPdfData(long complaintId) {","Referenced by non-archive controller(s)."
"IID.Pdf","DBConnection.IID.Pdf.cs","IsComplaintAllowedForIidPdf","public","Confirmed Active","IID / Inquiry","Validate or inspect IID / Inquiry workflow state","IidInquiryReportPdfController.cs","","PKG_INQ.GET_COMPLAINTS_DD","","T_AU_IID_COMPLAINANT; T_AU_IID_COMPLAINT_HDR; T_AU_IID_COMPLAINT_IAID; T_AU_IID_STATUS_MST","","p_page_id:Int32; io_cursor:RefCursor","io_cursor:RefCursor:Output","COMPLAINT_ID","public bool IsComplaintAllowedForIidPdf(long complaintId) {","Referenced by non-archive controller(s)."
"LG","DBConnection.LG.cs","LogWarning","public","Confirmed Active","Security and Administration","Support Security and Administration workflow","AdministrationPanelController.cs; ApiCallsController.cs; EngagementController.cs; FieldAuditReportController.cs; HomeController.cs; LoginController.cs","","","","","","","","","public void LogWarning(string module, string controller, string action, string message, string techDetails, int? pageId, int? engId, string userPpno) {","Referenced by non-archive controller(s)."
"LG","DBConnection.LG.cs","LogError","public","Confirmed Active","Security and Administration","Support Security and Administration workflow","ApiCallsController.cs; ApiMasterController.cs; CatalogController.cs; DashboardLayoutController.cs; EngagementController.cs; FieldAuditReportController.cs; FieldAuditReportPdfController.cs; HMController.cs; HomeController.cs; IidInquiryReportPdfController.cs; LoginController.cs; MANReportPdfController.cs; ObservationPdfController.cs; SecurityController.cs; UploadFileController.cs","","","","","","","","","public void LogError(string module, string controller, string action, string message, string techDetails, int? pageId, int? engId, string userPpno) {","Referenced by non-archive controller(s)."
"LG","DBConnection.LG.cs","GetSystemLogs","public","Confirmed Active","Security and Administration","Read/list workflow data for Security and Administration","AdministrationPanelController.cs","","PKG_LG.P_GET_SYS_LOGS","","T_SYS_LOG","","p_start_time:TimeStamp; p_end_time:TimeStamp; p_log_level:Varchar2; p_module:Varchar2; p_user_ppno:Varchar2; p_eng_id:Int32; o_cursor:RefCursor","o_cursor:RefCursor:Output","","public List<SystemLogModel> GetSystemLogs(DateTime? startTime, DateTime? endTime, string logLevel, string module, string userPpno, int? engId) {","Referenced by non-archive controller(s)."
"LG","DBConnection.LG.cs","DeleteOldSystemLogs","public","Confirmed Active","Security and Administration","Change state within Security and Administration workflow","AdministrationPanelController.cs","","PKG_LG.P_DELETE_SYS_LOGS","","","","p_cutoff_time:TimeStamp; o_deleted_count:Int32","","","public int DeleteOldSystemLogs(DateTime cutoffTime) {","Referenced by non-archive controller(s)."
"MAN.Pdf","DBConnection.MAN.Pdf.cs","GetManagementAuditReportPdfData","public","Confirmed Active","Reporting / Dashboards","Read/list workflow data for Reporting / Dashboards","MANReportPdfController.cs","","","","","","","","","public ManagementAuditPdfReportData GetManagementAuditReportPdfData(int engId) {","Referenced by non-archive controller(s)."
"MANRPT","DBConnection.MANRPT.cs","GetManagementAuditCover","public","Confirmed Active","Reporting / Dashboards","Read/list workflow data for Reporting / Dashboards","MANReportController.cs","","PKG_FRPT.P_GET_AUDIT_COVER","","T_AU_PLAN_ENG; T_AUDITEE_ENTITIES; T_AUDITEE_ENTITIES_MAPING","","P_ENG_ID:Int32; T_CURSOR:RefCursor","","AUDITED_BY; REPORTING; ENTITY_NAME; AUDITED_ON","public ManagementAuditCoverModel GetManagementAuditCover(int engId) {","Referenced by non-archive controller(s)."
"MANRPT","DBConnection.MANRPT.cs","GetManagementAuditTeamDetails","public","Confirmed Active","Reporting / Dashboards","Read/list workflow data for Reporting / Dashboards","MANReportController.cs","","PKG_FRPT.P_GET_MAN_TEAM_DETAILS","","V_GET_AUDIT_TEAM_DETAILS","","P_ENG_ID:Int32; T_CURSOR:RefCursor","","MEMBER_NAME; ROLE_TITLE; PP_NO","public List<GetTeamDetailsModel> GetManagementAuditTeamDetails(int engId) {","Referenced by non-archive controller(s)."
"MANRPT","DBConnection.MANRPT.cs","GetManReportObjectiveScope","public","Confirmed Active","Reporting / Dashboards","Read/list workflow data for Reporting / Dashboards","MANReportController.cs","","PKG_FRPT.P_GET_MAN_OBJECTIVE_SCOPE","","T_FRPT_TEXT_BLOCKS","","P_ENG_ID:Int32; T_CURSOR:RefCursor","","OBJECTIVE; SCOPE; METHODOLOGY; DISCLAIMER; INTRODUCTION","public Dictionary<string, string> GetManReportObjectiveScope(int engId) {","Referenced by non-archive controller(s)."
"MANRPT","DBConnection.MANRPT.cs","GetManReportStaffSnapshot","public","Confirmed Active","Reporting / Dashboards","Read/list workflow data for Reporting / Dashboards","MANReportController.cs","","PKG_FRPT.P_GET_MAN_STAFF_SNAPSHOT","","T_FRPT_STAFF_SNAPSHOT","","P_ENG_ID:Int32; T_CURSOR:RefCursor","","PP_NO; STAFF_NAME; STAFF_RANK; DESIGNATION","public List<FieldAuditPdfStaffRowModel> GetManReportStaffSnapshot(int engId) {","Referenced by non-archive controller(s)."
"MANRPT","DBConnection.MANRPT.cs","GetManReportExecutiveSummary","public","Confirmed Active","Reporting / Dashboards","Read/list workflow data for Reporting / Dashboards","MANReportController.cs","","PKG_FRPT.P_GET_MAN_EXEC_SUMMARY","","T_FRPT_TEXT_BLOCKS","","P_ENG_ID:Int32; T_CURSOR:RefCursor","","TEXT_BLOCK","public string GetManReportExecutiveSummary(int engId) {","Referenced by non-archive controller(s)."
"MANRPT","DBConnection.MANRPT.cs","SaveManReportTextBlock","public","Confirmed Active","Reporting / Dashboards","Create or advance Reporting / Dashboards workflow data","MANReportController.cs","","PKG_FRPT.P_SAVE_TEXT_BLOCK","","T_FRPT_TEXT_BLOCKS","ONE; T_FRPT_TEXT_BLOCKS","P_ENG_ID:Int32; P_SECTION_CODE:Varchar2; P_TEXT_BLOCK:Clob","","","public void SaveManReportTextBlock(int engId, string sectionCode, string text) {","Referenced by non-archive controller(s)."
"MANRPT","DBConnection.MANRPT.cs","GetManReportObservations","public","Confirmed Active","Reporting / Dashboards","Read/list workflow data for Reporting / Dashboards","MANReportController.cs","","PKG_FRPT.P_GET_MAN_AUDIT_OBSERVATIONS","","DUAL","","P_ENG_ID:Int32; T_CURSOR:RefCursor","","STATUS; PARA_NO; TITLE; PARA_TEXT; RISK_CATEGORY; RECOMMENDATION; MANAGEMENT_REPLY; AUDIT_REPLY","public List<ManagementReportObservationModel> GetManReportObservations(int engId) {","Referenced by non-archive controller(s)."
"MANRPT","DBConnection.MANRPT.cs","GetManReportSettledParas","public","Confirmed Active","Reporting / Dashboards","Read/list workflow data for Reporting / Dashboards","MANReportController.cs","","PKG_FRPT.P_GET_MAN_SETTLED_PARAS","","DUAL","","P_ENG_ID:Int32; T_CURSOR:RefCursor","","TITLE; PARA_TEXT; MANAGEMENT_REPLY","public List<ManagementReportSettledParaModel> GetManReportSettledParas(int engId) {","Referenced by non-archive controller(s)."
"MANRPT","DBConnection.MANRPT.cs","GetManReportObservationPdfParas","public","Likely Active","Reporting / Dashboards","Read/list workflow data for Reporting / Dashboards","","","PKG_FRPT.P_GET_MAN_AUDIT_OBSERVATIONS","","DUAL","","P_ENG_ID:Int32; T_CURSOR:RefCursor","","STATUS; PARA_NO; TITLE; PARA_TEXT; RISK_CATEGORY; RECOMMENDATION; MANAGEMENT_REPLY; AUDIT_REPLY","public List<FieldAuditPdfParaModel> GetManReportObservationPdfParas(int engId) {","No external call found, but referenced inside DBConnection and belongs to non-archive module."
"MANRPT","DBConnection.MANRPT.cs","GetManReportSettledPdfParas","public","Likely Active","Reporting / Dashboards","Read/list workflow data for Reporting / Dashboards","","","PKG_FRPT.P_GET_MAN_SETTLED_PARAS","","DUAL","","P_ENG_ID:Int32; T_CURSOR:RefCursor","","TITLE; PARA_TEXT; MANAGEMENT_REPLY","public List<FieldAuditPdfParaModel> GetManReportSettledPdfParas(int engId) {","No external call found, but referenced inside DBConnection and belongs to non-archive module."
"MANRPT","DBConnection.MANRPT.cs","GetManagementReportPdfSections","public","Likely Active","Reporting / Dashboards","Read/list workflow data for Reporting / Dashboards","","","","","","","","","","public List<FieldAuditPdfSectionModel> GetManagementReportPdfSections(int engId) {","No external call found, but referenced inside DBConnection and belongs to non-archive module."
"Notification","DBConnection.Notification.cs","IsObservationSubmittedToAuditee","public","Confirmed Active","Notifications","Validate or inspect Notifications workflow state","ApiCallsController.cs","","","","","","","","","public bool IsObservationSubmittedToAuditee(int obsId) {","Referenced by non-archive controller(s)."
"Notification","DBConnection.Notification.cs","GetObservationSubmittedNotificationData","public","Confirmed Active","Notifications","Read/list workflow data for Notifications","ApiCallsController.cs","","","","","","","","","public ObservationSubmittedNotificationData GetObservationSubmittedNotificationData(int obsId) {","Referenced by non-archive controller(s)."
"Notification","DBConnection.Notification.cs","GetAuditTaskAssignedNotificationData","public","Confirmed Active","Notifications","Read/list workflow data for Notifications","ApiCallsController.cs","","","","","","","","","public AuditTaskAssignedNotificationData GetAuditTaskAssignedNotificationData(AuditEngagementPlanModel plan) {","Referenced by non-archive controller(s)."
"Notification","DBConnection.Notification.cs","GetInquiryAssignedNotificationData","public","Confirmed Active","Notifications","Read/list workflow data for Notifications","ApiCallsController.cs","","","","","","","","","public InquiryAssignedNotificationData GetInquiryAssignedNotificationData(HeadReviewModel model) {","Referenced by non-archive controller(s)."
"Notification","DBConnection.Notification.cs","GetFinalReportIssuedNotificationData","public","Confirmed Active","Notifications","Read/list workflow data for Notifications","FieldAuditReportController.cs","","","","","","","","","public FinalReportIssuedNotificationData GetFinalReportIssuedNotificationData(int engId) {","Referenced by non-archive controller(s)."
"ObservationPdf","DBConnection.ObservationPdf.cs","GetObservationPdfData","public","Confirmed Active","Execution / Observation","Read/list workflow data for Execution / Observation","ApiCallsController.cs","","","","","","","","","public ObservationPdfDataModel GetObservationPdfData(int obsId) {","Referenced by non-archive controller(s)."
"ObservationPdf","DBConnection.ObservationPdf.cs","GetObservationPrintDetails","public","Confirmed Active","Execution / Observation","Read/list workflow data for Execution / Observation","ObservationPdfController.cs","","pkg_ar.P_GET_OBSERVATION_TO_PRINT","","T_AU_OBSERVATION; T_AU_OBSERVATION_TEXT; T_AU_PLAN_ENG; T_AU_TEAM_MEMBERS; T_AUDIT_CHECKLIST_ANNEXURE; T_AUDITEE_ENTITIES; T_RISK","","OBS_ID:Int32; io_cursor:RefCursor","","","public ObservationPdfDataModel GetObservationPrintDetails(int obsId) {","Referenced by non-archive controller(s)."
"ObservationPdf","DBConnection.ObservationPdf.cs","GetObservationPrintResponsibilities","public","Confirmed Active","Execution / Observation","Read/list workflow data for Execution / Observation","ObservationPdfController.cs","","pkg_ae.P_GetObservationResponsible","","V_GET_AUDITEE_PP_RESPONSIBILITY; V_SERVICE_EMPLOYEEINFO","","OBSID:Int32; E_ID:Int32; io_cursor:RefCursor","","PP_NO","public List<ObservationPdfResponsibilityModel> GetObservationPrintResponsibilities(int obsId, int engId) {","Referenced by non-archive controller(s)."
"PG","DBConnection.PG.cs","GetAuditPeriodStatus","public","Confirmed Active","Planning / Shared Core","Read/list workflow data for Planning / Shared Core","PlanningController.cs","","pkg_pg.P_GET_Auditperiod_status","","T_AU_PERIOD_STATUS","","T_CURSOR:RefCursor","T_CURSOR:RefCursor:Output","ID; STATUS","public List<AuditPeriodModel> GetAuditPeriodStatus() {","Referenced by non-archive controller(s)."
"PG","DBConnection.PG.cs","GetAuditPeriods","public","Confirmed Active","Planning / Shared Core","Read/list workflow data for Planning / Shared Core","ApiCallsController.cs; EngagementController.cs; PlanningController.cs; ReportsController.cs; RiskAssessmentController.cs; SamplingController.cs","","pkg_pg.P_GetAuditPeriods","","T_AU_PERIOD; T_AU_PERIOD_STATUS","","P_NO:Int32; ENT_ID:Int32; R_ID:Int32; T_CURSOR:RefCursor","T_CURSOR:RefCursor:Output","AUDITPERIODID; DESCRIPTION; START_DATE; END_DATE; STATUS_ID; STATUS","public List<AuditPeriodModel> GetAuditPeriods(int dept_code = 0, int AUDIT_PERIOD_ID = 0) {","Referenced by non-archive controller(s)."
"PG","DBConnection.PG.cs","GetAuditCriteriasToAuthorize","public","Confirmed Active","Planning / Shared Core","Read/list workflow data for Planning / Shared Core","PlanningController.cs","","pkg_pg.P_GetAuditCriteriasToAuthorize","","T_AU_ACTIVITY_LOG; T_AU_PERIOD; T_AUDIT_CRITERIA; T_AUDIT_CRITERIA_LOG; T_AUDIT_FREQUENCY; T_AUDITEE_ENT_TYPES; T_AUDITEE_ENTITIES; T_AUDITEE_ENTITIES_MAPING; T_AUDITEE_ENTITIES_SIZE_DISC; T_RISK","T_AU_ACTIVITY_LOG","ENT_ID:Int32; P_NO:Int32; R_ID:Int32; T_CURSOR:RefCursor","T_CURSOR:RefCursor:Output","ID; ENTITY_TYPEID; ENTITY_ID; SIZE_ID; RISK_ID; FREQUENCY_ID; NO_OF_DAYS; APPROVAL_STATUS; AUDITPERIODID; PERIOD; ENTITY; FREQUENCY; BRSIZE; RISK; VISIT; NAME; REMARKS","public List<AuditCriteriaModel> GetAuditCriteriasToAuthorize() {","Referenced by non-archive controller(s)."
"PG","DBConnection.PG.cs","GetRefferedBackAuditEngagementPlans","public","Confirmed Active","Planning / Shared Core","Read/list workflow data for Planning / Shared Core","EngagementController.cs; PlanningController.cs","","pkg_pg.P_GetRefferedBackAuditEngagementPlans","","T_AU_ACTIVITY_LOG; T_AU_AUDIT_TEAMS; T_AU_PLAN_ENG; T_AUDITEE_ENTITIES","T_AU_ACTIVITY_LOG","ENT_ID:Int32; P_NO:Int32; R_ID:Int32; T_CURSOR:RefCursor","T_CURSOR:RefCursor:Output","plan_id; eng_id; team_name; team_id; name; audit_startdate; audit_enddate; op_startdate; op_enddate; entity_id; auditby_id","public List<AuditRefEngagementPlanModel> GetRefferedBackAuditEngagementPlans() {","Referenced by non-archive controller(s)."
"RPT","DBConnection.RPT.cs","GetAuditZones","public","Confirmed Active","Reporting / Dashboards","Read/list workflow data for Reporting / Dashboards","AdministrationPanelController.cs; ApiCallsController.cs; ReportsController.cs; SetupController.cs","","PKG_RPT.P_GET_AUDIT_ZONES","","T_AUDITEE_ENTITIES","","io_cursor:RefCursor","io_cursor:RefCursor:Output","","public List<AuditZoneItem> GetAuditZones() {","Referenced by non-archive controller(s)."
"RPT","DBConnection.RPT.cs","GetDepartmentPerformanceSummaryAndDetail","public","Confirmed Active","Reporting / Dashboards","Read/list workflow data for Reporting / Dashboards","ApiCallsController.cs","","PKG_RPT.GET_DEPT_PERF_SUMMARY_DETAIL","","AGG; AIS_T_AU_POST_COMPLIANCE; BASE; DEDUP; EX; OBS; T_AU_OBSERVATION; T_AU_PLAN_ENG; T_AU_PLAN_ENG_LOG; T_AUDITEE_ENTITIES","","p_ent_id:Int32; p_start_date:Date; p_end_date:Date; o_summary_cursor:RefCursor; o_detail_cursor:RefCursor","o_summary_cursor:RefCursor:Output; o_detail_cursor:RefCursor:Output","o_summary_cursor; o_detail_cursor","public DepartmentPerformanceSummaryDetailResponse GetDepartmentPerformanceSummaryAndDetail(int entId, DateTime startDate, DateTime endDate) {","Referenced by non-archive controller(s)."
"RPT","DBConnection.RPT.cs","GetDepartmentPerformanceByZone","public","Confirmed Active","Reporting / Dashboards","Read/list workflow data for Reporting / Dashboards","ApiCallsController.cs","","PKG_RPT.GET_DEPT_PERF_BY_ZONE","","","","p_ent_id:Int32; p_zone_id:Int32; p_start_date:Date; p_end_date:Date; io_cursor:RefCursor","io_cursor:RefCursor:Output","","public List<DeptPerfByZoneRow> GetDepartmentPerformanceByZone(int entId, int zoneId, DateTime startDate, DateTime endDate) {","Referenced by non-archive controller(s)."
"RPT","DBConnection.RPT.cs","GetAuditorPerformance","public","Confirmed Active","Reporting / Dashboards","Read/list workflow data for Reporting / Dashboards","ApiCallsController.cs","","PKG_RPT.GET_AUDITOR_PERFORMANCE","","EX; OBS; T_AU_AUDIT_TEAM_TASKLIST; T_AU_OBSERVATION; T_AU_PLAN_ENG; T_AU_TEAM_MEMBERS; T_AUDIT_EMP; T_AUDITEE_ENTITIES","","p_ent_id:Int32; p_zone_id:Int32; p_start_date:Date; p_end_date:Date; io_cursor:RefCursor","io_cursor:RefCursor:Output","","public List<AuditorPerformanceRow> GetAuditorPerformance(int entId, int? zoneId, DateTime startDate, DateTime endDate) {","Referenced by non-archive controller(s)."
"RPT","DBConnection.RPT.cs","GetAllParasYears","public","Confirmed Active","Reporting / Dashboards","Read/list workflow data for Reporting / Dashboards","ReportsController.cs","","pkg_rpt.P_GetAllParasYear","","T_AU_OBSERVATION_FAD","","T_CURSOR:RefCursor","T_CURSOR:RefCursor:Output","audit_period","public List<AuditPeriodModel> GetAllParasYears() {","Referenced by non-archive controller(s)."
"RPT","DBConnection.RPT.cs","GetDepartments","public","Confirmed Active","Reporting / Dashboards","Read/list workflow data for Reporting / Dashboards","ApiCallsController.cs; CAUController.cs; EngagementController.cs; ExecutionController.cs; PlanningController.cs; ReportsController.cs; SetupController.cs","ArchiveController.cs","pkg_rpt.R_GetDepartments; pkg_ais.P_GetDepartments","","DUAL; T_AUDITEE_ENTITIES; T_AUDITEE_ENTITIES_MAPING; T_USER; T_USER_MAPING","","EntityId:Int32; PPNUM:Int32; T_CURSOR:RefCursor; E_id:Int32","T_CURSOR:RefCursor:Output","ID; DIVISIONID; NAME; CODE; ISACTIVE; DIV_NAME; AUDITED_BY_DEPID; ADUTIED_BY","public List<DepartmentModel> GetDepartments(int div_code = 0, bool sessionCheck = true) {","Referenced by non-archive controller(s)."
"RPT","DBConnection.RPT.cs","GetZoneWiseOldParasPerformance","public","Confirmed Active","Reporting / Dashboards","Read/list workflow data for Reporting / Dashboards","ReportsController.cs","","pkg_rpt.P_GetZoneWiseOldParasPerformance","","V_REPORT_AZ_PROGRESS","","UserEntityID:Int32; T_CURSOR:RefCursor","T_CURSOR:RefCursor:Output","ID; ZONENAME; PARA_ENTERED; PARA_PENDING; PARA_TOTAL","public List<ZoneWiseOldParasPerformanceModel> GetZoneWiseOldParasPerformance() {","Referenced by non-archive controller(s)."
"RPT","DBConnection.RPT.cs","GetActiveInactiveChartData","public","Confirmed Active","Reporting / Dashboards","Read/list workflow data for Reporting / Dashboards","ApiCallsController.cs","ArchiveController.cs","pkg_rpt.P_GetActiveInactiveChartData","","T_AU_OLD_PARAS_FAD","","T_CURSOR:RefCursor","T_CURSOR:RefCursor:Output","STATUS; TOTAL_COUNT","public ActiveInactiveChart GetActiveInactiveChartData() {","Referenced by non-archive controller(s)."
"RPT","DBConnection.RPT.cs","GetchildpostingForParaPositionReport","public","Confirmed Active","Reporting / Dashboards","Read/list workflow data for Reporting / Dashboards","ApiCallsController.cs","","pkg_rpt.P_Getchildposting","","T_AUDITEE_ENT_RELATION","","erid:Int32; USER_ENTITY_ID:Int32; T_CURSOR:RefCursor","T_CURSOR:RefCursor:Output","ENTITY_ID; C_NAME","public List<UserRelationshipModel> GetchildpostingForParaPositionReport(int e_r_id = 0) {","Referenced by non-archive controller(s)."
"RPT","DBConnection.RPT.cs","GetparentrepofficeForParaPositionReport","public","Confirmed Active","Reporting / Dashboards","Read/list workflow data for Reporting / Dashboards","ApiCallsController.cs","","pkg_rpt.P_Getparentrepoffice","","T_AUDITEE_ENT_RELATION; T_AUDITEE_ENT_TYPES; T_AUDITEE_ENTITIES; T_AUDITEE_ENTITIES_MAPING","","rid:Int32; user_entity_id:Int32; T_CURSOR:RefCursor","T_CURSOR:RefCursor:Output","ENTITY_REALTION_ID; ENTITY_ID; ACTIVE; DESCRIPTION; ENTITYTYPEDESC","public List<UserRelationshipModel> GetparentrepofficeForParaPositionReport(int r_id = 0) {","Referenced by non-archive controller(s)."
"RPT","DBConnection.RPT.cs","GetAuditDepartmentsZones","public","Confirmed Active","Reporting / Dashboards","Read/list workflow data for Reporting / Dashboards","ReportsController.cs","","pkg_rpt.P_AUDITED_BY_DEPARTMENTS","","DUAL; T_AUDIT_DEPARTMENTS; T_AUDITEE_ENTITIES","","P_NO:Int32; ENT_ID:Int32; R_ID:Int32; T_CURSOR:RefCursor","T_CURSOR:RefCursor:Output","NAME; ENTITY_ID","public List<AuditeeEntitiesModel> GetAuditDepartmentsZones() {","Referenced by non-archive controller(s)."
"RPT","DBConnection.RPT.cs","GetrealtionshiptypeForParaPositionReport","public","Confirmed Active","Reporting / Dashboards","Read/list workflow data for Reporting / Dashboards","ExecutionController.cs; ReportsController.cs","","pkg_rpt.P_Getrealtionshiptype","","T_AUDITEE_ENT_RELATION","","UserRoleid:Int32; T_CURSOR:RefCursor","T_CURSOR:RefCursor:Output","ENTITY_REALTION_ID; FIELD_NAME","public List<UserRelationshipModel> GetrealtionshiptypeForParaPositionReport() {","Referenced by non-archive controller(s)."
"RPT","DBConnection.RPT.cs","GetAuditPlanEngagement","public","Confirmed Active","Reporting / Dashboards","Read/list workflow data for Reporting / Dashboards","ApiCallsController.cs","","pkg_rpt.r_audit_plan_engagement","","T_AU_PERIOD; T_AU_PLAN_ENG; T_AU_PLAN_ENG_STATUS; T_AU_TEAM_MEMBERS; T_AUDITEE_ENTITIES; T_AUDITEE_ENTITIES_MAPING","","Audit_Period:Int32; auditbyid:Int32; T_CURSOR:RefCursor","T_CURSOR:RefCursor:Output","AUDITPERIOD; PARENT_OFFICE; ENITIY_NAME; AUDIT_STARTDATE; AUDIT_ENDDATE; TRAVEL_DAY; REVENUE_RECORD_DAY; DISCUSSION_DAY; TEAM_NAME; MEMBER_NAME; STATUS","public List<AuditPlanEngagementModel> GetAuditPlanEngagement(int periodid) {","Referenced by non-archive controller(s)."
"RPT","DBConnection.RPT.cs","GetFadBranchesParas","public","Confirmed Active","Reporting / Dashboards","Read/list workflow data for Reporting / Dashboards","ApiCallsController.cs","","PKG_rpt.r_functionalresp","","T_AU_OLD_PARAS_FAD; T_AUDIT_CHECKLIST; T_AUDIT_CHECKLIST_DETAILS; T_AUDIT_CHECKLIST_SUB; T_RISK","","CID:Int32; SID:Int32; CDID:Int32; T_CURSOR:RefCursor","T_CURSOR:RefCursor:Output","PERIOD; ENTITY_NAME; PROCESS; SUB_PROCESS; VIOLATION; OBS_TEXT; OBS_RISK; OBS_STATUS","public List<FadOldParaReportModel> GetFadBranchesParas(int PROCESS_ID = 0, int SUB_PROCESS_ID = 0, int PROCESS_DETAIL_ID = 0) {","Referenced by non-archive controller(s)."
"RPT","DBConnection.RPT.cs","GetJoiningCompletion","public","Confirmed Active","Reporting / Dashboards","Read/list workflow data for Reporting / Dashboards","ApiCallsController.cs","","pkg_rpt.R_JOININGCOMPLETION","","T_AU_PLAN_ENG; T_AU_PLAN_ENG_STATUS; T_AUDIT_DEPARTMENTS; T_AUDITEE_ENTITIES; T_AUDITEE_ENTITIES_MAPING; T_RISK","","DEPT_ID:Int32; AUDIT_START:Date; AUDIT_END:Date; T_CURSOR:RefCursor","T_CURSOR:RefCursor:Output","AUDIT_BY; REPORTING; CODE; AUDITEE_NAME; RISK; START_DATE; END_DATE; STATUS; ISSUANCE_DATE","public List<JoiningCompletionReportModel> GetJoiningCompletion(int DEPT_ID, DateTime AUDIT_STARTDATE, DateTime AUDIT_ENDDATE) {","Referenced by non-archive controller(s)."
"RPT","DBConnection.RPT.cs","GetauditplanCompletion","public","Confirmed Active","Reporting / Dashboards","Read/list workflow data for Reporting / Dashboards","ApiCallsController.cs","","pkg_rpt.R_AUDITPLANPROGRESS","","T_AU_AUDIT_JOINING; T_AU_OBSERVATION; T_AU_PLAN; T_AU_PLAN_ENG; T_AUDIT_PARA; T_AUDITEE_ENTITIES; T_RISK","","DEPT_ID:Int32; T_CURSOR:RefCursor","T_CURSOR:RefCursor:Output","AUDITNAME; AUDITS; ENGPLAN; JOINING; COMPLETED; OBSERVATIONS; HIGHRISKPARA; MEDIUMRISKPARA; LOWRISKPARA","public List<AuditPlanCompletionReportModel> GetauditplanCompletion(int DEPT_ID) {","Referenced by non-archive controller(s)."
"RPT","DBConnection.RPT.cs","GetCurrentAuditProgressEntities","public","Confirmed Active","Reporting / Dashboards","Read/list workflow data for Reporting / Dashboards","ReportsController.cs","","pkg_rpt.R_GetAuditees","","T_AU_AUDIT_JOINING; T_AU_PLAN_ENG; T_AUDITEE_ENTITIES; T_USER; T_USER_MAPING","","PP_NO:Int32; T_CURSOR:RefCursor","T_CURSOR:RefCursor:Output","ENG_ID; Entity_Name","public List<CurrentAuditProgress> GetCurrentAuditProgressEntities() {","Referenced by non-archive controller(s)."
"RPT","DBConnection.RPT.cs","GetCurrentAuditProgress","public","Confirmed Active","Reporting / Dashboards","Read/list workflow data for Reporting / Dashboards","ApiCallsController.cs","","pkg_rpt.R_GetAuditeesobervations","","T_AU_OBSERVATION; T_AU_OBSERVATION_STATUS; T_AU_PLAN_ENG; T_AUDITEE_ENTITIES","","ENGID:Int32; T_CURSOR:RefCursor","T_CURSOR:RefCursor:Output","code; auditee; area; observation","public List<CurrentAuditProgress> GetCurrentAuditProgress(int ENTITY_ID = 0) {","Referenced by non-archive controller(s)."
"RPT","DBConnection.RPT.cs","GetCurrentActiveUsers","public","Confirmed Active","Reporting / Dashboards","Read/list workflow data for Reporting / Dashboards","ApiCallsController.cs","","pkg_rpt.R_LOGINUSERS","","T_AUDIT_DEPARTMENTS; T_USER_SESSION; V_SERVICE_EMPLOYEEINFO","","ENTITYID:Int32; T_CURSOR:RefCursor","T_CURSOR:RefCursor:Output","DEPTNAME; EMPNAME; PPNO; LOGINDATE; SESSIONTIME","public List<CurrentActiveUsers> GetCurrentActiveUsers() {","Referenced by non-archive controller(s)."
"RPT","DBConnection.RPT.cs","GetZoneBranchParaPositionStatus","public","Confirmed Active","Reporting / Dashboards","Read/list workflow data for Reporting / Dashboards","ApiCallsController.cs","","pkg_rpt.P_GetParaPositionForZoneBranches","","T_AU_OBSERVATION_FAD; T_AUDITEE_ENTITIES; T_AUDITEE_ENTITIES_MAPING","","userid:Int32; EntityId:Int32; T_CURSOR:RefCursor","T_CURSOR:RefCursor:Output","Branch_Name; Total_Paras; Setteled_para; UnSetteled_para","public List<ZoneBranchParaStatusModel> GetZoneBranchParaPositionStatus(int Entity_ID) {","Referenced by non-archive controller(s)."
"RPT","DBConnection.RPT.cs","getauditplanreport","public","Confirmed Active","Reporting / Dashboards","Read/list workflow data for Reporting / Dashboards","ReportsController.cs","","","","","","userentityid:Int32; entityid:Int32; azone:Int32; risk_rating:Int32; branch_size:Int32; T_CURSOR:RefCursor","T_CURSOR:RefCursor:Output","AUDITEDBY; PARRENTOFFICE; AUDITEENAME; LASTAUDITOPSENDATE; ENTITYRISK; ENTITYSIZE; ENTITYCODE; ANTITYID; NORMALDAYS; REVENUEDAYS; TRAVELDAY; DISCUSSIONDAY; AUDITSTARTDATE; AUDITENDDATE; TNAME; TEAMLEAD","public List<AuditPlanReportModel> getauditplanreport() {","Referenced by non-archive controller(s)."
"RPT","DBConnection.RPT.cs","GetAddress","public","Confirmed Active","Reporting / Dashboards","Read/list workflow data for Reporting / Dashboards","ApiCallsController.cs","","pkg_rpt.r_getauditeeaddress","","T_AU_OBSERVATION; T_AU_PLAN_ENG; T_AUDITEE_ENTITIES; T_AUDITEE_ENTITIES_ADDRESS; T_AUDITEE_ENTITIES_MAPING; T_RISK","","EngId:Int32; ppnum:Int32; T_CURSOR:RefCursor","T_CURSOR:RefCursor:Output","ENG_ID; CODE; P_NAME; ADDRESS; NAME; LICENSE; DATE_OF_OPENING; AUDIT_STARTDATE; AUDIT_ENDDATE; OPERATION_STARTDATE; OPERATION_ENDDATE; HIGH; MEDIUM; LOW; SETTLE_HIGH; SETTLE_MEDIUM; SETTLE_LOW; OPEN_HIGH; OPEN_MEDIUM; OPEN_LOW","public List<AuditeeAddressModel> GetAddress(int ENT_ID) {","Referenced by non-archive controller(s)."
"RPT","DBConnection.RPT.cs","GetAuditeReportStatus","public","Confirmed Active","Reporting / Dashboards","Read/list workflow data for Reporting / Dashboards","ApiCallsController.cs","","pkg_rpt.r_getauditeeparas","","DUAL; T_AU_OBSERVATION; T_AU_OBSERVATION_TEXT; T_AU_OBSERVATIONS_AUDITEE_RESPONSE; T_AU_OBSERVATIONS_AUDITOR_RECOMMENDATION; T_AU_OBSERVATIONS_AUDITOR_REPLY; T_AU_PLAN_ENG; T_AUDIT_CHECKLIST; T_AUDIT_CHECKLIST_DETAILS; T_AUDIT_CHECKLIST_SUB; T_AUDIT_PARA; T_AUDIT_VIOLATION_DETAIL; T_AUDITEE_ENTITIES; T_RISK","","engid:Int32; T_CURSOR:RefCursor","T_CURSOR:RefCursor:Output","MESSAGE; REF_OUT","public List<GetAuditeeParasModel> GetAuditeReportStatus(int eng_id) {","Referenced by non-archive controller(s)."
"RPT","DBConnection.RPT.cs","GetTeamDetails","public","Confirmed Active","Reporting / Dashboards","Read/list workflow data for Reporting / Dashboards","ApiCallsController.cs","","pkg_rpt.p_getauditteams","","T_AU_AUDIT_TEAM_TASKLIST; T_AU_AUDIT_TEAMS; T_AU_TEAM_MEMBERS","","userentityid:Int32; T_CURSOR:RefCursor","T_CURSOR:RefCursor:Output","TEAM_NAME; MEMBER_PPNO; MEMBER_NAME; ISTEAMLEAD; AUDIT_START_DATE; AUDIT_END_DATE","public List<GetTeamDetailsModel> GetTeamDetails(int eng_id) {","Referenced by non-archive controller(s)."
"RPT","DBConnection.RPT.cs","GetAuditeeParas","public","Confirmed Active","Reporting / Dashboards","Read/list workflow data for Reporting / Dashboards","ApiCallsController.cs","","pkg_rpt.r_getauditeeparas","","DUAL; T_AU_OBSERVATION; T_AU_OBSERVATION_TEXT; T_AU_OBSERVATIONS_AUDITEE_RESPONSE; T_AU_OBSERVATIONS_AUDITOR_RECOMMENDATION; T_AU_OBSERVATIONS_AUDITOR_REPLY; T_AU_PLAN_ENG; T_AUDIT_CHECKLIST; T_AUDIT_CHECKLIST_DETAILS; T_AUDIT_CHECKLIST_SUB; T_AUDIT_PARA; T_AUDIT_VIOLATION_DETAIL; T_AUDITEE_ENTITIES; T_RISK","","engid:Int32; ENT_ID:Int32; P_NO:Int32; R_ID:Int32; T_CURSOR:RefCursor","T_CURSOR:RefCursor:Output","MEMO_NUMBER; PARA_NO; STATUS; V_HEADER; V_DETAIL; RISK; OBSERVATION; MANAGEMENT_REPLY; RECOMMENDATION; REMARKS; ASSIGNEDTO; ENTITY_NAME; REF_OUT; MESSAGE","public List<GetFinalReportModel> GetAuditeeParas(int eng_id) {","Referenced by non-archive controller(s)."
"RPT","DBConnection.RPT.cs","GetFadAuditPlanReport","public","Confirmed Active","Reporting / Dashboards","Read/list workflow data for Reporting / Dashboards","ApiCallsController.cs","","","","","","userentityid:Int32; entityid:Int32; azone:Int32; risk_rating:Int32; branch_size:Int32; T_CURSOR:RefCursor","T_CURSOR:RefCursor:Output","AUDITEDBY; PARRENTOFFICE; AUDITEENAME; LASTAUDITOPSENDATE; ENTITYRISK; ENTITYSIZE; ENTITYCODE; ANTITYID; NORMALDAYS; REVENUEDAYS; TRAVELDAY; DISCUSSIONDAY; AUDITSTARTDATE; AUDITENDDATE; TNAME; TEAMLEAD","public List<AuditPlanReportModel> GetFadAuditPlanReport(int ent_id, int z_id, int risk, int size) {","Referenced by non-archive controller(s)."
"RPT","DBConnection.RPT.cs","FADGetReportEntitities","public","Confirmed Active","Reporting / Dashboards","Support Reporting / Dashboards workflow","ReportsController.cs","","pkg_rpt.p_get_entities","","T_AU_PERIOD; T_AU_PLAN_ENG; T_AUDITEE_ENTITIES","","userentityid:Int32; T_CURSOR:RefCursor","T_CURSOR:RefCursor:Output","ENTITY_ID; ENTITY_NAME","public List<FADGetReportEntititiesModel> FADGetReportEntitities() {","Referenced by non-archive controller(s)."
"RPT","DBConnection.RPT.cs","FADGetReportZones","public","Confirmed Active","Reporting / Dashboards","Support Reporting / Dashboards workflow","ReportsController.cs",""," pkg_rpt.p_get_az","","","","userentityid:Int32; T_CURSOR:RefCursor","T_CURSOR:RefCursor:Output","ENTITY_ID; ENTITY_NAME","public List<FADGetReportZonesModel> FADGetReportZones() {","Referenced by non-archive controller(s)."
"RPT","DBConnection.RPT.cs","FADGetEntitySize","public","Confirmed Active","Reporting / Dashboards","Support Reporting / Dashboards workflow","ReportsController.cs","","pkg_rpt.p_get_entity_size","","T_AUDITEE_ENTITIES_SIZE_DISC","","T_CURSOR:RefCursor","T_CURSOR:RefCursor:Output","ENTITY_SIZE; DESCRIPTION","public List<FADEntitySizeModel> FADGetEntitySize() {","Referenced by non-archive controller(s)."
"RPT","DBConnection.RPT.cs","FADGetEntityRisk","public","Confirmed Active","Reporting / Dashboards","Support Reporting / Dashboards workflow","ReportsController.cs","","pkg_rpt.p_get_risk","","T_RISK","","T_CURSOR:RefCursor","T_CURSOR:RefCursor:Output","R_ID; DESCRIPTION; RATING","public List<FADEntityRiskModel> FADGetEntityRisk() {","Referenced by non-archive controller(s)."
"RPT","DBConnection.RPT.cs","GetFADNewParaPerformance","public","Confirmed Active","Reporting / Dashboards","Read/list workflow data for Reporting / Dashboards","ReportsController.cs","","pkg_rpt.p_get_new_paras_performance","","T_AU_OBSERVATION; T_AU_PLAN_ENG; T_AUDIT_CHECKLIST_DETAILS; T_AUDITEE_ENTITIES","","userid:Int32; T_CURSOR:RefCursor","T_CURSOR:RefCursor:Output","AUDIT_ZONE; Total_Paras; Setteled_Para; Unsetteled_Para; Ratio; R1; R2; R3","public List<FADNewParaPerformanceModel> GetFADNewParaPerformance() {","Referenced by non-archive controller(s)."
"RPT","DBConnection.RPT.cs","GetFADNewOldParaPerformance","public","Confirmed Active","Reporting / Dashboards","Read/list workflow data for Reporting / Dashboards","ApiCallsController.cs; ReportsController.cs","","pkg_rpt.p_get_new_old_paras_performance","","T_AU_OBSERVATION; T_AU_OBSERVATION_FAD; T_AU_PLAN_ENG; T_AUDIT_CHECKLIST; T_AUDIT_CHECKLIST_DETAILS; T_AUDIT_CHECKLIST_SUB; T_AUDITEE_ENTITIES","","userid:Int32; T_CURSOR:RefCursor","T_CURSOR:RefCursor:Output","AUDIT_ZONE; Checklist; Total_Paras; Setteled_Para; Unsetteled_Para; Ratio; R1; R2; R3","public List<FADNewOldParaPerformanceModel> GetFADNewOldParaPerformance(int AUDIT_ZONE_ID) {","Referenced by non-archive controller(s)."
"RPT","DBConnection.RPT.cs","GetFADLagacyParaPerformance","public","Confirmed Active","Reporting / Dashboards","Read/list workflow data for Reporting / Dashboards","ReportsController.cs",""," pkg_rpt.p_get_lagacy_paras_performance","","","","userid:Int32; T_CURSOR:RefCursor","T_CURSOR:RefCursor:Output","AUDIT_ZONE; Total_Paras; Setteled_Para; Unsetteled_Para; Ratio; R1; R2; R3","public List<FADLagacyParaPerformanceModel> GetFADLagacyParaPerformance() {","Referenced by non-archive controller(s)."
"RPT","DBConnection.RPT.cs","GetLegacyZoneWiseOldParasPerformance","public","Confirmed Active","Reporting / Dashboards","Read/list workflow data for Reporting / Dashboards","ApiCallsController.cs","","pkg_rpt.P_GetZoneWiseOldParasPerformance","","V_REPORT_AZ_PROGRESS","","UserEntityID:Int32; T_CURSOR:RefCursor","T_CURSOR:RefCursor:Output","ID; ZONENAME; PARA_ENTERED; PARA_PENDING; PARA_TOTAL","public List<LegacyZoneWiseOldParasPerformanceModel> GetLegacyZoneWiseOldParasPerformance(DateTime? FILTER_DATE) {","Referenced by non-archive controller(s)."
"RPT","DBConnection.RPT.cs","GetLegacyUserWiseOldParasPerformance","public","Confirmed Active","Reporting / Dashboards","Read/list workflow data for Reporting / Dashboards","ApiCallsController.cs","","pkg_rpt.P_Get_UserWise_OldParasPerformance","","V_REPORT_AZ_EMP_PROGRESS_DATACLEANSING; V_REPORT_AZ_PROGRESS","","UserEntityID:Int32; updated_date:Date; T_CURSOR:RefCursor","T_CURSOR:RefCursor:Output","AUDIT_ZONEID; ZONENAME; PARA_UPDATED; PPNO; updated_on; EMP_NAME","public List<LegacyUserWiseOldParasPerformanceModel> GetLegacyUserWiseOldParasPerformance(DateTime? FILTER_DATE) {","Referenced by non-archive controller(s)."
"RPT","DBConnection.RPT.cs","GetFADHOUserLegacyParaUserWiseOldParasPerformance","public","Confirmed Active","Reporting / Dashboards","Read/list workflow data for Reporting / Dashboards","ApiCallsController.cs","","pkg_rpt.P_Get_FAD_UserWise_OldParasPerformance","","T_AU_DATA_VALIDATION_FAD_LOG; V_SERVICE_EMPLOYEEINFO","","pp_no:Int32; updated_date:Date; T_CURSOR:RefCursor","T_CURSOR:RefCursor:Output","PPNO; EMP_NAME; PARA_REVIEWED; PARA_UPDATED; PARA_UPDATED_WITHOUT_CHANGES; Refer_Back","public List<FADHOUserLegacyParaUserWiseParasPerformanceModel> GetFADHOUserLegacyParaUserWiseOldParasPerformance(DateTime? FILTER_DATE) {","Referenced by non-archive controller(s)."
"RPT","DBConnection.RPT.cs","GetParaPositionReport","public","Confirmed Active","Reporting / Dashboards","Read/list workflow data for Reporting / Dashboards","ApiCallsController.cs","","pkg_rpt.p_get_para_position","","V_REPORT_PARA_POSITION","","UserEntityID:Int32; P_ID:Int32; C_ID:Int32; T_CURSOR:RefCursor","T_CURSOR:RefCursor:Output","Total_Para; Setteled_Para; Un_setteled_Para; P_NAME; C_NAME; AUDIT_PERIOD","public List<ParaPositionReportModel> GetParaPositionReport(int P_ID = 0, int C_ID = 0) {","Referenced by non-archive controller(s)."
"RPT","DBConnection.RPT.cs","GetParaPositionParaDetails","public","Confirmed Active","Reporting / Dashboards","Read/list workflow data for Reporting / Dashboards","ApiCallsController.cs","","pkg_rpt.p_get_para_position_details","","DUAL; T_AUDITEE_ENTITIES; V_REPORT_DASHBORAD_DETAIL","","UserEntityID:Int32; period:Int32; T_CURSOR:RefCursor","T_CURSOR:RefCursor:Output","remarks; para_status; para_no; gist_of_paras; AUDIT_PERIOD","public List<ParaPositionDetailsModel> GetParaPositionParaDetails(int ENTITY_ID = 0, int AUDIT_PERIOD = 0) {","Referenced by non-archive controller(s)."
"RPT","DBConnection.RPT.cs","GetTotalParasDetailsHO","public","Confirmed Active","Reporting / Dashboards","Read/list workflow data for Reporting / Dashboards","ApiCallsController.cs","","pkg_rpt.P_GET_Dash_table_functionwise_HO","","T_AUDITEE_ENTITIES; T_CONTROL_VIOLATION_SUB; T_COSO_RATING_FACTORS; T_RISK; V_GET_DASH_TABLE_FUNCTIONWISE_NAMES_HO","","UserEntityID:Int32; ENT_ID:Int32; P_NO:Int32; R_ID:Int32; T_CURSOR:RefCursor","T_CURSOR:RefCursor:Output","Functional_owner; Total_Paras; Setteled_Para; Unsetteled_Para; Ratio; R1; R2; R3","public List<FADNewOldParaPerformanceModel> GetTotalParasDetailsHO(int ENTITY_ID = 0, int PROCESS_ID = 0) {","Referenced by non-archive controller(s)."
"RPT","DBConnection.RPT.cs","GetRoleActivityLog","public","Confirmed Active","Reporting / Dashboards","Read/list workflow data for Reporting / Dashboards","ApiCallsController.cs","","pkg_rpt.P_GET_ACTIVITY_LOG","","T_AU_ACTIVITY_LOG; T_GROUPS; T_MENU_PAGES; V_SERVICE_EMPLOYEEINFO","","P_NO:Int32; ROLE:Int32; A_DATE:Date; T_CURSOR:RefCursor","T_CURSOR:RefCursor:Output","E_NAME; ppnum; duration; action; GROUP_ROLE","public List<RoleActivityLogModel> GetRoleActivityLog(int ROLE_ID, int DEPT_ID, int AZ_ID) {","Referenced by non-archive controller(s)."
"RPT","DBConnection.RPT.cs","GetUserActivityLog","public","Confirmed Active","Reporting / Dashboards","Read/list workflow data for Reporting / Dashboards","ApiCallsController.cs","","pkg_rpt.P_GET_ACTIVITY_LOG","","T_AU_ACTIVITY_LOG; T_GROUPS; T_MENU_PAGES; V_SERVICE_EMPLOYEEINFO","","P_NO:Int32; ROLE:Int32; A_DATE:Date; T_CURSOR:RefCursor","T_CURSOR:RefCursor:Output","E_NAME; ppnum; duration; start_time; end_time; action; page_id","public List<RoleActivityLogModel> GetUserActivityLog(int PP_NO) {","Referenced by non-archive controller(s)."
"RPT","DBConnection.RPT.cs","GetStatusWiseCompliance","public","Confirmed Active","Reporting / Dashboards","Read/list workflow data for Reporting / Dashboards","ApiCallsController.cs","","pkg_rpt.P_GET_COMPLIANCE_STATUS_WISE","","V_RELATIONSHIP_OFFICE; V_RPT_COMPLAINCE_STATUS_WISE","","P_NO:Int32; ENT_ID:Varchar2; R_ID:Varchar2; R_C:Varchar2; AUDITEE_ID:Int32; S_DATE:Date; E_DATE:Date; T_CURSOR:RefCursor","T_CURSOR:RefCursor:Output","parent_id; parent_Office; entity_id; entity_name; auditby_id; complaince_Submitted; complaince_received_at_Incharge_implementation; referredback_by_Controlling_office; complaince_Submitted_To_Incharge_AZ; complaince_Referred_back_by_Incharge_Implementation; para_settled_by_Incharge_AZ; complaince_Referred_back_by_Incharge_AZ","public List<StatusWiseComplianceModel> GetStatusWiseCompliance(string AUDITEE_ID, string START_DATE, string END_DATE, string RELATION_CHECK) {","Referenced by non-archive controller(s)."
"RPT","DBConnection.RPT.cs","GetAuditParaRensillation","public","Confirmed Active","Reporting / Dashboards","Read/list workflow data for Reporting / Dashboards","ApiCallsController.cs","","pkg_rpt.P_FAD_audit_Para_Reconciliation","","T_AUDITEE_ENTITIES; T_AUDITEE_ENTITIES_MAPING_FAD; V_FAD_AUDIT_PARA_RECONCILIATION; V_MAN_AUDIT_PARA_RECONCILIATION","","P_NO:Int32; ENT_ID:Varchar2; R_ID:Varchar2; T_CURSOR:RefCursor","T_CURSOR:RefCursor:Output","Audit_zone; entitytypedesc; Reporting_Office; Auditee; Open_balance; Added; Total; Settled_Legacy; Settled_New_Paras; Un_Settled; ind; percentage; r1; r2; r3","public List<AuditParaReconsillation> GetAuditParaRensillation() {","Referenced by non-archive controller(s)."
"RPT","DBConnection.RPT.cs","GetAuditPlanEngagementDetailedReport","public","Confirmed Active","Reporting / Dashboards","Read/list workflow data for Reporting / Dashboards","ApiCallsController.cs","","pkg_rpt.P_FAD_audit_Plan_Details","","DUAL; T_AU_AUDIT_TEAMS; T_AU_PLAN; T_AU_PLAN_ENG; T_AU_PLAN_ENG_STATUS; T_AU_PLAN_STATUS; T_AUDITEE_ENTITIES; T_AUDITEE_ENTITIES_MAPING","","AUDIT_ID:Int32; P_ID:Int32; T_CURSOR:RefCursor","T_CURSOR:RefCursor:Output","eng_id; reporting_office; name; operation_startdate; operation_enddate; audit_startdate; audit_enddate; travel_day; discussion_day; revenue_record_day; total_weekend_days; total_days; delay_days; t_name; status","public List<AuditPlanEngDetailReport> GetAuditPlanEngagementDetailedReport(string AUDITED_BY, string PERIOD_ID) {","Referenced by non-archive controller(s)."
"RPT","DBConnection.RPT.cs","GetAnnexureExerciseStatus","public","Confirmed Active","Reporting / Dashboards","Read/list workflow data for Reporting / Dashboards","ApiCallsController.cs","","pkg_rpt.R_FAD_ANNEXURE_REPORT","","V_FAD_ANNEXURE_SUM","","T_CURSOR:RefCursor","T_CURSOR:RefCursor:Output","ppno; name; audit_zone; total; Pending; Completed","public List<AnnexureExerciseStatus> GetAnnexureExerciseStatus() {","Referenced by non-archive controller(s)."
"RPT","DBConnection.RPT.cs","GetGroupWiseUsersCount","public","Confirmed Active","Reporting / Dashboards","Read/list workflow data for Reporting / Dashboards","ApiCallsController.cs","","pkg_rpt.R_GROUP_WISE_USERS_COUNT","","T_GROUPS; T_USER_MAPING","","T_CURSOR:RefCursor","T_CURSOR:RefCursor:Output","G_ID; G_NAME; U_COUNT","public List<GroupWiseUsersCountModel> GetGroupWiseUsersCount() {","Referenced by non-archive controller(s)."
"RPT","DBConnection.RPT.cs","GetGroupWisePages","public","Confirmed Active","Reporting / Dashboards","Read/list workflow data for Reporting / Dashboards","ApiCallsController.cs","","pkg_rpt.R_GROUP_WISE_PAGES","","T_GROUPS; T_MENU_PAGES; T_MENU_PAGES_GROUPMAP","","G_ID:Int32; T_CURSOR:RefCursor","T_CURSOR:RefCursor:Output","G_ID; G_NAME; P_NAME","public List<GroupWisePagesModel> GetGroupWisePages(string GROUP_ID) {","Referenced by non-archive controller(s)."
"RPT","DBConnection.RPT.cs","GetEntityTypesForEntityWiseOutstandingObsPosition","public","Confirmed Active","Reporting / Dashboards","Read/list workflow data for Reporting / Dashboards","ReportsController.cs","","pkg_rpt.P_GET_ENTITY_TYPE","","DUAL; T_AUDITEE_ENT_TYPES; T_AUDITEE_ENTITIES; V_GET_COMPLIANCE_REVIEWER_APPROVER","","P_NO:Int32; R_ID:Int32; ENT_ID:Int32; T_CURSOR:RefCursor","T_CURSOR:RefCursor:Output","ENTITY_TYPE; entitycode","public List<AuditeeEntitiesModel> GetEntityTypesForEntityWiseOutstandingObsPosition() {","Referenced by non-archive controller(s)."
"RPT","DBConnection.RPT.cs","GetOutstandingParasForEntityTypeId","public","Confirmed Active","Reporting / Dashboards","Read/list workflow data for Reporting / Dashboards","ApiCallsController.cs","","pkg_rpt.R_DEPT_WISE_PARA_POSITION","","AIS_T_AU_POST_COMPLIANCE; BASE; C.PARA_ADDED_ON; CATEGORIZED; P_REF_DATE; T_AUDITEE_ENT_TYPES; T_AUDITEE_ENTITIES; TRUNC","","P_NO:Int32; ENT_ID:Int32; R_ID:Int32; ENT_TYPE_ID:Int32; T_CURSOR:RefCursor; P_REF_DATE:Date; P_USE_TRUNC:Int32","T_CURSOR:RefCursor:Output","ENTITY_ID; NAME; AGE; TOTAL_PARAS","public List<DepttWiseOutstandingParasModel> GetOutstandingParasForEntityTypeId(string ENTITY_TYPE_ID, DateTime? pRefDate, int pUseTrunc = 0) {","Referenced by non-archive controller(s)."
"RPT","DBConnection.RPT.cs","GetLoanStatus","public","Confirmed Active","Reporting / Dashboards","Read/list workflow data for Reporting / Dashboards","ReportsController.cs; SamplingController.cs","","pkg_rpt.p_get_loan_status","","ATAS.T_ACCOUNTSTATUS; TEMP_ATAS_T_DISB_STATUS","","T_CURSOR:RefCursor","T_CURSOR:RefCursor:Output","description; accountstatusid","public List<AuditeeEntitiesModel> GetLoanStatus() {","Referenced by non-archive controller(s)."
"RPT","DBConnection.RPT.cs","GetLoanGLs","public","Confirmed Active","Reporting / Dashboards","Read/list workflow data for Reporting / Dashboards","ReportsController.cs","","pkg_rpt.p_get_loan_gl","","ATAS.T_GLSUB; TEMP_ATAS_T_GLSUB","","T_CURSOR:RefCursor","T_CURSOR:RefCursor:Output","glsubname; glsubcode","public List<AuditeeEntitiesModel> GetLoanGLs() {","Referenced by non-archive controller(s)."
"RPT","DBConnection.RPT.cs","GetGMsList","public","Confirmed Active","Reporting / Dashboards","Read/list workflow data for Reporting / Dashboards","ReportsController.cs","","pkg_rpt.R_get_gm_list","","T_AUDITEE_ENTITIES","","T_CURSOR:RefCursor","T_CURSOR:RefCursor:Output","name; entity_id","public List<AuditeeEntitiesModel> GetGMsList() {","Referenced by non-archive controller(s)."
"RPT","DBConnection.RPT.cs","GetRBHList","public","Confirmed Active","Reporting / Dashboards","Read/list workflow data for Reporting / Dashboards","ApiCallsController.cs; IIDController.cs","","pkg_rpt.R_get_rbh_list","","T_AUDITEE_ENTITIES_MAPING","","gm:Int32; T_CURSOR:RefCursor","T_CURSOR:RefCursor:Output","name; entity_id","public List<AuditeeEntitiesModel> GetRBHList(int REGION_ID) {","Referenced by non-archive controller(s)."
"RPT","DBConnection.RPT.cs","GetLoanDetailsReport","public","Confirmed Active","Reporting / Dashboards","Read/list workflow data for Reporting / Dashboards","ApiCallsController.cs","","pkg_rpt.p_get_loan_to_default","","V_ATAS_LOANS_DEFAULT; V_ATAS_T_LOAN_CNIC_WISE","","g_id:Int32; l_status:Int32; start_date:Date; end_date:Date; ENT_ID:Int32; T_CURSOR:RefCursor","T_CURSOR:RefCursor:Output","CNIC; LOAN_CASE_NO; CUSTOMERNAME; GLSUBCODE; GLSUBNAME; LOAN_DISB_ID; DISB_DATE; LAST_TRANSACTION_DATE; VALID_UNTIL; LAST_RECOVERY_AMOUNT; DISB_STATUSID; PRIN; MARKUP","public List<LoanDetailReportModel> GetLoanDetailsReport(int ENT_ID, int GLSUBID, int STATUSID, DateTime START_DATE, DateTime END_DATE) {","Referenced by non-archive controller(s)."
"RPT","DBConnection.RPT.cs","GetCNICLoanDetailsReport","public","Confirmed Active","Reporting / Dashboards","Read/list workflow data for Reporting / Dashboards","ApiCallsController.cs","","pkg_rpt.p_get_all_loans_of_cnic","","V_ATAS_T_LOAN_CNIC_WISE","","C_NIC:Int32; T_CURSOR:RefCursor","T_CURSOR:RefCursor:Output","CNIC; LOAN_CASE_NO; CUSTOMERNAME; GLSUBCODE; GLSUBNAME; LOAN_DISB_ID; DISB_DATE; LAST_TRANSACTION_DATE; VALID_UNTIL; LAST_RECOVERY_AMOUNT; DISB_STATUSID; PRIN; MARKUP","public List<LoanDetailReportModel> GetCNICLoanDetailsReport(string CNIC) {","Referenced by non-archive controller(s)."
"RPT","DBConnection.RPT.cs","GetDefaultCNICLoanDetailsReport","public","Confirmed Active","Reporting / Dashboards","Read/list workflow data for Reporting / Dashboards","ApiCallsController.cs","","pkg_rpt.p_get_loan_to_default_history","","TEMP_ATAS_T_DISB_STATUS; V_ATAS_LOANS_DEFAULT","","C_NIC:Int32; DIS_ID:Varchar2; T_CURSOR:RefCursor","T_CURSOR:RefCursor:Output","CNIC; BRANCHID; npl_loan_disb_id; default_principal; default_markup; outstanding_principal_total; outstanding_markup_total; current_status; transaction_date; cnic; loan_disb_id","public List<DefaultHisotryLoanDetailReportModel> GetDefaultCNICLoanDetailsReport(string CNIC, string LOAN_DISB_ID) {","Referenced by non-archive controller(s)."
"RPT","DBConnection.RPT.cs","GetAuditReportParaByGistKeyword","public","Confirmed Active","Reporting / Dashboards","Read/list workflow data for Reporting / Dashboards","ApiCallsController.cs","","pkg_rpt.P_find_gist","","T_AU_OBSERVATION_FAD; T_AUDIT_CHECKLIST_ANNEXURE; T_AUDITEE_ENTITIES; T_AUDITEE_ENTITIES_MAPING; V_GET_PARA_GIST","","GST:Varchar2; T_CURSOR:RefCursor","T_CURSOR:RefCursor:Output","region; AUDIT_ZONE; BRANCH; BRANCH_CODE; entereddate; para_no; annex; gist_of_paras; no_of_instances; amount_involved","public List<GISTWiseReportParas> GetAuditReportParaByGistKeyword(string GIST) {","Referenced by non-archive controller(s)."
"RPT","DBConnection.RPT.cs","GetComplianceProgressReport","public","Confirmed Active","Reporting / Dashboards","Read/list workflow data for Reporting / Dashboards","ApiCallsController.cs","","pkg_rpt.P_GET_COM_PROGREE_REPORT ","","","","R_TYPE:Varchar2; T_CURSOR:RefCursor","T_CURSOR:RefCursor:Output","PP_NO; Name; Total; Referred_Back; Recommended; Pending; last_login","public List<ComplianceProgressReportModel> GetComplianceProgressReport(string ROLE_TYPE) {","Referenced by non-archive controller(s)."
"RPT","DBConnection.RPT.cs","GetComplianceProgressReportDetails","public","Confirmed Active","Reporting / Dashboards","Read/list workflow data for Reporting / Dashboards","ApiCallsController.cs","","pkg_rpt.P_GET_COM_PROGREE_REPORT_DETAIL ","","","","R_TYPE:Varchar2; P_NO:Int32; T_CURSOR:RefCursor","T_CURSOR:RefCursor:Output","Compliance_Unit; parent_id; p_name; entity_id; name; code; COM_KEY; PP_NO; emp_name; Total; Refered_back; Satisfied; Pending","public List<ComplianceProgressReportDetailModel> GetComplianceProgressReportDetails(string ROLE_TYPE, int? PP_NO) {","Referenced by non-archive controller(s)."
"RPT","DBConnection.RPT.cs","GetEntityTypesForSettlementReport","public","Confirmed Active","Reporting / Dashboards","Read/list workflow data for Reporting / Dashboards","ReportsController.cs","","pkg_rpt.P_GET_ENTITY_TYPE_FOR_SETTLEMENT","","T_AUDITEE_ENT_TYPES; T_AUDITEE_ENTITIES","","R_ID:Int32; ENT_ID:Int32; P_NO:Int32; T_CURSOR:RefCursor","T_CURSOR:RefCursor:Output","autid; entitytypedesc","public List<AuditEntitiesModel> GetEntityTypesForSettlementReport() {","Referenced by non-archive controller(s)."
"RPT","DBConnection.RPT.cs","GetSettledParasForComplianceReport","public","Confirmed Active","Reporting / Dashboards","Read/list workflow data for Reporting / Dashboards","ApiCallsController.cs","","pkg_rpt.P_GET_COMPLIANCE_REPORT","","T_AUDITEE_ENTITIES; T_AUDITEE_ENTITIES_MAPING; T_AUDITEE_ENTITIES_MAPING_COM; V_GET_SETTLEMENT_REPORT","","ENT_ID:Int32; S_ENT_ID:Int32; S_DATE_FROM:Date; S_DATE_TO:Date; R_ID:Int32; P_NO:Int32; T_CURSOR:RefCursor","T_CURSOR:RefCursor:Output","entity_id; parent_id; p_name; c_name; period; para_no; Gist; setteled_on; auditedby","public List<SettledParasModel> GetSettledParasForComplianceReport(int ENTITY_TYPE_ID, DateTime? DATE_FROM, DateTime? DATE_TO) {","Referenced by non-archive controller(s)."
"RPT","DBConnection.RPT.cs","GetParasForComplianceSummaryReport","public","Confirmed Active","Reporting / Dashboards","Read/list workflow data for Reporting / Dashboards","ApiCallsController.cs","","pkg_rpt.P_GET_PARA_POSITION_SUM","","T_AUDITEE_ENTITIES; T_AUDITEE_ENTITIES_MAPING; V_GET_RPT_PARA_POISTION; V_GET_RPT_PARA_POISTION_REGIONS","","ENT_ID:Int32; R_ID:Int32; P_NO:Int32; T_CURSOR:RefCursor","T_CURSOR:RefCursor:Output","entity_id; parent_id; ent_name; ent_type; p_name; t_paras; t_s_paras; t_os_paras; cos_paras; z_cos_paras","public List<ComplianceOSParasModel> GetParasForComplianceSummaryReport() {","Referenced by non-archive controller(s)."
"RPT","DBConnection.RPT.cs","GetEngagementPlanDelayAnalysisReport","public","Confirmed Active","Reporting / Dashboards","Read/list workflow data for Reporting / Dashboards","ApiCallsController.cs","","pkg_rpt.p_delay_audits","","T_AU_PLAN_ENG; T_AU_PLAN_ENG_STATUS; T_AUDITEE_ENTITIES; T_AUDITEE_ENTITIES_MAPING","","P_NO:Int32; ENT_ID:Int32; R_ID:Int32; T_CURSOR:RefCursor","T_CURSOR:RefCursor:Output","entity_id; p_name; c_name; name; audit_startdate; audit_enddate; status; no_of_days","public List<EngPlanDelayAnalysisReportModel> GetEngagementPlanDelayAnalysisReport() {","Referenced by non-archive controller(s)."
"RPT","DBConnection.RPT.cs","GetFADMonthlyReviewParasForEntityTypeId","public","Confirmed Active","Reporting / Dashboards","Read/list workflow data for Reporting / Dashboards","ApiCallsController.cs","","pkg_rpt.R_FAD_MONTHLY_REVIEW","","T_AUDITEE_ENTITIES; V_GET_COMPLIANCE_REVIEWER_APPROVER; V_RPT_FAD_MONTHLY_BASE","","P_NO:Int32; ENT_ID:Int32; R_ID:Int32; R_T:Int32; S_DATE:Date; E_DATE:Date; T_CURSOR:RefCursor","T_CURSOR:RefCursor:Output","P_NAME; C_NAME; CHILD_CODE; opening_bal; Para_added; Settled_com; Settled_aud; Outstanding; r1; r2; r3","public List<FADMonthlyReviewParasModel> GetFADMonthlyReviewParasForEntityTypeId(string ENT_TYPE_ID, DateTime? S_DATE, DateTime? E_DATE) {","Referenced by non-archive controller(s)."
"RPT","DBConnection.RPT.cs","GetSeriousFraudulentObsGMOverview","public","Confirmed Active","Reporting / Dashboards","Read/list workflow data for Reporting / Dashboards","DashboardController.cs","","pkg_rpt.P_GET_GM_WISE_SERIOUS_PARAS","","T_AU_OBSERVATION_FAD; T_AUDITEE_ENTITIES_MAPING; V_GET_ANEX_NO_OF_RESPONSIBLE","","P_NO:Int32; ENT_ID:Int32; R_ID:Int32; R_T:Int32; S_DATE:Date; E_DATE:Date; T_CURSOR:RefCursor","T_CURSOR:RefCursor:Output","PARENT_ID; P_NAME; total_before_current_year; total_in_current_year; a1_before_current_year; a1_in_current_year; c_amount_before_current_year; c_amount_in_current_year; PER_INV; C_PER_INV","public List<SeriousFraudulentObsGM> GetSeriousFraudulentObsGMOverview() {","Referenced by non-archive controller(s)."
"RPT","DBConnection.RPT.cs","GetSeriousFraudulentObsGMDetails","public","Confirmed Active","Reporting / Dashboards","Read/list workflow data for Reporting / Dashboards","ApiCallsController.cs","","pkg_rpt.P_GET_GM_WISE_SERIOUS_PARAS_DETAILS","","AIS_T_AU_POST_COMPLIANCE; T_AU_OBSERVATION_FAD; T_AUDIT_CHECKLIST_ANNEXURE; T_AUDITEE_ENTITIES_MAPING; T_RISK; V_GET_ANEX_NO_OF_RESPONSIBLE","","PARENT_ENT_ID:Int32; IND:Varchar2; P_ANNEX:Varchar2; P_NO:Int32; ENT_ID:Int32; R_ID:Int32; T_CURSOR:RefCursor","T_CURSOR:RefCursor:Output","p_name; c_name; audit_period; para_no; heading; risk; gist_of_paras; amount_involved","public List<SeriousFraudulentObsGMDetails> GetSeriousFraudulentObsGMDetails(string INDICATOR, int PARENT_ENT_ID, string ANNEX_IND) {","Referenced by non-archive controller(s)."
"RPT","DBConnection.RPT.cs","GetYearWiseOutstandingParas","public","Confirmed Active","Reporting / Dashboards","Read/list workflow data for Reporting / Dashboards","ApiCallsController.cs","","pkg_rpt.P_GET_YEAR_WISE_AUDIT_OUTSTANDING_PARAS","","T_AU_OBSERVATION_FAD","","E_ID:Int32; P_NO:Int32; R_ID:Int32; ENT_ID:Int32; T_CURSOR:RefCursor","T_CURSOR:RefCursor:Output","audit_period; entity_id; Total_Paras; Settled_para; Un_Settled_para; R1; R2; R3","public List<YearWiseOutstandingObservationsModel> GetYearWiseOutstandingParas(int ENTITY_ID) {","Referenced by non-archive controller(s)."
"RPT","DBConnection.RPT.cs","GetYearWiseOutstandingParasDetails","public","Confirmed Active","Reporting / Dashboards","Read/list workflow data for Reporting / Dashboards","ApiCallsController.cs","","pkg_rpt.P_GET_YEAR_WISE_AUDIT_OUTSTANDING_PARAS_DETAILS","","T_AU_OBSERVATION_FAD; T_RISK","","E_ID:Int32; A_PERIOD:Int32; P_NO:Int32; R_ID:Int32; ENT_ID:Int32; T_CURSOR:RefCursor","T_CURSOR:RefCursor:Output","AUDIT_PERIOD; PARA_CATEGORY; PARA_NO; GIST_OF_PARAS; ENTITY_NAME; REF_P; OBS_ID","public List<AuditeeOldParasModel> GetYearWiseOutstandingParasDetails(int ENTITY_ID = 0, int AUDIT_PERIOD = 0) {","Referenced by non-archive controller(s)."
"RPT","DBConnection.RPT.cs","GetAuditParasByText","public","Confirmed Active","Reporting / Dashboards","Read/list workflow data for Reporting / Dashboards","ApiCallsController.cs","","pkg_rpt.P_GET_PARA_TEXT_WORDS_V2","","T_AUDITEE_ENTITIES; T_AUDITEE_ENTITIES_MAPING; VM_GET_ALL_PARA_TEXT","","T_TEXT:Varchar2; T_CURSOR:RefCursor","T_CURSOR:RefCursor:Output","name; p_name; c_name; audit_period; annex; para_no; gist_of_paras; text","public List<ParaTextSearchModel> GetAuditParasByText(string SEARCH_KEYWORD) {","Referenced by non-archive controller(s)."
"RPT","DBConnection.RPT.cs","GetYearWiseAllParas","public","Confirmed Active","Reporting / Dashboards","Read/list workflow data for Reporting / Dashboards","ApiCallsController.cs","","pkg_rpt.P_GET_YEAR_WISE_ALL_PARAS","","T_AU_OLD_PARAS_FAD; T_AUDITEE_ENT_TYPES; T_AUDITEE_ENTITIES; T_AUDITEE_ENTITIES_MAPING; T_RISK; V_DASHBOARD_NEW_PARAS","","A_PERIOD:Int32; T_CURSOR:RefCursor","T_CURSOR:RefCursor:Output","audit_period; ENTITY_TYPE; reporting_office; entity_name; entity_risk; func_resp; Audit_Zone; para_no; gist_of_paras; RISK; annexure; amount_involved; no_of_instances; PARA_STATUS","public List<YearWiseAllParasModel> GetYearWiseAllParas(string A_PERIOD) {","Referenced by non-archive controller(s)."
"RPT","DBConnection.RPT.cs","GetDistinctFadDeskOfficerAuditPeriods","public","Confirmed Active","Reporting / Dashboards","Read/list workflow data for Reporting / Dashboards","ApiCallsController.cs","","PKG_RPT.P_GET_FAD_DESK_OFFICER_AUDIT_PERIODS","","AIS_T_AU_POST_COMPLIANCE","","io_cursor:RefCursor","io_cursor:RefCursor:Output","AUDIT_PERIOD","public List<string> GetDistinctFadDeskOfficerAuditPeriods() {","Referenced by non-archive controller(s)."
"RPT","DBConnection.RPT.cs","GetFadDeskOfficerRptByDateRange","public","Confirmed Active","Reporting / Dashboards","Read/list workflow data for Reporting / Dashboards","ApiCallsController.cs","","PKG_RPT.P_GET_FAD_DESK_OFFICER_RPT_BY_PERIOD","","V_FAD_NAUMAN_RPT","","p_start_date:Date; p_end_date:Date; io_cursor:RefCursor","io_cursor:RefCursor:Output","AUDIT_PERIOD; CHILD_CODE; C_NAME; AZ; P_NAME; ANNEX; GIST_OF_PARAS; PARA_NO; NO_OF_INSTANCES; RISK; AMOUNT; para_status","public List<FadDeskOfficerRptModel> GetFadDeskOfficerRptByDateRange(DateTime startDate, DateTime endDate) {","Referenced by non-archive controller(s)."
"Security","DBConnection.Security.cs","SaveCspViolation","public","Confirmed Active","Security and Administration","Create or advance Security and Administration workflow data","SecurityController.cs","","","","","","p_disposition:Varchar2; p_document_uri:Varchar2; p_referrer:Varchar2; p_blocked_uri:Varchar2; p_effective_directive:Varchar2; p_violated_directive:Varchar2; p_original_policy:Varchar2; p_source_file:Varchar2; p_line_number:Int64; p_column_number:Int64; p_status_code:Int64; p_script_sample:Varchar2; p_user_agent:Varchar2; p_client_ip:Varchar2; p_raw_json:Clob; p_created_by_pp_no:Int64","","","public long SaveCspViolation(CspViolationDto dto, long? createdByPpNo) {","Referenced by non-archive controller(s)."
"SM","DBConnection.SM.cs","CreateSampleDataAfterEngagementApproval","public","Confirmed Active","Sampling / Exception Monitoring","Create or advance Sampling / Exception Monitoring workflow data","ApiCallsController.cs","","pkg_sm.P_add_sample_data","","DUAL; T_AU_PLAN_ENG; T_AU_SAMPLE; T_AU_SAMPLE_DATA; T_AUDITEE_ENTITIES; V_SAM_ACCOUNT; V_SAMPLING_CLOSED_LOANS; V_SAMPLING_DEVP_LOANS; V_SAMPLING_DISB_LOANS; V_SAMPLING_OUT_LOANS_STATUS; V_SAMPLING_PROD_LOANS; V_SAMPLING_ZERO_RECOVERY","T_AU_SAMPLE_DATA","E_ID:Int32; P_NO:Int32; ENT_ID:Int32; R_ID:Int32; T_CURSOR:RefCursor","T_CURSOR:RefCursor:Output","REMARKS; email; email_cc","public string CreateSampleDataAfterEngagementApproval(int ENG_ID) {","Referenced by non-archive controller(s)."
"SM","DBConnection.SM.cs","CreateExceptionDataAfterEngagementApproval","public","Confirmed Active","Sampling / Exception Monitoring","Create or advance Sampling / Exception Monitoring workflow data","ApiCallsController.cs","","pkg_sm.P_add_exception_data","","T_EXCEPTION_ACCOUNTS; T_EXCEPTION_ACCOUNTS_CUST; T_EXCEPTION_ACCOUNTS_DATA; T_EXCEPTION_ACCOUNTS_TXN; T_EXCEPTION_ENG; T_EXCEPTION_ENG_BRANCHES; T_EXCEPTION_ENG_DATA","T_EXCEPTION_ACCOUNTS; T_EXCEPTION_ACCOUNTS_CUST; T_EXCEPTION_ACCOUNTS_DATA; T_EXCEPTION_ACCOUNTS_TXN; T_EXCEPTION_ENG; T_EXCEPTION_ENG_BRANCHES; T_EXCEPTION_ENG_DATA","E_ID:Int32; P_NO:Int32; ENT_ID:Int32; R_ID:Int32; T_CURSOR:RefCursor","T_CURSOR:RefCursor:Output","REMARKS; email; email_cc","public string CreateExceptionDataAfterEngagementApproval(int ENG_ID) {","Referenced by non-archive controller(s)."
"SM","DBConnection.SM.cs","GetBiometSamplingDetails","public","Confirmed Active","Sampling / Exception Monitoring","Read/list workflow data for Sampling / Exception Monitoring","ApiCallsController.cs","","pkg_sm.p_get_Account","","T_AU_SAMPLE_BRANCH; T_SAMPLE_ACCOUNTS_DATA","","E_ID:Int32; P_NO:Int32; R_ID:Int32; ENT_ID:Int32; T_CURSOR:RefCursor","T_CURSOR:RefCursor:Output","branchcode; oldaccountno; name; customername; dob; dob_disp; phonecell; cnic; cnicexpirydate; cnicexpirydate_disp; openingdate; openingdate_disp; bmvs_verified; purpose; acc_type; acc_category; risk","public List<BiometSamplingModel> GetBiometSamplingDetails(int ENG_ID) {","Referenced by non-archive controller(s)."
"SM","DBConnection.SM.cs","GetBiometAccountTransactionSamplingDetails","public","Confirmed Active","Sampling / Exception Monitoring","Read/list workflow data for Sampling / Exception Monitoring","ApiCallsController.cs","","pkg_sm.p_get_account_transcations","","BRANCH.T_ACCOUNT; BRANCH.T_BRANCH; BRANCH.T_CUSTOMER; BRANCH.T_CUSTOMERACCOUNTS; BRANCH.T_TRANSACTION; BRANCH.T_TRANSACTIONMASTER; T_AU_PLAN_ENG; T_AUDITEE_ENTITIES; V_P_GET_ACCOUNT_TRANSCATIONS","","E_ID:Int32; AC_number:Varchar2; P_NO:Int32; R_ID:Int32; ENT_ID:Int32; T_CURSOR:RefCursor","T_CURSOR:RefCursor:Output","transactionmastercode; description; REMARKS; transactiondate; transactiondate_disp; authorizationdate; authorizationdate_disp; dramount; cramount; toaccountid; toaccounttitle; toaccountno; to_acc_branchid; instrumentno","public List<AccountTransactionSampleModel> GetBiometAccountTransactionSamplingDetails(int ENG_ID, string AC_NO) {","Referenced by non-archive controller(s)."
"SM","DBConnection.SM.cs","GetBiometAccountDocumentsSamplingDetails","public","Confirmed Active","Sampling / Exception Monitoring","Read/list workflow data for Sampling / Exception Monitoring","ApiCallsController.cs","","pkg_sm.P_GET_ACCOUNT_DOC ","","","","AC_number:Varchar2; P_NO:Int32; R_ID:Int32; ENT_ID:Int32; T_CURSOR:RefCursor","T_CURSOR:RefCursor:Output","OLDACCOUNTNO; PAGENO; NAME; DOC_IMAGE; DOC_REMARKS","public List<AccountDocumentBiometSamplingModel> GetBiometAccountDocumentsSamplingDetails(string AC_NO) {","Referenced by non-archive controller(s)."
"SM","DBConnection.SM.cs","GetExceptionReportData","public","Confirmed Active","Sampling / Exception Monitoring","Read/list workflow data for Sampling / Exception Monitoring","ApiCallsController.cs","","PKG_SM.P_GET_EXCEPTION_REPORT_DATA","","T_AU_EXCEPTION_REPORTS_FORMAT; T_EXCEPTION_ENG_DATA; UNIFIED","","P_R_ID:Int64; P_ENG_ID:Int64; IO_CURSOR1:RefCursor; IO_CURSOR2:RefCursor","IO_CURSOR1:RefCursor:Output; IO_CURSOR2:RefCursor:Output","COLUMN_NAME; COLUMN_HEADER; COLUMN_ORDER; DATA_TYPE; IS_ACTIVE","public DynamicReportResult GetExceptionReportData(long reportId, long engId) {","Referenced by non-archive controller(s)."
"SM","DBConnection.SM.cs","GetListOfSamples","public","Confirmed Active","Sampling / Exception Monitoring","Read/list workflow data for Sampling / Exception Monitoring","ApiCallsController.cs","","pkg_sm.P_GET_SAMPLE","","T_AU_SAMPLE; T_AU_SAMPLE_DATA","","E_ID:Int32; P_NO:Int32; ENT_ID:Int32; R_ID:Int32; T_CURSOR:RefCursor","T_CURSOR:RefCursor:Output","S_ID; SAMPLE_TYPE; SAMPLE_PERCENTAGE; samp_tot; sample_final; IND","public List<ListOfSamplesModel> GetListOfSamples(int ENG_ID) {","Referenced by non-archive controller(s)."
"SM","DBConnection.SM.cs","GetLoanSamples","public","Confirmed Active","Sampling / Exception Monitoring","Read/list workflow data for Sampling / Exception Monitoring","ApiCallsController.cs","","pkg_sm.P_GET_LOANS_SAMPLE","","T_SAMPLE_LOANS_DATA","","IND:Varchar2; S_ID:Varchar2; LStatus:Int32; E_ID:Int32; P_NO:Int32; R_ID:Int32; ENT_ID:Int32; T_CURSOR:RefCursor","T_CURSOR:RefCursor:Output","loan_disb_id; TYPE; SCHEME; L_PURPOSE; LC_NO; CNIC; CUSTOMERNAME; APP_DATE_DISP; DISB_DATE_DISP; DEV_AMOUNT; OUTSTANDING","public List<LoanCaseSampleModel> GetLoanSamples(string INDICATOR, int STATUS_ID, int ENG_ID, int SAMPLE_ID) {","Referenced by non-archive controller(s)."
"SM","DBConnection.SM.cs","GetLoanExceptions","public","Confirmed Active","Sampling / Exception Monitoring","Read/list workflow data for Sampling / Exception Monitoring","ApiCallsController.cs","","pkg_sm.P_GET_LOANS_Exceptions","","DUAL; T_AU_PLAN_ENG; V_P_GET_LOANS_EXCEPTIONS","","IND:Varchar2; LStatus:Int32; E_ID:Int32; P_NO:Int32; R_ID:Int32; ENT_ID:Int32; T_CURSOR:RefCursor","T_CURSOR:RefCursor:Output","loan_disb_id; TYPE; SCHEME; L_PURPOSE; LC_NO; CNIC; CUSTOMERNAME; APP_DATE_DISP; DISB_DATE_DISP; DEV_AMOUNT; OUTSTANDING","public List<LoanCaseSampleModel> GetLoanExceptions(string INDICATOR, int STATUS_ID, int ENG_ID) {","Referenced by non-archive controller(s)."
"SM","DBConnection.SM.cs","GetLoanSamplesDocuments","public","Confirmed Active","Sampling / Exception Monitoring","Read/list workflow data for Sampling / Exception Monitoring","ApiCallsController.cs","","pkg_sm.p_get_Loan_Documents","","ATAS.T_BRANCH; ATAS.T_CUSTOMER; ATAS.T_LN_CUSTOMER_LOAN_APP; ATAS.T_LN_DISBURSEMENT; ATAS.T_LN_LOAN_APP; SDMS.T_DOCUMENTS; SDMS.T_GENERAICDOCUMENT; SDMS.T_LOANDOCUMENTIMAGES; SDMS.T_LOANINFORMATION; V_P_GET_LOAN_DOCUMENTS","","IND:Varchar2; E_ID:Varchar2; L_DISB_ID:Varchar2; P_NO:Int32; ENT_ID:Int32; R_ID:Int32; T_CURSOR:RefCursor","T_CURSOR:RefCursor:Output","IMAGEID; branchcode; loan_app_id; cnic; customername; loan_case_no; loan_disb_id; docname","public List<LoanCaseSampleDocumentsModel> GetLoanSamplesDocuments(int ENG_ID, string LOAN_DISB_ID) {","Referenced by non-archive controller(s)."
"SM","DBConnection.SM.cs","GetLoanSamplesDocumentData","public","Confirmed Active","Sampling / Exception Monitoring","Read/list workflow data for Sampling / Exception Monitoring","ApiCallsController.cs","","pkg_sm.p_get_Loan_Documents_image","","DUAL; SDMS.V_T_LOANDOCUMENTIMAGES","","IND:Varchar2; image_ID:Varchar2; T_CURSOR:RefCursor","T_CURSOR:RefCursor:Output","imagedata","public List<LoanCaseSampleDocumentsModel> GetLoanSamplesDocumentData(int IMAGE_ID) {","Referenced by non-archive controller(s)."
"SM","DBConnection.SM.cs","GetLoanSamplesTransactions","public","Confirmed Active","Sampling / Exception Monitoring","Read/list workflow data for Sampling / Exception Monitoring","ApiCallsController.cs","","pkg_sm.p_get_Loan_Transactions","","ATAS.T_LN_DISBURSEMENT; ATAS.T_LN_TRANSACTION; ATAS.T_LN_TRANSACTIONMASTER","","E_ID:Varchar2; L_DISB_ID:Varchar2; P_NO:Int32; ENT_ID:Int32; R_ID:Int32; T_CURSOR:RefCursor","T_CURSOR:RefCursor:Output","description; manualvoucherno; transactiondate; transactiondate_disp; dramount; cramount; ln_accountid; createdon; createdon_disp; remarks; rejectiondate; rejectiondate_disp; reversaldate; reversaldate_disp; workingdate; workingdate_disp; authorizationdate; authorizationdate_disp; mco_receipt_no; mco_book_no","public List<LoanCaseSampleTransactionsModel> GetLoanSamplesTransactions(int ENG_ID, string LOAN_DISB_ID) {","Referenced by non-archive controller(s)."
"SM","DBConnection.SM.cs","GetSampleEntities","public","Confirmed Active","Sampling / Exception Monitoring","Read/list workflow data for Sampling / Exception Monitoring","SamplingController.cs","","pkg_sm.P_GET_SAMPLE_ENTITIES","","T_AU_AUDIT_TEAM_TASKLIST; T_AU_PLAN_ENG; T_AU_SAMPLE_DATA; T_AUDITEE_ENTITIES","","T_CURSOR:RefCursor","T_CURSOR:RefCursor:Output","eng_id; E_NAME","public List<AuditeeEntitiesModel> GetSampleEntities() {","Referenced by non-archive controller(s)."
"SM","DBConnection.SM.cs","RegenerateSampleofLoan","public","Confirmed Active","Sampling / Exception Monitoring","Change state within Sampling / Exception Monitoring workflow","ApiCallsController.cs","","pkg_sm.P_add_sample_data_update","","DUAL; T_AU_SAMPLE_DATA; V_SAM_ACCOUNT; V_SAMPLING_CLOSED_LOANS; V_SAMPLING_DEVP_LOANS; V_SAMPLING_DISB_LOANS; V_SAMPLING_OUT_LOANS_STATUS; V_SAMPLING_PROD_LOANS; V_SAMPLING_ZERO_RECOVERY","T_AU_SAMPLE_DATA","E_ID:Varchar2; SID:Varchar2; P_NO:Int32; ENT_ID:Int32; R_ID:Int32; T_CURSOR:RefCursor","T_CURSOR:RefCursor:Output","remarks","public string RegenerateSampleofLoan(int ENG_ID, int LOAN_SAMPLE_ID) {","Referenced by non-archive controller(s)."
"SM","DBConnection.SM.cs","GetExceptionMonitorEntities","public","Confirmed Active","Sampling / Exception Monitoring","Read/list workflow data for Sampling / Exception Monitoring","ApiCallsController.cs","","PKG_SM.P_GET_EXCEPTION_MONITOR_ENTITIES","","T_AU_PLAN_ENG; T_AUDITEE_ENTITIES; T_EXCEPTION_ENG_DATA; T_EXCEPTION_ERROR_LOG","","IO_CURSOR:RefCursor","IO_CURSOR:RefCursor:Output","ENG_ID; ENT_ID; ENT_NAME; TOTAL_ENG; ENG_WITH_EXC; LAST_RUN_DATE_DISP","public List<ExceptionMonitorEntityModel> GetExceptionMonitorEntities() {","Referenced by non-archive controller(s)."
"SM","DBConnection.SM.cs","GetExceptionMonitorDetails","public","Confirmed Active","Sampling / Exception Monitoring","Read/list workflow data for Sampling / Exception Monitoring","ApiCallsController.cs; SamplingController.cs","","PKG_SM.P_GET_EXCEPTION_MONITOR_DETAILS","","MASTER; T_AU_EXCEPTION_REPORTS; T_AU_PLAN_ENG; T_AUDITEE_ENTITIES; T_EXCEPTION_ENG_DATA; V_EXCEPTION_ALL_REPORTS","","P_ENG_ID:Int32; IO_CURSOR:RefCursor","IO_CURSOR:RefCursor:Output","ER_ID; ENG_ID; ENT_ID; ExecutionDates; ReportingPeriod; REPORT_TITLE; Report_Type; EXC_COUNT","public List<ExceptionMonitorModel> GetExceptionMonitorDetails(int engId) {","Referenced by non-archive controller(s)."
"SM","DBConnection.SM.cs","RegenerateException","public","Confirmed Active","Sampling / Exception Monitoring","Change state within Sampling / Exception Monitoring workflow","ApiCallsController.cs","","PKG_SM.P_REGENERATE_EXCEPTION","","T_EXCEPTION_ENG","T_EXCEPTION_ENG; T_EXCEPTION_ERROR_LOG","P_ENG_ID:Int32; P_ER_ID:Int32","","","public string RegenerateException(int engId, int erId) {","Referenced by non-archive controller(s)."
"SM","DBConnection.SM.cs","GetCDMSMasterTransactions","public","Confirmed Active","Sampling / Exception Monitoring","Read/list workflow data for Sampling / Exception Monitoring","ApiCallsController.cs","","pkg_sm.p_get_account_transcations_master","","BRANCH.T_ACCOUNT; BRANCH.T_BRANCH; BRANCH.T_CUSTOMER; BRANCH.T_CUSTOMERACCOUNTS; BRANCH.T_TRANSACTION; BRANCH.T_TRANSACTIONMASTER; T_AUDITEE_ENTITIES; V_P_GET_ACCOUNT_TRANSCATIONS_MASTER","","E_ID:Int32; AC_number:Varchar2; CNIC_NO:Varchar2; ST_DATE:Date; ED_DATE:Date; P_NO:Int32; ENT_ID:Int32; R_ID:Int32; T_CURSOR:RefCursor","T_CURSOR:RefCursor:Output","transactionid; b_name; oldaccountno; cnic; title; customername; transactionmastercode; description; remarks; transactiondate; authorizationdate; dramount; cramount; toaccountid; toaccounttitle; toaccountno; to_acc_branchid; instrumentno","public List<CDMSMasterTransactionModel> GetCDMSMasterTransactions(string ENTITY_ID, DateTime START_DATE, DateTime END_DATE, string CNIC_NO, string ACC_NO) {","Referenced by non-archive controller(s)."
"SM","DBConnection.SM.cs","GetListOfreports","public","Confirmed Active","Sampling / Exception Monitoring","Read/list workflow data for Sampling / Exception Monitoring","ApiCallsController.cs","","pkg_sm.T_AU_EXCEPTION_REPORT","","T_AU_EXCEPTION_REPORTS; T_AU_PLAN_ENG; T_EXCEPTION_ENG_DATA","","E_ID:Int32; P_NO:Int32; ENT_ID:Int32; R_ID:Int32; T_CURSOR:RefCursor","T_CURSOR:RefCursor:Output","R_ID; REPORT_TITLE; DISCRIPTION; loan_status; IND; REPORTING_PERIOD; EXCEPTION_COUNT; EXC_COUNT","public List<ListOfReportsModel> GetListOfreports(int ENG_ID) {","Referenced by non-archive controller(s)."
"SM","DBConnection.SM.cs","AddExceptionAccountReport","public","Confirmed Active","Sampling / Exception Monitoring","Create or advance Sampling / Exception Monitoring workflow data","ApiCallsController.cs","","pkg_sm.P_Add_new_exp_report","","DUAL; T_AU_EXCEPTION_REPORTS","T_AU_EXCEPTION_REPORTS","IND:Varchar2; REPORT_ID:Int32; REPORT_TITLE:Varchar2; DESCRIPTION:Varchar2; R_TYPE:Varchar2; L_Status:Int32; P_NO:Int32; R_ID:Int32; ENT_ID:Int32; T_CURSOR:RefCursor","T_CURSOR:RefCursor:Output","remarks","public string AddExceptionAccountReport(string IND, int REPORT_ID, string REPORT_TITLE, string DESCRIPTION, string TYPE, int LOAN_STATUS_ID) {","Referenced by non-archive controller(s)."
"SM","DBConnection.SM.cs","GetExceptionReportFormat","public","Confirmed Active","Sampling / Exception Monitoring","Read/list workflow data for Sampling / Exception Monitoring","ApiCallsController.cs","","PKG_SM.P_GET_EXCEPTION_REPORT_FORMAT","","T_AU_EXCEPTION_REPORTS_FORMAT","","P_R_ID:Int64; IO_CURSOR:RefCursor","IO_CURSOR:RefCursor:Output","FORMAT_ID; R_ID; COLUMN_NAME; COLUMN_HEADER; DATA_TYPE; COLUMN_ORDER; IS_ACTIVE","public List<ExceptionReportFormatModel> GetExceptionReportFormat(long reportId) {","Referenced by non-archive controller(s)."
"SM","DBConnection.SM.cs","InsertExceptionReportFormat","public","Confirmed Active","Sampling / Exception Monitoring","Create or advance Sampling / Exception Monitoring workflow data","ApiCallsController.cs","","PKG_SM.P_INSERT_EXCEPTION_REPORT_FORMAT","","","T_AU_EXCEPTION_REPORTS_FORMAT","P_R_ID:Int64; P_COLUMN_NAME:Varchar2; P_COLUMN_HEADER:Varchar2; P_COLUMN_ORDER:Int32; P_DATA_TYPE:Varchar2; O_FORMAT_ID:Int64","O_FORMAT_ID:Int64:Output","O_FORMAT_ID","public string InsertExceptionReportFormat(ExceptionReportFormatModel model) {","Referenced by non-archive controller(s)."
"SM","DBConnection.SM.cs","UpdateExceptionReportFormat","public","Confirmed Active","Sampling / Exception Monitoring","Change state within Sampling / Exception Monitoring workflow","ApiCallsController.cs","","pkg_sm.P_UPDATE_EXCEPTION_REPORT_FORMAT","","T_AU_EXCEPTION_REPORTS_FORMAT","T_AU_EXCEPTION_REPORTS_FORMAT","P_FORMAT_ID:Int64; P_COLUMN_HEADER:Varchar2; P_COLUMN_ORDER:Int32; P_DATA_TYPE:Varchar2; P_IS_ACTIVE:Varchar2","","","public string UpdateExceptionReportFormat(ExceptionReportFormatModel model) {","Referenced by non-archive controller(s)."
