"RowNo","Owner","TableName","ColumnId","ColumnName","DataType","DataLength","Nullable","ConstraintName","ConstraintDesc","TriggerName","TriggeringEvent","TriggerStatus"
"1","ZTBLAIS_PROD","AIS_T_AU_OBSERVATION","1","ID","NUMBER","22","N","SYS_C001092956","CHECK",,,
"2","ZTBLAIS_PROD","AIS_T_AU_OBSERVATION","2","PARA_MIGRATED","VARCHAR2","500","Y",,,,,
"3","ZTBLAIS_PROD","AIS_T_AU_OBSERVATION","3","ENGPLANID","NUMBER","22","N","SYS_C001092957","CHECK",,,
"4","ZTBLAIS_PROD","AIS_T_AU_OBSERVATION","4","ENTITY_ID","NUMBER","22","Y",,,,,
"5","ZTBLAIS_PROD","AIS_T_AU_OBSERVATION","5","ENTITY_CODE","NUMBER","22","Y",,,,,
"6","ZTBLAIS_PROD","AIS_T_AU_OBSERVATION","6","STATUS","NUMBER","22","N","SYS_C001092958","CHECK",,,
"7","ZTBLAIS_PROD","AIS_T_AU_OBSERVATION","7","ENTEREDBY","NUMBER","22","Y",,,,,
"8","ZTBLAIS_PROD","AIS_T_AU_OBSERVATION","8","ENTEREDDATE","DATE","7","Y",,,,,
"9","ZTBLAIS_PROD","AIS_T_AU_OBSERVATION","9","LASTUPDATEDBY","NUMBER","22","Y",,,,,
"10","ZTBLAIS_PROD","AIS_T_AU_OBSERVATION","10","LASTUPDATEDDATE","DATE","7","Y",,,,,
"11","ZTBLAIS_PROD","AIS_T_AU_OBSERVATION","11","AMOUNT_INVOLVED","VARCHAR2","500","Y",,,,,
"12","ZTBLAIS_PROD","AIS_T_AU_OBSERVATION","12","SEVERITY","NUMBER","22","Y",,,,,
"13","ZTBLAIS_PROD","AIS_T_AU_OBSERVATION","13","RESPONSIBILITY_ASSIGNED_ID","NUMBER","22","Y",,,,,
"14","ZTBLAIS_PROD","AIS_T_AU_OBSERVATION","14","RISKMODEL_ID","NUMBER","22","Y",,,,,
"15","ZTBLAIS_PROD","AIS_T_AU_OBSERVATION","15","CHECKLISTDETAIL_ID","NUMBER","22","Y",,,,,
"16","ZTBLAIS_PROD","AIS_T_AU_OBSERVATION","16","V_CAT_ID","NUMBER","22","Y",,,,,
"17","ZTBLAIS_PROD","AIS_T_AU_OBSERVATION","17","V_CAT_NATURE_ID","NUMBER","22","Y",,,,,
"18","ZTBLAIS_PROD","AIS_T_AU_OBSERVATION","18","NO_OF_INSTANCES","NUMBER","22","Y",,,,,
"19","ZTBLAIS_PROD","AIS_T_AU_OBSERVATION","19","ANNEX","NUMBER","22","Y",,,,,
"20","ZTBLAIS_PROD","AIS_T_AU_OBSERVATION","20","MEMO_DATE","DATE","7","Y",,,,,
"21","ZTBLAIS_PROD","AIS_T_AU_OBSERVATION","21","MEMO_NUMBER","NUMBER","22","Y",,,,,
"22","ZTBLAIS_PROD","AIS_T_AU_OBSERVATION","22","DRAFT_PARA_NO","VARCHAR2","50","Y",,,,,
"23","ZTBLAIS_PROD","AIS_T_AU_OBSERVATION","23","FINAL_PARA_NO","VARCHAR2","500","Y",,,,,
"24","ZTBLAIS_PROD","AIS_T_AU_OBSERVATION","24","DRAFT_PARA_ADDED_ON","DATE","7","Y",,,,,
"25","ZTBLAIS_PROD","AIS_T_AU_OBSERVATION","25","FINAL_PARA_ADDED_ON","DATE","7","Y",,,,,
"26","ZTBLAIS_PROD","AIS_T_AU_OBSERVATION","26","STELLED_ON","DATE","7","Y",,,,,
"27","ZTBLAIS_PROD","AIS_T_AU_OBSERVATION","27","SETTLED_BY","NUMBER","22","Y",,,,,
"28","ZTBLAIS_PROD","AIS_T_AU_POST_COMPLIANCE","1","COM_ID","NUMBER","22","N","PK_AU_POST_COMPLIANCE","PRIMARY KEY",,,
"29","ZTBLAIS_PROD","AIS_T_AU_POST_COMPLIANCE","2","OLD_PARA_ID","NUMBER","22","Y",,,,,
"30","ZTBLAIS_PROD","AIS_T_AU_POST_COMPLIANCE","3","NEW_PARA_ID","NUMBER","22","Y",,,,,
"31","ZTBLAIS_PROD","AIS_T_AU_POST_COMPLIANCE","4","AUDIT_PERIOD","VARCHAR2","500","Y",,,,,
"32","ZTBLAIS_PROD","AIS_T_AU_POST_COMPLIANCE","5","ENTITY_ID","NUMBER","22","Y",,,,,
"33","ZTBLAIS_PROD","AIS_T_AU_POST_COMPLIANCE","6","ENTITY_CODE","NUMBER","22","Y",,,,,
"34","ZTBLAIS_PROD","AIS_T_AU_POST_COMPLIANCE","7","AUDITED_BY","NUMBER","22","Y",,,,,
"35","ZTBLAIS_PROD","AIS_T_AU_POST_COMPLIANCE","8","ENTITY_TYPE_ID","NUMBER","22","Y",,,,,
"36","ZTBLAIS_PROD","AIS_T_AU_POST_COMPLIANCE","9","COM_CYCLE","NUMBER","22","Y",,,,,
"37","ZTBLAIS_PROD","AIS_T_AU_POST_COMPLIANCE","10","COM_STATUS","NUMBER","22","Y",,,,,
"38","ZTBLAIS_PROD","AIS_T_AU_POST_COMPLIANCE","11","COM_STAGE","NUMBER","22","Y",,,,,
"39","ZTBLAIS_PROD","AIS_T_AU_POST_COMPLIANCE","12","PARA_STATUS","NUMBER","22","Y",,,,,
"40","ZTBLAIS_PROD","AIS_T_AU_POST_COMPLIANCE","13","PARA_NO","VARCHAR2","500","Y",,,,,
"41","ZTBLAIS_PROD","AIS_T_AU_POST_COMPLIANCE","14","GIST_OF_PARAS","VARCHAR2","4000","Y",,,,,
"42","ZTBLAIS_PROD","AIS_T_AU_POST_COMPLIANCE","15","SETTELED_ON","DATE","7","Y",,,,,
"43","ZTBLAIS_PROD","AIS_T_AU_POST_COMPLIANCE","16","SETTELED_BY","NUMBER","22","Y",,,,,
"44","ZTBLAIS_PROD","AIS_T_AU_POST_COMPLIANCE","17","IND","VARCHAR2","500","Y",,,,,
"45","ZTBLAIS_PROD","AIS_T_AU_POST_COMPLIANCE","18","PARA_ADDED_ON","DATE","7","Y",,,,,
"46","ZTBLAIS_PROD","AIS_T_AU_POST_COMPLIANCE","19","CAU_STATUS","NUMBER","22","Y",,,,,
"47","ZTBLAIS_PROD","AIS_T_AU_POST_COMPLIANCE","20","CAU_ASSIGNED_ENT_ID","NUMBER","22","Y",,,,,
"48","ZTBLAIS_PROD","AIS_T_AU_POST_COMPLIANCE","21","BR_RESPONSE_BY","NUMBER","22","Y",,,,,
"49","ZTBLAIS_PROD","AIS_T_AU_POST_COMPLIANCE","22","BR_RESPONSE_ON","DATE","7","Y",,,,,
"50","ZTBLAIS_PROD","AIS_T_AU_POST_COMPLIANCE","23","CAU_ASSIGNED_BY","NUMBER","22","Y",,,,,
"51","ZTBLAIS_PROD","AIS_T_AU_POST_COMPLIANCE","24","CAU_ASSIGNED_ON","DATE","7","Y",,,,,
"52","ZTBLAIS_PROD","AIS_T_AU_POST_COMPLIANCE","25","SETTLEMENT_COM_REVIEWED_BY","NUMBER","22","Y",,,,,
"53","ZTBLAIS_PROD","AIS_T_AU_POST_COMPLIANCE","26","SETTLEMENT_COM_REVIEWED_ON","DATE","7","Y",,,,,
"54","ZTBLAIS_PROD","AIS_T_AU_POST_COMPLIANCE","27","RISK","NUMBER","22","Y",,,,,
"55","ZTBLAIS_PROD","AIS_T_AU_POST_COMPLIANCE","28","ANNEX","NUMBER","22","Y",,,,,
"56","ZTBLAIS_PROD","AIS_T_AU_POST_COMPLIANCE","29","NO_OF_INSTANCES","NUMBER","22","Y",,,,,
"57","ZTBLAIS_PROD","AIS_T_AU_POST_COMPLIANCE","30","ANNEX_REF_ID","NUMBER","22","Y",,,,,
"58","ZTBLAIS_PROD","AIS_T_AU_POST_COMPLIANCE","31","AMOUNT","VARCHAR2","200","Y",,,,,
"59","ZTBLAIS_PROD","AIS_T_AU_POST_COMPLIANCE","32","REFERENCE_REVIEWED","NUMBER","22","Y",,,,,
"60","ZTBLAIS_PROD","AIS_T_AU_POST_COMPLIANCE_23_PARAS","1","COM_ID","NUMBER","22","Y",,,,,
"61","ZTBLAIS_PROD","AIS_T_AU_POST_COMPLIANCE_23_PARAS","2","OLD_PARA_ID","NUMBER","22","Y",,,,,
"62","ZTBLAIS_PROD","AIS_T_AU_POST_COMPLIANCE_23_PARAS","3","NEW_PARA_ID","NUMBER","22","Y",,,,,
"63","ZTBLAIS_PROD","AIS_T_AU_POST_COMPLIANCE_23_PARAS","4","AUDIT_PERIOD","VARCHAR2","500","Y",,,,,
"64","ZTBLAIS_PROD","AIS_T_AU_POST_COMPLIANCE_23_PARAS","5","ENTITY_ID","NUMBER","22","Y",,,,,
"65","ZTBLAIS_PROD","AIS_T_AU_POST_COMPLIANCE_23_PARAS","6","ENTITY_CODE","NUMBER","22","Y",,,,,
"66","ZTBLAIS_PROD","AIS_T_AU_POST_COMPLIANCE_23_PARAS","7","AUDITED_BY","NUMBER","22","Y",,,,,
"67","ZTBLAIS_PROD","AIS_T_AU_POST_COMPLIANCE_23_PARAS","8","ENTITY_TYPE_ID","NUMBER","22","Y",,,,,
"68","ZTBLAIS_PROD","AIS_T_AU_POST_COMPLIANCE_23_PARAS","9","COM_CYCLE","NUMBER","22","Y",,,,,
"69","ZTBLAIS_PROD","AIS_T_AU_POST_COMPLIANCE_23_PARAS","10","COM_STATUS","NUMBER","22","Y",,,,,
"70","ZTBLAIS_PROD","AIS_T_AU_POST_COMPLIANCE_23_PARAS","11","COM_STAGE","NUMBER","22","Y",,,,,
"71","ZTBLAIS_PROD","AIS_T_AU_POST_COMPLIANCE_23_PARAS","12","PARA_STATUS","NUMBER","22","Y",,,,,
"72","ZTBLAIS_PROD","AIS_T_AU_POST_COMPLIANCE_23_PARAS","13","PARA_NO","VARCHAR2","500","Y",,,,,
"73","ZTBLAIS_PROD","AIS_T_AU_POST_COMPLIANCE_23_PARAS","14","GIST_OF_PARAS","VARCHAR2","4000","Y",,,,,
"74","ZTBLAIS_PROD","AIS_T_AU_POST_COMPLIANCE_23_PARAS","15","SETTELED_ON","DATE","7","Y",,,,,
"75","ZTBLAIS_PROD","AIS_T_AU_POST_COMPLIANCE_23_PARAS","16","SETTELED_BY","NUMBER","22","Y",,,,,
"76","ZTBLAIS_PROD","AIS_T_AU_POST_COMPLIANCE_23_PARAS","17","IND","VARCHAR2","500","Y",,,,,
"77","ZTBLAIS_PROD","AIS_T_AU_POST_COMPLIANCE_23_PARAS","18","PARA_ADDED_ON","DATE","7","Y",,,,,
"78","ZTBLAIS_PROD","AIS_T_AU_POST_COMPLIANCE_23_PARAS","19","CAU_STATUS","NUMBER","22","Y",,,,,
"79","ZTBLAIS_PROD","AIS_T_AU_POST_COMPLIANCE_23_PARAS","20","CAU_ASSIGNED_ENT_ID","NUMBER","22","Y",,,,,
"80","ZTBLAIS_PROD","AIS_T_AU_POST_COMPLIANCE_BACKUP","1","COM_ID","NUMBER","22","Y",,,,,
"81","ZTBLAIS_PROD","AIS_T_AU_POST_COMPLIANCE_BACKUP","2","OLD_PARA_ID","NUMBER","22","Y",,,,,
"82","ZTBLAIS_PROD","AIS_T_AU_POST_COMPLIANCE_BACKUP","3","NEW_PARA_ID","NUMBER","22","Y",,,,,
"83","ZTBLAIS_PROD","AIS_T_AU_POST_COMPLIANCE_BACKUP","4","AUDIT_PERIOD","VARCHAR2","500","Y",,,,,
"84","ZTBLAIS_PROD","AIS_T_AU_POST_COMPLIANCE_BACKUP","5","ENTITY_ID","NUMBER","22","Y",,,,,
"85","ZTBLAIS_PROD","AIS_T_AU_POST_COMPLIANCE_BACKUP","6","ENTITY_CODE","NUMBER","22","Y",,,,,
"86","ZTBLAIS_PROD","AIS_T_AU_POST_COMPLIANCE_BACKUP","7","AUDITED_BY","NUMBER","22","Y",,,,,
"87","ZTBLAIS_PROD","AIS_T_AU_POST_COMPLIANCE_BACKUP","8","ENTITY_TYPE_ID","NUMBER","22","Y",,,,,
"88","ZTBLAIS_PROD","AIS_T_AU_POST_COMPLIANCE_BACKUP","9","COM_CYCLE","NUMBER","22","Y",,,,,
"89","ZTBLAIS_PROD","AIS_T_AU_POST_COMPLIANCE_BACKUP","10","COM_STATUS","NUMBER","22","Y",,,,,
"90","ZTBLAIS_PROD","AIS_T_AU_POST_COMPLIANCE_BACKUP","11","COM_STAGE","NUMBER","22","Y",,,,,
"91","ZTBLAIS_PROD","AIS_T_AU_POST_COMPLIANCE_BACKUP","12","PARA_STATUS","NUMBER","22","Y",,,,,
"92","ZTBLAIS_PROD","AIS_T_AU_POST_COMPLIANCE_BACKUP","13","PARA_NO","VARCHAR2","500","Y",,,,,
"93","ZTBLAIS_PROD","AIS_T_AU_POST_COMPLIANCE_BACKUP","14","GIST_OF_PARAS","VARCHAR2","4000","Y",,,,,
"94","ZTBLAIS_PROD","AIS_T_AU_POST_COMPLIANCE_BACKUP","15","SETTELED_ON","DATE","7","Y",,,,,
"95","ZTBLAIS_PROD","AIS_T_AU_POST_COMPLIANCE_BACKUP","16","SETTELED_BY","NUMBER","22","Y",,,,,
"96","ZTBLAIS_PROD","AIS_T_AU_POST_COMPLIANCE_BACKUP","17","IND","VARCHAR2","500","Y",,,,,
"97","ZTBLAIS_PROD","AIS_T_AU_POST_COMPLIANCE_BACKUP","18","PARA_ADDED_ON","DATE","7","Y",,,,,
"98","ZTBLAIS_PROD","AIS_T_AU_POST_COMPLIANCE_BACKUP_23082024","1","COM_ID","NUMBER","22","Y",,,,,
"99","ZTBLAIS_PROD","AIS_T_AU_POST_COMPLIANCE_BACKUP_23082024","2","OLD_PARA_ID","NUMBER","22","Y",,,,,
"100","ZTBLAIS_PROD","AIS_T_AU_POST_COMPLIANCE_BACKUP_23082024","3","NEW_PARA_ID","NUMBER","22","Y",,,,,
"101","ZTBLAIS_PROD","AIS_T_AU_POST_COMPLIANCE_BACKUP_23082024","4","AUDIT_PERIOD","VARCHAR2","500","Y",,,,,
"102","ZTBLAIS_PROD","AIS_T_AU_POST_COMPLIANCE_BACKUP_23082024","5","ENTITY_ID","NUMBER","22","Y",,,,,
"103","ZTBLAIS_PROD","AIS_T_AU_POST_COMPLIANCE_BACKUP_23082024","6","ENTITY_CODE","NUMBER","22","Y",,,,,
"104","ZTBLAIS_PROD","AIS_T_AU_POST_COMPLIANCE_BACKUP_23082024","7","AUDITED_BY","NUMBER","22","Y",,,,,
"105","ZTBLAIS_PROD","AIS_T_AU_POST_COMPLIANCE_BACKUP_23082024","8","ENTITY_TYPE_ID","NUMBER","22","Y",,,,,
"106","ZTBLAIS_PROD","AIS_T_AU_POST_COMPLIANCE_BACKUP_23082024","9","COM_CYCLE","NUMBER","22","Y",,,,,
"107","ZTBLAIS_PROD","AIS_T_AU_POST_COMPLIANCE_BACKUP_23082024","10","COM_STATUS","NUMBER","22","Y",,,,,
"108","ZTBLAIS_PROD","AIS_T_AU_POST_COMPLIANCE_BACKUP_23082024","11","COM_STAGE","NUMBER","22","Y",,,,,
"109","ZTBLAIS_PROD","AIS_T_AU_POST_COMPLIANCE_BACKUP_23082024","12","PARA_STATUS","NUMBER","22","Y",,,,,
"110","ZTBLAIS_PROD","AIS_T_AU_POST_COMPLIANCE_BACKUP_23082024","13","PARA_NO","VARCHAR2","500","Y",,,,,
"111","ZTBLAIS_PROD","AIS_T_AU_POST_COMPLIANCE_BACKUP_23082024","14","GIST_OF_PARAS","VARCHAR2","4000","Y",,,,,
"112","ZTBLAIS_PROD","AIS_T_AU_POST_COMPLIANCE_BACKUP_23082024","15","SETTELED_ON","DATE","7","Y",,,,,
"113","ZTBLAIS_PROD","AIS_T_AU_POST_COMPLIANCE_BACKUP_23082024","16","SETTELED_BY","NUMBER","22","Y",,,,,
"114","ZTBLAIS_PROD","AIS_T_AU_POST_COMPLIANCE_BACKUP_23082024","17","IND","VARCHAR2","500","Y",,,,,
"115","ZTBLAIS_PROD","AIS_T_AU_POST_COMPLIANCE_BACKUP_23082024","18","PARA_ADDED_ON","DATE","7","Y",,,,,
"116","ZTBLAIS_PROD","AIS_T_AU_POST_COMPLIANCE_EVIDENCE","1","ID","NUMBER","22","N","SYS_C001093163","CHECK",,,
"117","ZTBLAIS_PROD","AIS_T_AU_POST_COMPLIANCE_EVIDENCE","2","FILE_NAME","VARCHAR2","100","N","SYS_C001093164","CHECK",,,
"118","ZTBLAIS_PROD","AIS_T_AU_POST_COMPLIANCE_EVIDENCE","3","LENGTH","NUMBER","22","N","SYS_C001093165","CHECK",,,
"119","ZTBLAIS_PROD","AIS_T_AU_POST_COMPLIANCE_EVIDENCE","4","TEXTID","NUMBER","22","N","SYS_C001093166","CHECK",,,
"120","ZTBLAIS_PROD","AIS_T_AU_POST_COMPLIANCE_EVIDENCE","5","ENTEREDBY","NUMBER","22","N","SYS_C001093167","CHECK",,,
"121","ZTBLAIS_PROD","AIS_T_AU_POST_COMPLIANCE_EVIDENCE","6","ENTEREDDATE","DATE","7","N","SYS_C001093168","CHECK",,,
"122","ZTBLAIS_PROD","AIS_T_AU_POST_COMPLIANCE_EVIDENCE","7","LASTUPDATEDBY","NUMBER","22","Y",,,,,
"123","ZTBLAIS_PROD","AIS_T_AU_POST_COMPLIANCE_EVIDENCE","8","LASTUPDATEDDATE","DATE","7","Y",,,,,
"124","ZTBLAIS_PROD","AIS_T_AU_POST_COMPLIANCE_EVIDENCE","9","SEQUENCE","NUMBER","22","N","SYS_C001093169","CHECK",,,
"125","ZTBLAIS_PROD","AIS_T_AU_POST_COMPLIANCE_EVIDENCE","10","DESCRIPTION","VARCHAR2","250","Y",,,,,
"126","ZTBLAIS_PROD","AIS_T_AU_POST_COMPLIANCE_EVIDENCE","11","COMP_ID","NUMBER","22","Y",,,,,
"127","ZTBLAIS_PROD","AIS_T_AU_POST_COMPLIANCE_EVIDENCE","12","FILE_DATA","CLOB","4000","Y",,,,,
"128","ZTBLAIS_PROD","AIS_T_AU_POST_COMPLIANCE_EVIDENCE_ARCHIVE","1","ID","NUMBER","22","N","SYS_C001093170","CHECK",,,
"129","ZTBLAIS_PROD","AIS_T_AU_POST_COMPLIANCE_EVIDENCE_ARCHIVE","2","FILE_NAME","VARCHAR2","100","N","SYS_C001093171","CHECK",,,
"130","ZTBLAIS_PROD","AIS_T_AU_POST_COMPLIANCE_EVIDENCE_ARCHIVE","3","LENGTH","NUMBER","22","N","SYS_C001093172","CHECK",,,
"131","ZTBLAIS_PROD","AIS_T_AU_POST_COMPLIANCE_EVIDENCE_ARCHIVE","4","TEXTID","NUMBER","22","N","SYS_C001093173","CHECK",,,
"132","ZTBLAIS_PROD","AIS_T_AU_POST_COMPLIANCE_EVIDENCE_ARCHIVE","5","ENTEREDBY","NUMBER","22","N","SYS_C001093174","CHECK",,,
"133","ZTBLAIS_PROD","AIS_T_AU_POST_COMPLIANCE_EVIDENCE_ARCHIVE","6","ENTEREDDATE","DATE","7","N","SYS_C001093175","CHECK",,,
"134","ZTBLAIS_PROD","AIS_T_AU_POST_COMPLIANCE_EVIDENCE_ARCHIVE","7","LASTUPDATEDBY","NUMBER","22","Y",,,,,
"135","ZTBLAIS_PROD","AIS_T_AU_POST_COMPLIANCE_EVIDENCE_ARCHIVE","8","LASTUPDATEDDATE","DATE","7","Y",,,,,
"136","ZTBLAIS_PROD","AIS_T_AU_POST_COMPLIANCE_EVIDENCE_ARCHIVE","9","SEQUENCE","NUMBER","22","N","SYS_C001093176","CHECK",,,
"137","ZTBLAIS_PROD","AIS_T_AU_POST_COMPLIANCE_EVIDENCE_ARCHIVE","10","DESCRIPTION","VARCHAR2","250","Y",,,,,
"138","ZTBLAIS_PROD","AIS_T_AU_POST_COMPLIANCE_EVIDENCE_ARCHIVE","11","COMP_ID","NUMBER","22","Y",,,,,
"139","ZTBLAIS_PROD","AIS_T_AU_POST_COMPLIANCE_EVIDENCE_ARCHIVE","12","FILE_DATA","CLOB","4000","Y",,,,,
"140","ZTBLAIS_PROD","AIS_T_AU_POST_COMPLIANCE_EVIDENCE_CAU","1","ID","NUMBER","22","N","SYS_C001093039","CHECK",,,
"141","ZTBLAIS_PROD","AIS_T_AU_POST_COMPLIANCE_EVIDENCE_CAU","2","FILE_NAME","VARCHAR2","100","N","SYS_C001093040","CHECK",,,
"142","ZTBLAIS_PROD","AIS_T_AU_POST_COMPLIANCE_EVIDENCE_CAU","3","LENGTH","NUMBER","22","N","SYS_C001093041","CHECK",,,
"143","ZTBLAIS_PROD","AIS_T_AU_POST_COMPLIANCE_EVIDENCE_CAU","4","TEXTID","NUMBER","22","N","SYS_C001093042","CHECK",,,
"144","ZTBLAIS_PROD","AIS_T_AU_POST_COMPLIANCE_EVIDENCE_CAU","5","ENTEREDBY","NUMBER","22","N","SYS_C001093043","CHECK",,,
"145","ZTBLAIS_PROD","AIS_T_AU_POST_COMPLIANCE_EVIDENCE_CAU","6","ENTEREDDATE","DATE","7","N","SYS_C001093044","CHECK",,,
"146","ZTBLAIS_PROD","AIS_T_AU_POST_COMPLIANCE_EVIDENCE_CAU","7","LASTUPDATEDBY","NUMBER","22","Y",,,,,
"147","ZTBLAIS_PROD","AIS_T_AU_POST_COMPLIANCE_EVIDENCE_CAU","8","LASTUPDATEDDATE","DATE","7","Y",,,,,
"148","ZTBLAIS_PROD","AIS_T_AU_POST_COMPLIANCE_EVIDENCE_CAU","9","SEQUENCE","NUMBER","22","N","SYS_C001093045","CHECK",,,
"149","ZTBLAIS_PROD","AIS_T_AU_POST_COMPLIANCE_EVIDENCE_CAU","10","DESCRIPTION","VARCHAR2","250","Y",,,,,
"150","ZTBLAIS_PROD","AIS_T_AU_POST_COMPLIANCE_EVIDENCE_CAU","11","COMP_ID","NUMBER","22","Y",,,,,
"151","ZTBLAIS_PROD","AIS_T_AU_POST_COMPLIANCE_EVIDENCE_CAU","12","FILE_DATA","CLOB","4000","Y",,,,,
"152","ZTBLAIS_PROD","AIS_T_AU_POST_COMPLIANCE_FR","1","COM_ID","NUMBER","22","N","SYS_C001098985","CHECK",,,
"153","ZTBLAIS_PROD","AIS_T_AU_POST_COMPLIANCE_FR","2","OLD_PARA_ID","NUMBER","22","Y",,,,,
"154","ZTBLAIS_PROD","AIS_T_AU_POST_COMPLIANCE_FR","3","NEW_PARA_ID","NUMBER","22","Y",,,,,
"155","ZTBLAIS_PROD","AIS_T_AU_POST_COMPLIANCE_FR","4","AUDIT_PERIOD","VARCHAR2","500","Y",,,,,
"156","ZTBLAIS_PROD","AIS_T_AU_POST_COMPLIANCE_FR","5","ENTITY_ID","NUMBER","22","Y",,,,,
"157","ZTBLAIS_PROD","AIS_T_AU_POST_COMPLIANCE_FR","6","ENTITY_CODE","NUMBER","22","Y",,,,,
"158","ZTBLAIS_PROD","AIS_T_AU_POST_COMPLIANCE_FR","7","AUDITED_BY","NUMBER","22","Y",,,,,
"159","ZTBLAIS_PROD","AIS_T_AU_POST_COMPLIANCE_FR","8","ENTITY_TYPE_ID","NUMBER","22","Y",,,,,
"160","ZTBLAIS_PROD","AIS_T_AU_POST_COMPLIANCE_FR","9","COM_CYCLE","NUMBER","22","Y",,,,,
"161","ZTBLAIS_PROD","AIS_T_AU_POST_COMPLIANCE_FR","10","COM_STATUS","NUMBER","22","Y",,,,,
"162","ZTBLAIS_PROD","AIS_T_AU_POST_COMPLIANCE_FR","11","COM_STAGE","NUMBER","22","Y",,,,,
"163","ZTBLAIS_PROD","AIS_T_AU_POST_COMPLIANCE_FR","12","PARA_STATUS","NUMBER","22","Y",,,,,
"164","ZTBLAIS_PROD","AIS_T_AU_POST_COMPLIANCE_FR","13","PARA_NO","VARCHAR2","500","Y",,,,,
"165","ZTBLAIS_PROD","AIS_T_AU_POST_COMPLIANCE_FR","14","GIST_OF_PARAS","VARCHAR2","4000","Y",,,,,
"166","ZTBLAIS_PROD","AIS_T_AU_POST_COMPLIANCE_FR","15","SETTELED_ON","DATE","7","Y",,,,,
"167","ZTBLAIS_PROD","AIS_T_AU_POST_COMPLIANCE_FR","16","SETTELED_BY","NUMBER","22","Y",,,,,
"168","ZTBLAIS_PROD","AIS_T_AU_POST_COMPLIANCE_FR","17","IND","VARCHAR2","500","Y",,,,,
"169","ZTBLAIS_PROD","AIS_T_AU_POST_COMPLIANCE_FR","18","PARA_ADDED_ON","DATE","7","Y",,,,,
"170","ZTBLAIS_PROD","AIS_T_AU_POST_COMPLIANCE_FR","19","CAU_STATUS","NUMBER","22","Y",,,,,
"171","ZTBLAIS_PROD","AIS_T_AU_POST_COMPLIANCE_FR","20","CAU_ASSIGNED_ENT_ID","NUMBER","22","Y",,,,,
"172","ZTBLAIS_PROD","AIS_T_AU_POST_COMPLIANCE_FR","21","BR_RESPONSE_BY","NUMBER","22","Y",,,,,
"173","ZTBLAIS_PROD","AIS_T_AU_POST_COMPLIANCE_FR","22","BR_RESPONSE_ON","DATE","7","Y",,,,,
"174","ZTBLAIS_PROD","AIS_T_AU_POST_COMPLIANCE_FR","23","CAU_ASSIGNED_BY","NUMBER","22","Y",,,,,
"175","ZTBLAIS_PROD","AIS_T_AU_POST_COMPLIANCE_FR","24","CAU_ASSIGNED_ON","DATE","7","Y",,,,,
"176","ZTBLAIS_PROD","AIS_T_AU_POST_COMPLIANCE_FR","25","SETTLEMENT_COM_REVIEWED_BY","NUMBER","22","Y",,,,,
"177","ZTBLAIS_PROD","AIS_T_AU_POST_COMPLIANCE_FR","26","SETTLEMENT_COM_REVIEWED_ON","DATE","7","Y",,,,,
"178","ZTBLAIS_PROD","AIS_T_AU_POST_COMPLIANCE_FR","27","RISK","NUMBER","22","Y",,,,,
"179","ZTBLAIS_PROD","AIS_T_AU_POST_COMPLIANCE_FR","28","ANNEX","NUMBER","22","Y",,,,,
"180","ZTBLAIS_PROD","AIS_T_AU_POST_COMPLIANCE_FR","29","NO_OF_INSTANCES","NUMBER","22","Y",,,,,
"181","ZTBLAIS_PROD","AIS_T_AU_POST_COMPLIANCE_FR","30","ANNEX_REF_ID","NUMBER","22","Y",,,,,
"182","ZTBLAIS_PROD","AIS_T_AU_POST_COMPLIANCE_FR","31","AMOUNT","VARCHAR2","200","Y",,,,,
"183","ZTBLAIS_PROD","AIS_T_AU_POST_COMPLIANCE_FR","32","REFERENCE_REVIEWED","NUMBER","22","Y",,,,,
"184","ZTBLAIS_PROD","AIS_T_AU_POST_COMPLIANCE_HISTORY","1","HIST_ID","NUMBER","22","Y",,,,,
"185","ZTBLAIS_PROD","AIS_T_AU_POST_COMPLIANCE_HISTORY","2","COM_ID","NUMBER","22","Y",,,,,
"186","ZTBLAIS_PROD","AIS_T_AU_POST_COMPLIANCE_HISTORY","3","COM_CYCLE","NUMBER","22","Y",,,,,
"187","ZTBLAIS_PROD","AIS_T_AU_POST_COMPLIANCE_HISTORY","4","COM_STATUS","NUMBER","22","Y",,,,,
"188","ZTBLAIS_PROD","AIS_T_AU_POST_COMPLIANCE_HISTORY","5","COM_STAGE","NUMBER","22","Y",,,,,
"189","ZTBLAIS_PROD","AIS_T_AU_POST_COMPLIANCE_HISTORY","6","COMMENT_BY_ROLE","VARCHAR2","500","Y",,,,,
"190","ZTBLAIS_PROD","AIS_T_AU_POST_COMPLIANCE_HISTORY","7","COMMENT_BY_PPNO","NUMBER","22","Y",,,,,
"191","ZTBLAIS_PROD","AIS_T_AU_POST_COMPLIANCE_HISTORY","8","COMMENT_ON","DATE","7","Y",,,,,
"192","ZTBLAIS_PROD","AIS_T_AU_POST_COMPLIANCE_HISTORY","9","COMMENTS","VARCHAR2","1000","Y",,,,,
"193","ZTBLAIS_PROD","AIS_T_AU_POST_COMPLIANCE_HISTORY","10","COM_FLOW","VARCHAR2","2","Y",,,,,
"194","ZTBLAIS_PROD","AIS_T_AU_POST_COMPLIANCE_HISTORY_BACKUP","1","HIST_ID","NUMBER","22","Y",,,,,
"195","ZTBLAIS_PROD","AIS_T_AU_POST_COMPLIANCE_HISTORY_BACKUP","2","COM_ID","NUMBER","22","Y",,,,,
"196","ZTBLAIS_PROD","AIS_T_AU_POST_COMPLIANCE_HISTORY_BACKUP","3","COM_CYCLE","NUMBER","22","Y",,,,,
"197","ZTBLAIS_PROD","AIS_T_AU_POST_COMPLIANCE_HISTORY_BACKUP","4","COM_STATUS","NUMBER","22","Y",,,,,
"198","ZTBLAIS_PROD","AIS_T_AU_POST_COMPLIANCE_HISTORY_BACKUP","5","COM_STAGE","NUMBER","22","Y",,,,,
"199","ZTBLAIS_PROD","AIS_T_AU_POST_COMPLIANCE_HISTORY_BACKUP","6","COMMENT_BY_ROLE","VARCHAR2","500","Y",,,,,
"200","ZTBLAIS_PROD","AIS_T_AU_POST_COMPLIANCE_HISTORY_BACKUP","7","COMMENT_BY_PPNO","NUMBER","22","Y",,,,,
"201","ZTBLAIS_PROD","AIS_T_AU_POST_COMPLIANCE_HISTORY_BACKUP","8","COMMENT_ON","DATE","7","Y",,,,,
"202","ZTBLAIS_PROD","AIS_T_AU_POST_COMPLIANCE_HISTORY_BACKUP","9","COMMENTS","VARCHAR2","1000","Y",,,,,
"203","ZTBLAIS_PROD","AIS_T_AU_POST_COMPLIANCE_HISTORY_BACKUP","10","COM_FLOW","VARCHAR2","2","Y",,,,,
"204","ZTBLAIS_PROD","AIS_T_AU_POST_COMPLIANCE_HISTORY_DIFF_AIS_COM","1","HIST_ID","NUMBER","22","Y",,,,,
"205","ZTBLAIS_PROD","AIS_T_AU_POST_COMPLIANCE_HISTORY_DIFF_AIS_COM","2","COM_ID","NUMBER","22","Y",,,,,
"206","ZTBLAIS_PROD","AIS_T_AU_POST_COMPLIANCE_HISTORY_DIFF_AIS_COM","3","COM_CYCLE","NUMBER","22","Y",,,,,
"207","ZTBLAIS_PROD","AIS_T_AU_POST_COMPLIANCE_HISTORY_DIFF_AIS_COM","4","COM_STATUS","NUMBER","22","Y",,,,,
"208","ZTBLAIS_PROD","AIS_T_AU_POST_COMPLIANCE_HISTORY_DIFF_AIS_COM","5","COM_STAGE","NUMBER","22","Y",,,,,
"209","ZTBLAIS_PROD","AIS_T_AU_POST_COMPLIANCE_HISTORY_DIFF_AIS_COM","6","COMMENT_BY_ROLE","VARCHAR2","500","Y",,,,,
"210","ZTBLAIS_PROD","AIS_T_AU_POST_COMPLIANCE_HISTORY_DIFF_AIS_COM","7","COMMENT_BY_PPNO","NUMBER","22","Y",,,,,
"211","ZTBLAIS_PROD","AIS_T_AU_POST_COMPLIANCE_HISTORY_DIFF_AIS_COM","8","COMMENT_ON","DATE","7","Y",,,,,
"212","ZTBLAIS_PROD","AIS_T_AU_POST_COMPLIANCE_HISTORY_DIFF_AIS_COM","9","COMMENTS","VARCHAR2","1000","Y",,,,,
"213","ZTBLAIS_PROD","AIS_T_AU_POST_COMPLIANCE_HISTORY_DIFF_AIS_COM","10","COM_FLOW","VARCHAR2","2","Y",,,,,
"214","ZTBLAIS_PROD","AIS_T_AU_POST_COMPLIANCE_SETTELED_ON_DIFF","1","COM_ID","NUMBER","22","Y",,,,,
"215","ZTBLAIS_PROD","AIS_T_AU_POST_COMPLIANCE_SETTELED_ON_DIFF","2","OLD_PARA_ID","NUMBER","22","Y",,,,,
"216","ZTBLAIS_PROD","AIS_T_AU_POST_COMPLIANCE_SETTELED_ON_DIFF","3","NEW_PARA_ID","NUMBER","22","Y",,,,,
"217","ZTBLAIS_PROD","AIS_T_AU_POST_COMPLIANCE_SETTELED_ON_DIFF","4","AUDIT_PERIOD","VARCHAR2","500","Y",,,,,
"218","ZTBLAIS_PROD","AIS_T_AU_POST_COMPLIANCE_SETTELED_ON_DIFF","5","ENTITY_ID","NUMBER","22","Y",,,,,
"219","ZTBLAIS_PROD","AIS_T_AU_POST_COMPLIANCE_SETTELED_ON_DIFF","6","ENTITY_CODE","NUMBER","22","Y",,,,,
"220","ZTBLAIS_PROD","AIS_T_AU_POST_COMPLIANCE_SETTELED_ON_DIFF","7","AUDITED_BY","NUMBER","22","Y",,,,,
"221","ZTBLAIS_PROD","AIS_T_AU_POST_COMPLIANCE_SETTELED_ON_DIFF","8","ENTITY_TYPE_ID","NUMBER","22","Y",,,,,
"222","ZTBLAIS_PROD","AIS_T_AU_POST_COMPLIANCE_SETTELED_ON_DIFF","9","COM_CYCLE","NUMBER","22","Y",,,,,
"223","ZTBLAIS_PROD","AIS_T_AU_POST_COMPLIANCE_SETTELED_ON_DIFF","10","COM_STATUS","NUMBER","22","Y",,,,,
"224","ZTBLAIS_PROD","AIS_T_AU_POST_COMPLIANCE_SETTELED_ON_DIFF","11","COM_STAGE","NUMBER","22","Y",,,,,
"225","ZTBLAIS_PROD","AIS_T_AU_POST_COMPLIANCE_SETTELED_ON_DIFF","12","PARA_STATUS","NUMBER","22","Y",,,,,
"226","ZTBLAIS_PROD","AIS_T_AU_POST_COMPLIANCE_SETTELED_ON_DIFF","13","PARA_NO","VARCHAR2","500","Y",,,,,
"227","ZTBLAIS_PROD","AIS_T_AU_POST_COMPLIANCE_SETTELED_ON_DIFF","14","GIST_OF_PARAS","VARCHAR2","4000","Y",,,,,
"228","ZTBLAIS_PROD","AIS_T_AU_POST_COMPLIANCE_SETTELED_ON_DIFF","15","SETTELED_ON","DATE","7","Y",,,,,
"229","ZTBLAIS_PROD","AIS_T_AU_POST_COMPLIANCE_SETTELED_ON_DIFF","16","SETTELED_BY","NUMBER","22","Y",,,,,
"230","ZTBLAIS_PROD","AIS_T_AU_POST_COMPLIANCE_SETTELED_ON_DIFF","17","IND","VARCHAR2","500","Y",,,,,
"231","ZTBLAIS_PROD","AIS_T_AU_POST_COMPLIANCE_SETTELED_ON_DIFF","18","PARA_ADDED_ON","DATE","7","Y",,,,,
"232","ZTBLAIS_PROD","AIS_T_AU_POST_COMPLIANCE_SETTELED_ON_DIFF","19","CAU_STATUS","NUMBER","22","Y",,,,,
"233","ZTBLAIS_PROD","AIS_T_AU_POST_COMPLIANCE_SETTELED_ON_DIFF","20","CAU_ASSIGNED_ENT_ID","NUMBER","22","Y",,,,,
"234","ZTBLAIS_PROD","AIS_T_AU_POST_COMPLIANCE_SETTELED_ON_DIFF","21","BR_RESPONSE_BY","NUMBER","22","Y",,,,,
"235","ZTBLAIS_PROD","AIS_T_AU_POST_COMPLIANCE_SETTELED_ON_DIFF","22","BR_RESPONSE_ON","DATE","7","Y",,,,,
"236","ZTBLAIS_PROD","AIS_T_AU_POST_COMPLIANCE_SETTELED_ON_DIFF","23","CAU_ASSIGNED_BY","NUMBER","22","Y",,,,,
"237","ZTBLAIS_PROD","AIS_T_AU_POST_COMPLIANCE_SETTELED_ON_DIFF","24","CAU_ASSIGNED_ON","DATE","7","Y",,,,,
"238","ZTBLAIS_PROD","AIS_T_AU_POST_COMPLIANCE_SETTELED_ON_DIFF","25","SETTLEMENT_COM_REVIEWED_BY","NUMBER","22","Y",,,,,
"239","ZTBLAIS_PROD","AIS_T_AU_POST_COMPLIANCE_SETTELED_ON_DIFF","26","SETTLEMENT_COM_REVIEWED_ON","DATE","7","Y",,,,,
"240","ZTBLAIS_PROD","AIS_T_AU_POST_COMPLIANCE_SETTELED_ON_DIFF","27","RISK","NUMBER","22","Y",,,,,
"241","ZTBLAIS_PROD","AIS_T_AU_POST_COMPLIANCE_TEXT","1","C_TXT_ID","NUMBER","22","Y",,,,,
"242","ZTBLAIS_PROD","AIS_T_AU_POST_COMPLIANCE_TEXT","2","COM_ID","NUMBER","22","Y",,,,,
"243","ZTBLAIS_PROD","AIS_T_AU_POST_COMPLIANCE_TEXT","3","REPLY","NCLOB","4000","Y",,,,,
"244","ZTBLAIS_PROD","AIS_T_AU_POST_COMPLIANCE_TEXT","4","COM_CYCLE","NUMBER","22","Y",,,,,
"245","ZTBLAIS_PROD","AIS_T_AU_POST_COMPLIANCE_TEXT","5","STATUS","CHAR","2","Y",,,,,
"246","ZTBLAIS_PROD","AIS_T_AU_POST_COMPLIANCE_TEXT_BACKUP","1","C_TXT_ID","NUMBER","22","Y",,,,,
"247","ZTBLAIS_PROD","AIS_T_AU_POST_COMPLIANCE_TEXT_BACKUP","2","COM_ID","NUMBER","22","Y",,,,,
"248","ZTBLAIS_PROD","AIS_T_AU_POST_COMPLIANCE_TEXT_BACKUP","3","REPLY","NCLOB","4000","Y",,,,,
"249","ZTBLAIS_PROD","AIS_T_AU_POST_COMPLIANCE_TEXT_BACKUP","4","COM_CYCLE","NUMBER","22","Y",,,,,
"250","ZTBLAIS_PROD","AIS_T_AU_POST_COMPLIANCE_TEXT_BACKUP","5","STATUS","CHAR","2","Y",,,,,
"251","ZTBLAIS_PROD","AIS_T_AU_POST_COMPLIANCE_TEXT_CAU","1","C_TXT_ID","NUMBER","22","Y",,,,,
"252","ZTBLAIS_PROD","AIS_T_AU_POST_COMPLIANCE_TEXT_CAU","2","COM_ID","NUMBER","22","Y",,,,,
"253","ZTBLAIS_PROD","AIS_T_AU_POST_COMPLIANCE_TEXT_CAU","3","REPLY","NCLOB","4000","Y",,,,,
"254","ZTBLAIS_PROD","AIS_T_AU_POST_COMPLIANCE_TEXT_CAU","4","CAU_INSTRUCTIONS","VARCHAR2","500","Y",,,,,
"255","ZTBLAIS_PROD","AIS_T_AU_POST_COMPLIANCE_TEXT_CAU","5","STATUS","CHAR","2","Y",,,,,
"256","ZTBLAIS_PROD","AIS_T_PARA_STATUS_CHANGE_LOG","1","LOG_ID","NUMBER","22","N","SYS_C001092704","CHECK",,,
"257","ZTBLAIS_PROD","AIS_T_PARA_STATUS_CHANGE_LOG","1","LOG_ID","NUMBER","22","N","SYS_C001093251","PRIMARY KEY",,,
"258","ZTBLAIS_PROD","AIS_T_PARA_STATUS_CHANGE_LOG","2","COM_ID","NUMBER","22","N","FK_LOG_COM","FOREIGN KEY",,,
"259","ZTBLAIS_PROD","AIS_T_PARA_STATUS_CHANGE_LOG","2","COM_ID","NUMBER","22","N","SYS_C001092705","CHECK",,,
"260","ZTBLAIS_PROD","AIS_T_PARA_STATUS_CHANGE_LOG","3","OLD_STATUS","NUMBER","22","N","SYS_C001092706","CHECK",,,
"261","ZTBLAIS_PROD","AIS_T_PARA_STATUS_CHANGE_LOG","4","NEW_STATUS","NUMBER","22","N","SYS_C001092707","CHECK",,,
"262","ZTBLAIS_PROD","AIS_T_PARA_STATUS_CHANGE_LOG","5","MAKER_REMARKS","VARCHAR2","1000","N","SYS_C001092708","CHECK",,,
"263","ZTBLAIS_PROD","AIS_T_PARA_STATUS_CHANGE_LOG","6","AUTHORIZER_REMARKS","VARCHAR2","1000","Y",,,,,
"264","ZTBLAIS_PROD","AIS_T_PARA_STATUS_CHANGE_LOG","7","CHANGED_BY","NUMBER","22","N","SYS_C001092709","CHECK",,,
"265","ZTBLAIS_PROD","AIS_T_PARA_STATUS_CHANGE_LOG","8","CHANGED_ON","DATE","7","N","SYS_C001092710","CHECK",,,
"266","ZTBLAIS_PROD","AIS_T_PARA_STATUS_CHANGE_LOG","9","AUTHORIZED_BY","NUMBER","22","Y",,,,,
"267","ZTBLAIS_PROD","AIS_T_PARA_STATUS_CHANGE_LOG","10","AUTHORIZED_ON","DATE","7","Y",,,,,
"268","ZTBLAIS_PROD","AIS_T_PARA_STATUS_CHANGE_LOG","11","ACTION_STATUS","VARCHAR2","20","Y","SYS_C001093252","CHECK",,,
"269","ZTBLAIS_PROD","ATTACHMENTSOURCES","1","ATTACHMENTID","NUMBER","22","N","SYS_C001092735","CHECK",,,
"270","ZTBLAIS_PROD","ATTACHMENTSOURCES","1","ATTACHMENTID","NUMBER","22","N","SYS_C001093277","PRIMARY KEY",,,
"271","ZTBLAIS_PROD","ATTACHMENTSOURCES","2","EVENTID","NUMBER","22","N","FK_ATTACHMENTSOURCES_EVENTS","FOREIGN KEY",,,
"272","ZTBLAIS_PROD","ATTACHMENTSOURCES","2","EVENTID","NUMBER","22","N","SYS_C001092736","CHECK",,,
"273","ZTBLAIS_PROD","ATTACHMENTSOURCES","3","SOURCETYPE","VARCHAR2","50","N","SYS_C001092737","CHECK",,,
"274","ZTBLAIS_PROD","ATTACHMENTSOURCES","4","SOURCEREF","VARCHAR2","200","N","SYS_C001092738","CHECK",,,
"275","ZTBLAIS_PROD","ATTACHMENTSOURCES","5","FILENAMEPATTERN","VARCHAR2","200","Y",,,,,
"276","ZTBLAIS_PROD","ATTACHMENTSOURCES","6","ASINLINEHTML","NUMBER","22","N","SYS_C001092739","CHECK",,,
"277","ZTBLAIS_PROD","CFO_LOAN_PORTFOLIO_MOVE_CAT","1","FORMONTH","DATE","7","Y",,,,,
"278","ZTBLAIS_PROD","CFO_LOAN_PORTFOLIO_MOVE_CAT","2","LOAN_CATEGORY","CHAR","11","Y",,,,,
"279","ZTBLAIS_PROD","CFO_LOAN_PORTFOLIO_MOVE_CAT","3","ACC_STATUS","VARCHAR2","100","Y",,,,,
"280","ZTBLAIS_PROD","CFO_LOAN_PORTFOLIO_MOVE_CAT","4","PR_O","NUMBER","22","Y",,,,,
"281","ZTBLAIS_PROD","CFO_LOAN_PORTFOLIO_MOVE_CAT","5","MRK_O","NUMBER","22","Y",,,,,
"282","ZTBLAIS_PROD","CFO_LOAN_PORTFOLIO_MOVE_CAT","6","PR_TRANSFER_IN","NUMBER","22","Y",,,,,
"283","ZTBLAIS_PROD","CFO_LOAN_PORTFOLIO_MOVE_CAT","7","MRK_TRANSFER_IN","NUMBER","22","Y",,,,,
"284","ZTBLAIS_PROD","CFO_LOAN_PORTFOLIO_MOVE_CAT","8","PR_TRANSFER_OUT","NUMBER","22","Y",,,,,
"285","ZTBLAIS_PROD","CFO_LOAN_PORTFOLIO_MOVE_CAT","9","MRK_TRANSFER_OUT","NUMBER","22","Y",,,,,
"286","ZTBLAIS_PROD","CFO_LOAN_PORTFOLIO_MOVE_CAT","10","PR_DISBURSED","NUMBER","22","Y",,,,,
"287","ZTBLAIS_PROD","CFO_LOAN_PORTFOLIO_MOVE_CAT","11","MRK_DISBURSED_EOM","NUMBER","22","Y",,,,,
"288","ZTBLAIS_PROD","CFO_LOAN_PORTFOLIO_MOVE_CAT","12","PR_ADJUSTED","NUMBER","22","Y",,,,,
"289","ZTBLAIS_PROD","CFO_LOAN_PORTFOLIO_MOVE_CAT","13","MRK_ADJUSTED","NUMBER","22","Y",,,,,
"290","ZTBLAIS_PROD","CFO_LOAN_PORTFOLIO_MOVE_CAT","14","MRK_ADD_EXISTING","NUMBER","22","Y",,,,,
"291","ZTBLAIS_PROD","CFO_LOAN_PORTFOLIO_MOVE_CAT","15","PR_CL_MON","NUMBER","22","Y",,,,,
"292","ZTBLAIS_PROD","CFO_LOAN_PORTFOLIO_MOVE_CAT","16","PR_CL_NET","NUMBER","22","Y",,,,,
"293","ZTBLAIS_PROD","CFO_LOAN_PORTFOLIO_MOVE_CAT","17","MRK_CL_MON","NUMBER","22","Y",,,,,
"294","ZTBLAIS_PROD","CFO_LOAN_PORTFOLIO_MOVE_CAT","18","MRK_CL_NET","NUMBER","22","Y",,,,,
"295","ZTBLAIS_PROD","CFO_LOAN_PORTFOLIO_MOVE_CAT","19","PR_WRT_OFF","NUMBER","22","Y",,,,,
"296","ZTBLAIS_PROD","CFO_LOAN_PORTFOLIO_MOVE_CAT","20","MRK_WRT_OFF","NUMBER","22","Y",,,,,
"297","ZTBLAIS_PROD","CFO_LOAN_PORTFOLIO_MOVE_CAT","21","DISB_STATUSID","NUMBER","22","Y",,,,,
"298","ZTBLAIS_PROD","DR$IDX_TEXT$I","1","TOKEN_TEXT","VARCHAR2","255","N","SYS_C001093333","CHECK",,,
"299","ZTBLAIS_PROD","DR$IDX_TEXT$I","2","TOKEN_TYPE","NUMBER","22","N","SYS_C001093334","CHECK",,,
"300","ZTBLAIS_PROD","DR$IDX_TEXT$I","3","TOKEN_FIRST","NUMBER","22","N","SYS_C001093335","CHECK",,,
"301","ZTBLAIS_PROD","DR$IDX_TEXT$I","4","TOKEN_LAST","NUMBER","22","N","SYS_C001093336","CHECK",,,
"302","ZTBLAIS_PROD","DR$IDX_TEXT$I","5","TOKEN_COUNT","NUMBER","22","N","SYS_C001093337","CHECK",,,
"303","ZTBLAIS_PROD","DR$IDX_TEXT$I","6","TOKEN_INFO","BLOB","4000","Y",,,,,
"304","ZTBLAIS_PROD","DR$IDX_TEXT$K","1","DOCID","NUMBER","22","Y",,,,,
"305","ZTBLAIS_PROD","DR$IDX_TEXT$K","2","TEXTKEY","ROWID","10","Y",,,,,
"306","ZTBLAIS_PROD","DR$IDX_TEXT$N","1","NLT_DOCID","NUMBER","22","N","SYS_IOT_TOP_3217910","PRIMARY KEY",,,
"307","ZTBLAIS_PROD","DR$IDX_TEXT$N","2","NLT_MARK","CHAR","1","N","SYS_C001093338","CHECK",,,
"308","ZTBLAIS_PROD","DR$IDX_TEXT$U","1","RID","ROWID","10","N","SYS_C001093340","PRIMARY KEY",,,
"309","ZTBLAIS_PROD","DR$TEXT_INDEX$I","1","TOKEN_TEXT","VARCHAR2","255","N","SYS_C001093341","CHECK",,,
"310","ZTBLAIS_PROD","DR$TEXT_INDEX$I","2","TOKEN_TYPE","NUMBER","22","N","SYS_C001093342","CHECK",,,
"311","ZTBLAIS_PROD","DR$TEXT_INDEX$I","3","TOKEN_FIRST","NUMBER","22","N","SYS_C001093343","CHECK",,,
"312","ZTBLAIS_PROD","DR$TEXT_INDEX$I","4","TOKEN_LAST","NUMBER","22","N","SYS_C001093344","CHECK",,,
"313","ZTBLAIS_PROD","DR$TEXT_INDEX$I","5","TOKEN_COUNT","NUMBER","22","N","SYS_C001093345","CHECK",,,
"314","ZTBLAIS_PROD","DR$TEXT_INDEX$I","6","TOKEN_INFO","BLOB","4000","Y",,,,,
"315","ZTBLAIS_PROD","DR$TEXT_INDEX$K","1","DOCID","NUMBER","22","Y",,,,,
"316","ZTBLAIS_PROD","DR$TEXT_INDEX$K","2","TEXTKEY","ROWID","10","Y",,,,,
"317","ZTBLAIS_PROD","DR$TEXT_INDEX$N","1","NLT_DOCID","NUMBER","22","N","SYS_IOT_TOP_3217922","PRIMARY KEY",,,
"318","ZTBLAIS_PROD","DR$TEXT_INDEX$N","2","NLT_MARK","CHAR","1","N","SYS_C001093346","CHECK",,,
"319","ZTBLAIS_PROD","DR$TEXT_INDEX$U","1","RID","ROWID","10","N","SYS_C001093348","PRIMARY KEY",,,
"320","ZTBLAIS_PROD","EMAILLOG","1","LOGID","NUMBER","22","N","SYS_C001093226","CHECK",,,
"321","ZTBLAIS_PROD","EMAILLOG","1","LOGID","NUMBER","22","N","SYS_C001093286","PRIMARY KEY",,,
"322","ZTBLAIS_PROD","EMAILLOG","2","EVENTKEY","VARCHAR2","100","N","SYS_C001093227","CHECK",,,
"323","ZTBLAIS_PROD","EMAILLOG","3","CORRELATIONID","VARCHAR2","36","N","SYS_C001093228","CHECK",,,
"324","ZTBLAIS_PROD","EMAILLOG","4","SUBJECTSENT","CLOB","4000","N","SYS_C001093229","CHECK",,,
"325","ZTBLAIS_PROD","EMAILLOG","5","BODYSENT","CLOB","4000","N","SYS_C001093230","CHECK",,,
"326","ZTBLAIS_PROD","EMAILLOG","6","TOCSV","VARCHAR2","2000","N","SYS_C001093231","CHECK",,,
"327","ZTBLAIS_PROD","EMAILLOG","7","CCCSV","VARCHAR2","2000","Y",,,,,
"328","ZTBLAIS_PROD","EMAILLOG","8","BCCCSV","VARCHAR2","2000","Y",,,,,
"329","ZTBLAIS_PROD","EMAILLOG","9","STATUS","VARCHAR2","20","N","SYS_C001093232","CHECK",,,
"330","ZTBLAIS_PROD","EMAILLOG","10","ERRORMESSAGE","CLOB","4000","Y",,,,,
"331","ZTBLAIS_PROD","EMAILLOG","11","SENTONUTC","TIMESTAMP(6) WITH TIME ZONE","13","N","SYS_C001093233","CHECK",,,
"332","ZTBLAIS_PROD","EMAILTEMPLATES","1","TEMPLATEID","NUMBER","22","N","SYS_C001093216","CHECK",,,
"333","ZTBLAIS_PROD","EMAILTEMPLATES","1","TEMPLATEID","NUMBER","22","N","SYS_C001093283","PRIMARY KEY",,,
"334","ZTBLAIS_PROD","EMAILTEMPLATES","2","EVENTID","NUMBER","22","N","FK_EMAILTEMPLATES_EVENTS","FOREIGN KEY",,,
"335","ZTBLAIS_PROD","EMAILTEMPLATES","2","EVENTID","NUMBER","22","N","SYS_C001093217","CHECK",,,
"336","ZTBLAIS_PROD","EMAILTEMPLATES","3","CULTURE","VARCHAR2","10","N","SYS_C001093218","CHECK",,,
"337","ZTBLAIS_PROD","EMAILTEMPLATES","4","SUBJECTHTML","CLOB","4000","N","SYS_C001093219","CHECK",,,
"338","ZTBLAIS_PROD","EMAILTEMPLATES","5","BODYHTML","CLOB","4000","N","SYS_C001093220","CHECK",,,
"339","ZTBLAIS_PROD","EMAILTEMPLATES","6","LASTUPDATEDBY","VARCHAR2","100","Y",,,,,
"340","ZTBLAIS_PROD","EMAILTEMPLATES","7","LASTUPDATEDON","TIMESTAMP(6) WITH TIME ZONE","13","N","SYS_C001093221","CHECK",,,
"341","ZTBLAIS_PROD","ERR$_T_AU_RESPONSIBILITY_ASSIGNED_FINAL","1","ORA_ERR_NUMBER$","NUMBER","22","Y",,,,,
"342","ZTBLAIS_PROD","ERR$_T_AU_RESPONSIBILITY_ASSIGNED_FINAL","2","ORA_ERR_MESG$","VARCHAR2","2000","Y",,,,,
"343","ZTBLAIS_PROD","ERR$_T_AU_RESPONSIBILITY_ASSIGNED_FINAL","3","ORA_ERR_ROWID$","UROWID","4000","Y",,,,,
"344","ZTBLAIS_PROD","ERR$_T_AU_RESPONSIBILITY_ASSIGNED_FINAL","4","ORA_ERR_OPTYP$","VARCHAR2","2","Y",,,,,
"345","ZTBLAIS_PROD","ERR$_T_AU_RESPONSIBILITY_ASSIGNED_FINAL","5","ORA_ERR_TAG$","VARCHAR2","2000","Y",,,,,
"346","ZTBLAIS_PROD","ERR$_T_AU_RESPONSIBILITY_ASSIGNED_FINAL","6","RESP_ID","VARCHAR2","4000","Y",,,,,
"347","ZTBLAIS_PROD","ERR$_T_AU_RESPONSIBILITY_ASSIGNED_FINAL","7","OBS_ID","VARCHAR2","4000","Y",,,,,
"348","ZTBLAIS_PROD","ERR$_T_AU_RESPONSIBILITY_ASSIGNED_FINAL","8","ENG_ID","VARCHAR2","4000","Y",,,,,
"349","ZTBLAIS_PROD","ERR$_T_AU_RESPONSIBILITY_ASSIGNED_FINAL","9","COM_ID","VARCHAR2","4000","Y",,,,,
"350","ZTBLAIS_PROD","ERR$_T_AU_RESPONSIBILITY_ASSIGNED_FINAL","10","PP_NO","VARCHAR2","4000","Y",,,,,
"351","ZTBLAIS_PROD","ERR$_T_AU_RESPONSIBILITY_ASSIGNED_FINAL","11","REF_P","VARCHAR2","4000","Y",,,,,
"352","ZTBLAIS_PROD","ERR$_T_AU_RESPONSIBILITY_ASSIGNED_FINAL","12","BR_CODE","VARCHAR2","4000","Y",,,,,
"353","ZTBLAIS_PROD","ERR$_T_AU_RESPONSIBILITY_ASSIGNED_FINAL","13","LOAN_CASE","VARCHAR2","4000","Y",,,,,
"354","ZTBLAIS_PROD","ERR$_T_AU_RESPONSIBILITY_ASSIGNED_FINAL","14","ACCOUNT_NUMBER","VARCHAR2","4000","Y",,,,,
"355","ZTBLAIS_PROD","ERR$_T_AU_RESPONSIBILITY_ASSIGNED_FINAL","15","LC_AMOUNT","VARCHAR2","4000","Y",,,,,
"356","ZTBLAIS_PROD","ERR$_T_AU_RESPONSIBILITY_ASSIGNED_FINAL","16","AC_AMOUNT","VARCHAR2","4000","Y",,,,,
"357","ZTBLAIS_PROD","ERR$_T_AU_RESPONSIBILITY_ASSIGNED_FINAL","17","IS_ACTIVE","VARCHAR2","4000","Y",,,,,
"358","ZTBLAIS_PROD","ERR$_T_AU_RESPONSIBILITY_ASSIGNED_FINAL","18","REMARKS","VARCHAR2","4000","Y",,,,,
"359","ZTBLAIS_PROD","ERR$_T_AU_RESPONSIBILITY_ASSIGNED_FINAL","19","ASSIGNEDBY","VARCHAR2","4000","Y",,,,,
"360","ZTBLAIS_PROD","ERR$_T_AU_RESPONSIBILITY_ASSIGNED_FINAL","20","LASTUPDATEDBY","VARCHAR2","4000","Y",,,,,
"361","ZTBLAIS_PROD","ERR$_T_AU_RESPONSIBILITY_ASSIGNED_FINAL","21","LASTUPDATEDDATE","VARCHAR2","4000","Y",,,,,
"362","ZTBLAIS_PROD","ERR$_T_AU_RESPONSIBILITY_ASSIGNED_FINAL","22","MIGRATED_FROM","VARCHAR2","4000","Y",,,,,
"363","ZTBLAIS_PROD","ERR$_T_AU_RESPONSIBILITY_ASSIGNED_FINAL","23","MIGRATED_ON","VARCHAR2","4000","Y",,,,,
"364","ZTBLAIS_PROD","M_COM","1","M_COM_ID","NUMBER","22","N","SYS_C001147683","CHECK",,,
"365","ZTBLAIS_PROD","M_COM","1","M_COM_ID","NUMBER","22","N","SYS_C001147689","PRIMARY KEY",,,
"366","ZTBLAIS_PROD","M_COM","2","COM_ID","NUMBER","22","N","SYS_C001147684","CHECK",,,
"367","ZTBLAIS_PROD","M_COM","2","COM_ID","NUMBER","22","N","SYS_C001147690","UNIQUE",,,
"368","ZTBLAIS_PROD","M_COM","3","ENT_ID","NUMBER","22","N","SYS_C001147685","CHECK",,,
"369","ZTBLAIS_PROD","M_COM","4","AUDIT_ID","NUMBER","22","N","SYS_C001147686","CHECK",,,
"370","ZTBLAIS_PROD","M_COM","5","STATUS","NUMBER","22","N","SYS_C001147687","CHECK",,,
"371","ZTBLAIS_PROD","M_COM","6","CREATED_ON","DATE","7","N","SYS_C001147688","CHECK",,,
"372","ZTBLAIS_PROD","M_COM","7","CREATED_BY","NUMBER","22","Y",,,,,
"373","ZTBLAIS_PROD","M_ENG","1","M_ENG_ID","NUMBER","22","N","SYS_C001147650","CHECK","TRG_M_ENG_BI","INSERT","ENABLED"
"374","ZTBLAIS_PROD","M_ENG","1","M_ENG_ID","NUMBER","22","N","SYS_C001147654","PRIMARY KEY","TRG_M_ENG_BI","INSERT","ENABLED"
"375","ZTBLAIS_PROD","M_ENG","2","ENG_ID","NUMBER","22","N","SYS_C001147651","CHECK","TRG_M_ENG_BI","INSERT","ENABLED"
"376","ZTBLAIS_PROD","M_ENG","2","ENG_ID","NUMBER","22","N","SYS_C001147655","UNIQUE","TRG_M_ENG_BI","INSERT","ENABLED"
"377","ZTBLAIS_PROD","M_ENG","3","STATUS","NUMBER","22","N","SYS_C001147652","CHECK","TRG_M_ENG_BI","INSERT","ENABLED"
"378","ZTBLAIS_PROD","M_ENG","4","CREATED_ON","DATE","7","N","SYS_C001147653","CHECK","TRG_M_ENG_BI","INSERT","ENABLED"
"379","ZTBLAIS_PROD","M_ENG","5","CREATED_BY","NUMBER","22","Y","","","TRG_M_ENG_BI","INSERT","ENABLED"
"380","ZTBLAIS_PROD","NOTIFICATIONEVENTS","1","EVENTID","NUMBER","22","N","SYS_C001092966","CHECK",,,
"381","ZTBLAIS_PROD","NOTIFICATIONEVENTS","1","EVENTID","NUMBER","22","N","SYS_C001093272","PRIMARY KEY",,,
"382","ZTBLAIS_PROD","NOTIFICATIONEVENTS","2","EVENTKEY","VARCHAR2","100","N","SYS_C001092967","CHECK",,,
"383","ZTBLAIS_PROD","NOTIFICATIONEVENTS","2","EVENTKEY","VARCHAR2","100","N","UQ_NOTIFICATIONEVENTS_EVENTKEY","UNIQUE",,,
"384","ZTBLAIS_PROD","NOTIFICATIONEVENTS","3","DISPLAYNAME","VARCHAR2","200","N","SYS_C001092968","CHECK",,,
"385","ZTBLAIS_PROD","NOTIFICATIONEVENTS","4","ISENABLED","NUMBER","22","N","SYS_C001092969","CHECK",,,
"386","ZTBLAIS_PROD","NOTIFICATIONEVENTS","5","DESCRIPTION","VARCHAR2","500","Y",,,,,
"387","ZTBLAIS_PROD","NOTIFICATIONRULES","1","RULEID","NUMBER","22","N","SYS_C001092714","CHECK",,,
"388","ZTBLAIS_PROD","NOTIFICATIONRULES","1","RULEID","NUMBER","22","N","SYS_C001093280","PRIMARY KEY",,,
"389","ZTBLAIS_PROD","NOTIFICATIONRULES","2","EVENTID","NUMBER","22","N","FK_NOTIFICATIONRULES_EVENTS","FOREIGN KEY",,,
"390","ZTBLAIS_PROD","NOTIFICATIONRULES","2","EVENTID","NUMBER","22","N","SYS_C001092715","CHECK",,,
"391","ZTBLAIS_PROD","NOTIFICATIONRULES","3","SENDTOROLESCSV","VARCHAR2","500","Y",,,,,
"392","ZTBLAIS_PROD","NOTIFICATIONRULES","4","CCTOROLESCSV","VARCHAR2","500","Y",,,,,
"393","ZTBLAIS_PROD","NOTIFICATIONRULES","5","BCCTOROLESCSV","VARCHAR2","500","Y",,,,,
"394","ZTBLAIS_PROD","NOTIFICATIONRULES","6","SENDTOUSERSCSV","VARCHAR2","1000","Y",,,,,
"395","ZTBLAIS_PROD","NOTIFICATIONRULES","7","CCTOUSERSCSV","VARCHAR2","1000","Y",,,,,
"396","ZTBLAIS_PROD","NOTIFICATIONRULES","8","BCCTOUSERSCSV","VARCHAR2","1000","Y",,,,,
"397","ZTBLAIS_PROD","NOTIFICATIONRULES","9","ISACTIVE","NUMBER","22","N","SYS_C001092716","CHECK",,,
"398","ZTBLAIS_PROD","SEQ_DRIFT_REPORT","1","GENERATED_ON","DATE","7","Y",,,,,
"399","ZTBLAIS_PROD","SEQ_DRIFT_REPORT","2","SEQUENCE_NAME","VARCHAR2","500","Y",,,,,
"400","ZTBLAIS_PROD","SEQ_DRIFT_REPORT","3","TABLE_NAME","VARCHAR2","500","Y",,,,,
"401","ZTBLAIS_PROD","SEQ_DRIFT_REPORT","4","COL_NAME","VARCHAR2","500","Y",,,,,
"402","ZTBLAIS_PROD","SEQ_DRIFT_REPORT","5","SEQ_NEXT","NUMBER","22","Y",,,,,
"403","ZTBLAIS_PROD","SEQ_DRIFT_REPORT","6","TARGET_NEXT","NUMBER","22","Y",,,,,
"404","ZTBLAIS_PROD","SEQ_DRIFT_REPORT","7","DELTA","NUMBER","22","Y",,,,,
"405","ZTBLAIS_PROD","SEQ_DRIFT_REPORT","8","NOTE","VARCHAR2","400","Y",,,,,
"406","ZTBLAIS_PROD","TBL_PARA_REFERENCE_LINKS","1","LINK_ID","NUMBER","22","N","SYS_C001092711","CHECK",,,
"407","ZTBLAIS_PROD","TBL_PARA_REFERENCE_LINKS","1","LINK_ID","NUMBER","22","N","SYS_C001093259","PRIMARY KEY",,,
"408","ZTBLAIS_PROD","TBL_PARA_REFERENCE_LINKS","2","ENTITY_ID","NUMBER","22","Y",,,,,
"409","ZTBLAIS_PROD","TBL_PARA_REFERENCE_LINKS","3","OLD_PARA_ID","NUMBER","22","Y",,,,,
"410","ZTBLAIS_PROD","TBL_PARA_REFERENCE_LINKS","4","NEW_PARA_ID","NUMBER","22","Y",,,,,
"411","ZTBLAIS_PROD","TBL_PARA_REFERENCE_LINKS","5","PARA_ID","NUMBER","22","Y",,,,,
"412","ZTBLAIS_PROD","TBL_PARA_REFERENCE_LINKS","6","REFERENCE_ID","NUMBER","22","Y","FK_REF_ID","FOREIGN KEY",,,
"413","ZTBLAIS_PROD","TBL_PARA_REFERENCE_LINKS","7","REFERENCE_TITLE","VARCHAR2","500","Y",,,,,
"414","ZTBLAIS_PROD","TBL_PARA_REFERENCE_LINKS","8","CREDIT_MANUAL_ID","NUMBER","22","Y",,,,,
"415","ZTBLAIS_PROD","TBL_PARA_REFERENCE_LINKS","9","OP_MANUAL_ID","NUMBER","22","Y",,,,,
"416","ZTBLAIS_PROD","TBL_PARA_REFERENCE_LINKS","10","MANUAL_TYPE","VARCHAR2","100","Y",,,,,
"417","ZTBLAIS_PROD","TBL_PARA_REFERENCE_LINKS","11","CHAPTER","VARCHAR2","100","Y",,,,,
"418","ZTBLAIS_PROD","TBL_PARA_REFERENCE_LINKS","12","MATCHED_TEXT","VARCHAR2","500","Y",,,,,
"419","ZTBLAIS_PROD","TBL_PARA_REFERENCE_LINKS","13","LINK_TYPE","VARCHAR2","50","Y",,,,,
"420","ZTBLAIS_PROD","TBL_PARA_REFERENCE_LINKS","14","CREATED_ON","DATE","7","Y",,,,,
"421","ZTBLAIS_PROD","TBL_PARA_REFERENCE_LINKS","15","NO_REFERENCE_FLAG","CHAR","1","Y",,,,,
"422","ZTBLAIS_PROD","TBL_PARA_REFERENCE_LINKS","16","ISSUANCE_DATE","DATE","7","Y",,,,,
"423","ZTBLAIS_PROD","TBL_PARA_REFERENCE_UPDATE_LOG","1","LOG_ID","NUMBER","22","N","SYS_C001092713","CHECK",,,
"424","ZTBLAIS_PROD","TBL_PARA_REFERENCE_UPDATE_LOG","1","LOG_ID","NUMBER","22","N","SYS_C001093296","PRIMARY KEY",,,
"425","ZTBLAIS_PROD","TBL_PARA_REFERENCE_UPDATE_LOG","2","COM_ID","NUMBER","22","Y",,,,,
"426","ZTBLAIS_PROD","TBL_PARA_REFERENCE_UPDATE_LOG","3","PPNO","NUMBER","22","Y",,,,,
"427","ZTBLAIS_PROD","TBL_PARA_REFERENCE_UPDATE_LOG","4","ACTION","VARCHAR2","50","Y",,,,,
"428","ZTBLAIS_PROD","TBL_PARA_REFERENCE_UPDATE_LOG","5","ACTION_DATE","DATE","7","Y",,,,,
"429","ZTBLAIS_PROD","TBL_PUBLIC_HOLIDAYS","1","ID","NUMBER","22","N","SYS_C001093235","CHECK",,,
"430","ZTBLAIS_PROD","TBL_PUBLIC_HOLIDAYS","1","ID","NUMBER","22","N","SYS_C001093305","PRIMARY KEY",,,
"431","ZTBLAIS_PROD","TBL_PUBLIC_HOLIDAYS","2","HOLIDAY_DATE","DATE","7","N","SYS_C001093236","CHECK",,,
"432","ZTBLAIS_PROD","TBL_PUBLIC_HOLIDAYS","3","HOLIDAY_YEAR","NUMBER","22","N","SYS_C001093237","CHECK",,,
"433","ZTBLAIS_PROD","TBL_PUBLIC_HOLIDAYS","4","IS_WEEKEND","CHAR","1","Y","SYS_C001093249","CHECK",,,
"434","ZTBLAIS_PROD","TBL_PUBLIC_HOLIDAYS","5","IS_HOLIDAY","CHAR","1","Y","SYS_C001093250","CHECK",,,
"435","ZTBLAIS_PROD","TBL_PUBLIC_HOLIDAYS","6","HOLIDAY_NAME","VARCHAR2","100","Y",,,,,
"436","ZTBLAIS_PROD","TBL_T_HR_EMPLOYEEINFORMATION","1","PPNO","NUMBER","22","N","SYS_C001093088","CHECK",,,
"437","ZTBLAIS_PROD","TBL_T_HR_EMPLOYEEINFORMATION","2","EMPLOYEEFIRSTNAME","VARCHAR2","50","N","SYS_C001093089","CHECK",,,
"438","ZTBLAIS_PROD","TBL_T_HR_EMPLOYEEINFORMATION","3","EMPLOYEELASTNAME","VARCHAR2","50","Y",,,,,
"439","ZTBLAIS_PROD","TBL_T_HR_EMPLOYEEINFORMATION","4","FATHERNAME","VARCHAR2","50","Y",,,,,
"440","ZTBLAIS_PROD","TBL_T_HR_EMPLOYEEINFORMATION","5","JOININGDATE","DATE","7","Y",,,,,
"441","ZTBLAIS_PROD","TBL_T_HR_EMPLOYEEINFORMATION","6","PRESENTADDRESS","VARCHAR2","200","Y",,,,,
"442","ZTBLAIS_PROD","TBL_T_HR_EMPLOYEEINFORMATION","7","PERMANENTADDRESS","VARCHAR2","200","Y",,,,,
"443","ZTBLAIS_PROD","TBL_T_HR_EMPLOYEEINFORMATION","8","NICNONEW","VARCHAR2","50","Y",,,,,
"444","ZTBLAIS_PROD","TBL_T_HR_EMPLOYEEINFORMATION","9","PLACEOFISSUANCENICNEW","VARCHAR2","50","Y",,,,,
"445","ZTBLAIS_PROD","TBL_T_HR_EMPLOYEEINFORMATION","10","DATEOFISSUANCENICNEW","VARCHAR2","50","Y",,,,,
"446","ZTBLAIS_PROD","TBL_T_HR_EMPLOYEEINFORMATION","11","NICNOOLD","VARCHAR2","50","Y",,,,,
"447","ZTBLAIS_PROD","TBL_T_HR_EMPLOYEEINFORMATION","12","PLACEOFISSUANCENICOLD","VARCHAR2","50","Y",,,,,
"448","ZTBLAIS_PROD","TBL_T_HR_EMPLOYEEINFORMATION","13","DATEOFISSUANCENICOLD","VARCHAR2","50","Y",,,,,
"449","ZTBLAIS_PROD","TBL_T_HR_EMPLOYEEINFORMATION","14","PHONENORESIDENCE","VARCHAR2","50","Y",,,,,
"450","ZTBLAIS_PROD","TBL_T_HR_EMPLOYEEINFORMATION","15","PHONENOOFFICE","VARCHAR2","50","Y",,,,,
"451","ZTBLAIS_PROD","TBL_T_HR_EMPLOYEEINFORMATION","16","ZTBLACCOUNTNO","VARCHAR2","20","Y",,,,,
"452","ZTBLAIS_PROD","TBL_T_HR_EMPLOYEEINFORMATION","17","SALARYNOTIFICATIONNO","VARCHAR2","25","Y",,,,,
"453","ZTBLAIS_PROD","TBL_T_HR_EMPLOYEEINFORMATION","18","SALARYNOTIFICATIONDATE","DATE","7","Y",,,,,
"454","ZTBLAIS_PROD","TBL_T_HR_EMPLOYEEINFORMATION","19","LETTERNO","CHAR","25","Y",,,,,
"455","ZTBLAIS_PROD","TBL_T_HR_EMPLOYEEINFORMATION","20","LETTERDATE","DATE","7","Y",,,,,
"456","ZTBLAIS_PROD","TBL_T_HR_EMPLOYEEINFORMATION","21","WITHEFFECTFROM","DATE","7","Y",,,,,
"457","ZTBLAIS_PROD","TBL_T_HR_EMPLOYEEINFORMATION","22","MOBILENO","VARCHAR2","20","Y",,,,,
"458","ZTBLAIS_PROD","TBL_T_HR_EMPLOYEEINFORMATION","23","DATEOFAPPOINTMENT","DATE","7","Y",,,,,
"459","ZTBLAIS_PROD","TBL_T_HR_EMPLOYEEINFORMATION","24","DATEOFCONFIRMATION","DATE","7","Y",,,,,
"460","ZTBLAIS_PROD","TBL_T_HR_EMPLOYEEINFORMATION","25","DATEOFBIRTH","DATE","7","Y",,,,,
"461","ZTBLAIS_PROD","TBL_T_HR_EMPLOYEEINFORMATION","26","PLACEOFBIRTH","CHAR","10","Y",,,,,
"462","ZTBLAIS_PROD","TBL_T_HR_EMPLOYEEINFORMATION","27","EMAIL","VARCHAR2","50","Y",,,,,
"463","ZTBLAIS_PROD","TBL_T_HR_EMPLOYEEINFORMATION","28","EXTRACURRICULARACTIVITIES","VARCHAR2","50","Y",,,,,
"464","ZTBLAIS_PROD","TBL_T_HR_EMPLOYEEINFORMATION","29","REMARKS","VARCHAR2","200","Y",,,,,
"465","ZTBLAIS_PROD","TBL_T_HR_EMPLOYEEINFORMATION","30","SENIORITYSEQUENCE","NUMBER","22","Y",,,,,
"466","ZTBLAIS_PROD","TBL_T_HR_EMPLOYEEINFORMATION","31","ISAGRICULTURIST","CHAR","1","Y",,,,,
"467","ZTBLAIS_PROD","TBL_T_HR_EMPLOYEEINFORMATION","32","ISJOINEDASMCO","CHAR","1","Y",,,,,
"468","ZTBLAIS_PROD","TBL_T_HR_EMPLOYEEINFORMATION","33","ISHAVINGDISABILITY","CHAR","1","Y",,,,,
"469","ZTBLAIS_PROD","TBL_T_HR_EMPLOYEEINFORMATION","34","ISEXSERVICEMAN","CHAR","1","Y",,,,,
"470","ZTBLAIS_PROD","TBL_T_HR_EMPLOYEEINFORMATION","35","BACKGROUNDTYPE","CHAR","1","Y",,,,,
"471","ZTBLAIS_PROD","TBL_T_HR_EMPLOYEEINFORMATION","36","MARITALSTATUSTYPE","CHAR","1","Y",,,,,
"472","ZTBLAIS_PROD","TBL_T_HR_EMPLOYEEINFORMATION","37","EMPLOYEETYPE","CHAR","1","Y",,,,,
"473","ZTBLAIS_PROD","TBL_T_HR_EMPLOYEEINFORMATION","38","PAYPACKAGETYPE","CHAR","1","Y",,,,,
"474","ZTBLAIS_PROD","TBL_T_HR_EMPLOYEEINFORMATION","39","GENDERTYPE","CHAR","1","Y",,,,,
"475","ZTBLAIS_PROD","TBL_T_HR_EMPLOYEEINFORMATION","40","EMPLOYMENTSTATUSTYPE","CHAR","1","Y",,,,,
"476","ZTBLAIS_PROD","TBL_T_HR_EMPLOYEEINFORMATION","41","STATUSTYPE","CHAR","1","Y",,,,,
"477","ZTBLAIS_PROD","TBL_T_HR_EMPLOYEEINFORMATION","42","POSTAPPLIEDFORCODE","NUMBER","22","Y",,,,,
"478","ZTBLAIS_PROD","TBL_T_HR_EMPLOYEEINFORMATION","43","CURRENTRANKCODE","NUMBER","22","Y",,,,,
"479","ZTBLAIS_PROD","TBL_T_HR_EMPLOYEEINFORMATION","44","CURRENTDESIGNATIONCODE","NUMBER","22","Y",,,,,
"480","ZTBLAIS_PROD","TBL_T_HR_EMPLOYEEINFORMATION","45","JOININGRANKCODE","NUMBER","22","Y",,,,,
"481","ZTBLAIS_PROD","TBL_T_HR_EMPLOYEEINFORMATION","46","JOININGDESIGNATIONCODE","NUMBER","22","Y",,,,,
"482","ZTBLAIS_PROD","TBL_T_HR_EMPLOYEEINFORMATION","47","TEHSILEOFBIRTHCODE","NUMBER","22","Y",,,,,
"483","ZTBLAIS_PROD","TBL_T_HR_EMPLOYEEINFORMATION","48","PROVINCEOFDOMICILECODE","NUMBER","22","Y",,,,,
"484","ZTBLAIS_PROD","TBL_T_HR_EMPLOYEEINFORMATION","49","DIVISIONOFDOMICILECODE","NUMBER","22","Y",,,,,
"485","ZTBLAIS_PROD","TBL_T_HR_EMPLOYEEINFORMATION","50","DISTRICTOFDOMICILECODE","NUMBER","22","Y",,,,,
"486","ZTBLAIS_PROD","TBL_T_HR_EMPLOYEEINFORMATION","51","TEHSILEOFDOMICILECODE","NUMBER","22","Y",,,,,
"487","ZTBLAIS_PROD","TBL_T_HR_EMPLOYEEINFORMATION","52","PROVINCEOFBIRTHCODE","NUMBER","22","Y",,,,,
"488","ZTBLAIS_PROD","TBL_T_HR_EMPLOYEEINFORMATION","53","RELIGIONCODE","NUMBER","22","Y",,,,,
"489","ZTBLAIS_PROD","TBL_T_HR_EMPLOYEEINFORMATION","54","DISTRICTOFBIRTHCODE","NUMBER","22","Y",,,,,
"490","ZTBLAIS_PROD","TBL_T_HR_EMPLOYEEINFORMATION","55","CURRENTZONECODE","NUMBER","22","Y",,,,,
"491","ZTBLAIS_PROD","TBL_T_HR_EMPLOYEEINFORMATION","56","CURRENTDEPARTMENTCODE","NUMBER","22","Y",,,,,
"492","ZTBLAIS_PROD","TBL_T_HR_EMPLOYEEINFORMATION","57","CURRENTUNITCODE","NUMBER","22","Y",,,,,
"493","ZTBLAIS_PROD","TBL_T_HR_EMPLOYEEINFORMATION","58","CURRENTBRANCHCODE","NUMBER","22","Y",,,,,
"494","ZTBLAIS_PROD","TBL_T_HR_EMPLOYEEINFORMATION","59","CURRENTCADRECODE","NUMBER","22","Y",,,,,
"495","ZTBLAIS_PROD","TBL_T_HR_EMPLOYEEINFORMATION","60","DISTRICTCODE","NUMBER","22","Y",,,,,
"496","ZTBLAIS_PROD","TBL_T_HR_EMPLOYEEINFORMATION","61","TEHSILCODE","NUMBER","22","Y",,,,,
"497","ZTBLAIS_PROD","TBL_T_HR_EMPLOYEEINFORMATION","62","RANKCODE","NUMBER","22","Y",,,,,
"498","ZTBLAIS_PROD","TBL_T_HR_EMPLOYEEINFORMATION","63","DESIGNATIONCODE","NUMBER","22","Y",,,,,
"499","ZTBLAIS_PROD","TBL_T_HR_EMPLOYEEINFORMATION","64","DIVISIONOFBIRTHCODE","NUMBER","22","Y",,,,,
"500","ZTBLAIS_PROD","TBL_T_HR_EMPLOYEEINFORMATION","65","SCALECODE","NUMBER","22","Y",,,,,
"501","ZTBLAIS_PROD","TBL_T_HR_EMPLOYEEINFORMATION","66","CURRENTPAYSCALECODE","NUMBER","22","Y",,,,,
"502","ZTBLAIS_PROD","TBL_T_HR_EMPLOYEEINFORMATION","67","JOININGPAYSCALECODE","NUMBER","22","Y",,,,,
"503","ZTBLAIS_PROD","TBL_T_HR_EMPLOYEEINFORMATION","68","CURRENTDIVISIONCODE","NUMBER","22","Y",,,,,
"504","ZTBLAIS_PROD","TBL_T_HR_EMPLOYEEINFORMATION","69","ISSPORTSMAN","VARCHAR2","1","Y",,,,,
"505","ZTBLAIS_PROD","TBL_T_HR_EMPLOYEEINFORMATION","70","GAMECODE","NUMBER","22","Y",,,,,
"506","ZTBLAIS_PROD","TBL_T_HR_EMPLOYEEINFORMATION","71","LEVELOFPLAYINGCODE","NUMBER","22","Y",,,,,
"507","ZTBLAIS_PROD","TBL_T_HR_EMPLOYEEINFORMATION","72","RELIEVINGLETTERNO","VARCHAR2","100","Y",,,,,
"508","ZTBLAIS_PROD","TBL_T_HR_EMPLOYEEINFORMATION","73","RELIEVINGLETTERDATE","DATE","7","Y",,,,,
"509","ZTBLAIS_PROD","TBL_T_HR_EMPLOYEEINFORMATION","74","RELIEVINGCIRCULARDATE","DATE","7","Y",,,,,
"510","ZTBLAIS_PROD","TBL_T_HR_EMPLOYEEINFORMATION","75","RELIEVINGREASON","VARCHAR2","200","Y",,,,,
"511","ZTBLAIS_PROD","TBL_T_HR_EMPLOYEEINFORMATION","76","RELIEVINGWITHEFFECTFROM","DATE","7","Y",,,,,
"512","ZTBLAIS_PROD","TBL_T_HR_EMPLOYEEINFORMATION","77","NTN","VARCHAR2","20","Y",,,,,
"513","ZTBLAIS_PROD","TBL_T_HR_EMPLOYEEINFORMATION","78","ISSRS2005OPTEE","CHAR","1","Y",,,,,
"514","ZTBLAIS_PROD","TBL_T_HR_EMPLOYEEINFORMATION","79","DATEOFOPTION","DATE","7","Y",,,,,
"515","ZTBLAIS_PROD","TBL_T_HR_EMPLOYEEINFORMATION","80","LASTPROMOTIONDATE","DATE","7","Y",,,,,
"516","ZTBLAIS_PROD","TBL_T_HR_EMPLOYEEINFORMATION","81","EMERGENCYPERSONNAME","VARCHAR2","50","Y",,,,,
"517","ZTBLAIS_PROD","TBL_T_HR_EMPLOYEEINFORMATION","82","EMERGENCYPHONENO","VARCHAR2","10","Y",,,,,
"518","ZTBLAIS_PROD","TBL_T_HR_EMPLOYEEINFORMATION","83","EMERGENCYMOBILENO","VARCHAR2","10","Y",,,,,
"519","ZTBLAIS_PROD","TBL_T_HR_EMPLOYEEINFORMATION","84","EMERGENCYRELATIONSHIPCODE","NUMBER","22","Y",,,,,
"520","ZTBLAIS_PROD","TBL_T_HR_EMPLOYEEINFORMATION","85","EMERGENCYADDRESS","VARCHAR2","500","Y",,,,,
"521","ZTBLAIS_PROD","TBL_T_HR_EMPLOYEEINFORMATION","86","PICTURE","BLOB","4000","Y",,,,,
"522","ZTBLAIS_PROD","TBL_T_HR_EMPLOYEEINFORMATION","87","EMPLOYEEPICTURE","NUMBER","22","Y",,,,,
"523","ZTBLAIS_PROD","TBL_T_HR_EMPLOYEEINFORMATION","88","JOBSTATUS","VARCHAR2","1","Y",,,,,
"524","ZTBLAIS_PROD","TBL_T_HR_EMPLOYEEINFORMATION","89","CONFIRMATIONLETTERNO","VARCHAR2","200","Y",,,,,
"525","ZTBLAIS_PROD","TBL_T_HR_EMPLOYEEINFORMATION","90","CONFIRMATIONLETTERDATE","DATE","7","Y",,,,,
"526","ZTBLAIS_PROD","TBL_T_HR_EMPLOYEEINFORMATION","91","CONFIRMATIONCIRCULARDATE","DATE","7","Y",,,,,
"527","ZTBLAIS_PROD","TBL_T_HR_EMPLOYEEINFORMATION","92","RETIREMNETLETTERNO","VARCHAR2","200","Y",,,,,
"528","ZTBLAIS_PROD","TBL_T_HR_EMPLOYEEINFORMATION","93","RETIREMENTLETTERDATE","DATE","7","Y",,,,,
"529","ZTBLAIS_PROD","TBL_T_HR_EMPLOYEEINFORMATION","94","RETIREMENTCIRCULARDATE","DATE","7","Y",,,,,
"530","ZTBLAIS_PROD","TBL_T_HR_EMPLOYEEINFORMATION","95","RETIREMENTDATE","DATE","7","Y",,,,,
"531","ZTBLAIS_PROD","TBL_T_HR_EMPLOYEEINFORMATION","96","SANCTIONAMOUNT","NUMBER","22","Y",,,,,
"532","ZTBLAIS_PROD","TBL_T_HR_EMPLOYEEINFORMATION","97","ANYINCREASESAFTERRETIREMENT","VARCHAR2","500","Y",,,,,
"533","ZTBLAIS_PROD","TBL_T_HR_EMPLOYEEINFORMATION","98","LPRDATE","DATE","7","Y",,,,,
"534","ZTBLAIS_PROD","TBL_T_HR_EMPLOYEEINFORMATION","99","EMPLOYEECATEGORY","VARCHAR2","1","Y",,,,,
"535","ZTBLAIS_PROD","TBL_T_HR_EMPLOYEEINFORMATION","100","LASTPOSTINGDATE","DATE","7","Y",,,,,
"536","ZTBLAIS_PROD","TBL_T_HR_EMPLOYEEINFORMATION","101","EMPTYPE","VARCHAR2","1","Y",,,,,
"537","ZTBLAIS_PROD","TBL_T_HR_EMPLOYEEINFORMATION","102","ACC_BANK_CODE","NUMBER","22","Y",,,,,
"538","ZTBLAIS_PROD","TBL_T_HR_EMPLOYEEINFORMATION","103","ZTBLACCOUNTNO_OLD","NUMBER","22","Y",,,,,
"539","ZTBLAIS_PROD","TBL_T_HR_EMPLOYEEINFORMATION","104","IS_REGISTERED_DISABLE","CHAR","1","Y",,,,,
"540","ZTBLAIS_PROD","TBL_T_HR_EMPLOYEEINFORMATION","105","DOMICILEPROVINCECODE","NUMBER","22","Y",,,,,
"541","ZTBLAIS_PROD","TBL_T_HR_EMPLOYEEINFORMATION","106","DOMICILEDISTRICTCODE","NUMBER","22","Y",,,,,
"542","ZTBLAIS_PROD","TBL_T_HR_EMPLOYEEINFORMATION","107","ISWITHOUTPAY","CHAR","1","Y",,,,,
"543","ZTBLAIS_PROD","TEMPLATEPLACEHOLDERS","1","PLACEHOLDERID","NUMBER","22","N","SYS_C001093222","CHECK",,,
"544","ZTBLAIS_PROD","TEMPLATEPLACEHOLDERS","1","PLACEHOLDERID","NUMBER","22","N","SYS_C001093275","PRIMARY KEY",,,
"545","ZTBLAIS_PROD","TEMPLATEPLACEHOLDERS","2","EVENTID","NUMBER","22","N","FK_TEMPLATEPLACEHOLDERS_EVENTS","FOREIGN KEY",,,
"546","ZTBLAIS_PROD","TEMPLATEPLACEHOLDERS","2","EVENTID","NUMBER","22","N","SYS_C001093223","CHECK",,,
"547","ZTBLAIS_PROD","TEMPLATEPLACEHOLDERS","3","TOKEN","VARCHAR2","100","N","SYS_C001093224","CHECK",,,
"548","ZTBLAIS_PROD","TEMPLATEPLACEHOLDERS","4","RESOLVERKEY","VARCHAR2","100","N","SYS_C001093225","CHECK",,,
"549","ZTBLAIS_PROD","TEMPLATEPLACEHOLDERS","5","SAMPLEVALUE","CLOB","4000","Y",,,,,
"550","ZTBLAIS_PROD","TEMP_ACCOUNTS","1","ACCOUNT_ID","VARCHAR2","40","N","SYS_C001117630","CHECK",,,
"551","ZTBLAIS_PROD","TEMP_ACCOUNTS","2","ACCOUNT_NO","NUMBER","22","Y",,,,,
"552","ZTBLAIS_PROD","TEMP_ACCOUNTS","3","TITLE","VARCHAR2","100","Y",,,,,
"553","ZTBLAIS_PROD","TEMP_ACCOUNTS","4","CUSTOMERNAME","VARCHAR2","200","Y",,,,,
"554","ZTBLAIS_PROD","TEMP_ACCOUNTS","5","DOB","DATE","7","Y",,,,,
"555","ZTBLAIS_PROD","TEMP_ACCOUNTS","6","PHONE_CELL","VARCHAR2","25","Y",,,,,
"556","ZTBLAIS_PROD","TEMP_ACCOUNTS","7","CNIC","VARCHAR2","13","Y",,,,,
"557","ZTBLAIS_PROD","TEMP_ACCOUNTS","8","CNICEXPIRYDATE","DATE","7","Y",,,,,
"558","ZTBLAIS_PROD","TEMP_ACCOUNTS","9","OPENINGDATE","DATE","7","Y",,,,,
"559","ZTBLAIS_PROD","TEMP_ACCOUNTS","10","BMVS_VERIFIED","CHAR","1","Y",,,,,
"560","ZTBLAIS_PROD","TEMP_ACCOUNTS","11","BANK_EMPLOYEE","VARCHAR2","10","Y",,,,,
"561","ZTBLAIS_PROD","TEMP_ACCOUNTS","12","ACCOUNT_PURPOSE","VARCHAR2","200","Y",,,,,
"562","ZTBLAIS_PROD","TEMP_ACCOUNTS","13","ACCOUNT_TYPE","VARCHAR2","100","Y",,,,,
"563","ZTBLAIS_PROD","TEMP_ACCOUNTS","14","ACCOUNT_CATEGORY","VARCHAR2","100","Y",,,,,
"564","ZTBLAIS_PROD","TEMP_ACCOUNTS","15","ACCOUNT_STATUS","VARCHAR2","20","Y",,,,,
"565","ZTBLAIS_PROD","TEMP_ACCOUNTS","16","SOURCE_OF_FUND","VARCHAR2","200","Y",,,,,
"566","ZTBLAIS_PROD","TEMP_ACCOUNTS","17","NATURE_OF_TRANSACTION","VARCHAR2","200","Y",,,,,
"567","ZTBLAIS_PROD","TEMP_ACCOUNTS","18","DATE_OF_CLOSURE","DATE","7","Y",,,,,
"568","ZTBLAIS_PROD","TEMP_ACCOUNTS","19","ZAKAT_EXEMPTED","VARCHAR2","10","Y",,,,,
"569","ZTBLAIS_PROD","TEMP_ACCOUNTS","20","RISK","VARCHAR2","4","Y",,,,,
"570","ZTBLAIS_PROD","TEMP_ACCOUNTS","21","ACCOUNT_BALANCE","NUMBER","22","Y",,,,,
"571","ZTBLAIS_PROD","TEMP_ACCOUNTS","22","LAST_TRAN_DATE","DATE","7","Y",,,,,
"572","ZTBLAIS_PROD","TEMP_ACCOUNTS","23","ENG_ID","NUMBER","22","Y",,,,,
"573","ZTBLAIS_PROD","TEMP_ACCOUNTS","24","BRANCH_ID","NUMBER","22","Y",,,,,
"574","ZTBLAIS_PROD","TEMP_ACCOUNTS","25","BRANCH_CODE","VARCHAR2","20","Y",,,,,
"575","ZTBLAIS_PROD","TEMP_ACCOUNTS","26","BRANCH_NAME","VARCHAR2","200","Y",,,,,
"576","ZTBLAIS_PROD","TEMP_ACCOUNTS","27","AUDIT_STARTDATE","DATE","7","Y",,,,,
"577","ZTBLAIS_PROD","TEMP_ACCOUNTS","28","AUDIT_ENDDATE","DATE","7","Y",,,,,
"578","ZTBLAIS_PROD","TEMP_AIS_T_AU_POST_COMPLIANCE","1","COM_ID","NUMBER","22","Y",,,,,
"579","ZTBLAIS_PROD","TEMP_AIS_T_AU_POST_COMPLIANCE","2","OLD_PARA_ID","NUMBER","22","Y",,,,,
"580","ZTBLAIS_PROD","TEMP_AIS_T_AU_POST_COMPLIANCE","3","NEW_PARA_ID","NUMBER","22","Y",,,,,
"581","ZTBLAIS_PROD","TEMP_AIS_T_AU_POST_COMPLIANCE","4","AUDIT_PERIOD","VARCHAR2","500","Y",,,,,
"582","ZTBLAIS_PROD","TEMP_AIS_T_AU_POST_COMPLIANCE","5","ENTITY_ID","NUMBER","22","Y",,,,,
"583","ZTBLAIS_PROD","TEMP_AIS_T_AU_POST_COMPLIANCE","6","ENTITY_CODE","NUMBER","22","Y",,,,,
"584","ZTBLAIS_PROD","TEMP_AIS_T_AU_POST_COMPLIANCE","7","AUDITED_BY","NUMBER","22","Y",,,,,
"585","ZTBLAIS_PROD","TEMP_AIS_T_AU_POST_COMPLIANCE","8","ENTITY_TYPE_ID","NUMBER","22","Y",,,,,
"586","ZTBLAIS_PROD","TEMP_AIS_T_AU_POST_COMPLIANCE","9","COM_CYCLE","NUMBER","22","Y",,,,,
"587","ZTBLAIS_PROD","TEMP_AIS_T_AU_POST_COMPLIANCE","10","COM_STATUS","NUMBER","22","Y",,,,,
"588","ZTBLAIS_PROD","TEMP_AIS_T_AU_POST_COMPLIANCE","11","COM_STAGE","NUMBER","22","Y",,,,,
"589","ZTBLAIS_PROD","TEMP_AIS_T_AU_POST_COMPLIANCE","12","PARA_STATUS","NUMBER","22","Y",,,,,
"590","ZTBLAIS_PROD","TEMP_AIS_T_AU_POST_COMPLIANCE","13","PARA_NO","VARCHAR2","500","Y",,,,,
"591","ZTBLAIS_PROD","TEMP_AIS_T_AU_POST_COMPLIANCE","14","GIST_OF_PARAS","VARCHAR2","4000","Y",,,,,
"592","ZTBLAIS_PROD","TEMP_AIS_T_AU_POST_COMPLIANCE","15","SETTELED_ON","DATE","7","Y",,,,,
"593","ZTBLAIS_PROD","TEMP_AIS_T_AU_POST_COMPLIANCE","16","SETTELED_BY","NUMBER","22","Y",,,,,
"594","ZTBLAIS_PROD","TEMP_AIS_T_AU_POST_COMPLIANCE","17","IND","VARCHAR2","500","Y",,,,,
"595","ZTBLAIS_PROD","TEMP_AIS_T_AU_POST_COMPLIANCE_45","1","COM_ID","NUMBER","22","Y",,,,,
"596","ZTBLAIS_PROD","TEMP_AIS_T_AU_POST_COMPLIANCE_45","2","OLD_PARA_ID","NUMBER","22","Y",,,,,
"597","ZTBLAIS_PROD","TEMP_AIS_T_AU_POST_COMPLIANCE_45","3","NEW_PARA_ID","NUMBER","22","Y",,,,,
"598","ZTBLAIS_PROD","TEMP_AIS_T_AU_POST_COMPLIANCE_45","4","AUDIT_PERIOD","VARCHAR2","500","Y",,,,,
"599","ZTBLAIS_PROD","TEMP_AIS_T_AU_POST_COMPLIANCE_45","5","ENTITY_ID","NUMBER","22","Y",,,,,
"600","ZTBLAIS_PROD","TEMP_AIS_T_AU_POST_COMPLIANCE_45","6","ENTITY_CODE","NUMBER","22","Y",,,,,
"601","ZTBLAIS_PROD","TEMP_AIS_T_AU_POST_COMPLIANCE_45","7","AUDITED_BY","NUMBER","22","Y",,,,,
"602","ZTBLAIS_PROD","TEMP_AIS_T_AU_POST_COMPLIANCE_45","8","ENTITY_TYPE_ID","NUMBER","22","Y",,,,,
"603","ZTBLAIS_PROD","TEMP_AIS_T_AU_POST_COMPLIANCE_45","9","COM_CYCLE","NUMBER","22","Y",,,,,
"604","ZTBLAIS_PROD","TEMP_AIS_T_AU_POST_COMPLIANCE_45","10","COM_STATUS","NUMBER","22","Y",,,,,
"605","ZTBLAIS_PROD","TEMP_AIS_T_AU_POST_COMPLIANCE_45","11","COM_STAGE","NUMBER","22","Y",,,,,
"606","ZTBLAIS_PROD","TEMP_AIS_T_AU_POST_COMPLIANCE_45","12","PARA_STATUS","NUMBER","22","Y",,,,,
"607","ZTBLAIS_PROD","TEMP_AIS_T_AU_POST_COMPLIANCE_45","13","PARA_NO","VARCHAR2","500","Y",,,,,
"608","ZTBLAIS_PROD","TEMP_AIS_T_AU_POST_COMPLIANCE_45","14","GIST_OF_PARAS","VARCHAR2","4000","Y",,,,,
"609","ZTBLAIS_PROD","TEMP_AIS_T_AU_POST_COMPLIANCE_45","15","SETTELED_ON","DATE","7","Y",,,,,
"610","ZTBLAIS_PROD","TEMP_AIS_T_AU_POST_COMPLIANCE_45","16","SETTELED_BY","NUMBER","22","Y",,,,,
"611","ZTBLAIS_PROD","TEMP_AIS_T_AU_POST_COMPLIANCE_45","17","IND","VARCHAR2","500","Y",,,,,
"612","ZTBLAIS_PROD","TEMP_AIS_T_AU_POST_COMPLIANCE_45","18","PARA_ADDED_ON","DATE","7","Y",,,,,
"613","ZTBLAIS_PROD","TEMP_AIS_T_AU_POST_COMPLIANCE_45","19","CAU_STATUS","NUMBER","22","Y",,,,,
"614","ZTBLAIS_PROD","TEMP_AIS_T_AU_POST_COMPLIANCE_45","20","CAU_ASSIGNED_ENT_ID","NUMBER","22","Y",,,,,
"615","ZTBLAIS_PROD","TEMP_AIS_T_AU_POST_COMPLIANCE_45","21","BR_RESPONSE_BY","NUMBER","22","Y",,,,,
"616","ZTBLAIS_PROD","TEMP_AIS_T_AU_POST_COMPLIANCE_45","22","BR_RESPONSE_ON","DATE","7","Y",,,,,
"617","ZTBLAIS_PROD","TEMP_AIS_T_AU_POST_COMPLIANCE_45","23","CAU_ASSIGNED_BY","NUMBER","22","Y",,,,,
"618","ZTBLAIS_PROD","TEMP_AIS_T_AU_POST_COMPLIANCE_45","24","CAU_ASSIGNED_ON","DATE","7","Y",,,,,
"619","ZTBLAIS_PROD","TEMP_AIS_T_AU_POST_COMPLIANCE_45","25","SETTLEMENT_COM_REVIEWED_BY","NUMBER","22","Y",,,,,
"620","ZTBLAIS_PROD","TEMP_AIS_T_AU_POST_COMPLIANCE_45","26","SETTLEMENT_COM_REVIEWED_ON","DATE","7","Y",,,,,
"621","ZTBLAIS_PROD","TEMP_AIS_T_AU_POST_COMPLIANCE_45","27","RISK","NUMBER","22","Y",,,,,
"622","ZTBLAIS_PROD","TEMP_AIS_T_AU_POST_COMPLIANCE_HISTORY_18_12","1","HIST_ID","NUMBER","22","Y",,,,,
"623","ZTBLAIS_PROD","TEMP_AIS_T_AU_POST_COMPLIANCE_HISTORY_18_12","2","COM_ID","NUMBER","22","Y",,,,,
"624","ZTBLAIS_PROD","TEMP_AIS_T_AU_POST_COMPLIANCE_HISTORY_18_12","3","COM_CYCLE","NUMBER","22","Y",,,,,
"625","ZTBLAIS_PROD","TEMP_AIS_T_AU_POST_COMPLIANCE_HISTORY_18_12","4","COM_STATUS","NUMBER","22","Y",,,,,
"626","ZTBLAIS_PROD","TEMP_AIS_T_AU_POST_COMPLIANCE_HISTORY_18_12","5","COM_STAGE","NUMBER","22","Y",,,,,
"627","ZTBLAIS_PROD","TEMP_AIS_T_AU_POST_COMPLIANCE_HISTORY_18_12","6","COMMENT_BY_ROLE","VARCHAR2","500","Y",,,,,
"628","ZTBLAIS_PROD","TEMP_AIS_T_AU_POST_COMPLIANCE_HISTORY_18_12","7","COMMENT_BY_PPNO","NUMBER","22","Y",,,,,
"629","ZTBLAIS_PROD","TEMP_AIS_T_AU_POST_COMPLIANCE_HISTORY_18_12","8","COMMENT_ON","DATE","7","Y",,,,,
"630","ZTBLAIS_PROD","TEMP_AIS_T_AU_POST_COMPLIANCE_HISTORY_18_12","9","COMMENTS","VARCHAR2","1000","Y",,,,,
"631","ZTBLAIS_PROD","TEMP_AIS_T_AU_POST_COMPLIANCE_HISTORY_18_12","10","COM_FLOW","VARCHAR2","2","Y",,,,,
"632","ZTBLAIS_PROD","TEMP_ASAD_03_07_2024","1","EMPLOYEE_NO","NUMBER","22","N","SYS_C001092904","CHECK",,,
"633","ZTBLAIS_PROD","TEMP_ASAD_03_07_2024","2","CNIC","VARCHAR2","40","Y",,,,,
"634","ZTBLAIS_PROD","TEMP_ASAD_03_07_2024","3","NAME","VARCHAR2","100","N","SYS_C001092905","CHECK",,,
"635","ZTBLAIS_PROD","TEMP_ASAD_03_07_2024","4","RELATION","VARCHAR2","100","N","SYS_C001092906","CHECK",,,
"636","ZTBLAIS_PROD","TEMP_ASAD_15_05_2024","1","PPNO","NUMBER","22","Y",,,,,
"637","ZTBLAIS_PROD","TEMP_ASAD_15_05_2024","2","CNIC","VARCHAR2","50","Y",,,,,
"638","ZTBLAIS_PROD","TEMP_ASAD_15_05_2024","3","NAME","VARCHAR2","101","Y",,,,,
"639","ZTBLAIS_PROD","TEMP_ASAD_15_05_2024","4","RELATION","VARCHAR2","100","Y",,,,,
"640","ZTBLAIS_PROD","TEMP_ASAD_20_9_24","1","ENTITY_ID","NUMBER","22","Y",,,,,
"641","ZTBLAIS_PROD","TEMP_ASAD_20_9_24","2","OLD_PARA_ID","NUMBER","22","Y",,,,,
"642","ZTBLAIS_PROD","TEMP_ASAD_20_9_24","3","NEW_PARAID","NUMBER","22","Y",,,,,
"643","ZTBLAIS_PROD","TEMP_ASAD_20_9_24","4","IND","VARCHAR2","500","Y",,,,,
"644","ZTBLAIS_PROD","TEMP_ASAD_20_9_24","5","RISK","NUMBER","22","Y",,,,,
"645","ZTBLAIS_PROD","TEMP_ASAD_PEN_TESTING_USER","1","USERID","NUMBER","22","N","SYS_C001115297","CHECK",,,
"646","ZTBLAIS_PROD","TEMP_ASAD_PEN_TESTING_USER","2","PASSWORD","VARCHAR2","50","N","SYS_C001115298","CHECK",,,
"647","ZTBLAIS_PROD","TEMP_ASAD_PEN_TESTING_USER","3","PPNO","NUMBER","22","N","SYS_C001115299","CHECK",,,
"648","ZTBLAIS_PROD","TEMP_ASAD_PEN_TESTING_USER","4","GROUP_ID","NUMBER","22","Y",,,,,
"649","ZTBLAIS_PROD","TEMP_ASAD_PEN_TESTING_USER","5","GROUP_NAME","VARCHAR2","300","Y",,,,,
"650","ZTBLAIS_PROD","TEMP_ASAD_PEN_TESTING_USER","6","RN","NUMBER","22","Y",,,,,
"651","ZTBLAIS_PROD","TEMP_ATAS_T_DISB_STATUS","1","ACCOUNTSTATUSID","NUMBER","22","N","SYS_C001092784","CHECK",,,
"652","ZTBLAIS_PROD","TEMP_ATAS_T_DISB_STATUS","2","DESCRIPTION","VARCHAR2","100","Y",,,,,
"653","ZTBLAIS_PROD","TEMP_ATAS_T_GLSUB","1","GLSUBCODE","VARCHAR2","25","Y",,,,,
"654","ZTBLAIS_PROD","TEMP_ATAS_T_GLSUB","2","GLSUBNAME","VARCHAR2","100","Y",,,,,
"655","ZTBLAIS_PROD","TEMP_ATAS_T_LOAN_TO_DEFAULT_NPL_TABLE","1","CNIC","VARCHAR2","13","Y",,,,,
"656","ZTBLAIS_PROD","TEMP_ATAS_T_LOAN_TO_DEFAULT_NPL_TABLE","2","CURRENT_STATUS","NUMBER","22","N","SYS_C001092740","CHECK",,,
"657","ZTBLAIS_PROD","TEMP_ATAS_T_LOAN_TO_DEFAULT_NPL_TABLE","3","PARENT_ID","NUMBER","22","Y",,,,,
"658","ZTBLAIS_PROD","TEMP_ATAS_T_LOAN_TO_DEFAULT_NPL_TABLE","4","PREVIOUS_STATUS","NUMBER","22","N","SYS_C001092741","CHECK",,,
"659","ZTBLAIS_PROD","TEMP_ATAS_T_LOAN_TO_DEFAULT_NPL_TABLE","5","PROVISION_AMOUNT","NUMBER","22","Y",,,,,
"660","ZTBLAIS_PROD","TEMP_ATAS_T_LOAN_TO_DEFAULT_NPL_TABLE","6","LOAN_APP_ID","NUMBER","22","N","SYS_C001092742","CHECK",,,
"661","ZTBLAIS_PROD","TEMP_ATAS_T_LOAN_TO_DEFAULT_NPL_TABLE","7","LOAN_DISB_ID","NUMBER","22","N","SYS_C001092743","CHECK",,,
"662","ZTBLAIS_PROD","TEMP_ATAS_T_LOAN_TO_DEFAULT_NPL_TABLE","8","DEFAULT_PRINCIPAL","NUMBER","22","Y",,,,,
"663","ZTBLAIS_PROD","TEMP_ATAS_T_LOAN_TO_DEFAULT_NPL_TABLE","9","DEFAULT_MARKUP","NUMBER","22","Y",,,,,
"664","ZTBLAIS_PROD","TEMP_ATAS_T_LOAN_TO_DEFAULT_NPL_TABLE","10","RECORD_TIMESTAMP","DATE","7","Y",,,,,
"665","ZTBLAIS_PROD","TEMP_ATAS_T_LOAN_TO_DEFAULT_NPL_TABLE","11","ENTRY_DATE","DATE","7","N","SYS_C001092744","CHECK",,,
"666","ZTBLAIS_PROD","TEMP_ATAS_T_LOAN_TO_DEFAULT_NPL_TABLE","12","OUTSTANDING_PRINCIPAL_TOTAL","NUMBER","22","Y",,,,,
"667","ZTBLAIS_PROD","TEMP_ATAS_T_LOAN_TO_DEFAULT_NPL_TABLE","13","OUTSTANDING_MARKUP_TOTAL","NUMBER","22","Y",,,,,
"668","ZTBLAIS_PROD","TEMP_ATAS_T_LOAN_TO_DEFAULT_NPL_TABLE","14","TRANSACTION_DATE","DATE","7","N","SYS_C001092745","CHECK",,,
"669","ZTBLAIS_PROD","TEMP_ATAS_T_LOAN_TO_DEFAULT_NPL_TABLE","15","PD_WRT_OFF","NUMBER","22","Y",,,,,
"670","ZTBLAIS_PROD","TEMP_ATAS_T_LOAN_TO_DEFAULT_NPL_TABLE","16","CD_WRT_OFF","NUMBER","22","Y",,,,,
"671","ZTBLAIS_PROD","TEMP_ATAS_T_LOAN_TO_DEFAULT_NPL_TABLE","17","ND_WRT_OFF","NUMBER","22","Y",,,,,
"672","ZTBLAIS_PROD","TEMP_AUDIT_EMP","1","PPNO","NUMBER","22","N","SYS_C001092758","CHECK",,,
"673","ZTBLAIS_PROD","TEMP_AUDIT_EMP","2","DEPARTMENTCODE","NUMBER","22","Y",,,,,
"674","ZTBLAIS_PROD","TEMP_AUDIT_EMP","3","DEPT_CODE","NUMBER","22","Y",,,,,
"675","ZTBLAIS_PROD","TEMP_AUDIT_EMP","4","OFFICIAL_CODE","NUMBER","22","Y",,,,,
"676","ZTBLAIS_PROD","TEMP_AUDIT_EMP","5","CODE","NUMBER","22","Y",,,,,
"677","ZTBLAIS_PROD","TEMP_AUDIT_EMP","6","DESCRIPTION","VARCHAR2","100","Y",,,,,
"678","ZTBLAIS_PROD","TEMP_AUDIT_EMP","7","EMPLOYEEFIRSTNAME","VARCHAR2","50","N","SYS_C001092759","CHECK",,,
"679","ZTBLAIS_PROD","TEMP_AUDIT_EMP","8","EMPLOYEELASTNAME","VARCHAR2","50","Y",,,,,
"680","ZTBLAIS_PROD","TEMP_AUDIT_EMP","9","DATEOFBIRTH","DATE","7","Y",,,,,
"681","ZTBLAIS_PROD","TEMP_AUDIT_EMP","10","CURRENTRANKCODE","NUMBER","22","Y",,,,,
"682","ZTBLAIS_PROD","TEMP_AUDIT_EMP","11","CURRENT_RANK","VARCHAR2","100","N","SYS_C001092760","CHECK",,,
"683","ZTBLAIS_PROD","TEMP_AUDIT_EMP","12","DESIGNATIONCODE","NUMBER","22","N","SYS_C001092761","CHECK",,,
"684","ZTBLAIS_PROD","TEMP_AUDIT_EMP","13","FUN_DESIGNATION","VARCHAR2","100","N","SYS_C001092762","CHECK",,,
"685","ZTBLAIS_PROD","TEMP_AUDIT_EMP","14","TYPE","CHAR","1","Y",,,,,
"686","ZTBLAIS_PROD","TEMP_AUDIT_EMP","15","RANKCODE","NUMBER","22","Y",,,,,
"687","ZTBLAIS_PROD","TEMP_AUDIT_EMP","16","ENTITY_ID","NUMBER","22","Y",,,,,
"688","ZTBLAIS_PROD","TEMP_BRANCHES","1","BRANCHID","NUMBER","22","Y",,,,,
"689","ZTBLAIS_PROD","TEMP_BRANCHES","2","BRANCHCODE","VARCHAR2","20","Y",,,,,
"690","ZTBLAIS_PROD","TEMP_BRANCHES","3","NAME","VARCHAR2","100","Y",,,,,
"691","ZTBLAIS_PROD","TEMP_BRANCHES","4","ENGID","NUMBER","22","Y",,,,,
"692","ZTBLAIS_PROD","TEMP_BRANCHES","5","AUDIT_STARTDATE","DATE","7","Y",,,,,
"693","ZTBLAIS_PROD","TEMP_BRANCHES","6","AUDIT_ENDDATE","DATE","7","Y",,,,,
"694","ZTBLAIS_PROD","TEMP_BRANCHES","7","STATUS","NUMBER","22","Y",,,,,
"695","ZTBLAIS_PROD","TEMP_CIA_EMPLOYEE_MEDICAL","1","EMPLOYEE_NO","NUMBER","22","N","SYS_C001092724","CHECK",,,
"696","ZTBLAIS_PROD","TEMP_CIA_EMPLOYEE_MEDICAL","2","CNIC","VARCHAR2","40","Y",,,,,
"697","ZTBLAIS_PROD","TEMP_CIA_EMPLOYEE_MEDICAL","3","DECLERATION_NAME","VARCHAR2","100","N","SYS_C001092725","CHECK",,,
"698","ZTBLAIS_PROD","TEMP_CIA_EMPLOYEE_MEDICAL","4","RELATION","VARCHAR2","100","N","SYS_C001092726","CHECK",,,
"699","ZTBLAIS_PROD","TEMP_CIA_FRAUD_DATA","1","PPNO","NUMBER","22","Y",,,,,
"700","ZTBLAIS_PROD","TEMP_CIA_FRAUD_DATA","2","DPD_ACTION","VARCHAR2","2000","Y",,,,,
"701","ZTBLAIS_PROD","TEMP_CIA_LOANS_PRESENTATION","1","P_NAME","VARCHAR2","1000","Y",,,,,
"702","ZTBLAIS_PROD","TEMP_CIA_LOANS_PRESENTATION","2","PARENT_ID","NUMBER","22","Y",,,,,
"703","ZTBLAIS_PROD","TEMP_CIA_LOANS_PRESENTATION","3","SANCTIONED_DATE","DATE","7","Y",,,,,
"704","ZTBLAIS_PROD","TEMP_CIA_LOANS_PRESENTATION","4","DISB_DATE","DATE","7","Y",,,,,
"705","ZTBLAIS_PROD","TEMP_CIA_LOANS_PRESENTATION","5","DISB_STATUS","VARCHAR2","100","Y",,,,,
"706","ZTBLAIS_PROD","TEMP_CIA_LOANS_PRESENTATION","6","PREVIOUS_DISB_STATUSID","NUMBER","22","Y",,,,,
"707","ZTBLAIS_PROD","TEMP_CIA_LOANS_PRESENTATION","7","NO_OF_LOANS","NUMBER","22","Y",,,,,
"708","ZTBLAIS_PROD","TEMP_CIA_LOANS_PRESENTATION","8","AMOUNT","NUMBER","22","Y",,,,,
"709","ZTBLAIS_PROD","TEMP_CIA_LOANS_PRESENTATION","9","IND","VARCHAR2","22","Y",,,,,
"710","ZTBLAIS_PROD","TEMP_CIA_LOANS_PRESENTATION_30_NOV","1","GM","VARCHAR2","1000","Y",,,,,
"711","ZTBLAIS_PROD","TEMP_CIA_LOANS_PRESENTATION_30_NOV","2","PARENT_ID","NUMBER","22","Y",,,,,
"712","ZTBLAIS_PROD","TEMP_CIA_LOANS_PRESENTATION_30_NOV","3","REGION","VARCHAR2","1000","Y",,,,,
"713","ZTBLAIS_PROD","TEMP_CIA_LOANS_PRESENTATION_30_NOV","4","BRANCH","VARCHAR2","1000","Y",,,,,
"714","ZTBLAIS_PROD","TEMP_CIA_LOANS_PRESENTATION_30_NOV","5","LOAN_CASE_NO","VARCHAR2","25","Y",,,,,
"715","ZTBLAIS_PROD","TEMP_CIA_LOANS_PRESENTATION_30_NOV","6","CUSTOMERNAME","VARCHAR2","150","Y",,,,,
"716","ZTBLAIS_PROD","TEMP_CIA_LOANS_PRESENTATION_30_NOV","7","SANCTIONED_DATE","DATE","7","N","SYS_C001093238","CHECK",,,
"717","ZTBLAIS_PROD","TEMP_CIA_LOANS_PRESENTATION_30_NOV","8","SANCTIONED_AMOUNT","NUMBER","22","N","SYS_C001093239","CHECK",,,
"718","ZTBLAIS_PROD","TEMP_CIA_LOANS_PRESENTATION_30_NOV","9","DISB_DATE","DATE","7","N","SYS_C001093240","CHECK",,,
"719","ZTBLAIS_PROD","TEMP_CIA_LOANS_PRESENTATION_30_NOV","10","DISBURSED_AMOUNT","NUMBER","22","N","SYS_C001093241","CHECK",,,
"720","ZTBLAIS_PROD","TEMP_CIA_LOANS_PRESENTATION_30_NOV","11","OUTSTANDING","NUMBER","22","Y",,,,,
"721","ZTBLAIS_PROD","TEMP_CIA_LOANS_PRESENTATION_30_NOV","12","DISB_STATUS","VARCHAR2","100","Y",,,,,
"722","ZTBLAIS_PROD","TEMP_CIA_LOANS_PRESENTATION_30_NOV","13","PREVIOUS_DISB_STATUSID","NUMBER","22","N","SYS_C001093242","CHECK",,,
"723","ZTBLAIS_PROD","TEMP_CIA_LOANS_PRESENTATION_30_NOV","14","CLOSING_DATE","DATE","7","Y",,,,,
"724","ZTBLAIS_PROD","TEMP_CIA_LOANS_PRESENTATION_AS_OF_30_NOV","1","P_NAME","VARCHAR2","1000","Y",,,,,
"725","ZTBLAIS_PROD","TEMP_CIA_LOANS_PRESENTATION_AS_OF_30_NOV","2","PARENT_ID","NUMBER","22","Y",,,,,
"726","ZTBLAIS_PROD","TEMP_CIA_LOANS_PRESENTATION_AS_OF_30_NOV","3","SANCTIONED_DATE","DATE","7","Y",,,,,
"727","ZTBLAIS_PROD","TEMP_CIA_LOANS_PRESENTATION_AS_OF_30_NOV","4","DISB_DATE","DATE","7","Y",,,,,
"728","ZTBLAIS_PROD","TEMP_CIA_LOANS_PRESENTATION_AS_OF_30_NOV","5","DISB_STATUS","VARCHAR2","100","Y",,,,,
"729","ZTBLAIS_PROD","TEMP_CIA_LOANS_PRESENTATION_AS_OF_30_NOV","6","PREVIOUS_DISB_STATUSID","NUMBER","22","Y",,,,,
"730","ZTBLAIS_PROD","TEMP_CIA_LOANS_PRESENTATION_AS_OF_30_NOV","7","NO_OF_LOANS","NUMBER","22","Y",,,,,
"731","ZTBLAIS_PROD","TEMP_CIA_LOANS_PRESENTATION_AS_OF_30_NOV","8","AMOUNT","NUMBER","22","Y",,,,,
"732","ZTBLAIS_PROD","TEMP_CIA_LOANS_PRESENTATION_AS_OF_30_NOV","9","IND","VARCHAR2","22","Y",,,,,
"733","ZTBLAIS_PROD","TEMP_CIA_PM_SCHEME_CLEAN","1","PARENT_ID","NUMBER","22","Y",,,,,
"734","ZTBLAIS_PROD","TEMP_CIA_PM_SCHEME_CLEAN","2","P_NAME","VARCHAR2","1000","Y",,,,,
"735","ZTBLAIS_PROD","TEMP_CIA_PM_SCHEME_CLEAN","3","ENTITY_ID","NUMBER","22","Y",,,,,
"736","ZTBLAIS_PROD","TEMP_CIA_PM_SCHEME_CLEAN","4","C_NAME","VARCHAR2","1000","Y",,,,,
"737","ZTBLAIS_PROD","TEMP_CIA_PM_SCHEME_CLEAN","5","DISB_STATUSID","NUMBER","22","N","SYS_C001092858","CHECK",,,
"738","ZTBLAIS_PROD","TEMP_CIA_PM_SCHEME_CLEAN","6","LOAN_CASE_NO","VARCHAR2","25","Y",,,,,
"739","ZTBLAIS_PROD","TEMP_CIA_PM_SCHEME_CLEAN","7","CNIC","VARCHAR2","13","Y",,,,,
"740","ZTBLAIS_PROD","TEMP_CIA_PM_SCHEME_CLEAN","8","CUSTOMERNAME","VARCHAR2","150","Y",,,,,
"741","ZTBLAIS_PROD","TEMP_CIA_PM_SCHEME_CLEAN","9","LOAN_DISB_ID","NUMBER","22","N","SYS_C001092859","CHECK",,,
"742","ZTBLAIS_PROD","TEMP_CIA_PM_SCHEME_CLEAN","10","DISB_DATE","DATE","7","N","SYS_C001092860","CHECK",,,
"743","ZTBLAIS_PROD","TEMP_CIA_PM_SCHEME_CLEAN","11","DISB_AMOUNT","NUMBER","22","N","SYS_C001092861","CHECK",,,
"744","ZTBLAIS_PROD","TEMP_CIA_PM_SCHEME_CLEAN","12","OUT_STANDING","NUMBER","22","Y",,,,,
"745","ZTBLAIS_PROD","TEMP_CIA_YOUTH_NEW","1","CNIC","NUMBER","22","Y",,,,,
"746","ZTBLAIS_PROD","TEMP_CIA_YOUTH_NEW","2","NAME","VARCHAR2","1000","Y",,,,,
"747","ZTBLAIS_PROD","TEMP_CIA_YOUTH_NEW","3","CELL","VARCHAR2","100","Y",,,,,
"748","ZTBLAIS_PROD","TEMP_CIA_YOUTH_NEW","4","ETB_NTB","VARCHAR2","50","Y",,,,,
"749","ZTBLAIS_PROD","TEMP_CIA_YOUTH_NEW","5","STATUS","VARCHAR2","200","Y",,,,,
"750","ZTBLAIS_PROD","TEMP_CIA_YOUTH_NEW","6","CON_STATUS","VARCHAR2","1000","Y",,,,,
"751","ZTBLAIS_PROD","TEMP_CIA_YOUTH_NEW","7","LOANCASE","NUMBER","22","Y",,,,,
"752","ZTBLAIS_PROD","TEMP_CIA_YOUTH_NEW","8","GL_SUB","NUMBER","22","Y",,,,,
"753","ZTBLAIS_PROD","TEMP_CIA_YOUTH_NEW","9","LOANID","NUMBER","22","Y",,,,,
"754","ZTBLAIS_PROD","TEMP_CIA_YOUTH_NEW","10","DISB_ID","NUMBER","22","Y",,,,,
"755","ZTBLAIS_PROD","TEMP_CIA_YOUTH_NEW","11","CUST_ID","VARCHAR2","500","Y",,,,,
"756","ZTBLAIS_PROD","TEMP_CID_CNIC_WISE_PM_SCHEME_ALL","1","CNIC","VARCHAR2","13","Y",,,,,
"757","ZTBLAIS_PROD","TEMP_CID_CNIC_WISE_PM_SCHEME_ALL","2","PARENT_ID","NUMBER","22","Y",,,,,
"758","ZTBLAIS_PROD","TEMP_CID_CNIC_WISE_PM_SCHEME_ALL","3","P_NAME","VARCHAR2","1000","Y",,,,,
"759","ZTBLAIS_PROD","TEMP_CID_CNIC_WISE_PM_SCHEME_ALL","4","ENTITY_ID","NUMBER","22","Y",,,,,
"760","ZTBLAIS_PROD","TEMP_CID_CNIC_WISE_PM_SCHEME_ALL","5","C_NAME","VARCHAR2","1000","Y",,,,,
"761","ZTBLAIS_PROD","TEMP_CID_CNIC_WISE_PM_SCHEME_ALL","6","LOAN_CASE_NO","VARCHAR2","25","Y",,,,,
"762","ZTBLAIS_PROD","TEMP_CID_CNIC_WISE_PM_SCHEME_ALL","7","CUSTOMERNAME","VARCHAR2","150","Y",,,,,
"763","ZTBLAIS_PROD","TEMP_CID_CNIC_WISE_PM_SCHEME_ALL","8","GLSUBCODE","VARCHAR2","25","Y",,,,,
"764","ZTBLAIS_PROD","TEMP_CID_CNIC_WISE_PM_SCHEME_ALL","9","GLSUBNAME","VARCHAR2","100","Y",,,,,
"765","ZTBLAIS_PROD","TEMP_CID_CNIC_WISE_PM_SCHEME_ALL","10","LOAN_DISB_ID","NUMBER","22","N","SYS_C001092897","CHECK",,,
"766","ZTBLAIS_PROD","TEMP_CID_CNIC_WISE_PM_SCHEME_ALL","11","SANCTIONED_DATE","DATE","7","N","SYS_C001092898","CHECK",,,
"767","ZTBLAIS_PROD","TEMP_CID_CNIC_WISE_PM_SCHEME_ALL","12","SANCTIONED_AMOUNT","NUMBER","22","N","SYS_C001092899","CHECK",,,
"768","ZTBLAIS_PROD","TEMP_CID_CNIC_WISE_PM_SCHEME_ALL","13","DISB_DATE","DATE","7","N","SYS_C001092900","CHECK",,,
"769","ZTBLAIS_PROD","TEMP_CID_CNIC_WISE_PM_SCHEME_ALL","14","LAST_TRANSACTION_DATE","DATE","7","Y",,,,,
"770","ZTBLAIS_PROD","TEMP_CID_CNIC_WISE_PM_SCHEME_ALL","15","VALID_UNTIL","DATE","7","Y",,,,,
"771","ZTBLAIS_PROD","TEMP_CID_CNIC_WISE_PM_SCHEME_ALL","16","LAST_RECOVERY_AMOUNT","NUMBER","22","Y",,,,,
"772","ZTBLAIS_PROD","TEMP_CID_CNIC_WISE_PM_SCHEME_ALL","17","DISB_STATUSID","NUMBER","22","N","SYS_C001092901","CHECK",,,
"773","ZTBLAIS_PROD","TEMP_CID_CNIC_WISE_PM_SCHEME_ALL","18","DISBURSED_AMOUNT","NUMBER","22","N","SYS_C001092902","CHECK",,,
"774","ZTBLAIS_PROD","TEMP_CID_CNIC_WISE_PM_SCHEME_ALL","19","DISB_STATUS","VARCHAR2","100","Y",,,,,
"775","ZTBLAIS_PROD","TEMP_CID_CNIC_WISE_PM_SCHEME_ALL","20","PREVIOUS_DISB_STATUSID","NUMBER","22","N","SYS_C001092903","CHECK",,,
"776","ZTBLAIS_PROD","TEMP_CID_CNIC_WISE_PM_SCHEME_ALL","21","PRIN","NUMBER","22","Y",,,,,
"777","ZTBLAIS_PROD","TEMP_CID_CNIC_WISE_PM_SCHEME_ALL","22","MARKUP","NUMBER","22","Y",,,,,
"778","ZTBLAIS_PROD","TEMP_CID_CNIC_WISE_PM_SCHEME_ALL","23","IND","VARCHAR2","2","Y",,,,,
"779","ZTBLAIS_PROD","TEMP_CTR","1","ACCOUNTID","VARCHAR2","100","Y",,,,,
"780","ZTBLAIS_PROD","TEMP_CTR","2","TRANSACTIONDATE","DATE","7","Y",,,,,
"781","ZTBLAIS_PROD","TEMP_CTR","3","AMOUNT","NUMBER","22","Y",,,,,
"782","ZTBLAIS_PROD","TEMP_DATE","1","FIRSTDATE","DATE","7","Y",,,,,
"783","ZTBLAIS_PROD","TEMP_DATE","2","SECONDDATE","DATE","7","Y",,,,,
"784","ZTBLAIS_PROD","TEMP_DUPLICATE_COM_ID_T","1","COM_ID","NUMBER","22","Y",,,,,
"785","ZTBLAIS_PROD","TEMP_DUPLICATE_COM_ID_T","2","OLD_PARA_ID","NUMBER","22","Y",,,,,
"786","ZTBLAIS_PROD","TEMP_DUPLICATE_COM_ID_T","3","NEW_PARA_ID","NUMBER","22","Y",,,,,
"787","ZTBLAIS_PROD","TEMP_DUPLICATE_COM_ID_T","4","AUDIT_PERIOD","VARCHAR2","500","Y",,,,,
"788","ZTBLAIS_PROD","TEMP_DUPLICATE_COM_ID_T","5","ENTITY_ID","NUMBER","22","Y",,,,,
"789","ZTBLAIS_PROD","TEMP_DUPLICATE_COM_ID_T","6","ENTITY_CODE","NUMBER","22","Y",,,,,
"790","ZTBLAIS_PROD","TEMP_DUPLICATE_COM_ID_T","7","AUDITED_BY","NUMBER","22","Y",,,,,
"791","ZTBLAIS_PROD","TEMP_DUPLICATE_COM_ID_T","8","ENTITY_TYPE_ID","NUMBER","22","Y",,,,,
"792","ZTBLAIS_PROD","TEMP_DUPLICATE_COM_ID_T","9","COM_CYCLE","NUMBER","22","Y",,,,,
"793","ZTBLAIS_PROD","TEMP_DUPLICATE_COM_ID_T","10","COM_STATUS","NUMBER","22","Y",,,,,
"794","ZTBLAIS_PROD","TEMP_DUPLICATE_COM_ID_T","11","COM_STAGE","NUMBER","22","Y",,,,,
"795","ZTBLAIS_PROD","TEMP_DUPLICATE_COM_ID_T","12","PARA_STATUS","NUMBER","22","Y",,,,,
"796","ZTBLAIS_PROD","TEMP_DUPLICATE_COM_ID_T","13","PARA_NO","VARCHAR2","500","Y",,,,,
"797","ZTBLAIS_PROD","TEMP_DUPLICATE_COM_ID_T","14","GIST_OF_PARAS","VARCHAR2","4000","Y",,,,,
"798","ZTBLAIS_PROD","TEMP_DUPLICATE_COM_ID_T","15","SETTELED_ON","DATE","7","Y",,,,,
"799","ZTBLAIS_PROD","TEMP_DUPLICATE_COM_ID_T","16","SETTELED_BY","NUMBER","22","Y",,,,,
"800","ZTBLAIS_PROD","TEMP_DUPLICATE_COM_ID_T","17","IND","VARCHAR2","500","Y",,,,,
"801","ZTBLAIS_PROD","TEMP_DUPLICATE_COM_ID_T","18","PARA_ADDED_ON","DATE","7","Y",,,,,
"802","ZTBLAIS_PROD","TEMP_DUPLICATE_COM_ID_T","19","CAU_STATUS","NUMBER","22","Y",,,,,
"803","ZTBLAIS_PROD","TEMP_DUPLICATE_COM_ID_T","20","CAU_ASSIGNED_ENT_ID","NUMBER","22","Y",,,,,
"804","ZTBLAIS_PROD","TEMP_DUPLICATE_COM_ID_T","21","BR_RESPONSE_BY","NUMBER","22","Y",,,,,
"805","ZTBLAIS_PROD","TEMP_DUPLICATE_COM_ID_T","22","BR_RESPONSE_ON","DATE","7","Y",,,,,
"806","ZTBLAIS_PROD","TEMP_DUPLICATE_COM_ID_T","23","CAU_ASSIGNED_BY","NUMBER","22","Y",,,,,
"807","ZTBLAIS_PROD","TEMP_DUPLICATE_COM_ID_T","24","CAU_ASSIGNED_ON","DATE","7","Y",,,,,
"808","ZTBLAIS_PROD","TEMP_DUPLICATE_COM_ID_T","25","SETTLEMENT_COM_REVIEWED_BY","NUMBER","22","Y",,,,,
"809","ZTBLAIS_PROD","TEMP_DUPLICATE_COM_ID_T","26","SETTLEMENT_COM_REVIEWED_ON","DATE","7","Y",,,,,
"810","ZTBLAIS_PROD","TEMP_DUPLICATE_COM_ID_T","27","RISK","NUMBER","22","Y",,,,,
"811","ZTBLAIS_PROD","TEMP_EMAIL_ADDRESS_BRANCH","1","DESCRIPTION","VARCHAR2","100","Y",,,,,
"812","ZTBLAIS_PROD","TEMP_EMAIL_ADDRESS_BRANCH","2","NAME","VARCHAR2","100","Y",,,,,
"813","ZTBLAIS_PROD","TEMP_EMAIL_ADDRESS_BRANCH","3","CODE","NUMBER","22","Y",,,,,
"814","ZTBLAIS_PROD","TEMP_EMAIL_ADDRESS_BRANCH","4","TELEPHONE","VARCHAR2","200","Y",,,,,
"815","ZTBLAIS_PROD","TEMP_EMAIL_ADDRESS_BRANCH","5","EMAIL_ADDRESS","VARCHAR2","200","Y",,,,,
"816","ZTBLAIS_PROD","TEMP_ERP_HR_EMPLOYEE_INFO","1","PP_NO","VARCHAR2","30","Y",,,,,
"817","ZTBLAIS_PROD","TEMP_ERP_HR_EMPLOYEE_INFO","2","EMPLOYEE_NAME","VARCHAR2","240","Y",,,,,
"818","ZTBLAIS_PROD","TEMP_ERP_HR_EMPLOYEE_INFO","3","AGE","VARCHAR2","4000","Y",,,,,
"819","ZTBLAIS_PROD","TEMP_ERP_HR_EMPLOYEE_INFO","4","FUNCTIONAL_DESIGNATION","VARCHAR2","2800","Y",,,,,
"820","ZTBLAIS_PROD","TEMP_ERP_HR_EMPLOYEE_INFO","5","RANK","VARCHAR2","960","Y",,,,,
"821","ZTBLAIS_PROD","TEMP_ERP_HR_EMPLOYEE_INFO","6","QUALIFICATION","VARCHAR2","120","Y",,,,,
"822","ZTBLAIS_PROD","TEMP_ERP_HR_EMPLOYEE_INFO","7","LAST_POSTING_DATE","DATE","7","Y",,,,,
"823","ZTBLAIS_PROD","TEMP_ERP_HR_EMPLOYEE_INFO","8","PLACE_OF_POSTING","NUMBER","22","N","SYS_C001092960","CHECK",,,
"824","ZTBLAIS_PROD","TEMP_ERP_HR_EMPLOYEE_INFO","9","POSTING_DATE_PRESENT_POSITION","VARCHAR2","150","Y",,,,,
"825","ZTBLAIS_PROD","TEMP_ERP_HR_EMPLOYEE_INFO","10","HRMS_CODE","NUMBER","22","Y",,,,,
"826","ZTBLAIS_PROD","TEMP_ERP_HR_EMPLOYEE_INFO_NEW","1","PP_NO","VARCHAR2","30","Y",,,,,
"827","ZTBLAIS_PROD","TEMP_ERP_HR_EMPLOYEE_INFO_NEW","2","EMPLOYEE_NAME","VARCHAR2","240","Y",,,,,
"828","ZTBLAIS_PROD","TEMP_ERP_HR_EMPLOYEE_INFO_NEW","3","AGE","VARCHAR2","4000","Y",,,,,
"829","ZTBLAIS_PROD","TEMP_ERP_HR_EMPLOYEE_INFO_NEW","4","FUNCTIONAL_DESIGNATION","VARCHAR2","2800","Y",,,,,
"830","ZTBLAIS_PROD","TEMP_ERP_HR_EMPLOYEE_INFO_NEW","5","RANK","VARCHAR2","960","Y",,,,,
"831","ZTBLAIS_PROD","TEMP_ERP_HR_EMPLOYEE_INFO_NEW","6","QUALIFICATION","VARCHAR2","120","Y",,,,,
"832","ZTBLAIS_PROD","TEMP_ERP_HR_EMPLOYEE_INFO_NEW","7","LAST_POSTING_DATE","DATE","7","Y",,,,,
"833","ZTBLAIS_PROD","TEMP_ERP_HR_EMPLOYEE_INFO_NEW","8","PLACE_OF_POSTING_ID","NUMBER","22","N","SYS_C001092912","CHECK",,,
"834","ZTBLAIS_PROD","TEMP_ERP_HR_EMPLOYEE_INFO_NEW","9","PLACE_OF_POSTING_NAME","VARCHAR2","240","N","SYS_C001092913","CHECK",,,
"835","ZTBLAIS_PROD","TEMP_ERP_HR_EMPLOYEE_INFO_NEW","10","POSTING_DATE_PRESENT_POSITION","VARCHAR2","150","Y",,,,,
"836","ZTBLAIS_PROD","TEMP_FAD_CHECKLIST_DETAILS","1","ID","NUMBER","22","N","SYS_C001092896","CHECK",,,
"837","ZTBLAIS_PROD","TEMP_FAD_CHECKLIST_DETAILS","2","S_ID","NUMBER","22","Y",,,,,
"838","ZTBLAIS_PROD","TEMP_FAD_CHECKLIST_DETAILS","3","HEADING","VARCHAR2","800","Y",,,,,
"839","ZTBLAIS_PROD","TEMP_FAD_CHECKLIST_DETAILS","4","V_ID","NUMBER","22","Y",,,,,
"840","ZTBLAIS_PROD","TEMP_FAD_CHECKLIST_DETAILS","5","RISK_ID","NUMBER","22","Y",,,,,
"841","ZTBLAIS_PROD","TEMP_FAD_CHECKLIST_DETAILS","6","ROLE_RESP_ID","NUMBER","22","Y",,,,,
"842","ZTBLAIS_PROD","TEMP_FAD_CHECKLIST_DETAILS","7","PROCESS_OWNER_ID","NUMBER","22","Y",,,,,
"843","ZTBLAIS_PROD","TEMP_FAD_CHECKLIST_DETAILS","8","STATUS","VARCHAR2","2","Y",,,,,
"844","ZTBLAIS_PROD","TEMP_FAD_CHECKLIST_DETAILS","9","OWNER_ENITITY_ID","NUMBER","22","Y",,,,,
"845","ZTBLAIS_PROD","TEMP_FAD_CHECKLIST_DETAILS","10","ANNEX","NUMBER","22","Y",,,,,
"846","ZTBLAIS_PROD","TEMP_FAD_SUB_CHECKLIST","1","T_ID","NUMBER","22","Y",,,,,
"847","ZTBLAIS_PROD","TEMP_FAD_SUB_CHECKLIST","2","HEADING","VARCHAR2","300","Y",,,,,
"848","ZTBLAIS_PROD","TEMP_FAD_SUB_CHECKLIST","3","S_ID","NUMBER","22","Y",,,,,
"849","ZTBLAIS_PROD","TEMP_FAD_SUB_CHECKLIST","4","SUB_CH","VARCHAR2","300","Y",,,,,
"850","ZTBLAIS_PROD","TEMP_FOR_PLAN_UPDATE","1","CODE","NUMBER","22","Y",,,,,
"851","ZTBLAIS_PROD","TEMP_FOR_PLAN_UPDATE","2","BR_NAME","VARCHAR2","200","Y",,,,,
"852","ZTBLAIS_PROD","TEMP_FOR_PLAN_UPDATE","3","AUDITED_BY","VARCHAR2","200","Y",,,,,
"853","ZTBLAIS_PROD","TEMP_FOR_PLAN_UPDATE","4","OPERATIONAL","VARCHAR2","200","Y",,,,,
"854","ZTBLAIS_PROD","TEMP_FOR_PLAN_UPDATE","5","RISK_RATING","VARCHAR2","100","Y",,,,,
"855","ZTBLAIS_PROD","TEMP_FOR_PLAN_UPDATE","6","BR_SIZE","VARCHAR2","100","Y",,,,,
"856","ZTBLAIS_PROD","TEMP_FOR_PLAN_UPDATE","7","RID","NUMBER","22","Y",,,,,
"857","ZTBLAIS_PROD","TEMP_FOR_PLAN_UPDATE","8","SID","NUMBER","22","Y",,,,,
"858","ZTBLAIS_PROD","TEMP_FOR_PLAN_UPDATE","9","NO_DAYS","NUMBER","22","Y",,,,,
"859","ZTBLAIS_PROD","TEMP_FOR_PLAN_UPDATE","10","CRITERIA","NUMBER","22","Y",,,,,
"860","ZTBLAIS_PROD","TEMP_HRMS_HR_EMPLOYEE_INFO","1","PPNO","NUMBER","22","N","SYS_C001093103","CHECK",,,
"861","ZTBLAIS_PROD","TEMP_HRMS_HR_EMPLOYEE_INFO","2","EMPLOYEE_NAME","VARCHAR2","101","Y",,,,,
"862","ZTBLAIS_PROD","TEMP_HRMS_HR_EMPLOYEE_INFO","3","DESIGNATION","VARCHAR2","100","N","SYS_C001093104","CHECK",,,
"863","ZTBLAIS_PROD","TEMP_HRMS_HR_EMPLOYEE_INFO","4","RANK_DESC","VARCHAR2","100","N","SYS_C001093105","CHECK",,,
"864","ZTBLAIS_PROD","TEMP_HRMS_HR_EMPLOYEE_INFO","5","ZONE_DESC","VARCHAR2","100","Y",,,,,
"865","ZTBLAIS_PROD","TEMP_HRMS_HR_EMPLOYEE_INFO","6","PLACE_OF_POSTING","VARCHAR2","200","Y",,,,,
"866","ZTBLAIS_PROD","TEMP_HRMS_HR_EMPLOYEE_INFO","7","PLACE_CODE","NUMBER","22","Y",,,,,
"867","ZTBLAIS_PROD","TEMP_HRMS_HR_EMPLOYEE_INFO","8","ERP_CODE","NUMBER","22","Y",,,,,
"868","ZTBLAIS_PROD","TEMP_HRMS_HR_EMPLOYEE_INFO","9","ENTITY_ID","NUMBER","22","Y",,,,,
"869","ZTBLAIS_PROD","TEMP_HR_DIFF","1","PPNO","NUMBER","22","Y",,,,,
"870","ZTBLAIS_PROD","TEMP_HR_DIFF","2","EMPLOYEEFIRSTNAME","VARCHAR2","50","Y",,,,,
"871","ZTBLAIS_PROD","TEMP_HR_DIFF","3","EMPLOYEELASTNAME","VARCHAR2","50","Y",,,,,
"872","ZTBLAIS_PROD","TEMP_HR_DIFF","4","FATHERNAME","VARCHAR2","50","Y",,,,,
"873","ZTBLAIS_PROD","TEMP_HR_DIFF","5","JOININGDATE","DATE","7","Y",,,,,
"874","ZTBLAIS_PROD","TEMP_HR_DIFF","6","PRESENTADDRESS","VARCHAR2","200","Y",,,,,
"875","ZTBLAIS_PROD","TEMP_HR_DIFF","7","PERMANENTADDRESS","VARCHAR2","200","Y",,,,,
"876","ZTBLAIS_PROD","TEMP_HR_DIFF","8","NICNONEW","VARCHAR2","50","Y",,,,,
"877","ZTBLAIS_PROD","TEMP_HR_DIFF","9","PLACEOFISSUANCENICNEW","VARCHAR2","50","Y",,,,,
"878","ZTBLAIS_PROD","TEMP_HR_DIFF","10","DATEOFISSUANCENICNEW","VARCHAR2","50","Y",,,,,
"879","ZTBLAIS_PROD","TEMP_HR_DIFF","11","NICNOOLD","VARCHAR2","50","Y",,,,,
"880","ZTBLAIS_PROD","TEMP_HR_DIFF","12","PLACEOFISSUANCENICOLD","VARCHAR2","50","Y",,,,,
"881","ZTBLAIS_PROD","TEMP_HR_DIFF","13","DATEOFISSUANCENICOLD","VARCHAR2","50","Y",,,,,
"882","ZTBLAIS_PROD","TEMP_HR_DIFF","14","PHONENORESIDENCE","VARCHAR2","50","Y",,,,,
"883","ZTBLAIS_PROD","TEMP_HR_DIFF","15","PHONENOOFFICE","VARCHAR2","50","Y",,,,,
"884","ZTBLAIS_PROD","TEMP_HR_DIFF","16","ZTBLACCOUNTNO","VARCHAR2","20","Y",,,,,
"885","ZTBLAIS_PROD","TEMP_HR_DIFF","17","SALARYNOTIFICATIONNO","VARCHAR2","25","Y",,,,,
"886","ZTBLAIS_PROD","TEMP_HR_DIFF","18","SALARYNOTIFICATIONDATE","DATE","7","Y",,,,,
"887","ZTBLAIS_PROD","TEMP_HR_DIFF","19","LETTERNO","CHAR","25","Y",,,,,
"888","ZTBLAIS_PROD","TEMP_HR_DIFF","20","LETTERDATE","DATE","7","Y",,,,,
"889","ZTBLAIS_PROD","TEMP_HR_DIFF","21","WITHEFFECTFROM","DATE","7","Y",,,,,
"890","ZTBLAIS_PROD","TEMP_HR_DIFF","22","MOBILENO","VARCHAR2","20","Y",,,,,
"891","ZTBLAIS_PROD","TEMP_HR_DIFF","23","DATEOFAPPOINTMENT","DATE","7","Y",,,,,
"892","ZTBLAIS_PROD","TEMP_HR_DIFF","24","DATEOFCONFIRMATION","DATE","7","Y",,,,,
"893","ZTBLAIS_PROD","TEMP_HR_DIFF","25","DATEOFBIRTH","DATE","7","Y",,,,,
"894","ZTBLAIS_PROD","TEMP_HR_DIFF","26","PLACEOFBIRTH","CHAR","10","Y",,,,,
"895","ZTBLAIS_PROD","TEMP_HR_DIFF","27","EMAIL","VARCHAR2","50","Y",,,,,
"896","ZTBLAIS_PROD","TEMP_HR_DIFF","28","EXTRACURRICULARACTIVITIES","VARCHAR2","50","Y",,,,,
"897","ZTBLAIS_PROD","TEMP_HR_DIFF","29","REMARKS","VARCHAR2","200","Y",,,,,
"898","ZTBLAIS_PROD","TEMP_HR_DIFF","30","SENIORITYSEQUENCE","NUMBER","22","Y",,,,,
"899","ZTBLAIS_PROD","TEMP_HR_DIFF","31","ISAGRICULTURIST","CHAR","1","Y",,,,,
"900","ZTBLAIS_PROD","TEMP_HR_DIFF","32","ISJOINEDASMCO","CHAR","1","Y",,,,,
"901","ZTBLAIS_PROD","TEMP_HR_DIFF","33","ISHAVINGDISABILITY","CHAR","1","Y",,,,,
"902","ZTBLAIS_PROD","TEMP_HR_DIFF","34","ISEXSERVICEMAN","CHAR","1","Y",,,,,
"903","ZTBLAIS_PROD","TEMP_HR_DIFF","35","BACKGROUNDTYPE","CHAR","1","Y",,,,,
"904","ZTBLAIS_PROD","TEMP_HR_DIFF","36","MARITALSTATUSTYPE","CHAR","1","Y",,,,,
"905","ZTBLAIS_PROD","TEMP_HR_DIFF","37","EMPLOYEETYPE","CHAR","1","Y",,,,,
"906","ZTBLAIS_PROD","TEMP_HR_DIFF","38","PAYPACKAGETYPE","CHAR","1","Y",,,,,
"907","ZTBLAIS_PROD","TEMP_HR_DIFF","39","GENDERTYPE","CHAR","1","Y",,,,,
"908","ZTBLAIS_PROD","TEMP_HR_DIFF","40","EMPLOYMENTSTATUSTYPE","CHAR","1","Y",,,,,
"909","ZTBLAIS_PROD","TEMP_HR_DIFF","41","STATUSTYPE","CHAR","1","Y",,,,,
"910","ZTBLAIS_PROD","TEMP_HR_DIFF","42","POSTAPPLIEDFORCODE","NUMBER","22","Y",,,,,
"911","ZTBLAIS_PROD","TEMP_HR_DIFF","43","CURRENTRANKCODE","NUMBER","22","Y",,,,,
"912","ZTBLAIS_PROD","TEMP_HR_DIFF","44","CURRENTDESIGNATIONCODE","NUMBER","22","Y",,,,,
"913","ZTBLAIS_PROD","TEMP_HR_DIFF","45","JOININGRANKCODE","NUMBER","22","Y",,,,,
"914","ZTBLAIS_PROD","TEMP_HR_DIFF","46","JOININGDESIGNATIONCODE","NUMBER","22","Y",,,,,
"915","ZTBLAIS_PROD","TEMP_HR_DIFF","47","TEHSILEOFBIRTHCODE","NUMBER","22","Y",,,,,
"916","ZTBLAIS_PROD","TEMP_HR_DIFF","48","PROVINCEOFDOMICILECODE","NUMBER","22","Y",,,,,
"917","ZTBLAIS_PROD","TEMP_HR_DIFF","49","DIVISIONOFDOMICILECODE","NUMBER","22","Y",,,,,
"918","ZTBLAIS_PROD","TEMP_HR_DIFF","50","DISTRICTOFDOMICILECODE","NUMBER","22","Y",,,,,
"919","ZTBLAIS_PROD","TEMP_HR_DIFF","51","TEHSILEOFDOMICILECODE","NUMBER","22","Y",,,,,
"920","ZTBLAIS_PROD","TEMP_HR_DIFF","52","PROVINCEOFBIRTHCODE","NUMBER","22","Y",,,,,
"921","ZTBLAIS_PROD","TEMP_HR_DIFF","53","RELIGIONCODE","NUMBER","22","Y",,,,,
"922","ZTBLAIS_PROD","TEMP_HR_DIFF","54","DISTRICTOFBIRTHCODE","NUMBER","22","Y",,,,,
"923","ZTBLAIS_PROD","TEMP_HR_DIFF","55","CURRENTZONECODE","NUMBER","22","Y",,,,,
"924","ZTBLAIS_PROD","TEMP_HR_DIFF","56","CURRENTDEPARTMENTCODE","NUMBER","22","Y",,,,,
"925","ZTBLAIS_PROD","TEMP_HR_DIFF","57","CURRENTUNITCODE","NUMBER","22","Y",,,,,
"926","ZTBLAIS_PROD","TEMP_HR_DIFF","58","CURRENTBRANCHCODE","NUMBER","22","Y",,,,,
"927","ZTBLAIS_PROD","TEMP_HR_DIFF","59","CURRENTCADRECODE","NUMBER","22","Y",,,,,
"928","ZTBLAIS_PROD","TEMP_HR_DIFF","60","DISTRICTCODE","NUMBER","22","Y",,,,,
"929","ZTBLAIS_PROD","TEMP_HR_DIFF","61","TEHSILCODE","NUMBER","22","Y",,,,,
"930","ZTBLAIS_PROD","TEMP_HR_DIFF","62","RANKCODE","NUMBER","22","Y",,,,,
"931","ZTBLAIS_PROD","TEMP_HR_DIFF","63","DESIGNATIONCODE","NUMBER","22","Y",,,,,
"932","ZTBLAIS_PROD","TEMP_HR_DIFF","64","DIVISIONOFBIRTHCODE","NUMBER","22","Y",,,,,
"933","ZTBLAIS_PROD","TEMP_HR_DIFF","65","SCALECODE","NUMBER","22","Y",,,,,
"934","ZTBLAIS_PROD","TEMP_HR_DIFF","66","CURRENTPAYSCALECODE","NUMBER","22","Y",,,,,
"935","ZTBLAIS_PROD","TEMP_HR_DIFF","67","JOININGPAYSCALECODE","NUMBER","22","Y",,,,,
"936","ZTBLAIS_PROD","TEMP_HR_DIFF","68","CURRENTDIVISIONCODE","NUMBER","22","Y",,,,,
"937","ZTBLAIS_PROD","TEMP_HR_DIFF","69","ISSPORTSMAN","VARCHAR2","1","Y",,,,,
"938","ZTBLAIS_PROD","TEMP_HR_DIFF","70","GAMECODE","NUMBER","22","Y",,,,,
"939","ZTBLAIS_PROD","TEMP_HR_DIFF","71","LEVELOFPLAYINGCODE","NUMBER","22","Y",,,,,
"940","ZTBLAIS_PROD","TEMP_HR_DIFF","72","RELIEVINGLETTERNO","VARCHAR2","100","Y",,,,,
"941","ZTBLAIS_PROD","TEMP_HR_DIFF","73","RELIEVINGLETTERDATE","DATE","7","Y",,,,,
"942","ZTBLAIS_PROD","TEMP_HR_DIFF","74","RELIEVINGCIRCULARDATE","DATE","7","Y",,,,,
"943","ZTBLAIS_PROD","TEMP_HR_DIFF","75","RELIEVINGREASON","VARCHAR2","200","Y",,,,,
"944","ZTBLAIS_PROD","TEMP_HR_DIFF","76","RELIEVINGWITHEFFECTFROM","DATE","7","Y",,,,,
"945","ZTBLAIS_PROD","TEMP_HR_DIFF","77","NTN","VARCHAR2","20","Y",,,,,
"946","ZTBLAIS_PROD","TEMP_HR_DIFF","78","ISSRS2005OPTEE","CHAR","1","Y",,,,,
"947","ZTBLAIS_PROD","TEMP_HR_DIFF","79","DATEOFOPTION","DATE","7","Y",,,,,
"948","ZTBLAIS_PROD","TEMP_HR_DIFF","80","LASTPROMOTIONDATE","DATE","7","Y",,,,,
"949","ZTBLAIS_PROD","TEMP_HR_DIFF","81","EMERGENCYPERSONNAME","VARCHAR2","50","Y",,,,,
"950","ZTBLAIS_PROD","TEMP_HR_DIFF","82","EMERGENCYPHONENO","VARCHAR2","10","Y",,,,,
"951","ZTBLAIS_PROD","TEMP_HR_DIFF","83","EMERGENCYMOBILENO","VARCHAR2","10","Y",,,,,
"952","ZTBLAIS_PROD","TEMP_HR_DIFF","84","EMERGENCYRELATIONSHIPCODE","NUMBER","22","Y",,,,,
"953","ZTBLAIS_PROD","TEMP_HR_DIFF","85","EMERGENCYADDRESS","VARCHAR2","500","Y",,,,,
"954","ZTBLAIS_PROD","TEMP_HR_DIFF","86","JOBSTATUS","VARCHAR2","1","Y",,,,,
"955","ZTBLAIS_PROD","TEMP_HR_DIFF","87","CONFIRMATIONLETTERNO","VARCHAR2","200","Y",,,,,
"956","ZTBLAIS_PROD","TEMP_HR_DIFF","88","CONFIRMATIONLETTERDATE","DATE","7","Y",,,,,
"957","ZTBLAIS_PROD","TEMP_HR_DIFF","89","CONFIRMATIONCIRCULARDATE","DATE","7","Y",,,,,
"958","ZTBLAIS_PROD","TEMP_HR_DIFF","90","RETIREMNETLETTERNO","VARCHAR2","200","Y",,,,,
"959","ZTBLAIS_PROD","TEMP_HR_DIFF","91","RETIREMENTLETTERDATE","DATE","7","Y",,,,,
"960","ZTBLAIS_PROD","TEMP_HR_DIFF","92","RETIREMENTCIRCULARDATE","DATE","7","Y",,,,,
"961","ZTBLAIS_PROD","TEMP_HR_DIFF","93","RETIREMENTDATE","DATE","7","Y",,,,,
"962","ZTBLAIS_PROD","TEMP_HR_DIFF","94","SANCTIONAMOUNT","NUMBER","22","Y",,,,,
"963","ZTBLAIS_PROD","TEMP_HR_DIFF","95","ANYINCREASESAFTERRETIREMENT","VARCHAR2","500","Y",,,,,
"964","ZTBLAIS_PROD","TEMP_HR_DIFF","96","LPRDATE","DATE","7","Y",,,,,
"965","ZTBLAIS_PROD","TEMP_HR_DIFF","97","EMPLOYEECATEGORY","VARCHAR2","1","Y",,,,,
"966","ZTBLAIS_PROD","TEMP_HR_DIFF","98","LASTPOSTINGDATE","DATE","7","Y",,,,,
"967","ZTBLAIS_PROD","TEMP_HR_DIFF","99","EMPTYPE","VARCHAR2","1","Y",,,,,
"968","ZTBLAIS_PROD","TEMP_HR_DIFF","100","ACC_BANK_CODE","NUMBER","22","Y",,,,,
"969","ZTBLAIS_PROD","TEMP_HR_DIFF","101","ZTBLACCOUNTNO_OLD","NUMBER","22","Y",,,,,
"970","ZTBLAIS_PROD","TEMP_HR_DIFF","102","IS_REGISTERED_DISABLE","CHAR","1","Y",,,,,
"971","ZTBLAIS_PROD","TEMP_HR_DIFF","103","DOMICILEPROVINCECODE","NUMBER","22","Y",,,,,
"972","ZTBLAIS_PROD","TEMP_HR_DIFF","104","DOMICILEDISTRICTCODE","NUMBER","22","Y",,,,,
"973","ZTBLAIS_PROD","TEMP_HR_DIV_CIRCULAR_UPDATE","1","DIVISION_ID","VARCHAR2","20","Y",,,,,
"974","ZTBLAIS_PROD","TEMP_HR_DIV_CIRCULAR_UPDATE","2","DIVISION_NAME","VARCHAR2","50","Y",,,,,
"975","ZTBLAIS_PROD","TEMP_HR_DIV_CIRCULAR_UPDATE","3","DIVISION_CODE","VARCHAR2","50","Y",,,,,
"976","ZTBLAIS_PROD","TEMP_HR_DIV_CIRCULAR_UPDATE","4","STATUS","NUMBER","22","Y",,,,,
"977","ZTBLAIS_PROD","TEMP_HR_DIV_CIRCULAR_UPDATE","5","DIVISIONCODE","NUMBER","22","N","SYS_C001092872","CHECK",,,
"978","ZTBLAIS_PROD","TEMP_HR_DIV_CIRCULAR_UPDATE","6","DESCRIPTION","VARCHAR2","100","Y",,,,,
"979","ZTBLAIS_PROD","TEMP_HR_DIV_CIRCULAR_UPDATE","7","STATUSTYPE","CHAR","1","N","SYS_C001092873","CHECK",,,
"980","ZTBLAIS_PROD","TEMP_HR_DIV_CIRCULAR_UPDATE","8","ENT_ID","NUMBER","22","Y",,,,,
"981","ZTBLAIS_PROD","TEMP_HR_ERP_EMP","1","PP_NO","VARCHAR2","30","Y",,,,,
"982","ZTBLAIS_PROD","TEMP_HR_ERP_EMP","2","EMPLOYEE_NAME","VARCHAR2","101","Y",,,,,
"983","ZTBLAIS_PROD","TEMP_HR_ERP_EMP","3","PLACE_OF_POSTING_NAME","VARCHAR2","240","N","SYS_C001093246","CHECK",,,
"984","ZTBLAIS_PROD","TEMP_HR_ERP_EMP","4","PLACE_OF_POSTING","VARCHAR2","200","Y",,,,,
"985","ZTBLAIS_PROD","TEMP_HR_ERP_EMP","5","PLACE_CODE","NUMBER","22","Y",,,,,
"986","ZTBLAIS_PROD","TEMP_IID_TABLES","1","TABLE_NAME","VARCHAR2","200","Y",,,,,
"987","ZTBLAIS_PROD","TEMP_IID_TABLES","2","TABLE_STRUCTURE","VARCHAR2","4000","Y",,,,,
"988","ZTBLAIS_PROD","TEMP_ISLAMIC_BRANCHES","1","ENTITY_ID","NUMBER","22","Y",,,,,
"989","ZTBLAIS_PROD","TEMP_ISLAMIC_BRANCHES","2","CODE","NUMBER","22","Y",,,,,
"990","ZTBLAIS_PROD","TEMP_ISLAMIC_BRANCHES","3","DESCRIPTION","VARCHAR2","100","Y",,,,,
"991","ZTBLAIS_PROD","TEMP_ISLAMIC_BRANCHES","4","NAME","VARCHAR2","100","Y",,,,,
"992","ZTBLAIS_PROD","TEMP_ISLAMIC_BRANCHES","5","TYPE_ID","NUMBER","22","Y",,,,,
"993","ZTBLAIS_PROD","TEMP_ISLAMIC_BRANCHES","6","AUDITBY_ID","NUMBER","22","Y",,,,,
"994","ZTBLAIS_PROD","TEMP_ISLAMIC_BRANCHES","7","INSPECTEDBY_ID","NUMBER","22","Y",,,,,
"995","ZTBLAIS_PROD","TEMP_ISLAMIC_BRANCHES","8","COST_CENTER","NUMBER","22","Y",,,,,
"996","ZTBLAIS_PROD","TEMP_ISLAMIC_BRANCHES","9","ACTIVE","CHAR","1","Y",,,,,
"997","ZTBLAIS_PROD","TEMP_ISLAMIC_BRANCHES","10","AUDITABLE","VARCHAR2","2","Y",,,,,
"998","ZTBLAIS_PROD","TEMP_ISLAMIC_BRANCHES","11","AUDITOR","CHAR","1","Y",,,,,
"999","ZTBLAIS_PROD","TEMP_ISLAMIC_BRANCHES","12","IAD","CHAR","1","Y",,,,,
"1000","ZTBLAIS_PROD","TEMP_ISLAMIC_BRANCHES","13","COMPLICE_BY","VARCHAR2","200","Y",,,,,
"1001","ZTBLAIS_PROD","TEMP_ISLAMIC_BRANCHES","14","COMPLIANCE_UNIT","NUMBER","22","Y",,,,,
"1002","ZTBLAIS_PROD","TEMP_PPNO","1","PP_NO","NUMBER","22","N","SYS_C001093072","CHECK",,,
"1003","ZTBLAIS_PROD","TEMP_PPNO","2","ZONE","NUMBER","22","Y",,,,,
"1004","ZTBLAIS_PROD","TEMP_PPNO","3","DEPARTMENT","NUMBER","22","Y",,,,,
"1005","ZTBLAIS_PROD","TEMP_PPNO","4","BRANCH","NUMBER","22","Y",,,,,
"1006","ZTBLAIS_PROD","TEMP_PPNO","5","DIVISION","NUMBER","22","Y",,,,,
"1007","ZTBLAIS_PROD","TEMP_PPNO","6","CURRENTDESIGNATIONCODE","NUMBER","22","Y",,,,,
"1008","ZTBLAIS_PROD","TEMP_PPNO","7","LOCATION","CHAR","1","Y",,,,,
"1009","ZTBLAIS_PROD","TEMP_PPNO","8","ENTITYID","NUMBER","22","Y",,,,,
"1010","ZTBLAIS_PROD","TEMP_PPNO_POSTING","1","PP_NO","NUMBER","22","N","SYS_C001092986","CHECK",,,
"1011","ZTBLAIS_PROD","TEMP_PPNO_POSTING","2","ROLE","NUMBER","22","N","SYS_C001092987","CHECK",,,
"1012","ZTBLAIS_PROD","TEMP_PPNO_POSTING","3","DESIGNATION","VARCHAR2","100","N","SYS_C001092988","CHECK",,,
"1013","ZTBLAIS_PROD","TEMP_PPNO_POSTING","4","LOCATION","CHAR","1","Y",,,,,
"1014","ZTBLAIS_PROD","TEMP_PPNO_POSTING","5","POSTING_TYPE","VARCHAR2","14","Y",,,,,
"1015","ZTBLAIS_PROD","TEMP_PPNO_POSTING","6","POSTING_CODE","NUMBER","22","Y",,,,,
"1016","ZTBLAIS_PROD","TEMP_PPNO_POSTING","7","NAME","VARCHAR2","100","Y",,,,,
"1017","ZTBLAIS_PROD","TEMP_PPNO_POSTING","8","ENT_ID","NUMBER","22","Y",,,,,
"1018","ZTBLAIS_PROD","TEMP_RISK_UPDATE","1","CODE","NUMBER","22","Y",,,,,
"1019","ZTBLAIS_PROD","TEMP_RISK_UPDATE","2","BR_NAME","VARCHAR2","200","Y",,,,,
"1020","ZTBLAIS_PROD","TEMP_RISK_UPDATE","3","AUDITED_BY","VARCHAR2","200","Y",,,,,
"1021","ZTBLAIS_PROD","TEMP_RISK_UPDATE","4","OPERATIONAL","VARCHAR2","200","Y",,,,,
"1022","ZTBLAIS_PROD","TEMP_RISK_UPDATE","5","RISK_RATING","VARCHAR2","100","Y",,,,,
"1023","ZTBLAIS_PROD","TEMP_RISK_UPDATE","6","BR_SIZE","VARCHAR2","100","Y",,,,,
"1024","ZTBLAIS_PROD","TEMP_RISK_UPDATE","7","R_ID","NUMBER","22","Y",,,,,
"1025","ZTBLAIS_PROD","TEMP_RISK_UPDATE","8","S_ID","NUMBER","22","Y",,,,,
"1026","ZTBLAIS_PROD","TEMP_SALMAN_CHECKLIST","1","ID","NUMBER","22","N","SYS_C001092764","CHECK",,,
"1027","ZTBLAIS_PROD","TEMP_SALMAN_CHECKLIST","2","S_ID","NUMBER","22","Y",,,,,
"1028","ZTBLAIS_PROD","TEMP_SALMAN_CHECKLIST","3","HEADING","VARCHAR2","800","Y",,,,,
"1029","ZTBLAIS_PROD","TEMP_SALMAN_CHECKLIST","4","V_ID","NUMBER","22","Y",,,,,
"1030","ZTBLAIS_PROD","TEMP_SALMAN_CHECKLIST","5","RISK_ID","NUMBER","22","Y",,,,,
"1031","ZTBLAIS_PROD","TEMP_SALMAN_CHECKLIST","6","ROLE_RESP_ID","NUMBER","22","Y",,,,,
"1032","ZTBLAIS_PROD","TEMP_SALMAN_CHECKLIST","7","PROCESS_OWNER_ID","NUMBER","22","Y",,,,,
"1033","ZTBLAIS_PROD","TEMP_SALMAN_CHECKLIST","8","STATUS","VARCHAR2","2","Y",,,,,
"1034","ZTBLAIS_PROD","TEMP_SALMAN_CHECKLIST","9","OWNER_ENITITY_ID","NUMBER","22","Y",,,,,
"1035","ZTBLAIS_PROD","TEMP_SALMAN_CHECKLIST","10","ANNEX","NUMBER","22","Y",,,,,
"1036","ZTBLAIS_PROD","TEMP_SBP_DATA_BIOMET_DIFF_TABLE","1","LOAN_DISB_ID","NUMBER","22","N","SYS_C001092926","CHECK",,,
"1037","ZTBLAIS_PROD","TEMP_SBP_DATA_BIOMET_DIFF_TABLE","2","CODE","VARCHAR2","25","Y",,,,,
"1038","ZTBLAIS_PROD","TEMP_SBP_DATA_BIOMET_DIFF_TABLE","3","NAME","VARCHAR2","100","Y",,,,,
"1039","ZTBLAIS_PROD","TEMP_SBP_DATA_BIOMET_DIFF_TABLE","4","CNIC","VARCHAR2","13","Y",,,,,
"1040","ZTBLAIS_PROD","TEMP_SBP_DATA_BIOMET_DIFF_TABLE","5","CUSTOMERNAME","VARCHAR2","150","Y",,,,,
"1041","ZTBLAIS_PROD","TEMP_SBP_DATA_BIOMET_DIFF_TABLE","6","LOAN_CASE_NO","VARCHAR2","25","Y",,,,,
"1042","ZTBLAIS_PROD","TEMP_SBP_DATA_BIOMET_DIFF_TABLE","7","LOAN_APP_ID","NUMBER","22","N","SYS_C001092927","CHECK",,,
"1043","ZTBLAIS_PROD","TEMP_SBP_DATA_BIOMET_DIFF_TABLE","8","APP_DATE","DATE","7","N","SYS_C001092928","CHECK",,,
"1044","ZTBLAIS_PROD","TEMP_SBP_DATA_BIOMET_DIFF_TABLE","9","SANCTION_DATE","DATE","7","Y",,,,,
"1045","ZTBLAIS_PROD","TEMP_SBP_DATA_BIOMET_DIFF_TABLE","10","DISB_DATE","DATE","7","N","SYS_C001092929","CHECK",,,
"1046","ZTBLAIS_PROD","TEMP_SBP_DATA_BIOMET_DIFF_TABLE","11","DISBURSED_AMOUNT","NUMBER","22","N","SYS_C001092930","CHECK",,,
"1047","ZTBLAIS_PROD","TEMP_SBP_DATA_BIOMET_DIFF_TABLE","12","BIOMETCUSTID","NUMBER","22","Y",,,,,
"1048","ZTBLAIS_PROD","TEMP_SBP_DATA_BIOMET_DIFF_TABLE","13","FIRST_BIOMET_DATE","DATE","7","Y",,,,,
"1049","ZTBLAIS_PROD","TEMP_SBP_DATA_BIOMET_DIFF_TABLE","14","NADRA_VERIFICATION_DATE","DATE","7","Y",,,,,
"1050","ZTBLAIS_PROD","TEMP_SBP_DATA_BIOMET_DIFF_TABLE","15","UPDATE_NADRA_VERIFICATION_DATE","NVARCHAR2","200","Y",,,,,
"1051","ZTBLAIS_PROD","TEMP_SBP_DATA_BIOMET_DIFF_TABLE","16","LAST_BIO_UPDATED_ON","DATE","7","Y",,,,,
"1052","ZTBLAIS_PROD","TEMP_SBP_DATA_BIOMET_DIFF_TABLE","17","CREATED_DATE","DATE","7","Y",,,,,
"1053","ZTBLAIS_PROD","TEMP_SBP_DATA_BIOMET_DIFF_TABLE","18","APP_DATE_DIFF","NUMBER","22","Y",,,,,
"1054","ZTBLAIS_PROD","TEMP_SBP_DATA_BIOMET_DIFF_TABLE","19","UP_DATE_WITH_APP_DATE_DIFF","NUMBER","22","Y",,,,,
"1055","ZTBLAIS_PROD","TEMP_SBP_DATA_BIOMET_DIFF_TABLE","20","OUTSTANDING","NUMBER","22","Y",,,,,
"1056","ZTBLAIS_PROD","TEMP_SBP_DATA_BIOMET_TABLE","1","LOAN_DISB_ID","NUMBER","22","N","SYS_C001092936","CHECK",,,
"1057","ZTBLAIS_PROD","TEMP_SBP_DATA_BIOMET_TABLE","2","CODE","VARCHAR2","25","Y",,,,,
"1058","ZTBLAIS_PROD","TEMP_SBP_DATA_BIOMET_TABLE","3","NAME","VARCHAR2","100","Y",,,,,
"1059","ZTBLAIS_PROD","TEMP_SBP_DATA_BIOMET_TABLE","4","CNIC","VARCHAR2","13","Y",,,,,
"1060","ZTBLAIS_PROD","TEMP_SBP_DATA_BIOMET_TABLE","5","CUSTOMERNAME","VARCHAR2","150","Y",,,,,
"1061","ZTBLAIS_PROD","TEMP_SBP_DATA_BIOMET_TABLE","6","LOAN_CASE_NO","VARCHAR2","25","Y",,,,,
"1062","ZTBLAIS_PROD","TEMP_SBP_DATA_BIOMET_TABLE","7","LOAN_APP_ID","NUMBER","22","N","SYS_C001092937","CHECK",,,
"1063","ZTBLAIS_PROD","TEMP_SBP_DATA_BIOMET_TABLE","8","APP_DATE","DATE","7","N","SYS_C001092938","CHECK",,,
"1064","ZTBLAIS_PROD","TEMP_SBP_DATA_BIOMET_TABLE","9","SANCTION_DATE","DATE","7","Y",,,,,
"1065","ZTBLAIS_PROD","TEMP_SBP_DATA_BIOMET_TABLE","10","DISB_DATE","DATE","7","N","SYS_C001092939","CHECK",,,
"1066","ZTBLAIS_PROD","TEMP_SBP_DATA_BIOMET_TABLE","11","DISBURSED_AMOUNT","NUMBER","22","N","SYS_C001092940","CHECK",,,
"1067","ZTBLAIS_PROD","TEMP_SBP_DATA_BIOMET_TABLE","12","BIOMETCUSTID","NUMBER","22","Y",,,,,
"1068","ZTBLAIS_PROD","TEMP_SBP_DATA_BIOMET_TABLE","13","FIRST_BIOMET_DATE","DATE","7","Y",,,,,
"1069","ZTBLAIS_PROD","TEMP_SBP_DATA_BIOMET_TABLE","14","NADRA_VERIFICATION_DATE","DATE","7","Y",,,,,
"1070","ZTBLAIS_PROD","TEMP_SBP_DATA_BIOMET_TABLE","15","UPDATE_NADRA_VERIFICATION_DATE","DATE","7","Y",,,,,
"1071","ZTBLAIS_PROD","TEMP_SBP_DATA_BIOMET_TABLE","16","LAST_BIO_UPDATED_ON","DATE","7","Y",,,,,
"1072","ZTBLAIS_PROD","TEMP_SBP_DATA_BIOMET_TABLE","17","CREATED_DATE","DATE","7","Y",,,,,
"1073","ZTBLAIS_PROD","TEMP_SBP_DATA_BIOMET_TABLE","18","APP_DATE_DIFF","NUMBER","22","Y",,,,,
"1074","ZTBLAIS_PROD","TEMP_SBP_DATA_BIOMET_TABLE","19","UP_DATE_WITH_APP_DATE_DIFF","NUMBER","22","Y",,,,,
"1075","ZTBLAIS_PROD","TEMP_SBP_DATA_BIOMET_TABLE","20","OUTSTANDING","NUMBER","22","Y",,,,,
"1076","ZTBLAIS_PROD","TEMP_STR","1","BRANCHCODE","VARCHAR2","25","Y",,,,,
"1077","ZTBLAIS_PROD","TEMP_STR","2","BRANCH_NAME","VARCHAR2","100","Y",,,,,
"1078","ZTBLAIS_PROD","TEMP_STR","3","OLDACCOUNTNO","VARCHAR2","25","Y",,,,,
"1079","ZTBLAIS_PROD","TEMP_STR","4","CNIC","VARCHAR2","13","Y",,,,,
"1080","ZTBLAIS_PROD","TEMP_STR","5","TITLE","VARCHAR2","100","Y",,,,,
"1081","ZTBLAIS_PROD","TEMP_STR","6","CUSTOMERNAME","VARCHAR2","200","Y",,,,,
"1082","ZTBLAIS_PROD","TEMP_STR","7","TRANSACTIONMASTERCODE","VARCHAR2","25","Y",,,,,
"1083","ZTBLAIS_PROD","TEMP_STR","8","TRANSACTIONDATE","DATE","7","Y",,,,,
"1084","ZTBLAIS_PROD","TEMP_STR","9","CRAMOUNT_SUM","NUMBER","22","Y",,,,,
"1085","ZTBLAIS_PROD","TEMP_TABLE_DEPOSIT_WITH_MINUS_BALANCE","1","REGION","VARCHAR2","100","Y",,,,,
"1086","ZTBLAIS_PROD","TEMP_TABLE_DEPOSIT_WITH_MINUS_BALANCE","2","BRANCH","VARCHAR2","100","Y",,,,,
"1087","ZTBLAIS_PROD","TEMP_TABLE_DEPOSIT_WITH_MINUS_BALANCE","3","AC_CAT","VARCHAR2","100","Y",,,,,
"1088","ZTBLAIS_PROD","TEMP_TABLE_DEPOSIT_WITH_MINUS_BALANCE","4","AC_TYPE","VARCHAR2","100","Y",,,,,
"1089","ZTBLAIS_PROD","TEMP_TABLE_DEPOSIT_WITH_MINUS_BALANCE","5","AC_STATUS","VARCHAR2","100","Y",,,,,
"1090","ZTBLAIS_PROD","TEMP_TABLE_DEPOSIT_WITH_MINUS_BALANCE","6","CNIC","VARCHAR2","13","Y",,,,,
"1091","ZTBLAIS_PROD","TEMP_TABLE_DEPOSIT_WITH_MINUS_BALANCE","7","CUSTOMERNAME","VARCHAR2","200","Y",,,,,
"1092","ZTBLAIS_PROD","TEMP_TABLE_DEPOSIT_WITH_MINUS_BALANCE","8","OLDACCOUNTNO","VARCHAR2","25","Y",,,,,
"1093","ZTBLAIS_PROD","TEMP_TABLE_DEPOSIT_WITH_MINUS_BALANCE","9","CURRENTBALANACE","NUMBER","22","Y",,,,,
"1094","ZTBLAIS_PROD","TEMP_TABLE_FOR_LIKE","1","NAME","VARCHAR2","100","Y",,,,,
"1095","ZTBLAIS_PROD","TEMP_TABLE_FOR_LIKE","2","P_NAME","VARCHAR2","1000","Y",,,,,
"1096","ZTBLAIS_PROD","TEMP_TABLE_FOR_LIKE","3","C_NAME","VARCHAR2","1000","Y",,,,,
"1097","ZTBLAIS_PROD","TEMP_TABLE_FOR_LIKE","4","AUDIT_PERIOD","VARCHAR2","250","Y",,,,,
"1098","ZTBLAIS_PROD","TEMP_TABLE_FOR_LIKE","5","PARA_NO","VARCHAR2","200","Y",,,,,
"1099","ZTBLAIS_PROD","TEMP_TABLE_FOR_LIKE","6","GIST_OF_PARAS","VARCHAR2","2000","Y",,,,,
"1100","ZTBLAIS_PROD","TEMP_TABLE_FOR_LIKE","7","TEXT","CLOB","4000","Y",,,,,
"1101","ZTBLAIS_PROD","TEMP_TABLE_FOR_LIKE","8","OLD_PARA_ID","NUMBER","22","Y",,,,,
"1102","ZTBLAIS_PROD","TEMP_TABLE_FOR_LIKE","9","NEW_PARAID","NUMBER","22","Y",,,,,
"1103","ZTBLAIS_PROD","TEMP_TRANSACTIONMASTER","1","TRANSACTIONMASTERID","VARCHAR2","100","Y",,,,,
"1104","ZTBLAIS_PROD","TEMP_TRANSACTIONMASTER","2","TRANSACTIONMASTERCODE","VARCHAR2","10","Y",,,,,
"1105","ZTBLAIS_PROD","TEMP_TRANSACTIONMASTER","3","DESCRIPTION","VARCHAR2","100","Y",,,,,
"1106","ZTBLAIS_PROD","TEMP_TRANSACTIONS","1","ACCOUNT_ID","VARCHAR2","40","N","SYS_C001117631","CHECK",,,
"1107","ZTBLAIS_PROD","TEMP_TRANSACTIONS","2","TRAN_DATE","DATE","7","Y",,,,,
"1108","ZTBLAIS_PROD","TEMP_TRANSACTIONS","3","TRAN_AUTH_DATE","DATE","7","Y",,,,,
"1109","ZTBLAIS_PROD","TEMP_TRANSACTIONS","4","TRANSACTIONMASTERID","NUMBER","22","Y",,,,,
"1110","ZTBLAIS_PROD","TEMP_TRANSACTIONS","5","TRANSACTIONMASTERCODE","NUMBER","22","Y",,,,,
"1111","ZTBLAIS_PROD","TEMP_TRANSACTIONS","6","TRANSACTION_DISCRIPTION","VARCHAR2","200","Y",,,,,
"1112","ZTBLAIS_PROD","TEMP_TRANSACTIONS","7","DR_AMOUNT","NUMBER","22","Y",,,,,
"1113","ZTBLAIS_PROD","TEMP_TRANSACTIONS","8","CR_AMOUNT","NUMBER","22","Y",,,,,
"1114","ZTBLAIS_PROD","TEMP_TRANSACTIONS","9","TR_AMOUNT","NUMBER","22","Y",,,,,
"1115","ZTBLAIS_PROD","TEMP_T_AUDITEE_ENTITIES_SIZE","1","S_ID","NUMBER","22","Y",,,,,
"1116","ZTBLAIS_PROD","TEMP_T_AUDITEE_ENTITIES_SIZE","2","ENTITY_CODE","NUMBER","22","Y",,,,,
"1117","ZTBLAIS_PROD","TEMP_T_AUDITEE_ENTITIES_SIZE","3","ENTITY_SIZE","NUMBER","22","Y",,,,,
"1118","ZTBLAIS_PROD","TEMP_T_AUDITEE_ENTITIES_SIZE","4","ENTITY_ID","NUMBER","22","Y",,,,,
"1119","ZTBLAIS_PROD","TEMP_T_AU_API_MASTER_FOR_PRODUCTION","1","API_ID","NUMBER","22","N","SYS_C001145525","CHECK",,,
"1120","ZTBLAIS_PROD","TEMP_T_AU_API_MASTER_FOR_PRODUCTION","2","PAGE_ID","NUMBER","22","Y",,,,,
"1121","ZTBLAIS_PROD","TEMP_T_AU_API_MASTER_FOR_PRODUCTION","3","CONTROLLER_NAME","VARCHAR2","100","N","SYS_C001145526","CHECK",,,
"1122","ZTBLAIS_PROD","TEMP_T_AU_API_MASTER_FOR_PRODUCTION","4","ACTION_NAME","VARCHAR2","100","Y",,,,,
"1123","ZTBLAIS_PROD","TEMP_T_AU_API_MASTER_FOR_PRODUCTION","5","VIEW_NAME","VARCHAR2","150","Y",,,,,
"1124","ZTBLAIS_PROD","TEMP_T_AU_API_MASTER_FOR_PRODUCTION","6","API_PATH","VARCHAR2","500","N","SYS_C001145527","CHECK",,,
"1125","ZTBLAIS_PROD","TEMP_T_AU_API_MASTER_FOR_PRODUCTION","7","HTTP_METHOD","VARCHAR2","10","N","SYS_C001145528","CHECK",,,
"1126","ZTBLAIS_PROD","TEMP_T_AU_API_MASTER_FOR_PRODUCTION","8","IS_ACTIVE","CHAR","1","N","SYS_C001145529","CHECK",,,
"1127","ZTBLAIS_PROD","TEMP_T_AU_API_MASTER_FOR_PRODUCTION","9","CREATED_ON","DATE","7","N","SYS_C001145530","CHECK",,,
"1128","ZTBLAIS_PROD","TEMP_T_AU_API_MASTER_FOR_PRODUCTION","10","CREATED_BY","NUMBER","22","Y",,,,,
"1129","ZTBLAIS_PROD","TEMP_T_AU_API_MASTER_FOR_PRODUCTION","11","UPDATED_ON","DATE","7","Y",,,,,
"1130","ZTBLAIS_PROD","TEMP_T_AU_API_MASTER_FOR_PRODUCTION","12","UPDATE_BY","NUMBER","22","Y",,,,,
"1131","ZTBLAIS_PROD","TEMP_T_AU_NEW_PARAS_STATUS_CHANGE_LOG","1","ID","NUMBER","22","Y",,,,,
"1132","ZTBLAIS_PROD","TEMP_T_AU_NEW_PARAS_STATUS_CHANGE_LOG","2","AU_OBS_ID","NUMBER","22","Y",,,,,
"1133","ZTBLAIS_PROD","TEMP_T_AU_NEW_PARAS_STATUS_CHANGE_LOG","3","OLD_STATUS","NUMBER","22","Y",,,,,
"1134","ZTBLAIS_PROD","TEMP_T_AU_NEW_PARAS_STATUS_CHANGE_LOG","4","NEW_STATUS","NUMBER","22","Y",,,,,
"1135","ZTBLAIS_PROD","TEMP_T_AU_NEW_PARAS_STATUS_CHANGE_LOG","5","CREATED_BY","NUMBER","22","Y",,,,,
"1136","ZTBLAIS_PROD","TEMP_T_AU_NEW_PARAS_STATUS_CHANGE_LOG","6","CREATED_DATE","TIMESTAMP(6)","11","Y",,,,,
"1137","ZTBLAIS_PROD","TEMP_T_AU_NEW_PARAS_STATUS_CHANGE_LOG","7","REMARKS","VARCHAR2","500","Y",,,,,
"1138","ZTBLAIS_PROD","TEMP_T_AU_NEW_PARAS_STATUS_CHANGE_LOG","8","SEQUENCE","NUMBER","22","Y",,,,,
"1139","ZTBLAIS_PROD","TEMP_T_AU_NEW_PARAS_STATUS_CHANGE_LOG","9","AUTHORIZED_ON","TIMESTAMP(6)","11","Y",,,,,
"1140","ZTBLAIS_PROD","TEMP_T_AU_NEW_PARAS_STATUS_CHANGE_LOG","10","AUTHORIZED_BY","NUMBER","22","Y",,,,,
"1141","ZTBLAIS_PROD","TEMP_T_AU_NEW_PARAS_STATUS_CHANGE_LOG","11","AUTHORIZED_COMMENTS","VARCHAR2","500","Y",,,,,
"1142","ZTBLAIS_PROD","TEMP_T_AU_NEW_PARAS_STATUS_CHANGE_LOG","12","OBS_ID","NUMBER","22","Y",,,,,
"1143","ZTBLAIS_PROD","TEMP_T_AU_NEW_PARAS_STATUS_CHANGE_LOG","13","REVIEWED_ON","TIMESTAMP(6)","11","Y",,,,,
"1144","ZTBLAIS_PROD","TEMP_T_AU_NEW_PARAS_STATUS_CHANGE_LOG","14","REVIEWED_BY","NUMBER","22","Y",,,,,
"1145","ZTBLAIS_PROD","TEMP_T_AU_NEW_PARAS_STATUS_CHANGE_LOG","15","REVIEWER_COMMENTS","VARCHAR2","500","Y",,,,,
"1146","ZTBLAIS_PROD","TEMP_T_AU_OLD_PARAS_FAD_RESPONSIBILITY_ASSIGNED","1","ID","NUMBER","22","N","SYS_C001092853","CHECK",,,
"1147","ZTBLAIS_PROD","TEMP_T_AU_OLD_PARAS_FAD_RESPONSIBILITY_ASSIGNED","2","OBS_ID","NUMBER","22","N","SYS_C001092854","CHECK",,,
"1148","ZTBLAIS_PROD","TEMP_T_AU_OLD_PARAS_FAD_RESPONSIBILITY_ASSIGNED","3","ASSIGNEDBY","NUMBER","22","N","SYS_C001092855","CHECK",,,
"1149","ZTBLAIS_PROD","TEMP_T_AU_OLD_PARAS_FAD_RESPONSIBILITY_ASSIGNED","4","PP_NO","NUMBER","22","N","SYS_C001092856","CHECK",,,
"1150","ZTBLAIS_PROD","TEMP_T_AU_OLD_PARAS_FAD_RESPONSIBILITY_ASSIGNED","5","LASTUPDATEDBY","NUMBER","22","Y",,,,,
"1151","ZTBLAIS_PROD","TEMP_T_AU_OLD_PARAS_FAD_RESPONSIBILITY_ASSIGNED","6","LASTUPDATEDDATE","DATE","7","Y",,,,,
"1152","ZTBLAIS_PROD","TEMP_T_AU_OLD_PARAS_FAD_RESPONSIBILITY_ASSIGNED","7","IS_ACTIVE","VARCHAR2","1","N","SYS_C001092857","CHECK",,,
"1153","ZTBLAIS_PROD","TEMP_T_AU_OLD_PARAS_FAD_RESPONSIBILITY_ASSIGNED","8","REMARKS","VARCHAR2","1","Y",,,,,
"1154","ZTBLAIS_PROD","TEMP_T_AU_OLD_PARAS_FAD_RESPONSIBILITY_ASSIGNED","9","LOAN_CASE","VARCHAR2","500","Y",,,,,
"1155","ZTBLAIS_PROD","TEMP_T_AU_OLD_PARAS_FAD_RESPONSIBILITY_ASSIGNED","10","ACCOUNT_NUMBER","VARCHAR2","500","Y",,,,,
"1156","ZTBLAIS_PROD","TEMP_T_AU_OLD_PARAS_FAD_RESPONSIBILITY_ASSIGNED","11","LC_AMOUNT","VARCHAR2","500","Y",,,,,
"1157","ZTBLAIS_PROD","TEMP_T_AU_OLD_PARAS_FAD_RESPONSIBILITY_ASSIGNED","12","AC_AMOUNT","VARCHAR2","500","Y",,,,,
"1158","ZTBLAIS_PROD","TEMP_T_AU_OLD_PARAS_FAD_RESPONSIBILITY_ASSIGNED","13","REF_P","VARCHAR2","100","Y",,,,,
"1159","ZTBLAIS_PROD","TEMP_V_RPT_FAD_EXECP_ACCOUNT_AML_STR","1","BRANCHCODE","VARCHAR2","25","Y",,,,,
"1160","ZTBLAIS_PROD","TEMP_V_RPT_FAD_EXECP_ACCOUNT_AML_STR","2","OLDACCOUNTNO","VARCHAR2","25","Y",,,,,
"1161","ZTBLAIS_PROD","TEMP_V_RPT_FAD_EXECP_ACCOUNT_AML_STR","3","TRANSACTIONDATE","DATE","7","Y",,,,,
"1162","ZTBLAIS_PROD","TEMP_V_RPT_FAD_EXECP_ACCOUNT_AML_STR","4","DRAMOUNT","NUMBER","22","Y",,,,,
"1163","ZTBLAIS_PROD","TEMP_V_RPT_FAD_EXECP_ACCOUNT_AML_STR","5","CRAMOUNT","NUMBER","22","Y",,,,,
"1164","ZTBLAIS_PROD","TEMP_ZUB_T_AU_OBSERVATION_TEXT","1","ID","NUMBER","22","N","SYS_C001093046","CHECK",,,
"1165","ZTBLAIS_PROD","TEMP_ZUB_T_AU_OBSERVATION_TEXT","2","OBSERVATSION_ID","NUMBER","22","N","SYS_C001093047","CHECK",,,
"1166","ZTBLAIS_PROD","TEMP_ZUB_T_AU_OBSERVATION_TEXT","3","TEXT","CLOB","4000","Y",,,,,
"1167","ZTBLAIS_PROD","TEMP_ZUB_T_AU_OBSERVATION_TEXT","4","REMARKS","VARCHAR2","250","Y",,,,,
"1168","ZTBLAIS_PROD","TEMP_ZUB_T_AU_OBSERVATION_TEXT","5","ENTEREDBY","NUMBER","22","Y",,,,,
"1169","ZTBLAIS_PROD","TEMP_ZUB_T_AU_OBSERVATION_TEXT","6","ENTEREDDATE","DATE","7","Y",,,,,
"1170","ZTBLAIS_PROD","TEMP_ZUB_T_AU_OBSERVATION_TEXT","7","LASTUPDATEDBY","NUMBER","22","Y",,,,,
"1171","ZTBLAIS_PROD","TEMP_ZUB_T_AU_OBSERVATION_TEXT","8","LASTUPDATEDDATE","DATE","7","Y",,,,,
"1172","ZTBLAIS_PROD","TEMP_ZUB_T_AU_OBSERVATION_TEXT","9","ENG_PLAN","NUMBER","22","Y",,,,,
"1173","ZTBLAIS_PROD","TEMP_ZUB_T_AU_OBSERVATION_TEXT","10","MEMO_NUMBER","NUMBER","22","Y",,,,,
"1174","ZTBLAIS_PROD","TEMP_ZUB_T_AU_OBSERVATION_TEXT","11","HEADINGS","VARCHAR2","3000","Y",,,,,
"1175","ZTBLAIS_PROD","T_APP_MAINTENANCE","1","ID","NUMBER","22","N","SYS_C001103152","PRIMARY KEY","TRG_T_APP_MAINTENANCE_ONE_ROW","INSERT","ENABLED"
"1176","ZTBLAIS_PROD","T_APP_MAINTENANCE","2","IS_ON","NUMBER","22","N","CK_T_APP_MAINT_IS_ON","CHECK","TRG_T_APP_MAINTENANCE_ONE_ROW","INSERT","ENABLED"
"1177","ZTBLAIS_PROD","T_APP_MAINTENANCE","2","IS_ON","NUMBER","22","N","SYS_C001103151","CHECK","TRG_T_APP_MAINTENANCE_ONE_ROW","INSERT","ENABLED"
"1178","ZTBLAIS_PROD","T_APP_MAINTENANCE","3","MESSAGE","VARCHAR2","1000","Y","","","TRG_T_APP_MAINTENANCE_ONE_ROW","INSERT","ENABLED"
"1179","ZTBLAIS_PROD","T_APP_MAINTENANCE","4","RETRY_AFTER_MIN","NUMBER","22","Y","","","TRG_T_APP_MAINTENANCE_ONE_ROW","INSERT","ENABLED"
"1180","ZTBLAIS_PROD","T_APP_MAINTENANCE","5","ALLOW_IPS","VARCHAR2","2000","Y","","","TRG_T_APP_MAINTENANCE_ONE_ROW","INSERT","ENABLED"
"1181","ZTBLAIS_PROD","T_APP_MAINTENANCE","6","UPDATED_BY","VARCHAR2","200","Y","","","TRG_T_APP_MAINTENANCE_ONE_ROW","INSERT","ENABLED"
"1182","ZTBLAIS_PROD","T_APP_MAINTENANCE","7","UPDATED_ON","DATE","7","Y","","","TRG_T_APP_MAINTENANCE_ONE_ROW","INSERT","ENABLED"
"1183","ZTBLAIS_PROD","T_APP_MAINTENANCE","8","END_AT","DATE","7","Y","","","TRG_T_APP_MAINTENANCE_ONE_ROW","INSERT","ENABLED"
"1184","ZTBLAIS_PROD","T_AUDITEE_CHECKKLIST","1","ID","NUMBER","22","Y",,,,,
"1185","ZTBLAIS_PROD","T_AUDITEE_CHECKKLIST","2","ENG_ID","NUMBER","22","Y",,,,,
"1186","ZTBLAIS_PROD","T_AUDITEE_CHECKKLIST","3","CHECKLIST_ID","NUMBER","22","Y",,,,,
"1187","ZTBLAIS_PROD","T_AUDITEE_CHECKKLIST","4","ENTEREDBY","NUMBER","22","Y",,,,,
"1188","ZTBLAIS_PROD","T_AUDITEE_CHECKKLIST","5","ENTEREDON","DATE","7","Y",,,,,
"1189","ZTBLAIS_PROD","T_AUDITEE_CHECKKLIST","6","STATUS","NUMBER","22","Y",,,,,
"1190","ZTBLAIS_PROD","T_AUDITEE_CHECKKLIST","7","ACTION","VARCHAR2","2","Y",,,,,
"1191","ZTBLAIS_PROD","T_AUDITEE_CHECKLIST_STATUS","1","SID","NUMBER","22","Y",,,,,
"1192","ZTBLAIS_PROD","T_AUDITEE_CHECKLIST_STATUS","2","STATUS","VARCHAR2","50","Y",,,,,
"1193","ZTBLAIS_PROD","T_AUDITEE_ENTITEE_SUBENTITY","1","ID","NUMBER","22","N","SYS_C001092935","CHECK",,,
"1194","ZTBLAIS_PROD","T_AUDITEE_ENTITEE_SUBENTITY","2","NAME","VARCHAR2","200","Y",,,,,
"1195","ZTBLAIS_PROD","T_AUDITEE_ENTITEE_SUBENTITY","3","DEPT_ID","NUMBER","22","Y",,,,,
"1196","ZTBLAIS_PROD","T_AUDITEE_ENTITEE_SUBENTITY","4","PARENT_ENITITID","NUMBER","22","Y",,,,,
"1197","ZTBLAIS_PROD","T_AUDITEE_ENTITEE_SUBENTITY","5","STATUS","VARCHAR2","2","Y",,,,,
"1198","ZTBLAIS_PROD","T_AUDITEE_ENTITEE_SUBENTITY","6","ENITITY_ID","NUMBER","22","Y",,,,,
"1199","ZTBLAIS_PROD","T_AUDITEE_ENTITIES","1","ENTITY_ID","NUMBER","22","Y",,,,,
"1200","ZTBLAIS_PROD","T_AUDITEE_ENTITIES","2","CODE","NUMBER","22","Y",,,,,
"1201","ZTBLAIS_PROD","T_AUDITEE_ENTITIES","3","DESCRIPTION","VARCHAR2","100","Y",,,,,
"1202","ZTBLAIS_PROD","T_AUDITEE_ENTITIES","4","NAME","VARCHAR2","100","Y",,,,,
"1203","ZTBLAIS_PROD","T_AUDITEE_ENTITIES","5","TYPE_ID","NUMBER","22","Y",,,,,
"1204","ZTBLAIS_PROD","T_AUDITEE_ENTITIES","6","AUDITBY_ID","NUMBER","22","Y",,,,,
"1205","ZTBLAIS_PROD","T_AUDITEE_ENTITIES","7","INSPECTEDBY_ID","NUMBER","22","Y",,,,,
"1206","ZTBLAIS_PROD","T_AUDITEE_ENTITIES","8","COST_CENTER","NUMBER","22","Y",,,,,
"1207","ZTBLAIS_PROD","T_AUDITEE_ENTITIES","9","ACTIVE","CHAR","1","Y",,,,,
"1208","ZTBLAIS_PROD","T_AUDITEE_ENTITIES","10","AUDITABLE","VARCHAR2","2","Y",,,,,
"1209","ZTBLAIS_PROD","T_AUDITEE_ENTITIES","11","AUDITOR","CHAR","1","Y",,,,,
"1210","ZTBLAIS_PROD","T_AUDITEE_ENTITIES","12","IAD","CHAR","1","Y",,,,,
"1211","ZTBLAIS_PROD","T_AUDITEE_ENTITIES","13","COMPLICE_BY","VARCHAR2","200","Y",,,,,
"1212","ZTBLAIS_PROD","T_AUDITEE_ENTITIES","14","COMPLIANCE_UNIT","NUMBER","22","Y",,,,,
"1213","ZTBLAIS_PROD","T_AUDITEE_ENTITIES","15","ADDRESS","VARCHAR2","2000","Y",,,,,
"1214","ZTBLAIS_PROD","T_AUDITEE_ENTITIES","16","TELEPHONE","VARCHAR2","200","Y",,,,,
"1215","ZTBLAIS_PROD","T_AUDITEE_ENTITIES","17","EMAIL_ADDRESS","VARCHAR2","200","Y",,,,,
"1216","ZTBLAIS_PROD","T_AUDITEE_ENTITIES","18","RISK_ID","NUMBER","22","Y",,,,,
"1217","ZTBLAIS_PROD","T_AUDITEE_ENTITIES","19","SIZE_ID","NUMBER","22","Y",,,,,
"1218","ZTBLAIS_PROD","T_AUDITEE_ENTITIES_ADDRESS","1","ENTITY_ID","NUMBER","22","Y",,,,,
"1219","ZTBLAIS_PROD","T_AUDITEE_ENTITIES_ADDRESS","2","CODE","NUMBER","22","Y",,,,,
"1220","ZTBLAIS_PROD","T_AUDITEE_ENTITIES_ADDRESS","3","ADDRESS","VARCHAR2","2000","Y",,,,,
"1221","ZTBLAIS_PROD","T_AUDITEE_ENTITIES_ADDRESS","4","TELEPHONE","VARCHAR2","200","Y",,,,,
"1222","ZTBLAIS_PROD","T_AUDITEE_ENTITIES_ADDRESS","5","PARENT_ID","NUMBER","22","Y",,,,,
"1223","ZTBLAIS_PROD","T_AUDITEE_ENTITIES_ADDRESS","6","DATE_OF_OPENING","DATE","7","Y",,,,,
"1224","ZTBLAIS_PROD","T_AUDITEE_ENTITIES_ADDRESS","7","LICENSE","VARCHAR2","200","Y",,,,,
"1225","ZTBLAIS_PROD","T_AUDITEE_ENTITIES_ADDRESS","8","STATUS","VARCHAR2","2","Y",,,,,
"1226","ZTBLAIS_PROD","T_AUDITEE_ENTITIES_ADDRESS","9","NAME","VARCHAR2","1000","Y",,,,,
"1227","ZTBLAIS_PROD","T_AUDITEE_ENTITIES_AUDIT_DATES","1","ID","NUMBER","22","Y",,,,,
"1228","ZTBLAIS_PROD","T_AUDITEE_ENTITIES_AUDIT_DATES","2","AUDIT_PERIOD_ID","NUMBER","22","Y",,,,,
"1229","ZTBLAIS_PROD","T_AUDITEE_ENTITIES_AUDIT_DATES","3","ENTITY_ID","NUMBER","22","Y",,,,,
"1230","ZTBLAIS_PROD","T_AUDITEE_ENTITIES_AUDIT_DATES","4","ENTITY_CODE","NUMBER","22","Y",,,,,
"1231","ZTBLAIS_PROD","T_AUDITEE_ENTITIES_AUDIT_DATES","5","ENTITY_TYPE","NUMBER","22","Y",,,,,
"1232","ZTBLAIS_PROD","T_AUDITEE_ENTITIES_AUDIT_DATES","6","RISK_ID","NUMBER","22","Y",,,,,
"1233","ZTBLAIS_PROD","T_AUDITEE_ENTITIES_AUDIT_DATES","7","AUDIT_STARTDATE","DATE","7","Y",,,,,
"1234","ZTBLAIS_PROD","T_AUDITEE_ENTITIES_AUDIT_DATES","8","AUDIT_ENDDATE","DATE","7","Y",,,,,
"1235","ZTBLAIS_PROD","T_AUDITEE_ENTITIES_AUDIT_DATES","9","STATUS","NUMBER","22","Y",,,,,
"1236","ZTBLAIS_PROD","T_AUDITEE_ENTITIES_CODE","1","ID","NUMBER","22","N","ID_PRI_CODE","PRIMARY KEY",,,
"1237","ZTBLAIS_PROD","T_AUDITEE_ENTITIES_CODE","2","AIS_ID","NUMBER","22","N","SYS_C001092843","CHECK",,,
"1238","ZTBLAIS_PROD","T_AUDITEE_ENTITIES_CODE","3","CBAS_ID","NUMBER","22","Y",,,,,
"1239","ZTBLAIS_PROD","T_AUDITEE_ENTITIES_CODE","4","HRMS_ID","NUMBER","22","Y",,,,,
"1240","ZTBLAIS_PROD","T_AUDITEE_ENTITIES_CODE","5","ERP_ID","NUMBER","22","Y",,,,,
"1241","ZTBLAIS_PROD","T_AUDITEE_ENTITIES_CODE","6","HYP_ID","NUMBER","22","Y",,,,,
"1242","ZTBLAIS_PROD","T_AUDITEE_ENTITIES_CODE","7","CDMS_ID","NUMBER","22","Y",,,,,
"1243","ZTBLAIS_PROD","T_AUDITEE_ENTITIES_CODE","8","CPMS_ID","NUMBER","22","Y",,,,,
"1244","ZTBLAIS_PROD","T_AUDITEE_ENTITIES_MAPING","1","PARENT_ID","NUMBER","22","Y",,,,,
"1245","ZTBLAIS_PROD","T_AUDITEE_ENTITIES_MAPING","2","PARENT_CODE","NUMBER","22","Y",,,,,
"1246","ZTBLAIS_PROD","T_AUDITEE_ENTITIES_MAPING","3","CHILD_CODE","NUMBER","22","Y",,,,,
"1247","ZTBLAIS_PROD","T_AUDITEE_ENTITIES_MAPING","4","ENTITY_ID","NUMBER","22","Y",,,,,
"1248","ZTBLAIS_PROD","T_AUDITEE_ENTITIES_MAPING","5","AUDITEDBY","NUMBER","22","Y",,,,,
"1249","ZTBLAIS_PROD","T_AUDITEE_ENTITIES_MAPING","6","STATUS","VARCHAR2","2","Y",,,,,
"1250","ZTBLAIS_PROD","T_AUDITEE_ENTITIES_MAPING","7","P_NAME","VARCHAR2","1000","Y",,,,,
"1251","ZTBLAIS_PROD","T_AUDITEE_ENTITIES_MAPING","8","C_NAME","VARCHAR2","1000","Y",,,,,
"1252","ZTBLAIS_PROD","T_AUDITEE_ENTITIES_MAPING","9","P_TYPE_ID","NUMBER","22","Y",,,,,
"1253","ZTBLAIS_PROD","T_AUDITEE_ENTITIES_MAPING","10","C_TYPE_ID","NUMBER","22","Y",,,,,
"1254","ZTBLAIS_PROD","T_AUDITEE_ENTITIES_MAPING","11","RELATION_TYPE_ID","NUMBER","22","Y",,,,,
"1255","ZTBLAIS_PROD","T_AUDITEE_ENTITIES_MAPING","12","R_KEY","VARCHAR2","200","Y",,,,,
"1256","ZTBLAIS_PROD","T_AUDITEE_ENTITIES_MAPING","13","REPORTING","NUMBER","22","Y",,,,,
"1257","ZTBLAIS_PROD","T_AUDITEE_ENTITIES_MAPING","14","GM_OFFICE","NUMBER","22","Y",,,,,
"1258","ZTBLAIS_PROD","T_AUDITEE_ENTITIES_MAPING","15","DIV_OFFICE","NUMBER","22","Y",,,,,
"1259","ZTBLAIS_PROD","T_AUDITEE_ENTITIES_MAPING","16","B_GROUP","NUMBER","22","Y",,,,,
"1260","ZTBLAIS_PROD","T_AUDITEE_ENTITIES_MAPING_COM","1","ENTITY_ID","NUMBER","22","Y",,,,,
"1261","ZTBLAIS_PROD","T_AUDITEE_ENTITIES_MAPING_COM","2","APPROVER_PPNO","NUMBER","22","Y",,,,,
"1262","ZTBLAIS_PROD","T_AUDITEE_ENTITIES_MAPING_COM","3","REVIEWER_PPNO","NUMBER","22","Y",,,,,
"1263","ZTBLAIS_PROD","T_AUDITEE_ENTITIES_MAPING_COM","4","COM_KEY","VARCHAR2","200","Y",,,,,
"1264","ZTBLAIS_PROD","T_AUDITEE_ENTITIES_MAPING_FAD","1","PARENT_ID","NUMBER","22","Y",,,,,
"1265","ZTBLAIS_PROD","T_AUDITEE_ENTITIES_MAPING_FAD","2","PPNO","NUMBER","22","Y",,,,,
"1266","ZTBLAIS_PROD","T_AUDITEE_ENTITIES_MAPING_FAD","3","ENTITY_ID","NUMBER","22","Y",,,,,
"1267","ZTBLAIS_PROD","T_AUDITEE_ENTITIES_MAPING_FAD_REPORTING","1","ID","NUMBER","22","Y",,,,,
"1268","ZTBLAIS_PROD","T_AUDITEE_ENTITIES_MAPING_FAD_REPORTING","2","AUDITZONE_ID","NUMBER","22","Y",,,,,
"1269","ZTBLAIS_PROD","T_AUDITEE_ENTITIES_MAPING_FAD_REPORTING","3","REGION_ID","NUMBER","22","Y",,,,,
"1270","ZTBLAIS_PROD","T_AUDITEE_ENTITIES_MAPING_FAD_REPORTING","4","ENTITY_ID","NUMBER","22","Y",,,,,
"1271","ZTBLAIS_PROD","T_AUDITEE_ENTITIES_MAPING_FAD_REPORTING","5","TYPE_ID","NUMBER","22","Y",,,,,
"1272","ZTBLAIS_PROD","T_AUDITEE_ENTITIES_MAPING_FAD_REPORTING","6","TEIR","NUMBER","22","Y",,,,,
"1273","ZTBLAIS_PROD","T_AUDITEE_ENTITIES_MAPING_FUNCTION","1","PARENT_ID","NUMBER","22","Y",,,,,
"1274","ZTBLAIS_PROD","T_AUDITEE_ENTITIES_MAPING_FUNCTION","2","P_NAME","VARCHAR2","1000","Y",,,,,
"1275","ZTBLAIS_PROD","T_AUDITEE_ENTITIES_MAPING_FUNCTION","3","P_TYPE_ID","NUMBER","22","Y",,,,,
"1276","ZTBLAIS_PROD","T_AUDITEE_ENTITIES_MAPING_FUNCTION","4","C_TYPE_ID","NUMBER","22","Y",,,,,
"1277","ZTBLAIS_PROD","T_AUDITEE_ENTITIES_MAPING_REPORTING","1","PARENT_ID","NUMBER","22","Y",,,,,
"1278","ZTBLAIS_PROD","T_AUDITEE_ENTITIES_MAPING_REPORTING","2","PARENT_CODE","NUMBER","22","Y",,,,,
"1279","ZTBLAIS_PROD","T_AUDITEE_ENTITIES_MAPING_REPORTING","3","CHILD_CODE","NUMBER","22","Y",,,,,
"1280","ZTBLAIS_PROD","T_AUDITEE_ENTITIES_MAPING_REPORTING","4","ENTITY_ID","NUMBER","22","Y",,,,,
"1281","ZTBLAIS_PROD","T_AUDITEE_ENTITIES_MAPING_REPORTING","5","AUDITEDBY","NUMBER","22","Y",,,,,
"1282","ZTBLAIS_PROD","T_AUDITEE_ENTITIES_MAPING_REPORTING","6","STATUS","VARCHAR2","2","Y",,,,,
"1283","ZTBLAIS_PROD","T_AUDITEE_ENTITIES_MAPING_REPORTING","7","P_NAME","VARCHAR2","1000","Y",,,,,
"1284","ZTBLAIS_PROD","T_AUDITEE_ENTITIES_MAPING_REPORTING","8","C_NAME","VARCHAR2","1000","Y",,,,,
"1285","ZTBLAIS_PROD","T_AUDITEE_ENTITIES_MAPING_REPORTING","9","P_TYPE_ID","NUMBER","22","Y",,,,,
"1286","ZTBLAIS_PROD","T_AUDITEE_ENTITIES_MAPING_REPORTING","10","C_TYPE_ID","NUMBER","22","Y",,,,,
"1287","ZTBLAIS_PROD","T_AUDITEE_ENTITIES_MAPING_REPORTING","11","RELATION_TYPE_ID","NUMBER","22","Y",,,,,
"1288","ZTBLAIS_PROD","T_AUDITEE_ENTITIES_MAPING_REPORTING","12","CHILD_ID","NUMBER","22","Y",,,,,
"1289","ZTBLAIS_PROD","T_AUDITEE_ENTITIES_METHODOLOGY","1","ENTITY_ID","NUMBER","22","Y",,,,,
"1290","ZTBLAIS_PROD","T_AUDITEE_ENTITIES_METHODOLOGY","2","CODE","NUMBER","22","Y",,,,,
"1291","ZTBLAIS_PROD","T_AUDITEE_ENTITIES_METHODOLOGY","3","METHODOLOGY","VARCHAR2","2000","Y",,,,,
"1292","ZTBLAIS_PROD","T_AUDITEE_ENTITIES_METHODOLOGY","4","STATUS","VARCHAR2","2","Y",,,,,
"1293","ZTBLAIS_PROD","T_AUDITEE_ENTITIES_METHODOLOGY","5","TYPE_ID","NUMBER","22","Y",,,,,
"1294","ZTBLAIS_PROD","T_AUDITEE_ENTITIES_RISK","1","R_ID","NUMBER","22","Y",,,,,
"1295","ZTBLAIS_PROD","T_AUDITEE_ENTITIES_RISK","2","AUDIT_PERIOD_ID","NUMBER","22","Y",,,,,
"1296","ZTBLAIS_PROD","T_AUDITEE_ENTITIES_RISK","3","ENTITY_CODE","NUMBER","22","Y",,,,,
"1297","ZTBLAIS_PROD","T_AUDITEE_ENTITIES_RISK","4","RISK_RATING","NUMBER","22","Y",,,,,
"1298","ZTBLAIS_PROD","T_AUDITEE_ENTITIES_RISK","5","ENTITY_ID","NUMBER","22","Y",,,,,
"1299","ZTBLAIS_PROD","T_AUDITEE_ENTITIES_RISK","6","MARKS","NUMBER","22","Y",,,,,
"1300","ZTBLAIS_PROD","T_AUDITEE_ENTITIES_SCOPE","1","ENTITY_ID","NUMBER","22","Y",,,,,
"1301","ZTBLAIS_PROD","T_AUDITEE_ENTITIES_SCOPE","2","CODE","NUMBER","22","Y",,,,,
"1302","ZTBLAIS_PROD","T_AUDITEE_ENTITIES_SCOPE","3","AUDIT_SCOPE","VARCHAR2","2000","Y",,,,,
"1303","ZTBLAIS_PROD","T_AUDITEE_ENTITIES_SCOPE","4","OBJECTIVES","VARCHAR2","2000","Y",,,,,
"1304","ZTBLAIS_PROD","T_AUDITEE_ENTITIES_SCOPE","5","ENTERED_ON","DATE","7","Y",,,,,
"1305","ZTBLAIS_PROD","T_AUDITEE_ENTITIES_SCOPE","6","ENTERED_BY","NUMBER","22","Y",,,,,
"1306","ZTBLAIS_PROD","T_AUDITEE_ENTITIES_SCOPE","7","UPDATE_BY","NUMBER","22","Y",,,,,
"1307","ZTBLAIS_PROD","T_AUDITEE_ENTITIES_SCOPE","8","UPDATED_ON","DATE","7","Y",,,,,
"1308","ZTBLAIS_PROD","T_AUDITEE_ENTITIES_SCOPE","9","STATUS","VARCHAR2","2","Y",,,,,
"1309","ZTBLAIS_PROD","T_AUDITEE_ENTITIES_SIZE","1","S_ID","NUMBER","22","Y",,,,,
"1310","ZTBLAIS_PROD","T_AUDITEE_ENTITIES_SIZE","2","ENTITY_CODE","NUMBER","22","Y",,,,,
"1311","ZTBLAIS_PROD","T_AUDITEE_ENTITIES_SIZE","3","ENTITY_SIZE","NUMBER","22","Y",,,,,
"1312","ZTBLAIS_PROD","T_AUDITEE_ENTITIES_SIZE","4","ENTITY_ID","NUMBER","22","Y",,,,,
"1313","ZTBLAIS_PROD","T_AUDITEE_ENTITIES_SIZE_DISC","1","ENTITY_SIZE","NUMBER","22","Y",,,,,
"1314","ZTBLAIS_PROD","T_AUDITEE_ENTITIES_SIZE_DISC","2","DESCRIPTION","VARCHAR2","10","Y",,,,,
"1315","ZTBLAIS_PROD","T_AUDITEE_ENTITIES_UPDATE_AZ","1","ID","NUMBER","22","Y",,,,,
"1316","ZTBLAIS_PROD","T_AUDITEE_ENTITIES_UPDATE_AZ","2","ENTITY_ID","NUMBER","22","Y",,,,,
"1317","ZTBLAIS_PROD","T_AUDITEE_ENTITIES_UPDATE_AZ","3","CODE","NUMBER","22","Y",,,,,
"1318","ZTBLAIS_PROD","T_AUDITEE_ENTITIES_UPDATE_AZ","4","NAME","VARCHAR2","100","Y",,,,,
"1319","ZTBLAIS_PROD","T_AUDITEE_ENTITIES_UPDATE_AZ","5","ACTIVE","CHAR","1","Y",,,,,
"1320","ZTBLAIS_PROD","T_AUDITEE_ENTITIES_UPDATE_AZ","6","AUDITBY_ID","NUMBER","22","Y",,,,,
"1321","ZTBLAIS_PROD","T_AUDITEE_ENTITIES_UPDATE_AZ","7","AUDITABLE","VARCHAR2","2","Y",,,,,
"1322","ZTBLAIS_PROD","T_AUDITEE_ENTITIES_UPDATE_AZ","8","ADDRESS","VARCHAR2","2000","Y",,,,,
"1323","ZTBLAIS_PROD","T_AUDITEE_ENTITIES_UPDATE_AZ","9","TELEPHONE","VARCHAR2","200","Y",,,,,
"1324","ZTBLAIS_PROD","T_AUDITEE_ENTITIES_UPDATE_AZ","10","EMAIL_ADDRESS","VARCHAR2","200","Y",,,,,
"1325","ZTBLAIS_PROD","T_AUDITEE_ENTITIES_UPDATE_AZ","11","RISK_ID","NUMBER","22","Y",,,,,
"1326","ZTBLAIS_PROD","T_AUDITEE_ENTITIES_UPDATE_AZ","12","SIZE_ID","NUMBER","22","Y",,,,,
"1327","ZTBLAIS_PROD","T_AUDITEE_ENTITIES_UPDATE_AZ","13","UP_STATUS","CHAR","1","Y",,,,,
"1328","ZTBLAIS_PROD","T_AUDITEE_ENTITIES_UPDATE_AZ","14","UPDATED_BY","NUMBER","22","Y",,,,,
"1329","ZTBLAIS_PROD","T_AUDITEE_ENTITIES_UPDATE_AZ","15","UPDATE_ON","DATE","7","Y",,,,,
"1330","ZTBLAIS_PROD","T_AUDITEE_ENTITIES_UPDATE_AZ","16","AUTHORIZED_BY","NUMBER","22","Y",,,,,
"1331","ZTBLAIS_PROD","T_AUDITEE_ENTITIES_UPDATE_AZ","17","AUTHORIZED_ON","DATE","7","Y",,,,,
"1332","ZTBLAIS_PROD","T_AUDITEE_ENTITIES_UPDATE_LOG","1","ID","NUMBER","22","Y",,,,,
"1333","ZTBLAIS_PROD","T_AUDITEE_ENTITIES_UPDATE_LOG","2","USER_ENTITY_ID","NUMBER","22","Y",,,,,
"1334","ZTBLAIS_PROD","T_AUDITEE_ENTITIES_UPDATE_LOG","3","PPNUM","NUMBER","22","Y",,,,,
"1335","ZTBLAIS_PROD","T_AUDITEE_ENTITIES_UPDATE_LOG","4","ACTION","VARCHAR2","1000","Y",,,,,
"1336","ZTBLAIS_PROD","T_AUDITEE_ENTITIES_UPDATE_LOG","5","RECORD_TIME","DATE","7","Y",,,,,
"1337","ZTBLAIS_PROD","T_AUDITEE_ENTITIES_UPDATE_LOG","6","ROLE_ID","NUMBER","22","Y",,,,,
"1338","ZTBLAIS_PROD","T_AUDITEE_ENTITIES_UPDATE_LOG","7","ENTITY_ID","NUMBER","22","Y",,,,,
"1339","ZTBLAIS_PROD","T_AUDITEE_ENT_RELATION","1","ENTITY_REALTION_ID","NUMBER","22","N","SYS_C001092931","CHECK",,,
"1340","ZTBLAIS_PROD","T_AUDITEE_ENT_RELATION","2","PARENT_ENTITY_TYPEID","NUMBER","22","Y",,,,,
"1341","ZTBLAIS_PROD","T_AUDITEE_ENT_RELATION","3","CHILD_ENTITY_TYPEID","NUMBER","22","Y",,,,,
"1342","ZTBLAIS_PROD","T_AUDITEE_ENT_RELATION","4","STATUS","VARCHAR2","2","Y",,,,,
"1343","ZTBLAIS_PROD","T_AUDITEE_ENT_RELATION","5","PARENT_NAME","VARCHAR2","500","Y",,,,,
"1344","ZTBLAIS_PROD","T_AUDITEE_ENT_RELATION","6","CHLID_NAME","VARCHAR2","500","Y",,,,,
"1345","ZTBLAIS_PROD","T_AUDITEE_ENT_RELATION","7","ID","NUMBER","22","Y",,,,,
"1346","ZTBLAIS_PROD","T_AUDITEE_ENT_TYPES","1","AUTID","NUMBER","22","N","SYS_C001093161","CHECK",,,
"1347","ZTBLAIS_PROD","T_AUDITEE_ENT_TYPES","2","ENTITYCODE","VARCHAR2","4","Y",,,,,
"1348","ZTBLAIS_PROD","T_AUDITEE_ENT_TYPES","3","ENTITYTYPEDESC","VARCHAR2","100","Y",,,,,
"1349","ZTBLAIS_PROD","T_AUDITEE_ENT_TYPES","4","AUDITABLE","CHAR","1","Y",,,,,
"1350","ZTBLAIS_PROD","T_AUDITEE_ENT_TYPES","5","AUDITEDBY","NUMBER","22","Y",,,,,
"1351","ZTBLAIS_PROD","T_AUDITEE_ENT_TYPES","6","AUDITED_BY_ENITITY","NUMBER","22","Y",,,,,
"1352","ZTBLAIS_PROD","T_AUDITEE_ENT_TYPES","7","AUDIT_TYPE","CHAR","1","Y",,,,,
"1353","ZTBLAIS_PROD","T_AUDITEE_ENT_TYPES","8","CONTROLLING","NUMBER","22","Y",,,,,
"1354","ZTBLAIS_PROD","T_AUDITEE_ENT_TYPES","9","REPORTING","NUMBER","22","Y",,,,,
"1355","ZTBLAIS_PROD","T_AUDITEE_ENT_TYPES","10","GROUP_TYPE","CHAR","1","Y",,,,,
"1356","ZTBLAIS_PROD","T_AUDITZONE","1","ID","NUMBER","22","N","SYS_C001092820","CHECK",,,
"1357","ZTBLAIS_PROD","T_AUDITZONE","2","ZONECODE","NUMBER","22","N","SYS_C001092821","CHECK",,,
"1358","ZTBLAIS_PROD","T_AUDITZONE","3","ZONENAME","VARCHAR2","250","N","SYS_C001092822","CHECK",,,
"1359","ZTBLAIS_PROD","T_AUDITZONE","4","DESCRIPTION","VARCHAR2","250","Y",,,,,
"1360","ZTBLAIS_PROD","T_AUDITZONE","5","ISACTIVE","VARCHAR2","1","N","SYS_C001092823","CHECK",,,
"1361","ZTBLAIS_PROD","T_AUDITZONE","6","ENTITY_ID","NUMBER","22","Y",,,,,
"1362","ZTBLAIS_PROD","T_AUDITZONE_MAP","1","AZ_MAP_ID","NUMBER","22","Y",,,,,
"1363","ZTBLAIS_PROD","T_AUDITZONE_MAP","2","ZONE_ID","NUMBER","22","Y",,,,,
"1364","ZTBLAIS_PROD","T_AUDITZONE_MAP","3","AZ_ID","NUMBER","22","Y",,,,,
"1365","ZTBLAIS_PROD","T_AUDIT_CHECKLIST","1","T_ID","NUMBER","22","Y",,,,,
"1366","ZTBLAIS_PROD","T_AUDIT_CHECKLIST","2","HEADING","VARCHAR2","300","Y",,,,,
"1367","ZTBLAIS_PROD","T_AUDIT_CHECKLIST","3","ENTITY_TYPE","NUMBER","22","Y",,,,,
"1368","ZTBLAIS_PROD","T_AUDIT_CHECKLIST","4","STATUS","VARCHAR2","100","Y",,,,,
"1369","ZTBLAIS_PROD","T_AUDIT_CHECKLIST","5","WEIGHT_ASSIGNED","VARCHAR2","10","Y",,,,,
"1370","ZTBLAIS_PROD","T_AUDIT_CHECKLIST","6","RISK_SEQUENCE","NUMBER","22","Y",,,,,
"1371","ZTBLAIS_PROD","T_AUDIT_CHECKLIST_A","1","T_ID","NUMBER","22","Y",,,,,
"1372","ZTBLAIS_PROD","T_AUDIT_CHECKLIST_A","2","HEADING","VARCHAR2","300","Y",,,,,
"1373","ZTBLAIS_PROD","T_AUDIT_CHECKLIST_A","3","ENTITY_TYPE","NUMBER","22","Y",,,,,
"1374","ZTBLAIS_PROD","T_AUDIT_CHECKLIST_A","4","STATUS","VARCHAR2","100","Y",,,,,
"1375","ZTBLAIS_PROD","T_AUDIT_CHECKLIST_A","5","WEIGHT_ASSIGNED","VARCHAR2","10","Y",,,,,
"1376","ZTBLAIS_PROD","T_AUDIT_CHECKLIST_A","6","RISK_SEQUENCE","NUMBER","22","Y",,,,,
"1377","ZTBLAIS_PROD","T_AUDIT_CHECKLIST_ANNEXURE","1","ID","NUMBER","22","Y",,,,,
"1378","ZTBLAIS_PROD","T_AUDIT_CHECKLIST_ANNEXURE","2","CODE","VARCHAR2","10","Y",,,,,
"1379","ZTBLAIS_PROD","T_AUDIT_CHECKLIST_ANNEXURE","3","HEADING","VARCHAR2","1000","Y",,,,,
"1380","ZTBLAIS_PROD","T_AUDIT_CHECKLIST_ANNEXURE","4","VOL","VARCHAR2","50","Y",,,,,
"1381","ZTBLAIS_PROD","T_AUDIT_CHECKLIST_ANNEXURE","5","STATUS","VARCHAR2","2","Y",,,,,
"1382","ZTBLAIS_PROD","T_AUDIT_CHECKLIST_ANNEXURE","6","MAIN_PROCESS","NUMBER","22","Y",,,,,
"1383","ZTBLAIS_PROD","T_AUDIT_CHECKLIST_ANNEXURE","7","MAX_NUMBER","NUMBER","22","Y",,,,,
"1384","ZTBLAIS_PROD","T_AUDIT_CHECKLIST_ANNEXURE","8","WEIGHTAGE","NUMBER","22","Y",,,,,
"1385","ZTBLAIS_PROD","T_AUDIT_CHECKLIST_ANNEXURE","9","GRAVITY","NUMBER","22","Y",,,,,
"1386","ZTBLAIS_PROD","T_AUDIT_CHECKLIST_ANNEXURE","10","RISK","NUMBER","22","Y",,,,,
"1387","ZTBLAIS_PROD","T_AUDIT_CHECKLIST_ANNEXURE","11","CO_FUNCTION_1","NUMBER","22","Y",,,,,
"1388","ZTBLAIS_PROD","T_AUDIT_CHECKLIST_ANNEXURE","12","CO_FUNCTION_2","NUMBER","22","Y",,,,,
"1389","ZTBLAIS_PROD","T_AUDIT_CHECKLIST_ANNEXURE","13","FUNCTION","NUMBER","22","Y",,,,,
"1390","ZTBLAIS_PROD","T_AUDIT_CHECKLIST_ANNEXURE_CIRCULAR","1","ID","NUMBER","22","N","CIRCULAR_ID","PRIMARY KEY","TRG_AUDIT_CIRCULAR_ID","INSERT","ENABLED"
"1391","ZTBLAIS_PROD","T_AUDIT_CHECKLIST_ANNEXURE_CIRCULAR","2","DIVISION_ENT_ID","NUMBER","22","Y","","","TRG_AUDIT_CIRCULAR_ID","INSERT","ENABLED"
"1392","ZTBLAIS_PROD","T_AUDIT_CHECKLIST_ANNEXURE_CIRCULAR","3","REFERENCE_TYPE_ID","NUMBER","22","Y","","","TRG_AUDIT_CIRCULAR_ID","INSERT","ENABLED"
"1393","ZTBLAIS_PROD","T_AUDIT_CHECKLIST_ANNEXURE_CIRCULAR","4","REFERENCE_TYPE","CHAR","8","Y","","","TRG_AUDIT_CIRCULAR_ID","INSERT","ENABLED"
"1394","ZTBLAIS_PROD","T_AUDIT_CHECKLIST_ANNEXURE_CIRCULAR","5","INSTRUCTIONSDETAILS","VARCHAR2","255","Y","","","TRG_AUDIT_CIRCULAR_ID","INSERT","ENABLED"
"1395","ZTBLAIS_PROD","T_AUDIT_CHECKLIST_ANNEXURE_CIRCULAR","6","KEYWORDS","VARCHAR2","255","Y","","","TRG_AUDIT_CIRCULAR_ID","INSERT","ENABLED"
"1396","ZTBLAIS_PROD","T_AUDIT_CHECKLIST_ANNEXURE_CIRCULAR","7","REDIRECTEDPAGE","VARCHAR2","100","Y","","","TRG_AUDIT_CIRCULAR_ID","INSERT","ENABLED"
"1397","ZTBLAIS_PROD","T_AUDIT_CHECKLIST_ANNEXURE_CIRCULAR","8","DIVISION","VARCHAR2","50","Y","","","TRG_AUDIT_CIRCULAR_ID","INSERT","ENABLED"
"1398","ZTBLAIS_PROD","T_AUDIT_CHECKLIST_ANNEXURE_CIRCULAR","9","INSTRUCTIONSTITLE","VARCHAR2","50","Y","","","TRG_AUDIT_CIRCULAR_ID","INSERT","ENABLED"
"1399","ZTBLAIS_PROD","T_AUDIT_CHECKLIST_ANNEXURE_CIRCULAR","10","INSTRUCTIONSDATE","DATE","7","Y","","","TRG_AUDIT_CIRCULAR_ID","INSERT","ENABLED"
"1400","ZTBLAIS_PROD","T_AUDIT_CHECKLIST_ANNEXURE_CIRCULAR","11","DOCTYPE","VARCHAR2","10","Y","","","TRG_AUDIT_CIRCULAR_ID","INSERT","ENABLED"
"1401","ZTBLAIS_PROD","T_AUDIT_CHECKLIST_ANNEXURE_CIRCULAR_DOCS","1","DOC_ID","NUMBER","22","N","SYS_C001093214","CHECK",,,
"1402","ZTBLAIS_PROD","T_AUDIT_CHECKLIST_ANNEXURE_CIRCULAR_DOCS","1","DOC_ID","NUMBER","22","N","SYS_C001093287","PRIMARY KEY",,,
"1403","ZTBLAIS_PROD","T_AUDIT_CHECKLIST_ANNEXURE_CIRCULAR_DOCS","2","CIRCULAR_ID","NUMBER","22","N","FK_CIRCULAR_DOCS","FOREIGN KEY",,,
"1404","ZTBLAIS_PROD","T_AUDIT_CHECKLIST_ANNEXURE_CIRCULAR_DOCS","2","CIRCULAR_ID","NUMBER","22","N","SYS_C001093215","CHECK",,,
"1405","ZTBLAIS_PROD","T_AUDIT_CHECKLIST_ANNEXURE_CIRCULAR_DOCS","3","FILE_NAME","VARCHAR2","255","Y",,,,,
"1406","ZTBLAIS_PROD","T_AUDIT_CHECKLIST_ANNEXURE_CIRCULAR_DOCS","4","FILE_TYPE","VARCHAR2","50","Y",,,,,
"1407","ZTBLAIS_PROD","T_AUDIT_CHECKLIST_ANNEXURE_CIRCULAR_DOCS","5","FILE_SIZE","NUMBER","22","Y",,,,,
"1408","ZTBLAIS_PROD","T_AUDIT_CHECKLIST_ANNEXURE_CIRCULAR_DOCS","6","FILE_BLOB","BLOB","4000","Y",,,,,
"1409","ZTBLAIS_PROD","T_AUDIT_CHECKLIST_ANNEXURE_CIRCULAR_DOCS","7","UPLOADED_BY","VARCHAR2","50","Y",,,,,
"1410","ZTBLAIS_PROD","T_AUDIT_CHECKLIST_ANNEXURE_CIRCULAR_DOCS","8","UPLOADED_ON","DATE","7","Y",,,,,
"1411","ZTBLAIS_PROD","T_AUDIT_CHECKLIST_ANNEXURE_MAPPING","1","ID","NUMBER","22","Y",,,,,
"1412","ZTBLAIS_PROD","T_AUDIT_CHECKLIST_ANNEXURE_MAPPING","2","ANNEX","VARCHAR2","10","Y",,,,,
"1413","ZTBLAIS_PROD","T_AUDIT_CHECKLIST_ANNEXURE_MAPPING","3","PROCESS_ID","NUMBER","22","Y",,,,,
"1414","ZTBLAIS_PROD","T_AUDIT_CHECKLIST_ANNEXURE_PROCESS","1","ID","NUMBER","22","Y",,,,,
"1415","ZTBLAIS_PROD","T_AUDIT_CHECKLIST_ANNEXURE_PROCESS","2","HEADING","VARCHAR2","500","Y",,,,,
"1416","ZTBLAIS_PROD","T_AUDIT_CHECKLIST_ANNEXURE_PROCESS","3","AUDIT_COMMENTS","VARCHAR2","1000","Y",,,,,
"1417","ZTBLAIS_PROD","T_AUDIT_CHECKLIST_ANNEXURE_PROCESS","4","AUTOMATION","VARCHAR2","1000","Y",,,,,
"1418","ZTBLAIS_PROD","T_AUDIT_CHECKLIST_ANNEXURE_PROCESS","5","MONITORING","VARCHAR2","1000","Y",,,,,
"1419","ZTBLAIS_PROD","T_AUDIT_CHECKLIST_DETAILS","1","ID","NUMBER","22","N","SYS_C001092763","CHECK",,,
"1420","ZTBLAIS_PROD","T_AUDIT_CHECKLIST_DETAILS","2","S_ID","NUMBER","22","Y",,,,,
"1421","ZTBLAIS_PROD","T_AUDIT_CHECKLIST_DETAILS","3","HEADING","VARCHAR2","800","Y",,,,,
"1422","ZTBLAIS_PROD","T_AUDIT_CHECKLIST_DETAILS","4","V_ID","NUMBER","22","Y",,,,,
"1423","ZTBLAIS_PROD","T_AUDIT_CHECKLIST_DETAILS","5","RISK_ID","NUMBER","22","Y",,,,,
"1424","ZTBLAIS_PROD","T_AUDIT_CHECKLIST_DETAILS","6","ROLE_RESP_ID","NUMBER","22","Y",,,,,
"1425","ZTBLAIS_PROD","T_AUDIT_CHECKLIST_DETAILS","7","PROCESS_OWNER_ID","NUMBER","22","Y",,,,,
"1426","ZTBLAIS_PROD","T_AUDIT_CHECKLIST_DETAILS","8","STATUS","VARCHAR2","2","Y",,,,,
"1427","ZTBLAIS_PROD","T_AUDIT_CHECKLIST_DETAILS","9","OWNER_ENITITY_ID","NUMBER","22","Y",,,,,
"1428","ZTBLAIS_PROD","T_AUDIT_CHECKLIST_DETAILS","10","ANNEX","NUMBER","22","Y",,,,,
"1429","ZTBLAIS_PROD","T_AUDIT_CHECKLIST_DETAILS","11","SBP_CIRCULAR_ID","NUMBER","22","Y",,,,,
"1430","ZTBLAIS_PROD","T_AUDIT_CHECKLIST_DETAILS","12","ZTBL_CIRCULAR_ID","NUMBER","22","Y",,,,,
"1431","ZTBLAIS_PROD","T_AUDIT_CHECKLIST_DETAILS_BACK_UP_26062024","1","ID","NUMBER","22","N","SYS_C001092934","CHECK",,,
"1432","ZTBLAIS_PROD","T_AUDIT_CHECKLIST_DETAILS_BACK_UP_26062024","2","S_ID","NUMBER","22","Y",,,,,
"1433","ZTBLAIS_PROD","T_AUDIT_CHECKLIST_DETAILS_BACK_UP_26062024","3","HEADING","VARCHAR2","800","Y",,,,,
"1434","ZTBLAIS_PROD","T_AUDIT_CHECKLIST_DETAILS_BACK_UP_26062024","4","V_ID","NUMBER","22","Y",,,,,
"1435","ZTBLAIS_PROD","T_AUDIT_CHECKLIST_DETAILS_BACK_UP_26062024","5","RISK_ID","NUMBER","22","Y",,,,,
"1436","ZTBLAIS_PROD","T_AUDIT_CHECKLIST_DETAILS_BACK_UP_26062024","6","ROLE_RESP_ID","NUMBER","22","Y",,,,,
"1437","ZTBLAIS_PROD","T_AUDIT_CHECKLIST_DETAILS_BACK_UP_26062024","7","PROCESS_OWNER_ID","NUMBER","22","Y",,,,,
"1438","ZTBLAIS_PROD","T_AUDIT_CHECKLIST_DETAILS_BACK_UP_26062024","8","STATUS","VARCHAR2","2","Y",,,,,
"1439","ZTBLAIS_PROD","T_AUDIT_CHECKLIST_DETAILS_BACK_UP_26062024","9","OWNER_ENITITY_ID","NUMBER","22","Y",,,,,
"1440","ZTBLAIS_PROD","T_AUDIT_CHECKLIST_DETAILS_BACK_UP_26062024","10","ANNEX","NUMBER","22","Y",,,,,
"1441","ZTBLAIS_PROD","T_AUDIT_CHECKLIST_DETAILS_CHANGE","1","ID","NUMBER","22","N","SYS_C001093162","CHECK",,,
"1442","ZTBLAIS_PROD","T_AUDIT_CHECKLIST_DETAILS_CHANGE","2","S_ID","NUMBER","22","Y",,,,,
"1443","ZTBLAIS_PROD","T_AUDIT_CHECKLIST_DETAILS_CHANGE","3","V_ID","NUMBER","22","Y",,,,,
"1444","ZTBLAIS_PROD","T_AUDIT_CHECKLIST_DETAILS_CHANGE","4","RISK_ID","NUMBER","22","Y",,,,,
"1445","ZTBLAIS_PROD","T_AUDIT_CHECKLIST_DETAILS_CHANGE","5","ROLE_RESP_ID","NUMBER","22","Y",,,,,
"1446","ZTBLAIS_PROD","T_AUDIT_CHECKLIST_DETAILS_CHANGE","6","PROCESS_OWNER_ID","NUMBER","22","Y",,,,,
"1447","ZTBLAIS_PROD","T_AUDIT_CHECKLIST_DETAILS_CHANGE","7","OWNER_ENITITY_ID","NUMBER","22","Y",,,,,
"1448","ZTBLAIS_PROD","T_AUDIT_CHECKLIST_DETAILS_CHANGE","8","ANNEX","NUMBER","22","Y",,,,,
"1449","ZTBLAIS_PROD","T_AUDIT_CHECKLIST_DETAILS_CHANGE","9","N_D_ID","NUMBER","22","Y",,,,,
"1450","ZTBLAIS_PROD","T_AUDIT_CHECKLIST_DETAILS_CHANGE","10","N_S_ID","NUMBER","22","Y",,,,,
"1451","ZTBLAIS_PROD","T_AUDIT_CHECKLIST_DETAILS_CHANGE","11","N_V_ID","NUMBER","22","Y",,,,,
"1452","ZTBLAIS_PROD","T_AUDIT_CHECKLIST_DETAILS_CHANGE","12","N_HEADING","VARCHAR2","800","Y",,,,,
"1453","ZTBLAIS_PROD","T_AUDIT_CHECKLIST_DETAILS_CHANGE","13","N_RISK_ID","NUMBER","22","Y",,,,,
"1454","ZTBLAIS_PROD","T_AUDIT_CHECKLIST_DETAILS_CHANGE","14","N_ROLE_RESP_ID","NUMBER","22","Y",,,,,
"1455","ZTBLAIS_PROD","T_AUDIT_CHECKLIST_DETAILS_CHANGE","15","N_PROCESS_OWNER_ID","NUMBER","22","Y",,,,,
"1456","ZTBLAIS_PROD","T_AUDIT_CHECKLIST_DETAILS_CHANGE","16","N_OWNER_ENITITY_ID","NUMBER","22","Y",,,,,
"1457","ZTBLAIS_PROD","T_AUDIT_CHECKLIST_DETAILS_CHANGE","17","N_ANNEX","NUMBER","22","Y",,,,,
"1458","ZTBLAIS_PROD","T_AUDIT_CHECKLIST_DETAILS_CHANGE","18","STATUS","VARCHAR2","2","Y",,,,,
"1459","ZTBLAIS_PROD","T_AUDIT_CHECKLIST_DETAILS_CHANGE","19","UPDATED_ON","DATE","7","Y",,,,,
"1460","ZTBLAIS_PROD","T_AUDIT_CHECKLIST_DETAILS_CHANGE","20","SBP_CIRCULAR_ID","NUMBER","22","Y",,,,,
"1461","ZTBLAIS_PROD","T_AUDIT_CHECKLIST_DETAILS_CHANGE","21","ZTBL_CIRCULAR_ID","NUMBER","22","Y",,,,,
"1462","ZTBLAIS_PROD","T_AUDIT_CHECKLIST_DETAILS_CHANGE","22","N_SBP_CIRCULAR_ID","NUMBER","22","Y",,,,,
"1463","ZTBLAIS_PROD","T_AUDIT_CHECKLIST_DETAILS_CHANGE","23","N_ZTBL_CIRCULAR_ID","NUMBER","22","Y",,,,,
"1464","ZTBLAIS_PROD","T_AUDIT_CHECKLIST_DETAILS_LOG","1","ID","NUMBER","22","Y",,,,,
"1465","ZTBLAIS_PROD","T_AUDIT_CHECKLIST_DETAILS_LOG","2","S_ID","NUMBER","22","Y",,,,,
"1466","ZTBLAIS_PROD","T_AUDIT_CHECKLIST_DETAILS_LOG","3","T_ID","NUMBER","22","Y",,,,,
"1467","ZTBLAIS_PROD","T_AUDIT_CHECKLIST_DETAILS_LOG","4","STATUS_ID","NUMBER","22","Y",,,,,
"1468","ZTBLAIS_PROD","T_AUDIT_CHECKLIST_DETAILS_LOG","5","USER_ID","NUMBER","22","Y",,,,,
"1469","ZTBLAIS_PROD","T_AUDIT_CHECKLIST_DETAILS_LOG","6","USER_ENTITY","NUMBER","22","Y",,,,,
"1470","ZTBLAIS_PROD","T_AUDIT_CHECKLIST_DETAILS_LOG","7","CREATED_ON","DATE","7","N","SYS_C001093077","CHECK",,,
"1471","ZTBLAIS_PROD","T_AUDIT_CHECKLIST_DETAILS_LOG","8","COMMENTS","VARCHAR2","300","Y",,,,,
"1472","ZTBLAIS_PROD","T_AUDIT_CHECKLIST_DETAILS_LOG","9","D_ID","NUMBER","22","Y",,,,,
"1473","ZTBLAIS_PROD","T_AUDIT_CHECKLIST_DETAILS_STATUS","1","ID","NUMBER","22","Y",,,,,
"1474","ZTBLAIS_PROD","T_AUDIT_CHECKLIST_DETAILS_STATUS","2","STATUS","VARCHAR2","50","Y",,,,,
"1475","ZTBLAIS_PROD","T_AUDIT_CHECKLIST_DETAILS_STATUS_MAPPING","1","ID","NUMBER","22","Y",,,,,
"1476","ZTBLAIS_PROD","T_AUDIT_CHECKLIST_DETAILS_STATUS_MAPPING","2","T_ID","NUMBER","22","Y",,,,,
"1477","ZTBLAIS_PROD","T_AUDIT_CHECKLIST_DETAILS_STATUS_MAPPING","3","STATUS_ID","NUMBER","22","Y",,,,,
"1478","ZTBLAIS_PROD","T_AUDIT_CHECKLIST_DETAIL_DUPLICATE","1","CHECKLIST","NUMBER","22","Y",,,,,
"1479","ZTBLAIS_PROD","T_AUDIT_CHECKLIST_DETAIL_DUPLICATE","2","CHECKLIST_REPLACEMENT","NUMBER","22","Y",,,,,
"1480","ZTBLAIS_PROD","T_AUDIT_CHECKLIST_DETAIL_DUPLICATE","3","STATUS","VARCHAR2","2","Y",,,,,
"1481","ZTBLAIS_PROD","T_AUDIT_CHECKLIST_MERGER","1","C_ID","NUMBER","22","Y",,,,,
"1482","ZTBLAIS_PROD","T_AUDIT_CHECKLIST_MERGER","2","M_CID","NUMBER","22","Y",,,,,
"1483","ZTBLAIS_PROD","T_AUDIT_CHECKLIST_MERGER","3","STATUS","VARCHAR2","2","Y",,,,,
"1484","ZTBLAIS_PROD","T_AUDIT_CHECKLIST_SBP_CIRCULAR","1","ID","NUMBER","22","Y",,,,,
"1485","ZTBLAIS_PROD","T_AUDIT_CHECKLIST_SBP_CIRCULAR","2","SUBJECT","VARCHAR2","200","Y",,,,,
"1486","ZTBLAIS_PROD","T_AUDIT_CHECKLIST_SBP_CIRCULAR","3","PREVIOUS_INSTRUCTIONS","VARCHAR2","500","Y",,,,,
"1487","ZTBLAIS_PROD","T_AUDIT_CHECKLIST_SBP_CIRCULAR","4","PREVIOUS_INSTRUCTIONS_DATE","DATE","7","Y",,,,,
"1488","ZTBLAIS_PROD","T_AUDIT_CHECKLIST_SBP_CIRCULAR","5","PREVIOUS_INSTRUCTIONS_1","VARCHAR2","500","Y",,,,,
"1489","ZTBLAIS_PROD","T_AUDIT_CHECKLIST_SBP_CIRCULAR","6","PREVIOUS_INSTRUCTIONS_DATE_1","DATE","7","Y",,,,,
"1490","ZTBLAIS_PROD","T_AUDIT_CHECKLIST_SBP_CIRCULAR","7","PREVIOUS_INSTRUCTIONS_2","VARCHAR2","500","Y",,,,,
"1491","ZTBLAIS_PROD","T_AUDIT_CHECKLIST_SBP_CIRCULAR","8","PREVIOUS_INSTRUCTIONS_DATE_2","DATE","7","Y",,,,,
"1492","ZTBLAIS_PROD","T_AUDIT_CHECKLIST_SBP_CIRCULAR","9","PREVIOUS_INSTRUCTIONS_3","VARCHAR2","500","Y",,,,,
"1493","ZTBLAIS_PROD","T_AUDIT_CHECKLIST_SBP_CIRCULAR","10","PREVIOUS_INSTRUCTIONS_DATE_3","DATE","7","Y",,,,,
"1494","ZTBLAIS_PROD","T_AUDIT_CHECKLIST_SBP_CIRCULAR","11","PREVIOUS_INSTRUCTIONS_4","VARCHAR2","500","Y",,,,,
"1495","ZTBLAIS_PROD","T_AUDIT_CHECKLIST_SBP_CIRCULAR","12","PREVIOUS_INSTRUCTIONS_DATE_4","DATE","7","Y",,,,,
"1496","ZTBLAIS_PROD","T_AUDIT_CHECKLIST_SBP_CIRCULAR","13","PREVIOUS_INSTRUCTIONS_5","VARCHAR2","500","Y",,,,,
"1497","ZTBLAIS_PROD","T_AUDIT_CHECKLIST_SBP_CIRCULAR","14","PREVIOUS_INSTRUCTIONS_DATE_5","DATE","7","Y",,,,,
"1498","ZTBLAIS_PROD","T_AUDIT_CHECKLIST_SBP_CIRCULAR","15","PREVIOUS_INSTRUCTIONS_6","VARCHAR2","500","Y",,,,,
"1499","ZTBLAIS_PROD","T_AUDIT_CHECKLIST_SBP_CIRCULAR","16","PREVIOUS_INSTRUCTIONS_DATE_6","DATE","7","Y",,,,,
"1500","ZTBLAIS_PROD","T_AUDIT_CHECKLIST_SBP_CIRCULAR","17","PREVIOUS_INSTRUCTIONS_7","VARCHAR2","500","Y",,,,,
"1501","ZTBLAIS_PROD","T_AUDIT_CHECKLIST_SBP_CIRCULAR","18","PREVIOUS_INSTRUCTIONS_DATE_7","DATE","7","Y",,,,,
"1502","ZTBLAIS_PROD","T_AUDIT_CHECKLIST_SBP_CIRCULAR","19","PREVIOUS_INSTRUCTIONS_8","VARCHAR2","500","Y",,,,,
"1503","ZTBLAIS_PROD","T_AUDIT_CHECKLIST_SBP_CIRCULAR","20","PREVIOUS_INSTRUCTIONS_DATE_8","DATE","7","Y",,,,,
"1504","ZTBLAIS_PROD","T_AUDIT_CHECKLIST_SBP_CIRCULAR","21","FUNCTIONAL_OWNER","NUMBER","22","Y",,,,,
"1505","ZTBLAIS_PROD","T_AUDIT_CHECKLIST_SBP_CIRCULAR","22","ISSUANCE_DATE","DATE","7","Y",,,,,
"1506","ZTBLAIS_PROD","T_AUDIT_CHECKLIST_SBP_CIRCULAR","23","DISCRIPTION","CLOB","4000","Y",,,,,
"1507","ZTBLAIS_PROD","T_AUDIT_CHECKLIST_SBP_CIRCULAR","24","ACTIVE_STATUS","VARCHAR2","2","Y",,,,,
"1508","ZTBLAIS_PROD","T_AUDIT_CHECKLIST_SUB","1","S_ID","NUMBER","22","Y",,,,,
"1509","ZTBLAIS_PROD","T_AUDIT_CHECKLIST_SUB","2","T_ID","NUMBER","22","Y",,,,,
"1510","ZTBLAIS_PROD","T_AUDIT_CHECKLIST_SUB","3","HEADING","VARCHAR2","300","Y",,,,,
"1511","ZTBLAIS_PROD","T_AUDIT_CHECKLIST_SUB","4","ENTITY_TYPE","NUMBER","22","Y",,,,,
"1512","ZTBLAIS_PROD","T_AUDIT_CHECKLIST_SUB","5","STATUS","VARCHAR2","2","Y",,,,,
"1513","ZTBLAIS_PROD","T_AUDIT_CHECKLIST_SUB","6","WEIGHT_ASSIGNED","VARCHAR2","10","Y",,,,,
"1514","ZTBLAIS_PROD","T_AUDIT_CHECKLIST_SUB","7","RISK_SEQUENCE","NUMBER","22","Y",,,,,
"1515","ZTBLAIS_PROD","T_AUDIT_CHECKLIST_SUB_A","1","S_ID","NUMBER","22","Y",,,,,
"1516","ZTBLAIS_PROD","T_AUDIT_CHECKLIST_SUB_A","2","T_ID","NUMBER","22","Y",,,,,
"1517","ZTBLAIS_PROD","T_AUDIT_CHECKLIST_SUB_A","3","HEADING","VARCHAR2","300","Y",,,,,
"1518","ZTBLAIS_PROD","T_AUDIT_CHECKLIST_SUB_A","4","ENTITY_TYPE","NUMBER","22","Y",,,,,
"1519","ZTBLAIS_PROD","T_AUDIT_CHECKLIST_SUB_A","5","STATUS","VARCHAR2","2","Y",,,,,
"1520","ZTBLAIS_PROD","T_AUDIT_CHECKLIST_SUB_A","6","WEIGHT_ASSIGNED","VARCHAR2","10","Y",,,,,
"1521","ZTBLAIS_PROD","T_AUDIT_CHECKLIST_SUB_A","7","RISK_SEQUENCE","NUMBER","22","Y",,,,,
"1522","ZTBLAIS_PROD","T_AUDIT_CHECKLIST_SUB_CHANGE","1","S_ID","NUMBER","22","Y",,,,,
"1523","ZTBLAIS_PROD","T_AUDIT_CHECKLIST_SUB_CHANGE","2","T_ID","NUMBER","22","Y",,,,,
"1524","ZTBLAIS_PROD","T_AUDIT_CHECKLIST_SUB_CHANGE","3","N_T_ID","NUMBER","22","Y",,,,,
"1525","ZTBLAIS_PROD","T_AUDIT_CHECKLIST_SUB_CHANGE","4","N_S_ID","NUMBER","22","Y",,,,,
"1526","ZTBLAIS_PROD","T_AUDIT_CHECKLIST_SUB_CHANGE","5","SUB_PROCESS","VARCHAR2","300","Y",,,,,
"1527","ZTBLAIS_PROD","T_AUDIT_CHECKLIST_SUB_CHANGE","6","STATUS","VARCHAR2","2","Y",,,,,
"1528","ZTBLAIS_PROD","T_AUDIT_CHECKLIST_SUB_CHANGE","7","WEIGHT_ASSIGNED","VARCHAR2","10","Y",,,,,
"1529","ZTBLAIS_PROD","T_AUDIT_CHECKLIST_SUB_CHANGE","8","RISK_SEQUENCE","NUMBER","22","Y",,,,,
"1530","ZTBLAIS_PROD","T_AUDIT_CHECKLIST_SUB_CHANGE","9","N_WEIGHT_ASSIGNED","VARCHAR2","10","Y",,,,,
"1531","ZTBLAIS_PROD","T_AUDIT_CHECKLIST_SUB_CHANGE","10","N_RISK_SEQUENCE","NUMBER","22","Y",,,,,
"1532","ZTBLAIS_PROD","T_AUDIT_CHECKLIST_SUB_MERGER","1","S_ID","NUMBER","22","Y",,,,,
"1533","ZTBLAIS_PROD","T_AUDIT_CHECKLIST_SUB_MERGER","2","M_SID","NUMBER","22","Y",,,,,
"1534","ZTBLAIS_PROD","T_AUDIT_CHECKLIST_SUB_MERGER","3","STATUS","VARCHAR2","2","Y",,,,,
"1535","ZTBLAIS_PROD","T_AUDIT_CHECKLIST_ZTBL_CIRCULAR","1","ID","NUMBER","22","Y",,,,,
"1536","ZTBLAIS_PROD","T_AUDIT_CHECKLIST_ZTBL_CIRCULAR","2","SUBJECT","VARCHAR2","200","Y",,,,,
"1537","ZTBLAIS_PROD","T_AUDIT_CHECKLIST_ZTBL_CIRCULAR","3","PREVIOUS_CIRCULAR","VARCHAR2","500","Y",,,,,
"1538","ZTBLAIS_PROD","T_AUDIT_CHECKLIST_ZTBL_CIRCULAR","4","PREVIOUS_CIRCULAR_DATE","DATE","7","Y",,,,,
"1539","ZTBLAIS_PROD","T_AUDIT_CHECKLIST_ZTBL_CIRCULAR","5","PREVIOUS_CIRCULAR_1","VARCHAR2","500","Y",,,,,
"1540","ZTBLAIS_PROD","T_AUDIT_CHECKLIST_ZTBL_CIRCULAR","6","PREVIOUS_CIRCULAR_DATE_1","DATE","7","Y",,,,,
"1541","ZTBLAIS_PROD","T_AUDIT_CHECKLIST_ZTBL_CIRCULAR","7","PREVIOUS_CIRCULAR_2","VARCHAR2","500","Y",,,,,
"1542","ZTBLAIS_PROD","T_AUDIT_CHECKLIST_ZTBL_CIRCULAR","8","PREVIOUS_CIRCULAR_DATE_2","DATE","7","Y",,,,,
"1543","ZTBLAIS_PROD","T_AUDIT_CHECKLIST_ZTBL_CIRCULAR","9","PREVIOUS_CIRCULAR_3","VARCHAR2","500","Y",,,,,
"1544","ZTBLAIS_PROD","T_AUDIT_CHECKLIST_ZTBL_CIRCULAR","10","PREVIOUS_CIRCULAR_DATE_3","DATE","7","Y",,,,,
"1545","ZTBLAIS_PROD","T_AUDIT_CHECKLIST_ZTBL_CIRCULAR","11","PREVIOUS_CIRCULAR_4","VARCHAR2","500","Y",,,,,
"1546","ZTBLAIS_PROD","T_AUDIT_CHECKLIST_ZTBL_CIRCULAR","12","PREVIOUS_CIRCULAR_DATE_4","DATE","7","Y",,,,,
"1547","ZTBLAIS_PROD","T_AUDIT_CHECKLIST_ZTBL_CIRCULAR","13","PREVIOUS_CIRCULAR_5","VARCHAR2","500","Y",,,,,
"1548","ZTBLAIS_PROD","T_AUDIT_CHECKLIST_ZTBL_CIRCULAR","14","PREVIOUS_CIRCULAR_DATE_5","DATE","7","Y",,,,,
"1549","ZTBLAIS_PROD","T_AUDIT_CHECKLIST_ZTBL_CIRCULAR","15","PREVIOUS_CIRCULAR_6","VARCHAR2","500","Y",,,,,
"1550","ZTBLAIS_PROD","T_AUDIT_CHECKLIST_ZTBL_CIRCULAR","16","PREVIOUS_CIRCULAR_DATE_6","DATE","7","Y",,,,,
"1551","ZTBLAIS_PROD","T_AUDIT_CHECKLIST_ZTBL_CIRCULAR","17","PREVIOUS_CIRCULAR_7","VARCHAR2","500","Y",,,,,
"1552","ZTBLAIS_PROD","T_AUDIT_CHECKLIST_ZTBL_CIRCULAR","18","PREVIOUS_CIRCULAR_DATE_7","DATE","7","Y",,,,,
"1553","ZTBLAIS_PROD","T_AUDIT_CHECKLIST_ZTBL_CIRCULAR","19","PREVIOUS_CIRCULAR_8","VARCHAR2","500","Y",,,,,
"1554","ZTBLAIS_PROD","T_AUDIT_CHECKLIST_ZTBL_CIRCULAR","20","PREVIOUS_CIRCULAR_DATE_8","DATE","7","Y",,,,,
"1555","ZTBLAIS_PROD","T_AUDIT_CHECKLIST_ZTBL_CIRCULAR","21","FUNCTIONAL_OWNER","NUMBER","22","Y",,,,,
"1556","ZTBLAIS_PROD","T_AUDIT_CHECKLIST_ZTBL_CIRCULAR","22","ISSUANCE_DATE","DATE","7","Y",,,,,
"1557","ZTBLAIS_PROD","T_AUDIT_CHECKLIST_ZTBL_CIRCULAR","23","DISCRIPTION","CLOB","4000","Y",,,,,
"1558","ZTBLAIS_PROD","T_AUDIT_CHECKLIST_ZTBL_CIRCULAR","24","ACTIVE_STATUS","VARCHAR2","2","Y",,,,,
"1559","ZTBLAIS_PROD","T_AUDIT_CRITERIA","1","ID","NUMBER","22","N","PM_AUDITCRITERIAID","PRIMARY KEY",,,
"1560","ZTBLAIS_PROD","T_AUDIT_CRITERIA","2","ENTITY_TYPEID","NUMBER","22","Y",,,,,
"1561","ZTBLAIS_PROD","T_AUDIT_CRITERIA","3","SIZE_ID","NUMBER","22","Y",,,,,
"1562","ZTBLAIS_PROD","T_AUDIT_CRITERIA","4","RISK_ID","NUMBER","22","Y",,,,,
"1563","ZTBLAIS_PROD","T_AUDIT_CRITERIA","5","FREQUENCY_ID","NUMBER","22","Y",,,,,
"1564","ZTBLAIS_PROD","T_AUDIT_CRITERIA","6","NO_OF_DAYS","NUMBER","22","Y",,,,,
"1565","ZTBLAIS_PROD","T_AUDIT_CRITERIA","7","VISIT","VARCHAR2","2","Y",,,,,
"1566","ZTBLAIS_PROD","T_AUDIT_CRITERIA","8","APPROVAL_STATUS","NUMBER","22","Y",,,,,
"1567","ZTBLAIS_PROD","T_AUDIT_CRITERIA","9","AUDITPERIODID","NUMBER","22","Y","AUDITPERIODID_FK","FOREIGN KEY",,,
"1568","ZTBLAIS_PROD","T_AUDIT_CRITERIA","10","NO_OF_ENTITY","NUMBER","22","Y",,,,,
"1569","ZTBLAIS_PROD","T_AUDIT_CRITERIA","11","CREATED_BY","NUMBER","22","Y",,,,,
"1570","ZTBLAIS_PROD","T_AUDIT_CRITERIA","12","CRITERIA_SUBMITTED","VARCHAR2","2","Y",,,,,
"1571","ZTBLAIS_PROD","T_AUDIT_CRITERIA","13","ENTITY_ID","NUMBER","22","Y",,,,,
"1572","ZTBLAIS_PROD","T_AUDIT_CRITERIA_APPROVED","1","ID","NUMBER","22","Y",,,,,
"1573","ZTBLAIS_PROD","T_AUDIT_CRITERIA_APPROVED","2","ENTITY_ID","NUMBER","22","Y",,,,,
"1574","ZTBLAIS_PROD","T_AUDIT_CRITERIA_APPROVED","3","SIZE_ID","NUMBER","22","Y",,,,,
"1575","ZTBLAIS_PROD","T_AUDIT_CRITERIA_APPROVED","4","RISK_ID","NUMBER","22","Y",,,,,
"1576","ZTBLAIS_PROD","T_AUDIT_CRITERIA_APPROVED","5","FREQUENCY_ID","NUMBER","22","Y",,,,,
"1577","ZTBLAIS_PROD","T_AUDIT_CRITERIA_APPROVED","6","NO_OF_DAYS","NUMBER","22","Y",,,,,
"1578","ZTBLAIS_PROD","T_AUDIT_CRITERIA_APPROVED","7","VISIT","VARCHAR2","2","Y",,,,,
"1579","ZTBLAIS_PROD","T_AUDIT_CRITERIA_APPROVED","8","APPROVAL_STATUS","NUMBER","22","Y",,,,,
"1580","ZTBLAIS_PROD","T_AUDIT_CRITERIA_APPROVED","9","AUDITPERIODID","NUMBER","22","Y",,,,,
"1581","ZTBLAIS_PROD","T_AUDIT_CRITERIA_LOG","1","ID","NUMBER","22","N","L_ID","PRIMARY KEY",,,
"1582","ZTBLAIS_PROD","T_AUDIT_CRITERIA_LOG","2","C_ID","NUMBER","22","Y",,,,,
"1583","ZTBLAIS_PROD","T_AUDIT_CRITERIA_LOG","3","STATUS_ID","NUMBER","22","Y",,,,,
"1584","ZTBLAIS_PROD","T_AUDIT_CRITERIA_LOG","4","CREATEDBY_ID","NUMBER","22","Y",,,,,
"1585","ZTBLAIS_PROD","T_AUDIT_CRITERIA_LOG","5","CREATED_ON","DATE","7","Y",,,,,
"1586","ZTBLAIS_PROD","T_AUDIT_CRITERIA_LOG","6","REMARKS","VARCHAR2","300","Y",,,,,
"1587","ZTBLAIS_PROD","T_AUDIT_CRITERIA_LOG","7","UPDATED_BY","NUMBER","22","Y",,,,,
"1588","ZTBLAIS_PROD","T_AUDIT_CRITERIA_LOG","8","LAST_UPDATED_ON","DATE","7","Y",,,,,
"1589","ZTBLAIS_PROD","T_AUDIT_CRITERIA_STATUS","1","ID","NUMBER","22","Y",,,,,
"1590","ZTBLAIS_PROD","T_AUDIT_CRITERIA_STATUS","2","STATUS","VARCHAR2","50","Y",,,,,
"1591","ZTBLAIS_PROD","T_AUDIT_EMP","1","PPNO","NUMBER","22","N","SYS_C001092921","CHECK",,,
"1592","ZTBLAIS_PROD","T_AUDIT_EMP","2","DEPARTMENTCODE","NUMBER","22","Y",,,,,
"1593","ZTBLAIS_PROD","T_AUDIT_EMP","3","DEPTARMENT","VARCHAR2","100","Y",,,,,
"1594","ZTBLAIS_PROD","T_AUDIT_EMP","4","EMPLOYEEFIRSTNAME","VARCHAR2","50","N","SYS_C001092922","CHECK",,,
"1595","ZTBLAIS_PROD","T_AUDIT_EMP","5","EMPLOYEELASTNAME","VARCHAR2","50","Y",,,,,
"1596","ZTBLAIS_PROD","T_AUDIT_EMP","6","RANKCODE","NUMBER","22","Y",,,,,
"1597","ZTBLAIS_PROD","T_AUDIT_EMP","7","CURRENT_RANK","VARCHAR2","100","N","SYS_C001092923","CHECK",,,
"1598","ZTBLAIS_PROD","T_AUDIT_EMP","8","DESIGNATIONCODE","NUMBER","22","N","SYS_C001092924","CHECK",,,
"1599","ZTBLAIS_PROD","T_AUDIT_EMP","9","FUN_DESIGNATION","VARCHAR2","100","N","SYS_C001092925","CHECK",,,
"1600","ZTBLAIS_PROD","T_AUDIT_EMP","10","TYPE","CHAR","1","Y",,,,,
"1601","ZTBLAIS_PROD","T_AUDIT_EMP","11","ENTITY_ID","NUMBER","22","Y",,,,,
"1602","ZTBLAIS_PROD","T_AUDIT_EMP","12","QUALIFICATION_ID","NUMBER","22","Y",,,,,
"1603","ZTBLAIS_PROD","T_AUDIT_EMP","13","QUALIFICATION","VARCHAR2","200","Y",,,,,
"1604","ZTBLAIS_PROD","T_AUDIT_EMP","14","SPECIALIZATION_ID","NUMBER","22","Y",,,,,
"1605","ZTBLAIS_PROD","T_AUDIT_EMP","15","SPECIALIZATION","VARCHAR2","200","Y",,,,,
"1606","ZTBLAIS_PROD","T_AUDIT_EMP","16","CERTIFICATION_ID","NUMBER","22","Y",,,,,
"1607","ZTBLAIS_PROD","T_AUDIT_EMP","17","CERTIFICATION","VARCHAR2","200","Y",,,,,
"1608","ZTBLAIS_PROD","T_AUDIT_EMP","18","TOTAL_EXPERIENCE","VARCHAR2","50","Y",,,,,
"1609","ZTBLAIS_PROD","T_AUDIT_EMP","19","AUDIT_EXPERIENCE","VARCHAR2","50","Y",,,,,
"1610","ZTBLAIS_PROD","T_AUDIT_EMP","20","COMPANY","VARCHAR2","50","Y",,,,,
"1611","ZTBLAIS_PROD","T_AUDIT_EMP_BACKUP","1","PPNO","NUMBER","22","N","SYS_C001092883","CHECK",,,
"1612","ZTBLAIS_PROD","T_AUDIT_EMP_BACKUP","2","DEPARTMENTCODE","NUMBER","22","Y",,,,,
"1613","ZTBLAIS_PROD","T_AUDIT_EMP_BACKUP","3","DEPTARMENT","VARCHAR2","100","Y",,,,,
"1614","ZTBLAIS_PROD","T_AUDIT_EMP_BACKUP","4","EMPLOYEEFIRSTNAME","VARCHAR2","50","N","SYS_C001092884","CHECK",,,
"1615","ZTBLAIS_PROD","T_AUDIT_EMP_BACKUP","5","EMPLOYEELASTNAME","VARCHAR2","50","Y",,,,,
"1616","ZTBLAIS_PROD","T_AUDIT_EMP_BACKUP","6","RANKCODE","NUMBER","22","Y",,,,,
"1617","ZTBLAIS_PROD","T_AUDIT_EMP_BACKUP","7","CURRENT_RANK","VARCHAR2","100","N","SYS_C001092885","CHECK",,,
"1618","ZTBLAIS_PROD","T_AUDIT_EMP_BACKUP","8","DESIGNATIONCODE","NUMBER","22","N","SYS_C001092886","CHECK",,,
"1619","ZTBLAIS_PROD","T_AUDIT_EMP_BACKUP","9","FUN_DESIGNATION","VARCHAR2","100","N","SYS_C001092887","CHECK",,,
"1620","ZTBLAIS_PROD","T_AUDIT_EMP_BACKUP","10","TYPE","CHAR","1","Y",,,,,
"1621","ZTBLAIS_PROD","T_AUDIT_EMP_BACKUP","11","ENTITY_ID","NUMBER","22","Y",,,,,
"1622","ZTBLAIS_PROD","T_AUDIT_FREQUENCY","1","ID","NUMBER","22","Y",,,,,
"1623","ZTBLAIS_PROD","T_AUDIT_FREQUENCY","2","FREQUENCY_ID","NUMBER","22","Y",,,,,
"1624","ZTBLAIS_PROD","T_AUDIT_FREQUENCY","3","FREQUENCY_DISCRIPTION","VARCHAR2","50","Y",,,,,
"1625","ZTBLAIS_PROD","T_AUDIT_FREQUENCY","4","STATUS","VARCHAR2","2","Y",,,,,
"1626","ZTBLAIS_PROD","T_AUDIT_FREQUENCY","5","TIME","NUMBER","22","Y",,,,,
"1627","ZTBLAIS_PROD","T_AUDIT_MAPPING","1","ID","NUMBER","22","Y",,,,,
"1628","ZTBLAIS_PROD","T_AUDIT_MAPPING","2","OM_ID","NUMBER","22","Y",,,,,
"1629","ZTBLAIS_PROD","T_AUDIT_MAPPING","3","PARA_ID","NUMBER","22","Y",,,,,
"1630","ZTBLAIS_PROD","T_AUDIT_MAPPING_M","1","ID","NUMBER","22","Y",,,,,
"1631","ZTBLAIS_PROD","T_AUDIT_MAPPING_M","2","OM_ID","NUMBER","22","Y",,,,,
"1632","ZTBLAIS_PROD","T_AUDIT_MAPPING_M","3","PARA_ID","NUMBER","22","Y",,,,,
"1633","ZTBLAIS_PROD","T_AUDIT_MAPPING_M","4","REPLY_ID","NUMBER","22","Y",,,,,
"1634","ZTBLAIS_PROD","T_AUDIT_MAPPING_M_D","1","ID","NUMBER","22","Y",,,,,
"1635","ZTBLAIS_PROD","T_AUDIT_MAPPING_M_D","2","OM_ID","NUMBER","22","Y",,,,,
"1636","ZTBLAIS_PROD","T_AUDIT_MAPPING_M_D","3","PARA_ID","NUMBER","22","Y",,,,,
"1637","ZTBLAIS_PROD","T_AUDIT_MAPPING_M_D","4","DAC_ID","NUMBER","22","Y",,,,,
"1638","ZTBLAIS_PROD","T_AUDIT_MAPPING_M_MIN","1","ID","NUMBER","22","Y",,,,,
"1639","ZTBLAIS_PROD","T_AUDIT_MAPPING_M_MIN","2","OM_ID","NUMBER","22","Y",,,,,
"1640","ZTBLAIS_PROD","T_AUDIT_MAPPING_M_MIN","3","PARA_ID","NUMBER","22","Y",,,,,
"1641","ZTBLAIS_PROD","T_AUDIT_MAPPING_M_MIN","4","M_ID","NUMBER","22","Y",,,,,
"1642","ZTBLAIS_PROD","T_AUDIT_MAPPING_M_PC","1","ID","NUMBER","22","Y",,,,,
"1643","ZTBLAIS_PROD","T_AUDIT_MAPPING_M_PC","2","OM_ID","NUMBER","22","Y",,,,,
"1644","ZTBLAIS_PROD","T_AUDIT_MAPPING_M_PC","3","PARA_ID","NUMBER","22","Y",,,,,
"1645","ZTBLAIS_PROD","T_AUDIT_MAPPING_M_PC","4","PAC_ID","NUMBER","22","Y",,,,,
"1646","ZTBLAIS_PROD","T_AUDIT_MAPPING_M_PR","1","ID","NUMBER","22","Y",,,,,
"1647","ZTBLAIS_PROD","T_AUDIT_MAPPING_M_PR","2","OM_ID","NUMBER","22","Y",,,,,
"1648","ZTBLAIS_PROD","T_AUDIT_MAPPING_M_PR","3","PARA_ID","NUMBER","22","Y",,,,,
"1649","ZTBLAIS_PROD","T_AUDIT_MAPPING_M_PR","4","PR_ID","NUMBER","22","Y",,,,,
"1650","ZTBLAIS_PROD","T_AUDIT_MAPPING_M_R","1","ID","NUMBER","22","Y",,,,,
"1651","ZTBLAIS_PROD","T_AUDIT_MAPPING_M_R","2","OM_ID","NUMBER","22","Y",,,,,
"1652","ZTBLAIS_PROD","T_AUDIT_MAPPING_M_R","3","PARA_ID","NUMBER","22","Y",,,,,
"1653","ZTBLAIS_PROD","T_AUDIT_MAPPING_M_R","4","REPLY_ID","NUMBER","22","Y",,,,,
"1654","ZTBLAIS_PROD","T_AUDIT_PARA","1","ID","NUMBER","22","N","SYS_C001092811","CHECK",,,
"1655","ZTBLAIS_PROD","T_AUDIT_PARA","2","ENGPLANID","NUMBER","22","N","SYS_C001092812","CHECK",,,
"1656","ZTBLAIS_PROD","T_AUDIT_PARA","3","OBID","NUMBER","22","N","SYS_C001092813","CHECK",,,
"1657","ZTBLAIS_PROD","T_AUDIT_PARA","4","STATUS","NUMBER","22","N","SYS_C001092814","CHECK",,,
"1658","ZTBLAIS_PROD","T_AUDIT_PARA","5","MEMO_NUMBER","NUMBER","22","N","SYS_C001092815","CHECK",,,
"1659","ZTBLAIS_PROD","T_AUDIT_PARA","6","PARA_NO","NUMBER","22","N","SYS_C001092816","CHECK",,,
"1660","ZTBLAIS_PROD","T_AUDIT_REPORTS","1","ID","NUMBER","22","N","SYS_C001093048","CHECK",,,
"1661","ZTBLAIS_PROD","T_AUDIT_REPORTS","1","ID","NUMBER","22","N","SYS_C001093255","PRIMARY KEY",,,
"1662","ZTBLAIS_PROD","T_AUDIT_REPORTS","2","ENG_ID","NUMBER","22","N","SYS_C001093049","CHECK",,,
"1663","ZTBLAIS_PROD","T_AUDIT_REPORTS","3","AUDIT_REPORT","CLOB","4000","N","SYS_C001093050","CHECK",,,
"1664","ZTBLAIS_PROD","T_AUDIT_REPORTS","4","ADDED_BY","NUMBER","22","N","SYS_C001093051","CHECK",,,
"1665","ZTBLAIS_PROD","T_AUDIT_REPORTS","5","ADDED_ON","TIMESTAMP(6)","11","Y",,,,,
"1666","ZTBLAIS_PROD","T_AUDIT_REPORTS","6","DOC_TYPE","VARCHAR2","500","Y",,,,,
"1667","ZTBLAIS_PROD","T_AUDIT_REPORTS","7","DOC_NAME","VARCHAR2","500","Y",,,,,
"1668","ZTBLAIS_PROD","T_AUDIT_VIOLATION_DETAIL","1","S_GR_ID","NUMBER","22","N","SYS_C001092984","CHECK",,,
"1669","ZTBLAIS_PROD","T_AUDIT_VIOLATION_DETAIL","2","GR_ID","NUMBER","22","N","SYS_C001092985","CHECK",,,
"1670","ZTBLAIS_PROD","T_AUDIT_VIOLATION_DETAIL","3","DESCRIPTION","VARCHAR2","200","Y",,,,,
"1671","ZTBLAIS_PROD","T_AUDIT_VIOLATION_DETAIL","4","MAX_NUMBER","NUMBER","22","Y",,,,,
"1672","ZTBLAIS_PROD","T_AUDIT_VIOLATION_DETAIL","5","WEIGHTAGE","NUMBER","22","Y",,,,,
"1673","ZTBLAIS_PROD","T_AUDIT_VIOLATION_DETAIL","6","GRAVITY","NUMBER","22","Y",,,,,
"1674","ZTBLAIS_PROD","T_AU_ACTIVE_EMPOLYEES","1","PPNO","NUMBER","22","N","SYS_C001092727","CHECK",,,
"1675","ZTBLAIS_PROD","T_AU_ACTIVE_EMPOLYEES","2","EMPLOYEE_NAME","VARCHAR2","150","Y",,,,,
"1676","ZTBLAIS_PROD","T_AU_ACTIVE_EMPOLYEES","3","DESIGNATION","VARCHAR2","100","N","SYS_C001092728","CHECK",,,
"1677","ZTBLAIS_PROD","T_AU_ACTIVE_EMPOLYEES","4","DESIGNATION_CODE","NUMBER","22","N","SYS_C001092729","CHECK",,,
"1678","ZTBLAIS_PROD","T_AU_ACTIVE_EMPOLYEES","5","RANK_DESC","VARCHAR2","100","N","SYS_C001092730","CHECK",,,
"1679","ZTBLAIS_PROD","T_AU_ACTIVE_EMPOLYEES","6","RANK_CODE","NUMBER","22","N","SYS_C001092731","CHECK",,,
"1680","ZTBLAIS_PROD","T_AU_ACTIVE_EMPOLYEES","7","ZONE_DESC","VARCHAR2","100","Y",,,,,
"1681","ZTBLAIS_PROD","T_AU_ACTIVE_EMPOLYEES","8","PLACE_OF_POSTING","VARCHAR2","200","Y",,,,,
"1682","ZTBLAIS_PROD","T_AU_ACTIVE_EMPOLYEES","9","PLACE_CODE","VARCHAR2","80","Y",,,,,
"1683","ZTBLAIS_PROD","T_AU_ACTIVE_EMPOLYEES","10","LOCATION_CODE","NUMBER","22","Y",,,,,
"1684","ZTBLAIS_PROD","T_AU_ACTIVE_EMPOLYEES","11","BANK_CODE","NUMBER","22","Y",,,,,
"1685","ZTBLAIS_PROD","T_AU_ACTIVE_EMPOLYEES","12","ENTITY_ID","NUMBER","22","Y",,,,,
"1686","ZTBLAIS_PROD","T_AU_ACTIVE_EMPOLYEES","13","CODE","NUMBER","22","Y",,,,,
"1687","ZTBLAIS_PROD","T_AU_ACTIVITY_LOG","1","ID","NUMBER","22","Y",,,,,
"1688","ZTBLAIS_PROD","T_AU_ACTIVITY_LOG","2","ENTITY_ID","NUMBER","22","Y",,,,,
"1689","ZTBLAIS_PROD","T_AU_ACTIVITY_LOG","3","PPNUM","NUMBER","22","Y",,,,,
"1690","ZTBLAIS_PROD","T_AU_ACTIVITY_LOG","4","PAGE_ID","NUMBER","22","Y",,,,,
"1691","ZTBLAIS_PROD","T_AU_ACTIVITY_LOG","5","AU_OBS_ID","NUMBER","22","Y",,,,,
"1692","ZTBLAIS_PROD","T_AU_ACTIVITY_LOG","6","ACTION","VARCHAR2","1000","Y",,,,,
"1693","ZTBLAIS_PROD","T_AU_ACTIVITY_LOG","7","START_TIME","DATE","7","Y",,,,,
"1694","ZTBLAIS_PROD","T_AU_ACTIVITY_LOG","8","END_TIME","DATE","7","Y",,,,,
"1695","ZTBLAIS_PROD","T_AU_ACTIVITY_LOG","9","DURATION","NUMBER","22","Y",,,,,
"1696","ZTBLAIS_PROD","T_AU_ACTIVITY_LOG","10","SEQ","NUMBER","22","Y",,,,,
"1697","ZTBLAIS_PROD","T_AU_ACTIVITY_LOG","11","UNATTEND","VARCHAR2","2","Y",,,,,
"1698","ZTBLAIS_PROD","T_AU_ACTIVITY_LOG","12","ROLE_ID","NUMBER","22","Y",,,,,
"1699","ZTBLAIS_PROD","T_AU_ACTIVITY_LOG","13","OBS_STATUS","NUMBER","22","Y",,,,,
"1700","ZTBLAIS_PROD","T_AU_ACTIVITY_LOG","14","REF_P","VARCHAR2","50","Y",,,,,
"1701","ZTBLAIS_PROD","T_AU_API_MASTER","1","API_ID","NUMBER","22","N","SYS_C001130649","CHECK","TRG_T_AU_API_MASTER_BI","INSERT","ENABLED"
"1702","ZTBLAIS_PROD","T_AU_API_MASTER","2","PAGE_ID","NUMBER","22","Y","","","TRG_T_AU_API_MASTER_BI","INSERT","ENABLED"
"1703","ZTBLAIS_PROD","T_AU_API_MASTER","3","CONTROLLER_NAME","VARCHAR2","100","N","SYS_C001130650","CHECK","TRG_T_AU_API_MASTER_BI","INSERT","ENABLED"
"1704","ZTBLAIS_PROD","T_AU_API_MASTER","4","ACTION_NAME","VARCHAR2","100","Y","","","TRG_T_AU_API_MASTER_BI","INSERT","ENABLED"
"1705","ZTBLAIS_PROD","T_AU_API_MASTER","5","VIEW_NAME","VARCHAR2","150","Y","","","TRG_T_AU_API_MASTER_BI","INSERT","ENABLED"
"1706","ZTBLAIS_PROD","T_AU_API_MASTER","6","API_PATH","VARCHAR2","500","N","SYS_C001130651","CHECK","TRG_T_AU_API_MASTER_BI","INSERT","ENABLED"
"1707","ZTBLAIS_PROD","T_AU_API_MASTER","7","HTTP_METHOD","VARCHAR2","10","N","SYS_C001130652","CHECK","TRG_T_AU_API_MASTER_BI","INSERT","ENABLED"
"1708","ZTBLAIS_PROD","T_AU_API_MASTER","8","IS_ACTIVE","CHAR","1","N","SYS_C001130653","CHECK","TRG_T_AU_API_MASTER_BI","INSERT","ENABLED"
"1709","ZTBLAIS_PROD","T_AU_API_MASTER","9","CREATED_ON","DATE","7","N","SYS_C001130654","CHECK","TRG_T_AU_API_MASTER_BI","INSERT","ENABLED"
"1710","ZTBLAIS_PROD","T_AU_API_MASTER","10","CREATED_BY","NUMBER","22","Y","","","TRG_T_AU_API_MASTER_BI","INSERT","ENABLED"
"1711","ZTBLAIS_PROD","T_AU_API_MASTER","11","UPDATED_ON","DATE","7","Y","","","TRG_T_AU_API_MASTER_BI","INSERT","ENABLED"
"1712","ZTBLAIS_PROD","T_AU_API_MASTER","12","UPDATE_BY","NUMBER","22","Y","","","TRG_T_AU_API_MASTER_BI","INSERT","ENABLED"
"1713","ZTBLAIS_PROD","T_AU_API_MASTER_STG","1","PAGE_ID","NUMBER","22","Y",,,,,
"1714","ZTBLAIS_PROD","T_AU_API_MASTER_STG","2","CONTROLLER_NAME","VARCHAR2","100","Y",,,,,
"1715","ZTBLAIS_PROD","T_AU_API_MASTER_STG","3","ACTION_NAME","VARCHAR2","100","Y",,,,,
"1716","ZTBLAIS_PROD","T_AU_API_MASTER_STG","4","VIEW_NAME","VARCHAR2","150","Y",,,,,
"1717","ZTBLAIS_PROD","T_AU_API_MASTER_STG","5","API_PATH","VARCHAR2","500","Y",,,,,
"1718","ZTBLAIS_PROD","T_AU_API_MASTER_STG","6","HTTP_METHOD","VARCHAR2","10","Y",,,,,
"1719","ZTBLAIS_PROD","T_AU_AUDIT_JOINING","1","ID","NUMBER","22","N","J_ID","PRIMARY KEY",,,
"1720","ZTBLAIS_PROD","T_AU_AUDIT_JOINING","1","ID","NUMBER","22","N","SYS_C001092832","CHECK",,,
"1721","ZTBLAIS_PROD","T_AU_AUDIT_JOINING","2","ENG_PLAN_ID","NUMBER","22","N","SYS_C001092833","CHECK",,,
"1722","ZTBLAIS_PROD","T_AU_AUDIT_JOINING","3","TEAM_MEM_PPNO","NUMBER","22","N","SYS_C001092834","CHECK",,,
"1723","ZTBLAIS_PROD","T_AU_AUDIT_JOINING","4","JOINING_DATE","DATE","7","N","SYS_C001092835","CHECK",,,
"1724","ZTBLAIS_PROD","T_AU_AUDIT_JOINING","5","ENTEREDBY","NUMBER","22","N","SYS_C001092836","CHECK",,,
"1725","ZTBLAIS_PROD","T_AU_AUDIT_JOINING","6","ENTEREDDATE","DATE","7","N","SYS_C001092837","CHECK",,,
"1726","ZTBLAIS_PROD","T_AU_AUDIT_JOINING","7","LASTUPDATEDBY","NUMBER","22","Y",,,,,
"1727","ZTBLAIS_PROD","T_AU_AUDIT_JOINING","8","LASTUPDATEDDATE","DATE","7","Y",,,,,
"1728","ZTBLAIS_PROD","T_AU_AUDIT_JOINING","9","COMPLETION_DATE","DATE","7","Y",,,,,
"1729","ZTBLAIS_PROD","T_AU_AUDIT_JOINING","10","STATUS","VARCHAR2","2","Y",,,,,
"1730","ZTBLAIS_PROD","T_AU_AUDIT_POST_COMPLAINCE","1","ID","NUMBER","22","N","SYS_C001093106","CHECK",,,
"1731","ZTBLAIS_PROD","T_AU_AUDIT_POST_COMPLAINCE","2","AP_MEMO_ID","NUMBER","22","N","SYS_C001093107","CHECK",,,
"1732","ZTBLAIS_PROD","T_AU_AUDIT_POST_COMPLAINCE","3","REPLY","CLOB","4000","Y",,,,,
"1733","ZTBLAIS_PROD","T_AU_AUDIT_POST_COMPLAINCE","4","REPLIEDBY","NUMBER","22","N","SYS_C001093108","CHECK",,,
"1734","ZTBLAIS_PROD","T_AU_AUDIT_POST_COMPLAINCE","5","REPLIEDDATE","DATE","7","N","SYS_C001093109","CHECK",,,
"1735","ZTBLAIS_PROD","T_AU_AUDIT_POST_COMPLAINCE","6","LASTUPDATEDBY","NUMBER","22","Y",,,,,
"1736","ZTBLAIS_PROD","T_AU_AUDIT_POST_COMPLAINCE","7","LASTUPDATEDDATE","DATE","7","Y",,,,,
"1737","ZTBLAIS_PROD","T_AU_AUDIT_POST_COMPLAINCE","8","MEMO_TEXT_ID","NUMBER","22","Y",,,,,
"1738","ZTBLAIS_PROD","T_AU_AUDIT_POST_COMPLAINCE","9","REPLY_ROLE","NUMBER","22","N","SYS_C001093110","CHECK",,,
"1739","ZTBLAIS_PROD","T_AU_AUDIT_POST_COMPLAINCE","10","REMARKS","VARCHAR2","250","N","SYS_C001093111","CHECK",,,
"1740","ZTBLAIS_PROD","T_AU_AUDIT_POST_COMPLAINCE","11","SUBMITTED","VARCHAR2","1","N","SYS_C001093112","CHECK",,,
"1741","ZTBLAIS_PROD","T_AU_AUDIT_TEAMS","1","ID","NUMBER","22","Y",,,,,
"1742","ZTBLAIS_PROD","T_AU_AUDIT_TEAMS","2","ENG_ID","NUMBER","22","Y",,,,,
"1743","ZTBLAIS_PROD","T_AU_AUDIT_TEAMS","3","TEAM_ID","NUMBER","22","Y",,,,,
"1744","ZTBLAIS_PROD","T_AU_AUDIT_TEAMS","4","T_NAME","VARCHAR2","200","Y",,,,,
"1745","ZTBLAIS_PROD","T_AU_AUDIT_TEAMS","5","PLACE_OF_POSTING","NUMBER","22","Y",,,,,
"1746","ZTBLAIS_PROD","T_AU_AUDIT_TEAMS","6","STATUS","VARCHAR2","2","Y",,,,,
"1747","ZTBLAIS_PROD","T_AU_AUDIT_TEAMS","7","T_CODE","VARCHAR2","50","Y",,,,,
"1748","ZTBLAIS_PROD","T_AU_AUDIT_TEAM_TASKLIST","1","ID","NUMBER","22","N","SYS_C001092865","CHECK",,,
"1749","ZTBLAIS_PROD","T_AU_AUDIT_TEAM_TASKLIST","2","ENG_PLAN_ID","NUMBER","22","N","SYS_C001092866","CHECK",,,
"1750","ZTBLAIS_PROD","T_AU_AUDIT_TEAM_TASKLIST","3","TEAM_ID","NUMBER","22","N","SYS_C001092867","CHECK",,,
"1751","ZTBLAIS_PROD","T_AU_AUDIT_TEAM_TASKLIST","4","SEQUENCE_NO","NUMBER","22","Y",,,,,
"1752","ZTBLAIS_PROD","T_AU_AUDIT_TEAM_TASKLIST","5","TEAMMEMBER_PPNO","NUMBER","22","N","SYS_C001092868","CHECK",,,
"1753","ZTBLAIS_PROD","T_AU_AUDIT_TEAM_TASKLIST","6","ENTITY_ID","NUMBER","22","Y",,,,,
"1754","ZTBLAIS_PROD","T_AU_AUDIT_TEAM_TASKLIST","7","ENTITY_CODE","NUMBER","22","N","SYS_C001092869","CHECK",,,
"1755","ZTBLAIS_PROD","T_AU_AUDIT_TEAM_TASKLIST","8","ENTITY_NAME","VARCHAR2","500","N","SYS_C001092870","CHECK",,,
"1756","ZTBLAIS_PROD","T_AU_AUDIT_TEAM_TASKLIST","9","AUDIT_START_DATE","DATE","7","Y",,,,,
"1757","ZTBLAIS_PROD","T_AU_AUDIT_TEAM_TASKLIST","10","AUDIT_END_DATE","DATE","7","Y",,,,,
"1758","ZTBLAIS_PROD","T_AU_AUDIT_TEAM_TASKLIST","11","STATUS_ID","NUMBER","22","Y",,,,,
"1759","ZTBLAIS_PROD","T_AU_AUDIT_TEAM_TASKLIST","12","ISACTIVE","VARCHAR2","10","Y",,,,,
"1760","ZTBLAIS_PROD","T_AU_AUDIT_TEAM_TASKLIST","13","I","NUMBER","22","Y",,,,,
"1761","ZTBLAIS_PROD","T_AU_AUDIT_TEAM_TASKLIST_STATUS","1","STATUS_ID","NUMBER","22","Y",,,,,
"1762","ZTBLAIS_PROD","T_AU_AUDIT_TEAM_TASKLIST_STATUS","2","DESCRIPTION","VARCHAR2","50","Y",,,,,
"1763","ZTBLAIS_PROD","T_AU_AUDIT_TWICE_IN_A_YEAR_BRANCHES","1","ID","NUMBER","22","Y",,,,,
"1764","ZTBLAIS_PROD","T_AU_AUDIT_TWICE_IN_A_YEAR_BRANCHES","2","CODE","NUMBER","22","Y",,,,,
"1765","ZTBLAIS_PROD","T_AU_AUDIT_TWICE_IN_A_YEAR_BRANCHES","3","FREQUENCY_ID","NUMBER","22","Y",,,,,
"1766","ZTBLAIS_PROD","T_AU_AUDIT_TWICE_IN_A_YEAR_BRANCHES","4","YEARLY","NUMBER","22","Y",,,,,
"1767","ZTBLAIS_PROD","T_AU_CCQ","1","ID","NUMBER","22","Y",,,,,
"1768","ZTBLAIS_PROD","T_AU_CCQ","2","ENTITY_ID","NUMBER","22","Y",,,,,
"1769","ZTBLAIS_PROD","T_AU_CCQ","3","QUESTIONS","VARCHAR2","2000","Y",,,,,
"1770","ZTBLAIS_PROD","T_AU_CCQ","4","CONTROL_VIOLATION_ID","NUMBER","22","Y",,,,,
"1771","ZTBLAIS_PROD","T_AU_CCQ","5","RISK_ID","NUMBER","22","Y",,,,,
"1772","ZTBLAIS_PROD","T_AU_CCQ","6","STATUS","VARCHAR2","2","Y",,,,,
"1773","ZTBLAIS_PROD","T_AU_CCQ","7","RISK_RATING","NUMBER","22","Y",,,,,
"1774","ZTBLAIS_PROD","T_AU_CCQ","8","CREATED_BY","NUMBER","22","Y",,,,,
"1775","ZTBLAIS_PROD","T_AU_CCQ","9","UPDATED_BY","NUMBER","22","Y",,,,,
"1776","ZTBLAIS_PROD","T_AU_CCQ","10","CREATED_DATETIME","TIMESTAMP(6)","11","Y",,,,,
"1777","ZTBLAIS_PROD","T_AU_CCQ","11","UPDATED_DATETIME","TIMESTAMP(6)","11","Y",,,,,
"1778","ZTBLAIS_PROD","T_AU_CCQ_RESPONSE","1","ID","NUMBER","22","Y",,,,,
"1779","ZTBLAIS_PROD","T_AU_CCQ_RESPONSE","2","ENTITY_ID","NUMBER","22","Y",,,,,
"1780","ZTBLAIS_PROD","T_AU_CCQ_RESPONSE","3","CONTROL_VIOLATION_ID","NUMBER","22","Y",,,,,
"1781","ZTBLAIS_PROD","T_AU_CCQ_RESPONSE","4","QUESTIONNAIRE","VARCHAR2","2000","Y",,,,,
"1782","ZTBLAIS_PROD","T_AU_CCQ_RESPONSE","5","COMPLIANT_SCALE","NUMBER","22","Y",,,,,
"1783","ZTBLAIS_PROD","T_AU_CCQ_RESPONSE","6","COMMENTS","VARCHAR2","100","Y",,,,,
"1784","ZTBLAIS_PROD","T_AU_CCQ_RESPONSE","7","RISK","NUMBER","22","Y",,,,,
"1785","ZTBLAIS_PROD","T_AU_DATA_VALIDATION_FAD_LOG","1","ID","NUMBER","22","Y",,,,,
"1786","ZTBLAIS_PROD","T_AU_DATA_VALIDATION_FAD_LOG","2","REF_P","VARCHAR2","100","Y",,,,,
"1787","ZTBLAIS_PROD","T_AU_DATA_VALIDATION_FAD_LOG","3","PARA_FINAL","NUMBER","22","Y",,,,,
"1788","ZTBLAIS_PROD","T_AU_DATA_VALIDATION_FAD_LOG","4","PARA_REFERED_BACK","NUMBER","22","Y",,,,,
"1789","ZTBLAIS_PROD","T_AU_DATA_VALIDATION_FAD_LOG","5","PARA_REVIEWED","NUMBER","22","Y",,,,,
"1790","ZTBLAIS_PROD","T_AU_DATA_VALIDATION_FAD_LOG","6","DESK_OFFICER","NUMBER","22","Y",,,,,
"1791","ZTBLAIS_PROD","T_AU_DATA_VALIDATION_FAD_LOG","7","FAD_DATE","TIMESTAMP(6)","11","Y",,,,,
"1792","ZTBLAIS_PROD","T_AU_DATA_VALIDATION_FAD_LOG","8","REMARKS","VARCHAR2","500","Y",,,,,
"1793","ZTBLAIS_PROD","T_AU_DATA_VALIDATION_FAD_LOG","9","PARA_FINAL_NO_UPDATE","NUMBER","22","Y",,,,,
"1794","ZTBLAIS_PROD","T_AU_DATA_VALIDATION_HO_LOG","1","ID","NUMBER","22","Y",,,,,
"1795","ZTBLAIS_PROD","T_AU_DATA_VALIDATION_HO_LOG","2","REF_P","VARCHAR2","100","Y",,,,,
"1796","ZTBLAIS_PROD","T_AU_DATA_VALIDATION_HO_LOG","3","PARA_FINAL","NUMBER","22","Y",,,,,
"1797","ZTBLAIS_PROD","T_AU_DATA_VALIDATION_HO_LOG","4","PARA_REFERED_BACK","NUMBER","22","Y",,,,,
"1798","ZTBLAIS_PROD","T_AU_DATA_VALIDATION_HO_LOG","5","PARA_REVIEWED","NUMBER","22","Y",,,,,
"1799","ZTBLAIS_PROD","T_AU_DATA_VALIDATION_HO_LOG","6","DESK_OFFICER","NUMBER","22","Y",,,,,
"1800","ZTBLAIS_PROD","T_AU_DATA_VALIDATION_HO_LOG","7","FAD_DATE","TIMESTAMP(6)","11","Y",,,,,
"1801","ZTBLAIS_PROD","T_AU_DATA_VALIDATION_HO_LOG","8","REMARKS","VARCHAR2","500","Y",,,,,
"1802","ZTBLAIS_PROD","T_AU_DATA_VALIDATION_HO_LOG","9","PARA_FINAL_NO_UPDATE","NUMBER","22","Y",,,,,
"1803","ZTBLAIS_PROD","T_AU_DSA","1","ID","NUMBER","22","Y",,,,,
"1804","ZTBLAIS_PROD","T_AU_DSA","2","ENTITY_ID","NUMBER","22","Y",,,,,
"1805","ZTBLAIS_PROD","T_AU_DSA","3","AUDITED_BY","NUMBER","22","Y",,,,,
"1806","ZTBLAIS_PROD","T_AU_DSA","4","OBS_ID","NUMBER","22","Y",,,,,
"1807","ZTBLAIS_PROD","T_AU_DSA","5","PPNO","NUMBER","22","Y",,,,,
"1808","ZTBLAIS_PROD","T_AU_DSA","6","CREATED_BY","NUMBER","22","Y",,,,,
"1809","ZTBLAIS_PROD","T_AU_DSA","7","CREATED_ON","DATE","7","Y",,,,,
"1810","ZTBLAIS_PROD","T_AU_DSA","8","REVIEWED_BY","NUMBER","22","Y",,,,,
"1811","ZTBLAIS_PROD","T_AU_DSA","9","REVIEWED_ON","DATE","7","Y",,,,,
"1812","ZTBLAIS_PROD","T_AU_DSA","10","APPROVED_BY","NUMBER","22","Y",,,,,
"1813","ZTBLAIS_PROD","T_AU_DSA","11","APPROVED_ON","DATE","7","Y",,,,,
"1814","ZTBLAIS_PROD","T_AU_DSA","12","DPD_RECEIVED_BY","NUMBER","22","Y",,,,,
"1815","ZTBLAIS_PROD","T_AU_DSA","13","DPD_RECEIVED_ON","DATE","7","Y",,,,,
"1816","ZTBLAIS_PROD","T_AU_DSA","14","DPD_ACTIONS_ID","NUMBER","22","Y",,,,,
"1817","ZTBLAIS_PROD","T_AU_DSA","15","STATUS","NUMBER","22","Y",,,,,
"1818","ZTBLAIS_PROD","T_AU_DSA","16","ENG_ID","NUMBER","22","Y",,,,,
"1819","ZTBLAIS_PROD","T_AU_DSA","17","RESP_ID","NUMBER","22","Y",,,,,
"1820","ZTBLAIS_PROD","T_AU_DSA_GUIDELINES","1","ID","NUMBER","22","Y",,,,,
"1821","ZTBLAIS_PROD","T_AU_DSA_GUIDELINES","2","PATRICULARS","VARCHAR2","500","Y",,,,,
"1822","ZTBLAIS_PROD","T_AU_DSA_GUIDELINES","3","STATUS","VARCHAR2","2","Y",,,,,
"1823","ZTBLAIS_PROD","T_AU_DSA_GUIDELINES_ADDED","1","ID","NUMBER","22","Y",,,,,
"1824","ZTBLAIS_PROD","T_AU_DSA_GUIDELINES_ADDED","2","DSA_ID","NUMBER","22","Y",,,,,
"1825","ZTBLAIS_PROD","T_AU_DSA_GUIDELINES_ADDED","3","GD_ID","NUMBER","22","Y",,,,,
"1826","ZTBLAIS_PROD","T_AU_DSA_GUIDELINES_ADDED","4","ENTERED_BY","NUMBER","22","Y",,,,,
"1827","ZTBLAIS_PROD","T_AU_DSA_GUIDELINES_ADDED","5","ENTERED_ON","DATE","7","Y",,,,,
"1828","ZTBLAIS_PROD","T_AU_DSA_GUIDELINES_ADDED","6","STATUS","VARCHAR2","2","Y",,,,,
"1829","ZTBLAIS_PROD","T_AU_DSA_STATUS","1","ID","NUMBER","22","Y",,,,,
"1830","ZTBLAIS_PROD","T_AU_DSA_STATUS","2","STATUS","NUMBER","22","Y",,,,,
"1831","ZTBLAIS_PROD","T_AU_DSA_STATUS","3","DESCRIPTION","VARCHAR2","500","Y",,,,,
"1832","ZTBLAIS_PROD","T_AU_DSA_TEXT","1","ID","NUMBER","22","Y",,,,,
"1833","ZTBLAIS_PROD","T_AU_DSA_TEXT","2","DSA_ID","NUMBER","22","Y",,,,,
"1834","ZTBLAIS_PROD","T_AU_DSA_TEXT","3","DSA_BODY","CLOB","4000","Y",,,,,
"1835","ZTBLAIS_PROD","T_AU_DUPLICATE_PARAS","1","D_ID","NUMBER","22","Y",,,,,
"1836","ZTBLAIS_PROD","T_AU_DUPLICATE_PARAS","2","OLD_PARA_ID","NUMBER","22","Y",,,,,
"1837","ZTBLAIS_PROD","T_AU_DUPLICATE_PARAS","3","NEW_PARA_ID","NUMBER","22","Y",,,,,
"1838","ZTBLAIS_PROD","T_AU_DUPLICATE_PARAS","4","ENTITY_ID","NUMBER","22","Y",,,,,
"1839","ZTBLAIS_PROD","T_AU_DUPLICATE_PARAS","5","ENTITY_CODE","NUMBER","22","Y",,,,,
"1840","ZTBLAIS_PROD","T_AU_DUPLICATE_PARAS","6","AUDITED_BY","NUMBER","22","Y",,,,,
"1841","ZTBLAIS_PROD","T_AU_DUPLICATE_PARAS","7","PARA_NO","VARCHAR2","500","Y",,,,,
"1842","ZTBLAIS_PROD","T_AU_DUPLICATE_PARAS","8","PARA_GIST","VARCHAR2","3000","Y",,,,,
"1843","ZTBLAIS_PROD","T_AU_DUPLICATE_PARAS","9","AUDIT_PERIOD","VARCHAR2","500","Y",,,,,
"1844","ZTBLAIS_PROD","T_AU_DUPLICATE_PARAS","10","PARA_STATUS","NUMBER","22","Y",,,,,
"1845","ZTBLAIS_PROD","T_AU_DUPLICATE_PARAS","11","IND","VARCHAR2","500","Y",,,,,
"1846","ZTBLAIS_PROD","T_AU_DUPLICATE_PARAS","12","RISK","NUMBER","22","Y",,,,,
"1847","ZTBLAIS_PROD","T_AU_DUPLICATE_PARAS","13","INSTANCES","VARCHAR2","500","Y",,,,,
"1848","ZTBLAIS_PROD","T_AU_DUPLICATE_PARAS","14","AMOUNT","VARCHAR2","500","Y",,,,,
"1849","ZTBLAIS_PROD","T_AU_DUPLICATE_PARAS","15","ANNEX","NUMBER","22","Y",,,,,
"1850","ZTBLAIS_PROD","T_AU_DUPLICATE_PARAS","16","REMARKS","VARCHAR2","1500","Y",,,,,
"1851","ZTBLAIS_PROD","T_AU_DUPLICATE_PARAS","17","ADDED_BY","NUMBER","22","Y",,,,,
"1852","ZTBLAIS_PROD","T_AU_DUPLICATE_PARAS","18","ADDED_ON","TIMESTAMP(6)","11","Y",,,,,
"1853","ZTBLAIS_PROD","T_AU_DUPLICATE_PARAS","19","AUTHORIZED_STATUS","VARCHAR2","1","Y",,,,,
"1854","ZTBLAIS_PROD","T_AU_DUPLICATE_PARAS","20","AUTHORIZED_BY","NUMBER","22","Y",,,,,
"1855","ZTBLAIS_PROD","T_AU_DUPLICATE_PARAS","21","AUTHORIZED_ON","TIMESTAMP(6)","11","Y",,,,,
"1856","ZTBLAIS_PROD","T_AU_EMAILS","1","ID","NUMBER","22","Y",,,,,
"1857","ZTBLAIS_PROD","T_AU_EMAILS","2","EVENT_ID","NUMBER","22","Y",,,,,
"1858","ZTBLAIS_PROD","T_AU_EMAILS","3","SUBJECT","VARCHAR2","500","Y",,,,,
"1859","ZTBLAIS_PROD","T_AU_EMAILS","4","EMAIL_BODY","CLOB","4000","Y",,,,,
"1860","ZTBLAIS_PROD","T_AU_EMAILS","5","NATURE","VARCHAR2","4000","Y",,,,,
"1861","ZTBLAIS_PROD","T_AU_EMAILS","6","REF","NUMBER","22","Y",,,,,
"1862","ZTBLAIS_PROD","T_AU_EMAILS","7","EMAIL_TO","NUMBER","22","Y",,,,,
"1863","ZTBLAIS_PROD","T_AU_EMAILS","8","EMAIL_CC","NUMBER","22","Y",,,,,
"1864","ZTBLAIS_PROD","T_AU_EMAILS_INTERNAL","1","TO_ENT_ID","NUMBER","22","Y",,,,,
"1865","ZTBLAIS_PROD","T_AU_EMAILS_INTERNAL","2","TO_NAME","VARCHAR2","200","Y",,,,,
"1866","ZTBLAIS_PROD","T_AU_EMAILS_INTERNAL","3","TO_EMAIL","VARCHAR2","200","Y",,,,,
"1867","ZTBLAIS_PROD","T_AU_EMAILS_INTERNAL","4","CC_ENT_ID","NUMBER","22","Y",,,,,
"1868","ZTBLAIS_PROD","T_AU_EMAILS_INTERNAL","5","CC_NAMES","VARCHAR2","200","Y",,,,,
"1869","ZTBLAIS_PROD","T_AU_EMAILS_INTERNAL","6","CC_EMAIL","VARCHAR2","200","Y",,,,,
"1870","ZTBLAIS_PROD","T_AU_EMAIL_QUEUE","1","EMAIL_ID","NUMBER","22","N","PK_AU_EMAIL_QUEUE","PRIMARY KEY",,,
"1871","ZTBLAIS_PROD","T_AU_EMAIL_QUEUE","1","EMAIL_ID","NUMBER","22","N","SYS_C001143449","CHECK",,,
"1872","ZTBLAIS_PROD","T_AU_EMAIL_QUEUE","2","EVENT_CODE","VARCHAR2","50","Y",,,,,
"1873","ZTBLAIS_PROD","T_AU_EMAIL_QUEUE","3","REF_ID1","NUMBER","22","Y",,,,,
"1874","ZTBLAIS_PROD","T_AU_EMAIL_QUEUE","4","REF_ID2","NUMBER","22","Y",,,,,
"1875","ZTBLAIS_PROD","T_AU_EMAIL_QUEUE","5","MAIL_TO","VARCHAR2","2000","Y",,,,,
"1876","ZTBLAIS_PROD","T_AU_EMAIL_QUEUE","6","MAIL_CC","VARCHAR2","2000","Y",,,,,
"1877","ZTBLAIS_PROD","T_AU_EMAIL_QUEUE","7","SUBJECT","VARCHAR2","500","Y",,,,,
"1878","ZTBLAIS_PROD","T_AU_EMAIL_QUEUE","8","BODY","CLOB","4000","Y",,,,,
"1879","ZTBLAIS_PROD","T_AU_EMAIL_QUEUE","9","STATUS","VARCHAR2","20","Y",,,,,
"1880","ZTBLAIS_PROD","T_AU_EMAIL_QUEUE","10","CREATED_ON","DATE","7","Y",,,,,
"1881","ZTBLAIS_PROD","T_AU_EMAIL_QUEUE","11","SENT_ON","DATE","7","Y",,,,,
"1882","ZTBLAIS_PROD","T_AU_EMAIL_QUEUE","12","ERROR_TEXT","VARCHAR2","2000","Y",,,,,
"1883","ZTBLAIS_PROD","T_AU_ENB_TBL_DIVISONS","1","ENT_ID","NUMBER","22","Y",,,,,
"1884","ZTBLAIS_PROD","T_AU_ENB_TBL_DIVISONS","2","DIVISION_ID","VARCHAR2","20","Y",,,,,
"1885","ZTBLAIS_PROD","T_AU_ENB_TBL_DIVISONS","3","DIVISION_NAME","VARCHAR2","50","Y",,,,,
"1886","ZTBLAIS_PROD","T_AU_ENB_TBL_DIVISONS","4","DIVISION_CODE","VARCHAR2","50","Y",,,,,
"1887","ZTBLAIS_PROD","T_AU_ENB_TBL_DIVISONS","5","STATUS","NUMBER","22","Y",,,,,
"1888","ZTBLAIS_PROD","T_AU_ENTITIES","1","ID","NUMBER","22","Y",,,,,
"1889","ZTBLAIS_PROD","T_AU_ENTITIES","2","E_NAME","VARCHAR2","100","Y",,,,,
"1890","ZTBLAIS_PROD","T_AU_ENTITIES","3","STATUS","VARCHAR2","2","Y",,,,,
"1891","ZTBLAIS_PROD","T_AU_ENTITY_SHIFTING","1","REF_ID","NUMBER","22","Y",,,,,
"1892","ZTBLAIS_PROD","T_AU_ENTITY_SHIFTING","2","OLD_ENTITY_ID","NUMBER","22","Y",,,,,
"1893","ZTBLAIS_PROD","T_AU_ENTITY_SHIFTING","3","NEW_ENTITY_ID","NUMBER","22","Y",,,,,
"1894","ZTBLAIS_PROD","T_AU_ENTITY_SHIFTING","4","CIRCULAR_NO","VARCHAR2","250","Y",,,,,
"1895","ZTBLAIS_PROD","T_AU_ENTITY_SHIFTING","5","CIRCULAR_DATE","DATE","7","Y",,,,,
"1896","ZTBLAIS_PROD","T_AU_ENTITY_SHIFTING","6","CIRCULAR","CLOB","4000","Y",,,,,
"1897","ZTBLAIS_PROD","T_AU_ENTITY_SHIFTING","7","ENTERED_BY","NUMBER","22","Y",,,,,
"1898","ZTBLAIS_PROD","T_AU_ENTITY_SHIFTING","8","ENTERED_ON","DATE","7","Y",,,,,
"1899","ZTBLAIS_PROD","T_AU_ERROR_LOGS","1","ID","NUMBER","22","Y",,,,,
"1900","ZTBLAIS_PROD","T_AU_ERROR_LOGS","2","PACKAGE_NAME","VARCHAR2","20","Y",,,,,
"1901","ZTBLAIS_PROD","T_AU_ERROR_LOGS","3","PROCEDURE_NAME","VARCHAR2","500","Y",,,,,
"1902","ZTBLAIS_PROD","T_AU_ERROR_LOGS","4","NATURE","VARCHAR2","1000","Y",,,,,
"1903","ZTBLAIS_PROD","T_AU_ERROR_LOGS","5","PPNO","NUMBER","22","Y",,,,,
"1904","ZTBLAIS_PROD","T_AU_ERROR_LOGS","6","RECORD_ON","DATE","7","Y",,,,,
"1905","ZTBLAIS_PROD","T_AU_ERROR_LOGS","7","STATUS","VARCHAR2","500","Y",,,,,
"1906","ZTBLAIS_PROD","T_AU_EXCEPTION_REPORTS","1","R_ID","NUMBER","22","N","SYS_C001092770","CHECK",,,
"1907","ZTBLAIS_PROD","T_AU_EXCEPTION_REPORTS","2","R_REPORT_TITLE","VARCHAR2","500","Y",,,,,
"1908","ZTBLAIS_PROD","T_AU_EXCEPTION_REPORTS","3","R_DISCRIPTION","VARCHAR2","500","Y",,,,,
"1909","ZTBLAIS_PROD","T_AU_EXCEPTION_REPORTS","4","R_IND","VARCHAR2","2","Y",,,,,
"1910","ZTBLAIS_PROD","T_AU_EXCEPTION_REPORTS","5","STATUS","VARCHAR2","2","Y",,,,,
"1911","ZTBLAIS_PROD","T_AU_EXCEPTION_REPORTS","6","LOAN_STATUS","NUMBER","22","Y",,,,,
"1912","ZTBLAIS_PROD","T_AU_EXCEPTION_REPORTS","7","VIEW_NAME","VARCHAR2","200","Y",,,,,
"1913","ZTBLAIS_PROD","T_AU_EXCEPTION_REPORTS_FORMAT","1","FORMAT_ID","NUMBER","22","N","SYS_C001117058","CHECK",,,
"1914","ZTBLAIS_PROD","T_AU_EXCEPTION_REPORTS_FORMAT","1","FORMAT_ID","NUMBER","22","N","SYS_C001117063","PRIMARY KEY",,,
"1915","ZTBLAIS_PROD","T_AU_EXCEPTION_REPORTS_FORMAT","2","R_ID","NUMBER","22","N","SYS_C001117059","CHECK",,,
"1916","ZTBLAIS_PROD","T_AU_EXCEPTION_REPORTS_FORMAT","2","R_ID","NUMBER","22","N","UQ_EXC_FORMAT","UNIQUE",,,
"1917","ZTBLAIS_PROD","T_AU_EXCEPTION_REPORTS_FORMAT","3","COLUMN_NAME","VARCHAR2","100","N","SYS_C001117060","CHECK",,,
"1918","ZTBLAIS_PROD","T_AU_EXCEPTION_REPORTS_FORMAT","3","COLUMN_NAME","VARCHAR2","100","N","UQ_EXC_FORMAT","UNIQUE",,,
"1919","ZTBLAIS_PROD","T_AU_EXCEPTION_REPORTS_FORMAT","4","COLUMN_HEADER","VARCHAR2","200","N","SYS_C001117061","CHECK",,,
"1920","ZTBLAIS_PROD","T_AU_EXCEPTION_REPORTS_FORMAT","5","COLUMN_ORDER","NUMBER","22","N","SYS_C001117062","CHECK",,,
"1921","ZTBLAIS_PROD","T_AU_EXCEPTION_REPORTS_FORMAT","6","DATA_TYPE","VARCHAR2","20","Y",,,,,
"1922","ZTBLAIS_PROD","T_AU_EXCEPTION_REPORTS_FORMAT","7","IS_ACTIVE","CHAR","1","Y",,,,,
"1923","ZTBLAIS_PROD","T_AU_EXCEPTION_REPORTS_FORMAT","8","CREATED_DATE","DATE","7","Y",,,,,
"1924","ZTBLAIS_PROD","T_AU_FAD_REPORTS","1","ID","NUMBER","22","Y",,,,,
"1925","ZTBLAIS_PROD","T_AU_FAD_REPORTS","2","TITLE","VARCHAR2","200","Y",,,,,
"1926","ZTBLAIS_PROD","T_AU_FAD_REPORTS","3","INDICATORS","VARCHAR2","2","Y",,,,,
"1927","ZTBLAIS_PROD","T_AU_FAD_REPORTS","4","ACTIVE","VARCHAR2","2","Y",,,,,
"1928","ZTBLAIS_PROD","T_AU_IID_ANALYSIS","1","ANALYSIS_ID","NUMBER","22","N","PK_AU_IID_ANALYSIS","PRIMARY KEY",,,
"1929","ZTBLAIS_PROD","T_AU_IID_ANALYSIS","1","ANALYSIS_ID","NUMBER","22","N","SYS_C001144277","CHECK",,,
"1930","ZTBLAIS_PROD","T_AU_IID_ANALYSIS","2","REPORT_ID","NUMBER","22","Y",,,,,
"1931","ZTBLAIS_PROD","T_AU_IID_ANALYSIS","3","POLICY_GAPS","CLOB","4000","Y",,,,,
"1932","ZTBLAIS_PROD","T_AU_IID_ANALYSIS","4","CONTROL_GAPS","CLOB","4000","Y",,,,,
"1933","ZTBLAIS_PROD","T_AU_IID_ANALYSIS","5","PROCEDURAL_VIOLATIONS","CLOB","4000","Y",,,,,
"1934","ZTBLAIS_PROD","T_AU_IID_ANALYSIS","6","FORWARD_TO","VARCHAR2","20","Y",,,,,
"1935","ZTBLAIS_PROD","T_AU_IID_ANALYSIS","7","COMMENTS","CLOB","4000","Y",,,,,
"1936","ZTBLAIS_PROD","T_AU_IID_ANALYSIS","8","ANALYZED_BY","NUMBER","22","Y",,,,,
"1937","ZTBLAIS_PROD","T_AU_IID_ANALYSIS","9","ANALYZED_ON","DATE","7","Y",,,,,
"1938","ZTBLAIS_PROD","T_AU_IID_ANALYSIS","10","DECISION","VARCHAR2","50","Y",,,,,
"1939","ZTBLAIS_PROD","T_AU_IID_ANALYSIS","11","REFER_BACK_COMMENTS","CLOB","4000","Y",,,,,
"1940","ZTBLAIS_PROD","T_AU_IID_ASSESSMENT","1","ASSESSMENT_ID","NUMBER","22","N","PK_AU_IID_ASSESSMENT","PRIMARY KEY",,,
"1941","ZTBLAIS_PROD","T_AU_IID_ASSESSMENT","1","ASSESSMENT_ID","NUMBER","22","N","SYS_C001144259","CHECK",,,
"1942","ZTBLAIS_PROD","T_AU_IID_ASSESSMENT","2","COMPLAINT_ID","NUMBER","22","Y",,,,,
"1943","ZTBLAIS_PROD","T_AU_IID_ASSESSMENT","3","RECEIVED_BY","NUMBER","22","Y",,,,,
"1944","ZTBLAIS_PROD","T_AU_IID_ASSESSMENT","4","ASSESSMENT","CLOB","4000","Y",,,,,
"1945","ZTBLAIS_PROD","T_AU_IID_ASSESSMENT","5","RECOMMENDATION","VARCHAR2","20","Y",,,,,
"1946","ZTBLAIS_PROD","T_AU_IID_ASSESSMENT","6","FORWARDED_ON","DATE","7","Y",,,,,
"1947","ZTBLAIS_PROD","T_AU_IID_ASSESSMENT","7","PRELIM_RISK","VARCHAR2","255","Y",,,,,
"1948","ZTBLAIS_PROD","T_AU_IID_ASSESSMENT","8","ASSIGNED_UNIT_ID","NUMBER","22","Y",,,,,
"1949","ZTBLAIS_PROD","T_AU_IID_CASE_STUDY","1","CASE_ID","NUMBER","22","N","PK_AU_IID_CASE_STUDY","PRIMARY KEY",,,
"1950","ZTBLAIS_PROD","T_AU_IID_CASE_STUDY","1","CASE_ID","NUMBER","22","N","SYS_C001144261","CHECK",,,
"1951","ZTBLAIS_PROD","T_AU_IID_CASE_STUDY","2","COMPLAINT_ID","NUMBER","22","Y",,,,,
"1952","ZTBLAIS_PROD","T_AU_IID_CASE_STUDY","3","ORIGIN_PROCESS_OWNER","VARCHAR2","100","Y",,,,,
"1953","ZTBLAIS_PROD","T_AU_IID_CASE_STUDY","4","NAME_COMPLAINANT","VARCHAR2","200","Y",,,,,
"1954","ZTBLAIS_PROD","T_AU_IID_CASE_STUDY","5","BRANCH","VARCHAR2","100","Y",,,,,
"1955","ZTBLAIS_PROD","T_AU_IID_CASE_STUDY","6","GIST","CLOB","4000","Y",,,,,
"1956","ZTBLAIS_PROD","T_AU_IID_CASE_STUDY","7","OUTCOME","CLOB","4000","Y",,,,,
"1957","ZTBLAIS_PROD","T_AU_IID_CASE_STUDY","8","MODUS_OPERANDI","CLOB","4000","Y",,,,,
"1958","ZTBLAIS_PROD","T_AU_IID_CASE_STUDY","9","GAPS","CLOB","4000","Y",,,,,
"1959","ZTBLAIS_PROD","T_AU_IID_CASE_STUDY","10","ROOT_CAUSE","CLOB","4000","Y",,,,,
"1960","ZTBLAIS_PROD","T_AU_IID_CASE_STUDY","11","ACTIONS_REC","CLOB","4000","Y",,,,,
"1961","ZTBLAIS_PROD","T_AU_IID_CASE_STUDY","12","POLICY_GAPS_IDENTIFIED","CLOB","4000","Y",,,,,
"1962","ZTBLAIS_PROD","T_AU_IID_CASE_STUDY","13","CONTROL_VIOLATIONS","CLOB","4000","Y",,,,,
"1963","ZTBLAIS_PROD","T_AU_IID_CASE_STUDY","14","RISK_IDENTIFIED","CLOB","4000","Y",,,,,
"1964","ZTBLAIS_PROD","T_AU_IID_CASE_STUDY","15","REG_COMPLIANCE_FAILURE","CLOB","4000","Y",,,,,
"1965","ZTBLAIS_PROD","T_AU_IID_CASE_STUDY","16","STATUS","VARCHAR2","20","Y",,,,,
"1966","ZTBLAIS_PROD","T_AU_IID_COMPLAINANT","1","COMPLAINANT_ID","NUMBER","22","N","PK_IID_COMPLAINANT","PRIMARY KEY",,,
"1967","ZTBLAIS_PROD","T_AU_IID_COMPLAINANT","1","COMPLAINANT_ID","NUMBER","22","N","SYS_C001146837","CHECK",,,
"1968","ZTBLAIS_PROD","T_AU_IID_COMPLAINANT","2","COMPLAINT_ID","NUMBER","22","N","FK_IID_COMPLAINANT_HDR","FOREIGN KEY",,,
"1969","ZTBLAIS_PROD","T_AU_IID_COMPLAINANT","2","COMPLAINT_ID","NUMBER","22","N","SYS_C001146838","CHECK",,,
"1970","ZTBLAIS_PROD","T_AU_IID_COMPLAINANT","3","COMPLAINANT_NAME","VARCHAR2","200","Y",,,,,
"1971","ZTBLAIS_PROD","T_AU_IID_COMPLAINANT","4","CNIC","VARCHAR2","50","Y",,,,,
"1972","ZTBLAIS_PROD","T_AU_IID_COMPLAINANT","5","CELLULAR_NUMBER","VARCHAR2","50","Y",,,,,
"1973","ZTBLAIS_PROD","T_AU_IID_COMPLAINANT","6","MAILING_ADDRESS","VARCHAR2","500","Y",,,,,
"1974","ZTBLAIS_PROD","T_AU_IID_COMPLAINANT","7","GENDER","VARCHAR2","20","Y",,,,,
"1975","ZTBLAIS_PROD","T_AU_IID_COMPLAINANT","8","IS_PRIMARY","CHAR","1","Y","SYS_C001146839","CHECK",,,
"1976","ZTBLAIS_PROD","T_AU_IID_COMPLAINANT","9","ACTIVE_FLAG","CHAR","1","Y","SYS_C001146840","CHECK",,,
"1977","ZTBLAIS_PROD","T_AU_IID_COMPLAINANT","10","CREATED_ON","DATE","7","Y",,,,,
"1978","ZTBLAIS_PROD","T_AU_IID_COMPLAINANT","11","CREATED_BY_PP_NO","NUMBER","22","Y",,,,,
"1979","ZTBLAIS_PROD","T_AU_IID_COMPLAINANT","12","UPDATED_ON","DATE","7","Y",,,,,
"1980","ZTBLAIS_PROD","T_AU_IID_COMPLAINANT","13","UPDATED_BY_PP_NO","NUMBER","22","Y",,,,,
"1981","ZTBLAIS_PROD","T_AU_IID_COMPLAINT_HDR","1","COMPLAINT_ID","NUMBER","22","N","SYS_C001144289","CHECK",,,
"1982","ZTBLAIS_PROD","T_AU_IID_COMPLAINT_HDR","1","COMPLAINT_ID","NUMBER","22","N","SYS_C001146835","PRIMARY KEY",,,
"1983","ZTBLAIS_PROD","T_AU_IID_COMPLAINT_HDR","2","COMPLAINT_NO","VARCHAR2","50","Y","UK_IID_COMPLAINT_NO","UNIQUE",,,
"1984","ZTBLAIS_PROD","T_AU_IID_COMPLAINT_HDR","3","INTAKE_CHANNEL","VARCHAR2","30","N","CK_IID_INTAKE_CHANNEL","CHECK",,,
"1985","ZTBLAIS_PROD","T_AU_IID_COMPLAINT_HDR","3","INTAKE_CHANNEL","VARCHAR2","30","N","SYS_C001144291","CHECK",,,
"1986","ZTBLAIS_PROD","T_AU_IID_COMPLAINT_HDR","4","STATUS","VARCHAR2","50","N","SYS_C001144292","CHECK",,,
"1987","ZTBLAIS_PROD","T_AU_IID_COMPLAINT_HDR","5","SUBMITTED_ON","DATE","7","N","SYS_C001144293","CHECK",,,
"1988","ZTBLAIS_PROD","T_AU_IID_COMPLAINT_HDR","6","SUBMITTED_BY_PP_NO","NUMBER","22","Y",,,,,
"1989","ZTBLAIS_PROD","T_AU_IID_COMPLAINT_HDR","7","ASSIGNED_UNIT_ID","NUMBER","22","Y",,,,,
"1990","ZTBLAIS_PROD","T_AU_IID_COMPLAINT_HDR","8","ACTIVE_FLAG","CHAR","1","Y",,,,,
"1991","ZTBLAIS_PROD","T_AU_IID_COMPLAINT_HDR","9","UPDATED_ON","DATE","7","Y",,,,,
"1992","ZTBLAIS_PROD","T_AU_IID_COMPLAINT_HDR","10","UPDATED_BY_PP_NO","NUMBER","22","Y",,,,,
"1993","ZTBLAIS_PROD","T_AU_IID_COMPLAINT_HDR","11","STATUS_ID","NUMBER","22","N","FK_IID_HDR_STATUS","FOREIGN KEY",,,
"1994","ZTBLAIS_PROD","T_AU_IID_COMPLAINT_HDR","11","STATUS_ID","NUMBER","22","N","SYS_C001150663","CHECK",,,
"1995","ZTBLAIS_PROD","T_AU_IID_COMPLAINT_HDR","12","IS_FINALIZED","CHAR","1","Y",,,,,
"1996","ZTBLAIS_PROD","T_AU_IID_COMPLAINT_HDR","13","FINALIZED_ON","DATE","7","Y",,,,,
"1997","ZTBLAIS_PROD","T_AU_IID_COMPLAINT_IAID","1","COMPLAINT_ID","NUMBER","22","Y","FK_IID_IAID_HDR","FOREIGN KEY",,,
"1998","ZTBLAIS_PROD","T_AU_IID_COMPLAINT_IAID","1","COMPLAINT_ID","NUMBER","22","Y","SYS_C001150661","PRIMARY KEY",,,
"1999","ZTBLAIS_PROD","T_AU_IID_COMPLAINT_IAID","2","NATURE","VARCHAR2","200","Y",,,,,
"2000","ZTBLAIS_PROD","T_AU_IID_COMPLAINT_IAID","3","CATEGORY","VARCHAR2","200","Y",,,,,
"2001","ZTBLAIS_PROD","T_AU_IID_COMPLAINT_IAID","4","RECEIVED_FROM","VARCHAR2","200","Y",,,,,
"2002","ZTBLAIS_PROD","T_AU_IID_COMPLAINT_IAID","5","LOCATION_TYPE_ID","NUMBER","22","Y",,,,,
"2003","ZTBLAIS_PROD","T_AU_IID_COMPLAINT_IAID","6","GM_OFFICE_ID","NUMBER","22","Y",,,,,
"2004","ZTBLAIS_PROD","T_AU_IID_COMPLAINT_IAID","7","REGION_ID","NUMBER","22","Y",,,,,
"2005","ZTBLAIS_PROD","T_AU_IID_COMPLAINT_IAID","8","BRANCH_ID","NUMBER","22","Y",,,,,
"2006","ZTBLAIS_PROD","T_AU_IID_COMPLAINT_IAID","9","CONTENTS","CLOB","4000","Y",,,,,
"2007","ZTBLAIS_PROD","T_AU_IID_COMPLAINT_IAID","10","UPLOADED_COMPLAINT","VARCHAR2","500","Y",,,,,
"2008","ZTBLAIS_PROD","T_AU_IID_COMPLAINT_IAID","11","UPLOADED_EVIDENCE","VARCHAR2","500","Y",,,,,
"2009","ZTBLAIS_PROD","T_AU_IID_COMPLAINT_IAID","12","ACTION_REQUIRED","VARCHAR2","200","Y",,,,,
"2010","ZTBLAIS_PROD","T_AU_IID_COMPLAINT_IAID","13","UPLOADED_FFR","VARCHAR2","500","Y",,,,,
"2011","ZTBLAIS_PROD","T_AU_IID_EXC_ACCOUNT","1","ACCOUNT_EXC_ID","NUMBER","22","N","SYS_C001163984","PRIMARY KEY","TRG_IID_EXC_ACCOUNT","INSERT","ENABLED"
"2012","ZTBLAIS_PROD","T_AU_IID_EXC_ACCOUNT","2","INQUIRY_ID","NUMBER","22","N","SYS_C001163978","CHECK","TRG_IID_EXC_ACCOUNT","INSERT","ENABLED"
"2013","ZTBLAIS_PROD","T_AU_IID_EXC_ACCOUNT","3","REPORT_ID","NUMBER","22","N","FK_IID_EXC_ACC_RPT","FOREIGN KEY","TRG_IID_EXC_ACCOUNT","INSERT","ENABLED"
"2014","ZTBLAIS_PROD","T_AU_IID_EXC_ACCOUNT","3","REPORT_ID","NUMBER","22","N","SYS_C001163979","CHECK","TRG_IID_EXC_ACCOUNT","INSERT","ENABLED"
"2015","ZTBLAIS_PROD","T_AU_IID_EXC_ACCOUNT","4","ACCOUNT_NO","VARCHAR2","50","N","SYS_C001163980","CHECK","TRG_IID_EXC_ACCOUNT","INSERT","ENABLED"
"2016","ZTBLAIS_PROD","T_AU_IID_EXC_ACCOUNT","5","ACCOUNT_TITLE","VARCHAR2","300","Y","","","TRG_IID_EXC_ACCOUNT","INSERT","ENABLED"
"2017","ZTBLAIS_PROD","T_AU_IID_EXC_ACCOUNT","6","CUSTOMER_NAME","VARCHAR2","300","Y","","","TRG_IID_EXC_ACCOUNT","INSERT","ENABLED"
"2018","ZTBLAIS_PROD","T_AU_IID_EXC_ACCOUNT","7","CNIC","VARCHAR2","20","Y","","","TRG_IID_EXC_ACCOUNT","INSERT","ENABLED"
"2019","ZTBLAIS_PROD","T_AU_IID_EXC_ACCOUNT","8","BRANCH_CODE","VARCHAR2","20","Y","","","TRG_IID_EXC_ACCOUNT","INSERT","ENABLED"
"2020","ZTBLAIS_PROD","T_AU_IID_EXC_ACCOUNT","9","BRANCH_NAME","VARCHAR2","200","Y","","","TRG_IID_EXC_ACCOUNT","INSERT","ENABLED"
"2021","ZTBLAIS_PROD","T_AU_IID_EXC_ACCOUNT","10","EXCEPTION_DETAIL","VARCHAR2","2000","Y","","","TRG_IID_EXC_ACCOUNT","INSERT","ENABLED"
"2022","ZTBLAIS_PROD","T_AU_IID_EXC_ACCOUNT","11","REPORTING_PERIOD","VARCHAR2","100","Y","","","TRG_IID_EXC_ACCOUNT","INSERT","ENABLED"
"2023","ZTBLAIS_PROD","T_AU_IID_EXC_ACCOUNT","12","SOURCE_REF_NO","VARCHAR2","100","Y","","","TRG_IID_EXC_ACCOUNT","INSERT","ENABLED"
"2024","ZTBLAIS_PROD","T_AU_IID_EXC_ACCOUNT","13","IS_ACTIVE","CHAR","1","N","CK_IID_EXC_ACC_ACT","CHECK","TRG_IID_EXC_ACCOUNT","INSERT","ENABLED"
"2025","ZTBLAIS_PROD","T_AU_IID_EXC_ACCOUNT","13","IS_ACTIVE","CHAR","1","N","SYS_C001163981","CHECK","TRG_IID_EXC_ACCOUNT","INSERT","ENABLED"
"2026","ZTBLAIS_PROD","T_AU_IID_EXC_ACCOUNT","14","CREATED_ON","DATE","7","N","SYS_C001163982","CHECK","TRG_IID_EXC_ACCOUNT","INSERT","ENABLED"
"2027","ZTBLAIS_PROD","T_AU_IID_EXC_ACCOUNT","15","CREATED_BY","NUMBER","22","Y","","","TRG_IID_EXC_ACCOUNT","INSERT","ENABLED"
"2028","ZTBLAIS_PROD","T_AU_IID_EXC_ACCOUNT","16","UPDATED_ON","DATE","7","Y","","","TRG_IID_EXC_ACCOUNT","INSERT","ENABLED"
"2029","ZTBLAIS_PROD","T_AU_IID_EXC_ACCOUNT","17","UPDATED_BY","NUMBER","22","Y","","","TRG_IID_EXC_ACCOUNT","INSERT","ENABLED"
"2030","ZTBLAIS_PROD","T_AU_IID_EXC_ACCOUNT_DOC","1","ACCOUNT_DOC_ID","NUMBER","22","N","SYS_C001163996","PRIMARY KEY","TRG_IID_EXC_ACCOUNT_DOC","INSERT","ENABLED"
"2031","ZTBLAIS_PROD","T_AU_IID_EXC_ACCOUNT_DOC","2","ACCOUNT_NO","VARCHAR2","50","N","SYS_C001163992","CHECK","TRG_IID_EXC_ACCOUNT_DOC","INSERT","ENABLED"
"2032","ZTBLAIS_PROD","T_AU_IID_EXC_ACCOUNT_DOC","3","OLD_ACCOUNT_NO","VARCHAR2","50","Y","","","TRG_IID_EXC_ACCOUNT_DOC","INSERT","ENABLED"
"2033","ZTBLAIS_PROD","T_AU_IID_EXC_ACCOUNT_DOC","4","PAGE_NO","VARCHAR2","50","Y","","","TRG_IID_EXC_ACCOUNT_DOC","INSERT","ENABLED"
"2034","ZTBLAIS_PROD","T_AU_IID_EXC_ACCOUNT_DOC","5","DOC_NAME","VARCHAR2","300","Y","","","TRG_IID_EXC_ACCOUNT_DOC","INSERT","ENABLED"
"2035","ZTBLAIS_PROD","T_AU_IID_EXC_ACCOUNT_DOC","6","DOC_IMAGE","BLOB","4000","Y","","","TRG_IID_EXC_ACCOUNT_DOC","INSERT","ENABLED"
"2036","ZTBLAIS_PROD","T_AU_IID_EXC_ACCOUNT_DOC","7","DOC_REMARKS","VARCHAR2","1000","Y","","","TRG_IID_EXC_ACCOUNT_DOC","INSERT","ENABLED"
"2037","ZTBLAIS_PROD","T_AU_IID_EXC_ACCOUNT_DOC","8","IS_ACTIVE","CHAR","1","N","CK_IID_EXC_ACC_DOC_ACT","CHECK","TRG_IID_EXC_ACCOUNT_DOC","INSERT","ENABLED"
"2038","ZTBLAIS_PROD","T_AU_IID_EXC_ACCOUNT_DOC","8","IS_ACTIVE","CHAR","1","N","SYS_C001163993","CHECK","TRG_IID_EXC_ACCOUNT_DOC","INSERT","ENABLED"
"2039","ZTBLAIS_PROD","T_AU_IID_EXC_ACCOUNT_DOC","9","CREATED_ON","DATE","7","N","SYS_C001163994","CHECK","TRG_IID_EXC_ACCOUNT_DOC","INSERT","ENABLED"
"2040","ZTBLAIS_PROD","T_AU_IID_EXC_ACCOUNT_DOC","10","CREATED_BY","NUMBER","22","Y","","","TRG_IID_EXC_ACCOUNT_DOC","INSERT","ENABLED"
"2041","ZTBLAIS_PROD","T_AU_IID_EXC_ACCOUNT_TXN","1","ACCOUNT_TXN_ID","NUMBER","22","N","SYS_C001163991","PRIMARY KEY","TRG_IID_EXC_ACCOUNT_TXN","INSERT","ENABLED"
"2042","ZTBLAIS_PROD","T_AU_IID_EXC_ACCOUNT_TXN","2","INQUIRY_ID","NUMBER","22","N","SYS_C001163986","CHECK","TRG_IID_EXC_ACCOUNT_TXN","INSERT","ENABLED"
"2043","ZTBLAIS_PROD","T_AU_IID_EXC_ACCOUNT_TXN","3","ACCOUNT_NO","VARCHAR2","50","N","SYS_C001163987","CHECK","TRG_IID_EXC_ACCOUNT_TXN","INSERT","ENABLED"
"2044","ZTBLAIS_PROD","T_AU_IID_EXC_ACCOUNT_TXN","4","TRANSACTION_MASTER_CODE","VARCHAR2","100","Y","","","TRG_IID_EXC_ACCOUNT_TXN","INSERT","ENABLED"
"2045","ZTBLAIS_PROD","T_AU_IID_EXC_ACCOUNT_TXN","5","DESCRIPTION","VARCHAR2","1000","Y","","","TRG_IID_EXC_ACCOUNT_TXN","INSERT","ENABLED"
"2046","ZTBLAIS_PROD","T_AU_IID_EXC_ACCOUNT_TXN","6","REMARKS","VARCHAR2","1000","Y","","","TRG_IID_EXC_ACCOUNT_TXN","INSERT","ENABLED"
"2047","ZTBLAIS_PROD","T_AU_IID_EXC_ACCOUNT_TXN","7","TRANSACTION_DATE","DATE","7","Y","","","TRG_IID_EXC_ACCOUNT_TXN","INSERT","ENABLED"
"2048","ZTBLAIS_PROD","T_AU_IID_EXC_ACCOUNT_TXN","8","AUTHORIZATION_DATE","DATE","7","Y","","","TRG_IID_EXC_ACCOUNT_TXN","INSERT","ENABLED"
"2049","ZTBLAIS_PROD","T_AU_IID_EXC_ACCOUNT_TXN","9","DR_AMOUNT","NUMBER","22","Y","","","TRG_IID_EXC_ACCOUNT_TXN","INSERT","ENABLED"
"2050","ZTBLAIS_PROD","T_AU_IID_EXC_ACCOUNT_TXN","10","CR_AMOUNT","NUMBER","22","Y","","","TRG_IID_EXC_ACCOUNT_TXN","INSERT","ENABLED"
"2051","ZTBLAIS_PROD","T_AU_IID_EXC_ACCOUNT_TXN","11","TO_ACCOUNT_ID","VARCHAR2","100","Y","","","TRG_IID_EXC_ACCOUNT_TXN","INSERT","ENABLED"
"2052","ZTBLAIS_PROD","T_AU_IID_EXC_ACCOUNT_TXN","12","TO_ACCOUNT_TITLE","VARCHAR2","300","Y","","","TRG_IID_EXC_ACCOUNT_TXN","INSERT","ENABLED"
"2053","ZTBLAIS_PROD","T_AU_IID_EXC_ACCOUNT_TXN","13","TO_ACCOUNT_NO","VARCHAR2","50","Y","","","TRG_IID_EXC_ACCOUNT_TXN","INSERT","ENABLED"
"2054","ZTBLAIS_PROD","T_AU_IID_EXC_ACCOUNT_TXN","14","TO_ACC_BRANCH_ID","VARCHAR2","50","Y","","","TRG_IID_EXC_ACCOUNT_TXN","INSERT","ENABLED"
"2055","ZTBLAIS_PROD","T_AU_IID_EXC_ACCOUNT_TXN","15","INSTRUMENT_NO","VARCHAR2","100","Y","","","TRG_IID_EXC_ACCOUNT_TXN","INSERT","ENABLED"
"2056","ZTBLAIS_PROD","T_AU_IID_EXC_ACCOUNT_TXN","16","IS_ACTIVE","CHAR","1","N","CK_IID_EXC_ACC_TXN_ACT","CHECK","TRG_IID_EXC_ACCOUNT_TXN","INSERT","ENABLED"
"2057","ZTBLAIS_PROD","T_AU_IID_EXC_ACCOUNT_TXN","16","IS_ACTIVE","CHAR","1","N","SYS_C001163988","CHECK","TRG_IID_EXC_ACCOUNT_TXN","INSERT","ENABLED"
"2058","ZTBLAIS_PROD","T_AU_IID_EXC_ACCOUNT_TXN","17","CREATED_ON","DATE","7","N","SYS_C001163989","CHECK","TRG_IID_EXC_ACCOUNT_TXN","INSERT","ENABLED"
"2059","ZTBLAIS_PROD","T_AU_IID_EXC_ACCOUNT_TXN","18","CREATED_BY","NUMBER","22","Y","","","TRG_IID_EXC_ACCOUNT_TXN","INSERT","ENABLED"
"2060","ZTBLAIS_PROD","T_AU_IID_EXC_LOAN","1","LOAN_EXC_ID","NUMBER","22","N","SYS_C001164003","PRIMARY KEY","TRG_IID_EXC_LOAN","INSERT","ENABLED"
"2061","ZTBLAIS_PROD","T_AU_IID_EXC_LOAN","2","INQUIRY_ID","NUMBER","22","N","SYS_C001163997","CHECK","TRG_IID_EXC_LOAN","INSERT","ENABLED"
"2062","ZTBLAIS_PROD","T_AU_IID_EXC_LOAN","3","REPORT_ID","NUMBER","22","N","FK_IID_EXC_LOAN_RPT","FOREIGN KEY","TRG_IID_EXC_LOAN","INSERT","ENABLED"
"2063","ZTBLAIS_PROD","T_AU_IID_EXC_LOAN","3","REPORT_ID","NUMBER","22","N","SYS_C001163998","CHECK","TRG_IID_EXC_LOAN","INSERT","ENABLED"
"2064","ZTBLAIS_PROD","T_AU_IID_EXC_LOAN","4","INDICATOR","VARCHAR2","50","Y","","","TRG_IID_EXC_LOAN","INSERT","ENABLED"
"2065","ZTBLAIS_PROD","T_AU_IID_EXC_LOAN","5","STATUS_ID","NUMBER","22","Y","","","TRG_IID_EXC_LOAN","INSERT","ENABLED"
"2066","ZTBLAIS_PROD","T_AU_IID_EXC_LOAN","6","LOAN_DISB_ID","VARCHAR2","100","N","SYS_C001163999","CHECK","TRG_IID_EXC_LOAN","INSERT","ENABLED"
"2067","ZTBLAIS_PROD","T_AU_IID_EXC_LOAN","7","TYPE","VARCHAR2","100","Y","","","TRG_IID_EXC_LOAN","INSERT","ENABLED"
"2068","ZTBLAIS_PROD","T_AU_IID_EXC_LOAN","8","SCHEME","VARCHAR2","200","Y","","","TRG_IID_EXC_LOAN","INSERT","ENABLED"
"2069","ZTBLAIS_PROD","T_AU_IID_EXC_LOAN","9","L_PURPOSE","VARCHAR2","500","Y","","","TRG_IID_EXC_LOAN","INSERT","ENABLED"
"2070","ZTBLAIS_PROD","T_AU_IID_EXC_LOAN","10","LC_NO","VARCHAR2","100","Y","","","TRG_IID_EXC_LOAN","INSERT","ENABLED"
"2071","ZTBLAIS_PROD","T_AU_IID_EXC_LOAN","11","CNIC","VARCHAR2","20","Y","","","TRG_IID_EXC_LOAN","INSERT","ENABLED"
"2072","ZTBLAIS_PROD","T_AU_IID_EXC_LOAN","12","CUSTOMER_NAME","VARCHAR2","300","Y","","","TRG_IID_EXC_LOAN","INSERT","ENABLED"
"2073","ZTBLAIS_PROD","T_AU_IID_EXC_LOAN","13","APP_DATE","DATE","7","Y","","","TRG_IID_EXC_LOAN","INSERT","ENABLED"
"2074","ZTBLAIS_PROD","T_AU_IID_EXC_LOAN","14","DISB_DATE","DATE","7","Y","","","TRG_IID_EXC_LOAN","INSERT","ENABLED"
"2075","ZTBLAIS_PROD","T_AU_IID_EXC_LOAN","15","DEV_AMOUNT","NUMBER","22","Y","","","TRG_IID_EXC_LOAN","INSERT","ENABLED"
"2076","ZTBLAIS_PROD","T_AU_IID_EXC_LOAN","16","OUTSTANDING","NUMBER","22","Y","","","TRG_IID_EXC_LOAN","INSERT","ENABLED"
"2077","ZTBLAIS_PROD","T_AU_IID_EXC_LOAN","17","EXCEPTION_DETAIL","VARCHAR2","2000","Y","","","TRG_IID_EXC_LOAN","INSERT","ENABLED"
"2078","ZTBLAIS_PROD","T_AU_IID_EXC_LOAN","18","REPORTING_PERIOD","VARCHAR2","100","Y","","","TRG_IID_EXC_LOAN","INSERT","ENABLED"
"2079","ZTBLAIS_PROD","T_AU_IID_EXC_LOAN","19","IS_ACTIVE","CHAR","1","N","CK_IID_EXC_LOAN_ACT","CHECK","TRG_IID_EXC_LOAN","INSERT","ENABLED"
"2080","ZTBLAIS_PROD","T_AU_IID_EXC_LOAN","19","IS_ACTIVE","CHAR","1","N","SYS_C001164000","CHECK","TRG_IID_EXC_LOAN","INSERT","ENABLED"
"2081","ZTBLAIS_PROD","T_AU_IID_EXC_LOAN","20","CREATED_ON","DATE","7","N","SYS_C001164001","CHECK","TRG_IID_EXC_LOAN","INSERT","ENABLED"
"2082","ZTBLAIS_PROD","T_AU_IID_EXC_LOAN","21","CREATED_BY","NUMBER","22","Y","","","TRG_IID_EXC_LOAN","INSERT","ENABLED"
"2083","ZTBLAIS_PROD","T_AU_IID_EXC_LOAN","22","UPDATED_ON","DATE","7","Y","","","TRG_IID_EXC_LOAN","INSERT","ENABLED"
"2084","ZTBLAIS_PROD","T_AU_IID_EXC_LOAN","23","UPDATED_BY","NUMBER","22","Y","","","TRG_IID_EXC_LOAN","INSERT","ENABLED"
"2085","ZTBLAIS_PROD","T_AU_IID_EXC_LOAN_DOC","1","LOAN_DOC_ID","NUMBER","22","N","SYS_C001164010","PRIMARY KEY","TRG_IID_EXC_LOAN_DOC","INSERT","ENABLED"
"2086","ZTBLAIS_PROD","T_AU_IID_EXC_LOAN_DOC","2","INQUIRY_ID","NUMBER","22","N","SYS_C001164005","CHECK","TRG_IID_EXC_LOAN_DOC","INSERT","ENABLED"
"2087","ZTBLAIS_PROD","T_AU_IID_EXC_LOAN_DOC","3","LOAN_DISB_ID","VARCHAR2","100","N","SYS_C001164006","CHECK","TRG_IID_EXC_LOAN_DOC","INSERT","ENABLED"
"2088","ZTBLAIS_PROD","T_AU_IID_EXC_LOAN_DOC","4","IMAGE_ID","NUMBER","22","Y","","","TRG_IID_EXC_LOAN_DOC","INSERT","ENABLED"
"2089","ZTBLAIS_PROD","T_AU_IID_EXC_LOAN_DOC","5","BRANCH_CODE","VARCHAR2","20","Y","","","TRG_IID_EXC_LOAN_DOC","INSERT","ENABLED"
"2090","ZTBLAIS_PROD","T_AU_IID_EXC_LOAN_DOC","6","LOAN_APP_ID","VARCHAR2","100","Y","","","TRG_IID_EXC_LOAN_DOC","INSERT","ENABLED"
"2091","ZTBLAIS_PROD","T_AU_IID_EXC_LOAN_DOC","7","CNIC","VARCHAR2","20","Y","","","TRG_IID_EXC_LOAN_DOC","INSERT","ENABLED"
"2092","ZTBLAIS_PROD","T_AU_IID_EXC_LOAN_DOC","8","CUSTOMER_NAME","VARCHAR2","300","Y","","","TRG_IID_EXC_LOAN_DOC","INSERT","ENABLED"
"2093","ZTBLAIS_PROD","T_AU_IID_EXC_LOAN_DOC","9","LOAN_CASE_NO","VARCHAR2","100","Y","","","TRG_IID_EXC_LOAN_DOC","INSERT","ENABLED"
"2094","ZTBLAIS_PROD","T_AU_IID_EXC_LOAN_DOC","10","DOC_NAME","VARCHAR2","300","Y","","","TRG_IID_EXC_LOAN_DOC","INSERT","ENABLED"
"2095","ZTBLAIS_PROD","T_AU_IID_EXC_LOAN_DOC","11","IS_ACTIVE","CHAR","1","N","CK_IID_EXC_LOAN_DOC_ACT","CHECK","TRG_IID_EXC_LOAN_DOC","INSERT","ENABLED"
"2096","ZTBLAIS_PROD","T_AU_IID_EXC_LOAN_DOC","11","IS_ACTIVE","CHAR","1","N","SYS_C001164007","CHECK","TRG_IID_EXC_LOAN_DOC","INSERT","ENABLED"
"2097","ZTBLAIS_PROD","T_AU_IID_EXC_LOAN_DOC","12","CREATED_ON","DATE","7","N","SYS_C001164008","CHECK","TRG_IID_EXC_LOAN_DOC","INSERT","ENABLED"
"2098","ZTBLAIS_PROD","T_AU_IID_EXC_LOAN_DOC","13","CREATED_BY","NUMBER","22","Y","","","TRG_IID_EXC_LOAN_DOC","INSERT","ENABLED"
"2099","ZTBLAIS_PROD","T_AU_IID_EXC_LOAN_DOC_IMG","1","IMAGE_ID","NUMBER","22","N","SYS_C001164013","PRIMARY KEY","TRG_IID_EXC_LOAN_DOC_IMG","INSERT","ENABLED"
"2100","ZTBLAIS_PROD","T_AU_IID_EXC_LOAN_DOC_IMG","2","IMAGE_DATA","BLOB","4000","N","SYS_C001164011","CHECK","TRG_IID_EXC_LOAN_DOC_IMG","INSERT","ENABLED"
"2101","ZTBLAIS_PROD","T_AU_IID_EXC_LOAN_DOC_IMG","3","MIME_TYPE","VARCHAR2","100","Y","","","TRG_IID_EXC_LOAN_DOC_IMG","INSERT","ENABLED"
"2102","ZTBLAIS_PROD","T_AU_IID_EXC_LOAN_DOC_IMG","4","FILE_NAME","VARCHAR2","300","Y","","","TRG_IID_EXC_LOAN_DOC_IMG","INSERT","ENABLED"
"2103","ZTBLAIS_PROD","T_AU_IID_EXC_LOAN_DOC_IMG","5","CREATED_ON","DATE","7","N","SYS_C001164012","CHECK","TRG_IID_EXC_LOAN_DOC_IMG","INSERT","ENABLED"
"2104","ZTBLAIS_PROD","T_AU_IID_EXC_LOAN_DOC_IMG","6","CREATED_BY","NUMBER","22","Y","","","TRG_IID_EXC_LOAN_DOC_IMG","INSERT","ENABLED"
"2105","ZTBLAIS_PROD","T_AU_IID_EXC_LOAN_TXN","1","LOAN_TXN_ID","NUMBER","22","N","SYS_C001164019","PRIMARY KEY","TRG_IID_EXC_LOAN_TXN","INSERT","ENABLED"
"2106","ZTBLAIS_PROD","T_AU_IID_EXC_LOAN_TXN","2","INQUIRY_ID","NUMBER","22","N","SYS_C001164014","CHECK","TRG_IID_EXC_LOAN_TXN","INSERT","ENABLED"
"2107","ZTBLAIS_PROD","T_AU_IID_EXC_LOAN_TXN","3","LOAN_DISB_ID","VARCHAR2","100","N","SYS_C001164015","CHECK","TRG_IID_EXC_LOAN_TXN","INSERT","ENABLED"
"2108","ZTBLAIS_PROD","T_AU_IID_EXC_LOAN_TXN","4","DESCRIPTION","VARCHAR2","1000","Y","","","TRG_IID_EXC_LOAN_TXN","INSERT","ENABLED"
"2109","ZTBLAIS_PROD","T_AU_IID_EXC_LOAN_TXN","5","MANUAL_VOUCHER_NO","VARCHAR2","100","Y","","","TRG_IID_EXC_LOAN_TXN","INSERT","ENABLED"
"2110","ZTBLAIS_PROD","T_AU_IID_EXC_LOAN_TXN","6","TRANSACTION_DATE","DATE","7","Y","","","TRG_IID_EXC_LOAN_TXN","INSERT","ENABLED"
"2111","ZTBLAIS_PROD","T_AU_IID_EXC_LOAN_TXN","7","DR_AMOUNT","NUMBER","22","Y","","","TRG_IID_EXC_LOAN_TXN","INSERT","ENABLED"
"2112","ZTBLAIS_PROD","T_AU_IID_EXC_LOAN_TXN","8","CR_AMOUNT","NUMBER","22","Y","","","TRG_IID_EXC_LOAN_TXN","INSERT","ENABLED"
"2113","ZTBLAIS_PROD","T_AU_IID_EXC_LOAN_TXN","9","LN_ACCOUNT_ID","VARCHAR2","100","Y","","","TRG_IID_EXC_LOAN_TXN","INSERT","ENABLED"
"2114","ZTBLAIS_PROD","T_AU_IID_EXC_LOAN_TXN","10","CREATED_ON_TXN","DATE","7","Y","","","TRG_IID_EXC_LOAN_TXN","INSERT","ENABLED"
"2115","ZTBLAIS_PROD","T_AU_IID_EXC_LOAN_TXN","11","REMARKS","VARCHAR2","1000","Y","","","TRG_IID_EXC_LOAN_TXN","INSERT","ENABLED"
"2116","ZTBLAIS_PROD","T_AU_IID_EXC_LOAN_TXN","12","REJECTION_DATE","DATE","7","Y","","","TRG_IID_EXC_LOAN_TXN","INSERT","ENABLED"
"2117","ZTBLAIS_PROD","T_AU_IID_EXC_LOAN_TXN","13","REVERSAL_DATE","DATE","7","Y","","","TRG_IID_EXC_LOAN_TXN","INSERT","ENABLED"
"2118","ZTBLAIS_PROD","T_AU_IID_EXC_LOAN_TXN","14","WORKING_DATE","DATE","7","Y","","","TRG_IID_EXC_LOAN_TXN","INSERT","ENABLED"
"2119","ZTBLAIS_PROD","T_AU_IID_EXC_LOAN_TXN","15","AUTHORIZATION_DATE","DATE","7","Y","","","TRG_IID_EXC_LOAN_TXN","INSERT","ENABLED"
"2120","ZTBLAIS_PROD","T_AU_IID_EXC_LOAN_TXN","16","MCO_RECEIPT_NO","VARCHAR2","100","Y","","","TRG_IID_EXC_LOAN_TXN","INSERT","ENABLED"
"2121","ZTBLAIS_PROD","T_AU_IID_EXC_LOAN_TXN","17","MCO_BOOK_NO","VARCHAR2","100","Y","","","TRG_IID_EXC_LOAN_TXN","INSERT","ENABLED"
"2122","ZTBLAIS_PROD","T_AU_IID_EXC_LOAN_TXN","18","IS_ACTIVE","CHAR","1","N","CK_IID_EXC_LOAN_TXN_ACT","CHECK","TRG_IID_EXC_LOAN_TXN","INSERT","ENABLED"
"2123","ZTBLAIS_PROD","T_AU_IID_EXC_LOAN_TXN","18","IS_ACTIVE","CHAR","1","N","SYS_C001164016","CHECK","TRG_IID_EXC_LOAN_TXN","INSERT","ENABLED"
"2124","ZTBLAIS_PROD","T_AU_IID_EXC_LOAN_TXN","19","CREATED_ON","DATE","7","N","SYS_C001164017","CHECK","TRG_IID_EXC_LOAN_TXN","INSERT","ENABLED"
"2125","ZTBLAIS_PROD","T_AU_IID_EXC_LOAN_TXN","20","CREATED_BY","NUMBER","22","Y","","","TRG_IID_EXC_LOAN_TXN","INSERT","ENABLED"
"2126","ZTBLAIS_PROD","T_AU_IID_EXC_REPORT_COL_MST","1","COLUMN_ID","NUMBER","22","N","SYS_C001163975","PRIMARY KEY","TRG_IID_EXC_RPT_COL","INSERT","ENABLED"
"2127","ZTBLAIS_PROD","T_AU_IID_EXC_REPORT_COL_MST","2","REPORT_ID","NUMBER","22","N","FK_IID_EXC_COL_MST_RPT","FOREIGN KEY","TRG_IID_EXC_RPT_COL","INSERT","ENABLED"
"2128","ZTBLAIS_PROD","T_AU_IID_EXC_REPORT_COL_MST","2","REPORT_ID","NUMBER","22","N","SYS_C001163967","CHECK","TRG_IID_EXC_RPT_COL","INSERT","ENABLED"
"2129","ZTBLAIS_PROD","T_AU_IID_EXC_REPORT_COL_MST","2","REPORT_ID","NUMBER","22","N","UK_IID_EXC_COL_RPT_COL","UNIQUE","TRG_IID_EXC_RPT_COL","INSERT","ENABLED"
"2130","ZTBLAIS_PROD","T_AU_IID_EXC_REPORT_COL_MST","3","COLUMN_NAME","VARCHAR2","100","N","SYS_C001163968","CHECK","TRG_IID_EXC_RPT_COL","INSERT","ENABLED"
"2131","ZTBLAIS_PROD","T_AU_IID_EXC_REPORT_COL_MST","3","COLUMN_NAME","VARCHAR2","100","N","UK_IID_EXC_COL_RPT_COL","UNIQUE","TRG_IID_EXC_RPT_COL","INSERT","ENABLED"
"2132","ZTBLAIS_PROD","T_AU_IID_EXC_REPORT_COL_MST","4","COLUMN_HEADER","VARCHAR2","200","N","SYS_C001163969","CHECK","TRG_IID_EXC_RPT_COL","INSERT","ENABLED"
"2133","ZTBLAIS_PROD","T_AU_IID_EXC_REPORT_COL_MST","5","COLUMN_ORDER","NUMBER","22","N","SYS_C001163970","CHECK","TRG_IID_EXC_RPT_COL","INSERT","ENABLED"
"2134","ZTBLAIS_PROD","T_AU_IID_EXC_REPORT_COL_MST","6","DATA_TYPE","VARCHAR2","30","N","SYS_C001163971","CHECK","TRG_IID_EXC_RPT_COL","INSERT","ENABLED"
"2135","ZTBLAIS_PROD","T_AU_IID_EXC_REPORT_COL_MST","7","IS_VISIBLE","CHAR","1","N","CK_IID_EXC_COL_MST_VIS","CHECK","TRG_IID_EXC_RPT_COL","INSERT","ENABLED"
"2136","ZTBLAIS_PROD","T_AU_IID_EXC_REPORT_COL_MST","7","IS_VISIBLE","CHAR","1","N","SYS_C001163972","CHECK","TRG_IID_EXC_RPT_COL","INSERT","ENABLED"
"2137","ZTBLAIS_PROD","T_AU_IID_EXC_REPORT_COL_MST","8","CREATED_ON","DATE","7","N","SYS_C001163973","CHECK","TRG_IID_EXC_RPT_COL","INSERT","ENABLED"
"2138","ZTBLAIS_PROD","T_AU_IID_EXC_REPORT_COL_MST","9","CREATED_BY","NUMBER","22","Y","","","TRG_IID_EXC_RPT_COL","INSERT","ENABLED"
"2139","ZTBLAIS_PROD","T_AU_IID_EXC_REPORT_COL_MST","10","UPDATED_ON","DATE","7","Y","","","TRG_IID_EXC_RPT_COL","INSERT","ENABLED"
"2140","ZTBLAIS_PROD","T_AU_IID_EXC_REPORT_COL_MST","11","UPDATED_BY","NUMBER","22","Y","","","TRG_IID_EXC_RPT_COL","INSERT","ENABLED"
"2141","ZTBLAIS_PROD","T_AU_IID_EXC_REPORT_MST","1","REPORT_ID","NUMBER","22","N","SYS_C001163965","PRIMARY KEY","TRG_IID_EXC_RPT_MST","INSERT","ENABLED"
"2142","ZTBLAIS_PROD","T_AU_IID_EXC_REPORT_MST","2","REPORT_CODE","VARCHAR2","50","N","SYS_C001163958","CHECK","TRG_IID_EXC_RPT_MST","INSERT","ENABLED"
"2143","ZTBLAIS_PROD","T_AU_IID_EXC_REPORT_MST","2","REPORT_CODE","VARCHAR2","50","N","UK_IID_EXC_RPT_MST_CODE","UNIQUE","TRG_IID_EXC_RPT_MST","INSERT","ENABLED"
"2144","ZTBLAIS_PROD","T_AU_IID_EXC_REPORT_MST","3","REPORT_TITLE","VARCHAR2","200","N","SYS_C001163959","CHECK","TRG_IID_EXC_RPT_MST","INSERT","ENABLED"
"2145","ZTBLAIS_PROD","T_AU_IID_EXC_REPORT_MST","4","DESCRIPTION","VARCHAR2","1000","Y","","","TRG_IID_EXC_RPT_MST","INSERT","ENABLED"
"2146","ZTBLAIS_PROD","T_AU_IID_EXC_REPORT_MST","5","REPORT_TYPE","VARCHAR2","30","N","SYS_C001163960","CHECK","TRG_IID_EXC_RPT_MST","INSERT","ENABLED"
"2147","ZTBLAIS_PROD","T_AU_IID_EXC_REPORT_MST","6","DRILL_PROC_CODE","VARCHAR2","50","Y","","","TRG_IID_EXC_RPT_MST","INSERT","ENABLED"
"2148","ZTBLAIS_PROD","T_AU_IID_EXC_REPORT_MST","7","DISPLAY_ORDER","NUMBER","22","N","SYS_C001163961","CHECK","TRG_IID_EXC_RPT_MST","INSERT","ENABLED"
"2149","ZTBLAIS_PROD","T_AU_IID_EXC_REPORT_MST","8","IS_ACTIVE","CHAR","1","N","CK_IID_EXC_RPT_MST_ACT","CHECK","TRG_IID_EXC_RPT_MST","INSERT","ENABLED"
"2150","ZTBLAIS_PROD","T_AU_IID_EXC_REPORT_MST","8","IS_ACTIVE","CHAR","1","N","SYS_C001163962","CHECK","TRG_IID_EXC_RPT_MST","INSERT","ENABLED"
"2151","ZTBLAIS_PROD","T_AU_IID_EXC_REPORT_MST","9","CREATED_ON","DATE","7","N","SYS_C001163963","CHECK","TRG_IID_EXC_RPT_MST","INSERT","ENABLED"
"2152","ZTBLAIS_PROD","T_AU_IID_EXC_REPORT_MST","10","CREATED_BY","NUMBER","22","Y","","","TRG_IID_EXC_RPT_MST","INSERT","ENABLED"
"2153","ZTBLAIS_PROD","T_AU_IID_EXC_REPORT_MST","11","UPDATED_ON","DATE","7","Y","","","TRG_IID_EXC_RPT_MST","INSERT","ENABLED"
"2154","ZTBLAIS_PROD","T_AU_IID_EXC_REPORT_MST","12","UPDATED_BY","NUMBER","22","Y","","","TRG_IID_EXC_RPT_MST","INSERT","ENABLED"
"2155","ZTBLAIS_PROD","T_AU_IID_FINAL_APPROVAL","1","FINAL_APPROVAL_ID","NUMBER","22","N","PK_AU_IID_FINAL_APPROVAL","PRIMARY KEY",,,
"2156","ZTBLAIS_PROD","T_AU_IID_FINAL_APPROVAL","1","FINAL_APPROVAL_ID","NUMBER","22","N","SYS_C001144279","CHECK",,,
"2157","ZTBLAIS_PROD","T_AU_IID_FINAL_APPROVAL","2","REPORT_ID","NUMBER","22","Y",,,,,
"2158","ZTBLAIS_PROD","T_AU_IID_FINAL_APPROVAL","3","COMMENTS","CLOB","4000","Y",,,,,
"2159","ZTBLAIS_PROD","T_AU_IID_FINAL_APPROVAL","4","APPROVED","VARCHAR2","5","Y",,,,,
"2160","ZTBLAIS_PROD","T_AU_IID_FINAL_APPROVAL","5","APPROVED_BY","NUMBER","22","Y",,,,,
"2161","ZTBLAIS_PROD","T_AU_IID_FINAL_APPROVAL","6","APPROVED_ON","DATE","7","Y",,,,,
"2162","ZTBLAIS_PROD","T_AU_IID_HEAD_PLAN_APPROVAL","1","APPROVAL_ID","NUMBER","22","N","PK_AU_IID_HEAD_PLAN_APPROVAL","PRIMARY KEY",,,
"2163","ZTBLAIS_PROD","T_AU_IID_HEAD_PLAN_APPROVAL","1","APPROVAL_ID","NUMBER","22","N","SYS_C001144267","CHECK",,,
"2164","ZTBLAIS_PROD","T_AU_IID_HEAD_PLAN_APPROVAL","2","PLAN_ID","NUMBER","22","Y","FK_IID_PLAN_APPR_PLAN","FOREIGN KEY",,,
"2165","ZTBLAIS_PROD","T_AU_IID_HEAD_PLAN_APPROVAL","3","APPROVED_BY","NUMBER","22","Y",,,,,
"2166","ZTBLAIS_PROD","T_AU_IID_HEAD_PLAN_APPROVAL","4","IS_APPROVED","VARCHAR2","5","Y",,,,,
"2167","ZTBLAIS_PROD","T_AU_IID_HEAD_PLAN_APPROVAL","5","EDITED_PLAN","CLOB","4000","Y",,,,,
"2168","ZTBLAIS_PROD","T_AU_IID_HEAD_PLAN_APPROVAL","6","FURTHER_ACTIONS","CLOB","4000","Y",,,,,
"2169","ZTBLAIS_PROD","T_AU_IID_HEAD_PLAN_APPROVAL","7","APPROVED_ON","DATE","7","Y",,,,,
"2170","ZTBLAIS_PROD","T_AU_IID_HEAD_REVIEW","1","REVIEW_ID","NUMBER","22","N","PK_AU_IID_HEAD_REVIEW","PRIMARY KEY",,,
"2171","ZTBLAIS_PROD","T_AU_IID_HEAD_REVIEW","1","REVIEW_ID","NUMBER","22","N","SYS_C001144263","CHECK",,,
"2172","ZTBLAIS_PROD","T_AU_IID_HEAD_REVIEW","2","COMPLAINT_ID","NUMBER","22","Y",,,,,
"2173","ZTBLAIS_PROD","T_AU_IID_HEAD_REVIEW","3","ASSESSMENT_ID","NUMBER","22","Y",,,,,
"2174","ZTBLAIS_PROD","T_AU_IID_HEAD_REVIEW","4","REVIEWED_BY","NUMBER","22","Y",,,,,
"2175","ZTBLAIS_PROD","T_AU_IID_HEAD_REVIEW","5","DIRECTIONS","CLOB","4000","Y",,,,,
"2176","ZTBLAIS_PROD","T_AU_IID_HEAD_REVIEW","6","ASSIGNED_TO_UNIT","NUMBER","22","Y",,,,,
"2177","ZTBLAIS_PROD","T_AU_IID_HEAD_REVIEW","7","TEAM_LEAD","NUMBER","22","Y",,,,,
"2178","ZTBLAIS_PROD","T_AU_IID_HEAD_REVIEW","8","TEAM_MEMBERS","CLOB","4000","Y",,,,,
"2179","ZTBLAIS_PROD","T_AU_IID_HEAD_REVIEW","9","ASSIGNED_ON","DATE","7","Y",,,,,
"2180","ZTBLAIS_PROD","T_AU_IID_HEAD_REVIEW","10","DUE_DATE","DATE","7","Y",,,,,
"2181","ZTBLAIS_PROD","T_AU_IID_HEAD_REVIEW","11","REFERRED_BACK_COMMENTS","CLOB","4000","Y",,,,,
"2182","ZTBLAIS_PROD","T_AU_IID_HEAD_REVIEW","12","ACTION","VARCHAR2","50","Y",,,,,
"2183","ZTBLAIS_PROD","T_AU_IID_HEAD_REVIEW","13","REVIEWED_ON","DATE","7","Y",,,,,
"2184","ZTBLAIS_PROD","T_AU_IID_HEAD_REVIEW","14","APPROVED_ON","DATE","7","Y",,,,,
"2185","ZTBLAIS_PROD","T_AU_IID_INQ_ACCUSATIONS","1","ACCUSATION_ID","NUMBER","22","N","PK_IID_INQ_ACCUSATIONS","PRIMARY KEY",,,
"2186","ZTBLAIS_PROD","T_AU_IID_INQ_ACCUSATIONS","1","ACCUSATION_ID","NUMBER","22","N","SYS_C001146765","CHECK",,,
"2187","ZTBLAIS_PROD","T_AU_IID_INQ_ACCUSATIONS","2","COMPLAINT_ID","NUMBER","22","N","FK_IID_ACC_HDR","FOREIGN KEY",,,
"2188","ZTBLAIS_PROD","T_AU_IID_INQ_ACCUSATIONS","2","COMPLAINT_ID","NUMBER","22","N","SYS_C001146766","CHECK",,,
"2189","ZTBLAIS_PROD","T_AU_IID_INQ_ACCUSATIONS","3","ACCUSATION_TEXT","CLOB","4000","N","SYS_C001146767","CHECK",,,
"2190","ZTBLAIS_PROD","T_AU_IID_INQ_ACCUSATIONS","4","SORT_ORDER","NUMBER","22","N","SYS_C001146768","CHECK",,,
"2191","ZTBLAIS_PROD","T_AU_IID_INQ_ACCUSATIONS","5","STATUS","VARCHAR2","20","N","CK_IID_INQ_ACC_STATUS","CHECK",,,
"2192","ZTBLAIS_PROD","T_AU_IID_INQ_ACCUSATIONS","5","STATUS","VARCHAR2","20","N","SYS_C001146769","CHECK",,,
"2193","ZTBLAIS_PROD","T_AU_IID_INQ_ACCUSATIONS","6","CREATED_BY","NUMBER","22","Y",,,,,
"2194","ZTBLAIS_PROD","T_AU_IID_INQ_ACCUSATIONS","7","CREATED_ON","DATE","7","N","SYS_C001146770","CHECK",,,
"2195","ZTBLAIS_PROD","T_AU_IID_INQ_ACCUSATIONS","8","UPDATED_BY","NUMBER","22","Y",,,,,
"2196","ZTBLAIS_PROD","T_AU_IID_INQ_ACCUSATIONS","9","UPDATED_ON","DATE","7","Y",,,,,
"2197","ZTBLAIS_PROD","T_AU_IID_INQ_ACCUSED_LIST","1","ACCUSED_ROW_ID","NUMBER","22","N","PK_IID_INQ_ACCUSED_LIST","PRIMARY KEY",,,
"2198","ZTBLAIS_PROD","T_AU_IID_INQ_ACCUSED_LIST","1","ACCUSED_ROW_ID","NUMBER","22","N","SYS_C001146774","CHECK",,,
"2199","ZTBLAIS_PROD","T_AU_IID_INQ_ACCUSED_LIST","2","COMPLAINT_ID","NUMBER","22","N","FK_IID_ACCUSED_HDR","FOREIGN KEY",,,
"2200","ZTBLAIS_PROD","T_AU_IID_INQ_ACCUSED_LIST","2","COMPLAINT_ID","NUMBER","22","N","SYS_C001146775","CHECK",,,
"2201","ZTBLAIS_PROD","T_AU_IID_INQ_ACCUSED_LIST","3","PERSON_NAME","VARCHAR2","200","N","SYS_C001146776","CHECK",,,
"2202","ZTBLAIS_PROD","T_AU_IID_INQ_ACCUSED_LIST","4","DESIGNATION","VARCHAR2","150","Y",,,,,
"2203","ZTBLAIS_PROD","T_AU_IID_INQ_ACCUSED_LIST","5","ROLE_TYPE","VARCHAR2","20","Y","CK_IID_INQ_ACCUSED_ROLE","CHECK",,,
"2204","ZTBLAIS_PROD","T_AU_IID_INQ_ACCUSED_LIST","6","PPNO_NUMBER","VARCHAR2","25","Y",,,,,
"2205","ZTBLAIS_PROD","T_AU_IID_INQ_ACCUSED_LIST","7","CNIC","VARCHAR2","25","Y",,,,,
"2206","ZTBLAIS_PROD","T_AU_IID_INQ_ACCUSED_LIST","8","FATHER_NAME","VARCHAR2","200","Y",,,,,
"2207","ZTBLAIS_PROD","T_AU_IID_INQ_ACCUSED_LIST","9","REMARKS","VARCHAR2","1000","Y",,,,,
"2208","ZTBLAIS_PROD","T_AU_IID_INQ_ACCUSED_LIST","10","SORT_ORDER","NUMBER","22","N","SYS_C001146778","CHECK",,,
"2209","ZTBLAIS_PROD","T_AU_IID_INQ_ACCUSED_LIST","11","STATUS","VARCHAR2","20","N","CK_IID_INQ_ACCUSED_STATUS","CHECK",,,
"2210","ZTBLAIS_PROD","T_AU_IID_INQ_ACCUSED_LIST","11","STATUS","VARCHAR2","20","N","SYS_C001146779","CHECK",,,
"2211","ZTBLAIS_PROD","T_AU_IID_INQ_ACCUSED_LIST","12","CREATED_BY","NUMBER","22","Y",,,,,
"2212","ZTBLAIS_PROD","T_AU_IID_INQ_ACCUSED_LIST","13","CREATED_ON","DATE","7","N","SYS_C001146780","CHECK",,,
"2213","ZTBLAIS_PROD","T_AU_IID_INQ_ACCUSED_LIST","14","UPDATED_BY","NUMBER","22","Y",,,,,
"2214","ZTBLAIS_PROD","T_AU_IID_INQ_ACCUSED_LIST","15","UPDATED_ON","DATE","7","Y",,,,,
"2215","ZTBLAIS_PROD","T_AU_IID_INQ_DSA","1","DSA_ID","NUMBER","22","N","PK_IID_INQ_DSA","PRIMARY KEY",,,
"2216","ZTBLAIS_PROD","T_AU_IID_INQ_DSA","1","DSA_ID","NUMBER","22","N","SYS_C001146816","CHECK",,,
"2217","ZTBLAIS_PROD","T_AU_IID_INQ_DSA","2","COMPLAINT_ID","NUMBER","22","N","FK_IID_DSA_HDR","FOREIGN KEY",,,
"2218","ZTBLAIS_PROD","T_AU_IID_INQ_DSA","2","COMPLAINT_ID","NUMBER","22","N","SYS_C001146817","CHECK",,,
"2219","ZTBLAIS_PROD","T_AU_IID_INQ_DSA","3","PERSON_NAME","VARCHAR2","200","N","SYS_C001146818","CHECK",,,
"2220","ZTBLAIS_PROD","T_AU_IID_INQ_DSA","4","DESIGNATION","VARCHAR2","150","Y",,,,,
"2221","ZTBLAIS_PROD","T_AU_IID_INQ_DSA","5","PPNO_NUMBER","VARCHAR2","25","Y",,,,,
"2222","ZTBLAIS_PROD","T_AU_IID_INQ_DSA","6","CNIC","VARCHAR2","25","Y",,,,,
"2223","ZTBLAIS_PROD","T_AU_IID_INQ_DSA","7","DSA_STATUS","VARCHAR2","30","N","SYS_C001146819","CHECK",,,
"2224","ZTBLAIS_PROD","T_AU_IID_INQ_DSA","8","REMARKS","VARCHAR2","1000","Y",,,,,
"2225","ZTBLAIS_PROD","T_AU_IID_INQ_DSA","9","SORT_ORDER","NUMBER","22","N","SYS_C001146820","CHECK",,,
"2226","ZTBLAIS_PROD","T_AU_IID_INQ_DSA","10","STATUS","VARCHAR2","20","N","CK_IID_INQ_DSA_REC_STATUS","CHECK",,,
"2227","ZTBLAIS_PROD","T_AU_IID_INQ_DSA","10","STATUS","VARCHAR2","20","N","SYS_C001146821","CHECK",,,
"2228","ZTBLAIS_PROD","T_AU_IID_INQ_DSA","11","CREATED_BY","NUMBER","22","Y",,,,,
"2229","ZTBLAIS_PROD","T_AU_IID_INQ_DSA","12","CREATED_ON","DATE","7","N","SYS_C001146822","CHECK",,,
"2230","ZTBLAIS_PROD","T_AU_IID_INQ_DSA","13","UPDATED_BY","NUMBER","22","Y",,,,,
"2231","ZTBLAIS_PROD","T_AU_IID_INQ_DSA","14","UPDATED_ON","DATE","7","Y",,,,,
"2232","ZTBLAIS_PROD","T_AU_IID_INQ_EVIDENCE_FILES","1","EVIDENCE_ID","NUMBER","22","N","PK_IID_INQ_EVIDENCE","PRIMARY KEY",,,
"2233","ZTBLAIS_PROD","T_AU_IID_INQ_EVIDENCE_FILES","1","EVIDENCE_ID","NUMBER","22","N","SYS_C001146794","CHECK",,,
"2234","ZTBLAIS_PROD","T_AU_IID_INQ_EVIDENCE_FILES","2","COMPLAINT_ID","NUMBER","22","N","FK_IID_EVID_HDR","FOREIGN KEY",,,
"2235","ZTBLAIS_PROD","T_AU_IID_INQ_EVIDENCE_FILES","2","COMPLAINT_ID","NUMBER","22","N","SYS_C001146795","CHECK",,,
"2236","ZTBLAIS_PROD","T_AU_IID_INQ_EVIDENCE_FILES","3","EVIDENCE_TYPE","VARCHAR2","30","N","SYS_C001146796","CHECK",,,
"2237","ZTBLAIS_PROD","T_AU_IID_INQ_EVIDENCE_FILES","4","DESCRIPTION","VARCHAR2","1000","Y",,,,,
"2238","ZTBLAIS_PROD","T_AU_IID_INQ_EVIDENCE_FILES","5","FILE_NAME","VARCHAR2","500","N","SYS_C001146797","CHECK",,,
"2239","ZTBLAIS_PROD","T_AU_IID_INQ_EVIDENCE_FILES","6","FILE_PATH","VARCHAR2","2000","N","SYS_C001146798","CHECK",,,
"2240","ZTBLAIS_PROD","T_AU_IID_INQ_EVIDENCE_FILES","7","FILE_EXT","VARCHAR2","20","Y",,,,,
"2241","ZTBLAIS_PROD","T_AU_IID_INQ_EVIDENCE_FILES","8","FILE_SIZE_KB","NUMBER","22","Y",,,,,
"2242","ZTBLAIS_PROD","T_AU_IID_INQ_EVIDENCE_FILES","9","STATUS","VARCHAR2","20","N","CK_IID_INQ_EVIDENCE_STATUS","CHECK",,,
"2243","ZTBLAIS_PROD","T_AU_IID_INQ_EVIDENCE_FILES","9","STATUS","VARCHAR2","20","N","SYS_C001146799","CHECK",,,
"2244","ZTBLAIS_PROD","T_AU_IID_INQ_EVIDENCE_FILES","10","UPLOADED_BY","NUMBER","22","Y",,,,,
"2245","ZTBLAIS_PROD","T_AU_IID_INQ_EVIDENCE_FILES","11","UPLOADED_ON","DATE","7","N","SYS_C001146800","CHECK",,,
"2246","ZTBLAIS_PROD","T_AU_IID_INQ_EVIDENCE_FILES","12","UPDATED_BY","NUMBER","22","Y",,,,,
"2247","ZTBLAIS_PROD","T_AU_IID_INQ_EVIDENCE_FILES","13","UPDATED_ON","DATE","7","Y",,,,,
"2248","ZTBLAIS_PROD","T_AU_IID_INQ_EVIDENCE_STEP","1","COMPLAINT_ID","NUMBER","22","N","FK_IID_INQ_EVIDENCE_STEP","FOREIGN KEY",,,
"2249","ZTBLAIS_PROD","T_AU_IID_INQ_EVIDENCE_STEP","1","COMPLAINT_ID","NUMBER","22","N","PK_IID_INQ_EVIDENCE_STEP","PRIMARY KEY",,,
"2250","ZTBLAIS_PROD","T_AU_IID_INQ_EVIDENCE_STEP","1","COMPLAINT_ID","NUMBER","22","N","SYS_C001161534","CHECK",,,
"2251","ZTBLAIS_PROD","T_AU_IID_INQ_EVIDENCE_STEP","2","MATERIAL_EVIDENCE_DETAIL","CLOB","4000","Y",,,,,
"2252","ZTBLAIS_PROD","T_AU_IID_INQ_EVIDENCE_STEP","3","CIRCUMSTANTIAL_EVIDENCE_DETAIL","CLOB","4000","Y",,,,,
"2253","ZTBLAIS_PROD","T_AU_IID_INQ_EVIDENCE_STEP","4","STATUS","VARCHAR2","1","N","SYS_C001161535","CHECK",,,
"2254","ZTBLAIS_PROD","T_AU_IID_INQ_EVIDENCE_STEP","5","CREATED_BY","NUMBER","22","Y",,,,,
"2255","ZTBLAIS_PROD","T_AU_IID_INQ_EVIDENCE_STEP","6","CREATED_ON","DATE","7","N","SYS_C001161536","CHECK",,,
"2256","ZTBLAIS_PROD","T_AU_IID_INQ_EVIDENCE_STEP","7","UPDATED_BY","NUMBER","22","Y",,,,,
"2257","ZTBLAIS_PROD","T_AU_IID_INQ_EVIDENCE_STEP","8","UPDATED_ON","DATE","7","Y",,,,,
"2258","ZTBLAIS_PROD","T_AU_IID_INQ_FIND_RECOMM","1","COMPLAINT_ID","NUMBER","22","N","FK_IID_FIND_HDR","FOREIGN KEY",,,
"2259","ZTBLAIS_PROD","T_AU_IID_INQ_FIND_RECOMM","1","COMPLAINT_ID","NUMBER","22","N","PK_IID_INQ_FIND_RECOMM","PRIMARY KEY",,,
"2260","ZTBLAIS_PROD","T_AU_IID_INQ_FIND_RECOMM","1","COMPLAINT_ID","NUMBER","22","N","SYS_C001148989","CHECK",,,
"2261","ZTBLAIS_PROD","T_AU_IID_INQ_FIND_RECOMM","2","FINDINGS_TEXT","CLOB","4000","Y",,,,,
"2262","ZTBLAIS_PROD","T_AU_IID_INQ_FIND_RECOMM","3","RECOMMENDATION_TEXT","CLOB","4000","Y",,,,,
"2263","ZTBLAIS_PROD","T_AU_IID_INQ_FIND_RECOMM","4","STATUS","VARCHAR2","20","N","SYS_C001148990","CHECK",,,
"2264","ZTBLAIS_PROD","T_AU_IID_INQ_FIND_RECOMM","5","CREATED_BY","VARCHAR2","20","Y",,,,,
"2265","ZTBLAIS_PROD","T_AU_IID_INQ_FIND_RECOMM","6","CREATED_ON","DATE","7","N","SYS_C001148991","CHECK",,,
"2266","ZTBLAIS_PROD","T_AU_IID_INQ_FIND_RECOMM","7","UPDATED_BY","VARCHAR2","20","Y",,,,,
"2267","ZTBLAIS_PROD","T_AU_IID_INQ_FIND_RECOMM","8","UPDATED_ON","DATE","7","Y",,,,,
"2268","ZTBLAIS_PROD","T_AU_IID_INQ_FIND_RECOMM","9","ACCUSATION_ID","NUMBER","22","N","FK_IID_FIND_ACC","FOREIGN KEY",,,
"2269","ZTBLAIS_PROD","T_AU_IID_INQ_FIND_RECOMM","9","ACCUSATION_ID","NUMBER","22","N","PK_IID_INQ_FIND_RECOMM","PRIMARY KEY",,,
"2270","ZTBLAIS_PROD","T_AU_IID_INQ_FIND_RECOMM","10","ACCUSATION","VARCHAR2","150","Y",,,,,
"2271","ZTBLAIS_PROD","T_AU_IID_INQ_PROCEEDINGS","1","PROCEEDING_ID","NUMBER","22","N","PK_IID_INQ_PROCEEDINGS","PRIMARY KEY",,,
"2272","ZTBLAIS_PROD","T_AU_IID_INQ_PROCEEDINGS","1","PROCEEDING_ID","NUMBER","22","N","SYS_C001161539","CHECK",,,
"2273","ZTBLAIS_PROD","T_AU_IID_INQ_PROCEEDINGS","2","COMPLAINT_ID","NUMBER","22","N","FK_IID_INQ_PROCEEDINGS","FOREIGN KEY",,,
"2274","ZTBLAIS_PROD","T_AU_IID_INQ_PROCEEDINGS","2","COMPLAINT_ID","NUMBER","22","N","SYS_C001161540","CHECK",,,
"2275","ZTBLAIS_PROD","T_AU_IID_INQ_PROCEEDINGS","3","NOTICE_REFERENCE","VARCHAR2","1000","Y",,,,,
"2276","ZTBLAIS_PROD","T_AU_IID_INQ_PROCEEDINGS","4","VISIT_DATE","DATE","7","Y",,,,,
"2277","ZTBLAIS_PROD","T_AU_IID_INQ_PROCEEDINGS","5","PLACE_VISITED","VARCHAR2","2000","Y",,,,,
"2278","ZTBLAIS_PROD","T_AU_IID_INQ_PROCEEDINGS","6","PARTICIPANTS_DETAIL","CLOB","4000","Y",,,,,
"2279","ZTBLAIS_PROD","T_AU_IID_INQ_PROCEEDINGS","7","MISSING_PARTICIPANTS_REASON","CLOB","4000","Y",,,,,
"2280","ZTBLAIS_PROD","T_AU_IID_INQ_PROCEEDINGS","8","SORT_ORDER","NUMBER","22","N","SYS_C001161541","CHECK",,,
"2281","ZTBLAIS_PROD","T_AU_IID_INQ_PROCEEDINGS","9","STATUS","VARCHAR2","1","N","SYS_C001161542","CHECK",,,
"2282","ZTBLAIS_PROD","T_AU_IID_INQ_PROCEEDINGS","10","CREATED_BY","NUMBER","22","Y",,,,,
"2283","ZTBLAIS_PROD","T_AU_IID_INQ_PROCEEDINGS","11","CREATED_ON","DATE","7","N","SYS_C001161543","CHECK",,,
"2284","ZTBLAIS_PROD","T_AU_IID_INQ_PROCEEDINGS","12","UPDATED_BY","NUMBER","22","Y",,,,,
"2285","ZTBLAIS_PROD","T_AU_IID_INQ_PROCEEDINGS","13","UPDATED_ON","DATE","7","Y",,,,,
"2286","ZTBLAIS_PROD","T_AU_IID_INQ_RECORD_SCRUTINIZED","1","REC_ID","NUMBER","22","N","PK_IID_INQ_RECORDS","PRIMARY KEY",,,
"2287","ZTBLAIS_PROD","T_AU_IID_INQ_RECORD_SCRUTINIZED","1","REC_ID","NUMBER","22","N","SYS_C001146785","CHECK",,,
"2288","ZTBLAIS_PROD","T_AU_IID_INQ_RECORD_SCRUTINIZED","2","COMPLAINT_ID","NUMBER","22","N","FK_IID_REC_HDR","FOREIGN KEY",,,
"2289","ZTBLAIS_PROD","T_AU_IID_INQ_RECORD_SCRUTINIZED","2","COMPLAINT_ID","NUMBER","22","N","SYS_C001146786","CHECK",,,
"2290","ZTBLAIS_PROD","T_AU_IID_INQ_RECORD_SCRUTINIZED","3","RECORD_TITLE","VARCHAR2","300","N","SYS_C001146787","CHECK",,,
"2291","ZTBLAIS_PROD","T_AU_IID_INQ_RECORD_SCRUTINIZED","4","RECORD_DETAILS","VARCHAR2","1000","Y",,,,,
"2292","ZTBLAIS_PROD","T_AU_IID_INQ_RECORD_SCRUTINIZED","5","SORT_ORDER","NUMBER","22","N","SYS_C001146788","CHECK",,,
"2293","ZTBLAIS_PROD","T_AU_IID_INQ_RECORD_SCRUTINIZED","6","STATUS","VARCHAR2","20","N","CK_IID_INQ_RECORDS_STATUS","CHECK",,,
"2294","ZTBLAIS_PROD","T_AU_IID_INQ_RECORD_SCRUTINIZED","6","STATUS","VARCHAR2","20","N","SYS_C001146789","CHECK",,,
"2295","ZTBLAIS_PROD","T_AU_IID_INQ_RECORD_SCRUTINIZED","7","CREATED_BY","NUMBER","22","Y",,,,,
"2296","ZTBLAIS_PROD","T_AU_IID_INQ_RECORD_SCRUTINIZED","8","CREATED_ON","DATE","7","N","SYS_C001146790","CHECK",,,
"2297","ZTBLAIS_PROD","T_AU_IID_INQ_RECORD_SCRUTINIZED","9","UPDATED_BY","NUMBER","22","Y",,,,,
"2298","ZTBLAIS_PROD","T_AU_IID_INQ_RECORD_SCRUTINIZED","10","UPDATED_ON","DATE","7","Y",,,,,
"2299","ZTBLAIS_PROD","T_AU_IID_INQ_STATEMENTS","1","STATEMENT_ID","NUMBER","22","N","PK_IID_INQ_STATEMENTS","PRIMARY KEY",,,
"2300","ZTBLAIS_PROD","T_AU_IID_INQ_STATEMENTS","1","STATEMENT_ID","NUMBER","22","N","SYS_C001162352","CHECK",,,
"2301","ZTBLAIS_PROD","T_AU_IID_INQ_STATEMENTS","2","COMPLAINT_ID","NUMBER","22","N","FK_IID_STMT_HDR","FOREIGN KEY",,,
"2302","ZTBLAIS_PROD","T_AU_IID_INQ_STATEMENTS","2","COMPLAINT_ID","NUMBER","22","N","SYS_C001162353","CHECK",,,
"2303","ZTBLAIS_PROD","T_AU_IID_INQ_STATEMENTS","3","PERSON_NAME","VARCHAR2","200","Y",,,,,
"2304","ZTBLAIS_PROD","T_AU_IID_INQ_STATEMENTS","4","ROLE_TYPE","VARCHAR2","30","Y","CK_IID_INQ_STMT_ROLE","CHECK",,,
"2305","ZTBLAIS_PROD","T_AU_IID_INQ_STATEMENTS","5","PPNO_NUMBER","VARCHAR2","25","Y",,,,,
"2306","ZTBLAIS_PROD","T_AU_IID_INQ_STATEMENTS","6","CNIC","VARCHAR2","25","Y",,,,,
"2307","ZTBLAIS_PROD","T_AU_IID_INQ_STATEMENTS","7","STATEMENT_DATETIME","DATE","7","Y",,,,,
"2308","ZTBLAIS_PROD","T_AU_IID_INQ_STATEMENTS","8","PLACE","VARCHAR2","300","Y",,,,,
"2309","ZTBLAIS_PROD","T_AU_IID_INQ_STATEMENTS","9","MODE_TYPE","VARCHAR2","50","Y",,,,,
"2310","ZTBLAIS_PROD","T_AU_IID_INQ_STATEMENTS","10","KEY_POINTS","CLOB","4000","Y",,,,,
"2311","ZTBLAIS_PROD","T_AU_IID_INQ_STATEMENTS","11","UPLOADED_STATEMENT","CLOB","4000","Y",,,,,
"2312","ZTBLAIS_PROD","T_AU_IID_INQ_STATEMENTS","12","STATUS","VARCHAR2","20","N","CK_IID_INQ_STMT_STATUS","CHECK",,,
"2313","ZTBLAIS_PROD","T_AU_IID_INQ_STATEMENTS","12","STATUS","VARCHAR2","20","N","SYS_C001162354","CHECK",,,
"2314","ZTBLAIS_PROD","T_AU_IID_INQ_STATEMENTS","13","CREATED_BY","NUMBER","22","Y",,,,,
"2315","ZTBLAIS_PROD","T_AU_IID_INQ_STATEMENTS","14","CREATED_ON","DATE","7","N","SYS_C001162355","CHECK",,,
"2316","ZTBLAIS_PROD","T_AU_IID_INQ_STATEMENTS","15","UPDATED_BY","NUMBER","22","Y",,,,,
"2317","ZTBLAIS_PROD","T_AU_IID_INQ_STATEMENTS","16","UPDATED_ON","DATE","7","Y",,,,,
"2318","ZTBLAIS_PROD","T_AU_IID_INQ_VIOLATIONS","1","VIOLATION_ID","NUMBER","22","N","PK_IID_INQ_VIOLATIONS","PRIMARY KEY",,,
"2319","ZTBLAIS_PROD","T_AU_IID_INQ_VIOLATIONS","1","VIOLATION_ID","NUMBER","22","N","SYS_C001146805","CHECK",,,
"2320","ZTBLAIS_PROD","T_AU_IID_INQ_VIOLATIONS","2","COMPLAINT_ID","NUMBER","22","N","FK_IID_VIOL_HDR","FOREIGN KEY",,,
"2321","ZTBLAIS_PROD","T_AU_IID_INQ_VIOLATIONS","2","COMPLAINT_ID","NUMBER","22","N","SYS_C001146806","CHECK",,,
"2322","ZTBLAIS_PROD","T_AU_IID_INQ_VIOLATIONS","3","CATEGORY","VARCHAR2","30","N","SYS_C001146807","CHECK",,,
"2323","ZTBLAIS_PROD","T_AU_IID_INQ_VIOLATIONS","4","VIOLATION_DETAIL","CLOB","4000","N","SYS_C001146808","CHECK",,,
"2324","ZTBLAIS_PROD","T_AU_IID_INQ_VIOLATIONS","5","REFERENCE_TEXT","VARCHAR2","1000","Y",,,,,
"2325","ZTBLAIS_PROD","T_AU_IID_INQ_VIOLATIONS","6","RECOMMENDATION","CLOB","4000","Y",,,,,
"2326","ZTBLAIS_PROD","T_AU_IID_INQ_VIOLATIONS","7","SORT_ORDER","NUMBER","22","N","SYS_C001146809","CHECK",,,
"2327","ZTBLAIS_PROD","T_AU_IID_INQ_VIOLATIONS","8","STATUS","VARCHAR2","20","N","CK_IID_INQ_VIOLATIONS_STATUS","CHECK",,,
"2328","ZTBLAIS_PROD","T_AU_IID_INQ_VIOLATIONS","8","STATUS","VARCHAR2","20","N","SYS_C001146810","CHECK",,,
"2329","ZTBLAIS_PROD","T_AU_IID_INQ_VIOLATIONS","9","CREATED_BY","NUMBER","22","Y",,,,,
"2330","ZTBLAIS_PROD","T_AU_IID_INQ_VIOLATIONS","10","CREATED_ON","DATE","7","N","SYS_C001146811","CHECK",,,
"2331","ZTBLAIS_PROD","T_AU_IID_INQ_VIOLATIONS","11","UPDATED_BY","NUMBER","22","Y",,,,,
"2332","ZTBLAIS_PROD","T_AU_IID_INQ_VIOLATIONS","12","UPDATED_ON","DATE","7","Y",,,,,
"2333","ZTBLAIS_PROD","T_AU_IID_INV_PLAN","1","PLAN_ID","NUMBER","22","N","PK_AU_IID_INV_PLAN","PRIMARY KEY",,,
"2334","ZTBLAIS_PROD","T_AU_IID_INV_PLAN","1","PLAN_ID","NUMBER","22","N","SYS_C001144265","CHECK",,,
"2335","ZTBLAIS_PROD","T_AU_IID_INV_PLAN","2","COMPLAINT_ID","NUMBER","22","Y","FK_IID_PLAN_HDR","FOREIGN KEY",,,
"2336","ZTBLAIS_PROD","T_AU_IID_INV_PLAN","3","PLAN_DETAILS","CLOB","4000","Y",,,,,
"2337","ZTBLAIS_PROD","T_AU_IID_INV_PLAN","4","SUBMITTED_BY","NUMBER","22","Y",,,,,
"2338","ZTBLAIS_PROD","T_AU_IID_INV_PLAN","5","SUBMITTED_ON","DATE","7","Y",,,,,
"2339","ZTBLAIS_PROD","T_AU_IID_INV_PLAN","6","STATUS","VARCHAR2","50","Y",,,,,
"2340","ZTBLAIS_PROD","T_AU_IID_INV_PLAN","7","PLAN_TITLE","VARCHAR2","200","Y",,,,,
"2341","ZTBLAIS_PROD","T_AU_IID_INV_PLAN","8","START_DATE","DATE","7","Y","CHK_IID_INVPLAN_DATES","CHECK",,,
"2342","ZTBLAIS_PROD","T_AU_IID_INV_PLAN","9","END_DATE","DATE","7","Y","CHK_IID_INVPLAN_DATES","CHECK",,,
"2343","ZTBLAIS_PROD","T_AU_IID_INV_PLAN","10","INVESTIGATION_RISK","VARCHAR2","20","Y","CHK_IID_INVPLAN_RISK","CHECK",,,
"2344","ZTBLAIS_PROD","T_AU_IID_INV_PLAN","11","INVESTIGATION_SIZE","VARCHAR2","20","Y","CHK_IID_INVPLAN_SIZE","CHECK",,,
"2345","ZTBLAIS_PROD","T_AU_IID_INV_PLAN","12","NO_OF_DAYS","NUMBER","22","Y",,,,,
"2346","ZTBLAIS_PROD","T_AU_IID_INV_PLAN","13","TRAVELLING_DAYS","NUMBER","22","Y",,,,,
"2347","ZTBLAIS_PROD","T_AU_IID_INV_PLAN","14","TEAM_LEAD","VARCHAR2","200","Y",,,,,
"2348","ZTBLAIS_PROD","T_AU_IID_INV_PLAN","15","TEAM_MEMBERS","VARCHAR2","1000","Y",,,,,
"2349","ZTBLAIS_PROD","T_AU_IID_INV_PLAN","16","ACTIVITIES_TEXT","VARCHAR2","2000","Y",,,,,
"2350","ZTBLAIS_PROD","T_AU_IID_INV_PLAN_ACT","1","PLAN_ACT_ID","NUMBER","22","N","PK_AU_IID_INV_PLAN_ACT","PRIMARY KEY",,,
"2351","ZTBLAIS_PROD","T_AU_IID_INV_PLAN_ACT","1","PLAN_ACT_ID","NUMBER","22","N","SYS_C001146347","CHECK",,,
"2352","ZTBLAIS_PROD","T_AU_IID_INV_PLAN_ACT","2","PLAN_ID","NUMBER","22","N","FK_IID_PLAN_ACT_PLAN","FOREIGN KEY",,,
"2353","ZTBLAIS_PROD","T_AU_IID_INV_PLAN_ACT","2","PLAN_ID","NUMBER","22","N","SYS_C001146348","CHECK",,,
"2354","ZTBLAIS_PROD","T_AU_IID_INV_PLAN_ACT","3","ACTIVITY_CODE","VARCHAR2","50","N","SYS_C001146349","CHECK",,,
"2355","ZTBLAIS_PROD","T_AU_IID_INV_PLAN_ACT","4","ACTIVITY_TEXT","VARCHAR2","400","Y",,,,,
"2356","ZTBLAIS_PROD","T_AU_IID_INV_PLAN_ACT","5","CREATED_ON","DATE","7","Y",,,,,
"2357","ZTBLAIS_PROD","T_AU_IID_INV_PLAN_ACT","6","CREATED_BY","NUMBER","22","Y",,,,,
"2358","ZTBLAIS_PROD","T_AU_IID_LEAD_REVIEW","1","LR_ID","NUMBER","22","N","PK_AU_IID_LEAD_REVIEW","PRIMARY KEY",,,
"2359","ZTBLAIS_PROD","T_AU_IID_LEAD_REVIEW","1","LR_ID","NUMBER","22","N","SYS_C001144269","CHECK",,,
"2360","ZTBLAIS_PROD","T_AU_IID_LEAD_REVIEW","2","COMPLAINT_ID","NUMBER","22","N","SYS_C001144270","CHECK",,,
"2361","ZTBLAIS_PROD","T_AU_IID_LEAD_REVIEW","3","DECISION","VARCHAR2","10","N","SYS_C001144271","CHECK",,,
"2362","ZTBLAIS_PROD","T_AU_IID_LEAD_REVIEW","4","REMARKS","CLOB","4000","Y",,,,,
"2363","ZTBLAIS_PROD","T_AU_IID_LEAD_REVIEW","5","REVIEW_DATE","DATE","7","N","SYS_C001144272","CHECK",,,
"2364","ZTBLAIS_PROD","T_AU_IID_LEAD_REVIEW","6","REVIEWED_BY","NUMBER","22","N","SYS_C001144273","CHECK",,,
"2365","ZTBLAIS_PROD","T_AU_IID_REPORT","1","REPORT_ID","NUMBER","22","N","PK_AU_IID_REPORT","PRIMARY KEY",,,
"2366","ZTBLAIS_PROD","T_AU_IID_REPORT","1","REPORT_ID","NUMBER","22","N","SYS_C001144275","CHECK",,,
"2367","ZTBLAIS_PROD","T_AU_IID_REPORT","2","COMPLAINT_ID","NUMBER","22","Y",,,,,
"2368","ZTBLAIS_PROD","T_AU_IID_REPORT","3","NAME_COMPLAINANT","VARCHAR2","200","Y",,,,,
"2369","ZTBLAIS_PROD","T_AU_IID_REPORT","4","NAME_ACCUSED","VARCHAR2","200","Y",,,,,
"2370","ZTBLAIS_PROD","T_AU_IID_REPORT","5","GIST","CLOB","4000","Y",,,,,
"2371","ZTBLAIS_PROD","T_AU_IID_REPORT","6","PROCEEDINGS","CLOB","4000","Y",,,,,
"2372","ZTBLAIS_PROD","T_AU_IID_REPORT","7","FINDINGS","CLOB","4000","Y",,,,,
"2373","ZTBLAIS_PROD","T_AU_IID_REPORT","8","RECOMMENDATION","CLOB","4000","Y",,,,,
"2374","ZTBLAIS_PROD","T_AU_IID_REPORT","9","UPLOADED_REPORT","VARCHAR2","255","Y",,,,,
"2375","ZTBLAIS_PROD","T_AU_IID_REPORT","10","UPLOADED_EVIDENCE","VARCHAR2","255","Y",,,,,
"2376","ZTBLAIS_PROD","T_AU_IID_REPORT","11","SUBMITTED_ON","DATE","7","Y",,,,,
"2377","ZTBLAIS_PROD","T_AU_IID_REPORT","12","SUBMITTED_BY","NUMBER","22","Y",,,,,
"2378","ZTBLAIS_PROD","T_AU_IID_REPORT","13","UPLOADED_DSA","VARCHAR2","255","Y",,,,,
"2379","ZTBLAIS_PROD","T_AU_IID_STATUS_MST","1","STATUS_ID","NUMBER","22","N","PK_AU_IID_STATUS_MST","PRIMARY KEY",,,
"2380","ZTBLAIS_PROD","T_AU_IID_STATUS_MST","1","STATUS_ID","NUMBER","22","N","SYS_C001144710","CHECK",,,
"2381","ZTBLAIS_PROD","T_AU_IID_STATUS_MST","2","STATUS_CODE","VARCHAR2","50","N","SYS_C001144711","CHECK",,,
"2382","ZTBLAIS_PROD","T_AU_IID_STATUS_MST","2","STATUS_CODE","VARCHAR2","50","N","UQ_AU_IID_STATUS_CODE","UNIQUE",,,
"2383","ZTBLAIS_PROD","T_AU_IID_STATUS_MST","3","STATUS_NAME","VARCHAR2","100","N","SYS_C001144712","CHECK",,,
"2384","ZTBLAIS_PROD","T_AU_IID_STATUS_MST","4","DISPLAY_ORDER","NUMBER","22","N","SYS_C001144713","CHECK",,,
"2385","ZTBLAIS_PROD","T_AU_IID_STATUS_MST","5","IS_ACTIVE","CHAR","1","N","CK_AU_IID_STATUS_ACTIVE","CHECK",,,
"2386","ZTBLAIS_PROD","T_AU_IID_STATUS_MST","5","IS_ACTIVE","CHAR","1","N","SYS_C001144714","CHECK",,,
"2387","ZTBLAIS_PROD","T_AU_IID_STATUS_MST","6","CREATED_ON","DATE","7","N","SYS_C001144715","CHECK",,,
"2388","ZTBLAIS_PROD","T_AU_IID_STATUS_MST","7","CREATED_BY","NUMBER","22","Y",,,,,
"2389","ZTBLAIS_PROD","T_AU_IID_STATUS_MST","8","UPDATED_ON","DATE","7","Y",,,,,
"2390","ZTBLAIS_PROD","T_AU_IID_STATUS_MST","9","UPDATED_BY","NUMBER","22","Y",,,,,
"2391","ZTBLAIS_PROD","T_AU_MANPOWER_DEMAND","1","ID","NUMBER","22","N","SYS_C001092805","CHECK",,,
"2392","ZTBLAIS_PROD","T_AU_MANPOWER_DEMAND","1","ID","NUMBER","22","N","SYS_C001093268","PRIMARY KEY",,,
"2393","ZTBLAIS_PROD","T_AU_MANPOWER_DEMAND","2","STAFF_POSITION_ID","NUMBER","22","Y",,,,,
"2394","ZTBLAIS_PROD","T_AU_MANPOWER_DEMAND","3","RANK","VARCHAR2","50","Y",,,,,
"2395","ZTBLAIS_PROD","T_AU_MANPOWER_DEMAND","4","PLACEMENT","VARCHAR2","100","Y",,,,,
"2396","ZTBLAIS_PROD","T_AU_MANPOWER_DEMAND","5","EXISTING","NUMBER","22","Y",,,,,
"2397","ZTBLAIS_PROD","T_AU_MANPOWER_DEMAND","6","ADDITIONAL_REQ","NUMBER","22","Y",,,,,
"2398","ZTBLAIS_PROD","T_AU_MANPOWER_DEMAND","7","ZONE_ID","NUMBER","22","Y",,,,,
"2399","ZTBLAIS_PROD","T_AU_MANPOWER_DEMAND","8","STATUS","VARCHAR2","20","Y",,,,,
"2400","ZTBLAIS_PROD","T_AU_MANPOWER_DEMAND","9","SUBMITTED_BY","NUMBER","22","Y",,,,,
"2401","ZTBLAIS_PROD","T_AU_MANPOWER_DEMAND","10","SUBMITTED_ON","DATE","7","Y",,,,,
"2402","ZTBLAIS_PROD","T_AU_MANPOWER_DEMAND","11","UPDATED_BY","NUMBER","22","Y",,,,,
"2403","ZTBLAIS_PROD","T_AU_MANPOWER_DEMAND","12","UPDATED_ON","DATE","7","Y",,,,,
"2404","ZTBLAIS_PROD","T_AU_MANPOWER_DEMAND","13","HEAD_FAD_REMARKS","VARCHAR2","500","Y",,,,,
"2405","ZTBLAIS_PROD","T_AU_NEW_PARAS_STATUS_CHANGE_LOG","1","ID","NUMBER","22","Y",,,,,
"2406","ZTBLAIS_PROD","T_AU_NEW_PARAS_STATUS_CHANGE_LOG","2","AU_OBS_ID","NUMBER","22","Y",,,,,
"2407","ZTBLAIS_PROD","T_AU_NEW_PARAS_STATUS_CHANGE_LOG","3","OLD_STATUS","NUMBER","22","Y",,,,,
"2408","ZTBLAIS_PROD","T_AU_NEW_PARAS_STATUS_CHANGE_LOG","4","NEW_STATUS","NUMBER","22","Y",,,,,
"2409","ZTBLAIS_PROD","T_AU_NEW_PARAS_STATUS_CHANGE_LOG","5","CREATED_BY","NUMBER","22","Y",,,,,
"2410","ZTBLAIS_PROD","T_AU_NEW_PARAS_STATUS_CHANGE_LOG","6","CREATED_DATE","TIMESTAMP(6)","11","Y",,,,,
"2411","ZTBLAIS_PROD","T_AU_NEW_PARAS_STATUS_CHANGE_LOG","7","REMARKS","VARCHAR2","500","Y",,,,,
"2412","ZTBLAIS_PROD","T_AU_NEW_PARAS_STATUS_CHANGE_LOG","8","SEQUENCE","NUMBER","22","Y",,,,,
"2413","ZTBLAIS_PROD","T_AU_NEW_PARAS_STATUS_CHANGE_LOG","9","AUTHORIZED_ON","TIMESTAMP(6)","11","Y",,,,,
"2414","ZTBLAIS_PROD","T_AU_NEW_PARAS_STATUS_CHANGE_LOG","10","AUTHORIZED_BY","NUMBER","22","Y",,,,,
"2415","ZTBLAIS_PROD","T_AU_NEW_PARAS_STATUS_CHANGE_LOG","11","AUTHORIZED_COMMENTS","VARCHAR2","500","Y",,,,,
"2416","ZTBLAIS_PROD","T_AU_NEW_PARAS_STATUS_CHANGE_LOG","12","OBS_ID","NUMBER","22","Y",,,,,
"2417","ZTBLAIS_PROD","T_AU_NEW_PARAS_STATUS_CHANGE_LOG","13","REVIEWED_ON","TIMESTAMP(6)","11","Y",,,,,
"2418","ZTBLAIS_PROD","T_AU_NEW_PARAS_STATUS_CHANGE_LOG","14","REVIEWED_BY","NUMBER","22","Y",,,,,
"2419","ZTBLAIS_PROD","T_AU_NEW_PARAS_STATUS_CHANGE_LOG","15","REVIEWER_COMMENTS","VARCHAR2","500","Y",,,,,
"2420","ZTBLAIS_PROD","T_AU_NEW_PARAS_STATUS_CHANGE_LOG","16","STATUS","VARCHAR2","2","Y",,,,,
"2421","ZTBLAIS_PROD","T_AU_NEW_PARAS_STATUS_CHANGE_LOG","17","IND","VARCHAR2","2","Y",,,,,
"2422","ZTBLAIS_PROD","T_AU_OBSERVATION","1","ID","NUMBER","22","N","PK_T_AU_OBSERVATION","PRIMARY KEY",,,
"2423","ZTBLAIS_PROD","T_AU_OBSERVATION","1","ID","NUMBER","22","N","SYS_C001093202","CHECK",,,
"2424","ZTBLAIS_PROD","T_AU_OBSERVATION","2","ENGPLANID","NUMBER","22","N","SYS_C001093203","CHECK",,,
"2425","ZTBLAIS_PROD","T_AU_OBSERVATION","3","STATUS","NUMBER","22","N","SYS_C001093204","CHECK",,,
"2426","ZTBLAIS_PROD","T_AU_OBSERVATION","4","ENTEREDBY","NUMBER","22","N","SYS_C001093205","CHECK",,,
"2427","ZTBLAIS_PROD","T_AU_OBSERVATION","5","ENTEREDDATE","DATE","7","N","SYS_C001093206","CHECK",,,
"2428","ZTBLAIS_PROD","T_AU_OBSERVATION","6","LASTUPDATEDBY","NUMBER","22","Y",,,,,
"2429","ZTBLAIS_PROD","T_AU_OBSERVATION","7","LASTUPDATEDDATE","DATE","7","Y",,,,,
"2430","ZTBLAIS_PROD","T_AU_OBSERVATION","8","AMOUNT_INVOLVED","NUMBER","22","Y",,,,,
"2431","ZTBLAIS_PROD","T_AU_OBSERVATION","9","ENTITY_ID","NUMBER","22","Y",,,,,
"2432","ZTBLAIS_PROD","T_AU_OBSERVATION","10","REPLYDATE","DATE","7","Y",,,,,
"2433","ZTBLAIS_PROD","T_AU_OBSERVATION","11","LASTREPLYBY","NUMBER","22","Y",,,,,
"2434","ZTBLAIS_PROD","T_AU_OBSERVATION","12","LASTREPLYDATE","DATE","7","Y",,,,,
"2435","ZTBLAIS_PROD","T_AU_OBSERVATION","13","MEMO_DATE","DATE","7","Y",,,,,
"2436","ZTBLAIS_PROD","T_AU_OBSERVATION","14","SEVERITY","NUMBER","22","N","SYS_C001093207","CHECK",,,
"2437","ZTBLAIS_PROD","T_AU_OBSERVATION","15","MEMO_NUMBER","NUMBER","22","Y",,,,,
"2438","ZTBLAIS_PROD","T_AU_OBSERVATION","16","MEMO_REPLY_DATE","DATE","7","Y",,,,,
"2439","ZTBLAIS_PROD","T_AU_OBSERVATION","17","RESPONSIBILITY_ASSIGNED","NUMBER","22","Y",,,,,
"2440","ZTBLAIS_PROD","T_AU_OBSERVATION","18","REFERENCE_ID","NUMBER","22","Y",,,,,
"2441","ZTBLAIS_PROD","T_AU_OBSERVATION","19","RISKMODEL_ID","NUMBER","22","Y",,,,,
"2442","ZTBLAIS_PROD","T_AU_OBSERVATION","20","SUBCHECKLIST_ID","NUMBER","22","Y",,,,,
"2443","ZTBLAIS_PROD","T_AU_OBSERVATION","21","CHECKLISTDETAIL_ID","NUMBER","22","Y",,,,,
"2444","ZTBLAIS_PROD","T_AU_OBSERVATION","22","V_CAT_ID","NUMBER","22","Y",,,,,
"2445","ZTBLAIS_PROD","T_AU_OBSERVATION","23","V_CAT_NATURE_ID","NUMBER","22","Y",,,,,
"2446","ZTBLAIS_PROD","T_AU_OBSERVATION","24","NO_OF_INSTANCES","NUMBER","22","Y",,,,,
"2447","ZTBLAIS_PROD","T_AU_OBSERVATION","25","ENTITY_CODE","NUMBER","22","Y",,,,,
"2448","ZTBLAIS_PROD","T_AU_OBSERVATION","26","ANNEX","NUMBER","22","Y",,,,,
"2449","ZTBLAIS_PROD","T_AU_OBSERVATION","27","DRAFT_PARA_NO","NUMBER","22","Y",,,,,
"2450","ZTBLAIS_PROD","T_AU_OBSERVATION","28","FINAL_PARA_NO","NUMBER","22","Y",,,,,
"2451","ZTBLAIS_PROD","T_AU_OBSERVATION","29","STELLED_ON","DATE","7","Y",,,,,
"2452","ZTBLAIS_PROD","T_AU_OBSERVATION","30","SETTLED_BY","NUMBER","22","Y",,,,,
"2453","ZTBLAIS_PROD","T_AU_OBSERVATION","31","DRAFT_PARA_ADDED_ON","DATE","7","Y",,,,,
"2454","ZTBLAIS_PROD","T_AU_OBSERVATION","32","FINAL_PARA_ADDED_ON","DATE","7","Y",,,,,
"2455","ZTBLAIS_PROD","T_AU_OBSERVATION","33","REVIEWED_ON","DATE","7","Y",,,,,
"2456","ZTBLAIS_PROD","T_AU_OBSERVATION","34","REVIEWED_BY","NUMBER","22","Y",,,,,
"2457","ZTBLAIS_PROD","T_AU_OBSERVATION","35","ANNEX_REF_ID","NUMBER","22","Y",,,,,
"2458","ZTBLAIS_PROD","T_AU_OBSERVATIONS_AUDITEE_EVIDENCES","1","ID","NUMBER","22","N","SYS_C001093011","CHECK",,,
"2459","ZTBLAIS_PROD","T_AU_OBSERVATIONS_AUDITEE_EVIDENCES","2","FILE_NAME","VARCHAR2","250","N","SYS_C001093012","CHECK",,,
"2460","ZTBLAIS_PROD","T_AU_OBSERVATIONS_AUDITEE_EVIDENCES","3","TEXT_ID","NUMBER","22","N","SYS_C001093013","CHECK",,,
"2461","ZTBLAIS_PROD","T_AU_OBSERVATIONS_AUDITEE_EVIDENCES","4","FILE_TYPE","VARCHAR2","250","N","SYS_C001093014","CHECK",,,
"2462","ZTBLAIS_PROD","T_AU_OBSERVATIONS_AUDITEE_EVIDENCES","5","LENGTH","NUMBER","22","N","SYS_C001093015","CHECK",,,
"2463","ZTBLAIS_PROD","T_AU_OBSERVATIONS_AUDITEE_EVIDENCES","6","FILE_DATA","CLOB","4000","N","SYS_C001093016","CHECK",,,
"2464","ZTBLAIS_PROD","T_AU_OBSERVATIONS_AUDITEE_EVIDENCES","7","MEMOID","NUMBER","22","N","SYS_C001093017","CHECK",,,
"2465","ZTBLAIS_PROD","T_AU_OBSERVATIONS_AUDITEE_EVIDENCES","8","ENTEREDBY","NUMBER","22","N","SYS_C001093018","CHECK",,,
"2466","ZTBLAIS_PROD","T_AU_OBSERVATIONS_AUDITEE_EVIDENCES","9","ENTEREDDATE","DATE","7","N","SYS_C001093019","CHECK",,,
"2467","ZTBLAIS_PROD","T_AU_OBSERVATIONS_AUDITEE_EVIDENCES","10","LASTUPDATEDBY","NUMBER","22","Y",,,,,
"2468","ZTBLAIS_PROD","T_AU_OBSERVATIONS_AUDITEE_EVIDENCES","11","LASTUPDATEDDATE","DATE","7","Y",,,,,
"2469","ZTBLAIS_PROD","T_AU_OBSERVATIONS_AUDITEE_EVIDENCES","12","SEQUENCE","NUMBER","22","N","SYS_C001093020","CHECK",,,
"2470","ZTBLAIS_PROD","T_AU_OBSERVATIONS_AUDITEE_EVIDENCES","13","STATUS","VARCHAR2","250","Y",,,,,
"2471","ZTBLAIS_PROD","T_AU_OBSERVATIONS_AUDITEE_EVIDENCES","14","RESPID","NUMBER","22","Y",,,,,
"2472","ZTBLAIS_PROD","T_AU_OBSERVATIONS_AUDITEE_EVIDENCES_POST_COMPLIANCE","1","ID","NUMBER","22","N","SYS_C001093133","CHECK",,,
"2473","ZTBLAIS_PROD","T_AU_OBSERVATIONS_AUDITEE_EVIDENCES_POST_COMPLIANCE","2","FILE_NAME","VARCHAR2","250","N","SYS_C001093134","CHECK",,,
"2474","ZTBLAIS_PROD","T_AU_OBSERVATIONS_AUDITEE_EVIDENCES_POST_COMPLIANCE","3","LENGTH","NUMBER","22","N","SYS_C001093135","CHECK",,,
"2475","ZTBLAIS_PROD","T_AU_OBSERVATIONS_AUDITEE_EVIDENCES_POST_COMPLIANCE","4","FILE_DATA","CLOB","4000","Y",,,,,
"2476","ZTBLAIS_PROD","T_AU_OBSERVATIONS_AUDITEE_EVIDENCES_POST_COMPLIANCE","5","MEMOID","NUMBER","22","N","SYS_C001093136","CHECK",,,
"2477","ZTBLAIS_PROD","T_AU_OBSERVATIONS_AUDITEE_EVIDENCES_POST_COMPLIANCE","6","ENTEREDBY","NUMBER","22","N","SYS_C001093137","CHECK",,,
"2478","ZTBLAIS_PROD","T_AU_OBSERVATIONS_AUDITEE_EVIDENCES_POST_COMPLIANCE","7","ENTEREDDATE","DATE","7","N","SYS_C001093138","CHECK",,,
"2479","ZTBLAIS_PROD","T_AU_OBSERVATIONS_AUDITEE_EVIDENCES_POST_COMPLIANCE","8","LASTUPDATEDBY","NUMBER","22","Y",,,,,
"2480","ZTBLAIS_PROD","T_AU_OBSERVATIONS_AUDITEE_EVIDENCES_POST_COMPLIANCE","9","LASTUPDATEDDATE","DATE","7","Y",,,,,
"2481","ZTBLAIS_PROD","T_AU_OBSERVATIONS_AUDITEE_EVIDENCES_POST_COMPLIANCE","10","SEQUENCE","NUMBER","22","N","SYS_C001093139","CHECK",,,
"2482","ZTBLAIS_PROD","T_AU_OBSERVATIONS_AUDITEE_EVIDENCES_POST_COMPLIANCE","11","AU_OBS_ID","NUMBER","22","Y",,,,,
"2483","ZTBLAIS_PROD","T_AU_OBSERVATIONS_AUDITEE_POST_COMPLIANCE","1","ID","NUMBER","22","N","SYS_C001093113","CHECK",,,
"2484","ZTBLAIS_PROD","T_AU_OBSERVATIONS_AUDITEE_POST_COMPLIANCE","2","AU_OBS_ID","NUMBER","22","N","SYS_C001093114","CHECK",,,
"2485","ZTBLAIS_PROD","T_AU_OBSERVATIONS_AUDITEE_POST_COMPLIANCE","3","REPLY","NCLOB","4000","N","SYS_C001093115","CHECK",,,
"2486","ZTBLAIS_PROD","T_AU_OBSERVATIONS_AUDITEE_POST_COMPLIANCE","4","REPLIEDBY","NUMBER","22","N","SYS_C001093116","CHECK",,,
"2487","ZTBLAIS_PROD","T_AU_OBSERVATIONS_AUDITEE_POST_COMPLIANCE","5","REPLIEDDATE","DATE","7","N","SYS_C001093117","CHECK",,,
"2488","ZTBLAIS_PROD","T_AU_OBSERVATIONS_AUDITEE_POST_COMPLIANCE","6","LASTUPDATEDBY","NUMBER","22","Y",,,,,
"2489","ZTBLAIS_PROD","T_AU_OBSERVATIONS_AUDITEE_POST_COMPLIANCE","7","LASTUPDATEDDATE","DATE","7","Y",,,,,
"2490","ZTBLAIS_PROD","T_AU_OBSERVATIONS_AUDITEE_POST_COMPLIANCE","8","OBS_TEXT_ID","NUMBER","22","Y",,,,,
"2491","ZTBLAIS_PROD","T_AU_OBSERVATIONS_AUDITEE_POST_COMPLIANCE","9","REPLY_ROLE","NUMBER","22","Y",,,,,
"2492","ZTBLAIS_PROD","T_AU_OBSERVATIONS_AUDITEE_POST_COMPLIANCE","10","REMARKS","VARCHAR2","500","Y",,,,,
"2493","ZTBLAIS_PROD","T_AU_OBSERVATIONS_AUDITEE_POST_COMPLIANCE","11","SUBMITTED","VARCHAR2","1","Y",,,,,
"2494","ZTBLAIS_PROD","T_AU_OBSERVATIONS_AUDITEE_POST_COMPLIANCE","12","STATUS","NUMBER","22","Y",,,,,
"2495","ZTBLAIS_PROD","T_AU_OBSERVATIONS_AUDITEE_POST_COMPLIANCE","13","EVIDENCE_ID","NUMBER","22","Y",,,,,
"2496","ZTBLAIS_PROD","T_AU_OBSERVATIONS_AUDITEE_POST_COMPLIANCE","14","REVIEWED_BY","NUMBER","22","Y",,,,,
"2497","ZTBLAIS_PROD","T_AU_OBSERVATIONS_AUDITEE_POST_COMPLIANCE","15","REVIEWER_REMARKS","VARCHAR2","500","Y",,,,,
"2498","ZTBLAIS_PROD","T_AU_OBSERVATIONS_AUDITEE_POST_COMPLIANCE","16","REVIEWER_RECOMMENDATION","VARCHAR2","2","Y",,,,,
"2499","ZTBLAIS_PROD","T_AU_OBSERVATIONS_AUDITEE_POST_COMPLIANCE","17","C_STATUS","NUMBER","22","Y",,,,,
"2500","ZTBLAIS_PROD","T_AU_OBSERVATIONS_AUDITEE_POST_COMPLIANCE_EVIDENCES","1","ID","NUMBER","22","N","SYS_C001093123","CHECK",,,
"2501","ZTBLAIS_PROD","T_AU_OBSERVATIONS_AUDITEE_POST_COMPLIANCE_EVIDENCES","2","FILE_NAME","VARCHAR2","250","N","SYS_C001093124","CHECK",,,
"2502","ZTBLAIS_PROD","T_AU_OBSERVATIONS_AUDITEE_POST_COMPLIANCE_EVIDENCES","3","TEXT_ID","NUMBER","22","N","SYS_C001093125","CHECK",,,
"2503","ZTBLAIS_PROD","T_AU_OBSERVATIONS_AUDITEE_POST_COMPLIANCE_EVIDENCES","4","FILE_TYPE","VARCHAR2","250","N","SYS_C001093126","CHECK",,,
"2504","ZTBLAIS_PROD","T_AU_OBSERVATIONS_AUDITEE_POST_COMPLIANCE_EVIDENCES","5","LENGTH","NUMBER","22","N","SYS_C001093127","CHECK",,,
"2505","ZTBLAIS_PROD","T_AU_OBSERVATIONS_AUDITEE_POST_COMPLIANCE_EVIDENCES","6","FILE_DATA","CLOB","4000","N","SYS_C001093128","CHECK",,,
"2506","ZTBLAIS_PROD","T_AU_OBSERVATIONS_AUDITEE_POST_COMPLIANCE_EVIDENCES","7","MEMOID","NUMBER","22","N","SYS_C001093129","CHECK",,,
"2507","ZTBLAIS_PROD","T_AU_OBSERVATIONS_AUDITEE_POST_COMPLIANCE_EVIDENCES","8","ENTEREDBY","NUMBER","22","N","SYS_C001093130","CHECK",,,
"2508","ZTBLAIS_PROD","T_AU_OBSERVATIONS_AUDITEE_POST_COMPLIANCE_EVIDENCES","9","ENTEREDDATE","DATE","7","N","SYS_C001093131","CHECK",,,
"2509","ZTBLAIS_PROD","T_AU_OBSERVATIONS_AUDITEE_POST_COMPLIANCE_EVIDENCES","10","LASTUPDATEDBY","NUMBER","22","Y",,,,,
"2510","ZTBLAIS_PROD","T_AU_OBSERVATIONS_AUDITEE_POST_COMPLIANCE_EVIDENCES","11","LASTUPDATEDDATE","DATE","7","Y",,,,,
"2511","ZTBLAIS_PROD","T_AU_OBSERVATIONS_AUDITEE_POST_COMPLIANCE_EVIDENCES","12","SEQUENCE","NUMBER","22","N","SYS_C001093132","CHECK",,,
"2512","ZTBLAIS_PROD","T_AU_OBSERVATIONS_AUDITEE_POST_COMPLIANCE_EVIDENCES","13","STATUS","VARCHAR2","250","Y",,,,,
"2513","ZTBLAIS_PROD","T_AU_OBSERVATIONS_AUDITEE_POST_COMPLIANCE_EVIDENCES","14","RESPID","NUMBER","22","Y",,,,,
"2514","ZTBLAIS_PROD","T_AU_OBSERVATIONS_AUDITEE_RESPONSE","1","ID","NUMBER","22","N","SYS_C001092989","CHECK",,,
"2515","ZTBLAIS_PROD","T_AU_OBSERVATIONS_AUDITEE_RESPONSE","2","AU_OBS_ID","NUMBER","22","N","SYS_C001092990","CHECK",,,
"2516","ZTBLAIS_PROD","T_AU_OBSERVATIONS_AUDITEE_RESPONSE","3","REPLY","NCLOB","4000","N","SYS_C001092991","CHECK",,,
"2517","ZTBLAIS_PROD","T_AU_OBSERVATIONS_AUDITEE_RESPONSE","4","REPLIEDBY","NUMBER","22","N","SYS_C001092992","CHECK",,,
"2518","ZTBLAIS_PROD","T_AU_OBSERVATIONS_AUDITEE_RESPONSE","5","REPLIEDDATE","DATE","7","N","SYS_C001092993","CHECK",,,
"2519","ZTBLAIS_PROD","T_AU_OBSERVATIONS_AUDITEE_RESPONSE","6","LASTUPDATEDBY","NUMBER","22","Y",,,,,
"2520","ZTBLAIS_PROD","T_AU_OBSERVATIONS_AUDITEE_RESPONSE","7","LASTUPDATEDDATE","DATE","7","Y",,,,,
"2521","ZTBLAIS_PROD","T_AU_OBSERVATIONS_AUDITEE_RESPONSE","8","OBS_TEXT_ID","NUMBER","22","Y",,,,,
"2522","ZTBLAIS_PROD","T_AU_OBSERVATIONS_AUDITEE_RESPONSE","9","REPLY_ROLE","NUMBER","22","Y",,,,,
"2523","ZTBLAIS_PROD","T_AU_OBSERVATIONS_AUDITEE_RESPONSE","10","REMARKS","VARCHAR2","250","Y",,,,,
"2524","ZTBLAIS_PROD","T_AU_OBSERVATIONS_AUDITEE_RESPONSE","11","SUBMITTED","VARCHAR2","1","Y",,,,,
"2525","ZTBLAIS_PROD","T_AU_OBSERVATIONS_AUDITEE_RESPONSE","12","STATUS","NUMBER","22","Y",,,,,
"2526","ZTBLAIS_PROD","T_AU_OBSERVATIONS_AUDITEE_RESPONSE_STATUS","1","ID","NUMBER","22","Y",,,,,
"2527","ZTBLAIS_PROD","T_AU_OBSERVATIONS_AUDITEE_RESPONSE_STATUS","2","STATUS","VARCHAR2","100","Y",,,,,
"2528","ZTBLAIS_PROD","T_AU_OBSERVATIONS_AUDITOR_RECOMMENDATION","1","ID","NUMBER","22","N","SYS_C001093001","CHECK",,,
"2529","ZTBLAIS_PROD","T_AU_OBSERVATIONS_AUDITOR_RECOMMENDATION","2","AU_OBS_ID","NUMBER","22","N","SYS_C001093002","CHECK",,,
"2530","ZTBLAIS_PROD","T_AU_OBSERVATIONS_AUDITOR_RECOMMENDATION","3","RECOMMENDATION","CLOB","4000","N","SYS_C001093003","CHECK",,,
"2531","ZTBLAIS_PROD","T_AU_OBSERVATIONS_AUDITOR_RECOMMENDATION","4","RECO_BY","NUMBER","22","N","SYS_C001093004","CHECK",,,
"2532","ZTBLAIS_PROD","T_AU_OBSERVATIONS_AUDITOR_RECOMMENDATION","5","RECO_DATE","DATE","7","N","SYS_C001093005","CHECK",,,
"2533","ZTBLAIS_PROD","T_AU_OBSERVATIONS_AUDITOR_RECOMMENDATION","6","OBS_TEXT_ID","NUMBER","22","Y",,,,,
"2534","ZTBLAIS_PROD","T_AU_OBSERVATIONS_AUDITOR_RECOMMENDATION","7","RECO_ROLE","NVARCHAR2","100","Y",,,,,
"2535","ZTBLAIS_PROD","T_AU_OBSERVATIONS_AUDITOR_RECOMMENDATION","8","STATUS","NUMBER","22","Y",,,,,
"2536","ZTBLAIS_PROD","T_AU_OBSERVATIONS_AUDITOR_RECOMMENDATION","9","SUBMITTED","VARCHAR2","1","Y",,,,,
"2537","ZTBLAIS_PROD","T_AU_OBSERVATIONS_AUDITOR_REPLY","1","ID","NUMBER","22","N","SYS_C001093006","CHECK",,,
"2538","ZTBLAIS_PROD","T_AU_OBSERVATIONS_AUDITOR_REPLY","2","AU_OBS_ID","NUMBER","22","N","SYS_C001093007","CHECK",,,
"2539","ZTBLAIS_PROD","T_AU_OBSERVATIONS_AUDITOR_REPLY","3","AUDIT_REPLY","CLOB","4000","N","SYS_C001093008","CHECK",,,
"2540","ZTBLAIS_PROD","T_AU_OBSERVATIONS_AUDITOR_REPLY","4","REPLIEDBY","NUMBER","22","N","SYS_C001093009","CHECK",,,
"2541","ZTBLAIS_PROD","T_AU_OBSERVATIONS_AUDITOR_REPLY","5","REPLIEDDATE","DATE","7","N","SYS_C001093010","CHECK",,,
"2542","ZTBLAIS_PROD","T_AU_OBSERVATIONS_AUDITOR_REPLY","6","OBS_TEXT_ID","NUMBER","22","Y",,,,,
"2543","ZTBLAIS_PROD","T_AU_OBSERVATIONS_AUDITOR_REPLY","7","REPLY_ROLE","NVARCHAR2","100","Y",,,,,
"2544","ZTBLAIS_PROD","T_AU_OBSERVATIONS_AUDITOR_REPLY","8","OBS_STATUS","NUMBER","22","Y",,,,,
"2545","ZTBLAIS_PROD","T_AU_OBSERVATIONS_AUDITOR_REPLY","9","SUBMITTED","VARCHAR2","1","Y",,,,,
"2546","ZTBLAIS_PROD","T_AU_OBSERVATIONS_AUDITOR_RESPONSE","1","ID","NUMBER","22","N","SYS_C001093118","CHECK",,,
"2547","ZTBLAIS_PROD","T_AU_OBSERVATIONS_AUDITOR_RESPONSE","2","AU_OBS_ID","NUMBER","22","N","SYS_C001093119","CHECK",,,
"2548","ZTBLAIS_PROD","T_AU_OBSERVATIONS_AUDITOR_RESPONSE","3","REPLY","CLOB","4000","N","SYS_C001093120","CHECK",,,
"2549","ZTBLAIS_PROD","T_AU_OBSERVATIONS_AUDITOR_RESPONSE","4","REPLIEDBY","NUMBER","22","N","SYS_C001093121","CHECK",,,
"2550","ZTBLAIS_PROD","T_AU_OBSERVATIONS_AUDITOR_RESPONSE","5","REPLIEDDATE","DATE","7","N","SYS_C001093122","CHECK",,,
"2551","ZTBLAIS_PROD","T_AU_OBSERVATIONS_AUDITOR_RESPONSE","6","LASTUPDATEDBY","NUMBER","22","Y",,,,,
"2552","ZTBLAIS_PROD","T_AU_OBSERVATIONS_AUDITOR_RESPONSE","7","LASTUPDATEDDATE","DATE","7","Y",,,,,
"2553","ZTBLAIS_PROD","T_AU_OBSERVATIONS_AUDITOR_RESPONSE","8","OBS_TEXT_ID","NUMBER","22","Y",,,,,
"2554","ZTBLAIS_PROD","T_AU_OBSERVATIONS_AUDITOR_RESPONSE","9","REPLY_ROLE","NVARCHAR2","100","Y",,,,,
"2555","ZTBLAIS_PROD","T_AU_OBSERVATIONS_AUDITOR_RESPONSE","10","REMARKS","VARCHAR2","250","Y",,,,,
"2556","ZTBLAIS_PROD","T_AU_OBSERVATIONS_AUDITOR_RESPONSE","11","SUBMITTED","VARCHAR2","1","Y",,,,,
"2557","ZTBLAIS_PROD","T_AU_OBSERVATION_ASSIGNEDTO","1","ID","NUMBER","22","N","SYS_C001092774","CHECK",,,
"2558","ZTBLAIS_PROD","T_AU_OBSERVATION_ASSIGNEDTO","2","OBS_ID","NUMBER","22","N","SYS_C001092775","CHECK",,,
"2559","ZTBLAIS_PROD","T_AU_OBSERVATION_ASSIGNEDTO","3","OBS_TEXT_ID","NUMBER","22","N","SYS_C001092776","CHECK",,,
"2560","ZTBLAIS_PROD","T_AU_OBSERVATION_ASSIGNEDTO","4","ENTITY_ID","NUMBER","22","N","SYS_C001092777","CHECK",,,
"2561","ZTBLAIS_PROD","T_AU_OBSERVATION_ASSIGNEDTO","5","ASSIGNEDBY","NUMBER","22","N","SYS_C001092778","CHECK",,,
"2562","ZTBLAIS_PROD","T_AU_OBSERVATION_ASSIGNEDTO","6","ASSIGNED_DATE","DATE","7","N","SYS_C001092779","CHECK",,,
"2563","ZTBLAIS_PROD","T_AU_OBSERVATION_ASSIGNEDTO","7","LASTUPDATEDBY","NUMBER","22","Y",,,,,
"2564","ZTBLAIS_PROD","T_AU_OBSERVATION_ASSIGNEDTO","8","LASTUPDATEDDATE","DATE","7","Y",,,,,
"2565","ZTBLAIS_PROD","T_AU_OBSERVATION_ASSIGNEDTO","9","IS_ACTIVE","VARCHAR2","1","N","SYS_C001092780","CHECK",,,
"2566","ZTBLAIS_PROD","T_AU_OBSERVATION_ASSIGNEDTO","10","REPLIED","VARCHAR2","1","N","SYS_C001092781","CHECK",,,
"2567","ZTBLAIS_PROD","T_AU_OBSERVATION_ASSIGNEDTO","11","ENG_ID","NUMBER","22","Y",,,,,
"2568","ZTBLAIS_PROD","T_AU_OBSERVATION_ASSIGNEDTO_TEMP","1","ID","NUMBER","22","N","SYS_C001092874","CHECK",,,
"2569","ZTBLAIS_PROD","T_AU_OBSERVATION_ASSIGNEDTO_TEMP","2","OBS_ID","NUMBER","22","N","SYS_C001092875","CHECK",,,
"2570","ZTBLAIS_PROD","T_AU_OBSERVATION_ASSIGNEDTO_TEMP","3","OBS_TEXT_ID","NUMBER","22","N","SYS_C001092876","CHECK",,,
"2571","ZTBLAIS_PROD","T_AU_OBSERVATION_ASSIGNEDTO_TEMP","4","ENTITY_ID","NUMBER","22","N","SYS_C001092877","CHECK",,,
"2572","ZTBLAIS_PROD","T_AU_OBSERVATION_ASSIGNEDTO_TEMP","5","ASSIGNEDBY","NUMBER","22","N","SYS_C001092878","CHECK",,,
"2573","ZTBLAIS_PROD","T_AU_OBSERVATION_ASSIGNEDTO_TEMP","6","ASSIGNED_DATE","DATE","7","N","SYS_C001092879","CHECK",,,
"2574","ZTBLAIS_PROD","T_AU_OBSERVATION_ASSIGNEDTO_TEMP","7","LASTUPDATEDBY","NUMBER","22","Y",,,,,
"2575","ZTBLAIS_PROD","T_AU_OBSERVATION_ASSIGNEDTO_TEMP","8","LASTUPDATEDDATE","DATE","7","Y",,,,,
"2576","ZTBLAIS_PROD","T_AU_OBSERVATION_ASSIGNEDTO_TEMP","9","IS_ACTIVE","VARCHAR2","1","N","SYS_C001092880","CHECK",,,
"2577","ZTBLAIS_PROD","T_AU_OBSERVATION_ASSIGNEDTO_TEMP","10","REPLIED","VARCHAR2","1","N","SYS_C001092881","CHECK",,,
"2578","ZTBLAIS_PROD","T_AU_OBSERVATION_EVIDENCES","1","ID","NUMBER","22","N","SYS_C001093064","CHECK",,,
"2579","ZTBLAIS_PROD","T_AU_OBSERVATION_EVIDENCES","2","FILE_NAME","VARCHAR2","100","N","SYS_C001093065","CHECK",,,
"2580","ZTBLAIS_PROD","T_AU_OBSERVATION_EVIDENCES","3","LENGTH","NUMBER","22","N","SYS_C001093066","CHECK",,,
"2581","ZTBLAIS_PROD","T_AU_OBSERVATION_EVIDENCES","4","FILE_DATA","BLOB","4000","N","SYS_C001093067","CHECK",,,
"2582","ZTBLAIS_PROD","T_AU_OBSERVATION_EVIDENCES","5","MEMOID","NUMBER","22","N","SYS_C001093068","CHECK",,,
"2583","ZTBLAIS_PROD","T_AU_OBSERVATION_EVIDENCES","6","ENTEREDBY","NUMBER","22","N","SYS_C001093069","CHECK",,,
"2584","ZTBLAIS_PROD","T_AU_OBSERVATION_EVIDENCES","7","ENTEREDDATE","DATE","7","N","SYS_C001093070","CHECK",,,
"2585","ZTBLAIS_PROD","T_AU_OBSERVATION_EVIDENCES","8","LASTUPDATEDBY","NUMBER","22","Y",,,,,
"2586","ZTBLAIS_PROD","T_AU_OBSERVATION_EVIDENCES","9","LASTUPDATEDDATE","DATE","7","Y",,,,,
"2587","ZTBLAIS_PROD","T_AU_OBSERVATION_EVIDENCES","10","SEQUENCE","NUMBER","22","N","SYS_C001093071","CHECK",,,
"2588","ZTBLAIS_PROD","T_AU_OBSERVATION_EVIDENCES","11","DESCRIPTION","VARCHAR2","250","Y",,,,,
"2589","ZTBLAIS_PROD","T_AU_OBSERVATION_FINAL_RECCOMENDATION","1","ID","NUMBER","22","Y",,,,,
"2590","ZTBLAIS_PROD","T_AU_OBSERVATION_FINAL_RECCOMENDATION","2","OBS_ID","NUMBER","22","Y","UQ_OBS_FINALREC","UNIQUE",,,
"2591","ZTBLAIS_PROD","T_AU_OBSERVATION_FINAL_RECCOMENDATION","3","RECOMMENDATION","VARCHAR2","2000","Y",,,,,
"2592","ZTBLAIS_PROD","T_AU_OBSERVATION_FINAL_RECCOMENDATION","4","ENTERED_BY","NUMBER","22","Y",,,,,
"2593","ZTBLAIS_PROD","T_AU_OBSERVATION_FINAL_RECCOMENDATION","5","ENTERED_ON","DATE","7","Y",,,,,
"2594","ZTBLAIS_PROD","T_AU_OBSERVATION_GIST","1","ID","NUMBER","22","Y",,,,,
"2595","ZTBLAIS_PROD","T_AU_OBSERVATION_GIST","2","OBS_ID","NUMBER","22","Y","UQ_OBS_GIST","UNIQUE",,,
"2596","ZTBLAIS_PROD","T_AU_OBSERVATION_GIST","3","GIST","VARCHAR2","2000","Y",,,,,
"2597","ZTBLAIS_PROD","T_AU_OBSERVATION_GIST","4","ENTERED_BY","NUMBER","22","Y",,,,,
"2598","ZTBLAIS_PROD","T_AU_OBSERVATION_GIST","5","ENTERED_ON","DATE","7","Y",,,,,
"2599","ZTBLAIS_PROD","T_AU_OBSERVATION_LOANCASES","1","ID","NUMBER","22","N","SYS_C001092914","CHECK",,,
"2600","ZTBLAIS_PROD","T_AU_OBSERVATION_LOANCASES","2","OBSERVATION_ID","NUMBER","22","N","SYS_C001092915","CHECK",,,
"2601","ZTBLAIS_PROD","T_AU_OBSERVATION_LOANCASES","3","LC_NO","NUMBER","22","N","SYS_C001092916","CHECK",,,
"2602","ZTBLAIS_PROD","T_AU_OBSERVATION_LOANCASES","4","STATUS","VARCHAR2","1","N","SYS_C001092917","CHECK",,,
"2603","ZTBLAIS_PROD","T_AU_OBSERVATION_LOANCASES","5","TYPE","NUMBER","22","N","SYS_C001092918","CHECK",,,
"2604","ZTBLAIS_PROD","T_AU_OBSERVATION_LOANCASES","6","ENTERED_BY","NUMBER","22","N","SYS_C001092919","CHECK",,,
"2605","ZTBLAIS_PROD","T_AU_OBSERVATION_LOANCASES","7","ENTERED_DATE","DATE","7","N","SYS_C001092920","CHECK",,,
"2606","ZTBLAIS_PROD","T_AU_OBSERVATION_LOANCASES","8","LAST_UPDATED_BY","NUMBER","22","Y",,,,,
"2607","ZTBLAIS_PROD","T_AU_OBSERVATION_LOANCASES","9","LAST_UPDATED_DATE","DATE","7","Y",,,,,
"2608","ZTBLAIS_PROD","T_AU_OBSERVATION_LOANCASES","10","COMMENTS","VARCHAR2","250","Y",,,,,
"2609","ZTBLAIS_PROD","T_AU_OBSERVATION_LOANCASES","11","AMOUNT_INVOLVED","NUMBER","22","Y",,,,,
"2610","ZTBLAIS_PROD","T_AU_OBSERVATION_MAN","1","ID","NUMBER","22","Y",,,,,
"2611","ZTBLAIS_PROD","T_AU_OBSERVATION_MAN","2","ENTITY_ID","NUMBER","22","Y",,,,,
"2612","ZTBLAIS_PROD","T_AU_OBSERVATION_MAN","3","OLD_PARA_ID","NUMBER","22","Y",,,,,
"2613","ZTBLAIS_PROD","T_AU_OBSERVATION_MAN","4","REF_P","VARCHAR2","1000","Y",,,,,
"2614","ZTBLAIS_PROD","T_AU_OBSERVATION_MAN","5","NEW_PARAID","NUMBER","22","Y",,,,,
"2615","ZTBLAIS_PROD","T_AU_OBSERVATION_MAN","6","PARA_STATUS","NUMBER","22","Y",,,,,
"2616","ZTBLAIS_PROD","T_AU_OBSERVATION_MAN","7","ENG_ID","NUMBER","22","Y",,,,,
"2617","ZTBLAIS_PROD","T_AU_OBSERVATION_OLD_CAD_PARAS","1","PARA_ID","NUMBER","22","Y",,,,,
"2618","ZTBLAIS_PROD","T_AU_OBSERVATION_OLD_CAD_PARAS","2","PERIOD","DATE","7","Y",,,,,
"2619","ZTBLAIS_PROD","T_AU_OBSERVATION_OLD_CAD_PARAS","3","ENTITY_NAME","VARCHAR2","900","Y",,,,,
"2620","ZTBLAIS_PROD","T_AU_OBSERVATION_OLD_CAD_PARAS","4","PARA_NO","VARCHAR2","200","Y",,,,,
"2621","ZTBLAIS_PROD","T_AU_OBSERVATION_OLD_CAD_PARAS","5","GIST_OF_PARAS","VARCHAR2","2500","Y",,,,,
"2622","ZTBLAIS_PROD","T_AU_OBSERVATION_OLD_CAD_PARAS","6","ENTITY_ID","NUMBER","22","Y",,,,,
"2623","ZTBLAIS_PROD","T_AU_OBSERVATION_OLD_CAD_PARAS","7","AUDITED_BY","NUMBER","22","Y",,,,,
"2624","ZTBLAIS_PROD","T_AU_OBSERVATION_OLD_CAD_PARAS","8","PARA_TEXT","CLOB","4000","Y",,,,,
"2625","ZTBLAIS_PROD","T_AU_OBSERVATION_OLD_CAD_PARAS","9","PARA_STATUS","NUMBER","22","Y",,,,,
"2626","ZTBLAIS_PROD","T_AU_OBSERVATION_OLD_CAD_PARAS","10","V_CAT_ID","NUMBER","22","Y",,,,,
"2627","ZTBLAIS_PROD","T_AU_OBSERVATION_OLD_CAD_PARAS","11","V_CAT_NATURE_ID","NUMBER","22","Y",,,,,
"2628","ZTBLAIS_PROD","T_AU_OBSERVATION_OLD_CAD_PARAS","12","RISK_ID","NUMBER","22","Y",,,,,
"2629","ZTBLAIS_PROD","T_AU_OBSERVATION_OLD_CAD_PARAS","13","ENTERED_BY","NUMBER","22","Y",,,,,
"2630","ZTBLAIS_PROD","T_AU_OBSERVATION_OLD_CAD_PARAS","14","ENTERED_ON","DATE","7","Y",,,,,
"2631","ZTBLAIS_PROD","T_AU_OBSERVATION_OLD_CAD_PARAS","15","STATUS","NUMBER","22","Y",,,,,
"2632","ZTBLAIS_PROD","T_AU_OBSERVATION_OLD_CAD_PARAS","16","SETTELED_BY","NUMBER","22","Y",,,,,
"2633","ZTBLAIS_PROD","T_AU_OBSERVATION_OLD_CAD_PARAS","17","SETTELED_ON","DATE","7","Y",,,,,
"2634","ZTBLAIS_PROD","T_AU_OBSERVATION_OLD_CAD_PARAS","18","UPDATED_ON","DATE","7","Y",,,,,
"2635","ZTBLAIS_PROD","T_AU_OBSERVATION_OLD_CAD_PARAS","19","UPDATED_BY","NUMBER","22","Y",,,,,
"2636","ZTBLAIS_PROD","T_AU_OBSERVATION_OLD_CAD_PARAS_RESPONSE","1","ID","NUMBER","22","N","SYS_C001093023","CHECK",,,
"2637","ZTBLAIS_PROD","T_AU_OBSERVATION_OLD_CAD_PARAS_RESPONSE","2","REPLYNO","NUMBER","22","N","SYS_C001093024","CHECK",,,
"2638","ZTBLAIS_PROD","T_AU_OBSERVATION_OLD_CAD_PARAS_RESPONSE","3","AU_OBS_ID","NUMBER","22","N","SYS_C001093025","CHECK",,,
"2639","ZTBLAIS_PROD","T_AU_OBSERVATION_OLD_CAD_PARAS_RESPONSE","4","REPLY","CLOB","4000","N","SYS_C001093026","CHECK",,,
"2640","ZTBLAIS_PROD","T_AU_OBSERVATION_OLD_CAD_PARAS_RESPONSE","5","REPLIEDBY","NUMBER","22","N","SYS_C001093027","CHECK",,,
"2641","ZTBLAIS_PROD","T_AU_OBSERVATION_OLD_CAD_PARAS_RESPONSE","6","REPLIEDDATE","DATE","7","N","SYS_C001093028","CHECK",,,
"2642","ZTBLAIS_PROD","T_AU_OBSERVATION_OLD_CAD_PARAS_RESPONSE","7","LASTUPDATEDBY","NUMBER","22","Y",,,,,
"2643","ZTBLAIS_PROD","T_AU_OBSERVATION_OLD_CAD_PARAS_RESPONSE","8","LASTUPDATEDDATE","DATE","7","Y",,,,,
"2644","ZTBLAIS_PROD","T_AU_OBSERVATION_OLD_CAD_PARAS_RESPONSE","9","C_I_REMARKS","CLOB","4000","Y",,,,,
"2645","ZTBLAIS_PROD","T_AU_OBSERVATION_OLD_CAD_PARAS_RESPONSE","10","IMP_RECOMMENDATION","VARCHAR2","250","Y",,,,,
"2646","ZTBLAIS_PROD","T_AU_OBSERVATION_OLD_CAD_PARAS_RESPONSE","11","HEADAUDITCOMMENTS","VARCHAR2","250","Y",,,,,
"2647","ZTBLAIS_PROD","T_AU_OBSERVATION_OLD_CAD_PARAS_RESPONSE","12","HEADAUDITDECISION","VARCHAR2","2","Y",,,,,
"2648","ZTBLAIS_PROD","T_AU_OBSERVATION_OLD_CAD_PARAS_RESPONSE","13","SUBMITTED","VARCHAR2","1","Y",,,,,
"2649","ZTBLAIS_PROD","T_AU_OBSERVATION_OLD_CAD_PARAS_RESPONSE","14","STATUS","NUMBER","22","Y",,,,,
"2650","ZTBLAIS_PROD","T_AU_OBSERVATION_OLD_CAD_PARAS_SETTLE_LOG","1","ID","NUMBER","22","Y",,,,,
"2651","ZTBLAIS_PROD","T_AU_OBSERVATION_OLD_CAD_PARAS_SETTLE_LOG","2","PARA_ID","NUMBER","22","Y",,,,,
"2652","ZTBLAIS_PROD","T_AU_OBSERVATION_OLD_CAD_PARAS_SETTLE_LOG","3","PP_NUM","NUMBER","22","Y",,,,,
"2653","ZTBLAIS_PROD","T_AU_OBSERVATION_OLD_CAD_PARAS_SETTLE_LOG","4","STATUS_CHANGE_DATE","TIMESTAMP(6)","11","Y",,,,,
"2654","ZTBLAIS_PROD","T_AU_OBSERVATION_OLD_CAD_PARAS_SETTLE_LOG","5","REMARKS","VARCHAR2","1000","Y",,,,,
"2655","ZTBLAIS_PROD","T_AU_OBSERVATION_OLD_CAD_PARAS_TEXT","1","ID","NUMBER","22","N","SYS_C001093021","CHECK",,,
"2656","ZTBLAIS_PROD","T_AU_OBSERVATION_OLD_CAD_PARAS_TEXT","2","OBSERVATSION_ID","NUMBER","22","N","SYS_C001093022","CHECK",,,
"2657","ZTBLAIS_PROD","T_AU_OBSERVATION_OLD_CAD_PARAS_TEXT","3","REMARKS","VARCHAR2","500","Y",,,,,
"2658","ZTBLAIS_PROD","T_AU_OBSERVATION_OLD_CAD_PARAS_TEXT","4","ENTEREDBY","NUMBER","22","Y",,,,,
"2659","ZTBLAIS_PROD","T_AU_OBSERVATION_OLD_CAD_PARAS_TEXT","5","ENTEREDDATE","DATE","7","Y",,,,,
"2660","ZTBLAIS_PROD","T_AU_OBSERVATION_OLD_CAD_PARAS_TEXT","6","LASTUPDATEDBY","NUMBER","22","Y",,,,,
"2661","ZTBLAIS_PROD","T_AU_OBSERVATION_OLD_CAD_PARAS_TEXT","7","LASTUPDATEDDATE","DATE","7","Y",,,,,
"2662","ZTBLAIS_PROD","T_AU_OBSERVATION_OLD_CAD_PARAS_TEXT","8","HEADING","VARCHAR2","500","Y",,,,,
"2663","ZTBLAIS_PROD","T_AU_OBSERVATION_OLD_CAD_PARAS_TEXT","9","TEXT","CLOB","4000","Y",,,,,
"2664","ZTBLAIS_PROD","T_AU_OBSERVATION_OLD_PARAS_FAD","1","ID","NUMBER","22","N","SYS_C001092824","CHECK",,,
"2665","ZTBLAIS_PROD","T_AU_OBSERVATION_OLD_PARAS_FAD","2","ENGPLANID","NUMBER","22","N","SYS_C001092825","CHECK",,,
"2666","ZTBLAIS_PROD","T_AU_OBSERVATION_OLD_PARAS_FAD","3","STATUS","NUMBER","22","N","SYS_C001092826","CHECK",,,
"2667","ZTBLAIS_PROD","T_AU_OBSERVATION_OLD_PARAS_FAD","4","ENTEREDBY","NUMBER","22","N","SYS_C001092827","CHECK",,,
"2668","ZTBLAIS_PROD","T_AU_OBSERVATION_OLD_PARAS_FAD","5","ENTEREDDATE","DATE","7","N","SYS_C001092828","CHECK",,,
"2669","ZTBLAIS_PROD","T_AU_OBSERVATION_OLD_PARAS_FAD","6","LASTUPDATEDBY","NUMBER","22","Y",,,,,
"2670","ZTBLAIS_PROD","T_AU_OBSERVATION_OLD_PARAS_FAD","7","LASTUPDATEDDATE","DATE","7","Y",,,,,
"2671","ZTBLAIS_PROD","T_AU_OBSERVATION_OLD_PARAS_FAD","8","AMOUNT_INVOLVED","NUMBER","22","Y",,,,,
"2672","ZTBLAIS_PROD","T_AU_OBSERVATION_OLD_PARAS_FAD","9","REPLYBY","NUMBER","22","Y",,,,,
"2673","ZTBLAIS_PROD","T_AU_OBSERVATION_OLD_PARAS_FAD","10","REPLYDATE","DATE","7","Y",,,,,
"2674","ZTBLAIS_PROD","T_AU_OBSERVATION_OLD_PARAS_FAD","11","LASTREPLYBY","NUMBER","22","Y",,,,,
"2675","ZTBLAIS_PROD","T_AU_OBSERVATION_OLD_PARAS_FAD","12","LASTREPLYDATE","DATE","7","Y",,,,,
"2676","ZTBLAIS_PROD","T_AU_OBSERVATION_OLD_PARAS_FAD","13","MEMO_DATE","DATE","7","N","SYS_C001092829","CHECK",,,
"2677","ZTBLAIS_PROD","T_AU_OBSERVATION_OLD_PARAS_FAD","14","SEVERITY","NUMBER","22","N","SYS_C001092830","CHECK",,,
"2678","ZTBLAIS_PROD","T_AU_OBSERVATION_OLD_PARAS_FAD","15","MEMO_NUMBER","NUMBER","22","N","SYS_C001092831","CHECK",,,
"2679","ZTBLAIS_PROD","T_AU_OBSERVATION_OLD_PARAS_FAD","16","MEMO_REPLY_DATE","DATE","7","Y",,,,,
"2680","ZTBLAIS_PROD","T_AU_OBSERVATION_OLD_PARAS_FAD","17","RESPONSIBILITY_ASSIGNED","NUMBER","22","Y",,,,,
"2681","ZTBLAIS_PROD","T_AU_OBSERVATION_OLD_PARAS_FAD","18","TRANSACTION_ID","NUMBER","22","Y",,,,,
"2682","ZTBLAIS_PROD","T_AU_OBSERVATION_OLD_PARAS_FAD","19","RISKMODEL_ID","NUMBER","22","Y",,,,,
"2683","ZTBLAIS_PROD","T_AU_OBSERVATION_OLD_PARAS_FAD","20","SUBCHECKLIST_ID","NUMBER","22","Y",,,,,
"2684","ZTBLAIS_PROD","T_AU_OBSERVATION_OLD_PARAS_FAD","21","CHECKLISTDETAIL_ID","NUMBER","22","Y",,,,,
"2685","ZTBLAIS_PROD","T_AU_OBSERVATION_OLD_PARAS_FAD","22","V_CAT_ID","NUMBER","22","Y",,,,,
"2686","ZTBLAIS_PROD","T_AU_OBSERVATION_OLD_PARAS_FAD","23","V_CAT_NATURE_ID","NUMBER","22","Y",,,,,
"2687","ZTBLAIS_PROD","T_AU_OBSERVATION_OLD_PARAS_RESPONIBILITY_ASSIGNED","1","ID","NUMBER","22","Y",,,,,
"2688","ZTBLAIS_PROD","T_AU_OBSERVATION_OLD_PARAS_RESPONIBILITY_ASSIGNED","2","REF_P","VARCHAR2","1000","Y",,,,,
"2689","ZTBLAIS_PROD","T_AU_OBSERVATION_OLD_PARAS_RESPONIBILITY_ASSIGNED","3","PP_NO","NUMBER","22","Y",,,,,
"2690","ZTBLAIS_PROD","T_AU_OBSERVATION_OLD_PARAS_RESPONIBILITY_ASSIGNED","4","STATUS","VARCHAR2","50","Y",,,,,
"2691","ZTBLAIS_PROD","T_AU_OBSERVATION_OLD_PARAS_RESPONIBILITY_ASSIGNED","5","DEL_STATUS","VARCHAR2","50","Y",,,,,
"2692","ZTBLAIS_PROD","T_AU_OBSERVATION_REFERENCE_MAP","1","REF_ID","NUMBER","22","N","PK_T_AU_OBS_REF_MAP","PRIMARY KEY",,,
"2693","ZTBLAIS_PROD","T_AU_OBSERVATION_REFERENCE_MAP","1","REF_ID","NUMBER","22","N","SYS_C001105557","CHECK",,,
"2694","ZTBLAIS_PROD","T_AU_OBSERVATION_REFERENCE_MAP","2","OBS_ID","NUMBER","22","N","SYS_C001105558","CHECK",,,
"2695","ZTBLAIS_PROD","T_AU_OBSERVATION_REFERENCE_MAP","3","REFERENCE_ID","NUMBER","22","N","SYS_C001105559","CHECK",,,
"2696","ZTBLAIS_PROD","T_AU_OBSERVATION_REFERENCE_MAP","4","STATUS","VARCHAR2","20","Y",,,,,
"2697","ZTBLAIS_PROD","T_AU_OBSERVATION_REFERENCE_MAP","5","CREATED_BY","VARCHAR2","50","Y",,,,,
"2698","ZTBLAIS_PROD","T_AU_OBSERVATION_REFERENCE_MAP","6","CREATED_ON","DATE","7","Y",,,,,
"2699","ZTBLAIS_PROD","T_AU_OBSERVATION_REFERENCE_MAP","7","UPDATED_BY","VARCHAR2","50","Y",,,,,
"2700","ZTBLAIS_PROD","T_AU_OBSERVATION_REFERENCE_MAP","8","UPDATED_ON","DATE","7","Y",,,,,
"2701","ZTBLAIS_PROD","T_AU_OBSERVATION_RESPONIBILITY_ASSIGNED","1","ID","NUMBER","22","N","SYS_C001092907","CHECK",,,
"2702","ZTBLAIS_PROD","T_AU_OBSERVATION_RESPONIBILITY_ASSIGNED","2","OBS_ID","NUMBER","22","N","SYS_C001092908","CHECK",,,
"2703","ZTBLAIS_PROD","T_AU_OBSERVATION_RESPONIBILITY_ASSIGNED","3","ASSIGNEDBY","NUMBER","22","N","SYS_C001092909","CHECK",,,
"2704","ZTBLAIS_PROD","T_AU_OBSERVATION_RESPONIBILITY_ASSIGNED","4","PP_NO","NUMBER","22","N","SYS_C001092910","CHECK",,,
"2705","ZTBLAIS_PROD","T_AU_OBSERVATION_RESPONIBILITY_ASSIGNED","5","LASTUPDATEDBY","NUMBER","22","Y",,,,,
"2706","ZTBLAIS_PROD","T_AU_OBSERVATION_RESPONIBILITY_ASSIGNED","6","LASTUPDATEDDATE","DATE","7","Y",,,,,
"2707","ZTBLAIS_PROD","T_AU_OBSERVATION_RESPONIBILITY_ASSIGNED","7","IS_ACTIVE","VARCHAR2","1","N","SYS_C001092911","CHECK",,,
"2708","ZTBLAIS_PROD","T_AU_OBSERVATION_RESPONIBILITY_ASSIGNED","8","REMARKS","VARCHAR2","1","Y",,,,,
"2709","ZTBLAIS_PROD","T_AU_OBSERVATION_RESPONIBILITY_ASSIGNED","9","LOAN_CASE","NUMBER","22","Y",,,,,
"2710","ZTBLAIS_PROD","T_AU_OBSERVATION_RESPONIBILITY_ASSIGNED","10","ACCOUNT_NUMBER","NUMBER","22","Y",,,,,
"2711","ZTBLAIS_PROD","T_AU_OBSERVATION_RESPONIBILITY_ASSIGNED","11","LC_AMOUNT","NUMBER","22","Y",,,,,
"2712","ZTBLAIS_PROD","T_AU_OBSERVATION_RESPONIBILITY_ASSIGNED","12","AC_AMOUNT","NUMBER","22","Y",,,,,
"2713","ZTBLAIS_PROD","T_AU_OBSERVATION_RESPONIBILITY_ASSIGNED","13","COM_ID","NUMBER","22","Y",,,,,
"2714","ZTBLAIS_PROD","T_AU_OBSERVATION_RESPONIBILITY_ASSIGNED","14","ENG_ID","NUMBER","22","Y",,,,,
"2715","ZTBLAIS_PROD","T_AU_OBSERVATION_RESPONSIBILITY_UPDATED","1","PARA_ID","NUMBER","22","Y",,,,,
"2716","ZTBLAIS_PROD","T_AU_OBSERVATION_RESPONSIBILITY_UPDATED","2","IND","CHAR","1","Y",,,,,
"2717","ZTBLAIS_PROD","T_AU_OBSERVATION_RESPONSIBILITY_UPDATED","3","OLD_PARA_ID","NUMBER","22","Y",,,,,
"2718","ZTBLAIS_PROD","T_AU_OBSERVATION_RESPONSIBILITY_UPDATED","4","NEW_PARA_ID","NUMBER","22","Y",,,,,
"2719","ZTBLAIS_PROD","T_AU_OBSERVATION_RESPONSIBILITY_UPDATED","5","PP_NO","NUMBER","22","Y",,,,,
"2720","ZTBLAIS_PROD","T_AU_OBSERVATION_RESPONSIBILITY_UPDATED","6","LOAN_CASE","NUMBER","22","Y",,,,,
"2721","ZTBLAIS_PROD","T_AU_OBSERVATION_RESPONSIBILITY_UPDATED","7","LOAN_AMOUNT","NUMBER","22","Y",,,,,
"2722","ZTBLAIS_PROD","T_AU_OBSERVATION_RESPONSIBILITY_UPDATED","8","ACCCOUNT_AMOUNT","NUMBER","22","Y",,,,,
"2723","ZTBLAIS_PROD","T_AU_OBSERVATION_RESPONSIBILITY_UPDATED","9","ACCOUNT_NO","NUMBER","22","Y",,,,,
"2724","ZTBLAIS_PROD","T_AU_OBSERVATION_RESPONSIBILITY_UPDATED","10","REASONS","VARCHAR2","2000","Y",,,,,
"2725","ZTBLAIS_PROD","T_AU_OBSERVATION_RESPONSIBILITY_UPDATED","11","ACTION","VARCHAR2","2","Y",,,,,
"2726","ZTBLAIS_PROD","T_AU_OBSERVATION_RESPONSIBILITY_UPDATED","12","UPDATED_BY","NUMBER","22","Y",,,,,
"2727","ZTBLAIS_PROD","T_AU_OBSERVATION_RESPONSIBILITY_UPDATED","13","UPDATED_ON","DATE","7","Y",,,,,
"2728","ZTBLAIS_PROD","T_AU_OBSERVATION_RESPONSIBILITY_UPDATED","14","AUTHORIZED_BY","NUMBER","22","Y",,,,,
"2729","ZTBLAIS_PROD","T_AU_OBSERVATION_RESPONSIBILITY_UPDATED","15","AUTHORIZED_ON","DATE","7","Y",,,,,
"2730","ZTBLAIS_PROD","T_AU_OBSERVATION_RESPONSIBILITY_UPDATED","16","COM_ID","NUMBER","22","Y",,,,,
"2731","ZTBLAIS_PROD","T_AU_OBSERVATION_RESPONSIBILITY_UPDATED","17","ENG_ID","NUMBER","22","Y",,,,,
"2732","ZTBLAIS_PROD","T_AU_OBSERVATION_RESPONSIBILITY_UPDATED","18","BRANCH_CODE","NUMBER","22","Y",,,,,
"2733","ZTBLAIS_PROD","T_AU_OBSERVATION_SEVERITY","1","ID","NUMBER","22","N","SYS_C001092970","CHECK",,,
"2734","ZTBLAIS_PROD","T_AU_OBSERVATION_SEVERITY","2","NAME","VARCHAR2","100","N","SYS_C001092971","CHECK",,,
"2735","ZTBLAIS_PROD","T_AU_OBSERVATION_SEVERITY","3","DESCRIPTION","VARCHAR2","250","Y",,,,,
"2736","ZTBLAIS_PROD","T_AU_OBSERVATION_SEVERITY","4","ISACTIVE","VARCHAR2","1","N","SYS_C001092972","CHECK",,,
"2737","ZTBLAIS_PROD","T_AU_OBSERVATION_SEVERITY","5","CODE","NUMBER","22","N","SYS_C001092973","CHECK",,,
"2738","ZTBLAIS_PROD","T_AU_OBSERVATION_SHIFTING","1","ID","NUMBER","22","Y",,,,,
"2739","ZTBLAIS_PROD","T_AU_OBSERVATION_SHIFTING","2","OLD_ENTITY_ID","NUMBER","22","Y",,,,,
"2740","ZTBLAIS_PROD","T_AU_OBSERVATION_SHIFTING","3","NEW_ENTITY_ID","NUMBER","22","Y",,,,,
"2741","ZTBLAIS_PROD","T_AU_OBSERVATION_SHIFTING","4","OLD_PARA_ID","NUMBER","22","Y",,,,,
"2742","ZTBLAIS_PROD","T_AU_OBSERVATION_SHIFTING","5","NEW_PARA_ID","NUMBER","22","Y",,,,,
"2743","ZTBLAIS_PROD","T_AU_OBSERVATION_SHIFTING","6","SHIFTING_DATE","DATE","7","Y",,,,,
"2744","ZTBLAIS_PROD","T_AU_OBSERVATION_SHIFTING","7","PARA_STATUS","NUMBER","22","Y",,,,,
"2745","ZTBLAIS_PROD","T_AU_OBSERVATION_SHIFTING","8","ANNEX","NUMBER","22","Y",,,,,
"2746","ZTBLAIS_PROD","T_AU_OBSERVATION_STATUS","1","STATUSID","NUMBER","22","N","SYS_C001092747","CHECK",,,
"2747","ZTBLAIS_PROD","T_AU_OBSERVATION_STATUS","2","STATUSNAME","VARCHAR2","100","N","SYS_C001092748","CHECK",,,
"2748","ZTBLAIS_PROD","T_AU_OBSERVATION_STATUS","3","ISACTIVE","VARCHAR2","1","N","SYS_C001092749","CHECK",,,
"2749","ZTBLAIS_PROD","T_AU_OBSERVATION_STATUS","4","CODE","NUMBER","22","N","SYS_C001092750","CHECK",,,
"2750","ZTBLAIS_PROD","T_AU_OBSERVATION_STATUS","5","SATISFIED","VARCHAR2","1","Y",,,,,
"2751","ZTBLAIS_PROD","T_AU_OBSERVATION_TEXT","1","ID","NUMBER","22","N","SYS_C001093140","CHECK",,,
"2752","ZTBLAIS_PROD","T_AU_OBSERVATION_TEXT","2","OBSERVATSION_ID","NUMBER","22","N","SYS_C001093141","CHECK",,,
"2753","ZTBLAIS_PROD","T_AU_OBSERVATION_TEXT","3","TEXT","CLOB","4000","Y",,,,,
"2754","ZTBLAIS_PROD","T_AU_OBSERVATION_TEXT","4","REMARKS","VARCHAR2","250","Y",,,,,
"2755","ZTBLAIS_PROD","T_AU_OBSERVATION_TEXT","5","ENTEREDBY","NUMBER","22","Y",,,,,
"2756","ZTBLAIS_PROD","T_AU_OBSERVATION_TEXT","6","ENTEREDDATE","DATE","7","Y",,,,,
"2757","ZTBLAIS_PROD","T_AU_OBSERVATION_TEXT","7","LASTUPDATEDBY","NUMBER","22","Y",,,,,
"2758","ZTBLAIS_PROD","T_AU_OBSERVATION_TEXT","8","LASTUPDATEDDATE","DATE","7","Y",,,,,
"2759","ZTBLAIS_PROD","T_AU_OBSERVATION_TEXT","9","ENG_PLAN","NUMBER","22","Y",,,,,
"2760","ZTBLAIS_PROD","T_AU_OBSERVATION_TEXT","10","MEMO_NUMBER","NUMBER","22","Y",,,,,
"2761","ZTBLAIS_PROD","T_AU_OBSERVATION_TEXT","11","HEADINGS","VARCHAR2","3000","Y",,,,,
"2762","ZTBLAIS_PROD","T_AU_OBSERVATION_UPDATED_DETAILS","1","PARAID","NUMBER","22","Y",,,,,
"2763","ZTBLAIS_PROD","T_AU_OBSERVATION_UPDATED_DETAILS","2","NEW_PARAID","NUMBER","22","Y",,,,,
"2764","ZTBLAIS_PROD","T_AU_OBSERVATION_UPDATED_DETAILS","3","OLD_PARA_ID","NUMBER","22","Y",,,,,
"2765","ZTBLAIS_PROD","T_AU_OBSERVATION_UPDATED_DETAILS","4","PARA_NO","VARCHAR2","1000","Y",,,,,
"2766","ZTBLAIS_PROD","T_AU_OBSERVATION_UPDATED_DETAILS","5","AUDIT_PERIOD","VARCHAR2","50","Y",,,,,
"2767","ZTBLAIS_PROD","T_AU_OBSERVATION_UPDATED_DETAILS","6","GIST_OF_PARA","VARCHAR2","4000","Y",,,,,
"2768","ZTBLAIS_PROD","T_AU_OBSERVATION_UPDATED_DETAILS","7","RISK","NUMBER","22","Y",,,,,
"2769","ZTBLAIS_PROD","T_AU_OBSERVATION_UPDATED_DETAILS","8","IND","CHAR","1","Y",,,,,
"2770","ZTBLAIS_PROD","T_AU_OBSERVATION_UPDATED_DETAILS","9","ANNEX_ID","NUMBER","22","Y",,,,,
"2771","ZTBLAIS_PROD","T_AU_OBSERVATION_UPDATED_DETAILS","10","NO_INSTANCES","NUMBER","22","Y",,,,,
"2772","ZTBLAIS_PROD","T_AU_OBSERVATION_UPDATED_DETAILS","11","AMOUNT","NUMBER","22","Y",,,,,
"2773","ZTBLAIS_PROD","T_AU_OBSERVATION_UPDATED_DETAILS","12","UPDATED_BY","NUMBER","22","Y",,,,,
"2774","ZTBLAIS_PROD","T_AU_OBSERVATION_UPDATED_DETAILS","13","UPDATED_ON","DATE","7","Y",,,,,
"2775","ZTBLAIS_PROD","T_AU_OBSERVATION_UPDATED_DETAILS","14","P_TYPE_IND","CHAR","1","Y",,,,,
"2776","ZTBLAIS_PROD","T_AU_OBSERVATION_UPDATED_DETAILS","15","PARA_TEXT","CLOB","4000","Y",,,,,
"2777","ZTBLAIS_PROD","T_AU_OBSERVATION_UPDATED_DETAILS","16","AUTHORIZED_BY","NUMBER","22","Y",,,,,
"2778","ZTBLAIS_PROD","T_AU_OBSERVATION_UPDATED_DETAILS","17","AUTHORIZED_ON","DATE","7","Y",,,,,
"2779","ZTBLAIS_PROD","T_AU_OBSERVATION_UPDATED_DETAILS","18","ANNEXURE_REF_ID","NUMBER","22","Y",,,,,
"2780","ZTBLAIS_PROD","T_AU_OBSERVATION_UPDATED_DETAILS","19","COM_ID","NUMBER","22","Y",,,,,
"2781","ZTBLAIS_PROD","T_AU_OBSERVATION_UPDATED_REFERENCE","1","C_ID","NUMBER","22","Y",,,,,
"2782","ZTBLAIS_PROD","T_AU_OBSERVATION_UPDATED_REFERENCE","2","N_PARA_ID","NUMBER","22","Y",,,,,
"2783","ZTBLAIS_PROD","T_AU_OBSERVATION_UPDATED_REFERENCE","3","O_PARA_ID","NUMBER","22","Y",,,,,
"2784","ZTBLAIS_PROD","T_AU_OBSERVATION_UPDATED_REFERENCE","4","PARA_NO","VARCHAR2","1000","Y",,,,,
"2785","ZTBLAIS_PROD","T_AU_OBSERVATION_UPDATED_REFERENCE","5","AUDIT_PERIOD","VARCHAR2","50","Y",,,,,
"2786","ZTBLAIS_PROD","T_AU_OBSERVATION_UPDATED_REFERENCE","6","GIST_OF_PARAS","VARCHAR2","4000","Y",,,,,
"2787","ZTBLAIS_PROD","T_AU_OBSERVATION_UPDATED_REFERENCE","7","RISK","NUMBER","22","Y",,,,,
"2788","ZTBLAIS_PROD","T_AU_OBSERVATION_UPDATED_REFERENCE","8","IND","CHAR","1","Y",,,,,
"2789","ZTBLAIS_PROD","T_AU_OBSERVATION_UPDATED_REFERENCE","9","ANNEX_ID","NUMBER","22","Y",,,,,
"2790","ZTBLAIS_PROD","T_AU_OBSERVATION_UPDATED_REFERENCE","10","NO_INSTANCES","NUMBER","22","Y",,,,,
"2791","ZTBLAIS_PROD","T_AU_OBSERVATION_UPDATED_REFERENCE","11","AMOUNT","NUMBER","22","Y",,,,,
"2792","ZTBLAIS_PROD","T_AU_OBSERVATION_UPDATED_REFERENCE","12","UPDATED_BY","NUMBER","22","Y",,,,,
"2793","ZTBLAIS_PROD","T_AU_OBSERVATION_UPDATED_REFERENCE","13","UPDATED_ON","DATE","7","Y",,,,,
"2794","ZTBLAIS_PROD","T_AU_OBSERVATION_UPDATED_REFERENCE","14","P_TYPE_IND","CHAR","1","Y",,,,,
"2795","ZTBLAIS_PROD","T_AU_OBSERVATION_UPDATED_REFERENCE","15","PARA_TEXT","CLOB","4000","Y",,,,,
"2796","ZTBLAIS_PROD","T_AU_OBSERVATION_UPDATED_REFERENCE","16","AUTHORIZED_BY","NUMBER","22","Y",,,,,
"2797","ZTBLAIS_PROD","T_AU_OBSERVATION_UPDATED_REFERENCE","17","AUTHORIZED_ON","DATE","7","Y",,,,,
"2798","ZTBLAIS_PROD","T_AU_OBSERVATION_UPDATED_REFERENCE","18","ANNEXURE_REF_ID","NUMBER","22","Y",,,,,
"2799","ZTBLAIS_PROD","T_AU_OBSERVATION_UPDATED_REFERENCE","19","STATUS","VARCHAR2","2","Y",,,,,
"2800","ZTBLAIS_PROD","T_AU_OBS_AUDITEE_REPLY_EVIDENCE","1","ID","NUMBER","22","N","SYS_C001093090","CHECK",,,
"2801","ZTBLAIS_PROD","T_AU_OBS_AUDITEE_REPLY_EVIDENCE","2","FILE_NAME","VARCHAR2","100","N","SYS_C001093091","CHECK",,,
"2802","ZTBLAIS_PROD","T_AU_OBS_AUDITEE_REPLY_EVIDENCE","3","LENGTH","NUMBER","22","N","SYS_C001093092","CHECK",,,
"2803","ZTBLAIS_PROD","T_AU_OBS_AUDITEE_REPLY_EVIDENCE","4","FILE_DATA","BLOB","4000","N","SYS_C001093093","CHECK",,,
"2804","ZTBLAIS_PROD","T_AU_OBS_AUDITEE_REPLY_EVIDENCE","5","MEMOID","NUMBER","22","N","SYS_C001093094","CHECK",,,
"2805","ZTBLAIS_PROD","T_AU_OBS_AUDITEE_REPLY_EVIDENCE","6","ENTEREDBY","NUMBER","22","N","SYS_C001093095","CHECK",,,
"2806","ZTBLAIS_PROD","T_AU_OBS_AUDITEE_REPLY_EVIDENCE","7","ENTEREDDATE","DATE","7","N","SYS_C001093096","CHECK",,,
"2807","ZTBLAIS_PROD","T_AU_OBS_AUDITEE_REPLY_EVIDENCE","8","LASTUPDATEDBY","NUMBER","22","Y",,,,,
"2808","ZTBLAIS_PROD","T_AU_OBS_AUDITEE_REPLY_EVIDENCE","9","LASTUPDATEDDATE","DATE","7","Y",,,,,
"2809","ZTBLAIS_PROD","T_AU_OBS_AUDITEE_REPLY_EVIDENCE","10","SEQUENCE","NUMBER","22","N","SYS_C001093097","CHECK",,,
"2810","ZTBLAIS_PROD","T_AU_OBS_AUDITEE_REPLY_EVIDENCE","11","DESCRIPTION","VARCHAR2","250","Y",,,,,
"2811","ZTBLAIS_PROD","T_AU_OLD_AUDIT_NATURE","1","NID","NUMBER","22","Y",,,,,
"2812","ZTBLAIS_PROD","T_AU_OLD_AUDIT_NATURE","2","DESCRIPTION","VARCHAR2","250","Y",,,,,
"2813","ZTBLAIS_PROD","T_AU_OLD_AUDIT_NATURE","3","STATUS","VARCHAR2","2","Y",,,,,
"2814","ZTBLAIS_PROD","T_AU_OLD_AUDIT_PERIOD","1","AUDITPERIODID","NUMBER","22","Y",,,,,
"2815","ZTBLAIS_PROD","T_AU_OLD_AUDIT_PERIOD","2","AUDIT_YEAR","NUMBER","22","Y",,,,,
"2816","ZTBLAIS_PROD","T_AU_OLD_AUDIT_PERIOD","3","DESCRIPTION","VARCHAR2","250","Y",,,,,
"2817","ZTBLAIS_PROD","T_AU_OLD_AUDIT_PERIOD","4","START_DATE","DATE","7","Y",,,,,
"2818","ZTBLAIS_PROD","T_AU_OLD_AUDIT_PERIOD","5","END_DATE","DATE","7","Y",,,,,
"2819","ZTBLAIS_PROD","T_AU_OLD_AUDIT_PERIOD","6","STATUS_ID","NUMBER","22","Y",,,,,
"2820","ZTBLAIS_PROD","T_AU_OLD_FUNCTIONAL_PARA_DIVISION_HEAD_REMARKS","1","ID","NUMBER","22","N","PK_ID","PRIMARY KEY",,,
"2821","ZTBLAIS_PROD","T_AU_OLD_FUNCTIONAL_PARA_DIVISION_HEAD_REMARKS","1","ID","NUMBER","22","N","SYS_C001092803","CHECK",,,
"2822","ZTBLAIS_PROD","T_AU_OLD_FUNCTIONAL_PARA_DIVISION_HEAD_REMARKS","2","REF_P","VARCHAR2","1000","Y",,,,,
"2823","ZTBLAIS_PROD","T_AU_OLD_FUNCTIONAL_PARA_DIVISION_HEAD_REMARKS","3","ENTITY_ID","NUMBER","22","Y",,,,,
"2824","ZTBLAIS_PROD","T_AU_OLD_FUNCTIONAL_PARA_DIVISION_HEAD_REMARKS","4","ENTITY_NAME","VARCHAR2","1000","Y",,,,,
"2825","ZTBLAIS_PROD","T_AU_OLD_FUNCTIONAL_PARA_DIVISION_HEAD_REMARKS","5","PARA_NO","VARCHAR2","100","Y",,,,,
"2826","ZTBLAIS_PROD","T_AU_OLD_FUNCTIONAL_PARA_DIVISION_HEAD_REMARKS","6","CONCERNED_DEPT_ID","NUMBER","22","Y",,,,,
"2827","ZTBLAIS_PROD","T_AU_OLD_FUNCTIONAL_PARA_DIVISION_HEAD_REMARKS","7","REMARKS","VARCHAR2","500","Y",,,,,
"2828","ZTBLAIS_PROD","T_AU_OLD_FUNCTIONAL_PARA_DIVISION_HEAD_REMARKS","8","CREATED_ON","TIMESTAMP(6)","11","Y",,,,,
"2829","ZTBLAIS_PROD","T_AU_OLD_FUNCTIONAL_PARA_DIVISION_HEAD_REMARKS","9","PARA_ID","NUMBER","22","N","SYS_C001092804","CHECK",,,
"2830","ZTBLAIS_PROD","T_AU_OLD_FUNCTIONAL_PARA_DIVISION_HEAD_REMARKS","10","CREATED_BY","NUMBER","22","Y",,,,,
"2831","ZTBLAIS_PROD","T_AU_OLD_PARAS_CAD_LOG","1","ID","NUMBER","22","Y",,,,,
"2832","ZTBLAIS_PROD","T_AU_OLD_PARAS_CAD_LOG","2","REF_P","VARCHAR2","100","Y",,,,,
"2833","ZTBLAIS_PROD","T_AU_OLD_PARAS_CAD_LOG","3","UP_TEXT_STATUS","NUMBER","22","Y",,,,,
"2834","ZTBLAIS_PROD","T_AU_OLD_PARAS_CAD_LOG","4","UP_RES_STATUS","NUMBER","22","Y",,,,,
"2835","ZTBLAIS_PROD","T_AU_OLD_PARAS_CAD_LOG","5","CREATED_BY","NUMBER","22","Y",,,,,
"2836","ZTBLAIS_PROD","T_AU_OLD_PARAS_CAD_LOG","6","CREATED_DATE","TIMESTAMP(6)","11","Y",,,,,
"2837","ZTBLAIS_PROD","T_AU_OLD_PARAS_CAD_LOG","7","REMARKS","VARCHAR2","500","Y",,,,,
"2838","ZTBLAIS_PROD","T_AU_OLD_PARAS_CAD_LOG","8","SEQUENCE","NUMBER","22","Y",,,,,
"2839","ZTBLAIS_PROD","T_AU_OLD_PARAS_CAD_LOG","9","RESP_BY","NUMBER","22","Y",,,,,
"2840","ZTBLAIS_PROD","T_AU_OLD_PARAS_CAD_LOG","10","RESP_ON","TIMESTAMP(6)","11","Y",,,,,
"2841","ZTBLAIS_PROD","T_AU_OLD_PARAS_FAD","1","ID","NUMBER","22","N","SYS_C001092862","CHECK",,,
"2842","ZTBLAIS_PROD","T_AU_OLD_PARAS_FAD","2","REF_P","VARCHAR2","1000","Y",,,,,
"2843","ZTBLAIS_PROD","T_AU_OLD_PARAS_FAD","3","ENTITY_ID","NUMBER","22","Y",,,,,
"2844","ZTBLAIS_PROD","T_AU_OLD_PARAS_FAD","4","ENTITY_CODE","NUMBER","22","Y",,,,,
"2845","ZTBLAIS_PROD","T_AU_OLD_PARAS_FAD","5","TYPE_ID","NUMBER","22","N","SYS_C001092863","CHECK",,,
"2846","ZTBLAIS_PROD","T_AU_OLD_PARAS_FAD","6","AUDIT_PERIOD","VARCHAR2","1000","N","SYS_C001092864","CHECK",,,
"2847","ZTBLAIS_PROD","T_AU_OLD_PARAS_FAD","7","ENTITY_NAME","VARCHAR2","1000","Y",,,,,
"2848","ZTBLAIS_PROD","T_AU_OLD_PARAS_FAD","8","PARA_NO","VARCHAR2","1000","Y",,,,,
"2849","ZTBLAIS_PROD","T_AU_OLD_PARAS_FAD","9","GIST_OF_PARAS","VARCHAR2","4000","Y",,,,,
"2850","ZTBLAIS_PROD","T_AU_OLD_PARAS_FAD","10","ANNEXURE","VARCHAR2","2000","Y",,,,,
"2851","ZTBLAIS_PROD","T_AU_OLD_PARAS_FAD","11","AMOUNT_INVOLVED","VARCHAR2","1000","Y",,,,,
"2852","ZTBLAIS_PROD","T_AU_OLD_PARAS_FAD","12","VOL_I_II","VARCHAR2","1000","Y",,,,,
"2853","ZTBLAIS_PROD","T_AU_OLD_PARAS_FAD","13","AUDITED_BY","NUMBER","22","Y",,,,,
"2854","ZTBLAIS_PROD","T_AU_OLD_PARAS_FAD","14","PROCESS_DETAIL","NUMBER","22","Y",,,,,
"2855","ZTBLAIS_PROD","T_AU_OLD_PARAS_FAD","15","STATUS","NUMBER","22","Y",,,,,
"2856","ZTBLAIS_PROD","T_AU_OLD_PARAS_FAD","16","ENTERED_ON","TIMESTAMP(6)","11","Y",,,,,
"2857","ZTBLAIS_PROD","T_AU_OLD_PARAS_FAD","17","ENTERED_BY","NUMBER","22","Y",,,,,
"2858","ZTBLAIS_PROD","T_AU_OLD_PARAS_FAD","18","PARA_STATUS","NUMBER","22","Y",,,,,
"2859","ZTBLAIS_PROD","T_AU_OLD_PARAS_FAD","19","UPDATE_STATUS","NUMBER","22","Y",,,,,
"2860","ZTBLAIS_PROD","T_AU_OLD_PARAS_FAD","20","AZ_STATUS_UPDATED_BY","NUMBER","22","Y",,,,,
"2861","ZTBLAIS_PROD","T_AU_OLD_PARAS_FAD","21","AZ_UPDATED_ON","DATE","7","Y",,,,,
"2862","ZTBLAIS_PROD","T_AU_OLD_PARAS_FAD","22","FAD_STATUS","NUMBER","22","Y",,,,,
"2863","ZTBLAIS_PROD","T_AU_OLD_PARAS_FAD","23","FAD_REVIEWED_BY","NUMBER","22","Y",,,,,
"2864","ZTBLAIS_PROD","T_AU_OLD_PARAS_FAD","24","FAD_REVIEWED_ON","DATE","7","Y",,,,,
"2865","ZTBLAIS_PROD","T_AU_OLD_PARAS_FAD","25","RISK","NUMBER","22","Y",,,,,
"2866","ZTBLAIS_PROD","T_AU_OLD_PARAS_FAD","26","TEMP_STATUS_FOR_CHANGE","NUMBER","22","Y",,,,,
"2867","ZTBLAIS_PROD","T_AU_OLD_PARAS_FAD","27","NATURE_OF_AUDIT","NUMBER","22","Y",,,,,
"2868","ZTBLAIS_PROD","T_AU_OLD_PARAS_FAD","28","ANNEX","NUMBER","22","Y",,,,,
"2869","ZTBLAIS_PROD","T_AU_OLD_PARAS_FAD","29","NO_OF_INSTANCES","NUMBER","22","Y",,,,,
"2870","ZTBLAIS_PROD","T_AU_OLD_PARAS_FAD","30","PARASTATUSUPDATEDBY","NUMBER","22","Y",,,,,
"2871","ZTBLAIS_PROD","T_AU_OLD_PARAS_FAD","31","PARASETTELEDON","DATE","7","Y",,,,,
"2872","ZTBLAIS_PROD","T_AU_OLD_PARAS_FAD","32","REVIEWED_ON","DATE","7","Y",,,,,
"2873","ZTBLAIS_PROD","T_AU_OLD_PARAS_FAD","33","REVIEWED_BY","NUMBER","22","Y",,,,,
"2874","ZTBLAIS_PROD","T_AU_OLD_PARAS_FAD","34","SETTLED_BY","NUMBER","22","Y",,,,,
"2875","ZTBLAIS_PROD","T_AU_OLD_PARAS_FAD","35","ACTUAL_ENTER_DATE","DATE","7","Y",,,,,
"2876","ZTBLAIS_PROD","T_AU_OLD_PARAS_FAD","36","COM_ID","NUMBER","22","Y",,,,,
"2877","ZTBLAIS_PROD","T_AU_OLD_PARAS_FAD","37","ANNEX_REF_ID","NUMBER","22","Y",,,,,
"2878","ZTBLAIS_PROD","T_AU_OLD_PARAS_FAD_BACKUP","1","ID","NUMBER","22","N","SYS_C001092817","CHECK",,,
"2879","ZTBLAIS_PROD","T_AU_OLD_PARAS_FAD_BACKUP","2","REF_P","VARCHAR2","1000","Y",,,,,
"2880","ZTBLAIS_PROD","T_AU_OLD_PARAS_FAD_BACKUP","3","ENTITY_ID","NUMBER","22","Y",,,,,
"2881","ZTBLAIS_PROD","T_AU_OLD_PARAS_FAD_BACKUP","4","ENTITY_CODE","NUMBER","22","Y",,,,,
"2882","ZTBLAIS_PROD","T_AU_OLD_PARAS_FAD_BACKUP","5","TYPE_ID","NUMBER","22","N","SYS_C001092818","CHECK",,,
"2883","ZTBLAIS_PROD","T_AU_OLD_PARAS_FAD_BACKUP","6","AUDIT_PERIOD","VARCHAR2","1000","N","SYS_C001092819","CHECK",,,
"2884","ZTBLAIS_PROD","T_AU_OLD_PARAS_FAD_BACKUP","7","ENTITY_NAME","VARCHAR2","1000","Y",,,,,
"2885","ZTBLAIS_PROD","T_AU_OLD_PARAS_FAD_BACKUP","8","PARA_NO","VARCHAR2","1000","Y",,,,,
"2886","ZTBLAIS_PROD","T_AU_OLD_PARAS_FAD_BACKUP","9","GIST_OF_PARAS","VARCHAR2","4000","Y",,,,,
"2887","ZTBLAIS_PROD","T_AU_OLD_PARAS_FAD_BACKUP","10","ANNEXURE","VARCHAR2","2000","Y",,,,,
"2888","ZTBLAIS_PROD","T_AU_OLD_PARAS_FAD_BACKUP","11","AMOUNT_INVOLVED","VARCHAR2","1000","Y",,,,,
"2889","ZTBLAIS_PROD","T_AU_OLD_PARAS_FAD_BACKUP","12","VOL_I_II","VARCHAR2","1000","Y",,,,,
"2890","ZTBLAIS_PROD","T_AU_OLD_PARAS_FAD_BACKUP","13","AUDITED_BY","NUMBER","22","Y",,,,,
"2891","ZTBLAIS_PROD","T_AU_OLD_PARAS_FAD_BACKUP","14","PROCESS_DETAIL","NUMBER","22","Y",,,,,
"2892","ZTBLAIS_PROD","T_AU_OLD_PARAS_FAD_BACKUP","15","STATUS","NUMBER","22","Y",,,,,
"2893","ZTBLAIS_PROD","T_AU_OLD_PARAS_FAD_BACKUP","16","ENTERED_ON","TIMESTAMP(6)","11","Y",,,,,
"2894","ZTBLAIS_PROD","T_AU_OLD_PARAS_FAD_BACKUP","17","ENTERED_BY","NUMBER","22","Y",,,,,
"2895","ZTBLAIS_PROD","T_AU_OLD_PARAS_FAD_BACKUP","18","PARA_STATUS","NUMBER","22","Y",,,,,
"2896","ZTBLAIS_PROD","T_AU_OLD_PARAS_FAD_BACKUP","19","UPDATE_STATUS","NUMBER","22","Y",,,,,
"2897","ZTBLAIS_PROD","T_AU_OLD_PARAS_FAD_BACKUP","20","AZ_STATUS_UPDATED_BY","NUMBER","22","Y",,,,,
"2898","ZTBLAIS_PROD","T_AU_OLD_PARAS_FAD_BACKUP","21","AZ_UPDATED_ON","DATE","7","Y",,,,,
"2899","ZTBLAIS_PROD","T_AU_OLD_PARAS_FAD_BACKUP","22","FAD_STATUS","NUMBER","22","Y",,,,,
"2900","ZTBLAIS_PROD","T_AU_OLD_PARAS_FAD_BACKUP","23","FAD_REVIEWED_BY","NUMBER","22","Y",,,,,
"2901","ZTBLAIS_PROD","T_AU_OLD_PARAS_FAD_BACKUP","24","FAD_REVIEWED_ON","DATE","7","Y",,,,,
"2902","ZTBLAIS_PROD","T_AU_OLD_PARAS_FAD_BACKUP","25","RISK","NUMBER","22","Y",,,,,
"2903","ZTBLAIS_PROD","T_AU_OLD_PARAS_FAD_BACKUP","26","TEMP_STATUS_FOR_CHANGE","NUMBER","22","Y",,,,,
"2904","ZTBLAIS_PROD","T_AU_OLD_PARAS_FAD_BACKUP","27","NATURE_OF_AUDIT","NUMBER","22","Y",,,,,
"2905","ZTBLAIS_PROD","T_AU_OLD_PARAS_FAD_BACKUP","28","ANNEX","NUMBER","22","Y",,,,,
"2906","ZTBLAIS_PROD","T_AU_OLD_PARAS_FAD_BACKUP","29","NO_OF_INSTANCES","NUMBER","22","Y",,,,,
"2907","ZTBLAIS_PROD","T_AU_OLD_PARAS_FAD_BACKUP","30","PARASTATUSUPDATEDBY","NUMBER","22","Y",,,,,
"2908","ZTBLAIS_PROD","T_AU_OLD_PARAS_FAD_BACKUP","31","PARASETTELEDON","DATE","7","Y",,,,,
"2909","ZTBLAIS_PROD","T_AU_OLD_PARAS_FAD_BACKUP","32","REVIEWED_ON","DATE","7","Y",,,,,
"2910","ZTBLAIS_PROD","T_AU_OLD_PARAS_FAD_BACKUP","33","REVIEWED_BY","NUMBER","22","Y",,,,,
"2911","ZTBLAIS_PROD","T_AU_OLD_PARAS_FAD_BACKUP","34","SETTLED_BY","NUMBER","22","Y",,,,,
"2912","ZTBLAIS_PROD","T_AU_OLD_PARAS_FAD_LOG","1","ID","NUMBER","22","Y",,,,,
"2913","ZTBLAIS_PROD","T_AU_OLD_PARAS_FAD_LOG","2","REF_P","VARCHAR2","100","Y",,,,,
"2914","ZTBLAIS_PROD","T_AU_OLD_PARAS_FAD_LOG","3","UP_TEXT_STATUS","NUMBER","22","Y",,,,,
"2915","ZTBLAIS_PROD","T_AU_OLD_PARAS_FAD_LOG","4","UP_RES_STATUS","NUMBER","22","Y",,,,,
"2916","ZTBLAIS_PROD","T_AU_OLD_PARAS_FAD_LOG","5","CREATED_BY","NUMBER","22","Y",,,,,
"2917","ZTBLAIS_PROD","T_AU_OLD_PARAS_FAD_LOG","6","CREATED_DATE","TIMESTAMP(6)","11","Y",,,,,
"2918","ZTBLAIS_PROD","T_AU_OLD_PARAS_FAD_LOG","7","REMARKS","VARCHAR2","500","Y",,,,,
"2919","ZTBLAIS_PROD","T_AU_OLD_PARAS_FAD_LOG","8","SEQUENCE","NUMBER","22","Y",,,,,
"2920","ZTBLAIS_PROD","T_AU_OLD_PARAS_FAD_LOG","9","RESP_BY","NUMBER","22","Y",,,,,
"2921","ZTBLAIS_PROD","T_AU_OLD_PARAS_FAD_LOG","10","RESP_ON","TIMESTAMP(6)","11","Y",,,,,
"2922","ZTBLAIS_PROD","T_AU_OLD_PARAS_FAD_RESPONSIBILITY_ASSIGNED","1","ID","NUMBER","22","N","SYS_C001092888","CHECK",,,
"2923","ZTBLAIS_PROD","T_AU_OLD_PARAS_FAD_RESPONSIBILITY_ASSIGNED","2","OBS_ID","NUMBER","22","N","SYS_C001092889","CHECK",,,
"2924","ZTBLAIS_PROD","T_AU_OLD_PARAS_FAD_RESPONSIBILITY_ASSIGNED","3","ASSIGNEDBY","NUMBER","22","N","SYS_C001092890","CHECK",,,
"2925","ZTBLAIS_PROD","T_AU_OLD_PARAS_FAD_RESPONSIBILITY_ASSIGNED","4","PP_NO","NUMBER","22","N","SYS_C001092891","CHECK",,,
"2926","ZTBLAIS_PROD","T_AU_OLD_PARAS_FAD_RESPONSIBILITY_ASSIGNED","5","LASTUPDATEDBY","NUMBER","22","Y",,,,,
"2927","ZTBLAIS_PROD","T_AU_OLD_PARAS_FAD_RESPONSIBILITY_ASSIGNED","6","LASTUPDATEDDATE","DATE","7","Y",,,,,
"2928","ZTBLAIS_PROD","T_AU_OLD_PARAS_FAD_RESPONSIBILITY_ASSIGNED","7","IS_ACTIVE","VARCHAR2","1","N","SYS_C001092892","CHECK",,,
"2929","ZTBLAIS_PROD","T_AU_OLD_PARAS_FAD_RESPONSIBILITY_ASSIGNED","8","REMARKS","VARCHAR2","1","Y",,,,,
"2930","ZTBLAIS_PROD","T_AU_OLD_PARAS_FAD_RESPONSIBILITY_ASSIGNED","9","LOAN_CASE","VARCHAR2","4000","Y",,,,,
"2931","ZTBLAIS_PROD","T_AU_OLD_PARAS_FAD_RESPONSIBILITY_ASSIGNED","10","ACCOUNT_NUMBER","VARCHAR2","500","Y",,,,,
"2932","ZTBLAIS_PROD","T_AU_OLD_PARAS_FAD_RESPONSIBILITY_ASSIGNED","11","LC_AMOUNT","VARCHAR2","500","Y",,,,,
"2933","ZTBLAIS_PROD","T_AU_OLD_PARAS_FAD_RESPONSIBILITY_ASSIGNED","12","AC_AMOUNT","VARCHAR2","500","Y",,,,,
"2934","ZTBLAIS_PROD","T_AU_OLD_PARAS_FAD_RESPONSIBILITY_ASSIGNED","13","REF_P","VARCHAR2","100","Y",,,,,
"2935","ZTBLAIS_PROD","T_AU_OLD_PARAS_FAD_RESPONSIBILITY_ASSIGNED","14","COM_ID","NUMBER","22","Y",,,,,
"2936","ZTBLAIS_PROD","T_AU_OLD_PARAS_FAD_RESPONSIBILITY_ASSIGNED_IMP","1","ID","NUMBER","22","N","SYS_C001093098","CHECK",,,
"2937","ZTBLAIS_PROD","T_AU_OLD_PARAS_FAD_RESPONSIBILITY_ASSIGNED_IMP","2","OBS_ID","NUMBER","22","N","SYS_C001093099","CHECK",,,
"2938","ZTBLAIS_PROD","T_AU_OLD_PARAS_FAD_RESPONSIBILITY_ASSIGNED_IMP","3","ASSIGNEDBY","NUMBER","22","N","SYS_C001093100","CHECK",,,
"2939","ZTBLAIS_PROD","T_AU_OLD_PARAS_FAD_RESPONSIBILITY_ASSIGNED_IMP","4","PP_NO","NUMBER","22","N","SYS_C001093101","CHECK",,,
"2940","ZTBLAIS_PROD","T_AU_OLD_PARAS_FAD_RESPONSIBILITY_ASSIGNED_IMP","5","LASTUPDATEDBY","NUMBER","22","Y",,,,,
"2941","ZTBLAIS_PROD","T_AU_OLD_PARAS_FAD_RESPONSIBILITY_ASSIGNED_IMP","6","LASTUPDATEDDATE","DATE","7","Y",,,,,
"2942","ZTBLAIS_PROD","T_AU_OLD_PARAS_FAD_RESPONSIBILITY_ASSIGNED_IMP","7","IS_ACTIVE","VARCHAR2","1","N","SYS_C001093102","CHECK",,,
"2943","ZTBLAIS_PROD","T_AU_OLD_PARAS_FAD_RESPONSIBILITY_ASSIGNED_IMP","8","REMARKS","VARCHAR2","1","Y",,,,,
"2944","ZTBLAIS_PROD","T_AU_OLD_PARAS_FAD_RESPONSIBILITY_ASSIGNED_IMP","9","LOAN_CASE","VARCHAR2","500","Y",,,,,
"2945","ZTBLAIS_PROD","T_AU_OLD_PARAS_FAD_RESPONSIBILITY_ASSIGNED_IMP","10","ACCOUNT_NUMBER","VARCHAR2","500","Y",,,,,
"2946","ZTBLAIS_PROD","T_AU_OLD_PARAS_FAD_RESPONSIBILITY_ASSIGNED_IMP","11","LC_AMOUNT","VARCHAR2","500","Y",,,,,
"2947","ZTBLAIS_PROD","T_AU_OLD_PARAS_FAD_RESPONSIBILITY_ASSIGNED_IMP","12","AC_AMOUNT","VARCHAR2","500","Y",,,,,
"2948","ZTBLAIS_PROD","T_AU_OLD_PARAS_FAD_RESPONSIBILITY_ASSIGNED_IMP","13","REF_P","VARCHAR2","100","Y",,,,,
"2949","ZTBLAIS_PROD","T_AU_OLD_PARAS_FAD_STATUS_CHANGE_LOG","1","ID","NUMBER","22","Y",,,,,
"2950","ZTBLAIS_PROD","T_AU_OLD_PARAS_FAD_STATUS_CHANGE_LOG","2","REF_P","VARCHAR2","100","Y",,,,,
"2951","ZTBLAIS_PROD","T_AU_OLD_PARAS_FAD_STATUS_CHANGE_LOG","3","OLD_STATUS","NUMBER","22","Y",,,,,
"2952","ZTBLAIS_PROD","T_AU_OLD_PARAS_FAD_STATUS_CHANGE_LOG","4","NEW_STATUS","NUMBER","22","Y",,,,,
"2953","ZTBLAIS_PROD","T_AU_OLD_PARAS_FAD_STATUS_CHANGE_LOG","5","CREATED_BY","NUMBER","22","Y",,,,,
"2954","ZTBLAIS_PROD","T_AU_OLD_PARAS_FAD_STATUS_CHANGE_LOG","6","CREATED_DATE","TIMESTAMP(6)","11","Y",,,,,
"2955","ZTBLAIS_PROD","T_AU_OLD_PARAS_FAD_STATUS_CHANGE_LOG","7","REMARKS","VARCHAR2","500","Y",,,,,
"2956","ZTBLAIS_PROD","T_AU_OLD_PARAS_FAD_STATUS_CHANGE_LOG","8","SEQUENCE","NUMBER","22","Y",,,,,
"2957","ZTBLAIS_PROD","T_AU_OLD_PARAS_FAD_STATUS_CHANGE_LOG","9","AUTHORIZED_ON","TIMESTAMP(6)","11","Y",,,,,
"2958","ZTBLAIS_PROD","T_AU_OLD_PARAS_FAD_STATUS_CHANGE_LOG","10","AUTHORIZED_BY","NUMBER","22","Y",,,,,
"2959","ZTBLAIS_PROD","T_AU_OLD_PARAS_FAD_STATUS_CHANGE_LOG","11","AUTHORIZED_COMMENTS","VARCHAR2","500","Y",,,,,
"2960","ZTBLAIS_PROD","T_AU_OLD_PARAS_FAD_STATUS_CHANGE_LOG","12","OBS_ID","NUMBER","22","Y",,,,,
"2961","ZTBLAIS_PROD","T_AU_OLD_PARAS_FAD_STATUS_CHANGE_LOG","13","STATUS","VARCHAR2","2","Y",,,,,
"2962","ZTBLAIS_PROD","T_AU_OLD_PARAS_FAD_TEXT","1","ID","NUMBER","22","N","SYS_C001093029","CHECK",,,
"2963","ZTBLAIS_PROD","T_AU_OLD_PARAS_FAD_TEXT","2","REF_P","VARCHAR2","1000","Y",,,,,
"2964","ZTBLAIS_PROD","T_AU_OLD_PARAS_FAD_TEXT","3","PARA_TEXT","CLOB","4000","Y",,,,,
"2965","ZTBLAIS_PROD","T_AU_OLD_PARAS_FAD_TEXT","4","HEADING","VARCHAR2","500","Y",,,,,
"2966","ZTBLAIS_PROD","T_AU_OLD_PARAS_FAD_TEXT","5","PARA_ID","NUMBER","22","Y",,,,,
"2967","ZTBLAIS_PROD","T_AU_OLD_PARAS_FAD_TEXT","6","COM_ID","NUMBER","22","Y",,,,,
"2968","ZTBLAIS_PROD","T_AU_OLD_PARAS_FAD_UPDATE_LOG","1","REF_P","VARCHAR2","100","Y",,,,,
"2969","ZTBLAIS_PROD","T_AU_OLD_PARAS_FAD_UPDATE_LOG","2","TEXT_UPDATED","NUMBER","22","Y",,,,,
"2970","ZTBLAIS_PROD","T_AU_OLD_PARAS_FAD_UPDATE_LOG","3","T_UPDATED_BY","NUMBER","22","Y",,,,,
"2971","ZTBLAIS_PROD","T_AU_OLD_PARAS_FAD_UPDATE_LOG","4","T_UPDATED_ON","TIMESTAMP(6)","11","Y",,,,,
"2972","ZTBLAIS_PROD","T_AU_OLD_PARAS_FAD_UPDATE_LOG","5","RESP_UPDATE","NUMBER","22","Y",,,,,
"2973","ZTBLAIS_PROD","T_AU_OLD_PARAS_FAD_UPDATE_LOG","6","R_UPDATED_BY","NUMBER","22","Y",,,,,
"2974","ZTBLAIS_PROD","T_AU_OLD_PARAS_FAD_UPDATE_LOG","7","R_UPDATED_ON","TIMESTAMP(6)","11","Y",,,,,
"2975","ZTBLAIS_PROD","T_AU_OLD_PARAS_FAD_UPDATE_STATUS","1","ID","NUMBER","22","Y",,,,,
"2976","ZTBLAIS_PROD","T_AU_OLD_PARAS_FAD_UPDATE_STATUS","2","STATUS","VARCHAR2","50","Y",,,,,
"2977","ZTBLAIS_PROD","T_AU_OLD_PARAS_GIST_UPDATE_LOG","1","ID","NUMBER","22","Y",,,,,
"2978","ZTBLAIS_PROD","T_AU_OLD_PARAS_GIST_UPDATE_LOG","2","REF_P","VARCHAR2","100","Y",,,,,
"2979","ZTBLAIS_PROD","T_AU_OLD_PARAS_GIST_UPDATE_LOG","3","GIST_STATUS","NUMBER","22","Y",,,,,
"2980","ZTBLAIS_PROD","T_AU_OLD_PARAS_GIST_UPDATE_LOG","4","PARA_NO_STATUS","NUMBER","22","Y",,,,,
"2981","ZTBLAIS_PROD","T_AU_OLD_PARAS_GIST_UPDATE_LOG","5","CREATED_BY","NUMBER","22","Y",,,,,
"2982","ZTBLAIS_PROD","T_AU_OLD_PARAS_GIST_UPDATE_LOG","6","CREATED_DATE","TIMESTAMP(6)","11","Y",,,,,
"2983","ZTBLAIS_PROD","T_AU_OLD_PARAS_GIST_UPDATE_LOG","7","APPROVE_BY","NUMBER","22","Y",,,,,
"2984","ZTBLAIS_PROD","T_AU_OLD_PARAS_GIST_UPDATE_LOG","8","APPROVE_ON","TIMESTAMP(6)","11","Y",,,,,
"2985","ZTBLAIS_PROD","T_AU_OLD_PARAS_GIST_UPDATE_LOG","9","GIST_PARA","VARCHAR2","1000","Y",,,,,
"2986","ZTBLAIS_PROD","T_AU_OLD_PARAS_GIST_UPDATE_LOG","10","PARA_NO_U","VARCHAR2","500","Y",,,,,
"2987","ZTBLAIS_PROD","T_AU_OLD_PARAS_POST_COMPLIANCE","1","ID","NUMBER","22","N","SYS_C001093143","CHECK",,,
"2988","ZTBLAIS_PROD","T_AU_OLD_PARAS_POST_COMPLIANCE","2","REF_P","VARCHAR2","1000","Y",,,,,
"2989","ZTBLAIS_PROD","T_AU_OLD_PARAS_POST_COMPLIANCE","3","AU_OBS_ID","NUMBER","22","Y",,,,,
"2990","ZTBLAIS_PROD","T_AU_OLD_PARAS_POST_COMPLIANCE","4","REPLY","NCLOB","4000","N","SYS_C001093144","CHECK",,,
"2991","ZTBLAIS_PROD","T_AU_OLD_PARAS_POST_COMPLIANCE","5","REPLIEDBY","NUMBER","22","N","SYS_C001093145","CHECK",,,
"2992","ZTBLAIS_PROD","T_AU_OLD_PARAS_POST_COMPLIANCE","6","REPLIEDDATE","DATE","7","N","SYS_C001093146","CHECK",,,
"2993","ZTBLAIS_PROD","T_AU_OLD_PARAS_POST_COMPLIANCE","7","REMARKS","VARCHAR2","500","Y",,,,,
"2994","ZTBLAIS_PROD","T_AU_OLD_PARAS_POST_COMPLIANCE","8","SUBMITTED","VARCHAR2","1","Y",,,,,
"2995","ZTBLAIS_PROD","T_AU_OLD_PARAS_POST_COMPLIANCE","9","AUDITEDBY","NUMBER","22","Y",,,,,
"2996","ZTBLAIS_PROD","T_AU_OLD_PARAS_POST_COMPLIANCE","10","ENTITY_ID","NUMBER","22","Y",,,,,
"2997","ZTBLAIS_PROD","T_AU_OLD_PARAS_POST_COMPLIANCE","11","C_STATUS","NUMBER","22","Y",,,,,
"2998","ZTBLAIS_PROD","T_AU_OLD_PARAS_POST_COMPLIANCE","12","SEQUENCE","NUMBER","22","Y",,,,,
"2999","ZTBLAIS_PROD","T_AU_OLD_PARAS_POST_COMPLIANCE","13","PARA_CATAGORY","VARCHAR2","10","Y",,,,,
"3000","ZTBLAIS_PROD","T_AU_OLD_PARAS_POST_COMPLIANCE","14","OLD_P_ID","NUMBER","22","Y",,,,,
"3001","ZTBLAIS_PROD","T_AU_OLD_PARAS_POST_COMPLIANCE","15","NEW_P_ID","NUMBER","22","Y",,,,,
"3002","ZTBLAIS_PROD","T_AU_OLD_PARAS_POST_COMPLIANCE_HEAD_REMARKS","1","ID","NUMBER","22","N","SYS_C001092847","CHECK",,,
"3003","ZTBLAIS_PROD","T_AU_OLD_PARAS_POST_COMPLIANCE_HEAD_REMARKS","2","REF_P","VARCHAR2","1000","Y",,,,,
"3004","ZTBLAIS_PROD","T_AU_OLD_PARAS_POST_COMPLIANCE_HEAD_REMARKS","3","AU_OBS_ID","NUMBER","22","Y",,,,,
"3005","ZTBLAIS_PROD","T_AU_OLD_PARAS_POST_COMPLIANCE_HEAD_REMARKS","4","REMARKS","VARCHAR2","500","Y",,,,,
"3006","ZTBLAIS_PROD","T_AU_OLD_PARAS_POST_COMPLIANCE_HEAD_REMARKS","5","REMARKS_ON","DATE","7","N","SYS_C001092848","CHECK",,,
"3007","ZTBLAIS_PROD","T_AU_OLD_PARAS_POST_COMPLIANCE_HEAD_REMARKS","6","ATTENDED_BY","NUMBER","22","N","SYS_C001092849","CHECK",,,
"3008","ZTBLAIS_PROD","T_AU_OLD_PARAS_POST_COMPLIANCE_HEAD_REMARKS","7","SUBMITTED","VARCHAR2","1","Y",,,,,
"3009","ZTBLAIS_PROD","T_AU_OLD_PARAS_POST_COMPLIANCE_HEAD_REMARKS","8","AUDITEDBY","NUMBER","22","Y",,,,,
"3010","ZTBLAIS_PROD","T_AU_OLD_PARAS_POST_COMPLIANCE_HEAD_REMARKS","9","ENTITY_ID","NUMBER","22","Y",,,,,
"3011","ZTBLAIS_PROD","T_AU_OLD_PARAS_POST_COMPLIANCE_HEAD_REMARKS","10","C_STATUS","NUMBER","22","Y",,,,,
"3012","ZTBLAIS_PROD","T_AU_OLD_PARAS_POST_COMPLIANCE_HEAD_REMARKS","11","SEQUENCE","NUMBER","22","Y",,,,,
"3013","ZTBLAIS_PROD","T_AU_OLD_PARAS_POST_COMPLIANCE_HEAD_REMARKS","12","COM_SEQ_ID","NUMBER","22","Y",,,,,
"3014","ZTBLAIS_PROD","T_AU_OLD_PARAS_POST_COMPLIANCE_HISTORY","1","ID","NUMBER","22","N","SYS_C001092765","CHECK",,,
"3015","ZTBLAIS_PROD","T_AU_OLD_PARAS_POST_COMPLIANCE_HISTORY","2","REF_P","VARCHAR2","1000","Y",,,,,
"3016","ZTBLAIS_PROD","T_AU_OLD_PARAS_POST_COMPLIANCE_HISTORY","3","AU_OBS_ID","NUMBER","22","Y",,,,,
"3017","ZTBLAIS_PROD","T_AU_OLD_PARAS_POST_COMPLIANCE_HISTORY","4","REMARKS","VARCHAR2","1000","Y",,,,,
"3018","ZTBLAIS_PROD","T_AU_OLD_PARAS_POST_COMPLIANCE_HISTORY","5","ATTENDED_ON","DATE","7","N","SYS_C001092766","CHECK",,,
"3019","ZTBLAIS_PROD","T_AU_OLD_PARAS_POST_COMPLIANCE_HISTORY","6","ATTENDED_BY","NUMBER","22","N","SYS_C001092767","CHECK",,,
"3020","ZTBLAIS_PROD","T_AU_OLD_PARAS_POST_COMPLIANCE_HISTORY","7","ROLEID","NUMBER","22","Y",,,,,
"3021","ZTBLAIS_PROD","T_AU_OLD_PARAS_POST_COMPLIANCE_HISTORY","8","STAGE","VARCHAR2","100","Y",,,,,
"3022","ZTBLAIS_PROD","T_AU_OLD_PARAS_POST_COMPLIANCE_HISTORY","9","AUDITEDBY","NUMBER","22","Y",,,,,
"3023","ZTBLAIS_PROD","T_AU_OLD_PARAS_POST_COMPLIANCE_HISTORY","10","ENTITY_ID","NUMBER","22","Y",,,,,
"3024","ZTBLAIS_PROD","T_AU_OLD_PARAS_POST_COMPLIANCE_HISTORY","11","C_STATUS","NUMBER","22","Y",,,,,
"3025","ZTBLAIS_PROD","T_AU_OLD_PARAS_POST_COMPLIANCE_HISTORY","12","SEQ","NUMBER","22","Y",,,,,
"3026","ZTBLAIS_PROD","T_AU_OLD_PARAS_POST_COMPLIANCE_HISTORY","13","COM_SEQ_ID","NUMBER","22","Y",,,,,
"3027","ZTBLAIS_PROD","T_AU_OLD_PARAS_POST_COMPLIANCE_HISTORY","14","PARA_CATEGORY","VARCHAR2","10","Y",,,,,
"3028","ZTBLAIS_PROD","T_AU_OLD_PARAS_POST_COMPLIANCE_HISTORY","15","OLD_P_ID","NUMBER","22","Y",,,,,
"3029","ZTBLAIS_PROD","T_AU_OLD_PARAS_POST_COMPLIANCE_HISTORY","16","NEW_P_ID","NUMBER","22","Y",,,,,
"3030","ZTBLAIS_PROD","T_AU_OLD_PARAS_RESPONSE","1","ID","NUMBER","22","N","SYS_C001092996","CHECK",,,
"3031","ZTBLAIS_PROD","T_AU_OLD_PARAS_RESPONSE","2","AU_OBS_ID","NUMBER","22","N","SYS_C001092997","CHECK",,,
"3032","ZTBLAIS_PROD","T_AU_OLD_PARAS_RESPONSE","3","REPLY","NCLOB","4000","N","SYS_C001092998","CHECK",,,
"3033","ZTBLAIS_PROD","T_AU_OLD_PARAS_RESPONSE","4","REPLIEDBY","NUMBER","22","N","SYS_C001092999","CHECK",,,
"3034","ZTBLAIS_PROD","T_AU_OLD_PARAS_RESPONSE","5","REPLIEDDATE","DATE","7","N","SYS_C001093000","CHECK",,,
"3035","ZTBLAIS_PROD","T_AU_OLD_PARAS_RESPONSE","6","LASTUPDATEDBY","NUMBER","22","Y",,,,,
"3036","ZTBLAIS_PROD","T_AU_OLD_PARAS_RESPONSE","7","LASTUPDATEDDATE","DATE","7","Y",,,,,
"3037","ZTBLAIS_PROD","T_AU_OLD_PARAS_RESPONSE","8","REMARKS","VARCHAR2","250","Y",,,,,
"3038","ZTBLAIS_PROD","T_AU_OLD_PARAS_RESPONSE","9","SUBMITTED","VARCHAR2","1","Y",,,,,
"3039","ZTBLAIS_PROD","T_AU_OLD_PARAS_RESPONSE","10","STATUS","NUMBER","22","Y",,,,,
"3040","ZTBLAIS_PROD","T_AU_OLD_PARAS_RESPONSE_EVIDENCES","1","ID","NUMBER","22","N","SYS_C001093147","CHECK",,,
"3041","ZTBLAIS_PROD","T_AU_OLD_PARAS_RESPONSE_EVIDENCES","2","PARA_REF","VARCHAR2","100","Y",,,,,
"3042","ZTBLAIS_PROD","T_AU_OLD_PARAS_RESPONSE_EVIDENCES","3","AU_OBS_ID","NUMBER","22","Y",,,,,
"3043","ZTBLAIS_PROD","T_AU_OLD_PARAS_RESPONSE_EVIDENCES","4","FILE_NAME","VARCHAR2","100","N","SYS_C001093148","CHECK",,,
"3044","ZTBLAIS_PROD","T_AU_OLD_PARAS_RESPONSE_EVIDENCES","5","LENGTH","NUMBER","22","N","SYS_C001093149","CHECK",,,
"3045","ZTBLAIS_PROD","T_AU_OLD_PARAS_RESPONSE_EVIDENCES","6","ENTEREDBY","NUMBER","22","N","SYS_C001093150","CHECK",,,
"3046","ZTBLAIS_PROD","T_AU_OLD_PARAS_RESPONSE_EVIDENCES","7","ENTEREDDATE","DATE","7","N","SYS_C001093151","CHECK",,,
"3047","ZTBLAIS_PROD","T_AU_OLD_PARAS_RESPONSE_EVIDENCES","8","SEQUENCE","NUMBER","22","N","SYS_C001093152","CHECK",,,
"3048","ZTBLAIS_PROD","T_AU_OLD_PARAS_RESPONSE_EVIDENCES","9","FILE_TYPE","VARCHAR2","250","Y",,,,,
"3049","ZTBLAIS_PROD","T_AU_OLD_PARAS_RESPONSE_EVIDENCES","10","RESPONSE_ID","NUMBER","22","N","SYS_C001093153","CHECK",,,
"3050","ZTBLAIS_PROD","T_AU_OLD_PARAS_RESPONSE_EVIDENCES","11","FILE_DATA","CLOB","4000","N","SYS_C001093154","CHECK",,,
"3051","ZTBLAIS_PROD","T_AU_OLD_PARAS_RESPONSE_EVIDENCES","12","PARA_CATEGORY","VARCHAR2","2","N","SYS_C001093155","CHECK",,,
"3052","ZTBLAIS_PROD","T_AU_OLD_PARAS_RESPONSE_FAD","1","ID","NUMBER","22","N","SYS_C001093030","CHECK",,,
"3053","ZTBLAIS_PROD","T_AU_OLD_PARAS_RESPONSE_FAD","2","REF_P","VARCHAR2","1000","N","SYS_C001093031","CHECK",,,
"3054","ZTBLAIS_PROD","T_AU_OLD_PARAS_RESPONSE_FAD","3","REPLY","NCLOB","4000","N","SYS_C001093032","CHECK",,,
"3055","ZTBLAIS_PROD","T_AU_OLD_PARAS_RESPONSE_FAD","4","REPLIEDBY","NUMBER","22","N","SYS_C001093033","CHECK",,,
"3056","ZTBLAIS_PROD","T_AU_OLD_PARAS_RESPONSE_FAD","5","REPLIEDDATE","DATE","7","N","SYS_C001093034","CHECK",,,
"3057","ZTBLAIS_PROD","T_AU_OLD_PARAS_RESPONSE_FAD","6","LASTUPDATEDBY","NUMBER","22","Y",,,,,
"3058","ZTBLAIS_PROD","T_AU_OLD_PARAS_RESPONSE_FAD","7","LASTUPDATEDDATE","DATE","7","Y",,,,,
"3059","ZTBLAIS_PROD","T_AU_OLD_PARAS_RESPONSE_FAD","8","REMARKS","VARCHAR2","250","Y",,,,,
"3060","ZTBLAIS_PROD","T_AU_OLD_PARAS_RESPONSE_FAD","9","SUBMITTED","VARCHAR2","1","Y",,,,,
"3061","ZTBLAIS_PROD","T_AU_OLD_PARAS_RESPONSE_FAD","10","AUDITEDBY","NUMBER","22","Y",,,,,
"3062","ZTBLAIS_PROD","T_AU_OLD_PARAS_RESPONSE_FAD","11","ENTITY_ID","NUMBER","22","Y",,,,,
"3063","ZTBLAIS_PROD","T_AU_OLD_PARAS_RESPONSE_FAD","12","C_STATUS","NUMBER","22","Y",,,,,
"3064","ZTBLAIS_PROD","T_AU_OLD_PARAS_RESPONSE_FAD","13","EVIDENCE_ID","NUMBER","22","Y",,,,,
"3065","ZTBLAIS_PROD","T_AU_OLD_PARAS_RESPONSE_FAD","14","REVIEWED_BY","NUMBER","22","Y",,,,,
"3066","ZTBLAIS_PROD","T_AU_OLD_PARAS_RESPONSE_FAD","15","REVIEWER_REMARKS","VARCHAR2","250","Y",,,,,
"3067","ZTBLAIS_PROD","T_AU_OLD_PARAS_RESPONSE_FAD","16","REVIEWER_RECOMMENDATION","VARCHAR2","1","Y",,,,,
"3068","ZTBLAIS_PROD","T_AU_OLD_PARAS_RESPONSE_FAD_AUDITOR_RESPONSE","1","ID","NUMBER","22","N","SYS_C001093247","CHECK",,,
"3069","ZTBLAIS_PROD","T_AU_OLD_PARAS_RESPONSE_FAD_AUDITOR_RESPONSE","2","REF_P","VARCHAR2","500","Y",,,,,
"3070","ZTBLAIS_PROD","T_AU_OLD_PARAS_RESPONSE_FAD_AUDITOR_RESPONSE","3","AU_OBS_ID","NUMBER","22","Y",,,,,
"3071","ZTBLAIS_PROD","T_AU_OLD_PARAS_RESPONSE_FAD_AUDITOR_RESPONSE","4","IMP_REMARKS","VARCHAR2","500","Y",,,,,
"3072","ZTBLAIS_PROD","T_AU_OLD_PARAS_RESPONSE_FAD_AUDITOR_RESPONSE","5","IMP_OFFICER","NUMBER","22","Y",,,,,
"3073","ZTBLAIS_PROD","T_AU_OLD_PARAS_RESPONSE_FAD_AUDITOR_RESPONSE","6","REVIEWDATE","DATE","7","N","SYS_C001093248","CHECK",,,
"3074","ZTBLAIS_PROD","T_AU_OLD_PARAS_RESPONSE_FAD_AUDITOR_RESPONSE","7","INCHARGE","NUMBER","22","Y",,,,,
"3075","ZTBLAIS_PROD","T_AU_OLD_PARAS_RESPONSE_FAD_AUDITOR_RESPONSE","8","LASTUPDATEDDATE","DATE","7","Y",,,,,
"3076","ZTBLAIS_PROD","T_AU_OLD_PARAS_RESPONSE_FAD_AUDITOR_RESPONSE","9","OBS_TEXT_ID","NUMBER","22","Y",,,,,
"3077","ZTBLAIS_PROD","T_AU_OLD_PARAS_RESPONSE_FAD_AUDITOR_RESPONSE","10","REMARKS","VARCHAR2","250","Y",,,,,
"3078","ZTBLAIS_PROD","T_AU_OLD_PARAS_RESPONSE_FAD_AUDITOR_RESPONSE","11","SUBMITTED","VARCHAR2","1","Y",,,,,
"3079","ZTBLAIS_PROD","T_AU_OLD_PARAS_RESPONSE_FAD_AUDITOR_RESPONSE","12","STATUS","NUMBER","22","Y",,,,,
"3080","ZTBLAIS_PROD","T_AU_OLD_PARAS_RESPONSE_FAD_STATUS","1","STATUSID","NUMBER","22","N","SYS_C001092946","CHECK",,,
"3081","ZTBLAIS_PROD","T_AU_OLD_PARAS_RESPONSE_FAD_STATUS","2","STATUSNAME","VARCHAR2","100","N","SYS_C001092947","CHECK",,,
"3082","ZTBLAIS_PROD","T_AU_OLD_PARAS_RESPONSE_FAD_STATUS","3","ISACTIVE","VARCHAR2","1","N","SYS_C001092948","CHECK",,,
"3083","ZTBLAIS_PROD","T_AU_OLD_PARAS_RESPONSE_FAD_STATUS","4","CODE","NUMBER","22","N","SYS_C001092949","CHECK",,,
"3084","ZTBLAIS_PROD","T_AU_OLD_PARAS_RESPONSE_FAD_STATUS","5","SATISFIED","VARCHAR2","1","Y",,,,,
"3085","ZTBLAIS_PROD","T_AU_OLD_PARAS_RESPONSE_IMP_REMARKS","1","ID","NUMBER","22","N","SYS_C001092944","CHECK",,,
"3086","ZTBLAIS_PROD","T_AU_OLD_PARAS_RESPONSE_IMP_REMARKS","2","REF_P","VARCHAR2","500","Y",,,,,
"3087","ZTBLAIS_PROD","T_AU_OLD_PARAS_RESPONSE_IMP_REMARKS","3","AU_OBS_ID","NUMBER","22","Y",,,,,
"3088","ZTBLAIS_PROD","T_AU_OLD_PARAS_RESPONSE_IMP_REMARKS","4","IMP_REMARKS","VARCHAR2","500","Y",,,,,
"3089","ZTBLAIS_PROD","T_AU_OLD_PARAS_RESPONSE_IMP_REMARKS","5","IMP_OFFICER","NUMBER","22","Y",,,,,
"3090","ZTBLAIS_PROD","T_AU_OLD_PARAS_RESPONSE_IMP_REMARKS","6","REMARKS_ON","DATE","7","N","SYS_C001092945","CHECK",,,
"3091","ZTBLAIS_PROD","T_AU_OLD_PARAS_RESPONSE_IMP_REMARKS","7","SUBMITTED","VARCHAR2","1","Y",,,,,
"3092","ZTBLAIS_PROD","T_AU_OLD_PARAS_RESPONSE_IMP_REMARKS","8","STATUS","NUMBER","22","Y",,,,,
"3093","ZTBLAIS_PROD","T_AU_OLD_PARAS_RESPONSE_IMP_REMARKS","9","SEQUENCE","NUMBER","22","Y",,,,,
"3094","ZTBLAIS_PROD","T_AU_OLD_PARAS_RESPONSE_IMP_REMARKS","10","ENTITY_ID","NUMBER","22","Y",,,,,
"3095","ZTBLAIS_PROD","T_AU_OLD_PARAS_RESPONSE_IMP_REMARKS","11","COM_SEQ_ID","NUMBER","22","Y",,,,,
"3096","ZTBLAIS_PROD","T_AU_OLD_PARAS_RESPONSE_SVP_AZ_REMARKS","1","ID","NUMBER","22","N","SYS_C001092806","CHECK",,,
"3097","ZTBLAIS_PROD","T_AU_OLD_PARAS_RESPONSE_SVP_AZ_REMARKS","2","REF_P","VARCHAR2","500","Y",,,,,
"3098","ZTBLAIS_PROD","T_AU_OLD_PARAS_RESPONSE_SVP_AZ_REMARKS","3","AU_OBS_ID","NUMBER","22","Y",,,,,
"3099","ZTBLAIS_PROD","T_AU_OLD_PARAS_RESPONSE_SVP_AZ_REMARKS","4","HEAD_REMARKS","VARCHAR2","500","Y",,,,,
"3100","ZTBLAIS_PROD","T_AU_OLD_PARAS_RESPONSE_SVP_AZ_REMARKS","5","HEAD_AZ","NUMBER","22","Y",,,,,
"3101","ZTBLAIS_PROD","T_AU_OLD_PARAS_RESPONSE_SVP_AZ_REMARKS","6","REMARKS_ON","DATE","7","N","SYS_C001092807","CHECK",,,
"3102","ZTBLAIS_PROD","T_AU_OLD_PARAS_RESPONSE_SVP_AZ_REMARKS","7","STATUS","NUMBER","22","Y",,,,,
"3103","ZTBLAIS_PROD","T_AU_OLD_PARAS_RESPONSE_SVP_AZ_REMARKS","8","SEQUENCE","NUMBER","22","Y",,,,,
"3104","ZTBLAIS_PROD","T_AU_OLD_PARAS_RESPONSE_SVP_AZ_REMARKS","9","ENTITY_ID","NUMBER","22","Y",,,,,
"3105","ZTBLAIS_PROD","T_AU_OLD_PARAS_RESPONSE_SVP_AZ_REMARKS","10","COM_SEQ_ID","NUMBER","22","Y",,,,,
"3106","ZTBLAIS_PROD","T_AU_OLD_PARAS_RESPONSE_TEXT","1","ID","NUMBER","22","N","SYS_C001092994","CHECK",,,
"3107","ZTBLAIS_PROD","T_AU_OLD_PARAS_RESPONSE_TEXT","2","OBSERVATSION_ID","NUMBER","22","N","SYS_C001092995","CHECK",,,
"3108","ZTBLAIS_PROD","T_AU_OLD_PARAS_RESPONSE_TEXT","3","TEXT","NCLOB","4000","Y",,,,,
"3109","ZTBLAIS_PROD","T_AU_OLD_PARAS_RESPONSE_TEXT","4","REMARKS","VARCHAR2","250","Y",,,,,
"3110","ZTBLAIS_PROD","T_AU_OLD_PARAS_RESPONSE_TEXT","5","ENTEREDBY","NUMBER","22","Y",,,,,
"3111","ZTBLAIS_PROD","T_AU_OLD_PARAS_RESPONSE_TEXT","6","ENTEREDDATE","DATE","7","Y",,,,,
"3112","ZTBLAIS_PROD","T_AU_OLD_PARAS_RESPONSE_TEXT","7","LASTUPDATEDBY","NUMBER","22","Y",,,,,
"3113","ZTBLAIS_PROD","T_AU_OLD_PARAS_RESPONSE_TEXT","8","LASTUPDATEDDATE","DATE","7","Y",,,,,
"3114","ZTBLAIS_PROD","T_AU_OLD_PARAS_RESPONSE_TEXT","9","TEXT_PLAIN","NCLOB","4000","Y",,,,,
"3115","ZTBLAIS_PROD","T_AU_PAGE_API_MAP","1","MAP_ID","NUMBER","22","N","SYS_C001125038","CHECK",,,
"3116","ZTBLAIS_PROD","T_AU_PAGE_API_MAP","1","MAP_ID","NUMBER","22","N","SYS_C001125039","PRIMARY KEY",,,
"3117","ZTBLAIS_PROD","T_AU_PAGE_API_MAP","2","PG_ID","NUMBER","22","Y",,,,,
"3118","ZTBLAIS_PROD","T_AU_PAGE_API_MAP","3","PG_KEY","VARCHAR2","200","Y",,,,,
"3119","ZTBLAIS_PROD","T_AU_PAGE_API_MAP","4","MENU_NAME","VARCHAR2","200","Y",,,,,
"3120","ZTBLAIS_PROD","T_AU_PAGE_API_MAP","5","VIEW_NAME","VARCHAR2","200","Y",,,,,
"3121","ZTBLAIS_PROD","T_AU_PAGE_API_MAP","6","CONTROLLER_NAME","VARCHAR2","100","Y",,,,,
"3122","ZTBLAIS_PROD","T_AU_PAGE_API_MAP","7","ACTION_NAME","VARCHAR2","100","Y",,,,,
"3123","ZTBLAIS_PROD","T_AU_PAGE_API_MAP","8","HTTP_METHOD","VARCHAR2","10","Y",,,,,
"3124","ZTBLAIS_PROD","T_AU_PAGE_API_MAP","9","CALL_TYPE","VARCHAR2","20","Y",,,,,
"3125","ZTBLAIS_PROD","T_AU_PAGE_API_MAP","10","SOURCE_TYPE","VARCHAR2","20","Y",,,,,
"3126","ZTBLAIS_PROD","T_AU_PAGE_API_MAP","11","CONFIDENCE_LEVEL","VARCHAR2","20","Y",,,,,
"3127","ZTBLAIS_PROD","T_AU_PAGE_API_MAP","12","APICALLS","VARCHAR2","500","Y",,,,,
"3128","ZTBLAIS_PROD","T_AU_PAGE_API_MAP","13","IS_ACTIVE","CHAR","1","Y",,,,,
"3129","ZTBLAIS_PROD","T_AU_PAGE_API_MAP","14","CREATED_ON","DATE","7","Y",,,,,
"3130","ZTBLAIS_PROD","T_AU_PAGE_API_MAP","15","CREATED_BY","NUMBER","22","Y",,,,,
"3131","ZTBLAIS_PROD","T_AU_PARAS_STATUS_CHANGE_LOG","1","COM_ID","NUMBER","22","Y",,,,,
"3132","ZTBLAIS_PROD","T_AU_PARAS_STATUS_CHANGE_LOG","2","NEW_PARA_ID","NUMBER","22","Y",,,,,
"3133","ZTBLAIS_PROD","T_AU_PARAS_STATUS_CHANGE_LOG","3","OLD_PARA_ID","NUMBER","22","Y",,,,,
"3134","ZTBLAIS_PROD","T_AU_PARAS_STATUS_CHANGE_LOG","4","OLD_STATUS","NUMBER","22","Y",,,,,
"3135","ZTBLAIS_PROD","T_AU_PARAS_STATUS_CHANGE_LOG","5","IND","VARCHAR2","2","Y",,,,,
"3136","ZTBLAIS_PROD","T_AU_PARAS_STATUS_CHANGE_LOG","6","NEW_STATUS","NUMBER","22","Y",,,,,
"3137","ZTBLAIS_PROD","T_AU_PARAS_STATUS_CHANGE_LOG","7","CREATED_BY","NUMBER","22","Y",,,,,
"3138","ZTBLAIS_PROD","T_AU_PARAS_STATUS_CHANGE_LOG","8","CREATED_DATE","TIMESTAMP(6)","11","Y",,,,,
"3139","ZTBLAIS_PROD","T_AU_PARAS_STATUS_CHANGE_LOG","9","REMARKS","VARCHAR2","500","Y",,,,,
"3140","ZTBLAIS_PROD","T_AU_PARAS_STATUS_CHANGE_LOG","10","ACTION","VARCHAR2","2","Y",,,,,
"3141","ZTBLAIS_PROD","T_AU_PARAS_STATUS_CHANGE_LOG","11","AUTHORIZED_ON","TIMESTAMP(6)","11","Y",,,,,
"3142","ZTBLAIS_PROD","T_AU_PARAS_STATUS_CHANGE_LOG","12","AUTHORIZED_BY","NUMBER","22","Y",,,,,
"3143","ZTBLAIS_PROD","T_AU_PARAS_STATUS_CHANGE_LOG","13","AUTHORIZED_COMMENTS","VARCHAR2","500","Y",,,,,
"3144","ZTBLAIS_PROD","T_AU_PARAS_STATUS_CHANGE_LOG","14","STATUS","VARCHAR2","2","Y",,,,,
"3145","ZTBLAIS_PROD","T_AU_PERIOD","1","AUDITPERIODID","NUMBER","22","N","AUDITPERIOD","PRIMARY KEY",,,
"3146","ZTBLAIS_PROD","T_AU_PERIOD","2","DESCRIPTION","VARCHAR2","250","Y",,,,,
"3147","ZTBLAIS_PROD","T_AU_PERIOD","3","START_DATE","DATE","7","Y",,,,,
"3148","ZTBLAIS_PROD","T_AU_PERIOD","4","END_DATE","DATE","7","Y",,,,,
"3149","ZTBLAIS_PROD","T_AU_PERIOD","5","STATUS_ID","NUMBER","22","Y",,,,,
"3150","ZTBLAIS_PROD","T_AU_PERIOD_STATUS","1","ID","NUMBER","22","Y",,,,,
"3151","ZTBLAIS_PROD","T_AU_PERIOD_STATUS","2","STATUS","VARCHAR2","50","Y",,,,,
"3152","ZTBLAIS_PROD","T_AU_PLAN","1","ID","NUMBER","22","N","PLANID_PK","PRIMARY KEY",,,
"3153","ZTBLAIS_PROD","T_AU_PLAN","1","ID","NUMBER","22","N","SYS_C001093078","CHECK",,,
"3154","ZTBLAIS_PROD","T_AU_PLAN","2","CRITERIA_ID","NUMBER","22","N","CRITERIAID_FK","FOREIGN KEY",,,
"3155","ZTBLAIS_PROD","T_AU_PLAN","2","CRITERIA_ID","NUMBER","22","N","SYS_C001093079","CHECK",,,
"3156","ZTBLAIS_PROD","T_AU_PLAN","3","AUDITPERIODID","NUMBER","22","N","PERIODID_FK","FOREIGN KEY",,,
"3157","ZTBLAIS_PROD","T_AU_PLAN","3","AUDITPERIODID","NUMBER","22","N","SYS_C001093080","CHECK",,,
"3158","ZTBLAIS_PROD","T_AU_PLAN","4","AUDITEDBY","NUMBER","22","N","SYS_C001093081","CHECK",,,
"3159","ZTBLAIS_PROD","T_AU_PLAN","5","ENTITY_ID","NUMBER","22","N","SYS_C001093082","CHECK",,,
"3160","ZTBLAIS_PROD","T_AU_PLAN","6","ENTITY_CODE","NUMBER","22","N","SYS_C001093083","CHECK",,,
"3161","ZTBLAIS_PROD","T_AU_PLAN","7","AUDITEE_RISK","NUMBER","22","N","SYS_C001093084","CHECK",,,
"3162","ZTBLAIS_PROD","T_AU_PLAN","8","AUDITEE_SIZE","NUMBER","22","N","SYS_C001093085","CHECK",,,
"3163","ZTBLAIS_PROD","T_AU_PLAN","9","NO_OF_DAYS","NUMBER","22","N","SYS_C001093086","CHECK",,,
"3164","ZTBLAIS_PROD","T_AU_PLAN","10","F_ID","NUMBER","22","Y",,,,,
"3165","ZTBLAIS_PROD","T_AU_PLAN","11","COST_CENTER","NUMBER","22","Y",,,,,
"3166","ZTBLAIS_PROD","T_AU_PLAN","12","FR_ID","NUMBER","22","N","SYS_C001093087","CHECK",,,
"3167","ZTBLAIS_PROD","T_AU_PLAN","13","ENTITY_TYPEID","NUMBER","22","Y",,,,,
"3168","ZTBLAIS_PROD","T_AU_PLAN","14","ROW_ID","NUMBER","22","Y",,,,,
"3169","ZTBLAIS_PROD","T_AU_PLAN","15","STATUS","NUMBER","22","Y",,,,,
"3170","ZTBLAIS_PROD","T_AU_PLAN","16","NATURE_ID","NUMBER","22","Y",,,,,
"3171","ZTBLAIS_PROD","T_AU_PLAN_ENG","1","ENG_ID","NUMBER","22","N","ENGID_PK","PRIMARY KEY",,,
"3172","ZTBLAIS_PROD","T_AU_PLAN_ENG","1","ENG_ID","NUMBER","22","N","SYS_C001092790","CHECK",,,
"3173","ZTBLAIS_PROD","T_AU_PLAN_ENG","2","PERIOD_ID","NUMBER","22","N","PERIOD_ID","FOREIGN KEY",,,
"3174","ZTBLAIS_PROD","T_AU_PLAN_ENG","2","PERIOD_ID","NUMBER","22","N","SYS_C001092791","CHECK",,,
"3175","ZTBLAIS_PROD","T_AU_PLAN_ENG","3","ENTITY_TYPE","NUMBER","22","Y",,,,,
"3176","ZTBLAIS_PROD","T_AU_PLAN_ENG","4","AUDITBY_ID","NUMBER","22","Y",,,,,
"3177","ZTBLAIS_PROD","T_AU_PLAN_ENG","5","AUDIT_STARTDATE","DATE","7","N","SYS_C001092792","CHECK",,,
"3178","ZTBLAIS_PROD","T_AU_PLAN_ENG","6","AUDIT_ENDDATE","DATE","7","N","SYS_C001092793","CHECK",,,
"3179","ZTBLAIS_PROD","T_AU_PLAN_ENG","7","CREATEDBY","NUMBER","22","N","SYS_C001092794","CHECK",,,
"3180","ZTBLAIS_PROD","T_AU_PLAN_ENG","8","CREATED_ON","DATE","7","N","SYS_C001092795","CHECK",,,
"3181","ZTBLAIS_PROD","T_AU_PLAN_ENG","9","LASTUPDATEDBY","NUMBER","22","Y",,,,,
"3182","ZTBLAIS_PROD","T_AU_PLAN_ENG","10","LASTUPDATEDDATE","DATE","7","Y",,,,,
"3183","ZTBLAIS_PROD","T_AU_PLAN_ENG","11","TEAM_NAME","VARCHAR2","100","N","SYS_C001092796","CHECK",,,
"3184","ZTBLAIS_PROD","T_AU_PLAN_ENG","12","STATUS","NUMBER","22","Y",,,,,
"3185","ZTBLAIS_PROD","T_AU_PLAN_ENG","13","TEAM_ID","NUMBER","22","Y",,,,,
"3186","ZTBLAIS_PROD","T_AU_PLAN_ENG","14","ENTITY_ID","NUMBER","22","Y",,,,,
"3187","ZTBLAIS_PROD","T_AU_PLAN_ENG","15","ENTITY_CODE","NUMBER","22","Y",,,,,
"3188","ZTBLAIS_PROD","T_AU_PLAN_ENG","16","PLAN_ID","NUMBER","22","Y","PLANID_FK","FOREIGN KEY",,,
"3189","ZTBLAIS_PROD","T_AU_PLAN_ENG","17","OPERATION_STARTDATE","DATE","7","Y",,,,,
"3190","ZTBLAIS_PROD","T_AU_PLAN_ENG","18","OPERATION_ENDDATE","DATE","7","Y",,,,,
"3191","ZTBLAIS_PROD","T_AU_PLAN_ENG","19","TRAVEL_DAY","NUMBER","22","Y",,,,,
"3192","ZTBLAIS_PROD","T_AU_PLAN_ENG","20","REVENUE_RECORD_DAY","NUMBER","22","Y",,,,,
"3193","ZTBLAIS_PROD","T_AU_PLAN_ENG","21","DISCUSSION_DAY","NUMBER","22","Y",,,,,
"3194","ZTBLAIS_PROD","T_AU_PLAN_ENG","22","BRANCH_CODE","VARCHAR2","50","Y",,,,,
"3195","ZTBLAIS_PROD","T_AU_PLAN_ENG_BACKUP","1","ENG_ID","NUMBER","22","N","SYS_C001092974","CHECK",,,
"3196","ZTBLAIS_PROD","T_AU_PLAN_ENG_BACKUP","2","PERIOD_ID","NUMBER","22","N","SYS_C001092975","CHECK",,,
"3197","ZTBLAIS_PROD","T_AU_PLAN_ENG_BACKUP","3","ENTITY_TYPE","NUMBER","22","Y",,,,,
"3198","ZTBLAIS_PROD","T_AU_PLAN_ENG_BACKUP","4","AUDITBY_ID","NUMBER","22","Y",,,,,
"3199","ZTBLAIS_PROD","T_AU_PLAN_ENG_BACKUP","5","AUDIT_STARTDATE","DATE","7","N","SYS_C001092976","CHECK",,,
"3200","ZTBLAIS_PROD","T_AU_PLAN_ENG_BACKUP","6","AUDIT_ENDDATE","DATE","7","N","SYS_C001092977","CHECK",,,
"3201","ZTBLAIS_PROD","T_AU_PLAN_ENG_BACKUP","7","CREATEDBY","NUMBER","22","N","SYS_C001092978","CHECK",,,
"3202","ZTBLAIS_PROD","T_AU_PLAN_ENG_BACKUP","8","CREATED_ON","DATE","7","N","SYS_C001092979","CHECK",,,
"3203","ZTBLAIS_PROD","T_AU_PLAN_ENG_BACKUP","9","LASTUPDATEDBY","NUMBER","22","Y",,,,,
"3204","ZTBLAIS_PROD","T_AU_PLAN_ENG_BACKUP","10","LASTUPDATEDDATE","DATE","7","Y",,,,,
"3205","ZTBLAIS_PROD","T_AU_PLAN_ENG_BACKUP","11","TEAM_NAME","VARCHAR2","100","N","SYS_C001092980","CHECK",,,
"3206","ZTBLAIS_PROD","T_AU_PLAN_ENG_BACKUP","12","STATUS","NUMBER","22","Y",,,,,
"3207","ZTBLAIS_PROD","T_AU_PLAN_ENG_BACKUP","13","TEAM_ID","NUMBER","22","Y",,,,,
"3208","ZTBLAIS_PROD","T_AU_PLAN_ENG_BACKUP","14","ENTITY_ID","NUMBER","22","Y",,,,,
"3209","ZTBLAIS_PROD","T_AU_PLAN_ENG_BACKUP","15","ENTITY_CODE","NUMBER","22","Y",,,,,
"3210","ZTBLAIS_PROD","T_AU_PLAN_ENG_BACKUP","16","PLAN_ID","NUMBER","22","Y",,,,,
"3211","ZTBLAIS_PROD","T_AU_PLAN_ENG_BACKUP","17","OPERATION_STARTDATE","DATE","7","Y",,,,,
"3212","ZTBLAIS_PROD","T_AU_PLAN_ENG_BACKUP","18","OPERATION_ENDDATE","DATE","7","Y",,,,,
"3213","ZTBLAIS_PROD","T_AU_PLAN_ENG_BACKUP","19","TRAVEL_DAY","NUMBER","22","Y",,,,,
"3214","ZTBLAIS_PROD","T_AU_PLAN_ENG_BACKUP","20","REVENUE_RECORD_DAY","NUMBER","22","Y",,,,,
"3215","ZTBLAIS_PROD","T_AU_PLAN_ENG_BACKUP","21","DISCUSSION_DAY","NUMBER","22","Y",,,,,
"3216","ZTBLAIS_PROD","T_AU_PLAN_ENG_BACKUP","22","BRANCH_CODE","VARCHAR2","50","Y",,,,,
"3217","ZTBLAIS_PROD","T_AU_PLAN_ENG_LOG","1","ID","NUMBER","22","Y",,,,,
"3218","ZTBLAIS_PROD","T_AU_PLAN_ENG_LOG","2","E_ID","NUMBER","22","Y",,,,,
"3219","ZTBLAIS_PROD","T_AU_PLAN_ENG_LOG","3","STATUS_ID","NUMBER","22","Y",,,,,
"3220","ZTBLAIS_PROD","T_AU_PLAN_ENG_LOG","4","CREATEDBY_ID","NUMBER","22","Y",,,,,
"3221","ZTBLAIS_PROD","T_AU_PLAN_ENG_LOG","5","CREATED_ON","DATE","7","N","SYS_C001092712","CHECK",,,
"3222","ZTBLAIS_PROD","T_AU_PLAN_ENG_LOG","6","REMARKS","VARCHAR2","300","Y",,,,,
"3223","ZTBLAIS_PROD","T_AU_PLAN_ENG_LOG","7","UPDATED_BY","NUMBER","22","Y",,,,,
"3224","ZTBLAIS_PROD","T_AU_PLAN_ENG_LOG","8","LAST_UPDATED_ON","DATE","7","Y",,,,,
"3225","ZTBLAIS_PROD","T_AU_PLAN_ENG_LOG","9","COMMENTS","VARCHAR2","300","Y",,,,,
"3226","ZTBLAIS_PROD","T_AU_PLAN_ENG_STATUS","1","ID","NUMBER","22","Y",,,,,
"3227","ZTBLAIS_PROD","T_AU_PLAN_ENG_STATUS","2","STATUS","VARCHAR2","50","Y",,,,,
"3228","ZTBLAIS_PROD","T_AU_PLAN_ENG_STATUS_MAPPING","1","ID","NUMBER","22","Y",,,,,
"3229","ZTBLAIS_PROD","T_AU_PLAN_ENG_STATUS_MAPPING","2","E_ID","NUMBER","22","Y",,,,,
"3230","ZTBLAIS_PROD","T_AU_PLAN_ENG_STATUS_MAPPING","3","STATUS_ID","NUMBER","22","Y",,,,,
"3231","ZTBLAIS_PROD","T_AU_PLAN_FREQUENCY","1","ID","NUMBER","22","N","SYS_C001092981","CHECK",,,
"3232","ZTBLAIS_PROD","T_AU_PLAN_FREQUENCY","2","FREQUENCY_DISCRIPTION","VARCHAR2","100","N","SYS_C001092982","CHECK",,,
"3233","ZTBLAIS_PROD","T_AU_PLAN_FREQUENCY","3","STATUS","VARCHAR2","2","N","SYS_C001092983","CHECK",,,
"3234","ZTBLAIS_PROD","T_AU_PLAN_FREQUENCY","4","F_ID","NUMBER","22","Y",,,,,
"3235","ZTBLAIS_PROD","T_AU_PLAN_LOG","1","ID","NUMBER","22","Y",,,,,
"3236","ZTBLAIS_PROD","T_AU_PLAN_LOG","2","P_ID","NUMBER","22","Y",,,,,
"3237","ZTBLAIS_PROD","T_AU_PLAN_LOG","3","STATUS_ID","NUMBER","22","Y",,,,,
"3238","ZTBLAIS_PROD","T_AU_PLAN_LOG","4","CREATEDBY_ID","NUMBER","22","Y",,,,,
"3239","ZTBLAIS_PROD","T_AU_PLAN_LOG","5","CREATED_ON","DATE","7","N","SYS_C001092950","CHECK",,,
"3240","ZTBLAIS_PROD","T_AU_PLAN_LOG","6","REMARKS","VARCHAR2","300","Y",,,,,
"3241","ZTBLAIS_PROD","T_AU_PLAN_LOG","7","UPDATED_BY","NUMBER","22","Y",,,,,
"3242","ZTBLAIS_PROD","T_AU_PLAN_LOG","8","LAST_UPDATED_ON","DATE","7","Y",,,,,
"3243","ZTBLAIS_PROD","T_AU_PLAN_STATUS","1","ID","NUMBER","22","Y",,,,,
"3244","ZTBLAIS_PROD","T_AU_PLAN_STATUS","2","STATUS","VARCHAR2","50","Y",,,,,
"3245","ZTBLAIS_PROD","T_AU_PLAN_STATUS_MAPPING","1","ID","NUMBER","22","Y",,,,,
"3246","ZTBLAIS_PROD","T_AU_PLAN_STATUS_MAPPING","2","P_ID","NUMBER","22","Y",,,,,
"3247","ZTBLAIS_PROD","T_AU_PLAN_STATUS_MAPPING","3","STATUS_ID","NUMBER","22","Y",,,,,
"3248","ZTBLAIS_PROD","T_AU_POST_COMPLIANCE_FAD_PARA_TEXT","1","ID","NUMBER","22","N","SYS_C001093142","CHECK",,,
"3249","ZTBLAIS_PROD","T_AU_POST_COMPLIANCE_FAD_PARA_TEXT","2","REF_P","VARCHAR2","1000","Y",,,,,
"3250","ZTBLAIS_PROD","T_AU_POST_COMPLIANCE_FAD_PARA_TEXT","3","PARA_TEXT","CLOB","4000","Y",,,,,
"3251","ZTBLAIS_PROD","T_AU_POST_COMPLIANCE_FAD_PARA_TEXT","4","FLAG","VARCHAR2","2","Y",,,,,
"3252","ZTBLAIS_PROD","T_AU_POST_COMPLIANCE_FAD_PARA_TEXT","5","COMPLIANCE_STAGE","NUMBER","22","Y",,,,,
"3253","ZTBLAIS_PROD","T_AU_POST_COMPLIANCE_FAD_PARA_TEXT","6","PARA_CATEGORY","VARCHAR2","2","Y",,,,,
"3254","ZTBLAIS_PROD","T_AU_POST_COMPLIANCE_FAD_PARA_TEXT_PARTIAL_COMP","1","ID","NUMBER","22","N","SYS_C001093156","CHECK",,,
"3255","ZTBLAIS_PROD","T_AU_POST_COMPLIANCE_FAD_PARA_TEXT_PARTIAL_COMP","2","REF_P","VARCHAR2","1000","Y",,,,,
"3256","ZTBLAIS_PROD","T_AU_POST_COMPLIANCE_FAD_PARA_TEXT_PARTIAL_COMP","3","AU_OBS_ID","NUMBER","22","Y",,,,,
"3257","ZTBLAIS_PROD","T_AU_POST_COMPLIANCE_FAD_PARA_TEXT_PARTIAL_COMP","4","PARA_TEXT","CLOB","4000","Y",,,,,
"3258","ZTBLAIS_PROD","T_AU_POST_COMPLIANCE_FAD_PARA_TEXT_PARTIAL_COMP","5","PARA_CATEGORY","VARCHAR2","2","Y",,,,,
"3259","ZTBLAIS_PROD","T_AU_POST_COMPLIANCE_FLOW","1","ID","NUMBER","22","Y",,,,,
"3260","ZTBLAIS_PROD","T_AU_POST_COMPLIANCE_FLOW","2","ENTITY_TYPE","NUMBER","22","Y",,,,,
"3261","ZTBLAIS_PROD","T_AU_POST_COMPLIANCE_FLOW","3","ROLE_ID","NUMBER","22","Y",,,,,
"3262","ZTBLAIS_PROD","T_AU_POST_COMPLIANCE_FLOW","4","NEXT_R_ID","NUMBER","22","Y",,,,,
"3263","ZTBLAIS_PROD","T_AU_POST_COMPLIANCE_FLOW","5","PER_R_ID","NUMBER","22","Y",,,,,
"3264","ZTBLAIS_PROD","T_AU_POST_COMPLIANCE_FLOW","6","C_STATUS_UP","NUMBER","22","Y",,,,,
"3265","ZTBLAIS_PROD","T_AU_POST_COMPLIANCE_FLOW","7","C_STATUS_DOWN","NUMBER","22","Y",,,,,
"3266","ZTBLAIS_PROD","T_AU_POST_COMPLIANCE_FLOW","8","SETTLEMENT_POWER","VARCHAR2","50","Y",,,,,
"3267","ZTBLAIS_PROD","T_AU_POST_COMPLIANCE_FLOW","9","ACTIVE","CHAR","2","Y",,,,,
"3268","ZTBLAIS_PROD","T_AU_POST_COMPLIANCE_SETTLEMETMENT_HISTORY","1","ID","NUMBER","22","Y",,,,,
"3269","ZTBLAIS_PROD","T_AU_POST_COMPLIANCE_SETTLEMETMENT_HISTORY","2","PARA_CATEGORY","VARCHAR2","2","Y",,,,,
"3270","ZTBLAIS_PROD","T_AU_POST_COMPLIANCE_SETTLEMETMENT_HISTORY","3","REF_P","VARCHAR2","50","Y",,,,,
"3271","ZTBLAIS_PROD","T_AU_POST_COMPLIANCE_SETTLEMETMENT_HISTORY","4","AU_OBS_ID","NUMBER","22","Y",,,,,
"3272","ZTBLAIS_PROD","T_AU_POST_COMPLIANCE_SETTLEMETMENT_HISTORY","5","SETTLED_BY","NUMBER","22","Y",,,,,
"3273","ZTBLAIS_PROD","T_AU_POST_COMPLIANCE_SETTLEMETMENT_HISTORY","6","SETTLED_ON","DATE","7","Y",,,,,
"3274","ZTBLAIS_PROD","T_AU_POST_COMPLIANCE_SETTLEMETMENT_HISTORY","7","COMPLIANCE_CYCLE","NUMBER","22","Y",,,,,
"3275","ZTBLAIS_PROD","T_AU_POST_COMPLIANCE_SETTLEMETMENT_HISTORY","8","ENTITY_ID","NUMBER","22","Y",,,,,
"3276","ZTBLAIS_PROD","T_AU_POST_COMPLIANCE_SETTLEMETMENT_HISTORY","9","AUDITEDBY","NUMBER","22","Y",,,,,
"3277","ZTBLAIS_PROD","T_AU_POST_COMPLIANCE_SETTLEMETMENT_HISTORY","10","REVIEWED_BY","NUMBER","22","Y",,,,,
"3278","ZTBLAIS_PROD","T_AU_POST_COMPLIANCE_SETTLEMETMENT_HISTORY","11","REVIEWED_ON","DATE","7","Y",,,,,
"3279","ZTBLAIS_PROD","T_AU_POST_COMPLIANCE_SETTLEMETMENT_HISTORY","12","REMARKS","VARCHAR2","500","Y",,,,,
"3280","ZTBLAIS_PROD","T_AU_PREINFO_DEPOSITACCOUNTCATEGORY","1","BRANCHCODE","VARCHAR2","25","Y",,,,,
"3281","ZTBLAIS_PROD","T_AU_PREINFO_DEPOSITACCOUNTCATEGORY","2","BRANCH_NAME","VARCHAR2","100","Y",,,,,
"3282","ZTBLAIS_PROD","T_AU_PREINFO_DEPOSITACCOUNTCATEGORY","3","ACCOUNTCATEGORYID","NUMBER","22","Y",,,,,
"3283","ZTBLAIS_PROD","T_AU_PREINFO_DEPOSITACCOUNTCATEGORY","4","ACCOUNTCATEGORY","VARCHAR2","100","Y",,,,,
"3284","ZTBLAIS_PROD","T_AU_PREINFO_DEPOSITACCOUNTCATEGORY","5","ACCOCUNTSTATUS","VARCHAR2","100","Y",,,,,
"3285","ZTBLAIS_PROD","T_AU_PREINFO_DEPOSITACCOUNTCATEGORY","6","AMOUNT","NUMBER","22","Y",,,,,
"3286","ZTBLAIS_PROD","T_AU_PREINFO_DEPOSITACCOUNT_SUM","1","BRANCHID","NUMBER","22","Y",,,,,
"3287","ZTBLAIS_PROD","T_AU_PREINFO_DEPOSITACCOUNT_SUM","2","BRANCHCODE","VARCHAR2","25","Y",,,,,
"3288","ZTBLAIS_PROD","T_AU_PREINFO_DEPOSITACCOUNT_SUM","3","BRANCH_NAME","VARCHAR2","100","Y",,,,,
"3289","ZTBLAIS_PROD","T_AU_PREINFO_DEPOSITACCOUNT_SUM","4","TITLE","VARCHAR2","100","Y",,,,,
"3290","ZTBLAIS_PROD","T_AU_PREINFO_DEPOSITACCOUNT_SUM","5","OLDACCOUNTNO","VARCHAR2","25","Y",,,,,
"3291","ZTBLAIS_PROD","T_AU_PREINFO_DEPOSITACCOUNT_SUM","6","CNIC","VARCHAR2","13","Y",,,,,
"3292","ZTBLAIS_PROD","T_AU_PREINFO_DEPOSITACCOUNT_SUM","7","OPENINGDATE","DATE","7","Y",,,,,
"3293","ZTBLAIS_PROD","T_AU_PREINFO_DEPOSITACCOUNT_SUM","8","CNICEXPIRYDATE","DATE","7","Y",,,,,
"3294","ZTBLAIS_PROD","T_AU_PREINFO_DEPOSITACCOUNT_SUM","9","CUSTOMERNAME","VARCHAR2","50","Y",,,,,
"3295","ZTBLAIS_PROD","T_AU_PREINFO_DEPOSITACCOUNT_SUM","10","BMVS_VERIFIED","CHAR","1","Y",,,,,
"3296","ZTBLAIS_PROD","T_AU_PREINFO_DEPOSITACCOUNT_SUM","11","ACCOUNTCATEGORYID","NUMBER","22","Y",,,,,
"3297","ZTBLAIS_PROD","T_AU_PREINFO_DEPOSITACCOUNT_SUM","12","ACCOUNTCATEGORY","VARCHAR2","100","Y",,,,,
"3298","ZTBLAIS_PROD","T_AU_PREINFO_DEPOSITACCOUNT_SUM","13","ACCOCUNTSTATUS","VARCHAR2","100","Y",,,,,
"3299","ZTBLAIS_PROD","T_AU_PREINFO_DEPOSITACCOUNT_SUM","14","ACCOUNTSTATUSID","NUMBER","22","Y",,,,,
"3300","ZTBLAIS_PROD","T_AU_PREINFO_DEPOSITACCOUNT_SUM","15","LASTTRANSACTIONDATE","DATE","7","Y",,,,,
"3301","ZTBLAIS_PROD","T_AU_PREINFO_DEPOSITACCOUNT_SUM","16","AMOUNT","NUMBER","22","Y",,,,,
"3302","ZTBLAIS_PROD","T_AU_PREINFO_GLDAYENDBALANCE","1","YEAR","NUMBER","22","Y",,,,,
"3303","ZTBLAIS_PROD","T_AU_PREINFO_GLDAYENDBALANCE","2","ENDDATE","DATE","7","Y",,,,,
"3304","ZTBLAIS_PROD","T_AU_PREINFO_GLDAYENDBALANCE","3","CODE","VARCHAR2","25","Y",,,,,
"3305","ZTBLAIS_PROD","T_AU_PREINFO_GLDAYENDBALANCE","4","NAME","VARCHAR2","100","Y",,,,,
"3306","ZTBLAIS_PROD","T_AU_PREINFO_GLDAYENDBALANCE","5","GL_TYPEID","NUMBER","22","N","SYS_C001092871","CHECK",,,
"3307","ZTBLAIS_PROD","T_AU_PREINFO_GLDAYENDBALANCE","6","DESCRIPTION","VARCHAR2","200","Y",,,,,
"3308","ZTBLAIS_PROD","T_AU_PREINFO_GLDAYENDBALANCE","7","GLSUBCODE","VARCHAR2","25","Y",,,,,
"3309","ZTBLAIS_PROD","T_AU_PREINFO_GLDAYENDBALANCE","8","GLSUBNAME","VARCHAR2","100","Y",,,,,
"3310","ZTBLAIS_PROD","T_AU_PREINFO_GLDAYENDBALANCE","9","RUNNING_DR","NUMBER","22","Y",,,,,
"3311","ZTBLAIS_PROD","T_AU_PREINFO_GLDAYENDBALANCE","10","CR","NUMBER","22","Y",,,,,
"3312","ZTBLAIS_PROD","T_AU_PREINFO_GLDAYENDBALANCE","11","BALANCE","NUMBER","22","Y",,,,,
"3313","ZTBLAIS_PROD","T_AU_PREINFO_GLDAYENDBALANCE","12","BALANCETYPE","CHAR","1","Y",,,,,
"3314","ZTBLAIS_PROD","T_AU_PREINFO_GLDAYENDBALANCE","13","ENITITY_ID","NUMBER","22","Y",,,,,
"3315","ZTBLAIS_PROD","T_AU_PREINFO_GLHEADS_DETAILS","1","BRANCHID","NUMBER","22","N","SYS_C001092782","CHECK",,,
"3316","ZTBLAIS_PROD","T_AU_PREINFO_GLHEADS_DETAILS","2","GLSUBID","NUMBER","22","N","SYS_C001092783","CHECK",,,
"3317","ZTBLAIS_PROD","T_AU_PREINFO_GLHEADS_DETAILS","3","GLSUBCODE","VARCHAR2","25","Y",,,,,
"3318","ZTBLAIS_PROD","T_AU_PREINFO_GLHEADS_DETAILS","4","GLSUBNAME","VARCHAR2","100","Y",,,,,
"3319","ZTBLAIS_PROD","T_AU_PREINFO_GLHEADS_DETAILS","5","DATETIME","DATE","7","Y",,,,,
"3320","ZTBLAIS_PROD","T_AU_PREINFO_GLHEADS_DETAILS","6","BALANCE","NUMBER","22","Y",,,,,
"3321","ZTBLAIS_PROD","T_AU_PREINFO_GLHEADS_DETAILS","7","RUNNING_DR","NUMBER","22","Y",,,,,
"3322","ZTBLAIS_PROD","T_AU_PREINFO_GLHEADS_DETAILS","8","RUNNING_CR","NUMBER","22","Y",,,,,
"3323","ZTBLAIS_PROD","T_AU_PREINFO_GLSUB","1","GLSUBID","NUMBER","22","N","SYS_C001092850","CHECK",,,
"3324","ZTBLAIS_PROD","T_AU_PREINFO_GLSUB","2","GLSUBNAME","VARCHAR2","100","Y",,,,,
"3325","ZTBLAIS_PROD","T_AU_PREINFO_GLSUB","3","GLSUBCODE","VARCHAR2","25","Y",,,,,
"3326","ZTBLAIS_PROD","T_AU_PREINFO_GLSUB","4","BALANCETYPE","CHAR","1","Y",,,,,
"3327","ZTBLAIS_PROD","T_AU_PREINFO_GLSUB","5","GL_TYPE_ID","NUMBER","22","N","SYS_C001092851","CHECK",,,
"3328","ZTBLAIS_PROD","T_AU_PREINFO_GL_MON_END","1","MID","NUMBER","22","Y",,,,,
"3329","ZTBLAIS_PROD","T_AU_PREINFO_GL_MON_END","2","DISCRIPTION","VARCHAR2","30","Y",,,,,
"3330","ZTBLAIS_PROD","T_AU_PREINFO_GL_MON_END","3","ENDDATE","DATE","7","Y",,,,,
"3331","ZTBLAIS_PROD","T_AU_PREINFO_GL_MON_END","4","YEAR","NUMBER","22","Y",,,,,
"3332","ZTBLAIS_PROD","T_AU_PREINFO_GL_SUMMARY","1","DESCRIPTION","VARCHAR2","200","Y",,,,,
"3333","ZTBLAIS_PROD","T_AU_PREINFO_GL_SUMMARY","2","GLSUBNAME","VARCHAR2","100","Y",,,,,
"3334","ZTBLAIS_PROD","T_AU_PREINFO_GL_SUMMARY","3","GLSUBCODE","VARCHAR2","25","Y",,,,,
"3335","ZTBLAIS_PROD","T_AU_PREINFO_GL_SUMMARY","4","GLSUBID","NUMBER","22","Y",,,,,
"3336","ZTBLAIS_PROD","T_AU_PREINFO_GL_SUMMARY","5","BRANCHID","NUMBER","22","Y",,,,,
"3337","ZTBLAIS_PROD","T_AU_PREINFO_GL_SUMMARY","6","BALANCE","NUMBER","22","Y",,,,,
"3338","ZTBLAIS_PROD","T_AU_PREINFO_GL_SUMMARY","7","RUNNING_DR","NUMBER","22","Y",,,,,
"3339","ZTBLAIS_PROD","T_AU_PREINFO_GL_SUMMARY","8","RUNNING_CR","NUMBER","22","Y",,,,,
"3340","ZTBLAIS_PROD","T_AU_PREINFO_GL_TYPE","1","GL_TYPEID","NUMBER","22","N","SYS_C001093076","CHECK",,,
"3341","ZTBLAIS_PROD","T_AU_PREINFO_GL_TYPE","2","GL_TYPE_CODE","VARCHAR2","10","Y",,,,,
"3342","ZTBLAIS_PROD","T_AU_PREINFO_GL_TYPE","3","DESCRIPTION","VARCHAR2","200","Y",,,,,
"3343","ZTBLAIS_PROD","T_AU_PREINFO_HR","1","PP_NO","VARCHAR2","30","Y",,,,,
"3344","ZTBLAIS_PROD","T_AU_PREINFO_HR","2","EMPLOYEE_NAME","VARCHAR2","240","Y",,,,,
"3345","ZTBLAIS_PROD","T_AU_PREINFO_HR","3","AGE","VARCHAR2","4000","Y",,,,,
"3346","ZTBLAIS_PROD","T_AU_PREINFO_HR","4","FUNCTIONAL_DESIGNATION","VARCHAR2","2800","Y",,,,,
"3347","ZTBLAIS_PROD","T_AU_PREINFO_HR","5","RANK","VARCHAR2","960","Y",,,,,
"3348","ZTBLAIS_PROD","T_AU_PREINFO_HR","6","QUALIFICATION","VARCHAR2","120","Y",,,,,
"3349","ZTBLAIS_PROD","T_AU_PREINFO_HR","7","LAST_POSTING_DATE","DATE","7","Y",,,,,
"3350","ZTBLAIS_PROD","T_AU_PREINFO_HR","8","PLACE_OF_POSTING_ID","NUMBER","22","N","SYS_C001092808","CHECK",,,
"3351","ZTBLAIS_PROD","T_AU_PREINFO_HR","9","PLACE_OF_POSTING_NAME","VARCHAR2","240","N","SYS_C001092809","CHECK",,,
"3352","ZTBLAIS_PROD","T_AU_PREINFO_HR","10","TYPE","VARCHAR2","30","Y",,,,,
"3353","ZTBLAIS_PROD","T_AU_PREINFO_HR","11","ORGANIZATION_ID","NUMBER","22","N","SYS_C001092810","CHECK",,,
"3354","ZTBLAIS_PROD","T_AU_PREINFO_HR","12","POSTING_DATE_PRESENT_POSITION","VARCHAR2","150","Y",,,,,
"3355","ZTBLAIS_PROD","T_AU_PREINFO_LIVELOAN_DETAILS","1","BRANCHID","NUMBER","22","Y",,,,,
"3356","ZTBLAIS_PROD","T_AU_PREINFO_LIVELOAN_DETAILS","2","LOAN_CASE_NO","VARCHAR2","25","Y",,,,,
"3357","ZTBLAIS_PROD","T_AU_PREINFO_LIVELOAN_DETAILS","3","CNIC","VARCHAR2","13","Y",,,,,
"3358","ZTBLAIS_PROD","T_AU_PREINFO_LIVELOAN_DETAILS","4","CUSTOMERNAME","VARCHAR2","150","Y",,,,,
"3359","ZTBLAIS_PROD","T_AU_PREINFO_LIVELOAN_DETAILS","5","FATHERNAME","VARCHAR2","100","Y",,,,,
"3360","ZTBLAIS_PROD","T_AU_PREINFO_LIVELOAN_DETAILS","6","DISBURSED_AMOUNT","NUMBER","22","N","SYS_C001092893","CHECK",,,
"3361","ZTBLAIS_PROD","T_AU_PREINFO_LIVELOAN_DETAILS","7","PRIN","NUMBER","22","Y",,,,,
"3362","ZTBLAIS_PROD","T_AU_PREINFO_LIVELOAN_DETAILS","8","MARKUP","NUMBER","22","Y",,,,,
"3363","ZTBLAIS_PROD","T_AU_PREINFO_LIVELOAN_DETAILS","9","GLSUBCODE","VARCHAR2","25","Y",,,,,
"3364","ZTBLAIS_PROD","T_AU_PREINFO_LIVELOAN_DETAILS","10","DISB_DATE","DATE","7","N","SYS_C001092894","CHECK",,,
"3365","ZTBLAIS_PROD","T_AU_PREINFO_LIVELOAN_DETAILS","11","VALID_UNTIL","DATE","7","Y",,,,,
"3366","ZTBLAIS_PROD","T_AU_PREINFO_LIVELOAN_DETAILS","12","DISB_STATUSID","NUMBER","22","N","SYS_C001092895","CHECK",,,
"3367","ZTBLAIS_PROD","T_AU_PREINFO_LOAN_PMYP","1","CNIC","NUMBER","22","Y",,,,,
"3368","ZTBLAIS_PROD","T_AU_PRE_PLAN","1","ID","NUMBER","22","N","SYS_C001092799","CHECK",,,
"3369","ZTBLAIS_PROD","T_AU_PRE_PLAN","2","CRITERIA_ID","NUMBER","22","Y",,,,,
"3370","ZTBLAIS_PROD","T_AU_PRE_PLAN","3","AUDITPERIODID","NUMBER","22","N","SYS_C001092800","CHECK",,,
"3371","ZTBLAIS_PROD","T_AU_PRE_PLAN","4","AUDITEDBY","NUMBER","22","Y",,,,,
"3372","ZTBLAIS_PROD","T_AU_PRE_PLAN","5","ENTITY_ID","NUMBER","22","N","SYS_C001092801","CHECK",,,
"3373","ZTBLAIS_PROD","T_AU_PRE_PLAN","6","ENTITY_CODE","NUMBER","22","Y",,,,,
"3374","ZTBLAIS_PROD","T_AU_PRE_PLAN","7","AUDITEE_RISK","NUMBER","22","Y",,,,,
"3375","ZTBLAIS_PROD","T_AU_PRE_PLAN","8","AUDITEE_SIZE","NUMBER","22","Y",,,,,
"3376","ZTBLAIS_PROD","T_AU_PRE_PLAN","9","NO_OF_DAYS","NUMBER","22","N","SYS_C001092802","CHECK",,,
"3377","ZTBLAIS_PROD","T_AU_PRE_PLAN","10","F_ID","NUMBER","22","Y",,,,,
"3378","ZTBLAIS_PROD","T_AU_PRE_PLAN","11","COST_CENTER","NUMBER","22","Y",,,,,
"3379","ZTBLAIS_PROD","T_AU_PRE_PLAN","12","FR_ID","NUMBER","22","Y",,,,,
"3380","ZTBLAIS_PROD","T_AU_PRE_PLAN","13","ENTITY_TYPEID","NUMBER","22","Y",,,,,
"3381","ZTBLAIS_PROD","T_AU_PRE_PLAN","14","ROW_ID","NUMBER","22","Y",,,,,
"3382","ZTBLAIS_PROD","T_AU_PRE_PLAN","15","STATUS","NUMBER","22","Y",,,,,
"3383","ZTBLAIS_PROD","T_AU_PRE_PLAN","16","NATURE_ID","NUMBER","22","Y",,,,,
"3384","ZTBLAIS_PROD","T_AU_REMARKS","1","ID","NUMBER","22","Y",,,,,
"3385","ZTBLAIS_PROD","T_AU_REMARKS","2","REMARKS","VARCHAR2","500","Y",,,,,
"3386","ZTBLAIS_PROD","T_AU_REMARKS","3","REF","NUMBER","22","Y",,,,,
"3387","ZTBLAIS_PROD","T_AU_REMARKS","4","PRO","VARCHAR2","500","Y",,,,,
"3388","ZTBLAIS_PROD","T_AU_RESPONSIBILITY_LOG","1","LOG_ID","NUMBER","22","N","SYS_C001093303","PRIMARY KEY",,,
"3389","ZTBLAIS_PROD","T_AU_RESPONSIBILITY_LOG","2","OBS_ID","NUMBER","22","Y",,,,,
"3390","ZTBLAIS_PROD","T_AU_RESPONSIBILITY_LOG","3","ACTION_TYPE","VARCHAR2","1","Y",,,,,
"3391","ZTBLAIS_PROD","T_AU_RESPONSIBILITY_LOG","4","RES_PP","NUMBER","22","Y",,,,,
"3392","ZTBLAIS_PROD","T_AU_RESPONSIBILITY_LOG","5","LOAN_CASE","NUMBER","22","Y",,,,,
"3393","ZTBLAIS_PROD","T_AU_RESPONSIBILITY_LOG","6","ACCOUNT_NUMBER","NUMBER","22","Y",,,,,
"3394","ZTBLAIS_PROD","T_AU_RESPONSIBILITY_LOG","7","LC_AMOUNT","NUMBER","22","Y",,,,,
"3395","ZTBLAIS_PROD","T_AU_RESPONSIBILITY_LOG","8","AC_AMOUNT","NUMBER","22","Y",,,,,
"3396","ZTBLAIS_PROD","T_AU_RESPONSIBILITY_LOG","9","ACTION_BY","NUMBER","22","Y",,,,,
"3397","ZTBLAIS_PROD","T_AU_RESPONSIBILITY_LOG","10","ACTION_DATE","DATE","7","Y",,,,,
"3398","ZTBLAIS_PROD","T_AU_RESPONSIBILITY_LOG","11","REMARKS","VARCHAR2","500","Y",,,,,
"3399","ZTBLAIS_PROD","T_AU_RESP_ASSIGNED_FINAL_DUP_BAK","1","RESP_ID","NUMBER","22","N","SYS_C001137702","CHECK",,,
"3400","ZTBLAIS_PROD","T_AU_RESP_ASSIGNED_FINAL_DUP_BAK","2","OBS_ID","NUMBER","22","N","SYS_C001137703","CHECK",,,
"3401","ZTBLAIS_PROD","T_AU_RESP_ASSIGNED_FINAL_DUP_BAK","3","ENG_ID","NUMBER","22","Y",,,,,
"3402","ZTBLAIS_PROD","T_AU_RESP_ASSIGNED_FINAL_DUP_BAK","4","COM_ID","NUMBER","22","Y",,,,,
"3403","ZTBLAIS_PROD","T_AU_RESP_ASSIGNED_FINAL_DUP_BAK","5","PP_NO","NUMBER","22","N","SYS_C001137704","CHECK",,,
"3404","ZTBLAIS_PROD","T_AU_RESP_ASSIGNED_FINAL_DUP_BAK","6","REF_P","VARCHAR2","20","Y",,,,,
"3405","ZTBLAIS_PROD","T_AU_RESP_ASSIGNED_FINAL_DUP_BAK","7","BR_CODE","NUMBER","22","Y",,,,,
"3406","ZTBLAIS_PROD","T_AU_RESP_ASSIGNED_FINAL_DUP_BAK","8","LOAN_CASE","VARCHAR2","100","Y",,,,,
"3407","ZTBLAIS_PROD","T_AU_RESP_ASSIGNED_FINAL_DUP_BAK","9","ACCOUNT_NUMBER","VARCHAR2","100","Y",,,,,
"3408","ZTBLAIS_PROD","T_AU_RESP_ASSIGNED_FINAL_DUP_BAK","10","LC_AMOUNT","NUMBER","22","Y",,,,,
"3409","ZTBLAIS_PROD","T_AU_RESP_ASSIGNED_FINAL_DUP_BAK","11","AC_AMOUNT","NUMBER","22","Y",,,,,
"3410","ZTBLAIS_PROD","T_AU_RESP_ASSIGNED_FINAL_DUP_BAK","12","IS_ACTIVE","CHAR","1","N","SYS_C001137705","CHECK",,,
"3411","ZTBLAIS_PROD","T_AU_RESP_ASSIGNED_FINAL_DUP_BAK","13","REMARKS","VARCHAR2","2000","Y",,,,,
"3412","ZTBLAIS_PROD","T_AU_RESP_ASSIGNED_FINAL_DUP_BAK","14","ASSIGNEDBY","NUMBER","22","Y",,,,,
"3413","ZTBLAIS_PROD","T_AU_RESP_ASSIGNED_FINAL_DUP_BAK","15","LASTUPDATEDBY","NUMBER","22","Y",,,,,
"3414","ZTBLAIS_PROD","T_AU_RESP_ASSIGNED_FINAL_DUP_BAK","16","LASTUPDATEDDATE","DATE","7","Y",,,,,
"3415","ZTBLAIS_PROD","T_AU_RESP_ASSIGNED_FINAL_DUP_BAK","17","MIGRATED_FROM","CHAR","1","Y",,,,,
"3416","ZTBLAIS_PROD","T_AU_RESP_ASSIGNED_FINAL_DUP_BAK","18","MIGRATED_ON","DATE","7","N","SYS_C001137706","CHECK",,,
"3417","ZTBLAIS_PROD","T_AU_RESP_ASSIGNED_FINAL_DUP_BAK","19","LC_AMOUNT_RAW","VARCHAR2","500","Y",,,,,
"3418","ZTBLAIS_PROD","T_AU_RESP_ASSIGNED_FINAL_DUP_BAK","20","AC_AMOUNT_RAW","VARCHAR2","500","Y",,,,,
"3419","ZTBLAIS_PROD","T_AU_RESP_ASSIGNED_STAGING_2026","1","RESP_ID","NUMBER","22","N","PK_AU_RESP_ASSIGNED_FINAL","PRIMARY KEY","TRG_BI_AU_RESP_ASSIGNED_FINAL","INSERT","ENABLED"
"3420","ZTBLAIS_PROD","T_AU_RESP_ASSIGNED_STAGING_2026","1","RESP_ID","NUMBER","22","N","SYS_C001137695","CHECK","TRG_BI_AU_RESP_ASSIGNED_FINAL","INSERT","ENABLED"
"3421","ZTBLAIS_PROD","T_AU_RESP_ASSIGNED_STAGING_2026","2","OBS_ID","NUMBER","22","N","SYS_C001137696","CHECK","TRG_BI_AU_RESP_ASSIGNED_FINAL","INSERT","ENABLED"
"3422","ZTBLAIS_PROD","T_AU_RESP_ASSIGNED_STAGING_2026","2","OBS_ID","NUMBER","22","N","UK_RESP_FINAL_KEY","UNIQUE","TRG_BI_AU_RESP_ASSIGNED_FINAL","INSERT","ENABLED"
"3423","ZTBLAIS_PROD","T_AU_RESP_ASSIGNED_STAGING_2026","3","ENG_ID","NUMBER","22","Y","UK_RESP_FINAL_KEY","UNIQUE","TRG_BI_AU_RESP_ASSIGNED_FINAL","INSERT","ENABLED"
"3424","ZTBLAIS_PROD","T_AU_RESP_ASSIGNED_STAGING_2026","4","COM_ID","NUMBER","22","Y","UK_RESP_FINAL_KEY","UNIQUE","TRG_BI_AU_RESP_ASSIGNED_FINAL","INSERT","ENABLED"
"3425","ZTBLAIS_PROD","T_AU_RESP_ASSIGNED_STAGING_2026","5","PP_NO","NUMBER","22","N","SYS_C001137697","CHECK","TRG_BI_AU_RESP_ASSIGNED_FINAL","INSERT","ENABLED"
"3426","ZTBLAIS_PROD","T_AU_RESP_ASSIGNED_STAGING_2026","5","PP_NO","NUMBER","22","N","UK_RESP_FINAL_KEY","UNIQUE","TRG_BI_AU_RESP_ASSIGNED_FINAL","INSERT","ENABLED"
"3427","ZTBLAIS_PROD","T_AU_RESP_ASSIGNED_STAGING_2026","6","REF_P","VARCHAR2","20","Y","UK_RESP_FINAL_KEY","UNIQUE","TRG_BI_AU_RESP_ASSIGNED_FINAL","INSERT","ENABLED"
"3428","ZTBLAIS_PROD","T_AU_RESP_ASSIGNED_STAGING_2026","7","BR_CODE","NUMBER","22","Y","UK_RESP_FINAL_KEY","UNIQUE","TRG_BI_AU_RESP_ASSIGNED_FINAL","INSERT","ENABLED"
"3429","ZTBLAIS_PROD","T_AU_RESP_ASSIGNED_STAGING_2026","8","LOAN_CASE","VARCHAR2","100","Y","UK_RESP_FINAL_KEY","UNIQUE","TRG_BI_AU_RESP_ASSIGNED_FINAL","INSERT","ENABLED"
"3430","ZTBLAIS_PROD","T_AU_RESP_ASSIGNED_STAGING_2026","9","ACCOUNT_NUMBER","VARCHAR2","100","Y","UK_RESP_FINAL_KEY","UNIQUE","TRG_BI_AU_RESP_ASSIGNED_FINAL","INSERT","ENABLED"
"3431","ZTBLAIS_PROD","T_AU_RESP_ASSIGNED_STAGING_2026","10","LC_AMOUNT","NUMBER","22","Y","","","TRG_BI_AU_RESP_ASSIGNED_FINAL","INSERT","ENABLED"
"3432","ZTBLAIS_PROD","T_AU_RESP_ASSIGNED_STAGING_2026","11","AC_AMOUNT","NUMBER","22","Y","","","TRG_BI_AU_RESP_ASSIGNED_FINAL","INSERT","ENABLED"
"3433","ZTBLAIS_PROD","T_AU_RESP_ASSIGNED_STAGING_2026","12","IS_ACTIVE","CHAR","1","N","CK_AU_RESP_ASSIGNED_FINAL_ACT","CHECK","TRG_BI_AU_RESP_ASSIGNED_FINAL","INSERT","ENABLED"
"3434","ZTBLAIS_PROD","T_AU_RESP_ASSIGNED_STAGING_2026","12","IS_ACTIVE","CHAR","1","N","SYS_C001137698","CHECK","TRG_BI_AU_RESP_ASSIGNED_FINAL","INSERT","ENABLED"
"3435","ZTBLAIS_PROD","T_AU_RESP_ASSIGNED_STAGING_2026","13","REMARKS","VARCHAR2","2000","Y","","","TRG_BI_AU_RESP_ASSIGNED_FINAL","INSERT","ENABLED"
"3436","ZTBLAIS_PROD","T_AU_RESP_ASSIGNED_STAGING_2026","14","ASSIGNEDBY","NUMBER","22","Y","","","TRG_BI_AU_RESP_ASSIGNED_FINAL","INSERT","ENABLED"
"3437","ZTBLAIS_PROD","T_AU_RESP_ASSIGNED_STAGING_2026","15","LASTUPDATEDBY","NUMBER","22","Y","","","TRG_BI_AU_RESP_ASSIGNED_FINAL","INSERT","ENABLED"
"3438","ZTBLAIS_PROD","T_AU_RESP_ASSIGNED_STAGING_2026","16","LASTUPDATEDDATE","DATE","7","Y","","","TRG_BI_AU_RESP_ASSIGNED_FINAL","INSERT","ENABLED"
"3439","ZTBLAIS_PROD","T_AU_RESP_ASSIGNED_STAGING_2026","17","MIGRATED_FROM","CHAR","1","Y","","","TRG_BI_AU_RESP_ASSIGNED_FINAL","INSERT","ENABLED"
"3440","ZTBLAIS_PROD","T_AU_RESP_ASSIGNED_STAGING_2026","18","MIGRATED_ON","DATE","7","N","SYS_C001137699","CHECK","TRG_BI_AU_RESP_ASSIGNED_FINAL","INSERT","ENABLED"
"3441","ZTBLAIS_PROD","T_AU_RESP_ASSIGNED_STAGING_2026","19","LC_AMOUNT_RAW","VARCHAR2","500","Y","","","TRG_BI_AU_RESP_ASSIGNED_FINAL","INSERT","ENABLED"
"3442","ZTBLAIS_PROD","T_AU_RESP_ASSIGNED_STAGING_2026","20","AC_AMOUNT_RAW","VARCHAR2","500","Y","","","TRG_BI_AU_RESP_ASSIGNED_FINAL","INSERT","ENABLED"
"3443","ZTBLAIS_PROD","T_AU_ROLE_API_PERMISSION","1","ROLE_ID","NUMBER","22","N","PK_ROLE_API_PERMISSION","PRIMARY KEY",,,
"3444","ZTBLAIS_PROD","T_AU_ROLE_API_PERMISSION","1","ROLE_ID","NUMBER","22","N","SYS_C001130655","CHECK",,,
"3445","ZTBLAIS_PROD","T_AU_ROLE_API_PERMISSION","2","API_ID","NUMBER","22","N","PK_ROLE_API_PERMISSION","PRIMARY KEY",,,
"3446","ZTBLAIS_PROD","T_AU_ROLE_API_PERMISSION","2","API_ID","NUMBER","22","N","SYS_C001130656","CHECK",,,
"3447","ZTBLAIS_PROD","T_AU_ROLE_API_PERMISSION","3","IS_ACTIVE","CHAR","1","N","SYS_C001130657","CHECK",,,
"3448","ZTBLAIS_PROD","T_AU_ROLE_API_PERMISSION","4","CREATED_ON","DATE","7","N","SYS_C001130658","CHECK",,,
"3449","ZTBLAIS_PROD","T_AU_ROLE_API_PERMISSION","5","CREATED_BY","NUMBER","22","Y",,,,,
"3450","ZTBLAIS_PROD","T_AU_SAMPLE","1","ID","NUMBER","22","N","SYS_C001101862","CHECK",,,
"3451","ZTBLAIS_PROD","T_AU_SAMPLE","2","SAMPLE_TYPE","VARCHAR2","500","Y",,,,,
"3452","ZTBLAIS_PROD","T_AU_SAMPLE","3","SAMPLE_PERCENTAGE","NUMBER","22","Y",,,,,
"3453","ZTBLAIS_PROD","T_AU_SAMPLE","4","SAMPLE_PERCENTAGE_MEDIUM","NUMBER","22","Y",,,,,
"3454","ZTBLAIS_PROD","T_AU_SAMPLE","5","SAMPLE_PERCENTAGE_HIGH","NUMBER","22","Y",,,,,
"3455","ZTBLAIS_PROD","T_AU_SAMPLE","6","LOAN_STATUS","NUMBER","22","Y",,,,,
"3456","ZTBLAIS_PROD","T_AU_SAMPLE","7","STATUS","VARCHAR2","2","Y",,,,,
"3457","ZTBLAIS_PROD","T_AU_SAMPLE","8","IND","VARCHAR2","2","Y",,,,,
"3458","ZTBLAIS_PROD","T_AU_SAMPLE_BIOMETRIC","1","ID","NUMBER","22","N","SYS_C001092771","CHECK",,,
"3459","ZTBLAIS_PROD","T_AU_SAMPLE_BIOMETRIC","2","ENG_ID","NUMBER","22","Y",,,,,
"3460","ZTBLAIS_PROD","T_AU_SAMPLE_BIOMETRIC","3","AC_NO","NUMBER","22","Y",,,,,
"3461","ZTBLAIS_PROD","T_AU_SAMPLE_BIOMETRIC","4","AC_TITLE","VARCHAR2","800","Y",,,,,
"3462","ZTBLAIS_PROD","T_AU_SAMPLE_BIOMETRIC","5","CUT_NAME","VARCHAR2","800","Y",,,,,
"3463","ZTBLAIS_PROD","T_AU_SAMPLE_BIOMETRIC","6","DOB","DATE","7","Y",,,,,
"3464","ZTBLAIS_PROD","T_AU_SAMPLE_BIOMETRIC","7","CELL","NUMBER","22","Y",,,,,
"3465","ZTBLAIS_PROD","T_AU_SAMPLE_BIOMETRIC","8","CNIC","NUMBER","22","Y",,,,,
"3466","ZTBLAIS_PROD","T_AU_SAMPLE_BIOMETRIC","9","CNIC_EXPIRY","VARCHAR2","100","Y",,,,,
"3467","ZTBLAIS_PROD","T_AU_SAMPLE_BIOMETRIC","10","AC_TYPE","VARCHAR2","500","Y",,,,,
"3468","ZTBLAIS_PROD","T_AU_SAMPLE_BIOMETRIC","11","AC_CAT","VARCHAR2","500","Y",,,,,
"3469","ZTBLAIS_PROD","T_AU_SAMPLE_BIOMETRIC","12","AC_OPENING_DATE","DATE","7","Y",,,,,
"3470","ZTBLAIS_PROD","T_AU_SAMPLE_BIOMETRIC","13","BM_VERI_DATE","DATE","7","Y",,,,,
"3471","ZTBLAIS_PROD","T_AU_SAMPLE_BIOMETRIC","14","LAST_TRANSACTION","DATE","7","Y",,,,,
"3472","ZTBLAIS_PROD","T_AU_SAMPLE_BIOMETRIC","15","BM_VERIFIED","VARCHAR2","10","Y",,,,,
"3473","ZTBLAIS_PROD","T_AU_SAMPLE_BIOMETRIC","16","OBSERVATION","NUMBER","22","Y",,,,,
"3474","ZTBLAIS_PROD","T_AU_SAMPLE_BIOMETRIC","17","CHECK_BY","NUMBER","22","Y",,,,,
"3475","ZTBLAIS_PROD","T_AU_SAMPLE_BIOMETRIC","18","CHECKED_ON","DATE","7","Y",,,,,
"3476","ZTBLAIS_PROD","T_AU_SAMPLE_BIOMETRIC","19","N_NAME","NVARCHAR2","2000","Y",,,,,
"3477","ZTBLAIS_PROD","T_AU_SAMPLE_BIOMETRIC","20","F_NAME","NVARCHAR2","2000","Y",,,,,
"3478","ZTBLAIS_PROD","T_AU_SAMPLE_BIOMETRIC","21","N_DOB","NVARCHAR2","200","Y",,,,,
"3479","ZTBLAIS_PROD","T_AU_SAMPLE_BIOMETRIC","22","N_CELL","NUMBER","22","Y",,,,,
"3480","ZTBLAIS_PROD","T_AU_SAMPLE_BIOMETRIC","23","N_EXPIRY","VARCHAR2","100","Y",,,,,
"3481","ZTBLAIS_PROD","T_AU_SAMPLE_BKP","1","ID","NUMBER","22","N","SYS_C001092933","CHECK",,,
"3482","ZTBLAIS_PROD","T_AU_SAMPLE_BKP","2","SAMPLE_TYPE","VARCHAR2","500","Y",,,,,
"3483","ZTBLAIS_PROD","T_AU_SAMPLE_BKP","3","SAMPLE_PERCENTAGE","NUMBER","22","Y",,,,,
"3484","ZTBLAIS_PROD","T_AU_SAMPLE_BKP","4","LOAN_STATUS","NUMBER","22","Y",,,,,
"3485","ZTBLAIS_PROD","T_AU_SAMPLE_BKP","5","STATUS","VARCHAR2","2","Y",,,,,
"3486","ZTBLAIS_PROD","T_AU_SAMPLE_BKP","6","IND","VARCHAR2","2","Y",,,,,
"3487","ZTBLAIS_PROD","T_AU_SAMPLE_BRANCH","1","ID","NUMBER","22","N","SYS_C001092773","CHECK",,,
"3488","ZTBLAIS_PROD","T_AU_SAMPLE_BRANCH","2","ENG_ID","NUMBER","22","Y",,,,,
"3489","ZTBLAIS_PROD","T_AU_SAMPLE_BRANCH","3","S_ID","NUMBER","22","Y",,,,,
"3490","ZTBLAIS_PROD","T_AU_SAMPLE_BRANCH","4","AC_NO","NUMBER","22","Y",,,,,
"3491","ZTBLAIS_PROD","T_AU_SAMPLE_BRANCH","5","LOAN_ID","NUMBER","22","Y",,,,,
"3492","ZTBLAIS_PROD","T_AU_SAMPLE_BRANCH","6","DISB_ID","NUMBER","22","Y",,,,,
"3493","ZTBLAIS_PROD","T_AU_SAMPLE_BRANCH","7","L_STATUS","NUMBER","22","Y",,,,,
"3494","ZTBLAIS_PROD","T_AU_SAMPLE_BRANCH","8","IND","VARCHAR2","2","Y",,,,,
"3495","ZTBLAIS_PROD","T_AU_SAMPLE_BRANCH","9","LOAN_CASE","VARCHAR2","100","Y",,,,,
"3496","ZTBLAIS_PROD","T_AU_SAMPLE_DATA","1","ID","NUMBER","22","N","SYS_C001092959","CHECK",,,
"3497","ZTBLAIS_PROD","T_AU_SAMPLE_DATA","2","EG_ID","NUMBER","22","Y",,,,,
"3498","ZTBLAIS_PROD","T_AU_SAMPLE_DATA","3","S_ID","NUMBER","22","Y",,,,,
"3499","ZTBLAIS_PROD","T_AU_SAMPLE_DATA","4","SAMP_TOT","NUMBER","22","Y",,,,,
"3500","ZTBLAIS_PROD","T_AU_SAMPLE_DATA","5","SAMPLE_PERCENTAGE","NUMBER","22","Y",,,,,
"3501","ZTBLAIS_PROD","T_AU_SAMPLE_DATA","6","SAMPLE_FINAL","NUMBER","22","Y",,,,,
"3502","ZTBLAIS_PROD","T_AU_SAMPLE_DATA","7","STATUS","VARCHAR2","2","Y",,,,,
"3503","ZTBLAIS_PROD","T_AU_SAMPLE_LOAN","1","ID","NUMBER","22","N","SYS_C001092882","CHECK",,,
"3504","ZTBLAIS_PROD","T_AU_SAMPLE_LOAN","2","ENG_ID","NUMBER","22","Y",,,,,
"3505","ZTBLAIS_PROD","T_AU_SAMPLE_LOAN","3","LC_NO","NUMBER","22","Y",,,,,
"3506","ZTBLAIS_PROD","T_AU_SAMPLE_LOAN","4","DISB_ID","NUMBER","22","Y",,,,,
"3507","ZTBLAIS_PROD","T_AU_SAMPLE_LOAN","5","CUT_NAME","VARCHAR2","800","Y",,,,,
"3508","ZTBLAIS_PROD","T_AU_SAMPLE_LOAN","6","DOB","DATE","7","Y",,,,,
"3509","ZTBLAIS_PROD","T_AU_SAMPLE_LOAN","7","CELL","NUMBER","22","Y",,,,,
"3510","ZTBLAIS_PROD","T_AU_SAMPLE_LOAN","8","CNIC","NUMBER","22","Y",,,,,
"3511","ZTBLAIS_PROD","T_AU_SAMPLE_LOAN","9","CNIC_EXPIRY","VARCHAR2","100","Y",,,,,
"3512","ZTBLAIS_PROD","T_AU_SAMPLE_LOAN","10","LC_TYPE","VARCHAR2","200","Y",,,,,
"3513","ZTBLAIS_PROD","T_AU_SAMPLE_LOAN","11","LC_SCHEME","VARCHAR2","1000","Y",,,,,
"3514","ZTBLAIS_PROD","T_AU_SAMPLE_LOAN","12","LC_PURPOSE","VARCHAR2","1000","Y",,,,,
"3515","ZTBLAIS_PROD","T_AU_SAMPLE_LOAN","13","LC_APP_DATE","DATE","7","Y",,,,,
"3516","ZTBLAIS_PROD","T_AU_SAMPLE_LOAN","14","LC_DISB_DATE","DATE","7","Y",,,,,
"3517","ZTBLAIS_PROD","T_AU_SAMPLE_LOAN","15","LC_DISB_AMOUNT","NUMBER","22","Y",,,,,
"3518","ZTBLAIS_PROD","T_AU_SAMPLE_LOAN","16","LC_DUE_DATE","DATE","7","Y",,,,,
"3519","ZTBLAIS_PROD","T_AU_SAMPLE_LOAN","17","LC_STATUS","VARCHAR2","200","Y",,,,,
"3520","ZTBLAIS_PROD","T_AU_SAMPLE_LOAN","18","LS_STATUS_ID","NUMBER","22","Y",,,,,
"3521","ZTBLAIS_PROD","T_AU_SAMPLE_LOAN","19","MCO_PPNO","NUMBER","22","Y",,,,,
"3522","ZTBLAIS_PROD","T_AU_SAMPLE_LOAN","20","MANAGER_PPNO","NUMBER","22","Y",,,,,
"3523","ZTBLAIS_PROD","T_AU_SBP_ASSIGNMENTS","1","ASSIGNMENT_ID","NUMBER","22","N","SYS_C001093188","CHECK",,,
"3524","ZTBLAIS_PROD","T_AU_SBP_ASSIGNMENTS","1","ASSIGNMENT_ID","NUMBER","22","N","SYS_C001093253","PRIMARY KEY",,,
"3525","ZTBLAIS_PROD","T_AU_SBP_ASSIGNMENTS","2","OBSERVATION_ID","NUMBER","22","N","SYS_C001093189","CHECK",,,
"3526","ZTBLAIS_PROD","T_AU_SBP_ASSIGNMENTS","2","OBSERVATION_ID","NUMBER","22","N","SYS_C001093312","FOREIGN KEY",,,
"3527","ZTBLAIS_PROD","T_AU_SBP_ASSIGNMENTS","3","ASSIGNED_TO_ROLE","VARCHAR2","50","N","SYS_C001093190","CHECK",,,
"3528","ZTBLAIS_PROD","T_AU_SBP_ASSIGNMENTS","4","ASSIGNED_TO_ID","NUMBER","22","N","SYS_C001093191","CHECK",,,
"3529","ZTBLAIS_PROD","T_AU_SBP_ASSIGNMENTS","5","INSTRUCTIONS","CLOB","4000","Y",,,,,
"3530","ZTBLAIS_PROD","T_AU_SBP_ASSIGNMENTS","6","ASSIGNED_BY","NUMBER","22","N","SYS_C001093192","CHECK",,,
"3531","ZTBLAIS_PROD","T_AU_SBP_ASSIGNMENTS","7","ASSIGNED_ON","DATE","7","N","SYS_C001093193","CHECK",,,
"3532","ZTBLAIS_PROD","T_AU_SBP_ASSIGNMENTS","8","STATUS","VARCHAR2","50","N","SYS_C001093194","CHECK",,,
"3533","ZTBLAIS_PROD","T_AU_SBP_OBSERVATIONS","1","OBSERVATION_ID","NUMBER","22","N","SYS_C001093181","CHECK",,,
"3534","ZTBLAIS_PROD","T_AU_SBP_OBSERVATIONS","1","OBSERVATION_ID","NUMBER","22","N","SYS_C001093285","PRIMARY KEY",,,
"3535","ZTBLAIS_PROD","T_AU_SBP_OBSERVATIONS","2","OBSERVATION_TEXT","CLOB","4000","N","SYS_C001093182","CHECK",,,
"3536","ZTBLAIS_PROD","T_AU_SBP_OBSERVATIONS","3","DATE_RECEIVED","DATE","7","N","SYS_C001093183","CHECK",,,
"3537","ZTBLAIS_PROD","T_AU_SBP_OBSERVATIONS","4","DIVISION_ID","NUMBER","22","N","SYS_C001093184","CHECK",,,
"3538","ZTBLAIS_PROD","T_AU_SBP_OBSERVATIONS","5","STATUS","VARCHAR2","50","N","SYS_C001093185","CHECK",,,
"3539","ZTBLAIS_PROD","T_AU_SBP_OBSERVATIONS","6","CREATED_BY","NUMBER","22","N","SYS_C001093186","CHECK",,,
"3540","ZTBLAIS_PROD","T_AU_SBP_OBSERVATIONS","7","CREATED_ON","DATE","7","N","SYS_C001093187","CHECK",,,
"3541","ZTBLAIS_PROD","T_AU_SBP_OBSERVATIONS","8","ATTACHMENT_PATH","VARCHAR2","512","Y",,,,,
"3542","ZTBLAIS_PROD","T_AU_SBP_RESPONSES","1","RESPONSE_ID","NUMBER","22","N","SYS_C001093195","CHECK",,,
"3543","ZTBLAIS_PROD","T_AU_SBP_RESPONSES","1","RESPONSE_ID","NUMBER","22","N","SYS_C001093264","PRIMARY KEY",,,
"3544","ZTBLAIS_PROD","T_AU_SBP_RESPONSES","2","OBSERVATION_ID","NUMBER","22","N","SYS_C001093196","CHECK",,,
"3545","ZTBLAIS_PROD","T_AU_SBP_RESPONSES","2","OBSERVATION_ID","NUMBER","22","N","SYS_C001093322","FOREIGN KEY",,,
"3546","ZTBLAIS_PROD","T_AU_SBP_RESPONSES","3","DEPARTMENT_ID","NUMBER","22","N","SYS_C001093197","CHECK",,,
"3547","ZTBLAIS_PROD","T_AU_SBP_RESPONSES","4","RESPONSE_TEXT","CLOB","4000","N","SYS_C001093198","CHECK",,,
"3548","ZTBLAIS_PROD","T_AU_SBP_RESPONSES","5","SUBMITTED_BY","NUMBER","22","N","SYS_C001093199","CHECK",,,
"3549","ZTBLAIS_PROD","T_AU_SBP_RESPONSES","6","SUBMITTED_ON","DATE","7","N","SYS_C001093200","CHECK",,,
"3550","ZTBLAIS_PROD","T_AU_SBP_RESPONSES","7","STATUS","VARCHAR2","50","N","SYS_C001093201","CHECK",,,
"3551","ZTBLAIS_PROD","T_AU_SBP_RESPONSES","8","ATTACHMENT_PATH","VARCHAR2","512","Y",,,,,
"3552","ZTBLAIS_PROD","T_AU_SBP_REVIEW_HISTORY","1","REVIEW_ID","NUMBER","22","N","SYS_C001093208","CHECK",,,
"3553","ZTBLAIS_PROD","T_AU_SBP_REVIEW_HISTORY","1","REVIEW_ID","NUMBER","22","N","SYS_C001093260","PRIMARY KEY",,,
"3554","ZTBLAIS_PROD","T_AU_SBP_REVIEW_HISTORY","2","OBSERVATION_ID","NUMBER","22","N","SYS_C001093209","CHECK",,,
"3555","ZTBLAIS_PROD","T_AU_SBP_REVIEW_HISTORY","2","OBSERVATION_ID","NUMBER","22","N","SYS_C001093326","FOREIGN KEY",,,
"3556","ZTBLAIS_PROD","T_AU_SBP_REVIEW_HISTORY","3","REVIEWER_ROLE","VARCHAR2","50","N","SYS_C001093210","CHECK",,,
"3557","ZTBLAIS_PROD","T_AU_SBP_REVIEW_HISTORY","4","REVIEWER_ID","NUMBER","22","N","SYS_C001093211","CHECK",,,
"3558","ZTBLAIS_PROD","T_AU_SBP_REVIEW_HISTORY","5","COMMENTS","CLOB","4000","Y",,,,,
"3559","ZTBLAIS_PROD","T_AU_SBP_REVIEW_HISTORY","6","ACTION","VARCHAR2","50","N","SYS_C001093212","CHECK",,,
"3560","ZTBLAIS_PROD","T_AU_SBP_REVIEW_HISTORY","7","REVIEWED_ON","DATE","7","N","SYS_C001093213","CHECK",,,
"3561","ZTBLAIS_PROD","T_AU_SEC_CSP_VIOLATIONS","1","VIOLATION_ID","NUMBER","22","N","PK_AU_SEC_CSP_VIOLATIONS","PRIMARY KEY",,,
"3562","ZTBLAIS_PROD","T_AU_SEC_CSP_VIOLATIONS","1","VIOLATION_ID","NUMBER","22","N","SYS_C001152697","CHECK",,,
"3563","ZTBLAIS_PROD","T_AU_SEC_CSP_VIOLATIONS","2","LOGGED_ON","DATE","7","N","SYS_C001152698","CHECK",,,
"3564","ZTBLAIS_PROD","T_AU_SEC_CSP_VIOLATIONS","3","DISPOSITION","VARCHAR2","2000","Y",,,,,
"3565","ZTBLAIS_PROD","T_AU_SEC_CSP_VIOLATIONS","4","DOCUMENT_URI","VARCHAR2","2000","Y",,,,,
"3566","ZTBLAIS_PROD","T_AU_SEC_CSP_VIOLATIONS","5","REFERRER","VARCHAR2","2000","Y",,,,,
"3567","ZTBLAIS_PROD","T_AU_SEC_CSP_VIOLATIONS","6","BLOCKED_URI","VARCHAR2","2000","Y",,,,,
"3568","ZTBLAIS_PROD","T_AU_SEC_CSP_VIOLATIONS","7","EFFECTIVE_DIRECTIVE","VARCHAR2","2000","Y",,,,,
"3569","ZTBLAIS_PROD","T_AU_SEC_CSP_VIOLATIONS","8","VIOLATED_DIRECTIVE","VARCHAR2","2000","Y",,,,,
"3570","ZTBLAIS_PROD","T_AU_SEC_CSP_VIOLATIONS","9","ORIGINAL_POLICY","VARCHAR2","2000","Y",,,,,
"3571","ZTBLAIS_PROD","T_AU_SEC_CSP_VIOLATIONS","10","SOURCE_FILE","VARCHAR2","2000","Y",,,,,
"3572","ZTBLAIS_PROD","T_AU_SEC_CSP_VIOLATIONS","11","LINE_NUMBER","NUMBER","22","Y",,,,,
"3573","ZTBLAIS_PROD","T_AU_SEC_CSP_VIOLATIONS","12","COLUMN_NUMBER","NUMBER","22","Y",,,,,
"3574","ZTBLAIS_PROD","T_AU_SEC_CSP_VIOLATIONS","13","STATUS_CODE","NUMBER","22","Y",,,,,
"3575","ZTBLAIS_PROD","T_AU_SEC_CSP_VIOLATIONS","14","SCRIPT_SAMPLE","VARCHAR2","1000","Y",,,,,
"3576","ZTBLAIS_PROD","T_AU_SEC_CSP_VIOLATIONS","15","USER_AGENT","VARCHAR2","1000","Y",,,,,
"3577","ZTBLAIS_PROD","T_AU_SEC_CSP_VIOLATIONS","16","CLIENT_IP","VARCHAR2","64","Y",,,,,
"3578","ZTBLAIS_PROD","T_AU_SEC_CSP_VIOLATIONS","17","RAW_JSON","CLOB","4000","Y",,,,,
"3579","ZTBLAIS_PROD","T_AU_SEC_CSP_VIOLATIONS","18","CREATED_ON","DATE","7","N","SYS_C001152699","CHECK",,,
"3580","ZTBLAIS_PROD","T_AU_SEC_CSP_VIOLATIONS","19","CREATED_BY_PP_NO","NUMBER","22","Y",,,,,
"3581","ZTBLAIS_PROD","T_AU_SEC_CSP_VIOLATIONS","20","UPDATED_ON","DATE","7","Y",,,,,
"3582","ZTBLAIS_PROD","T_AU_SEC_CSP_VIOLATIONS","21","UPDATED_BY_PP_NO","NUMBER","22","Y",,,,,
"3583","ZTBLAIS_PROD","T_AU_SEC_CSP_VIOLATIONS","22","ACTIVE_FLAG","CHAR","1","N","CHK_AU_SEC_CSP_VIOLATIONS_AF","CHECK",,,
"3584","ZTBLAIS_PROD","T_AU_SEC_CSP_VIOLATIONS","22","ACTIVE_FLAG","CHAR","1","N","SYS_C001152700","CHECK",,,
"3585","ZTBLAIS_PROD","T_AU_STAFF_POSITION","1","ID","NUMBER","22","N","SYS_C001092732","CHECK",,,
"3586","ZTBLAIS_PROD","T_AU_STAFF_POSITION","1","ID","NUMBER","22","N","SYS_C001093270","PRIMARY KEY",,,
"3587","ZTBLAIS_PROD","T_AU_STAFF_POSITION","2","PPNO","VARCHAR2","20","N","SYS_C001092733","CHECK",,,
"3588","ZTBLAIS_PROD","T_AU_STAFF_POSITION","3","NAME","VARCHAR2","100","N","SYS_C001092734","CHECK",,,
"3589","ZTBLAIS_PROD","T_AU_STAFF_POSITION","4","RANK","VARCHAR2","50","Y",,,,,
"3590","ZTBLAIS_PROD","T_AU_STAFF_POSITION","5","DESIGNATION","VARCHAR2","100","Y",,,,,
"3591","ZTBLAIS_PROD","T_AU_STAFF_POSITION","6","PLACEMENT","VARCHAR2","100","Y",,,,,
"3592","ZTBLAIS_PROD","T_AU_STAFF_POSITION","7","HIGHEST_QUAL","VARCHAR2","100","Y",,,,,
"3593","ZTBLAIS_PROD","T_AU_STAFF_POSITION","8","SPECIALIZATION","VARCHAR2","100","Y",,,,,
"3594","ZTBLAIS_PROD","T_AU_STAFF_POSITION","9","AUDIT_CERT","VARCHAR2","100","Y",,,,,
"3595","ZTBLAIS_PROD","T_AU_STAFF_POSITION","10","TOT_EXPERIENCE","NUMBER","22","Y",,,,,
"3596","ZTBLAIS_PROD","T_AU_STAFF_POSITION","11","AUDIT_EXPERIENCE","NUMBER","22","Y",,,,,
"3597","ZTBLAIS_PROD","T_AU_STAFF_POSITION","12","ZONE_ID","NUMBER","22","Y",,,,,
"3598","ZTBLAIS_PROD","T_AU_STAFF_POSITION","13","COMPANY","VARCHAR2","100","Y",,,,,
"3599","ZTBLAIS_PROD","T_AU_STAFF_POSITION","14","CREATED_BY","NUMBER","22","Y",,,,,
"3600","ZTBLAIS_PROD","T_AU_STAFF_POSITION","15","CREATED_ON","DATE","7","Y",,,,,
"3601","ZTBLAIS_PROD","T_AU_TBL_ALLOCATIONS","1","ALLOCATION_ID","NUMBER","22","N","SYS_C001093054","CHECK",,,
"3602","ZTBLAIS_PROD","T_AU_TBL_ALLOCATIONS","1","ALLOCATION_ID","NUMBER","22","N","SYS_C001093288","PRIMARY KEY",,,
"3603","ZTBLAIS_PROD","T_AU_TBL_ALLOCATIONS","2","AZ_ID","NUMBER","22","N","SYS_C001093055","CHECK",,,
"3604","ZTBLAIS_PROD","T_AU_TBL_ALLOCATIONS","3","ENT_ID","NUMBER","22","N","SYS_C001093056","CHECK",,,
"3605","ZTBLAIS_PROD","T_AU_TBL_ALLOCATIONS","4","AUDITOR_PPNO","NUMBER","22","N","SYS_C001093057","CHECK",,,
"3606","ZTBLAIS_PROD","T_AU_TBL_ALLOCATIONS","5","ASSIGNED_BY","NUMBER","22","N","SYS_C001093058","CHECK",,,
"3607","ZTBLAIS_PROD","T_AU_TBL_ALLOCATIONS","6","ASSIGNED_ON","DATE","7","N","SYS_C001093059","CHECK",,,
"3608","ZTBLAIS_PROD","T_AU_TBL_ALLOCATIONS","7","APPROVED_BY","NUMBER","22","Y",,,,,
"3609","ZTBLAIS_PROD","T_AU_TBL_ALLOCATIONS","8","APPROVED_ON","DATE","7","Y",,,,,
"3610","ZTBLAIS_PROD","T_AU_TBL_OBSERVATIONS","1","COM_ID","NUMBER","22","N","SYS_C001093292","PRIMARY KEY",,,
"3611","ZTBLAIS_PROD","T_AU_TBL_OBSERVATIONS","2","ENT_ID","NUMBER","22","N","SYS_C001092797","CHECK",,,
"3612","ZTBLAIS_PROD","T_AU_TBL_OBSERVATIONS","3","PARA_TITLE","VARCHAR2","4000","Y",,,,,
"3613","ZTBLAIS_PROD","T_AU_TBL_OBSERVATIONS","4","REFERENCE_ID","NUMBER","22","Y",,,,,
"3614","ZTBLAIS_PROD","T_AU_TBL_OBSERVATIONS","5","REFERENCE_TYPE","VARCHAR2","500","Y",,,,,
"3615","ZTBLAIS_PROD","T_AU_TBL_OBSERVATIONS","6","ASSIGNED_AUDITOR_ID","NUMBER","22","Y",,,,,
"3616","ZTBLAIS_PROD","T_AU_TBL_OBSERVATIONS","7","STATUS","VARCHAR2","50","Y",,,,,
"3617","ZTBLAIS_PROD","T_AU_TBL_OBSERVATIONS","8","UPDATED_BY","VARCHAR2","50","Y",,,,,
"3618","ZTBLAIS_PROD","T_AU_TBL_OBSERVATIONS","9","UPDATED_ON","DATE","7","Y",,,,,
"3619","ZTBLAIS_PROD","T_AU_TBL_OBSERVATIONS","10","CREATED_BY","VARCHAR2","50","Y",,,,,
"3620","ZTBLAIS_PROD","T_AU_TBL_OBSERVATIONS","11","CREATED_ON","DATE","7","Y",,,,,
"3621","ZTBLAIS_PROD","T_AU_TBL_OBSERVATIONS","12","REMARKS","VARCHAR2","1000","Y",,,,,
"3622","ZTBLAIS_PROD","T_AU_TBL_UPDATE_LOG","1","LOG_ID","NUMBER","22","N","SYS_C001093060","CHECK",,,
"3623","ZTBLAIS_PROD","T_AU_TBL_UPDATE_LOG","1","LOG_ID","NUMBER","22","N","SYS_C001093256","PRIMARY KEY",,,
"3624","ZTBLAIS_PROD","T_AU_TBL_UPDATE_LOG","2","COM_ID","NUMBER","22","N","SYS_C001093061","CHECK",,,
"3625","ZTBLAIS_PROD","T_AU_TBL_UPDATE_LOG","3","FIELD_NAME","VARCHAR2","50","Y",,,,,
"3626","ZTBLAIS_PROD","T_AU_TBL_UPDATE_LOG","4","OLD_VALUE","VARCHAR2","500","Y",,,,,
"3627","ZTBLAIS_PROD","T_AU_TBL_UPDATE_LOG","5","NEW_VALUE","VARCHAR2","500","Y",,,,,
"3628","ZTBLAIS_PROD","T_AU_TBL_UPDATE_LOG","6","UPDATED_BY","VARCHAR2","50","N","SYS_C001093062","CHECK",,,
"3629","ZTBLAIS_PROD","T_AU_TBL_UPDATE_LOG","7","UPDATED_ON","DATE","7","N","SYS_C001093063","CHECK",,,
"3630","ZTBLAIS_PROD","T_AU_TBL_UPDATE_LOG","8","ACTION_TYPE","VARCHAR2","50","Y",,,,,
"3631","ZTBLAIS_PROD","T_AU_TEAM_MEMBERS","1","T_ID","NUMBER","22","Y",,,,,
"3632","ZTBLAIS_PROD","T_AU_TEAM_MEMBERS","2","TEAM_NAME","VARCHAR2","200","Y",,,,,
"3633","ZTBLAIS_PROD","T_AU_TEAM_MEMBERS","3","MEMBER_PPNO","NUMBER","22","Y",,,,,
"3634","ZTBLAIS_PROD","T_AU_TEAM_MEMBERS","4","MEMBER_NAME","VARCHAR2","100","Y",,,,,
"3635","ZTBLAIS_PROD","T_AU_TEAM_MEMBERS","5","ISTEAMLEAD","VARCHAR2","2","Y",,,,,
"3636","ZTBLAIS_PROD","T_AU_TEAM_MEMBERS","6","PLACE_OF_POSTING","NUMBER","22","Y",,,,,
"3637","ZTBLAIS_PROD","T_AU_TEAM_MEMBERS","7","STATUS","VARCHAR2","2","Y",,,,,
"3638","ZTBLAIS_PROD","T_AU_TEAM_MEMBERS","8","ENG_ID","NUMBER","22","Y",,,,,
"3639","ZTBLAIS_PROD","T_AU_TEAM_MEMBERS","9","ID","NUMBER","22","N","T_ID","PRIMARY KEY",,,
"3640","ZTBLAIS_PROD","T_AU_TEAM_MEMBERS","10","T_CODE","NUMBER","22","Y",,,,,
"3641","ZTBLAIS_PROD","T_AU_USER_COM_PAGE_PERM","1","PPNO","NUMBER","22","N","SYS_C001147717","CHECK",,,
"3642","ZTBLAIS_PROD","T_AU_USER_COM_PAGE_PERM","1","PPNO","NUMBER","22","N","SYS_C001147750","PRIMARY KEY",,,
"3643","ZTBLAIS_PROD","T_AU_USER_COM_PAGE_PERM","2","PAGE_ID","NUMBER","22","N","SYS_C001147718","CHECK",,,
"3644","ZTBLAIS_PROD","T_AU_USER_COM_PAGE_PERM","2","PAGE_ID","NUMBER","22","N","SYS_C001147750","PRIMARY KEY",,,
"3645","ZTBLAIS_PROD","T_AU_USER_COM_PAGE_PERM","3","COM_ID","NUMBER","22","N","FK_UCOM_MCOM","FOREIGN KEY",,,
"3646","ZTBLAIS_PROD","T_AU_USER_COM_PAGE_PERM","3","COM_ID","NUMBER","22","N","SYS_C001147719","CHECK",,,
"3647","ZTBLAIS_PROD","T_AU_USER_COM_PAGE_PERM","3","COM_ID","NUMBER","22","N","SYS_C001147750","PRIMARY KEY",,,
"3648","ZTBLAIS_PROD","T_AU_USER_COM_PAGE_PERM","4","STATUS","NUMBER","22","N","SYS_C001147720","CHECK",,,
"3649","ZTBLAIS_PROD","T_AU_USER_COM_PAGE_PERM","5","CREATED_ON","DATE","7","N","SYS_C001147721","CHECK",,,
"3650","ZTBLAIS_PROD","T_AU_USER_COM_PAGE_PERM","6","CREATED_BY","NUMBER","22","Y",,,,,
"3651","ZTBLAIS_PROD","T_AU_USER_ENG_PAGE_PERM","1","PPNO","NUMBER","22","N","SYS_C001147710","CHECK",,,
"3652","ZTBLAIS_PROD","T_AU_USER_ENG_PAGE_PERM","1","PPNO","NUMBER","22","N","SYS_C001147715","PRIMARY KEY",,,
"3653","ZTBLAIS_PROD","T_AU_USER_ENG_PAGE_PERM","2","PAGE_ID","NUMBER","22","N","SYS_C001147711","CHECK",,,
"3654","ZTBLAIS_PROD","T_AU_USER_ENG_PAGE_PERM","2","PAGE_ID","NUMBER","22","N","SYS_C001147715","PRIMARY KEY",,,
"3655","ZTBLAIS_PROD","T_AU_USER_ENG_PAGE_PERM","3","M_ENG_ID","NUMBER","22","N","FK_UENG_MENG","FOREIGN KEY",,,
"3656","ZTBLAIS_PROD","T_AU_USER_ENG_PAGE_PERM","3","M_ENG_ID","NUMBER","22","N","SYS_C001147712","CHECK",,,
"3657","ZTBLAIS_PROD","T_AU_USER_ENG_PAGE_PERM","3","M_ENG_ID","NUMBER","22","N","SYS_C001147715","PRIMARY KEY",,,
"3658","ZTBLAIS_PROD","T_AU_USER_ENG_PAGE_PERM","4","STATUS","NUMBER","22","N","SYS_C001147713","CHECK",,,
"3659","ZTBLAIS_PROD","T_AU_USER_ENG_PAGE_PERM","5","CREATED_ON","DATE","7","N","SYS_C001147714","CHECK",,,
"3660","ZTBLAIS_PROD","T_AU_USER_ENG_PAGE_PERM","6","CREATED_BY","NUMBER","22","Y",,,,,
"3661","ZTBLAIS_PROD","T_AU_WORKING_PAPER_LOAN","1","ID","NUMBER","22","Y",,,,,
"3662","ZTBLAIS_PROD","T_AU_WORKING_PAPER_LOAN","2","ENG","NUMBER","22","Y",,,,,
"3663","ZTBLAIS_PROD","T_AU_WORKING_PAPER_LOAN","3","LC_NUMBER","NUMBER","22","Y",,,,,
"3664","ZTBLAIS_PROD","T_AU_WORKING_PAPER_LOAN","4","LC_AMOUNT","NUMBER","22","Y",,,,,
"3665","ZTBLAIS_PROD","T_AU_WORKING_PAPER_LOAN","5","DISB_DATE","DATE","7","Y",,,,,
"3666","ZTBLAIS_PROD","T_AU_WORKING_PAPER_LOAN","6","LC_CAT","NUMBER","22","Y",,,,,
"3667","ZTBLAIS_PROD","T_AU_WORKING_PAPER_LOAN","7","OBSERVATION","VARCHAR2","1000","Y",,,,,
"3668","ZTBLAIS_PROD","T_AU_WORKING_PAPER_LOAN","8","OM_NO","NUMBER","22","Y",,,,,
"3669","ZTBLAIS_PROD","T_BAC","1","ID","NUMBER","22","Y",,,,,
"3670","ZTBLAIS_PROD","T_BAC","2","MEETING","VARCHAR2","100","Y",,,,,
"3671","ZTBLAIS_PROD","T_BAC","3","MEETING_DATE","DATE","7","Y",,,,,
"3672","ZTBLAIS_PROD","T_BAC","4","STATUS","VARCHAR2","100","Y",,,,,
"3673","ZTBLAIS_PROD","T_BAC_ACTIONABLE","1","ID","NUMBER","22","Y",,,,,
"3674","ZTBLAIS_PROD","T_BAC_ACTIONABLE","2","MEETING_NUMBER","NUMBER","22","Y",,,,,
"3675","ZTBLAIS_PROD","T_BAC_ACTIONABLE","3","BAC_DIRECTION","VARCHAR2","4000","Y",,,,,
"3676","ZTBLAIS_PROD","T_BAC_ACTIONABLE","4","TIME_LINE","DATE","7","Y",,,,,
"3677","ZTBLAIS_PROD","T_BAC_ACTIONABLE","5","DUE_DATE","DATE","7","Y",,,,,
"3678","ZTBLAIS_PROD","T_BAC_ACTIONABLE","6","RPT_FREQUENCY","VARCHAR2","500","Y",,,,,
"3679","ZTBLAIS_PROD","T_BAC_ACTIONABLE","7","ENTERED_BY","NUMBER","22","Y",,,,,
"3680","ZTBLAIS_PROD","T_BAC_ACTIONABLE","8","ENTERED_ON","DATE","7","Y",,,,,
"3681","ZTBLAIS_PROD","T_BAC_ACTIONABLE","9","STATUS","VARCHAR2","50","Y",,,,,
"3682","ZTBLAIS_PROD","T_BAC_ACTIONABLE","10","ITEM_HEADING","VARCHAR2","1000","Y",,,,,
"3683","ZTBLAIS_PROD","T_BAC_ACTIONABLE","11","ASSIGN_TO","VARCHAR2","500","Y",,,,,
"3684","ZTBLAIS_PROD","T_BAC_ACTIONABLE","12","OPEN_TIME_LINE","VARCHAR2","500","Y",,,,,
"3685","ZTBLAIS_PROD","T_BAC_ACTIONABLE","13","DELAY","NUMBER","22","Y",,,,,
"3686","ZTBLAIS_PROD","T_BAC_ACTIONABLE_ASSIGN","1","ID","NUMBER","22","Y",,,,,
"3687","ZTBLAIS_PROD","T_BAC_ACTIONABLE_ASSIGN","2","ITEMNUMBER","NUMBER","22","Y",,,,,
"3688","ZTBLAIS_PROD","T_BAC_ACTIONABLE_ASSIGN","3","DIV_ID","NUMBER","22","Y",,,,,
"3689","ZTBLAIS_PROD","T_BAC_ACTIONABLE_ASSIGN","4","DUE_DATE","DATE","7","Y",,,,,
"3690","ZTBLAIS_PROD","T_BAC_ACTIONABLE_ASSIGN","5","REMINDER_DATE","DATE","7","Y",,,,,
"3691","ZTBLAIS_PROD","T_BAC_ACTIONABLE_ASSIGN","6","ACTION","VARCHAR2","1000","Y",,,,,
"3692","ZTBLAIS_PROD","T_BAC_ACTIONABLE_ASSIGN","7","ENTERED_BY","NUMBER","22","Y",,,,,
"3693","ZTBLAIS_PROD","T_BAC_ACTIONABLE_ASSIGN","8","ENTERED_ON","DATE","7","Y",,,,,
"3694","ZTBLAIS_PROD","T_BAC_ACTIONABLE_ASSIGN","9","STATUS","VARCHAR2","200","Y",,,,,
"3695","ZTBLAIS_PROD","T_BAC_ACTIONABLE_ASSIGN_DEPT","1","ID","NUMBER","22","Y",,,,,
"3696","ZTBLAIS_PROD","T_BAC_ACTIONABLE_ASSIGN_DEPT","2","ITEMNUMBER","NUMBER","22","Y",,,,,
"3697","ZTBLAIS_PROD","T_BAC_ACTIONABLE_ASSIGN_DEPT","3","DEPT_ID","NUMBER","22","Y",,,,,
"3698","ZTBLAIS_PROD","T_BAC_ACTIONABLE_ASSIGN_DEPT","4","ACTION","VARCHAR2","1000","Y",,,,,
"3699","ZTBLAIS_PROD","T_BAC_ACTIONABLE_ASSIGN_DEPT","5","ASSIGNED_BY","NUMBER","22","Y",,,,,
"3700","ZTBLAIS_PROD","T_BAC_ACTIONABLE_ASSIGN_DEPT","6","ASSIGNED_ON","DATE","7","Y",,,,,
"3701","ZTBLAIS_PROD","T_BAC_ACTIONABLE_ASSIGN_DEPT","7","STATUS","VARCHAR2","200","Y",,,,,
"3702","ZTBLAIS_PROD","T_BAC_ACTIONABLE_FOLLOWUP","1","ID","NUMBER","22","Y",,,,,
"3703","ZTBLAIS_PROD","T_BAC_ACTIONABLE_FOLLOWUP","2","ITEM_NUMBER","NUMBER","22","Y",,,,,
"3704","ZTBLAIS_PROD","T_BAC_ACTIONABLE_FOLLOWUP","3","ASSIGNED_TO","VARCHAR2","500","Y",,,,,
"3705","ZTBLAIS_PROD","T_BAC_ACTIONABLE_FOLLOWUP","4","ENTERED_BY","NUMBER","22","Y",,,,,
"3706","ZTBLAIS_PROD","T_BAC_ACTIONABLE_FOLLOWUP","5","ENTERED_ON","DATE","7","Y",,,,,
"3707","ZTBLAIS_PROD","T_BAC_ACTIONABLE_FOLLOWUP","6","STATUS","VARCHAR2","100","Y",,,,,
"3708","ZTBLAIS_PROD","T_BAC_ACTIONABLE_FOLLOWUP","7","MEETING","VARCHAR2","500","Y",,,,,
"3709","ZTBLAIS_PROD","T_BAC_ACTIONABLE_FOLLOWUP","8","UONOTE","VARCHAR2","1000","Y",,,,,
"3710","ZTBLAIS_PROD","T_BAC_ACTIONABLE_FOLLOWUP","9","CIA_REMARKS","VARCHAR2","2000","Y",,,,,
"3711","ZTBLAIS_PROD","T_BAC_ACTIONABLE_RESPONSE","1","ID","NUMBER","22","Y",,,,,
"3712","ZTBLAIS_PROD","T_BAC_ACTIONABLE_RESPONSE","2","ITEM_NUMBER","NUMBER","22","Y",,,,,
"3713","ZTBLAIS_PROD","T_BAC_ACTIONABLE_RESPONSE","3","DEPT_ID","NUMBER","22","Y",,,,,
"3714","ZTBLAIS_PROD","T_BAC_ACTIONABLE_RESPONSE","4","RESPONSE","CLOB","4000","Y",,,,,
"3715","ZTBLAIS_PROD","T_BAC_ACTIONABLE_RESPONSE","5","EVIDENCE","BLOB","4000","Y",,,,,
"3716","ZTBLAIS_PROD","T_BAC_ACTIONABLE_RESPONSE","6","ENTERED_BY","NUMBER","22","Y",,,,,
"3717","ZTBLAIS_PROD","T_BAC_ACTIONABLE_RESPONSE","7","ENTERED_ON","DATE","7","Y",,,,,
"3718","ZTBLAIS_PROD","T_BAC_ACTIONABLE_RESPONSE","8","STATUS","VARCHAR2","50","Y",,,,,
"3719","ZTBLAIS_PROD","T_BAC_ACTIONABLE_RESPONSE","9","RESPONDED_BY","VARCHAR2","500","Y",,,,,
"3720","ZTBLAIS_PROD","T_BAC_ACTIONABLE_RESPONSE","10","CIA_REMARKS","VARCHAR2","500","Y",,,,,
"3721","ZTBLAIS_PROD","T_BAC_ACTIONABLE_UPDATES","1","MEETING","NUMBER","22","Y",,,,,
"3722","ZTBLAIS_PROD","T_BAC_ACTIONABLE_UPDATES","2","BAC_DIRECTIVES","VARCHAR2","2000","Y",,,,,
"3723","ZTBLAIS_PROD","T_BAC_ACTIONABLE_UPDATES","3","RESPONSIBLE","VARCHAR2","1000","Y",,,,,
"3724","ZTBLAIS_PROD","T_BAC_ACTIONABLE_UPDATES","4","RESPONSE","VARCHAR2","2000","Y",,,,,
"3725","ZTBLAIS_PROD","T_BAC_ACTIONABLE_UPDATES","5","CIA_REMARKS","VARCHAR2","2000","Y",,,,,
"3726","ZTBLAIS_PROD","T_BAC_ACTIONABLE_UPDATES","6","STATUS","VARCHAR2","2","Y",,,,,
"3727","ZTBLAIS_PROD","T_BAC_AGENDA","1","ID","NUMBER","22","Y",,,,,
"3728","ZTBLAIS_PROD","T_BAC_AGENDA","2","AGENDA_NUMBER","NUMBER","22","Y",,,,,
"3729","ZTBLAIS_PROD","T_BAC_AGENDA","3","MEETING_DATE","DATE","7","Y",,,,,
"3730","ZTBLAIS_PROD","T_BAC_AGENDA","4","AGENDA","CLOB","4000","Y",,,,,
"3731","ZTBLAIS_PROD","T_BAC_AGENDA","5","PREPARED_BY","NUMBER","22","Y",,,,,
"3732","ZTBLAIS_PROD","T_BAC_AGENDA","6","REMARKS","VARCHAR2","100","Y",,,,,
"3733","ZTBLAIS_PROD","T_BAC_AGENDA","7","STATUS","VARCHAR2","50","Y",,,,,
"3734","ZTBLAIS_PROD","T_BAC_MEETINGS","1","ID","NUMBER","22","Y",,,,,
"3735","ZTBLAIS_PROD","T_BAC_MEETINGS","2","MEETING_NUMBER","NUMBER","22","Y",,,,,
"3736","ZTBLAIS_PROD","T_BAC_MEETINGS","3","MEETING_DATE","DATE","7","Y",,,,,
"3737","ZTBLAIS_PROD","T_BAC_MEETINGS","4","MEETING_LOCATION","VARCHAR2","1000","Y",,,,,
"3738","ZTBLAIS_PROD","T_BAC_MEETINGS","5","BAC_CHAIRMAN","VARCHAR2","500","Y",,,,,
"3739","ZTBLAIS_PROD","T_BAC_MEETINGS","6","BAC_SCERTERY","VARCHAR2","500","Y",,,,,
"3740","ZTBLAIS_PROD","T_BAC_MEETINGS","7","ENTERED_BY","NUMBER","22","Y",,,,,
"3741","ZTBLAIS_PROD","T_BAC_MEETINGS","8","ENTERED_ON","DATE","7","Y",,,,,
"3742","ZTBLAIS_PROD","T_BAC_MEETINGS_AGENDA","1","ID","NUMBER","22","Y",,,,,
"3743","ZTBLAIS_PROD","T_BAC_MEETINGS_AGENDA","2","MEETING_NO","NUMBER","22","Y",,,,,
"3744","ZTBLAIS_PROD","T_BAC_MEETINGS_AGENDA","3","MEMO_NO","VARCHAR2","500","Y",,,,,
"3745","ZTBLAIS_PROD","T_BAC_MEETINGS_AGENDA","4","SUBJECT","VARCHAR2","1500","Y",,,,,
"3746","ZTBLAIS_PROD","T_BAC_MEETINGS_AGENDA","5","REMARKS","VARCHAR2","500","Y",,,,,
"3747","ZTBLAIS_PROD","T_BAC_MEETINGS_MINUTES","1","ID","NUMBER","22","Y",,,,,
"3748","ZTBLAIS_PROD","T_BAC_MEETINGS_MINUTES","2","MEETING_NUMBER","NUMBER","22","Y",,,,,
"3749","ZTBLAIS_PROD","T_BAC_MEETINGS_MINUTES","3","MINTUES_APPROVAL_DATE","DATE","7","Y",,,,,
"3750","ZTBLAIS_PROD","T_BAC_MEETINGS_MINUTES","4","TOTAL_ACTIONABLES","NUMBER","22","Y",,,,,
"3751","ZTBLAIS_PROD","T_BAC_MEETINGS_MINUTES","5","ENTERED_BY","NUMBER","22","Y",,,,,
"3752","ZTBLAIS_PROD","T_BAC_MEETINGS_MINUTES","6","ENTERED_ON","DATE","7","Y",,,,,
"3753","ZTBLAIS_PROD","T_BAC_MEETINGS_MINUTES","7","STATUS","VARCHAR2","100","Y",,,,,
"3754","ZTBLAIS_PROD","T_BRANCH_RISK_RATING","1","AUDIT_PERIOD_ID","NUMBER","22","Y",,,,,
"3755","ZTBLAIS_PROD","T_BRANCH_RISK_RATING","2","BRANCH_CODE","NUMBER","22","Y",,,,,
"3756","ZTBLAIS_PROD","T_BRANCH_RISK_RATING","3","RISK_CATEGORY","VARCHAR2","2","Y",,,,,
"3757","ZTBLAIS_PROD","T_BRANCH_RISK_RATING","4","ENTITY_ID","NUMBER","22","Y",,,,,
"3758","ZTBLAIS_PROD","T_BRANCH_RISK_RATING","5","ENG_ID","NUMBER","22","Y",,,,,
"3759","ZTBLAIS_PROD","T_BRANCH_RISK_RATING","6","RISK_RATING","NUMBER","22","Y",,,,,
"3760","ZTBLAIS_PROD","T_BRANCH_SIZE","1","ID","NUMBER","22","Y",,,,,
"3761","ZTBLAIS_PROD","T_BRANCH_SIZE","2","BR_ID","NUMBER","22","Y",,,,,
"3762","ZTBLAIS_PROD","T_BRANCH_SIZE","3","BR_CODE","NUMBER","22","Y",,,,,
"3763","ZTBLAIS_PROD","T_BRANCH_SIZE","4","BR_SIZE","NUMBER","22","Y",,,,,
"3764","ZTBLAIS_PROD","T_CAU_AIR","1","AIR_ID","NUMBER","22","Y",,,,,
"3765","ZTBLAIS_PROD","T_CAU_AIR","2","OMID","NUMBER","22","Y",,,,,
"3766","ZTBLAIS_PROD","T_CAU_AIR","3","PARA","VARCHAR2","100","Y",,,,,
"3767","ZTBLAIS_PROD","T_CAU_AIR","4","CONTENTS_OF_PARA","CLOB","4000","Y",,,,,
"3768","ZTBLAIS_PROD","T_CAU_AIR","5","STAGE","NUMBER","22","Y",,,,,
"3769","ZTBLAIS_PROD","T_CAU_AIR","6","STATUS","NUMBER","22","Y",,,,,
"3770","ZTBLAIS_PROD","T_CAU_AIR","7","KEY","VARCHAR2","50","Y",,,,,
"3771","ZTBLAIS_PROD","T_CAU_AIR","8","ENTERED_BY","NUMBER","22","Y",,,,,
"3772","ZTBLAIS_PROD","T_CAU_AIR","9","ENTERED_ON","DATE","7","Y",,,,,
"3773","ZTBLAIS_PROD","T_CAU_AIR_RESPONSE","1","ID","NUMBER","22","Y",,,,,
"3774","ZTBLAIS_PROD","T_CAU_AIR_RESPONSE","2","PARA","VARCHAR2","100","Y",,,,,
"3775","ZTBLAIS_PROD","T_CAU_AIR_RESPONSE","3","REPLY_OF_MANGEMENT","CLOB","4000","Y",,,,,
"3776","ZTBLAIS_PROD","T_CAU_AIR_RESPONSE","4","EVIDANCE","CLOB","4000","Y",,,,,
"3777","ZTBLAIS_PROD","T_CAU_AIR_RESPONSE","5","DIV_ID","NUMBER","22","Y",,,,,
"3778","ZTBLAIS_PROD","T_CAU_AIR_RESPONSE","6","STATUS","NUMBER","22","Y",,,,,
"3779","ZTBLAIS_PROD","T_CAU_AIR_RESPONSE","7","KEY","VARCHAR2","50","Y",,,,,
"3780","ZTBLAIS_PROD","T_CAU_AIR_RESPONSE","8","REPLY_DATE","DATE","7","Y",,,,,
"3781","ZTBLAIS_PROD","T_CAU_AIR_RESPONSE","9","AIR_REF_ID","NUMBER","22","Y",,,,,
"3782","ZTBLAIS_PROD","T_CAU_AIR_RESPONSE","10","ENTERED_BY","NUMBER","22","Y",,,,,
"3783","ZTBLAIS_PROD","T_CAU_AIR_RESPONSE","11","ENTERED_ON","DATE","7","Y",,,,,
"3784","ZTBLAIS_PROD","T_CAU_ARPSES_PERIOD","1","AUDITPERIODID","NUMBER","22","Y",,,,,
"3785","ZTBLAIS_PROD","T_CAU_ARPSES_PERIOD","2","DESCRIPTION","VARCHAR2","250","Y",,,,,
"3786","ZTBLAIS_PROD","T_CAU_ARPSES_PERIOD","3","START_DATE","DATE","7","Y",,,,,
"3787","ZTBLAIS_PROD","T_CAU_ARPSES_PERIOD","4","END_DATE","DATE","7","Y",,,,,
"3788","ZTBLAIS_PROD","T_CAU_ARPSES_PERIOD","5","STATUS_ID","NUMBER","22","Y",,,,,
"3789","ZTBLAIS_PROD","T_CAU_CONTENTS_OF_PARA","1","PARA_NO_ID","NUMBER","22","Y",,,,,
"3790","ZTBLAIS_PROD","T_CAU_CONTENTS_OF_PARA","2","CONTENTS_OF_PARA","CLOB","4000","Y",,,,,
"3791","ZTBLAIS_PROD","T_CAU_DAC_RECOMMENDATION","1","ID","NUMBER","22","Y",,,,,
"3792","ZTBLAIS_PROD","T_CAU_DAC_RECOMMENDATION","2","DAC_DATES","DATE","7","N","SYS_C001093052","CHECK",,,
"3793","ZTBLAIS_PROD","T_CAU_DAC_RECOMMENDATION","3","PARA_NO","VARCHAR2","200","Y",,,,,
"3794","ZTBLAIS_PROD","T_CAU_DAC_RECOMMENDATION","4","DAC_RECOMMENDATION","CLOB","4000","N","SYS_C001093053","CHECK",,,
"3795","ZTBLAIS_PROD","T_CAU_DAC_RECOMMENDATION","5","PROGRESS_REPORT_FREQUENCY","VARCHAR2","200","Y",,,,,
"3796","ZTBLAIS_PROD","T_CAU_DAC_RECOMMENDATION","6","ENTERED_BY","NUMBER","22","Y",,,,,
"3797","ZTBLAIS_PROD","T_CAU_DAC_RECOMMENDATION","7","ENTERED_ON","DATE","7","Y",,,,,
"3798","ZTBLAIS_PROD","T_CAU_DAC_RECOMMENDATION","8","STATUS","VARCHAR2","2","Y",,,,,
"3799","ZTBLAIS_PROD","T_CAU_DAC_RECOMMENDATION","9","MEETING_NO","NUMBER","22","Y",,,,,
"3800","ZTBLAIS_PROD","T_CAU_DETAILS","1","ID","NUMBER","22","Y",,,,,
"3801","ZTBLAIS_PROD","T_CAU_DETAILS","2","OM_NO","NUMBER","22","Y",,,,,
"3802","ZTBLAIS_PROD","T_CAU_DETAILS","3","REFERENCE_PARA","VARCHAR2","100","Y",,,,,
"3803","ZTBLAIS_PROD","T_CAU_DETAILS","4","CONTENTS_OF_OM_ID","NUMBER","22","Y",,,,,
"3804","ZTBLAIS_PROD","T_CAU_DETAILS","5","CONTENTS_OF_PARA_ID","NUMBER","22","Y",,,,,
"3805","ZTBLAIS_PROD","T_CAU_DETAILS","6","REPLY_OF_MINISTRY_ID","NUMBER","22","Y",,,,,
"3806","ZTBLAIS_PROD","T_CAU_DETAILS","7","REPLY_OF_MANGEMENT_ID","NUMBER","22","Y",,,,,
"3807","ZTBLAIS_PROD","T_CAU_DETAILS","8","DAC_RECOMMENDATION_ID","NUMBER","22","Y",,,,,
"3808","ZTBLAIS_PROD","T_CAU_DETAILS","9","PAC_RECOMMENDATION_ID","NUMBER","22","Y",,,,,
"3809","ZTBLAIS_PROD","T_CAU_DETAILS","10","PROGRESS_ID","NUMBER","22","Y",,,,,
"3810","ZTBLAIS_PROD","T_CAU_DETAILS","11","EVIDANCE_ID","NUMBER","22","Y",,,,,
"3811","ZTBLAIS_PROD","T_CAU_DETAILS","12","RESPONSIBLE_DIV_ID","NUMBER","22","Y",,,,,
"3812","ZTBLAIS_PROD","T_CAU_DETAILS","13","STAGE","NUMBER","22","Y",,,,,
"3813","ZTBLAIS_PROD","T_CAU_DETAILS","14","STATUS","NUMBER","22","Y",,,,,
"3814","ZTBLAIS_PROD","T_CAU_OM","1","ID","NUMBER","22","Y",,,,,
"3815","ZTBLAIS_PROD","T_CAU_OM","2","OM_NO","VARCHAR2","50","Y",,,,,
"3816","ZTBLAIS_PROD","T_CAU_OM","3","CONTENTS_OF_OM","CLOB","4000","Y",,,,,
"3817","ZTBLAIS_PROD","T_CAU_OM","4","DIV_ID","NUMBER","22","Y",,,,,
"3818","ZTBLAIS_PROD","T_CAU_OM","5","STATUS","NUMBER","22","Y",,,,,
"3819","ZTBLAIS_PROD","T_CAU_OM","6","KEY","VARCHAR2","50","Y",,,,,
"3820","ZTBLAIS_PROD","T_CAU_OM","7","ENTERED_BY","NUMBER","22","Y",,,,,
"3821","ZTBLAIS_PROD","T_CAU_OM","8","ENTERED_ON","DATE","7","Y",,,,,
"3822","ZTBLAIS_PROD","T_CAU_OM","9","YEAR","NUMBER","22","Y",,,,,
"3823","ZTBLAIS_PROD","T_CAU_OM_RESPONSE","1","OM_ID","NUMBER","22","Y",,,,,
"3824","ZTBLAIS_PROD","T_CAU_OM_RESPONSE","2","OM_NO","NUMBER","22","Y",,,,,
"3825","ZTBLAIS_PROD","T_CAU_OM_RESPONSE","3","REPLY_OF_MANGEMENT","CLOB","4000","Y",,,,,
"3826","ZTBLAIS_PROD","T_CAU_OM_RESPONSE","4","EVIDANCE","CLOB","4000","Y",,,,,
"3827","ZTBLAIS_PROD","T_CAU_OM_RESPONSE","5","DIV_ID","NUMBER","22","Y",,,,,
"3828","ZTBLAIS_PROD","T_CAU_OM_RESPONSE","6","STATUS","NUMBER","22","Y",,,,,
"3829","ZTBLAIS_PROD","T_CAU_OM_RESPONSE","7","KEY","VARCHAR2","50","Y",,,,,
"3830","ZTBLAIS_PROD","T_CAU_OM_RESPONSE","8","REPLYED_BY","NUMBER","22","Y",,,,,
"3831","ZTBLAIS_PROD","T_CAU_OM_RESPONSE","9","REPLY_ON","DATE","7","Y",,,,,
"3832","ZTBLAIS_PROD","T_CAU_PAC_DIRECTIVES","1","ID","NUMBER","22","Y",,,,,
"3833","ZTBLAIS_PROD","T_CAU_PAC_DIRECTIVES","2","PAC_DATES","DATE","7","Y",,,,,
"3834","ZTBLAIS_PROD","T_CAU_PAC_DIRECTIVES","3","PARA_NO_ID","NUMBER","22","Y",,,,,
"3835","ZTBLAIS_PROD","T_CAU_PAC_DIRECTIVES","4","PAC_DIRECTIVES","CLOB","4000","Y",,,,,
"3836","ZTBLAIS_PROD","T_CAU_PAC_DIRECTIVES","5","ENTERED_BY","NUMBER","22","Y",,,,,
"3837","ZTBLAIS_PROD","T_CAU_PAC_DIRECTIVES","6","ENTERED_ON","DATE","7","Y",,,,,
"3838","ZTBLAIS_PROD","T_CAU_PAC_DIRECTIVES","7","STATUS","VARCHAR2","2","Y",,,,,
"3839","ZTBLAIS_PROD","T_CAU_PAC_DIRECTIVES","8","MEETING_NO","NUMBER","22","Y",,,,,
"3840","ZTBLAIS_PROD","T_CAU_PAC_DIRECTIVES","9","YEAR","NUMBER","22","Y",,,,,
"3841","ZTBLAIS_PROD","T_CAU_PAC_RECOMMENDATION","1","ID","NUMBER","22","Y",,,,,
"3842","ZTBLAIS_PROD","T_CAU_PAC_RECOMMENDATION","2","PAC_DATES","DATE","7","Y",,,,,
"3843","ZTBLAIS_PROD","T_CAU_PAC_RECOMMENDATION","3","PARA_NO_ID","NUMBER","22","Y",,,,,
"3844","ZTBLAIS_PROD","T_CAU_PAC_RECOMMENDATION","4","PAC_RECOMMENDATION","CLOB","4000","Y",,,,,
"3845","ZTBLAIS_PROD","T_CAU_PARA","1","ID","NUMBER","22","Y",,,,,
"3846","ZTBLAIS_PROD","T_CAU_PARA","2","OM_NO","NUMBER","22","Y",,,,,
"3847","ZTBLAIS_PROD","T_CAU_PARA","3","REFERENCE_PARA","VARCHAR2","100","Y",,,,,
"3848","ZTBLAIS_PROD","T_CAU_PARA","4","CONTENTS_OF_PARA","CLOB","4000","Y",,,,,
"3849","ZTBLAIS_PROD","T_CAU_PARA","5","STAGE","NUMBER","22","Y",,,,,
"3850","ZTBLAIS_PROD","T_CAU_PARA","6","STATUS","NUMBER","22","Y",,,,,
"3851","ZTBLAIS_PROD","T_CAU_PARA_MAPPING","1","ID","NUMBER","22","Y",,,,,
"3852","ZTBLAIS_PROD","T_CAU_PARA_MAPPING","2","OM_NO_ID","NUMBER","22","Y",,,,,
"3853","ZTBLAIS_PROD","T_CAU_PARA_MAPPING","3","PARA_NO_ID","NUMBER","22","Y",,,,,
"3854","ZTBLAIS_PROD","T_CAU_PARA_MAPPING","4","RESPONSIBLE_DIV_ID","NUMBER","22","Y",,,,,
"3855","ZTBLAIS_PROD","T_CAU_PARA_PROGRESS","1","ID","NUMBER","22","Y",,,,,
"3856","ZTBLAIS_PROD","T_CAU_PARA_PROGRESS","2","PROGRESS_DATES","DATE","7","Y",,,,,
"3857","ZTBLAIS_PROD","T_CAU_PARA_PROGRESS","3","PARA_NO_ID","NUMBER","22","Y",,,,,
"3858","ZTBLAIS_PROD","T_CAU_PARA_PROGRESS","4","PROGRESS","CLOB","4000","Y",,,,,
"3859","ZTBLAIS_PROD","T_CAU_PDP","1","PDP_ID","NUMBER","22","Y",,,,,
"3860","ZTBLAIS_PROD","T_CAU_PDP","2","AIR_PARA","VARCHAR2","100","Y",,,,,
"3861","ZTBLAIS_PROD","T_CAU_PDP","3","PDP_NO","VARCHAR2","100","Y",,,,,
"3862","ZTBLAIS_PROD","T_CAU_PDP","4","CONTENTS_OF_PARA","CLOB","4000","Y",,,,,
"3863","ZTBLAIS_PROD","T_CAU_PDP","5","STAGE","NUMBER","22","Y",,,,,
"3864","ZTBLAIS_PROD","T_CAU_PDP","6","KEY","VARCHAR2","50","Y",,,,,
"3865","ZTBLAIS_PROD","T_CAU_PDP","7","ENTERED_BY","NUMBER","22","Y",,,,,
"3866","ZTBLAIS_PROD","T_CAU_PDP","8","ENTERED_ON","DATE","7","Y",,,,,
"3867","ZTBLAIS_PROD","T_CAU_PERIOD","1","AUDITPERIODID","NUMBER","22","Y",,,,,
"3868","ZTBLAIS_PROD","T_CAU_PERIOD","2","DESCRIPTION","VARCHAR2","250","Y",,,,,
"3869","ZTBLAIS_PROD","T_CAU_PERIOD","3","START_DATE","DATE","7","Y",,,,,
"3870","ZTBLAIS_PROD","T_CAU_PERIOD","4","END_DATE","DATE","7","Y",,,,,
"3871","ZTBLAIS_PROD","T_CAU_PERIOD","5","STATUS_ID","NUMBER","22","Y",,,,,
"3872","ZTBLAIS_PROD","T_CAU_REPLY_OF_MANGEMENT","1","ID","NUMBER","22","Y",,,,,
"3873","ZTBLAIS_PROD","T_CAU_REPLY_OF_MANGEMENT","2","REPLY_DATES","DATE","7","Y",,,,,
"3874","ZTBLAIS_PROD","T_CAU_REPLY_OF_MANGEMENT","3","PARA_NO_ID","NUMBER","22","Y",,,,,
"3875","ZTBLAIS_PROD","T_CAU_REPLY_OF_MANGEMENT","4","REPLY_OF_MANGEMENT","CLOB","4000","Y",,,,,
"3876","ZTBLAIS_PROD","T_CAU_REPLY_OF_MINISTRY","1","ID","NUMBER","22","Y",,,,,
"3877","ZTBLAIS_PROD","T_CAU_REPLY_OF_MINISTRY","2","REPLY_DATES","DATE","7","Y",,,,,
"3878","ZTBLAIS_PROD","T_CAU_REPLY_OF_MINISTRY","3","PARA_NO_ID","NUMBER","22","Y",,,,,
"3879","ZTBLAIS_PROD","T_CAU_REPLY_OF_MINISTRY","4","REPLY_OF_MINISTRY","CLOB","4000","Y",,,,,
"3880","ZTBLAIS_PROD","T_CAU_REPLY_OF_MINISTRY","5","ENTERED_BY","NUMBER","22","Y",,,,,
"3881","ZTBLAIS_PROD","T_CAU_REPLY_OF_MINISTRY","6","ENTERED_ON","DATE","7","Y",,,,,
"3882","ZTBLAIS_PROD","T_CAU_REPLY_OF_MINISTRY","7","STATUS","VARCHAR2","2","Y",,,,,
"3883","ZTBLAIS_PROD","T_CAU_REPLY_OF_MINISTRY","8","REPLY_NO","NUMBER","22","Y",,,,,
"3884","ZTBLAIS_PROD","T_CAU_STAGES","1","ID","NUMBER","22","Y",,,,,
"3885","ZTBLAIS_PROD","T_CAU_STAGES","2","STAGE","VARCHAR2","100","Y",,,,,
"3886","ZTBLAIS_PROD","T_CAU_STAGES","3","STATUS","VARCHAR2","2","Y",,,,,
"3887","ZTBLAIS_PROD","T_CAU_STATUS","1","ID","NUMBER","22","Y",,,,,
"3888","ZTBLAIS_PROD","T_CAU_STATUS","2","STAGE","NUMBER","22","Y",,,,,
"3889","ZTBLAIS_PROD","T_CAU_STATUS","3","DISCRIPTION","VARCHAR2","150","Y",,,,,
"3890","ZTBLAIS_PROD","T_CAU_STATUS","4","STATUS","VARCHAR2","2","Y",,,,,
"3891","ZTBLAIS_PROD","T_COM_AUDIT_ARPSE","1","ARPSE_ID","NUMBER","22","N","SYS_C001165857","PRIMARY KEY",,,
"3892","ZTBLAIS_PROD","T_COM_AUDIT_ARPSE","2","ARPSE_YEAR_ID","NUMBER","22","N","SYS_C001165850","CHECK",,,
"3893","ZTBLAIS_PROD","T_COM_AUDIT_ARPSE","2","ARPSE_YEAR_ID","NUMBER","22","N","UK_T_COM_AUDIT_ARPSE","UNIQUE",,,
"3894","ZTBLAIS_PROD","T_COM_AUDIT_ARPSE","3","PARA_NO","VARCHAR2","100","N","SYS_C001165851","CHECK",,,
"3895","ZTBLAIS_PROD","T_COM_AUDIT_ARPSE","3","PARA_NO","VARCHAR2","100","N","UK_T_COM_AUDIT_ARPSE","UNIQUE",,,
"3896","ZTBLAIS_PROD","T_COM_AUDIT_ARPSE","4","GIST_OF_PARA","VARCHAR2","500","N","SYS_C001165852","CHECK",,,
"3897","ZTBLAIS_PROD","T_COM_AUDIT_ARPSE","5","MANAGEMENT_RESPONSE","CLOB","4000","Y",,,,,
"3898","ZTBLAIS_PROD","T_COM_AUDIT_ARPSE","6","IS_ACTIVE","CHAR","1","N","CK_T_COM_AUDIT_ARPSE_ACT","CHECK",,,
"3899","ZTBLAIS_PROD","T_COM_AUDIT_ARPSE","6","IS_ACTIVE","CHAR","1","N","SYS_C001165853","CHECK",,,
"3900","ZTBLAIS_PROD","T_COM_AUDIT_ARPSE","7","CREATED_BY","NUMBER","22","N","SYS_C001165854","CHECK",,,
"3901","ZTBLAIS_PROD","T_COM_AUDIT_ARPSE","8","CREATED_ON","DATE","7","N","SYS_C001165855","CHECK",,,
"3902","ZTBLAIS_PROD","T_COM_AUDIT_ARPSE","9","UPDATED_BY","NUMBER","22","Y",,,,,
"3903","ZTBLAIS_PROD","T_COM_AUDIT_ARPSE","10","UPDATED_ON","DATE","7","Y",,,,,
"3904","ZTBLAIS_PROD","T_COM_AUDIT_ARPSE_DAC","1","DAC_ENTRY_ID","NUMBER","22","N","SYS_C001165877","PRIMARY KEY",,,
"3905","ZTBLAIS_PROD","T_COM_AUDIT_ARPSE_DAC","2","ARPSE_ID","NUMBER","22","N","FK_T_COM_AUDIT_DAC_ARPSE","FOREIGN KEY",,,
"3906","ZTBLAIS_PROD","T_COM_AUDIT_ARPSE_DAC","2","ARPSE_ID","NUMBER","22","N","SYS_C001165871","CHECK",,,
"3907","ZTBLAIS_PROD","T_COM_AUDIT_ARPSE_DAC","3","DAC_RECOMMENDATION","CLOB","4000","N","SYS_C001165872","CHECK",,,
"3908","ZTBLAIS_PROD","T_COM_AUDIT_ARPSE_DAC","4","DAC_DATE","DATE","7","Y",,,,,
"3909","ZTBLAIS_PROD","T_COM_AUDIT_ARPSE_DAC","5","UPDATED_STATUS","VARCHAR2","200","Y",,,,,
"3910","ZTBLAIS_PROD","T_COM_AUDIT_ARPSE_DAC","6","IS_ACTIVE","CHAR","1","N","CK_T_COM_AUDIT_DAC_ACT","CHECK",,,
"3911","ZTBLAIS_PROD","T_COM_AUDIT_ARPSE_DAC","6","IS_ACTIVE","CHAR","1","N","SYS_C001165873","CHECK",,,
"3912","ZTBLAIS_PROD","T_COM_AUDIT_ARPSE_DAC","7","CREATED_BY","NUMBER","22","N","SYS_C001165874","CHECK",,,
"3913","ZTBLAIS_PROD","T_COM_AUDIT_ARPSE_DAC","8","CREATED_ON","DATE","7","N","SYS_C001165875","CHECK",,,
"3914","ZTBLAIS_PROD","T_COM_AUDIT_ARPSE_DAC","9","UPDATED_BY","NUMBER","22","Y",,,,,
"3915","ZTBLAIS_PROD","T_COM_AUDIT_ARPSE_DAC","10","UPDATED_ON","DATE","7","Y",,,,,
"3916","ZTBLAIS_PROD","T_COM_AUDIT_ARPSE_DAC_HIST","1","HIST_ID","NUMBER","22","N","SYS_C001165889","PRIMARY KEY",,,
"3917","ZTBLAIS_PROD","T_COM_AUDIT_ARPSE_DAC_HIST","2","DAC_ENTRY_ID","NUMBER","22","N","SYS_C001165879","CHECK",,,
"3918","ZTBLAIS_PROD","T_COM_AUDIT_ARPSE_DAC_HIST","3","ARPSE_ID","NUMBER","22","N","SYS_C001165880","CHECK",,,
"3919","ZTBLAIS_PROD","T_COM_AUDIT_ARPSE_DAC_HIST","4","DAC_RECOMMENDATION","CLOB","4000","N","SYS_C001165881","CHECK",,,
"3920","ZTBLAIS_PROD","T_COM_AUDIT_ARPSE_DAC_HIST","5","DAC_DATE","DATE","7","Y",,,,,
"3921","ZTBLAIS_PROD","T_COM_AUDIT_ARPSE_DAC_HIST","6","UPDATED_STATUS","VARCHAR2","200","Y",,,,,
"3922","ZTBLAIS_PROD","T_COM_AUDIT_ARPSE_DAC_HIST","7","IS_ACTIVE","CHAR","1","N","CK_T_COM_AUDIT_DAC_H_ACT","CHECK",,,
"3923","ZTBLAIS_PROD","T_COM_AUDIT_ARPSE_DAC_HIST","7","IS_ACTIVE","CHAR","1","N","SYS_C001165882","CHECK",,,
"3924","ZTBLAIS_PROD","T_COM_AUDIT_ARPSE_DAC_HIST","8","CREATED_BY","NUMBER","22","N","SYS_C001165883","CHECK",,,
"3925","ZTBLAIS_PROD","T_COM_AUDIT_ARPSE_DAC_HIST","9","CREATED_ON","DATE","7","N","SYS_C001165884","CHECK",,,
"3926","ZTBLAIS_PROD","T_COM_AUDIT_ARPSE_DAC_HIST","10","UPDATED_BY","NUMBER","22","Y",,,,,
"3927","ZTBLAIS_PROD","T_COM_AUDIT_ARPSE_DAC_HIST","11","UPDATED_ON","DATE","7","Y",,,,,
"3928","ZTBLAIS_PROD","T_COM_AUDIT_ARPSE_DAC_HIST","12","SNAPSHOT_ACTION","VARCHAR2","30","N","SYS_C001165885","CHECK",,,
"3929","ZTBLAIS_PROD","T_COM_AUDIT_ARPSE_DAC_HIST","13","SNAPSHOT_BY","NUMBER","22","N","SYS_C001165886","CHECK",,,
"3930","ZTBLAIS_PROD","T_COM_AUDIT_ARPSE_DAC_HIST","14","SNAPSHOT_ON","DATE","7","N","SYS_C001165887","CHECK",,,
"3931","ZTBLAIS_PROD","T_COM_AUDIT_ARPSE_HIST","1","HIST_ID","NUMBER","22","N","SYS_C001165870","PRIMARY KEY",,,
"3932","ZTBLAIS_PROD","T_COM_AUDIT_ARPSE_HIST","2","ARPSE_ID","NUMBER","22","N","SYS_C001165859","CHECK",,,
"3933","ZTBLAIS_PROD","T_COM_AUDIT_ARPSE_HIST","3","ARPSE_YEAR_ID","NUMBER","22","N","SYS_C001165860","CHECK",,,
"3934","ZTBLAIS_PROD","T_COM_AUDIT_ARPSE_HIST","4","PARA_NO","VARCHAR2","100","N","SYS_C001165861","CHECK",,,
"3935","ZTBLAIS_PROD","T_COM_AUDIT_ARPSE_HIST","5","GIST_OF_PARA","VARCHAR2","500","N","SYS_C001165862","CHECK",,,
"3936","ZTBLAIS_PROD","T_COM_AUDIT_ARPSE_HIST","6","MANAGEMENT_RESPONSE","CLOB","4000","Y",,,,,
"3937","ZTBLAIS_PROD","T_COM_AUDIT_ARPSE_HIST","7","IS_ACTIVE","CHAR","1","N","CK_T_COM_AUDIT_ARPSE_H_ACT","CHECK",,,
"3938","ZTBLAIS_PROD","T_COM_AUDIT_ARPSE_HIST","7","IS_ACTIVE","CHAR","1","N","SYS_C001165863","CHECK",,,
"3939","ZTBLAIS_PROD","T_COM_AUDIT_ARPSE_HIST","8","CREATED_BY","NUMBER","22","N","SYS_C001165864","CHECK",,,
"3940","ZTBLAIS_PROD","T_COM_AUDIT_ARPSE_HIST","9","CREATED_ON","DATE","7","N","SYS_C001165865","CHECK",,,
"3941","ZTBLAIS_PROD","T_COM_AUDIT_ARPSE_HIST","10","UPDATED_BY","NUMBER","22","Y",,,,,
"3942","ZTBLAIS_PROD","T_COM_AUDIT_ARPSE_HIST","11","UPDATED_ON","DATE","7","Y",,,,,
"3943","ZTBLAIS_PROD","T_COM_AUDIT_ARPSE_HIST","12","SNAPSHOT_ACTION","VARCHAR2","30","N","SYS_C001165866","CHECK",,,
"3944","ZTBLAIS_PROD","T_COM_AUDIT_ARPSE_HIST","13","SNAPSHOT_BY","NUMBER","22","N","SYS_C001165867","CHECK",,,
"3945","ZTBLAIS_PROD","T_COM_AUDIT_ARPSE_HIST","14","SNAPSHOT_ON","DATE","7","N","SYS_C001165868","CHECK",,,
"3946","ZTBLAIS_PROD","T_COM_AUDIT_ARPSE_PAC","1","PAC_ENTRY_ID","NUMBER","22","N","SYS_C001165896","PRIMARY KEY",,,
"3947","ZTBLAIS_PROD","T_COM_AUDIT_ARPSE_PAC","2","ARPSE_ID","NUMBER","22","N","FK_T_COM_AUDIT_PAC_ARPSE","FOREIGN KEY",,,
"3948","ZTBLAIS_PROD","T_COM_AUDIT_ARPSE_PAC","2","ARPSE_ID","NUMBER","22","N","SYS_C001165890","CHECK",,,
"3949","ZTBLAIS_PROD","T_COM_AUDIT_ARPSE_PAC","3","PAC_DIRECTIVE","CLOB","4000","N","SYS_C001165891","CHECK",,,
"3950","ZTBLAIS_PROD","T_COM_AUDIT_ARPSE_PAC","4","PAC_DATE","DATE","7","Y",,,,,
"3951","ZTBLAIS_PROD","T_COM_AUDIT_ARPSE_PAC","5","UPDATED_STATUS","VARCHAR2","200","Y",,,,,
"3952","ZTBLAIS_PROD","T_COM_AUDIT_ARPSE_PAC","6","IS_ACTIVE","CHAR","1","N","CK_T_COM_AUDIT_PAC_ACT","CHECK",,,
"3953","ZTBLAIS_PROD","T_COM_AUDIT_ARPSE_PAC","6","IS_ACTIVE","CHAR","1","N","SYS_C001165892","CHECK",,,
"3954","ZTBLAIS_PROD","T_COM_AUDIT_ARPSE_PAC","7","CREATED_BY","NUMBER","22","N","SYS_C001165893","CHECK",,,
"3955","ZTBLAIS_PROD","T_COM_AUDIT_ARPSE_PAC","8","CREATED_ON","DATE","7","N","SYS_C001165894","CHECK",,,
"3956","ZTBLAIS_PROD","T_COM_AUDIT_ARPSE_PAC","9","UPDATED_BY","NUMBER","22","Y",,,,,
"3957","ZTBLAIS_PROD","T_COM_AUDIT_ARPSE_PAC","10","UPDATED_ON","DATE","7","Y",,,,,
"3958","ZTBLAIS_PROD","T_COM_AUDIT_ARPSE_PAC_HIST","1","HIST_ID","NUMBER","22","N","SYS_C001165908","PRIMARY KEY",,,
"3959","ZTBLAIS_PROD","T_COM_AUDIT_ARPSE_PAC_HIST","2","PAC_ENTRY_ID","NUMBER","22","N","SYS_C001165898","CHECK",,,
"3960","ZTBLAIS_PROD","T_COM_AUDIT_ARPSE_PAC_HIST","3","ARPSE_ID","NUMBER","22","N","SYS_C001165899","CHECK",,,
"3961","ZTBLAIS_PROD","T_COM_AUDIT_ARPSE_PAC_HIST","4","PAC_DIRECTIVE","CLOB","4000","N","SYS_C001165900","CHECK",,,
"3962","ZTBLAIS_PROD","T_COM_AUDIT_ARPSE_PAC_HIST","5","PAC_DATE","DATE","7","Y",,,,,
"3963","ZTBLAIS_PROD","T_COM_AUDIT_ARPSE_PAC_HIST","6","UPDATED_STATUS","VARCHAR2","200","Y",,,,,
"3964","ZTBLAIS_PROD","T_COM_AUDIT_ARPSE_PAC_HIST","7","IS_ACTIVE","CHAR","1","N","CK_T_COM_AUDIT_PAC_H_ACT","CHECK",,,
"3965","ZTBLAIS_PROD","T_COM_AUDIT_ARPSE_PAC_HIST","7","IS_ACTIVE","CHAR","1","N","SYS_C001165901","CHECK",,,
"3966","ZTBLAIS_PROD","T_COM_AUDIT_ARPSE_PAC_HIST","8","CREATED_BY","NUMBER","22","N","SYS_C001165902","CHECK",,,
"3967","ZTBLAIS_PROD","T_COM_AUDIT_ARPSE_PAC_HIST","9","CREATED_ON","DATE","7","N","SYS_C001165903","CHECK",,,
"3968","ZTBLAIS_PROD","T_COM_AUDIT_ARPSE_PAC_HIST","10","UPDATED_BY","NUMBER","22","Y",,,,,
"3969","ZTBLAIS_PROD","T_COM_AUDIT_ARPSE_PAC_HIST","11","UPDATED_ON","DATE","7","Y",,,,,
"3970","ZTBLAIS_PROD","T_COM_AUDIT_ARPSE_PAC_HIST","12","SNAPSHOT_ACTION","VARCHAR2","30","N","SYS_C001165904","CHECK",,,
"3971","ZTBLAIS_PROD","T_COM_AUDIT_ARPSE_PAC_HIST","13","SNAPSHOT_BY","NUMBER","22","N","SYS_C001165905","CHECK",,,
"3972","ZTBLAIS_PROD","T_COM_AUDIT_ARPSE_PAC_HIST","14","SNAPSHOT_ON","DATE","7","N","SYS_C001165906","CHECK",,,
"3973","ZTBLAIS_PROD","T_COM_AUDIT_OM","1","OM_ID","NUMBER","22","N","SYS_C001165791","PRIMARY KEY",,,
"3974","ZTBLAIS_PROD","T_COM_AUDIT_OM","2","AUDIT_YEAR_ID","NUMBER","22","N","SYS_C001165783","CHECK",,,
"3975","ZTBLAIS_PROD","T_COM_AUDIT_OM","2","AUDIT_YEAR_ID","NUMBER","22","N","UK_T_COM_AUDIT_OM","UNIQUE",,,
"3976","ZTBLAIS_PROD","T_COM_AUDIT_OM","3","OM_NO","VARCHAR2","100","N","SYS_C001165784","CHECK",,,
"3977","ZTBLAIS_PROD","T_COM_AUDIT_OM","3","OM_NO","VARCHAR2","100","N","UK_T_COM_AUDIT_OM","UNIQUE",,,
"3978","ZTBLAIS_PROD","T_COM_AUDIT_OM","4","GIST_OF_OM","VARCHAR2","500","N","SYS_C001165785","CHECK",,,
"3979","ZTBLAIS_PROD","T_COM_AUDIT_OM","5","BODY_OF_OM","CLOB","4000","N","SYS_C001165786","CHECK",,,
"3980","ZTBLAIS_PROD","T_COM_AUDIT_OM","6","MANAGEMENT_RESPONSE","CLOB","4000","Y",,,,,
"3981","ZTBLAIS_PROD","T_COM_AUDIT_OM","7","IS_ACTIVE","CHAR","1","N","CK_T_COM_AUDIT_OM_ACT","CHECK",,,
"3982","ZTBLAIS_PROD","T_COM_AUDIT_OM","7","IS_ACTIVE","CHAR","1","N","SYS_C001165787","CHECK",,,
"3983","ZTBLAIS_PROD","T_COM_AUDIT_OM","8","CREATED_BY","NUMBER","22","N","SYS_C001165788","CHECK",,,
"3984","ZTBLAIS_PROD","T_COM_AUDIT_OM","9","CREATED_ON","DATE","7","N","SYS_C001165789","CHECK",,,
"3985","ZTBLAIS_PROD","T_COM_AUDIT_OM","10","UPDATED_BY","NUMBER","22","Y",,,,,
"3986","ZTBLAIS_PROD","T_COM_AUDIT_OM","11","UPDATED_ON","DATE","7","Y",,,,,
"3987","ZTBLAIS_PROD","T_COM_AUDIT_OM_HIST","1","HIST_ID","NUMBER","22","N","SYS_C001165805","PRIMARY KEY",,,
"3988","ZTBLAIS_PROD","T_COM_AUDIT_OM_HIST","2","OM_ID","NUMBER","22","N","SYS_C001165793","CHECK",,,
"3989","ZTBLAIS_PROD","T_COM_AUDIT_OM_HIST","3","AUDIT_YEAR_ID","NUMBER","22","N","SYS_C001165794","CHECK",,,
"3990","ZTBLAIS_PROD","T_COM_AUDIT_OM_HIST","4","OM_NO","VARCHAR2","100","N","SYS_C001165795","CHECK",,,
"3991","ZTBLAIS_PROD","T_COM_AUDIT_OM_HIST","5","GIST_OF_OM","VARCHAR2","500","N","SYS_C001165796","CHECK",,,
"3992","ZTBLAIS_PROD","T_COM_AUDIT_OM_HIST","6","BODY_OF_OM","CLOB","4000","N","SYS_C001165797","CHECK",,,
"3993","ZTBLAIS_PROD","T_COM_AUDIT_OM_HIST","7","MANAGEMENT_RESPONSE","CLOB","4000","Y",,,,,
"3994","ZTBLAIS_PROD","T_COM_AUDIT_OM_HIST","8","IS_ACTIVE","CHAR","1","N","CK_T_COM_AUDIT_OM_H_ACT","CHECK",,,
"3995","ZTBLAIS_PROD","T_COM_AUDIT_OM_HIST","8","IS_ACTIVE","CHAR","1","N","SYS_C001165798","CHECK",,,
"3996","ZTBLAIS_PROD","T_COM_AUDIT_OM_HIST","9","CREATED_BY","NUMBER","22","N","SYS_C001165799","CHECK",,,
"3997","ZTBLAIS_PROD","T_COM_AUDIT_OM_HIST","10","CREATED_ON","DATE","7","N","SYS_C001165800","CHECK",,,
"3998","ZTBLAIS_PROD","T_COM_AUDIT_OM_HIST","11","UPDATED_BY","NUMBER","22","Y",,,,,
"3999","ZTBLAIS_PROD","T_COM_AUDIT_OM_HIST","12","UPDATED_ON","DATE","7","Y",,,,,
"4000","ZTBLAIS_PROD","T_COM_AUDIT_OM_HIST","13","SNAPSHOT_ACTION","VARCHAR2","30","N","SYS_C001165801","CHECK",,,
"4001","ZTBLAIS_PROD","T_COM_AUDIT_OM_HIST","14","SNAPSHOT_BY","NUMBER","22","N","SYS_C001165802","CHECK",,,
"4002","ZTBLAIS_PROD","T_COM_AUDIT_OM_HIST","15","SNAPSHOT_ON","DATE","7","N","SYS_C001165803","CHECK",,,
"4003","ZTBLAIS_PROD","T_COM_AUDIT_PDP","1","PDP_ID","NUMBER","22","N","SYS_C001165814","PRIMARY KEY",,,
"4004","ZTBLAIS_PROD","T_COM_AUDIT_PDP","2","AUDIT_YEAR_ID","NUMBER","22","N","SYS_C001165806","CHECK",,,
"4005","ZTBLAIS_PROD","T_COM_AUDIT_PDP","2","AUDIT_YEAR_ID","NUMBER","22","N","UK_T_COM_AUDIT_PDP","UNIQUE",,,
"4006","ZTBLAIS_PROD","T_COM_AUDIT_PDP","3","PDP_NO","VARCHAR2","100","N","SYS_C001165807","CHECK",,,
"4007","ZTBLAIS_PROD","T_COM_AUDIT_PDP","3","PDP_NO","VARCHAR2","100","N","UK_T_COM_AUDIT_PDP","UNIQUE",,,
"4008","ZTBLAIS_PROD","T_COM_AUDIT_PDP","4","GIST_OF_PDP","VARCHAR2","500","N","SYS_C001165808","CHECK",,,
"4009","ZTBLAIS_PROD","T_COM_AUDIT_PDP","5","BODY_OF_PDP","CLOB","4000","N","SYS_C001165809","CHECK",,,
"4010","ZTBLAIS_PROD","T_COM_AUDIT_PDP","6","MANAGEMENT_RESPONSE","CLOB","4000","Y",,,,,
"4011","ZTBLAIS_PROD","T_COM_AUDIT_PDP","7","DAC_RECOMMENDATIONS","CLOB","4000","Y",,,,,
"4012","ZTBLAIS_PROD","T_COM_AUDIT_PDP","8","UPDATED_STATUS","VARCHAR2","200","Y",,,,,
"4013","ZTBLAIS_PROD","T_COM_AUDIT_PDP","9","IS_ACTIVE","CHAR","1","N","CK_T_COM_AUDIT_PDP_ACT","CHECK",,,
"4014","ZTBLAIS_PROD","T_COM_AUDIT_PDP","9","IS_ACTIVE","CHAR","1","N","SYS_C001165810","CHECK",,,
"4015","ZTBLAIS_PROD","T_COM_AUDIT_PDP","10","CREATED_BY","NUMBER","22","N","SYS_C001165811","CHECK",,,
"4016","ZTBLAIS_PROD","T_COM_AUDIT_PDP","11","CREATED_ON","DATE","7","N","SYS_C001165812","CHECK",,,
"4017","ZTBLAIS_PROD","T_COM_AUDIT_PDP","12","UPDATED_BY","NUMBER","22","Y",,,,,
"4018","ZTBLAIS_PROD","T_COM_AUDIT_PDP","13","UPDATED_ON","DATE","7","Y",,,,,
"4019","ZTBLAIS_PROD","T_COM_AUDIT_PDP_HIST","1","HIST_ID","NUMBER","22","N","SYS_C001165828","PRIMARY KEY",,,
"4020","ZTBLAIS_PROD","T_COM_AUDIT_PDP_HIST","2","PDP_ID","NUMBER","22","N","SYS_C001165816","CHECK",,,
"4021","ZTBLAIS_PROD","T_COM_AUDIT_PDP_HIST","3","AUDIT_YEAR_ID","NUMBER","22","N","SYS_C001165817","CHECK",,,
"4022","ZTBLAIS_PROD","T_COM_AUDIT_PDP_HIST","4","PDP_NO","VARCHAR2","100","N","SYS_C001165818","CHECK",,,
"4023","ZTBLAIS_PROD","T_COM_AUDIT_PDP_HIST","5","GIST_OF_PDP","VARCHAR2","500","N","SYS_C001165819","CHECK",,,
"4024","ZTBLAIS_PROD","T_COM_AUDIT_PDP_HIST","6","BODY_OF_PDP","CLOB","4000","N","SYS_C001165820","CHECK",,,
"4025","ZTBLAIS_PROD","T_COM_AUDIT_PDP_HIST","7","MANAGEMENT_RESPONSE","CLOB","4000","Y",,,,,
"4026","ZTBLAIS_PROD","T_COM_AUDIT_PDP_HIST","8","DAC_RECOMMENDATIONS","CLOB","4000","Y",,,,,
"4027","ZTBLAIS_PROD","T_COM_AUDIT_PDP_HIST","9","UPDATED_STATUS","VARCHAR2","200","Y",,,,,
"4028","ZTBLAIS_PROD","T_COM_AUDIT_PDP_HIST","10","IS_ACTIVE","CHAR","1","N","CK_T_COM_AUDIT_PDP_H_ACT","CHECK",,,
"4029","ZTBLAIS_PROD","T_COM_AUDIT_PDP_HIST","10","IS_ACTIVE","CHAR","1","N","SYS_C001165821","CHECK",,,
"4030","ZTBLAIS_PROD","T_COM_AUDIT_PDP_HIST","11","CREATED_BY","NUMBER","22","N","SYS_C001165822","CHECK",,,
"4031","ZTBLAIS_PROD","T_COM_AUDIT_PDP_HIST","12","CREATED_ON","DATE","7","N","SYS_C001165823","CHECK",,,
"4032","ZTBLAIS_PROD","T_COM_AUDIT_PDP_HIST","13","UPDATED_BY","NUMBER","22","Y",,,,,
"4033","ZTBLAIS_PROD","T_COM_AUDIT_PDP_HIST","14","UPDATED_ON","DATE","7","Y",,,,,
"4034","ZTBLAIS_PROD","T_COM_AUDIT_PDP_HIST","15","SNAPSHOT_ACTION","VARCHAR2","30","N","SYS_C001165824","CHECK",,,
"4035","ZTBLAIS_PROD","T_COM_AUDIT_PDP_HIST","16","SNAPSHOT_BY","NUMBER","22","N","SYS_C001165825","CHECK",,,
"4036","ZTBLAIS_PROD","T_COM_AUDIT_PDP_HIST","17","SNAPSHOT_ON","DATE","7","N","SYS_C001165826","CHECK",,,
"4037","ZTBLAIS_PROD","T_COM_AUDIT_PDP_OM_MAP","1","MAPPING_ID","NUMBER","22","N","SYS_C001165835","PRIMARY KEY",,,
"4038","ZTBLAIS_PROD","T_COM_AUDIT_PDP_OM_MAP","2","PDP_ID","NUMBER","22","N","FK_T_COM_AUDIT_MAP_PDP","FOREIGN KEY",,,
"4039","ZTBLAIS_PROD","T_COM_AUDIT_PDP_OM_MAP","2","PDP_ID","NUMBER","22","N","SYS_C001165829","CHECK",,,
"4040","ZTBLAIS_PROD","T_COM_AUDIT_PDP_OM_MAP","2","PDP_ID","NUMBER","22","N","UK_T_COM_AUDIT_PDP_OM","UNIQUE",,,
"4041","ZTBLAIS_PROD","T_COM_AUDIT_PDP_OM_MAP","3","OM_ID","NUMBER","22","N","FK_T_COM_AUDIT_MAP_OM","FOREIGN KEY",,,
"4042","ZTBLAIS_PROD","T_COM_AUDIT_PDP_OM_MAP","3","OM_ID","NUMBER","22","N","SYS_C001165830","CHECK",,,
"4043","ZTBLAIS_PROD","T_COM_AUDIT_PDP_OM_MAP","3","OM_ID","NUMBER","22","N","UK_T_COM_AUDIT_PDP_OM","UNIQUE",,,
"4044","ZTBLAIS_PROD","T_COM_AUDIT_PDP_OM_MAP","4","IS_ACTIVE","CHAR","1","N","CK_T_COM_AUDIT_MAP_ACT","CHECK",,,
"4045","ZTBLAIS_PROD","T_COM_AUDIT_PDP_OM_MAP","4","IS_ACTIVE","CHAR","1","N","SYS_C001165831","CHECK",,,
"4046","ZTBLAIS_PROD","T_COM_AUDIT_PDP_OM_MAP","5","CREATED_BY","NUMBER","22","N","SYS_C001165832","CHECK",,,
"4047","ZTBLAIS_PROD","T_COM_AUDIT_PDP_OM_MAP","6","CREATED_ON","DATE","7","N","SYS_C001165833","CHECK",,,
"4048","ZTBLAIS_PROD","T_COM_AUDIT_PDP_OM_MAP","7","UPDATED_BY","NUMBER","22","Y",,,,,
"4049","ZTBLAIS_PROD","T_COM_AUDIT_PDP_OM_MAP","8","UPDATED_ON","DATE","7","Y",,,,,
"4050","ZTBLAIS_PROD","T_COM_AUDIT_PDP_OM_MAP_HIST","1","HIST_ID","NUMBER","22","N","SYS_C001165849","PRIMARY KEY",,,
"4051","ZTBLAIS_PROD","T_COM_AUDIT_PDP_OM_MAP_HIST","2","MAPPING_ID","NUMBER","22","N","SYS_C001165839","CHECK",,,
"4052","ZTBLAIS_PROD","T_COM_AUDIT_PDP_OM_MAP_HIST","3","PDP_ID","NUMBER","22","N","SYS_C001165840","CHECK",,,
"4053","ZTBLAIS_PROD","T_COM_AUDIT_PDP_OM_MAP_HIST","4","OM_ID","NUMBER","22","N","SYS_C001165841","CHECK",,,
"4054","ZTBLAIS_PROD","T_COM_AUDIT_PDP_OM_MAP_HIST","5","IS_ACTIVE","CHAR","1","N","CK_T_COM_AUDIT_MAP_H_ACT","CHECK",,,
"4055","ZTBLAIS_PROD","T_COM_AUDIT_PDP_OM_MAP_HIST","5","IS_ACTIVE","CHAR","1","N","SYS_C001165842","CHECK",,,
"4056","ZTBLAIS_PROD","T_COM_AUDIT_PDP_OM_MAP_HIST","6","CREATED_BY","NUMBER","22","N","SYS_C001165843","CHECK",,,
"4057","ZTBLAIS_PROD","T_COM_AUDIT_PDP_OM_MAP_HIST","7","CREATED_ON","DATE","7","N","SYS_C001165844","CHECK",,,
"4058","ZTBLAIS_PROD","T_COM_AUDIT_PDP_OM_MAP_HIST","8","UPDATED_BY","NUMBER","22","Y",,,,,
"4059","ZTBLAIS_PROD","T_COM_AUDIT_PDP_OM_MAP_HIST","9","UPDATED_ON","DATE","7","Y",,,,,
"4060","ZTBLAIS_PROD","T_COM_AUDIT_PDP_OM_MAP_HIST","10","SNAPSHOT_ACTION","VARCHAR2","30","N","SYS_C001165845","CHECK",,,
"4061","ZTBLAIS_PROD","T_COM_AUDIT_PDP_OM_MAP_HIST","11","SNAPSHOT_BY","NUMBER","22","N","SYS_C001165846","CHECK",,,
"4062","ZTBLAIS_PROD","T_COM_AUDIT_PDP_OM_MAP_HIST","12","SNAPSHOT_ON","DATE","7","N","SYS_C001165847","CHECK",,,
"4063","ZTBLAIS_PROD","T_CONTROL_VIOLATION","1","ID","NUMBER","22","N","ID","PRIMARY KEY",,,
"4064","ZTBLAIS_PROD","T_CONTROL_VIOLATION","2","V_NAME","VARCHAR2","100","Y",,,,,
"4065","ZTBLAIS_PROD","T_CONTROL_VIOLATION","3","MAX_NUMBER","NUMBER","22","Y",,,,,
"4066","ZTBLAIS_PROD","T_CONTROL_VIOLATION","4","STATUS","VARCHAR2","2","Y",,,,,
"4067","ZTBLAIS_PROD","T_CONTROL_VIOLATION_SUB","1","ID","NUMBER","22","N","SUB_ID","PRIMARY KEY",,,
"4068","ZTBLAIS_PROD","T_CONTROL_VIOLATION_SUB","2","V_ID","NUMBER","22","Y","VOILATION_ID","FOREIGN KEY",,,
"4069","ZTBLAIS_PROD","T_CONTROL_VIOLATION_SUB","3","SUB_V_NAME","VARCHAR2","200","Y",,,,,
"4070","ZTBLAIS_PROD","T_CONTROL_VIOLATION_SUB","4","RISK_ID","NUMBER","22","Y",,,,,
"4071","ZTBLAIS_PROD","T_CONTROL_VIOLATION_SUB","5","STATUS","VARCHAR2","2","Y",,,,,
"4072","ZTBLAIS_PROD","T_CONTROL_VIOLATION_SUB_RISK","1","ID","NUMBER","22","N","MATRIX_ID","PRIMARY KEY",,,
"4073","ZTBLAIS_PROD","T_CONTROL_VIOLATION_SUB_RISK","2","V_ID","NUMBER","22","Y","VOIL_ID","FOREIGN KEY",,,
"4074","ZTBLAIS_PROD","T_CONTROL_VIOLATION_SUB_RISK","3","SUB_ID","NUMBER","22","Y","SUB_VOIL_ID","FOREIGN KEY",,,
"4075","ZTBLAIS_PROD","T_CONTROL_VIOLATION_SUB_RISK","4","RISK","NUMBER","22","Y",,,,,
"4076","ZTBLAIS_PROD","T_CONTROL_VIOLATION_SUB_RISK","5","MAX_NUMBER","NUMBER","22","Y",,,,,
"4077","ZTBLAIS_PROD","T_CONTROL_VIOLATION_SUB_RISK","6","NUMBEROFVOILATIONS","NUMBER","22","Y",,,,,
"4078","ZTBLAIS_PROD","T_CONTROL_VIOLATION_SUB_RISK","7","RISK_WEIGHTAGE","NUMBER","22","Y",,,,,
"4079","ZTBLAIS_PROD","T_CONTROL_VIOLATION_SUB_RISK","8","STATUS","VARCHAR2","2","Y",,,,,
"4080","ZTBLAIS_PROD","T_COSO_RATING","1","ID","NUMBER","22","Y",,,,,
"4081","ZTBLAIS_PROD","T_COSO_RATING","2","RATING","VARCHAR2","2","Y",,,,,
"4082","ZTBLAIS_PROD","T_COSO_RATING","3","RANGE_START","NUMBER","22","Y",,,,,
"4083","ZTBLAIS_PROD","T_COSO_RATING","4","RANGE_END","NUMBER","22","Y",,,,,
"4084","ZTBLAIS_PROD","T_COSO_RATING_DEPARTMENT","1","AUDIT_PERIOD","VARCHAR2","100","Y",,,,,
"4085","ZTBLAIS_PROD","T_COSO_RATING_DEPARTMENT","2","DEPT_NAME","VARCHAR2","100","Y",,,,,
"4086","ZTBLAIS_PROD","T_COSO_RATING_DEPARTMENT","3","RATING_FACTORS","VARCHAR2","100","Y",,,,,
"4087","ZTBLAIS_PROD","T_COSO_RATING_DEPARTMENT","4","SUB_FACTORS","NUMBER","22","Y",,,,,
"4088","ZTBLAIS_PROD","T_COSO_RATING_DEPARTMENT","5","MAX_SCORE","NUMBER","22","Y",,,,,
"4089","ZTBLAIS_PROD","T_COSO_RATING_DEPARTMENT","6","WEIGHT_ASSIGNED","NUMBER","22","Y",,,,,
"4090","ZTBLAIS_PROD","T_COSO_RATING_DEPARTMENT","7","NO_OF_OBSERVATIONS","NUMBER","22","Y",,,,,
"4091","ZTBLAIS_PROD","T_COSO_RATING_DEPARTMENT","8","WEIGHTED_AVERAGE_SCORE","NUMBER","22","Y",,,,,
"4092","ZTBLAIS_PROD","T_COSO_RATING_DEPARTMENT","9","AUDIT_RATING","VARCHAR2","2","Y",,,,,
"4093","ZTBLAIS_PROD","T_COSO_RATING_DEPARTMENT","10","STATUS","VARCHAR2","2","Y",,,,,
"4094","ZTBLAIS_PROD","T_COSO_RATING_DEPARTMENT","11","ENTITY_ID","NUMBER","22","Y",,,,,
"4095","ZTBLAIS_PROD","T_COSO_RATING_DEPARTMENT","12","ENG_ID","NUMBER","22","Y",,,,,
"4096","ZTBLAIS_PROD","T_COSO_RATING_DEPARTMENT_FINAL","1","AUDIT_PERIOD","VARCHAR2","100","Y",,,,,
"4097","ZTBLAIS_PROD","T_COSO_RATING_DEPARTMENT_FINAL","2","DEPT","VARCHAR2","100","Y",,,,,
"4098","ZTBLAIS_PROD","T_COSO_RATING_DEPARTMENT_FINAL","3","BASE_SCORE","NUMBER","22","Y",,,,,
"4099","ZTBLAIS_PROD","T_COSO_RATING_DEPARTMENT_FINAL","4","FINAL_RATING","VARCHAR2","2","Y",,,,,
"4100","ZTBLAIS_PROD","T_COSO_RATING_DEPARTMENT_FINAL","5","ENTITY_ID","NUMBER","22","Y",,,,,
"4101","ZTBLAIS_PROD","T_COSO_RATING_DEPARTMENT_FINAL","6","LIKELIHOOD","NUMBER","22","Y",,,,,
"4102","ZTBLAIS_PROD","T_COSO_RATING_DEPARTMENT_FINAL","7","FINAL_SCORE","NUMBER","22","Y",,,,,
"4103","ZTBLAIS_PROD","T_COSO_RATING_DEPARTMENT_INHERITED_RISK","1","AUDIT_PERIOD","VARCHAR2","100","Y",,,,,
"4104","ZTBLAIS_PROD","T_COSO_RATING_DEPARTMENT_INHERITED_RISK","2","DEPT_NAME","VARCHAR2","100","Y",,,,,
"4105","ZTBLAIS_PROD","T_COSO_RATING_DEPARTMENT_INHERITED_RISK","3","COSO_BASE_RATING_FACTORS","VARCHAR2","100","Y",,,,,
"4106","ZTBLAIS_PROD","T_COSO_RATING_DEPARTMENT_INHERITED_RISK","4","NUMBER_OF_SUB_FACTORS","NUMBER","22","Y",,,,,
"4107","ZTBLAIS_PROD","T_COSO_RATING_DEPARTMENT_INHERITED_RISK","5","MAXIMUM_SCORE_OF_SUB_FACTORS","NUMBER","22","Y",,,,,
"4108","ZTBLAIS_PROD","T_COSO_RATING_DEPARTMENT_INHERITED_RISK","6","OVERALL_WEIGHT_ASSIGNED","NUMBER","22","Y",,,,,
"4109","ZTBLAIS_PROD","T_COSO_RATING_DEPARTMENT_INHERITED_RISK","7","SCORE_ASSIGNED_BY_AUDITOR","NUMBER","22","Y",,,,,
"4110","ZTBLAIS_PROD","T_COSO_RATING_DEPARTMENT_INHERITED_RISK","8","WEIGHTED_AVERAGE_SCORE","NUMBER","22","Y",,,,,
"4111","ZTBLAIS_PROD","T_COSO_RATING_DEPARTMENT_INHERITED_RISK","9","AUDIT_RATING","VARCHAR2","2","Y",,,,,
"4112","ZTBLAIS_PROD","T_COSO_RATING_DEPARTMENT_INHERITED_RISK","10","STATUS","VARCHAR2","2","Y",,,,,
"4113","ZTBLAIS_PROD","T_COSO_RATING_DEPARTMENT_INHERITED_RISK","11","ENTITY_ID","NUMBER","22","Y",,,,,
"4114","ZTBLAIS_PROD","T_COSO_RATING_DEPARTMENT_STATUS","1","ID","NUMBER","22","Y",,,,,
"4115","ZTBLAIS_PROD","T_COSO_RATING_DEPARTMENT_STATUS","2","DISCRIPTION","VARCHAR2","50","Y",,,,,
"4116","ZTBLAIS_PROD","T_COSO_RATING_DEPARTMENT_STATUS","3","STATUS","VARCHAR2","2","Y",,,,,
"4117","ZTBLAIS_PROD","T_COSO_RATING_FACTORS","1","ID","NUMBER","22","Y",,,,,
"4118","ZTBLAIS_PROD","T_COSO_RATING_FACTORS","2","RATING_FACTORS","VARCHAR2","100","Y",,,,,
"4119","ZTBLAIS_PROD","T_COSO_RATING_FACTORS","3","WEIGHT_ASSIGNED","NUMBER","22","Y",,,,,
"4120","ZTBLAIS_PROD","T_COSO_RATING_FACTORS","4","STATUS","VARCHAR2","2","Y",,,,,
"4121","ZTBLAIS_PROD","T_COSO_RISK","1","R_ID","NUMBER","22","Y",,,,,
"4122","ZTBLAIS_PROD","T_COSO_RISK","2","DESCRIPTION","VARCHAR2","10","Y",,,,,
"4123","ZTBLAIS_PROD","T_COSO_RISK","3","RATING","NUMBER","22","Y",,,,,
"4124","ZTBLAIS_PROD","T_DASHBOARD_SCORECARD","1","DEPARTMENT","VARCHAR2","200","Y",,,,,
"4125","ZTBLAIS_PROD","T_DASHBOARD_SCORECARD","2","HEADING","VARCHAR2","100","Y",,,,,
"4126","ZTBLAIS_PROD","T_DASHBOARD_SCORECARD","3","NO_OF_ENT","NUMBER","22","Y",,,,,
"4127","ZTBLAIS_PROD","T_DASHBOARD_SCORECARD","4","TOT_ENT","NUMBER","22","Y",,,,,
"4128","ZTBLAIS_PROD","T_DASHBOARD_SCORECARD","5","PENCENT","VARCHAR2","41","Y",,,,,
"4129","ZTBLAIS_PROD","T_DASHBOARD_SCORECARD","6","REMARKS","VARCHAR2","500","Y",,,,,
"4130","ZTBLAIS_PROD","T_EMAIL_ADDRESS","1","PPNO","NUMBER","22","Y",,,,,
"4131","ZTBLAIS_PROD","T_EMAIL_ADDRESS","2","EMAIL","VARCHAR2","100","Y",,,,,
"4132","ZTBLAIS_PROD","T_EMAIL_ADDRESS","3","ENTITY_ID","NUMBER","22","Y",,,,,
"4133","ZTBLAIS_PROD","T_EMAIL_ADDRESS","4","ROLEID","NUMBER","22","Y",,,,,
"4134","ZTBLAIS_PROD","T_EMAIL_ADDRESS","5","STATUS","VARCHAR2","2","Y",,,,,
"4135","ZTBLAIS_PROD","T_EMP_EMAILS","1","PPNO","NUMBER","22","Y",,,,,
"4136","ZTBLAIS_PROD","T_EMP_EMAILS","2","EMAILID","VARCHAR2","100","Y",,,,,
"4137","ZTBLAIS_PROD","T_EXCEPTIONS_DATA","1","EXC_ID","NUMBER","22","N","PK_EXCEPTIONS_DATA","PRIMARY KEY",,,
"4138","ZTBLAIS_PROD","T_EXCEPTIONS_DATA","1","EXC_ID","NUMBER","22","N","SYS_C001117619","CHECK",,,
"4139","ZTBLAIS_PROD","T_EXCEPTIONS_DATA","2","ER_ID","NUMBER","22","N","SYS_C001117620","CHECK",,,
"4140","ZTBLAIS_PROD","T_EXCEPTIONS_DATA","2","ER_ID","NUMBER","22","N","UQ_EXC_DATA","UNIQUE",,,
"4141","ZTBLAIS_PROD","T_EXCEPTIONS_DATA","3","ENG_ID","NUMBER","22","N","SYS_C001117621","CHECK",,,
"4142","ZTBLAIS_PROD","T_EXCEPTIONS_DATA","3","ENG_ID","NUMBER","22","N","UQ_EXC_DATA","UNIQUE",,,
"4143","ZTBLAIS_PROD","T_EXCEPTIONS_DATA","4","ACCOUNT_ID","VARCHAR2","40","N","SYS_C001117622","CHECK",,,
"4144","ZTBLAIS_PROD","T_EXCEPTIONS_DATA","4","ACCOUNT_ID","VARCHAR2","40","N","UQ_EXC_DATA","UNIQUE",,,
"4145","ZTBLAIS_PROD","T_EXCEPTIONS_DATA","5","REPORT_DATE","DATE","7","Y",,,,,
"4146","ZTBLAIS_PROD","T_EXCEPTIONS_DATA","6","REPORT_AMOUNT","NUMBER","22","Y",,,,,
"4147","ZTBLAIS_PROD","T_EXCEPTION_ACCOUNTS","1","ACC_ID","NUMBER","22","N","SYS_C001118489","CHECK",,,
"4148","ZTBLAIS_PROD","T_EXCEPTION_ACCOUNTS","2","ACCOUNT_ID","VARCHAR2","40","N","PK_EXC_ACCOUNTS","PRIMARY KEY",,,
"4149","ZTBLAIS_PROD","T_EXCEPTION_ACCOUNTS","2","ACCOUNT_ID","VARCHAR2","40","N","SYS_C001118490","CHECK",,,
"4150","ZTBLAIS_PROD","T_EXCEPTION_ACCOUNTS","3","ENG_ID","NUMBER","22","N","SYS_C001118491","CHECK",,,
"4151","ZTBLAIS_PROD","T_EXCEPTION_ACCOUNTS","4","ACCOUNT_NO","NUMBER","22","Y",,,,,
"4152","ZTBLAIS_PROD","T_EXCEPTION_ACCOUNTS","5","TITLE","VARCHAR2","100","Y",,,,,
"4153","ZTBLAIS_PROD","T_EXCEPTION_ACCOUNTS","6","OPENINGDATE_DISP","VARCHAR2","20","Y",,,,,
"4154","ZTBLAIS_PROD","T_EXCEPTION_ACCOUNTS","7","ACCOUNT_PURPOSE","VARCHAR2","200","Y",,,,,
"4155","ZTBLAIS_PROD","T_EXCEPTION_ACCOUNTS","8","ACCOUNT_TYPE","VARCHAR2","100","Y",,,,,
"4156","ZTBLAIS_PROD","T_EXCEPTION_ACCOUNTS","9","ACCOUNT_CATEGORY","VARCHAR2","100","Y",,,,,
"4157","ZTBLAIS_PROD","T_EXCEPTION_ACCOUNTS","10","ACCOUNT_STATUS","VARCHAR2","20","Y",,,,,
"4158","ZTBLAIS_PROD","T_EXCEPTION_ACCOUNTS","11","RISK","VARCHAR2","4","Y",,,,,
"4159","ZTBLAIS_PROD","T_EXCEPTION_ACCOUNTS","12","ACCOUNT_BALANCE","NUMBER","22","Y",,,,,
"4160","ZTBLAIS_PROD","T_EXCEPTION_ACCOUNTS","13","LAST_TRAN_DATE_DISP","VARCHAR2","20","Y",,,,,
"4161","ZTBLAIS_PROD","T_EXCEPTION_ACCOUNTS","14","BRANCH_ID","NUMBER","22","Y",,,,,
"4162","ZTBLAIS_PROD","T_EXCEPTION_ACCOUNTS_CUST","1","CUST_ID","NUMBER","22","N","PK_EXC_ACCOUNTS_CUST","PRIMARY KEY",,,
"4163","ZTBLAIS_PROD","T_EXCEPTION_ACCOUNTS_CUST","1","CUST_ID","NUMBER","22","N","SYS_C001118493","CHECK",,,
"4164","ZTBLAIS_PROD","T_EXCEPTION_ACCOUNTS_CUST","2","CUSTOMER_ID","VARCHAR2","40","N","SYS_C001118494","CHECK",,,
"4165","ZTBLAIS_PROD","T_EXCEPTION_ACCOUNTS_CUST","3","ACCOUNT_ID","VARCHAR2","40","N","FK_EXC_CUST_ACCTS","FOREIGN KEY",,,
"4166","ZTBLAIS_PROD","T_EXCEPTION_ACCOUNTS_CUST","3","ACCOUNT_ID","VARCHAR2","40","N","SYS_C001118495","CHECK",,,
"4167","ZTBLAIS_PROD","T_EXCEPTION_ACCOUNTS_CUST","4","CUSTOMER_ACCOUNT_ID","VARCHAR2","40","N","PK_EXC_ACCOUNTS_CUST","PRIMARY KEY",,,
"4168","ZTBLAIS_PROD","T_EXCEPTION_ACCOUNTS_CUST","4","CUSTOMER_ACCOUNT_ID","VARCHAR2","40","N","SYS_C001118496","CHECK",,,
"4169","ZTBLAIS_PROD","T_EXCEPTION_ACCOUNTS_CUST","5","CUSTOMERNAME","VARCHAR2","200","Y",,,,,
"4170","ZTBLAIS_PROD","T_EXCEPTION_ACCOUNTS_CUST","6","DOB_DISP","VARCHAR2","20","Y",,,,,
"4171","ZTBLAIS_PROD","T_EXCEPTION_ACCOUNTS_CUST","7","PHONE_CELL","VARCHAR2","25","Y",,,,,
"4172","ZTBLAIS_PROD","T_EXCEPTION_ACCOUNTS_CUST","8","CNIC","VARCHAR2","13","Y",,,,,
"4173","ZTBLAIS_PROD","T_EXCEPTION_ACCOUNTS_CUST","9","CNICEXPIRYDATE_DISP","DATE","7","Y",,,,,
"4174","ZTBLAIS_PROD","T_EXCEPTION_ACCOUNTS_CUST","10","BMVS_VERIFIED","CHAR","1","Y",,,,,
"4175","ZTBLAIS_PROD","T_EXCEPTION_ACCOUNTS_CUST","11","BANK_EMPLOYEE","VARCHAR2","10","Y",,,,,
"4176","ZTBLAIS_PROD","T_EXCEPTION_ACCOUNTS_CUST","12","SOURCE_OF_FUND","VARCHAR2","200","Y",,,,,
"4177","ZTBLAIS_PROD","T_EXCEPTION_ACCOUNTS_CUST","13","DATE_OF_CLOSURE_DISP","VARCHAR2","20","Y",,,,,
"4178","ZTBLAIS_PROD","T_EXCEPTION_ACCOUNTS_CUST","14","ZAKAT_EXEMPTED","VARCHAR2","10","Y",,,,,
"4179","ZTBLAIS_PROD","T_EXCEPTION_ACCOUNTS_CUST","15","CUSTOMER_RISK","VARCHAR2","4","Y",,,,,
"4180","ZTBLAIS_PROD","T_EXCEPTION_ACCOUNTS_CUST","16","ENG_ID","NUMBER","22","Y",,,,,
"4181","ZTBLAIS_PROD","T_EXCEPTION_ACCOUNTS_DATA","1","ER_ID","NUMBER","22","Y",,,,,
"4182","ZTBLAIS_PROD","T_EXCEPTION_ACCOUNTS_DATA","2","ENG_ID","NUMBER","22","Y",,,,,
"4183","ZTBLAIS_PROD","T_EXCEPTION_ACCOUNTS_DATA","3","ACCOUNT_ID","VARCHAR2","40","Y",,,,,
"4184","ZTBLAIS_PROD","T_EXCEPTION_ACCOUNTS_DATA","4","ACCOUNT_NO","NUMBER","22","Y",,,,,
"4185","ZTBLAIS_PROD","T_EXCEPTION_ACCOUNTS_DATA","5","TITLE","VARCHAR2","100","Y",,,,,
"4186","ZTBLAIS_PROD","T_EXCEPTION_ACCOUNTS_DATA","6","CUSTOMERNAME","VARCHAR2","200","Y",,,,,
"4187","ZTBLAIS_PROD","T_EXCEPTION_ACCOUNTS_DATA","7","DOB","DATE","7","Y",,,,,
"4188","ZTBLAIS_PROD","T_EXCEPTION_ACCOUNTS_DATA","8","PHONE_CELL","VARCHAR2","25","Y",,,,,
"4189","ZTBLAIS_PROD","T_EXCEPTION_ACCOUNTS_DATA","9","CNIC","VARCHAR2","13","Y",,,,,
"4190","ZTBLAIS_PROD","T_EXCEPTION_ACCOUNTS_DATA","10","CNICEXPIRYDATE","DATE","7","Y",,,,,
"4191","ZTBLAIS_PROD","T_EXCEPTION_ACCOUNTS_DATA","11","OPENINGDATE","DATE","7","Y",,,,,
"4192","ZTBLAIS_PROD","T_EXCEPTION_ACCOUNTS_DATA","12","BMVS_VERIFIED","CHAR","1","Y",,,,,
"4193","ZTBLAIS_PROD","T_EXCEPTION_ACCOUNTS_DATA","13","ACCOUNT_PURPOSE","VARCHAR2","200","Y",,,,,
"4194","ZTBLAIS_PROD","T_EXCEPTION_ACCOUNTS_DATA","14","ACCOUNT_TYPE","VARCHAR2","100","Y",,,,,
"4195","ZTBLAIS_PROD","T_EXCEPTION_ACCOUNTS_DATA","15","ACCOUNT_CATEGORY","VARCHAR2","100","Y",,,,,
"4196","ZTBLAIS_PROD","T_EXCEPTION_ACCOUNTS_DATA","16","ACCOUNT_STATUS","VARCHAR2","20","Y",,,,,
"4197","ZTBLAIS_PROD","T_EXCEPTION_ACCOUNTS_DATA","17","RISK","VARCHAR2","4","Y",,,,,
"4198","ZTBLAIS_PROD","T_EXCEPTION_ACCOUNTS_DATA","18","TRAN_DATE","DATE","7","Y",,,,,
"4199","ZTBLAIS_PROD","T_EXCEPTION_ACCOUNTS_DATA","19","TRAN_AUTH_DATE","DATE","7","Y",,,,,
"4200","ZTBLAIS_PROD","T_EXCEPTION_ACCOUNTS_DATA","20","TRANSACTIONMASTERCODE","NUMBER","22","Y",,,,,
"4201","ZTBLAIS_PROD","T_EXCEPTION_ACCOUNTS_DATA","21","TRANSACTION_DISCRIPTION","VARCHAR2","200","Y",,,,,
"4202","ZTBLAIS_PROD","T_EXCEPTION_ACCOUNTS_DATA","22","TR_AMOUNT","NUMBER","22","Y",,,,,
"4203","ZTBLAIS_PROD","T_EXCEPTION_ACCOUNTS_DATA","23","ACCOUNT_BALANCE","NUMBER","22","Y",,,,,
"4204","ZTBLAIS_PROD","T_EXCEPTION_ACCOUNTS_DATA","24","LAST_TRAN_DATE","DATE","7","Y",,,,,
"4205","ZTBLAIS_PROD","T_EXCEPTION_ACCOUNTS_DATA","25","SOURCE_OF_FUND","VARCHAR2","200","Y",,,,,
"4206","ZTBLAIS_PROD","T_EXCEPTION_ACCOUNTS_DATA","26","NATURE_OF_TRANSACTION","VARCHAR2","200","Y",,,,,
"4207","ZTBLAIS_PROD","T_EXCEPTION_ACCOUNTS_DATA","27","DATE_OF_CLOSURE","DATE","7","Y",,,,,
"4208","ZTBLAIS_PROD","T_EXCEPTION_ACCOUNTS_DATA","28","ZAKAT_EXEMPTED_DATE","DATE","7","Y",,,,,
"4209","ZTBLAIS_PROD","T_EXCEPTION_ACCOUNTS_DATA","29","TXN_COUNT_PERIOD","NUMBER","22","Y",,,,,
"4210","ZTBLAIS_PROD","T_EXCEPTION_ACCOUNTS_DATA","30","TOTAL_DR_PERIOD","NUMBER","22","Y",,,,,
"4211","ZTBLAIS_PROD","T_EXCEPTION_ACCOUNTS_DATA","31","TOTAL_CR_PERIOD","NUMBER","22","Y",,,,,
"4212","ZTBLAIS_PROD","T_EXCEPTION_ACCOUNTS_DATA","32","LAST_AUTH_DATE","DATE","7","Y",,,,,
"4213","ZTBLAIS_PROD","T_EXCEPTION_ACCOUNTS_DATA","33","LAST_DR_AMOUNT","NUMBER","22","Y",,,,,
"4214","ZTBLAIS_PROD","T_EXCEPTION_ACCOUNTS_DATA","34","LAST_CR_AMOUNT","NUMBER","22","Y",,,,,
"4215","ZTBLAIS_PROD","T_EXCEPTION_ACCOUNTS_DATA","35","BANK_EMPLOYEE","VARCHAR2","10","Y",,,,,
"4216","ZTBLAIS_PROD","T_EXCEPTION_ACCOUNTS_TXN","1","TXN_ID","NUMBER","22","N","PK_EXC_ACCTS_TXN","PRIMARY KEY",,,
"4217","ZTBLAIS_PROD","T_EXCEPTION_ACCOUNTS_TXN","1","TXN_ID","NUMBER","22","N","SYS_C001142227","CHECK",,,
"4218","ZTBLAIS_PROD","T_EXCEPTION_ACCOUNTS_TXN","2","TR_ID","VARCHAR2","40","Y",,,,,
"4219","ZTBLAIS_PROD","T_EXCEPTION_ACCOUNTS_TXN","3","ACCOUNT_ID","VARCHAR2","40","Y","FK_EXC_TXN_ACCTS","FOREIGN KEY",,,
"4220","ZTBLAIS_PROD","T_EXCEPTION_ACCOUNTS_TXN","4","BRANCH_ID","NUMBER","22","Y",,,,,
"4221","ZTBLAIS_PROD","T_EXCEPTION_ACCOUNTS_TXN","5","TRAN_DATE_DISP","DATE","7","Y",,,,,
"4222","ZTBLAIS_PROD","T_EXCEPTION_ACCOUNTS_TXN","6","TRAN_AUTH_DATE_DISP","DATE","7","Y",,,,,
"4223","ZTBLAIS_PROD","T_EXCEPTION_ACCOUNTS_TXN","7","TRANSACTIONMASTERCODE","NUMBER","22","Y",,,,,
"4224","ZTBLAIS_PROD","T_EXCEPTION_ACCOUNTS_TXN","8","TRANSACTION_DISCRIPTION","VARCHAR2","200","Y",,,,,
"4225","ZTBLAIS_PROD","T_EXCEPTION_ACCOUNTS_TXN","9","NATURE_OF_TRANSACTION","VARCHAR2","200","Y",,,,,
"4226","ZTBLAIS_PROD","T_EXCEPTION_ACCOUNTS_TXN","10","DR_AMOUNT","NUMBER","22","Y",,,,,
"4227","ZTBLAIS_PROD","T_EXCEPTION_ACCOUNTS_TXN","11","CR_AMOUNT","NUMBER","22","Y",,,,,
"4228","ZTBLAIS_PROD","T_EXCEPTION_ACCOUNTS_TXN","12","TR_AMOUNT","NUMBER","22","Y",,,,,
"4229","ZTBLAIS_PROD","T_EXCEPTION_ACCOUNTS_TXN","13","ENG_ID","NUMBER","22","Y",,,,,
"4230","ZTBLAIS_PROD","T_EXCEPTION_ENG","1","EXC_ENG_ID","NUMBER","22","N","SYS_C001165243","CHECK",,,
"4231","ZTBLAIS_PROD","T_EXCEPTION_ENG","2","ENG_ID","NUMBER","22","N","SYS_C001165244","CHECK",,,
"4232","ZTBLAIS_PROD","T_EXCEPTION_ENG","3","ACCOUNT_ID","VARCHAR2","40","N","SYS_C001165245","CHECK",,,
"4233","ZTBLAIS_PROD","T_EXCEPTION_ENG","4","ER_ID","NUMBER","22","Y",,,,,
"4234","ZTBLAIS_PROD","T_EXCEPTION_ENG","5","EXCEPTION_DATE_DISP","VARCHAR2","20","Y",,,,,
"4235","ZTBLAIS_PROD","T_EXCEPTION_ENG","6","EXCEPTION_AMOUNT","NUMBER","22","Y",,,,,
"4236","ZTBLAIS_PROD","T_EXCEPTION_ENG","7","REMARKS","VARCHAR2","500","Y",,,,,
"4237","ZTBLAIS_PROD","T_EXCEPTION_ENG","8","CREATED_ON_DISP","VARCHAR2","20","Y",,,,,
"4238","ZTBLAIS_PROD","T_EXCEPTION_ENG","9","CREATED_BY","VARCHAR2","100","Y",,,,,
"4239","ZTBLAIS_PROD","T_EXCEPTION_ENG","10","CREDIT_EXP","NUMBER","22","Y",,,,,
"4240","ZTBLAIS_PROD","T_EXCEPTION_ENG","11","DEBIT_EXP","NUMBER","22","Y",,,,,
"4241","ZTBLAIS_PROD","T_EXCEPTION_ENG","12","CREATED_ON","DATE","7","Y",,,,,
"4242","ZTBLAIS_PROD","T_EXCEPTION_ENG_BRANCHES","1","BRANCHID","NUMBER","22","Y",,,,,
"4243","ZTBLAIS_PROD","T_EXCEPTION_ENG_BRANCHES","2","BRANCHCODE","VARCHAR2","20","Y",,,,,
"4244","ZTBLAIS_PROD","T_EXCEPTION_ENG_BRANCHES","3","NAME","VARCHAR2","100","Y",,,,,
"4245","ZTBLAIS_PROD","T_EXCEPTION_ENG_BRANCHES","4","ENGID","NUMBER","22","Y",,,,,
"4246","ZTBLAIS_PROD","T_EXCEPTION_ENG_BRANCHES","5","AUDIT_STARTDATE","DATE","7","Y",,,,,
"4247","ZTBLAIS_PROD","T_EXCEPTION_ENG_BRANCHES","6","AUDIT_ENDDATE","DATE","7","Y",,,,,
"4248","ZTBLAIS_PROD","T_EXCEPTION_ENG_BRANCHES","7","STATUS","NUMBER","22","Y",,,,,
"4249","ZTBLAIS_PROD","T_EXCEPTION_ENG_DATA","1","EXC_ENG_ID","NUMBER","22","N","PK_EXCEPTION_ENG_DATA","PRIMARY KEY",,,
"4250","ZTBLAIS_PROD","T_EXCEPTION_ENG_DATA","1","EXC_ENG_ID","NUMBER","22","N","SYS_C001165258","CHECK",,,
"4251","ZTBLAIS_PROD","T_EXCEPTION_ENG_DATA","2","ENG_ID","NUMBER","22","N","FK_EXCENGDATA_ENG","FOREIGN KEY",,,
"4252","ZTBLAIS_PROD","T_EXCEPTION_ENG_DATA","2","ENG_ID","NUMBER","22","N","SYS_C001165259","CHECK",,,
"4253","ZTBLAIS_PROD","T_EXCEPTION_ENG_DATA","3","ER_ID","NUMBER","22","Y",,,,,
"4254","ZTBLAIS_PROD","T_EXCEPTION_ENG_DATA","4","ACCOUNT_ID","VARCHAR2","50","Y",,,,,
"4255","ZTBLAIS_PROD","T_EXCEPTION_ENG_DATA","5","ACCOUNT_NO","VARCHAR2","50","Y",,,,,
"4256","ZTBLAIS_PROD","T_EXCEPTION_ENG_DATA","6","CODE","VARCHAR2","50","Y",,,,,
"4257","ZTBLAIS_PROD","T_EXCEPTION_ENG_DATA","7","LC_NO","VARCHAR2","50","Y",,,,,
"4258","ZTBLAIS_PROD","T_EXCEPTION_ENG_DATA","8","TITLE","VARCHAR2","500","Y",,,,,
"4259","ZTBLAIS_PROD","T_EXCEPTION_ENG_DATA","9","DATE_DISP","VARCHAR2","20","Y",,,,,
"4260","ZTBLAIS_PROD","T_EXCEPTION_ENG_DATA","10","CELL","VARCHAR2","30","Y",,,,,
"4261","ZTBLAIS_PROD","T_EXCEPTION_ENG_DATA","11","CNIC","VARCHAR2","30","Y",,,,,
"4262","ZTBLAIS_PROD","T_EXCEPTION_ENG_DATA","12","ACCOUNT_PURPOSE","VARCHAR2","500","Y",,,,,
"4263","ZTBLAIS_PROD","T_EXCEPTION_ENG_DATA","13","ACCOUNT_TYPE","VARCHAR2","100","Y",,,,,
"4264","ZTBLAIS_PROD","T_EXCEPTION_ENG_DATA","14","TEXT_1","VARCHAR2","100","Y",,,,,
"4265","ZTBLAIS_PROD","T_EXCEPTION_ENG_DATA","15","TEXT_2","VARCHAR2","100","Y",,,,,
"4266","ZTBLAIS_PROD","T_EXCEPTION_ENG_DATA","16","DR_AMOUNT","NUMBER","22","Y",,,,,
"4267","ZTBLAIS_PROD","T_EXCEPTION_ENG_DATA","17","CR_AMOUNT","NUMBER","22","Y",,,,,
"4268","ZTBLAIS_PROD","T_EXCEPTION_ENG_DATA","18","NET_AMOUNT","NUMBER","22","Y",,,,,
"4269","ZTBLAIS_PROD","T_EXCEPTION_ENG_DATA","19","REMARKS","VARCHAR2","1000","Y",,,,,
"4270","ZTBLAIS_PROD","T_EXCEPTION_ERROR_LOG","1","LOG_ID","NUMBER","22","N","SYS_C001118038","CHECK",,,
"4271","ZTBLAIS_PROD","T_EXCEPTION_ERROR_LOG","1","LOG_ID","NUMBER","22","N","SYS_C001118039","PRIMARY KEY",,,
"4272","ZTBLAIS_PROD","T_EXCEPTION_ERROR_LOG","2","ENG_ID","NUMBER","22","Y",,,,,
"4273","ZTBLAIS_PROD","T_EXCEPTION_ERROR_LOG","3","PROCEDURE_NAME","VARCHAR2","100","Y",,,,,
"4274","ZTBLAIS_PROD","T_EXCEPTION_ERROR_LOG","4","STATUS","VARCHAR2","20","Y",,,,,
"4275","ZTBLAIS_PROD","T_EXCEPTION_ERROR_LOG","5","ERROR_MESSAGE","VARCHAR2","500","Y",,,,,
"4276","ZTBLAIS_PROD","T_EXCEPTION_ERROR_LOG","6","ERROR_STACK","VARCHAR2","2000","Y",,,,,
"4277","ZTBLAIS_PROD","T_EXCEPTION_ERROR_LOG","7","ERROR_BACKTRACE","VARCHAR2","2000","Y",,,,,
"4278","ZTBLAIS_PROD","T_EXCEPTION_ERROR_LOG","8","FAILED_STEP","VARCHAR2","200","Y",,,,,
"4279","ZTBLAIS_PROD","T_EXCEPTION_ERROR_LOG","9","LOG_DATE","DATE","7","Y",,,,,
"4280","ZTBLAIS_PROD","T_FRPT_INCOME_LEAKAGE","1","FRPT_LEAK_ID","NUMBER","22","N","SYS_C001140992","CHECK",,,
"4281","ZTBLAIS_PROD","T_FRPT_INCOME_LEAKAGE","1","FRPT_LEAK_ID","NUMBER","22","N","SYS_C001140994","PRIMARY KEY",,,
"4282","ZTBLAIS_PROD","T_FRPT_INCOME_LEAKAGE","2","ENG_ID","NUMBER","22","N","SYS_C001140993","CHECK",,,
"4283","ZTBLAIS_PROD","T_FRPT_INCOME_LEAKAGE","3","ENTITY_ID","NUMBER","22","Y",,,,,
"4284","ZTBLAIS_PROD","T_FRPT_INCOME_LEAKAGE","4","REPORT_VERSION","NUMBER","22","Y",,,,,
"4285","ZTBLAIS_PROD","T_FRPT_INCOME_LEAKAGE","5","LINE_NO","NUMBER","22","Y",,,,,
"4286","ZTBLAIS_PROD","T_FRPT_INCOME_LEAKAGE","6","DESCRIPTION","VARCHAR2","500","Y",,,,,
"4287","ZTBLAIS_PROD","T_FRPT_INCOME_LEAKAGE","7","AREA","VARCHAR2","200","Y",,,,,
"4288","ZTBLAIS_PROD","T_FRPT_INCOME_LEAKAGE","8","AMOUNT","NUMBER","22","Y",,,,,
"4289","ZTBLAIS_PROD","T_FRPT_INCOME_LEAKAGE","9","CREATED_ON","DATE","7","Y",,,,,
"4290","ZTBLAIS_PROD","T_FRPT_INCOME_LEAKAGE","10","CREATED_BY","NUMBER","22","Y",,,,,
"4291","ZTBLAIS_PROD","T_FRPT_INCOME_LEAKAGE","11","UPDATED_ON","DATE","7","Y",,,,,
"4292","ZTBLAIS_PROD","T_FRPT_INCOME_LEAKAGE","12","UPDATED_BY","NUMBER","22","Y",,,,,
"4293","ZTBLAIS_PROD","T_FRPT_KPI_SNAPSHOT","1","FRPT_KPI_ID","NUMBER","22","N","SYS_C001133097","PRIMARY KEY",,,
"4294","ZTBLAIS_PROD","T_FRPT_KPI_SNAPSHOT","2","ENG_ID","NUMBER","22","N","FK_FRPT_KPI_ENG","FOREIGN KEY",,,
"4295","ZTBLAIS_PROD","T_FRPT_KPI_SNAPSHOT","2","ENG_ID","NUMBER","22","N","SYS_C001133095","CHECK",,,
"4296","ZTBLAIS_PROD","T_FRPT_KPI_SNAPSHOT","3","ENTITY_ID","NUMBER","22","N","SYS_C001133096","CHECK",,,
"4297","ZTBLAIS_PROD","T_FRPT_KPI_SNAPSHOT","4","KPI_CODE","VARCHAR2","50","Y",,,,,
"4298","ZTBLAIS_PROD","T_FRPT_KPI_SNAPSHOT","5","KPI_LABEL","VARCHAR2","200","Y",,,,,
"4299","ZTBLAIS_PROD","T_FRPT_KPI_SNAPSHOT","6","PERIOD_END","DATE","7","Y",,,,,
"4300","ZTBLAIS_PROD","T_FRPT_KPI_SNAPSHOT","7","ACTUAL_VALUE","NUMBER","22","Y",,,,,
"4301","ZTBLAIS_PROD","T_FRPT_KPI_SNAPSHOT","8","TARGET_VALUE","NUMBER","22","Y",,,,,
"4302","ZTBLAIS_PROD","T_FRPT_KPI_SNAPSHOT","9","UNIT","VARCHAR2","50","Y",,,,,
"4303","ZTBLAIS_PROD","T_FRPT_KPI_SNAPSHOT","10","CREATED_ON","DATE","7","Y",,,,,
"4304","ZTBLAIS_PROD","T_FRPT_KPI_SNAPSHOT","11","CREATED_BY","NUMBER","22","Y",,,,,
"4305","ZTBLAIS_PROD","T_FRPT_NPL_SNAPSHOT","1","FRPT_NPL_ID","NUMBER","22","N","SYS_C001133100","PRIMARY KEY",,,
"4306","ZTBLAIS_PROD","T_FRPT_NPL_SNAPSHOT","2","ENG_ID","NUMBER","22","N","FK_FRPT_NPL_ENG","FOREIGN KEY",,,
"4307","ZTBLAIS_PROD","T_FRPT_NPL_SNAPSHOT","2","ENG_ID","NUMBER","22","N","SYS_C001133098","CHECK",,,
"4308","ZTBLAIS_PROD","T_FRPT_NPL_SNAPSHOT","3","ENTITY_ID","NUMBER","22","N","SYS_C001133099","CHECK",,,
"4309","ZTBLAIS_PROD","T_FRPT_NPL_SNAPSHOT","4","NPL_BUCKET","VARCHAR2","30","Y",,,,,
"4310","ZTBLAIS_PROD","T_FRPT_NPL_SNAPSHOT","5","PERIOD_END","DATE","7","Y",,,,,
"4311","ZTBLAIS_PROD","T_FRPT_NPL_SNAPSHOT","6","CASES_COUNT","NUMBER","22","Y",,,,,
"4312","ZTBLAIS_PROD","T_FRPT_NPL_SNAPSHOT","7","OUTSTANDING_AMT","NUMBER","22","Y",,,,,
"4313","ZTBLAIS_PROD","T_FRPT_NPL_SNAPSHOT","8","PROVISION_AMT","NUMBER","22","Y",,,,,
"4314","ZTBLAIS_PROD","T_FRPT_NPL_SNAPSHOT","9","CREATED_ON","DATE","7","Y",,,,,
"4315","ZTBLAIS_PROD","T_FRPT_NPL_SNAPSHOT","10","CREATED_BY","NUMBER","22","Y",,,,,
"4316","ZTBLAIS_PROD","T_FRPT_OVERALL_CONCLUSION","1","FRPT_CONC_ID","NUMBER","22","N","SYS_C001140989","CHECK",,,
"4317","ZTBLAIS_PROD","T_FRPT_OVERALL_CONCLUSION","1","FRPT_CONC_ID","NUMBER","22","N","SYS_C001140991","PRIMARY KEY",,,
"4318","ZTBLAIS_PROD","T_FRPT_OVERALL_CONCLUSION","2","ENG_ID","NUMBER","22","N","SYS_C001140990","CHECK",,,
"4319","ZTBLAIS_PROD","T_FRPT_OVERALL_CONCLUSION","3","ENTITY_ID","NUMBER","22","Y",,,,,
"4320","ZTBLAIS_PROD","T_FRPT_OVERALL_CONCLUSION","4","REPORT_VERSION","NUMBER","22","Y",,,,,
"4321","ZTBLAIS_PROD","T_FRPT_OVERALL_CONCLUSION","5","OVERALL_CONCLUSION_HTML","CLOB","4000","Y",,,,,
"4322","ZTBLAIS_PROD","T_FRPT_OVERALL_CONCLUSION","6","NON_ADDRESSABLE_HTML","CLOB","4000","Y",,,,,
"4323","ZTBLAIS_PROD","T_FRPT_OVERALL_CONCLUSION","7","FRAUD_PRONE_HTML","CLOB","4000","Y",,,,,
"4324","ZTBLAIS_PROD","T_FRPT_OVERALL_CONCLUSION","8","REGULATORY_HTML","CLOB","4000","Y",,,,,
"4325","ZTBLAIS_PROD","T_FRPT_OVERALL_CONCLUSION","9","SAFETY_SECURITY_HTML","CLOB","4000","Y",,,,,
"4326","ZTBLAIS_PROD","T_FRPT_OVERALL_CONCLUSION","10","CREATED_ON","DATE","7","Y",,,,,
"4327","ZTBLAIS_PROD","T_FRPT_OVERALL_CONCLUSION","11","CREATED_BY","NUMBER","22","Y",,,,,
"4328","ZTBLAIS_PROD","T_FRPT_OVERALL_CONCLUSION","12","UPDATED_ON","DATE","7","Y",,,,,
"4329","ZTBLAIS_PROD","T_FRPT_OVERALL_CONCLUSION","13","UPDATED_BY","NUMBER","22","Y",,,,,
"4330","ZTBLAIS_PROD","T_FRPT_PARA_NARRATIVE","1","ENG_ID","NUMBER","22","N","FK_FRPT_PARA_ENG","FOREIGN KEY",,,
"4331","ZTBLAIS_PROD","T_FRPT_PARA_NARRATIVE","1","ENG_ID","NUMBER","22","N","PK_FRPT_PARA_NARR","PRIMARY KEY",,,
"4332","ZTBLAIS_PROD","T_FRPT_PARA_NARRATIVE","1","ENG_ID","NUMBER","22","N","SYS_C001140561","CHECK",,,
"4333","ZTBLAIS_PROD","T_FRPT_PARA_NARRATIVE","2","PARA_ID","NUMBER","22","N","PK_FRPT_PARA_NARR","PRIMARY KEY",,,
"4334","ZTBLAIS_PROD","T_FRPT_PARA_NARRATIVE","2","PARA_ID","NUMBER","22","N","SYS_C001140562","CHECK",,,
"4335","ZTBLAIS_PROD","T_FRPT_PARA_NARRATIVE","3","IMPLICATIONS","CLOB","4000","Y",,,,,
"4336","ZTBLAIS_PROD","T_FRPT_PARA_NARRATIVE","4","RECOMMENDATIONS","CLOB","4000","Y",,,,,
"4337","ZTBLAIS_PROD","T_FRPT_PARA_NARRATIVE","5","MGMT_COMMENTS","CLOB","4000","Y",,,,,
"4338","ZTBLAIS_PROD","T_FRPT_PARA_NARRATIVE","6","AUDITOR_COMMENTS","CLOB","4000","Y",,,,,
"4339","ZTBLAIS_PROD","T_FRPT_PARA_NARRATIVE","7","SVP_REMARKS","CLOB","4000","Y",,,,,
"4340","ZTBLAIS_PROD","T_FRPT_PARA_NARRATIVE","8","IS_FINALIZED","NUMBER","22","N","CK_FRPT_PARA_FINAL","CHECK",,,
"4341","ZTBLAIS_PROD","T_FRPT_PARA_NARRATIVE","8","IS_FINALIZED","NUMBER","22","N","SYS_C001140563","CHECK",,,
"4342","ZTBLAIS_PROD","T_FRPT_PARA_NARRATIVE","9","LOCK_VERSION","NUMBER","22","N","SYS_C001140564","CHECK",,,
"4343","ZTBLAIS_PROD","T_FRPT_PARA_NARRATIVE","10","UPDATED_REQUIRED","NUMBER","22","N","CK_FRPT_PARA_UPDREQ","CHECK",,,
"4344","ZTBLAIS_PROD","T_FRPT_PARA_NARRATIVE","10","UPDATED_REQUIRED","NUMBER","22","N","SYS_C001140565","CHECK",,,
"4345","ZTBLAIS_PROD","T_FRPT_PARA_NARRATIVE","11","FINALIZED_ON","DATE","7","Y",,,,,
"4346","ZTBLAIS_PROD","T_FRPT_PARA_NARRATIVE","12","FINALIZED_BY","NUMBER","22","Y",,,,,
"4347","ZTBLAIS_PROD","T_FRPT_PARA_NARRATIVE","13","UPDATED_ON","DATE","7","Y",,,,,
"4348","ZTBLAIS_PROD","T_FRPT_PARA_NARRATIVE","14","UPDATED_BY","NUMBER","22","Y",,,,,
"4349","ZTBLAIS_PROD","T_FRPT_PDF_STATISTICS","1","FRPT_STAT_ID","NUMBER","22","N","SYS_C001140973","CHECK",,,
"4350","ZTBLAIS_PROD","T_FRPT_PDF_STATISTICS","1","FRPT_STAT_ID","NUMBER","22","N","SYS_C001140976","PRIMARY KEY",,,
"4351","ZTBLAIS_PROD","T_FRPT_PDF_STATISTICS","2","ENG_ID","NUMBER","22","N","SYS_C001140974","CHECK",,,
"4352","ZTBLAIS_PROD","T_FRPT_PDF_STATISTICS","3","ENTITY_ID","NUMBER","22","Y",,,,,
"4353","ZTBLAIS_PROD","T_FRPT_PDF_STATISTICS","4","REPORT_VERSION","NUMBER","22","Y",,,,,
"4354","ZTBLAIS_PROD","T_FRPT_PDF_STATISTICS","5","RISK_LEVEL","VARCHAR2","50","N","SYS_C001140975","CHECK",,,
"4355","ZTBLAIS_PROD","T_FRPT_PDF_STATISTICS","6","REPORTED_COUNT","NUMBER","22","Y",,,,,
"4356","ZTBLAIS_PROD","T_FRPT_PDF_STATISTICS","7","RECTIFIED_COUNT","NUMBER","22","Y",,,,,
"4357","ZTBLAIS_PROD","T_FRPT_PDF_STATISTICS","8","OUTSTANDING_COUNT","NUMBER","22","Y",,,,,
"4358","ZTBLAIS_PROD","T_FRPT_PDF_STATISTICS","9","CREATED_ON","DATE","7","Y",,,,,
"4359","ZTBLAIS_PROD","T_FRPT_PDF_STATISTICS","10","CREATED_BY","NUMBER","22","Y",,,,,
"4360","ZTBLAIS_PROD","T_FRPT_PDF_STATISTICS","11","REMARKS","VARCHAR2","2000","Y",,,,,
"4361","ZTBLAIS_PROD","T_FRPT_PDF_STATISTICS","12","UPDATED_ON","DATE","7","Y",,,,,
"4362","ZTBLAIS_PROD","T_FRPT_PDF_STATISTICS","13","UPDATED_BY","NUMBER","22","Y",,,,,
"4363","ZTBLAIS_PROD","T_FRPT_REPORT_META","1","FRPT_ID","NUMBER","22","N","SYS_C001133093","PRIMARY KEY",,,
"4364","ZTBLAIS_PROD","T_FRPT_REPORT_META","2","ENG_ID","NUMBER","22","N","FK_FRPT_META_ENG","FOREIGN KEY",,,
"4365","ZTBLAIS_PROD","T_FRPT_REPORT_META","2","ENG_ID","NUMBER","22","N","SYS_C001133090","CHECK",,,
"4366","ZTBLAIS_PROD","T_FRPT_REPORT_META","2","ENG_ID","NUMBER","22","N","UK_FRPT_ENG_VER","UNIQUE",,,
"4367","ZTBLAIS_PROD","T_FRPT_REPORT_META","3","ENTITY_ID","NUMBER","22","N","SYS_C001133091","CHECK",,,
"4368","ZTBLAIS_PROD","T_FRPT_REPORT_META","4","REPORT_VERSION","NUMBER","22","Y","UK_FRPT_ENG_VER","UNIQUE",,,
"4369","ZTBLAIS_PROD","T_FRPT_REPORT_META","5","REPORT_STATUS","VARCHAR2","10","Y","SYS_C001133092","CHECK",,,
"4370","ZTBLAIS_PROD","T_FRPT_REPORT_META","6","GENERATED_ON","DATE","7","Y",,,,,
"4371","ZTBLAIS_PROD","T_FRPT_REPORT_META","7","GENERATED_BY","NUMBER","22","Y",,,,,
"4372","ZTBLAIS_PROD","T_FRPT_REPORT_META","8","FINALIZED_ON","DATE","7","Y",,,,,
"4373","ZTBLAIS_PROD","T_FRPT_REPORT_META","9","FINALIZED_BY","NUMBER","22","Y",,,,,
"4374","ZTBLAIS_PROD","T_FRPT_SECTION_MASTER","1","SECTION_CODE","VARCHAR2","50","N","SYS_C001133113","PRIMARY KEY",,,
"4375","ZTBLAIS_PROD","T_FRPT_SECTION_MASTER","2","SECTION_TITLE","VARCHAR2","200","N","SYS_C001133111","CHECK",,,
"4376","ZTBLAIS_PROD","T_FRPT_SECTION_MASTER","3","DISPLAY_ORDER","NUMBER","22","N","SYS_C001133112","CHECK",,,
"4377","ZTBLAIS_PROD","T_FRPT_SECTION_MASTER","4","SECTION_GROUP","VARCHAR2","50","Y",,,,,
"4378","ZTBLAIS_PROD","T_FRPT_SECTION_MASTER","5","IS_MANDATORY","CHAR","1","Y",,,,,
"4379","ZTBLAIS_PROD","T_FRPT_SECTION_MASTER","6","IS_ACTIVE","CHAR","1","Y",,,,,
"4380","ZTBLAIS_PROD","T_FRPT_STAFF_SNAPSHOT","1","FRPT_STAFF_ID","NUMBER","22","N","PK_FRPT_STAFF_SNAPSHOT","PRIMARY KEY","TRG_FRPT_STAFF_SNAPSHOT_BI","INSERT","ENABLED"
"4381","ZTBLAIS_PROD","T_FRPT_STAFF_SNAPSHOT","1","FRPT_STAFF_ID","NUMBER","22","N","SYS_C001142220","CHECK","TRG_FRPT_STAFF_SNAPSHOT_BI","INSERT","ENABLED"
"4382","ZTBLAIS_PROD","T_FRPT_STAFF_SNAPSHOT","2","ENG_ID","NUMBER","22","N","SYS_C001142221","CHECK","TRG_FRPT_STAFF_SNAPSHOT_BI","INSERT","ENABLED"
"4383","ZTBLAIS_PROD","T_FRPT_STAFF_SNAPSHOT","3","ENTITY_ID","NUMBER","22","N","SYS_C001142222","CHECK","TRG_FRPT_STAFF_SNAPSHOT_BI","INSERT","ENABLED"
"4384","ZTBLAIS_PROD","T_FRPT_STAFF_SNAPSHOT","4","PP_NO","VARCHAR2","20","N","SYS_C001142223","CHECK","TRG_FRPT_STAFF_SNAPSHOT_BI","INSERT","ENABLED"
"4385","ZTBLAIS_PROD","T_FRPT_STAFF_SNAPSHOT","5","STAFF_NAME","VARCHAR2","200","N","SYS_C001142224","CHECK","TRG_FRPT_STAFF_SNAPSHOT_BI","INSERT","ENABLED"
"4386","ZTBLAIS_PROD","T_FRPT_STAFF_SNAPSHOT","6","STAFF_RANK","VARCHAR2","50","Y","","","TRG_FRPT_STAFF_SNAPSHOT_BI","INSERT","ENABLED"
"4387","ZTBLAIS_PROD","T_FRPT_STAFF_SNAPSHOT","7","DESIGNATION","VARCHAR2","200","Y","","","TRG_FRPT_STAFF_SNAPSHOT_BI","INSERT","ENABLED"
"4388","ZTBLAIS_PROD","T_FRPT_STAFF_SNAPSHOT","8","IS_ACTIVE","NUMBER","22","N","SYS_C001142225","CHECK","TRG_FRPT_STAFF_SNAPSHOT_BI","INSERT","ENABLED"
"4389","ZTBLAIS_PROD","T_FRPT_STAFF_SNAPSHOT","9","CREATED_ON","DATE","7","Y","","","TRG_FRPT_STAFF_SNAPSHOT_BI","INSERT","ENABLED"
"4390","ZTBLAIS_PROD","T_FRPT_STAFF_SNAPSHOT","10","CREATED_BY","VARCHAR2","20","Y","","","TRG_FRPT_STAFF_SNAPSHOT_BI","INSERT","ENABLED"
"4391","ZTBLAIS_PROD","T_FRPT_STAFF_SNAPSHOT","11","UPDATED_ON","DATE","7","Y","","","TRG_FRPT_STAFF_SNAPSHOT_BI","INSERT","ENABLED"
"4392","ZTBLAIS_PROD","T_FRPT_STAFF_SNAPSHOT","12","UPDATED_BY","VARCHAR2","20","Y","","","TRG_FRPT_STAFF_SNAPSHOT_BI","INSERT","ENABLED"
"4393","ZTBLAIS_PROD","T_FRPT_STAFF_SNAPSHOT_OLD","1","FRPT_STAFF_ID","NUMBER","22","N","SYS_C001133103","PRIMARY KEY",,,
"4394","ZTBLAIS_PROD","T_FRPT_STAFF_SNAPSHOT_OLD","2","ENG_ID","NUMBER","22","N","FK_FRPT_STAFF_ENG","FOREIGN KEY",,,
"4395","ZTBLAIS_PROD","T_FRPT_STAFF_SNAPSHOT_OLD","2","ENG_ID","NUMBER","22","N","SYS_C001133101","CHECK",,,
"4396","ZTBLAIS_PROD","T_FRPT_STAFF_SNAPSHOT_OLD","3","ENTITY_ID","NUMBER","22","N","SYS_C001133102","CHECK",,,
"4397","ZTBLAIS_PROD","T_FRPT_STAFF_SNAPSHOT_OLD","4","DESIGNATION","VARCHAR2","100","Y",,,,,
"4398","ZTBLAIS_PROD","T_FRPT_STAFF_SNAPSHOT_OLD","5","STAFF_COUNT","NUMBER","22","Y",,,,,
"4399","ZTBLAIS_PROD","T_FRPT_STAFF_SNAPSHOT_OLD","6","AS_OF_DATE","DATE","7","Y",,,,,
"4400","ZTBLAIS_PROD","T_FRPT_STAFF_SNAPSHOT_OLD","7","CREATED_ON","DATE","7","Y",,,,,
"4401","ZTBLAIS_PROD","T_FRPT_STAFF_SNAPSHOT_OLD","8","CREATED_BY","NUMBER","22","Y",,,,,
"4402","ZTBLAIS_PROD","T_FRPT_STAFF_SNAPSHOT_OLD","9","PP_NO","NUMBER","22","Y",,,,,
"4403","ZTBLAIS_PROD","T_FRPT_STAFF_SNAPSHOT_OLD","10","STAFF_NAME","VARCHAR2","200","Y",,,,,
"4404","ZTBLAIS_PROD","T_FRPT_STAFF_SNAPSHOT_OLD","11","STAFF_RANK","VARCHAR2","50","Y",,,,,
"4405","ZTBLAIS_PROD","T_FRPT_STAFF_SNAPSHOT_OLD","12","STAFF_DESIG","VARCHAR2","200","Y",,,,,
"4406","ZTBLAIS_PROD","T_FRPT_STAFF_SNAPSHOT_OLD","13","UPDATED_ON","DATE","7","Y",,,,,
"4407","ZTBLAIS_PROD","T_FRPT_STAFF_SNAPSHOT_OLD","14","UPDATED_BY","NUMBER","22","Y",,,,,
"4408","ZTBLAIS_PROD","T_FRPT_TEXT_BLOCKS","1","FRPT_TEXT_ID","NUMBER","22","N","SYS_C001133105","PRIMARY KEY",,,
"4409","ZTBLAIS_PROD","T_FRPT_TEXT_BLOCKS","2","ENG_ID","NUMBER","22","N","FK_FRPT_TEXT_ENG","FOREIGN KEY",,,
"4410","ZTBLAIS_PROD","T_FRPT_TEXT_BLOCKS","2","ENG_ID","NUMBER","22","N","SYS_C001133104","CHECK",,,
"4411","ZTBLAIS_PROD","T_FRPT_TEXT_BLOCKS","3","SECTION_CODE","VARCHAR2","50","Y",,,,,
"4412","ZTBLAIS_PROD","T_FRPT_TEXT_BLOCKS","4","SECTION_TEXT","CLOB","4000","Y",,,,,
"4413","ZTBLAIS_PROD","T_FRPT_TEXT_BLOCKS","5","CREATED_ON","DATE","7","Y",,,,,
"4414","ZTBLAIS_PROD","T_FRPT_TEXT_BLOCKS","6","CREATED_BY","NUMBER","22","Y",,,,,
"4415","ZTBLAIS_PROD","T_GROUPS","1","ROLE_ID","NUMBER","22","Y",,,,,
"4416","ZTBLAIS_PROD","T_GROUPS","2","GROUP_ID","NUMBER","22","Y",,,,,
"4417","ZTBLAIS_PROD","T_GROUPS","3","DESCRIPTION","VARCHAR2","200","Y",,,,,
"4418","ZTBLAIS_PROD","T_GROUPS","4","GROUP_NAME","VARCHAR2","300","Y",,,,,
"4419","ZTBLAIS_PROD","T_GROUPS","5","STATUS","VARCHAR2","1","Y",,,,,
"4420","ZTBLAIS_PROD","T_GROUP_RIGHTS","1","ID","NUMBER","22","N","SYS_C001092941","CHECK",,,
"4421","ZTBLAIS_PROD","T_GROUP_RIGHTS","2","DESIGNATIONCODE","NUMBER","22","N","SYS_C001092942","CHECK",,,
"4422","ZTBLAIS_PROD","T_GROUP_RIGHTS","3","DESCRIPTION","VARCHAR2","100","N","SYS_C001092943","CHECK",,,
"4423","ZTBLAIS_PROD","T_GROUP_RIGHTS","4","STATUSTYPE","CHAR","1","Y",,,,,
"4424","ZTBLAIS_PROD","T_GROUP_RIGHTS","5","CATEGORYTYPE","CHAR","1","Y",,,,,
"4425","ZTBLAIS_PROD","T_GROUP_RIGHTS","6","GROUP_ID","NUMBER","22","Y",,,,,
"4426","ZTBLAIS_PROD","T_GROUP_RIGHTS","7","ENTITY_TYPE","VARCHAR2","200","Y",,,,,
"4427","ZTBLAIS_PROD","T_GROUP_RIGHTS","8","SUB_ENTITY_TYPE","VARCHAR2","200","Y",,,,,
"4428","ZTBLAIS_PROD","T_GROUP_RIGHTS_BACKUP","1","DESIGNATIONCODE","NUMBER","22","N","SYS_C001093035","CHECK",,,
"4429","ZTBLAIS_PROD","T_GROUP_RIGHTS_BACKUP","2","DESCRIPTION","VARCHAR2","100","N","SYS_C001093036","CHECK",,,
"4430","ZTBLAIS_PROD","T_GROUP_RIGHTS_BACKUP","3","STATUSTYPE","CHAR","1","Y",,,,,
"4431","ZTBLAIS_PROD","T_GROUP_RIGHTS_BACKUP","4","CATEGORYTYPE","CHAR","1","Y",,,,,
"4432","ZTBLAIS_PROD","T_GROUP_RIGHTS_BACKUP","5","GROUP_ID","NUMBER","22","Y",,,,,
"4433","ZTBLAIS_PROD","T_HD_ACTION_LOG","1","ACTION_LOG_ID","NUMBER","22","N","SYS_C001116107","PRIMARY KEY",,,
"4434","ZTBLAIS_PROD","T_HD_ACTION_LOG","2","REQUEST_ID","NUMBER","22","N","SYS_C001116103","CHECK",,,
"4435","ZTBLAIS_PROD","T_HD_ACTION_LOG","3","ACTION","VARCHAR2","30","N","SYS_C001116104","CHECK",,,
"4436","ZTBLAIS_PROD","T_HD_ACTION_LOG","4","ACTOR","NUMBER","22","N","SYS_C001116105","CHECK",,,
"4437","ZTBLAIS_PROD","T_HD_ACTION_LOG","5","ACTION_ON","DATE","7","N","SYS_C001116106","CHECK",,,
"4438","ZTBLAIS_PROD","T_HD_ACTION_LOG","6","ACTION_NOTE","VARCHAR2","4000","Y",,,,,
"4439","ZTBLAIS_PROD","T_HD_ACTION_REQUEST","1","REQUEST_ID","NUMBER","22","N","SYS_C001116099","PRIMARY KEY",,,
"4440","ZTBLAIS_PROD","T_HD_ACTION_REQUEST","2","ENTITY","VARCHAR2","30","N","SYS_C001116094","CHECK",,,
"4441","ZTBLAIS_PROD","T_HD_ACTION_REQUEST","3","PARA_ID","NUMBER","22","Y",,,,,
"4442","ZTBLAIS_PROD","T_HD_ACTION_REQUEST","4","RESPONSE_ID","NUMBER","22","Y",,,,,
"4443","ZTBLAIS_PROD","T_HD_ACTION_REQUEST","5","REQUEST_TYPE","VARCHAR2","30","N","SYS_C001116095","CHECK",,,
"4444","ZTBLAIS_PROD","T_HD_ACTION_REQUEST","6","REQUEST_REASON","CLOB","4000","Y",,,,,
"4445","ZTBLAIS_PROD","T_HD_ACTION_REQUEST","7","REQUESTED_BY","NUMBER","22","N","SYS_C001116096","CHECK",,,
"4446","ZTBLAIS_PROD","T_HD_ACTION_REQUEST","8","REQUESTED_ON","DATE","7","N","SYS_C001116097","CHECK",,,
"4447","ZTBLAIS_PROD","T_HD_ACTION_REQUEST","9","STATUS","VARCHAR2","20","N","SYS_C001116098","CHECK",,,
"4448","ZTBLAIS_PROD","T_HD_ACTION_REQUEST","10","APPROVED_BY","NUMBER","22","Y",,,,,
"4449","ZTBLAIS_PROD","T_HD_ACTION_REQUEST","11","APPROVED_ON","DATE","7","Y",,,,,
"4450","ZTBLAIS_PROD","T_HD_ACTION_REQUEST","12","REJECTED_BY","NUMBER","22","Y",,,,,
"4451","ZTBLAIS_PROD","T_HD_ACTION_REQUEST","13","REJECTED_ON","DATE","7","Y",,,,,
"4452","ZTBLAIS_PROD","T_HD_ACTION_REQUEST","14","PARENT_REQUEST_ID","NUMBER","22","Y",,,,,
"4453","ZTBLAIS_PROD","T_HD_ACTION_REQUEST_SNAPSHOT","1","REQ_SNAPSHOT_ID","NUMBER","22","N","SYS_C001116102","PRIMARY KEY",,,
"4454","ZTBLAIS_PROD","T_HD_ACTION_REQUEST_SNAPSHOT","2","REQUEST_ID","NUMBER","22","N","SYS_C001116100","CHECK",,,
"4455","ZTBLAIS_PROD","T_HD_ACTION_REQUEST_SNAPSHOT","3","SNAPSHOT_JSON","CLOB","4000","N","SYS_C001116101","CHECK",,,
"4456","ZTBLAIS_PROD","T_HD_SBP_OBSERVATION","1","PARA_ID","NUMBER","22","N","PK_T_HD_SBP_OBSERVATION","PRIMARY KEY",,,
"4457","ZTBLAIS_PROD","T_HD_SBP_OBSERVATION","1","PARA_ID","NUMBER","22","N","SYS_C001108882","CHECK",,,
"4458","ZTBLAIS_PROD","T_HD_SBP_OBSERVATION","2","REF_NO","VARCHAR2","20","N","SYS_C001108883","CHECK",,,
"4459","ZTBLAIS_PROD","T_HD_SBP_OBSERVATION","3","FUNCTION_NAME","VARCHAR2","255","Y",,,,,
"4460","ZTBLAIS_PROD","T_HD_SBP_OBSERVATION","4","PARA_NO","VARCHAR2","50","Y",,,,,
"4461","ZTBLAIS_PROD","T_HD_SBP_OBSERVATION","5","SBP_OBS_ENC","CLOB","4000","Y",,,,,
"4462","ZTBLAIS_PROD","T_HD_SBP_OBSERVATION","6","SBP_DIR_ENC","CLOB","4000","Y",,,,,
"4463","ZTBLAIS_PROD","T_HD_SBP_OBSERVATION","7","COMPLIANCE_QUARTER","VARCHAR2","50","Y",,,,,
"4464","ZTBLAIS_PROD","T_HD_SBP_OBSERVATION","8","CREATED_BY","VARCHAR2","50","Y",,,,,
"4465","ZTBLAIS_PROD","T_HD_SBP_OBSERVATION","9","CREATED_ON","DATE","7","Y",,,,,
"4466","ZTBLAIS_PROD","T_HD_SBP_OBSERVATION","10","UPDATED_BY","NUMBER","22","Y",,,,,
"4467","ZTBLAIS_PROD","T_HD_SBP_OBSERVATION","11","UPDATED_ON","DATE","7","Y",,,,,
"4468","ZTBLAIS_PROD","T_HD_SBP_OBSERVATION","12","OBSERVATION_TYPE","NUMBER","22","Y","FK_SBP_OBS_TYPE","FOREIGN KEY",,,
"4469","ZTBLAIS_PROD","T_HD_SBP_OBSERVATION","13","IS_ACTIVE","CHAR","1","N","SYS_C001116093","CHECK",,,
"4470","ZTBLAIS_PROD","T_HD_SBP_OBSERVATION","14","DELETED_BY","NUMBER","22","Y",,,,,
"4471","ZTBLAIS_PROD","T_HD_SBP_OBSERVATION","15","DELETED_ON","DATE","7","Y",,,,,
"4472","ZTBLAIS_PROD","T_HD_SBP_OBS_RESPONSE","1","RESPONSE_ID","NUMBER","22","N","SYS_C001108885","CHECK",,,
"4473","ZTBLAIS_PROD","T_HD_SBP_OBS_RESPONSE","1","RESPONSE_ID","NUMBER","22","N","SYS_C001108887","PRIMARY KEY",,,
"4474","ZTBLAIS_PROD","T_HD_SBP_OBS_RESPONSE","2","PARA_ID","NUMBER","22","Y",,,,,
"4475","ZTBLAIS_PROD","T_HD_SBP_OBS_RESPONSE","3","REF_NO","VARCHAR2","20","N","SYS_C001108886","CHECK",,,
"4476","ZTBLAIS_PROD","T_HD_SBP_OBS_RESPONSE","4","BANK_RESPONSE","CLOB","4000","Y",,,,,
"4477","ZTBLAIS_PROD","T_HD_SBP_OBS_RESPONSE","5","REPLY_DATE","DATE","7","Y",,,,,
"4478","ZTBLAIS_PROD","T_HD_SBP_OBS_RESPONSE","6","COMPLIANCE_STATUS","VARCHAR2","50","Y",,,,,
"4479","ZTBLAIS_PROD","T_HD_SBP_OBS_RESPONSE","7","IAD_VALIDATION","VARCHAR2","50","Y",,,,,
"4480","ZTBLAIS_PROD","T_HD_SBP_OBS_RESPONSE","8","ENTERED_BY","VARCHAR2","50","Y",,,,,
"4481","ZTBLAIS_PROD","T_HD_SBP_OBS_RESPONSE","9","ENTERED_ON","DATE","7","Y",,,,,
"4482","ZTBLAIS_PROD","T_HD_SBP_OBS_RESPONSE","10","IS_ACTIVE","CHAR","1","N","SYS_C001116108","CHECK",,,
"4483","ZTBLAIS_PROD","T_HD_SBP_OBS_RESPONSE","11","DELETED_BY","NUMBER","22","Y",,,,,
"4484","ZTBLAIS_PROD","T_HD_SBP_OBS_RESPONSE","12","DELETED_ON","DATE","7","Y",,,,,
"4485","ZTBLAIS_PROD","T_HD_SBP_OBS_TYPES","1","TYPE_ID","NUMBER","22","N","PK_T_HD_SBP_OBS_TYPES","PRIMARY KEY",,,
"4486","ZTBLAIS_PROD","T_HD_SBP_OBS_TYPES","1","TYPE_ID","NUMBER","22","N","SYS_C001115288","CHECK",,,
"4487","ZTBLAIS_PROD","T_HD_SBP_OBS_TYPES","2","TYPE_CODE","VARCHAR2","20","N","SYS_C001115289","CHECK",,,
"4488","ZTBLAIS_PROD","T_HD_SBP_OBS_TYPES","3","TYPE_NAME","VARCHAR2","100","N","SYS_C001115290","CHECK",,,
"4489","ZTBLAIS_PROD","T_HD_SBP_OBS_TYPES","4","ACTIVE_FLAG","CHAR","1","N","CK_T_HD_SBP_OBS_TYPES_ACTIVE","CHECK",,,
"4490","ZTBLAIS_PROD","T_HD_SBP_OBS_TYPES","4","ACTIVE_FLAG","CHAR","1","N","SYS_C001115291","CHECK",,,
"4491","ZTBLAIS_PROD","T_HD_SBP_OBS_TYPES","5","SORT_ORDER","NUMBER","22","Y",,,,,
"4492","ZTBLAIS_PROD","T_HD_SBP_OBS_TYPES","6","CREATED_ON","DATE","7","Y",,,,,
"4493","ZTBLAIS_PROD","T_HD_SBP_OBS_TYPES","7","UPDATED_ON","DATE","7","Y",,,,,
"4494","ZTBLAIS_PROD","T_HD_SBP_SECURE_ACCESS","1","ACCESS_ID","NUMBER","22","N","SYS_C001101532","CHECK",,,
"4495","ZTBLAIS_PROD","T_HD_SBP_SECURE_ACCESS","1","ACCESS_ID","NUMBER","22","N","SYS_C001101534","PRIMARY KEY",,,
"4496","ZTBLAIS_PROD","T_HD_SBP_SECURE_ACCESS","2","ACCESS_KEY","VARCHAR2","64","N","SYS_C001101533","CHECK",,,
"4497","ZTBLAIS_PROD","T_HD_SBP_SECURE_ACCESS","3","ACTIVE_FLAG","CHAR","1","Y",,,,,
"4498","ZTBLAIS_PROD","T_HD_SBP_SECURE_ACCESS","4","UPDATED_BY","VARCHAR2","50","Y",,,,,
"4499","ZTBLAIS_PROD","T_HD_SBP_SECURE_ACCESS","5","UPDATED_ON","DATE","7","Y",,,,,
"4500","ZTBLAIS_PROD","T_HO_UNITS","1","ID","NUMBER","22","N","SYS_C001092932","CHECK",,,
"4501","ZTBLAIS_PROD","T_HO_UNITS","2","NAME","VARCHAR2","50","Y",,,,,
"4502","ZTBLAIS_PROD","T_HO_UNITS","3","CODE","NUMBER","22","Y",,,,,
"4503","ZTBLAIS_PROD","T_HO_UNITS","4","DEP_CODE","NUMBER","22","Y",,,,,
"4504","ZTBLAIS_PROD","T_HO_UNITS","5","CREATED_ON","TIMESTAMP(6)","11","Y",,,,,
"4505","ZTBLAIS_PROD","T_HO_UNITS","6","CLOSED_ON","TIMESTAMP(6)","11","Y",,,,,
"4506","ZTBLAIS_PROD","T_HO_UNITS","7","REFERENCE_CIRCULAR","VARCHAR2","50","Y",,,,,
"4507","ZTBLAIS_PROD","T_HO_UNITS","8","STATUS","VARCHAR2","50","Y",,,,,
"4508","ZTBLAIS_PROD","T_HO_UNITS","9","DIV_CODE","NUMBER","22","Y",,,,,
"4509","ZTBLAIS_PROD","T_HO_UNITS","10","OFFICAL_CODE","NUMBER","22","Y",,,,,
"4510","ZTBLAIS_PROD","T_HR_DESIGNATIONS","1","DESIGNATIONCODE","NUMBER","22","N","SYS_C001092720","CHECK",,,
"4511","ZTBLAIS_PROD","T_HR_DESIGNATIONS","2","DESCRIPTION","VARCHAR2","100","N","SYS_C001092721","CHECK",,,
"4512","ZTBLAIS_PROD","T_HR_DESIGNATIONS","3","STATUSTYPE","CHAR","1","Y",,,,,
"4513","ZTBLAIS_PROD","T_HR_DESIGNATIONS","4","CATEGORYTYPE","CHAR","1","Y",,,,,
"4514","ZTBLAIS_PROD","T_IAS_VERSION_HISTORY","1","VERSION_ID","NUMBER","22","N","SYS_C001093243","CHECK",,,
"4515","ZTBLAIS_PROD","T_IAS_VERSION_HISTORY","1","VERSION_ID","NUMBER","22","N","SYS_C001093278","PRIMARY KEY",,,
"4516","ZTBLAIS_PROD","T_IAS_VERSION_HISTORY","2","VERSION_NO","VARCHAR2","20","N","SYS_C001093244","CHECK",,,
"4517","ZTBLAIS_PROD","T_IAS_VERSION_HISTORY","3","RELEASE_DATE","DATE","7","N","SYS_C001093245","CHECK",,,
"4518","ZTBLAIS_PROD","T_IAS_VERSION_HISTORY","4","DESCRIPTION","VARCHAR2","500","Y",,,,,
"4519","ZTBLAIS_PROD","T_IAS_VERSION_HISTORY","5","RELEASED_BY","VARCHAR2","100","Y",,,,,
"4520","ZTBLAIS_PROD","T_IAS_VERSION_HISTORY","6","CREATED_ON","DATE","7","Y",,,,,
"4521","ZTBLAIS_PROD","T_IAS_VERSION_HISTORY","7","UPDATED_ON","DATE","7","Y",,,,,
"4522","ZTBLAIS_PROD","T_IAS_VERSION_HISTORY","8","IS_ACTIVE","CHAR","1","Y",,,,,
"4523","ZTBLAIS_PROD","T_INS_COMPLAINTANT_INFO","1","ID","NUMBER","22","Y",,,,,
"4524","ZTBLAIS_PROD","T_INS_COMPLAINTANT_INFO","2","CNIC","NUMBER","22","Y",,,,,
"4525","ZTBLAIS_PROD","T_INS_COMPLAINTANT_INFO","3","NAME","VARCHAR2","500","Y",,,,,
"4526","ZTBLAIS_PROD","T_INS_COMPLAINTANT_INFO","4","F_NAME","VARCHAR2","500","Y",,,,,
"4527","ZTBLAIS_PROD","T_INS_COMPLAINTANT_INFO","5","GENDER","VARCHAR2","50","Y",,,,,
"4528","ZTBLAIS_PROD","T_INS_COMPLAINTANT_INFO","6","DOB","DATE","7","Y",,,,,
"4529","ZTBLAIS_PROD","T_INS_COMPLAINTANT_INFO","7","ADDRESS","VARCHAR2","2000","Y",,,,,
"4530","ZTBLAIS_PROD","T_INS_COMPLAINTANT_INFO","8","PHONE","NUMBER","22","Y",,,,,
"4531","ZTBLAIS_PROD","T_INS_COMPLAINTANT_INFO","9","CELL","NUMBER","22","Y",,,,,
"4532","ZTBLAIS_PROD","T_INS_COMPLAINTANT_INFO","10","EMAIL","VARCHAR2","500","Y",,,,,
"4533","ZTBLAIS_PROD","T_INS_COMPLAINTS","1","ID","NUMBER","22","Y",,,,,
"4534","ZTBLAIS_PROD","T_INS_COMPLAINTS","2","NATURE_ID","NUMBER","22","Y",,,,,
"4535","ZTBLAIS_PROD","T_INS_COMPLAINTS","3","TYPE_ID","NUMBER","22","Y",,,,,
"4536","ZTBLAIS_PROD","T_INS_COMPLAINTS","4","SOURCE_ID","NUMBER","22","Y",,,,,
"4537","ZTBLAIS_PROD","T_INS_COMPLAINTS","5","REFERENCE_NO","NUMBER","22","Y",,,,,
"4538","ZTBLAIS_PROD","T_INS_COMPLAINTS","6","RECEIVED_ON","DATE","7","Y",,,,,
"4539","ZTBLAIS_PROD","T_INS_COMPLAINTS","7","ASSIGNED_ON","DATE","7","Y",,,,,
"4540","ZTBLAIS_PROD","T_INS_COMPLAINTS","8","ASSIGNED_TO","NUMBER","22","Y",,,,,
"4541","ZTBLAIS_PROD","T_INS_COMPLAINTS","9","CLOSED_NO","DATE","7","Y",,,,,
"4542","ZTBLAIS_PROD","T_INS_COMPLAINTS_ASSIGNED_TO","1","ID","NUMBER","22","Y",,,,,
"4543","ZTBLAIS_PROD","T_INS_COMPLAINTS_ASSIGNED_TO","2","ASSIGNED_BY","NUMBER","22","Y",,,,,
"4544","ZTBLAIS_PROD","T_INS_COMPLAINTS_ASSIGNED_TO","3","ASSIGNED_ON","DATE","7","Y",,,,,
"4545","ZTBLAIS_PROD","T_INS_COMPLAINTS_ASSIGNED_TO","4","ASSIGNED_TO","NUMBER","22","Y",,,,,
"4546","ZTBLAIS_PROD","T_INS_COMPLAINTS_ASSIGNED_TO","5","I_UNIT","NUMBER","22","Y",,,,,
"4547","ZTBLAIS_PROD","T_INS_COMPLAINTS_ASSIGNED_TO","6","ACCEPTED_ON","DATE","7","Y",,,,,
"4548","ZTBLAIS_PROD","T_INS_COMPLAINTS_ASSIGNED_TO","7","STATUS","VARCHAR2","2","Y",,,,,
"4549","ZTBLAIS_PROD","T_INS_COMPLAINTS_CONTENT","1","ID","NUMBER","22","Y",,,,,
"4550","ZTBLAIS_PROD","T_INS_COMPLAINTS_CONTENT","2","C_ID","NUMBER","22","Y",,,,,
"4551","ZTBLAIS_PROD","T_INS_COMPLAINTS_CONTENT","3","N_ID","NUMBER","22","Y",,,,,
"4552","ZTBLAIS_PROD","T_INS_COMPLAINTS_CONTENT","4","S_ID","NUMBER","22","Y",,,,,
"4553","ZTBLAIS_PROD","T_INS_COMPLAINTS_CONTENT","5","T_ID","NUMBER","22","Y",,,,,
"4554","ZTBLAIS_PROD","T_INS_COMPLAINTS_CONTENT","6","CONTENT","CLOB","4000","Y",,,,,
"4555","ZTBLAIS_PROD","T_INS_COMPLAINTS_CONTENT","7","STATUS","VARCHAR2","2","Y",,,,,
"4556","ZTBLAIS_PROD","T_INS_COMPLAINTS_CONTENT_EVIDENCE","1","ID","NUMBER","22","Y",,,,,
"4557","ZTBLAIS_PROD","T_INS_COMPLAINTS_CONTENT_EVIDENCE","2","E_NO","NUMBER","22","Y",,,,,
"4558","ZTBLAIS_PROD","T_INS_COMPLAINTS_CONTENT_EVIDENCE","3","E_TYPE","VARCHAR2","500","Y",,,,,
"4559","ZTBLAIS_PROD","T_INS_COMPLAINTS_CONTENT_EVIDENCE","4","E_FILES","CLOB","4000","Y",,,,,
"4560","ZTBLAIS_PROD","T_INS_COMPLAINTS_CONTENT_EVIDENCE","5","STATUS","VARCHAR2","2","Y",,,,,
"4561","ZTBLAIS_PROD","T_INS_COMPLAINTS_DETAILS","1","DID","NUMBER","22","Y",,,,,
"4562","ZTBLAIS_PROD","T_INS_COMPLAINTS_DETAILS","2","DISCRIPTION","VARCHAR2","4000","Y",,,,,
"4563","ZTBLAIS_PROD","T_INS_COMPLAINTS_DETAILS","3","FINAL_OUTCOME","VARCHAR2","4000","Y",,,,,
"4564","ZTBLAIS_PROD","T_INS_COMPLAINTS_DETAILS","4","CLOSING_REMARKS","VARCHAR2","4000","Y",,,,,
"4565","ZTBLAIS_PROD","T_INS_COMPLAINTS_INQUIRY_ATTENDANCE","1","COMP_ID","NUMBER","22","Y",,,,,
"4566","ZTBLAIS_PROD","T_INS_COMPLAINTS_INQUIRY_ATTENDANCE","2","ATTENDEE","VARCHAR2","500","Y",,,,,
"4567","ZTBLAIS_PROD","T_INS_COMPLAINTS_INQUIRY_ATTENDANCE","3","ATTENDEE_NAME","VARCHAR2","500","Y",,,,,
"4568","ZTBLAIS_PROD","T_INS_COMPLAINTS_INQUIRY_ATTENDANCE","4","ATTENDEE_LOCATION","VARCHAR2","100","Y",,,,,
"4569","ZTBLAIS_PROD","T_INS_COMPLAINTS_INQUIRY_ATTENDANCE","5","STATUS","VARCHAR2","2","Y",,,,,
"4570","ZTBLAIS_PROD","T_INS_COMPLAINTS_INQUIRY_FINDINGS","1","COMP_ID","NUMBER","22","Y",,,,,
"4571","ZTBLAIS_PROD","T_INS_COMPLAINTS_INQUIRY_FINDINGS","2","FINDINGS","CLOB","4000","Y",,,,,
"4572","ZTBLAIS_PROD","T_INS_COMPLAINTS_INQUIRY_FINDINGS","3","RECOMMENDATIONS","VARCHAR2","2000","Y",,,,,
"4573","ZTBLAIS_PROD","T_INS_COMPLAINTS_INQUIRY_FINDINGS","4","ENTERED_ON","DATE","7","Y",,,,,
"4574","ZTBLAIS_PROD","T_INS_COMPLAINTS_INQUIRY_FINDINGS","5","REVIEWED_BY","NUMBER","22","Y",,,,,
"4575","ZTBLAIS_PROD","T_INS_COMPLAINTS_INQUIRY_FINDINGS","6","REVIEWED_ON","DATE","7","Y",,,,,
"4576","ZTBLAIS_PROD","T_INS_COMPLAINTS_INQUIRY_FINDINGS","7","REVIEWER_REMARKS","VARCHAR2","2000","Y",,,,,
"4577","ZTBLAIS_PROD","T_INS_COMPLAINTS_INQUIRY_FINDINGS","8","APPROVED_BY","NUMBER","22","Y",,,,,
"4578","ZTBLAIS_PROD","T_INS_COMPLAINTS_INQUIRY_FINDINGS","9","APPROVED_ON","DATE","7","Y",,,,,
"4579","ZTBLAIS_PROD","T_INS_COMPLAINTS_INQUIRY_FINDINGS","10","STATUS","VARCHAR2","2","Y",,,,,
"4580","ZTBLAIS_PROD","T_INS_COMPLAINTS_INQUIRY_JOINING","1","COMP_ID","NUMBER","22","Y",,,,,
"4581","ZTBLAIS_PROD","T_INS_COMPLAINTS_INQUIRY_JOINING","2","JOINED_BY","NUMBER","22","Y",,,,,
"4582","ZTBLAIS_PROD","T_INS_COMPLAINTS_INQUIRY_JOINING","3","JOINED_ON","DATE","7","Y",,,,,
"4583","ZTBLAIS_PROD","T_INS_COMPLAINTS_INQUIRY_JOINING","4","STATUS","NUMBER","22","Y",,,,,
"4584","ZTBLAIS_PROD","T_INS_COMPLAINTS_INQUIRY_PREAMBLE","1","COMP_ID","NUMBER","22","Y",,,,,
"4585","ZTBLAIS_PROD","T_INS_COMPLAINTS_INQUIRY_PREAMBLE","2","INTIAL_FINDING","CLOB","4000","Y",,,,,
"4586","ZTBLAIS_PROD","T_INS_COMPLAINTS_INQUIRY_PREAMBLE","3","MODUS_OPERANDI","VARCHAR2","2000","Y",,,,,
"4587","ZTBLAIS_PROD","T_INS_COMPLAINTS_INQUIRY_PREAMBLE","4","REVIEWED_BY","NUMBER","22","Y",,,,,
"4588","ZTBLAIS_PROD","T_INS_COMPLAINTS_INQUIRY_PREAMBLE","5","REVIEWED_ON","DATE","7","Y",,,,,
"4589","ZTBLAIS_PROD","T_INS_COMPLAINTS_INQUIRY_PREAMBLE","6","RECOMMENDATION","VARCHAR2","1000","Y",,,,,
"4590","ZTBLAIS_PROD","T_INS_COMPLAINTS_INQUIRY_RECORD","1","COMP_ID","NUMBER","22","Y",,,,,
"4591","ZTBLAIS_PROD","T_INS_COMPLAINTS_INQUIRY_RECORD","2","RECORD_TYPE","VARCHAR2","500","Y",,,,,
"4592","ZTBLAIS_PROD","T_INS_COMPLAINTS_INQUIRY_RECORD","3","RECORD_HEADING","VARCHAR2","500","Y",,,,,
"4593","ZTBLAIS_PROD","T_INS_COMPLAINTS_INQUIRY_RECORD","4","RECORD_FILE","CLOB","4000","Y",,,,,
"4594","ZTBLAIS_PROD","T_INS_COMPLAINTS_INQUIRY_RECORD","5","STATUS","VARCHAR2","2","Y",,,,,
"4595","ZTBLAIS_PROD","T_INS_COMPLAINTS_INQUIRY_SCHDULE","1","COMP_ID","NUMBER","22","Y",,,,,
"4596","ZTBLAIS_PROD","T_INS_COMPLAINTS_INQUIRY_SCHDULE","2","CONDUCTED_BY","NUMBER","22","Y",,,,,
"4597","ZTBLAIS_PROD","T_INS_COMPLAINTS_INQUIRY_SCHDULE","3","CONDUCTED_ON","DATE","7","Y",,,,,
"4598","ZTBLAIS_PROD","T_INS_COMPLAINTS_INQUIRY_SCHDULE","4","SUBMITTED_ON","DATE","7","Y",,,,,
"4599","ZTBLAIS_PROD","T_INS_COMPLAINTS_INQUIRY_SCHDULE","5","REVIEWED_BY","NUMBER","22","Y",,,,,
"4600","ZTBLAIS_PROD","T_INS_COMPLAINTS_INQUIRY_SCHDULE","6","REVIEWED_ON","DATE","7","Y",,,,,
"4601","ZTBLAIS_PROD","T_INS_COMPLAINTS_INQUIRY_SCHDULE","7","REVIEWER_REMARKS","VARCHAR2","500","Y",,,,,
"4602","ZTBLAIS_PROD","T_INS_COMPLAINTS_INQUIRY_SCHDULE","8","RECOMMENDED_ON","DATE","7","Y",,,,,
"4603","ZTBLAIS_PROD","T_INS_COMPLAINTS_INQUIRY_SCHDULE","9","APPROVED_BY","NUMBER","22","Y",,,,,
"4604","ZTBLAIS_PROD","T_INS_COMPLAINTS_INQUIRY_SCHDULE","10","APPROVED_ON","DATE","7","Y",,,,,
"4605","ZTBLAIS_PROD","T_INS_COMPLAINTS_INQUIRY_SCHDULE","11","STATUS","NUMBER","22","Y",,,,,
"4606","ZTBLAIS_PROD","T_INS_COMPLAINTS_NATURE","1","N_ID","NUMBER","22","Y",,,,,
"4607","ZTBLAIS_PROD","T_INS_COMPLAINTS_NATURE","2","DISCRIPTION","VARCHAR2","500","Y",,,,,
"4608","ZTBLAIS_PROD","T_INS_COMPLAINTS_NATURE","3","STATUS","VARCHAR2","2","Y",,,,,
"4609","ZTBLAIS_PROD","T_INS_COMPLAINTS_SOURCE","1","SOURCE_ID","NUMBER","22","Y",,,,,
"4610","ZTBLAIS_PROD","T_INS_COMPLAINTS_SOURCE","2","DISCRIPTION","VARCHAR2","500","Y",,,,,
"4611","ZTBLAIS_PROD","T_INS_COMPLAINTS_SOURCE","3","STATUS","VARCHAR2","2","Y",,,,,
"4612","ZTBLAIS_PROD","T_INS_COMPLAINTS_TYPE","1","TYPE_ID","NUMBER","22","Y",,,,,
"4613","ZTBLAIS_PROD","T_INS_COMPLAINTS_TYPE","2","DISCRIPTION","VARCHAR2","500","Y",,,,,
"4614","ZTBLAIS_PROD","T_INS_COMPLAINTS_TYPE","3","STATUS","VARCHAR2","2","Y",,,,,
"4615","ZTBLAIS_PROD","T_LIKE","1","NAME","VARCHAR2","100","Y",,,,,
"4616","ZTBLAIS_PROD","T_LIKE","2","P_NAME","VARCHAR2","1000","Y",,,,,
"4617","ZTBLAIS_PROD","T_LIKE","3","C_NAME","VARCHAR2","1000","Y",,,,,
"4618","ZTBLAIS_PROD","T_LIKE","4","DESCRIPTION","VARCHAR2","250","Y",,,,,
"4619","ZTBLAIS_PROD","T_LIKE","5","ENG_ID","NUMBER","22","N","SYS_C001093177","CHECK",,,
"4620","ZTBLAIS_PROD","T_LIKE","6","ID","NUMBER","22","N","SYS_C001093178","CHECK",,,
"4621","ZTBLAIS_PROD","T_LIKE","7","AUDIT_STARTDATE","DATE","7","N","SYS_C001093179","CHECK",,,
"4622","ZTBLAIS_PROD","T_LIKE","8","AUDIT_ENDDATE","DATE","7","N","SYS_C001093180","CHECK",,,
"4623","ZTBLAIS_PROD","T_LIKE","9","OPERATION_STARTDATE","DATE","7","Y",,,,,
"4624","ZTBLAIS_PROD","T_LIKE","10","OPERATION_ENDDATE","DATE","7","Y",,,,,
"4625","ZTBLAIS_PROD","T_LIKE","11","FINAL_PARA_NO","NUMBER","22","Y",,,,,
"4626","ZTBLAIS_PROD","T_LIKE","12","FINAL_PARA_ADDED_ON","DATE","7","Y",,,,,
"4627","ZTBLAIS_PROD","T_LIKE","13","HEADINGS","VARCHAR2","3000","Y",,,,,
"4628","ZTBLAIS_PROD","T_LIKE","14","TEXT","CLOB","4000","Y",,,,,
"4629","ZTBLAIS_PROD","T_MANUAL_INDEX","1","INDEX_ID","NUMBER","22","N","SYS_C001162838","CHECK",,,
"4630","ZTBLAIS_PROD","T_MANUAL_INDEX","1","INDEX_ID","NUMBER","22","N","SYS_C001162841","PRIMARY KEY",,,
"4631","ZTBLAIS_PROD","T_MANUAL_INDEX","2","MANUAL_ID","NUMBER","22","N","FK_MANUAL_INDEX_MANUAL","FOREIGN KEY",,,
"4632","ZTBLAIS_PROD","T_MANUAL_INDEX","2","MANUAL_ID","NUMBER","22","N","SYS_C001162839","CHECK",,,
"4633","ZTBLAIS_PROD","T_MANUAL_INDEX","3","SECTION","VARCHAR2","100","Y",,,,,
"4634","ZTBLAIS_PROD","T_MANUAL_INDEX","4","CHAPTER_NO","VARCHAR2","20","Y",,,,,
"4635","ZTBLAIS_PROD","T_MANUAL_INDEX","5","CHAPTER_TITLE","VARCHAR2","300","Y",,,,,
"4636","ZTBLAIS_PROD","T_MANUAL_INDEX","6","SUB_SECTION_NO","VARCHAR2","50","Y",,,,,
"4637","ZTBLAIS_PROD","T_MANUAL_INDEX","7","HEADING","VARCHAR2","1000","N","SYS_C001162840","CHECK",,,
"4638","ZTBLAIS_PROD","T_MANUAL_INDEX","8","DISPLAY_ORDER","NUMBER","22","Y",,,,,
"4639","ZTBLAIS_PROD","T_MANUAL_INDEX","9","PARENT_INDEX_ID","NUMBER","22","Y",,,,,
"4640","ZTBLAIS_PROD","T_MANUAL_INDEX","10","PAGE_NO","NUMBER","22","Y",,,,,
"4641","ZTBLAIS_PROD","T_MANUAL_INDEX","11","IS_ACTIVE","CHAR","1","Y","SYS_C001162843","CHECK",,,
"4642","ZTBLAIS_PROD","T_MANUAL_INDEX","12","CREATED_BY","NUMBER","22","Y",,,,,
"4643","ZTBLAIS_PROD","T_MANUAL_INDEX","13","CREATED_DATE","DATE","7","Y",,,,,
"4644","ZTBLAIS_PROD","T_MANUAL_INDEX","14","UPDATED_BY","NUMBER","22","Y",,,,,
"4645","ZTBLAIS_PROD","T_MANUAL_INDEX","15","UPDATED_DATE","DATE","7","Y",,,,,
"4646","ZTBLAIS_PROD","T_MANUAL_INDEX_BKP","1","INDEX_ID","NUMBER","22","N","SYS_C001162835","CHECK",,,
"4647","ZTBLAIS_PROD","T_MANUAL_INDEX_BKP","2","MANUAL_ID","NUMBER","22","N","SYS_C001162836","CHECK",,,
"4648","ZTBLAIS_PROD","T_MANUAL_INDEX_BKP","3","SECTION","VARCHAR2","100","Y",,,,,
"4649","ZTBLAIS_PROD","T_MANUAL_INDEX_BKP","4","CHAPTER_NO","VARCHAR2","20","Y",,,,,
"4650","ZTBLAIS_PROD","T_MANUAL_INDEX_BKP","5","SUB_SECTION_NO","VARCHAR2","50","Y",,,,,
"4651","ZTBLAIS_PROD","T_MANUAL_INDEX_BKP","6","HEADING","VARCHAR2","1000","N","SYS_C001162837","CHECK",,,
"4652","ZTBLAIS_PROD","T_MANUAL_INDEX_BKP","7","DISPLAY_ORDER","NUMBER","22","Y",,,,,
"4653","ZTBLAIS_PROD","T_MANUAL_INDEX_BKP","8","PARENT_INDEX_ID","NUMBER","22","Y",,,,,
"4654","ZTBLAIS_PROD","T_MANUAL_INDEX_BKP","9","PAGE_NO","NUMBER","22","Y",,,,,
"4655","ZTBLAIS_PROD","T_MANUAL_INDEX_BKP","10","IS_ACTIVE","CHAR","1","Y",,,,,
"4656","ZTBLAIS_PROD","T_MANUAL_INDEX_BKP","11","CREATED_BY","NUMBER","22","Y",,,,,
"4657","ZTBLAIS_PROD","T_MANUAL_INDEX_BKP","12","CREATED_DATE","DATE","7","Y",,,,,
"4658","ZTBLAIS_PROD","T_MANUAL_INDEX_BKP","13","UPDATED_BY","NUMBER","22","Y",,,,,
"4659","ZTBLAIS_PROD","T_MANUAL_INDEX_BKP","14","UPDATED_DATE","DATE","7","Y",,,,,
"4660","ZTBLAIS_PROD","T_MANUAL_MASTER","1","MANUAL_ID","NUMBER","22","N","SYS_C001160294","CHECK",,,
"4661","ZTBLAIS_PROD","T_MANUAL_MASTER","1","MANUAL_ID","NUMBER","22","N","SYS_C001160297","PRIMARY KEY",,,
"4662","ZTBLAIS_PROD","T_MANUAL_MASTER","2","MANUAL_NAME","VARCHAR2","200","N","SYS_C001160295","CHECK",,,
"4663","ZTBLAIS_PROD","T_MANUAL_MASTER","3","VOLUME_NAME","VARCHAR2","100","Y",,,,,
"4664","ZTBLAIS_PROD","T_MANUAL_MASTER","4","DESCRIPTION","VARCHAR2","500","Y",,,,,
"4665","ZTBLAIS_PROD","T_MANUAL_MASTER","5","IS_ACTIVE","CHAR","1","Y","SYS_C001160296","CHECK",,,
"4666","ZTBLAIS_PROD","T_MANUAL_MASTER","6","CREATED_BY","NUMBER","22","Y",,,,,
"4667","ZTBLAIS_PROD","T_MANUAL_MASTER","7","CREATED_DATE","DATE","7","Y",,,,,
"4668","ZTBLAIS_PROD","T_MANUAL_MASTER","8","UPDATED_BY","NUMBER","22","Y",,,,,
"4669","ZTBLAIS_PROD","T_MANUAL_MASTER","9","UPDATED_DATE","DATE","7","Y",,,,,
"4670","ZTBLAIS_PROD","T_MENU","1","MENU_ID","NUMBER","22","N","MID","PRIMARY KEY",,,
"4671","ZTBLAIS_PROD","T_MENU","1","MENU_ID","NUMBER","22","N","SYS_C001092951","CHECK",,,
"4672","ZTBLAIS_PROD","T_MENU","2","SUB_MENU","NUMBER","22","N","SYS_C001092952","CHECK",,,
"4673","ZTBLAIS_PROD","T_MENU","3","MENU_NAME","VARCHAR2","100","N","SYS_C001092953","CHECK",,,
"4674","ZTBLAIS_PROD","T_MENU","4","MENU_ORDER","NUMBER","22","N","SYS_C001092954","CHECK",,,
"4675","ZTBLAIS_PROD","T_MENU","5","MENU_DESCRIPTION","VARCHAR2","255","Y",,,,,
"4676","ZTBLAIS_PROD","T_MENU","6","MENU_IMAGE_PATH","VARCHAR2","500","Y",,,,,
"4677","ZTBLAIS_PROD","T_MENU","7","ISACTIVE","VARCHAR2","1","N","SYS_C001092955","CHECK",,,
"4678","ZTBLAIS_PROD","T_MENU_PAGES","1","ID","NUMBER","22","Y",,,,,
"4679","ZTBLAIS_PROD","T_MENU_PAGES","2","MENU_ID","NUMBER","22","Y",,,,,
"4680","ZTBLAIS_PROD","T_MENU_PAGES","3","PAGE_NAME","VARCHAR2","100","Y",,,,,
"4681","ZTBLAIS_PROD","T_MENU_PAGES","4","PAGE_PATH","VARCHAR2","150","Y",,,,,
"4682","ZTBLAIS_PROD","T_MENU_PAGES","5","PAGE_ORDER","NUMBER","22","Y",,,,,
"4683","ZTBLAIS_PROD","T_MENU_PAGES","6","STATUS","VARCHAR2","50","Y",,,,,
"4684","ZTBLAIS_PROD","T_MENU_PAGES","7","HIDE_MENU","NUMBER","22","Y",,,,,
"4685","ZTBLAIS_PROD","T_MENU_PAGES","8","SUB_MENU","NUMBER","22","Y",,,,,
"4686","ZTBLAIS_PROD","T_MENU_PAGES","9","PAGE_KEY","VARCHAR2","100","Y",,,,,
"4687","ZTBLAIS_PROD","T_MENU_PAGES","10","PAGE_URL","VARCHAR2","100","Y",,,,,
"4688","ZTBLAIS_PROD","T_MENU_PAGES_BKP","1","ID","NUMBER","22","Y",,,,,
"4689","ZTBLAIS_PROD","T_MENU_PAGES_BKP","2","MENU_ID","NUMBER","22","Y",,,,,
"4690","ZTBLAIS_PROD","T_MENU_PAGES_BKP","3","PAGE_NAME","VARCHAR2","100","Y",,,,,
"4691","ZTBLAIS_PROD","T_MENU_PAGES_BKP","4","PAGE_PATH","VARCHAR2","150","Y",,,,,
"4692","ZTBLAIS_PROD","T_MENU_PAGES_BKP","5","PAGE_ORDER","NUMBER","22","Y",,,,,
"4693","ZTBLAIS_PROD","T_MENU_PAGES_BKP","6","STATUS","VARCHAR2","50","Y",,,,,
"4694","ZTBLAIS_PROD","T_MENU_PAGES_BKP","7","HIDE_MENU","NUMBER","22","Y",,,,,
"4695","ZTBLAIS_PROD","T_MENU_PAGES_BKP","8","SUB_MENU","NUMBER","22","Y",,,,,
"4696","ZTBLAIS_PROD","T_MENU_PAGES_BKP","9","PAGE_KEY","VARCHAR2","100","Y",,,,,
"4697","ZTBLAIS_PROD","T_MENU_PAGES_GROUPMAP","1","GROUPMAP_ID","NUMBER","22","N","SYS_C001093073","CHECK",,,
"4698","ZTBLAIS_PROD","T_MENU_PAGES_GROUPMAP","2","GROUP_ID","NUMBER","22","N","SYS_C001093074","CHECK",,,
"4699","ZTBLAIS_PROD","T_MENU_PAGES_GROUPMAP","3","PAGE_ID","NUMBER","22","N","SYS_C001093075","CHECK",,,
"4700","ZTBLAIS_PROD","T_MENU_SUB","1","SUB_MENU_ID","NUMBER","22","N","SYS_C001092961","CHECK",,,
"4701","ZTBLAIS_PROD","T_MENU_SUB","2","MENU_ID","NUMBER","22","N","SYS_C001092962","CHECK",,,
"4702","ZTBLAIS_PROD","T_MENU_SUB","3","SUB_MENU_NAME","VARCHAR2","100","N","SYS_C001092963","CHECK",,,
"4703","ZTBLAIS_PROD","T_MENU_SUB","4","SUB_MENU_ORDER","NUMBER","22","N","SYS_C001092964","CHECK",,,
"4704","ZTBLAIS_PROD","T_MENU_SUB","5","DESCRIPTION","VARCHAR2","255","Y",,,,,
"4705","ZTBLAIS_PROD","T_MENU_SUB","6","STATUS","VARCHAR2","1","N","SYS_C001092965","CHECK",,,
"4706","ZTBLAIS_PROD","T_OBSERVATION_REFERENCE_LINK","1","LINK_ID","NUMBER","22","N","SYS_C001160714","CHECK",,,
"4707","ZTBLAIS_PROD","T_OBSERVATION_REFERENCE_LINK","1","LINK_ID","NUMBER","22","N","SYS_C001160718","PRIMARY KEY",,,
"4708","ZTBLAIS_PROD","T_OBSERVATION_REFERENCE_LINK","2","OBS_ID","NUMBER","22","N","SYS_C001160715","CHECK",,,
"4709","ZTBLAIS_PROD","T_OBSERVATION_REFERENCE_LINK","3","COM_ID","NUMBER","22","Y",,,,,
"4710","ZTBLAIS_PROD","T_OBSERVATION_REFERENCE_LINK","4","REF_ID","NUMBER","22","N","FK_OBS_REF_LINK_REF","FOREIGN KEY",,,
"4711","ZTBLAIS_PROD","T_OBSERVATION_REFERENCE_LINK","4","REF_ID","NUMBER","22","N","SYS_C001160716","CHECK",,,
"4712","ZTBLAIS_PROD","T_OBSERVATION_REFERENCE_LINK","5","IS_ACTIVE","CHAR","1","Y","SYS_C001160717","CHECK",,,
"4713","ZTBLAIS_PROD","T_OBSERVATION_REFERENCE_LINK","6","CREATED_BY","NUMBER","22","Y",,,,,
"4714","ZTBLAIS_PROD","T_OBSERVATION_REFERENCE_LINK","7","CREATED_DATE","DATE","7","Y",,,,,
"4715","ZTBLAIS_PROD","T_OBSERVATION_REFERENCE_LINK","8","UPDATED_BY","NUMBER","22","Y",,,,,
"4716","ZTBLAIS_PROD","T_OBSERVATION_REFERENCE_LINK","9","UPDATED_DATE","DATE","7","Y",,,,,
"4717","ZTBLAIS_PROD","T_PAGE_COM_ROLE","1","PAGE_ID","NUMBER","22","N","SYS_C001147669","CHECK",,,
"4718","ZTBLAIS_PROD","T_PAGE_COM_ROLE","1","PAGE_ID","NUMBER","22","N","SYS_C001147674","PRIMARY KEY",,,
"4719","ZTBLAIS_PROD","T_PAGE_COM_ROLE","2","M_COM_ID","NUMBER","22","N","SYS_C001147670","CHECK",,,
"4720","ZTBLAIS_PROD","T_PAGE_COM_ROLE","2","M_COM_ID","NUMBER","22","N","SYS_C001147674","PRIMARY KEY",,,
"4721","ZTBLAIS_PROD","T_PAGE_COM_ROLE","3","ROLE_ID","NUMBER","22","N","SYS_C001147671","CHECK",,,
"4722","ZTBLAIS_PROD","T_PAGE_COM_ROLE","3","ROLE_ID","NUMBER","22","N","SYS_C001147674","PRIMARY KEY",,,
"4723","ZTBLAIS_PROD","T_PAGE_COM_ROLE","4","STATUS","NUMBER","22","N","SYS_C001147672","CHECK",,,
"4724","ZTBLAIS_PROD","T_PAGE_COM_ROLE","5","CREATED_ON","DATE","7","N","SYS_C001147673","CHECK",,,
"4725","ZTBLAIS_PROD","T_PAGE_COM_ROLE","6","CREATED_BY","NUMBER","22","Y",,,,,
"4726","ZTBLAIS_PROD","T_REFERENCE_MASTER","1","REF_ID","NUMBER","22","N","SYS_C001160702","CHECK",,,
"4727","ZTBLAIS_PROD","T_REFERENCE_MASTER","1","REF_ID","NUMBER","22","N","SYS_C001160706","PRIMARY KEY",,,
"4728","ZTBLAIS_PROD","T_REFERENCE_MASTER","2","REFERENCE_SOURCE_TYPE","VARCHAR2","30","N","SYS_C001160703","CHECK",,,
"4729","ZTBLAIS_PROD","T_REFERENCE_MASTER","2","REFERENCE_SOURCE_TYPE","VARCHAR2","30","N","UQ_REF_MASTER_SRC","UNIQUE",,,
"4730","ZTBLAIS_PROD","T_REFERENCE_MASTER","3","SOURCE_PK_ID","NUMBER","22","N","SYS_C001160704","CHECK",,,
"4731","ZTBLAIS_PROD","T_REFERENCE_MASTER","3","SOURCE_PK_ID","NUMBER","22","N","UQ_REF_MASTER_SRC","UNIQUE",,,
"4732","ZTBLAIS_PROD","T_REFERENCE_MASTER","4","IS_ACTIVE","CHAR","1","Y","SYS_C001160705","CHECK",,,
"4733","ZTBLAIS_PROD","T_REFERENCE_MASTER","5","CREATED_BY","NUMBER","22","Y",,,,,
"4734","ZTBLAIS_PROD","T_REFERENCE_MASTER","6","CREATED_DATE","DATE","7","Y",,,,,
"4735","ZTBLAIS_PROD","T_REFERENCE_MASTER","7","UPDATED_BY","NUMBER","22","Y",,,,,
"4736","ZTBLAIS_PROD","T_REFERENCE_MASTER","8","UPDATED_DATE","DATE","7","Y",,,,,
"4737","ZTBLAIS_PROD","T_RISK","1","R_ID","NUMBER","22","Y",,,,,
"4738","ZTBLAIS_PROD","T_RISK","2","DESCRIPTION","VARCHAR2","50","Y",,,,,
"4739","ZTBLAIS_PROD","T_RISK","3","RATING","NUMBER","22","Y",,,,,
"4740","ZTBLAIS_PROD","T_RISK_BRANCH_WISE","1","AUDIT_PERIOD","NUMBER","22","Y",,,,,
"4741","ZTBLAIS_PROD","T_RISK_BRANCH_WISE","2","ENITITY_CODE","NUMBER","22","Y",,,,,
"4742","ZTBLAIS_PROD","T_RISK_BRANCH_WISE","3","GR_ID","NUMBER","22","Y",,,,,
"4743","ZTBLAIS_PROD","T_RISK_BRANCH_WISE","4","S_GR_ID","NUMBER","22","Y",,,,,
"4744","ZTBLAIS_PROD","T_RISK_BRANCH_WISE","5","MAX_NUMBER","NUMBER","22","Y",,,,,
"4745","ZTBLAIS_PROD","T_RISK_BRANCH_WISE","6","WEIGHTAGE_AVERAGE","NUMBER","22","Y",,,,,
"4746","ZTBLAIS_PROD","T_RISK_BRANCH_WISE","7","GRAVITY_RISK","NUMBER","22","Y",,,,,
"4747","ZTBLAIS_PROD","T_RISK_BRANCH_WISE","8","NUMBER_OF_OBSERVATIONS","NUMBER","22","Y",,,,,
"4748","ZTBLAIS_PROD","T_RISK_BRANCH_WISE","9","RISK_BASED_MARKS","NUMBER","22","Y",,,,,
"4749","ZTBLAIS_PROD","T_RISK_BRANCH_WISE","10","WEIGHTED_AVERAGE_MARKS","NUMBER","22","Y",,,,,
"4750","ZTBLAIS_PROD","T_RISK_BRANCH_WISE","11","ENTITY_ID","NUMBER","22","Y",,,,,
"4751","ZTBLAIS_PROD","T_RISK_BRANCH_WISE","12","ENG_ID","NUMBER","22","Y",,,,,
"4752","ZTBLAIS_PROD","T_RISK_BRANCH_WISE","13","FINAL_MARKS","NUMBER","22","Y",,,,,
"4753","ZTBLAIS_PROD","T_RISK_BRANCH_WISE","14","CIA_MARKS","NUMBER","22","Y",,,,,
"4754","ZTBLAIS_PROD","T_RISK_CER","1","CER_ID","NUMBER","22","N","SYS_C001093234","CHECK",,,
"4755","ZTBLAIS_PROD","T_RISK_CER","2","BR_SIZE","NUMBER","22","Y",,,,,
"4756","ZTBLAIS_PROD","T_RISK_CER","3","R_ID","NUMBER","22","Y",,,,,
"4757","ZTBLAIS_PROD","T_RISK_CER","4","START_RANGE","NUMBER","22","Y",,,,,
"4758","ZTBLAIS_PROD","T_RISK_CER","5","END_RANGE","NUMBER","22","Y",,,,,
"4759","ZTBLAIS_PROD","T_RISK_FAD_ANNEXURE","1","ANNEXURE_ID","NUMBER","22","N","SYS_C001134818","PRIMARY KEY",,,
"4760","ZTBLAIS_PROD","T_RISK_FAD_ANNEXURE","2","ANNEXURE_CODE","VARCHAR2","50","N","SYS_C001134816","CHECK",,,
"4761","ZTBLAIS_PROD","T_RISK_FAD_ANNEXURE","2","ANNEXURE_CODE","VARCHAR2","50","N","SYS_C001134819","UNIQUE",,,
"4762","ZTBLAIS_PROD","T_RISK_FAD_ANNEXURE","3","ANNEXURE_NAME","VARCHAR2","200","N","SYS_C001134817","CHECK",,,
"4763","ZTBLAIS_PROD","T_RISK_FAD_ANNEXURE","4","IS_ACTIVE","CHAR","1","Y",,,,,
"4764","ZTBLAIS_PROD","T_RISK_FAD_ANNEXURE","5","CREATED_ON","DATE","7","Y",,,,,
"4765","ZTBLAIS_PROD","T_RISK_FAD_ANNEXURE_COUNT","1","ENG_ID","NUMBER","22","N","PK_RISK_FAD_ANN_CNT","PRIMARY KEY",,,
"4766","ZTBLAIS_PROD","T_RISK_FAD_ANNEXURE_COUNT","2","ANNEXURE_ID","NUMBER","22","N","PK_RISK_FAD_ANN_CNT","PRIMARY KEY",,,
"4767","ZTBLAIS_PROD","T_RISK_FAD_ANNEXURE_COUNT","3","NO_OF_INSTANCES","NUMBER","22","Y",,,,,
"4768","ZTBLAIS_PROD","T_RISK_FAD_ANNEXURE_COUNT","4","CALCULATED_ON","DATE","7","Y",,,,,
"4769","ZTBLAIS_PROD","T_RISK_FAD_GRAVITY","1","GRAVITY_ID","NUMBER","22","N","SYS_C001134828","PRIMARY KEY",,,
"4770","ZTBLAIS_PROD","T_RISK_FAD_GRAVITY","2","GRAVITY_NAME","VARCHAR2","50","N","SYS_C001134826","CHECK",,,
"4771","ZTBLAIS_PROD","T_RISK_FAD_GRAVITY","2","GRAVITY_NAME","VARCHAR2","50","N","SYS_C001134829","UNIQUE",,,
"4772","ZTBLAIS_PROD","T_RISK_FAD_GRAVITY","3","GRAVITY_SCORE","NUMBER","22","N","SYS_C001134827","CHECK",,,
"4773","ZTBLAIS_PROD","T_RISK_FAD_KPI_MAIN","1","KPI_MAIN_ID","NUMBER","22","N","SYS_C001134785","PRIMARY KEY",,,
"4774","ZTBLAIS_PROD","T_RISK_FAD_KPI_MAIN","2","KPI_CODE","VARCHAR2","50","N","SYS_C001134783","CHECK",,,
"4775","ZTBLAIS_PROD","T_RISK_FAD_KPI_MAIN","2","KPI_CODE","VARCHAR2","50","N","SYS_C001134786","UNIQUE",,,
"4776","ZTBLAIS_PROD","T_RISK_FAD_KPI_MAIN","3","KPI_NAME","VARCHAR2","200","N","SYS_C001134784","CHECK",,,
"4777","ZTBLAIS_PROD","T_RISK_FAD_KPI_MAIN","4","DISPLAY_ORDER","NUMBER","22","Y",,,,,
"4778","ZTBLAIS_PROD","T_RISK_FAD_KPI_MAIN","5","IS_ACTIVE","CHAR","1","Y",,,,,
"4779","ZTBLAIS_PROD","T_RISK_FAD_KPI_MAIN","6","CREATED_ON","DATE","7","Y",,,,,
"4780","ZTBLAIS_PROD","T_RISK_FAD_KPI_RESULT","1","ENG_ID","NUMBER","22","N","PK_RISK_FAD_KPI_RES","PRIMARY KEY",,,
"4781","ZTBLAIS_PROD","T_RISK_FAD_KPI_RESULT","2","KPI_ID","NUMBER","22","N","PK_RISK_FAD_KPI_RES","PRIMARY KEY",,,
"4782","ZTBLAIS_PROD","T_RISK_FAD_KPI_RESULT","3","WEIGHTED_SCORE","NUMBER","22","Y",,,,,
"4783","ZTBLAIS_PROD","T_RISK_FAD_KPI_RESULT","4","FINAL_RATING","VARCHAR2","30","Y",,,,,
"4784","ZTBLAIS_PROD","T_RISK_FAD_KPI_RESULT","5","CALCULATED_ON","DATE","7","Y",,,,,
"4785","ZTBLAIS_PROD","T_RISK_FAD_KPI_SUB","1","KPI_SUB_ID","NUMBER","22","N","SYS_C001134791","PRIMARY KEY",,,
"4786","ZTBLAIS_PROD","T_RISK_FAD_KPI_SUB","2","KPI_MAIN_ID","NUMBER","22","N","FK_FAD_SUB_MAIN","FOREIGN KEY",,,
"4787","ZTBLAIS_PROD","T_RISK_FAD_KPI_SUB","2","KPI_MAIN_ID","NUMBER","22","N","SYS_C001134787","CHECK",,,
"4788","ZTBLAIS_PROD","T_RISK_FAD_KPI_SUB","3","KPI_SUB_CODE","VARCHAR2","50","N","SYS_C001134788","CHECK",,,
"4789","ZTBLAIS_PROD","T_RISK_FAD_KPI_SUB","3","KPI_SUB_CODE","VARCHAR2","50","N","SYS_C001134792","UNIQUE",,,
"4790","ZTBLAIS_PROD","T_RISK_FAD_KPI_SUB","4","KPI_SUB_NAME","VARCHAR2","200","N","SYS_C001134789","CHECK",,,
"4791","ZTBLAIS_PROD","T_RISK_FAD_KPI_SUB","5","WEIGHTAGE","NUMBER","22","N","SYS_C001134790","CHECK",,,
"4792","ZTBLAIS_PROD","T_RISK_FAD_KPI_SUB","6","DISPLAY_ORDER","NUMBER","22","Y",,,,,
"4793","ZTBLAIS_PROD","T_RISK_FAD_KPI_SUB","7","IS_ACTIVE","CHAR","1","Y",,,,,
"4794","ZTBLAIS_PROD","T_RISK_FAD_KPI_SUB","8","CREATED_ON","DATE","7","Y",,,,,
"4795","ZTBLAIS_PROD","T_RISK_FAD_PROCESS","1","PROCESS_ID","NUMBER","22","N","SYS_C001134805","PRIMARY KEY",,,
"4796","ZTBLAIS_PROD","T_RISK_FAD_PROCESS","2","KPI_SUB_ID","NUMBER","22","N","FK_FAD_PROCESS_SUB","FOREIGN KEY",,,
"4797","ZTBLAIS_PROD","T_RISK_FAD_PROCESS","2","KPI_SUB_ID","NUMBER","22","N","SYS_C001134801","CHECK",,,
"4798","ZTBLAIS_PROD","T_RISK_FAD_PROCESS","3","PROCESS_CODE","VARCHAR2","50","N","SYS_C001134802","CHECK",,,
"4799","ZTBLAIS_PROD","T_RISK_FAD_PROCESS","3","PROCESS_CODE","VARCHAR2","50","N","SYS_C001134806","UNIQUE",,,
"4800","ZTBLAIS_PROD","T_RISK_FAD_PROCESS","4","PROCESS_NAME","VARCHAR2","200","N","SYS_C001134803","CHECK",,,
"4801","ZTBLAIS_PROD","T_RISK_FAD_PROCESS","5","WEIGHTAGE","NUMBER","22","N","SYS_C001134804","CHECK",,,
"4802","ZTBLAIS_PROD","T_RISK_FAD_PROCESS","6","DISPLAY_ORDER","NUMBER","22","Y",,,,,
"4803","ZTBLAIS_PROD","T_RISK_FAD_PROCESS","7","IS_ACTIVE","CHAR","1","Y",,,,,
"4804","ZTBLAIS_PROD","T_RISK_FAD_PROCESS","8","CREATED_ON","DATE","7","Y",,,,,
"4805","ZTBLAIS_PROD","T_RISK_FAD_RATING_MATRIX","1","MATRIX_ID","NUMBER","22","N","SYS_C001134354","PRIMARY KEY",,,
"4806","ZTBLAIS_PROD","T_RISK_FAD_RATING_MATRIX","2","GRAVITY_ID","NUMBER","22","Y",,,,,
"4807","ZTBLAIS_PROD","T_RISK_FAD_RATING_MATRIX","3","MIN_INSTANCES","NUMBER","22","Y",,,,,
"4808","ZTBLAIS_PROD","T_RISK_FAD_RATING_MATRIX","4","MAX_INSTANCES","NUMBER","22","Y",,,,,
"4809","ZTBLAIS_PROD","T_RISK_FAD_RATING_MATRIX","5","RISK_MARKS","NUMBER","22","Y",,,,,
"4810","ZTBLAIS_PROD","T_RISK_FAD_RATING_MATRIX","6","RISK_CATEGORY","VARCHAR2","30","Y",,,,,
"4811","ZTBLAIS_PROD","T_RISK_FAD_SUBPROC_ANNEX","1","MAP_ID","NUMBER","22","N","SYS_C001134822","PRIMARY KEY",,,
"4812","ZTBLAIS_PROD","T_RISK_FAD_SUBPROC_ANNEX","2","SUB_PROCESS_ID","NUMBER","22","N","FK_FAD_MAP_SUBPROC","FOREIGN KEY",,,
"4813","ZTBLAIS_PROD","T_RISK_FAD_SUBPROC_ANNEX","2","SUB_PROCESS_ID","NUMBER","22","N","SYS_C001134820","CHECK",,,
"4814","ZTBLAIS_PROD","T_RISK_FAD_SUBPROC_ANNEX","2","SUB_PROCESS_ID","NUMBER","22","N","UK_FAD_SUBPROC_ANNEX","UNIQUE",,,
"4815","ZTBLAIS_PROD","T_RISK_FAD_SUBPROC_ANNEX","3","ANNEXURE_ID","NUMBER","22","N","FK_FAD_MAP_ANNEX","FOREIGN KEY",,,
"4816","ZTBLAIS_PROD","T_RISK_FAD_SUBPROC_ANNEX","3","ANNEXURE_ID","NUMBER","22","N","SYS_C001134821","CHECK",,,
"4817","ZTBLAIS_PROD","T_RISK_FAD_SUBPROC_ANNEX","3","ANNEXURE_ID","NUMBER","22","N","UK_FAD_SUBPROC_ANNEX","UNIQUE",,,
"4818","ZTBLAIS_PROD","T_RISK_FAD_SUBPROC_ANNEX","4","IS_ACTIVE","CHAR","1","Y",,,,,
"4819","ZTBLAIS_PROD","T_RISK_FAD_SUB_PROCESS","1","SUB_PROCESS_ID","NUMBER","22","N","SYS_C001134812","PRIMARY KEY",,,
"4820","ZTBLAIS_PROD","T_RISK_FAD_SUB_PROCESS","2","PROCESS_ID","NUMBER","22","N","FK_FAD_SUBPROC_PROCESS","FOREIGN KEY",,,
"4821","ZTBLAIS_PROD","T_RISK_FAD_SUB_PROCESS","2","PROCESS_ID","NUMBER","22","N","SYS_C001134808","CHECK",,,
"4822","ZTBLAIS_PROD","T_RISK_FAD_SUB_PROCESS","3","SUB_PROCESS_CODE","VARCHAR2","50","N","SYS_C001134809","CHECK",,,
"4823","ZTBLAIS_PROD","T_RISK_FAD_SUB_PROCESS","3","SUB_PROCESS_CODE","VARCHAR2","50","N","SYS_C001134813","UNIQUE",,,
"4824","ZTBLAIS_PROD","T_RISK_FAD_SUB_PROCESS","4","SUB_PROCESS_NAME","VARCHAR2","200","N","SYS_C001134810","CHECK",,,
"4825","ZTBLAIS_PROD","T_RISK_FAD_SUB_PROCESS","5","GRAVITY_ID","NUMBER","22","N","SYS_C001134811","CHECK",,,
"4826","ZTBLAIS_PROD","T_RISK_FAD_SUB_PROCESS","6","IS_ACTIVE","CHAR","1","Y",,,,,
"4827","ZTBLAIS_PROD","T_RISK_FAD_SUB_PROCESS","7","CREATED_ON","DATE","7","Y",,,,,
"4828","ZTBLAIS_PROD","T_RISK_FAD_WORK_RESULT","1","ENG_ID","NUMBER","22","N","PK_RISK_FAD_WORK_RES","PRIMARY KEY",,,
"4829","ZTBLAIS_PROD","T_RISK_FAD_WORK_RESULT","2","WORKING_ID","NUMBER","22","N","PK_RISK_FAD_WORK_RES","PRIMARY KEY",,,
"4830","ZTBLAIS_PROD","T_RISK_FAD_WORK_RESULT","3","TOTAL_INSTANCES","NUMBER","22","Y",,,,,
"4831","ZTBLAIS_PROD","T_RISK_FAD_WORK_RESULT","4","RISK_MARKS","NUMBER","22","Y",,,,,
"4832","ZTBLAIS_PROD","T_RISK_FAD_WORK_RESULT","5","CALCULATED_ON","DATE","7","Y",,,,,
"4833","ZTBLAIS_PROD","T_RISK_MODEL_DESC","1","ID","NUMBER","22","Y",,,,,
"4834","ZTBLAIS_PROD","T_RISK_MODEL_DESC","2","OBSERVATION_RATING","VARCHAR2","200","Y",,,,,
"4835","ZTBLAIS_PROD","T_RISK_MODEL_DESC","3","DESCRIPTION","VARCHAR2","2000","Y",,,,,
"4836","ZTBLAIS_PROD","T_RISK_MODEL_DESC","4","WEIGHT","NUMBER","22","Y",,,,,
"4837","ZTBLAIS_PROD","T_RISK_NEW_AUDIT_RATING_GRID","1","ID","NUMBER","22","Y",,,,,
"4838","ZTBLAIS_PROD","T_RISK_NEW_AUDIT_RATING_GRID","2","OBSERVATION_RATING","VARCHAR2","2","Y",,,,,
"4839","ZTBLAIS_PROD","T_RISK_NEW_AUDIT_RATING_GRID","3","START_RANGE","NUMBER","22","Y",,,,,
"4840","ZTBLAIS_PROD","T_RISK_NEW_AUDIT_RATING_GRID","4","END_RANGE","NUMBER","22","Y",,,,,
"4841","ZTBLAIS_PROD","T_RISK_NEW_MODEL_WORKING","1","ENGID","NUMBER","22","Y",,,,,
"4842","ZTBLAIS_PROD","T_RISK_NEW_MODEL_WORKING","2","ENTITY_ID","NUMBER","22","Y",,,,,
"4843","ZTBLAIS_PROD","T_RISK_NEW_MODEL_WORKING","3","S_ID","NUMBER","22","Y",,,,,
"4844","ZTBLAIS_PROD","T_RISK_NEW_MODEL_WORKING","4","SUB_PROCESS_ALLOCATION_CALCULATED","NUMBER","22","Y",,,,,
"4845","ZTBLAIS_PROD","T_RISK_NEW_MODEL_WORKING","5","AVAILABLE_WEIGHTED_SCORE","NUMBER","22","Y",,,,,
"4846","ZTBLAIS_PROD","T_RISK_NEW_MODEL_WORKING","6","AVAILABLE_PROCESS_SCORE","NUMBER","22","Y",,,,,
"4847","ZTBLAIS_PROD","T_RISK_NEW_MODEL_WORKING","7","HIGH","NUMBER","22","Y",,,,,
"4848","ZTBLAIS_PROD","T_RISK_NEW_MODEL_WORKING","8","MEDIUM","NUMBER","22","Y",,,,,
"4849","ZTBLAIS_PROD","T_RISK_NEW_MODEL_WORKING","9","LOW","NUMBER","22","Y",,,,,
"4850","ZTBLAIS_PROD","T_RISK_NEW_MODEL_WORKING","10","TOTAL","NUMBER","22","Y",,,,,
"4851","ZTBLAIS_PROD","T_RISK_NEW_MODEL_WORKING","11","TOTAL_SCORE_SUB_PROCESS","NUMBER","22","Y",,,,,
"4852","ZTBLAIS_PROD","T_RISK_NEW_MODEL_WORKING","12","WEIGHTED_AVERAGE_SCORE","NUMBER","22","Y",,,,,
"4853","ZTBLAIS_PROD","T_RISK_NEW_MODEL_WORKING","13","TOTAL_SCORE_PROCESS","NUMBER","22","Y",,,,,
"4854","ZTBLAIS_PROD","T_RISK_NEW_MODEL_WORKING","14","WEIGHTED_AVERAGE_SCORE_OVERALL","NUMBER","22","Y",,,,,
"4855","ZTBLAIS_PROD","T_RISK_STATUS","1","R_ID","NUMBER","22","Y",,,,,
"4856","ZTBLAIS_PROD","T_RISK_STATUS","2","DESCRIPTION","VARCHAR2","10","Y",,,,,
"4857","ZTBLAIS_PROD","T_ROLE_DASHBOARD_PAGES","1","ROLE_ID","NUMBER","22","N","PK_ROLE_DASH_PAGES","PRIMARY KEY",,,
"4858","ZTBLAIS_PROD","T_ROLE_DASHBOARD_PAGES","1","ROLE_ID","NUMBER","22","N","SYS_C001132270","CHECK",,,
"4859","ZTBLAIS_PROD","T_ROLE_DASHBOARD_PAGES","2","PAGE_ID","NUMBER","22","N","PK_ROLE_DASH_PAGES","PRIMARY KEY",,,
"4860","ZTBLAIS_PROD","T_ROLE_DASHBOARD_PAGES","2","PAGE_ID","NUMBER","22","N","SYS_C001132271","CHECK",,,
"4861","ZTBLAIS_PROD","T_ROLE_DASHBOARD_PAGES","3","DASHBOARD_ORDER","NUMBER","22","N","SYS_C001132272","CHECK",,,
"4862","ZTBLAIS_PROD","T_ROLE_DASHBOARD_PAGES","4","IS_ACTIVE","CHAR","1","N","CK_ROLE_DASH_STATUS","CHECK",,,
"4863","ZTBLAIS_PROD","T_ROLE_DASHBOARD_PAGES","4","IS_ACTIVE","CHAR","1","N","SYS_C001132273","CHECK",,,
"4864","ZTBLAIS_PROD","T_ROLE_DASHBOARD_PAGES","5","CREATED_ON","DATE","7","Y",,,,,
"4865","ZTBLAIS_PROD","T_ROLE_DASHBOARD_PAGES","6","CREATED_BY","VARCHAR2","50","Y",,,,,
"4866","ZTBLAIS_PROD","T_ROLE_DASHBOARD_PAGES","7","UPDATED_ON","DATE","7","Y",,,,,
"4867","ZTBLAIS_PROD","T_ROLE_DASHBOARD_PAGES","8","UPDATED_BY","VARCHAR2","50","Y",,,,,
"4868","ZTBLAIS_PROD","T_R_ACTIVITY","1","S_GR_ID","NUMBER","22","N","SYS_C001092768","CHECK",,,
"4869","ZTBLAIS_PROD","T_R_ACTIVITY","2","ACTIVITY_ID","NUMBER","22","N","SYS_C001092769","CHECK",,,
"4870","ZTBLAIS_PROD","T_R_ACTIVITY","2","ACTIVITY_ID","NUMBER","22","N","SYS_C001093274","PRIMARY KEY",,,
"4871","ZTBLAIS_PROD","T_R_ACTIVITY","3","DESCRIPTION","VARCHAR2","350","Y",,,,,
"4872","ZTBLAIS_PROD","T_R_ACTIVITY","4","MAX_NUMBER","NUMBER","22","Y",,,,,
"4873","ZTBLAIS_PROD","T_R_ACTIVITY","5","STATUS","NUMBER","22","Y",,,,,
"4874","ZTBLAIS_PROD","T_R_GROUP","1","GR_ID","NUMBER","22","N","SYS_C001092785","CHECK",,,
"4875","ZTBLAIS_PROD","T_R_GROUP","1","GR_ID","NUMBER","22","N","SYS_C001093300","PRIMARY KEY",,,
"4876","ZTBLAIS_PROD","T_R_GROUP","2","DESCRIPTION","VARCHAR2","100","Y",,,,,
"4877","ZTBLAIS_PROD","T_R_GROUP","3","MAX_NUMBER","NUMBER","22","Y",,,,,
"4878","ZTBLAIS_PROD","T_R_SUB_GROUP","1","S_GR_ID","NUMBER","22","N","SYS_C001092722","CHECK",,,
"4879","ZTBLAIS_PROD","T_R_SUB_GROUP","2","GR_ID","NUMBER","22","N","SYS_C001092723","CHECK",,,
"4880","ZTBLAIS_PROD","T_R_SUB_GROUP","3","DESCRIPTION","VARCHAR2","1000","Y",,,,,
"4881","ZTBLAIS_PROD","T_R_SUB_GROUP","4","MAX_NUMBER","NUMBER","22","Y",,,,,
"4882","ZTBLAIS_PROD","T_R_SUB_GROUP","5","WEIGHTAGE","NUMBER","22","Y",,,,,
"4883","ZTBLAIS_PROD","T_R_SUB_GROUP","6","GRAVITY","NUMBER","22","Y",,,,,
"4884","ZTBLAIS_PROD","T_SAMPLE_ACCOUNTS_DATA","1","ENG_ID","NUMBER","22","Y",,,,,
"4885","ZTBLAIS_PROD","T_SAMPLE_ACCOUNTS_DATA","2","ACCOUNTID","VARCHAR2","40","Y",,,,,
"4886","ZTBLAIS_PROD","T_SAMPLE_ACCOUNTS_DATA","3","OLDACCOUNTNO","NUMBER","22","Y",,,,,
"4887","ZTBLAIS_PROD","T_SAMPLE_ACCOUNTS_DATA","4","NAME","VARCHAR2","100","Y",,,,,
"4888","ZTBLAIS_PROD","T_SAMPLE_ACCOUNTS_DATA","5","CUSTOMERNAME","VARCHAR2","200","Y",,,,,
"4889","ZTBLAIS_PROD","T_SAMPLE_ACCOUNTS_DATA","6","DOB","DATE","7","Y",,,,,
"4890","ZTBLAIS_PROD","T_SAMPLE_ACCOUNTS_DATA","7","PHONECELL","VARCHAR2","25","Y",,,,,
"4891","ZTBLAIS_PROD","T_SAMPLE_ACCOUNTS_DATA","8","CNIC","VARCHAR2","13","Y",,,,,
"4892","ZTBLAIS_PROD","T_SAMPLE_ACCOUNTS_DATA","9","CNICEXPIRYDATE","DATE","7","Y",,,,,
"4893","ZTBLAIS_PROD","T_SAMPLE_ACCOUNTS_DATA","10","OPENINGDATE","DATE","7","Y",,,,,
"4894","ZTBLAIS_PROD","T_SAMPLE_ACCOUNTS_DATA","11","BMVS_VERIFIED","CHAR","1","Y",,,,,
"4895","ZTBLAIS_PROD","T_SAMPLE_ACCOUNTS_DATA","12","PURPOSE","VARCHAR2","200","Y",,,,,
"4896","ZTBLAIS_PROD","T_SAMPLE_ACCOUNTS_DATA","13","ACC_TYPE","VARCHAR2","100","Y",,,,,
"4897","ZTBLAIS_PROD","T_SAMPLE_ACCOUNTS_DATA","14","ACC_CATEGORY","VARCHAR2","100","Y",,,,,
"4898","ZTBLAIS_PROD","T_SAMPLE_ACCOUNTS_DATA","15","RISK","VARCHAR2","4","Y",,,,,
"4899","ZTBLAIS_PROD","T_SAMPLE_ACCOUNTS_DATA","16","S_D","NUMBER","22","Y",,,,,
"4900","ZTBLAIS_PROD","T_SAMPLE_LOANS_DATA","1","LOAN_DISB_ID","NUMBER","22","N","SYS_C001092754","CHECK",,,
"4901","ZTBLAIS_PROD","T_SAMPLE_LOANS_DATA","2","ENGID","NUMBER","22","Y",,,,,
"4902","ZTBLAIS_PROD","T_SAMPLE_LOANS_DATA","3","S_D","NUMBER","22","Y",,,,,
"4903","ZTBLAIS_PROD","T_SAMPLE_LOANS_DATA","4","CODE","VARCHAR2","25","Y",,,,,
"4904","ZTBLAIS_PROD","T_SAMPLE_LOANS_DATA","5","NAME","VARCHAR2","100","Y",,,,,
"4905","ZTBLAIS_PROD","T_SAMPLE_LOANS_DATA","6","CNIC","VARCHAR2","13","Y",,,,,
"4906","ZTBLAIS_PROD","T_SAMPLE_LOANS_DATA","7","CUSTOMERNAME","VARCHAR2","150","Y",,,,,
"4907","ZTBLAIS_PROD","T_SAMPLE_LOANS_DATA","8","TYPE","VARCHAR2","11","Y",,,,,
"4908","ZTBLAIS_PROD","T_SAMPLE_LOANS_DATA","9","SCHEME","VARCHAR2","250","Y",,,,,
"4909","ZTBLAIS_PROD","T_SAMPLE_LOANS_DATA","10","L_PURPOSE","VARCHAR2","100","Y",,,,,
"4910","ZTBLAIS_PROD","T_SAMPLE_LOANS_DATA","11","L_CROP","VARCHAR2","200","Y",,,,,
"4911","ZTBLAIS_PROD","T_SAMPLE_LOANS_DATA","12","GLSUBCODE","VARCHAR2","25","Y",,,,,
"4912","ZTBLAIS_PROD","T_SAMPLE_LOANS_DATA","13","CULTIVATED_AREA","NUMBER","22","Y",,,,,
"4913","ZTBLAIS_PROD","T_SAMPLE_LOANS_DATA","14","MARKET_VALUES","NUMBER","22","Y",,,,,
"4914","ZTBLAIS_PROD","T_SAMPLE_LOANS_DATA","15","QUANTITY","NUMBER","22","Y",,,,,
"4915","ZTBLAIS_PROD","T_SAMPLE_LOANS_DATA","16","TOTAL_ESTIMATED_COST","NUMBER","22","Y",,,,,
"4916","ZTBLAIS_PROD","T_SAMPLE_LOANS_DATA","17","PROD_DEV","CHAR","1","Y",,,,,
"4917","ZTBLAIS_PROD","T_SAMPLE_LOANS_DATA","18","LOAN_APP_ID","NUMBER","22","Y",,,,,
"4918","ZTBLAIS_PROD","T_SAMPLE_LOANS_DATA","19","REQUIRED_ITEM_ID","NUMBER","22","Y",,,,,
"4919","ZTBLAIS_PROD","T_SAMPLE_LOANS_DATA","20","PURPOSE_ID","NUMBER","22","Y",,,,,
"4920","ZTBLAIS_PROD","T_SAMPLE_LOANS_DATA","21","SUB_PROPOSAL_ID","NUMBER","22","Y",,,,,
"4921","ZTBLAIS_PROD","T_SAMPLE_LOANS_DATA","22","ENTERED_BY","VARCHAR2","20","Y",,,,,
"4922","ZTBLAIS_PROD","T_SAMPLE_LOANS_DATA","23","ENTERED_DATE","DATE","7","Y",,,,,
"4923","ZTBLAIS_PROD","T_SAMPLE_LOANS_DATA","24","AMOUNT_RECOMMEDNED","NUMBER","22","Y",,,,,
"4924","ZTBLAIS_PROD","T_SAMPLE_LOANS_DATA","25","SCHEME_ID","NUMBER","22","Y",,,,,
"4925","ZTBLAIS_PROD","T_SAMPLE_LOANS_DATA","26","MARK_CAL_MODE","NUMBER","22","Y",,,,,
"4926","ZTBLAIS_PROD","T_SAMPLE_LOANS_DATA","27","INSTALLMENT_FREQUENCY","NUMBER","22","Y",,,,,
"4927","ZTBLAIS_PROD","T_SAMPLE_LOANS_DATA","28","TOTAL_INSTALLMENT","NUMBER","22","Y",,,,,
"4928","ZTBLAIS_PROD","T_SAMPLE_LOANS_DATA","29","CONSENT_INSURANCE_OPT_CROP","CHAR","1","Y",,,,,
"4929","ZTBLAIS_PROD","T_SAMPLE_LOANS_DATA","30","MCO_PPNO","VARCHAR2","10","Y",,,,,
"4930","ZTBLAIS_PROD","T_SAMPLE_LOANS_DATA","31","MANAGER_PPNO","VARCHAR2","10","Y",,,,,
"4931","ZTBLAIS_PROD","T_SAMPLE_LOANS_DATA","32","DEV_AMOUNT","NUMBER","22","Y",,,,,
"4932","ZTBLAIS_PROD","T_SAMPLE_LOANS_DATA","33","PROD_AMOUNT","NUMBER","22","Y",,,,,
"4933","ZTBLAIS_PROD","T_SAMPLE_LOANS_DATA","34","TOT_SANCTIONED_AMOUNT","NUMBER","22","Y",,,,,
"4934","ZTBLAIS_PROD","T_SAMPLE_LOANS_DATA","35","TOT_MAX_CREDIT_LIMIT","NUMBER","22","Y",,,,,
"4935","ZTBLAIS_PROD","T_SAMPLE_LOANS_DATA","36","NO_OF_PRODUCTS","NUMBER","22","Y",,,,,
"4936","ZTBLAIS_PROD","T_SAMPLE_LOANS_DATA","37","NO_OF_SECURITIES","NUMBER","22","Y",,,,,
"4937","ZTBLAIS_PROD","T_SAMPLE_LOANS_DATA","38","TOT_LAND","NUMBER","22","Y",,,,,
"4938","ZTBLAIS_PROD","T_SAMPLE_LOANS_DATA","39","CIRCLE_CODE","VARCHAR2","10","Y",,,,,
"4939","ZTBLAIS_PROD","T_SAMPLE_LOANS_DATA","40","LOAN_CASE_NO","VARCHAR2","25","Y",,,,,
"4940","ZTBLAIS_PROD","T_SAMPLE_LOANS_DATA","41","APP_DATE","DATE","7","N","SYS_C001092755","CHECK",,,
"4941","ZTBLAIS_PROD","T_SAMPLE_LOANS_DATA","42","APP_STATUS_CHANGE_DATE","DATE","7","Y",,,,,
"4942","ZTBLAIS_PROD","T_SAMPLE_LOANS_DATA","43","APP_STATUS_CHANGE_REASON","VARCHAR2","200","Y",,,,,
"4943","ZTBLAIS_PROD","T_SAMPLE_LOANS_DATA","44","SANCTION_DATE","DATE","7","Y",,,,,
"4944","ZTBLAIS_PROD","T_SAMPLE_LOANS_DATA","45","DISB_DATE","DATE","7","N","SYS_C001092756","CHECK",,,
"4945","ZTBLAIS_PROD","T_SAMPLE_LOANS_DATA","46","L_STATUS","NUMBER","22","N","SYS_C001092757","CHECK",,,
"4946","ZTBLAIS_PROD","T_SAMPLE_LOANS_DATA","47","VALID_UNTIL","DATE","7","Y",,,,,
"4947","ZTBLAIS_PROD","T_SAMPLE_LOANS_DATA","48","OUTSTANDING","NUMBER","22","Y",,,,,
"4948","ZTBLAIS_PROD","T_SAMPLE_LOANS_DATA","49","DISBURSED_AMOUNT","NUMBER","22","Y",,,,,
"4949","ZTBLAIS_PROD","T_STATUS","1","STATUSID","NUMBER","22","N","SYS_C001092838","CHECK",,,
"4950","ZTBLAIS_PROD","T_STATUS","2","STATUSCODE","NUMBER","22","N","SYS_C001092839","CHECK",,,
"4951","ZTBLAIS_PROD","T_STATUS","3","STATUSNAME","VARCHAR2","250","N","SYS_C001092840","CHECK",,,
"4952","ZTBLAIS_PROD","T_STATUS","4","ISACTIVE","VARCHAR2","1","N","SYS_C001092841","CHECK",,,
"4953","ZTBLAIS_PROD","T_SYS_LOG","1","LOG_ID","NUMBER","22","N","PK_T_SYS_LOG","PRIMARY KEY",,,
"4954","ZTBLAIS_PROD","T_SYS_LOG","1","LOG_ID","NUMBER","22","N","SYS_C001135640","CHECK",,,
"4955","ZTBLAIS_PROD","T_SYS_LOG","2","LOG_LEVEL","VARCHAR2","20","N","SYS_C001135641","CHECK",,,
"4956","ZTBLAIS_PROD","T_SYS_LOG","3","LOG_TIME","TIMESTAMP(6)","11","N","SYS_C001135642","CHECK",,,
"4957","ZTBLAIS_PROD","T_SYS_LOG","4","MODULE","VARCHAR2","100","Y",,,,,
"4958","ZTBLAIS_PROD","T_SYS_LOG","5","CONTROLLER","VARCHAR2","150","Y",,,,,
"4959","ZTBLAIS_PROD","T_SYS_LOG","6","ACTION","VARCHAR2","150","Y",,,,,
"4960","ZTBLAIS_PROD","T_SYS_LOG","7","MESSAGE","VARCHAR2","4000","Y",,,,,
"4961","ZTBLAIS_PROD","T_SYS_LOG","8","TECH_DETAILS","CLOB","4000","Y",,,,,
"4962","ZTBLAIS_PROD","T_SYS_LOG","9","PAGE_ID","NUMBER","22","Y",,,,,
"4963","ZTBLAIS_PROD","T_SYS_LOG","10","ENG_ID","NUMBER","22","Y",,,,,
"4964","ZTBLAIS_PROD","T_SYS_LOG","11","USER_PPNO","NUMBER","22","Y",,,,,
"4965","ZTBLAIS_PROD","T_TMP_PAGE_API_METHOD","1","PAGE_ID","NUMBER","22","Y",,,,,
"4966","ZTBLAIS_PROD","T_TMP_PAGE_API_METHOD","2","API_PATH","VARCHAR2","500","Y",,,,,
"4967","ZTBLAIS_PROD","T_TMP_PAGE_API_METHOD","3","HTTP_METHOD","VARCHAR2","10","Y",,,,,
"4968","ZTBLAIS_PROD","T_USER","1","USERID","NUMBER","22","N","SYS_C001093158","CHECK",,,
"4969","ZTBLAIS_PROD","T_USER","2","LOGIN_NAME","VARCHAR2","15","Y",,,,,
"4970","ZTBLAIS_PROD","T_USER","3","PASSWORD","VARCHAR2","100","N","SYS_C001093159","CHECK",,,
"4971","ZTBLAIS_PROD","T_USER","4","LASTLOGINDATETIME","DATE","7","Y",,,,,
"4972","ZTBLAIS_PROD","T_USER","5","LOGIN_TERMINAL","VARCHAR2","100","Y",,,,,
"4973","ZTBLAIS_PROD","T_USER","6","USERFAILEDLOGINHITS","NUMBER","22","Y",,,,,
"4974","ZTBLAIS_PROD","T_USER","7","PPNO","NUMBER","22","N","SYS_C001093160","CHECK",,,
"4975","ZTBLAIS_PROD","T_USER","7","PPNO","NUMBER","22","N","UK_T_USER_PPNO","UNIQUE",,,
"4976","ZTBLAIS_PROD","T_USER","8","USER_LOCATION_TYPE","VARCHAR2","100","Y",,,,,
"4977","ZTBLAIS_PROD","T_USER","9","ISACTIVE","VARCHAR2","1","Y",,,,,
"4978","ZTBLAIS_PROD","T_USER","10","ZONEID","NUMBER","22","Y",,,,,
"4979","ZTBLAIS_PROD","T_USER","11","BRANCHID","NUMBER","22","Y",,,,,
"4980","ZTBLAIS_PROD","T_USER","12","DIVISIONID","NUMBER","22","Y",,,,,
"4981","ZTBLAIS_PROD","T_USER","13","DEPARTMENTID","NUMBER","22","Y",,,,,
"4982","ZTBLAIS_PROD","T_USER","14","AUDIT_ZONEID","NUMBER","22","Y",,,,,
"4983","ZTBLAIS_PROD","T_USER","15","ENTITY_ID","NUMBER","22","Y",,,,,
"4984","ZTBLAIS_PROD","T_USER","16","DESIGNATION","NUMBER","22","Y",,,,,
"4985","ZTBLAIS_PROD","T_USER","17","PASSWORD_CHANGE_REQ","CHAR","2","Y",,,,,
"4986","ZTBLAIS_PROD","T_USER_BAK","1","USERID","NUMBER","22","N","SYS_C001102179","CHECK",,,
"4987","ZTBLAIS_PROD","T_USER_BAK","2","LOGIN_NAME","VARCHAR2","15","Y",,,,,
"4988","ZTBLAIS_PROD","T_USER_BAK","3","PASSWORD","VARCHAR2","50","N","SYS_C001102180","CHECK",,,
"4989","ZTBLAIS_PROD","T_USER_BAK","4","LASTLOGINDATETIME","DATE","7","Y",,,,,
"4990","ZTBLAIS_PROD","T_USER_BAK","5","LOGIN_TERMINAL","VARCHAR2","100","Y",,,,,
"4991","ZTBLAIS_PROD","T_USER_BAK","6","USERFAILEDLOGINHITS","NUMBER","22","Y",,,,,
"4992","ZTBLAIS_PROD","T_USER_BAK","7","PPNO","NUMBER","22","N","SYS_C001102181","CHECK",,,
"4993","ZTBLAIS_PROD","T_USER_BAK","8","USER_LOCATION_TYPE","VARCHAR2","100","Y",,,,,
"4994","ZTBLAIS_PROD","T_USER_BAK","9","ISACTIVE","VARCHAR2","1","Y",,,,,
"4995","ZTBLAIS_PROD","T_USER_BAK","10","ZONEID","NUMBER","22","Y",,,,,
"4996","ZTBLAIS_PROD","T_USER_BAK","11","BRANCHID","NUMBER","22","Y",,,,,
"4997","ZTBLAIS_PROD","T_USER_BAK","12","DIVISIONID","NUMBER","22","Y",,,,,
"4998","ZTBLAIS_PROD","T_USER_BAK","13","DEPARTMENTID","NUMBER","22","Y",,,,,
"4999","ZTBLAIS_PROD","T_USER_BAK","14","AUDIT_ZONEID","NUMBER","22","Y",,,,,
"5000","ZTBLAIS_PROD","T_USER_BAK","15","ENTITY_ID","NUMBER","22","Y",,,,,
"5001","ZTBLAIS_PROD","T_USER_BAK","16","DESIGNATION","NUMBER","22","Y",,,,,
"5002","ZTBLAIS_PROD","T_USER_BAK","17","PASSWORD_CHANGE_REQ","CHAR","2","Y",,,,,
"5003","ZTBLAIS_PROD","T_USER_ENTITIES","1","ID","NUMBER","22","N","SYS_C001133523","CHECK",,,
"5004","ZTBLAIS_PROD","T_USER_ENTITIES","1","ID","NUMBER","22","N","SYS_C001133529","PRIMARY KEY",,,
"5005","ZTBLAIS_PROD","T_USER_ENTITIES","2","USER_ID","NUMBER","22","N","SYS_C001133524","CHECK",,,
"5006","ZTBLAIS_PROD","T_USER_ENTITIES","2","USER_ID","NUMBER","22","N","UK_USER_ENTITY_ROLE","UNIQUE",,,
"5007","ZTBLAIS_PROD","T_USER_ENTITIES","3","ENTITY_ID","NUMBER","22","N","SYS_C001133525","CHECK",,,
"5008","ZTBLAIS_PROD","T_USER_ENTITIES","3","ENTITY_ID","NUMBER","22","N","UK_USER_ENTITY_ROLE","UNIQUE",,,
"5009","ZTBLAIS_PROD","T_USER_ENTITIES","4","ROLE_ID","NUMBER","22","N","SYS_C001133526","CHECK",,,
"5010","ZTBLAIS_PROD","T_USER_ENTITIES","4","ROLE_ID","NUMBER","22","N","UK_USER_ENTITY_ROLE","UNIQUE",,,
"5011","ZTBLAIS_PROD","T_USER_ENTITIES","5","IS_PRIMARY","CHAR","1","Y","SYS_C001133527","CHECK",,,
"5012","ZTBLAIS_PROD","T_USER_ENTITIES","6","STATUS","CHAR","1","Y","SYS_C001133528","CHECK",,,
"5013","ZTBLAIS_PROD","T_USER_ENTITIES","7","CREATED_ON","DATE","7","Y",,,,,
"5014","ZTBLAIS_PROD","T_USER_ENTITIES","8","CREATED_BY","NUMBER","22","Y",,,,,
"5015","ZTBLAIS_PROD","T_USER_ENTITIES","9","UPDATED_ON","DATE","7","Y",,,,,
"5016","ZTBLAIS_PROD","T_USER_ENTITIES","10","UPDATED_BY","NUMBER","22","Y",,,,,
"5017","ZTBLAIS_PROD","T_USER_GROUP_MAP","1","GROUP_MAP_ID","NUMBER","22","Y",,,,,
"5018","ZTBLAIS_PROD","T_USER_GROUP_MAP","2","ROLE_ID","NUMBER","22","Y",,,,,
"5019","ZTBLAIS_PROD","T_USER_GROUP_MAP","3","MENU_ID","NUMBER","22","Y",,,,,
"5020","ZTBLAIS_PROD","T_USER_GROUP_MAP","4","PAGE_IDS","NUMBER","22","Y",,,,,
"5021","ZTBLAIS_PROD","T_USER_GROUP_MAP","5","STATUS","VARCHAR2","2","Y",,,,,
"5022","ZTBLAIS_PROD","T_USER_GROUP_MAP","6","PAGE_KEY","VARCHAR2","100","Y",,,,,
"5023","ZTBLAIS_PROD","T_USER_MAPING","1","USERID","NUMBER","22","N","SYS_C001092786","CHECK",,,
"5024","ZTBLAIS_PROD","T_USER_MAPING","2","PPNO","NUMBER","22","N","SYS_C001092787","CHECK",,,
"5025","ZTBLAIS_PROD","T_USER_MAPING","3","GROUP_ID","NUMBER","22","N","SYS_C001092788","CHECK",,,
"5026","ZTBLAIS_PROD","T_USER_MAPING","4","ROLE_ID","NUMBER","22","N","SYS_C001092789","CHECK",,,
"5027","ZTBLAIS_PROD","T_USER_MAPING_MENU_PAGES_TEMP","1","GROUPMENUITEMMAP_ID","NUMBER","22","N","PK_GROUPMENUEMAP","PRIMARY KEY",,,
"5028","ZTBLAIS_PROD","T_USER_MAPING_MENU_PAGES_TEMP","1","GROUPMENUITEMMAP_ID","NUMBER","22","N","SYS_C001092844","CHECK",,,
"5029","ZTBLAIS_PROD","T_USER_MAPING_MENU_PAGES_TEMP","2","GROUP_ID","NUMBER","22","N","SYS_C001092845","CHECK",,,
"5030","ZTBLAIS_PROD","T_USER_MAPING_MENU_PAGES_TEMP","2","GROUP_ID","NUMBER","22","N","UK_GROUPID_MENUEID","UNIQUE",,,
"5031","ZTBLAIS_PROD","T_USER_MAPING_MENU_PAGES_TEMP","3","MENU_ITEM_ID","NUMBER","22","N","SYS_C001092846","CHECK",,,
"5032","ZTBLAIS_PROD","T_USER_MAPING_MENU_PAGES_TEMP","3","MENU_ITEM_ID","NUMBER","22","N","UK_GROUPID_MENUEID","UNIQUE",,,
"5033","ZTBLAIS_PROD","T_USER_SESSION","1","USER_PP_NUMBER","NUMBER","22","N","SYS_C001092718","CHECK",,,
"5034","ZTBLAIS_PROD","T_USER_SESSION","2","ROLE_ID","NUMBER","22","Y",,,,,
"5035","ZTBLAIS_PROD","T_USER_SESSION","3","IP_ADDRESS","VARCHAR2","100","Y",,,,,
"5036","ZTBLAIS_PROD","T_USER_SESSION","4","LOGIN_LOCATION_TYPE","VARCHAR2","100","Y",,,,,
"5037","ZTBLAIS_PROD","T_USER_SESSION","5","MAC_ADDRESS","VARCHAR2","100","Y",,,,,
"5038","ZTBLAIS_PROD","T_USER_SESSION","6","POSTING_DIV","NUMBER","22","Y",,,,,
"5039","ZTBLAIS_PROD","T_USER_SESSION","7","GROUP_ID","VARCHAR2","30","Y",,,,,
"5040","ZTBLAIS_PROD","T_USER_SESSION","8","POSTING_DEPT","NUMBER","22","Y",,,,,
"5041","ZTBLAIS_PROD","T_USER_SESSION","9","POSTING_ZONE","NUMBER","22","Y",,,,,
"5042","ZTBLAIS_PROD","T_USER_SESSION","10","POSTING_BRANCH","NUMBER","22","Y",,,,,
"5043","ZTBLAIS_PROD","T_USER_SESSION","11","POSTING_AZ","NUMBER","22","Y",,,,,
"5044","ZTBLAIS_PROD","T_USER_SESSION","12","LOGGED_IN_DATE","TIMESTAMP(6)","11","Y",,,,,
"5045","ZTBLAIS_PROD","T_USER_SESSION","13","SESSION_ACTIVE","CHAR","1","Y",,,,,
"5046","ZTBLAIS_PROD","T_USER_SESSION","14","ID","NUMBER","22","N","SYS_C001092719","CHECK",,,
"5047","ZTBLAIS_PROD","T_USER_SESSION","15","LOGGED_OUT_DATE","TIMESTAMP(6)","11","Y",,,,,
"5048","ZTBLAIS_PROD","T_USER_SESSION","16","PRIMARY_MAC_CARD_ADDRESS","VARCHAR2","100","Y",,,,,
"5049","ZTBLAIS_PROD","T_USER_SESSION","17","SESSION_ID","VARCHAR2","500","Y",,,,,
"5050","ZTBLAIS_PROD","T_USER_SESSION","18","ENTITY_ID","NUMBER","22","Y",,,,,
"5051","ZTBLAIS_PROD","T_WORKING_PAPER_ACCOUNT_OPENING","1","A_ID","NUMBER","22","N","SYS_C001093157","CHECK",,,
"5052","ZTBLAIS_PROD","T_WORKING_PAPER_ACCOUNT_OPENING","2","V_NUMBER","VARCHAR2","50","Y",,,,,
"5053","ZTBLAIS_PROD","T_WORKING_PAPER_ACCOUNT_OPENING","3","A_NATURE","VARCHAR2","50","Y",,,,,
"5054","ZTBLAIS_PROD","T_WORKING_PAPER_ACCOUNT_OPENING","4","OBSERVATION","VARCHAR2","1000","Y",,,,,
"5055","ZTBLAIS_PROD","T_WORKING_PAPER_ACCOUNT_OPENING","5","PARA_NO","VARCHAR2","50","Y",,,,,
"5056","ZTBLAIS_PROD","T_WORKING_PAPER_ACCOUNT_OPENING","6","ENTERED_BY","VARCHAR2","50","Y",,,,,
"5057","ZTBLAIS_PROD","T_WORKING_PAPER_ACCOUNT_OPENING","7","ENTERED_ON","TIMESTAMP(6)","11","Y",,,,,
"5058","ZTBLAIS_PROD","T_WORKING_PAPER_ACCOUNT_OPENING","8","ENG_ID","VARCHAR2","50","Y",,,,,
"5059","ZTBLAIS_PROD","T_WORKING_PAPER_CASH_COUNT","1","ID","NUMBER","22","N","SYS_C001092798","CHECK",,,
"5060","ZTBLAIS_PROD","T_WORKING_PAPER_CASH_COUNT","2","DENOMINATION_VAULT","VARCHAR2","50","Y",,,,,
"5061","ZTBLAIS_PROD","T_WORKING_PAPER_CASH_COUNT","3","NO_CURRENCY_NOTES_VAULT","NUMBER","22","Y",,,,,
"5062","ZTBLAIS_PROD","T_WORKING_PAPER_CASH_COUNT","4","TOTAL_AMOUNT_VAULT","NUMBER","22","Y",,,,,
"5063","ZTBLAIS_PROD","T_WORKING_PAPER_CASH_COUNT","5","DENOMINATION_SAFE_REGISTER","VARCHAR2","50","Y",,,,,
"5064","ZTBLAIS_PROD","T_WORKING_PAPER_CASH_COUNT","6","NO_CURRENCY_NOTES_SAFE_REGISTER","NUMBER","22","Y",,,,,
"5065","ZTBLAIS_PROD","T_WORKING_PAPER_CASH_COUNT","7","TOTAL_AMOUNT_SAFE_REGISTER","NUMBER","22","Y",,,,,
"5066","ZTBLAIS_PROD","T_WORKING_PAPER_CASH_COUNT","8","DIFFERENCE","NUMBER","22","Y",,,,,
"5067","ZTBLAIS_PROD","T_WORKING_PAPER_CASH_COUNT","9","ENTERED_BY","VARCHAR2","50","Y",,,,,
"5068","ZTBLAIS_PROD","T_WORKING_PAPER_CASH_COUNT","10","ENTERED_ON","TIMESTAMP(6)","11","Y",,,,,
"5069","ZTBLAIS_PROD","T_WORKING_PAPER_CASH_COUNT","11","ENG_ID","VARCHAR2","50","Y",,,,,
"5070","ZTBLAIS_PROD","T_WORKING_PAPER_FIXED_ASSETS","1","FA_ID","NUMBER","22","N","SYS_C001092852","CHECK",,,
"5071","ZTBLAIS_PROD","T_WORKING_PAPER_FIXED_ASSETS","2","ASSET_NAME","VARCHAR2","50","Y",,,,,
"5072","ZTBLAIS_PROD","T_WORKING_PAPER_FIXED_ASSETS","3","PHYSICAL_EXISTANCE","VARCHAR2","100","Y",,,,,
"5073","ZTBLAIS_PROD","T_WORKING_PAPER_FIXED_ASSETS","4","LOCATION_AS_PER_FAR","VARCHAR2","100","Y",,,,,
"5074","ZTBLAIS_PROD","T_WORKING_PAPER_FIXED_ASSETS","5","DIFFERENCE","VARCHAR2","50","Y",,,,,
"5075","ZTBLAIS_PROD","T_WORKING_PAPER_FIXED_ASSETS","6","REMARKS","VARCHAR2","100","Y",,,,,
"5076","ZTBLAIS_PROD","T_WORKING_PAPER_FIXED_ASSETS","7","ENTERED_ON","TIMESTAMP(6)","11","Y",,,,,
"5077","ZTBLAIS_PROD","T_WORKING_PAPER_FIXED_ASSETS","8","ENTERED_BY","VARCHAR2","50","Y",,,,,
"5078","ZTBLAIS_PROD","T_WORKING_PAPER_FIXED_ASSETS","9","ENG_ID","VARCHAR2","50","Y",,,,,
"5079","ZTBLAIS_PROD","T_WORKING_PAPER_LOAN_CASE_FILE","1","LC_ID","NUMBER","22","N","SYS_C001092746","CHECK",,,
"5080","ZTBLAIS_PROD","T_WORKING_PAPER_LOAN_CASE_FILE","2","LC_NUMBER","VARCHAR2","50","Y",,,,,
"5081","ZTBLAIS_PROD","T_WORKING_PAPER_LOAN_CASE_FILE","3","AMOUNT","NUMBER","22","Y",,,,,
"5082","ZTBLAIS_PROD","T_WORKING_PAPER_LOAN_CASE_FILE","4","DISB_DATE","DATE","7","Y",,,,,
"5083","ZTBLAIS_PROD","T_WORKING_PAPER_LOAN_CASE_FILE","5","CATEGORY","VARCHAR2","50","Y",,,,,
"5084","ZTBLAIS_PROD","T_WORKING_PAPER_LOAN_CASE_FILE","6","OBSERVATION","VARCHAR2","1000","Y",,,,,
"5085","ZTBLAIS_PROD","T_WORKING_PAPER_LOAN_CASE_FILE","7","PARA_NO","VARCHAR2","50","Y",,,,,
"5086","ZTBLAIS_PROD","T_WORKING_PAPER_LOAN_CASE_FILE","8","ENTERED_BY","VARCHAR2","50","Y",,,,,
"5087","ZTBLAIS_PROD","T_WORKING_PAPER_LOAN_CASE_FILE","9","ENTERED_ON","TIMESTAMP(6)","11","Y",,,,,
"5088","ZTBLAIS_PROD","T_WORKING_PAPER_LOAN_CASE_FILE","10","ENG_ID","VARCHAR2","50","Y",,,,,
"5089","ZTBLAIS_PROD","T_WORKING_PAPER_VOUCHER_CHECKING","1","V_ID","NUMBER","22","N","SYS_C001092717","CHECK",,,
"5090","ZTBLAIS_PROD","T_WORKING_PAPER_VOUCHER_CHECKING","2","V_NUMBER","VARCHAR2","50","Y",,,,,
"5091","ZTBLAIS_PROD","T_WORKING_PAPER_VOUCHER_CHECKING","3","OBSERVATION","VARCHAR2","1000","Y",,,,,
"5092","ZTBLAIS_PROD","T_WORKING_PAPER_VOUCHER_CHECKING","4","PARA_NO","VARCHAR2","50","Y",,,,,
"5093","ZTBLAIS_PROD","T_WORKING_PAPER_VOUCHER_CHECKING","5","ENTERED_ON","TIMESTAMP(6)","11","Y",,,,,
"5094","ZTBLAIS_PROD","T_WORKING_PAPER_VOUCHER_CHECKING","6","ENTERED_BY","VARCHAR2","50","Y",,,,,
"5095","ZTBLAIS_PROD","T_WORKING_PAPER_VOUCHER_CHECKING","7","ENG_ID","VARCHAR2","50","Y",,,,,
"5096","ZTBLAIS_PROD","VM_GET_ALL_PARA_TEXT","1","ID","NUMBER","22","Y",,,,,
"5097","ZTBLAIS_PROD","VM_GET_ALL_PARA_TEXT","2","ENTITY_ID","NUMBER","22","Y",,,,,
"5098","ZTBLAIS_PROD","VM_GET_ALL_PARA_TEXT","3","OLD_PARA_ID","NUMBER","22","Y",,,,,
"5099","ZTBLAIS_PROD","VM_GET_ALL_PARA_TEXT","4","NEW_PARAID","NUMBER","22","Y",,,,,
"5100","ZTBLAIS_PROD","VM_GET_ALL_PARA_TEXT","5","AUDIT_PERIOD","NUMBER","22","Y",,,,,
"5101","ZTBLAIS_PROD","VM_GET_ALL_PARA_TEXT","6","PARA_STATUS","NUMBER","22","Y",,,,,
"5102","ZTBLAIS_PROD","VM_GET_ALL_PARA_TEXT","7","AUDITED_BY","NUMBER","22","Y",,,,,
"5103","ZTBLAIS_PROD","VM_GET_ALL_PARA_TEXT","8","ENG_ID","NUMBER","22","Y",,,,,
"5104","ZTBLAIS_PROD","VM_GET_ALL_PARA_TEXT","9","R_ID","NUMBER","22","Y",,,,,
"5105","ZTBLAIS_PROD","VM_GET_ALL_PARA_TEXT","10","OLD_PARA_REF","VARCHAR2","1000","Y",,,,,
"5106","ZTBLAIS_PROD","VM_GET_ALL_PARA_TEXT","11","IND","CHAR","1","Y",,,,,
"5107","ZTBLAIS_PROD","VM_GET_ALL_PARA_TEXT","12","PARA_NO","VARCHAR2","1000","Y",,,,,
"5108","ZTBLAIS_PROD","VM_GET_ALL_PARA_TEXT","13","ENTEREDDATE","TIMESTAMP(6)","11","Y",,,,,
"5109","ZTBLAIS_PROD","VM_GET_ALL_PARA_TEXT","14","GIST_OF_PARAS","VARCHAR2","4000","Y",,,,,
"5110","ZTBLAIS_PROD","VM_GET_ALL_PARA_TEXT","15","TEXT","CLOB","4000","Y",,,,,
"5111","ZTBLAIS_PROD","VM_GET_ALL_PARA_TEXT","16","CODE","VARCHAR2","10","Y",,,,,
"5112","ZTBLAIS_PROD","V_ATAS_ORG_UNITS","1","ORG_UNITID","NUMBER","22","N","SYS_C001092751","CHECK",,,
"5113","ZTBLAIS_PROD","V_ATAS_ORG_UNITS","2","DESCRIPTION","VARCHAR2","100","Y",,,,,
"5114","ZTBLAIS_PROD","V_ATAS_ORG_UNITS","3","NAME","VARCHAR2","100","Y",,,,,
"5115","ZTBLAIS_PROD","V_ATAS_ORG_UNITS","4","CODE","VARCHAR2","25","Y",,,,,
"5116","ZTBLAIS_PROD","V_ATAS_ORG_UNITS","5","COMPANYID","NUMBER","22","Y",,,,,
"5117","ZTBLAIS_PROD","V_ATAS_ORG_UNITS","6","ACTIVE","CHAR","1","Y",,,,,
"5118","ZTBLAIS_PROD","V_ATAS_ORG_UNITS","7","CREATED_BY","VARCHAR2","40","Y",,,,,
"5119","ZTBLAIS_PROD","V_ATAS_ORG_UNITS","8","AREAID","NUMBER","22","Y",,,,,
"5120","ZTBLAIS_PROD","V_ATAS_ORG_UNITS","9","ISTAXEXEMPTED","CHAR","1","Y",,,,,
"5121","ZTBLAIS_PROD","V_ATAS_ORG_UNITS","10","ISMULTICURRENCY","CHAR","1","Y",,,,,
"5122","ZTBLAIS_PROD","V_ATAS_ORG_UNITS","11","ADDRESS","VARCHAR2","400","Y",,,,,
"5123","ZTBLAIS_PROD","V_ATAS_ORG_UNITS","12","PHONENO","VARCHAR2","15","Y",,,,,
"5124","ZTBLAIS_PROD","V_ATAS_ORG_UNITS","13","ISONLINE","VARCHAR2","1","Y",,,,,
"5125","ZTBLAIS_PROD","V_ATAS_ORG_UNITS","14","EFFECTIVEFROM","DATE","7","Y",,,,,
"5126","ZTBLAIS_PROD","V_ATAS_ORG_UNITS","15","VALIDUNTIL","DATE","7","Y",,,,,
"5127","ZTBLAIS_PROD","V_ATAS_ORG_UNITS","16","CREATED_ON","DATE","7","Y",,,,,
"5128","ZTBLAIS_PROD","V_ATAS_ORG_UNITS","17","LANG_CODE","VARCHAR2","4","Y",,,,,
"5129","ZTBLAIS_PROD","V_ATAS_ORG_UNITS","18","ORG_UNIT_TYPEID","NUMBER","22","Y",,,,,
"5130","ZTBLAIS_PROD","V_ATAS_ORG_UNITS","19","ADDRESS_TYPEID","NUMBER","22","Y",,,,,
"5131","ZTBLAIS_PROD","V_ATAS_ORG_UNITS","20","ESALARYTAG","CHAR","1","Y",,,,,
"5132","ZTBLAIS_PROD","V_ATAS_ORG_UNITS","21","OU_SIGNON_OFF","CHAR","1","Y",,,,,
"5133","ZTBLAIS_PROD","V_ATAS_ORG_UNITS","22","MAPPING_CODE","VARCHAR2","25","Y",,,,,
"5134","ZTBLAIS_PROD","V_ATAS_ORG_UNITS","23","IS_ZHQ_BRANCH","CHAR","1","Y",,,,,
"5135","ZTBLAIS_PROD","V_ATAS_ORG_UNITS","24","RECORD_TIMESTAMP","DATE","7","Y",,,,,
"5136","ZTBLAIS_PROD","V_ATAS_ORG_UNITS","25","RECORD_ACTION","CHAR","1","Y",,,,,
"5137","ZTBLAIS_PROD","V_ATAS_ORG_UNITS","26","FK_ROWID","VARCHAR2","50","Y",,,,,
"5138","ZTBLAIS_PROD","V_ATAS_ORG_UNITS","27","ISBIOMETCONFIGURED","CHAR","1","Y",,,,,
"5139","ZTBLAIS_PROD","V_ATAS_ORG_UNITS","28","BIOMET_CONFIGURED_ON","DATE","7","Y",,,,,
"5140","ZTBLAIS_PROD","V_ATAS_ORG_UNITS","29","AUTO_VOUCHER","CHAR","1","N","SYS_C001092752","CHECK",,,
"5141","ZTBLAIS_PROD","V_ATAS_ORG_UNITS","30","FUNC_MODE","CHAR","1","N","SYS_C001092753","CHECK",,,
"5142","ZTBLAIS_PROD","V_ATAS_ORG_UNITS","31","NAME_URDU","NVARCHAR2","300","Y",,,,,
"5143","ZTBLAIS_PROD","V_ATAS_ORG_UNITS","32","CONTACT_EMAIL","VARCHAR2","150","Y",,,,,
"5144","ZTBLAIS_PROD","V_GET_ACTIVE_EMPLOYEES","1","PPNO","NUMBER","22","N","SYS_C001092842","CHECK",,,
"5145","ZTBLAIS_PROD","V_GET_ACTIVE_EMPLOYEES","2","CURRENTDIVISIONCODE","NUMBER","22","Y",,,,,
"5146","ZTBLAIS_PROD","V_GET_ACTIVE_EMPLOYEES","3","CURRENTDEPARTMENTCODE","NUMBER","22","Y",,,,,
"5147","ZTBLAIS_PROD","V_GET_ACTIVE_EMPLOYEES","4","CURRENTZONECODE","NUMBER","22","Y",,,,,
"5148","ZTBLAIS_PROD","V_GET_ACTIVE_EMPLOYEES","5","CURRENTBRANCHCODE","NUMBER","22","Y",,,,,
"5149","ZTBLAIS_PROD","V_GET_ACTIVE_EMPLOYEES","6","CURRENTDESIGNATIONCODE","NUMBER","22","Y",,,,,
"5150","ZTBLAIS_PROD","V_GET_ACTIVE_EMPLOYEES","7","EMPLOYEETYPE","CHAR","1","Y",,,,,
"5151","ZTBLAIS_PROD","V_GET_ACTIVE_EMPLOYEES","8","ENT_ID","NUMBER","22","Y",,,,,
"5152","ZTBLAIS_PROD","V_SERVICE_EMPLOYEEINFO","1","PPNO","NUMBER","22","N","SYS_C001093037","CHECK",,,
"5153","ZTBLAIS_PROD","V_SERVICE_EMPLOYEEINFO","2","EMPLOYEEFIRSTNAME","VARCHAR2","50","N","SYS_C001093038","CHECK",,,
"5154","ZTBLAIS_PROD","V_SERVICE_EMPLOYEEINFO","3","EMPLOYEELASTNAME","VARCHAR2","50","Y",,,,,
"5155","ZTBLAIS_PROD","V_SERVICE_EMPLOYEEINFO","4","FATHERNAME","VARCHAR2","50","Y",,,,,
"5156","ZTBLAIS_PROD","V_SERVICE_EMPLOYEEINFO","5","JOININGDATE","DATE","7","Y",,,,,
"5157","ZTBLAIS_PROD","V_SERVICE_EMPLOYEEINFO","6","PRESENTADDRESS","VARCHAR2","200","Y",,,,,
"5158","ZTBLAIS_PROD","V_SERVICE_EMPLOYEEINFO","7","PERMANENTADDRESS","VARCHAR2","200","Y",,,,,
"5159","ZTBLAIS_PROD","V_SERVICE_EMPLOYEEINFO","8","NICNONEW","VARCHAR2","50","Y",,,,,
"5160","ZTBLAIS_PROD","V_SERVICE_EMPLOYEEINFO","9","PLACEOFISSUANCENICNEW","VARCHAR2","50","Y",,,,,
"5161","ZTBLAIS_PROD","V_SERVICE_EMPLOYEEINFO","10","DATEOFISSUANCENICNEW","VARCHAR2","50","Y",,,,,
"5162","ZTBLAIS_PROD","V_SERVICE_EMPLOYEEINFO","11","NICNOOLD","VARCHAR2","50","Y",,,,,
"5163","ZTBLAIS_PROD","V_SERVICE_EMPLOYEEINFO","12","PLACEOFISSUANCENICOLD","VARCHAR2","50","Y",,,,,
"5164","ZTBLAIS_PROD","V_SERVICE_EMPLOYEEINFO","13","DATEOFISSUANCENICOLD","VARCHAR2","50","Y",,,,,
"5165","ZTBLAIS_PROD","V_SERVICE_EMPLOYEEINFO","14","PHONENORESIDENCE","VARCHAR2","50","Y",,,,,
"5166","ZTBLAIS_PROD","V_SERVICE_EMPLOYEEINFO","15","PHONENOOFFICE","VARCHAR2","50","Y",,,,,
"5167","ZTBLAIS_PROD","V_SERVICE_EMPLOYEEINFO","16","ZTBLACCOUNTNO","VARCHAR2","20","Y",,,,,
"5168","ZTBLAIS_PROD","V_SERVICE_EMPLOYEEINFO","17","SALARYNOTIFICATIONNO","VARCHAR2","25","Y",,,,,
"5169","ZTBLAIS_PROD","V_SERVICE_EMPLOYEEINFO","18","SALARYNOTIFICATIONDATE","DATE","7","Y",,,,,
"5170","ZTBLAIS_PROD","V_SERVICE_EMPLOYEEINFO","19","LETTERNO","CHAR","25","Y",,,,,
"5171","ZTBLAIS_PROD","V_SERVICE_EMPLOYEEINFO","20","LETTERDATE","DATE","7","Y",,,,,
"5172","ZTBLAIS_PROD","V_SERVICE_EMPLOYEEINFO","21","WITHEFFECTFROM","DATE","7","Y",,,,,
"5173","ZTBLAIS_PROD","V_SERVICE_EMPLOYEEINFO","22","MOBILENO","VARCHAR2","20","Y",,,,,
"5174","ZTBLAIS_PROD","V_SERVICE_EMPLOYEEINFO","23","DATEOFAPPOINTMENT","DATE","7","Y",,,,,
"5175","ZTBLAIS_PROD","V_SERVICE_EMPLOYEEINFO","24","DATEOFCONFIRMATION","DATE","7","Y",,,,,
"5176","ZTBLAIS_PROD","V_SERVICE_EMPLOYEEINFO","25","DATEOFBIRTH","DATE","7","Y",,,,,
"5177","ZTBLAIS_PROD","V_SERVICE_EMPLOYEEINFO","26","PLACEOFBIRTH","CHAR","10","Y",,,,,
"5178","ZTBLAIS_PROD","V_SERVICE_EMPLOYEEINFO","27","EMAIL","VARCHAR2","50","Y",,,,,
"5179","ZTBLAIS_PROD","V_SERVICE_EMPLOYEEINFO","28","EXTRACURRICULARACTIVITIES","VARCHAR2","50","Y",,,,,
"5180","ZTBLAIS_PROD","V_SERVICE_EMPLOYEEINFO","29","REMARKS","VARCHAR2","200","Y",,,,,
"5181","ZTBLAIS_PROD","V_SERVICE_EMPLOYEEINFO","30","SENIORITYSEQUENCE","NUMBER","22","Y",,,,,
"5182","ZTBLAIS_PROD","V_SERVICE_EMPLOYEEINFO","31","ISAGRICULTURIST","CHAR","1","Y",,,,,
"5183","ZTBLAIS_PROD","V_SERVICE_EMPLOYEEINFO","32","ISJOINEDASMCO","CHAR","1","Y",,,,,
"5184","ZTBLAIS_PROD","V_SERVICE_EMPLOYEEINFO","33","ISHAVINGDISABILITY","CHAR","1","Y",,,,,
"5185","ZTBLAIS_PROD","V_SERVICE_EMPLOYEEINFO","34","ISEXSERVICEMAN","CHAR","1","Y",,,,,
"5186","ZTBLAIS_PROD","V_SERVICE_EMPLOYEEINFO","35","BACKGROUNDTYPE","CHAR","1","Y",,,,,
"5187","ZTBLAIS_PROD","V_SERVICE_EMPLOYEEINFO","36","MARITALSTATUSTYPE","CHAR","1","Y",,,,,
"5188","ZTBLAIS_PROD","V_SERVICE_EMPLOYEEINFO","37","EMPLOYEETYPE","CHAR","1","Y",,,,,
"5189","ZTBLAIS_PROD","V_SERVICE_EMPLOYEEINFO","38","PAYPACKAGETYPE","CHAR","1","Y",,,,,
"5190","ZTBLAIS_PROD","V_SERVICE_EMPLOYEEINFO","39","GENDERTYPE","CHAR","1","Y",,,,,
"5191","ZTBLAIS_PROD","V_SERVICE_EMPLOYEEINFO","40","EMPLOYMENTSTATUSTYPE","CHAR","1","Y",,,,,
"5192","ZTBLAIS_PROD","V_SERVICE_EMPLOYEEINFO","41","STATUSTYPE","CHAR","1","Y",,,,,
"5193","ZTBLAIS_PROD","V_SERVICE_EMPLOYEEINFO","42","POSTAPPLIEDFORCODE","NUMBER","22","Y",,,,,
"5194","ZTBLAIS_PROD","V_SERVICE_EMPLOYEEINFO","43","CURRENTRANKCODE","NUMBER","22","Y",,,,,
"5195","ZTBLAIS_PROD","V_SERVICE_EMPLOYEEINFO","44","CURRENTDESIGNATIONCODE","NUMBER","22","Y",,,,,
"5196","ZTBLAIS_PROD","V_SERVICE_EMPLOYEEINFO","45","JOININGRANKCODE","NUMBER","22","Y",,,,,
"5197","ZTBLAIS_PROD","V_SERVICE_EMPLOYEEINFO","46","JOININGDESIGNATIONCODE","NUMBER","22","Y",,,,,
"5198","ZTBLAIS_PROD","V_SERVICE_EMPLOYEEINFO","47","TEHSILEOFBIRTHCODE","NUMBER","22","Y",,,,,
"5199","ZTBLAIS_PROD","V_SERVICE_EMPLOYEEINFO","48","PROVINCEOFDOMICILECODE","NUMBER","22","Y",,,,,
"5200","ZTBLAIS_PROD","V_SERVICE_EMPLOYEEINFO","49","DIVISIONOFDOMICILECODE","NUMBER","22","Y",,,,,
"5201","ZTBLAIS_PROD","V_SERVICE_EMPLOYEEINFO","50","DISTRICTOFDOMICILECODE","NUMBER","22","Y",,,,,
"5202","ZTBLAIS_PROD","V_SERVICE_EMPLOYEEINFO","51","TEHSILEOFDOMICILECODE","NUMBER","22","Y",,,,,
"5203","ZTBLAIS_PROD","V_SERVICE_EMPLOYEEINFO","52","PROVINCEOFBIRTHCODE","NUMBER","22","Y",,,,,
"5204","ZTBLAIS_PROD","V_SERVICE_EMPLOYEEINFO","53","RELIGIONCODE","NUMBER","22","Y",,,,,
"5205","ZTBLAIS_PROD","V_SERVICE_EMPLOYEEINFO","54","DISTRICTOFBIRTHCODE","NUMBER","22","Y",,,,,
"5206","ZTBLAIS_PROD","V_SERVICE_EMPLOYEEINFO","55","CURRENTZONECODE","NUMBER","22","Y",,,,,
"5207","ZTBLAIS_PROD","V_SERVICE_EMPLOYEEINFO","56","CURRENTDEPARTMENTCODE","NUMBER","22","Y",,,,,
"5208","ZTBLAIS_PROD","V_SERVICE_EMPLOYEEINFO","57","CURRENTUNITCODE","NUMBER","22","Y",,,,,
"5209","ZTBLAIS_PROD","V_SERVICE_EMPLOYEEINFO","58","CURRENTBRANCHCODE","NUMBER","22","Y",,,,,
"5210","ZTBLAIS_PROD","V_SERVICE_EMPLOYEEINFO","59","CURRENTCADRECODE","NUMBER","22","Y",,,,,
"5211","ZTBLAIS_PROD","V_SERVICE_EMPLOYEEINFO","60","DISTRICTCODE","NUMBER","22","Y",,,,,
"5212","ZTBLAIS_PROD","V_SERVICE_EMPLOYEEINFO","61","TEHSILCODE","NUMBER","22","Y",,,,,
"5213","ZTBLAIS_PROD","V_SERVICE_EMPLOYEEINFO","62","RANKCODE","NUMBER","22","Y",,,,,
"5214","ZTBLAIS_PROD","V_SERVICE_EMPLOYEEINFO","63","DESIGNATIONCODE","NUMBER","22","Y",,,,,
"5215","ZTBLAIS_PROD","V_SERVICE_EMPLOYEEINFO","64","DIVISIONOFBIRTHCODE","NUMBER","22","Y",,,,,
"5216","ZTBLAIS_PROD","V_SERVICE_EMPLOYEEINFO","65","SCALECODE","NUMBER","22","Y",,,,,
"5217","ZTBLAIS_PROD","V_SERVICE_EMPLOYEEINFO","66","CURRENTPAYSCALECODE","NUMBER","22","Y",,,,,
"5218","ZTBLAIS_PROD","V_SERVICE_EMPLOYEEINFO","67","JOININGPAYSCALECODE","NUMBER","22","Y",,,,,
"5219","ZTBLAIS_PROD","V_SERVICE_EMPLOYEEINFO","68","CURRENTDIVISIONCODE","NUMBER","22","Y",,,,,
"5220","ZTBLAIS_PROD","V_SERVICE_EMPLOYEEINFO","69","ISSPORTSMAN","VARCHAR2","1","Y",,,,,
"5221","ZTBLAIS_PROD","V_SERVICE_EMPLOYEEINFO","70","GAMECODE","NUMBER","22","Y",,,,,
"5222","ZTBLAIS_PROD","V_SERVICE_EMPLOYEEINFO","71","LEVELOFPLAYINGCODE","NUMBER","22","Y",,,,,
"5223","ZTBLAIS_PROD","V_SERVICE_EMPLOYEEINFO","72","RELIEVINGLETTERNO","VARCHAR2","100","Y",,,,,
"5224","ZTBLAIS_PROD","V_SERVICE_EMPLOYEEINFO","73","RELIEVINGLETTERDATE","DATE","7","Y",,,,,
"5225","ZTBLAIS_PROD","V_SERVICE_EMPLOYEEINFO","74","RELIEVINGCIRCULARDATE","DATE","7","Y",,,,,
"5226","ZTBLAIS_PROD","V_SERVICE_EMPLOYEEINFO","75","RELIEVINGREASON","VARCHAR2","200","Y",,,,,
"5227","ZTBLAIS_PROD","V_SERVICE_EMPLOYEEINFO","76","RELIEVINGWITHEFFECTFROM","DATE","7","Y",,,,,
"5228","ZTBLAIS_PROD","V_SERVICE_EMPLOYEEINFO","77","NTN","VARCHAR2","20","Y",,,,,
"5229","ZTBLAIS_PROD","V_SERVICE_EMPLOYEEINFO","78","ISSRS2005OPTEE","CHAR","1","Y",,,,,
"5230","ZTBLAIS_PROD","V_SERVICE_EMPLOYEEINFO","79","DATEOFOPTION","DATE","7","Y",,,,,
"5231","ZTBLAIS_PROD","V_SERVICE_EMPLOYEEINFO","80","LASTPROMOTIONDATE","DATE","7","Y",,,,,
"5232","ZTBLAIS_PROD","V_SERVICE_EMPLOYEEINFO","81","EMERGENCYPERSONNAME","VARCHAR2","50","Y",,,,,
"5233","ZTBLAIS_PROD","V_SERVICE_EMPLOYEEINFO","82","EMERGENCYPHONENO","VARCHAR2","10","Y",,,,,
"5234","ZTBLAIS_PROD","V_SERVICE_EMPLOYEEINFO","83","EMERGENCYMOBILENO","VARCHAR2","10","Y",,,,,
"5235","ZTBLAIS_PROD","V_SERVICE_EMPLOYEEINFO","84","EMERGENCYRELATIONSHIPCODE","NUMBER","22","Y",,,,,
"5236","ZTBLAIS_PROD","V_SERVICE_EMPLOYEEINFO","85","EMERGENCYADDRESS","VARCHAR2","500","Y",,,,,
"5237","ZTBLAIS_PROD","V_SERVICE_EMPLOYEEINFO","86","JOBSTATUS","VARCHAR2","1","Y",,,,,
"5238","ZTBLAIS_PROD","V_SERVICE_EMPLOYEEINFO","87","CONFIRMATIONLETTERNO","VARCHAR2","200","Y",,,,,
"5239","ZTBLAIS_PROD","V_SERVICE_EMPLOYEEINFO","88","CONFIRMATIONLETTERDATE","DATE","7","Y",,,,,
"5240","ZTBLAIS_PROD","V_SERVICE_EMPLOYEEINFO","89","CONFIRMATIONCIRCULARDATE","DATE","7","Y",,,,,
"5241","ZTBLAIS_PROD","V_SERVICE_EMPLOYEEINFO","90","RETIREMNETLETTERNO","VARCHAR2","200","Y",,,,,
"5242","ZTBLAIS_PROD","V_SERVICE_EMPLOYEEINFO","91","RETIREMENTLETTERDATE","DATE","7","Y",,,,,
"5243","ZTBLAIS_PROD","V_SERVICE_EMPLOYEEINFO","92","RETIREMENTCIRCULARDATE","DATE","7","Y",,,,,
"5244","ZTBLAIS_PROD","V_SERVICE_EMPLOYEEINFO","93","RETIREMENTDATE","DATE","7","Y",,,,,
"5245","ZTBLAIS_PROD","V_SERVICE_EMPLOYEEINFO","94","SANCTIONAMOUNT","NUMBER","22","Y",,,,,
"5246","ZTBLAIS_PROD","V_SERVICE_EMPLOYEEINFO","95","ANYINCREASESAFTERRETIREMENT","VARCHAR2","500","Y",,,,,
"5247","ZTBLAIS_PROD","V_SERVICE_EMPLOYEEINFO","96","LPRDATE","DATE","7","Y",,,,,
"5248","ZTBLAIS_PROD","V_SERVICE_EMPLOYEEINFO","97","EMPLOYEECATEGORY","VARCHAR2","1","Y",,,,,
"5249","ZTBLAIS_PROD","V_SERVICE_EMPLOYEEINFO","98","LASTPOSTINGDATE","DATE","7","Y",,,,,
"5250","ZTBLAIS_PROD","V_SERVICE_EMPLOYEEINFO","99","EMPTYPE","VARCHAR2","1","Y",,,,,
"5251","ZTBLAIS_PROD","V_SERVICE_EMPLOYEEINFO","100","ACC_BANK_CODE","NUMBER","22","Y",,,,,
"5252","ZTBLAIS_PROD","V_SERVICE_EMPLOYEEINFO","101","ZTBLACCOUNTNO_OLD","NUMBER","22","Y",,,,,
"5253","ZTBLAIS_PROD","V_SERVICE_EMPLOYEEINFO","102","IS_REGISTERED_DISABLE","CHAR","1","Y",,,,,
"5254","ZTBLAIS_PROD","V_SERVICE_EMPLOYEEINFO","103","DOMICILEPROVINCECODE","NUMBER","22","Y",,,,,
"5255","ZTBLAIS_PROD","V_SERVICE_EMPLOYEEINFO","104","DOMICILEDISTRICTCODE","NUMBER","22","Y",,,,,
