"ObjectName","Status","Reason","Evidence","ProposedAction"
"AIS_T_AU_OBSERVATION","Low-Confidence / Needs Verification","No active DBConnection or mapped procedure reference found; could still be used by views, triggers, or unmanaged reporting paths.","","Do not exclude yet; verify via view/trigger/report migration analysis"
"AIS_T_AU_POST_COMPLIANCE","Confirmed Active","Referenced by DBConnection methods used by active controllers and/or by called procedures.","PROC:PKG_AD.P_UPDATEENTITIEES; PROC:PKG_AD.P_ADD_ENTITY_SHIFTING; PROC:PKG_AD.P_SHIFT_BR_TO_ISLAMIC; PROC:PKG_AD.P_UPDATE_ANNEXURE; PROC:PKG_AD.P_GET_LATEST_PARA_DETAILS; PROC:PKG_AD.P_UPDATE_PARA_AIS_POST_COMPLIANCE; PROC:PKG_AE.P_GETPARASFORCOMPLIANCEFORHISTORY; PROC:PKG_AE.P_SUBMITPOSTAUDITCOMPLIANCE; PROC:PKG_AE.P_SUBMITPOSTAUDITCOMPLIANCE_REVIEW; PROC:PKG_AE.P_GETPARASFORCOMPLIANCEBYCAU; PROC:PKG_AE.P_FORWARD_CAU_PARA_TO_BRANCH; PROC:PKG_AE.P_GETPARASFORCOMPLIANCE_CAU_PARA_TEXT","Migrate to IAS_ZTBL core or dedicated history module"
"AIS_T_AU_POST_COMPLIANCE_23_PARAS","Low-Confidence / Needs Verification","No active DBConnection or mapped procedure reference found; could still be used by views, triggers, or unmanaged reporting paths.","","Do not exclude yet; verify via view/trigger/report migration analysis"
"AIS_T_AU_POST_COMPLIANCE_BACKUP","Backup / Temp / Archive Only","Naming pattern indicates temporary, backup, archive, or system-generated support object and no active code reference was found.","","Exclude from IAS_ZTBL core; preserve only outside future operational schema"
"AIS_T_AU_POST_COMPLIANCE_BACKUP_23082024","Backup / Temp / Archive Only","Naming pattern indicates temporary, backup, archive, or system-generated support object and no active code reference was found.","","Exclude from IAS_ZTBL core; preserve only outside future operational schema"
"AIS_T_AU_POST_COMPLIANCE_EVIDENCE","Confirmed Active","Referenced by DBConnection methods used by active controllers and/or by called procedures.","PROC:PKG_AE.P_GETPOSTAUDITCOMPLIANCE_EVIDENCE; PROC:PKG_AE.P_GETPOSTAUDITCOMPLIANCE_EVIDENCE_FILEDATA; PROC:PKG_AE.P_SUBMITPOSTAUDITCOMPLIANCE_EVIDENCE","Migrate to IAS_ZTBL core or dedicated history module"
"AIS_T_AU_POST_COMPLIANCE_EVIDENCE_ARCHIVE","Confirmed Active","Referenced by DBConnection methods used by active controllers and/or by called procedures.","PROC:PKG_AE.P_SUBMITPOSTAUDITCOMPLIANCE_EVIDENCE","Migrate to IAS_ZTBL core or dedicated history module"
"AIS_T_AU_POST_COMPLIANCE_EVIDENCE_CAU","Confirmed Active","Referenced by DBConnection methods used by active controllers and/or by called procedures.","PROC:PKG_AE.P_GETPOSTAUDITCOMPLIANCE_EVIDENCE_FILEDATA_CAU; PROC:PKG_AE.P_SUBMITPOSTAUDITCOMPLIANCE_EVIDENCE_BY_BRANCH; PROC:PKG_AE.P_GETALLCOMPLIANCE_EVIDENCE_CAU","Migrate to IAS_ZTBL core or dedicated history module"
"AIS_T_AU_POST_COMPLIANCE_FR","Low-Confidence / Needs Verification","No active DBConnection or mapped procedure reference found; could still be used by views, triggers, or unmanaged reporting paths.","","Do not exclude yet; verify via view/trigger/report migration analysis"
"AIS_T_AU_POST_COMPLIANCE_HISTORY","Confirmed Active","Referenced by DBConnection methods used by active controllers and/or by called procedures.","PROC:PKG_AE.P_SUBMITPOSTAUDITCOMPLIANCE; PROC:PKG_AE.P_SUBMITPOSTAUDITCOMPLIANCE_REVIEW; PROC:PKG_AE.P_GETPARASFORCOMPLIANCEHISTORY; PROC:PKG_FAD.P_AUTHORIZE_PARA_STATUS_CHANGE","Migrate to IAS_ZTBL core or dedicated history module"
"AIS_T_AU_POST_COMPLIANCE_HISTORY_BACKUP","Backup / Temp / Archive Only","Naming pattern indicates temporary, backup, archive, or system-generated support object and no active code reference was found.","","Exclude from IAS_ZTBL core; preserve only outside future operational schema"
"AIS_T_AU_POST_COMPLIANCE_HISTORY_DIFF_AIS_COM","Low-Confidence / Needs Verification","No active DBConnection or mapped procedure reference found; could still be used by views, triggers, or unmanaged reporting paths.","","Do not exclude yet; verify via view/trigger/report migration analysis"
"AIS_T_AU_POST_COMPLIANCE_SETTELED_ON_DIFF","Low-Confidence / Needs Verification","No active DBConnection or mapped procedure reference found; could still be used by views, triggers, or unmanaged reporting paths.","","Do not exclude yet; verify via view/trigger/report migration analysis"
"AIS_T_AU_POST_COMPLIANCE_TEXT","Confirmed Active","Referenced by DBConnection methods used by active controllers and/or by called procedures.","PROC:PKG_AE.P_GETPARASFORCOMPLIANCEFORHISTORY; PROC:PKG_AE.P_SUBMITPOSTAUDITCOMPLIANCE; PROC:PKG_AE.P_SUBMITPOSTAUDITCOMPLIANCE_EVIDENCE; PROC:PKG_AE.P_SUBMITPOSTAUDITCOMPLIANCE_EVIDENCE_BY_BRANCH","Migrate to IAS_ZTBL core or dedicated history module"
"AIS_T_AU_POST_COMPLIANCE_TEXT_BACKUP","Backup / Temp / Archive Only","Naming pattern indicates temporary, backup, archive, or system-generated support object and no active code reference was found.","","Exclude from IAS_ZTBL core; preserve only outside future operational schema"
"AIS_T_AU_POST_COMPLIANCE_TEXT_CAU","Confirmed Active","Referenced by DBConnection methods used by active controllers and/or by called procedures.","PROC:PKG_AE.P_FORWARD_CAU_PARA_TO_BRANCH; PROC:PKG_AE.P_GETPARASFORCOMPLIANCE_CAU_PARA_TEXT; PROC:PKG_AE.P_GETPARASFORCOMPLIANCEBYCAU_BY_BRANCH; PROC:PKG_AE.P_SUBMITPOSTAUDITCOMPLIANCE_BY_BRANCH","Migrate to IAS_ZTBL core or dedicated history module"
"AIS_T_PARA_STATUS_CHANGE_LOG","Confirmed Active","Referenced by DBConnection methods used by active controllers and/or by called procedures.","PROC:PKG_FAD.P_GET_PARA_STATUS_REQUEST; PROC:PKG_FAD.P_ADD_PARA_STATUS_CHANGE; PROC:PKG_FAD.P_GET_PARA_STATUS_AUTHORIZATION; PROC:PKG_FAD.P_AUTHORIZE_PARA_STATUS_CHANGE","Migrate to IAS_ZTBL core or dedicated history module"
"ATTACHMENTSOURCES","Low-Confidence / Needs Verification","No active DBConnection or mapped procedure reference found; could still be used by views, triggers, or unmanaged reporting paths.","","Do not exclude yet; verify via view/trigger/report migration analysis"
"CFO_LOAN_PORTFOLIO_MOVE_CAT","Low-Confidence / Needs Verification","No active DBConnection or mapped procedure reference found; could still be used by views, triggers, or unmanaged reporting paths.","","Do not exclude yet; verify via view/trigger/report migration analysis"
"DR$IDX_TEXT$I","Backup / Temp / Archive Only","Naming pattern indicates temporary, backup, archive, or system-generated support object and no active code reference was found.","","Exclude from IAS_ZTBL core; preserve only outside future operational schema"
"DR$IDX_TEXT$K","Backup / Temp / Archive Only","Naming pattern indicates temporary, backup, archive, or system-generated support object and no active code reference was found.","","Exclude from IAS_ZTBL core; preserve only outside future operational schema"
"DR$IDX_TEXT$N","Backup / Temp / Archive Only","Naming pattern indicates temporary, backup, archive, or system-generated support object and no active code reference was found.","","Exclude from IAS_ZTBL core; preserve only outside future operational schema"
"DR$IDX_TEXT$U","Backup / Temp / Archive Only","Naming pattern indicates temporary, backup, archive, or system-generated support object and no active code reference was found.","","Exclude from IAS_ZTBL core; preserve only outside future operational schema"
"DR$TEXT_INDEX$I","Backup / Temp / Archive Only","Naming pattern indicates temporary, backup, archive, or system-generated support object and no active code reference was found.","","Exclude from IAS_ZTBL core; preserve only outside future operational schema"
"DR$TEXT_INDEX$K","Backup / Temp / Archive Only","Naming pattern indicates temporary, backup, archive, or system-generated support object and no active code reference was found.","","Exclude from IAS_ZTBL core; preserve only outside future operational schema"
"DR$TEXT_INDEX$N","Backup / Temp / Archive Only","Naming pattern indicates temporary, backup, archive, or system-generated support object and no active code reference was found.","","Exclude from IAS_ZTBL core; preserve only outside future operational schema"
"DR$TEXT_INDEX$U","Backup / Temp / Archive Only","Naming pattern indicates temporary, backup, archive, or system-generated support object and no active code reference was found.","","Exclude from IAS_ZTBL core; preserve only outside future operational schema"
"EMAILLOG","Low-Confidence / Needs Verification","No active DBConnection or mapped procedure reference found; could still be used by views, triggers, or unmanaged reporting paths.","","Do not exclude yet; verify via view/trigger/report migration analysis"
"EMAILTEMPLATES","Low-Confidence / Needs Verification","No active DBConnection or mapped procedure reference found; could still be used by views, triggers, or unmanaged reporting paths.","","Do not exclude yet; verify via view/trigger/report migration analysis"
"ERR$_T_AU_RESPONSIBILITY_ASSIGNED_FINAL","Backup / Temp / Archive Only","Naming pattern indicates temporary, backup, archive, or system-generated support object and no active code reference was found.","","Exclude from IAS_ZTBL core; preserve only outside future operational schema"
"M_COM","Low-Confidence / Needs Verification","No active DBConnection or mapped procedure reference found; could still be used by views, triggers, or unmanaged reporting paths.","","Do not exclude yet; verify via view/trigger/report migration analysis"
"M_ENG","Low-Confidence / Needs Verification","No active DBConnection or mapped procedure reference found; could still be used by views, triggers, or unmanaged reporting paths.","","Do not exclude yet; verify via view/trigger/report migration analysis"
"NOTIFICATIONEVENTS","Low-Confidence / Needs Verification","No active DBConnection or mapped procedure reference found; could still be used by views, triggers, or unmanaged reporting paths.","","Do not exclude yet; verify via view/trigger/report migration analysis"
"NOTIFICATIONRULES","Low-Confidence / Needs Verification","No active DBConnection or mapped procedure reference found; could still be used by views, triggers, or unmanaged reporting paths.","","Do not exclude yet; verify via view/trigger/report migration analysis"
"SEQ_DRIFT_REPORT","Low-Confidence / Needs Verification","No active DBConnection or mapped procedure reference found; could still be used by views, triggers, or unmanaged reporting paths.","","Do not exclude yet; verify via view/trigger/report migration analysis"
"T_APP_MAINTENANCE","Low-Confidence / Needs Verification","No active DBConnection or mapped procedure reference found; could still be used by views, triggers, or unmanaged reporting paths.","","Do not exclude yet; verify via view/trigger/report migration analysis"
"T_AU_ACTIVE_EMPOLYEES","Low-Confidence / Needs Verification","No active DBConnection or mapped procedure reference found; could still be used by views, triggers, or unmanaged reporting paths.","","Do not exclude yet; verify via view/trigger/report migration analysis"
"T_AU_ACTIVITY_LOG","Confirmed Active","Referenced by DBConnection methods used by active controllers and/or by called procedures.","PROC:PKG_AD.P_AUDIT_CHECKLIST; PROC:PKG_AD.P_AUDIT_CHECKLIST_SUB; PROC:PKG_AD.P_AUDIT_CHECKLIST_DETAIL; PROC:PKG_AD.P_APPROVED_SUB_PROCESS_BY_AUTHORIZER; PROC:PKG_AD.P_RECOMMEND_CHECKLIST_BY_REVIEWER; PROC:PKG_AD.P_REFFEREDBACK_CHECKLIST_BY_REVIEWER; PROC:PKG_AD.P_APPROVE_CHECKLIST_BY_AUTHORIZER; PROC:PKG_AD.P_REFFEREDBACK_CHECKLIST_BY_AUTHORIZER; PROC:PKG_AD.P_AUDIT_CHECKLIST_UPDATE; PROC:PKG_AD.P_AUDIT_CHECKLIST_SUB_UPDATE; PROC:PKG_AD.AUDIT_CHECKLIST_DETAIL_UPDATE; PROC:PKG_AE.P_GETOBSERVATIONTEXT","Migrate to IAS_ZTBL core or dedicated history module"
"T_AU_API_MASTER","Confirmed Active","Referenced by DBConnection methods used by active controllers and/or by called procedures.","PROC:PKG_AD.P_ADDGROUPMENUITEMSASSIGNMENT; PROC:PKG_AD.P_REMOVEGROUPMENUITEMSASSIGNMENT; PROC:PKG_AD.P_GET_API_MASTER; PROC:PKG_AD.P_GET_ALL_CONTROLLER; PROC:PKG_AD.P_CHECK_API_UNIQUE; PROC:PKG_AD.P_MAINT_API_MASTER; PROC:PKG_LG.P_GETAPIPERMISSIONS","Migrate to IAS_ZTBL core or dedicated history module"
"T_AU_API_MASTER_STG","Backup / Temp / Archive Only","Naming pattern indicates temporary, backup, archive, or system-generated support object and no active code reference was found.","","Exclude from IAS_ZTBL core; preserve only outside future operational schema"
"T_AU_AUDIT_JOINING","Confirmed Active","Referenced by DBConnection methods used by active controllers and/or by called procedures.","PROC:PKG_AR.P_GETTASKLIST; PROC:PKG_AR.P_ADDJOININGREPORT; PROC:PKG_AR.P_SETENGIDONHOLD; PROC:PKG_AR.P_GETCLOSINGDRAFTOBSERVATIONS; PROC:PKG_AR.P_GETOBSERVATIONENTITIES; PROC:PKG_AR.P_CLOSEAUDIT; PROC:PKG_LG.P_GETLOGGEDINUSERENGID; PROC:PKG_AI.P_GETGLHEADSUMMARY_YEARLY; PROC:PKG_HD.P_AUDIT_CONCLUDING; PROC:PKG_RPT.R_AUDITPLANPROGRESS; PROC:PKG_RPT.R_GETAUDITEES","Migrate to IAS_ZTBL core or dedicated history module"
"T_AU_AUDIT_POST_COMPLAINCE","Low-Confidence / Needs Verification","No active DBConnection or mapped procedure reference found; could still be used by views, triggers, or unmanaged reporting paths.","","Do not exclude yet; verify via view/trigger/report migration analysis"
"T_AU_AUDIT_TEAM_TASKLIST","Confirmed Active","Referenced by DBConnection methods used by active controllers and/or by called procedures.","PROC:PKG_AD.P_GET_AUDIT_TEAM_POSTCHANGES; PROC:PKG_AD.P_SHIFT_BR_TO_ISLAMIC; PROC:PKG_AD.P_AUDIT_TEAM_POSTCHANGES; PROC:PKG_AD.P_AUDIT_ENGAGEMENT_REVERSAL; PROC:PKG_AR.P_GETTASKLIST; PROC:PKG_AR.P_GETJOININGDETAILS; PROC:PKG_AR.P_ADDJOININGREPORT; PROC:PKG_AR.P_DROPAUDITOBSERVATION; PROC:PKG_AR.P_SUBMITAUDITOBSERVATIONTOAUDITEE; PROC:PKG_AR.P_UPDATEAUDITOBSERVATIONSTATUS; PROC:PKG_AR.P_UPDATEOBSERVATION; PROC:PKG_AR.P_GETCLOSINGDRAFTOBSERVATIONS","Migrate to IAS_ZTBL core or dedicated history module"
"T_AU_AUDIT_TEAM_TASKLIST_STATUS","Confirmed Active","Referenced by DBConnection methods used by active controllers and/or by called procedures.","PROC:PKG_AR.P_GETTASKLIST","Migrate to IAS_ZTBL core or dedicated history module"
"T_AU_AUDIT_TEAMS","Confirmed Active","Referenced by DBConnection methods used by active controllers and/or by called procedures.","PROC:PKG_AD.P_GET_AUDIT_TEAM_POSTCHANGES; PROC:PKG_AD.P_GET_AUDIT_ENGAGEMENT; PROC:PKG_AD.P_AUDIT_TEAM_POSTCHANGES; PROC:PKG_AD.P_AUDIT_ENGAGEMENT_REVERSAL; PROC:PKG_AR.P_GETTASKLIST; PROC:PKG_AR.P_GETJOININGDETAILS; PROC:PKG_AR.P_ADDJOININGREPORT; PROC:PKG_AR.P_CLOSEAUDIT; PROC:PKG_PG.P_MAXTEAMID; PROC:PKG_PG.P_ADDAUDITENGAGEMENTPLAN; PROC:PKG_PG.P_RERECOMMENDAUDITENGAGEMENTPLAN; PROC:PKG_PG.P_APPROVEAUDITENGAGEMENTPLAN","Migrate to IAS_ZTBL core or dedicated history module"
"T_AU_AUDIT_TWICE_IN_A_YEAR_BRANCHES","Low-Confidence / Needs Verification","No active DBConnection or mapped procedure reference found; could still be used by views, triggers, or unmanaged reporting paths.","","Do not exclude yet; verify via view/trigger/report migration analysis"
"T_AU_CCQ","Confirmed Active","Referenced by DBConnection methods used by active controllers and/or by called procedures.","PROC:PKG_AE.P_GETCCQSENTITIES; PROC:PKG_PG.P_GETCCQ; PROC:PKG_PG.P_UPDATECCQ","Migrate to IAS_ZTBL core or dedicated history module"
"T_AU_CCQ_RESPONSE","Low-Confidence / Needs Verification","No active DBConnection or mapped procedure reference found; could still be used by views, triggers, or unmanaged reporting paths.","","Do not exclude yet; verify via view/trigger/report migration analysis"
"T_AU_DATA_VALIDATION_FAD_LOG","Confirmed Active","Referenced by DBConnection methods used by active controllers and/or by called procedures.","PROC:PKG_FAD.P_GETLEAGACYOBSERVATIONS; PROC:PKG_FAD.P_REVIEWED_LEGACY_PARA; PROC:PKG_FAD.P_UPDATE_LEGACY_PARA_TEXT; PROC:PKG_FAD.P_REFERBACK_LEGACY_PARA; PROC:PKG_RPT.P_GET_FAD_USERWISE_OLDPARASPERFORMANCE","Migrate to IAS_ZTBL core or dedicated history module"
"T_AU_DATA_VALIDATION_HO_LOG","Confirmed Active","Referenced by DBConnection methods used by active controllers and/or by called procedures.","PROC:PKG_AR.P_GETLEAGACYOBSERVATIONS_HO; PROC:PKG_AR.P_UPDATE_LEGACY_PARA_TEXT; PROC:PKG_AR.P_SETTEL_LEGACY_PARA_HO; PROC:PKG_AR.P_DELETE_LEGACY_PARA_HO","Migrate to IAS_ZTBL core or dedicated history module"
"T_AU_DSA","Confirmed Active","Referenced by DBConnection methods used by active controllers and/or by called procedures.","PROC:PKG_AR.P_DRAFT_DSA; PROC:PKG_AR.P_GET_DSA_LIST; PROC:PKG_AR.P_GET_DSA_CONTENT; PROC:PKG_AR.P_SUBMIT_DSA_TO_HEAD_FAD; PROC:PKG_AR.P_UPDATE_DSA_HEADING; PROC:PKG_AR.P_REFFERED_BACK_DSA_BY_HEAD_FAD; PROC:PKG_AR.P_SUBMIT_DSA_BY_HEAD_FAD_TO_DPD; PROC:PKG_AR.P_REFFERED_BACK_DSA_BY_DPD; PROC:PKG_AR.P_SUBMIT_DSA_BY_DPD_TO_COMMITTEE; PROC:PKG_HD.P_GET_OBSERVATION_DETAILS_FROM_ID","Migrate to IAS_ZTBL core or dedicated history module"
"T_AU_DSA_GUIDELINES","Confirmed Active","Referenced by DBConnection methods used by active controllers and/or by called procedures.","PROC:PKG_AR.P_GET_DSA_GUIDLINE","Migrate to IAS_ZTBL core or dedicated history module"
"T_AU_DSA_GUIDELINES_ADDED","Confirmed Active","Referenced by DBConnection methods used by active controllers and/or by called procedures.","PROC:PKG_AR.P_ADD_DSA_CHECKILIST","Migrate to IAS_ZTBL core or dedicated history module"
"T_AU_DSA_STATUS","Confirmed Active","Referenced by DBConnection methods used by active controllers and/or by called procedures.","PROC:PKG_AR.P_GET_DSA_LIST","Migrate to IAS_ZTBL core or dedicated history module"
"T_AU_DSA_TEXT","Confirmed Active","Referenced by DBConnection methods used by active controllers and/or by called procedures.","PROC:PKG_AR.P_DRAFT_DSA; PROC:PKG_AR.P_GET_DSA_LIST; PROC:PKG_AR.P_GET_DSA_CONTENT","Migrate to IAS_ZTBL core or dedicated history module"
"T_AU_DUPLICATE_PARAS","Confirmed Active","Referenced by DBConnection methods used by active controllers and/or by called procedures.","PROC:PKG_HD.P_ADD_DUPLICATE_PARAS; PROC:PKG_HD.P_GET_DUPLICATE_PARAS_ENT_FOR_AUTH; PROC:PKG_HD.P_GET_DUPLICATE_PARAS_FOR_AUTH; PROC:PKG_HD.P_REJECT_DUPLICATE_PARAS; PROC:PKG_HD.P_AUTH_DUPLICATE_PARAS","Migrate to IAS_ZTBL core or dedicated history module"
"T_AU_EMAIL_QUEUE","Low-Confidence / Needs Verification","No active DBConnection or mapped procedure reference found; could still be used by views, triggers, or unmanaged reporting paths.","","Do not exclude yet; verify via view/trigger/report migration analysis"
"T_AU_EMAILS","Low-Confidence / Needs Verification","No active DBConnection or mapped procedure reference found; could still be used by views, triggers, or unmanaged reporting paths.","","Do not exclude yet; verify via view/trigger/report migration analysis"
"T_AU_EMAILS_INTERNAL","Low-Confidence / Needs Verification","No active DBConnection or mapped procedure reference found; could still be used by views, triggers, or unmanaged reporting paths.","","Do not exclude yet; verify via view/trigger/report migration analysis"
"T_AU_ENB_TBL_DIVISONS","Low-Confidence / Needs Verification","No active DBConnection or mapped procedure reference found; could still be used by views, triggers, or unmanaged reporting paths.","","Do not exclude yet; verify via view/trigger/report migration analysis"
"T_AU_ENTITIES","Low-Confidence / Needs Verification","No active DBConnection or mapped procedure reference found; could still be used by views, triggers, or unmanaged reporting paths.","","Do not exclude yet; verify via view/trigger/report migration analysis"
"T_AU_ENTITY_SHIFTING","Confirmed Active","Referenced by DBConnection methods used by active controllers and/or by called procedures.","PROC:PKG_AD.P_ADD_ENTITY_SHIFTING","Migrate to IAS_ZTBL core or dedicated history module"
"T_AU_ERROR_LOGS","Confirmed Active","Referenced by DBConnection methods used by active controllers and/or by called procedures.","PROC:PKG_AR.P_GETLEAGACYOBSERVATIONS; PROC:PKG_AR.P_GETLEAGACYOBSERVATIONS_HO; PROC:PKG_AR.P_GETLEAGACYOBSERVATIONS_FOR_GIST_UPDATE; PROC:PKG_AR.P_UPDATE_LEGACY_PARA_TEXT; PROC:PKG_AR.P_ADD_PARA_RESPONSIBILITY; PROC:PKG_AR.P_UPDATE_LEGACY_PARA_GIST; PROC:PKG_AR.P_NO_UPDATE_LEGACY_PARA_TEXT; PROC:PKG_FAD.P_GETLEAGACYOBSERVATIONS; PROC:PKG_FAD.P_REVIEWED_LEGACY_PARA; PROC:PKG_FAD.P_UPDATE_LEGACY_PARA_TEXT; PROC:PKG_FAD.P_REFERBACK_LEGACY_PARA; PROC:PKG_HD.P_ADD_LEGACY_PARA","Migrate to IAS_ZTBL core or dedicated history module"
"T_AU_EXCEPTION_REPORTS","Confirmed Active","Referenced by DBConnection methods used by active controllers and/or by called procedures.","PROC:PKG_SM.P_GET_EXCEPTION_MONITOR_DETAILS; PROC:PKG_SM.T_AU_EXCEPTION_REPORT; PROC:PKG_SM.P_ADD_NEW_EXP_REPORT","Migrate to IAS_ZTBL core or dedicated history module"
"T_AU_EXCEPTION_REPORTS_FORMAT","Confirmed Active","Referenced by DBConnection methods used by active controllers and/or by called procedures.","PROC:PKG_SM.P_GET_EXCEPTION_REPORT_DATA; PROC:PKG_SM.P_GET_EXCEPTION_REPORT_FORMAT; PROC:PKG_SM.P_INSERT_EXCEPTION_REPORT_FORMAT; PROC:PKG_SM.P_UPDATE_EXCEPTION_REPORT_FORMAT","Migrate to IAS_ZTBL core or dedicated history module"
"T_AU_FAD_REPORTS","Low-Confidence / Needs Verification","No active DBConnection or mapped procedure reference found; could still be used by views, triggers, or unmanaged reporting paths.","","Do not exclude yet; verify via view/trigger/report migration analysis"
"T_AU_IID_ANALYSIS","Confirmed Active","Referenced by DBConnection methods used by active controllers and/or by called procedures.","PROC:PKG_INQ.ADD_ANALYSIS","Migrate to IAS_ZTBL core or dedicated history module"
"T_AU_IID_ASSESSMENT","Confirmed Active","Referenced by DBConnection methods used by active controllers and/or by called procedures.","PROC:PKG_INQ.GET_COMPLAINTS_WITHOUT_ASSESSMENT; PROC:PKG_INQ.GET_COMPLAINT; PROC:PKG_INQ.ADD_ASSESSMENT; PROC:PKG_INQ.GET_IID_TASK_LIST","Migrate to IAS_ZTBL core or dedicated history module"
"T_AU_IID_CASE_STUDY","Confirmed Active","Referenced by DBConnection methods used by active controllers and/or by called procedures.","PROC:PKG_INQ.ADD_CASE_STUDY","Migrate to IAS_ZTBL core or dedicated history module"
"T_AU_IID_COMPLAINANT","Confirmed Active","Referenced by DBConnection methods used by active controllers and/or by called procedures.","PROC:PKG_INQ.P_SAVE_COMPLAINT_IAID; PROC:PKG_INQ.GET_COMPLAINTS; PROC:PKG_INQ.GET_COMPLAINTS_DD; PROC:PKG_INQ.GET_COMPLAINT; PROC:PKG_INQ.GET_IID_TASK_LIST; PROC:PKG_INQ.GET_LATEST_INQUIRY_REPORT_BY_COMPLAINT","Migrate to IAS_ZTBL core or dedicated history module"
"T_AU_IID_COMPLAINT_HDR","Confirmed Active","Referenced by DBConnection methods used by active controllers and/or by called procedures.","DBConnection:IsIidComplaintFinalized; PROC:PKG_INQ.P_CREATE_COMPLAINT_HDR; PROC:PKG_INQ.P_GET_COMPLAINT_HDR; PROC:PKG_INQ.GET_COMPLAINTS; PROC:PKG_INQ.GET_COMPLAINTS_WITHOUT_ASSESSMENT; PROC:PKG_INQ.GET_COMPLAINTS_DD; PROC:PKG_INQ.GET_COMPLAINT; PROC:PKG_INQ.ADD_ASSESSMENT; PROC:PKG_INQ.ADD_HEAD_REVIEW; PROC:PKG_INQ.ADD_INV_PLAN; PROC:PKG_INQ.GET_IID_TASK_LIST; PROC:PKG_INQ.ADD_PLAN_APPROVAL","Migrate to IAS_ZTBL core or dedicated history module"
"T_AU_IID_COMPLAINT_IAID","Confirmed Active","Referenced by DBConnection methods used by active controllers and/or by called procedures.","PROC:PKG_INQ.GET_COMPLAINTS; PROC:PKG_INQ.GET_COMPLAINTS_WITHOUT_ASSESSMENT; PROC:PKG_INQ.GET_COMPLAINTS_DD; PROC:PKG_INQ.GET_COMPLAINT; PROC:PKG_INQ.GET_IID_TASK_LIST; PROC:PKG_INQ.GET_LATEST_INQUIRY_REPORT_BY_COMPLAINT; PROC:PKG_INQ.GET_REPORTS","Migrate to IAS_ZTBL core or dedicated history module"
"T_AU_IID_EXC_ACCOUNT","Low-Confidence / Needs Verification","No active DBConnection or mapped procedure reference found; could still be used by views, triggers, or unmanaged reporting paths.","","Do not exclude yet; verify via view/trigger/report migration analysis"
"T_AU_IID_EXC_ACCOUNT_DOC","Low-Confidence / Needs Verification","No active DBConnection or mapped procedure reference found; could still be used by views, triggers, or unmanaged reporting paths.","","Do not exclude yet; verify via view/trigger/report migration analysis"
"T_AU_IID_EXC_ACCOUNT_TXN","Low-Confidence / Needs Verification","No active DBConnection or mapped procedure reference found; could still be used by views, triggers, or unmanaged reporting paths.","","Do not exclude yet; verify via view/trigger/report migration analysis"
"T_AU_IID_EXC_LOAN","Low-Confidence / Needs Verification","No active DBConnection or mapped procedure reference found; could still be used by views, triggers, or unmanaged reporting paths.","","Do not exclude yet; verify via view/trigger/report migration analysis"
"T_AU_IID_EXC_LOAN_DOC","Low-Confidence / Needs Verification","No active DBConnection or mapped procedure reference found; could still be used by views, triggers, or unmanaged reporting paths.","","Do not exclude yet; verify via view/trigger/report migration analysis"
"T_AU_IID_EXC_LOAN_DOC_IMG","Low-Confidence / Needs Verification","No active DBConnection or mapped procedure reference found; could still be used by views, triggers, or unmanaged reporting paths.","","Do not exclude yet; verify via view/trigger/report migration analysis"
"T_AU_IID_EXC_LOAN_TXN","Low-Confidence / Needs Verification","No active DBConnection or mapped procedure reference found; could still be used by views, triggers, or unmanaged reporting paths.","","Do not exclude yet; verify via view/trigger/report migration analysis"
"T_AU_IID_EXC_REPORT_COL_MST","Low-Confidence / Needs Verification","No active DBConnection or mapped procedure reference found; could still be used by views, triggers, or unmanaged reporting paths.","","Do not exclude yet; verify via view/trigger/report migration analysis"
"T_AU_IID_EXC_REPORT_MST","Low-Confidence / Needs Verification","No active DBConnection or mapped procedure reference found; could still be used by views, triggers, or unmanaged reporting paths.","","Do not exclude yet; verify via view/trigger/report migration analysis"
"T_AU_IID_FINAL_APPROVAL","Low-Confidence / Needs Verification","Referenced in code analysis but only from low-confidence paths.","PROC:PKG_INQ.ADD_FINAL_APPROVAL","Do not exclude yet; verify via view/trigger/report migration analysis"
"T_AU_IID_HEAD_PLAN_APPROVAL","Confirmed Active","Referenced by DBConnection methods used by active controllers and/or by called procedures.","PROC:PKG_INQ.GET_IID_TASK_LIST; PROC:PKG_INQ.ADD_PLAN_APPROVAL","Migrate to IAS_ZTBL core or dedicated history module"
"T_AU_IID_HEAD_REVIEW","Confirmed Active","Referenced by DBConnection methods used by active controllers and/or by called procedures.","PROC:PKG_INQ.ADD_HEAD_REVIEW; PROC:PKG_INQ.GET_IID_TASK_LIST","Migrate to IAS_ZTBL core or dedicated history module"
"T_AU_IID_INQ_ACCUSATIONS","Confirmed Active","Referenced by DBConnection methods used by active controllers and/or by called procedures.","PROC:PKG_INQ.GET_LATEST_INQUIRY_REPORT_BY_COMPLAINT; PROC:PKG_INQ.P_GET_INQ_ACCUSATIONS; PROC:PKG_INQ.P_ADD_INQ_ACCUSATION; PROC:PKG_INQ.P_UPDATE_INQ_ACCUSATION; PROC:PKG_INQ.P_DELETE_INQ_ACCUSATION; PROC:PKG_INQ.GET_INQ_FIND_RECOMM_STATUS","Migrate to IAS_ZTBL core or dedicated history module"
"T_AU_IID_INQ_ACCUSED_LIST","Confirmed Active","Referenced by DBConnection methods used by active controllers and/or by called procedures.","PROC:PKG_INQ.GET_LATEST_INQUIRY_REPORT_BY_COMPLAINT; PROC:PKG_INQ.P_GET_INQ_ACCUSED_LIST; PROC:PKG_INQ.P_ADD_INQ_ACCUSED; PROC:PKG_INQ.P_UPDATE_INQ_ACCUSED; PROC:PKG_INQ.P_DELETE_INQ_ACCUSED","Migrate to IAS_ZTBL core or dedicated history module"
"T_AU_IID_INQ_DSA","Confirmed Active","Referenced by DBConnection methods used by active controllers and/or by called procedures.","PROC:PKG_INQ.GET_LATEST_INQUIRY_REPORT_BY_COMPLAINT; PROC:PKG_INQ.P_GET_INQ_DSA; PROC:PKG_INQ.P_ADD_INQ_DSA; PROC:PKG_INQ.P_UPDATE_INQ_DSA; PROC:PKG_INQ.P_DELETE_INQ_DSA","Migrate to IAS_ZTBL core or dedicated history module"
"T_AU_IID_INQ_EVIDENCE_FILES","Confirmed Active","Referenced by DBConnection methods used by active controllers and/or by called procedures.","PROC:PKG_INQ.GET_LATEST_INQUIRY_REPORT_BY_COMPLAINT; PROC:PKG_INQ.P_GET_INQ_EVIDENCE_FILES; PROC:PKG_INQ.P_ADD_INQ_EVIDENCE_FILE; PROC:PKG_INQ.P_DELETE_INQ_EVIDENCE_FILE","Migrate to IAS_ZTBL core or dedicated history module"
"T_AU_IID_INQ_EVIDENCE_STEP","Confirmed Active","Referenced by DBConnection methods used by active controllers and/or by called procedures.","PROC:PKG_INQ.P_GET_INQ_EVIDENCE_STEP; PROC:PKG_INQ.P_SAVE_INQ_EVIDENCE_STEP","Migrate to IAS_ZTBL core or dedicated history module"
"T_AU_IID_INQ_FIND_RECOMM","Confirmed Active","Referenced by DBConnection methods used by active controllers and/or by called procedures.","PROC:PKG_INQ.GET_LATEST_INQUIRY_REPORT_BY_COMPLAINT; PROC:PKG_INQ.GET_INQ_FINDINGS_RECOMM; PROC:PKG_INQ.SAVE_INQ_FINDINGS_RECOMM; PROC:PKG_INQ.GET_INQ_FIND_RECOMM_STATUS","Migrate to IAS_ZTBL core or dedicated history module"
"T_AU_IID_INQ_PROCEEDINGS","Confirmed Active","Referenced by DBConnection methods used by active controllers and/or by called procedures.","PROC:PKG_INQ.P_GET_INQ_PROCEEDINGS; PROC:PKG_INQ.P_SAVE_INQ_PROCEEDING; PROC:PKG_INQ.P_DELETE_INQ_PROCEEDING","Migrate to IAS_ZTBL core or dedicated history module"
"T_AU_IID_INQ_RECORD_SCRUTINIZED","Confirmed Active","Referenced by DBConnection methods used by active controllers and/or by called procedures.","PROC:PKG_INQ.GET_LATEST_INQUIRY_REPORT_BY_COMPLAINT; PROC:PKG_INQ.P_GET_INQ_RECORDS; PROC:PKG_INQ.P_ADD_INQ_RECORD; PROC:PKG_INQ.P_UPDATE_INQ_RECORD; PROC:PKG_INQ.P_DELETE_INQ_RECORD","Migrate to IAS_ZTBL core or dedicated history module"
"T_AU_IID_INQ_STATEMENTS","Confirmed Active","Referenced by DBConnection methods used by active controllers and/or by called procedures.","PROC:PKG_INQ.GET_LATEST_INQUIRY_REPORT_BY_COMPLAINT; PROC:PKG_INQ.P_GET_INQ_STATEMENTS; PROC:PKG_INQ.P_ADD_INQ_STATEMENT; PROC:PKG_INQ.P_DELETE_INQ_STATEMENT","Migrate to IAS_ZTBL core or dedicated history module"
"T_AU_IID_INQ_VIOLATIONS","Confirmed Active","Referenced by DBConnection methods used by active controllers and/or by called procedures.","PROC:PKG_INQ.P_GET_INQ_VIOLATIONS; PROC:PKG_INQ.P_ADD_INQ_VIOLATION; PROC:PKG_INQ.P_UPDATE_INQ_VIOLATION; PROC:PKG_INQ.P_DELETE_INQ_VIOLATION","Migrate to IAS_ZTBL core or dedicated history module"
"T_AU_IID_INV_PLAN","Confirmed Active","Referenced by DBConnection methods used by active controllers and/or by called procedures.","PROC:PKG_INQ.ADD_INV_PLAN; PROC:PKG_INQ.GET_IID_TASK_LIST; PROC:PKG_INQ.P_GET_COMPLAINT_ID_BY_PLAN; PROC:PKG_INQ.GET_INV_PLAN; PROC:PKG_INQ.GET_LATEST_PLAN_BY_COMPLAINT; PROC:PKG_INQ.ADD_PLAN_APPROVAL","Migrate to IAS_ZTBL core or dedicated history module"
"T_AU_IID_INV_PLAN_ACT","Low-Confidence / Needs Verification","No active DBConnection or mapped procedure reference found; could still be used by views, triggers, or unmanaged reporting paths.","","Do not exclude yet; verify via view/trigger/report migration analysis"
"T_AU_IID_LEAD_REVIEW","Low-Confidence / Needs Verification","No active DBConnection or mapped procedure reference found; could still be used by views, triggers, or unmanaged reporting paths.","","Do not exclude yet; verify via view/trigger/report migration analysis"
"T_AU_IID_REPORT","Confirmed Active","Referenced by DBConnection methods used by active controllers and/or by called procedures.","PROC:PKG_INQ.GET_IID_TASK_LIST; PROC:PKG_INQ.P_GET_COMPLAINT_ID_BY_REPORT; PROC:PKG_INQ.ADD_INQUIRY_REPORT; PROC:PKG_INQ.ADD_ANALYSIS; PROC:PKG_INQ.ADD_FINAL_APPROVAL; PROC:PKG_INQ.GET_INQUIRY_REPORT; PROC:PKG_INQ.GET_REPORTS","Migrate to IAS_ZTBL core or dedicated history module"
"T_AU_IID_STATUS_MST","Confirmed Active","Referenced by DBConnection methods used by active controllers and/or by called procedures.","PROC:PKG_INQ.GET_COMPLAINTS_DD","Migrate to IAS_ZTBL core or dedicated history module"
"T_AU_MANPOWER_DEMAND","Low-Confidence / Needs Verification","No active DBConnection or mapped procedure reference found; could still be used by views, triggers, or unmanaged reporting paths.","","Do not exclude yet; verify via view/trigger/report migration analysis"
"T_AU_NEW_PARAS_STATUS_CHANGE_LOG","Confirmed Active","Referenced by DBConnection methods used by active controllers and/or by called procedures.","PROC:PKG_FAD.P_GETNEWPARASFORRESPONSEAUTHORIZE; PROC:PKG_FAD.P_AUTHORIZECHANGESTATUSREQUESTFORSETTLEDPARA_NEW; PROC:PKG_HD.P_GETNEWPARASFORRESPONSE; PROC:PKG_HD.P_GETNEWPARASFORRESPONSE_REVIEWER; PROC:PKG_HD.P_CHANGESTATUSREQUESTFORSETTLEDPARA_NEW_REVIEWER; PROC:PKG_HD.P_CHANGESTATUSREQUESTFORSETTLEDPARA_NEW","Migrate to IAS_ZTBL core or dedicated history module"
"T_AU_OBS_AUDITEE_REPLY_EVIDENCE","Low-Confidence / Needs Verification","No active DBConnection or mapped procedure reference found; could still be used by views, triggers, or unmanaged reporting paths.","","Do not exclude yet; verify via view/trigger/report migration analysis"
"T_AU_OBSERVATION","Confirmed Active","Referenced by DBConnection methods used by active controllers and/or by called procedures.","PROC:PKG_AD.P_APPROVE_CHECKLIST_BY_AUTHORIZER; PROC:PKG_AD.P_GET_AUDIT_OBSERVTION; PROC:PKG_AD.P_GET_DUPLICATE_CHECKLIST_DETAILS_COUNT; PROC:PKG_AD.P_AUTHORIZE_DUPLICATE_CHECKLIST_DETAILS; PROC:PKG_AD.P_AUDIT_OBSERVATION_REVERSAL; PROC:PKG_AD.P_ADD_ENTITY_SHIFTING; PROC:PKG_AD.P_SHIFT_BR_TO_ISLAMIC; PROC:PKG_AD.P_GET_OBSERVVATION_NO; PROC:PKG_AD.P_UPDATE_OBSERVATION_NO; PROC:PKG_AD.P_UPDATE_ANNEXURE; PROC:PKG_AD.P_ADD_BRANCH_RISK_RATING; PROC:PKG_AE.P_GETASSIGNEDOBSERVATIONS","Migrate to IAS_ZTBL core or dedicated history module"
"T_AU_OBSERVATION_ASSIGNEDTO","Confirmed Active","Referenced by DBConnection methods used by active controllers and/or by called procedures.","PROC:PKG_AD.P_GET_AUDIT_OBSERVTION; PROC:PKG_AD.P_AUDIT_OBSERVATION_REVERSAL; PROC:PKG_AD.P_SHIFT_BR_TO_ISLAMIC; PROC:PKG_AE.P_GETASSIGNEDOBSERVATIONS; PROC:PKG_AE.P_GETASSIGNEDOBSERVATIONSFORBRANCH; PROC:PKG_AE.P_AUDITEE_OBSERVATION_RESPONSE; PROC:PKG_AE.P_GETAUDITEEASSIGNEDENTITIES; PROC:PKG_AR.P_SUBMITAUDITOBSERVATIONTOAUDITEE; PROC:PKG_FAD.P_PARA_SHIFTING; PROC:PKG_FAD.P_GET_AUDIT_OBSERVTION","Migrate to IAS_ZTBL core or dedicated history module"
"T_AU_OBSERVATION_ASSIGNEDTO_TEMP","Low-Confidence / Needs Verification","No active DBConnection or mapped procedure reference found; could still be used by views, triggers, or unmanaged reporting paths.","","Do not exclude yet; verify via view/trigger/report migration analysis"
"T_AU_OBSERVATION_EVIDENCES","Low-Confidence / Needs Verification","No active DBConnection or mapped procedure reference found; could still be used by views, triggers, or unmanaged reporting paths.","","Do not exclude yet; verify via view/trigger/report migration analysis"
"T_AU_OBSERVATION_FINAL_RECCOMENDATION","Confirmed Active","Referenced by DBConnection methods used by active controllers and/or by called procedures.","PROC:PKG_FAD.P_GET_AUDIT_OBSERVTION; PROC:PKG_FRPT.P_GET_OBSERVATION_DETAILS; PROC:PKG_FRPT.R_GETAUDITEEPARAS; PROC:PKG_HD.P_GET_AUDIT_PRE_CONCLUDING; PROC:PKG_HD.P_GET_OBSERVATION_DETAILS_FROM_ID_PRE_CON; PROC:PKG_HD.P_GET_OBSERVATION_DETAILS_FROM_ID_PRE_CON_HO","Migrate to IAS_ZTBL core or dedicated history module"
"T_AU_OBSERVATION_GIST","Confirmed Active","Referenced by DBConnection methods used by active controllers and/or by called procedures.","PROC:PKG_HD.P_GET_AUDIT_PRE_CONCLUDING; PROC:PKG_HD.P_AUDIT_PRE_SUBMISSION; PROC:PKG_HD.P_GET_OBSERVATION_DETAILS_FROM_ID_PRE_CON; PROC:PKG_HD.P_GET_OBSERVATION_DETAILS_FROM_ID_PRE_CON_HO","Migrate to IAS_ZTBL core or dedicated history module"
"T_AU_OBSERVATION_LOANCASES","Low-Confidence / Needs Verification","No active DBConnection or mapped procedure reference found; could still be used by views, triggers, or unmanaged reporting paths.","","Do not exclude yet; verify via view/trigger/report migration analysis"
"T_AU_OBSERVATION_MAN","Confirmed Active","Referenced by DBConnection methods used by active controllers and/or by called procedures.","PROC:PKG_HD.P_AUDIT_CONCLUDING","Migrate to IAS_ZTBL core or dedicated history module"
"T_AU_OBSERVATION_OLD_CAD_PARAS","Confirmed Active","Referenced by DBConnection methods used by active controllers and/or by called procedures.","PROC:PKG_AD.P_ADD_ENTITY_SHIFTING; PROC:PKG_AE.P_GETAUDITEEOLDPARAS; PROC:PKG_AE.P_UPDATEOLDPARAMANAGEMENT; PROC:PKG_AE.P_UPDATEAUDITEEOLDPARASRESPONSE; PROC:PKG_AE.P_GETPARASFORCOMPLIANCEBYAUDITEE_TEXT; PROC:PKG_AE.P_SUBMITPOSTAUDITCOMPLIANCE; PROC:PKG_AE.P_SUBMITPOSTAUDITCOMPLIANCE_REVIEW; PROC:PKG_AR.P_GETENTITIESFORLEGACYPARA; PROC:PKG_AR.P_GETENTITIESFORLEGACYPARA_HO; PROC:PKG_AR.P_GETENTITIESFORLEGACYPARA_HO_REPORT; PROC:PKG_AR.P_GETLEAGACYOBSERVATIONS; PROC:PKG_AR.P_GETLEAGACYOBSERVATIONS_HO","Migrate to IAS_ZTBL core or dedicated history module"
"T_AU_OBSERVATION_OLD_CAD_PARAS_RESPONSE","Confirmed Active","Referenced by DBConnection methods used by active controllers and/or by called procedures.","PROC:PKG_AE.P_UPDATEAUDITEEOLDPARASRESPONSE","Migrate to IAS_ZTBL core or dedicated history module"
"T_AU_OBSERVATION_OLD_CAD_PARAS_SETTLE_LOG","Confirmed Active","Referenced by DBConnection methods used by active controllers and/or by called procedures.","PROC:PKG_AR.P_SETTEL_LEGACY_PARA_HO; PROC:PKG_AR.P_DELETE_LEGACY_PARA_HO","Migrate to IAS_ZTBL core or dedicated history module"
"T_AU_OBSERVATION_OLD_CAD_PARAS_TEXT","Confirmed Active","Referenced by DBConnection methods used by active controllers and/or by called procedures.","PROC:PKG_AE.P_UPDATEOLDPARAMANAGEMENT; PROC:PKG_AE.P_GETPARASFORCOMPLIANCEBYAUDITEE_TEXT; PROC:PKG_AE.P_GETPARASFORCOMPLIANCEFORHISTORY; PROC:PKG_AR.P_GETENTITIESFORLEGACYPARA; PROC:PKG_AR.P_GETENTITIESFORLEGACYPARA_HO; PROC:PKG_AR.P_GETENTITIESFORLEGACYPARA_HO_REPORT; PROC:PKG_AR.P_GETLEAGACYOBSERVATIONS; PROC:PKG_AR.P_GETLEAGACYOBSERVATIONS_HO; PROC:PKG_AR.P_GETLEAGACYOBSERVATIONS_FOR_GIST_UPDATE; PROC:PKG_AR.P_UPDATE_LEGACY_PARA_TEXT; PROC:PKG_AR.P_GETOBSERVATIONSDETAILSFORMANAGEAUDITPARAS; PROC:PKG_AR.P_GET_PARA_DETAILS_FOR_AUTHORIZE","Migrate to IAS_ZTBL core or dedicated history module"
"T_AU_OBSERVATION_OLD_PARAS_FAD","Likely Obsolete","Legacy/old naming with no active code reference found.","","Exclude from IAS_ZTBL core; retain only for legacy read-only migration archive if needed"
"T_AU_OBSERVATION_OLD_PARAS_RESPONIBILITY_ASSIGNED","Confirmed Active","Referenced by DBConnection methods used by active controllers and/or by called procedures.","PROC:PKG_AR.P_DELETE_PARA_RESPONSIBILITY; PROC:PKG_AR.P_GET_LEGACY_PARA_RESPONSIBLES","Migrate to IAS_ZTBL core or dedicated history module"
"T_AU_OBSERVATION_REFERENCE_MAP","Low-Confidence / Needs Verification","No active DBConnection or mapped procedure reference found; could still be used by views, triggers, or unmanaged reporting paths.","","Do not exclude yet; verify via view/trigger/report migration analysis"
"T_AU_OBSERVATION_RESPONIBILITY_ASSIGNED","Confirmed Active","Referenced by DBConnection methods used by active controllers and/or by called procedures.","PROC:PKG_AR.P_RESPONIBILITYASSIGNED; PROC:PKG_AR.P_DELETE_RESPONSIBILITY; PROC:PKG_HD.P_AUDIT_CONCLUDING","Migrate to IAS_ZTBL core or dedicated history module"
"T_AU_OBSERVATION_RESPONSIBILITY_UPDATED","Confirmed Active","Referenced by DBConnection methods used by active controllers and/or by called procedures.","PROC:PKG_AR.P_UPDATE_RESPONSIBILITY; PROC:PKG_AR.P_GET_RESPONSIBILITY_FOR_AUTHORIZE; PROC:PKG_AR.P_RESPONIBILITYFOROLDPARA","Migrate to IAS_ZTBL core or dedicated history module"
"T_AU_OBSERVATION_SEVERITY","Low-Confidence / Needs Verification","No active DBConnection or mapped procedure reference found; could still be used by views, triggers, or unmanaged reporting paths.","","Do not exclude yet; verify via view/trigger/report migration analysis"
"T_AU_OBSERVATION_SHIFTING","Confirmed Active","Referenced by DBConnection methods used by active controllers and/or by called procedures.","PROC:PKG_AD.P_ADD_ENTITY_SHIFTING","Migrate to IAS_ZTBL core or dedicated history module"
"T_AU_OBSERVATION_STATUS","Confirmed Active","Referenced by DBConnection methods used by active controllers and/or by called procedures.","PROC:PKG_AD.P_GET_AUDIT_OBSERVTION; PROC:PKG_AD.P_GET_AUDIT_OBSERVTION_STATUS; PROC:PKG_AD.P_AUDIT_OBSERVATION_REVERSAL; PROC:PKG_AD.P_GET_COMPLIANCE_STATUSES_FOR_COMPLIANCE_FLOW; PROC:PKG_AD.P_GET_ENTITY_TYPE_COMPLIANCE_FLOW; PROC:PKG_AD.P_GET_OBS_STATUS; PROC:PKG_AD.P_ADD_OBS_STATUS; PROC:PKG_AD.P_UPDATE_OBS_STATUS; PROC:PKG_AE.P_GETASSIGNEDOBSERVATIONS; PROC:PKG_AE.P_GETASSIGNEDOBSERVATIONSFORBRANCH; PROC:PKG_AR.P_GET_DETAILS_FOR_MANAGE_OBSERVATIONS; PROC:PKG_AR.P_GETMANAGEDOBSERVATIONS","Migrate to IAS_ZTBL core or dedicated history module"
"T_AU_OBSERVATION_TEXT","Confirmed Active","Referenced by DBConnection methods used by active controllers and/or by called procedures.","PROC:PKG_AD.P_GET_AUDIT_OBSERVTION; PROC:PKG_AD.P_AUDIT_OBSERVATION_REVERSAL; PROC:PKG_AE.P_GETASSIGNEDOBSERVATIONS; PROC:PKG_AE.P_GETASSIGNEDOBSERVATIONSFORBRANCH; PROC:PKG_AE.P_GETOBSERVATIONTEXT; PROC:PKG_AE.P_GETPARASFORCOMPLIANCEBYAUDITEE_TEXT; PROC:PKG_AE.P_GETPARASFORCOMPLIANCEFORHISTORY; PROC:PKG_AE.P_GETPARASFORCOMPLIANCE_CAU_PARA_TEXT; PROC:PKG_AR.P_SAVEAUDITOBSERVATION; PROC:PKG_AR.P_SAVEAUDITOBSERVATIONCAD; PROC:PKG_AR.P_GET_DETAILS_FOR_MANAGE_OBSERVATIONS; PROC:PKG_AR.P_GETMANAGEDOBSERVATIONS","Migrate to IAS_ZTBL core or dedicated history module"
"T_AU_OBSERVATION_UPDATED_DETAILS","Low-Confidence / Needs Verification","No active DBConnection or mapped procedure reference found; could still be used by views, triggers, or unmanaged reporting paths.","","Do not exclude yet; verify via view/trigger/report migration analysis"
"T_AU_OBSERVATION_UPDATED_REFERENCE","Confirmed Active","Referenced by DBConnection methods used by active controllers and/or by called procedures.","PROC:PKG_AR.P_UPDATE_AUDIT_PARAS; PROC:PKG_AR.P_GETOBSERVATIONSFORMANAGEAUDITPARAS; PROC:PKG_AR.P_GET_PARA_DETAILS_FOR_AUTHORIZE; PROC:PKG_AR.P_GET_PARA_CHANGES_FOR_AUTHORIZE","Migrate to IAS_ZTBL core or dedicated history module"
"T_AU_OBSERVATIONS_AUDITEE_EVIDENCES","Confirmed Active","Referenced by DBConnection methods used by active controllers and/or by called procedures.","PROC:PKG_AD.P_AUDIT_OBSERVATION_REVERSAL; PROC:PKG_AR.P_GET_AUDITEE_OBSERVATION_RESPONSE_EVIDENCES; PROC:PKG_AE.P_AUDITEE_OBSERVATION_RESPONSE_EVIDENCES; PROC:PKG_AR.P_GET_AUDITEE_OBSERVATION_RESPONSE_EVIDENCES_BY_OBS_ID; PROC:PKG_AR.P_GET_AUDITEE_OBSERVATION_RESPONSE_EVIDENCES_FILEDATA","Migrate to IAS_ZTBL core or dedicated history module"
"T_AU_OBSERVATIONS_AUDITEE_EVIDENCES_POST_COMPLIANCE","Low-Confidence / Needs Verification","No active DBConnection or mapped procedure reference found; could still be used by views, triggers, or unmanaged reporting paths.","","Do not exclude yet; verify via view/trigger/report migration analysis"
"T_AU_OBSERVATIONS_AUDITEE_POST_COMPLIANCE","Low-Confidence / Needs Verification","No active DBConnection or mapped procedure reference found; could still be used by views, triggers, or unmanaged reporting paths.","","Do not exclude yet; verify via view/trigger/report migration analysis"
"T_AU_OBSERVATIONS_AUDITEE_POST_COMPLIANCE_EVIDENCES","Low-Confidence / Needs Verification","No active DBConnection or mapped procedure reference found; could still be used by views, triggers, or unmanaged reporting paths.","","Do not exclude yet; verify via view/trigger/report migration analysis"
"T_AU_OBSERVATIONS_AUDITEE_RESPONSE","Confirmed Active","Referenced by DBConnection methods used by active controllers and/or by called procedures.","PROC:PKG_AD.P_AUDIT_OBSERVATION_REVERSAL; PROC:PKG_AE.P_GETASSIGNEDOBSERVATIONS; PROC:PKG_AE.P_GETASSIGNEDOBSERVATIONSFORBRANCH; PROC:PKG_AR.P_GETOBSERVATIONSAUDITEERESPONSE; PROC:PKG_AE.P_AUDITEE_OBSERVATION_RESPONSE; PROC:PKG_AR.P_GETLATESTAUDITEERESPONSE; PROC:PKG_AR.P_UPDATEAUDITOBSERVATIONSTATUS; PROC:PKG_FAD.P_GET_AUDIT_OBSERVTION; PROC:PKG_FRPT.P_GET_OBSERVATION_DETAILS; PROC:PKG_FRPT.R_GETAUDITEEPARAS; PROC:PKG_HD.P_GET_OBSERVATION_DETAILS_FROM_ID; PROC:PKG_HD.P_GET_OBSERVATION_DETAILS_FROM_ID_HO","Migrate to IAS_ZTBL core or dedicated history module"
"T_AU_OBSERVATIONS_AUDITEE_RESPONSE_STATUS","Low-Confidence / Needs Verification","No active DBConnection or mapped procedure reference found; could still be used by views, triggers, or unmanaged reporting paths.","","Do not exclude yet; verify via view/trigger/report migration analysis"
"T_AU_OBSERVATIONS_AUDITOR_RECOMMENDATION","Confirmed Active","Referenced by DBConnection methods used by active controllers and/or by called procedures.","PROC:PKG_AD.P_AUDIT_OBSERVATION_REVERSAL; PROC:PKG_AR.P_GETLATESTAUDITORRESPONSE; PROC:PKG_AR.AUDITOR_RESPONSE; PROC:PKG_FAD.P_GET_AUDIT_OBSERVTION; PROC:PKG_FRPT.P_GET_OBSERVATION_DETAILS; PROC:PKG_FRPT.R_GETAUDITEEPARAS; PROC:PKG_HD.P_GET_OBSERVATION_DETAILS_FROM_ID; PROC:PKG_HD.P_GET_OBSERVATION_DETAILS_FROM_ID_HO; PROC:PKG_HD.P_GET_OBSERVATION_DETAILS_FROM_ID_PRE_CON; PROC:PKG_HD.P_GET_OBSERVATION_DETAILS_FROM_ID_PRE_CON_HO; PROC:PKG_RPT.R_GETAUDITEEPARAS","Migrate to IAS_ZTBL core or dedicated history module"
"T_AU_OBSERVATIONS_AUDITOR_REPLY","Confirmed Active","Referenced by DBConnection methods used by active controllers and/or by called procedures.","PROC:PKG_AD.P_AUDIT_OBSERVATION_REVERSAL; PROC:PKG_AR.P_GETLATESTDEPARTMENTALHEADRESPONSE; PROC:PKG_AR.AUDITOR_REPLY; PROC:PKG_FAD.P_GET_AUDIT_OBSERVTION; PROC:PKG_FRPT.P_GET_OBSERVATION_DETAILS; PROC:PKG_FRPT.R_GETAUDITEEPARAS; PROC:PKG_HD.P_GET_OBSERVATION_DETAILS_FROM_ID_PRE_CON; PROC:PKG_HD.P_GET_OBSERVATION_DETAILS_FROM_ID_PRE_CON_HO; PROC:PKG_RPT.R_GETAUDITEEPARAS","Migrate to IAS_ZTBL core or dedicated history module"
"T_AU_OBSERVATIONS_AUDITOR_RESPONSE","Confirmed Active","Referenced by DBConnection methods used by active controllers and/or by called procedures.","PROC:PKG_AR.P_GETMANAGEDDRAFTOBSERVATIONS; PROC:PKG_AR.P_GETMANAGEDDRAFTOBSERVATIONSFORBRANCHES; PROC:PKG_AR.P_GETMANAGEDDRAFTOBSERVATIONSBRANCH; PROC:PKG_HD.P_GETFINALIZEDDRAFTOBSERVATIONSBRANCH","Migrate to IAS_ZTBL core or dedicated history module"
"T_AU_OLD_AUDIT_NATURE","Confirmed Active","Referenced by DBConnection methods used by active controllers and/or by called procedures.","PROC:PKG_AR.P_GET_LEGACY_PARA_TO_AUTHORIZE; PROC:PKG_PG.P_GET_SPECICAL_AUDIT_FOR_APPROVAL; PROC:PKG_FAD.P_GETLEAGACYOBSERVATIONS; PROC:PKG_HD.P_GETAUDITNATURE; PROC:PKG_HD.P_GET_LEGACY_PARA_TO_AUTHORIZE","Migrate to IAS_ZTBL core or dedicated history module"
"T_AU_OLD_AUDIT_PERIOD","Confirmed Active","Referenced by DBConnection methods used by active controllers and/or by called procedures.","PROC:PKG_AR.P_GET_LEGACY_PARA_TO_AUTHORIZE; PROC:PKG_HD.P_GETAUDITYEAR; PROC:PKG_HD.P_GET_LEGACY_PARA_TO_AUTHORIZE","Migrate to IAS_ZTBL core or dedicated history module"
"T_AU_OLD_FUNCTIONAL_PARA_DIVISION_HEAD_REMARKS","Confirmed Active","Referenced by DBConnection methods used by active controllers and/or by called procedures.","PROC:PKG_AIS.P_ADDDIVISIONALHEADREMARKSONFUNCTIONALLEGACYPARA","Migrate to IAS_ZTBL core or dedicated history module"
"T_AU_OLD_PARAS_CAD_LOG","Likely Obsolete","Legacy/old naming with no active code reference found.","","Exclude from IAS_ZTBL core; retain only for legacy read-only migration archive if needed"
"T_AU_OLD_PARAS_FAD","Confirmed Active","Referenced by DBConnection methods used by active controllers and/or by called procedures.","PROC:PKG_AD.P_GET_DUPLICATE_CHECKLIST_DETAILS_COUNT; PROC:PKG_AD.P_AUTHORIZE_DUPLICATE_CHECKLIST_DETAILS; PROC:PKG_AD.P_ADD_ENTITY_SHIFTING; PROC:PKG_AD.P_UPDATE_ANNEXURE; PROC:PKG_AE.P_GETPARASFORCOMPLIANCEBYAUDITEE_TEXT; PROC:PKG_AE.P_SUBMITPOSTAUDITCOMPLIANCE_REVIEW; PROC:PKG_AE.P_GETAUDITEEALLPARASFAD; PROC:PKG_AE.P_GETPARASFORCOMPLIANCE_CAU_PARA_TEXT; PROC:PKG_AR.P_GETENTITIESFORLEGACYPARA; PROC:PKG_AR.P_GETLEAGACYOBSERVATIONS; PROC:PKG_AR.P_GETLEAGACYOBSERVATIONS_FOR_GIST_UPDATE; PROC:PKG_AR.P_UPDATE_LEGACY_PARA_TEXT","Migrate to IAS_ZTBL core or dedicated history module"
"T_AU_OLD_PARAS_FAD_BACKUP","Backup / Temp / Archive Only","Naming pattern indicates temporary, backup, archive, or system-generated support object and no active code reference was found.","","Exclude from IAS_ZTBL core; preserve only outside future operational schema"
"T_AU_OLD_PARAS_FAD_LOG","Confirmed Active","Referenced by DBConnection methods used by active controllers and/or by called procedures.","PROC:PKG_AR.P_GETLEAGACYOBSERVATIONS; PROC:PKG_AR.P_UPDATE_LEGACY_PARA_TEXT; PROC:PKG_AR.P_ADD_PARA_RESPONSIBILITY; PROC:PKG_AR.P_NO_UPDATE_LEGACY_PARA_TEXT; PROC:PKG_FAD.P_ADD_PARA_RESPONSIBILITY","Migrate to IAS_ZTBL core or dedicated history module"
"T_AU_OLD_PARAS_FAD_RESPONSIBILITY_ASSIGNED","Confirmed Active","Referenced by DBConnection methods used by active controllers and/or by called procedures.","PROC:PKG_AR.P_ADD_PARA_RESPONSIBILITY; PROC:PKG_AR.P_DELETE_PARA_RESPONSIBILITY; PROC:PKG_AR.P_GET_LEGACY_PARA_RESPONSIBLES; PROC:PKG_FAD.P_ADD_PARA_RESPONSIBILITY; PROC:PKG_FAD.P_GET_LEGACY_PARA_RESPONSIBLES; PROC:PKG_FAD.P_DELETE_PARA_RESPONSIBILITY","Migrate to IAS_ZTBL core or dedicated history module"
"T_AU_OLD_PARAS_FAD_RESPONSIBILITY_ASSIGNED_IMP","Likely Obsolete","Legacy/old naming with no active code reference found.","","Exclude from IAS_ZTBL core; retain only for legacy read-only migration archive if needed"
"T_AU_OLD_PARAS_FAD_STATUS_CHANGE_LOG","Confirmed Active","Referenced by DBConnection methods used by active controllers and/or by called procedures.","PROC:PKG_FAD.P_AUTHORIZECHANGESTATUSREQUESTFORSETTLEDPARA; PROC:PKG_FAD.P_GETOLDPARASFORRESPONSEAUTHORIZE; PROC:PKG_HD.P_GETOLDPARASFORRESPONSE; PROC:PKG_HD.P_CHANGESTATUSREQUESTFORSETTLEDPARA","Migrate to IAS_ZTBL core or dedicated history module"
"T_AU_OLD_PARAS_FAD_TEXT","Confirmed Active","Referenced by DBConnection methods used by active controllers and/or by called procedures.","PROC:PKG_AE.P_GETPARASFORCOMPLIANCEBYAUDITEE_TEXT; PROC:PKG_AE.P_GETPARASFORCOMPLIANCEFORHISTORY; PROC:PKG_AE.P_GETPARASFORCOMPLIANCE_CAU_PARA_TEXT; PROC:PKG_AR.P_GETLEAGACYOBSERVATIONS; PROC:PKG_AR.P_UPDATE_LEGACY_PARA_TEXT; PROC:PKG_AR.P_NO_UPDATE_LEGACY_PARA_TEXT; PROC:PKG_DB.P_FUNCTION_ANNEXURE_PARAS_TEXT; PROC:PKG_AR.P_GETOBSERVATIONSDETAILSFORMANAGEAUDITPARAS; PROC:PKG_AR.P_GET_PARA_DETAILS_FOR_AUTHORIZE; PROC:PKG_FAD.P_GETLEAGACYOBSERVATIONS; PROC:PKG_FAD.P_UPDATE_LEGACY_PARA_TEXT; PROC:PKG_HD.P_GETOLDPARAS","Migrate to IAS_ZTBL core or dedicated history module"
"T_AU_OLD_PARAS_FAD_UPDATE_LOG","Likely Obsolete","Legacy/old naming with no active code reference found.","","Exclude from IAS_ZTBL core; retain only for legacy read-only migration archive if needed"
"T_AU_OLD_PARAS_FAD_UPDATE_STATUS","Likely Obsolete","Legacy/old naming with no active code reference found.","","Exclude from IAS_ZTBL core; retain only for legacy read-only migration archive if needed"
"T_AU_OLD_PARAS_GIST_UPDATE_LOG","Confirmed Active","Referenced by DBConnection methods used by active controllers and/or by called procedures.","PROC:PKG_AR.P_GETLEAGACYOBSERVATIONS_FOR_GIST_UPDATE; PROC:PKG_AR.P_UPDATE_LEGACY_PARA_GIST; PROC:PKG_AR.P_GET_LEGACY_PARA_TO_AUTHORIZE; PROC:PKG_AR.P_AUTHORIZE_PARA_GIST","Migrate to IAS_ZTBL core or dedicated history module"
"T_AU_OLD_PARAS_POST_COMPLIANCE","Likely Obsolete","Legacy/old naming with no active code reference found.","","Exclude from IAS_ZTBL core; retain only for legacy read-only migration archive if needed"
"T_AU_OLD_PARAS_POST_COMPLIANCE_HEAD_REMARKS","Likely Obsolete","Legacy/old naming with no active code reference found.","","Exclude from IAS_ZTBL core; retain only for legacy read-only migration archive if needed"
"T_AU_OLD_PARAS_POST_COMPLIANCE_HISTORY","Confirmed Active","Referenced by DBConnection methods used by active controllers and/or by called procedures.","PROC:PKG_FAD.P_GET_SETTLED_PARA_DETAILS_PARA_COMPLIANCE","Migrate to IAS_ZTBL core or dedicated history module"
"T_AU_OLD_PARAS_RESPONSE","Likely Obsolete","Legacy/old naming with no active code reference found.","","Exclude from IAS_ZTBL core; retain only for legacy read-only migration archive if needed"
"T_AU_OLD_PARAS_RESPONSE_EVIDENCES","Likely Obsolete","Legacy/old naming with no active code reference found.","","Exclude from IAS_ZTBL core; retain only for legacy read-only migration archive if needed"
"T_AU_OLD_PARAS_RESPONSE_FAD","Likely Obsolete","Legacy/old naming with no active code reference found.","","Exclude from IAS_ZTBL core; retain only for legacy read-only migration archive if needed"
"T_AU_OLD_PARAS_RESPONSE_FAD_AUDITOR_RESPONSE","Likely Obsolete","Legacy/old naming with no active code reference found.","","Exclude from IAS_ZTBL core; retain only for legacy read-only migration archive if needed"
"T_AU_OLD_PARAS_RESPONSE_FAD_STATUS","Likely Obsolete","Legacy/old naming with no active code reference found.","","Exclude from IAS_ZTBL core; retain only for legacy read-only migration archive if needed"
"T_AU_OLD_PARAS_RESPONSE_IMP_REMARKS","Likely Obsolete","Legacy/old naming with no active code reference found.","","Exclude from IAS_ZTBL core; retain only for legacy read-only migration archive if needed"
"T_AU_OLD_PARAS_RESPONSE_SVP_AZ_REMARKS","Likely Obsolete","Legacy/old naming with no active code reference found.","","Exclude from IAS_ZTBL core; retain only for legacy read-only migration archive if needed"
"T_AU_OLD_PARAS_RESPONSE_TEXT","Likely Obsolete","Legacy/old naming with no active code reference found.","","Exclude from IAS_ZTBL core; retain only for legacy read-only migration archive if needed"
"T_AU_PAGE_API_MAP","Low-Confidence / Needs Verification","No active DBConnection or mapped procedure reference found; could still be used by views, triggers, or unmanaged reporting paths.","","Do not exclude yet; verify via view/trigger/report migration analysis"
"T_AU_PARAS_STATUS_CHANGE_LOG","Confirmed Active","Referenced by DBConnection methods used by active controllers and/or by called procedures.","PROC:PKG_HD.P_GET_PARAS_FOR_STATUS_CHANGE; PROC:PKG_HD.P_ADD_PARAS_FOR_STATUS_CHANGE; PROC:PKG_HD.P_GET_PARAS_FOR_STATUS_CHANGE_FOR_AUTHORIZE; PROC:PKG_HD.P_AUTHORIZE_PARAS_FOR_STATUS","Migrate to IAS_ZTBL core or dedicated history module"
"T_AU_PERIOD","Confirmed Active","Referenced by DBConnection methods used by active controllers and/or by called procedures.","PROC:PKG_AD.P_GET_AUDIT_ENGAGEMENT; PROC:PKG_AD.P_ADD_BRANCH_RISK_RATING; PROC:PKG_AE.P_GETASSIGNEDOBSERVATIONS; PROC:PKG_AE.P_GETASSIGNEDOBSERVATIONSFORBRANCH; PROC:PKG_AE.P_GETAUDITEEASSIGNEDENTITIES; PROC:PKG_AR.P_GETTASKLIST; PROC:PKG_AR.P_GETJOININGDETAILS; PROC:PKG_AR.P_GETMANAGEDOBSERVATIONS; PROC:PKG_AR.P_GETMANAGEDOBSERVATIONSTEXT; PROC:PKG_AR.P_GETMANAGEDOBSERVATIONSFORBRANCHES; PROC:PKG_AR.P_GETMANAGEDDRAFTOBSERVATIONS; PROC:PKG_AR.P_GETMANAGEDDRAFTOBSERVATIONSFORBRANCHES","Migrate to IAS_ZTBL core or dedicated history module"
"T_AU_PERIOD_STATUS","Confirmed Active","Referenced by DBConnection methods used by active controllers and/or by called procedures.","PROC:PKG_PG.P_GET_AUDITPERIOD_STATUS; PROC:PKG_PG.P_GETAUDITPERIODS","Migrate to IAS_ZTBL core or dedicated history module"
"T_AU_PLAN","Confirmed Active","Referenced by DBConnection methods used by active controllers and/or by called procedures.","PROC:PKG_AD.P_GET_AUDIT_ENGAGEMENT; PROC:PKG_AD.P_AUDIT_ENGAGEMENT_REVERSAL; PROC:PKG_AR.P_GETJOININGDETAILS; PROC:PKG_PG.TENTATIVE_AUDIT_PLAN; PROC:PKG_PG.P_ADDAUDITENGAGEMENTPLAN; PROC:PKG_PG.P_REFFEREDBACKAUDITENGAGEMENTPLAN; PROC:PKG_PG.P_RERECOMMENDAUDITENGAGEMENTPLAN; PROC:PKG_PG.P_APPROVEAUDITENGAGEMENTPLAN; PROC:PKG_PG.P_UPDATE_SPECIAL_AUDIT; PROC:PKG_FAD.P_GET_AUDIT_ENGAGEMENT; PROC:PKG_RPT.R_AUDITPLANPROGRESS; PROC:PKG_RPT.P_FAD_AUDIT_PLAN_DETAILS","Migrate to IAS_ZTBL core or dedicated history module"
"T_AU_PLAN_ENG","Confirmed Active","Referenced by DBConnection methods used by active controllers and/or by called procedures.","PROC:PKG_AD.P_GET_AUDIT_TEAM_POSTCHANGES; PROC:PKG_AD.P_GET_AUDITEE_ENGAGEMENT; PROC:PKG_AD.P_GET_AUDIT_ENGAGEMENT; PROC:PKG_AD.P_GET_AUDIT_ENGAGEMENT_STATUS; PROC:PKG_AD.P_UPDATEENTITIEES; PROC:PKG_AD.P_GET_DETAILS_FOR_ENTITY_SHIFTING; PROC:PKG_AD.P_SHIFT_BR_TO_ISLAMIC; PROC:PKG_AD.P_AUDIT_TEAM_POSTCHANGES; PROC:PKG_AD.P_AUDIT_ENGAGEMENT_REVERSAL; PROC:PKG_AD.P_UPDATE_ENG_DATE; PROC:PKG_AD.P_ADD_BRANCH_RISK_RATING; PROC:PKG_AE.P_GETASSIGNEDOBSERVATIONS","Migrate to IAS_ZTBL core or dedicated history module"
"T_AU_PLAN_ENG_BACKUP","Backup / Temp / Archive Only","Naming pattern indicates temporary, backup, archive, or system-generated support object and no active code reference was found.","","Exclude from IAS_ZTBL core; preserve only outside future operational schema"
"T_AU_PLAN_ENG_LOG","Confirmed Active","Referenced by DBConnection methods used by active controllers and/or by called procedures.","PROC:PKG_AD.P_AUDIT_ENGAGEMENT_REVERSAL; PROC:PKG_AR.P_CLOSEAUDIT; PROC:PKG_PG.P_ADDAUDITENGAGEMENTPLAN; PROC:PKG_PG.P_REFFEREDBACKAUDITENGAGEMENTPLAN; PROC:PKG_PG.P_RERECOMMENDAUDITENGAGEMENTPLAN; PROC:PKG_PG.P_APPROVEAUDITENGAGEMENTPLAN; PROC:PKG_PG.P_GETLATESTCOMMENTSONENGAGEMENT; PROC:PKG_HD.P_AUDIT_CONCLUDING; PROC:PKG_HD.P_AUDIT_PRE_SUBMISSION; PROC:PKG_RPT.GET_DEPT_PERF_SUMMARY_DETAIL","Migrate to IAS_ZTBL core or dedicated history module"
"T_AU_PLAN_ENG_STATUS","Confirmed Active","Referenced by DBConnection methods used by active controllers and/or by called procedures.","PROC:PKG_AD.P_GET_AUDIT_ENGAGEMENT; PROC:PKG_AD.P_GET_AUDIT_ENGAGEMENT_STATUS; PROC:PKG_FAD.P_GET_AUDIT_ENGAGEMENT; PROC:PKG_RPT.R_AUDIT_PLAN_ENGAGEMENT; PROC:PKG_RPT.R_JOININGCOMPLETION; PROC:PKG_RPT.P_FAD_AUDIT_PLAN_DETAILS; PROC:PKG_RPT.P_DELAY_AUDITS","Migrate to IAS_ZTBL core or dedicated history module"
"T_AU_PLAN_ENG_STATUS_MAPPING","Low-Confidence / Needs Verification","No active DBConnection or mapped procedure reference found; could still be used by views, triggers, or unmanaged reporting paths.","","Do not exclude yet; verify via view/trigger/report migration analysis"
"T_AU_PLAN_FREQUENCY","Low-Confidence / Needs Verification","No active DBConnection or mapped procedure reference found; could still be used by views, triggers, or unmanaged reporting paths.","","Do not exclude yet; verify via view/trigger/report migration analysis"
"T_AU_PLAN_LOG","Low-Confidence / Needs Verification","No active DBConnection or mapped procedure reference found; could still be used by views, triggers, or unmanaged reporting paths.","","Do not exclude yet; verify via view/trigger/report migration analysis"
"T_AU_PLAN_STATUS","Confirmed Active","Referenced by DBConnection methods used by active controllers and/or by called procedures.","PROC:PKG_RPT.P_FAD_AUDIT_PLAN_DETAILS","Migrate to IAS_ZTBL core or dedicated history module"
"T_AU_PLAN_STATUS_MAPPING","Low-Confidence / Needs Verification","No active DBConnection or mapped procedure reference found; could still be used by views, triggers, or unmanaged reporting paths.","","Do not exclude yet; verify via view/trigger/report migration analysis"
"T_AU_POST_COMPLIANCE_FAD_PARA_TEXT","Low-Confidence / Needs Verification","No active DBConnection or mapped procedure reference found; could still be used by views, triggers, or unmanaged reporting paths.","","Do not exclude yet; verify via view/trigger/report migration analysis"
"T_AU_POST_COMPLIANCE_FAD_PARA_TEXT_PARTIAL_COMP","Low-Confidence / Needs Verification","No active DBConnection or mapped procedure reference found; could still be used by views, triggers, or unmanaged reporting paths.","","Do not exclude yet; verify via view/trigger/report migration analysis"
"T_AU_POST_COMPLIANCE_FLOW","Confirmed Active","Referenced by DBConnection methods used by active controllers and/or by called procedures.","PROC:PKG_AD.P_GET_ENTITY_TYPE_COMPLIANCE_FLOW; PROC:PKG_AD.P_ADD_UPDATE_COMPLIANCE_FLOW","Migrate to IAS_ZTBL core or dedicated history module"
"T_AU_POST_COMPLIANCE_SETTLEMETMENT_HISTORY","Confirmed Active","Referenced by DBConnection methods used by active controllers and/or by called procedures.","PROC:PKG_AD.P_GET_DETAILS_FOR_ENTITY_SHIFTING; PROC:PKG_FAD.P_GET_SETTLED_PARA_ENTITIES; PROC:PKG_FAD.P_GET_SETTLED_PARA_DETAILS_PARA_COMPLIANCE","Migrate to IAS_ZTBL core or dedicated history module"
"T_AU_PRE_PLAN","Confirmed Active","Referenced by DBConnection methods used by active controllers and/or by called procedures.","PROC:PKG_PG.P_GET_SPECICAL_AUDIT_FOR_APPROVAL; PROC:PKG_PG.P_ADD_SPECIAL_AUDIT_PLAN; PROC:PKG_PG.P_UPDATE_SPECIAL_AUDIT","Migrate to IAS_ZTBL core or dedicated history module"
"T_AU_PREINFO_DEPOSITACCOUNT_SUM","Low-Confidence / Needs Verification","No active DBConnection or mapped procedure reference found; could still be used by views, triggers, or unmanaged reporting paths.","","Do not exclude yet; verify via view/trigger/report migration analysis"
"T_AU_PREINFO_DEPOSITACCOUNTCATEGORY","Low-Confidence / Needs Verification","No active DBConnection or mapped procedure reference found; could still be used by views, triggers, or unmanaged reporting paths.","","Do not exclude yet; verify via view/trigger/report migration analysis"
"T_AU_PREINFO_GL_MON_END","Low-Confidence / Needs Verification","No active DBConnection or mapped procedure reference found; could still be used by views, triggers, or unmanaged reporting paths.","","Do not exclude yet; verify via view/trigger/report migration analysis"
"T_AU_PREINFO_GL_SUMMARY","Low-Confidence / Needs Verification","No active DBConnection or mapped procedure reference found; could still be used by views, triggers, or unmanaged reporting paths.","","Do not exclude yet; verify via view/trigger/report migration analysis"
"T_AU_PREINFO_GL_TYPE","Confirmed Active","Referenced by DBConnection methods used by active controllers and/or by called procedures.","PROC:PKG_AI.P_GETGLHEADSUMMARY_YEARLY","Migrate to IAS_ZTBL core or dedicated history module"
"T_AU_PREINFO_GLDAYENDBALANCE","Confirmed Active","Referenced by DBConnection methods used by active controllers and/or by called procedures.","PROC:PKG_AI.P_GETGLHEADSUMMARY_YEARLY","Migrate to IAS_ZTBL core or dedicated history module"
"T_AU_PREINFO_GLHEADS_DETAILS","Low-Confidence / Needs Verification","No active DBConnection or mapped procedure reference found; could still be used by views, triggers, or unmanaged reporting paths.","","Do not exclude yet; verify via view/trigger/report migration analysis"
"T_AU_PREINFO_GLSUB","Low-Confidence / Needs Verification","No active DBConnection or mapped procedure reference found; could still be used by views, triggers, or unmanaged reporting paths.","","Do not exclude yet; verify via view/trigger/report migration analysis"
"T_AU_PREINFO_HR","Low-Confidence / Needs Verification","No active DBConnection or mapped procedure reference found; could still be used by views, triggers, or unmanaged reporting paths.","","Do not exclude yet; verify via view/trigger/report migration analysis"
"T_AU_PREINFO_LIVELOAN_DETAILS","Low-Confidence / Needs Verification","No active DBConnection or mapped procedure reference found; could still be used by views, triggers, or unmanaged reporting paths.","","Do not exclude yet; verify via view/trigger/report migration analysis"
"T_AU_PREINFO_LOAN_PMYP","Low-Confidence / Needs Verification","No active DBConnection or mapped procedure reference found; could still be used by views, triggers, or unmanaged reporting paths.","","Do not exclude yet; verify via view/trigger/report migration analysis"
"T_AU_REMARKS","Confirmed Active","Referenced by DBConnection methods used by active controllers and/or by called procedures.","PROC:PKG_AD.UPDATE_USERS; PROC:PKG_AE.P_UPDATEOLDPARAMANAGEMENT; PROC:PKG_AE.P_UPDATEAUDITEEOLDPARASRESPONSE; PROC:PKG_AR.P_SAVEAUDITOBSERVATION; PROC:PKG_AR.P_SAVEAUDITOBSERVATIONCAD; PROC:PKG_AR.P_DROPAUDITOBSERVATION; PROC:PKG_AR.P_SUBMITAUDITOBSERVATIONTOAUDITEE; PROC:PKG_AR.P_UPDATEAUDITOBSERVATIONSTATUS; PROC:PKG_AR.P_UPDATEOBSERVATION; PROC:PKG_AR.P_UPDATE_LEGACY_PARA_TEXT; PROC:PKG_AR.P_NO_UPDATE_LEGACY_PARA_TEXT; PROC:PKG_AR.P_CLOSEAUDIT","Migrate to IAS_ZTBL core or dedicated history module"
"T_AU_RESP_ASSIGNED_FINAL_DUP_BAK","Backup / Temp / Archive Only","Naming pattern indicates temporary, backup, archive, or system-generated support object and no active code reference was found.","","Exclude from IAS_ZTBL core; preserve only outside future operational schema"
"T_AU_RESP_ASSIGNED_STAGING_2026","Low-Confidence / Needs Verification","No active DBConnection or mapped procedure reference found; could still be used by views, triggers, or unmanaged reporting paths.","","Do not exclude yet; verify via view/trigger/report migration analysis"
"T_AU_RESPONSIBILITY_LOG","Confirmed Active","Referenced by DBConnection methods used by active controllers and/or by called procedures.","PROC:PKG_AR.P_RESPONIBILITYASSIGNED","Migrate to IAS_ZTBL core or dedicated history module"
"T_AU_ROLE_API_PERMISSION","Confirmed Active","Referenced by DBConnection methods used by active controllers and/or by called procedures.","PROC:PKG_AD.P_ADDGROUPMENUITEMSASSIGNMENT; PROC:PKG_AD.P_REMOVEGROUPMENUITEMSASSIGNMENT; PROC:PKG_LG.P_GETAPIPERMISSIONS","Migrate to IAS_ZTBL core or dedicated history module"
"T_AU_SAMPLE","Confirmed Active","Referenced by DBConnection methods used by active controllers and/or by called procedures.","PROC:PKG_SM.P_ADD_SAMPLE_DATA; PROC:PKG_SM.P_GET_SAMPLE","Migrate to IAS_ZTBL core or dedicated history module"
"T_AU_SAMPLE_BIOMETRIC","Low-Confidence / Needs Verification","No active DBConnection or mapped procedure reference found; could still be used by views, triggers, or unmanaged reporting paths.","","Do not exclude yet; verify via view/trigger/report migration analysis"
"T_AU_SAMPLE_BKP","Backup / Temp / Archive Only","Naming pattern indicates temporary, backup, archive, or system-generated support object and no active code reference was found.","","Exclude from IAS_ZTBL core; preserve only outside future operational schema"
"T_AU_SAMPLE_BRANCH","Confirmed Active","Referenced by DBConnection methods used by active controllers and/or by called procedures.","PROC:PKG_SM.P_GET_ACCOUNT","Migrate to IAS_ZTBL core or dedicated history module"
"T_AU_SAMPLE_DATA","Confirmed Active","Referenced by DBConnection methods used by active controllers and/or by called procedures.","PROC:PKG_SM.P_ADD_SAMPLE_DATA; PROC:PKG_SM.P_GET_SAMPLE; PROC:PKG_SM.P_GET_SAMPLE_ENTITIES; PROC:PKG_SM.P_ADD_SAMPLE_DATA_UPDATE","Migrate to IAS_ZTBL core or dedicated history module"
"T_AU_SAMPLE_LOAN","Low-Confidence / Needs Verification","No active DBConnection or mapped procedure reference found; could still be used by views, triggers, or unmanaged reporting paths.","","Do not exclude yet; verify via view/trigger/report migration analysis"
"T_AU_SBP_ASSIGNMENTS","Low-Confidence / Needs Verification","No active DBConnection or mapped procedure reference found; could still be used by views, triggers, or unmanaged reporting paths.","","Do not exclude yet; verify via view/trigger/report migration analysis"
"T_AU_SBP_OBSERVATIONS","Low-Confidence / Needs Verification","No active DBConnection or mapped procedure reference found; could still be used by views, triggers, or unmanaged reporting paths.","","Do not exclude yet; verify via view/trigger/report migration analysis"
"T_AU_SBP_RESPONSES","Low-Confidence / Needs Verification","No active DBConnection or mapped procedure reference found; could still be used by views, triggers, or unmanaged reporting paths.","","Do not exclude yet; verify via view/trigger/report migration analysis"
"T_AU_SBP_REVIEW_HISTORY","Low-Confidence / Needs Verification","No active DBConnection or mapped procedure reference found; could still be used by views, triggers, or unmanaged reporting paths.","","Do not exclude yet; verify via view/trigger/report migration analysis"
"T_AU_SEC_CSP_VIOLATIONS","Low-Confidence / Needs Verification","No active DBConnection or mapped procedure reference found; could still be used by views, triggers, or unmanaged reporting paths.","","Do not exclude yet; verify via view/trigger/report migration analysis"
"T_AU_STAFF_POSITION","Low-Confidence / Needs Verification","No active DBConnection or mapped procedure reference found; could still be used by views, triggers, or unmanaged reporting paths.","","Do not exclude yet; verify via view/trigger/report migration analysis"
"T_AU_TBL_ALLOCATIONS","Confirmed Active","Referenced by DBConnection methods used by active controllers and/or by called procedures.","PROC:PKG_FAD.P_GETAUDITEMPLOYEES; PROC:PKG_FAD.P_GETENTITYTASKSUMMARY","Migrate to IAS_ZTBL core or dedicated history module"
"T_AU_TBL_OBSERVATIONS","Low-Confidence / Needs Verification","No active DBConnection or mapped procedure reference found; could still be used by views, triggers, or unmanaged reporting paths.","","Do not exclude yet; verify via view/trigger/report migration analysis"
"T_AU_TBL_UPDATE_LOG","Low-Confidence / Needs Verification","No active DBConnection or mapped procedure reference found; could still be used by views, triggers, or unmanaged reporting paths.","","Do not exclude yet; verify via view/trigger/report migration analysis"
"T_AU_TEAM_MEMBERS","Confirmed Active","Referenced by DBConnection methods used by active controllers and/or by called procedures.","PROC:PKG_AD.P_GET_AUDIT_TEAM_POSTCHANGES; PROC:PKG_AD.P_AUDIT_TEAM_POSTCHANGES; PROC:PKG_AR.P_GETTASKLIST; PROC:PKG_AR.P_GETJOININGDETAILS; PROC:PKG_AR.P_ADDJOININGREPORT; PROC:PKG_AR.P_DROPAUDITOBSERVATION; PROC:PKG_AR.P_SUBMITAUDITOBSERVATIONTOAUDITEE; PROC:PKG_AR.P_UPDATEAUDITOBSERVATIONSTATUS; PROC:PKG_AR.P_CLOSEAUDIT; PROC:PKG_PG.P_GETAUDITTEAMS; PROC:PKG_PG.P_ADDAUDITTEAM; PROC:PKG_PG.P_DELETEAUDITTEAM","Migrate to IAS_ZTBL core or dedicated history module"
"T_AU_USER_COM_PAGE_PERM","Low-Confidence / Needs Verification","No active DBConnection or mapped procedure reference found; could still be used by views, triggers, or unmanaged reporting paths.","","Do not exclude yet; verify via view/trigger/report migration analysis"
"T_AU_USER_ENG_PAGE_PERM","Low-Confidence / Needs Verification","No active DBConnection or mapped procedure reference found; could still be used by views, triggers, or unmanaged reporting paths.","","Do not exclude yet; verify via view/trigger/report migration analysis"
"T_AU_WORKING_PAPER_LOAN","Low-Confidence / Needs Verification","No active DBConnection or mapped procedure reference found; could still be used by views, triggers, or unmanaged reporting paths.","","Do not exclude yet; verify via view/trigger/report migration analysis"
"T_AUDIT_CHECKLIST","Confirmed Active","Referenced by DBConnection methods used by active controllers and/or by called procedures.","PROC:PKG_AD.P_GETRISKPROCESSDETAILS; PROC:PKG_AD.P_GETRISKPROCESSTRANSACTIONS; PROC:PKG_AD.P_GET_UPDATED_SUB_CHECKLIST_FOR_REVIEW; PROC:PKG_AD.P_GET_UPDATED_CHECKLIST_FOR_REVIEW; PROC:PKG_AD.P_AUDIT_CHECKLIST; PROC:PKG_AD.P_GET_SUB_CHECKLIST_MAKER; PROC:PKG_AD.P_AUDIT_CHECKLIST_UPDATE; PROC:PKG_AD.P_GETCHECKLISTDETAIL_REF; PROC:PKG_AD.P_MERGE_CHECKLIST; PROC:PKG_AD.P_GET_CHECKLIST_MERGER_FOR_REVIEW; PROC:PKG_AD.P_AUTHORIZE_MERGER_CHECKLIST; PROC:PKG_AR.P_GETAUDITCHECKLIST","Migrate to IAS_ZTBL core or dedicated history module"
"T_AUDIT_CHECKLIST_A","Low-Confidence / Needs Verification","No active DBConnection or mapped procedure reference found; could still be used by views, triggers, or unmanaged reporting paths.","","Do not exclude yet; verify via view/trigger/report migration analysis"
"T_AUDIT_CHECKLIST_ANNEXURE","Confirmed Active","Referenced by DBConnection methods used by active controllers and/or by called procedures.","PROC:PKG_AD.P_GET_ANNEXURE; PROC:PKG_AD.P_ADD_ANNEXURE; PROC:PKG_AD.P_UPDATE_ANNEXURE; PROC:PKG_AR.P_GETMANAGEDOBSERVATIONSFORBRANCHES; PROC:PKG_BAC.P_CIA_ANALYSIS_DETAILS; PROC:PKG_BAC.P_CIA_ANALYSIS_DETAILS_PARA; PROC:PKG_BAC.P_CIA_ANALYSIS_SUMMARY; PROC:PKG_DB.P_GET_DASH_TABLE_FUNCTIONWISE; PROC:PKG_DB.P_GET_DASH_TABLE_OLD; PROC:PKG_DB.P_GET_DASH_TABLE_NEW; PROC:PKG_DB.P_GET_DASH_TABLE; PROC:PKG_DB.P_FUNCTIONAL_REPORTING_OFFICE_WISE_ANALYSIS","Migrate to IAS_ZTBL core or dedicated history module"
"T_AUDIT_CHECKLIST_ANNEXURE_CIRCULAR","Confirmed Active","Referenced by DBConnection methods used by active controllers and/or by called procedures.","PROC:PKG_FAD.P_GETAUDITCHECKLISTANNEXURECIRCULARS; PROC:PKG_FAD.P_SEARCHREFERENCES; PROC:PKG_FAD.P_MANAGEREFERENCE","Migrate to IAS_ZTBL core or dedicated history module"
"T_AUDIT_CHECKLIST_ANNEXURE_CIRCULAR_DOCS","Low-Confidence / Needs Verification","No active DBConnection or mapped procedure reference found; could still be used by views, triggers, or unmanaged reporting paths.","","Do not exclude yet; verify via view/trigger/report migration analysis"
"T_AUDIT_CHECKLIST_ANNEXURE_MAPPING","Confirmed Active","Referenced by DBConnection methods used by active controllers and/or by called procedures.","PROC:PKG_BAC.P_CIA_ANALYSIS_DETAILS; PROC:PKG_DB.P_FUNCTIONAL_ANALYSIS_DETAILS","Migrate to IAS_ZTBL core or dedicated history module"
"T_AUDIT_CHECKLIST_ANNEXURE_PROCESS","Confirmed Active","Referenced by DBConnection methods used by active controllers and/or by called procedures.","PROC:PKG_AD.P_GET_ANNEXURE; PROC:PKG_AD.P_GET_ANNEXURE_PROCESS; PROC:PKG_BAC.P_CIA_ANALYSIS; PROC:PKG_BAC.P_CIA_ANALYSIS_DETAILS; PROC:PKG_DB.P_FUNCTIONAL_ANALYSIS_DETAILS","Migrate to IAS_ZTBL core or dedicated history module"
"T_AUDIT_CHECKLIST_DETAIL_DUPLICATE","Confirmed Active","Referenced by DBConnection methods used by active controllers and/or by called procedures.","PROC:PKG_AD.P_REMOVE_DUPLICATE_CHECKLIST_DETAILS; PROC:PKG_AD.P_GET_DUPLICATE_CHECKLIST_DETAILS_DROPDOWN; PROC:PKG_AD.P_GET_DUPLICATE_CHECKLIST_DETAILS; PROC:PKG_AD.P_GET_DUPLICATE_CHECKLIST_DETAILS_COUNT; PROC:PKG_AD.P_AUTHORIZE_DUPLICATE_CHECKLIST_DETAILS","Migrate to IAS_ZTBL core or dedicated history module"
"T_AUDIT_CHECKLIST_DETAILS","Confirmed Active","Referenced by DBConnection methods used by active controllers and/or by called procedures.","PROC:PKG_AD.P_GETRISKPROCESSTRANSACTIONS; PROC:PKG_AD.P_GET_UPDATED_CHECKLIST_FOR_REVIEW; PROC:PKG_AD.P_AUDIT_CHECKLIST_DETAIL; PROC:PKG_AD.P_APPROVE_CHECKLIST_BY_AUTHORIZER; PROC:PKG_AD.P_GETCHECKLISTDETAILBYSUBPROCESSID; PROC:PKG_AD.P_GET_CHECKLISTDETAIL_FOR_DUPLICATE; PROC:PKG_AD.P_GET_CHECKLISTDETAIL_FOR_SUBCHECKLIST; PROC:PKG_AD.P_GETCHECKLISTDETAIL_REF; PROC:PKG_AD.AUDIT_CHECKLIST_DETAIL_UPDATE; PROC:PKG_AD.P_GET_DUPLICATE_CHECKLIST_DETAILS_DROPDOWN; PROC:PKG_AD.P_GET_DUPLICATE_CHECKLIST_DETAILS; PROC:PKG_AD.P_AUTHORIZE_MERGER_CHECKLIST_SUB","Migrate to IAS_ZTBL core or dedicated history module"
"T_AUDIT_CHECKLIST_DETAILS_BACK_UP_26062024","Low-Confidence / Needs Verification","No active DBConnection or mapped procedure reference found; could still be used by views, triggers, or unmanaged reporting paths.","","Do not exclude yet; verify via view/trigger/report migration analysis"
"T_AUDIT_CHECKLIST_DETAILS_CHANGE","Confirmed Active","Referenced by DBConnection methods used by active controllers and/or by called procedures.","PROC:PKG_AD.P_GET_UPDATED_CHECKLIST_FOR_REVIEW; PROC:PKG_AD.P_AUDIT_CHECKLIST_DETAIL; PROC:PKG_AD.P_RECOMMEND_CHECKLIST_BY_REVIEWER; PROC:PKG_AD.P_REFFEREDBACK_CHECKLIST_BY_REVIEWER; PROC:PKG_AD.P_APPROVE_CHECKLIST_BY_AUTHORIZER; PROC:PKG_AD.P_REFFEREDBACK_CHECKLIST_BY_AUTHORIZER; PROC:PKG_AD.P_GETCHECKLISTDETAILBYSUBPROCESSID; PROC:PKG_AD.P_GET_CHECKLISTDETAIL_FOR_DUPLICATE; PROC:PKG_AD.P_GETCHECKLISTDETAIL_REF; PROC:PKG_AD.AUDIT_CHECKLIST_DETAIL_UPDATE; PROC:PKG_AD.P_AUTHORIZE_MERGER_CHECKLIST_SUB","Migrate to IAS_ZTBL core or dedicated history module"
"T_AUDIT_CHECKLIST_DETAILS_LOG","Confirmed Active","Referenced by DBConnection methods used by active controllers and/or by called procedures.","PROC:PKG_AD.P_GET_UPDATED_SUB_CHECKLIST_FOR_REVIEW; PROC:PKG_AD.P_GET_UPDATED_CHECKLIST_FOR_REVIEW; PROC:PKG_AD.P_AUDIT_CHECKLIST_SUB; PROC:PKG_AD.P_AUDIT_CHECKLIST_DETAIL; PROC:PKG_AD.P_APPROVED_SUB_PROCESS_BY_AUTHORIZER; PROC:PKG_AD.P_REFFEREDBACK_SUB_CHECKLIST_BY_REVIEWER; PROC:PKG_AD.P_RECOMMEND_CHECKLIST_BY_REVIEWER; PROC:PKG_AD.P_REFFEREDBACK_CHECKLIST_BY_REVIEWER; PROC:PKG_AD.P_APPROVE_CHECKLIST_BY_AUTHORIZER; PROC:PKG_AD.P_REFFEREDBACK_CHECKLIST_BY_AUTHORIZER; PROC:PKG_AD.P_GETLATESTCOMMENTSONPROCESS; PROC:PKG_AD.P_GET_SUB_CHECKLIST_MAKER","Migrate to IAS_ZTBL core or dedicated history module"
"T_AUDIT_CHECKLIST_DETAILS_STATUS","Low-Confidence / Needs Verification","No active DBConnection or mapped procedure reference found; could still be used by views, triggers, or unmanaged reporting paths.","","Do not exclude yet; verify via view/trigger/report migration analysis"
"T_AUDIT_CHECKLIST_DETAILS_STATUS_MAPPING","Low-Confidence / Needs Verification","No active DBConnection or mapped procedure reference found; could still be used by views, triggers, or unmanaged reporting paths.","","Do not exclude yet; verify via view/trigger/report migration analysis"
"T_AUDIT_CHECKLIST_MERGER","Confirmed Active","Referenced by DBConnection methods used by active controllers and/or by called procedures.","PROC:PKG_AD.P_MERGE_CHECKLIST; PROC:PKG_AD.P_GET_CHECKLIST_MERGER_FOR_REVIEW","Migrate to IAS_ZTBL core or dedicated history module"
"T_AUDIT_CHECKLIST_SBP_CIRCULAR","Low-Confidence / Needs Verification","No active DBConnection or mapped procedure reference found; could still be used by views, triggers, or unmanaged reporting paths.","","Do not exclude yet; verify via view/trigger/report migration analysis"
"T_AUDIT_CHECKLIST_SUB","Confirmed Active","Referenced by DBConnection methods used by active controllers and/or by called procedures.","PROC:PKG_AD.P_GETRISKPROCESSDETAILS; PROC:PKG_AD.P_GETRISKPROCESSTRANSACTIONS; PROC:PKG_AD.P_GET_UPDATED_SUB_CHECKLIST_FOR_REVIEW; PROC:PKG_AD.P_GET_UPDATED_CHECKLIST_FOR_REVIEW; PROC:PKG_AD.P_AUDIT_CHECKLIST_SUB; PROC:PKG_AD.P_APPROVED_SUB_PROCESS_BY_AUTHORIZER; PROC:PKG_AD.P_GET_SUBCHECKILIST; PROC:PKG_AD.P_GET_SUB_CHECKLIST_MAKER; PROC:PKG_AD.P_GETCHECKLISTDETAILBYSUBPROCESSID; PROC:PKG_AD.P_GET_CHECKLISTDETAIL_FOR_DUPLICATE; PROC:PKG_AD.P_GETCHECKLISTDETAIL_REF; PROC:PKG_AD.P_MERGE_SUB_CHECKLIST","Migrate to IAS_ZTBL core or dedicated history module"
"T_AUDIT_CHECKLIST_SUB_A","Low-Confidence / Needs Verification","No active DBConnection or mapped procedure reference found; could still be used by views, triggers, or unmanaged reporting paths.","","Do not exclude yet; verify via view/trigger/report migration analysis"
"T_AUDIT_CHECKLIST_SUB_CHANGE","Confirmed Active","Referenced by DBConnection methods used by active controllers and/or by called procedures.","PROC:PKG_AD.P_GET_UPDATED_SUB_CHECKLIST_FOR_REVIEW; PROC:PKG_AD.P_AUDIT_CHECKLIST_SUB; PROC:PKG_AD.P_APPROVED_SUB_PROCESS_BY_AUTHORIZER; PROC:PKG_AD.P_REFFEREDBACK_SUB_CHECKLIST_BY_REVIEWER; PROC:PKG_AD.P_AUDIT_CHECKLIST_SUB_UPDATE; PROC:PKG_AD.P_AUTHORIZE_MERGER_CHECKLIST_SUB","Migrate to IAS_ZTBL core or dedicated history module"
"T_AUDIT_CHECKLIST_SUB_MERGER","Confirmed Active","Referenced by DBConnection methods used by active controllers and/or by called procedures.","PROC:PKG_AD.P_GET_SUBCHECKILIST; PROC:PKG_AD.P_MERGE_SUB_CHECKLIST; PROC:PKG_AD.P_GET_SUB_CHECKLIST_MERGER_FOR_REVIEW; PROC:PKG_AD.P_AUTHORIZE_MERGER_CHECKLIST_SUB","Migrate to IAS_ZTBL core or dedicated history module"
"T_AUDIT_CHECKLIST_ZTBL_CIRCULAR","Low-Confidence / Needs Verification","No active DBConnection or mapped procedure reference found; could still be used by views, triggers, or unmanaged reporting paths.","","Do not exclude yet; verify via view/trigger/report migration analysis"
"T_AUDIT_CRITERIA","Confirmed Active","Referenced by DBConnection methods used by active controllers and/or by called procedures.","PROC:PKG_PG.P_ADDAUDITCRITERIA; PROC:PKG_PG.P_UPDATEAUDITCRITERIA; PROC:PKG_PG.P_SETAUDITCRITERIASTATUSREFERREDBACK; PROC:PKG_PG.P_SETAUDITCRITERIASTATUSAPPROVE; PROC:PKG_PG.P_GETPENDINGAUDITCRITERIAS; PROC:PKG_PG.P_GETREFFEREDBACKAUDITCRITERIAS; PROC:PKG_PG.P_GETPOSTCHANGESAUDITCRITERIAS; PROC:PKG_PG.TENTATIVE_AUDIT_PLAN; PROC:PKG_PG.P_GET_CRITERIA_ENT_COUNT; PROC:PKG_PG.P_DELETEPENDINGCRITERIA; PROC:PKG_PG.P_SUBMITAUDITCRITERIAFORAPPROVAL; PROC:PKG_PG.P_GETAUDITCRITERIASTOAUTHORIZE","Migrate to IAS_ZTBL core or dedicated history module"
"T_AUDIT_CRITERIA_APPROVED","Low-Confidence / Needs Verification","No active DBConnection or mapped procedure reference found; could still be used by views, triggers, or unmanaged reporting paths.","","Do not exclude yet; verify via view/trigger/report migration analysis"
"T_AUDIT_CRITERIA_LOG","Confirmed Active","Referenced by DBConnection methods used by active controllers and/or by called procedures.","PROC:PKG_PG.P_ADDAUDITCRITERIA; PROC:PKG_PG.P_UPDATEAUDITCRITERIA; PROC:PKG_PG.P_SETAUDITCRITERIASTATUSREFERREDBACK; PROC:PKG_PG.P_SETAUDITCRITERIASTATUSAPPROVE; PROC:PKG_PG.P_GETPENDINGAUDITCRITERIAS; PROC:PKG_PG.P_GETREFFEREDBACKAUDITCRITERIAS; PROC:PKG_PG.P_GETPOSTCHANGESAUDITCRITERIAS; PROC:PKG_PG.P_DELETEPENDINGCRITERIA; PROC:PKG_PG.P_GETAUDITCRITERIASTOAUTHORIZE","Migrate to IAS_ZTBL core or dedicated history module"
"T_AUDIT_CRITERIA_STATUS","Low-Confidence / Needs Verification","No active DBConnection or mapped procedure reference found; could still be used by views, triggers, or unmanaged reporting paths.","","Do not exclude yet; verify via view/trigger/report migration analysis"
"T_AUDIT_EMP","Confirmed Active","Referenced by DBConnection methods used by active controllers and/or by called procedures.","PROC:PKG_AD.P_GET_NEW_USER; PROC:PKG_AD.P_GET_AUDIT_EMP; PROC:PKG_AD.P_GET_AUDIT_MANPOWER; PROC:PKG_PG.P_GETAUDITEMPLOYEES; PROC:PKG_FAD.P_GETAUDITEMPLOYEES; PROC:PKG_RPT.GET_AUDITOR_PERFORMANCE","Migrate to IAS_ZTBL core or dedicated history module"
"T_AUDIT_EMP_BACKUP","Backup / Temp / Archive Only","Naming pattern indicates temporary, backup, archive, or system-generated support object and no active code reference was found.","","Exclude from IAS_ZTBL core; preserve only outside future operational schema"
"T_AUDIT_FREQUENCY","Confirmed Active","Referenced by DBConnection methods used by active controllers and/or by called procedures.","PROC:PKG_PG.P_ADDAUDITCRITERIA; PROC:PKG_PG.P_GETPENDINGAUDITCRITERIAS; PROC:PKG_PG.P_GETREFFEREDBACKAUDITCRITERIAS; PROC:PKG_PG.P_GETPOSTCHANGESAUDITCRITERIAS; PROC:PKG_PG.TENTATIVE_AUDIT_PLAN; PROC:PKG_PG.P_GETAUDITFREQUENCIES; PROC:PKG_PG.P_GET_CRITERIA_ENT_COUNT; PROC:PKG_PG.P_GET_SPECICAL_AUDIT_FOR_APPROVAL; PROC:PKG_PG.P_GETAUDITCRITERIASTOAUTHORIZE","Migrate to IAS_ZTBL core or dedicated history module"
"T_AUDIT_MAPPING","Low-Confidence / Needs Verification","No active DBConnection or mapped procedure reference found; could still be used by views, triggers, or unmanaged reporting paths.","","Do not exclude yet; verify via view/trigger/report migration analysis"
"T_AUDIT_MAPPING_M","Low-Confidence / Needs Verification","No active DBConnection or mapped procedure reference found; could still be used by views, triggers, or unmanaged reporting paths.","","Do not exclude yet; verify via view/trigger/report migration analysis"
"T_AUDIT_MAPPING_M_D","Low-Confidence / Needs Verification","No active DBConnection or mapped procedure reference found; could still be used by views, triggers, or unmanaged reporting paths.","","Do not exclude yet; verify via view/trigger/report migration analysis"
"T_AUDIT_MAPPING_M_MIN","Low-Confidence / Needs Verification","No active DBConnection or mapped procedure reference found; could still be used by views, triggers, or unmanaged reporting paths.","","Do not exclude yet; verify via view/trigger/report migration analysis"
"T_AUDIT_MAPPING_M_PC","Low-Confidence / Needs Verification","No active DBConnection or mapped procedure reference found; could still be used by views, triggers, or unmanaged reporting paths.","","Do not exclude yet; verify via view/trigger/report migration analysis"
"T_AUDIT_MAPPING_M_PR","Low-Confidence / Needs Verification","No active DBConnection or mapped procedure reference found; could still be used by views, triggers, or unmanaged reporting paths.","","Do not exclude yet; verify via view/trigger/report migration analysis"
"T_AUDIT_MAPPING_M_R","Low-Confidence / Needs Verification","No active DBConnection or mapped procedure reference found; could still be used by views, triggers, or unmanaged reporting paths.","","Do not exclude yet; verify via view/trigger/report migration analysis"
"T_AUDIT_PARA","Confirmed Active","Referenced by DBConnection methods used by active controllers and/or by called procedures.","PROC:PKG_HD.P_AUDIT_CONCLUDING; PROC:PKG_RPT.R_AUDITPLANPROGRESS; PROC:PKG_RPT.R_GETAUDITEEPARAS","Migrate to IAS_ZTBL core or dedicated history module"
"T_AUDIT_REPORTS","Confirmed Active","Referenced by DBConnection methods used by active controllers and/or by called procedures.","PROC:PKG_FAD.P_GET_AUDIT_ENGAGEMENT; PROC:PKG_FAD.P_GET_AUDIT_REPORT; PROC:PKG_HD.P_UPLOAD_AUDIT_REPORT; PROC:PKG_HD.P_GET_FINAL_AUDIT_REPORT; PROC:PKG_HD.P_GET_AUDIT_REPORT_CONTENT; PROC:PKG_HD.P_GET_CHECK_AUDIT_REPORT_UPLOADED","Migrate to IAS_ZTBL core or dedicated history module"
"T_AUDIT_VIOLATION_DETAIL","Confirmed Active","Referenced by DBConnection methods used by active controllers and/or by called procedures.","PROC:PKG_RPT.R_GETAUDITEEPARAS","Migrate to IAS_ZTBL core or dedicated history module"
"T_AUDITEE_CHECKKLIST","Confirmed Active","Referenced by DBConnection methods used by active controllers and/or by called procedures.","PROC:PKG_AR.P_SAVEAUDITOBSERVATION; PROC:PKG_AR.P_GETAUDITEECHECKKLIST","Migrate to IAS_ZTBL core or dedicated history module"
"T_AUDITEE_CHECKLIST_STATUS","Low-Confidence / Needs Verification","No active DBConnection or mapped procedure reference found; could still be used by views, triggers, or unmanaged reporting paths.","","Do not exclude yet; verify via view/trigger/report migration analysis"
"T_AUDITEE_ENT_RELATION","Confirmed Active","Referenced by DBConnection methods used by active controllers and/or by called procedures.","PROC:PKG_AD.P_GETPARENTREPOFFICE; PROC:PKG_AD.P_GET_ENTITIES_RELATIONSHIP; PROC:PKG_AE.P_GETREALTIONSHIPTYPEFORCAU; PROC:PKG_AE.P_GETPARENTREPOFFICEFORCAU; PROC:PKG_DB.P_GETCHILDPOSTING; PROC:PKG_DB.P_GETPARENTREPOFFICE; PROC:PKG_DB.P_GETREALTIONSHIPTYPE; PROC:PKG_RPT.P_GETCHILDPOSTING; PROC:PKG_RPT.P_GETPARENTREPOFFICE; PROC:PKG_RPT.P_GETREALTIONSHIPTYPE","Migrate to IAS_ZTBL core or dedicated history module"
"T_AUDITEE_ENT_TYPES","Confirmed Active","Referenced by DBConnection methods used by active controllers and/or by called procedures.","PROC:PKG_AD.P_GET_ALLUSERS; PROC:PKG_AD.P_GET_ENTITY_TYPE; PROC:PKG_AD.P_GETAUDITEEENTITYTYPES; PROC:PKG_AD.P_GET_AUDITEE_ENTITIES; PROC:PKG_AD.P_ADDAUDITENTITY; PROC:PKG_AD.RESET_USER_PASSWORD; PROC:PKG_AD.P_GETZONESFORHOMOINTORING; PROC:PKG_AD.P_GETCHILDPOSTING; PROC:PKG_AD.P_GETPARENTREPOFFICE; PROC:PKG_AD.P_GET_ENTITIES_TYPES; PROC:PKG_AD.P_UPDATE_ENTITIES_TYPES; PROC:PKG_AD.P_ADD_ENTITY_SHIFTING","Migrate to IAS_ZTBL core or dedicated history module"
"T_AUDITEE_ENTITEE_SUBENTITY","Confirmed Active","Referenced by DBConnection methods used by active controllers and/or by called procedures.","PROC:PKG_AD.P_GETAUDITSUBENTITIES; PROC:PKG_AD.P_GETSUBENTITIES; PROC:PKG_AD.P_ADDSUBENTITY; PROC:PKG_AD.P_UPDATESUBENTITY; PROC:PKG_AR.P_SUBMITAUDITOBSERVATIONTOAUDITEE","Migrate to IAS_ZTBL core or dedicated history module"
"T_AUDITEE_ENTITIES","Confirmed Active","Referenced by DBConnection methods used by active controllers and/or by called procedures.","PROC:PKG_AD.P_GET_ANNEXURE; PROC:PKG_AD.P_GET_ALLUSERS; PROC:PKG_AD.P_GETENTITEES_FOR_UPDATE; PROC:PKG_AD.P_GETENTITEES_FOR_UPDATE_COMP; PROC:PKG_AD.P_GETENTITEES_FOR_UPDATE_AUTHORIZATION; PROC:PKG_AD.P_UPDATE_ENTITIES; PROC:PKG_AD.P_GET_AUDITEE_ENTITIES; PROC:PKG_AD.RESET_USER_PASSWORD; PROC:PKG_AD.P_GETAUDITZONES; PROC:PKG_AD.P_GETZONES; PROC:PKG_AD.P_GETZONESFORHOMOINTORING; PROC:PKG_AD.P_GETRISKPROCESSTRANSACTIONS","Migrate to IAS_ZTBL core or dedicated history module"
"T_AUDITEE_ENTITIES_ADDRESS","Confirmed Active","Referenced by DBConnection methods used by active controllers and/or by called procedures.","PROC:PKG_RPT.R_GETAUDITEEADDRESS","Migrate to IAS_ZTBL core or dedicated history module"
"T_AUDITEE_ENTITIES_AUDIT_DATES","Low-Confidence / Needs Verification","No active DBConnection or mapped procedure reference found; could still be used by views, triggers, or unmanaged reporting paths.","","Do not exclude yet; verify via view/trigger/report migration analysis"
"T_AUDITEE_ENTITIES_CODE","Low-Confidence / Needs Verification","No active DBConnection or mapped procedure reference found; could still be used by views, triggers, or unmanaged reporting paths.","","Do not exclude yet; verify via view/trigger/report migration analysis"
"T_AUDITEE_ENTITIES_MAPING","Confirmed Active","Referenced by DBConnection methods used by active controllers and/or by called procedures.","PROC:PKG_AD.P_GETZONESFORHOMOINTORING; PROC:PKG_AD.P_GETSUBENTITIES; PROC:PKG_AD.P_GETCHILDPOSTING; PROC:PKG_AD.P_UPDATEENTITIEES; PROC:PKG_AD.P_UPDATE_ENTITIES_MAPPING; PROC:PKG_AD.P_ADD_ENTITIES_MAPPING; PROC:PKG_AD.P_GET_ENTITIES_MAPPING; PROC:PKG_AD.P_GET_ENTITIES; PROC:PKG_AD.P_ADD_ENTITY_SHIFTING; PROC:PKG_AD.P_UPDATE_GM_OFFICE_RELATIONSHIP; PROC:PKG_AD.P_UPDATE_RPT_OFFICE_RELATIONSHIP; PROC:PKG_AE.P_GETPARASFORCOMPLIANCEBYAUDITEE","Migrate to IAS_ZTBL core or dedicated history module"
"T_AUDITEE_ENTITIES_MAPING_COM","Confirmed Active","Referenced by DBConnection methods used by active controllers and/or by called procedures.","PROC:PKG_AD.P_UPDATE_ENTITY_COMP; PROC:PKG_AD.P_ADD_COM_OFFICER; PROC:PKG_AD.P_UPDATE_COM_OFFICER; PROC:PKG_AE.P_GETPARASFORCOMPLIANCEBYAUDITEE; PROC:PKG_AE.P_SUBMITPOSTAUDITCOMPLIANCE; PROC:PKG_AE.P_SUBMITPOSTAUDITCOMPLIANCE_REVIEW; PROC:PKG_RPT.P_GET_COMPLIANCE_REPORT","Migrate to IAS_ZTBL core or dedicated history module"
"T_AUDITEE_ENTITIES_MAPING_FAD","Confirmed Active","Referenced by DBConnection methods used by active controllers and/or by called procedures.","PROC:PKG_AR.P_GET_ENTITIES_FOR_MANAGE_OBSERVATIONS; PROC:PKG_AR.P_GETOBSERVATIONENTITIES; PROC:PKG_FAD.P_GETNEWPARASFORRESPONSEAUTHORIZE; PROC:PKG_FAD.P_GETENTITIESFORLEGACYPARA; PROC:PKG_FAD.P_GET_SETTLED_PARA_ENTITIES; PROC:PKG_FAD.P_GETLEAGACYOBSERVATIONS; PROC:PKG_FAD.P_GETOLDPARASFORRESPONSEAUTHORIZE; PROC:PKG_FAD.P_GET_AUDITEE_PARENT_FAD; PROC:PKG_FAD.P_GET_AUDITEE_CHILD_FAD; PROC:PKG_FAD.P_GET_SETTLED_PARA_DETAILS_PARA_COMPLIANCE; PROC:PKG_RPT.P_FAD_AUDIT_PARA_RECONCILIATION","Migrate to IAS_ZTBL core or dedicated history module"
"T_AUDITEE_ENTITIES_MAPING_FAD_REPORTING","Low-Confidence / Needs Verification","No active DBConnection or mapped procedure reference found; could still be used by views, triggers, or unmanaged reporting paths.","","Do not exclude yet; verify via view/trigger/report migration analysis"
"T_AUDITEE_ENTITIES_MAPING_FUNCTION","Confirmed Active","Referenced by DBConnection methods used by active controllers and/or by called procedures.","PROC:PKG_DB.P_GETREALTIONSHIPTYPE","Migrate to IAS_ZTBL core or dedicated history module"
"T_AUDITEE_ENTITIES_MAPING_REPORTING","Confirmed Active","Referenced by DBConnection methods used by active controllers and/or by called procedures.","PROC:PKG_AD.P_GET_ENTITIES_MAPPING_REPORTING","Migrate to IAS_ZTBL core or dedicated history module"
"T_AUDITEE_ENTITIES_METHODOLOGY","Low-Confidence / Needs Verification","No active DBConnection or mapped procedure reference found; could still be used by views, triggers, or unmanaged reporting paths.","","Do not exclude yet; verify via view/trigger/report migration analysis"
"T_AUDITEE_ENTITIES_RISK","Confirmed Active","Referenced by DBConnection methods used by active controllers and/or by called procedures.","PROC:PKG_AD.P_GET_DETAILS_FOR_ENTITY_SHIFTING; PROC:PKG_AD.P_ADD_ENTITY_SHIFTING","Migrate to IAS_ZTBL core or dedicated history module"
"T_AUDITEE_ENTITIES_SCOPE","Low-Confidence / Needs Verification","No active DBConnection or mapped procedure reference found; could still be used by views, triggers, or unmanaged reporting paths.","","Do not exclude yet; verify via view/trigger/report migration analysis"
"T_AUDITEE_ENTITIES_SIZE","Confirmed Active","Referenced by DBConnection methods used by active controllers and/or by called procedures.","PROC:PKG_AD.P_GET_DETAILS_FOR_ENTITY_SHIFTING; PROC:PKG_AD.P_ADD_ENTITY_SHIFTING","Migrate to IAS_ZTBL core or dedicated history module"
"T_AUDITEE_ENTITIES_SIZE_DISC","Confirmed Active","Referenced by DBConnection methods used by active controllers and/or by called procedures.","PROC:PKG_AD.P_GETENTITEES_FOR_UPDATE; PROC:PKG_AD.P_GETENTITEES_FOR_UPDATE_COMP; PROC:PKG_AD.P_GETENTITEES_FOR_UPDATE_AUTHORIZATION; PROC:PKG_AD.P_GETBRANCHSIZES; PROC:PKG_AD.P_GET_DETAILS_FOR_ENTITY_SHIFTING; PROC:PKG_AR.P_GETJOININGDETAILS; PROC:PKG_PG.P_GETPENDINGAUDITCRITERIAS; PROC:PKG_PG.P_GETREFFEREDBACKAUDITCRITERIAS; PROC:PKG_PG.P_GETPOSTCHANGESAUDITCRITERIAS; PROC:PKG_PG.TENTATIVE_AUDIT_PLAN; PROC:PKG_PG.P_GETAUDITCRITERIASTOAUTHORIZE; PROC:PKG_RPT.P_GET_ENTITY_SIZE","Migrate to IAS_ZTBL core or dedicated history module"
"T_AUDITEE_ENTITIES_UPDATE_AZ","Confirmed Active","Referenced by DBConnection methods used by active controllers and/or by called procedures.","PROC:PKG_AD.P_GETENTITEES_FOR_UPDATE; PROC:PKG_AD.P_GETENTITEES_FOR_UPDATE_COMP; PROC:PKG_AD.P_GETENTITEES_FOR_UPDATE_AUTHORIZATION; PROC:PKG_AD.P_UPDATE_ENTITIES","Migrate to IAS_ZTBL core or dedicated history module"
"T_AUDITEE_ENTITIES_UPDATE_LOG","Confirmed Active","Referenced by DBConnection methods used by active controllers and/or by called procedures.","PROC:PKG_AD.P_UPDATEENTITIEES","Migrate to IAS_ZTBL core or dedicated history module"
"T_AUDITZONE","Low-Confidence / Needs Verification","No active DBConnection or mapped procedure reference found; could still be used by views, triggers, or unmanaged reporting paths.","","Do not exclude yet; verify via view/trigger/report migration analysis"
"T_AUDITZONE_MAP","Low-Confidence / Needs Verification","No active DBConnection or mapped procedure reference found; could still be used by views, triggers, or unmanaged reporting paths.","","Do not exclude yet; verify via view/trigger/report migration analysis"
"T_BAC","Low-Confidence / Needs Verification","No active DBConnection or mapped procedure reference found; could still be used by views, triggers, or unmanaged reporting paths.","","Do not exclude yet; verify via view/trigger/report migration analysis"
"T_BAC_ACTIONABLE","Confirmed Active","Referenced by DBConnection methods used by active controllers and/or by called procedures.","PROC:PKG_BAC.P_BAC_GET_ACTIONABLE_SNAP; PROC:PKG_BAC.P_BAC_GET_ACTIONABLE; PROC:PKG_BAC.P_BAC_GET_ACTIONABLE_MEETINGS_WITH_STATUS","Migrate to IAS_ZTBL core or dedicated history module"
"T_BAC_ACTIONABLE_ASSIGN","Low-Confidence / Needs Verification","No active DBConnection or mapped procedure reference found; could still be used by views, triggers, or unmanaged reporting paths.","","Do not exclude yet; verify via view/trigger/report migration analysis"
"T_BAC_ACTIONABLE_ASSIGN_DEPT","Low-Confidence / Needs Verification","No active DBConnection or mapped procedure reference found; could still be used by views, triggers, or unmanaged reporting paths.","","Do not exclude yet; verify via view/trigger/report migration analysis"
"T_BAC_ACTIONABLE_FOLLOWUP","Low-Confidence / Needs Verification","No active DBConnection or mapped procedure reference found; could still be used by views, triggers, or unmanaged reporting paths.","","Do not exclude yet; verify via view/trigger/report migration analysis"
"T_BAC_ACTIONABLE_RESPONSE","Low-Confidence / Needs Verification","No active DBConnection or mapped procedure reference found; could still be used by views, triggers, or unmanaged reporting paths.","","Do not exclude yet; verify via view/trigger/report migration analysis"
"T_BAC_ACTIONABLE_UPDATES","Confirmed Active","Referenced by DBConnection methods used by active controllers and/or by called procedures.","PROC:PKG_BAC.P_BAC_GET_ACTIONABLE_SUM","Migrate to IAS_ZTBL core or dedicated history module"
"T_BAC_AGENDA","Low-Confidence / Needs Verification","No active DBConnection or mapped procedure reference found; could still be used by views, triggers, or unmanaged reporting paths.","","Do not exclude yet; verify via view/trigger/report migration analysis"
"T_BAC_MEETINGS","Low-Confidence / Needs Verification","No active DBConnection or mapped procedure reference found; could still be used by views, triggers, or unmanaged reporting paths.","","Do not exclude yet; verify via view/trigger/report migration analysis"
"T_BAC_MEETINGS_AGENDA","Confirmed Active","Referenced by DBConnection methods used by active controllers and/or by called procedures.","PROC:PKG_BAC.P_BAC_AGENDA","Migrate to IAS_ZTBL core or dedicated history module"
"T_BAC_MEETINGS_MINUTES","Low-Confidence / Needs Verification","No active DBConnection or mapped procedure reference found; could still be used by views, triggers, or unmanaged reporting paths.","","Do not exclude yet; verify via view/trigger/report migration analysis"
"T_BRANCH_RISK_RATING","Confirmed Active","Referenced by DBConnection methods used by active controllers and/or by called procedures.","PROC:PKG_AD.P_ADD_BRANCH_RISK_RATING","Migrate to IAS_ZTBL core or dedicated history module"
"T_BRANCH_SIZE","Low-Confidence / Needs Verification","No active DBConnection or mapped procedure reference found; could still be used by views, triggers, or unmanaged reporting paths.","","Do not exclude yet; verify via view/trigger/report migration analysis"
"T_CAU_AIR","Confirmed Active","Referenced by DBConnection methods used by active controllers and/or by called procedures.","PROC:PKG_CM.P_CAU_AIR","Migrate to IAS_ZTBL core or dedicated history module"
"T_CAU_AIR_RESPONSE","Confirmed Active","Referenced by DBConnection methods used by active controllers and/or by called procedures.","PROC:PKG_CM.P_CAU_AIR_REPLY","Migrate to IAS_ZTBL core or dedicated history module"
"T_CAU_ARPSES_PERIOD","Confirmed Active","Referenced by DBConnection methods used by active controllers and/or by called procedures.","PROC:PKG_CM.P_CAU_ARPSE_YEAR","Migrate to IAS_ZTBL core or dedicated history module"
"T_CAU_CONTENTS_OF_PARA","Low-Confidence / Needs Verification","No active DBConnection or mapped procedure reference found; could still be used by views, triggers, or unmanaged reporting paths.","","Do not exclude yet; verify via view/trigger/report migration analysis"
"T_CAU_DAC_RECOMMENDATION","Confirmed Active","Referenced by DBConnection methods used by active controllers and/or by called procedures.","PROC:PKG_CM.T_CAU_PDP","Migrate to IAS_ZTBL core or dedicated history module"
"T_CAU_DETAILS","Low-Confidence / Needs Verification","No active DBConnection or mapped procedure reference found; could still be used by views, triggers, or unmanaged reporting paths.","","Do not exclude yet; verify via view/trigger/report migration analysis"
"T_CAU_OM","Confirmed Active","Referenced by DBConnection methods used by active controllers and/or by called procedures.","PROC:PKG_CM.P_CAU_OM; PROC:PKG_CM.P_CAU_OM_REPLY; PROC:PKG_CM.P_CAU_OM_GET; PROC:PKG_CM.P_CAUGETASSIGNEDOMS","Migrate to IAS_ZTBL core or dedicated history module"
"T_CAU_OM_RESPONSE","Confirmed Active","Referenced by DBConnection methods used by active controllers and/or by called procedures.","PROC:PKG_CM.P_CAU_OM_REPLY","Migrate to IAS_ZTBL core or dedicated history module"
"T_CAU_PAC_DIRECTIVES","Confirmed Active","Referenced by DBConnection methods used by active controllers and/or by called procedures.","PROC:PKG_CM.T_CAU_ARPSE","Migrate to IAS_ZTBL core or dedicated history module"
"T_CAU_PAC_RECOMMENDATION","Low-Confidence / Needs Verification","No active DBConnection or mapped procedure reference found; could still be used by views, triggers, or unmanaged reporting paths.","","Do not exclude yet; verify via view/trigger/report migration analysis"
"T_CAU_PARA","Low-Confidence / Needs Verification","No active DBConnection or mapped procedure reference found; could still be used by views, triggers, or unmanaged reporting paths.","","Do not exclude yet; verify via view/trigger/report migration analysis"
"T_CAU_PARA_MAPPING","Low-Confidence / Needs Verification","No active DBConnection or mapped procedure reference found; could still be used by views, triggers, or unmanaged reporting paths.","","Do not exclude yet; verify via view/trigger/report migration analysis"
"T_CAU_PARA_PROGRESS","Low-Confidence / Needs Verification","No active DBConnection or mapped procedure reference found; could still be used by views, triggers, or unmanaged reporting paths.","","Do not exclude yet; verify via view/trigger/report migration analysis"
"T_CAU_PDP","Confirmed Active","Referenced by DBConnection methods used by active controllers and/or by called procedures.","PROC:PKG_CM.T_CAU_PDP","Migrate to IAS_ZTBL core or dedicated history module"
"T_CAU_PERIOD","Confirmed Active","Referenced by DBConnection methods used by active controllers and/or by called procedures.","PROC:PKG_CM.P_CAU_OM_YEAR","Migrate to IAS_ZTBL core or dedicated history module"
"T_CAU_REPLY_OF_MANGEMENT","Low-Confidence / Needs Verification","No active DBConnection or mapped procedure reference found; could still be used by views, triggers, or unmanaged reporting paths.","","Do not exclude yet; verify via view/trigger/report migration analysis"
"T_CAU_REPLY_OF_MINISTRY","Low-Confidence / Needs Verification","No active DBConnection or mapped procedure reference found; could still be used by views, triggers, or unmanaged reporting paths.","","Do not exclude yet; verify via view/trigger/report migration analysis"
"T_CAU_STAGES","Low-Confidence / Needs Verification","No active DBConnection or mapped procedure reference found; could still be used by views, triggers, or unmanaged reporting paths.","","Do not exclude yet; verify via view/trigger/report migration analysis"
"T_CAU_STATUS","Confirmed Active","Referenced by DBConnection methods used by active controllers and/or by called procedures.","PROC:PKG_CM.P_CAUGETASSIGNEDOMS","Migrate to IAS_ZTBL core or dedicated history module"
"T_COM_AUDIT_ARPSE","Confirmed Active","Referenced by DBConnection methods used by active controllers and/or by called procedures.","PROC:PKG_COMMERCIAL_AUDIT.P_SAVE_ARPSE; PROC:PKG_COMMERCIAL_AUDIT.P_GET_ARPSE_HEADERS; PROC:PKG_COMMERCIAL_AUDIT.P_SAVE_ARPSE_DAC; PROC:PKG_COMMERCIAL_AUDIT.P_SAVE_ARPSE_PAC","Migrate to IAS_ZTBL core or dedicated history module"
"T_COM_AUDIT_ARPSE_DAC","Confirmed Active","Referenced by DBConnection methods used by active controllers and/or by called procedures.","PROC:PKG_COMMERCIAL_AUDIT.P_SAVE_ARPSE_DAC; PROC:PKG_COMMERCIAL_AUDIT.P_GET_ARPSE_DAC_ENTRIES","Migrate to IAS_ZTBL core or dedicated history module"
"T_COM_AUDIT_ARPSE_DAC_HIST","Low-Confidence / Needs Verification","No active DBConnection or mapped procedure reference found; could still be used by views, triggers, or unmanaged reporting paths.","","Do not exclude yet; verify via view/trigger/report migration analysis"
"T_COM_AUDIT_ARPSE_HIST","Low-Confidence / Needs Verification","No active DBConnection or mapped procedure reference found; could still be used by views, triggers, or unmanaged reporting paths.","","Do not exclude yet; verify via view/trigger/report migration analysis"
"T_COM_AUDIT_ARPSE_PAC","Confirmed Active","Referenced by DBConnection methods used by active controllers and/or by called procedures.","PROC:PKG_COMMERCIAL_AUDIT.P_SAVE_ARPSE_PAC; PROC:PKG_COMMERCIAL_AUDIT.P_GET_ARPSE_PAC_ENTRIES","Migrate to IAS_ZTBL core or dedicated history module"
"T_COM_AUDIT_ARPSE_PAC_HIST","Low-Confidence / Needs Verification","No active DBConnection or mapped procedure reference found; could still be used by views, triggers, or unmanaged reporting paths.","","Do not exclude yet; verify via view/trigger/report migration analysis"
"T_COM_AUDIT_OM","Confirmed Active","Referenced by DBConnection methods used by active controllers and/or by called procedures.","PROC:PKG_COMMERCIAL_AUDIT.P_SAVE_OM; PROC:PKG_COMMERCIAL_AUDIT.P_GET_OMS; PROC:PKG_COMMERCIAL_AUDIT.P_GET_PDPS; PROC:PKG_COMMERCIAL_AUDIT.P_SAVE_PDP_OM_MAP; PROC:PKG_COMMERCIAL_AUDIT.P_GET_PDP_OM_MAP","Migrate to IAS_ZTBL core or dedicated history module"
"T_COM_AUDIT_OM_HIST","Low-Confidence / Needs Verification","No active DBConnection or mapped procedure reference found; could still be used by views, triggers, or unmanaged reporting paths.","","Do not exclude yet; verify via view/trigger/report migration analysis"
"T_COM_AUDIT_PDP","Confirmed Active","Referenced by DBConnection methods used by active controllers and/or by called procedures.","PROC:PKG_COMMERCIAL_AUDIT.P_SAVE_PDP; PROC:PKG_COMMERCIAL_AUDIT.P_GET_PDPS; PROC:PKG_COMMERCIAL_AUDIT.P_SAVE_PDP_OM_MAP","Migrate to IAS_ZTBL core or dedicated history module"
"T_COM_AUDIT_PDP_HIST","Low-Confidence / Needs Verification","No active DBConnection or mapped procedure reference found; could still be used by views, triggers, or unmanaged reporting paths.","","Do not exclude yet; verify via view/trigger/report migration analysis"
"T_COM_AUDIT_PDP_OM_MAP","Confirmed Active","Referenced by DBConnection methods used by active controllers and/or by called procedures.","PROC:PKG_COMMERCIAL_AUDIT.P_GET_PDPS; PROC:PKG_COMMERCIAL_AUDIT.P_SAVE_PDP_OM_MAP; PROC:PKG_COMMERCIAL_AUDIT.P_GET_PDP_OM_MAP","Migrate to IAS_ZTBL core or dedicated history module"
"T_COM_AUDIT_PDP_OM_MAP_HIST","Low-Confidence / Needs Verification","No active DBConnection or mapped procedure reference found; could still be used by views, triggers, or unmanaged reporting paths.","","Do not exclude yet; verify via view/trigger/report migration analysis"
"T_CONTROL_VIOLATION","Confirmed Active","Referenced by DBConnection methods used by active controllers and/or by called procedures.","PROC:PKG_AE.P_GETASSIGNEDOBSERVATIONSFORBRANCH; PROC:PKG_AE.P_GETAUDITEEOLDPARAS; PROC:PKG_AR.P_GETAUDITVOILATIONCATS; PROC:PKG_AR.P_GETVOILATIONSUBGROUP; PROC:PKG_AR.P_GETMANAGEDOBSERVATIONS; PROC:PKG_AR.P_GETMANAGEDOBSERVATIONSTEXT; PROC:PKG_AR.P_GETMANAGEDDRAFTOBSERVATIONS; PROC:PKG_PG.P_GETCCQ; PROC:PKG_HD.P_GET_OBSERVATION_DETAILS_FROM_ID_HO","Migrate to IAS_ZTBL core or dedicated history module"
"T_CONTROL_VIOLATION_SUB","Confirmed Active","Referenced by DBConnection methods used by active controllers and/or by called procedures.","PROC:PKG_AE.P_GETASSIGNEDOBSERVATIONSFORBRANCH; PROC:PKG_AE.P_GETAUDITEEOLDPARAS; PROC:PKG_AR.P_GETVOILATIONSUBGROUP; PROC:PKG_AR.P_GETMANAGEDOBSERVATIONS; PROC:PKG_AR.P_GETMANAGEDOBSERVATIONSTEXT; PROC:PKG_AR.P_GETMANAGEDDRAFTOBSERVATIONS; PROC:PKG_AR.P_GETLEAGACYOBSERVATIONS_HO; PROC:PKG_DB.P_GET_DASH_TABLE_FUNCTIONWISE_NAMES_HO; PROC:PKG_DB.P_GET_DASH_TABLE_FUNCTIONWISE_NAMES_CHECKLIST_HO; PROC:PKG_DB.P_GET_DASH_TABLE_FUNCTIONWISE_NAMES_CHECKLIST_SUB_HO; PROC:PKG_DB.P_GET_DASH_TABLE_FUNCTIONWISE_HO; PROC:PKG_HD.P_GET_OBSERVATION_DETAILS_FROM_ID_HO","Migrate to IAS_ZTBL core or dedicated history module"
"T_CONTROL_VIOLATION_SUB_RISK","Low-Confidence / Needs Verification","No active DBConnection or mapped procedure reference found; could still be used by views, triggers, or unmanaged reporting paths.","","Do not exclude yet; verify via view/trigger/report migration analysis"
"T_COSO_RATING","Confirmed Active","Referenced by DBConnection methods used by active controllers and/or by called procedures.","PROC:PKG_AD.P_ADD_BRANCH_RISK_RATING","Migrate to IAS_ZTBL core or dedicated history module"
"T_COSO_RATING_DEPARTMENT","Low-Confidence / Needs Verification","No active DBConnection or mapped procedure reference found; could still be used by views, triggers, or unmanaged reporting paths.","","Do not exclude yet; verify via view/trigger/report migration analysis"
"T_COSO_RATING_DEPARTMENT_FINAL","Confirmed Active","Referenced by DBConnection methods used by active controllers and/or by called procedures.","PROC:PKG_AIS.P_GETCOSORISKFORDEPARTMENT","Migrate to IAS_ZTBL core or dedicated history module"
"T_COSO_RATING_DEPARTMENT_INHERITED_RISK","Confirmed Active","Referenced by DBConnection methods used by active controllers and/or by called procedures.","PROC:PKG_AIS.P_GETCOSORISKFORDEPARTMENT","Migrate to IAS_ZTBL core or dedicated history module"
"T_COSO_RATING_DEPARTMENT_STATUS","Low-Confidence / Needs Verification","No active DBConnection or mapped procedure reference found; could still be used by views, triggers, or unmanaged reporting paths.","","Do not exclude yet; verify via view/trigger/report migration analysis"
"T_COSO_RATING_FACTORS","Confirmed Active","Referenced by DBConnection methods used by active controllers and/or by called procedures.","PROC:PKG_DB.P_GET_DASH_TABLE_FUNCTIONWISE_NAMES_HO; PROC:PKG_DB.P_GET_DASH_TABLE_FUNCTIONWISE_NAMES_CHECKLIST_HO; PROC:PKG_DB.P_GET_DASH_TABLE_FUNCTIONWISE_NAMES_CHECKLIST_SUB_HO; PROC:PKG_DB.P_GET_DASH_TABLE_FUNCTIONWISE_HO; PROC:PKG_RPT.P_GET_DASH_TABLE_FUNCTIONWISE_HO","Migrate to IAS_ZTBL core or dedicated history module"
"T_COSO_RISK","Confirmed Active","Referenced by DBConnection methods used by active controllers and/or by called procedures.","PROC:PKG_AE.P_GETCOSORISKS; PROC:PKG_AE.P_GETAUDITEEOLDPARAS; PROC:PKG_PG.P_GETCCQ","Migrate to IAS_ZTBL core or dedicated history module"
"T_DASHBOARD_SCORECARD","Confirmed Active","Referenced by DBConnection methods used by active controllers and/or by called procedures.","PROC:PKG_DB.P_GET_DASHBORAD_SCORECARD","Migrate to IAS_ZTBL core or dedicated history module"
"T_EMAIL_ADDRESS","Confirmed Active","Referenced by DBConnection methods used by active controllers and/or by called procedures.","PROC:PKG_AD.P_GET_ALLUSERS; PROC:PKG_AD.UPDATE_USERS","Migrate to IAS_ZTBL core or dedicated history module"
"T_EMP_EMAILS","Confirmed Active","Referenced by DBConnection methods used by active controllers and/or by called procedures.","PROC:PKG_AD.UPDATE_USERS","Migrate to IAS_ZTBL core or dedicated history module"
"T_EXCEPTION_ACCOUNTS","Confirmed Active","Referenced by DBConnection methods used by active controllers and/or by called procedures.","PROC:PKG_SM.P_ADD_EXCEPTION_DATA","Migrate to IAS_ZTBL core or dedicated history module"
"T_EXCEPTION_ACCOUNTS_CUST","Confirmed Active","Referenced by DBConnection methods used by active controllers and/or by called procedures.","PROC:PKG_SM.P_ADD_EXCEPTION_DATA","Migrate to IAS_ZTBL core or dedicated history module"
"T_EXCEPTION_ACCOUNTS_DATA","Confirmed Active","Referenced by DBConnection methods used by active controllers and/or by called procedures.","PROC:PKG_SM.P_ADD_EXCEPTION_DATA","Migrate to IAS_ZTBL core or dedicated history module"
"T_EXCEPTION_ACCOUNTS_TXN","Confirmed Active","Referenced by DBConnection methods used by active controllers and/or by called procedures.","PROC:PKG_SM.P_ADD_EXCEPTION_DATA","Migrate to IAS_ZTBL core or dedicated history module"
"T_EXCEPTION_ENG","Confirmed Active","Referenced by DBConnection methods used by active controllers and/or by called procedures.","PROC:PKG_SM.P_ADD_EXCEPTION_DATA; PROC:PKG_SM.P_REGENERATE_EXCEPTION","Migrate to IAS_ZTBL core or dedicated history module"
"T_EXCEPTION_ENG_BRANCHES","Confirmed Active","Referenced by DBConnection methods used by active controllers and/or by called procedures.","PROC:PKG_SM.P_ADD_EXCEPTION_DATA","Migrate to IAS_ZTBL core or dedicated history module"
"T_EXCEPTION_ENG_DATA","Confirmed Active","Referenced by DBConnection methods used by active controllers and/or by called procedures.","PROC:PKG_SM.P_ADD_EXCEPTION_DATA; PROC:PKG_SM.P_GET_EXCEPTION_REPORT_DATA; PROC:PKG_SM.P_GET_EXCEPTION_MONITOR_ENTITIES; PROC:PKG_SM.P_GET_EXCEPTION_MONITOR_DETAILS; PROC:PKG_SM.T_AU_EXCEPTION_REPORT","Migrate to IAS_ZTBL core or dedicated history module"
"T_EXCEPTION_ERROR_LOG","Confirmed Active","Referenced by DBConnection methods used by active controllers and/or by called procedures.","PROC:PKG_SM.P_GET_EXCEPTION_MONITOR_ENTITIES; PROC:PKG_SM.P_REGENERATE_EXCEPTION","Migrate to IAS_ZTBL core or dedicated history module"
"T_EXCEPTIONS_DATA","Low-Confidence / Needs Verification","No active DBConnection or mapped procedure reference found; could still be used by views, triggers, or unmanaged reporting paths.","","Do not exclude yet; verify via view/trigger/report migration analysis"
"T_FRPT_INCOME_LEAKAGE","Confirmed Active","Referenced by DBConnection methods used by active controllers and/or by called procedures.","PROC:PKG_FRPT.P_SAVE_INCOME_LEAKAGE; PROC:PKG_FRPT.P_GET_PDF_INCOME_LEAKAGE","Migrate to IAS_ZTBL core or dedicated history module"
"T_FRPT_KPI_SNAPSHOT","Confirmed Active","Referenced by DBConnection methods used by active controllers and/or by called procedures.","PROC:PKG_FRPT.P_SAVE_TEXT_BLOCK; PROC:PKG_FRPT.P_GET_KPI_SNAPSHOT; PROC:PKG_FRPT.P_SAVE_KPI_SNAPSHOT; PROC:PKG_FRPT.P_FINALIZE_REPORT; PROC:PKG_FRPT.P_GET_PDF_KPI; PROC:PKG_HD.P_AUDIT_CONCLUDING","Migrate to IAS_ZTBL core or dedicated history module"
"T_FRPT_NPL_SNAPSHOT","Confirmed Active","Referenced by DBConnection methods used by active controllers and/or by called procedures.","PROC:PKG_FRPT.P_GET_NPL_SNAPSHOT; PROC:PKG_FRPT.P_SAVE_NPL_SNAPSHOT; PROC:PKG_FRPT.P_FINALIZE_REPORT; PROC:PKG_FRPT.P_GET_PDF_NPL; PROC:PKG_HD.P_AUDIT_CONCLUDING","Migrate to IAS_ZTBL core or dedicated history module"
"T_FRPT_OVERALL_CONCLUSION","Confirmed Active","Referenced by DBConnection methods used by active controllers and/or by called procedures.","PROC:PKG_FRPT.P_GET_OVERALL_CONCLUSION; PROC:PKG_FRPT.P_SAVE_OVERALL_CONCLUSION","Migrate to IAS_ZTBL core or dedicated history module"
"T_FRPT_PARA_NARRATIVE","Confirmed Active","Referenced by DBConnection methods used by active controllers and/or by called procedures.","PROC:PKG_FRPT.P_GET_OBSERVATION_DETAILS; PROC:PKG_FRPT.P_SAVE_PARA_NARRATIVE; PROC:PKG_FRPT.R_GETAUDITEEPARAS","Migrate to IAS_ZTBL core or dedicated history module"
"T_FRPT_PDF_STATISTICS","Confirmed Active","Referenced by DBConnection methods used by active controllers and/or by called procedures.","PROC:PKG_FRPT.P_SAVE_KPI_SNAPSHOT; PROC:PKG_FRPT.P_SAVE_PDF_STATISTICS","Migrate to IAS_ZTBL core or dedicated history module"
"T_FRPT_REPORT_META","Confirmed Active","Referenced by DBConnection methods used by active controllers and/or by called procedures.","PROC:PKG_FRPT.P_GET_REPORT_OVERVIEW; PROC:PKG_FRPT.P_SAVE_STAFF_SNAPSHOT; PROC:PKG_FRPT.P_FINALIZE_REPORT; PROC:PKG_FRPT.P_GET_ALLOWED_PDF_ENGS; PROC:PKG_FRPT.P_GET_ALLOWED_PDF_ENG_DETAILS; PROC:PKG_FRPT.P_GET_PDF_HEADER; PROC:PKG_FRPT.P_GET_PDF_REPORT_META; PROC:PKG_HD.P_AUDIT_CONCLUDING","Migrate to IAS_ZTBL core or dedicated history module"
"T_FRPT_SECTION_MASTER","Confirmed Active","Referenced by DBConnection methods used by active controllers and/or by called procedures.","PROC:PKG_FRPT.P_GET_REPORT_OVERVIEW; PROC:PKG_FRPT.P_GET_NARRATIVE_SECTIONS; PROC:PKG_FRPT.P_GET_PDF_SECTIONS","Migrate to IAS_ZTBL core or dedicated history module"
"T_FRPT_STAFF_SNAPSHOT","Confirmed Active","Referenced by DBConnection methods used by active controllers and/or by called procedures.","PROC:PKG_FRPT.P_GET_STAFF_SNAPSHOT; PROC:PKG_FRPT.P_SAVE_STAFF_SNAPSHOT; PROC:PKG_FRPT.P_FINALIZE_REPORT; PROC:PKG_FRPT.P_GET_PDF_STAFF; PROC:PKG_HD.P_AUDIT_CONCLUDING; PROC:PKG_FRPT.P_GET_MAN_STAFF_SNAPSHOT; PROC:PKG_FRPT.P_GET_MAN_EXEC_SUMMARY","Migrate to IAS_ZTBL core or dedicated history module"
"T_FRPT_STAFF_SNAPSHOT_OLD","Likely Obsolete","Legacy/old naming with no active code reference found.","","Exclude from IAS_ZTBL core; retain only for legacy read-only migration archive if needed"
"T_FRPT_TEXT_BLOCKS","Confirmed Active","Referenced by DBConnection methods used by active controllers and/or by called procedures.","PROC:PKG_FRPT.P_GET_REPORT_OVERVIEW; PROC:PKG_FRPT.P_GET_NARRATIVE_SECTIONS; PROC:PKG_FRPT.P_SAVE_TEXT_BLOCK; PROC:PKG_FRPT.P_GET_PDF_SECTIONS; PROC:PKG_FRPT.P_GET_AUDIT_COVER; PROC:PKG_FRPT.P_GET_MAN_OBJECTIVE_SCOPE; PROC:PKG_FRPT.P_GET_MAN_EXEC_SUMMARY","Migrate to IAS_ZTBL core or dedicated history module"
"T_GROUP_RIGHTS","Confirmed Active","Referenced by DBConnection methods used by active controllers and/or by called procedures.","PROC:PKG_AD.P_UPDATE_NEW_USER; PROC:PKG_AD.P_GET_USER_ROLE_TYPE; PROC:PKG_AD.P_GET_HR_DESIGNATION_RIGHT; PROC:PKG_AD.P_ADD_HR_DESIGNATION_RIGHT; PROC:PKG_AD.P_UPDATE_HR_DESIGNATION_RIGHT","Migrate to IAS_ZTBL core or dedicated history module"
"T_GROUP_RIGHTS_BACKUP","Backup / Temp / Archive Only","Naming pattern indicates temporary, backup, archive, or system-generated support object and no active code reference was found.","","Exclude from IAS_ZTBL core; preserve only outside future operational schema"
"T_GROUPS","Confirmed Active","Referenced by DBConnection methods used by active controllers and/or by called procedures.","PROC:PKG_AD.P_GETGROUPS; PROC:PKG_AD.P_ADDGROUP; PROC:PKG_AD.P_GROUP_UPDATE; PROC:PKG_AD.P_GET_ALLUSERS; PROC:PKG_AD.P_GET_USER_ROLE_TYPE; PROC:PKG_AD.P_GET_ROLES_FOR_COMPLIANCE_FLOW; PROC:PKG_AD.P_GET_ENTITY_TYPE_COMPLIANCE_FLOW; PROC:PKG_AD.P_ADD_HR_DESIGNATION_RIGHT; PROC:PKG_AD.P_UPDATE_HR_DESIGNATION_RIGHT; PROC:PKG_AD.P_GET_USER_ENTITIES; PROC:PKG_AE.P_SUBMITPOSTAUDITCOMPLIANCE; PROC:PKG_AE.P_SUBMITPOSTAUDITCOMPLIANCE_REVIEW","Migrate to IAS_ZTBL core or dedicated history module"
"T_HD_ACTION_LOG","Confirmed Active","Referenced by DBConnection methods used by active controllers and/or by called procedures.","PROC:PKG_HD.P_GET_REQUEST_HISTORY","Migrate to IAS_ZTBL core or dedicated history module"
"T_HD_ACTION_REQUEST","Confirmed Active","Referenced by DBConnection methods used by active controllers and/or by called procedures.","PROC:PKG_HD.P_REQUEST_DELETE_OBSERVATION; PROC:PKG_HD.P_REQUEST_DELETE_RESPONSE; PROC:PKG_HD.P_REQUEST_REVERSE; PROC:PKG_HD.P_APPROVE_REQUEST; PROC:PKG_HD.P_REJECT_REQUEST; PROC:PKG_HD.P_GET_REQUESTS","Migrate to IAS_ZTBL core or dedicated history module"
"T_HD_ACTION_REQUEST_SNAPSHOT","Low-Confidence / Needs Verification","No active DBConnection or mapped procedure reference found; could still be used by views, triggers, or unmanaged reporting paths.","","Do not exclude yet; verify via view/trigger/report migration analysis"
"T_HD_SBP_OBS_RESPONSE","Confirmed Active","Referenced by DBConnection methods used by active controllers and/or by called procedures.","PROC:PKG_HD.P_INSERT_SBP_RESPONSE; PROC:PKG_HD.P_UPDATE_SBP_RESPONSE; PROC:PKG_HD.P_GET_SBP_REGISTER; PROC:PKG_HD.P_GET_SBP_HISTORY; PROC:PKG_HD.P_REQUEST_DELETE_RESPONSE","Migrate to IAS_ZTBL core or dedicated history module"
"T_HD_SBP_OBS_TYPES","Confirmed Active","Referenced by DBConnection methods used by active controllers and/or by called procedures.","PROC:PKG_HD.P_GET_SBP_OBS_TYPES","Migrate to IAS_ZTBL core or dedicated history module"
"T_HD_SBP_OBSERVATION","Confirmed Active","Referenced by DBConnection methods used by active controllers and/or by called procedures.","PROC:PKG_HD.P_INSERT_SBP_OBSERVATION; PROC:PKG_HD.P_UPDATE_SBP_RESPONSE; PROC:PKG_HD.P_GET_SBP_REGISTER; PROC:PKG_HD.P_UPDATE_SBP_OBSERVATION; PROC:PKG_HD.P_GET_SBP_HISTORY; PROC:PKG_HD.P_REQUEST_DELETE_OBSERVATION","Migrate to IAS_ZTBL core or dedicated history module"
"T_HD_SBP_SECURE_ACCESS","Confirmed Active","Referenced by DBConnection methods used by active controllers and/or by called procedures.","PROC:PKG_HD.P_VALIDATE_SBP_PASSWORD; PROC:PKG_HD.P_UPDATE_CAD_PASSWROD","Migrate to IAS_ZTBL core or dedicated history module"
"T_HO_UNITS","Low-Confidence / Needs Verification","No active DBConnection or mapped procedure reference found; could still be used by views, triggers, or unmanaged reporting paths.","","Do not exclude yet; verify via view/trigger/report migration analysis"
"T_HR_DESIGNATIONS","Confirmed Active","Referenced by DBConnection methods used by active controllers and/or by called procedures.","PROC:PKG_AD.P_GETROLERESPONSIBILITIES; PROC:PKG_AD.P_GETRISKPROCESSTRANSACTIONS; PROC:PKG_AD.P_GET_UPDATED_CHECKLIST_FOR_REVIEW; PROC:PKG_AD.P_ADD_HR_DESIGNATION_RIGHT; PROC:PKG_AD.P_UPDATE_HR_DESIGNATION_RIGHT; PROC:PKG_FAD.P_GET_ROLE_RESPONSIBLE; PROC:PKG_FAD.P_GET_SETTLED_PARA_DETAILS_PARA_COMPLIANCE","Migrate to IAS_ZTBL core or dedicated history module"
"T_IAS_VERSION_HISTORY","Confirmed Active","Referenced by DBConnection methods used by active controllers and/or by called procedures.","PROC:PKG_AD.P_GET_VERSION_HISTORY; PROC:PKG_AD.P_ADD_VERSION_HISTORY; PROC:PKG_AD.P_UPDATE_VERSION_HISTORY","Migrate to IAS_ZTBL core or dedicated history module"
"T_INS_COMPLAINTANT_INFO","Low-Confidence / Needs Verification","No active DBConnection or mapped procedure reference found; could still be used by views, triggers, or unmanaged reporting paths.","","Do not exclude yet; verify via view/trigger/report migration analysis"
"T_INS_COMPLAINTS","Low-Confidence / Needs Verification","No active DBConnection or mapped procedure reference found; could still be used by views, triggers, or unmanaged reporting paths.","","Do not exclude yet; verify via view/trigger/report migration analysis"
"T_INS_COMPLAINTS_ASSIGNED_TO","Low-Confidence / Needs Verification","No active DBConnection or mapped procedure reference found; could still be used by views, triggers, or unmanaged reporting paths.","","Do not exclude yet; verify via view/trigger/report migration analysis"
"T_INS_COMPLAINTS_CONTENT","Low-Confidence / Needs Verification","No active DBConnection or mapped procedure reference found; could still be used by views, triggers, or unmanaged reporting paths.","","Do not exclude yet; verify via view/trigger/report migration analysis"
"T_INS_COMPLAINTS_CONTENT_EVIDENCE","Low-Confidence / Needs Verification","No active DBConnection or mapped procedure reference found; could still be used by views, triggers, or unmanaged reporting paths.","","Do not exclude yet; verify via view/trigger/report migration analysis"
"T_INS_COMPLAINTS_DETAILS","Low-Confidence / Needs Verification","No active DBConnection or mapped procedure reference found; could still be used by views, triggers, or unmanaged reporting paths.","","Do not exclude yet; verify via view/trigger/report migration analysis"
"T_INS_COMPLAINTS_INQUIRY_ATTENDANCE","Low-Confidence / Needs Verification","No active DBConnection or mapped procedure reference found; could still be used by views, triggers, or unmanaged reporting paths.","","Do not exclude yet; verify via view/trigger/report migration analysis"
"T_INS_COMPLAINTS_INQUIRY_FINDINGS","Low-Confidence / Needs Verification","No active DBConnection or mapped procedure reference found; could still be used by views, triggers, or unmanaged reporting paths.","","Do not exclude yet; verify via view/trigger/report migration analysis"
"T_INS_COMPLAINTS_INQUIRY_JOINING","Low-Confidence / Needs Verification","No active DBConnection or mapped procedure reference found; could still be used by views, triggers, or unmanaged reporting paths.","","Do not exclude yet; verify via view/trigger/report migration analysis"
"T_INS_COMPLAINTS_INQUIRY_PREAMBLE","Low-Confidence / Needs Verification","No active DBConnection or mapped procedure reference found; could still be used by views, triggers, or unmanaged reporting paths.","","Do not exclude yet; verify via view/trigger/report migration analysis"
"T_INS_COMPLAINTS_INQUIRY_RECORD","Low-Confidence / Needs Verification","No active DBConnection or mapped procedure reference found; could still be used by views, triggers, or unmanaged reporting paths.","","Do not exclude yet; verify via view/trigger/report migration analysis"
"T_INS_COMPLAINTS_INQUIRY_SCHDULE","Low-Confidence / Needs Verification","No active DBConnection or mapped procedure reference found; could still be used by views, triggers, or unmanaged reporting paths.","","Do not exclude yet; verify via view/trigger/report migration analysis"
"T_INS_COMPLAINTS_NATURE","Low-Confidence / Needs Verification","No active DBConnection or mapped procedure reference found; could still be used by views, triggers, or unmanaged reporting paths.","","Do not exclude yet; verify via view/trigger/report migration analysis"
"T_INS_COMPLAINTS_SOURCE","Low-Confidence / Needs Verification","No active DBConnection or mapped procedure reference found; could still be used by views, triggers, or unmanaged reporting paths.","","Do not exclude yet; verify via view/trigger/report migration analysis"
"T_INS_COMPLAINTS_TYPE","Low-Confidence / Needs Verification","No active DBConnection or mapped procedure reference found; could still be used by views, triggers, or unmanaged reporting paths.","","Do not exclude yet; verify via view/trigger/report migration analysis"
"T_LIKE","Low-Confidence / Needs Verification","No active DBConnection or mapped procedure reference found; could still be used by views, triggers, or unmanaged reporting paths.","","Do not exclude yet; verify via view/trigger/report migration analysis"
"T_MANUAL_INDEX","Confirmed Active","Referenced by DBConnection methods used by active controllers and/or by called procedures.","DBConnection:GetManualSections; DBConnection:GetManualChapters; DBConnection:GetManualIndexByChapter; PROC:PKG_FAD.P_GET_MANUAL_SECTIONS; PROC:PKG_FAD.P_GET_MANUAL_CHAPTERS","Migrate to IAS_ZTBL core or dedicated history module"
"T_MANUAL_INDEX_BKP","Backup / Temp / Archive Only","Naming pattern indicates temporary, backup, archive, or system-generated support object and no active code reference was found.","","Exclude from IAS_ZTBL core; preserve only outside future operational schema"
"T_MANUAL_MASTER","Confirmed Active","Referenced by DBConnection methods used by active controllers and/or by called procedures.","DBConnection:GetManualMaster; PROC:PKG_FAD.P_GET_MANUAL_MASTER","Migrate to IAS_ZTBL core or dedicated history module"
"T_MENU","Confirmed Active","Referenced by DBConnection methods used by active controllers and/or by called procedures.","PROC:PKG_AD.P_GETALLTOPMENUS; PROC:PKG_AD.P_GET_ALL_MENU; PROC:PKG_AD.P_GET_ALL_PAGES; PROC:PKG_LG.P_GETTOPMENUS","Migrate to IAS_ZTBL core or dedicated history module"
"T_MENU_PAGES","Confirmed Active","Referenced by DBConnection methods used by active controllers and/or by called procedures.","PROC:PKG_AD.P_GETALLMENUPAGES; PROC:PKG_AD.P_GETASSIGNEDMENUPAGES; PROC:PKG_AD.P_UPDATEALLMENUPAGES; PROC:PKG_AD.P_GET_ALL_PAGES; PROC:PKG_AD.P_ADD_NEW_PAGE; PROC:PKG_AD.P_UPDATE_PAGE; PROC:PKG_AD.P_GET_ROLE_DASHBOARD_PAGES; PROC:PKG_AD.P_GET_ROLE_DASHBOARD_CONFIG; PROC:PKG_AD.P_GET_DASHBOARD_QUICK_LINKS; PROC:PKG_LG.P_GETTOPMENUS; PROC:PKG_LG.P_GETTOPMENUPAGES; PROC:PKG_RPT.P_GET_ACTIVITY_LOG","Migrate to IAS_ZTBL core or dedicated history module"
"T_MENU_PAGES_BKP","Backup / Temp / Archive Only","Naming pattern indicates temporary, backup, archive, or system-generated support object and no active code reference was found.","","Exclude from IAS_ZTBL core; preserve only outside future operational schema"
"T_MENU_PAGES_GROUPMAP","Confirmed Active","Referenced by DBConnection methods used by active controllers and/or by called procedures.","PROC:PKG_AD.P_GETASSIGNEDMENUPAGES; PROC:PKG_AD.P_ADDGROUPMENUITEMSASSIGNMENT; PROC:PKG_AD.P_REMOVEGROUPMENUITEMSASSIGNMENT; PROC:PKG_LG.P_GETTOPMENUS; PROC:PKG_LG.P_GETTOPMENUPAGES; PROC:PKG_RPT.R_GROUP_WISE_PAGES","Migrate to IAS_ZTBL core or dedicated history module"
"T_MENU_SUB","Confirmed Active","Referenced by DBConnection methods used by active controllers and/or by called procedures.","PROC:PKG_AD.P_GET_SUB_MENUS; PROC:PKG_AD.P_ADD_NEW_SUB_MENU; PROC:PKG_AD.P_UPDATE_SUB_MENU; PROC:PKG_AD.P_GET_ALL_PAGES; PROC:PKG_LG.P_GETTOPMENUPAGES","Migrate to IAS_ZTBL core or dedicated history module"
"T_OBSERVATION_REFERENCE_LINK","Low-Confidence / Needs Verification","No active DBConnection or mapped procedure reference found; could still be used by views, triggers, or unmanaged reporting paths.","","Do not exclude yet; verify via view/trigger/report migration analysis"
"T_PAGE_COM_ROLE","Low-Confidence / Needs Verification","No active DBConnection or mapped procedure reference found; could still be used by views, triggers, or unmanaged reporting paths.","","Do not exclude yet; verify via view/trigger/report migration analysis"
"T_R_ACTIVITY","Confirmed Active","Referenced by DBConnection methods used by active controllers and/or by called procedures.","PROC:PKG_AR.P_GETRISKACTIVITIES","Migrate to IAS_ZTBL core or dedicated history module"
"T_R_GROUP","Confirmed Active","Referenced by DBConnection methods used by active controllers and/or by called procedures.","PROC:PKG_AD.P_ADD_BRANCH_RISK_RATING; PROC:PKG_AD.P_GET_TRADITIONAL_RISK_RATING; PROC:PKG_AR.P_GETRISKGROUP; PROC:PKG_AR.P_GETRISKSUBGROUP","Migrate to IAS_ZTBL core or dedicated history module"
"T_R_SUB_GROUP","Confirmed Active","Referenced by DBConnection methods used by active controllers and/or by called procedures.","PROC:PKG_AD.P_GETCONTROLVIOLATIONS; PROC:PKG_AD.P_GETRISKPROCESSTRANSACTIONS; PROC:PKG_AD.P_GET_UPDATED_CHECKLIST_FOR_REVIEW; PROC:PKG_AD.P_ADD_BRANCH_RISK_RATING; PROC:PKG_AD.P_GET_TRADITIONAL_RISK_RATING; PROC:PKG_AR.P_GETRISKSUBGROUP; PROC:PKG_AR.P_GETRISKACTIVITIES; PROC:PKG_AR.P_GETAUDITCHECKLISTDETAILS; PROC:PKG_FAD.P_GET_VIOLATIONS","Migrate to IAS_ZTBL core or dedicated history module"
"T_REFERENCE_MASTER","Low-Confidence / Needs Verification","No active DBConnection or mapped procedure reference found; could still be used by views, triggers, or unmanaged reporting paths.","","Do not exclude yet; verify via view/trigger/report migration analysis"
"T_RISK","Confirmed Active","Referenced by DBConnection methods used by active controllers and/or by called procedures.","PROC:PKG_AD.P_GET_ANNEXURE; PROC:PKG_AD.P_GETENTITEES_FOR_UPDATE; PROC:PKG_AD.P_GETENTITEES_FOR_UPDATE_COMP; PROC:PKG_AD.P_GETENTITEES_FOR_UPDATE_AUTHORIZATION; PROC:PKG_AD.P_GET_UPDATED_CHECKLIST_FOR_REVIEW; PROC:PKG_AD.P_GETRISKS; PROC:PKG_AD.P_GET_AUDIT_OBSERVTION; PROC:PKG_AD.P_GET_DETAILS_FOR_ENTITY_SHIFTING; PROC:PKG_AR.P_GETJOININGDETAILS; PROC:PKG_AR.P_GETAUDITCHECKLISTDETAILS; PROC:PKG_AR.P_GETMANAGEDOBSERVATIONS; PROC:PKG_AR.P_GETMANAGEDOBSERVATIONSTEXT","Migrate to IAS_ZTBL core or dedicated history module"
"T_RISK_BRANCH_WISE","Confirmed Active","Referenced by DBConnection methods used by active controllers and/or by called procedures.","PROC:PKG_AD.P_ADD_BRANCH_RISK_RATING; PROC:PKG_AD.P_GET_TRADITIONAL_RISK_RATING","Migrate to IAS_ZTBL core or dedicated history module"
"T_RISK_CER","Low-Confidence / Needs Verification","No active DBConnection or mapped procedure reference found; could still be used by views, triggers, or unmanaged reporting paths.","","Do not exclude yet; verify via view/trigger/report migration analysis"
"T_RISK_FAD_ANNEXURE","Confirmed Active","Referenced by DBConnection methods used by active controllers and/or by called procedures.","PROC:PKG_FAD_RISK.P_SAVE_ANNEXURE; PROC:PKG_FAD_RISK.P_GET_ANNEXURE","Migrate to IAS_ZTBL core or dedicated history module"
"T_RISK_FAD_ANNEXURE_COUNT","Low-Confidence / Needs Verification","No active DBConnection or mapped procedure reference found; could still be used by views, triggers, or unmanaged reporting paths.","","Do not exclude yet; verify via view/trigger/report migration analysis"
"T_RISK_FAD_GRAVITY","Confirmed Active","Referenced by DBConnection methods used by active controllers and/or by called procedures.","PROC:PKG_FAD_RISK.P_GET_GRAVITY","Migrate to IAS_ZTBL core or dedicated history module"
"T_RISK_FAD_KPI_MAIN","Confirmed Active","Referenced by DBConnection methods used by active controllers and/or by called procedures.","PROC:PKG_FAD_RISK.P_SAVE_KPI_MAIN; PROC:PKG_FAD_RISK.P_GET_KPI_MAIN","Migrate to IAS_ZTBL core or dedicated history module"
"T_RISK_FAD_KPI_RESULT","Low-Confidence / Needs Verification","No active DBConnection or mapped procedure reference found; could still be used by views, triggers, or unmanaged reporting paths.","","Do not exclude yet; verify via view/trigger/report migration analysis"
"T_RISK_FAD_KPI_SUB","Confirmed Active","Referenced by DBConnection methods used by active controllers and/or by called procedures.","PROC:PKG_FAD_RISK.P_SAVE_KPI_SUB; PROC:PKG_FAD_RISK.P_GET_KPI_SUB","Migrate to IAS_ZTBL core or dedicated history module"
"T_RISK_FAD_PROCESS","Confirmed Active","Referenced by DBConnection methods used by active controllers and/or by called procedures.","PROC:PKG_FAD_RISK.P_SAVE_PROCESS; PROC:PKG_FAD_RISK.P_GET_PROCESS","Migrate to IAS_ZTBL core or dedicated history module"
"T_RISK_FAD_RATING_MATRIX","Low-Confidence / Needs Verification","No active DBConnection or mapped procedure reference found; could still be used by views, triggers, or unmanaged reporting paths.","","Do not exclude yet; verify via view/trigger/report migration analysis"
"T_RISK_FAD_SUB_PROCESS","Confirmed Active","Referenced by DBConnection methods used by active controllers and/or by called procedures.","PROC:PKG_FAD_RISK.P_SAVE_SUB_PROCESS; PROC:PKG_FAD_RISK.P_GET_SUB_PROCESS","Migrate to IAS_ZTBL core or dedicated history module"
"T_RISK_FAD_SUBPROC_ANNEX","Confirmed Active","Referenced by DBConnection methods used by active controllers and/or by called procedures.","PROC:PKG_FAD_RISK.P_SAVE_SUBPROC_ANNEX; PROC:PKG_FAD_RISK.P_GET_SUBPROC_ANNEX","Migrate to IAS_ZTBL core or dedicated history module"
"T_RISK_FAD_WORK_RESULT","Low-Confidence / Needs Verification","No active DBConnection or mapped procedure reference found; could still be used by views, triggers, or unmanaged reporting paths.","","Do not exclude yet; verify via view/trigger/report migration analysis"
"T_RISK_MODEL_DESC","Low-Confidence / Needs Verification","No active DBConnection or mapped procedure reference found; could still be used by views, triggers, or unmanaged reporting paths.","","Do not exclude yet; verify via view/trigger/report migration analysis"
"T_RISK_NEW_AUDIT_RATING_GRID","Low-Confidence / Needs Verification","No active DBConnection or mapped procedure reference found; could still be used by views, triggers, or unmanaged reporting paths.","","Do not exclude yet; verify via view/trigger/report migration analysis"
"T_RISK_NEW_MODEL_WORKING","Low-Confidence / Needs Verification","No active DBConnection or mapped procedure reference found; could still be used by views, triggers, or unmanaged reporting paths.","","Do not exclude yet; verify via view/trigger/report migration analysis"
"T_RISK_STATUS","Confirmed Active","Referenced by DBConnection methods used by active controllers and/or by called procedures.","PROC:PKG_PG.TENTATIVE_AUDIT_PLAN","Migrate to IAS_ZTBL core or dedicated history module"
"T_ROLE_DASHBOARD_PAGES","Confirmed Active","Referenced by DBConnection methods used by active controllers and/or by called procedures.","PROC:PKG_AD.P_GET_ROLE_DASHBOARD_PAGES; PROC:PKG_AD.P_GET_ROLE_DASHBOARD_CONFIG; PROC:PKG_AD.P_GET_DASHBOARD_QUICK_LINKS; PROC:PKG_AD.P_MAINT_ROLE_DASHBOARD_PAGE","Migrate to IAS_ZTBL core or dedicated history module"
"T_SAMPLE_ACCOUNTS_DATA","Confirmed Active","Referenced by DBConnection methods used by active controllers and/or by called procedures.","PROC:PKG_SM.P_GET_ACCOUNT","Migrate to IAS_ZTBL core or dedicated history module"
"T_SAMPLE_LOANS_DATA","Confirmed Active","Referenced by DBConnection methods used by active controllers and/or by called procedures.","PROC:PKG_SM.P_GET_LOANS_SAMPLE","Migrate to IAS_ZTBL core or dedicated history module"
"T_STATUS","Low-Confidence / Needs Verification","No active DBConnection or mapped procedure reference found; could still be used by views, triggers, or unmanaged reporting paths.","","Do not exclude yet; verify via view/trigger/report migration analysis"
"T_SYS_LOG","Confirmed Active","Referenced by DBConnection methods used by active controllers and/or by called procedures.","PROC:PKG_LG.P_GET_SYS_LOGS","Migrate to IAS_ZTBL core or dedicated history module"
"T_TMP_PAGE_API_METHOD","Low-Confidence / Needs Verification","No active DBConnection or mapped procedure reference found; could still be used by views, triggers, or unmanaged reporting paths.","","Do not exclude yet; verify via view/trigger/report migration analysis"
"T_USER","Confirmed Active","Referenced by DBConnection methods used by active controllers and/or by called procedures.","PROC:PKG_AD.P_GET_ALLUSERS; PROC:PKG_AD.P_ADD_NEW_USER; PROC:PKG_AD.UPDATE_USERS; PROC:PKG_AD.RESET_USER_PASSWORD; PROC:PKG_AD.P_UPDATE_NEW_USER; PROC:PKG_AE.P_GETCCQSENTITIES; PROC:PKG_AE.P_SUBMITPOSTAUDITCOMPLIANCE; PROC:PKG_AE.P_SUBMITPOSTAUDITCOMPLIANCE_REVIEW; PROC:PKG_AE.P_FORWARD_CAU_PARA_TO_BRANCH; PROC:PKG_AE.P_SUBMITPOSTAUDITCOMPLIANCE_BY_BRANCH; PROC:PKG_AR.P_UPDATE_LEGACY_PARA_TEXT; PROC:PKG_AR.P_GETOBSERVATIONENTITIES","Migrate to IAS_ZTBL core or dedicated history module"
"T_USER_BAK","Backup / Temp / Archive Only","Naming pattern indicates temporary, backup, archive, or system-generated support object and no active code reference was found.","","Exclude from IAS_ZTBL core; preserve only outside future operational schema"
"T_USER_ENTITIES","Low-Confidence / Needs Verification","Referenced in code analysis but only from low-confidence paths.","PROC:PKG_AD.P_GET_USER_ENTITIES","Do not exclude yet; verify via view/trigger/report migration analysis"
"T_USER_GROUP_MAP","Confirmed Active","Referenced by DBConnection methods used by active controllers and/or by called procedures.","PROC:PKG_AD.P_GET_DASHBOARD_QUICK_LINKS; PROC:PKG_LG.P_GETTOPMENUS","Migrate to IAS_ZTBL core or dedicated history module"
"T_USER_MAPING","Confirmed Active","Referenced by DBConnection methods used by active controllers and/or by called procedures.","PROC:PKG_AD.P_GET_ALLUSERS; PROC:PKG_AD.P_ADD_NEW_USER; PROC:PKG_AD.UPDATE_USERS; PROC:PKG_AD.P_UPDATE_NEW_USER; PROC:PKG_AE.P_SUBMITPOSTAUDITCOMPLIANCE; PROC:PKG_AE.P_SUBMITPOSTAUDITCOMPLIANCE_REVIEW; PROC:PKG_AE.P_FORWARD_CAU_PARA_TO_BRANCH; PROC:PKG_AE.P_SUBMITPOSTAUDITCOMPLIANCE_BY_BRANCH; PROC:PKG_AR.P_DROPAUDITOBSERVATION; PROC:PKG_AR.AUDITOR_REPLY; PROC:PKG_AR.P_GETOBSERVATIONENTITIES; PROC:PKG_LG.P_GET_USER","Migrate to IAS_ZTBL core or dedicated history module"
"T_USER_MAPING_MENU_PAGES_TEMP","Low-Confidence / Needs Verification","No active DBConnection or mapped procedure reference found; could still be used by views, triggers, or unmanaged reporting paths.","","Do not exclude yet; verify via view/trigger/report migration analysis"
"T_USER_SESSION","Confirmed Active","Referenced by DBConnection methods used by active controllers and/or by called procedures.","PROC:PKG_LG.SESSION_END; PROC:PKG_LG.P_GET_USER_SESSION; PROC:PKG_LG.SESSION_KILL; PROC:PKG_LG.USER_SESSION; PROC:PKG_RPT.R_LOGINUSERS","Migrate to IAS_ZTBL core or dedicated history module"
"T_WORKING_PAPER_ACCOUNT_OPENING","Confirmed Active","Referenced by DBConnection methods used by active controllers and/or by called procedures.","PROC:PKG_AR.P_GETACCOUNTOPENINGDETAILS; PROC:PKG_AR.P_ADDACCOUNTOPENINGDETAILS","Migrate to IAS_ZTBL core or dedicated history module"
"T_WORKING_PAPER_CASH_COUNT","Confirmed Active","Referenced by DBConnection methods used by active controllers and/or by called procedures.","PROC:PKG_AR.P_GETCASHCOUNTERDETAILS; PROC:PKG_AR.P_ADDCASHCOUNTERDETAILS","Migrate to IAS_ZTBL core or dedicated history module"
"T_WORKING_PAPER_FIXED_ASSETS","Confirmed Active","Referenced by DBConnection methods used by active controllers and/or by called procedures.","PROC:PKG_AR.P_GETFIXEDASSETSDETAILS; PROC:PKG_AR.P_ADDFIXEDASSETSDETAILS","Migrate to IAS_ZTBL core or dedicated history module"
"T_WORKING_PAPER_LOAN_CASE_FILE","Confirmed Active","Referenced by DBConnection methods used by active controllers and/or by called procedures.","PROC:PKG_AR.P_GETLOANCASEFILE; PROC:PKG_AR.P_ADDLOANCASEFILE","Migrate to IAS_ZTBL core or dedicated history module"
"T_WORKING_PAPER_VOUCHER_CHECKING","Confirmed Active","Referenced by DBConnection methods used by active controllers and/or by called procedures.","PROC:PKG_AR.P_GETVOUCHERCHECKING; PROC:PKG_AR.P_ADDVOUCHERCHECKING","Migrate to IAS_ZTBL core or dedicated history module"
"TBL_PARA_REFERENCE_LINKS","Likely Active","Referenced indirectly or from likely-active workflow code.","PROC:PKG_FAD.P_GETPARAREFERENCES; PROC:PKG_FAD.P_MANAGEREFERENCE","Retain for redesign validation before DDL freeze"
"TBL_PARA_REFERENCE_UPDATE_LOG","Low-Confidence / Needs Verification","No active DBConnection or mapped procedure reference found; could still be used by views, triggers, or unmanaged reporting paths.","","Do not exclude yet; verify via view/trigger/report migration analysis"
"TBL_PUBLIC_HOLIDAYS","Confirmed Active","Referenced by DBConnection methods used by active controllers and/or by called procedures.","PROC:PKG_AD.P_INSERT_PUBLIC_HOLIDAY; PROC:PKG_AD.P_GET_PUBLIC_HOLIDAYS; PROC:PKG_AD.P_GET_PUBLIC_HOLIDAY_DAY","Migrate to IAS_ZTBL core or dedicated history module"
"TBL_T_HR_EMPLOYEEINFORMATION","Low-Confidence / Needs Verification","No active DBConnection or mapped procedure reference found; could still be used by views, triggers, or unmanaged reporting paths.","","Do not exclude yet; verify via view/trigger/report migration analysis"
"TEMP_ACCOUNTS","Backup / Temp / Archive Only","Naming pattern indicates temporary, backup, archive, or system-generated support object and no active code reference was found.","","Exclude from IAS_ZTBL core; preserve only outside future operational schema"
"TEMP_AIS_T_AU_POST_COMPLIANCE","Backup / Temp / Archive Only","Naming pattern indicates temporary, backup, archive, or system-generated support object and no active code reference was found.","","Exclude from IAS_ZTBL core; preserve only outside future operational schema"
"TEMP_AIS_T_AU_POST_COMPLIANCE_45","Backup / Temp / Archive Only","Naming pattern indicates temporary, backup, archive, or system-generated support object and no active code reference was found.","","Exclude from IAS_ZTBL core; preserve only outside future operational schema"
"TEMP_AIS_T_AU_POST_COMPLIANCE_HISTORY_18_12","Backup / Temp / Archive Only","Naming pattern indicates temporary, backup, archive, or system-generated support object and no active code reference was found.","","Exclude from IAS_ZTBL core; preserve only outside future operational schema"
"TEMP_ASAD_03_07_2024","Backup / Temp / Archive Only","Naming pattern indicates temporary, backup, archive, or system-generated support object and no active code reference was found.","","Exclude from IAS_ZTBL core; preserve only outside future operational schema"
"TEMP_ASAD_15_05_2024","Backup / Temp / Archive Only","Naming pattern indicates temporary, backup, archive, or system-generated support object and no active code reference was found.","","Exclude from IAS_ZTBL core; preserve only outside future operational schema"
"TEMP_ASAD_20_9_24","Backup / Temp / Archive Only","Naming pattern indicates temporary, backup, archive, or system-generated support object and no active code reference was found.","","Exclude from IAS_ZTBL core; preserve only outside future operational schema"
"TEMP_ASAD_PEN_TESTING_USER","Backup / Temp / Archive Only","Naming pattern indicates temporary, backup, archive, or system-generated support object and no active code reference was found.","","Exclude from IAS_ZTBL core; preserve only outside future operational schema"
"TEMP_ATAS_T_DISB_STATUS","Confirmed Active","Referenced by DBConnection methods used by active controllers and/or by called procedures.","PROC:PKG_RPT.P_GET_LOAN_STATUS; PROC:PKG_RPT.P_GET_LOAN_TO_DEFAULT_HISTORY","Migrate to IAS_ZTBL core or dedicated history module"
"TEMP_ATAS_T_GLSUB","Confirmed Active","Referenced by DBConnection methods used by active controllers and/or by called procedures.","PROC:PKG_RPT.P_GET_LOAN_GL","Migrate to IAS_ZTBL core or dedicated history module"
"TEMP_ATAS_T_LOAN_TO_DEFAULT_NPL_TABLE","Backup / Temp / Archive Only","Naming pattern indicates temporary, backup, archive, or system-generated support object and no active code reference was found.","","Exclude from IAS_ZTBL core; preserve only outside future operational schema"
"TEMP_AUDIT_EMP","Backup / Temp / Archive Only","Naming pattern indicates temporary, backup, archive, or system-generated support object and no active code reference was found.","","Exclude from IAS_ZTBL core; preserve only outside future operational schema"
"TEMP_BRANCHES","Backup / Temp / Archive Only","Naming pattern indicates temporary, backup, archive, or system-generated support object and no active code reference was found.","","Exclude from IAS_ZTBL core; preserve only outside future operational schema"
"TEMP_CIA_EMPLOYEE_MEDICAL","Backup / Temp / Archive Only","Naming pattern indicates temporary, backup, archive, or system-generated support object and no active code reference was found.","","Exclude from IAS_ZTBL core; preserve only outside future operational schema"
"TEMP_CIA_FRAUD_DATA","Backup / Temp / Archive Only","Naming pattern indicates temporary, backup, archive, or system-generated support object and no active code reference was found.","","Exclude from IAS_ZTBL core; preserve only outside future operational schema"
"TEMP_CIA_LOANS_PRESENTATION","Backup / Temp / Archive Only","Naming pattern indicates temporary, backup, archive, or system-generated support object and no active code reference was found.","","Exclude from IAS_ZTBL core; preserve only outside future operational schema"
"TEMP_CIA_LOANS_PRESENTATION_30_NOV","Backup / Temp / Archive Only","Naming pattern indicates temporary, backup, archive, or system-generated support object and no active code reference was found.","","Exclude from IAS_ZTBL core; preserve only outside future operational schema"
"TEMP_CIA_LOANS_PRESENTATION_AS_OF_30_NOV","Backup / Temp / Archive Only","Naming pattern indicates temporary, backup, archive, or system-generated support object and no active code reference was found.","","Exclude from IAS_ZTBL core; preserve only outside future operational schema"
"TEMP_CIA_PM_SCHEME_CLEAN","Backup / Temp / Archive Only","Naming pattern indicates temporary, backup, archive, or system-generated support object and no active code reference was found.","","Exclude from IAS_ZTBL core; preserve only outside future operational schema"
"TEMP_CIA_YOUTH_NEW","Backup / Temp / Archive Only","Naming pattern indicates temporary, backup, archive, or system-generated support object and no active code reference was found.","","Exclude from IAS_ZTBL core; preserve only outside future operational schema"
"TEMP_CID_CNIC_WISE_PM_SCHEME_ALL","Backup / Temp / Archive Only","Naming pattern indicates temporary, backup, archive, or system-generated support object and no active code reference was found.","","Exclude from IAS_ZTBL core; preserve only outside future operational schema"
"TEMP_CTR","Backup / Temp / Archive Only","Naming pattern indicates temporary, backup, archive, or system-generated support object and no active code reference was found.","","Exclude from IAS_ZTBL core; preserve only outside future operational schema"
"TEMP_DATE","Backup / Temp / Archive Only","Naming pattern indicates temporary, backup, archive, or system-generated support object and no active code reference was found.","","Exclude from IAS_ZTBL core; preserve only outside future operational schema"
"TEMP_DUPLICATE_COM_ID_T","Backup / Temp / Archive Only","Naming pattern indicates temporary, backup, archive, or system-generated support object and no active code reference was found.","","Exclude from IAS_ZTBL core; preserve only outside future operational schema"
"TEMP_EMAIL_ADDRESS_BRANCH","Backup / Temp / Archive Only","Naming pattern indicates temporary, backup, archive, or system-generated support object and no active code reference was found.","","Exclude from IAS_ZTBL core; preserve only outside future operational schema"
"TEMP_ERP_HR_EMPLOYEE_INFO","Backup / Temp / Archive Only","Naming pattern indicates temporary, backup, archive, or system-generated support object and no active code reference was found.","","Exclude from IAS_ZTBL core; preserve only outside future operational schema"
"TEMP_ERP_HR_EMPLOYEE_INFO_NEW","Backup / Temp / Archive Only","Naming pattern indicates temporary, backup, archive, or system-generated support object and no active code reference was found.","","Exclude from IAS_ZTBL core; preserve only outside future operational schema"
"TEMP_FAD_CHECKLIST_DETAILS","Backup / Temp / Archive Only","Naming pattern indicates temporary, backup, archive, or system-generated support object and no active code reference was found.","","Exclude from IAS_ZTBL core; preserve only outside future operational schema"
"TEMP_FAD_SUB_CHECKLIST","Backup / Temp / Archive Only","Naming pattern indicates temporary, backup, archive, or system-generated support object and no active code reference was found.","","Exclude from IAS_ZTBL core; preserve only outside future operational schema"
"TEMP_FOR_PLAN_UPDATE","Backup / Temp / Archive Only","Naming pattern indicates temporary, backup, archive, or system-generated support object and no active code reference was found.","","Exclude from IAS_ZTBL core; preserve only outside future operational schema"
"TEMP_HR_DIFF","Backup / Temp / Archive Only","Naming pattern indicates temporary, backup, archive, or system-generated support object and no active code reference was found.","","Exclude from IAS_ZTBL core; preserve only outside future operational schema"
"TEMP_HR_DIV_CIRCULAR_UPDATE","Backup / Temp / Archive Only","Naming pattern indicates temporary, backup, archive, or system-generated support object and no active code reference was found.","","Exclude from IAS_ZTBL core; preserve only outside future operational schema"
"TEMP_HR_ERP_EMP","Backup / Temp / Archive Only","Naming pattern indicates temporary, backup, archive, or system-generated support object and no active code reference was found.","","Exclude from IAS_ZTBL core; preserve only outside future operational schema"
"TEMP_HRMS_HR_EMPLOYEE_INFO","Backup / Temp / Archive Only","Naming pattern indicates temporary, backup, archive, or system-generated support object and no active code reference was found.","","Exclude from IAS_ZTBL core; preserve only outside future operational schema"
"TEMP_IID_TABLES","Backup / Temp / Archive Only","Naming pattern indicates temporary, backup, archive, or system-generated support object and no active code reference was found.","","Exclude from IAS_ZTBL core; preserve only outside future operational schema"
"TEMP_ISLAMIC_BRANCHES","Backup / Temp / Archive Only","Naming pattern indicates temporary, backup, archive, or system-generated support object and no active code reference was found.","","Exclude from IAS_ZTBL core; preserve only outside future operational schema"
"TEMP_PPNO","Backup / Temp / Archive Only","Naming pattern indicates temporary, backup, archive, or system-generated support object and no active code reference was found.","","Exclude from IAS_ZTBL core; preserve only outside future operational schema"
"TEMP_PPNO_POSTING","Backup / Temp / Archive Only","Naming pattern indicates temporary, backup, archive, or system-generated support object and no active code reference was found.","","Exclude from IAS_ZTBL core; preserve only outside future operational schema"
"TEMP_RISK_UPDATE","Backup / Temp / Archive Only","Naming pattern indicates temporary, backup, archive, or system-generated support object and no active code reference was found.","","Exclude from IAS_ZTBL core; preserve only outside future operational schema"
"TEMP_SALMAN_CHECKLIST","Backup / Temp / Archive Only","Naming pattern indicates temporary, backup, archive, or system-generated support object and no active code reference was found.","","Exclude from IAS_ZTBL core; preserve only outside future operational schema"
"TEMP_SBP_DATA_BIOMET_DIFF_TABLE","Backup / Temp / Archive Only","Naming pattern indicates temporary, backup, archive, or system-generated support object and no active code reference was found.","","Exclude from IAS_ZTBL core; preserve only outside future operational schema"
"TEMP_SBP_DATA_BIOMET_TABLE","Backup / Temp / Archive Only","Naming pattern indicates temporary, backup, archive, or system-generated support object and no active code reference was found.","","Exclude from IAS_ZTBL core; preserve only outside future operational schema"
"TEMP_STR","Backup / Temp / Archive Only","Naming pattern indicates temporary, backup, archive, or system-generated support object and no active code reference was found.","","Exclude from IAS_ZTBL core; preserve only outside future operational schema"
"TEMP_T_AU_API_MASTER_FOR_PRODUCTION","Backup / Temp / Archive Only","Naming pattern indicates temporary, backup, archive, or system-generated support object and no active code reference was found.","","Exclude from IAS_ZTBL core; preserve only outside future operational schema"
"TEMP_T_AU_NEW_PARAS_STATUS_CHANGE_LOG","Backup / Temp / Archive Only","Naming pattern indicates temporary, backup, archive, or system-generated support object and no active code reference was found.","","Exclude from IAS_ZTBL core; preserve only outside future operational schema"
"TEMP_T_AU_OLD_PARAS_FAD_RESPONSIBILITY_ASSIGNED","Backup / Temp / Archive Only","Naming pattern indicates temporary, backup, archive, or system-generated support object and no active code reference was found.","","Exclude from IAS_ZTBL core; preserve only outside future operational schema"
"TEMP_T_AUDITEE_ENTITIES_SIZE","Backup / Temp / Archive Only","Naming pattern indicates temporary, backup, archive, or system-generated support object and no active code reference was found.","","Exclude from IAS_ZTBL core; preserve only outside future operational schema"
"TEMP_TABLE_DEPOSIT_WITH_MINUS_BALANCE","Backup / Temp / Archive Only","Naming pattern indicates temporary, backup, archive, or system-generated support object and no active code reference was found.","","Exclude from IAS_ZTBL core; preserve only outside future operational schema"
"TEMP_TABLE_FOR_LIKE","Backup / Temp / Archive Only","Naming pattern indicates temporary, backup, archive, or system-generated support object and no active code reference was found.","","Exclude from IAS_ZTBL core; preserve only outside future operational schema"
"TEMP_TRANSACTIONMASTER","Backup / Temp / Archive Only","Naming pattern indicates temporary, backup, archive, or system-generated support object and no active code reference was found.","","Exclude from IAS_ZTBL core; preserve only outside future operational schema"
"TEMP_TRANSACTIONS","Backup / Temp / Archive Only","Naming pattern indicates temporary, backup, archive, or system-generated support object and no active code reference was found.","","Exclude from IAS_ZTBL core; preserve only outside future operational schema"
"TEMP_V_RPT_FAD_EXECP_ACCOUNT_AML_STR","Backup / Temp / Archive Only","Naming pattern indicates temporary, backup, archive, or system-generated support object and no active code reference was found.","","Exclude from IAS_ZTBL core; preserve only outside future operational schema"
"TEMP_ZUB_T_AU_OBSERVATION_TEXT","Backup / Temp / Archive Only","Naming pattern indicates temporary, backup, archive, or system-generated support object and no active code reference was found.","","Exclude from IAS_ZTBL core; preserve only outside future operational schema"
"TEMPLATEPLACEHOLDERS","Likely Obsolete","Legacy/old naming with no active code reference found.","","Exclude from IAS_ZTBL core; retain only for legacy read-only migration archive if needed"
"V_ATAS_ORG_UNITS","Low-Confidence / Needs Verification","No active DBConnection or mapped procedure reference found; could still be used by views, triggers, or unmanaged reporting paths.","","Do not exclude yet; verify via view/trigger/report migration analysis"
"V_GET_ACTIVE_EMPLOYEES","Low-Confidence / Needs Verification","No active DBConnection or mapped procedure reference found; could still be used by views, triggers, or unmanaged reporting paths.","","Do not exclude yet; verify via view/trigger/report migration analysis"
"V_SERVICE_EMPLOYEEINFO","Confirmed Active","Referenced by DBConnection methods used by active controllers and/or by called procedures.","PROC:PKG_AD.P_GET_ALLUSERS; PROC:PKG_AD.P_ADD_NEW_USER; PROC:PKG_AD.RESET_USER_PASSWORD; PROC:PKG_AD.P_GET_NEW_USER; PROC:PKG_AE.P_GETOBSERVATIONRESPONSIBLE; PROC:PKG_AE.P_GETPARACOMPLIANCERESPONSIBLE; PROC:PKG_AE.P_GETPARASFORCOMPLIANCEHISTORY; PROC:PKG_AR.P_GET_LEGACY_PARA_RESPONSIBLES; PROC:PKG_AR.P_GET_RESPONSIBILITY; PROC:PKG_AR.P_GET_DSA_LIST; PROC:PKG_LG.P_GET_USER; PROC:PKG_AR.P_GET_RESPONSIBILITY_FOR_AUTHORIZE","Migrate to IAS_ZTBL core or dedicated history module"
"VM_GET_ALL_PARA_TEXT","Confirmed Active","Referenced by DBConnection methods used by active controllers and/or by called procedures.","PROC:PKG_RPT.P_GET_PARA_TEXT_WORDS_V2","Migrate to IAS_ZTBL core or dedicated history module"
