"OldTable","OldColumn","LegacyDataType","NewTable","NewColumn","TargetAvailability","TransformationRule","MandatoryDefaultRule","HistoryStrategy","MigrationDependency","MappingConfidence","Notes"
"AIS_T_AU_POST_COMPLIANCE","COM_ID","NUMBER","tbl_compliance_case","compliance_case_id","ExistingTableExistingColumn","Preserve compliance-case surrogate via crosswalk.","Use IAS_ZTBL default if legacy value is null.","CurrentState","Requires tbl_entity migration and entity-code crosswalk.","High","Current compliance case."
"AIS_T_AU_POST_COMPLIANCE","OLD_PARA_ID","NUMBER","tbl_compliance_case","compliance_case_id","ExistingTableExistingColumn","Direct copy after datatype coercion and audit-column normalization.","Use IAS_ZTBL default if legacy value is null.","CurrentState","Requires tbl_entity migration and entity-code crosswalk.","Medium","Current compliance case."
"AIS_T_AU_POST_COMPLIANCE","NEW_PARA_ID","NUMBER","tbl_compliance_case","observation_id","ExistingTableExistingColumn","Link current para to migrated observation.","Use IAS_ZTBL default if legacy value is null.","CurrentState","Requires tbl_entity migration and entity-code crosswalk.","High","Current compliance case."
"AIS_T_AU_POST_COMPLIANCE","AUDIT_PERIOD","VARCHAR2","tbl_compliance_case","REVIEW_REQUIRED","ExistingTableRequiredColumn","Manual mapping required; no safe automatic target column was inferred.","Use IAS_ZTBL default if legacy value is null.","CurrentState","Requires tbl_entity migration and entity-code crosswalk.","Low","Current compliance case."
"AIS_T_AU_POST_COMPLIANCE","ENTITY_ID","NUMBER","tbl_compliance_case","responsible_entity_id","ExistingTableExistingColumn","Direct copy after datatype coercion and audit-column normalization.","Use IAS_ZTBL default if legacy value is null.","CurrentState","Requires tbl_entity migration and entity-code crosswalk.","High","Current compliance case."
"AIS_T_AU_POST_COMPLIANCE","ENTITY_CODE","NUMBER","tbl_compliance_case","REVIEW_REQUIRED","ExistingTableRequiredColumn","Manual mapping required; no safe automatic target column was inferred.","Use IAS_ZTBL default if legacy value is null.","CurrentState","Requires tbl_entity migration and entity-code crosswalk.","Low","Current compliance case."
"AIS_T_AU_POST_COMPLIANCE","AUDITED_BY","NUMBER","tbl_compliance_case","REVIEW_REQUIRED","ExistingTableRequiredColumn","Manual mapping required; no safe automatic target column was inferred.","Use IAS_ZTBL default if legacy value is null.","CurrentState","Requires tbl_entity migration and entity-code crosswalk.","Low","Current compliance case."
"AIS_T_AU_POST_COMPLIANCE","ENTITY_TYPE_ID","NUMBER","tbl_compliance_case","compliance_case_id","ExistingTableExistingColumn","Direct copy after datatype coercion and audit-column normalization.","Use IAS_ZTBL default if legacy value is null.","CurrentState","Requires tbl_entity migration and entity-code crosswalk.","Medium","Current compliance case."
"AIS_T_AU_POST_COMPLIANCE","COM_CYCLE","NUMBER","tbl_compliance_case","compliance_cycle_no","ExistingTableExistingColumn","Direct copy after datatype coercion and audit-column normalization.","Use IAS_ZTBL default if legacy value is null.","CurrentState","Requires tbl_entity migration and entity-code crosswalk.","High","Current compliance case."
"AIS_T_AU_POST_COMPLIANCE","COM_STATUS","NUMBER","tbl_compliance_case","compliance_status_id","ExistingTableExistingColumn","Map via compliance status normalization register.","Use IAS_ZTBL default if legacy value is null.","CurrentState","Requires tbl_entity migration and entity-code crosswalk.","High","Current compliance case."
"AIS_T_AU_POST_COMPLIANCE","COM_STAGE","NUMBER","tbl_compliance_case","compliance_stage_id","ExistingTableExistingColumn","Map via compliance stage normalization register.","Use IAS_ZTBL default if legacy value is null.","CurrentState","Requires tbl_entity migration and entity-code crosswalk.","High","Current compliance case."
"AIS_T_AU_POST_COMPLIANCE","PARA_STATUS","NUMBER","tbl_compliance_case","REVIEW_REQUIRED","ExistingTableRequiredColumn","Manual mapping required; no safe automatic target column was inferred.","Use IAS_ZTBL default if legacy value is null.","CurrentState","Requires tbl_entity migration and entity-code crosswalk.","Low","Current compliance case."
"AIS_T_AU_POST_COMPLIANCE","PARA_NO","VARCHAR2","tbl_compliance_case","legacy_para_no","ExistingTableRequiredColumn","Add legacy_para_no on tbl_compliance_case for migration traceability.","Use IAS_ZTBL default if legacy value is null.","CurrentState","Requires tbl_entity migration and entity-code crosswalk.","Medium","Current compliance case."
"AIS_T_AU_POST_COMPLIANCE","GIST_OF_PARAS","VARCHAR2","tbl_compliance_case","gist_text","ExistingTableRequiredColumn","Add gist_text column to tbl_compliance_case or stage into tbl_compliance_action with action_type=SUMMARY.","Use IAS_ZTBL default if legacy value is null.","CurrentState","Requires tbl_entity migration and entity-code crosswalk.","Medium","Current compliance case."
"AIS_T_AU_POST_COMPLIANCE","SETTELED_ON","DATE","tbl_compliance_case","closed_on","ExistingTableExistingColumn","Treat settled-on as closure date when case is terminal.","Use IAS_ZTBL default if legacy value is null.","CurrentState","Requires tbl_entity migration and entity-code crosswalk.","Medium","Current compliance case."
"AIS_T_AU_POST_COMPLIANCE","SETTELED_BY","NUMBER","tbl_compliance_case","approved_by","ExistingTableExistingColumn","Resolve settlement approver to tbl_user.user_id.","Use IAS_ZTBL default if legacy value is null.","CurrentState","Requires tbl_user migration and PPNO-to-user_id crosswalk.","Medium","Current compliance case."
"AIS_T_AU_POST_COMPLIANCE","IND","VARCHAR2","tbl_compliance_case","REVIEW_REQUIRED","ExistingTableRequiredColumn","Manual mapping required; no safe automatic target column was inferred.","Use IAS_ZTBL default if legacy value is null.","CurrentState","Requires tbl_entity migration and entity-code crosswalk.","Low","Current compliance case."
"AIS_T_AU_POST_COMPLIANCE","PARA_ADDED_ON","DATE","tbl_compliance_case","REVIEW_REQUIRED","ExistingTableRequiredColumn","Manual mapping required; no safe automatic target column was inferred.","Use IAS_ZTBL default if legacy value is null.","CurrentState","Requires tbl_entity migration and entity-code crosswalk.","Low","Current compliance case."
"AIS_T_AU_POST_COMPLIANCE","CAU_STATUS","NUMBER","tbl_compliance_case","REVIEW_REQUIRED","ExistingTableRequiredColumn","Manual mapping required; no safe automatic target column was inferred.","Use IAS_ZTBL default if legacy value is null.","CurrentState","Requires tbl_entity migration and entity-code crosswalk.","Low","Current compliance case."
"AIS_T_AU_POST_COMPLIANCE","CAU_ASSIGNED_ENT_ID","NUMBER","tbl_compliance_case","compliance_case_id","ExistingTableExistingColumn","Direct copy after datatype coercion and audit-column normalization.","Use IAS_ZTBL default if legacy value is null.","CurrentState","Requires tbl_entity migration and entity-code crosswalk.","Medium","Current compliance case."
"AIS_T_AU_POST_COMPLIANCE","BR_RESPONSE_BY","NUMBER","tbl_compliance_case","REVIEW_REQUIRED","ExistingTableRequiredColumn","Manual mapping required; no safe automatic target column was inferred.","Use IAS_ZTBL default if legacy value is null.","CurrentState","Requires tbl_entity migration and entity-code crosswalk.","Low","Current compliance case."
"AIS_T_AU_POST_COMPLIANCE","BR_RESPONSE_ON","DATE","tbl_compliance_case","REVIEW_REQUIRED","ExistingTableRequiredColumn","Manual mapping required; no safe automatic target column was inferred.","Use IAS_ZTBL default if legacy value is null.","CurrentState","Requires tbl_entity migration and entity-code crosswalk.","Low","Current compliance case."
"AIS_T_AU_POST_COMPLIANCE","CAU_ASSIGNED_BY","NUMBER","tbl_compliance_case","REVIEW_REQUIRED","ExistingTableRequiredColumn","Manual mapping required; no safe automatic target column was inferred.","Use IAS_ZTBL default if legacy value is null.","CurrentState","Requires tbl_entity migration and entity-code crosswalk.","Low","Current compliance case."
"AIS_T_AU_POST_COMPLIANCE","CAU_ASSIGNED_ON","DATE","tbl_compliance_case","REVIEW_REQUIRED","ExistingTableRequiredColumn","Manual mapping required; no safe automatic target column was inferred.","Use IAS_ZTBL default if legacy value is null.","CurrentState","Requires tbl_entity migration and entity-code crosswalk.","Low","Current compliance case."
"AIS_T_AU_POST_COMPLIANCE","SETTLEMENT_COM_REVIEWED_BY","NUMBER","tbl_compliance_case","approved_by","ExistingTableExistingColumn","Resolve reviewer/approver to tbl_user.user_id.","Use IAS_ZTBL default if legacy value is null.","CurrentState","Requires tbl_user migration and PPNO-to-user_id crosswalk.","Medium","Current compliance case."
"AIS_T_AU_POST_COMPLIANCE","SETTLEMENT_COM_REVIEWED_ON","DATE","tbl_compliance_case","approved_on","ExistingTableExistingColumn","Direct copy after datatype coercion and audit-column normalization.","Use IAS_ZTBL default if legacy value is null.","CurrentState","Requires tbl_entity migration and entity-code crosswalk.","Medium","Current compliance case."
"AIS_T_AU_POST_COMPLIANCE","RISK","NUMBER","tbl_compliance_case","REVIEW_REQUIRED","ExistingTableRequiredColumn","Manual mapping required; no safe automatic target column was inferred.","Use IAS_ZTBL default if legacy value is null.","CurrentState","Requires tbl_entity migration and entity-code crosswalk.","Low","Current compliance case."
"AIS_T_AU_POST_COMPLIANCE","ANNEX","NUMBER","tbl_compliance_case","REVIEW_REQUIRED","ExistingTableRequiredColumn","Manual mapping required; no safe automatic target column was inferred.","Use IAS_ZTBL default if legacy value is null.","CurrentState","Requires tbl_entity migration and entity-code crosswalk.","Low","Current compliance case."
"AIS_T_AU_POST_COMPLIANCE","NO_OF_INSTANCES","NUMBER","tbl_compliance_case","instance_count","ExistingTableRequiredColumn","Add instance_count to compliance case.","Use IAS_ZTBL default if legacy value is null.","CurrentState","Requires tbl_entity migration and entity-code crosswalk.","Medium","Current compliance case."
"AIS_T_AU_POST_COMPLIANCE","ANNEX_REF_ID","NUMBER","tbl_compliance_case","compliance_case_id","ExistingTableExistingColumn","Direct copy after datatype coercion and audit-column normalization.","Use IAS_ZTBL default if legacy value is null.","CurrentState","Requires tbl_entity migration and entity-code crosswalk.","Medium","Current compliance case."
"AIS_T_AU_POST_COMPLIANCE","AMOUNT","VARCHAR2","tbl_compliance_case","amount_involved","ExistingTableRequiredColumn","Add numeric amount field to compliance case or action and cast legacy text safely.","Use IAS_ZTBL default if legacy value is null.","CurrentState","Requires tbl_entity migration and entity-code crosswalk.","Medium","Current compliance case."
"AIS_T_AU_POST_COMPLIANCE","REFERENCE_REVIEWED","NUMBER","tbl_compliance_case","REVIEW_REQUIRED","ExistingTableRequiredColumn","Manual mapping required; no safe automatic target column was inferred.","Use IAS_ZTBL default if legacy value is null.","CurrentState","Requires tbl_entity migration and entity-code crosswalk.","Low","Current compliance case."
"AIS_T_AU_POST_COMPLIANCE_EVIDENCE","ID","NUMBER","tbl_compliance_evidence","compliance_evidence_id","RequiredTable","Direct copy after datatype coercion and audit-column normalization.","Use IAS_ZTBL default if legacy value is null.","History","Requires tbl_entity migration and entity-code crosswalk.","Medium","Compliance evidence requires DDL extension."
"AIS_T_AU_POST_COMPLIANCE_EVIDENCE","FILE_NAME","VARCHAR2","tbl_compliance_evidence","name","RequiredTable","Direct copy after datatype coercion and audit-column normalization.","Use IAS_ZTBL default if legacy value is null.","History","Requires tbl_entity migration and entity-code crosswalk.","Low","Compliance evidence requires DDL extension."
"AIS_T_AU_POST_COMPLIANCE_EVIDENCE","LENGTH","NUMBER","tbl_compliance_evidence","REVIEW_REQUIRED","RequiredTable","Manual mapping required; no safe automatic target column was inferred.","Use IAS_ZTBL default if legacy value is null.","History","Requires tbl_entity migration and entity-code crosswalk.","Low","Compliance evidence requires DDL extension."
"AIS_T_AU_POST_COMPLIANCE_EVIDENCE","TEXTID","NUMBER","tbl_compliance_evidence","detail_text","RequiredTable","Load long text into normalized CLOB detail field.","Use IAS_ZTBL default if legacy value is null.","History","Requires tbl_entity migration and entity-code crosswalk.","Low","Compliance evidence requires DDL extension."
"AIS_T_AU_POST_COMPLIANCE_EVIDENCE","ENTEREDBY","NUMBER","tbl_compliance_evidence","created_by","RequiredTable","Resolve legacy PP/user identifier to tbl_user.user_id.","Use IAS_ZTBL default if legacy value is null.","History","Requires tbl_user migration and PPNO-to-user_id crosswalk.","Medium","Compliance evidence requires DDL extension."
"AIS_T_AU_POST_COMPLIANCE_EVIDENCE","ENTEREDDATE","DATE","tbl_compliance_evidence","created_on","RequiredTable","Direct copy after datatype coercion and audit-column normalization.","Use IAS_ZTBL default if legacy value is null.","History","Requires tbl_entity migration and entity-code crosswalk.","Medium","Compliance evidence requires DDL extension."
"AIS_T_AU_POST_COMPLIANCE_EVIDENCE","LASTUPDATEDBY","NUMBER","tbl_compliance_evidence","modified_by","RequiredTable","Resolve legacy PP/user identifier to tbl_user.user_id.","Use IAS_ZTBL default if legacy value is null.","History","Requires tbl_user migration and PPNO-to-user_id crosswalk.","Medium","Compliance evidence requires DDL extension."
"AIS_T_AU_POST_COMPLIANCE_EVIDENCE","LASTUPDATEDDATE","DATE","tbl_compliance_evidence","modified_on","RequiredTable","Direct copy after datatype coercion and audit-column normalization.","Use IAS_ZTBL default if legacy value is null.","History","Requires tbl_entity migration and entity-code crosswalk.","Medium","Compliance evidence requires DDL extension."
"AIS_T_AU_POST_COMPLIANCE_EVIDENCE","SEQUENCE","NUMBER","tbl_compliance_evidence","REVIEW_REQUIRED","RequiredTable","Manual mapping required; no safe automatic target column was inferred.","Use IAS_ZTBL default if legacy value is null.","History","Requires tbl_entity migration and entity-code crosswalk.","Low","Compliance evidence requires DDL extension."
"AIS_T_AU_POST_COMPLIANCE_EVIDENCE","DESCRIPTION","VARCHAR2","tbl_compliance_evidence","description","RequiredTable","Direct copy after datatype coercion and audit-column normalization.","Use IAS_ZTBL default if legacy value is null.","History","Requires tbl_entity migration and entity-code crosswalk.","Low","Compliance evidence requires DDL extension."
"AIS_T_AU_POST_COMPLIANCE_EVIDENCE","COMP_ID","NUMBER","tbl_compliance_evidence","compliance_evidence_id","RequiredTable","Direct copy after datatype coercion and audit-column normalization.","Use IAS_ZTBL default if legacy value is null.","History","Requires tbl_entity migration and entity-code crosswalk.","Medium","Compliance evidence requires DDL extension."
"AIS_T_AU_POST_COMPLIANCE_EVIDENCE","FILE_DATA","CLOB","tbl_compliance_evidence","REVIEW_REQUIRED","RequiredTable","Manual mapping required; no safe automatic target column was inferred.","Use IAS_ZTBL default if legacy value is null.","History","Requires tbl_entity migration and entity-code crosswalk.","Low","Compliance evidence requires DDL extension."
"AIS_T_AU_POST_COMPLIANCE_EVIDENCE_ARCHIVE","ID","NUMBER","tbl_compliance_evidence","compliance_evidence_id","RequiredTable","Direct copy after datatype coercion and audit-column normalization.","Use IAS_ZTBL default if legacy value is null.","History","Requires tbl_entity migration and entity-code crosswalk.","Medium","Compliance evidence requires DDL extension."
"AIS_T_AU_POST_COMPLIANCE_EVIDENCE_ARCHIVE","FILE_NAME","VARCHAR2","tbl_compliance_evidence","name","RequiredTable","Direct copy after datatype coercion and audit-column normalization.","Use IAS_ZTBL default if legacy value is null.","History","Requires tbl_entity migration and entity-code crosswalk.","Low","Compliance evidence requires DDL extension."
"AIS_T_AU_POST_COMPLIANCE_EVIDENCE_ARCHIVE","LENGTH","NUMBER","tbl_compliance_evidence","REVIEW_REQUIRED","RequiredTable","Manual mapping required; no safe automatic target column was inferred.","Use IAS_ZTBL default if legacy value is null.","History","Requires tbl_entity migration and entity-code crosswalk.","Low","Compliance evidence requires DDL extension."
"AIS_T_AU_POST_COMPLIANCE_EVIDENCE_ARCHIVE","TEXTID","NUMBER","tbl_compliance_evidence","detail_text","RequiredTable","Load long text into normalized CLOB detail field.","Use IAS_ZTBL default if legacy value is null.","History","Requires tbl_entity migration and entity-code crosswalk.","Low","Compliance evidence requires DDL extension."
"AIS_T_AU_POST_COMPLIANCE_EVIDENCE_ARCHIVE","ENTEREDBY","NUMBER","tbl_compliance_evidence","created_by","RequiredTable","Resolve legacy PP/user identifier to tbl_user.user_id.","Use IAS_ZTBL default if legacy value is null.","History","Requires tbl_user migration and PPNO-to-user_id crosswalk.","Medium","Compliance evidence requires DDL extension."
"AIS_T_AU_POST_COMPLIANCE_EVIDENCE_ARCHIVE","ENTEREDDATE","DATE","tbl_compliance_evidence","created_on","RequiredTable","Direct copy after datatype coercion and audit-column normalization.","Use IAS_ZTBL default if legacy value is null.","History","Requires tbl_entity migration and entity-code crosswalk.","Medium","Compliance evidence requires DDL extension."
"AIS_T_AU_POST_COMPLIANCE_EVIDENCE_ARCHIVE","LASTUPDATEDBY","NUMBER","tbl_compliance_evidence","modified_by","RequiredTable","Resolve legacy PP/user identifier to tbl_user.user_id.","Use IAS_ZTBL default if legacy value is null.","History","Requires tbl_user migration and PPNO-to-user_id crosswalk.","Medium","Compliance evidence requires DDL extension."
"AIS_T_AU_POST_COMPLIANCE_EVIDENCE_ARCHIVE","LASTUPDATEDDATE","DATE","tbl_compliance_evidence","modified_on","RequiredTable","Direct copy after datatype coercion and audit-column normalization.","Use IAS_ZTBL default if legacy value is null.","History","Requires tbl_entity migration and entity-code crosswalk.","Medium","Compliance evidence requires DDL extension."
"AIS_T_AU_POST_COMPLIANCE_EVIDENCE_ARCHIVE","SEQUENCE","NUMBER","tbl_compliance_evidence","REVIEW_REQUIRED","RequiredTable","Manual mapping required; no safe automatic target column was inferred.","Use IAS_ZTBL default if legacy value is null.","History","Requires tbl_entity migration and entity-code crosswalk.","Low","Compliance evidence requires DDL extension."
"AIS_T_AU_POST_COMPLIANCE_EVIDENCE_ARCHIVE","DESCRIPTION","VARCHAR2","tbl_compliance_evidence","description","RequiredTable","Direct copy after datatype coercion and audit-column normalization.","Use IAS_ZTBL default if legacy value is null.","History","Requires tbl_entity migration and entity-code crosswalk.","Low","Compliance evidence requires DDL extension."
"AIS_T_AU_POST_COMPLIANCE_EVIDENCE_ARCHIVE","COMP_ID","NUMBER","tbl_compliance_evidence","compliance_evidence_id","RequiredTable","Direct copy after datatype coercion and audit-column normalization.","Use IAS_ZTBL default if legacy value is null.","History","Requires tbl_entity migration and entity-code crosswalk.","Medium","Compliance evidence requires DDL extension."
"AIS_T_AU_POST_COMPLIANCE_EVIDENCE_ARCHIVE","FILE_DATA","CLOB","tbl_compliance_evidence","REVIEW_REQUIRED","RequiredTable","Manual mapping required; no safe automatic target column was inferred.","Use IAS_ZTBL default if legacy value is null.","History","Requires tbl_entity migration and entity-code crosswalk.","Low","Compliance evidence requires DDL extension."
"AIS_T_AU_POST_COMPLIANCE_EVIDENCE_CAU","ID","NUMBER","tbl_compliance_evidence","compliance_evidence_id","RequiredTable","Direct copy after datatype coercion and audit-column normalization.","Use IAS_ZTBL default if legacy value is null.","History","Requires tbl_entity migration and entity-code crosswalk.","Medium","Compliance evidence requires DDL extension."
"AIS_T_AU_POST_COMPLIANCE_EVIDENCE_CAU","FILE_NAME","VARCHAR2","tbl_compliance_evidence","name","RequiredTable","Direct copy after datatype coercion and audit-column normalization.","Use IAS_ZTBL default if legacy value is null.","History","Requires tbl_entity migration and entity-code crosswalk.","Low","Compliance evidence requires DDL extension."
"AIS_T_AU_POST_COMPLIANCE_EVIDENCE_CAU","LENGTH","NUMBER","tbl_compliance_evidence","REVIEW_REQUIRED","RequiredTable","Manual mapping required; no safe automatic target column was inferred.","Use IAS_ZTBL default if legacy value is null.","History","Requires tbl_entity migration and entity-code crosswalk.","Low","Compliance evidence requires DDL extension."
"AIS_T_AU_POST_COMPLIANCE_EVIDENCE_CAU","TEXTID","NUMBER","tbl_compliance_evidence","detail_text","RequiredTable","Load long text into normalized CLOB detail field.","Use IAS_ZTBL default if legacy value is null.","History","Requires tbl_entity migration and entity-code crosswalk.","Low","Compliance evidence requires DDL extension."
"AIS_T_AU_POST_COMPLIANCE_EVIDENCE_CAU","ENTEREDBY","NUMBER","tbl_compliance_evidence","created_by","RequiredTable","Resolve legacy PP/user identifier to tbl_user.user_id.","Use IAS_ZTBL default if legacy value is null.","History","Requires tbl_user migration and PPNO-to-user_id crosswalk.","Medium","Compliance evidence requires DDL extension."
"AIS_T_AU_POST_COMPLIANCE_EVIDENCE_CAU","ENTEREDDATE","DATE","tbl_compliance_evidence","created_on","RequiredTable","Direct copy after datatype coercion and audit-column normalization.","Use IAS_ZTBL default if legacy value is null.","History","Requires tbl_entity migration and entity-code crosswalk.","Medium","Compliance evidence requires DDL extension."
"AIS_T_AU_POST_COMPLIANCE_EVIDENCE_CAU","LASTUPDATEDBY","NUMBER","tbl_compliance_evidence","modified_by","RequiredTable","Resolve legacy PP/user identifier to tbl_user.user_id.","Use IAS_ZTBL default if legacy value is null.","History","Requires tbl_user migration and PPNO-to-user_id crosswalk.","Medium","Compliance evidence requires DDL extension."
"AIS_T_AU_POST_COMPLIANCE_EVIDENCE_CAU","LASTUPDATEDDATE","DATE","tbl_compliance_evidence","modified_on","RequiredTable","Direct copy after datatype coercion and audit-column normalization.","Use IAS_ZTBL default if legacy value is null.","History","Requires tbl_entity migration and entity-code crosswalk.","Medium","Compliance evidence requires DDL extension."
"AIS_T_AU_POST_COMPLIANCE_EVIDENCE_CAU","SEQUENCE","NUMBER","tbl_compliance_evidence","REVIEW_REQUIRED","RequiredTable","Manual mapping required; no safe automatic target column was inferred.","Use IAS_ZTBL default if legacy value is null.","History","Requires tbl_entity migration and entity-code crosswalk.","Low","Compliance evidence requires DDL extension."
"AIS_T_AU_POST_COMPLIANCE_EVIDENCE_CAU","DESCRIPTION","VARCHAR2","tbl_compliance_evidence","description","RequiredTable","Direct copy after datatype coercion and audit-column normalization.","Use IAS_ZTBL default if legacy value is null.","History","Requires tbl_entity migration and entity-code crosswalk.","Low","Compliance evidence requires DDL extension."
"AIS_T_AU_POST_COMPLIANCE_EVIDENCE_CAU","COMP_ID","NUMBER","tbl_compliance_evidence","compliance_evidence_id","RequiredTable","Direct copy after datatype coercion and audit-column normalization.","Use IAS_ZTBL default if legacy value is null.","History","Requires tbl_entity migration and entity-code crosswalk.","Medium","Compliance evidence requires DDL extension."
"AIS_T_AU_POST_COMPLIANCE_EVIDENCE_CAU","FILE_DATA","CLOB","tbl_compliance_evidence","REVIEW_REQUIRED","RequiredTable","Manual mapping required; no safe automatic target column was inferred.","Use IAS_ZTBL default if legacy value is null.","History","Requires tbl_entity migration and entity-code crosswalk.","Low","Compliance evidence requires DDL extension."
"AIS_T_AU_POST_COMPLIANCE_HISTORY","HIST_ID","NUMBER","tbl_compliance_case_history","compliance_case_history_id","RequiredTable","Direct copy after datatype coercion and audit-column normalization.","Use IAS_ZTBL default if legacy value is null.","History","Requires tbl_entity migration and entity-code crosswalk.","Medium","Compliance case history requires DDL extension."
"AIS_T_AU_POST_COMPLIANCE_HISTORY","COM_ID","NUMBER","tbl_compliance_case_history","compliance_case_history_id","RequiredTable","Direct copy after datatype coercion and audit-column normalization.","Use IAS_ZTBL default if legacy value is null.","History","Requires tbl_entity migration and entity-code crosswalk.","Medium","Compliance case history requires DDL extension."
"AIS_T_AU_POST_COMPLIANCE_HISTORY","COM_CYCLE","NUMBER","tbl_compliance_case_history","REVIEW_REQUIRED","RequiredTable","Manual mapping required; no safe automatic target column was inferred.","Use IAS_ZTBL default if legacy value is null.","History","Requires tbl_entity migration and entity-code crosswalk.","Low","Compliance case history requires DDL extension."
"AIS_T_AU_POST_COMPLIANCE_HISTORY","COM_STATUS","NUMBER","tbl_compliance_case_history","REVIEW_REQUIRED","RequiredTable","Manual mapping required; no safe automatic target column was inferred.","Use IAS_ZTBL default if legacy value is null.","History","Requires tbl_entity migration and entity-code crosswalk.","Low","Compliance case history requires DDL extension."
"AIS_T_AU_POST_COMPLIANCE_HISTORY","COM_STAGE","NUMBER","tbl_compliance_case_history","REVIEW_REQUIRED","RequiredTable","Manual mapping required; no safe automatic target column was inferred.","Use IAS_ZTBL default if legacy value is null.","History","Requires tbl_entity migration and entity-code crosswalk.","Low","Compliance case history requires DDL extension."
"AIS_T_AU_POST_COMPLIANCE_HISTORY","COMMENT_BY_ROLE","VARCHAR2","tbl_compliance_case_history","REVIEW_REQUIRED","RequiredTable","Manual mapping required; no safe automatic target column was inferred.","Use IAS_ZTBL default if legacy value is null.","History","Requires tbl_entity migration and entity-code crosswalk.","Low","Compliance case history requires DDL extension."
"AIS_T_AU_POST_COMPLIANCE_HISTORY","COMMENT_BY_PPNO","NUMBER","tbl_compliance_case_history","user_id","RequiredTable","Resolve legacy PPNO to tbl_user.user_id crosswalk.","Use IAS_ZTBL default if legacy value is null.","History","Requires tbl_user migration and PPNO-to-user_id crosswalk.","Medium","Compliance case history requires DDL extension."
"AIS_T_AU_POST_COMPLIANCE_HISTORY","COMMENT_ON","DATE","tbl_compliance_case_history","REVIEW_REQUIRED","RequiredTable","Manual mapping required; no safe automatic target column was inferred.","Use IAS_ZTBL default if legacy value is null.","History","Requires tbl_entity migration and entity-code crosswalk.","Low","Compliance case history requires DDL extension."
"AIS_T_AU_POST_COMPLIANCE_HISTORY","COMMENTS","VARCHAR2","tbl_compliance_case_history","REVIEW_REQUIRED","RequiredTable","Manual mapping required; no safe automatic target column was inferred.","Use IAS_ZTBL default if legacy value is null.","History","Requires tbl_entity migration and entity-code crosswalk.","Low","Compliance case history requires DDL extension."
"AIS_T_AU_POST_COMPLIANCE_HISTORY","COM_FLOW","VARCHAR2","tbl_compliance_case_history","REVIEW_REQUIRED","RequiredTable","Manual mapping required; no safe automatic target column was inferred.","Use IAS_ZTBL default if legacy value is null.","History","Requires tbl_entity migration and entity-code crosswalk.","Low","Compliance case history requires DDL extension."
"AIS_T_AU_POST_COMPLIANCE_TEXT","C_TXT_ID","NUMBER","tbl_compliance_action","compliance_action_id","ExistingTableExistingColumn","Direct copy after datatype coercion and audit-column normalization.","Use IAS_ZTBL default if legacy value is null.","History","Requires tbl_entity migration and entity-code crosswalk.","Medium","Compliance narrative/action text."
"AIS_T_AU_POST_COMPLIANCE_TEXT","COM_ID","NUMBER","tbl_compliance_action","compliance_action_id","ExistingTableExistingColumn","Direct copy after datatype coercion and audit-column normalization.","Use IAS_ZTBL default if legacy value is null.","History","Requires tbl_entity migration and entity-code crosswalk.","Medium","Compliance narrative/action text."
"AIS_T_AU_POST_COMPLIANCE_TEXT","REPLY","NCLOB","tbl_compliance_action","REVIEW_REQUIRED","ExistingTableRequiredColumn","Manual mapping required; no safe automatic target column was inferred.","Use IAS_ZTBL default if legacy value is null.","History","Requires tbl_entity migration and entity-code crosswalk.","Low","Compliance narrative/action text."
"AIS_T_AU_POST_COMPLIANCE_TEXT","COM_CYCLE","NUMBER","tbl_compliance_action","REVIEW_REQUIRED","ExistingTableRequiredColumn","Manual mapping required; no safe automatic target column was inferred.","Use IAS_ZTBL default if legacy value is null.","History","Requires tbl_entity migration and entity-code crosswalk.","Low","Compliance narrative/action text."
"AIS_T_AU_POST_COMPLIANCE_TEXT","STATUS","CHAR","tbl_compliance_action","REVIEW_REQUIRED","ExistingTableRequiredColumn","Manual mapping required; no safe automatic target column was inferred.","Use IAS_ZTBL default if legacy value is null.","History","Requires tbl_entity migration and entity-code crosswalk.","Low","Compliance narrative/action text."
"AIS_T_AU_POST_COMPLIANCE_TEXT_CAU","C_TXT_ID","NUMBER","tbl_compliance_action","compliance_action_id","ExistingTableExistingColumn","Direct copy after datatype coercion and audit-column normalization.","Use IAS_ZTBL default if legacy value is null.","History","Requires tbl_entity migration and entity-code crosswalk.","Medium","Compliance narrative/action text."
"AIS_T_AU_POST_COMPLIANCE_TEXT_CAU","COM_ID","NUMBER","tbl_compliance_action","compliance_action_id","ExistingTableExistingColumn","Direct copy after datatype coercion and audit-column normalization.","Use IAS_ZTBL default if legacy value is null.","History","Requires tbl_entity migration and entity-code crosswalk.","Medium","Compliance narrative/action text."
"AIS_T_AU_POST_COMPLIANCE_TEXT_CAU","REPLY","NCLOB","tbl_compliance_action","REVIEW_REQUIRED","ExistingTableRequiredColumn","Manual mapping required; no safe automatic target column was inferred.","Use IAS_ZTBL default if legacy value is null.","History","Requires tbl_entity migration and entity-code crosswalk.","Low","Compliance narrative/action text."
"AIS_T_AU_POST_COMPLIANCE_TEXT_CAU","CAU_INSTRUCTIONS","VARCHAR2","tbl_compliance_action","REVIEW_REQUIRED","ExistingTableRequiredColumn","Manual mapping required; no safe automatic target column was inferred.","Use IAS_ZTBL default if legacy value is null.","History","Requires tbl_entity migration and entity-code crosswalk.","Low","Compliance narrative/action text."
"AIS_T_AU_POST_COMPLIANCE_TEXT_CAU","STATUS","CHAR","tbl_compliance_action","REVIEW_REQUIRED","ExistingTableRequiredColumn","Manual mapping required; no safe automatic target column was inferred.","Use IAS_ZTBL default if legacy value is null.","History","Requires tbl_entity migration and entity-code crosswalk.","Low","Compliance narrative/action text."
"AIS_T_PARA_STATUS_CHANGE_LOG","LOG_ID","NUMBER","tbl_para_status_history","para_status_history_id","RequiredTable","Direct copy after datatype coercion and audit-column normalization.","Use IAS_ZTBL default if legacy value is null.","History","Requires parent table load order and surrogate key crosswalk.","Medium","Para status history requires DDL extension."
"AIS_T_PARA_STATUS_CHANGE_LOG","LOG_ID","NUMBER","tbl_para_status_history","para_status_history_id","RequiredTable","Direct copy after datatype coercion and audit-column normalization.","Use IAS_ZTBL default if legacy value is null.","History","Requires parent table load order and surrogate key crosswalk.","Medium","Para status history requires DDL extension."
"AIS_T_PARA_STATUS_CHANGE_LOG","COM_ID","NUMBER","tbl_para_status_history","para_status_history_id","RequiredTable","Direct copy after datatype coercion and audit-column normalization.","Use IAS_ZTBL default if legacy value is null.","History","Requires parent table load order and surrogate key crosswalk.","Medium","Para status history requires DDL extension."
"AIS_T_PARA_STATUS_CHANGE_LOG","COM_ID","NUMBER","tbl_para_status_history","para_status_history_id","RequiredTable","Direct copy after datatype coercion and audit-column normalization.","Use IAS_ZTBL default if legacy value is null.","History","Requires parent table load order and surrogate key crosswalk.","Medium","Para status history requires DDL extension."
"AIS_T_PARA_STATUS_CHANGE_LOG","OLD_STATUS","NUMBER","tbl_para_status_history","REVIEW_REQUIRED","RequiredTable","Manual mapping required; no safe automatic target column was inferred.","Use IAS_ZTBL default if legacy value is null.","History","Requires parent table load order and surrogate key crosswalk.","Low","Para status history requires DDL extension."
"AIS_T_PARA_STATUS_CHANGE_LOG","NEW_STATUS","NUMBER","tbl_para_status_history","REVIEW_REQUIRED","RequiredTable","Manual mapping required; no safe automatic target column was inferred.","Use IAS_ZTBL default if legacy value is null.","History","Requires parent table load order and surrogate key crosswalk.","Low","Para status history requires DDL extension."
"AIS_T_PARA_STATUS_CHANGE_LOG","MAKER_REMARKS","VARCHAR2","tbl_para_status_history","REVIEW_REQUIRED","RequiredTable","Manual mapping required; no safe automatic target column was inferred.","Use IAS_ZTBL default if legacy value is null.","History","Requires parent table load order and surrogate key crosswalk.","Low","Para status history requires DDL extension."
"AIS_T_PARA_STATUS_CHANGE_LOG","AUTHORIZER_REMARKS","VARCHAR2","tbl_para_status_history","REVIEW_REQUIRED","RequiredTable","Manual mapping required; no safe automatic target column was inferred.","Use IAS_ZTBL default if legacy value is null.","History","Requires parent table load order and surrogate key crosswalk.","Low","Para status history requires DDL extension."
"AIS_T_PARA_STATUS_CHANGE_LOG","CHANGED_BY","NUMBER","tbl_para_status_history","REVIEW_REQUIRED","RequiredTable","Manual mapping required; no safe automatic target column was inferred.","Use IAS_ZTBL default if legacy value is null.","History","Requires parent table load order and surrogate key crosswalk.","Low","Para status history requires DDL extension."
"AIS_T_PARA_STATUS_CHANGE_LOG","CHANGED_ON","DATE","tbl_para_status_history","REVIEW_REQUIRED","RequiredTable","Manual mapping required; no safe automatic target column was inferred.","Use IAS_ZTBL default if legacy value is null.","History","Requires parent table load order and surrogate key crosswalk.","Low","Para status history requires DDL extension."
"AIS_T_PARA_STATUS_CHANGE_LOG","AUTHORIZED_BY","NUMBER","tbl_para_status_history","REVIEW_REQUIRED","RequiredTable","Manual mapping required; no safe automatic target column was inferred.","Use IAS_ZTBL default if legacy value is null.","History","Requires parent table load order and surrogate key crosswalk.","Low","Para status history requires DDL extension."
"AIS_T_PARA_STATUS_CHANGE_LOG","AUTHORIZED_ON","DATE","tbl_para_status_history","REVIEW_REQUIRED","RequiredTable","Manual mapping required; no safe automatic target column was inferred.","Use IAS_ZTBL default if legacy value is null.","History","Requires parent table load order and surrogate key crosswalk.","Low","Para status history requires DDL extension."
"AIS_T_PARA_STATUS_CHANGE_LOG","ACTION_STATUS","VARCHAR2","tbl_para_status_history","REVIEW_REQUIRED","RequiredTable","Manual mapping required; no safe automatic target column was inferred.","Use IAS_ZTBL default if legacy value is null.","History","Requires parent table load order and surrogate key crosswalk.","Low","Para status history requires DDL extension."
"TBL_PARA_REFERENCE_LINKS","LINK_ID","NUMBER","REVIEW_REQUIRED","REVIEW_REQUIRED","ReviewRequired","Manual mapping required; no safe automatic target column was inferred.","Use IAS_ZTBL default if legacy value is null.","Review","Requires parent table load order and surrogate key crosswalk.","Low","No confident automatic target mapping."
"TBL_PARA_REFERENCE_LINKS","LINK_ID","NUMBER","REVIEW_REQUIRED","REVIEW_REQUIRED","ReviewRequired","Manual mapping required; no safe automatic target column was inferred.","Use IAS_ZTBL default if legacy value is null.","Review","Requires parent table load order and surrogate key crosswalk.","Low","No confident automatic target mapping."
"TBL_PARA_REFERENCE_LINKS","ENTITY_ID","NUMBER","REVIEW_REQUIRED","entity_id","ReviewRequired","Direct copy after datatype coercion and audit-column normalization.","Use IAS_ZTBL default if legacy value is null.","Review","Requires tbl_entity migration and entity-code crosswalk.","Medium","No confident automatic target mapping."
"TBL_PARA_REFERENCE_LINKS","OLD_PARA_ID","NUMBER","REVIEW_REQUIRED","REVIEW_REQUIRED","ReviewRequired","Manual mapping required; no safe automatic target column was inferred.","Use IAS_ZTBL default if legacy value is null.","Review","Requires parent table load order and surrogate key crosswalk.","Low","No confident automatic target mapping."
"TBL_PARA_REFERENCE_LINKS","NEW_PARA_ID","NUMBER","REVIEW_REQUIRED","REVIEW_REQUIRED","ReviewRequired","Manual mapping required; no safe automatic target column was inferred.","Use IAS_ZTBL default if legacy value is null.","Review","Requires parent table load order and surrogate key crosswalk.","Low","No confident automatic target mapping."
"TBL_PARA_REFERENCE_LINKS","PARA_ID","NUMBER","REVIEW_REQUIRED","REVIEW_REQUIRED","ReviewRequired","Manual mapping required; no safe automatic target column was inferred.","Use IAS_ZTBL default if legacy value is null.","Review","Requires parent table load order and surrogate key crosswalk.","Low","No confident automatic target mapping."
"TBL_PARA_REFERENCE_LINKS","REFERENCE_ID","NUMBER","REVIEW_REQUIRED","REVIEW_REQUIRED","ReviewRequired","Manual mapping required; no safe automatic target column was inferred.","Use IAS_ZTBL default if legacy value is null.","Review","Requires parent table load order and surrogate key crosswalk.","Low","No confident automatic target mapping."
"TBL_PARA_REFERENCE_LINKS","REFERENCE_TITLE","VARCHAR2","REVIEW_REQUIRED","heading_text","ReviewRequired","Load descriptive heading into normalized heading/title field.","Use IAS_ZTBL default if legacy value is null.","Review","Requires parent table load order and surrogate key crosswalk.","Low","No confident automatic target mapping."
"TBL_PARA_REFERENCE_LINKS","CREDIT_MANUAL_ID","NUMBER","REVIEW_REQUIRED","REVIEW_REQUIRED","ReviewRequired","Manual mapping required; no safe automatic target column was inferred.","Use IAS_ZTBL default if legacy value is null.","Review","Requires parent table load order and surrogate key crosswalk.","Low","No confident automatic target mapping."
"TBL_PARA_REFERENCE_LINKS","OP_MANUAL_ID","NUMBER","REVIEW_REQUIRED","REVIEW_REQUIRED","ReviewRequired","Manual mapping required; no safe automatic target column was inferred.","Use IAS_ZTBL default if legacy value is null.","Review","Requires parent table load order and surrogate key crosswalk.","Low","No confident automatic target mapping."
"TBL_PARA_REFERENCE_LINKS","MANUAL_TYPE","VARCHAR2","REVIEW_REQUIRED","REVIEW_REQUIRED","ReviewRequired","Manual mapping required; no safe automatic target column was inferred.","Use IAS_ZTBL default if legacy value is null.","Review","Requires parent table load order and surrogate key crosswalk.","Low","No confident automatic target mapping."
"TBL_PARA_REFERENCE_LINKS","CHAPTER","VARCHAR2","REVIEW_REQUIRED","REVIEW_REQUIRED","ReviewRequired","Manual mapping required; no safe automatic target column was inferred.","Use IAS_ZTBL default if legacy value is null.","Review","Requires parent table load order and surrogate key crosswalk.","Low","No confident automatic target mapping."
"TBL_PARA_REFERENCE_LINKS","MATCHED_TEXT","VARCHAR2","REVIEW_REQUIRED","detail_text","ReviewRequired","Load long text into normalized CLOB detail field.","Use IAS_ZTBL default if legacy value is null.","Review","Requires parent table load order and surrogate key crosswalk.","Low","No confident automatic target mapping."
"TBL_PARA_REFERENCE_LINKS","LINK_TYPE","VARCHAR2","REVIEW_REQUIRED","REVIEW_REQUIRED","ReviewRequired","Manual mapping required; no safe automatic target column was inferred.","Use IAS_ZTBL default if legacy value is null.","Review","Requires parent table load order and surrogate key crosswalk.","Low","No confident automatic target mapping."
"TBL_PARA_REFERENCE_LINKS","CREATED_ON","DATE","REVIEW_REQUIRED","created_on","ReviewRequired","Direct copy after datatype coercion and audit-column normalization.","Use IAS_ZTBL default if legacy value is null.","Review","Requires parent table load order and surrogate key crosswalk.","Medium","No confident automatic target mapping."
"TBL_PARA_REFERENCE_LINKS","NO_REFERENCE_FLAG","CHAR","REVIEW_REQUIRED","REVIEW_REQUIRED","ReviewRequired","Manual mapping required; no safe automatic target column was inferred.","Use IAS_ZTBL default if legacy value is null.","Review","Requires parent table load order and surrogate key crosswalk.","Low","No confident automatic target mapping."
"TBL_PARA_REFERENCE_LINKS","ISSUANCE_DATE","DATE","REVIEW_REQUIRED","REVIEW_REQUIRED","ReviewRequired","Manual mapping required; no safe automatic target column was inferred.","Use IAS_ZTBL default if legacy value is null.","Review","Requires parent table load order and surrogate key crosswalk.","Low","No confident automatic target mapping."
"TBL_PUBLIC_HOLIDAYS","ID","NUMBER","REVIEW_REQUIRED","REVIEW_REQUIRED","ReviewRequired","Manual mapping required; no safe automatic target column was inferred.","Use IAS_ZTBL default if legacy value is null.","Review","Requires parent table load order and surrogate key crosswalk.","Low","No confident automatic target mapping."
"TBL_PUBLIC_HOLIDAYS","ID","NUMBER","REVIEW_REQUIRED","REVIEW_REQUIRED","ReviewRequired","Manual mapping required; no safe automatic target column was inferred.","Use IAS_ZTBL default if legacy value is null.","Review","Requires parent table load order and surrogate key crosswalk.","Low","No confident automatic target mapping."
"TBL_PUBLIC_HOLIDAYS","HOLIDAY_DATE","DATE","REVIEW_REQUIRED","REVIEW_REQUIRED","ReviewRequired","Manual mapping required; no safe automatic target column was inferred.","Use IAS_ZTBL default if legacy value is null.","Review","Requires parent table load order and surrogate key crosswalk.","Low","No confident automatic target mapping."
"TBL_PUBLIC_HOLIDAYS","HOLIDAY_YEAR","NUMBER","REVIEW_REQUIRED","REVIEW_REQUIRED","ReviewRequired","Manual mapping required; no safe automatic target column was inferred.","Use IAS_ZTBL default if legacy value is null.","Review","Requires parent table load order and surrogate key crosswalk.","Low","No confident automatic target mapping."
"TBL_PUBLIC_HOLIDAYS","IS_WEEKEND","CHAR","REVIEW_REQUIRED","REVIEW_REQUIRED","ReviewRequired","Manual mapping required; no safe automatic target column was inferred.","Use IAS_ZTBL default if legacy value is null.","Review","Requires parent table load order and surrogate key crosswalk.","Low","No confident automatic target mapping."
"TBL_PUBLIC_HOLIDAYS","IS_HOLIDAY","CHAR","REVIEW_REQUIRED","REVIEW_REQUIRED","ReviewRequired","Manual mapping required; no safe automatic target column was inferred.","Use IAS_ZTBL default if legacy value is null.","Review","Requires parent table load order and surrogate key crosswalk.","Low","No confident automatic target mapping."
"TBL_PUBLIC_HOLIDAYS","HOLIDAY_NAME","VARCHAR2","REVIEW_REQUIRED","name","ReviewRequired","Direct copy after datatype coercion and audit-column normalization.","Use IAS_ZTBL default if legacy value is null.","Review","Requires parent table load order and surrogate key crosswalk.","Low","No confident automatic target mapping."
"TEMP_ATAS_T_DISB_STATUS","ACCOUNTSTATUSID","NUMBER","REVIEW_REQUIRED","REVIEW_REQUIRED","ReviewRequired","Manual mapping required; no safe automatic target column was inferred.","Use IAS_ZTBL default if legacy value is null.","Review","Requires parent table load order and surrogate key crosswalk.","Low","No confident automatic target mapping."
"TEMP_ATAS_T_DISB_STATUS","DESCRIPTION","VARCHAR2","REVIEW_REQUIRED","description","ReviewRequired","Direct copy after datatype coercion and audit-column normalization.","Use IAS_ZTBL default if legacy value is null.","Review","Requires parent table load order and surrogate key crosswalk.","Low","No confident automatic target mapping."
"TEMP_ATAS_T_GLSUB","GLSUBCODE","VARCHAR2","REVIEW_REQUIRED","REVIEW_REQUIRED","ReviewRequired","Manual mapping required; no safe automatic target column was inferred.","Use IAS_ZTBL default if legacy value is null.","Review","Requires parent table load order and surrogate key crosswalk.","Low","No confident automatic target mapping."
"TEMP_ATAS_T_GLSUB","GLSUBNAME","VARCHAR2","REVIEW_REQUIRED","name","ReviewRequired","Direct copy after datatype coercion and audit-column normalization.","Use IAS_ZTBL default if legacy value is null.","Review","Requires parent table load order and surrogate key crosswalk.","Low","No confident automatic target mapping."
"T_AUDITEE_CHECKKLIST","ID","NUMBER","REVIEW_REQUIRED","REVIEW_REQUIRED","ReviewRequired","Manual mapping required; no safe automatic target column was inferred.","Use IAS_ZTBL default if legacy value is null.","Review","Requires parent table load order and surrogate key crosswalk.","Low","No confident automatic target mapping."
"T_AUDITEE_CHECKKLIST","ENG_ID","NUMBER","REVIEW_REQUIRED","REVIEW_REQUIRED","ReviewRequired","Manual mapping required; no safe automatic target column was inferred.","Use IAS_ZTBL default if legacy value is null.","Review","Requires parent table load order and surrogate key crosswalk.","Low","No confident automatic target mapping."
"T_AUDITEE_CHECKKLIST","CHECKLIST_ID","NUMBER","REVIEW_REQUIRED","REVIEW_REQUIRED","ReviewRequired","Manual mapping required; no safe automatic target column was inferred.","Use IAS_ZTBL default if legacy value is null.","Review","Requires parent table load order and surrogate key crosswalk.","Low","No confident automatic target mapping."
"T_AUDITEE_CHECKKLIST","ENTEREDBY","NUMBER","REVIEW_REQUIRED","created_by","ReviewRequired","Resolve legacy PP/user identifier to tbl_user.user_id.","Use IAS_ZTBL default if legacy value is null.","Review","Requires tbl_user migration and PPNO-to-user_id crosswalk.","Medium","No confident automatic target mapping."
"T_AUDITEE_CHECKKLIST","ENTEREDON","DATE","REVIEW_REQUIRED","REVIEW_REQUIRED","ReviewRequired","Manual mapping required; no safe automatic target column was inferred.","Use IAS_ZTBL default if legacy value is null.","Review","Requires parent table load order and surrogate key crosswalk.","Low","No confident automatic target mapping."
"T_AUDITEE_CHECKKLIST","STATUS","NUMBER","REVIEW_REQUIRED","REVIEW_REQUIRED","ReviewRequired","Manual mapping required; no safe automatic target column was inferred.","Use IAS_ZTBL default if legacy value is null.","Review","Requires parent table load order and surrogate key crosswalk.","Low","No confident automatic target mapping."
"T_AUDITEE_CHECKKLIST","ACTION","VARCHAR2","REVIEW_REQUIRED","REVIEW_REQUIRED","ReviewRequired","Manual mapping required; no safe automatic target column was inferred.","Use IAS_ZTBL default if legacy value is null.","Review","Requires parent table load order and surrogate key crosswalk.","Low","No confident automatic target mapping."
"T_AUDITEE_ENTITEE_SUBENTITY","ID","NUMBER","REVIEW_REQUIRED","REVIEW_REQUIRED","ReviewRequired","Manual mapping required; no safe automatic target column was inferred.","Use IAS_ZTBL default if legacy value is null.","Review","Requires parent table load order and surrogate key crosswalk.","Low","No confident automatic target mapping."
"T_AUDITEE_ENTITEE_SUBENTITY","NAME","VARCHAR2","REVIEW_REQUIRED","name","ReviewRequired","Direct copy after datatype coercion and audit-column normalization.","Use IAS_ZTBL default if legacy value is null.","Review","Requires parent table load order and surrogate key crosswalk.","Low","No confident automatic target mapping."
"T_AUDITEE_ENTITEE_SUBENTITY","DEPT_ID","NUMBER","REVIEW_REQUIRED","REVIEW_REQUIRED","ReviewRequired","Manual mapping required; no safe automatic target column was inferred.","Use IAS_ZTBL default if legacy value is null.","Review","Requires parent table load order and surrogate key crosswalk.","Low","No confident automatic target mapping."
"T_AUDITEE_ENTITEE_SUBENTITY","PARENT_ENITITID","NUMBER","REVIEW_REQUIRED","REVIEW_REQUIRED","ReviewRequired","Manual mapping required; no safe automatic target column was inferred.","Use IAS_ZTBL default if legacy value is null.","Review","Requires parent table load order and surrogate key crosswalk.","Low","No confident automatic target mapping."
"T_AUDITEE_ENTITEE_SUBENTITY","STATUS","VARCHAR2","REVIEW_REQUIRED","REVIEW_REQUIRED","ReviewRequired","Manual mapping required; no safe automatic target column was inferred.","Use IAS_ZTBL default if legacy value is null.","Review","Requires parent table load order and surrogate key crosswalk.","Low","No confident automatic target mapping."
"T_AUDITEE_ENTITEE_SUBENTITY","ENITITY_ID","NUMBER","REVIEW_REQUIRED","REVIEW_REQUIRED","ReviewRequired","Manual mapping required; no safe automatic target column was inferred.","Use IAS_ZTBL default if legacy value is null.","Review","Requires parent table load order and surrogate key crosswalk.","Low","No confident automatic target mapping."
"T_AUDITEE_ENTITIES","ENTITY_ID","NUMBER","tbl_entity","entity_id","ExistingTableExistingColumn","Direct copy after datatype coercion and audit-column normalization.","Use IAS_ZTBL default if legacy value is null.","CurrentState","Requires tbl_entity migration and entity-code crosswalk.","Medium","Core entity master."
"T_AUDITEE_ENTITIES","CODE","NUMBER","tbl_entity","REVIEW_REQUIRED","ExistingTableRequiredColumn","Manual mapping required; no safe automatic target column was inferred.","Use IAS_ZTBL default if legacy value is null.","CurrentState","Requires tbl_entity migration and entity-code crosswalk.","Low","Core entity master."
"T_AUDITEE_ENTITIES","DESCRIPTION","VARCHAR2","tbl_entity","description","ExistingTableRequiredColumn","Direct copy after datatype coercion and audit-column normalization.","Use IAS_ZTBL default if legacy value is null.","CurrentState","Requires tbl_entity migration and entity-code crosswalk.","Low","Core entity master."
"T_AUDITEE_ENTITIES","NAME","VARCHAR2","tbl_entity","name","ExistingTableRequiredColumn","Direct copy after datatype coercion and audit-column normalization.","Use IAS_ZTBL default if legacy value is null.","CurrentState","Requires tbl_entity migration and entity-code crosswalk.","Low","Core entity master."
"T_AUDITEE_ENTITIES","TYPE_ID","NUMBER","tbl_entity","entity_type_id","ExistingTableExistingColumn","Direct copy after datatype coercion and audit-column normalization.","Use IAS_ZTBL default if legacy value is null.","CurrentState","Requires tbl_entity migration and entity-code crosswalk.","Medium","Core entity master."
"T_AUDITEE_ENTITIES","AUDITBY_ID","NUMBER","tbl_entity","entity_id","ExistingTableExistingColumn","Direct copy after datatype coercion and audit-column normalization.","Use IAS_ZTBL default if legacy value is null.","CurrentState","Requires tbl_entity migration and entity-code crosswalk.","Medium","Core entity master."
"T_AUDITEE_ENTITIES","INSPECTEDBY_ID","NUMBER","tbl_entity","entity_id","ExistingTableExistingColumn","Direct copy after datatype coercion and audit-column normalization.","Use IAS_ZTBL default if legacy value is null.","CurrentState","Requires tbl_entity migration and entity-code crosswalk.","Medium","Core entity master."
"T_AUDITEE_ENTITIES","COST_CENTER","NUMBER","tbl_entity","REVIEW_REQUIRED","ExistingTableRequiredColumn","Manual mapping required; no safe automatic target column was inferred.","Use IAS_ZTBL default if legacy value is null.","CurrentState","Requires tbl_entity migration and entity-code crosswalk.","Low","Core entity master."
"T_AUDITEE_ENTITIES","ACTIVE","CHAR","tbl_entity","REVIEW_REQUIRED","ExistingTableRequiredColumn","Manual mapping required; no safe automatic target column was inferred.","Use IAS_ZTBL default if legacy value is null.","CurrentState","Requires tbl_entity migration and entity-code crosswalk.","Low","Core entity master."
"T_AUDITEE_ENTITIES","AUDITABLE","VARCHAR2","tbl_entity","REVIEW_REQUIRED","ExistingTableRequiredColumn","Manual mapping required; no safe automatic target column was inferred.","Use IAS_ZTBL default if legacy value is null.","CurrentState","Requires tbl_entity migration and entity-code crosswalk.","Low","Core entity master."
"T_AUDITEE_ENTITIES","AUDITOR","CHAR","tbl_entity","REVIEW_REQUIRED","ExistingTableRequiredColumn","Manual mapping required; no safe automatic target column was inferred.","Use IAS_ZTBL default if legacy value is null.","CurrentState","Requires tbl_entity migration and entity-code crosswalk.","Low","Core entity master."
"T_AUDITEE_ENTITIES","IAD","CHAR","tbl_entity","REVIEW_REQUIRED","ExistingTableRequiredColumn","Manual mapping required; no safe automatic target column was inferred.","Use IAS_ZTBL default if legacy value is null.","CurrentState","Requires tbl_entity migration and entity-code crosswalk.","Low","Core entity master."
"T_AUDITEE_ENTITIES","COMPLICE_BY","VARCHAR2","tbl_entity","REVIEW_REQUIRED","ExistingTableRequiredColumn","Manual mapping required; no safe automatic target column was inferred.","Use IAS_ZTBL default if legacy value is null.","CurrentState","Requires tbl_entity migration and entity-code crosswalk.","Low","Core entity master."
"T_AUDITEE_ENTITIES","COMPLIANCE_UNIT","NUMBER","tbl_entity","REVIEW_REQUIRED","ExistingTableRequiredColumn","Manual mapping required; no safe automatic target column was inferred.","Use IAS_ZTBL default if legacy value is null.","CurrentState","Requires tbl_entity migration and entity-code crosswalk.","Low","Core entity master."
"T_AUDITEE_ENTITIES","ADDRESS","VARCHAR2","tbl_entity","REVIEW_REQUIRED","ExistingTableRequiredColumn","Manual mapping required; no safe automatic target column was inferred.","Use IAS_ZTBL default if legacy value is null.","CurrentState","Requires tbl_entity migration and entity-code crosswalk.","Low","Core entity master."
"T_AUDITEE_ENTITIES","TELEPHONE","VARCHAR2","tbl_entity","REVIEW_REQUIRED","ExistingTableRequiredColumn","Manual mapping required; no safe automatic target column was inferred.","Use IAS_ZTBL default if legacy value is null.","CurrentState","Requires tbl_entity migration and entity-code crosswalk.","Low","Core entity master."
"T_AUDITEE_ENTITIES","EMAIL_ADDRESS","VARCHAR2","tbl_entity","REVIEW_REQUIRED","ExistingTableRequiredColumn","Manual mapping required; no safe automatic target column was inferred.","Use IAS_ZTBL default if legacy value is null.","CurrentState","Requires tbl_entity migration and entity-code crosswalk.","Low","Core entity master."
"T_AUDITEE_ENTITIES","RISK_ID","NUMBER","tbl_entity","risk_rating_id","ExistingTableExistingColumn","Direct copy after datatype coercion and audit-column normalization.","Use IAS_ZTBL default if legacy value is null.","CurrentState","Requires tbl_entity migration and entity-code crosswalk.","Medium","Core entity master."
"T_AUDITEE_ENTITIES","SIZE_ID","NUMBER","tbl_entity","size_band_id","ExistingTableExistingColumn","Direct copy after datatype coercion and audit-column normalization.","Use IAS_ZTBL default if legacy value is null.","CurrentState","Requires tbl_entity migration and entity-code crosswalk.","Medium","Core entity master."
"T_AUDITEE_ENTITIES_ADDRESS","ENTITY_ID","NUMBER","REVIEW_REQUIRED","entity_id","ReviewRequired","Direct copy after datatype coercion and audit-column normalization.","Use IAS_ZTBL default if legacy value is null.","Review","Requires tbl_entity migration and entity-code crosswalk.","Medium","No confident automatic target mapping."
"T_AUDITEE_ENTITIES_ADDRESS","CODE","NUMBER","REVIEW_REQUIRED","REVIEW_REQUIRED","ReviewRequired","Manual mapping required; no safe automatic target column was inferred.","Use IAS_ZTBL default if legacy value is null.","Review","Requires parent table load order and surrogate key crosswalk.","Low","No confident automatic target mapping."
"T_AUDITEE_ENTITIES_ADDRESS","ADDRESS","VARCHAR2","REVIEW_REQUIRED","REVIEW_REQUIRED","ReviewRequired","Manual mapping required; no safe automatic target column was inferred.","Use IAS_ZTBL default if legacy value is null.","Review","Requires parent table load order and surrogate key crosswalk.","Low","No confident automatic target mapping."
"T_AUDITEE_ENTITIES_ADDRESS","TELEPHONE","VARCHAR2","REVIEW_REQUIRED","REVIEW_REQUIRED","ReviewRequired","Manual mapping required; no safe automatic target column was inferred.","Use IAS_ZTBL default if legacy value is null.","Review","Requires parent table load order and surrogate key crosswalk.","Low","No confident automatic target mapping."
"T_AUDITEE_ENTITIES_ADDRESS","PARENT_ID","NUMBER","REVIEW_REQUIRED","parent_entity_id","ReviewRequired","Direct copy after datatype coercion and audit-column normalization.","Use IAS_ZTBL default if legacy value is null.","Review","Requires tbl_entity migration and entity-code crosswalk.","Medium","No confident automatic target mapping."
"T_AUDITEE_ENTITIES_ADDRESS","DATE_OF_OPENING","DATE","REVIEW_REQUIRED","REVIEW_REQUIRED","ReviewRequired","Manual mapping required; no safe automatic target column was inferred.","Use IAS_ZTBL default if legacy value is null.","Review","Requires parent table load order and surrogate key crosswalk.","Low","No confident automatic target mapping."
"T_AUDITEE_ENTITIES_ADDRESS","LICENSE","VARCHAR2","REVIEW_REQUIRED","REVIEW_REQUIRED","ReviewRequired","Manual mapping required; no safe automatic target column was inferred.","Use IAS_ZTBL default if legacy value is null.","Review","Requires parent table load order and surrogate key crosswalk.","Low","No confident automatic target mapping."
"T_AUDITEE_ENTITIES_ADDRESS","STATUS","VARCHAR2","REVIEW_REQUIRED","REVIEW_REQUIRED","ReviewRequired","Manual mapping required; no safe automatic target column was inferred.","Use IAS_ZTBL default if legacy value is null.","Review","Requires parent table load order and surrogate key crosswalk.","Low","No confident automatic target mapping."
"T_AUDITEE_ENTITIES_ADDRESS","NAME","VARCHAR2","REVIEW_REQUIRED","name","ReviewRequired","Direct copy after datatype coercion and audit-column normalization.","Use IAS_ZTBL default if legacy value is null.","Review","Requires parent table load order and surrogate key crosswalk.","Low","No confident automatic target mapping."
"T_AUDITEE_ENTITIES_MAPING","PARENT_ID","NUMBER","tbl_entity_relation","parent_entity_id","ExistingTableExistingColumn","Direct copy after datatype coercion and audit-column normalization.","Use IAS_ZTBL default if legacy value is null.","CurrentState","Requires tbl_entity migration and entity-code crosswalk.","Medium","Entity relationship mapping."
"T_AUDITEE_ENTITIES_MAPING","PARENT_CODE","NUMBER","tbl_entity_relation","REVIEW_REQUIRED","ExistingTableRequiredColumn","Manual mapping required; no safe automatic target column was inferred.","Use IAS_ZTBL default if legacy value is null.","CurrentState","Requires tbl_entity migration and entity-code crosswalk.","Low","Entity relationship mapping."
"T_AUDITEE_ENTITIES_MAPING","CHILD_CODE","NUMBER","tbl_entity_relation","REVIEW_REQUIRED","ExistingTableRequiredColumn","Manual mapping required; no safe automatic target column was inferred.","Use IAS_ZTBL default if legacy value is null.","CurrentState","Requires tbl_entity migration and entity-code crosswalk.","Low","Entity relationship mapping."
"T_AUDITEE_ENTITIES_MAPING","ENTITY_ID","NUMBER","tbl_entity_relation","entity_id","ExistingTableRequiredColumn","Direct copy after datatype coercion and audit-column normalization.","Use IAS_ZTBL default if legacy value is null.","CurrentState","Requires tbl_entity migration and entity-code crosswalk.","Medium","Entity relationship mapping."
"T_AUDITEE_ENTITIES_MAPING","AUDITEDBY","NUMBER","tbl_entity_relation","REVIEW_REQUIRED","ExistingTableRequiredColumn","Manual mapping required; no safe automatic target column was inferred.","Use IAS_ZTBL default if legacy value is null.","CurrentState","Requires tbl_entity migration and entity-code crosswalk.","Low","Entity relationship mapping."
"T_AUDITEE_ENTITIES_MAPING","STATUS","VARCHAR2","tbl_entity_relation","REVIEW_REQUIRED","ExistingTableRequiredColumn","Manual mapping required; no safe automatic target column was inferred.","Use IAS_ZTBL default if legacy value is null.","CurrentState","Requires tbl_entity migration and entity-code crosswalk.","Low","Entity relationship mapping."
"T_AUDITEE_ENTITIES_MAPING","P_NAME","VARCHAR2","tbl_entity_relation","name","ExistingTableRequiredColumn","Direct copy after datatype coercion and audit-column normalization.","Use IAS_ZTBL default if legacy value is null.","CurrentState","Requires tbl_entity migration and entity-code crosswalk.","Low","Entity relationship mapping."
"T_AUDITEE_ENTITIES_MAPING","C_NAME","VARCHAR2","tbl_entity_relation","name","ExistingTableRequiredColumn","Direct copy after datatype coercion and audit-column normalization.","Use IAS_ZTBL default if legacy value is null.","CurrentState","Requires tbl_entity migration and entity-code crosswalk.","Low","Entity relationship mapping."
"T_AUDITEE_ENTITIES_MAPING","P_TYPE_ID","NUMBER","tbl_entity_relation","entity_relation_id","ExistingTableExistingColumn","Direct copy after datatype coercion and audit-column normalization.","Use IAS_ZTBL default if legacy value is null.","CurrentState","Requires tbl_entity migration and entity-code crosswalk.","Medium","Entity relationship mapping."
"T_AUDITEE_ENTITIES_MAPING","C_TYPE_ID","NUMBER","tbl_entity_relation","entity_relation_id","ExistingTableExistingColumn","Direct copy after datatype coercion and audit-column normalization.","Use IAS_ZTBL default if legacy value is null.","CurrentState","Requires tbl_entity migration and entity-code crosswalk.","Medium","Entity relationship mapping."
"T_AUDITEE_ENTITIES_MAPING","RELATION_TYPE_ID","NUMBER","tbl_entity_relation","entity_relation_id","ExistingTableExistingColumn","Direct copy after datatype coercion and audit-column normalization.","Use IAS_ZTBL default if legacy value is null.","CurrentState","Requires tbl_entity migration and entity-code crosswalk.","Medium","Entity relationship mapping."
"T_AUDITEE_ENTITIES_MAPING","R_KEY","VARCHAR2","tbl_entity_relation","REVIEW_REQUIRED","ExistingTableRequiredColumn","Manual mapping required; no safe automatic target column was inferred.","Use IAS_ZTBL default if legacy value is null.","CurrentState","Requires tbl_entity migration and entity-code crosswalk.","Low","Entity relationship mapping."
"T_AUDITEE_ENTITIES_MAPING","REPORTING","NUMBER","tbl_entity_relation","REVIEW_REQUIRED","ExistingTableRequiredColumn","Manual mapping required; no safe automatic target column was inferred.","Use IAS_ZTBL default if legacy value is null.","CurrentState","Requires tbl_entity migration and entity-code crosswalk.","Low","Entity relationship mapping."
"T_AUDITEE_ENTITIES_MAPING","GM_OFFICE","NUMBER","tbl_entity_relation","REVIEW_REQUIRED","ExistingTableRequiredColumn","Manual mapping required; no safe automatic target column was inferred.","Use IAS_ZTBL default if legacy value is null.","CurrentState","Requires tbl_entity migration and entity-code crosswalk.","Low","Entity relationship mapping."
"T_AUDITEE_ENTITIES_MAPING","DIV_OFFICE","NUMBER","tbl_entity_relation","REVIEW_REQUIRED","ExistingTableRequiredColumn","Manual mapping required; no safe automatic target column was inferred.","Use IAS_ZTBL default if legacy value is null.","CurrentState","Requires tbl_entity migration and entity-code crosswalk.","Low","Entity relationship mapping."
"T_AUDITEE_ENTITIES_MAPING","B_GROUP","NUMBER","tbl_entity_relation","REVIEW_REQUIRED","ExistingTableRequiredColumn","Manual mapping required; no safe automatic target column was inferred.","Use IAS_ZTBL default if legacy value is null.","CurrentState","Requires tbl_entity migration and entity-code crosswalk.","Low","Entity relationship mapping."
"T_AUDITEE_ENTITIES_MAPING_COM","ENTITY_ID","NUMBER","REVIEW_REQUIRED","entity_id","ReviewRequired","Direct copy after datatype coercion and audit-column normalization.","Use IAS_ZTBL default if legacy value is null.","Review","Requires tbl_entity migration and entity-code crosswalk.","Medium","No confident automatic target mapping."
"T_AUDITEE_ENTITIES_MAPING_COM","APPROVER_PPNO","NUMBER","REVIEW_REQUIRED","user_id","ReviewRequired","Resolve legacy PPNO to tbl_user.user_id crosswalk.","Use IAS_ZTBL default if legacy value is null.","Review","Requires tbl_user migration and PPNO-to-user_id crosswalk.","Medium","No confident automatic target mapping."
"T_AUDITEE_ENTITIES_MAPING_COM","REVIEWER_PPNO","NUMBER","REVIEW_REQUIRED","user_id","ReviewRequired","Resolve legacy PPNO to tbl_user.user_id crosswalk.","Use IAS_ZTBL default if legacy value is null.","Review","Requires tbl_user migration and PPNO-to-user_id crosswalk.","Medium","No confident automatic target mapping."
"T_AUDITEE_ENTITIES_MAPING_COM","COM_KEY","VARCHAR2","REVIEW_REQUIRED","REVIEW_REQUIRED","ReviewRequired","Manual mapping required; no safe automatic target column was inferred.","Use IAS_ZTBL default if legacy value is null.","Review","Requires parent table load order and surrogate key crosswalk.","Low","No confident automatic target mapping."
"T_AUDITEE_ENTITIES_MAPING_FAD","PARENT_ID","NUMBER","REVIEW_REQUIRED","parent_entity_id","ReviewRequired","Direct copy after datatype coercion and audit-column normalization.","Use IAS_ZTBL default if legacy value is null.","Review","Requires tbl_entity migration and entity-code crosswalk.","Medium","No confident automatic target mapping."
"T_AUDITEE_ENTITIES_MAPING_FAD","PPNO","NUMBER","REVIEW_REQUIRED","user_id","ReviewRequired","Resolve legacy PPNO to tbl_user.user_id crosswalk.","Use IAS_ZTBL default if legacy value is null.","Review","Requires tbl_user migration and PPNO-to-user_id crosswalk.","Medium","No confident automatic target mapping."
"T_AUDITEE_ENTITIES_MAPING_FAD","ENTITY_ID","NUMBER","REVIEW_REQUIRED","entity_id","ReviewRequired","Direct copy after datatype coercion and audit-column normalization.","Use IAS_ZTBL default if legacy value is null.","Review","Requires tbl_entity migration and entity-code crosswalk.","Medium","No confident automatic target mapping."
"T_AUDITEE_ENTITIES_MAPING_FUNCTION","PARENT_ID","NUMBER","REVIEW_REQUIRED","parent_entity_id","ReviewRequired","Direct copy after datatype coercion and audit-column normalization.","Use IAS_ZTBL default if legacy value is null.","Review","Requires tbl_entity migration and entity-code crosswalk.","Medium","No confident automatic target mapping."
"T_AUDITEE_ENTITIES_MAPING_FUNCTION","P_NAME","VARCHAR2","REVIEW_REQUIRED","name","ReviewRequired","Direct copy after datatype coercion and audit-column normalization.","Use IAS_ZTBL default if legacy value is null.","Review","Requires parent table load order and surrogate key crosswalk.","Low","No confident automatic target mapping."
"T_AUDITEE_ENTITIES_MAPING_FUNCTION","P_TYPE_ID","NUMBER","REVIEW_REQUIRED","REVIEW_REQUIRED","ReviewRequired","Manual mapping required; no safe automatic target column was inferred.","Use IAS_ZTBL default if legacy value is null.","Review","Requires parent table load order and surrogate key crosswalk.","Low","No confident automatic target mapping."
"T_AUDITEE_ENTITIES_MAPING_FUNCTION","C_TYPE_ID","NUMBER","REVIEW_REQUIRED","REVIEW_REQUIRED","ReviewRequired","Manual mapping required; no safe automatic target column was inferred.","Use IAS_ZTBL default if legacy value is null.","Review","Requires parent table load order and surrogate key crosswalk.","Low","No confident automatic target mapping."
"T_AUDITEE_ENTITIES_MAPING_REPORTING","PARENT_ID","NUMBER","REVIEW_REQUIRED","parent_entity_id","ReviewRequired","Direct copy after datatype coercion and audit-column normalization.","Use IAS_ZTBL default if legacy value is null.","Review","Requires tbl_entity migration and entity-code crosswalk.","Medium","No confident automatic target mapping."
"T_AUDITEE_ENTITIES_MAPING_REPORTING","PARENT_CODE","NUMBER","REVIEW_REQUIRED","REVIEW_REQUIRED","ReviewRequired","Manual mapping required; no safe automatic target column was inferred.","Use IAS_ZTBL default if legacy value is null.","Review","Requires parent table load order and surrogate key crosswalk.","Low","No confident automatic target mapping."
"T_AUDITEE_ENTITIES_MAPING_REPORTING","CHILD_CODE","NUMBER","REVIEW_REQUIRED","REVIEW_REQUIRED","ReviewRequired","Manual mapping required; no safe automatic target column was inferred.","Use IAS_ZTBL default if legacy value is null.","Review","Requires parent table load order and surrogate key crosswalk.","Low","No confident automatic target mapping."
"T_AUDITEE_ENTITIES_MAPING_REPORTING","ENTITY_ID","NUMBER","REVIEW_REQUIRED","entity_id","ReviewRequired","Direct copy after datatype coercion and audit-column normalization.","Use IAS_ZTBL default if legacy value is null.","Review","Requires tbl_entity migration and entity-code crosswalk.","Medium","No confident automatic target mapping."
"T_AUDITEE_ENTITIES_MAPING_REPORTING","AUDITEDBY","NUMBER","REVIEW_REQUIRED","REVIEW_REQUIRED","ReviewRequired","Manual mapping required; no safe automatic target column was inferred.","Use IAS_ZTBL default if legacy value is null.","Review","Requires parent table load order and surrogate key crosswalk.","Low","No confident automatic target mapping."
"T_AUDITEE_ENTITIES_MAPING_REPORTING","STATUS","VARCHAR2","REVIEW_REQUIRED","REVIEW_REQUIRED","ReviewRequired","Manual mapping required; no safe automatic target column was inferred.","Use IAS_ZTBL default if legacy value is null.","Review","Requires parent table load order and surrogate key crosswalk.","Low","No confident automatic target mapping."
"T_AUDITEE_ENTITIES_MAPING_REPORTING","P_NAME","VARCHAR2","REVIEW_REQUIRED","name","ReviewRequired","Direct copy after datatype coercion and audit-column normalization.","Use IAS_ZTBL default if legacy value is null.","Review","Requires parent table load order and surrogate key crosswalk.","Low","No confident automatic target mapping."
"T_AUDITEE_ENTITIES_MAPING_REPORTING","C_NAME","VARCHAR2","REVIEW_REQUIRED","name","ReviewRequired","Direct copy after datatype coercion and audit-column normalization.","Use IAS_ZTBL default if legacy value is null.","Review","Requires parent table load order and surrogate key crosswalk.","Low","No confident automatic target mapping."
"T_AUDITEE_ENTITIES_MAPING_REPORTING","P_TYPE_ID","NUMBER","REVIEW_REQUIRED","REVIEW_REQUIRED","ReviewRequired","Manual mapping required; no safe automatic target column was inferred.","Use IAS_ZTBL default if legacy value is null.","Review","Requires parent table load order and surrogate key crosswalk.","Low","No confident automatic target mapping."
"T_AUDITEE_ENTITIES_MAPING_REPORTING","C_TYPE_ID","NUMBER","REVIEW_REQUIRED","REVIEW_REQUIRED","ReviewRequired","Manual mapping required; no safe automatic target column was inferred.","Use IAS_ZTBL default if legacy value is null.","Review","Requires parent table load order and surrogate key crosswalk.","Low","No confident automatic target mapping."
"T_AUDITEE_ENTITIES_MAPING_REPORTING","RELATION_TYPE_ID","NUMBER","REVIEW_REQUIRED","REVIEW_REQUIRED","ReviewRequired","Manual mapping required; no safe automatic target column was inferred.","Use IAS_ZTBL default if legacy value is null.","Review","Requires parent table load order and surrogate key crosswalk.","Low","No confident automatic target mapping."
"T_AUDITEE_ENTITIES_MAPING_REPORTING","CHILD_ID","NUMBER","REVIEW_REQUIRED","child_entity_id","ReviewRequired","Direct copy after datatype coercion and audit-column normalization.","Use IAS_ZTBL default if legacy value is null.","Review","Requires tbl_entity migration and entity-code crosswalk.","Medium","No confident automatic target mapping."
"T_AUDITEE_ENTITIES_RISK","R_ID","NUMBER","tbl_entity_risk_profile","entity_risk_profile_id","RequiredTable","Direct copy after datatype coercion and audit-column normalization.","Use IAS_ZTBL default if legacy value is null.","History","Requires tbl_entity migration and entity-code crosswalk.","Medium","Risk-profile history requires DDL extension."
"T_AUDITEE_ENTITIES_RISK","AUDIT_PERIOD_ID","NUMBER","tbl_entity_risk_profile","entity_risk_profile_id","RequiredTable","Direct copy after datatype coercion and audit-column normalization.","Use IAS_ZTBL default if legacy value is null.","History","Requires tbl_entity migration and entity-code crosswalk.","Medium","Risk-profile history requires DDL extension."
"T_AUDITEE_ENTITIES_RISK","ENTITY_CODE","NUMBER","tbl_entity_risk_profile","REVIEW_REQUIRED","RequiredTable","Manual mapping required; no safe automatic target column was inferred.","Use IAS_ZTBL default if legacy value is null.","History","Requires tbl_entity migration and entity-code crosswalk.","Low","Risk-profile history requires DDL extension."
"T_AUDITEE_ENTITIES_RISK","RISK_RATING","NUMBER","tbl_entity_risk_profile","REVIEW_REQUIRED","RequiredTable","Manual mapping required; no safe automatic target column was inferred.","Use IAS_ZTBL default if legacy value is null.","History","Requires tbl_entity migration and entity-code crosswalk.","Low","Risk-profile history requires DDL extension."
"T_AUDITEE_ENTITIES_RISK","ENTITY_ID","NUMBER","tbl_entity_risk_profile","entity_id","RequiredTable","Direct copy after datatype coercion and audit-column normalization.","Use IAS_ZTBL default if legacy value is null.","History","Requires tbl_entity migration and entity-code crosswalk.","Medium","Risk-profile history requires DDL extension."
"T_AUDITEE_ENTITIES_RISK","MARKS","NUMBER","tbl_entity_risk_profile","REVIEW_REQUIRED","RequiredTable","Manual mapping required; no safe automatic target column was inferred.","Use IAS_ZTBL default if legacy value is null.","History","Requires tbl_entity migration and entity-code crosswalk.","Low","Risk-profile history requires DDL extension."
"T_AUDITEE_ENTITIES_SIZE","S_ID","NUMBER","tbl_entity_size_profile","entity_size_profile_id","RequiredTable","Direct copy after datatype coercion and audit-column normalization.","Use IAS_ZTBL default if legacy value is null.","History","Requires tbl_entity migration and entity-code crosswalk.","Medium","Size-band profile requires DDL extension."
"T_AUDITEE_ENTITIES_SIZE","ENTITY_CODE","NUMBER","tbl_entity_size_profile","REVIEW_REQUIRED","RequiredTable","Manual mapping required; no safe automatic target column was inferred.","Use IAS_ZTBL default if legacy value is null.","History","Requires tbl_entity migration and entity-code crosswalk.","Low","Size-band profile requires DDL extension."
"T_AUDITEE_ENTITIES_SIZE","ENTITY_SIZE","NUMBER","tbl_entity_size_profile","REVIEW_REQUIRED","RequiredTable","Manual mapping required; no safe automatic target column was inferred.","Use IAS_ZTBL default if legacy value is null.","History","Requires tbl_entity migration and entity-code crosswalk.","Low","Size-band profile requires DDL extension."
"T_AUDITEE_ENTITIES_SIZE","ENTITY_ID","NUMBER","tbl_entity_size_profile","entity_id","RequiredTable","Direct copy after datatype coercion and audit-column normalization.","Use IAS_ZTBL default if legacy value is null.","History","Requires tbl_entity migration and entity-code crosswalk.","Medium","Size-band profile requires DDL extension."
"T_AUDITEE_ENTITIES_SIZE_DISC","ENTITY_SIZE","NUMBER","tbl_entity_size_profile","REVIEW_REQUIRED","RequiredTable","Manual mapping required; no safe automatic target column was inferred.","Use IAS_ZTBL default if legacy value is null.","History","Requires tbl_entity migration and entity-code crosswalk.","Low","Size-band profile requires DDL extension."
"T_AUDITEE_ENTITIES_SIZE_DISC","DESCRIPTION","VARCHAR2","tbl_entity_size_profile","description","RequiredTable","Direct copy after datatype coercion and audit-column normalization.","Use IAS_ZTBL default if legacy value is null.","History","Requires tbl_entity migration and entity-code crosswalk.","Low","Size-band profile requires DDL extension."
"T_AUDITEE_ENTITIES_UPDATE_AZ","ID","NUMBER","REVIEW_REQUIRED","REVIEW_REQUIRED","ReviewRequired","Manual mapping required; no safe automatic target column was inferred.","Use IAS_ZTBL default if legacy value is null.","Review","Requires parent table load order and surrogate key crosswalk.","Low","No confident automatic target mapping."
"T_AUDITEE_ENTITIES_UPDATE_AZ","ENTITY_ID","NUMBER","REVIEW_REQUIRED","entity_id","ReviewRequired","Direct copy after datatype coercion and audit-column normalization.","Use IAS_ZTBL default if legacy value is null.","Review","Requires tbl_entity migration and entity-code crosswalk.","Medium","No confident automatic target mapping."
"T_AUDITEE_ENTITIES_UPDATE_AZ","CODE","NUMBER","REVIEW_REQUIRED","REVIEW_REQUIRED","ReviewRequired","Manual mapping required; no safe automatic target column was inferred.","Use IAS_ZTBL default if legacy value is null.","Review","Requires parent table load order and surrogate key crosswalk.","Low","No confident automatic target mapping."
"T_AUDITEE_ENTITIES_UPDATE_AZ","NAME","VARCHAR2","REVIEW_REQUIRED","name","ReviewRequired","Direct copy after datatype coercion and audit-column normalization.","Use IAS_ZTBL default if legacy value is null.","Review","Requires parent table load order and surrogate key crosswalk.","Low","No confident automatic target mapping."
"T_AUDITEE_ENTITIES_UPDATE_AZ","ACTIVE","CHAR","REVIEW_REQUIRED","REVIEW_REQUIRED","ReviewRequired","Manual mapping required; no safe automatic target column was inferred.","Use IAS_ZTBL default if legacy value is null.","Review","Requires parent table load order and surrogate key crosswalk.","Low","No confident automatic target mapping."
"T_AUDITEE_ENTITIES_UPDATE_AZ","AUDITBY_ID","NUMBER","REVIEW_REQUIRED","REVIEW_REQUIRED","ReviewRequired","Manual mapping required; no safe automatic target column was inferred.","Use IAS_ZTBL default if legacy value is null.","Review","Requires parent table load order and surrogate key crosswalk.","Low","No confident automatic target mapping."
"T_AUDITEE_ENTITIES_UPDATE_AZ","AUDITABLE","VARCHAR2","REVIEW_REQUIRED","REVIEW_REQUIRED","ReviewRequired","Manual mapping required; no safe automatic target column was inferred.","Use IAS_ZTBL default if legacy value is null.","Review","Requires parent table load order and surrogate key crosswalk.","Low","No confident automatic target mapping."
"T_AUDITEE_ENTITIES_UPDATE_AZ","ADDRESS","VARCHAR2","REVIEW_REQUIRED","REVIEW_REQUIRED","ReviewRequired","Manual mapping required; no safe automatic target column was inferred.","Use IAS_ZTBL default if legacy value is null.","Review","Requires parent table load order and surrogate key crosswalk.","Low","No confident automatic target mapping."
"T_AUDITEE_ENTITIES_UPDATE_AZ","TELEPHONE","VARCHAR2","REVIEW_REQUIRED","REVIEW_REQUIRED","ReviewRequired","Manual mapping required; no safe automatic target column was inferred.","Use IAS_ZTBL default if legacy value is null.","Review","Requires parent table load order and surrogate key crosswalk.","Low","No confident automatic target mapping."
"T_AUDITEE_ENTITIES_UPDATE_AZ","EMAIL_ADDRESS","VARCHAR2","REVIEW_REQUIRED","REVIEW_REQUIRED","ReviewRequired","Manual mapping required; no safe automatic target column was inferred.","Use IAS_ZTBL default if legacy value is null.","Review","Requires parent table load order and surrogate key crosswalk.","Low","No confident automatic target mapping."
"T_AUDITEE_ENTITIES_UPDATE_AZ","RISK_ID","NUMBER","REVIEW_REQUIRED","risk_rating_id","ReviewRequired","Direct copy after datatype coercion and audit-column normalization.","Use IAS_ZTBL default if legacy value is null.","Review","Requires parent table load order and surrogate key crosswalk.","Medium","No confident automatic target mapping."
"T_AUDITEE_ENTITIES_UPDATE_AZ","SIZE_ID","NUMBER","REVIEW_REQUIRED","size_band_id","ReviewRequired","Direct copy after datatype coercion and audit-column normalization.","Use IAS_ZTBL default if legacy value is null.","Review","Requires parent table load order and surrogate key crosswalk.","Medium","No confident automatic target mapping."
"T_AUDITEE_ENTITIES_UPDATE_AZ","UP_STATUS","CHAR","REVIEW_REQUIRED","REVIEW_REQUIRED","ReviewRequired","Manual mapping required; no safe automatic target column was inferred.","Use IAS_ZTBL default if legacy value is null.","Review","Requires parent table load order and surrogate key crosswalk.","Low","No confident automatic target mapping."
"T_AUDITEE_ENTITIES_UPDATE_AZ","UPDATED_BY","NUMBER","REVIEW_REQUIRED","modified_by","ReviewRequired","Resolve legacy PP/user identifier to tbl_user.user_id.","Use IAS_ZTBL default if legacy value is null.","Review","Requires tbl_user migration and PPNO-to-user_id crosswalk.","Medium","No confident automatic target mapping."
"T_AUDITEE_ENTITIES_UPDATE_AZ","UPDATE_ON","DATE","REVIEW_REQUIRED","REVIEW_REQUIRED","ReviewRequired","Manual mapping required; no safe automatic target column was inferred.","Use IAS_ZTBL default if legacy value is null.","Review","Requires parent table load order and surrogate key crosswalk.","Low","No confident automatic target mapping."
"T_AUDITEE_ENTITIES_UPDATE_AZ","AUTHORIZED_BY","NUMBER","REVIEW_REQUIRED","REVIEW_REQUIRED","ReviewRequired","Manual mapping required; no safe automatic target column was inferred.","Use IAS_ZTBL default if legacy value is null.","Review","Requires parent table load order and surrogate key crosswalk.","Low","No confident automatic target mapping."
"T_AUDITEE_ENTITIES_UPDATE_AZ","AUTHORIZED_ON","DATE","REVIEW_REQUIRED","REVIEW_REQUIRED","ReviewRequired","Manual mapping required; no safe automatic target column was inferred.","Use IAS_ZTBL default if legacy value is null.","Review","Requires parent table load order and surrogate key crosswalk.","Low","No confident automatic target mapping."
"T_AUDITEE_ENTITIES_UPDATE_LOG","ID","NUMBER","tbl_workflow_event","workflow_event_id","ExistingTableExistingColumn","Direct copy after datatype coercion and audit-column normalization.","Use IAS_ZTBL default if legacy value is null.","WorkflowEvent","Requires parent table load order and surrogate key crosswalk.","Medium","Operational history/log normalized into workflow events unless a dedicated history table exists."
"T_AUDITEE_ENTITIES_UPDATE_LOG","USER_ENTITY_ID","NUMBER","tbl_workflow_event","workflow_event_id","ExistingTableExistingColumn","Direct copy after datatype coercion and audit-column normalization.","Use IAS_ZTBL default if legacy value is null.","WorkflowEvent","Requires parent table load order and surrogate key crosswalk.","Medium","Operational history/log normalized into workflow events unless a dedicated history table exists."
"T_AUDITEE_ENTITIES_UPDATE_LOG","PPNUM","NUMBER","tbl_workflow_event","REVIEW_REQUIRED","ExistingTableRequiredColumn","Manual mapping required; no safe automatic target column was inferred.","Use IAS_ZTBL default if legacy value is null.","WorkflowEvent","Requires parent table load order and surrogate key crosswalk.","Low","Operational history/log normalized into workflow events unless a dedicated history table exists."
"T_AUDITEE_ENTITIES_UPDATE_LOG","ACTION","VARCHAR2","tbl_workflow_event","REVIEW_REQUIRED","ExistingTableRequiredColumn","Manual mapping required; no safe automatic target column was inferred.","Use IAS_ZTBL default if legacy value is null.","WorkflowEvent","Requires parent table load order and surrogate key crosswalk.","Low","Operational history/log normalized into workflow events unless a dedicated history table exists."
"T_AUDITEE_ENTITIES_UPDATE_LOG","RECORD_TIME","DATE","tbl_workflow_event","REVIEW_REQUIRED","ExistingTableRequiredColumn","Manual mapping required; no safe automatic target column was inferred.","Use IAS_ZTBL default if legacy value is null.","WorkflowEvent","Requires parent table load order and surrogate key crosswalk.","Low","Operational history/log normalized into workflow events unless a dedicated history table exists."
"T_AUDITEE_ENTITIES_UPDATE_LOG","ROLE_ID","NUMBER","tbl_workflow_event","role_id","ExistingTableRequiredColumn","Direct copy after datatype coercion and audit-column normalization.","Use IAS_ZTBL default if legacy value is null.","WorkflowEvent","Requires status/lookup normalization register and lookup load order.","Medium","Operational history/log normalized into workflow events unless a dedicated history table exists."
"T_AUDITEE_ENTITIES_UPDATE_LOG","ENTITY_ID","NUMBER","tbl_workflow_event","entity_id","ExistingTableRequiredColumn","Direct copy after datatype coercion and audit-column normalization.","Use IAS_ZTBL default if legacy value is null.","WorkflowEvent","Requires tbl_entity migration and entity-code crosswalk.","Medium","Operational history/log normalized into workflow events unless a dedicated history table exists."
"T_AUDITEE_ENT_RELATION","ENTITY_REALTION_ID","NUMBER","REVIEW_REQUIRED","REVIEW_REQUIRED","ReviewRequired","Manual mapping required; no safe automatic target column was inferred.","Use IAS_ZTBL default if legacy value is null.","Review","Requires parent table load order and surrogate key crosswalk.","Low","No confident automatic target mapping."
"T_AUDITEE_ENT_RELATION","PARENT_ENTITY_TYPEID","NUMBER","REVIEW_REQUIRED","REVIEW_REQUIRED","ReviewRequired","Manual mapping required; no safe automatic target column was inferred.","Use IAS_ZTBL default if legacy value is null.","Review","Requires parent table load order and surrogate key crosswalk.","Low","No confident automatic target mapping."
"T_AUDITEE_ENT_RELATION","CHILD_ENTITY_TYPEID","NUMBER","REVIEW_REQUIRED","REVIEW_REQUIRED","ReviewRequired","Manual mapping required; no safe automatic target column was inferred.","Use IAS_ZTBL default if legacy value is null.","Review","Requires parent table load order and surrogate key crosswalk.","Low","No confident automatic target mapping."
"T_AUDITEE_ENT_RELATION","STATUS","VARCHAR2","REVIEW_REQUIRED","REVIEW_REQUIRED","ReviewRequired","Manual mapping required; no safe automatic target column was inferred.","Use IAS_ZTBL default if legacy value is null.","Review","Requires parent table load order and surrogate key crosswalk.","Low","No confident automatic target mapping."
"T_AUDITEE_ENT_RELATION","PARENT_NAME","VARCHAR2","REVIEW_REQUIRED","name","ReviewRequired","Direct copy after datatype coercion and audit-column normalization.","Use IAS_ZTBL default if legacy value is null.","Review","Requires parent table load order and surrogate key crosswalk.","Low","No confident automatic target mapping."
"T_AUDITEE_ENT_RELATION","CHLID_NAME","VARCHAR2","REVIEW_REQUIRED","name","ReviewRequired","Direct copy after datatype coercion and audit-column normalization.","Use IAS_ZTBL default if legacy value is null.","Review","Requires parent table load order and surrogate key crosswalk.","Low","No confident automatic target mapping."
"T_AUDITEE_ENT_RELATION","ID","NUMBER","REVIEW_REQUIRED","REVIEW_REQUIRED","ReviewRequired","Manual mapping required; no safe automatic target column was inferred.","Use IAS_ZTBL default if legacy value is null.","Review","Requires parent table load order and surrogate key crosswalk.","Low","No confident automatic target mapping."
"T_AUDITEE_ENT_TYPES","AUTID","NUMBER","tbl_entity_type","REVIEW_REQUIRED","ExistingTableRequiredColumn","Manual mapping required; no safe automatic target column was inferred.","Use IAS_ZTBL default if legacy value is null.","CurrentState","Requires tbl_entity migration and entity-code crosswalk.","Low","Entity-type master."
"T_AUDITEE_ENT_TYPES","ENTITYCODE","VARCHAR2","tbl_entity_type","REVIEW_REQUIRED","ExistingTableRequiredColumn","Manual mapping required; no safe automatic target column was inferred.","Use IAS_ZTBL default if legacy value is null.","CurrentState","Requires tbl_entity migration and entity-code crosswalk.","Low","Entity-type master."
"T_AUDITEE_ENT_TYPES","ENTITYTYPEDESC","VARCHAR2","tbl_entity_type","REVIEW_REQUIRED","ExistingTableRequiredColumn","Manual mapping required; no safe automatic target column was inferred.","Use IAS_ZTBL default if legacy value is null.","CurrentState","Requires tbl_entity migration and entity-code crosswalk.","Low","Entity-type master."
"T_AUDITEE_ENT_TYPES","AUDITABLE","CHAR","tbl_entity_type","REVIEW_REQUIRED","ExistingTableRequiredColumn","Manual mapping required; no safe automatic target column was inferred.","Use IAS_ZTBL default if legacy value is null.","CurrentState","Requires tbl_entity migration and entity-code crosswalk.","Low","Entity-type master."
"T_AUDITEE_ENT_TYPES","AUDITEDBY","NUMBER","tbl_entity_type","REVIEW_REQUIRED","ExistingTableRequiredColumn","Manual mapping required; no safe automatic target column was inferred.","Use IAS_ZTBL default if legacy value is null.","CurrentState","Requires tbl_entity migration and entity-code crosswalk.","Low","Entity-type master."
"T_AUDITEE_ENT_TYPES","AUDITED_BY_ENITITY","NUMBER","tbl_entity_type","REVIEW_REQUIRED","ExistingTableRequiredColumn","Manual mapping required; no safe automatic target column was inferred.","Use IAS_ZTBL default if legacy value is null.","CurrentState","Requires tbl_entity migration and entity-code crosswalk.","Low","Entity-type master."
"T_AUDITEE_ENT_TYPES","AUDIT_TYPE","CHAR","tbl_entity_type","REVIEW_REQUIRED","ExistingTableRequiredColumn","Manual mapping required; no safe automatic target column was inferred.","Use IAS_ZTBL default if legacy value is null.","CurrentState","Requires tbl_entity migration and entity-code crosswalk.","Low","Entity-type master."
"T_AUDITEE_ENT_TYPES","CONTROLLING","NUMBER","tbl_entity_type","REVIEW_REQUIRED","ExistingTableRequiredColumn","Manual mapping required; no safe automatic target column was inferred.","Use IAS_ZTBL default if legacy value is null.","CurrentState","Requires tbl_entity migration and entity-code crosswalk.","Low","Entity-type master."
"T_AUDITEE_ENT_TYPES","REPORTING","NUMBER","tbl_entity_type","REVIEW_REQUIRED","ExistingTableRequiredColumn","Manual mapping required; no safe automatic target column was inferred.","Use IAS_ZTBL default if legacy value is null.","CurrentState","Requires tbl_entity migration and entity-code crosswalk.","Low","Entity-type master."
"T_AUDITEE_ENT_TYPES","GROUP_TYPE","CHAR","tbl_entity_type","REVIEW_REQUIRED","ExistingTableRequiredColumn","Manual mapping required; no safe automatic target column was inferred.","Use IAS_ZTBL default if legacy value is null.","CurrentState","Requires tbl_entity migration and entity-code crosswalk.","Low","Entity-type master."
"T_AUDIT_CHECKLIST","T_ID","NUMBER","tbl_checklist_section","checklist_section_id","ExistingTableRequiredColumn","Direct copy after datatype coercion and audit-column normalization.","Use IAS_ZTBL default if legacy value is null.","CurrentState","Requires parent table load order and surrogate key crosswalk.","Medium","Checklist heading."
"T_AUDIT_CHECKLIST","HEADING","VARCHAR2","tbl_checklist_section","heading_text","ExistingTableRequiredColumn","Load descriptive heading into normalized heading/title field.","Use IAS_ZTBL default if legacy value is null.","CurrentState","Requires parent table load order and surrogate key crosswalk.","Low","Checklist heading."
"T_AUDIT_CHECKLIST","ENTITY_TYPE","NUMBER","tbl_checklist_section","REVIEW_REQUIRED","ExistingTableRequiredColumn","Manual mapping required; no safe automatic target column was inferred.","Use IAS_ZTBL default if legacy value is null.","CurrentState","Requires parent table load order and surrogate key crosswalk.","Low","Checklist heading."
"T_AUDIT_CHECKLIST","STATUS","VARCHAR2","tbl_checklist_section","REVIEW_REQUIRED","ExistingTableRequiredColumn","Manual mapping required; no safe automatic target column was inferred.","Use IAS_ZTBL default if legacy value is null.","CurrentState","Requires parent table load order and surrogate key crosswalk.","Low","Checklist heading."
"T_AUDIT_CHECKLIST","WEIGHT_ASSIGNED","VARCHAR2","tbl_checklist_section","REVIEW_REQUIRED","ExistingTableRequiredColumn","Manual mapping required; no safe automatic target column was inferred.","Use IAS_ZTBL default if legacy value is null.","CurrentState","Requires parent table load order and surrogate key crosswalk.","Low","Checklist heading."
"T_AUDIT_CHECKLIST","RISK_SEQUENCE","NUMBER","tbl_checklist_section","REVIEW_REQUIRED","ExistingTableRequiredColumn","Manual mapping required; no safe automatic target column was inferred.","Use IAS_ZTBL default if legacy value is null.","CurrentState","Requires parent table load order and surrogate key crosswalk.","Low","Checklist heading."
"T_AUDIT_CHECKLIST_ANNEXURE","ID","NUMBER","tbl_checklist_annexure","checklist_annexure_id","RequiredTable","Direct copy after datatype coercion and audit-column normalization.","Use IAS_ZTBL default if legacy value is null.","CurrentState","Requires parent table load order and surrogate key crosswalk.","Medium","Annexure mapping requires DDL extension."
"T_AUDIT_CHECKLIST_ANNEXURE","CODE","VARCHAR2","tbl_checklist_annexure","REVIEW_REQUIRED","RequiredTable","Manual mapping required; no safe automatic target column was inferred.","Use IAS_ZTBL default if legacy value is null.","CurrentState","Requires parent table load order and surrogate key crosswalk.","Low","Annexure mapping requires DDL extension."
"T_AUDIT_CHECKLIST_ANNEXURE","HEADING","VARCHAR2","tbl_checklist_annexure","heading_text","RequiredTable","Load descriptive heading into normalized heading/title field.","Use IAS_ZTBL default if legacy value is null.","CurrentState","Requires parent table load order and surrogate key crosswalk.","Low","Annexure mapping requires DDL extension."
"T_AUDIT_CHECKLIST_ANNEXURE","VOL","VARCHAR2","tbl_checklist_annexure","REVIEW_REQUIRED","RequiredTable","Manual mapping required; no safe automatic target column was inferred.","Use IAS_ZTBL default if legacy value is null.","CurrentState","Requires parent table load order and surrogate key crosswalk.","Low","Annexure mapping requires DDL extension."
"T_AUDIT_CHECKLIST_ANNEXURE","STATUS","VARCHAR2","tbl_checklist_annexure","REVIEW_REQUIRED","RequiredTable","Manual mapping required; no safe automatic target column was inferred.","Use IAS_ZTBL default if legacy value is null.","CurrentState","Requires parent table load order and surrogate key crosswalk.","Low","Annexure mapping requires DDL extension."
"T_AUDIT_CHECKLIST_ANNEXURE","MAIN_PROCESS","NUMBER","tbl_checklist_annexure","REVIEW_REQUIRED","RequiredTable","Manual mapping required; no safe automatic target column was inferred.","Use IAS_ZTBL default if legacy value is null.","CurrentState","Requires parent table load order and surrogate key crosswalk.","Low","Annexure mapping requires DDL extension."
"T_AUDIT_CHECKLIST_ANNEXURE","MAX_NUMBER","NUMBER","tbl_checklist_annexure","REVIEW_REQUIRED","RequiredTable","Manual mapping required; no safe automatic target column was inferred.","Use IAS_ZTBL default if legacy value is null.","CurrentState","Requires parent table load order and surrogate key crosswalk.","Low","Annexure mapping requires DDL extension."
"T_AUDIT_CHECKLIST_ANNEXURE","WEIGHTAGE","NUMBER","tbl_checklist_annexure","REVIEW_REQUIRED","RequiredTable","Manual mapping required; no safe automatic target column was inferred.","Use IAS_ZTBL default if legacy value is null.","CurrentState","Requires parent table load order and surrogate key crosswalk.","Low","Annexure mapping requires DDL extension."
"T_AUDIT_CHECKLIST_ANNEXURE","GRAVITY","NUMBER","tbl_checklist_annexure","REVIEW_REQUIRED","RequiredTable","Manual mapping required; no safe automatic target column was inferred.","Use IAS_ZTBL default if legacy value is null.","CurrentState","Requires parent table load order and surrogate key crosswalk.","Low","Annexure mapping requires DDL extension."
"T_AUDIT_CHECKLIST_ANNEXURE","RISK","NUMBER","tbl_checklist_annexure","REVIEW_REQUIRED","RequiredTable","Manual mapping required; no safe automatic target column was inferred.","Use IAS_ZTBL default if legacy value is null.","CurrentState","Requires parent table load order and surrogate key crosswalk.","Low","Annexure mapping requires DDL extension."
"T_AUDIT_CHECKLIST_ANNEXURE","CO_FUNCTION_1","NUMBER","tbl_checklist_annexure","REVIEW_REQUIRED","RequiredTable","Manual mapping required; no safe automatic target column was inferred.","Use IAS_ZTBL default if legacy value is null.","CurrentState","Requires parent table load order and surrogate key crosswalk.","Low","Annexure mapping requires DDL extension."
"T_AUDIT_CHECKLIST_ANNEXURE","CO_FUNCTION_2","NUMBER","tbl_checklist_annexure","REVIEW_REQUIRED","RequiredTable","Manual mapping required; no safe automatic target column was inferred.","Use IAS_ZTBL default if legacy value is null.","CurrentState","Requires parent table load order and surrogate key crosswalk.","Low","Annexure mapping requires DDL extension."
"T_AUDIT_CHECKLIST_ANNEXURE","FUNCTION","NUMBER","tbl_checklist_annexure","REVIEW_REQUIRED","RequiredTable","Manual mapping required; no safe automatic target column was inferred.","Use IAS_ZTBL default if legacy value is null.","CurrentState","Requires parent table load order and surrogate key crosswalk.","Low","Annexure mapping requires DDL extension."
"T_AUDIT_CHECKLIST_ANNEXURE_CIRCULAR","ID","NUMBER","tbl_observation_reference","observation_reference_id","ExistingTableExistingColumn","Direct copy after datatype coercion and audit-column normalization.","Use IAS_ZTBL default if legacy value is null.","CurrentState","Requires tbl_entity migration and entity-code crosswalk.","Medium","Checklist circular linkage."
"T_AUDIT_CHECKLIST_ANNEXURE_CIRCULAR","DIVISION_ENT_ID","NUMBER","tbl_observation_reference","observation_reference_id","ExistingTableExistingColumn","Direct copy after datatype coercion and audit-column normalization.","Use IAS_ZTBL default if legacy value is null.","CurrentState","Requires tbl_entity migration and entity-code crosswalk.","Medium","Checklist circular linkage."
"T_AUDIT_CHECKLIST_ANNEXURE_CIRCULAR","REFERENCE_TYPE_ID","NUMBER","tbl_observation_reference","observation_reference_id","ExistingTableExistingColumn","Direct copy after datatype coercion and audit-column normalization.","Use IAS_ZTBL default if legacy value is null.","CurrentState","Requires tbl_entity migration and entity-code crosswalk.","Medium","Checklist circular linkage."
"T_AUDIT_CHECKLIST_ANNEXURE_CIRCULAR","REFERENCE_TYPE","CHAR","tbl_observation_reference","REVIEW_REQUIRED","ExistingTableRequiredColumn","Manual mapping required; no safe automatic target column was inferred.","Use IAS_ZTBL default if legacy value is null.","CurrentState","Requires tbl_entity migration and entity-code crosswalk.","Low","Checklist circular linkage."
"T_AUDIT_CHECKLIST_ANNEXURE_CIRCULAR","INSTRUCTIONSDETAILS","VARCHAR2","tbl_observation_reference","detail_text","ExistingTableRequiredColumn","Load long text into normalized CLOB detail field.","Use IAS_ZTBL default if legacy value is null.","CurrentState","Requires tbl_entity migration and entity-code crosswalk.","Low","Checklist circular linkage."
"T_AUDIT_CHECKLIST_ANNEXURE_CIRCULAR","KEYWORDS","VARCHAR2","tbl_observation_reference","REVIEW_REQUIRED","ExistingTableRequiredColumn","Manual mapping required; no safe automatic target column was inferred.","Use IAS_ZTBL default if legacy value is null.","CurrentState","Requires tbl_entity migration and entity-code crosswalk.","Low","Checklist circular linkage."
"T_AUDIT_CHECKLIST_ANNEXURE_CIRCULAR","REDIRECTEDPAGE","VARCHAR2","tbl_observation_reference","REVIEW_REQUIRED","ExistingTableRequiredColumn","Manual mapping required; no safe automatic target column was inferred.","Use IAS_ZTBL default if legacy value is null.","CurrentState","Requires tbl_entity migration and entity-code crosswalk.","Low","Checklist circular linkage."
"T_AUDIT_CHECKLIST_ANNEXURE_CIRCULAR","DIVISION","VARCHAR2","tbl_observation_reference","REVIEW_REQUIRED","ExistingTableRequiredColumn","Manual mapping required; no safe automatic target column was inferred.","Use IAS_ZTBL default if legacy value is null.","CurrentState","Requires tbl_entity migration and entity-code crosswalk.","Low","Checklist circular linkage."
"T_AUDIT_CHECKLIST_ANNEXURE_CIRCULAR","INSTRUCTIONSTITLE","VARCHAR2","tbl_observation_reference","heading_text","ExistingTableRequiredColumn","Load descriptive heading into normalized heading/title field.","Use IAS_ZTBL default if legacy value is null.","CurrentState","Requires tbl_entity migration and entity-code crosswalk.","Low","Checklist circular linkage."
"T_AUDIT_CHECKLIST_ANNEXURE_CIRCULAR","INSTRUCTIONSDATE","DATE","tbl_observation_reference","REVIEW_REQUIRED","ExistingTableRequiredColumn","Manual mapping required; no safe automatic target column was inferred.","Use IAS_ZTBL default if legacy value is null.","CurrentState","Requires tbl_entity migration and entity-code crosswalk.","Low","Checklist circular linkage."
"T_AUDIT_CHECKLIST_ANNEXURE_CIRCULAR","DOCTYPE","VARCHAR2","tbl_observation_reference","REVIEW_REQUIRED","ExistingTableRequiredColumn","Manual mapping required; no safe automatic target column was inferred.","Use IAS_ZTBL default if legacy value is null.","CurrentState","Requires tbl_entity migration and entity-code crosswalk.","Low","Checklist circular linkage."
"T_AUDIT_CHECKLIST_ANNEXURE_MAPPING","ID","NUMBER","REVIEW_REQUIRED","REVIEW_REQUIRED","ReviewRequired","Manual mapping required; no safe automatic target column was inferred.","Use IAS_ZTBL default if legacy value is null.","Review","Requires parent table load order and surrogate key crosswalk.","Low","No confident automatic target mapping."
"T_AUDIT_CHECKLIST_ANNEXURE_MAPPING","ANNEX","VARCHAR2","REVIEW_REQUIRED","REVIEW_REQUIRED","ReviewRequired","Manual mapping required; no safe automatic target column was inferred.","Use IAS_ZTBL default if legacy value is null.","Review","Requires parent table load order and surrogate key crosswalk.","Low","No confident automatic target mapping."
"T_AUDIT_CHECKLIST_ANNEXURE_MAPPING","PROCESS_ID","NUMBER","REVIEW_REQUIRED","REVIEW_REQUIRED","ReviewRequired","Manual mapping required; no safe automatic target column was inferred.","Use IAS_ZTBL default if legacy value is null.","Review","Requires parent table load order and surrogate key crosswalk.","Low","No confident automatic target mapping."
"T_AUDIT_CHECKLIST_ANNEXURE_PROCESS","ID","NUMBER","REVIEW_REQUIRED","REVIEW_REQUIRED","ReviewRequired","Manual mapping required; no safe automatic target column was inferred.","Use IAS_ZTBL default if legacy value is null.","Review","Requires parent table load order and surrogate key crosswalk.","Low","No confident automatic target mapping."
"T_AUDIT_CHECKLIST_ANNEXURE_PROCESS","HEADING","VARCHAR2","REVIEW_REQUIRED","heading_text","ReviewRequired","Load descriptive heading into normalized heading/title field.","Use IAS_ZTBL default if legacy value is null.","Review","Requires parent table load order and surrogate key crosswalk.","Low","No confident automatic target mapping."
"T_AUDIT_CHECKLIST_ANNEXURE_PROCESS","AUDIT_COMMENTS","VARCHAR2","REVIEW_REQUIRED","REVIEW_REQUIRED","ReviewRequired","Manual mapping required; no safe automatic target column was inferred.","Use IAS_ZTBL default if legacy value is null.","Review","Requires parent table load order and surrogate key crosswalk.","Low","No confident automatic target mapping."
"T_AUDIT_CHECKLIST_ANNEXURE_PROCESS","AUTOMATION","VARCHAR2","REVIEW_REQUIRED","REVIEW_REQUIRED","ReviewRequired","Manual mapping required; no safe automatic target column was inferred.","Use IAS_ZTBL default if legacy value is null.","Review","Requires parent table load order and surrogate key crosswalk.","Low","No confident automatic target mapping."
"T_AUDIT_CHECKLIST_ANNEXURE_PROCESS","MONITORING","VARCHAR2","REVIEW_REQUIRED","REVIEW_REQUIRED","ReviewRequired","Manual mapping required; no safe automatic target column was inferred.","Use IAS_ZTBL default if legacy value is null.","Review","Requires parent table load order and surrogate key crosswalk.","Low","No confident automatic target mapping."
"T_AUDIT_CHECKLIST_DETAILS","ID","NUMBER","tbl_checklist_item","checklist_item_id","ExistingTableRequiredColumn","Direct copy after datatype coercion and audit-column normalization.","Use IAS_ZTBL default if legacy value is null.","CurrentState","Requires parent table load order and surrogate key crosswalk.","Medium","Checklist detail item."
"T_AUDIT_CHECKLIST_DETAILS","S_ID","NUMBER","tbl_checklist_item","checklist_item_id","ExistingTableRequiredColumn","Direct copy after datatype coercion and audit-column normalization.","Use IAS_ZTBL default if legacy value is null.","CurrentState","Requires parent table load order and surrogate key crosswalk.","Medium","Checklist detail item."
"T_AUDIT_CHECKLIST_DETAILS","HEADING","VARCHAR2","tbl_checklist_item","heading_text","ExistingTableRequiredColumn","Load descriptive heading into normalized heading/title field.","Use IAS_ZTBL default if legacy value is null.","CurrentState","Requires parent table load order and surrogate key crosswalk.","Low","Checklist detail item."
"T_AUDIT_CHECKLIST_DETAILS","V_ID","NUMBER","tbl_checklist_item","checklist_item_id","ExistingTableRequiredColumn","Direct copy after datatype coercion and audit-column normalization.","Use IAS_ZTBL default if legacy value is null.","CurrentState","Requires parent table load order and surrogate key crosswalk.","Medium","Checklist detail item."
"T_AUDIT_CHECKLIST_DETAILS","RISK_ID","NUMBER","tbl_checklist_item","risk_rating_id","ExistingTableRequiredColumn","Direct copy after datatype coercion and audit-column normalization.","Use IAS_ZTBL default if legacy value is null.","CurrentState","Requires parent table load order and surrogate key crosswalk.","Medium","Checklist detail item."
"T_AUDIT_CHECKLIST_DETAILS","ROLE_RESP_ID","NUMBER","tbl_checklist_item","checklist_item_id","ExistingTableRequiredColumn","Direct copy after datatype coercion and audit-column normalization.","Use IAS_ZTBL default if legacy value is null.","CurrentState","Requires parent table load order and surrogate key crosswalk.","Medium","Checklist detail item."
"T_AUDIT_CHECKLIST_DETAILS","PROCESS_OWNER_ID","NUMBER","tbl_checklist_item","checklist_item_id","ExistingTableRequiredColumn","Direct copy after datatype coercion and audit-column normalization.","Use IAS_ZTBL default if legacy value is null.","CurrentState","Requires parent table load order and surrogate key crosswalk.","Medium","Checklist detail item."
"T_AUDIT_CHECKLIST_DETAILS","STATUS","VARCHAR2","tbl_checklist_item","REVIEW_REQUIRED","ExistingTableRequiredColumn","Manual mapping required; no safe automatic target column was inferred.","Use IAS_ZTBL default if legacy value is null.","CurrentState","Requires parent table load order and surrogate key crosswalk.","Low","Checklist detail item."
"T_AUDIT_CHECKLIST_DETAILS","OWNER_ENITITY_ID","NUMBER","tbl_checklist_item","checklist_item_id","ExistingTableRequiredColumn","Direct copy after datatype coercion and audit-column normalization.","Use IAS_ZTBL default if legacy value is null.","CurrentState","Requires parent table load order and surrogate key crosswalk.","Medium","Checklist detail item."
"T_AUDIT_CHECKLIST_DETAILS","ANNEX","NUMBER","tbl_checklist_item","REVIEW_REQUIRED","ExistingTableRequiredColumn","Manual mapping required; no safe automatic target column was inferred.","Use IAS_ZTBL default if legacy value is null.","CurrentState","Requires parent table load order and surrogate key crosswalk.","Low","Checklist detail item."
"T_AUDIT_CHECKLIST_DETAILS","SBP_CIRCULAR_ID","NUMBER","tbl_checklist_item","checklist_item_id","ExistingTableRequiredColumn","Direct copy after datatype coercion and audit-column normalization.","Use IAS_ZTBL default if legacy value is null.","CurrentState","Requires parent table load order and surrogate key crosswalk.","Medium","Checklist detail item."
"T_AUDIT_CHECKLIST_DETAILS","ZTBL_CIRCULAR_ID","NUMBER","tbl_checklist_item","checklist_item_id","ExistingTableRequiredColumn","Direct copy after datatype coercion and audit-column normalization.","Use IAS_ZTBL default if legacy value is null.","CurrentState","Requires parent table load order and surrogate key crosswalk.","Medium","Checklist detail item."
"T_AUDIT_CHECKLIST_DETAILS_CHANGE","ID","NUMBER","REVIEW_REQUIRED","REVIEW_REQUIRED","ReviewRequired","Manual mapping required; no safe automatic target column was inferred.","Use IAS_ZTBL default if legacy value is null.","Review","Requires parent table load order and surrogate key crosswalk.","Low","No confident automatic target mapping."
"T_AUDIT_CHECKLIST_DETAILS_CHANGE","S_ID","NUMBER","REVIEW_REQUIRED","REVIEW_REQUIRED","ReviewRequired","Manual mapping required; no safe automatic target column was inferred.","Use IAS_ZTBL default if legacy value is null.","Review","Requires parent table load order and surrogate key crosswalk.","Low","No confident automatic target mapping."
"T_AUDIT_CHECKLIST_DETAILS_CHANGE","V_ID","NUMBER","REVIEW_REQUIRED","REVIEW_REQUIRED","ReviewRequired","Manual mapping required; no safe automatic target column was inferred.","Use IAS_ZTBL default if legacy value is null.","Review","Requires parent table load order and surrogate key crosswalk.","Low","No confident automatic target mapping."
"T_AUDIT_CHECKLIST_DETAILS_CHANGE","RISK_ID","NUMBER","REVIEW_REQUIRED","risk_rating_id","ReviewRequired","Direct copy after datatype coercion and audit-column normalization.","Use IAS_ZTBL default if legacy value is null.","Review","Requires parent table load order and surrogate key crosswalk.","Medium","No confident automatic target mapping."
"T_AUDIT_CHECKLIST_DETAILS_CHANGE","ROLE_RESP_ID","NUMBER","REVIEW_REQUIRED","REVIEW_REQUIRED","ReviewRequired","Manual mapping required; no safe automatic target column was inferred.","Use IAS_ZTBL default if legacy value is null.","Review","Requires parent table load order and surrogate key crosswalk.","Low","No confident automatic target mapping."
"T_AUDIT_CHECKLIST_DETAILS_CHANGE","PROCESS_OWNER_ID","NUMBER","REVIEW_REQUIRED","REVIEW_REQUIRED","ReviewRequired","Manual mapping required; no safe automatic target column was inferred.","Use IAS_ZTBL default if legacy value is null.","Review","Requires parent table load order and surrogate key crosswalk.","Low","No confident automatic target mapping."
"T_AUDIT_CHECKLIST_DETAILS_CHANGE","OWNER_ENITITY_ID","NUMBER","REVIEW_REQUIRED","REVIEW_REQUIRED","ReviewRequired","Manual mapping required; no safe automatic target column was inferred.","Use IAS_ZTBL default if legacy value is null.","Review","Requires parent table load order and surrogate key crosswalk.","Low","No confident automatic target mapping."
"T_AUDIT_CHECKLIST_DETAILS_CHANGE","ANNEX","NUMBER","REVIEW_REQUIRED","REVIEW_REQUIRED","ReviewRequired","Manual mapping required; no safe automatic target column was inferred.","Use IAS_ZTBL default if legacy value is null.","Review","Requires parent table load order and surrogate key crosswalk.","Low","No confident automatic target mapping."
"T_AUDIT_CHECKLIST_DETAILS_CHANGE","N_D_ID","NUMBER","REVIEW_REQUIRED","REVIEW_REQUIRED","ReviewRequired","Manual mapping required; no safe automatic target column was inferred.","Use IAS_ZTBL default if legacy value is null.","Review","Requires parent table load order and surrogate key crosswalk.","Low","No confident automatic target mapping."
"T_AUDIT_CHECKLIST_DETAILS_CHANGE","N_S_ID","NUMBER","REVIEW_REQUIRED","REVIEW_REQUIRED","ReviewRequired","Manual mapping required; no safe automatic target column was inferred.","Use IAS_ZTBL default if legacy value is null.","Review","Requires parent table load order and surrogate key crosswalk.","Low","No confident automatic target mapping."
"T_AUDIT_CHECKLIST_DETAILS_CHANGE","N_V_ID","NUMBER","REVIEW_REQUIRED","REVIEW_REQUIRED","ReviewRequired","Manual mapping required; no safe automatic target column was inferred.","Use IAS_ZTBL default if legacy value is null.","Review","Requires parent table load order and surrogate key crosswalk.","Low","No confident automatic target mapping."
"T_AUDIT_CHECKLIST_DETAILS_CHANGE","N_HEADING","VARCHAR2","REVIEW_REQUIRED","heading_text","ReviewRequired","Load descriptive heading into normalized heading/title field.","Use IAS_ZTBL default if legacy value is null.","Review","Requires parent table load order and surrogate key crosswalk.","Low","No confident automatic target mapping."
"T_AUDIT_CHECKLIST_DETAILS_CHANGE","N_RISK_ID","NUMBER","REVIEW_REQUIRED","REVIEW_REQUIRED","ReviewRequired","Manual mapping required; no safe automatic target column was inferred.","Use IAS_ZTBL default if legacy value is null.","Review","Requires parent table load order and surrogate key crosswalk.","Low","No confident automatic target mapping."
"T_AUDIT_CHECKLIST_DETAILS_CHANGE","N_ROLE_RESP_ID","NUMBER","REVIEW_REQUIRED","REVIEW_REQUIRED","ReviewRequired","Manual mapping required; no safe automatic target column was inferred.","Use IAS_ZTBL default if legacy value is null.","Review","Requires parent table load order and surrogate key crosswalk.","Low","No confident automatic target mapping."
"T_AUDIT_CHECKLIST_DETAILS_CHANGE","N_PROCESS_OWNER_ID","NUMBER","REVIEW_REQUIRED","REVIEW_REQUIRED","ReviewRequired","Manual mapping required; no safe automatic target column was inferred.","Use IAS_ZTBL default if legacy value is null.","Review","Requires parent table load order and surrogate key crosswalk.","Low","No confident automatic target mapping."
"T_AUDIT_CHECKLIST_DETAILS_CHANGE","N_OWNER_ENITITY_ID","NUMBER","REVIEW_REQUIRED","REVIEW_REQUIRED","ReviewRequired","Manual mapping required; no safe automatic target column was inferred.","Use IAS_ZTBL default if legacy value is null.","Review","Requires parent table load order and surrogate key crosswalk.","Low","No confident automatic target mapping."
"T_AUDIT_CHECKLIST_DETAILS_CHANGE","N_ANNEX","NUMBER","REVIEW_REQUIRED","REVIEW_REQUIRED","ReviewRequired","Manual mapping required; no safe automatic target column was inferred.","Use IAS_ZTBL default if legacy value is null.","Review","Requires parent table load order and surrogate key crosswalk.","Low","No confident automatic target mapping."
"T_AUDIT_CHECKLIST_DETAILS_CHANGE","STATUS","VARCHAR2","REVIEW_REQUIRED","REVIEW_REQUIRED","ReviewRequired","Manual mapping required; no safe automatic target column was inferred.","Use IAS_ZTBL default if legacy value is null.","Review","Requires parent table load order and surrogate key crosswalk.","Low","No confident automatic target mapping."
"T_AUDIT_CHECKLIST_DETAILS_CHANGE","UPDATED_ON","DATE","REVIEW_REQUIRED","modified_on","ReviewRequired","Direct copy after datatype coercion and audit-column normalization.","Use IAS_ZTBL default if legacy value is null.","Review","Requires parent table load order and surrogate key crosswalk.","Medium","No confident automatic target mapping."
"T_AUDIT_CHECKLIST_DETAILS_CHANGE","SBP_CIRCULAR_ID","NUMBER","REVIEW_REQUIRED","REVIEW_REQUIRED","ReviewRequired","Manual mapping required; no safe automatic target column was inferred.","Use IAS_ZTBL default if legacy value is null.","Review","Requires parent table load order and surrogate key crosswalk.","Low","No confident automatic target mapping."
"T_AUDIT_CHECKLIST_DETAILS_CHANGE","ZTBL_CIRCULAR_ID","NUMBER","REVIEW_REQUIRED","REVIEW_REQUIRED","ReviewRequired","Manual mapping required; no safe automatic target column was inferred.","Use IAS_ZTBL default if legacy value is null.","Review","Requires parent table load order and surrogate key crosswalk.","Low","No confident automatic target mapping."
"T_AUDIT_CHECKLIST_DETAILS_CHANGE","N_SBP_CIRCULAR_ID","NUMBER","REVIEW_REQUIRED","REVIEW_REQUIRED","ReviewRequired","Manual mapping required; no safe automatic target column was inferred.","Use IAS_ZTBL default if legacy value is null.","Review","Requires parent table load order and surrogate key crosswalk.","Low","No confident automatic target mapping."
"T_AUDIT_CHECKLIST_DETAILS_CHANGE","N_ZTBL_CIRCULAR_ID","NUMBER","REVIEW_REQUIRED","REVIEW_REQUIRED","ReviewRequired","Manual mapping required; no safe automatic target column was inferred.","Use IAS_ZTBL default if legacy value is null.","Review","Requires parent table load order and surrogate key crosswalk.","Low","No confident automatic target mapping."
"T_AUDIT_CHECKLIST_DETAILS_LOG","ID","NUMBER","tbl_workflow_event","workflow_event_id","ExistingTableExistingColumn","Direct copy after datatype coercion and audit-column normalization.","Use IAS_ZTBL default if legacy value is null.","WorkflowEvent","Requires parent table load order and surrogate key crosswalk.","Medium","Operational history/log normalized into workflow events unless a dedicated history table exists."
"T_AUDIT_CHECKLIST_DETAILS_LOG","S_ID","NUMBER","tbl_workflow_event","workflow_event_id","ExistingTableExistingColumn","Direct copy after datatype coercion and audit-column normalization.","Use IAS_ZTBL default if legacy value is null.","WorkflowEvent","Requires parent table load order and surrogate key crosswalk.","Medium","Operational history/log normalized into workflow events unless a dedicated history table exists."
"T_AUDIT_CHECKLIST_DETAILS_LOG","T_ID","NUMBER","tbl_workflow_event","workflow_event_id","ExistingTableExistingColumn","Direct copy after datatype coercion and audit-column normalization.","Use IAS_ZTBL default if legacy value is null.","WorkflowEvent","Requires parent table load order and surrogate key crosswalk.","Medium","Operational history/log normalized into workflow events unless a dedicated history table exists."
"T_AUDIT_CHECKLIST_DETAILS_LOG","STATUS_ID","NUMBER","tbl_workflow_event","status_id","ExistingTableRequiredColumn","Map legacy status identifier/text to normalized lookup.","Use IAS_ZTBL default if legacy value is null.","WorkflowEvent","Requires status/lookup normalization register and lookup load order.","Medium","Operational history/log normalized into workflow events unless a dedicated history table exists."
"T_AUDIT_CHECKLIST_DETAILS_LOG","USER_ID","NUMBER","tbl_workflow_event","workflow_event_id","ExistingTableExistingColumn","Direct copy after datatype coercion and audit-column normalization.","Use IAS_ZTBL default if legacy value is null.","WorkflowEvent","Requires parent table load order and surrogate key crosswalk.","Medium","Operational history/log normalized into workflow events unless a dedicated history table exists."
"T_AUDIT_CHECKLIST_DETAILS_LOG","USER_ENTITY","NUMBER","tbl_workflow_event","REVIEW_REQUIRED","ExistingTableRequiredColumn","Manual mapping required; no safe automatic target column was inferred.","Use IAS_ZTBL default if legacy value is null.","WorkflowEvent","Requires parent table load order and surrogate key crosswalk.","Low","Operational history/log normalized into workflow events unless a dedicated history table exists."
"T_AUDIT_CHECKLIST_DETAILS_LOG","CREATED_ON","DATE","tbl_workflow_event","created_on","ExistingTableExistingColumn","Direct copy after datatype coercion and audit-column normalization.","Use IAS_ZTBL default if legacy value is null.","WorkflowEvent","Requires parent table load order and surrogate key crosswalk.","Medium","Operational history/log normalized into workflow events unless a dedicated history table exists."
"T_AUDIT_CHECKLIST_DETAILS_LOG","COMMENTS","VARCHAR2","tbl_workflow_event","REVIEW_REQUIRED","ExistingTableRequiredColumn","Manual mapping required; no safe automatic target column was inferred.","Use IAS_ZTBL default if legacy value is null.","WorkflowEvent","Requires parent table load order and surrogate key crosswalk.","Low","Operational history/log normalized into workflow events unless a dedicated history table exists."
"T_AUDIT_CHECKLIST_DETAILS_LOG","D_ID","NUMBER","tbl_workflow_event","workflow_event_id","ExistingTableExistingColumn","Direct copy after datatype coercion and audit-column normalization.","Use IAS_ZTBL default if legacy value is null.","WorkflowEvent","Requires parent table load order and surrogate key crosswalk.","Medium","Operational history/log normalized into workflow events unless a dedicated history table exists."
"T_AUDIT_CHECKLIST_DETAIL_DUPLICATE","CHECKLIST","NUMBER","REVIEW_REQUIRED","REVIEW_REQUIRED","ReviewRequired","Manual mapping required; no safe automatic target column was inferred.","Use IAS_ZTBL default if legacy value is null.","Review","Requires parent table load order and surrogate key crosswalk.","Low","No confident automatic target mapping."
"T_AUDIT_CHECKLIST_DETAIL_DUPLICATE","CHECKLIST_REPLACEMENT","NUMBER","REVIEW_REQUIRED","REVIEW_REQUIRED","ReviewRequired","Manual mapping required; no safe automatic target column was inferred.","Use IAS_ZTBL default if legacy value is null.","Review","Requires parent table load order and surrogate key crosswalk.","Low","No confident automatic target mapping."
"T_AUDIT_CHECKLIST_DETAIL_DUPLICATE","STATUS","VARCHAR2","REVIEW_REQUIRED","REVIEW_REQUIRED","ReviewRequired","Manual mapping required; no safe automatic target column was inferred.","Use IAS_ZTBL default if legacy value is null.","Review","Requires parent table load order and surrogate key crosswalk.","Low","No confident automatic target mapping."
"T_AUDIT_CHECKLIST_MERGER","C_ID","NUMBER","REVIEW_REQUIRED","REVIEW_REQUIRED","ReviewRequired","Manual mapping required; no safe automatic target column was inferred.","Use IAS_ZTBL default if legacy value is null.","Review","Requires parent table load order and surrogate key crosswalk.","Low","No confident automatic target mapping."
"T_AUDIT_CHECKLIST_MERGER","M_CID","NUMBER","REVIEW_REQUIRED","REVIEW_REQUIRED","ReviewRequired","Manual mapping required; no safe automatic target column was inferred.","Use IAS_ZTBL default if legacy value is null.","Review","Requires parent table load order and surrogate key crosswalk.","Low","No confident automatic target mapping."
"T_AUDIT_CHECKLIST_MERGER","STATUS","VARCHAR2","REVIEW_REQUIRED","REVIEW_REQUIRED","ReviewRequired","Manual mapping required; no safe automatic target column was inferred.","Use IAS_ZTBL default if legacy value is null.","Review","Requires parent table load order and surrogate key crosswalk.","Low","No confident automatic target mapping."
"T_AUDIT_CHECKLIST_SUB","S_ID","NUMBER","tbl_checklist_sub_item","checklist_sub_item_id","RequiredTable","Direct copy after datatype coercion and audit-column normalization.","Use IAS_ZTBL default if legacy value is null.","CurrentState","Requires parent table load order and surrogate key crosswalk.","Medium","Checklist sub-item requires DDL extension."
"T_AUDIT_CHECKLIST_SUB","T_ID","NUMBER","tbl_checklist_sub_item","checklist_sub_item_id","RequiredTable","Direct copy after datatype coercion and audit-column normalization.","Use IAS_ZTBL default if legacy value is null.","CurrentState","Requires parent table load order and surrogate key crosswalk.","Medium","Checklist sub-item requires DDL extension."
"T_AUDIT_CHECKLIST_SUB","HEADING","VARCHAR2","tbl_checklist_sub_item","heading_text","RequiredTable","Load descriptive heading into normalized heading/title field.","Use IAS_ZTBL default if legacy value is null.","CurrentState","Requires parent table load order and surrogate key crosswalk.","Low","Checklist sub-item requires DDL extension."
"T_AUDIT_CHECKLIST_SUB","ENTITY_TYPE","NUMBER","tbl_checklist_sub_item","REVIEW_REQUIRED","RequiredTable","Manual mapping required; no safe automatic target column was inferred.","Use IAS_ZTBL default if legacy value is null.","CurrentState","Requires parent table load order and surrogate key crosswalk.","Low","Checklist sub-item requires DDL extension."
"T_AUDIT_CHECKLIST_SUB","STATUS","VARCHAR2","tbl_checklist_sub_item","REVIEW_REQUIRED","RequiredTable","Manual mapping required; no safe automatic target column was inferred.","Use IAS_ZTBL default if legacy value is null.","CurrentState","Requires parent table load order and surrogate key crosswalk.","Low","Checklist sub-item requires DDL extension."
"T_AUDIT_CHECKLIST_SUB","WEIGHT_ASSIGNED","VARCHAR2","tbl_checklist_sub_item","REVIEW_REQUIRED","RequiredTable","Manual mapping required; no safe automatic target column was inferred.","Use IAS_ZTBL default if legacy value is null.","CurrentState","Requires parent table load order and surrogate key crosswalk.","Low","Checklist sub-item requires DDL extension."
"T_AUDIT_CHECKLIST_SUB","RISK_SEQUENCE","NUMBER","tbl_checklist_sub_item","REVIEW_REQUIRED","RequiredTable","Manual mapping required; no safe automatic target column was inferred.","Use IAS_ZTBL default if legacy value is null.","CurrentState","Requires parent table load order and surrogate key crosswalk.","Low","Checklist sub-item requires DDL extension."
"T_AUDIT_CHECKLIST_SUB_CHANGE","S_ID","NUMBER","REVIEW_REQUIRED","REVIEW_REQUIRED","ReviewRequired","Manual mapping required; no safe automatic target column was inferred.","Use IAS_ZTBL default if legacy value is null.","Review","Requires parent table load order and surrogate key crosswalk.","Low","No confident automatic target mapping."
"T_AUDIT_CHECKLIST_SUB_CHANGE","T_ID","NUMBER","REVIEW_REQUIRED","REVIEW_REQUIRED","ReviewRequired","Manual mapping required; no safe automatic target column was inferred.","Use IAS_ZTBL default if legacy value is null.","Review","Requires parent table load order and surrogate key crosswalk.","Low","No confident automatic target mapping."
"T_AUDIT_CHECKLIST_SUB_CHANGE","N_T_ID","NUMBER","REVIEW_REQUIRED","REVIEW_REQUIRED","ReviewRequired","Manual mapping required; no safe automatic target column was inferred.","Use IAS_ZTBL default if legacy value is null.","Review","Requires parent table load order and surrogate key crosswalk.","Low","No confident automatic target mapping."
"T_AUDIT_CHECKLIST_SUB_CHANGE","N_S_ID","NUMBER","REVIEW_REQUIRED","REVIEW_REQUIRED","ReviewRequired","Manual mapping required; no safe automatic target column was inferred.","Use IAS_ZTBL default if legacy value is null.","Review","Requires parent table load order and surrogate key crosswalk.","Low","No confident automatic target mapping."
"T_AUDIT_CHECKLIST_SUB_CHANGE","SUB_PROCESS","VARCHAR2","REVIEW_REQUIRED","REVIEW_REQUIRED","ReviewRequired","Manual mapping required; no safe automatic target column was inferred.","Use IAS_ZTBL default if legacy value is null.","Review","Requires parent table load order and surrogate key crosswalk.","Low","No confident automatic target mapping."
"T_AUDIT_CHECKLIST_SUB_CHANGE","STATUS","VARCHAR2","REVIEW_REQUIRED","REVIEW_REQUIRED","ReviewRequired","Manual mapping required; no safe automatic target column was inferred.","Use IAS_ZTBL default if legacy value is null.","Review","Requires parent table load order and surrogate key crosswalk.","Low","No confident automatic target mapping."
"T_AUDIT_CHECKLIST_SUB_CHANGE","WEIGHT_ASSIGNED","VARCHAR2","REVIEW_REQUIRED","REVIEW_REQUIRED","ReviewRequired","Manual mapping required; no safe automatic target column was inferred.","Use IAS_ZTBL default if legacy value is null.","Review","Requires parent table load order and surrogate key crosswalk.","Low","No confident automatic target mapping."
"T_AUDIT_CHECKLIST_SUB_CHANGE","RISK_SEQUENCE","NUMBER","REVIEW_REQUIRED","REVIEW_REQUIRED","ReviewRequired","Manual mapping required; no safe automatic target column was inferred.","Use IAS_ZTBL default if legacy value is null.","Review","Requires parent table load order and surrogate key crosswalk.","Low","No confident automatic target mapping."
"T_AUDIT_CHECKLIST_SUB_CHANGE","N_WEIGHT_ASSIGNED","VARCHAR2","REVIEW_REQUIRED","REVIEW_REQUIRED","ReviewRequired","Manual mapping required; no safe automatic target column was inferred.","Use IAS_ZTBL default if legacy value is null.","Review","Requires parent table load order and surrogate key crosswalk.","Low","No confident automatic target mapping."
"T_AUDIT_CHECKLIST_SUB_CHANGE","N_RISK_SEQUENCE","NUMBER","REVIEW_REQUIRED","REVIEW_REQUIRED","ReviewRequired","Manual mapping required; no safe automatic target column was inferred.","Use IAS_ZTBL default if legacy value is null.","Review","Requires parent table load order and surrogate key crosswalk.","Low","No confident automatic target mapping."
"T_AUDIT_CHECKLIST_SUB_MERGER","S_ID","NUMBER","REVIEW_REQUIRED","REVIEW_REQUIRED","ReviewRequired","Manual mapping required; no safe automatic target column was inferred.","Use IAS_ZTBL default if legacy value is null.","Review","Requires parent table load order and surrogate key crosswalk.","Low","No confident automatic target mapping."
"T_AUDIT_CHECKLIST_SUB_MERGER","M_SID","NUMBER","REVIEW_REQUIRED","REVIEW_REQUIRED","ReviewRequired","Manual mapping required; no safe automatic target column was inferred.","Use IAS_ZTBL default if legacy value is null.","Review","Requires parent table load order and surrogate key crosswalk.","Low","No confident automatic target mapping."
"T_AUDIT_CHECKLIST_SUB_MERGER","STATUS","VARCHAR2","REVIEW_REQUIRED","REVIEW_REQUIRED","ReviewRequired","Manual mapping required; no safe automatic target column was inferred.","Use IAS_ZTBL default if legacy value is null.","Review","Requires parent table load order and surrogate key crosswalk.","Low","No confident automatic target mapping."
"T_AUDIT_CRITERIA","ID","NUMBER","tbl_plan_criteria","plan_criteria_id","ExistingTableExistingColumn","Direct copy after datatype coercion and audit-column normalization.","Use IAS_ZTBL default if legacy value is null.","CurrentState","Requires parent table load order and surrogate key crosswalk.","Medium","Criteria matrix."
"T_AUDIT_CRITERIA","ENTITY_TYPEID","NUMBER","tbl_plan_criteria","REVIEW_REQUIRED","ExistingTableRequiredColumn","Manual mapping required; no safe automatic target column was inferred.","Use IAS_ZTBL default if legacy value is null.","CurrentState","Requires parent table load order and surrogate key crosswalk.","Low","Criteria matrix."
"T_AUDIT_CRITERIA","SIZE_ID","NUMBER","tbl_plan_criteria","size_band_id","ExistingTableExistingColumn","Direct copy after datatype coercion and audit-column normalization.","Use IAS_ZTBL default if legacy value is null.","CurrentState","Requires parent table load order and surrogate key crosswalk.","Medium","Criteria matrix."
"T_AUDIT_CRITERIA","RISK_ID","NUMBER","tbl_plan_criteria","risk_rating_id","ExistingTableExistingColumn","Direct copy after datatype coercion and audit-column normalization.","Use IAS_ZTBL default if legacy value is null.","CurrentState","Requires parent table load order and surrogate key crosswalk.","Medium","Criteria matrix."
"T_AUDIT_CRITERIA","FREQUENCY_ID","NUMBER","tbl_plan_criteria","frequency_id","ExistingTableExistingColumn","Direct copy after datatype coercion and audit-column normalization.","Use IAS_ZTBL default if legacy value is null.","CurrentState","Requires parent table load order and surrogate key crosswalk.","Medium","Criteria matrix."
"T_AUDIT_CRITERIA","NO_OF_DAYS","NUMBER","tbl_plan_criteria","REVIEW_REQUIRED","ExistingTableRequiredColumn","Manual mapping required; no safe automatic target column was inferred.","Use IAS_ZTBL default if legacy value is null.","CurrentState","Requires parent table load order and surrogate key crosswalk.","Low","Criteria matrix."
"T_AUDIT_CRITERIA","VISIT","VARCHAR2","tbl_plan_criteria","REVIEW_REQUIRED","ExistingTableRequiredColumn","Manual mapping required; no safe automatic target column was inferred.","Use IAS_ZTBL default if legacy value is null.","CurrentState","Requires parent table load order and surrogate key crosswalk.","Low","Criteria matrix."
"T_AUDIT_CRITERIA","APPROVAL_STATUS","NUMBER","tbl_plan_criteria","REVIEW_REQUIRED","ExistingTableRequiredColumn","Manual mapping required; no safe automatic target column was inferred.","Use IAS_ZTBL default if legacy value is null.","CurrentState","Requires parent table load order and surrogate key crosswalk.","Low","Criteria matrix."
"T_AUDIT_CRITERIA","AUDITPERIODID","NUMBER","tbl_plan_criteria","REVIEW_REQUIRED","ExistingTableRequiredColumn","Manual mapping required; no safe automatic target column was inferred.","Use IAS_ZTBL default if legacy value is null.","CurrentState","Requires parent table load order and surrogate key crosswalk.","Low","Criteria matrix."
"T_AUDIT_CRITERIA","NO_OF_ENTITY","NUMBER","tbl_plan_criteria","REVIEW_REQUIRED","ExistingTableRequiredColumn","Manual mapping required; no safe automatic target column was inferred.","Use IAS_ZTBL default if legacy value is null.","CurrentState","Requires parent table load order and surrogate key crosswalk.","Low","Criteria matrix."
"T_AUDIT_CRITERIA","CREATED_BY","NUMBER","tbl_plan_criteria","created_by","ExistingTableExistingColumn","Resolve legacy PP/user identifier to tbl_user.user_id.","Use IAS_ZTBL default if legacy value is null.","CurrentState","Requires tbl_user migration and PPNO-to-user_id crosswalk.","Medium","Criteria matrix."
"T_AUDIT_CRITERIA","CRITERIA_SUBMITTED","VARCHAR2","tbl_plan_criteria","REVIEW_REQUIRED","ExistingTableRequiredColumn","Manual mapping required; no safe automatic target column was inferred.","Use IAS_ZTBL default if legacy value is null.","CurrentState","Requires parent table load order and surrogate key crosswalk.","Low","Criteria matrix."
"T_AUDIT_CRITERIA","ENTITY_ID","NUMBER","tbl_plan_criteria","entity_id","ExistingTableRequiredColumn","Direct copy after datatype coercion and audit-column normalization.","Use IAS_ZTBL default if legacy value is null.","CurrentState","Requires tbl_entity migration and entity-code crosswalk.","Medium","Criteria matrix."
"T_AUDIT_CRITERIA_LOG","ID","NUMBER","tbl_engagement_criteria_history","engagement_criteria_history_id","RequiredTable","Direct copy after datatype coercion and audit-column normalization.","Use IAS_ZTBL default if legacy value is null.","History","Requires tbl_entity migration and entity-code crosswalk.","Medium","Criteria history requires DDL extension."
"T_AUDIT_CRITERIA_LOG","C_ID","NUMBER","tbl_engagement_criteria_history","engagement_criteria_history_id","RequiredTable","Direct copy after datatype coercion and audit-column normalization.","Use IAS_ZTBL default if legacy value is null.","History","Requires tbl_entity migration and entity-code crosswalk.","Medium","Criteria history requires DDL extension."
"T_AUDIT_CRITERIA_LOG","STATUS_ID","NUMBER","tbl_engagement_criteria_history","status_id","RequiredTable","Map legacy status identifier/text to normalized lookup.","Use IAS_ZTBL default if legacy value is null.","History","Requires tbl_entity migration and entity-code crosswalk.","Medium","Criteria history requires DDL extension."
"T_AUDIT_CRITERIA_LOG","CREATEDBY_ID","NUMBER","tbl_engagement_criteria_history","engagement_criteria_history_id","RequiredTable","Direct copy after datatype coercion and audit-column normalization.","Use IAS_ZTBL default if legacy value is null.","History","Requires tbl_entity migration and entity-code crosswalk.","Medium","Criteria history requires DDL extension."
"T_AUDIT_CRITERIA_LOG","CREATED_ON","DATE","tbl_engagement_criteria_history","created_on","RequiredTable","Direct copy after datatype coercion and audit-column normalization.","Use IAS_ZTBL default if legacy value is null.","History","Requires tbl_entity migration and entity-code crosswalk.","Medium","Criteria history requires DDL extension."
"T_AUDIT_CRITERIA_LOG","REMARKS","VARCHAR2","tbl_engagement_criteria_history","REVIEW_REQUIRED","RequiredTable","Manual mapping required; no safe automatic target column was inferred.","Use IAS_ZTBL default if legacy value is null.","History","Requires tbl_entity migration and entity-code crosswalk.","Low","Criteria history requires DDL extension."
"T_AUDIT_CRITERIA_LOG","UPDATED_BY","NUMBER","tbl_engagement_criteria_history","modified_by","RequiredTable","Resolve legacy PP/user identifier to tbl_user.user_id.","Use IAS_ZTBL default if legacy value is null.","History","Requires tbl_user migration and PPNO-to-user_id crosswalk.","Medium","Criteria history requires DDL extension."
"T_AUDIT_CRITERIA_LOG","LAST_UPDATED_ON","DATE","tbl_engagement_criteria_history","modified_on","RequiredTable","Direct copy after datatype coercion and audit-column normalization.","Use IAS_ZTBL default if legacy value is null.","History","Requires tbl_entity migration and entity-code crosswalk.","Medium","Criteria history requires DDL extension."
"T_AUDIT_EMP","PPNO","NUMBER","REVIEW_REQUIRED","user_id","ReviewRequired","Resolve legacy PPNO to tbl_user.user_id crosswalk.","Use IAS_ZTBL default if legacy value is null.","Review","Requires tbl_user migration and PPNO-to-user_id crosswalk.","Medium","No confident automatic target mapping."
"T_AUDIT_EMP","DEPARTMENTCODE","NUMBER","REVIEW_REQUIRED","REVIEW_REQUIRED","ReviewRequired","Manual mapping required; no safe automatic target column was inferred.","Use IAS_ZTBL default if legacy value is null.","Review","Requires parent table load order and surrogate key crosswalk.","Low","No confident automatic target mapping."
"T_AUDIT_EMP","DEPTARMENT","VARCHAR2","REVIEW_REQUIRED","REVIEW_REQUIRED","ReviewRequired","Manual mapping required; no safe automatic target column was inferred.","Use IAS_ZTBL default if legacy value is null.","Review","Requires parent table load order and surrogate key crosswalk.","Low","No confident automatic target mapping."
"T_AUDIT_EMP","EMPLOYEEFIRSTNAME","VARCHAR2","REVIEW_REQUIRED","name","ReviewRequired","Direct copy after datatype coercion and audit-column normalization.","Use IAS_ZTBL default if legacy value is null.","Review","Requires parent table load order and surrogate key crosswalk.","Low","No confident automatic target mapping."
"T_AUDIT_EMP","EMPLOYEELASTNAME","VARCHAR2","REVIEW_REQUIRED","name","ReviewRequired","Direct copy after datatype coercion and audit-column normalization.","Use IAS_ZTBL default if legacy value is null.","Review","Requires parent table load order and surrogate key crosswalk.","Low","No confident automatic target mapping."
"T_AUDIT_EMP","RANKCODE","NUMBER","REVIEW_REQUIRED","REVIEW_REQUIRED","ReviewRequired","Manual mapping required; no safe automatic target column was inferred.","Use IAS_ZTBL default if legacy value is null.","Review","Requires parent table load order and surrogate key crosswalk.","Low","No confident automatic target mapping."
"T_AUDIT_EMP","CURRENT_RANK","VARCHAR2","REVIEW_REQUIRED","REVIEW_REQUIRED","ReviewRequired","Manual mapping required; no safe automatic target column was inferred.","Use IAS_ZTBL default if legacy value is null.","Review","Requires parent table load order and surrogate key crosswalk.","Low","No confident automatic target mapping."
"T_AUDIT_EMP","DESIGNATIONCODE","NUMBER","REVIEW_REQUIRED","REVIEW_REQUIRED","ReviewRequired","Manual mapping required; no safe automatic target column was inferred.","Use IAS_ZTBL default if legacy value is null.","Review","Requires parent table load order and surrogate key crosswalk.","Low","No confident automatic target mapping."
"T_AUDIT_EMP","FUN_DESIGNATION","VARCHAR2","REVIEW_REQUIRED","REVIEW_REQUIRED","ReviewRequired","Manual mapping required; no safe automatic target column was inferred.","Use IAS_ZTBL default if legacy value is null.","Review","Requires parent table load order and surrogate key crosswalk.","Low","No confident automatic target mapping."
"T_AUDIT_EMP","TYPE","CHAR","REVIEW_REQUIRED","REVIEW_REQUIRED","ReviewRequired","Manual mapping required; no safe automatic target column was inferred.","Use IAS_ZTBL default if legacy value is null.","Review","Requires parent table load order and surrogate key crosswalk.","Low","No confident automatic target mapping."
"T_AUDIT_EMP","ENTITY_ID","NUMBER","REVIEW_REQUIRED","entity_id","ReviewRequired","Direct copy after datatype coercion and audit-column normalization.","Use IAS_ZTBL default if legacy value is null.","Review","Requires tbl_entity migration and entity-code crosswalk.","Medium","No confident automatic target mapping."
"T_AUDIT_EMP","QUALIFICATION_ID","NUMBER","REVIEW_REQUIRED","REVIEW_REQUIRED","ReviewRequired","Manual mapping required; no safe automatic target column was inferred.","Use IAS_ZTBL default if legacy value is null.","Review","Requires parent table load order and surrogate key crosswalk.","Low","No confident automatic target mapping."
"T_AUDIT_EMP","QUALIFICATION","VARCHAR2","REVIEW_REQUIRED","REVIEW_REQUIRED","ReviewRequired","Manual mapping required; no safe automatic target column was inferred.","Use IAS_ZTBL default if legacy value is null.","Review","Requires parent table load order and surrogate key crosswalk.","Low","No confident automatic target mapping."
"T_AUDIT_EMP","SPECIALIZATION_ID","NUMBER","REVIEW_REQUIRED","REVIEW_REQUIRED","ReviewRequired","Manual mapping required; no safe automatic target column was inferred.","Use IAS_ZTBL default if legacy value is null.","Review","Requires parent table load order and surrogate key crosswalk.","Low","No confident automatic target mapping."
"T_AUDIT_EMP","SPECIALIZATION","VARCHAR2","REVIEW_REQUIRED","REVIEW_REQUIRED","ReviewRequired","Manual mapping required; no safe automatic target column was inferred.","Use IAS_ZTBL default if legacy value is null.","Review","Requires parent table load order and surrogate key crosswalk.","Low","No confident automatic target mapping."
"T_AUDIT_EMP","CERTIFICATION_ID","NUMBER","REVIEW_REQUIRED","REVIEW_REQUIRED","ReviewRequired","Manual mapping required; no safe automatic target column was inferred.","Use IAS_ZTBL default if legacy value is null.","Review","Requires parent table load order and surrogate key crosswalk.","Low","No confident automatic target mapping."
"T_AUDIT_EMP","CERTIFICATION","VARCHAR2","REVIEW_REQUIRED","REVIEW_REQUIRED","ReviewRequired","Manual mapping required; no safe automatic target column was inferred.","Use IAS_ZTBL default if legacy value is null.","Review","Requires parent table load order and surrogate key crosswalk.","Low","No confident automatic target mapping."
"T_AUDIT_EMP","TOTAL_EXPERIENCE","VARCHAR2","REVIEW_REQUIRED","REVIEW_REQUIRED","ReviewRequired","Manual mapping required; no safe automatic target column was inferred.","Use IAS_ZTBL default if legacy value is null.","Review","Requires parent table load order and surrogate key crosswalk.","Low","No confident automatic target mapping."
"T_AUDIT_EMP","AUDIT_EXPERIENCE","VARCHAR2","REVIEW_REQUIRED","REVIEW_REQUIRED","ReviewRequired","Manual mapping required; no safe automatic target column was inferred.","Use IAS_ZTBL default if legacy value is null.","Review","Requires parent table load order and surrogate key crosswalk.","Low","No confident automatic target mapping."
"T_AUDIT_EMP","COMPANY","VARCHAR2","REVIEW_REQUIRED","REVIEW_REQUIRED","ReviewRequired","Manual mapping required; no safe automatic target column was inferred.","Use IAS_ZTBL default if legacy value is null.","Review","Requires parent table load order and surrogate key crosswalk.","Low","No confident automatic target mapping."
"T_AUDIT_FREQUENCY","ID","NUMBER","REVIEW_REQUIRED","REVIEW_REQUIRED","ReviewRequired","Manual mapping required; no safe automatic target column was inferred.","Use IAS_ZTBL default if legacy value is null.","Review","Requires parent table load order and surrogate key crosswalk.","Low","No confident automatic target mapping."
"T_AUDIT_FREQUENCY","FREQUENCY_ID","NUMBER","REVIEW_REQUIRED","frequency_id","ReviewRequired","Direct copy after datatype coercion and audit-column normalization.","Use IAS_ZTBL default if legacy value is null.","Review","Requires parent table load order and surrogate key crosswalk.","Medium","No confident automatic target mapping."
"T_AUDIT_FREQUENCY","FREQUENCY_DISCRIPTION","VARCHAR2","REVIEW_REQUIRED","REVIEW_REQUIRED","ReviewRequired","Manual mapping required; no safe automatic target column was inferred.","Use IAS_ZTBL default if legacy value is null.","Review","Requires parent table load order and surrogate key crosswalk.","Low","No confident automatic target mapping."
"T_AUDIT_FREQUENCY","STATUS","VARCHAR2","REVIEW_REQUIRED","REVIEW_REQUIRED","ReviewRequired","Manual mapping required; no safe automatic target column was inferred.","Use IAS_ZTBL default if legacy value is null.","Review","Requires parent table load order and surrogate key crosswalk.","Low","No confident automatic target mapping."
"T_AUDIT_FREQUENCY","TIME","NUMBER","REVIEW_REQUIRED","REVIEW_REQUIRED","ReviewRequired","Manual mapping required; no safe automatic target column was inferred.","Use IAS_ZTBL default if legacy value is null.","Review","Requires parent table load order and surrogate key crosswalk.","Low","No confident automatic target mapping."
"T_AUDIT_PARA","ID","NUMBER","REVIEW_REQUIRED","REVIEW_REQUIRED","ReviewRequired","Manual mapping required; no safe automatic target column was inferred.","Use IAS_ZTBL default if legacy value is null.","Review","Requires parent table load order and surrogate key crosswalk.","Low","No confident automatic target mapping."
"T_AUDIT_PARA","ENGPLANID","NUMBER","REVIEW_REQUIRED","REVIEW_REQUIRED","ReviewRequired","Manual mapping required; no safe automatic target column was inferred.","Use IAS_ZTBL default if legacy value is null.","Review","Requires parent table load order and surrogate key crosswalk.","Low","No confident automatic target mapping."
"T_AUDIT_PARA","OBID","NUMBER","REVIEW_REQUIRED","REVIEW_REQUIRED","ReviewRequired","Manual mapping required; no safe automatic target column was inferred.","Use IAS_ZTBL default if legacy value is null.","Review","Requires parent table load order and surrogate key crosswalk.","Low","No confident automatic target mapping."
"T_AUDIT_PARA","STATUS","NUMBER","REVIEW_REQUIRED","REVIEW_REQUIRED","ReviewRequired","Manual mapping required; no safe automatic target column was inferred.","Use IAS_ZTBL default if legacy value is null.","Review","Requires parent table load order and surrogate key crosswalk.","Low","No confident automatic target mapping."
"T_AUDIT_PARA","MEMO_NUMBER","NUMBER","REVIEW_REQUIRED","REVIEW_REQUIRED","ReviewRequired","Manual mapping required; no safe automatic target column was inferred.","Use IAS_ZTBL default if legacy value is null.","Review","Requires parent table load order and surrogate key crosswalk.","Low","No confident automatic target mapping."
"T_AUDIT_PARA","PARA_NO","NUMBER","REVIEW_REQUIRED","REVIEW_REQUIRED","ReviewRequired","Manual mapping required; no safe automatic target column was inferred.","Use IAS_ZTBL default if legacy value is null.","Review","Requires parent table load order and surrogate key crosswalk.","Low","No confident automatic target mapping."
"T_AUDIT_REPORTS","ID","NUMBER","REVIEW_REQUIRED","REVIEW_REQUIRED","ReviewRequired","Manual mapping required; no safe automatic target column was inferred.","Use IAS_ZTBL default if legacy value is null.","Review","Requires parent table load order and surrogate key crosswalk.","Low","No confident automatic target mapping."
"T_AUDIT_REPORTS","ID","NUMBER","REVIEW_REQUIRED","REVIEW_REQUIRED","ReviewRequired","Manual mapping required; no safe automatic target column was inferred.","Use IAS_ZTBL default if legacy value is null.","Review","Requires parent table load order and surrogate key crosswalk.","Low","No confident automatic target mapping."
"T_AUDIT_REPORTS","ENG_ID","NUMBER","REVIEW_REQUIRED","REVIEW_REQUIRED","ReviewRequired","Manual mapping required; no safe automatic target column was inferred.","Use IAS_ZTBL default if legacy value is null.","Review","Requires parent table load order and surrogate key crosswalk.","Low","No confident automatic target mapping."
"T_AUDIT_REPORTS","AUDIT_REPORT","CLOB","REVIEW_REQUIRED","REVIEW_REQUIRED","ReviewRequired","Manual mapping required; no safe automatic target column was inferred.","Use IAS_ZTBL default if legacy value is null.","Review","Requires parent table load order and surrogate key crosswalk.","Low","No confident automatic target mapping."
"T_AUDIT_REPORTS","ADDED_BY","NUMBER","REVIEW_REQUIRED","REVIEW_REQUIRED","ReviewRequired","Manual mapping required; no safe automatic target column was inferred.","Use IAS_ZTBL default if legacy value is null.","Review","Requires parent table load order and surrogate key crosswalk.","Low","No confident automatic target mapping."
"T_AUDIT_REPORTS","ADDED_ON","TIMESTAMP(6)","REVIEW_REQUIRED","REVIEW_REQUIRED","ReviewRequired","Manual mapping required; no safe automatic target column was inferred.","Use IAS_ZTBL default if legacy value is null.","Review","Requires parent table load order and surrogate key crosswalk.","Low","No confident automatic target mapping."
"T_AUDIT_REPORTS","DOC_TYPE","VARCHAR2","REVIEW_REQUIRED","REVIEW_REQUIRED","ReviewRequired","Manual mapping required; no safe automatic target column was inferred.","Use IAS_ZTBL default if legacy value is null.","Review","Requires parent table load order and surrogate key crosswalk.","Low","No confident automatic target mapping."
"T_AUDIT_REPORTS","DOC_NAME","VARCHAR2","REVIEW_REQUIRED","name","ReviewRequired","Direct copy after datatype coercion and audit-column normalization.","Use IAS_ZTBL default if legacy value is null.","Review","Requires parent table load order and surrogate key crosswalk.","Low","No confident automatic target mapping."
"T_AUDIT_VIOLATION_DETAIL","S_GR_ID","NUMBER","REVIEW_REQUIRED","REVIEW_REQUIRED","ReviewRequired","Manual mapping required; no safe automatic target column was inferred.","Use IAS_ZTBL default if legacy value is null.","Review","Requires parent table load order and surrogate key crosswalk.","Low","No confident automatic target mapping."
"T_AUDIT_VIOLATION_DETAIL","GR_ID","NUMBER","REVIEW_REQUIRED","REVIEW_REQUIRED","ReviewRequired","Manual mapping required; no safe automatic target column was inferred.","Use IAS_ZTBL default if legacy value is null.","Review","Requires parent table load order and surrogate key crosswalk.","Low","No confident automatic target mapping."
"T_AUDIT_VIOLATION_DETAIL","DESCRIPTION","VARCHAR2","REVIEW_REQUIRED","description","ReviewRequired","Direct copy after datatype coercion and audit-column normalization.","Use IAS_ZTBL default if legacy value is null.","Review","Requires parent table load order and surrogate key crosswalk.","Low","No confident automatic target mapping."
"T_AUDIT_VIOLATION_DETAIL","MAX_NUMBER","NUMBER","REVIEW_REQUIRED","REVIEW_REQUIRED","ReviewRequired","Manual mapping required; no safe automatic target column was inferred.","Use IAS_ZTBL default if legacy value is null.","Review","Requires parent table load order and surrogate key crosswalk.","Low","No confident automatic target mapping."
"T_AUDIT_VIOLATION_DETAIL","WEIGHTAGE","NUMBER","REVIEW_REQUIRED","REVIEW_REQUIRED","ReviewRequired","Manual mapping required; no safe automatic target column was inferred.","Use IAS_ZTBL default if legacy value is null.","Review","Requires parent table load order and surrogate key crosswalk.","Low","No confident automatic target mapping."
"T_AUDIT_VIOLATION_DETAIL","GRAVITY","NUMBER","REVIEW_REQUIRED","REVIEW_REQUIRED","ReviewRequired","Manual mapping required; no safe automatic target column was inferred.","Use IAS_ZTBL default if legacy value is null.","Review","Requires parent table load order and surrogate key crosswalk.","Low","No confident automatic target mapping."
"T_AU_ACTIVITY_LOG","ID","NUMBER","tbl_activity_log","activity_log_id","RequiredTable","Direct copy after datatype coercion and audit-column normalization.","Use IAS_ZTBL default if legacy value is null.","WorkflowEvent","Requires parent table load order and surrogate key crosswalk.","Medium","DB-side activity log; current SQL needs explicit table."
"T_AU_ACTIVITY_LOG","ENTITY_ID","NUMBER","tbl_activity_log","entity_id","RequiredTable","Direct copy after datatype coercion and audit-column normalization.","Use IAS_ZTBL default if legacy value is null.","WorkflowEvent","Requires tbl_entity migration and entity-code crosswalk.","Medium","DB-side activity log; current SQL needs explicit table."
"T_AU_ACTIVITY_LOG","PPNUM","NUMBER","tbl_activity_log","REVIEW_REQUIRED","RequiredTable","Manual mapping required; no safe automatic target column was inferred.","Use IAS_ZTBL default if legacy value is null.","WorkflowEvent","Requires parent table load order and surrogate key crosswalk.","Low","DB-side activity log; current SQL needs explicit table."
"T_AU_ACTIVITY_LOG","PAGE_ID","NUMBER","tbl_activity_log","activity_log_id","RequiredTable","Direct copy after datatype coercion and audit-column normalization.","Use IAS_ZTBL default if legacy value is null.","WorkflowEvent","Requires parent table load order and surrogate key crosswalk.","Medium","DB-side activity log; current SQL needs explicit table."
"T_AU_ACTIVITY_LOG","AU_OBS_ID","NUMBER","tbl_activity_log","activity_log_id","RequiredTable","Direct copy after datatype coercion and audit-column normalization.","Use IAS_ZTBL default if legacy value is null.","WorkflowEvent","Requires parent table load order and surrogate key crosswalk.","Medium","DB-side activity log; current SQL needs explicit table."
"T_AU_ACTIVITY_LOG","ACTION","VARCHAR2","tbl_activity_log","REVIEW_REQUIRED","RequiredTable","Manual mapping required; no safe automatic target column was inferred.","Use IAS_ZTBL default if legacy value is null.","WorkflowEvent","Requires parent table load order and surrogate key crosswalk.","Low","DB-side activity log; current SQL needs explicit table."
"T_AU_ACTIVITY_LOG","START_TIME","DATE","tbl_activity_log","REVIEW_REQUIRED","RequiredTable","Manual mapping required; no safe automatic target column was inferred.","Use IAS_ZTBL default if legacy value is null.","WorkflowEvent","Requires parent table load order and surrogate key crosswalk.","Low","DB-side activity log; current SQL needs explicit table."
"T_AU_ACTIVITY_LOG","END_TIME","DATE","tbl_activity_log","REVIEW_REQUIRED","RequiredTable","Manual mapping required; no safe automatic target column was inferred.","Use IAS_ZTBL default if legacy value is null.","WorkflowEvent","Requires parent table load order and surrogate key crosswalk.","Low","DB-side activity log; current SQL needs explicit table."
"T_AU_ACTIVITY_LOG","DURATION","NUMBER","tbl_activity_log","REVIEW_REQUIRED","RequiredTable","Manual mapping required; no safe automatic target column was inferred.","Use IAS_ZTBL default if legacy value is null.","WorkflowEvent","Requires parent table load order and surrogate key crosswalk.","Low","DB-side activity log; current SQL needs explicit table."
"T_AU_ACTIVITY_LOG","SEQ","NUMBER","tbl_activity_log","REVIEW_REQUIRED","RequiredTable","Manual mapping required; no safe automatic target column was inferred.","Use IAS_ZTBL default if legacy value is null.","WorkflowEvent","Requires parent table load order and surrogate key crosswalk.","Low","DB-side activity log; current SQL needs explicit table."
"T_AU_ACTIVITY_LOG","UNATTEND","VARCHAR2","tbl_activity_log","REVIEW_REQUIRED","RequiredTable","Manual mapping required; no safe automatic target column was inferred.","Use IAS_ZTBL default if legacy value is null.","WorkflowEvent","Requires parent table load order and surrogate key crosswalk.","Low","DB-side activity log; current SQL needs explicit table."
"T_AU_ACTIVITY_LOG","ROLE_ID","NUMBER","tbl_activity_log","role_id","RequiredTable","Direct copy after datatype coercion and audit-column normalization.","Use IAS_ZTBL default if legacy value is null.","WorkflowEvent","Requires status/lookup normalization register and lookup load order.","Medium","DB-side activity log; current SQL needs explicit table."
"T_AU_ACTIVITY_LOG","OBS_STATUS","NUMBER","tbl_activity_log","REVIEW_REQUIRED","RequiredTable","Manual mapping required; no safe automatic target column was inferred.","Use IAS_ZTBL default if legacy value is null.","WorkflowEvent","Requires parent table load order and surrogate key crosswalk.","Low","DB-side activity log; current SQL needs explicit table."
"T_AU_ACTIVITY_LOG","REF_P","VARCHAR2","tbl_activity_log","REVIEW_REQUIRED","RequiredTable","Manual mapping required; no safe automatic target column was inferred.","Use IAS_ZTBL default if legacy value is null.","WorkflowEvent","Requires parent table load order and surrogate key crosswalk.","Low","DB-side activity log; current SQL needs explicit table."
"T_AU_API_MASTER","API_ID","NUMBER","tbl_api_endpoint","api_endpoint_id","ExistingTableExistingColumn","Direct copy after datatype coercion and audit-column normalization.","Use IAS_ZTBL default if legacy value is null.","CurrentState","Requires parent table load order and surrogate key crosswalk.","High","Legacy API catalog."
"T_AU_API_MASTER","PAGE_ID","NUMBER","tbl_api_endpoint","api_endpoint_id","ExistingTableExistingColumn","Direct copy after datatype coercion and audit-column normalization.","Use IAS_ZTBL default if legacy value is null.","CurrentState","Requires parent table load order and surrogate key crosswalk.","Medium","Legacy API catalog."
"T_AU_API_MASTER","CONTROLLER_NAME","VARCHAR2","tbl_api_endpoint","name","ExistingTableRequiredColumn","Direct copy after datatype coercion and audit-column normalization.","Use IAS_ZTBL default if legacy value is null.","CurrentState","Requires parent table load order and surrogate key crosswalk.","Low","Legacy API catalog."
"T_AU_API_MASTER","ACTION_NAME","VARCHAR2","tbl_api_endpoint","name","ExistingTableRequiredColumn","Direct copy after datatype coercion and audit-column normalization.","Use IAS_ZTBL default if legacy value is null.","CurrentState","Requires parent table load order and surrogate key crosswalk.","Low","Legacy API catalog."
"T_AU_API_MASTER","VIEW_NAME","VARCHAR2","tbl_api_endpoint","name","ExistingTableRequiredColumn","Direct copy after datatype coercion and audit-column normalization.","Use IAS_ZTBL default if legacy value is null.","CurrentState","Requires parent table load order and surrogate key crosswalk.","Low","Legacy API catalog."
"T_AU_API_MASTER","API_PATH","VARCHAR2","tbl_api_endpoint","route_path","ExistingTableRequiredColumn","Add route_path to tbl_api_endpoint if not already present.","Use IAS_ZTBL default if legacy value is null.","CurrentState","Requires parent table load order and surrogate key crosswalk.","High","Legacy API catalog."
"T_AU_API_MASTER","HTTP_METHOD","VARCHAR2","tbl_api_endpoint","http_method","ExistingTableExistingColumn","Add http_method to tbl_api_endpoint if absent.","Use IAS_ZTBL default if legacy value is null.","CurrentState","Requires parent table load order and surrogate key crosswalk.","High","Legacy API catalog."
"T_AU_API_MASTER","IS_ACTIVE","CHAR","tbl_api_endpoint","is_active","ExistingTableExistingColumn","Direct copy after datatype coercion and audit-column normalization.","Use IAS_ZTBL default if legacy value is null.","CurrentState","Requires parent table load order and surrogate key crosswalk.","High","Legacy API catalog."
"T_AU_API_MASTER","CREATED_ON","DATE","tbl_api_endpoint","created_on","ExistingTableExistingColumn","Direct copy after datatype coercion and audit-column normalization.","Use IAS_ZTBL default if legacy value is null.","CurrentState","Requires parent table load order and surrogate key crosswalk.","High","Legacy API catalog."
"T_AU_API_MASTER","CREATED_BY","NUMBER","tbl_api_endpoint","created_by","ExistingTableExistingColumn","Direct copy after datatype coercion and audit-column normalization.","Use IAS_ZTBL default if legacy value is null.","CurrentState","Requires tbl_user migration and PPNO-to-user_id crosswalk.","High","Legacy API catalog."
"T_AU_API_MASTER","UPDATED_ON","DATE","tbl_api_endpoint","modified_on","ExistingTableExistingColumn","Direct copy after datatype coercion and audit-column normalization.","Use IAS_ZTBL default if legacy value is null.","CurrentState","Requires parent table load order and surrogate key crosswalk.","High","Legacy API catalog."
"T_AU_API_MASTER","UPDATE_BY","NUMBER","tbl_api_endpoint","modified_by","ExistingTableExistingColumn","Direct copy after datatype coercion and audit-column normalization.","Use IAS_ZTBL default if legacy value is null.","CurrentState","Requires tbl_user migration and PPNO-to-user_id crosswalk.","High","Legacy API catalog."
"T_AU_AUDIT_JOINING","ID","NUMBER","tbl_working_paper","working_paper_id","RequiredTable","Direct copy after datatype coercion and audit-column normalization.","Use IAS_ZTBL default if legacy value is null.","History","Requires parent table load order and surrogate key crosswalk.","Medium","Joining report as working paper."
"T_AU_AUDIT_JOINING","ID","NUMBER","tbl_working_paper","working_paper_id","RequiredTable","Direct copy after datatype coercion and audit-column normalization.","Use IAS_ZTBL default if legacy value is null.","History","Requires parent table load order and surrogate key crosswalk.","Medium","Joining report as working paper."
"T_AU_AUDIT_JOINING","ENG_PLAN_ID","NUMBER","tbl_working_paper","working_paper_id","RequiredTable","Direct copy after datatype coercion and audit-column normalization.","Use IAS_ZTBL default if legacy value is null.","History","Requires parent table load order and surrogate key crosswalk.","Medium","Joining report as working paper."
"T_AU_AUDIT_JOINING","TEAM_MEM_PPNO","NUMBER","tbl_working_paper","user_id","RequiredTable","Resolve legacy PPNO to tbl_user.user_id crosswalk.","Use IAS_ZTBL default if legacy value is null.","History","Requires tbl_user migration and PPNO-to-user_id crosswalk.","Medium","Joining report as working paper."
"T_AU_AUDIT_JOINING","JOINING_DATE","DATE","tbl_working_paper","REVIEW_REQUIRED","RequiredTable","Manual mapping required; no safe automatic target column was inferred.","Use IAS_ZTBL default if legacy value is null.","History","Requires parent table load order and surrogate key crosswalk.","Low","Joining report as working paper."
"T_AU_AUDIT_JOINING","ENTEREDBY","NUMBER","tbl_working_paper","created_by","RequiredTable","Resolve legacy PP/user identifier to tbl_user.user_id.","Use IAS_ZTBL default if legacy value is null.","History","Requires tbl_user migration and PPNO-to-user_id crosswalk.","Medium","Joining report as working paper."
"T_AU_AUDIT_JOINING","ENTEREDDATE","DATE","tbl_working_paper","created_on","RequiredTable","Direct copy after datatype coercion and audit-column normalization.","Use IAS_ZTBL default if legacy value is null.","History","Requires parent table load order and surrogate key crosswalk.","Medium","Joining report as working paper."
"T_AU_AUDIT_JOINING","LASTUPDATEDBY","NUMBER","tbl_working_paper","modified_by","RequiredTable","Resolve legacy PP/user identifier to tbl_user.user_id.","Use IAS_ZTBL default if legacy value is null.","History","Requires tbl_user migration and PPNO-to-user_id crosswalk.","Medium","Joining report as working paper."
"T_AU_AUDIT_JOINING","LASTUPDATEDDATE","DATE","tbl_working_paper","modified_on","RequiredTable","Direct copy after datatype coercion and audit-column normalization.","Use IAS_ZTBL default if legacy value is null.","History","Requires parent table load order and surrogate key crosswalk.","Medium","Joining report as working paper."
"T_AU_AUDIT_JOINING","COMPLETION_DATE","DATE","tbl_working_paper","REVIEW_REQUIRED","RequiredTable","Manual mapping required; no safe automatic target column was inferred.","Use IAS_ZTBL default if legacy value is null.","History","Requires parent table load order and surrogate key crosswalk.","Low","Joining report as working paper."
"T_AU_AUDIT_JOINING","STATUS","VARCHAR2","tbl_working_paper","REVIEW_REQUIRED","RequiredTable","Manual mapping required; no safe automatic target column was inferred.","Use IAS_ZTBL default if legacy value is null.","History","Requires parent table load order and surrogate key crosswalk.","Low","Joining report as working paper."
"T_AU_AUDIT_TEAMS","ID","NUMBER","tbl_engagement_team","engagement_team_id","RequiredTable","Direct copy after datatype coercion and audit-column normalization.","Use IAS_ZTBL default if legacy value is null.","CurrentState","Requires tbl_entity migration and entity-code crosswalk.","Medium","Team header requires DDL extension."
"T_AU_AUDIT_TEAMS","ENG_ID","NUMBER","tbl_engagement_team","engagement_team_id","RequiredTable","Direct copy after datatype coercion and audit-column normalization.","Use IAS_ZTBL default if legacy value is null.","CurrentState","Requires tbl_entity migration and entity-code crosswalk.","Medium","Team header requires DDL extension."
"T_AU_AUDIT_TEAMS","TEAM_ID","NUMBER","tbl_engagement_team","engagement_team_id","RequiredTable","Direct copy after datatype coercion and audit-column normalization.","Use IAS_ZTBL default if legacy value is null.","CurrentState","Requires tbl_entity migration and entity-code crosswalk.","Medium","Team header requires DDL extension."
"T_AU_AUDIT_TEAMS","T_NAME","VARCHAR2","tbl_engagement_team","name","RequiredTable","Direct copy after datatype coercion and audit-column normalization.","Use IAS_ZTBL default if legacy value is null.","CurrentState","Requires tbl_entity migration and entity-code crosswalk.","Low","Team header requires DDL extension."
"T_AU_AUDIT_TEAMS","PLACE_OF_POSTING","NUMBER","tbl_engagement_team","REVIEW_REQUIRED","RequiredTable","Manual mapping required; no safe automatic target column was inferred.","Use IAS_ZTBL default if legacy value is null.","CurrentState","Requires tbl_entity migration and entity-code crosswalk.","Low","Team header requires DDL extension."
"T_AU_AUDIT_TEAMS","STATUS","VARCHAR2","tbl_engagement_team","REVIEW_REQUIRED","RequiredTable","Manual mapping required; no safe automatic target column was inferred.","Use IAS_ZTBL default if legacy value is null.","CurrentState","Requires tbl_entity migration and entity-code crosswalk.","Low","Team header requires DDL extension."
"T_AU_AUDIT_TEAMS","T_CODE","VARCHAR2","tbl_engagement_team","REVIEW_REQUIRED","RequiredTable","Manual mapping required; no safe automatic target column was inferred.","Use IAS_ZTBL default if legacy value is null.","CurrentState","Requires tbl_entity migration and entity-code crosswalk.","Low","Team header requires DDL extension."
"T_AU_AUDIT_TEAM_TASKLIST","ID","NUMBER","tbl_engagement_task","engagement_task_id","ExistingTableExistingColumn","Direct copy after datatype coercion and audit-column normalization.","Use IAS_ZTBL default if legacy value is null.","CurrentState","Requires tbl_entity migration and entity-code crosswalk.","Medium","Engagement task list."
"T_AU_AUDIT_TEAM_TASKLIST","ENG_PLAN_ID","NUMBER","tbl_engagement_task","engagement_task_id","ExistingTableExistingColumn","Direct copy after datatype coercion and audit-column normalization.","Use IAS_ZTBL default if legacy value is null.","CurrentState","Requires tbl_entity migration and entity-code crosswalk.","Medium","Engagement task list."
"T_AU_AUDIT_TEAM_TASKLIST","TEAM_ID","NUMBER","tbl_engagement_task","engagement_task_id","ExistingTableExistingColumn","Direct copy after datatype coercion and audit-column normalization.","Use IAS_ZTBL default if legacy value is null.","CurrentState","Requires tbl_entity migration and entity-code crosswalk.","Medium","Engagement task list."
"T_AU_AUDIT_TEAM_TASKLIST","SEQUENCE_NO","NUMBER","tbl_engagement_task","REVIEW_REQUIRED","ExistingTableRequiredColumn","Manual mapping required; no safe automatic target column was inferred.","Use IAS_ZTBL default if legacy value is null.","CurrentState","Requires tbl_entity migration and entity-code crosswalk.","Low","Engagement task list."
"T_AU_AUDIT_TEAM_TASKLIST","TEAMMEMBER_PPNO","NUMBER","tbl_engagement_task","user_id","ExistingTableRequiredColumn","Resolve legacy PPNO to tbl_user.user_id crosswalk.","Use IAS_ZTBL default if legacy value is null.","CurrentState","Requires tbl_user migration and PPNO-to-user_id crosswalk.","Medium","Engagement task list."
"T_AU_AUDIT_TEAM_TASKLIST","ENTITY_ID","NUMBER","tbl_engagement_task","entity_id","ExistingTableRequiredColumn","Direct copy after datatype coercion and audit-column normalization.","Use IAS_ZTBL default if legacy value is null.","CurrentState","Requires tbl_entity migration and entity-code crosswalk.","Medium","Engagement task list."
"T_AU_AUDIT_TEAM_TASKLIST","ENTITY_CODE","NUMBER","tbl_engagement_task","REVIEW_REQUIRED","ExistingTableRequiredColumn","Manual mapping required; no safe automatic target column was inferred.","Use IAS_ZTBL default if legacy value is null.","CurrentState","Requires tbl_entity migration and entity-code crosswalk.","Low","Engagement task list."
"T_AU_AUDIT_TEAM_TASKLIST","ENTITY_NAME","VARCHAR2","tbl_engagement_task","name","ExistingTableRequiredColumn","Direct copy after datatype coercion and audit-column normalization.","Use IAS_ZTBL default if legacy value is null.","CurrentState","Requires tbl_entity migration and entity-code crosswalk.","Low","Engagement task list."
"T_AU_AUDIT_TEAM_TASKLIST","AUDIT_START_DATE","DATE","tbl_engagement_task","REVIEW_REQUIRED","ExistingTableRequiredColumn","Manual mapping required; no safe automatic target column was inferred.","Use IAS_ZTBL default if legacy value is null.","CurrentState","Requires tbl_entity migration and entity-code crosswalk.","Low","Engagement task list."
"T_AU_AUDIT_TEAM_TASKLIST","AUDIT_END_DATE","DATE","tbl_engagement_task","REVIEW_REQUIRED","ExistingTableRequiredColumn","Manual mapping required; no safe automatic target column was inferred.","Use IAS_ZTBL default if legacy value is null.","CurrentState","Requires tbl_entity migration and entity-code crosswalk.","Low","Engagement task list."
"T_AU_AUDIT_TEAM_TASKLIST","STATUS_ID","NUMBER","tbl_engagement_task","status_id","ExistingTableRequiredColumn","Map legacy status identifier/text to normalized lookup.","Use IAS_ZTBL default if legacy value is null.","CurrentState","Requires tbl_entity migration and entity-code crosswalk.","Medium","Engagement task list."
"T_AU_AUDIT_TEAM_TASKLIST","ISACTIVE","VARCHAR2","tbl_engagement_task","is_active","ExistingTableExistingColumn","Normalize active flag to Y/N.","Use IAS_ZTBL default if legacy value is null.","CurrentState","Requires tbl_entity migration and entity-code crosswalk.","Medium","Engagement task list."
"T_AU_AUDIT_TEAM_TASKLIST","I","NUMBER","tbl_engagement_task","REVIEW_REQUIRED","ExistingTableRequiredColumn","Manual mapping required; no safe automatic target column was inferred.","Use IAS_ZTBL default if legacy value is null.","CurrentState","Requires tbl_entity migration and entity-code crosswalk.","Low","Engagement task list."
"T_AU_AUDIT_TEAM_TASKLIST_STATUS","STATUS_ID","NUMBER","REVIEW_REQUIRED","status_id","ReviewRequired","Map legacy status identifier/text to normalized lookup.","Use IAS_ZTBL default if legacy value is null.","Review","Requires status/lookup normalization register and lookup load order.","Medium","No confident automatic target mapping."
"T_AU_AUDIT_TEAM_TASKLIST_STATUS","DESCRIPTION","VARCHAR2","REVIEW_REQUIRED","description","ReviewRequired","Direct copy after datatype coercion and audit-column normalization.","Use IAS_ZTBL default if legacy value is null.","Review","Requires parent table load order and surrogate key crosswalk.","Low","No confident automatic target mapping."
"T_AU_CCQ","ID","NUMBER","REVIEW_REQUIRED","REVIEW_REQUIRED","ReviewRequired","Manual mapping required; no safe automatic target column was inferred.","Use IAS_ZTBL default if legacy value is null.","Review","Requires parent table load order and surrogate key crosswalk.","Low","No confident automatic target mapping."
"T_AU_CCQ","ENTITY_ID","NUMBER","REVIEW_REQUIRED","entity_id","ReviewRequired","Direct copy after datatype coercion and audit-column normalization.","Use IAS_ZTBL default if legacy value is null.","Review","Requires tbl_entity migration and entity-code crosswalk.","Medium","No confident automatic target mapping."
"T_AU_CCQ","QUESTIONS","VARCHAR2","REVIEW_REQUIRED","REVIEW_REQUIRED","ReviewRequired","Manual mapping required; no safe automatic target column was inferred.","Use IAS_ZTBL default if legacy value is null.","Review","Requires parent table load order and surrogate key crosswalk.","Low","No confident automatic target mapping."
"T_AU_CCQ","CONTROL_VIOLATION_ID","NUMBER","REVIEW_REQUIRED","REVIEW_REQUIRED","ReviewRequired","Manual mapping required; no safe automatic target column was inferred.","Use IAS_ZTBL default if legacy value is null.","Review","Requires parent table load order and surrogate key crosswalk.","Low","No confident automatic target mapping."
"T_AU_CCQ","RISK_ID","NUMBER","REVIEW_REQUIRED","risk_rating_id","ReviewRequired","Direct copy after datatype coercion and audit-column normalization.","Use IAS_ZTBL default if legacy value is null.","Review","Requires parent table load order and surrogate key crosswalk.","Medium","No confident automatic target mapping."
"T_AU_CCQ","STATUS","VARCHAR2","REVIEW_REQUIRED","REVIEW_REQUIRED","ReviewRequired","Manual mapping required; no safe automatic target column was inferred.","Use IAS_ZTBL default if legacy value is null.","Review","Requires parent table load order and surrogate key crosswalk.","Low","No confident automatic target mapping."
"T_AU_CCQ","RISK_RATING","NUMBER","REVIEW_REQUIRED","REVIEW_REQUIRED","ReviewRequired","Manual mapping required; no safe automatic target column was inferred.","Use IAS_ZTBL default if legacy value is null.","Review","Requires parent table load order and surrogate key crosswalk.","Low","No confident automatic target mapping."
"T_AU_CCQ","CREATED_BY","NUMBER","REVIEW_REQUIRED","created_by","ReviewRequired","Resolve legacy PP/user identifier to tbl_user.user_id.","Use IAS_ZTBL default if legacy value is null.","Review","Requires tbl_user migration and PPNO-to-user_id crosswalk.","Medium","No confident automatic target mapping."
"T_AU_CCQ","UPDATED_BY","NUMBER","REVIEW_REQUIRED","modified_by","ReviewRequired","Resolve legacy PP/user identifier to tbl_user.user_id.","Use IAS_ZTBL default if legacy value is null.","Review","Requires tbl_user migration and PPNO-to-user_id crosswalk.","Medium","No confident automatic target mapping."
"T_AU_CCQ","CREATED_DATETIME","TIMESTAMP(6)","REVIEW_REQUIRED","REVIEW_REQUIRED","ReviewRequired","Manual mapping required; no safe automatic target column was inferred.","Use IAS_ZTBL default if legacy value is null.","Review","Requires parent table load order and surrogate key crosswalk.","Low","No confident automatic target mapping."
"T_AU_CCQ","UPDATED_DATETIME","TIMESTAMP(6)","REVIEW_REQUIRED","REVIEW_REQUIRED","ReviewRequired","Manual mapping required; no safe automatic target column was inferred.","Use IAS_ZTBL default if legacy value is null.","Review","Requires parent table load order and surrogate key crosswalk.","Low","No confident automatic target mapping."
"T_AU_DATA_VALIDATION_FAD_LOG","ID","NUMBER","tbl_workflow_event","workflow_event_id","ExistingTableExistingColumn","Direct copy after datatype coercion and audit-column normalization.","Use IAS_ZTBL default if legacy value is null.","WorkflowEvent","Requires parent table load order and surrogate key crosswalk.","Medium","Operational history/log normalized into workflow events unless a dedicated history table exists."
"T_AU_DATA_VALIDATION_FAD_LOG","REF_P","VARCHAR2","tbl_workflow_event","REVIEW_REQUIRED","ExistingTableRequiredColumn","Manual mapping required; no safe automatic target column was inferred.","Use IAS_ZTBL default if legacy value is null.","WorkflowEvent","Requires parent table load order and surrogate key crosswalk.","Low","Operational history/log normalized into workflow events unless a dedicated history table exists."
"T_AU_DATA_VALIDATION_FAD_LOG","PARA_FINAL","NUMBER","tbl_workflow_event","REVIEW_REQUIRED","ExistingTableRequiredColumn","Manual mapping required; no safe automatic target column was inferred.","Use IAS_ZTBL default if legacy value is null.","WorkflowEvent","Requires parent table load order and surrogate key crosswalk.","Low","Operational history/log normalized into workflow events unless a dedicated history table exists."
"T_AU_DATA_VALIDATION_FAD_LOG","PARA_REFERED_BACK","NUMBER","tbl_workflow_event","REVIEW_REQUIRED","ExistingTableRequiredColumn","Manual mapping required; no safe automatic target column was inferred.","Use IAS_ZTBL default if legacy value is null.","WorkflowEvent","Requires parent table load order and surrogate key crosswalk.","Low","Operational history/log normalized into workflow events unless a dedicated history table exists."
"T_AU_DATA_VALIDATION_FAD_LOG","PARA_REVIEWED","NUMBER","tbl_workflow_event","REVIEW_REQUIRED","ExistingTableRequiredColumn","Manual mapping required; no safe automatic target column was inferred.","Use IAS_ZTBL default if legacy value is null.","WorkflowEvent","Requires parent table load order and surrogate key crosswalk.","Low","Operational history/log normalized into workflow events unless a dedicated history table exists."
"T_AU_DATA_VALIDATION_FAD_LOG","DESK_OFFICER","NUMBER","tbl_workflow_event","REVIEW_REQUIRED","ExistingTableRequiredColumn","Manual mapping required; no safe automatic target column was inferred.","Use IAS_ZTBL default if legacy value is null.","WorkflowEvent","Requires parent table load order and surrogate key crosswalk.","Low","Operational history/log normalized into workflow events unless a dedicated history table exists."
"T_AU_DATA_VALIDATION_FAD_LOG","FAD_DATE","TIMESTAMP(6)","tbl_workflow_event","REVIEW_REQUIRED","ExistingTableRequiredColumn","Manual mapping required; no safe automatic target column was inferred.","Use IAS_ZTBL default if legacy value is null.","WorkflowEvent","Requires parent table load order and surrogate key crosswalk.","Low","Operational history/log normalized into workflow events unless a dedicated history table exists."
"T_AU_DATA_VALIDATION_FAD_LOG","REMARKS","VARCHAR2","tbl_workflow_event","REVIEW_REQUIRED","ExistingTableRequiredColumn","Manual mapping required; no safe automatic target column was inferred.","Use IAS_ZTBL default if legacy value is null.","WorkflowEvent","Requires parent table load order and surrogate key crosswalk.","Low","Operational history/log normalized into workflow events unless a dedicated history table exists."
"T_AU_DATA_VALIDATION_FAD_LOG","PARA_FINAL_NO_UPDATE","NUMBER","tbl_workflow_event","REVIEW_REQUIRED","ExistingTableRequiredColumn","Manual mapping required; no safe automatic target column was inferred.","Use IAS_ZTBL default if legacy value is null.","WorkflowEvent","Requires parent table load order and surrogate key crosswalk.","Low","Operational history/log normalized into workflow events unless a dedicated history table exists."
"T_AU_DATA_VALIDATION_HO_LOG","ID","NUMBER","tbl_workflow_event","workflow_event_id","ExistingTableExistingColumn","Direct copy after datatype coercion and audit-column normalization.","Use IAS_ZTBL default if legacy value is null.","WorkflowEvent","Requires parent table load order and surrogate key crosswalk.","Medium","Operational history/log normalized into workflow events unless a dedicated history table exists."
"T_AU_DATA_VALIDATION_HO_LOG","REF_P","VARCHAR2","tbl_workflow_event","REVIEW_REQUIRED","ExistingTableRequiredColumn","Manual mapping required; no safe automatic target column was inferred.","Use IAS_ZTBL default if legacy value is null.","WorkflowEvent","Requires parent table load order and surrogate key crosswalk.","Low","Operational history/log normalized into workflow events unless a dedicated history table exists."
"T_AU_DATA_VALIDATION_HO_LOG","PARA_FINAL","NUMBER","tbl_workflow_event","REVIEW_REQUIRED","ExistingTableRequiredColumn","Manual mapping required; no safe automatic target column was inferred.","Use IAS_ZTBL default if legacy value is null.","WorkflowEvent","Requires parent table load order and surrogate key crosswalk.","Low","Operational history/log normalized into workflow events unless a dedicated history table exists."
"T_AU_DATA_VALIDATION_HO_LOG","PARA_REFERED_BACK","NUMBER","tbl_workflow_event","REVIEW_REQUIRED","ExistingTableRequiredColumn","Manual mapping required; no safe automatic target column was inferred.","Use IAS_ZTBL default if legacy value is null.","WorkflowEvent","Requires parent table load order and surrogate key crosswalk.","Low","Operational history/log normalized into workflow events unless a dedicated history table exists."
"T_AU_DATA_VALIDATION_HO_LOG","PARA_REVIEWED","NUMBER","tbl_workflow_event","REVIEW_REQUIRED","ExistingTableRequiredColumn","Manual mapping required; no safe automatic target column was inferred.","Use IAS_ZTBL default if legacy value is null.","WorkflowEvent","Requires parent table load order and surrogate key crosswalk.","Low","Operational history/log normalized into workflow events unless a dedicated history table exists."
"T_AU_DATA_VALIDATION_HO_LOG","DESK_OFFICER","NUMBER","tbl_workflow_event","REVIEW_REQUIRED","ExistingTableRequiredColumn","Manual mapping required; no safe automatic target column was inferred.","Use IAS_ZTBL default if legacy value is null.","WorkflowEvent","Requires parent table load order and surrogate key crosswalk.","Low","Operational history/log normalized into workflow events unless a dedicated history table exists."
"T_AU_DATA_VALIDATION_HO_LOG","FAD_DATE","TIMESTAMP(6)","tbl_workflow_event","REVIEW_REQUIRED","ExistingTableRequiredColumn","Manual mapping required; no safe automatic target column was inferred.","Use IAS_ZTBL default if legacy value is null.","WorkflowEvent","Requires parent table load order and surrogate key crosswalk.","Low","Operational history/log normalized into workflow events unless a dedicated history table exists."
"T_AU_DATA_VALIDATION_HO_LOG","REMARKS","VARCHAR2","tbl_workflow_event","REVIEW_REQUIRED","ExistingTableRequiredColumn","Manual mapping required; no safe automatic target column was inferred.","Use IAS_ZTBL default if legacy value is null.","WorkflowEvent","Requires parent table load order and surrogate key crosswalk.","Low","Operational history/log normalized into workflow events unless a dedicated history table exists."
"T_AU_DATA_VALIDATION_HO_LOG","PARA_FINAL_NO_UPDATE","NUMBER","tbl_workflow_event","REVIEW_REQUIRED","ExistingTableRequiredColumn","Manual mapping required; no safe automatic target column was inferred.","Use IAS_ZTBL default if legacy value is null.","WorkflowEvent","Requires parent table load order and surrogate key crosswalk.","Low","Operational history/log normalized into workflow events unless a dedicated history table exists."
"T_AU_DSA","ID","NUMBER","tbl_observation_dsa","observation_dsa_id","RequiredTable","Direct copy after datatype coercion and audit-column normalization.","Use IAS_ZTBL default if legacy value is null.","History","Requires tbl_entity migration and entity-code crosswalk.","Medium","DSA workflow requires dedicated DDL extension."
"T_AU_DSA","ENTITY_ID","NUMBER","tbl_observation_dsa","entity_id","RequiredTable","Direct copy after datatype coercion and audit-column normalization.","Use IAS_ZTBL default if legacy value is null.","History","Requires tbl_entity migration and entity-code crosswalk.","Medium","DSA workflow requires dedicated DDL extension."
"T_AU_DSA","AUDITED_BY","NUMBER","tbl_observation_dsa","REVIEW_REQUIRED","RequiredTable","Manual mapping required; no safe automatic target column was inferred.","Use IAS_ZTBL default if legacy value is null.","History","Requires tbl_entity migration and entity-code crosswalk.","Low","DSA workflow requires dedicated DDL extension."
"T_AU_DSA","OBS_ID","NUMBER","tbl_observation_dsa","observation_dsa_id","RequiredTable","Direct copy after datatype coercion and audit-column normalization.","Use IAS_ZTBL default if legacy value is null.","History","Requires tbl_entity migration and entity-code crosswalk.","Medium","DSA workflow requires dedicated DDL extension."
"T_AU_DSA","PPNO","NUMBER","tbl_observation_dsa","user_id","RequiredTable","Resolve legacy PPNO to tbl_user.user_id crosswalk.","Use IAS_ZTBL default if legacy value is null.","History","Requires tbl_user migration and PPNO-to-user_id crosswalk.","Medium","DSA workflow requires dedicated DDL extension."
"T_AU_DSA","CREATED_BY","NUMBER","tbl_observation_dsa","created_by","RequiredTable","Resolve legacy PP/user identifier to tbl_user.user_id.","Use IAS_ZTBL default if legacy value is null.","History","Requires tbl_user migration and PPNO-to-user_id crosswalk.","Medium","DSA workflow requires dedicated DDL extension."
"T_AU_DSA","CREATED_ON","DATE","tbl_observation_dsa","created_on","RequiredTable","Direct copy after datatype coercion and audit-column normalization.","Use IAS_ZTBL default if legacy value is null.","History","Requires tbl_entity migration and entity-code crosswalk.","Medium","DSA workflow requires dedicated DDL extension."
"T_AU_DSA","REVIEWED_BY","NUMBER","tbl_observation_dsa","approved_by","RequiredTable","Resolve reviewer/approver to tbl_user.user_id.","Use IAS_ZTBL default if legacy value is null.","History","Requires tbl_user migration and PPNO-to-user_id crosswalk.","Medium","DSA workflow requires dedicated DDL extension."
"T_AU_DSA","REVIEWED_ON","DATE","tbl_observation_dsa","approved_on","RequiredTable","Direct copy after datatype coercion and audit-column normalization.","Use IAS_ZTBL default if legacy value is null.","History","Requires tbl_entity migration and entity-code crosswalk.","Medium","DSA workflow requires dedicated DDL extension."
"T_AU_DSA","APPROVED_BY","NUMBER","tbl_observation_dsa","approved_by","RequiredTable","Resolve reviewer/approver to tbl_user.user_id.","Use IAS_ZTBL default if legacy value is null.","History","Requires tbl_user migration and PPNO-to-user_id crosswalk.","Medium","DSA workflow requires dedicated DDL extension."
"T_AU_DSA","APPROVED_ON","DATE","tbl_observation_dsa","approved_on","RequiredTable","Direct copy after datatype coercion and audit-column normalization.","Use IAS_ZTBL default if legacy value is null.","History","Requires tbl_entity migration and entity-code crosswalk.","Medium","DSA workflow requires dedicated DDL extension."
"T_AU_DSA","DPD_RECEIVED_BY","NUMBER","tbl_observation_dsa","REVIEW_REQUIRED","RequiredTable","Manual mapping required; no safe automatic target column was inferred.","Use IAS_ZTBL default if legacy value is null.","History","Requires tbl_entity migration and entity-code crosswalk.","Low","DSA workflow requires dedicated DDL extension."
"T_AU_DSA","DPD_RECEIVED_ON","DATE","tbl_observation_dsa","REVIEW_REQUIRED","RequiredTable","Manual mapping required; no safe automatic target column was inferred.","Use IAS_ZTBL default if legacy value is null.","History","Requires tbl_entity migration and entity-code crosswalk.","Low","DSA workflow requires dedicated DDL extension."
"T_AU_DSA","DPD_ACTIONS_ID","NUMBER","tbl_observation_dsa","observation_dsa_id","RequiredTable","Direct copy after datatype coercion and audit-column normalization.","Use IAS_ZTBL default if legacy value is null.","History","Requires tbl_entity migration and entity-code crosswalk.","Medium","DSA workflow requires dedicated DDL extension."
"T_AU_DSA","STATUS","NUMBER","tbl_observation_dsa","REVIEW_REQUIRED","RequiredTable","Manual mapping required; no safe automatic target column was inferred.","Use IAS_ZTBL default if legacy value is null.","History","Requires tbl_entity migration and entity-code crosswalk.","Low","DSA workflow requires dedicated DDL extension."
"T_AU_DSA","ENG_ID","NUMBER","tbl_observation_dsa","observation_dsa_id","RequiredTable","Direct copy after datatype coercion and audit-column normalization.","Use IAS_ZTBL default if legacy value is null.","History","Requires tbl_entity migration and entity-code crosswalk.","Medium","DSA workflow requires dedicated DDL extension."
"T_AU_DSA","RESP_ID","NUMBER","tbl_observation_dsa","observation_dsa_id","RequiredTable","Direct copy after datatype coercion and audit-column normalization.","Use IAS_ZTBL default if legacy value is null.","History","Requires tbl_entity migration and entity-code crosswalk.","Medium","DSA workflow requires dedicated DDL extension."
"T_AU_DSA_GUIDELINES","ID","NUMBER","tbl_observation_dsa","observation_dsa_id","RequiredTable","Direct copy after datatype coercion and audit-column normalization.","Use IAS_ZTBL default if legacy value is null.","History","Requires tbl_entity migration and entity-code crosswalk.","Medium","DSA workflow requires dedicated DDL extension."
"T_AU_DSA_GUIDELINES","PATRICULARS","VARCHAR2","tbl_observation_dsa","REVIEW_REQUIRED","RequiredTable","Manual mapping required; no safe automatic target column was inferred.","Use IAS_ZTBL default if legacy value is null.","History","Requires tbl_entity migration and entity-code crosswalk.","Low","DSA workflow requires dedicated DDL extension."
"T_AU_DSA_GUIDELINES","STATUS","VARCHAR2","tbl_observation_dsa","REVIEW_REQUIRED","RequiredTable","Manual mapping required; no safe automatic target column was inferred.","Use IAS_ZTBL default if legacy value is null.","History","Requires tbl_entity migration and entity-code crosswalk.","Low","DSA workflow requires dedicated DDL extension."
"T_AU_DSA_GUIDELINES_ADDED","ID","NUMBER","tbl_observation_dsa","observation_dsa_id","RequiredTable","Direct copy after datatype coercion and audit-column normalization.","Use IAS_ZTBL default if legacy value is null.","History","Requires tbl_entity migration and entity-code crosswalk.","Medium","DSA workflow requires dedicated DDL extension."
"T_AU_DSA_GUIDELINES_ADDED","DSA_ID","NUMBER","tbl_observation_dsa","observation_dsa_id","RequiredTable","Direct copy after datatype coercion and audit-column normalization.","Use IAS_ZTBL default if legacy value is null.","History","Requires tbl_entity migration and entity-code crosswalk.","Medium","DSA workflow requires dedicated DDL extension."
"T_AU_DSA_GUIDELINES_ADDED","GD_ID","NUMBER","tbl_observation_dsa","observation_dsa_id","RequiredTable","Direct copy after datatype coercion and audit-column normalization.","Use IAS_ZTBL default if legacy value is null.","History","Requires tbl_entity migration and entity-code crosswalk.","Medium","DSA workflow requires dedicated DDL extension."
"T_AU_DSA_GUIDELINES_ADDED","ENTERED_BY","NUMBER","tbl_observation_dsa","created_by","RequiredTable","Resolve legacy PP/user identifier to tbl_user.user_id.","Use IAS_ZTBL default if legacy value is null.","History","Requires tbl_user migration and PPNO-to-user_id crosswalk.","Medium","DSA workflow requires dedicated DDL extension."
"T_AU_DSA_GUIDELINES_ADDED","ENTERED_ON","DATE","tbl_observation_dsa","created_on","RequiredTable","Direct copy after datatype coercion and audit-column normalization.","Use IAS_ZTBL default if legacy value is null.","History","Requires tbl_entity migration and entity-code crosswalk.","Medium","DSA workflow requires dedicated DDL extension."
"T_AU_DSA_GUIDELINES_ADDED","STATUS","VARCHAR2","tbl_observation_dsa","REVIEW_REQUIRED","RequiredTable","Manual mapping required; no safe automatic target column was inferred.","Use IAS_ZTBL default if legacy value is null.","History","Requires tbl_entity migration and entity-code crosswalk.","Low","DSA workflow requires dedicated DDL extension."
"T_AU_DSA_STATUS","ID","NUMBER","tbl_observation_dsa","observation_dsa_id","RequiredTable","Direct copy after datatype coercion and audit-column normalization.","Use IAS_ZTBL default if legacy value is null.","History","Requires tbl_entity migration and entity-code crosswalk.","Medium","DSA workflow requires dedicated DDL extension."
"T_AU_DSA_STATUS","STATUS","NUMBER","tbl_observation_dsa","REVIEW_REQUIRED","RequiredTable","Manual mapping required; no safe automatic target column was inferred.","Use IAS_ZTBL default if legacy value is null.","History","Requires tbl_entity migration and entity-code crosswalk.","Low","DSA workflow requires dedicated DDL extension."
"T_AU_DSA_STATUS","DESCRIPTION","VARCHAR2","tbl_observation_dsa","description","RequiredTable","Direct copy after datatype coercion and audit-column normalization.","Use IAS_ZTBL default if legacy value is null.","History","Requires tbl_entity migration and entity-code crosswalk.","Low","DSA workflow requires dedicated DDL extension."
"T_AU_DSA_TEXT","ID","NUMBER","tbl_observation_dsa","observation_dsa_id","RequiredTable","Direct copy after datatype coercion and audit-column normalization.","Use IAS_ZTBL default if legacy value is null.","History","Requires tbl_entity migration and entity-code crosswalk.","Medium","DSA workflow requires dedicated DDL extension."
"T_AU_DSA_TEXT","DSA_ID","NUMBER","tbl_observation_dsa","observation_dsa_id","RequiredTable","Direct copy after datatype coercion and audit-column normalization.","Use IAS_ZTBL default if legacy value is null.","History","Requires tbl_entity migration and entity-code crosswalk.","Medium","DSA workflow requires dedicated DDL extension."
"T_AU_DSA_TEXT","DSA_BODY","CLOB","tbl_observation_dsa","REVIEW_REQUIRED","RequiredTable","Manual mapping required; no safe automatic target column was inferred.","Use IAS_ZTBL default if legacy value is null.","History","Requires tbl_entity migration and entity-code crosswalk.","Low","DSA workflow requires dedicated DDL extension."
"T_AU_DUPLICATE_PARAS","D_ID","NUMBER","REVIEW_REQUIRED","REVIEW_REQUIRED","ReviewRequired","Manual mapping required; no safe automatic target column was inferred.","Use IAS_ZTBL default if legacy value is null.","Review","Requires parent table load order and surrogate key crosswalk.","Low","No confident automatic target mapping."
"T_AU_DUPLICATE_PARAS","OLD_PARA_ID","NUMBER","REVIEW_REQUIRED","REVIEW_REQUIRED","ReviewRequired","Manual mapping required; no safe automatic target column was inferred.","Use IAS_ZTBL default if legacy value is null.","Review","Requires parent table load order and surrogate key crosswalk.","Low","No confident automatic target mapping."
"T_AU_DUPLICATE_PARAS","NEW_PARA_ID","NUMBER","REVIEW_REQUIRED","REVIEW_REQUIRED","ReviewRequired","Manual mapping required; no safe automatic target column was inferred.","Use IAS_ZTBL default if legacy value is null.","Review","Requires parent table load order and surrogate key crosswalk.","Low","No confident automatic target mapping."
"T_AU_DUPLICATE_PARAS","ENTITY_ID","NUMBER","REVIEW_REQUIRED","entity_id","ReviewRequired","Direct copy after datatype coercion and audit-column normalization.","Use IAS_ZTBL default if legacy value is null.","Review","Requires tbl_entity migration and entity-code crosswalk.","Medium","No confident automatic target mapping."
"T_AU_DUPLICATE_PARAS","ENTITY_CODE","NUMBER","REVIEW_REQUIRED","REVIEW_REQUIRED","ReviewRequired","Manual mapping required; no safe automatic target column was inferred.","Use IAS_ZTBL default if legacy value is null.","Review","Requires parent table load order and surrogate key crosswalk.","Low","No confident automatic target mapping."
"T_AU_DUPLICATE_PARAS","AUDITED_BY","NUMBER","REVIEW_REQUIRED","REVIEW_REQUIRED","ReviewRequired","Manual mapping required; no safe automatic target column was inferred.","Use IAS_ZTBL default if legacy value is null.","Review","Requires parent table load order and surrogate key crosswalk.","Low","No confident automatic target mapping."
"T_AU_DUPLICATE_PARAS","PARA_NO","VARCHAR2","REVIEW_REQUIRED","REVIEW_REQUIRED","ReviewRequired","Manual mapping required; no safe automatic target column was inferred.","Use IAS_ZTBL default if legacy value is null.","Review","Requires parent table load order and surrogate key crosswalk.","Low","No confident automatic target mapping."
"T_AU_DUPLICATE_PARAS","PARA_GIST","VARCHAR2","REVIEW_REQUIRED","REVIEW_REQUIRED","ReviewRequired","Manual mapping required; no safe automatic target column was inferred.","Use IAS_ZTBL default if legacy value is null.","Review","Requires parent table load order and surrogate key crosswalk.","Low","No confident automatic target mapping."
"T_AU_DUPLICATE_PARAS","AUDIT_PERIOD","VARCHAR2","REVIEW_REQUIRED","REVIEW_REQUIRED","ReviewRequired","Manual mapping required; no safe automatic target column was inferred.","Use IAS_ZTBL default if legacy value is null.","Review","Requires parent table load order and surrogate key crosswalk.","Low","No confident automatic target mapping."
"T_AU_DUPLICATE_PARAS","PARA_STATUS","NUMBER","REVIEW_REQUIRED","REVIEW_REQUIRED","ReviewRequired","Manual mapping required; no safe automatic target column was inferred.","Use IAS_ZTBL default if legacy value is null.","Review","Requires parent table load order and surrogate key crosswalk.","Low","No confident automatic target mapping."
"T_AU_DUPLICATE_PARAS","IND","VARCHAR2","REVIEW_REQUIRED","REVIEW_REQUIRED","ReviewRequired","Manual mapping required; no safe automatic target column was inferred.","Use IAS_ZTBL default if legacy value is null.","Review","Requires parent table load order and surrogate key crosswalk.","Low","No confident automatic target mapping."
"T_AU_DUPLICATE_PARAS","RISK","NUMBER","REVIEW_REQUIRED","REVIEW_REQUIRED","ReviewRequired","Manual mapping required; no safe automatic target column was inferred.","Use IAS_ZTBL default if legacy value is null.","Review","Requires parent table load order and surrogate key crosswalk.","Low","No confident automatic target mapping."
"T_AU_DUPLICATE_PARAS","INSTANCES","VARCHAR2","REVIEW_REQUIRED","REVIEW_REQUIRED","ReviewRequired","Manual mapping required; no safe automatic target column was inferred.","Use IAS_ZTBL default if legacy value is null.","Review","Requires parent table load order and surrogate key crosswalk.","Low","No confident automatic target mapping."
"T_AU_DUPLICATE_PARAS","AMOUNT","VARCHAR2","REVIEW_REQUIRED","REVIEW_REQUIRED","ReviewRequired","Manual mapping required; no safe automatic target column was inferred.","Use IAS_ZTBL default if legacy value is null.","Review","Requires parent table load order and surrogate key crosswalk.","Low","No confident automatic target mapping."
"T_AU_DUPLICATE_PARAS","ANNEX","NUMBER","REVIEW_REQUIRED","REVIEW_REQUIRED","ReviewRequired","Manual mapping required; no safe automatic target column was inferred.","Use IAS_ZTBL default if legacy value is null.","Review","Requires parent table load order and surrogate key crosswalk.","Low","No confident automatic target mapping."
"T_AU_DUPLICATE_PARAS","REMARKS","VARCHAR2","REVIEW_REQUIRED","REVIEW_REQUIRED","ReviewRequired","Manual mapping required; no safe automatic target column was inferred.","Use IAS_ZTBL default if legacy value is null.","Review","Requires parent table load order and surrogate key crosswalk.","Low","No confident automatic target mapping."
"T_AU_DUPLICATE_PARAS","ADDED_BY","NUMBER","REVIEW_REQUIRED","REVIEW_REQUIRED","ReviewRequired","Manual mapping required; no safe automatic target column was inferred.","Use IAS_ZTBL default if legacy value is null.","Review","Requires parent table load order and surrogate key crosswalk.","Low","No confident automatic target mapping."
"T_AU_DUPLICATE_PARAS","ADDED_ON","TIMESTAMP(6)","REVIEW_REQUIRED","REVIEW_REQUIRED","ReviewRequired","Manual mapping required; no safe automatic target column was inferred.","Use IAS_ZTBL default if legacy value is null.","Review","Requires parent table load order and surrogate key crosswalk.","Low","No confident automatic target mapping."
"T_AU_DUPLICATE_PARAS","AUTHORIZED_STATUS","VARCHAR2","REVIEW_REQUIRED","REVIEW_REQUIRED","ReviewRequired","Manual mapping required; no safe automatic target column was inferred.","Use IAS_ZTBL default if legacy value is null.","Review","Requires parent table load order and surrogate key crosswalk.","Low","No confident automatic target mapping."
"T_AU_DUPLICATE_PARAS","AUTHORIZED_BY","NUMBER","REVIEW_REQUIRED","REVIEW_REQUIRED","ReviewRequired","Manual mapping required; no safe automatic target column was inferred.","Use IAS_ZTBL default if legacy value is null.","Review","Requires parent table load order and surrogate key crosswalk.","Low","No confident automatic target mapping."
"T_AU_DUPLICATE_PARAS","AUTHORIZED_ON","TIMESTAMP(6)","REVIEW_REQUIRED","REVIEW_REQUIRED","ReviewRequired","Manual mapping required; no safe automatic target column was inferred.","Use IAS_ZTBL default if legacy value is null.","Review","Requires parent table load order and surrogate key crosswalk.","Low","No confident automatic target mapping."
"T_AU_ENTITY_SHIFTING","REF_ID","NUMBER","REVIEW_REQUIRED","REVIEW_REQUIRED","ReviewRequired","Manual mapping required; no safe automatic target column was inferred.","Use IAS_ZTBL default if legacy value is null.","Review","Requires parent table load order and surrogate key crosswalk.","Low","No confident automatic target mapping."
"T_AU_ENTITY_SHIFTING","OLD_ENTITY_ID","NUMBER","REVIEW_REQUIRED","REVIEW_REQUIRED","ReviewRequired","Manual mapping required; no safe automatic target column was inferred.","Use IAS_ZTBL default if legacy value is null.","Review","Requires parent table load order and surrogate key crosswalk.","Low","No confident automatic target mapping."
"T_AU_ENTITY_SHIFTING","NEW_ENTITY_ID","NUMBER","REVIEW_REQUIRED","REVIEW_REQUIRED","ReviewRequired","Manual mapping required; no safe automatic target column was inferred.","Use IAS_ZTBL default if legacy value is null.","Review","Requires parent table load order and surrogate key crosswalk.","Low","No confident automatic target mapping."
"T_AU_ENTITY_SHIFTING","CIRCULAR_NO","VARCHAR2","REVIEW_REQUIRED","REVIEW_REQUIRED","ReviewRequired","Manual mapping required; no safe automatic target column was inferred.","Use IAS_ZTBL default if legacy value is null.","Review","Requires parent table load order and surrogate key crosswalk.","Low","No confident automatic target mapping."
"T_AU_ENTITY_SHIFTING","CIRCULAR_DATE","DATE","REVIEW_REQUIRED","REVIEW_REQUIRED","ReviewRequired","Manual mapping required; no safe automatic target column was inferred.","Use IAS_ZTBL default if legacy value is null.","Review","Requires parent table load order and surrogate key crosswalk.","Low","No confident automatic target mapping."
"T_AU_ENTITY_SHIFTING","CIRCULAR","CLOB","REVIEW_REQUIRED","REVIEW_REQUIRED","ReviewRequired","Manual mapping required; no safe automatic target column was inferred.","Use IAS_ZTBL default if legacy value is null.","Review","Requires parent table load order and surrogate key crosswalk.","Low","No confident automatic target mapping."
"T_AU_ENTITY_SHIFTING","ENTERED_BY","NUMBER","REVIEW_REQUIRED","created_by","ReviewRequired","Resolve legacy PP/user identifier to tbl_user.user_id.","Use IAS_ZTBL default if legacy value is null.","Review","Requires tbl_user migration and PPNO-to-user_id crosswalk.","Medium","No confident automatic target mapping."
"T_AU_ENTITY_SHIFTING","ENTERED_ON","DATE","REVIEW_REQUIRED","created_on","ReviewRequired","Direct copy after datatype coercion and audit-column normalization.","Use IAS_ZTBL default if legacy value is null.","Review","Requires parent table load order and surrogate key crosswalk.","Medium","No confident automatic target mapping."
"T_AU_ERROR_LOGS","ID","NUMBER","REVIEW_REQUIRED","REVIEW_REQUIRED","ReviewRequired","Manual mapping required; no safe automatic target column was inferred.","Use IAS_ZTBL default if legacy value is null.","Review","Requires parent table load order and surrogate key crosswalk.","Low","No confident automatic target mapping."
"T_AU_ERROR_LOGS","PACKAGE_NAME","VARCHAR2","REVIEW_REQUIRED","name","ReviewRequired","Direct copy after datatype coercion and audit-column normalization.","Use IAS_ZTBL default if legacy value is null.","Review","Requires parent table load order and surrogate key crosswalk.","Low","No confident automatic target mapping."
"T_AU_ERROR_LOGS","PROCEDURE_NAME","VARCHAR2","REVIEW_REQUIRED","name","ReviewRequired","Direct copy after datatype coercion and audit-column normalization.","Use IAS_ZTBL default if legacy value is null.","Review","Requires parent table load order and surrogate key crosswalk.","Low","No confident automatic target mapping."
"T_AU_ERROR_LOGS","NATURE","VARCHAR2","REVIEW_REQUIRED","REVIEW_REQUIRED","ReviewRequired","Manual mapping required; no safe automatic target column was inferred.","Use IAS_ZTBL default if legacy value is null.","Review","Requires parent table load order and surrogate key crosswalk.","Low","No confident automatic target mapping."
"T_AU_ERROR_LOGS","PPNO","NUMBER","REVIEW_REQUIRED","user_id","ReviewRequired","Resolve legacy PPNO to tbl_user.user_id crosswalk.","Use IAS_ZTBL default if legacy value is null.","Review","Requires tbl_user migration and PPNO-to-user_id crosswalk.","Medium","No confident automatic target mapping."
"T_AU_ERROR_LOGS","RECORD_ON","DATE","REVIEW_REQUIRED","REVIEW_REQUIRED","ReviewRequired","Manual mapping required; no safe automatic target column was inferred.","Use IAS_ZTBL default if legacy value is null.","Review","Requires parent table load order and surrogate key crosswalk.","Low","No confident automatic target mapping."
"T_AU_ERROR_LOGS","STATUS","VARCHAR2","REVIEW_REQUIRED","REVIEW_REQUIRED","ReviewRequired","Manual mapping required; no safe automatic target column was inferred.","Use IAS_ZTBL default if legacy value is null.","Review","Requires parent table load order and surrogate key crosswalk.","Low","No confident automatic target mapping."
"T_AU_EXCEPTION_REPORTS","R_ID","NUMBER","tbl_iid_exception_report","iid_exception_report_id","ExistingTableExistingColumn","Direct copy after datatype coercion and audit-column normalization.","Use IAS_ZTBL default if legacy value is null.","CurrentState","Requires parent IID case migration before child-row load.","Medium","Exception report header."
"T_AU_EXCEPTION_REPORTS","R_REPORT_TITLE","VARCHAR2","tbl_iid_exception_report","heading_text","ExistingTableRequiredColumn","Load descriptive heading into normalized heading/title field.","Use IAS_ZTBL default if legacy value is null.","CurrentState","Requires parent IID case migration before child-row load.","Low","Exception report header."
"T_AU_EXCEPTION_REPORTS","R_DISCRIPTION","VARCHAR2","tbl_iid_exception_report","REVIEW_REQUIRED","ExistingTableRequiredColumn","Manual mapping required; no safe automatic target column was inferred.","Use IAS_ZTBL default if legacy value is null.","CurrentState","Requires parent IID case migration before child-row load.","Low","Exception report header."
"T_AU_EXCEPTION_REPORTS","R_IND","VARCHAR2","tbl_iid_exception_report","REVIEW_REQUIRED","ExistingTableRequiredColumn","Manual mapping required; no safe automatic target column was inferred.","Use IAS_ZTBL default if legacy value is null.","CurrentState","Requires parent IID case migration before child-row load.","Low","Exception report header."
"T_AU_EXCEPTION_REPORTS","STATUS","VARCHAR2","tbl_iid_exception_report","REVIEW_REQUIRED","ExistingTableRequiredColumn","Manual mapping required; no safe automatic target column was inferred.","Use IAS_ZTBL default if legacy value is null.","CurrentState","Requires parent IID case migration before child-row load.","Low","Exception report header."
"T_AU_EXCEPTION_REPORTS","LOAN_STATUS","NUMBER","tbl_iid_exception_report","REVIEW_REQUIRED","ExistingTableRequiredColumn","Manual mapping required; no safe automatic target column was inferred.","Use IAS_ZTBL default if legacy value is null.","CurrentState","Requires parent IID case migration before child-row load.","Low","Exception report header."
"T_AU_EXCEPTION_REPORTS","VIEW_NAME","VARCHAR2","tbl_iid_exception_report","name","ExistingTableRequiredColumn","Direct copy after datatype coercion and audit-column normalization.","Use IAS_ZTBL default if legacy value is null.","CurrentState","Requires parent IID case migration before child-row load.","Low","Exception report header."
"T_AU_EXCEPTION_REPORTS_FORMAT","FORMAT_ID","NUMBER","tbl_iid_exception_column","iid_exception_column_id","ExistingTableExistingColumn","Direct copy after datatype coercion and audit-column normalization.","Use IAS_ZTBL default if legacy value is null.","CurrentState","Requires parent IID case migration before child-row load.","Medium","Exception report column definitions."
"T_AU_EXCEPTION_REPORTS_FORMAT","FORMAT_ID","NUMBER","tbl_iid_exception_column","iid_exception_column_id","ExistingTableExistingColumn","Direct copy after datatype coercion and audit-column normalization.","Use IAS_ZTBL default if legacy value is null.","CurrentState","Requires parent IID case migration before child-row load.","Medium","Exception report column definitions."
"T_AU_EXCEPTION_REPORTS_FORMAT","R_ID","NUMBER","tbl_iid_exception_column","iid_exception_column_id","ExistingTableExistingColumn","Direct copy after datatype coercion and audit-column normalization.","Use IAS_ZTBL default if legacy value is null.","CurrentState","Requires parent IID case migration before child-row load.","Medium","Exception report column definitions."
"T_AU_EXCEPTION_REPORTS_FORMAT","R_ID","NUMBER","tbl_iid_exception_column","iid_exception_column_id","ExistingTableExistingColumn","Direct copy after datatype coercion and audit-column normalization.","Use IAS_ZTBL default if legacy value is null.","CurrentState","Requires parent IID case migration before child-row load.","Medium","Exception report column definitions."
"T_AU_EXCEPTION_REPORTS_FORMAT","COLUMN_NAME","VARCHAR2","tbl_iid_exception_column","name","ExistingTableRequiredColumn","Direct copy after datatype coercion and audit-column normalization.","Use IAS_ZTBL default if legacy value is null.","CurrentState","Requires parent IID case migration before child-row load.","Low","Exception report column definitions."
"T_AU_EXCEPTION_REPORTS_FORMAT","COLUMN_NAME","VARCHAR2","tbl_iid_exception_column","name","ExistingTableRequiredColumn","Direct copy after datatype coercion and audit-column normalization.","Use IAS_ZTBL default if legacy value is null.","CurrentState","Requires parent IID case migration before child-row load.","Low","Exception report column definitions."
"T_AU_EXCEPTION_REPORTS_FORMAT","COLUMN_HEADER","VARCHAR2","tbl_iid_exception_column","REVIEW_REQUIRED","ExistingTableRequiredColumn","Manual mapping required; no safe automatic target column was inferred.","Use IAS_ZTBL default if legacy value is null.","CurrentState","Requires parent IID case migration before child-row load.","Low","Exception report column definitions."
"T_AU_EXCEPTION_REPORTS_FORMAT","COLUMN_ORDER","NUMBER","tbl_iid_exception_column","REVIEW_REQUIRED","ExistingTableRequiredColumn","Manual mapping required; no safe automatic target column was inferred.","Use IAS_ZTBL default if legacy value is null.","CurrentState","Requires parent IID case migration before child-row load.","Low","Exception report column definitions."
"T_AU_EXCEPTION_REPORTS_FORMAT","DATA_TYPE","VARCHAR2","tbl_iid_exception_column","REVIEW_REQUIRED","ExistingTableRequiredColumn","Manual mapping required; no safe automatic target column was inferred.","Use IAS_ZTBL default if legacy value is null.","CurrentState","Requires parent IID case migration before child-row load.","Low","Exception report column definitions."
"T_AU_EXCEPTION_REPORTS_FORMAT","IS_ACTIVE","CHAR","tbl_iid_exception_column","REVIEW_REQUIRED","ExistingTableRequiredColumn","Manual mapping required; no safe automatic target column was inferred.","Use IAS_ZTBL default if legacy value is null.","CurrentState","Requires parent IID case migration before child-row load.","Low","Exception report column definitions."
"T_AU_EXCEPTION_REPORTS_FORMAT","CREATED_DATE","DATE","tbl_iid_exception_column","REVIEW_REQUIRED","ExistingTableRequiredColumn","Manual mapping required; no safe automatic target column was inferred.","Use IAS_ZTBL default if legacy value is null.","CurrentState","Requires parent IID case migration before child-row load.","Low","Exception report column definitions."
"T_AU_IID_ANALYSIS","ANALYSIS_ID","NUMBER","tbl_iid_analysis","iid_analysis_id","RequiredTable","Direct copy after datatype coercion and audit-column normalization.","Use IAS_ZTBL default if legacy value is null.","History","Requires parent IID case migration before child-row load.","Medium","Analysis requires DDL extension."
"T_AU_IID_ANALYSIS","ANALYSIS_ID","NUMBER","tbl_iid_analysis","iid_analysis_id","RequiredTable","Direct copy after datatype coercion and audit-column normalization.","Use IAS_ZTBL default if legacy value is null.","History","Requires parent IID case migration before child-row load.","Medium","Analysis requires DDL extension."
"T_AU_IID_ANALYSIS","REPORT_ID","NUMBER","tbl_iid_analysis","iid_analysis_id","RequiredTable","Direct copy after datatype coercion and audit-column normalization.","Use IAS_ZTBL default if legacy value is null.","History","Requires parent IID case migration before child-row load.","Medium","Analysis requires DDL extension."
"T_AU_IID_ANALYSIS","POLICY_GAPS","CLOB","tbl_iid_analysis","REVIEW_REQUIRED","RequiredTable","Manual mapping required; no safe automatic target column was inferred.","Use IAS_ZTBL default if legacy value is null.","History","Requires parent IID case migration before child-row load.","Low","Analysis requires DDL extension."
"T_AU_IID_ANALYSIS","CONTROL_GAPS","CLOB","tbl_iid_analysis","REVIEW_REQUIRED","RequiredTable","Manual mapping required; no safe automatic target column was inferred.","Use IAS_ZTBL default if legacy value is null.","History","Requires parent IID case migration before child-row load.","Low","Analysis requires DDL extension."
"T_AU_IID_ANALYSIS","PROCEDURAL_VIOLATIONS","CLOB","tbl_iid_analysis","REVIEW_REQUIRED","RequiredTable","Manual mapping required; no safe automatic target column was inferred.","Use IAS_ZTBL default if legacy value is null.","History","Requires parent IID case migration before child-row load.","Low","Analysis requires DDL extension."
"T_AU_IID_ANALYSIS","FORWARD_TO","VARCHAR2","tbl_iid_analysis","REVIEW_REQUIRED","RequiredTable","Manual mapping required; no safe automatic target column was inferred.","Use IAS_ZTBL default if legacy value is null.","History","Requires parent IID case migration before child-row load.","Low","Analysis requires DDL extension."
"T_AU_IID_ANALYSIS","COMMENTS","CLOB","tbl_iid_analysis","REVIEW_REQUIRED","RequiredTable","Manual mapping required; no safe automatic target column was inferred.","Use IAS_ZTBL default if legacy value is null.","History","Requires parent IID case migration before child-row load.","Low","Analysis requires DDL extension."
"T_AU_IID_ANALYSIS","ANALYZED_BY","NUMBER","tbl_iid_analysis","REVIEW_REQUIRED","RequiredTable","Manual mapping required; no safe automatic target column was inferred.","Use IAS_ZTBL default if legacy value is null.","History","Requires parent IID case migration before child-row load.","Low","Analysis requires DDL extension."
"T_AU_IID_ANALYSIS","ANALYZED_ON","DATE","tbl_iid_analysis","REVIEW_REQUIRED","RequiredTable","Manual mapping required; no safe automatic target column was inferred.","Use IAS_ZTBL default if legacy value is null.","History","Requires parent IID case migration before child-row load.","Low","Analysis requires DDL extension."
"T_AU_IID_ANALYSIS","DECISION","VARCHAR2","tbl_iid_analysis","REVIEW_REQUIRED","RequiredTable","Manual mapping required; no safe automatic target column was inferred.","Use IAS_ZTBL default if legacy value is null.","History","Requires parent IID case migration before child-row load.","Low","Analysis requires DDL extension."
"T_AU_IID_ANALYSIS","REFER_BACK_COMMENTS","CLOB","tbl_iid_analysis","REVIEW_REQUIRED","RequiredTable","Manual mapping required; no safe automatic target column was inferred.","Use IAS_ZTBL default if legacy value is null.","History","Requires parent IID case migration before child-row load.","Low","Analysis requires DDL extension."
"T_AU_IID_ASSESSMENT","ASSESSMENT_ID","NUMBER","tbl_iid_assessment","iid_assessment_id","RequiredTable","Direct copy after datatype coercion and audit-column normalization.","Use IAS_ZTBL default if legacy value is null.","History","Requires parent IID case migration before child-row load.","Medium","Assessment requires DDL extension."
"T_AU_IID_ASSESSMENT","ASSESSMENT_ID","NUMBER","tbl_iid_assessment","iid_assessment_id","RequiredTable","Direct copy after datatype coercion and audit-column normalization.","Use IAS_ZTBL default if legacy value is null.","History","Requires parent IID case migration before child-row load.","Medium","Assessment requires DDL extension."
"T_AU_IID_ASSESSMENT","COMPLAINT_ID","NUMBER","tbl_iid_assessment","iid_assessment_id","RequiredTable","Direct copy after datatype coercion and audit-column normalization.","Use IAS_ZTBL default if legacy value is null.","History","Requires parent IID case migration before child-row load.","Medium","Assessment requires DDL extension."
"T_AU_IID_ASSESSMENT","RECEIVED_BY","NUMBER","tbl_iid_assessment","REVIEW_REQUIRED","RequiredTable","Manual mapping required; no safe automatic target column was inferred.","Use IAS_ZTBL default if legacy value is null.","History","Requires parent IID case migration before child-row load.","Low","Assessment requires DDL extension."
"T_AU_IID_ASSESSMENT","ASSESSMENT","CLOB","tbl_iid_assessment","REVIEW_REQUIRED","RequiredTable","Manual mapping required; no safe automatic target column was inferred.","Use IAS_ZTBL default if legacy value is null.","History","Requires parent IID case migration before child-row load.","Low","Assessment requires DDL extension."
"T_AU_IID_ASSESSMENT","RECOMMENDATION","VARCHAR2","tbl_iid_assessment","REVIEW_REQUIRED","RequiredTable","Manual mapping required; no safe automatic target column was inferred.","Use IAS_ZTBL default if legacy value is null.","History","Requires parent IID case migration before child-row load.","Low","Assessment requires DDL extension."
"T_AU_IID_ASSESSMENT","FORWARDED_ON","DATE","tbl_iid_assessment","REVIEW_REQUIRED","RequiredTable","Manual mapping required; no safe automatic target column was inferred.","Use IAS_ZTBL default if legacy value is null.","History","Requires parent IID case migration before child-row load.","Low","Assessment requires DDL extension."
"T_AU_IID_ASSESSMENT","PRELIM_RISK","VARCHAR2","tbl_iid_assessment","REVIEW_REQUIRED","RequiredTable","Manual mapping required; no safe automatic target column was inferred.","Use IAS_ZTBL default if legacy value is null.","History","Requires parent IID case migration before child-row load.","Low","Assessment requires DDL extension."
"T_AU_IID_ASSESSMENT","ASSIGNED_UNIT_ID","NUMBER","tbl_iid_assessment","iid_assessment_id","RequiredTable","Direct copy after datatype coercion and audit-column normalization.","Use IAS_ZTBL default if legacy value is null.","History","Requires parent IID case migration before child-row load.","Medium","Assessment requires DDL extension."
"T_AU_IID_CASE_STUDY","CASE_ID","NUMBER","tbl_iid_case_study","iid_case_study_id","RequiredTable","Direct copy after datatype coercion and audit-column normalization.","Use IAS_ZTBL default if legacy value is null.","History","Requires parent IID case migration before child-row load.","Medium","Case study requires DDL extension."
"T_AU_IID_CASE_STUDY","CASE_ID","NUMBER","tbl_iid_case_study","iid_case_study_id","RequiredTable","Direct copy after datatype coercion and audit-column normalization.","Use IAS_ZTBL default if legacy value is null.","History","Requires parent IID case migration before child-row load.","Medium","Case study requires DDL extension."
"T_AU_IID_CASE_STUDY","COMPLAINT_ID","NUMBER","tbl_iid_case_study","iid_case_study_id","RequiredTable","Direct copy after datatype coercion and audit-column normalization.","Use IAS_ZTBL default if legacy value is null.","History","Requires parent IID case migration before child-row load.","Medium","Case study requires DDL extension."
"T_AU_IID_CASE_STUDY","ORIGIN_PROCESS_OWNER","VARCHAR2","tbl_iid_case_study","REVIEW_REQUIRED","RequiredTable","Manual mapping required; no safe automatic target column was inferred.","Use IAS_ZTBL default if legacy value is null.","History","Requires parent IID case migration before child-row load.","Low","Case study requires DDL extension."
"T_AU_IID_CASE_STUDY","NAME_COMPLAINANT","VARCHAR2","tbl_iid_case_study","REVIEW_REQUIRED","RequiredTable","Manual mapping required; no safe automatic target column was inferred.","Use IAS_ZTBL default if legacy value is null.","History","Requires parent IID case migration before child-row load.","Low","Case study requires DDL extension."
"T_AU_IID_CASE_STUDY","BRANCH","VARCHAR2","tbl_iid_case_study","REVIEW_REQUIRED","RequiredTable","Manual mapping required; no safe automatic target column was inferred.","Use IAS_ZTBL default if legacy value is null.","History","Requires parent IID case migration before child-row load.","Low","Case study requires DDL extension."
"T_AU_IID_CASE_STUDY","GIST","CLOB","tbl_iid_case_study","REVIEW_REQUIRED","RequiredTable","Manual mapping required; no safe automatic target column was inferred.","Use IAS_ZTBL default if legacy value is null.","History","Requires parent IID case migration before child-row load.","Low","Case study requires DDL extension."
"T_AU_IID_CASE_STUDY","OUTCOME","CLOB","tbl_iid_case_study","REVIEW_REQUIRED","RequiredTable","Manual mapping required; no safe automatic target column was inferred.","Use IAS_ZTBL default if legacy value is null.","History","Requires parent IID case migration before child-row load.","Low","Case study requires DDL extension."
"T_AU_IID_CASE_STUDY","MODUS_OPERANDI","CLOB","tbl_iid_case_study","REVIEW_REQUIRED","RequiredTable","Manual mapping required; no safe automatic target column was inferred.","Use IAS_ZTBL default if legacy value is null.","History","Requires parent IID case migration before child-row load.","Low","Case study requires DDL extension."
"T_AU_IID_CASE_STUDY","GAPS","CLOB","tbl_iid_case_study","REVIEW_REQUIRED","RequiredTable","Manual mapping required; no safe automatic target column was inferred.","Use IAS_ZTBL default if legacy value is null.","History","Requires parent IID case migration before child-row load.","Low","Case study requires DDL extension."
"T_AU_IID_CASE_STUDY","ROOT_CAUSE","CLOB","tbl_iid_case_study","REVIEW_REQUIRED","RequiredTable","Manual mapping required; no safe automatic target column was inferred.","Use IAS_ZTBL default if legacy value is null.","History","Requires parent IID case migration before child-row load.","Low","Case study requires DDL extension."
"T_AU_IID_CASE_STUDY","ACTIONS_REC","CLOB","tbl_iid_case_study","REVIEW_REQUIRED","RequiredTable","Manual mapping required; no safe automatic target column was inferred.","Use IAS_ZTBL default if legacy value is null.","History","Requires parent IID case migration before child-row load.","Low","Case study requires DDL extension."
"T_AU_IID_CASE_STUDY","POLICY_GAPS_IDENTIFIED","CLOB","tbl_iid_case_study","REVIEW_REQUIRED","RequiredTable","Manual mapping required; no safe automatic target column was inferred.","Use IAS_ZTBL default if legacy value is null.","History","Requires parent IID case migration before child-row load.","Low","Case study requires DDL extension."
"T_AU_IID_CASE_STUDY","CONTROL_VIOLATIONS","CLOB","tbl_iid_case_study","REVIEW_REQUIRED","RequiredTable","Manual mapping required; no safe automatic target column was inferred.","Use IAS_ZTBL default if legacy value is null.","History","Requires parent IID case migration before child-row load.","Low","Case study requires DDL extension."
"T_AU_IID_CASE_STUDY","RISK_IDENTIFIED","CLOB","tbl_iid_case_study","REVIEW_REQUIRED","RequiredTable","Manual mapping required; no safe automatic target column was inferred.","Use IAS_ZTBL default if legacy value is null.","History","Requires parent IID case migration before child-row load.","Low","Case study requires DDL extension."
"T_AU_IID_CASE_STUDY","REG_COMPLIANCE_FAILURE","CLOB","tbl_iid_case_study","REVIEW_REQUIRED","RequiredTable","Manual mapping required; no safe automatic target column was inferred.","Use IAS_ZTBL default if legacy value is null.","History","Requires parent IID case migration before child-row load.","Low","Case study requires DDL extension."
"T_AU_IID_CASE_STUDY","STATUS","VARCHAR2","tbl_iid_case_study","REVIEW_REQUIRED","RequiredTable","Manual mapping required; no safe automatic target column was inferred.","Use IAS_ZTBL default if legacy value is null.","History","Requires parent IID case migration before child-row load.","Low","Case study requires DDL extension."
"T_AU_IID_COMPLAINANT","COMPLAINANT_ID","NUMBER","tbl_iid_complainant","iid_complainant_id","ExistingTableExistingColumn","Direct copy after datatype coercion and audit-column normalization.","Use IAS_ZTBL default if legacy value is null.","CurrentState","Requires parent IID case migration before child-row load.","Medium","Complainant detail."
"T_AU_IID_COMPLAINANT","COMPLAINANT_ID","NUMBER","tbl_iid_complainant","iid_complainant_id","ExistingTableExistingColumn","Direct copy after datatype coercion and audit-column normalization.","Use IAS_ZTBL default if legacy value is null.","CurrentState","Requires parent IID case migration before child-row load.","Medium","Complainant detail."
"T_AU_IID_COMPLAINANT","COMPLAINT_ID","NUMBER","tbl_iid_complainant","iid_complainant_id","ExistingTableExistingColumn","Direct copy after datatype coercion and audit-column normalization.","Use IAS_ZTBL default if legacy value is null.","CurrentState","Requires parent IID case migration before child-row load.","Medium","Complainant detail."
"T_AU_IID_COMPLAINANT","COMPLAINT_ID","NUMBER","tbl_iid_complainant","iid_complainant_id","ExistingTableExistingColumn","Direct copy after datatype coercion and audit-column normalization.","Use IAS_ZTBL default if legacy value is null.","CurrentState","Requires parent IID case migration before child-row load.","Medium","Complainant detail."
"T_AU_IID_COMPLAINANT","COMPLAINANT_NAME","VARCHAR2","tbl_iid_complainant","name","ExistingTableRequiredColumn","Direct copy after datatype coercion and audit-column normalization.","Use IAS_ZTBL default if legacy value is null.","CurrentState","Requires parent IID case migration before child-row load.","Low","Complainant detail."
"T_AU_IID_COMPLAINANT","CNIC","VARCHAR2","tbl_iid_complainant","REVIEW_REQUIRED","ExistingTableRequiredColumn","Manual mapping required; no safe automatic target column was inferred.","Use IAS_ZTBL default if legacy value is null.","CurrentState","Requires parent IID case migration before child-row load.","Low","Complainant detail."
"T_AU_IID_COMPLAINANT","CELLULAR_NUMBER","VARCHAR2","tbl_iid_complainant","REVIEW_REQUIRED","ExistingTableRequiredColumn","Manual mapping required; no safe automatic target column was inferred.","Use IAS_ZTBL default if legacy value is null.","CurrentState","Requires parent IID case migration before child-row load.","Low","Complainant detail."
"T_AU_IID_COMPLAINANT","MAILING_ADDRESS","VARCHAR2","tbl_iid_complainant","REVIEW_REQUIRED","ExistingTableRequiredColumn","Manual mapping required; no safe automatic target column was inferred.","Use IAS_ZTBL default if legacy value is null.","CurrentState","Requires parent IID case migration before child-row load.","Low","Complainant detail."
"T_AU_IID_COMPLAINANT","GENDER","VARCHAR2","tbl_iid_complainant","REVIEW_REQUIRED","ExistingTableRequiredColumn","Manual mapping required; no safe automatic target column was inferred.","Use IAS_ZTBL default if legacy value is null.","CurrentState","Requires parent IID case migration before child-row load.","Low","Complainant detail."
"T_AU_IID_COMPLAINANT","IS_PRIMARY","CHAR","tbl_iid_complainant","REVIEW_REQUIRED","ExistingTableRequiredColumn","Manual mapping required; no safe automatic target column was inferred.","Use IAS_ZTBL default if legacy value is null.","CurrentState","Requires parent IID case migration before child-row load.","Low","Complainant detail."
"T_AU_IID_COMPLAINANT","ACTIVE_FLAG","CHAR","tbl_iid_complainant","is_active","ExistingTableExistingColumn","Normalize active flag to Y/N.","Use IAS_ZTBL default if legacy value is null.","CurrentState","Requires parent IID case migration before child-row load.","Medium","Complainant detail."
"T_AU_IID_COMPLAINANT","CREATED_ON","DATE","tbl_iid_complainant","created_on","ExistingTableExistingColumn","Direct copy after datatype coercion and audit-column normalization.","Use IAS_ZTBL default if legacy value is null.","CurrentState","Requires parent IID case migration before child-row load.","Medium","Complainant detail."
"T_AU_IID_COMPLAINANT","CREATED_BY_PP_NO","NUMBER","tbl_iid_complainant","created_by","ExistingTableExistingColumn","Resolve legacy PP/user identifier to tbl_user.user_id.","Use IAS_ZTBL default if legacy value is null.","CurrentState","Requires tbl_user migration and PPNO-to-user_id crosswalk.","Medium","Complainant detail."
"T_AU_IID_COMPLAINANT","UPDATED_ON","DATE","tbl_iid_complainant","modified_on","ExistingTableExistingColumn","Direct copy after datatype coercion and audit-column normalization.","Use IAS_ZTBL default if legacy value is null.","CurrentState","Requires parent IID case migration before child-row load.","Medium","Complainant detail."
"T_AU_IID_COMPLAINANT","UPDATED_BY_PP_NO","NUMBER","tbl_iid_complainant","modified_by","ExistingTableExistingColumn","Resolve legacy PP/user identifier to tbl_user.user_id.","Use IAS_ZTBL default if legacy value is null.","CurrentState","Requires tbl_user migration and PPNO-to-user_id crosswalk.","Medium","Complainant detail."
"T_AU_IID_COMPLAINT_HDR","COMPLAINT_ID","NUMBER","tbl_iid_case","iid_case_id","ExistingTableExistingColumn","Preserve complaint key via IID case crosswalk.","Use IAS_ZTBL default if legacy value is null.","CurrentState","Requires parent IID case migration before child-row load.","High","Complaint header."
"T_AU_IID_COMPLAINT_HDR","COMPLAINT_ID","NUMBER","tbl_iid_case","iid_case_id","ExistingTableExistingColumn","Preserve complaint key via IID case crosswalk.","Use IAS_ZTBL default if legacy value is null.","CurrentState","Requires parent IID case migration before child-row load.","High","Complaint header."
"T_AU_IID_COMPLAINT_HDR","COMPLAINT_NO","VARCHAR2","tbl_iid_case","case_no","ExistingTableExistingColumn","Direct copy after datatype coercion and audit-column normalization.","Use IAS_ZTBL default if legacy value is null.","CurrentState","Requires parent IID case migration before child-row load.","High","Complaint header."
"T_AU_IID_COMPLAINT_HDR","INTAKE_CHANNEL","VARCHAR2","tbl_iid_case","intake_channel_id","ExistingTableExistingColumn","Map text channel to normalized lookup value.","Use IAS_ZTBL default if legacy value is null.","CurrentState","Requires parent IID case migration before child-row load.","High","Complaint header."
"T_AU_IID_COMPLAINT_HDR","INTAKE_CHANNEL","VARCHAR2","tbl_iid_case","intake_channel_id","ExistingTableExistingColumn","Map text channel to normalized lookup value.","Use IAS_ZTBL default if legacy value is null.","CurrentState","Requires parent IID case migration before child-row load.","High","Complaint header."
"T_AU_IID_COMPLAINT_HDR","STATUS","VARCHAR2","tbl_iid_case","case_status_id","ExistingTableExistingColumn","Map text status to normalized IID case status lookup.","Use IAS_ZTBL default if legacy value is null.","CurrentState","Requires status/lookup normalization register and lookup load order.","High","Complaint header."
"T_AU_IID_COMPLAINT_HDR","SUBMITTED_ON","DATE","tbl_iid_case","submitted_on","ExistingTableExistingColumn","Direct copy after datatype coercion and audit-column normalization.","Use IAS_ZTBL default if legacy value is null.","CurrentState","Requires parent IID case migration before child-row load.","High","Complaint header."
"T_AU_IID_COMPLAINT_HDR","SUBMITTED_BY_PP_NO","NUMBER","tbl_iid_case","submitted_by","ExistingTableExistingColumn","Resolve PPNO to tbl_user.user_id.","Use IAS_ZTBL default if legacy value is null.","CurrentState","Requires tbl_user migration and PPNO-to-user_id crosswalk.","High","Complaint header."
"T_AU_IID_COMPLAINT_HDR","ASSIGNED_UNIT_ID","NUMBER","tbl_iid_case","assigned_entity_id","ExistingTableExistingColumn","Direct copy after datatype coercion and audit-column normalization.","Use IAS_ZTBL default if legacy value is null.","CurrentState","Requires tbl_entity migration and entity-code crosswalk.","High","Complaint header."
"T_AU_IID_COMPLAINT_HDR","ACTIVE_FLAG","CHAR","tbl_iid_case","is_active","ExistingTableExistingColumn","Normalize active flag to Y/N.","Use IAS_ZTBL default if legacy value is null.","CurrentState","Requires parent IID case migration before child-row load.","High","Complaint header."
"T_AU_IID_COMPLAINT_HDR","UPDATED_ON","DATE","tbl_iid_case","modified_on","ExistingTableExistingColumn","Direct copy after datatype coercion and audit-column normalization.","Use IAS_ZTBL default if legacy value is null.","CurrentState","Requires parent IID case migration before child-row load.","High","Complaint header."
"T_AU_IID_COMPLAINT_HDR","UPDATED_BY_PP_NO","NUMBER","tbl_iid_case","modified_by","ExistingTableExistingColumn","Direct copy after datatype coercion and audit-column normalization.","Use IAS_ZTBL default if legacy value is null.","CurrentState","Requires tbl_user migration and PPNO-to-user_id crosswalk.","High","Complaint header."
"T_AU_IID_COMPLAINT_HDR","STATUS_ID","NUMBER","tbl_iid_case","case_status_id","ExistingTableExistingColumn","Prefer STATUS_ID when present; STATUS text becomes validation source.","Use IAS_ZTBL default if legacy value is null.","CurrentState","Requires status/lookup normalization register and lookup load order.","High","Complaint header."
"T_AU_IID_COMPLAINT_HDR","STATUS_ID","NUMBER","tbl_iid_case","case_status_id","ExistingTableExistingColumn","Prefer STATUS_ID when present; STATUS text becomes validation source.","Use IAS_ZTBL default if legacy value is null.","CurrentState","Requires status/lookup normalization register and lookup load order.","High","Complaint header."
"T_AU_IID_COMPLAINT_HDR","IS_FINALIZED","CHAR","tbl_iid_case","case_status_id","ExistingTableExistingColumn","Translate finalized flag into terminal IID case status; preserve finalized_on separately.","Use IAS_ZTBL default if legacy value is null.","CurrentState","Requires status/lookup normalization register and lookup load order.","Medium","Complaint header."
"T_AU_IID_COMPLAINT_HDR","FINALIZED_ON","DATE","tbl_iid_case","finalized_on","ExistingTableExistingColumn","Direct copy after datatype coercion and audit-column normalization.","Use IAS_ZTBL default if legacy value is null.","CurrentState","Requires parent IID case migration before child-row load.","High","Complaint header."
"T_AU_IID_COMPLAINT_IAID","COMPLAINT_ID","NUMBER","REVIEW_REQUIRED","REVIEW_REQUIRED","ReviewRequired","Manual mapping required; no safe automatic target column was inferred.","Use IAS_ZTBL default if legacy value is null.","Review","Requires parent table load order and surrogate key crosswalk.","Low","No confident automatic target mapping."
"T_AU_IID_COMPLAINT_IAID","COMPLAINT_ID","NUMBER","REVIEW_REQUIRED","REVIEW_REQUIRED","ReviewRequired","Manual mapping required; no safe automatic target column was inferred.","Use IAS_ZTBL default if legacy value is null.","Review","Requires parent table load order and surrogate key crosswalk.","Low","No confident automatic target mapping."
"T_AU_IID_COMPLAINT_IAID","NATURE","VARCHAR2","REVIEW_REQUIRED","REVIEW_REQUIRED","ReviewRequired","Manual mapping required; no safe automatic target column was inferred.","Use IAS_ZTBL default if legacy value is null.","Review","Requires parent table load order and surrogate key crosswalk.","Low","No confident automatic target mapping."
"T_AU_IID_COMPLAINT_IAID","CATEGORY","VARCHAR2","REVIEW_REQUIRED","REVIEW_REQUIRED","ReviewRequired","Manual mapping required; no safe automatic target column was inferred.","Use IAS_ZTBL default if legacy value is null.","Review","Requires parent table load order and surrogate key crosswalk.","Low","No confident automatic target mapping."
"T_AU_IID_COMPLAINT_IAID","RECEIVED_FROM","VARCHAR2","REVIEW_REQUIRED","REVIEW_REQUIRED","ReviewRequired","Manual mapping required; no safe automatic target column was inferred.","Use IAS_ZTBL default if legacy value is null.","Review","Requires parent table load order and surrogate key crosswalk.","Low","No confident automatic target mapping."
"T_AU_IID_COMPLAINT_IAID","LOCATION_TYPE_ID","NUMBER","REVIEW_REQUIRED","REVIEW_REQUIRED","ReviewRequired","Manual mapping required; no safe automatic target column was inferred.","Use IAS_ZTBL default if legacy value is null.","Review","Requires parent table load order and surrogate key crosswalk.","Low","No confident automatic target mapping."
"T_AU_IID_COMPLAINT_IAID","GM_OFFICE_ID","NUMBER","REVIEW_REQUIRED","REVIEW_REQUIRED","ReviewRequired","Manual mapping required; no safe automatic target column was inferred.","Use IAS_ZTBL default if legacy value is null.","Review","Requires parent table load order and surrogate key crosswalk.","Low","No confident automatic target mapping."
"T_AU_IID_COMPLAINT_IAID","REGION_ID","NUMBER","REVIEW_REQUIRED","REVIEW_REQUIRED","ReviewRequired","Manual mapping required; no safe automatic target column was inferred.","Use IAS_ZTBL default if legacy value is null.","Review","Requires parent table load order and surrogate key crosswalk.","Low","No confident automatic target mapping."
"T_AU_IID_COMPLAINT_IAID","BRANCH_ID","NUMBER","REVIEW_REQUIRED","REVIEW_REQUIRED","ReviewRequired","Manual mapping required; no safe automatic target column was inferred.","Use IAS_ZTBL default if legacy value is null.","Review","Requires parent table load order and surrogate key crosswalk.","Low","No confident automatic target mapping."
"T_AU_IID_COMPLAINT_IAID","CONTENTS","CLOB","REVIEW_REQUIRED","detail_text","ReviewRequired","Load long text into normalized CLOB detail field.","Use IAS_ZTBL default if legacy value is null.","Review","Requires parent table load order and surrogate key crosswalk.","Low","No confident automatic target mapping."
"T_AU_IID_COMPLAINT_IAID","UPLOADED_COMPLAINT","VARCHAR2","REVIEW_REQUIRED","REVIEW_REQUIRED","ReviewRequired","Manual mapping required; no safe automatic target column was inferred.","Use IAS_ZTBL default if legacy value is null.","Review","Requires parent table load order and surrogate key crosswalk.","Low","No confident automatic target mapping."
"T_AU_IID_COMPLAINT_IAID","UPLOADED_EVIDENCE","VARCHAR2","REVIEW_REQUIRED","REVIEW_REQUIRED","ReviewRequired","Manual mapping required; no safe automatic target column was inferred.","Use IAS_ZTBL default if legacy value is null.","Review","Requires parent table load order and surrogate key crosswalk.","Low","No confident automatic target mapping."
"T_AU_IID_COMPLAINT_IAID","ACTION_REQUIRED","VARCHAR2","REVIEW_REQUIRED","REVIEW_REQUIRED","ReviewRequired","Manual mapping required; no safe automatic target column was inferred.","Use IAS_ZTBL default if legacy value is null.","Review","Requires parent table load order and surrogate key crosswalk.","Low","No confident automatic target mapping."
"T_AU_IID_COMPLAINT_IAID","UPLOADED_FFR","VARCHAR2","REVIEW_REQUIRED","REVIEW_REQUIRED","ReviewRequired","Manual mapping required; no safe automatic target column was inferred.","Use IAS_ZTBL default if legacy value is null.","Review","Requires parent table load order and surrogate key crosswalk.","Low","No confident automatic target mapping."
"T_AU_IID_HEAD_PLAN_APPROVAL","APPROVAL_ID","NUMBER","tbl_iid_plan_approval","iid_plan_approval_id","RequiredTable","Direct copy after datatype coercion and audit-column normalization.","Use IAS_ZTBL default if legacy value is null.","History","Requires parent IID case migration before child-row load.","Medium","Plan approval requires DDL extension."
"T_AU_IID_HEAD_PLAN_APPROVAL","APPROVAL_ID","NUMBER","tbl_iid_plan_approval","iid_plan_approval_id","RequiredTable","Direct copy after datatype coercion and audit-column normalization.","Use IAS_ZTBL default if legacy value is null.","History","Requires parent IID case migration before child-row load.","Medium","Plan approval requires DDL extension."
"T_AU_IID_HEAD_PLAN_APPROVAL","PLAN_ID","NUMBER","tbl_iid_plan_approval","iid_plan_approval_id","RequiredTable","Direct copy after datatype coercion and audit-column normalization.","Use IAS_ZTBL default if legacy value is null.","History","Requires parent IID case migration before child-row load.","Medium","Plan approval requires DDL extension."
"T_AU_IID_HEAD_PLAN_APPROVAL","APPROVED_BY","NUMBER","tbl_iid_plan_approval","approved_by","RequiredTable","Resolve reviewer/approver to tbl_user.user_id.","Use IAS_ZTBL default if legacy value is null.","History","Requires tbl_user migration and PPNO-to-user_id crosswalk.","Medium","Plan approval requires DDL extension."
"T_AU_IID_HEAD_PLAN_APPROVAL","IS_APPROVED","VARCHAR2","tbl_iid_plan_approval","REVIEW_REQUIRED","RequiredTable","Manual mapping required; no safe automatic target column was inferred.","Use IAS_ZTBL default if legacy value is null.","History","Requires parent IID case migration before child-row load.","Low","Plan approval requires DDL extension."
"T_AU_IID_HEAD_PLAN_APPROVAL","EDITED_PLAN","CLOB","tbl_iid_plan_approval","REVIEW_REQUIRED","RequiredTable","Manual mapping required; no safe automatic target column was inferred.","Use IAS_ZTBL default if legacy value is null.","History","Requires parent IID case migration before child-row load.","Low","Plan approval requires DDL extension."
"T_AU_IID_HEAD_PLAN_APPROVAL","FURTHER_ACTIONS","CLOB","tbl_iid_plan_approval","REVIEW_REQUIRED","RequiredTable","Manual mapping required; no safe automatic target column was inferred.","Use IAS_ZTBL default if legacy value is null.","History","Requires parent IID case migration before child-row load.","Low","Plan approval requires DDL extension."
"T_AU_IID_HEAD_PLAN_APPROVAL","APPROVED_ON","DATE","tbl_iid_plan_approval","approved_on","RequiredTable","Direct copy after datatype coercion and audit-column normalization.","Use IAS_ZTBL default if legacy value is null.","History","Requires parent IID case migration before child-row load.","Medium","Plan approval requires DDL extension."
"T_AU_IID_HEAD_REVIEW","REVIEW_ID","NUMBER","tbl_iid_head_review","iid_head_review_id","RequiredTable","Direct copy after datatype coercion and audit-column normalization.","Use IAS_ZTBL default if legacy value is null.","History","Requires parent IID case migration before child-row load.","Medium","Head review requires DDL extension."
"T_AU_IID_HEAD_REVIEW","REVIEW_ID","NUMBER","tbl_iid_head_review","iid_head_review_id","RequiredTable","Direct copy after datatype coercion and audit-column normalization.","Use IAS_ZTBL default if legacy value is null.","History","Requires parent IID case migration before child-row load.","Medium","Head review requires DDL extension."
"T_AU_IID_HEAD_REVIEW","COMPLAINT_ID","NUMBER","tbl_iid_head_review","iid_head_review_id","RequiredTable","Direct copy after datatype coercion and audit-column normalization.","Use IAS_ZTBL default if legacy value is null.","History","Requires parent IID case migration before child-row load.","Medium","Head review requires DDL extension."
"T_AU_IID_HEAD_REVIEW","ASSESSMENT_ID","NUMBER","tbl_iid_head_review","iid_head_review_id","RequiredTable","Direct copy after datatype coercion and audit-column normalization.","Use IAS_ZTBL default if legacy value is null.","History","Requires parent IID case migration before child-row load.","Medium","Head review requires DDL extension."
"T_AU_IID_HEAD_REVIEW","REVIEWED_BY","NUMBER","tbl_iid_head_review","approved_by","RequiredTable","Resolve reviewer/approver to tbl_user.user_id.","Use IAS_ZTBL default if legacy value is null.","History","Requires tbl_user migration and PPNO-to-user_id crosswalk.","Medium","Head review requires DDL extension."
"T_AU_IID_HEAD_REVIEW","DIRECTIONS","CLOB","tbl_iid_head_review","REVIEW_REQUIRED","RequiredTable","Manual mapping required; no safe automatic target column was inferred.","Use IAS_ZTBL default if legacy value is null.","History","Requires parent IID case migration before child-row load.","Low","Head review requires DDL extension."
"T_AU_IID_HEAD_REVIEW","ASSIGNED_TO_UNIT","NUMBER","tbl_iid_head_review","REVIEW_REQUIRED","RequiredTable","Manual mapping required; no safe automatic target column was inferred.","Use IAS_ZTBL default if legacy value is null.","History","Requires parent IID case migration before child-row load.","Low","Head review requires DDL extension."
"T_AU_IID_HEAD_REVIEW","TEAM_LEAD","NUMBER","tbl_iid_head_review","REVIEW_REQUIRED","RequiredTable","Manual mapping required; no safe automatic target column was inferred.","Use IAS_ZTBL default if legacy value is null.","History","Requires parent IID case migration before child-row load.","Low","Head review requires DDL extension."
"T_AU_IID_HEAD_REVIEW","TEAM_MEMBERS","CLOB","tbl_iid_head_review","REVIEW_REQUIRED","RequiredTable","Manual mapping required; no safe automatic target column was inferred.","Use IAS_ZTBL default if legacy value is null.","History","Requires parent IID case migration before child-row load.","Low","Head review requires DDL extension."
"T_AU_IID_HEAD_REVIEW","ASSIGNED_ON","DATE","tbl_iid_head_review","REVIEW_REQUIRED","RequiredTable","Manual mapping required; no safe automatic target column was inferred.","Use IAS_ZTBL default if legacy value is null.","History","Requires parent IID case migration before child-row load.","Low","Head review requires DDL extension."
"T_AU_IID_HEAD_REVIEW","DUE_DATE","DATE","tbl_iid_head_review","REVIEW_REQUIRED","RequiredTable","Manual mapping required; no safe automatic target column was inferred.","Use IAS_ZTBL default if legacy value is null.","History","Requires parent IID case migration before child-row load.","Low","Head review requires DDL extension."
"T_AU_IID_HEAD_REVIEW","REFERRED_BACK_COMMENTS","CLOB","tbl_iid_head_review","REVIEW_REQUIRED","RequiredTable","Manual mapping required; no safe automatic target column was inferred.","Use IAS_ZTBL default if legacy value is null.","History","Requires parent IID case migration before child-row load.","Low","Head review requires DDL extension."
"T_AU_IID_HEAD_REVIEW","ACTION","VARCHAR2","tbl_iid_head_review","REVIEW_REQUIRED","RequiredTable","Manual mapping required; no safe automatic target column was inferred.","Use IAS_ZTBL default if legacy value is null.","History","Requires parent IID case migration before child-row load.","Low","Head review requires DDL extension."
"T_AU_IID_HEAD_REVIEW","REVIEWED_ON","DATE","tbl_iid_head_review","approved_on","RequiredTable","Direct copy after datatype coercion and audit-column normalization.","Use IAS_ZTBL default if legacy value is null.","History","Requires parent IID case migration before child-row load.","Medium","Head review requires DDL extension."
"T_AU_IID_HEAD_REVIEW","APPROVED_ON","DATE","tbl_iid_head_review","approved_on","RequiredTable","Direct copy after datatype coercion and audit-column normalization.","Use IAS_ZTBL default if legacy value is null.","History","Requires parent IID case migration before child-row load.","Medium","Head review requires DDL extension."
"T_AU_IID_INQ_ACCUSATIONS","ACCUSATION_ID","NUMBER","tbl_iid_subject","iid_subject_id","ExistingTableExistingColumn","Direct copy after datatype coercion and audit-column normalization.","Use IAS_ZTBL default if legacy value is null.","CurrentState","Requires parent IID case migration before child-row load.","Medium","Accused/accusation subject rows."
"T_AU_IID_INQ_ACCUSATIONS","ACCUSATION_ID","NUMBER","tbl_iid_subject","iid_subject_id","ExistingTableExistingColumn","Direct copy after datatype coercion and audit-column normalization.","Use IAS_ZTBL default if legacy value is null.","CurrentState","Requires parent IID case migration before child-row load.","Medium","Accused/accusation subject rows."
"T_AU_IID_INQ_ACCUSATIONS","COMPLAINT_ID","NUMBER","tbl_iid_subject","iid_subject_id","ExistingTableExistingColumn","Direct copy after datatype coercion and audit-column normalization.","Use IAS_ZTBL default if legacy value is null.","CurrentState","Requires parent IID case migration before child-row load.","Medium","Accused/accusation subject rows."
"T_AU_IID_INQ_ACCUSATIONS","COMPLAINT_ID","NUMBER","tbl_iid_subject","iid_subject_id","ExistingTableExistingColumn","Direct copy after datatype coercion and audit-column normalization.","Use IAS_ZTBL default if legacy value is null.","CurrentState","Requires parent IID case migration before child-row load.","Medium","Accused/accusation subject rows."
"T_AU_IID_INQ_ACCUSATIONS","ACCUSATION_TEXT","CLOB","tbl_iid_subject","detail_text","ExistingTableRequiredColumn","Load long text into normalized CLOB detail field.","Use IAS_ZTBL default if legacy value is null.","CurrentState","Requires parent IID case migration before child-row load.","Low","Accused/accusation subject rows."
"T_AU_IID_INQ_ACCUSATIONS","SORT_ORDER","NUMBER","tbl_iid_subject","REVIEW_REQUIRED","ExistingTableRequiredColumn","Manual mapping required; no safe automatic target column was inferred.","Use IAS_ZTBL default if legacy value is null.","CurrentState","Requires parent IID case migration before child-row load.","Low","Accused/accusation subject rows."
"T_AU_IID_INQ_ACCUSATIONS","STATUS","VARCHAR2","tbl_iid_subject","REVIEW_REQUIRED","ExistingTableRequiredColumn","Manual mapping required; no safe automatic target column was inferred.","Use IAS_ZTBL default if legacy value is null.","CurrentState","Requires parent IID case migration before child-row load.","Low","Accused/accusation subject rows."
"T_AU_IID_INQ_ACCUSATIONS","STATUS","VARCHAR2","tbl_iid_subject","REVIEW_REQUIRED","ExistingTableRequiredColumn","Manual mapping required; no safe automatic target column was inferred.","Use IAS_ZTBL default if legacy value is null.","CurrentState","Requires parent IID case migration before child-row load.","Low","Accused/accusation subject rows."
"T_AU_IID_INQ_ACCUSATIONS","CREATED_BY","NUMBER","tbl_iid_subject","created_by","ExistingTableExistingColumn","Resolve legacy PP/user identifier to tbl_user.user_id.","Use IAS_ZTBL default if legacy value is null.","CurrentState","Requires tbl_user migration and PPNO-to-user_id crosswalk.","Medium","Accused/accusation subject rows."
"T_AU_IID_INQ_ACCUSATIONS","CREATED_ON","DATE","tbl_iid_subject","created_on","ExistingTableExistingColumn","Direct copy after datatype coercion and audit-column normalization.","Use IAS_ZTBL default if legacy value is null.","CurrentState","Requires parent IID case migration before child-row load.","Medium","Accused/accusation subject rows."
"T_AU_IID_INQ_ACCUSATIONS","UPDATED_BY","NUMBER","tbl_iid_subject","modified_by","ExistingTableExistingColumn","Resolve legacy PP/user identifier to tbl_user.user_id.","Use IAS_ZTBL default if legacy value is null.","CurrentState","Requires tbl_user migration and PPNO-to-user_id crosswalk.","Medium","Accused/accusation subject rows."
"T_AU_IID_INQ_ACCUSATIONS","UPDATED_ON","DATE","tbl_iid_subject","modified_on","ExistingTableExistingColumn","Direct copy after datatype coercion and audit-column normalization.","Use IAS_ZTBL default if legacy value is null.","CurrentState","Requires parent IID case migration before child-row load.","Medium","Accused/accusation subject rows."
"T_AU_IID_INQ_ACCUSED_LIST","ACCUSED_ROW_ID","NUMBER","tbl_iid_subject","iid_subject_id","ExistingTableExistingColumn","Direct copy after datatype coercion and audit-column normalization.","Use IAS_ZTBL default if legacy value is null.","CurrentState","Requires parent IID case migration before child-row load.","Medium","Accused/accusation subject rows."
"T_AU_IID_INQ_ACCUSED_LIST","ACCUSED_ROW_ID","NUMBER","tbl_iid_subject","iid_subject_id","ExistingTableExistingColumn","Direct copy after datatype coercion and audit-column normalization.","Use IAS_ZTBL default if legacy value is null.","CurrentState","Requires parent IID case migration before child-row load.","Medium","Accused/accusation subject rows."
"T_AU_IID_INQ_ACCUSED_LIST","COMPLAINT_ID","NUMBER","tbl_iid_subject","iid_subject_id","ExistingTableExistingColumn","Direct copy after datatype coercion and audit-column normalization.","Use IAS_ZTBL default if legacy value is null.","CurrentState","Requires parent IID case migration before child-row load.","Medium","Accused/accusation subject rows."
"T_AU_IID_INQ_ACCUSED_LIST","COMPLAINT_ID","NUMBER","tbl_iid_subject","iid_subject_id","ExistingTableExistingColumn","Direct copy after datatype coercion and audit-column normalization.","Use IAS_ZTBL default if legacy value is null.","CurrentState","Requires parent IID case migration before child-row load.","Medium","Accused/accusation subject rows."
"T_AU_IID_INQ_ACCUSED_LIST","PERSON_NAME","VARCHAR2","tbl_iid_subject","name","ExistingTableRequiredColumn","Direct copy after datatype coercion and audit-column normalization.","Use IAS_ZTBL default if legacy value is null.","CurrentState","Requires parent IID case migration before child-row load.","Low","Accused/accusation subject rows."
"T_AU_IID_INQ_ACCUSED_LIST","DESIGNATION","VARCHAR2","tbl_iid_subject","REVIEW_REQUIRED","ExistingTableRequiredColumn","Manual mapping required; no safe automatic target column was inferred.","Use IAS_ZTBL default if legacy value is null.","CurrentState","Requires parent IID case migration before child-row load.","Low","Accused/accusation subject rows."
"T_AU_IID_INQ_ACCUSED_LIST","ROLE_TYPE","VARCHAR2","tbl_iid_subject","REVIEW_REQUIRED","ExistingTableRequiredColumn","Manual mapping required; no safe automatic target column was inferred.","Use IAS_ZTBL default if legacy value is null.","CurrentState","Requires parent IID case migration before child-row load.","Low","Accused/accusation subject rows."
"T_AU_IID_INQ_ACCUSED_LIST","PPNO_NUMBER","VARCHAR2","tbl_iid_subject","user_id","ExistingTableRequiredColumn","Resolve legacy PPNO to tbl_user.user_id crosswalk.","Use IAS_ZTBL default if legacy value is null.","CurrentState","Requires tbl_user migration and PPNO-to-user_id crosswalk.","Medium","Accused/accusation subject rows."
"T_AU_IID_INQ_ACCUSED_LIST","CNIC","VARCHAR2","tbl_iid_subject","REVIEW_REQUIRED","ExistingTableRequiredColumn","Manual mapping required; no safe automatic target column was inferred.","Use IAS_ZTBL default if legacy value is null.","CurrentState","Requires parent IID case migration before child-row load.","Low","Accused/accusation subject rows."
"T_AU_IID_INQ_ACCUSED_LIST","FATHER_NAME","VARCHAR2","tbl_iid_subject","name","ExistingTableRequiredColumn","Direct copy after datatype coercion and audit-column normalization.","Use IAS_ZTBL default if legacy value is null.","CurrentState","Requires parent IID case migration before child-row load.","Low","Accused/accusation subject rows."
"T_AU_IID_INQ_ACCUSED_LIST","REMARKS","VARCHAR2","tbl_iid_subject","REVIEW_REQUIRED","ExistingTableRequiredColumn","Manual mapping required; no safe automatic target column was inferred.","Use IAS_ZTBL default if legacy value is null.","CurrentState","Requires parent IID case migration before child-row load.","Low","Accused/accusation subject rows."
"T_AU_IID_INQ_ACCUSED_LIST","SORT_ORDER","NUMBER","tbl_iid_subject","REVIEW_REQUIRED","ExistingTableRequiredColumn","Manual mapping required; no safe automatic target column was inferred.","Use IAS_ZTBL default if legacy value is null.","CurrentState","Requires parent IID case migration before child-row load.","Low","Accused/accusation subject rows."
"T_AU_IID_INQ_ACCUSED_LIST","STATUS","VARCHAR2","tbl_iid_subject","REVIEW_REQUIRED","ExistingTableRequiredColumn","Manual mapping required; no safe automatic target column was inferred.","Use IAS_ZTBL default if legacy value is null.","CurrentState","Requires parent IID case migration before child-row load.","Low","Accused/accusation subject rows."
"T_AU_IID_INQ_ACCUSED_LIST","STATUS","VARCHAR2","tbl_iid_subject","REVIEW_REQUIRED","ExistingTableRequiredColumn","Manual mapping required; no safe automatic target column was inferred.","Use IAS_ZTBL default if legacy value is null.","CurrentState","Requires parent IID case migration before child-row load.","Low","Accused/accusation subject rows."
"T_AU_IID_INQ_ACCUSED_LIST","CREATED_BY","NUMBER","tbl_iid_subject","created_by","ExistingTableExistingColumn","Resolve legacy PP/user identifier to tbl_user.user_id.","Use IAS_ZTBL default if legacy value is null.","CurrentState","Requires tbl_user migration and PPNO-to-user_id crosswalk.","Medium","Accused/accusation subject rows."
"T_AU_IID_INQ_ACCUSED_LIST","CREATED_ON","DATE","tbl_iid_subject","created_on","ExistingTableExistingColumn","Direct copy after datatype coercion and audit-column normalization.","Use IAS_ZTBL default if legacy value is null.","CurrentState","Requires parent IID case migration before child-row load.","Medium","Accused/accusation subject rows."
"T_AU_IID_INQ_ACCUSED_LIST","UPDATED_BY","NUMBER","tbl_iid_subject","modified_by","ExistingTableExistingColumn","Resolve legacy PP/user identifier to tbl_user.user_id.","Use IAS_ZTBL default if legacy value is null.","CurrentState","Requires tbl_user migration and PPNO-to-user_id crosswalk.","Medium","Accused/accusation subject rows."
"T_AU_IID_INQ_ACCUSED_LIST","UPDATED_ON","DATE","tbl_iid_subject","modified_on","ExistingTableExistingColumn","Direct copy after datatype coercion and audit-column normalization.","Use IAS_ZTBL default if legacy value is null.","CurrentState","Requires parent IID case migration before child-row load.","Medium","Accused/accusation subject rows."
"T_AU_IID_INQ_DSA","DSA_ID","NUMBER","REVIEW_REQUIRED","REVIEW_REQUIRED","ReviewRequired","Manual mapping required; no safe automatic target column was inferred.","Use IAS_ZTBL default if legacy value is null.","Review","Requires parent table load order and surrogate key crosswalk.","Low","No confident automatic target mapping."
"T_AU_IID_INQ_DSA","DSA_ID","NUMBER","REVIEW_REQUIRED","REVIEW_REQUIRED","ReviewRequired","Manual mapping required; no safe automatic target column was inferred.","Use IAS_ZTBL default if legacy value is null.","Review","Requires parent table load order and surrogate key crosswalk.","Low","No confident automatic target mapping."
"T_AU_IID_INQ_DSA","COMPLAINT_ID","NUMBER","REVIEW_REQUIRED","REVIEW_REQUIRED","ReviewRequired","Manual mapping required; no safe automatic target column was inferred.","Use IAS_ZTBL default if legacy value is null.","Review","Requires parent table load order and surrogate key crosswalk.","Low","No confident automatic target mapping."
"T_AU_IID_INQ_DSA","COMPLAINT_ID","NUMBER","REVIEW_REQUIRED","REVIEW_REQUIRED","ReviewRequired","Manual mapping required; no safe automatic target column was inferred.","Use IAS_ZTBL default if legacy value is null.","Review","Requires parent table load order and surrogate key crosswalk.","Low","No confident automatic target mapping."
"T_AU_IID_INQ_DSA","PERSON_NAME","VARCHAR2","REVIEW_REQUIRED","name","ReviewRequired","Direct copy after datatype coercion and audit-column normalization.","Use IAS_ZTBL default if legacy value is null.","Review","Requires parent table load order and surrogate key crosswalk.","Low","No confident automatic target mapping."
"T_AU_IID_INQ_DSA","DESIGNATION","VARCHAR2","REVIEW_REQUIRED","REVIEW_REQUIRED","ReviewRequired","Manual mapping required; no safe automatic target column was inferred.","Use IAS_ZTBL default if legacy value is null.","Review","Requires parent table load order and surrogate key crosswalk.","Low","No confident automatic target mapping."
"T_AU_IID_INQ_DSA","PPNO_NUMBER","VARCHAR2","REVIEW_REQUIRED","user_id","ReviewRequired","Resolve legacy PPNO to tbl_user.user_id crosswalk.","Use IAS_ZTBL default if legacy value is null.","Review","Requires tbl_user migration and PPNO-to-user_id crosswalk.","Medium","No confident automatic target mapping."
"T_AU_IID_INQ_DSA","CNIC","VARCHAR2","REVIEW_REQUIRED","REVIEW_REQUIRED","ReviewRequired","Manual mapping required; no safe automatic target column was inferred.","Use IAS_ZTBL default if legacy value is null.","Review","Requires parent table load order and surrogate key crosswalk.","Low","No confident automatic target mapping."
"T_AU_IID_INQ_DSA","DSA_STATUS","VARCHAR2","REVIEW_REQUIRED","REVIEW_REQUIRED","ReviewRequired","Manual mapping required; no safe automatic target column was inferred.","Use IAS_ZTBL default if legacy value is null.","Review","Requires parent table load order and surrogate key crosswalk.","Low","No confident automatic target mapping."
"T_AU_IID_INQ_DSA","REMARKS","VARCHAR2","REVIEW_REQUIRED","REVIEW_REQUIRED","ReviewRequired","Manual mapping required; no safe automatic target column was inferred.","Use IAS_ZTBL default if legacy value is null.","Review","Requires parent table load order and surrogate key crosswalk.","Low","No confident automatic target mapping."
"T_AU_IID_INQ_DSA","SORT_ORDER","NUMBER","REVIEW_REQUIRED","REVIEW_REQUIRED","ReviewRequired","Manual mapping required; no safe automatic target column was inferred.","Use IAS_ZTBL default if legacy value is null.","Review","Requires parent table load order and surrogate key crosswalk.","Low","No confident automatic target mapping."
"T_AU_IID_INQ_DSA","STATUS","VARCHAR2","REVIEW_REQUIRED","REVIEW_REQUIRED","ReviewRequired","Manual mapping required; no safe automatic target column was inferred.","Use IAS_ZTBL default if legacy value is null.","Review","Requires parent table load order and surrogate key crosswalk.","Low","No confident automatic target mapping."
"T_AU_IID_INQ_DSA","STATUS","VARCHAR2","REVIEW_REQUIRED","REVIEW_REQUIRED","ReviewRequired","Manual mapping required; no safe automatic target column was inferred.","Use IAS_ZTBL default if legacy value is null.","Review","Requires parent table load order and surrogate key crosswalk.","Low","No confident automatic target mapping."
"T_AU_IID_INQ_DSA","CREATED_BY","NUMBER","REVIEW_REQUIRED","created_by","ReviewRequired","Resolve legacy PP/user identifier to tbl_user.user_id.","Use IAS_ZTBL default if legacy value is null.","Review","Requires tbl_user migration and PPNO-to-user_id crosswalk.","Medium","No confident automatic target mapping."
"T_AU_IID_INQ_DSA","CREATED_ON","DATE","REVIEW_REQUIRED","created_on","ReviewRequired","Direct copy after datatype coercion and audit-column normalization.","Use IAS_ZTBL default if legacy value is null.","Review","Requires parent table load order and surrogate key crosswalk.","Medium","No confident automatic target mapping."
"T_AU_IID_INQ_DSA","UPDATED_BY","NUMBER","REVIEW_REQUIRED","modified_by","ReviewRequired","Resolve legacy PP/user identifier to tbl_user.user_id.","Use IAS_ZTBL default if legacy value is null.","Review","Requires tbl_user migration and PPNO-to-user_id crosswalk.","Medium","No confident automatic target mapping."
"T_AU_IID_INQ_DSA","UPDATED_ON","DATE","REVIEW_REQUIRED","modified_on","ReviewRequired","Direct copy after datatype coercion and audit-column normalization.","Use IAS_ZTBL default if legacy value is null.","Review","Requires parent table load order and surrogate key crosswalk.","Medium","No confident automatic target mapping."
"T_AU_IID_INQ_EVIDENCE_FILES","EVIDENCE_ID","NUMBER","tbl_iid_evidence","iid_evidence_id","ExistingTableExistingColumn","Direct copy after datatype coercion and audit-column normalization.","Use IAS_ZTBL default if legacy value is null.","History","Requires parent IID case migration before child-row load.","Medium","Inquiry evidence."
"T_AU_IID_INQ_EVIDENCE_FILES","EVIDENCE_ID","NUMBER","tbl_iid_evidence","iid_evidence_id","ExistingTableExistingColumn","Direct copy after datatype coercion and audit-column normalization.","Use IAS_ZTBL default if legacy value is null.","History","Requires parent IID case migration before child-row load.","Medium","Inquiry evidence."
"T_AU_IID_INQ_EVIDENCE_FILES","COMPLAINT_ID","NUMBER","tbl_iid_evidence","iid_evidence_id","ExistingTableExistingColumn","Direct copy after datatype coercion and audit-column normalization.","Use IAS_ZTBL default if legacy value is null.","History","Requires parent IID case migration before child-row load.","Medium","Inquiry evidence."
"T_AU_IID_INQ_EVIDENCE_FILES","COMPLAINT_ID","NUMBER","tbl_iid_evidence","iid_evidence_id","ExistingTableExistingColumn","Direct copy after datatype coercion and audit-column normalization.","Use IAS_ZTBL default if legacy value is null.","History","Requires parent IID case migration before child-row load.","Medium","Inquiry evidence."
"T_AU_IID_INQ_EVIDENCE_FILES","EVIDENCE_TYPE","VARCHAR2","tbl_iid_evidence","REVIEW_REQUIRED","ExistingTableRequiredColumn","Manual mapping required; no safe automatic target column was inferred.","Use IAS_ZTBL default if legacy value is null.","History","Requires parent IID case migration before child-row load.","Low","Inquiry evidence."
"T_AU_IID_INQ_EVIDENCE_FILES","DESCRIPTION","VARCHAR2","tbl_iid_evidence","description","ExistingTableRequiredColumn","Direct copy after datatype coercion and audit-column normalization.","Use IAS_ZTBL default if legacy value is null.","History","Requires parent IID case migration before child-row load.","Low","Inquiry evidence."
"T_AU_IID_INQ_EVIDENCE_FILES","FILE_NAME","VARCHAR2","tbl_iid_evidence","name","ExistingTableRequiredColumn","Direct copy after datatype coercion and audit-column normalization.","Use IAS_ZTBL default if legacy value is null.","History","Requires parent IID case migration before child-row load.","Low","Inquiry evidence."
"T_AU_IID_INQ_EVIDENCE_FILES","FILE_PATH","VARCHAR2","tbl_iid_evidence","REVIEW_REQUIRED","ExistingTableRequiredColumn","Manual mapping required; no safe automatic target column was inferred.","Use IAS_ZTBL default if legacy value is null.","History","Requires parent IID case migration before child-row load.","Low","Inquiry evidence."
"T_AU_IID_INQ_EVIDENCE_FILES","FILE_EXT","VARCHAR2","tbl_iid_evidence","REVIEW_REQUIRED","ExistingTableRequiredColumn","Manual mapping required; no safe automatic target column was inferred.","Use IAS_ZTBL default if legacy value is null.","History","Requires parent IID case migration before child-row load.","Low","Inquiry evidence."
"T_AU_IID_INQ_EVIDENCE_FILES","FILE_SIZE_KB","NUMBER","tbl_iid_evidence","REVIEW_REQUIRED","ExistingTableRequiredColumn","Manual mapping required; no safe automatic target column was inferred.","Use IAS_ZTBL default if legacy value is null.","History","Requires parent IID case migration before child-row load.","Low","Inquiry evidence."
"T_AU_IID_INQ_EVIDENCE_FILES","STATUS","VARCHAR2","tbl_iid_evidence","REVIEW_REQUIRED","ExistingTableRequiredColumn","Manual mapping required; no safe automatic target column was inferred.","Use IAS_ZTBL default if legacy value is null.","History","Requires parent IID case migration before child-row load.","Low","Inquiry evidence."
"T_AU_IID_INQ_EVIDENCE_FILES","STATUS","VARCHAR2","tbl_iid_evidence","REVIEW_REQUIRED","ExistingTableRequiredColumn","Manual mapping required; no safe automatic target column was inferred.","Use IAS_ZTBL default if legacy value is null.","History","Requires parent IID case migration before child-row load.","Low","Inquiry evidence."
"T_AU_IID_INQ_EVIDENCE_FILES","UPLOADED_BY","NUMBER","tbl_iid_evidence","REVIEW_REQUIRED","ExistingTableRequiredColumn","Manual mapping required; no safe automatic target column was inferred.","Use IAS_ZTBL default if legacy value is null.","History","Requires parent IID case migration before child-row load.","Low","Inquiry evidence."
"T_AU_IID_INQ_EVIDENCE_FILES","UPLOADED_ON","DATE","tbl_iid_evidence","REVIEW_REQUIRED","ExistingTableRequiredColumn","Manual mapping required; no safe automatic target column was inferred.","Use IAS_ZTBL default if legacy value is null.","History","Requires parent IID case migration before child-row load.","Low","Inquiry evidence."
"T_AU_IID_INQ_EVIDENCE_FILES","UPDATED_BY","NUMBER","tbl_iid_evidence","modified_by","ExistingTableExistingColumn","Resolve legacy PP/user identifier to tbl_user.user_id.","Use IAS_ZTBL default if legacy value is null.","History","Requires tbl_user migration and PPNO-to-user_id crosswalk.","Medium","Inquiry evidence."
"T_AU_IID_INQ_EVIDENCE_FILES","UPDATED_ON","DATE","tbl_iid_evidence","modified_on","ExistingTableExistingColumn","Direct copy after datatype coercion and audit-column normalization.","Use IAS_ZTBL default if legacy value is null.","History","Requires parent IID case migration before child-row load.","Medium","Inquiry evidence."
"T_AU_IID_INQ_EVIDENCE_STEP","COMPLAINT_ID","NUMBER","tbl_iid_workflow_history","iid_workflow_history_id","RequiredTable","Direct copy after datatype coercion and audit-column normalization.","Use IAS_ZTBL default if legacy value is null.","History","Requires parent IID case migration before child-row load.","Medium","Evidence step tracking requires DDL extension."
"T_AU_IID_INQ_EVIDENCE_STEP","COMPLAINT_ID","NUMBER","tbl_iid_workflow_history","iid_workflow_history_id","RequiredTable","Direct copy after datatype coercion and audit-column normalization.","Use IAS_ZTBL default if legacy value is null.","History","Requires parent IID case migration before child-row load.","Medium","Evidence step tracking requires DDL extension."
"T_AU_IID_INQ_EVIDENCE_STEP","COMPLAINT_ID","NUMBER","tbl_iid_workflow_history","iid_workflow_history_id","RequiredTable","Direct copy after datatype coercion and audit-column normalization.","Use IAS_ZTBL default if legacy value is null.","History","Requires parent IID case migration before child-row load.","Medium","Evidence step tracking requires DDL extension."
"T_AU_IID_INQ_EVIDENCE_STEP","MATERIAL_EVIDENCE_DETAIL","CLOB","tbl_iid_workflow_history","REVIEW_REQUIRED","RequiredTable","Manual mapping required; no safe automatic target column was inferred.","Use IAS_ZTBL default if legacy value is null.","History","Requires parent IID case migration before child-row load.","Low","Evidence step tracking requires DDL extension."
"T_AU_IID_INQ_EVIDENCE_STEP","CIRCUMSTANTIAL_EVIDENCE_DETAIL","CLOB","tbl_iid_workflow_history","REVIEW_REQUIRED","RequiredTable","Manual mapping required; no safe automatic target column was inferred.","Use IAS_ZTBL default if legacy value is null.","History","Requires parent IID case migration before child-row load.","Low","Evidence step tracking requires DDL extension."
"T_AU_IID_INQ_EVIDENCE_STEP","STATUS","VARCHAR2","tbl_iid_workflow_history","REVIEW_REQUIRED","RequiredTable","Manual mapping required; no safe automatic target column was inferred.","Use IAS_ZTBL default if legacy value is null.","History","Requires parent IID case migration before child-row load.","Low","Evidence step tracking requires DDL extension."
"T_AU_IID_INQ_EVIDENCE_STEP","CREATED_BY","NUMBER","tbl_iid_workflow_history","created_by","RequiredTable","Resolve legacy PP/user identifier to tbl_user.user_id.","Use IAS_ZTBL default if legacy value is null.","History","Requires tbl_user migration and PPNO-to-user_id crosswalk.","Medium","Evidence step tracking requires DDL extension."
"T_AU_IID_INQ_EVIDENCE_STEP","CREATED_ON","DATE","tbl_iid_workflow_history","created_on","RequiredTable","Direct copy after datatype coercion and audit-column normalization.","Use IAS_ZTBL default if legacy value is null.","History","Requires parent IID case migration before child-row load.","Medium","Evidence step tracking requires DDL extension."
"T_AU_IID_INQ_EVIDENCE_STEP","UPDATED_BY","NUMBER","tbl_iid_workflow_history","modified_by","RequiredTable","Resolve legacy PP/user identifier to tbl_user.user_id.","Use IAS_ZTBL default if legacy value is null.","History","Requires tbl_user migration and PPNO-to-user_id crosswalk.","Medium","Evidence step tracking requires DDL extension."
"T_AU_IID_INQ_EVIDENCE_STEP","UPDATED_ON","DATE","tbl_iid_workflow_history","modified_on","RequiredTable","Direct copy after datatype coercion and audit-column normalization.","Use IAS_ZTBL default if legacy value is null.","History","Requires parent IID case migration before child-row load.","Medium","Evidence step tracking requires DDL extension."
"T_AU_IID_INQ_FIND_RECOMM","COMPLAINT_ID","NUMBER","tbl_iid_finding","iid_finding_id","ExistingTableExistingColumn","Direct copy after datatype coercion and audit-column normalization.","Use IAS_ZTBL default if legacy value is null.","History","Requires parent IID case migration before child-row load.","Medium","Finding/recommendation split may require additional recommendation table."
"T_AU_IID_INQ_FIND_RECOMM","COMPLAINT_ID","NUMBER","tbl_iid_finding","iid_finding_id","ExistingTableExistingColumn","Direct copy after datatype coercion and audit-column normalization.","Use IAS_ZTBL default if legacy value is null.","History","Requires parent IID case migration before child-row load.","Medium","Finding/recommendation split may require additional recommendation table."
"T_AU_IID_INQ_FIND_RECOMM","COMPLAINT_ID","NUMBER","tbl_iid_finding","iid_finding_id","ExistingTableExistingColumn","Direct copy after datatype coercion and audit-column normalization.","Use IAS_ZTBL default if legacy value is null.","History","Requires parent IID case migration before child-row load.","Medium","Finding/recommendation split may require additional recommendation table."
"T_AU_IID_INQ_FIND_RECOMM","FINDINGS_TEXT","CLOB","tbl_iid_finding","detail_text","ExistingTableRequiredColumn","Load long text into normalized CLOB detail field.","Use IAS_ZTBL default if legacy value is null.","History","Requires parent IID case migration before child-row load.","Low","Finding/recommendation split may require additional recommendation table."
"T_AU_IID_INQ_FIND_RECOMM","RECOMMENDATION_TEXT","CLOB","tbl_iid_finding","detail_text","ExistingTableRequiredColumn","Load long text into normalized CLOB detail field.","Use IAS_ZTBL default if legacy value is null.","History","Requires parent IID case migration before child-row load.","Low","Finding/recommendation split may require additional recommendation table."
"T_AU_IID_INQ_FIND_RECOMM","STATUS","VARCHAR2","tbl_iid_finding","REVIEW_REQUIRED","ExistingTableRequiredColumn","Manual mapping required; no safe automatic target column was inferred.","Use IAS_ZTBL default if legacy value is null.","History","Requires parent IID case migration before child-row load.","Low","Finding/recommendation split may require additional recommendation table."
"T_AU_IID_INQ_FIND_RECOMM","CREATED_BY","VARCHAR2","tbl_iid_finding","created_by","ExistingTableExistingColumn","Resolve legacy PP/user identifier to tbl_user.user_id.","Use IAS_ZTBL default if legacy value is null.","History","Requires tbl_user migration and PPNO-to-user_id crosswalk.","Medium","Finding/recommendation split may require additional recommendation table."
"T_AU_IID_INQ_FIND_RECOMM","CREATED_ON","DATE","tbl_iid_finding","created_on","ExistingTableExistingColumn","Direct copy after datatype coercion and audit-column normalization.","Use IAS_ZTBL default if legacy value is null.","History","Requires parent IID case migration before child-row load.","Medium","Finding/recommendation split may require additional recommendation table."
"T_AU_IID_INQ_FIND_RECOMM","UPDATED_BY","VARCHAR2","tbl_iid_finding","modified_by","ExistingTableExistingColumn","Resolve legacy PP/user identifier to tbl_user.user_id.","Use IAS_ZTBL default if legacy value is null.","History","Requires tbl_user migration and PPNO-to-user_id crosswalk.","Medium","Finding/recommendation split may require additional recommendation table."
"T_AU_IID_INQ_FIND_RECOMM","UPDATED_ON","DATE","tbl_iid_finding","modified_on","ExistingTableExistingColumn","Direct copy after datatype coercion and audit-column normalization.","Use IAS_ZTBL default if legacy value is null.","History","Requires parent IID case migration before child-row load.","Medium","Finding/recommendation split may require additional recommendation table."
"T_AU_IID_INQ_FIND_RECOMM","ACCUSATION_ID","NUMBER","tbl_iid_finding","iid_finding_id","ExistingTableExistingColumn","Direct copy after datatype coercion and audit-column normalization.","Use IAS_ZTBL default if legacy value is null.","History","Requires parent IID case migration before child-row load.","Medium","Finding/recommendation split may require additional recommendation table."
"T_AU_IID_INQ_FIND_RECOMM","ACCUSATION_ID","NUMBER","tbl_iid_finding","iid_finding_id","ExistingTableExistingColumn","Direct copy after datatype coercion and audit-column normalization.","Use IAS_ZTBL default if legacy value is null.","History","Requires parent IID case migration before child-row load.","Medium","Finding/recommendation split may require additional recommendation table."
"T_AU_IID_INQ_FIND_RECOMM","ACCUSATION","VARCHAR2","tbl_iid_finding","REVIEW_REQUIRED","ExistingTableRequiredColumn","Manual mapping required; no safe automatic target column was inferred.","Use IAS_ZTBL default if legacy value is null.","History","Requires parent IID case migration before child-row load.","Low","Finding/recommendation split may require additional recommendation table."
"T_AU_IID_INQ_PROCEEDINGS","PROCEEDING_ID","NUMBER","tbl_iid_proceeding","iid_proceeding_id","RequiredTable","Direct copy after datatype coercion and audit-column normalization.","Use IAS_ZTBL default if legacy value is null.","History","Requires parent IID case migration before child-row load.","Medium","Proceedings require DDL extension."
"T_AU_IID_INQ_PROCEEDINGS","PROCEEDING_ID","NUMBER","tbl_iid_proceeding","iid_proceeding_id","RequiredTable","Direct copy after datatype coercion and audit-column normalization.","Use IAS_ZTBL default if legacy value is null.","History","Requires parent IID case migration before child-row load.","Medium","Proceedings require DDL extension."
"T_AU_IID_INQ_PROCEEDINGS","COMPLAINT_ID","NUMBER","tbl_iid_proceeding","iid_proceeding_id","RequiredTable","Direct copy after datatype coercion and audit-column normalization.","Use IAS_ZTBL default if legacy value is null.","History","Requires parent IID case migration before child-row load.","Medium","Proceedings require DDL extension."
"T_AU_IID_INQ_PROCEEDINGS","COMPLAINT_ID","NUMBER","tbl_iid_proceeding","iid_proceeding_id","RequiredTable","Direct copy after datatype coercion and audit-column normalization.","Use IAS_ZTBL default if legacy value is null.","History","Requires parent IID case migration before child-row load.","Medium","Proceedings require DDL extension."
"T_AU_IID_INQ_PROCEEDINGS","NOTICE_REFERENCE","VARCHAR2","tbl_iid_proceeding","REVIEW_REQUIRED","RequiredTable","Manual mapping required; no safe automatic target column was inferred.","Use IAS_ZTBL default if legacy value is null.","History","Requires parent IID case migration before child-row load.","Low","Proceedings require DDL extension."
"T_AU_IID_INQ_PROCEEDINGS","VISIT_DATE","DATE","tbl_iid_proceeding","REVIEW_REQUIRED","RequiredTable","Manual mapping required; no safe automatic target column was inferred.","Use IAS_ZTBL default if legacy value is null.","History","Requires parent IID case migration before child-row load.","Low","Proceedings require DDL extension."
"T_AU_IID_INQ_PROCEEDINGS","PLACE_VISITED","VARCHAR2","tbl_iid_proceeding","REVIEW_REQUIRED","RequiredTable","Manual mapping required; no safe automatic target column was inferred.","Use IAS_ZTBL default if legacy value is null.","History","Requires parent IID case migration before child-row load.","Low","Proceedings require DDL extension."
"T_AU_IID_INQ_PROCEEDINGS","PARTICIPANTS_DETAIL","CLOB","tbl_iid_proceeding","REVIEW_REQUIRED","RequiredTable","Manual mapping required; no safe automatic target column was inferred.","Use IAS_ZTBL default if legacy value is null.","History","Requires parent IID case migration before child-row load.","Low","Proceedings require DDL extension."
"T_AU_IID_INQ_PROCEEDINGS","MISSING_PARTICIPANTS_REASON","CLOB","tbl_iid_proceeding","REVIEW_REQUIRED","RequiredTable","Manual mapping required; no safe automatic target column was inferred.","Use IAS_ZTBL default if legacy value is null.","History","Requires parent IID case migration before child-row load.","Low","Proceedings require DDL extension."
"T_AU_IID_INQ_PROCEEDINGS","SORT_ORDER","NUMBER","tbl_iid_proceeding","REVIEW_REQUIRED","RequiredTable","Manual mapping required; no safe automatic target column was inferred.","Use IAS_ZTBL default if legacy value is null.","History","Requires parent IID case migration before child-row load.","Low","Proceedings require DDL extension."
"T_AU_IID_INQ_PROCEEDINGS","STATUS","VARCHAR2","tbl_iid_proceeding","REVIEW_REQUIRED","RequiredTable","Manual mapping required; no safe automatic target column was inferred.","Use IAS_ZTBL default if legacy value is null.","History","Requires parent IID case migration before child-row load.","Low","Proceedings require DDL extension."
"T_AU_IID_INQ_PROCEEDINGS","CREATED_BY","NUMBER","tbl_iid_proceeding","created_by","RequiredTable","Resolve legacy PP/user identifier to tbl_user.user_id.","Use IAS_ZTBL default if legacy value is null.","History","Requires tbl_user migration and PPNO-to-user_id crosswalk.","Medium","Proceedings require DDL extension."
"T_AU_IID_INQ_PROCEEDINGS","CREATED_ON","DATE","tbl_iid_proceeding","created_on","RequiredTable","Direct copy after datatype coercion and audit-column normalization.","Use IAS_ZTBL default if legacy value is null.","History","Requires parent IID case migration before child-row load.","Medium","Proceedings require DDL extension."
"T_AU_IID_INQ_PROCEEDINGS","UPDATED_BY","NUMBER","tbl_iid_proceeding","modified_by","RequiredTable","Resolve legacy PP/user identifier to tbl_user.user_id.","Use IAS_ZTBL default if legacy value is null.","History","Requires tbl_user migration and PPNO-to-user_id crosswalk.","Medium","Proceedings require DDL extension."
"T_AU_IID_INQ_PROCEEDINGS","UPDATED_ON","DATE","tbl_iid_proceeding","modified_on","RequiredTable","Direct copy after datatype coercion and audit-column normalization.","Use IAS_ZTBL default if legacy value is null.","History","Requires parent IID case migration before child-row load.","Medium","Proceedings require DDL extension."
"T_AU_IID_INQ_RECORD_SCRUTINIZED","REC_ID","NUMBER","tbl_iid_record","iid_record_id","RequiredTable","Direct copy after datatype coercion and audit-column normalization.","Use IAS_ZTBL default if legacy value is null.","History","Requires parent IID case migration before child-row load.","Medium","Record scrutiny requires DDL extension."
"T_AU_IID_INQ_RECORD_SCRUTINIZED","REC_ID","NUMBER","tbl_iid_record","iid_record_id","RequiredTable","Direct copy after datatype coercion and audit-column normalization.","Use IAS_ZTBL default if legacy value is null.","History","Requires parent IID case migration before child-row load.","Medium","Record scrutiny requires DDL extension."
"T_AU_IID_INQ_RECORD_SCRUTINIZED","COMPLAINT_ID","NUMBER","tbl_iid_record","iid_record_id","RequiredTable","Direct copy after datatype coercion and audit-column normalization.","Use IAS_ZTBL default if legacy value is null.","History","Requires parent IID case migration before child-row load.","Medium","Record scrutiny requires DDL extension."
"T_AU_IID_INQ_RECORD_SCRUTINIZED","COMPLAINT_ID","NUMBER","tbl_iid_record","iid_record_id","RequiredTable","Direct copy after datatype coercion and audit-column normalization.","Use IAS_ZTBL default if legacy value is null.","History","Requires parent IID case migration before child-row load.","Medium","Record scrutiny requires DDL extension."
"T_AU_IID_INQ_RECORD_SCRUTINIZED","RECORD_TITLE","VARCHAR2","tbl_iid_record","heading_text","RequiredTable","Load descriptive heading into normalized heading/title field.","Use IAS_ZTBL default if legacy value is null.","History","Requires parent IID case migration before child-row load.","Low","Record scrutiny requires DDL extension."
"T_AU_IID_INQ_RECORD_SCRUTINIZED","RECORD_DETAILS","VARCHAR2","tbl_iid_record","detail_text","RequiredTable","Load long text into normalized CLOB detail field.","Use IAS_ZTBL default if legacy value is null.","History","Requires parent IID case migration before child-row load.","Low","Record scrutiny requires DDL extension."
"T_AU_IID_INQ_RECORD_SCRUTINIZED","SORT_ORDER","NUMBER","tbl_iid_record","REVIEW_REQUIRED","RequiredTable","Manual mapping required; no safe automatic target column was inferred.","Use IAS_ZTBL default if legacy value is null.","History","Requires parent IID case migration before child-row load.","Low","Record scrutiny requires DDL extension."
"T_AU_IID_INQ_RECORD_SCRUTINIZED","STATUS","VARCHAR2","tbl_iid_record","REVIEW_REQUIRED","RequiredTable","Manual mapping required; no safe automatic target column was inferred.","Use IAS_ZTBL default if legacy value is null.","History","Requires parent IID case migration before child-row load.","Low","Record scrutiny requires DDL extension."
"T_AU_IID_INQ_RECORD_SCRUTINIZED","STATUS","VARCHAR2","tbl_iid_record","REVIEW_REQUIRED","RequiredTable","Manual mapping required; no safe automatic target column was inferred.","Use IAS_ZTBL default if legacy value is null.","History","Requires parent IID case migration before child-row load.","Low","Record scrutiny requires DDL extension."
"T_AU_IID_INQ_RECORD_SCRUTINIZED","CREATED_BY","NUMBER","tbl_iid_record","created_by","RequiredTable","Resolve legacy PP/user identifier to tbl_user.user_id.","Use IAS_ZTBL default if legacy value is null.","History","Requires tbl_user migration and PPNO-to-user_id crosswalk.","Medium","Record scrutiny requires DDL extension."
"T_AU_IID_INQ_RECORD_SCRUTINIZED","CREATED_ON","DATE","tbl_iid_record","created_on","RequiredTable","Direct copy after datatype coercion and audit-column normalization.","Use IAS_ZTBL default if legacy value is null.","History","Requires parent IID case migration before child-row load.","Medium","Record scrutiny requires DDL extension."
"T_AU_IID_INQ_RECORD_SCRUTINIZED","UPDATED_BY","NUMBER","tbl_iid_record","modified_by","RequiredTable","Resolve legacy PP/user identifier to tbl_user.user_id.","Use IAS_ZTBL default if legacy value is null.","History","Requires tbl_user migration and PPNO-to-user_id crosswalk.","Medium","Record scrutiny requires DDL extension."
"T_AU_IID_INQ_RECORD_SCRUTINIZED","UPDATED_ON","DATE","tbl_iid_record","modified_on","RequiredTable","Direct copy after datatype coercion and audit-column normalization.","Use IAS_ZTBL default if legacy value is null.","History","Requires parent IID case migration before child-row load.","Medium","Record scrutiny requires DDL extension."
"T_AU_IID_INQ_STATEMENTS","STATEMENT_ID","NUMBER","tbl_iid_statement","iid_statement_id","ExistingTableExistingColumn","Direct copy after datatype coercion and audit-column normalization.","Use IAS_ZTBL default if legacy value is null.","History","Requires parent IID case migration before child-row load.","Medium","Statements."
"T_AU_IID_INQ_STATEMENTS","STATEMENT_ID","NUMBER","tbl_iid_statement","iid_statement_id","ExistingTableExistingColumn","Direct copy after datatype coercion and audit-column normalization.","Use IAS_ZTBL default if legacy value is null.","History","Requires parent IID case migration before child-row load.","Medium","Statements."
"T_AU_IID_INQ_STATEMENTS","COMPLAINT_ID","NUMBER","tbl_iid_statement","iid_statement_id","ExistingTableExistingColumn","Direct copy after datatype coercion and audit-column normalization.","Use IAS_ZTBL default if legacy value is null.","History","Requires parent IID case migration before child-row load.","Medium","Statements."
"T_AU_IID_INQ_STATEMENTS","COMPLAINT_ID","NUMBER","tbl_iid_statement","iid_statement_id","ExistingTableExistingColumn","Direct copy after datatype coercion and audit-column normalization.","Use IAS_ZTBL default if legacy value is null.","History","Requires parent IID case migration before child-row load.","Medium","Statements."
"T_AU_IID_INQ_STATEMENTS","PERSON_NAME","VARCHAR2","tbl_iid_statement","name","ExistingTableRequiredColumn","Direct copy after datatype coercion and audit-column normalization.","Use IAS_ZTBL default if legacy value is null.","History","Requires parent IID case migration before child-row load.","Low","Statements."
"T_AU_IID_INQ_STATEMENTS","ROLE_TYPE","VARCHAR2","tbl_iid_statement","REVIEW_REQUIRED","ExistingTableRequiredColumn","Manual mapping required; no safe automatic target column was inferred.","Use IAS_ZTBL default if legacy value is null.","History","Requires parent IID case migration before child-row load.","Low","Statements."
"T_AU_IID_INQ_STATEMENTS","PPNO_NUMBER","VARCHAR2","tbl_iid_statement","user_id","ExistingTableRequiredColumn","Resolve legacy PPNO to tbl_user.user_id crosswalk.","Use IAS_ZTBL default if legacy value is null.","History","Requires tbl_user migration and PPNO-to-user_id crosswalk.","Medium","Statements."
"T_AU_IID_INQ_STATEMENTS","CNIC","VARCHAR2","tbl_iid_statement","REVIEW_REQUIRED","ExistingTableRequiredColumn","Manual mapping required; no safe automatic target column was inferred.","Use IAS_ZTBL default if legacy value is null.","History","Requires parent IID case migration before child-row load.","Low","Statements."
"T_AU_IID_INQ_STATEMENTS","STATEMENT_DATETIME","DATE","tbl_iid_statement","REVIEW_REQUIRED","ExistingTableRequiredColumn","Manual mapping required; no safe automatic target column was inferred.","Use IAS_ZTBL default if legacy value is null.","History","Requires parent IID case migration before child-row load.","Low","Statements."
"T_AU_IID_INQ_STATEMENTS","PLACE","VARCHAR2","tbl_iid_statement","REVIEW_REQUIRED","ExistingTableRequiredColumn","Manual mapping required; no safe automatic target column was inferred.","Use IAS_ZTBL default if legacy value is null.","History","Requires parent IID case migration before child-row load.","Low","Statements."
"T_AU_IID_INQ_STATEMENTS","MODE_TYPE","VARCHAR2","tbl_iid_statement","REVIEW_REQUIRED","ExistingTableRequiredColumn","Manual mapping required; no safe automatic target column was inferred.","Use IAS_ZTBL default if legacy value is null.","History","Requires parent IID case migration before child-row load.","Low","Statements."
"T_AU_IID_INQ_STATEMENTS","KEY_POINTS","CLOB","tbl_iid_statement","REVIEW_REQUIRED","ExistingTableRequiredColumn","Manual mapping required; no safe automatic target column was inferred.","Use IAS_ZTBL default if legacy value is null.","History","Requires parent IID case migration before child-row load.","Low","Statements."
"T_AU_IID_INQ_STATEMENTS","UPLOADED_STATEMENT","CLOB","tbl_iid_statement","REVIEW_REQUIRED","ExistingTableRequiredColumn","Manual mapping required; no safe automatic target column was inferred.","Use IAS_ZTBL default if legacy value is null.","History","Requires parent IID case migration before child-row load.","Low","Statements."
"T_AU_IID_INQ_STATEMENTS","STATUS","VARCHAR2","tbl_iid_statement","REVIEW_REQUIRED","ExistingTableRequiredColumn","Manual mapping required; no safe automatic target column was inferred.","Use IAS_ZTBL default if legacy value is null.","History","Requires parent IID case migration before child-row load.","Low","Statements."
"T_AU_IID_INQ_STATEMENTS","STATUS","VARCHAR2","tbl_iid_statement","REVIEW_REQUIRED","ExistingTableRequiredColumn","Manual mapping required; no safe automatic target column was inferred.","Use IAS_ZTBL default if legacy value is null.","History","Requires parent IID case migration before child-row load.","Low","Statements."
"T_AU_IID_INQ_STATEMENTS","CREATED_BY","NUMBER","tbl_iid_statement","created_by","ExistingTableExistingColumn","Resolve legacy PP/user identifier to tbl_user.user_id.","Use IAS_ZTBL default if legacy value is null.","History","Requires tbl_user migration and PPNO-to-user_id crosswalk.","Medium","Statements."
"T_AU_IID_INQ_STATEMENTS","CREATED_ON","DATE","tbl_iid_statement","created_on","ExistingTableExistingColumn","Direct copy after datatype coercion and audit-column normalization.","Use IAS_ZTBL default if legacy value is null.","History","Requires parent IID case migration before child-row load.","Medium","Statements."
"T_AU_IID_INQ_STATEMENTS","UPDATED_BY","NUMBER","tbl_iid_statement","modified_by","ExistingTableExistingColumn","Resolve legacy PP/user identifier to tbl_user.user_id.","Use IAS_ZTBL default if legacy value is null.","History","Requires tbl_user migration and PPNO-to-user_id crosswalk.","Medium","Statements."
"T_AU_IID_INQ_STATEMENTS","UPDATED_ON","DATE","tbl_iid_statement","modified_on","ExistingTableExistingColumn","Direct copy after datatype coercion and audit-column normalization.","Use IAS_ZTBL default if legacy value is null.","History","Requires parent IID case migration before child-row load.","Medium","Statements."
"T_AU_IID_INQ_VIOLATIONS","VIOLATION_ID","NUMBER","tbl_iid_violation","iid_violation_id","RequiredTable","Direct copy after datatype coercion and audit-column normalization.","Use IAS_ZTBL default if legacy value is null.","History","Requires parent IID case migration before child-row load.","Medium","Violations require DDL extension."
"T_AU_IID_INQ_VIOLATIONS","VIOLATION_ID","NUMBER","tbl_iid_violation","iid_violation_id","RequiredTable","Direct copy after datatype coercion and audit-column normalization.","Use IAS_ZTBL default if legacy value is null.","History","Requires parent IID case migration before child-row load.","Medium","Violations require DDL extension."
"T_AU_IID_INQ_VIOLATIONS","COMPLAINT_ID","NUMBER","tbl_iid_violation","iid_violation_id","RequiredTable","Direct copy after datatype coercion and audit-column normalization.","Use IAS_ZTBL default if legacy value is null.","History","Requires parent IID case migration before child-row load.","Medium","Violations require DDL extension."
"T_AU_IID_INQ_VIOLATIONS","COMPLAINT_ID","NUMBER","tbl_iid_violation","iid_violation_id","RequiredTable","Direct copy after datatype coercion and audit-column normalization.","Use IAS_ZTBL default if legacy value is null.","History","Requires parent IID case migration before child-row load.","Medium","Violations require DDL extension."
"T_AU_IID_INQ_VIOLATIONS","CATEGORY","VARCHAR2","tbl_iid_violation","REVIEW_REQUIRED","RequiredTable","Manual mapping required; no safe automatic target column was inferred.","Use IAS_ZTBL default if legacy value is null.","History","Requires parent IID case migration before child-row load.","Low","Violations require DDL extension."
"T_AU_IID_INQ_VIOLATIONS","VIOLATION_DETAIL","CLOB","tbl_iid_violation","REVIEW_REQUIRED","RequiredTable","Manual mapping required; no safe automatic target column was inferred.","Use IAS_ZTBL default if legacy value is null.","History","Requires parent IID case migration before child-row load.","Low","Violations require DDL extension."
"T_AU_IID_INQ_VIOLATIONS","REFERENCE_TEXT","VARCHAR2","tbl_iid_violation","detail_text","RequiredTable","Load long text into normalized CLOB detail field.","Use IAS_ZTBL default if legacy value is null.","History","Requires parent IID case migration before child-row load.","Low","Violations require DDL extension."
"T_AU_IID_INQ_VIOLATIONS","RECOMMENDATION","CLOB","tbl_iid_violation","REVIEW_REQUIRED","RequiredTable","Manual mapping required; no safe automatic target column was inferred.","Use IAS_ZTBL default if legacy value is null.","History","Requires parent IID case migration before child-row load.","Low","Violations require DDL extension."
"T_AU_IID_INQ_VIOLATIONS","SORT_ORDER","NUMBER","tbl_iid_violation","REVIEW_REQUIRED","RequiredTable","Manual mapping required; no safe automatic target column was inferred.","Use IAS_ZTBL default if legacy value is null.","History","Requires parent IID case migration before child-row load.","Low","Violations require DDL extension."
"T_AU_IID_INQ_VIOLATIONS","STATUS","VARCHAR2","tbl_iid_violation","REVIEW_REQUIRED","RequiredTable","Manual mapping required; no safe automatic target column was inferred.","Use IAS_ZTBL default if legacy value is null.","History","Requires parent IID case migration before child-row load.","Low","Violations require DDL extension."
"T_AU_IID_INQ_VIOLATIONS","STATUS","VARCHAR2","tbl_iid_violation","REVIEW_REQUIRED","RequiredTable","Manual mapping required; no safe automatic target column was inferred.","Use IAS_ZTBL default if legacy value is null.","History","Requires parent IID case migration before child-row load.","Low","Violations require DDL extension."
"T_AU_IID_INQ_VIOLATIONS","CREATED_BY","NUMBER","tbl_iid_violation","created_by","RequiredTable","Resolve legacy PP/user identifier to tbl_user.user_id.","Use IAS_ZTBL default if legacy value is null.","History","Requires tbl_user migration and PPNO-to-user_id crosswalk.","Medium","Violations require DDL extension."
"T_AU_IID_INQ_VIOLATIONS","CREATED_ON","DATE","tbl_iid_violation","created_on","RequiredTable","Direct copy after datatype coercion and audit-column normalization.","Use IAS_ZTBL default if legacy value is null.","History","Requires parent IID case migration before child-row load.","Medium","Violations require DDL extension."
"T_AU_IID_INQ_VIOLATIONS","UPDATED_BY","NUMBER","tbl_iid_violation","modified_by","RequiredTable","Resolve legacy PP/user identifier to tbl_user.user_id.","Use IAS_ZTBL default if legacy value is null.","History","Requires tbl_user migration and PPNO-to-user_id crosswalk.","Medium","Violations require DDL extension."
"T_AU_IID_INQ_VIOLATIONS","UPDATED_ON","DATE","tbl_iid_violation","modified_on","RequiredTable","Direct copy after datatype coercion and audit-column normalization.","Use IAS_ZTBL default if legacy value is null.","History","Requires parent IID case migration before child-row load.","Medium","Violations require DDL extension."
"T_AU_IID_INV_PLAN","PLAN_ID","NUMBER","tbl_iid_investigation_plan","iid_investigation_plan_id","ExistingTableExistingColumn","Direct copy after datatype coercion and audit-column normalization.","Use IAS_ZTBL default if legacy value is null.","CurrentState","Requires parent IID case migration before child-row load.","Medium","Investigation plan."
"T_AU_IID_INV_PLAN","PLAN_ID","NUMBER","tbl_iid_investigation_plan","iid_investigation_plan_id","ExistingTableExistingColumn","Direct copy after datatype coercion and audit-column normalization.","Use IAS_ZTBL default if legacy value is null.","CurrentState","Requires parent IID case migration before child-row load.","Medium","Investigation plan."
"T_AU_IID_INV_PLAN","COMPLAINT_ID","NUMBER","tbl_iid_investigation_plan","iid_investigation_plan_id","ExistingTableExistingColumn","Direct copy after datatype coercion and audit-column normalization.","Use IAS_ZTBL default if legacy value is null.","CurrentState","Requires parent IID case migration before child-row load.","Medium","Investigation plan."
"T_AU_IID_INV_PLAN","PLAN_DETAILS","CLOB","tbl_iid_investigation_plan","detail_text","ExistingTableRequiredColumn","Load long text into normalized CLOB detail field.","Use IAS_ZTBL default if legacy value is null.","CurrentState","Requires parent IID case migration before child-row load.","Low","Investigation plan."
"T_AU_IID_INV_PLAN","SUBMITTED_BY","NUMBER","tbl_iid_investigation_plan","REVIEW_REQUIRED","ExistingTableRequiredColumn","Manual mapping required; no safe automatic target column was inferred.","Use IAS_ZTBL default if legacy value is null.","CurrentState","Requires parent IID case migration before child-row load.","Low","Investigation plan."
"T_AU_IID_INV_PLAN","SUBMITTED_ON","DATE","tbl_iid_investigation_plan","REVIEW_REQUIRED","ExistingTableRequiredColumn","Manual mapping required; no safe automatic target column was inferred.","Use IAS_ZTBL default if legacy value is null.","CurrentState","Requires parent IID case migration before child-row load.","Low","Investigation plan."
"T_AU_IID_INV_PLAN","STATUS","VARCHAR2","tbl_iid_investigation_plan","REVIEW_REQUIRED","ExistingTableRequiredColumn","Manual mapping required; no safe automatic target column was inferred.","Use IAS_ZTBL default if legacy value is null.","CurrentState","Requires parent IID case migration before child-row load.","Low","Investigation plan."
"T_AU_IID_INV_PLAN","PLAN_TITLE","VARCHAR2","tbl_iid_investigation_plan","heading_text","ExistingTableRequiredColumn","Load descriptive heading into normalized heading/title field.","Use IAS_ZTBL default if legacy value is null.","CurrentState","Requires parent IID case migration before child-row load.","Low","Investigation plan."
"T_AU_IID_INV_PLAN","START_DATE","DATE","tbl_iid_investigation_plan","REVIEW_REQUIRED","ExistingTableRequiredColumn","Manual mapping required; no safe automatic target column was inferred.","Use IAS_ZTBL default if legacy value is null.","CurrentState","Requires parent IID case migration before child-row load.","Low","Investigation plan."
"T_AU_IID_INV_PLAN","END_DATE","DATE","tbl_iid_investigation_plan","REVIEW_REQUIRED","ExistingTableRequiredColumn","Manual mapping required; no safe automatic target column was inferred.","Use IAS_ZTBL default if legacy value is null.","CurrentState","Requires parent IID case migration before child-row load.","Low","Investigation plan."
"T_AU_IID_INV_PLAN","INVESTIGATION_RISK","VARCHAR2","tbl_iid_investigation_plan","REVIEW_REQUIRED","ExistingTableRequiredColumn","Manual mapping required; no safe automatic target column was inferred.","Use IAS_ZTBL default if legacy value is null.","CurrentState","Requires parent IID case migration before child-row load.","Low","Investigation plan."
"T_AU_IID_INV_PLAN","INVESTIGATION_SIZE","VARCHAR2","tbl_iid_investigation_plan","REVIEW_REQUIRED","ExistingTableRequiredColumn","Manual mapping required; no safe automatic target column was inferred.","Use IAS_ZTBL default if legacy value is null.","CurrentState","Requires parent IID case migration before child-row load.","Low","Investigation plan."
"T_AU_IID_INV_PLAN","NO_OF_DAYS","NUMBER","tbl_iid_investigation_plan","REVIEW_REQUIRED","ExistingTableRequiredColumn","Manual mapping required; no safe automatic target column was inferred.","Use IAS_ZTBL default if legacy value is null.","CurrentState","Requires parent IID case migration before child-row load.","Low","Investigation plan."
"T_AU_IID_INV_PLAN","TRAVELLING_DAYS","NUMBER","tbl_iid_investigation_plan","REVIEW_REQUIRED","ExistingTableRequiredColumn","Manual mapping required; no safe automatic target column was inferred.","Use IAS_ZTBL default if legacy value is null.","CurrentState","Requires parent IID case migration before child-row load.","Low","Investigation plan."
"T_AU_IID_INV_PLAN","TEAM_LEAD","VARCHAR2","tbl_iid_investigation_plan","REVIEW_REQUIRED","ExistingTableRequiredColumn","Manual mapping required; no safe automatic target column was inferred.","Use IAS_ZTBL default if legacy value is null.","CurrentState","Requires parent IID case migration before child-row load.","Low","Investigation plan."
"T_AU_IID_INV_PLAN","TEAM_MEMBERS","VARCHAR2","tbl_iid_investigation_plan","REVIEW_REQUIRED","ExistingTableRequiredColumn","Manual mapping required; no safe automatic target column was inferred.","Use IAS_ZTBL default if legacy value is null.","CurrentState","Requires parent IID case migration before child-row load.","Low","Investigation plan."
"T_AU_IID_INV_PLAN","ACTIVITIES_TEXT","VARCHAR2","tbl_iid_investigation_plan","detail_text","ExistingTableRequiredColumn","Load long text into normalized CLOB detail field.","Use IAS_ZTBL default if legacy value is null.","CurrentState","Requires parent IID case migration before child-row load.","Low","Investigation plan."
"T_AU_IID_REPORT","REPORT_ID","NUMBER","tbl_iid_report","iid_report_id","ExistingTableExistingColumn","Direct copy after datatype coercion and audit-column normalization.","Use IAS_ZTBL default if legacy value is null.","CurrentState","Requires parent IID case migration before child-row load.","Medium","IID report."
"T_AU_IID_REPORT","REPORT_ID","NUMBER","tbl_iid_report","iid_report_id","ExistingTableExistingColumn","Direct copy after datatype coercion and audit-column normalization.","Use IAS_ZTBL default if legacy value is null.","CurrentState","Requires parent IID case migration before child-row load.","Medium","IID report."
"T_AU_IID_REPORT","COMPLAINT_ID","NUMBER","tbl_iid_report","iid_report_id","ExistingTableExistingColumn","Direct copy after datatype coercion and audit-column normalization.","Use IAS_ZTBL default if legacy value is null.","CurrentState","Requires parent IID case migration before child-row load.","Medium","IID report."
"T_AU_IID_REPORT","NAME_COMPLAINANT","VARCHAR2","tbl_iid_report","REVIEW_REQUIRED","ExistingTableRequiredColumn","Manual mapping required; no safe automatic target column was inferred.","Use IAS_ZTBL default if legacy value is null.","CurrentState","Requires parent IID case migration before child-row load.","Low","IID report."
"T_AU_IID_REPORT","NAME_ACCUSED","VARCHAR2","tbl_iid_report","REVIEW_REQUIRED","ExistingTableRequiredColumn","Manual mapping required; no safe automatic target column was inferred.","Use IAS_ZTBL default if legacy value is null.","CurrentState","Requires parent IID case migration before child-row load.","Low","IID report."
"T_AU_IID_REPORT","GIST","CLOB","tbl_iid_report","REVIEW_REQUIRED","ExistingTableRequiredColumn","Manual mapping required; no safe automatic target column was inferred.","Use IAS_ZTBL default if legacy value is null.","CurrentState","Requires parent IID case migration before child-row load.","Low","IID report."
"T_AU_IID_REPORT","PROCEEDINGS","CLOB","tbl_iid_report","REVIEW_REQUIRED","ExistingTableRequiredColumn","Manual mapping required; no safe automatic target column was inferred.","Use IAS_ZTBL default if legacy value is null.","CurrentState","Requires parent IID case migration before child-row load.","Low","IID report."
"T_AU_IID_REPORT","FINDINGS","CLOB","tbl_iid_report","REVIEW_REQUIRED","ExistingTableRequiredColumn","Manual mapping required; no safe automatic target column was inferred.","Use IAS_ZTBL default if legacy value is null.","CurrentState","Requires parent IID case migration before child-row load.","Low","IID report."
"T_AU_IID_REPORT","RECOMMENDATION","CLOB","tbl_iid_report","REVIEW_REQUIRED","ExistingTableRequiredColumn","Manual mapping required; no safe automatic target column was inferred.","Use IAS_ZTBL default if legacy value is null.","CurrentState","Requires parent IID case migration before child-row load.","Low","IID report."
"T_AU_IID_REPORT","UPLOADED_REPORT","VARCHAR2","tbl_iid_report","REVIEW_REQUIRED","ExistingTableRequiredColumn","Manual mapping required; no safe automatic target column was inferred.","Use IAS_ZTBL default if legacy value is null.","CurrentState","Requires parent IID case migration before child-row load.","Low","IID report."
"T_AU_IID_REPORT","UPLOADED_EVIDENCE","VARCHAR2","tbl_iid_report","REVIEW_REQUIRED","ExistingTableRequiredColumn","Manual mapping required; no safe automatic target column was inferred.","Use IAS_ZTBL default if legacy value is null.","CurrentState","Requires parent IID case migration before child-row load.","Low","IID report."
"T_AU_IID_REPORT","SUBMITTED_ON","DATE","tbl_iid_report","REVIEW_REQUIRED","ExistingTableRequiredColumn","Manual mapping required; no safe automatic target column was inferred.","Use IAS_ZTBL default if legacy value is null.","CurrentState","Requires parent IID case migration before child-row load.","Low","IID report."
"T_AU_IID_REPORT","SUBMITTED_BY","NUMBER","tbl_iid_report","REVIEW_REQUIRED","ExistingTableRequiredColumn","Manual mapping required; no safe automatic target column was inferred.","Use IAS_ZTBL default if legacy value is null.","CurrentState","Requires parent IID case migration before child-row load.","Low","IID report."
"T_AU_IID_REPORT","UPLOADED_DSA","VARCHAR2","tbl_iid_report","REVIEW_REQUIRED","ExistingTableRequiredColumn","Manual mapping required; no safe automatic target column was inferred.","Use IAS_ZTBL default if legacy value is null.","CurrentState","Requires parent IID case migration before child-row load.","Low","IID report."
"T_AU_IID_STATUS_MST","STATUS_ID","NUMBER","tbl_lookup_value","status_id","ExistingTableRequiredColumn","Map legacy status identifier/text to normalized lookup.","Use IAS_ZTBL default if legacy value is null.","CurrentState","Requires status/lookup normalization register and lookup load order.","Medium","IID status master normalized as lookup values."
"T_AU_IID_STATUS_MST","STATUS_ID","NUMBER","tbl_lookup_value","status_id","ExistingTableRequiredColumn","Map legacy status identifier/text to normalized lookup.","Use IAS_ZTBL default if legacy value is null.","CurrentState","Requires status/lookup normalization register and lookup load order.","Medium","IID status master normalized as lookup values."
"T_AU_IID_STATUS_MST","STATUS_CODE","VARCHAR2","tbl_lookup_value","REVIEW_REQUIRED","ExistingTableRequiredColumn","Manual mapping required; no safe automatic target column was inferred.","Use IAS_ZTBL default if legacy value is null.","CurrentState","Requires parent table load order and surrogate key crosswalk.","Low","IID status master normalized as lookup values."
"T_AU_IID_STATUS_MST","STATUS_CODE","VARCHAR2","tbl_lookup_value","REVIEW_REQUIRED","ExistingTableRequiredColumn","Manual mapping required; no safe automatic target column was inferred.","Use IAS_ZTBL default if legacy value is null.","CurrentState","Requires parent table load order and surrogate key crosswalk.","Low","IID status master normalized as lookup values."
"T_AU_IID_STATUS_MST","STATUS_NAME","VARCHAR2","tbl_lookup_value","name","ExistingTableRequiredColumn","Direct copy after datatype coercion and audit-column normalization.","Use IAS_ZTBL default if legacy value is null.","CurrentState","Requires parent table load order and surrogate key crosswalk.","Low","IID status master normalized as lookup values."
"T_AU_IID_STATUS_MST","DISPLAY_ORDER","NUMBER","tbl_lookup_value","REVIEW_REQUIRED","ExistingTableRequiredColumn","Manual mapping required; no safe automatic target column was inferred.","Use IAS_ZTBL default if legacy value is null.","CurrentState","Requires parent table load order and surrogate key crosswalk.","Low","IID status master normalized as lookup values."
"T_AU_IID_STATUS_MST","IS_ACTIVE","CHAR","tbl_lookup_value","REVIEW_REQUIRED","ExistingTableRequiredColumn","Manual mapping required; no safe automatic target column was inferred.","Use IAS_ZTBL default if legacy value is null.","CurrentState","Requires parent table load order and surrogate key crosswalk.","Low","IID status master normalized as lookup values."
"T_AU_IID_STATUS_MST","IS_ACTIVE","CHAR","tbl_lookup_value","REVIEW_REQUIRED","ExistingTableRequiredColumn","Manual mapping required; no safe automatic target column was inferred.","Use IAS_ZTBL default if legacy value is null.","CurrentState","Requires parent table load order and surrogate key crosswalk.","Low","IID status master normalized as lookup values."
"T_AU_IID_STATUS_MST","CREATED_ON","DATE","tbl_lookup_value","created_on","ExistingTableExistingColumn","Direct copy after datatype coercion and audit-column normalization.","Use IAS_ZTBL default if legacy value is null.","CurrentState","Requires parent table load order and surrogate key crosswalk.","Medium","IID status master normalized as lookup values."
"T_AU_IID_STATUS_MST","CREATED_BY","NUMBER","tbl_lookup_value","created_by","ExistingTableExistingColumn","Resolve legacy PP/user identifier to tbl_user.user_id.","Use IAS_ZTBL default if legacy value is null.","CurrentState","Requires tbl_user migration and PPNO-to-user_id crosswalk.","Medium","IID status master normalized as lookup values."
"T_AU_IID_STATUS_MST","UPDATED_ON","DATE","tbl_lookup_value","modified_on","ExistingTableExistingColumn","Direct copy after datatype coercion and audit-column normalization.","Use IAS_ZTBL default if legacy value is null.","CurrentState","Requires parent table load order and surrogate key crosswalk.","Medium","IID status master normalized as lookup values."
"T_AU_IID_STATUS_MST","UPDATED_BY","NUMBER","tbl_lookup_value","modified_by","ExistingTableExistingColumn","Resolve legacy PP/user identifier to tbl_user.user_id.","Use IAS_ZTBL default if legacy value is null.","CurrentState","Requires tbl_user migration and PPNO-to-user_id crosswalk.","Medium","IID status master normalized as lookup values."
"T_AU_NEW_PARAS_STATUS_CHANGE_LOG","ID","NUMBER","tbl_para_status_history","para_status_history_id","RequiredTable","Direct copy after datatype coercion and audit-column normalization.","Use IAS_ZTBL default if legacy value is null.","History","Requires parent table load order and surrogate key crosswalk.","Medium","Current para status history requires DDL extension."
"T_AU_NEW_PARAS_STATUS_CHANGE_LOG","AU_OBS_ID","NUMBER","tbl_para_status_history","para_status_history_id","RequiredTable","Direct copy after datatype coercion and audit-column normalization.","Use IAS_ZTBL default if legacy value is null.","History","Requires parent table load order and surrogate key crosswalk.","Medium","Current para status history requires DDL extension."
"T_AU_NEW_PARAS_STATUS_CHANGE_LOG","OLD_STATUS","NUMBER","tbl_para_status_history","REVIEW_REQUIRED","RequiredTable","Manual mapping required; no safe automatic target column was inferred.","Use IAS_ZTBL default if legacy value is null.","History","Requires parent table load order and surrogate key crosswalk.","Low","Current para status history requires DDL extension."
"T_AU_NEW_PARAS_STATUS_CHANGE_LOG","NEW_STATUS","NUMBER","tbl_para_status_history","REVIEW_REQUIRED","RequiredTable","Manual mapping required; no safe automatic target column was inferred.","Use IAS_ZTBL default if legacy value is null.","History","Requires parent table load order and surrogate key crosswalk.","Low","Current para status history requires DDL extension."
"T_AU_NEW_PARAS_STATUS_CHANGE_LOG","CREATED_BY","NUMBER","tbl_para_status_history","created_by","RequiredTable","Resolve legacy PP/user identifier to tbl_user.user_id.","Use IAS_ZTBL default if legacy value is null.","History","Requires tbl_user migration and PPNO-to-user_id crosswalk.","Medium","Current para status history requires DDL extension."
"T_AU_NEW_PARAS_STATUS_CHANGE_LOG","CREATED_DATE","TIMESTAMP(6)","tbl_para_status_history","REVIEW_REQUIRED","RequiredTable","Manual mapping required; no safe automatic target column was inferred.","Use IAS_ZTBL default if legacy value is null.","History","Requires parent table load order and surrogate key crosswalk.","Low","Current para status history requires DDL extension."
"T_AU_NEW_PARAS_STATUS_CHANGE_LOG","REMARKS","VARCHAR2","tbl_para_status_history","REVIEW_REQUIRED","RequiredTable","Manual mapping required; no safe automatic target column was inferred.","Use IAS_ZTBL default if legacy value is null.","History","Requires parent table load order and surrogate key crosswalk.","Low","Current para status history requires DDL extension."
"T_AU_NEW_PARAS_STATUS_CHANGE_LOG","SEQUENCE","NUMBER","tbl_para_status_history","REVIEW_REQUIRED","RequiredTable","Manual mapping required; no safe automatic target column was inferred.","Use IAS_ZTBL default if legacy value is null.","History","Requires parent table load order and surrogate key crosswalk.","Low","Current para status history requires DDL extension."
"T_AU_NEW_PARAS_STATUS_CHANGE_LOG","AUTHORIZED_ON","TIMESTAMP(6)","tbl_para_status_history","REVIEW_REQUIRED","RequiredTable","Manual mapping required; no safe automatic target column was inferred.","Use IAS_ZTBL default if legacy value is null.","History","Requires parent table load order and surrogate key crosswalk.","Low","Current para status history requires DDL extension."
"T_AU_NEW_PARAS_STATUS_CHANGE_LOG","AUTHORIZED_BY","NUMBER","tbl_para_status_history","REVIEW_REQUIRED","RequiredTable","Manual mapping required; no safe automatic target column was inferred.","Use IAS_ZTBL default if legacy value is null.","History","Requires parent table load order and surrogate key crosswalk.","Low","Current para status history requires DDL extension."
"T_AU_NEW_PARAS_STATUS_CHANGE_LOG","AUTHORIZED_COMMENTS","VARCHAR2","tbl_para_status_history","REVIEW_REQUIRED","RequiredTable","Manual mapping required; no safe automatic target column was inferred.","Use IAS_ZTBL default if legacy value is null.","History","Requires parent table load order and surrogate key crosswalk.","Low","Current para status history requires DDL extension."
"T_AU_NEW_PARAS_STATUS_CHANGE_LOG","OBS_ID","NUMBER","tbl_para_status_history","para_status_history_id","RequiredTable","Direct copy after datatype coercion and audit-column normalization.","Use IAS_ZTBL default if legacy value is null.","History","Requires parent table load order and surrogate key crosswalk.","Medium","Current para status history requires DDL extension."
"T_AU_NEW_PARAS_STATUS_CHANGE_LOG","REVIEWED_ON","TIMESTAMP(6)","tbl_para_status_history","approved_on","RequiredTable","Direct copy after datatype coercion and audit-column normalization.","Use IAS_ZTBL default if legacy value is null.","History","Requires parent table load order and surrogate key crosswalk.","Medium","Current para status history requires DDL extension."
"T_AU_NEW_PARAS_STATUS_CHANGE_LOG","REVIEWED_BY","NUMBER","tbl_para_status_history","approved_by","RequiredTable","Resolve reviewer/approver to tbl_user.user_id.","Use IAS_ZTBL default if legacy value is null.","History","Requires tbl_user migration and PPNO-to-user_id crosswalk.","Medium","Current para status history requires DDL extension."
"T_AU_NEW_PARAS_STATUS_CHANGE_LOG","REVIEWER_COMMENTS","VARCHAR2","tbl_para_status_history","REVIEW_REQUIRED","RequiredTable","Manual mapping required; no safe automatic target column was inferred.","Use IAS_ZTBL default if legacy value is null.","History","Requires parent table load order and surrogate key crosswalk.","Low","Current para status history requires DDL extension."
"T_AU_NEW_PARAS_STATUS_CHANGE_LOG","STATUS","VARCHAR2","tbl_para_status_history","REVIEW_REQUIRED","RequiredTable","Manual mapping required; no safe automatic target column was inferred.","Use IAS_ZTBL default if legacy value is null.","History","Requires parent table load order and surrogate key crosswalk.","Low","Current para status history requires DDL extension."
"T_AU_NEW_PARAS_STATUS_CHANGE_LOG","IND","VARCHAR2","tbl_para_status_history","REVIEW_REQUIRED","RequiredTable","Manual mapping required; no safe automatic target column was inferred.","Use IAS_ZTBL default if legacy value is null.","History","Requires parent table load order and surrogate key crosswalk.","Low","Current para status history requires DDL extension."
"T_AU_OBSERVATION","ID","NUMBER","tbl_observation","observation_id","ExistingTableExistingColumn","Preserve observation key via crosswalk.","Use IAS_ZTBL default if legacy value is null.","CurrentState","Requires tbl_entity migration and entity-code crosswalk.","High","Core observation table."
"T_AU_OBSERVATION","ID","NUMBER","tbl_observation","observation_id","ExistingTableExistingColumn","Preserve observation key via crosswalk.","Use IAS_ZTBL default if legacy value is null.","CurrentState","Requires tbl_entity migration and entity-code crosswalk.","High","Core observation table."
"T_AU_OBSERVATION","ENGPLANID","NUMBER","tbl_observation","engagement_id","ExistingTableExistingColumn","Direct copy after datatype coercion and audit-column normalization.","Use IAS_ZTBL default if legacy value is null.","CurrentState","Requires tbl_entity migration and entity-code crosswalk.","High","Core observation table."
"T_AU_OBSERVATION","STATUS","NUMBER","tbl_observation","observation_status_id","ExistingTableExistingColumn","Map through observation status normalization register.","Use IAS_ZTBL default if legacy value is null.","CurrentState","Requires tbl_entity migration and entity-code crosswalk.","High","Core observation table."
"T_AU_OBSERVATION","ENTEREDBY","NUMBER","tbl_observation","created_by","ExistingTableExistingColumn","Resolve legacy PP/user identifier to tbl_user.user_id.","Use IAS_ZTBL default if legacy value is null.","CurrentState","Requires tbl_user migration and PPNO-to-user_id crosswalk.","High","Core observation table."
"T_AU_OBSERVATION","ENTEREDDATE","DATE","tbl_observation","created_on","ExistingTableExistingColumn","Direct copy after datatype coercion and audit-column normalization.","Use IAS_ZTBL default if legacy value is null.","CurrentState","Requires tbl_entity migration and entity-code crosswalk.","High","Core observation table."
"T_AU_OBSERVATION","LASTUPDATEDBY","NUMBER","tbl_observation","modified_by","ExistingTableExistingColumn","Direct copy after datatype coercion and audit-column normalization.","Use IAS_ZTBL default if legacy value is null.","CurrentState","Requires tbl_user migration and PPNO-to-user_id crosswalk.","High","Core observation table."
"T_AU_OBSERVATION","LASTUPDATEDDATE","DATE","tbl_observation","modified_on","ExistingTableExistingColumn","Direct copy after datatype coercion and audit-column normalization.","Use IAS_ZTBL default if legacy value is null.","CurrentState","Requires tbl_entity migration and entity-code crosswalk.","High","Core observation table."
"T_AU_OBSERVATION","AMOUNT_INVOLVED","NUMBER","tbl_observation","amount_involved","ExistingTableExistingColumn","Numeric cast with invalid-value quarantine.","Use IAS_ZTBL default if legacy value is null.","CurrentState","Requires tbl_entity migration and entity-code crosswalk.","High","Core observation table."
"T_AU_OBSERVATION","ENTITY_ID","NUMBER","tbl_observation","entity_id","ExistingTableExistingColumn","Direct copy after datatype coercion and audit-column normalization.","Use IAS_ZTBL default if legacy value is null.","CurrentState","Requires tbl_entity migration and entity-code crosswalk.","High","Core observation table."
"T_AU_OBSERVATION","REPLYDATE","DATE","tbl_observation_response","responded_on","ExistingTableExistingColumn","Direct copy after datatype coercion and audit-column normalization.","Use IAS_ZTBL default if legacy value is null.","History","Requires tbl_entity migration and entity-code crosswalk.","Medium","Core observation table."
"T_AU_OBSERVATION","LASTREPLYBY","NUMBER","tbl_observation_response","respondent_user_id","ExistingTableExistingColumn","Resolve response actor to tbl_user.user_id.","Use IAS_ZTBL default if legacy value is null.","History","Requires tbl_user migration and PPNO-to-user_id crosswalk.","Medium","Core observation table."
"T_AU_OBSERVATION","LASTREPLYDATE","DATE","tbl_observation_response","responded_on","ExistingTableExistingColumn","Direct copy after datatype coercion and audit-column normalization.","Use IAS_ZTBL default if legacy value is null.","History","Requires tbl_entity migration and entity-code crosswalk.","Medium","Core observation table."
"T_AU_OBSERVATION","MEMO_DATE","DATE","tbl_observation","memo_date","ExistingTableExistingColumn","Direct copy after datatype coercion and audit-column normalization.","Use IAS_ZTBL default if legacy value is null.","CurrentState","Requires tbl_entity migration and entity-code crosswalk.","High","Core observation table."
"T_AU_OBSERVATION","SEVERITY","NUMBER","tbl_observation","severity_id","ExistingTableExistingColumn","Map through severity lookup.","Use IAS_ZTBL default if legacy value is null.","CurrentState","Requires tbl_entity migration and entity-code crosswalk.","High","Core observation table."
"T_AU_OBSERVATION","MEMO_NUMBER","NUMBER","tbl_observation","memo_no","ExistingTableExistingColumn","Direct copy after datatype coercion and audit-column normalization.","Use IAS_ZTBL default if legacy value is null.","CurrentState","Requires tbl_entity migration and entity-code crosswalk.","High","Core observation table."
"T_AU_OBSERVATION","MEMO_REPLY_DATE","DATE","tbl_observation","REVIEW_REQUIRED","ExistingTableRequiredColumn","Manual mapping required; no safe automatic target column was inferred.","Use IAS_ZTBL default if legacy value is null.","CurrentState","Requires tbl_entity migration and entity-code crosswalk.","Low","Core observation table."
"T_AU_OBSERVATION","RESPONSIBILITY_ASSIGNED","NUMBER","tbl_observation_assignment","assignee_user_id","ExistingTableExistingColumn","Resolve responsible PP/user to tbl_user.user_id.","Use IAS_ZTBL default if legacy value is null.","CurrentState","Requires tbl_user migration and PPNO-to-user_id crosswalk.","Medium","Core observation table."
"T_AU_OBSERVATION","REFERENCE_ID","NUMBER","tbl_observation_reference","reference_document_version_id","ExistingTableExistingColumn","Resolve reference identifier to migrated reference-document version.","Use IAS_ZTBL default if legacy value is null.","History","Requires tbl_entity migration and entity-code crosswalk.","Medium","Core observation table."
"T_AU_OBSERVATION","RISKMODEL_ID","NUMBER","tbl_observation","risk_rating_id","ExistingTableExistingColumn","Direct copy after datatype coercion and audit-column normalization.","Use IAS_ZTBL default if legacy value is null.","CurrentState","Requires tbl_entity migration and entity-code crosswalk.","High","Core observation table."
"T_AU_OBSERVATION","SUBCHECKLIST_ID","NUMBER","tbl_observation","checklist_sub_item_id","ExistingTableRequiredColumn","Add explicit checklist-sub-item foreign key on tbl_observation.","Use IAS_ZTBL default if legacy value is null.","CurrentState","Requires tbl_entity migration and entity-code crosswalk.","Medium","Core observation table."
"T_AU_OBSERVATION","CHECKLISTDETAIL_ID","NUMBER","tbl_observation","checklist_item_id","ExistingTableRequiredColumn","Add explicit checklist-item foreign key on tbl_observation and crosswalk legacy checklist detail.","Use IAS_ZTBL default if legacy value is null.","CurrentState","Requires tbl_entity migration and entity-code crosswalk.","Medium","Core observation table."
"T_AU_OBSERVATION","V_CAT_ID","NUMBER","tbl_observation","observation_id","ExistingTableExistingColumn","Direct copy after datatype coercion and audit-column normalization.","Use IAS_ZTBL default if legacy value is null.","CurrentState","Requires tbl_entity migration and entity-code crosswalk.","Medium","Core observation table."
"T_AU_OBSERVATION","V_CAT_NATURE_ID","NUMBER","tbl_observation","observation_id","ExistingTableExistingColumn","Direct copy after datatype coercion and audit-column normalization.","Use IAS_ZTBL default if legacy value is null.","CurrentState","Requires tbl_entity migration and entity-code crosswalk.","Medium","Core observation table."
"T_AU_OBSERVATION","NO_OF_INSTANCES","NUMBER","tbl_observation","instance_count","ExistingTableExistingColumn","Direct copy after datatype coercion and audit-column normalization.","Use IAS_ZTBL default if legacy value is null.","CurrentState","Requires tbl_entity migration and entity-code crosswalk.","High","Core observation table."
"T_AU_OBSERVATION","ENTITY_CODE","NUMBER","tbl_observation","REVIEW_REQUIRED","ExistingTableRequiredColumn","Manual mapping required; no safe automatic target column was inferred.","Use IAS_ZTBL default if legacy value is null.","CurrentState","Requires tbl_entity migration and entity-code crosswalk.","Low","Core observation table."
"T_AU_OBSERVATION","ANNEX","NUMBER","tbl_observation","REVIEW_REQUIRED","ExistingTableRequiredColumn","Manual mapping required; no safe automatic target column was inferred.","Use IAS_ZTBL default if legacy value is null.","CurrentState","Requires tbl_entity migration and entity-code crosswalk.","Low","Core observation table."
"T_AU_OBSERVATION","DRAFT_PARA_NO","NUMBER","tbl_observation","draft_para_no","ExistingTableExistingColumn","Direct copy after datatype coercion and audit-column normalization.","Use IAS_ZTBL default if legacy value is null.","CurrentState","Requires tbl_entity migration and entity-code crosswalk.","High","Core observation table."
"T_AU_OBSERVATION","FINAL_PARA_NO","NUMBER","tbl_observation","final_para_no","ExistingTableExistingColumn","Direct copy after datatype coercion and audit-column normalization.","Use IAS_ZTBL default if legacy value is null.","CurrentState","Requires tbl_entity migration and entity-code crosswalk.","High","Core observation table."
"T_AU_OBSERVATION","STELLED_ON","DATE","tbl_observation","settled_on","ExistingTableExistingColumn","Direct copy after datatype coercion and audit-column normalization.","Use IAS_ZTBL default if legacy value is null.","CurrentState","Requires tbl_entity migration and entity-code crosswalk.","High","Core observation table."
"T_AU_OBSERVATION","SETTLED_BY","NUMBER","tbl_observation","settled_by","ExistingTableExistingColumn","Direct copy after datatype coercion and audit-column normalization.","Use IAS_ZTBL default if legacy value is null.","CurrentState","Requires tbl_entity migration and entity-code crosswalk.","High","Core observation table."
"T_AU_OBSERVATION","DRAFT_PARA_ADDED_ON","DATE","tbl_observation","REVIEW_REQUIRED","ExistingTableRequiredColumn","Manual mapping required; no safe automatic target column was inferred.","Use IAS_ZTBL default if legacy value is null.","CurrentState","Requires tbl_entity migration and entity-code crosswalk.","Low","Core observation table."
"T_AU_OBSERVATION","FINAL_PARA_ADDED_ON","DATE","tbl_observation","REVIEW_REQUIRED","ExistingTableRequiredColumn","Manual mapping required; no safe automatic target column was inferred.","Use IAS_ZTBL default if legacy value is null.","CurrentState","Requires tbl_entity migration and entity-code crosswalk.","Low","Core observation table."
"T_AU_OBSERVATION","REVIEWED_ON","DATE","tbl_observation","approved_on","ExistingTableExistingColumn","Direct copy after datatype coercion and audit-column normalization.","Use IAS_ZTBL default if legacy value is null.","CurrentState","Requires tbl_entity migration and entity-code crosswalk.","Medium","Core observation table."
"T_AU_OBSERVATION","REVIEWED_BY","NUMBER","tbl_observation","approved_by","ExistingTableExistingColumn","Resolve reviewer/approver to tbl_user.user_id.","Use IAS_ZTBL default if legacy value is null.","CurrentState","Requires tbl_user migration and PPNO-to-user_id crosswalk.","Medium","Core observation table."
"T_AU_OBSERVATION","ANNEX_REF_ID","NUMBER","tbl_observation_reference","reference_document_version_id","ExistingTableExistingColumn","Resolve annexure reference to normalized reference-document version.","Use IAS_ZTBL default if legacy value is null.","History","Requires tbl_entity migration and entity-code crosswalk.","Medium","Core observation table."
"T_AU_OBSERVATIONS_AUDITEE_EVIDENCES","ID","NUMBER","tbl_observation_evidence","observation_evidence_id","RequiredTable","Direct copy after datatype coercion and audit-column normalization.","Use IAS_ZTBL default if legacy value is null.","History","Requires tbl_entity migration and entity-code crosswalk.","Medium","Observation evidence requires DDL extension."
"T_AU_OBSERVATIONS_AUDITEE_EVIDENCES","FILE_NAME","VARCHAR2","tbl_observation_evidence","name","RequiredTable","Direct copy after datatype coercion and audit-column normalization.","Use IAS_ZTBL default if legacy value is null.","History","Requires tbl_entity migration and entity-code crosswalk.","Low","Observation evidence requires DDL extension."
"T_AU_OBSERVATIONS_AUDITEE_EVIDENCES","TEXT_ID","NUMBER","tbl_observation_evidence","detail_text","RequiredTable","Load long text into normalized CLOB detail field.","Use IAS_ZTBL default if legacy value is null.","History","Requires tbl_entity migration and entity-code crosswalk.","Low","Observation evidence requires DDL extension."
"T_AU_OBSERVATIONS_AUDITEE_EVIDENCES","FILE_TYPE","VARCHAR2","tbl_observation_evidence","REVIEW_REQUIRED","RequiredTable","Manual mapping required; no safe automatic target column was inferred.","Use IAS_ZTBL default if legacy value is null.","History","Requires tbl_entity migration and entity-code crosswalk.","Low","Observation evidence requires DDL extension."
"T_AU_OBSERVATIONS_AUDITEE_EVIDENCES","LENGTH","NUMBER","tbl_observation_evidence","REVIEW_REQUIRED","RequiredTable","Manual mapping required; no safe automatic target column was inferred.","Use IAS_ZTBL default if legacy value is null.","History","Requires tbl_entity migration and entity-code crosswalk.","Low","Observation evidence requires DDL extension."
"T_AU_OBSERVATIONS_AUDITEE_EVIDENCES","FILE_DATA","CLOB","tbl_observation_evidence","REVIEW_REQUIRED","RequiredTable","Manual mapping required; no safe automatic target column was inferred.","Use IAS_ZTBL default if legacy value is null.","History","Requires tbl_entity migration and entity-code crosswalk.","Low","Observation evidence requires DDL extension."
"T_AU_OBSERVATIONS_AUDITEE_EVIDENCES","MEMOID","NUMBER","tbl_observation_evidence","REVIEW_REQUIRED","RequiredTable","Manual mapping required; no safe automatic target column was inferred.","Use IAS_ZTBL default if legacy value is null.","History","Requires tbl_entity migration and entity-code crosswalk.","Low","Observation evidence requires DDL extension."
"T_AU_OBSERVATIONS_AUDITEE_EVIDENCES","ENTEREDBY","NUMBER","tbl_observation_evidence","created_by","RequiredTable","Resolve legacy PP/user identifier to tbl_user.user_id.","Use IAS_ZTBL default if legacy value is null.","History","Requires tbl_user migration and PPNO-to-user_id crosswalk.","Medium","Observation evidence requires DDL extension."
"T_AU_OBSERVATIONS_AUDITEE_EVIDENCES","ENTEREDDATE","DATE","tbl_observation_evidence","created_on","RequiredTable","Direct copy after datatype coercion and audit-column normalization.","Use IAS_ZTBL default if legacy value is null.","History","Requires tbl_entity migration and entity-code crosswalk.","Medium","Observation evidence requires DDL extension."
"T_AU_OBSERVATIONS_AUDITEE_EVIDENCES","LASTUPDATEDBY","NUMBER","tbl_observation_evidence","modified_by","RequiredTable","Resolve legacy PP/user identifier to tbl_user.user_id.","Use IAS_ZTBL default if legacy value is null.","History","Requires tbl_user migration and PPNO-to-user_id crosswalk.","Medium","Observation evidence requires DDL extension."
"T_AU_OBSERVATIONS_AUDITEE_EVIDENCES","LASTUPDATEDDATE","DATE","tbl_observation_evidence","modified_on","RequiredTable","Direct copy after datatype coercion and audit-column normalization.","Use IAS_ZTBL default if legacy value is null.","History","Requires tbl_entity migration and entity-code crosswalk.","Medium","Observation evidence requires DDL extension."
"T_AU_OBSERVATIONS_AUDITEE_EVIDENCES","SEQUENCE","NUMBER","tbl_observation_evidence","REVIEW_REQUIRED","RequiredTable","Manual mapping required; no safe automatic target column was inferred.","Use IAS_ZTBL default if legacy value is null.","History","Requires tbl_entity migration and entity-code crosswalk.","Low","Observation evidence requires DDL extension."
"T_AU_OBSERVATIONS_AUDITEE_EVIDENCES","STATUS","VARCHAR2","tbl_observation_evidence","REVIEW_REQUIRED","RequiredTable","Manual mapping required; no safe automatic target column was inferred.","Use IAS_ZTBL default if legacy value is null.","History","Requires tbl_entity migration and entity-code crosswalk.","Low","Observation evidence requires DDL extension."
"T_AU_OBSERVATIONS_AUDITEE_EVIDENCES","RESPID","NUMBER","tbl_observation_evidence","REVIEW_REQUIRED","RequiredTable","Manual mapping required; no safe automatic target column was inferred.","Use IAS_ZTBL default if legacy value is null.","History","Requires tbl_entity migration and entity-code crosswalk.","Low","Observation evidence requires DDL extension."
"T_AU_OBSERVATIONS_AUDITEE_RESPONSE","ID","NUMBER","tbl_observation_response","observation_response_id","ExistingTableExistingColumn","Direct copy after datatype coercion and audit-column normalization.","Use IAS_ZTBL default if legacy value is null.","History","Requires tbl_entity migration and entity-code crosswalk.","Medium","Auditee response history."
"T_AU_OBSERVATIONS_AUDITEE_RESPONSE","AU_OBS_ID","NUMBER","tbl_observation_response","observation_response_id","ExistingTableExistingColumn","Direct copy after datatype coercion and audit-column normalization.","Use IAS_ZTBL default if legacy value is null.","History","Requires tbl_entity migration and entity-code crosswalk.","Medium","Auditee response history."
"T_AU_OBSERVATIONS_AUDITEE_RESPONSE","REPLY","NCLOB","tbl_observation_response","REVIEW_REQUIRED","ExistingTableRequiredColumn","Manual mapping required; no safe automatic target column was inferred.","Use IAS_ZTBL default if legacy value is null.","History","Requires tbl_entity migration and entity-code crosswalk.","Low","Auditee response history."
"T_AU_OBSERVATIONS_AUDITEE_RESPONSE","REPLIEDBY","NUMBER","tbl_observation_response","REVIEW_REQUIRED","ExistingTableRequiredColumn","Manual mapping required; no safe automatic target column was inferred.","Use IAS_ZTBL default if legacy value is null.","History","Requires tbl_entity migration and entity-code crosswalk.","Low","Auditee response history."
"T_AU_OBSERVATIONS_AUDITEE_RESPONSE","REPLIEDDATE","DATE","tbl_observation_response","REVIEW_REQUIRED","ExistingTableRequiredColumn","Manual mapping required; no safe automatic target column was inferred.","Use IAS_ZTBL default if legacy value is null.","History","Requires tbl_entity migration and entity-code crosswalk.","Low","Auditee response history."
"T_AU_OBSERVATIONS_AUDITEE_RESPONSE","LASTUPDATEDBY","NUMBER","tbl_observation_response","modified_by","ExistingTableExistingColumn","Resolve legacy PP/user identifier to tbl_user.user_id.","Use IAS_ZTBL default if legacy value is null.","History","Requires tbl_user migration and PPNO-to-user_id crosswalk.","Medium","Auditee response history."
"T_AU_OBSERVATIONS_AUDITEE_RESPONSE","LASTUPDATEDDATE","DATE","tbl_observation_response","modified_on","ExistingTableExistingColumn","Direct copy after datatype coercion and audit-column normalization.","Use IAS_ZTBL default if legacy value is null.","History","Requires tbl_entity migration and entity-code crosswalk.","Medium","Auditee response history."
"T_AU_OBSERVATIONS_AUDITEE_RESPONSE","OBS_TEXT_ID","NUMBER","tbl_observation_response","detail_text","ExistingTableRequiredColumn","Load long text into normalized CLOB detail field.","Use IAS_ZTBL default if legacy value is null.","History","Requires tbl_entity migration and entity-code crosswalk.","Low","Auditee response history."
"T_AU_OBSERVATIONS_AUDITEE_RESPONSE","REPLY_ROLE","NUMBER","tbl_observation_response","REVIEW_REQUIRED","ExistingTableRequiredColumn","Manual mapping required; no safe automatic target column was inferred.","Use IAS_ZTBL default if legacy value is null.","History","Requires tbl_entity migration and entity-code crosswalk.","Low","Auditee response history."
"T_AU_OBSERVATIONS_AUDITEE_RESPONSE","REMARKS","VARCHAR2","tbl_observation_response","REVIEW_REQUIRED","ExistingTableRequiredColumn","Manual mapping required; no safe automatic target column was inferred.","Use IAS_ZTBL default if legacy value is null.","History","Requires tbl_entity migration and entity-code crosswalk.","Low","Auditee response history."
"T_AU_OBSERVATIONS_AUDITEE_RESPONSE","SUBMITTED","VARCHAR2","tbl_observation_response","REVIEW_REQUIRED","ExistingTableRequiredColumn","Manual mapping required; no safe automatic target column was inferred.","Use IAS_ZTBL default if legacy value is null.","History","Requires tbl_entity migration and entity-code crosswalk.","Low","Auditee response history."
"T_AU_OBSERVATIONS_AUDITEE_RESPONSE","STATUS","NUMBER","tbl_observation_response","REVIEW_REQUIRED","ExistingTableRequiredColumn","Manual mapping required; no safe automatic target column was inferred.","Use IAS_ZTBL default if legacy value is null.","History","Requires tbl_entity migration and entity-code crosswalk.","Low","Auditee response history."
"T_AU_OBSERVATIONS_AUDITOR_RECOMMENDATION","ID","NUMBER","tbl_observation_response","observation_response_id","ExistingTableExistingColumn","Direct copy after datatype coercion and audit-column normalization.","Use IAS_ZTBL default if legacy value is null.","History","Requires tbl_entity migration and entity-code crosswalk.","Medium","Auditor response/recommendation stream."
"T_AU_OBSERVATIONS_AUDITOR_RECOMMENDATION","AU_OBS_ID","NUMBER","tbl_observation_response","observation_response_id","ExistingTableExistingColumn","Direct copy after datatype coercion and audit-column normalization.","Use IAS_ZTBL default if legacy value is null.","History","Requires tbl_entity migration and entity-code crosswalk.","Medium","Auditor response/recommendation stream."
"T_AU_OBSERVATIONS_AUDITOR_RECOMMENDATION","RECOMMENDATION","CLOB","tbl_observation_response","REVIEW_REQUIRED","ExistingTableRequiredColumn","Manual mapping required; no safe automatic target column was inferred.","Use IAS_ZTBL default if legacy value is null.","History","Requires tbl_entity migration and entity-code crosswalk.","Low","Auditor response/recommendation stream."
"T_AU_OBSERVATIONS_AUDITOR_RECOMMENDATION","RECO_BY","NUMBER","tbl_observation_response","REVIEW_REQUIRED","ExistingTableRequiredColumn","Manual mapping required; no safe automatic target column was inferred.","Use IAS_ZTBL default if legacy value is null.","History","Requires tbl_entity migration and entity-code crosswalk.","Low","Auditor response/recommendation stream."
"T_AU_OBSERVATIONS_AUDITOR_RECOMMENDATION","RECO_DATE","DATE","tbl_observation_response","REVIEW_REQUIRED","ExistingTableRequiredColumn","Manual mapping required; no safe automatic target column was inferred.","Use IAS_ZTBL default if legacy value is null.","History","Requires tbl_entity migration and entity-code crosswalk.","Low","Auditor response/recommendation stream."
"T_AU_OBSERVATIONS_AUDITOR_RECOMMENDATION","OBS_TEXT_ID","NUMBER","tbl_observation_response","detail_text","ExistingTableRequiredColumn","Load long text into normalized CLOB detail field.","Use IAS_ZTBL default if legacy value is null.","History","Requires tbl_entity migration and entity-code crosswalk.","Low","Auditor response/recommendation stream."
"T_AU_OBSERVATIONS_AUDITOR_RECOMMENDATION","RECO_ROLE","NVARCHAR2","tbl_observation_response","REVIEW_REQUIRED","ExistingTableRequiredColumn","Manual mapping required; no safe automatic target column was inferred.","Use IAS_ZTBL default if legacy value is null.","History","Requires tbl_entity migration and entity-code crosswalk.","Low","Auditor response/recommendation stream."
"T_AU_OBSERVATIONS_AUDITOR_RECOMMENDATION","STATUS","NUMBER","tbl_observation_response","REVIEW_REQUIRED","ExistingTableRequiredColumn","Manual mapping required; no safe automatic target column was inferred.","Use IAS_ZTBL default if legacy value is null.","History","Requires tbl_entity migration and entity-code crosswalk.","Low","Auditor response/recommendation stream."
"T_AU_OBSERVATIONS_AUDITOR_RECOMMENDATION","SUBMITTED","VARCHAR2","tbl_observation_response","REVIEW_REQUIRED","ExistingTableRequiredColumn","Manual mapping required; no safe automatic target column was inferred.","Use IAS_ZTBL default if legacy value is null.","History","Requires tbl_entity migration and entity-code crosswalk.","Low","Auditor response/recommendation stream."
"T_AU_OBSERVATIONS_AUDITOR_REPLY","ID","NUMBER","tbl_observation_response","observation_response_id","ExistingTableExistingColumn","Direct copy after datatype coercion and audit-column normalization.","Use IAS_ZTBL default if legacy value is null.","History","Requires tbl_entity migration and entity-code crosswalk.","Medium","Auditor response/recommendation stream."
"T_AU_OBSERVATIONS_AUDITOR_REPLY","AU_OBS_ID","NUMBER","tbl_observation_response","observation_response_id","ExistingTableExistingColumn","Direct copy after datatype coercion and audit-column normalization.","Use IAS_ZTBL default if legacy value is null.","History","Requires tbl_entity migration and entity-code crosswalk.","Medium","Auditor response/recommendation stream."
"T_AU_OBSERVATIONS_AUDITOR_REPLY","AUDIT_REPLY","CLOB","tbl_observation_response","REVIEW_REQUIRED","ExistingTableRequiredColumn","Manual mapping required; no safe automatic target column was inferred.","Use IAS_ZTBL default if legacy value is null.","History","Requires tbl_entity migration and entity-code crosswalk.","Low","Auditor response/recommendation stream."
"T_AU_OBSERVATIONS_AUDITOR_REPLY","REPLIEDBY","NUMBER","tbl_observation_response","REVIEW_REQUIRED","ExistingTableRequiredColumn","Manual mapping required; no safe automatic target column was inferred.","Use IAS_ZTBL default if legacy value is null.","History","Requires tbl_entity migration and entity-code crosswalk.","Low","Auditor response/recommendation stream."
"T_AU_OBSERVATIONS_AUDITOR_REPLY","REPLIEDDATE","DATE","tbl_observation_response","REVIEW_REQUIRED","ExistingTableRequiredColumn","Manual mapping required; no safe automatic target column was inferred.","Use IAS_ZTBL default if legacy value is null.","History","Requires tbl_entity migration and entity-code crosswalk.","Low","Auditor response/recommendation stream."
"T_AU_OBSERVATIONS_AUDITOR_REPLY","OBS_TEXT_ID","NUMBER","tbl_observation_response","detail_text","ExistingTableRequiredColumn","Load long text into normalized CLOB detail field.","Use IAS_ZTBL default if legacy value is null.","History","Requires tbl_entity migration and entity-code crosswalk.","Low","Auditor response/recommendation stream."
"T_AU_OBSERVATIONS_AUDITOR_REPLY","REPLY_ROLE","NVARCHAR2","tbl_observation_response","REVIEW_REQUIRED","ExistingTableRequiredColumn","Manual mapping required; no safe automatic target column was inferred.","Use IAS_ZTBL default if legacy value is null.","History","Requires tbl_entity migration and entity-code crosswalk.","Low","Auditor response/recommendation stream."
"T_AU_OBSERVATIONS_AUDITOR_REPLY","OBS_STATUS","NUMBER","tbl_observation_response","REVIEW_REQUIRED","ExistingTableRequiredColumn","Manual mapping required; no safe automatic target column was inferred.","Use IAS_ZTBL default if legacy value is null.","History","Requires tbl_entity migration and entity-code crosswalk.","Low","Auditor response/recommendation stream."
"T_AU_OBSERVATIONS_AUDITOR_REPLY","SUBMITTED","VARCHAR2","tbl_observation_response","REVIEW_REQUIRED","ExistingTableRequiredColumn","Manual mapping required; no safe automatic target column was inferred.","Use IAS_ZTBL default if legacy value is null.","History","Requires tbl_entity migration and entity-code crosswalk.","Low","Auditor response/recommendation stream."
"T_AU_OBSERVATIONS_AUDITOR_RESPONSE","ID","NUMBER","tbl_observation_response","observation_response_id","ExistingTableExistingColumn","Direct copy after datatype coercion and audit-column normalization.","Use IAS_ZTBL default if legacy value is null.","History","Requires tbl_entity migration and entity-code crosswalk.","Medium","Auditor response/recommendation stream."
"T_AU_OBSERVATIONS_AUDITOR_RESPONSE","AU_OBS_ID","NUMBER","tbl_observation_response","observation_response_id","ExistingTableExistingColumn","Direct copy after datatype coercion and audit-column normalization.","Use IAS_ZTBL default if legacy value is null.","History","Requires tbl_entity migration and entity-code crosswalk.","Medium","Auditor response/recommendation stream."
"T_AU_OBSERVATIONS_AUDITOR_RESPONSE","REPLY","CLOB","tbl_observation_response","REVIEW_REQUIRED","ExistingTableRequiredColumn","Manual mapping required; no safe automatic target column was inferred.","Use IAS_ZTBL default if legacy value is null.","History","Requires tbl_entity migration and entity-code crosswalk.","Low","Auditor response/recommendation stream."
"T_AU_OBSERVATIONS_AUDITOR_RESPONSE","REPLIEDBY","NUMBER","tbl_observation_response","REVIEW_REQUIRED","ExistingTableRequiredColumn","Manual mapping required; no safe automatic target column was inferred.","Use IAS_ZTBL default if legacy value is null.","History","Requires tbl_entity migration and entity-code crosswalk.","Low","Auditor response/recommendation stream."
"T_AU_OBSERVATIONS_AUDITOR_RESPONSE","REPLIEDDATE","DATE","tbl_observation_response","REVIEW_REQUIRED","ExistingTableRequiredColumn","Manual mapping required; no safe automatic target column was inferred.","Use IAS_ZTBL default if legacy value is null.","History","Requires tbl_entity migration and entity-code crosswalk.","Low","Auditor response/recommendation stream."
"T_AU_OBSERVATIONS_AUDITOR_RESPONSE","LASTUPDATEDBY","NUMBER","tbl_observation_response","modified_by","ExistingTableExistingColumn","Resolve legacy PP/user identifier to tbl_user.user_id.","Use IAS_ZTBL default if legacy value is null.","History","Requires tbl_user migration and PPNO-to-user_id crosswalk.","Medium","Auditor response/recommendation stream."
"T_AU_OBSERVATIONS_AUDITOR_RESPONSE","LASTUPDATEDDATE","DATE","tbl_observation_response","modified_on","ExistingTableExistingColumn","Direct copy after datatype coercion and audit-column normalization.","Use IAS_ZTBL default if legacy value is null.","History","Requires tbl_entity migration and entity-code crosswalk.","Medium","Auditor response/recommendation stream."
"T_AU_OBSERVATIONS_AUDITOR_RESPONSE","OBS_TEXT_ID","NUMBER","tbl_observation_response","detail_text","ExistingTableRequiredColumn","Load long text into normalized CLOB detail field.","Use IAS_ZTBL default if legacy value is null.","History","Requires tbl_entity migration and entity-code crosswalk.","Low","Auditor response/recommendation stream."
"T_AU_OBSERVATIONS_AUDITOR_RESPONSE","REPLY_ROLE","NVARCHAR2","tbl_observation_response","REVIEW_REQUIRED","ExistingTableRequiredColumn","Manual mapping required; no safe automatic target column was inferred.","Use IAS_ZTBL default if legacy value is null.","History","Requires tbl_entity migration and entity-code crosswalk.","Low","Auditor response/recommendation stream."
"T_AU_OBSERVATIONS_AUDITOR_RESPONSE","REMARKS","VARCHAR2","tbl_observation_response","REVIEW_REQUIRED","ExistingTableRequiredColumn","Manual mapping required; no safe automatic target column was inferred.","Use IAS_ZTBL default if legacy value is null.","History","Requires tbl_entity migration and entity-code crosswalk.","Low","Auditor response/recommendation stream."
"T_AU_OBSERVATIONS_AUDITOR_RESPONSE","SUBMITTED","VARCHAR2","tbl_observation_response","REVIEW_REQUIRED","ExistingTableRequiredColumn","Manual mapping required; no safe automatic target column was inferred.","Use IAS_ZTBL default if legacy value is null.","History","Requires tbl_entity migration and entity-code crosswalk.","Low","Auditor response/recommendation stream."
"T_AU_OBSERVATION_ASSIGNEDTO","ID","NUMBER","tbl_observation_assignment","observation_assignment_id","ExistingTableExistingColumn","Direct copy after datatype coercion and audit-column normalization.","Use IAS_ZTBL default if legacy value is null.","CurrentState","Requires tbl_entity migration and entity-code crosswalk.","Medium","Observation assignee bridge."
"T_AU_OBSERVATION_ASSIGNEDTO","OBS_ID","NUMBER","tbl_observation_assignment","observation_assignment_id","ExistingTableExistingColumn","Direct copy after datatype coercion and audit-column normalization.","Use IAS_ZTBL default if legacy value is null.","CurrentState","Requires tbl_entity migration and entity-code crosswalk.","Medium","Observation assignee bridge."
"T_AU_OBSERVATION_ASSIGNEDTO","OBS_TEXT_ID","NUMBER","tbl_observation_assignment","detail_text","ExistingTableRequiredColumn","Load long text into normalized CLOB detail field.","Use IAS_ZTBL default if legacy value is null.","CurrentState","Requires tbl_entity migration and entity-code crosswalk.","Low","Observation assignee bridge."
"T_AU_OBSERVATION_ASSIGNEDTO","ENTITY_ID","NUMBER","tbl_observation_assignment","entity_id","ExistingTableRequiredColumn","Direct copy after datatype coercion and audit-column normalization.","Use IAS_ZTBL default if legacy value is null.","CurrentState","Requires tbl_entity migration and entity-code crosswalk.","Medium","Observation assignee bridge."
"T_AU_OBSERVATION_ASSIGNEDTO","ASSIGNEDBY","NUMBER","tbl_observation_assignment","REVIEW_REQUIRED","ExistingTableRequiredColumn","Manual mapping required; no safe automatic target column was inferred.","Use IAS_ZTBL default if legacy value is null.","CurrentState","Requires tbl_entity migration and entity-code crosswalk.","Low","Observation assignee bridge."
"T_AU_OBSERVATION_ASSIGNEDTO","ASSIGNED_DATE","DATE","tbl_observation_assignment","REVIEW_REQUIRED","ExistingTableRequiredColumn","Manual mapping required; no safe automatic target column was inferred.","Use IAS_ZTBL default if legacy value is null.","CurrentState","Requires tbl_entity migration and entity-code crosswalk.","Low","Observation assignee bridge."
"T_AU_OBSERVATION_ASSIGNEDTO","LASTUPDATEDBY","NUMBER","tbl_observation_assignment","modified_by","ExistingTableExistingColumn","Resolve legacy PP/user identifier to tbl_user.user_id.","Use IAS_ZTBL default if legacy value is null.","CurrentState","Requires tbl_user migration and PPNO-to-user_id crosswalk.","Medium","Observation assignee bridge."
"T_AU_OBSERVATION_ASSIGNEDTO","LASTUPDATEDDATE","DATE","tbl_observation_assignment","modified_on","ExistingTableExistingColumn","Direct copy after datatype coercion and audit-column normalization.","Use IAS_ZTBL default if legacy value is null.","CurrentState","Requires tbl_entity migration and entity-code crosswalk.","Medium","Observation assignee bridge."
"T_AU_OBSERVATION_ASSIGNEDTO","IS_ACTIVE","VARCHAR2","tbl_observation_assignment","REVIEW_REQUIRED","ExistingTableRequiredColumn","Manual mapping required; no safe automatic target column was inferred.","Use IAS_ZTBL default if legacy value is null.","CurrentState","Requires tbl_entity migration and entity-code crosswalk.","Low","Observation assignee bridge."
"T_AU_OBSERVATION_ASSIGNEDTO","REPLIED","VARCHAR2","tbl_observation_assignment","REVIEW_REQUIRED","ExistingTableRequiredColumn","Manual mapping required; no safe automatic target column was inferred.","Use IAS_ZTBL default if legacy value is null.","CurrentState","Requires tbl_entity migration and entity-code crosswalk.","Low","Observation assignee bridge."
"T_AU_OBSERVATION_ASSIGNEDTO","ENG_ID","NUMBER","tbl_observation_assignment","observation_assignment_id","ExistingTableExistingColumn","Direct copy after datatype coercion and audit-column normalization.","Use IAS_ZTBL default if legacy value is null.","CurrentState","Requires tbl_entity migration and entity-code crosswalk.","Medium","Observation assignee bridge."
"T_AU_OBSERVATION_FINAL_RECCOMENDATION","ID","NUMBER","tbl_observation_recommendation","observation_recommendation_id","ExistingTableExistingColumn","Direct copy after datatype coercion and audit-column normalization.","Use IAS_ZTBL default if legacy value is null.","History","Requires tbl_entity migration and entity-code crosswalk.","Medium","Final recommendation."
"T_AU_OBSERVATION_FINAL_RECCOMENDATION","OBS_ID","NUMBER","tbl_observation_recommendation","observation_recommendation_id","ExistingTableExistingColumn","Direct copy after datatype coercion and audit-column normalization.","Use IAS_ZTBL default if legacy value is null.","History","Requires tbl_entity migration and entity-code crosswalk.","Medium","Final recommendation."
"T_AU_OBSERVATION_FINAL_RECCOMENDATION","RECOMMENDATION","VARCHAR2","tbl_observation_recommendation","REVIEW_REQUIRED","ExistingTableRequiredColumn","Manual mapping required; no safe automatic target column was inferred.","Use IAS_ZTBL default if legacy value is null.","History","Requires tbl_entity migration and entity-code crosswalk.","Low","Final recommendation."
"T_AU_OBSERVATION_FINAL_RECCOMENDATION","ENTERED_BY","NUMBER","tbl_observation_recommendation","created_by","ExistingTableExistingColumn","Resolve legacy PP/user identifier to tbl_user.user_id.","Use IAS_ZTBL default if legacy value is null.","History","Requires tbl_user migration and PPNO-to-user_id crosswalk.","Medium","Final recommendation."
"T_AU_OBSERVATION_FINAL_RECCOMENDATION","ENTERED_ON","DATE","tbl_observation_recommendation","created_on","ExistingTableExistingColumn","Direct copy after datatype coercion and audit-column normalization.","Use IAS_ZTBL default if legacy value is null.","History","Requires tbl_entity migration and entity-code crosswalk.","Medium","Final recommendation."
"T_AU_OBSERVATION_GIST","ID","NUMBER","tbl_observation_detail","observation_detail_id","ExistingTableExistingColumn","Direct copy after datatype coercion and audit-column normalization.","Use IAS_ZTBL default if legacy value is null.","History","Requires tbl_entity migration and entity-code crosswalk.","Medium","Observation text/detail history."
"T_AU_OBSERVATION_GIST","OBS_ID","NUMBER","tbl_observation_detail","observation_detail_id","ExistingTableExistingColumn","Direct copy after datatype coercion and audit-column normalization.","Use IAS_ZTBL default if legacy value is null.","History","Requires tbl_entity migration and entity-code crosswalk.","Medium","Observation text/detail history."
"T_AU_OBSERVATION_GIST","GIST","VARCHAR2","tbl_observation_detail","REVIEW_REQUIRED","ExistingTableRequiredColumn","Manual mapping required; no safe automatic target column was inferred.","Use IAS_ZTBL default if legacy value is null.","History","Requires tbl_entity migration and entity-code crosswalk.","Low","Observation text/detail history."
"T_AU_OBSERVATION_GIST","ENTERED_BY","NUMBER","tbl_observation_detail","created_by","ExistingTableExistingColumn","Resolve legacy PP/user identifier to tbl_user.user_id.","Use IAS_ZTBL default if legacy value is null.","History","Requires tbl_user migration and PPNO-to-user_id crosswalk.","Medium","Observation text/detail history."
"T_AU_OBSERVATION_GIST","ENTERED_ON","DATE","tbl_observation_detail","created_on","ExistingTableExistingColumn","Direct copy after datatype coercion and audit-column normalization.","Use IAS_ZTBL default if legacy value is null.","History","Requires tbl_entity migration and entity-code crosswalk.","Medium","Observation text/detail history."
"T_AU_OBSERVATION_MAN","ID","NUMBER","tbl_observation_detail","observation_detail_id","ExistingTableExistingColumn","Direct copy after datatype coercion and audit-column normalization.","Use IAS_ZTBL default if legacy value is null.","History","Requires tbl_entity migration and entity-code crosswalk.","Medium","Observation text/detail history."
"T_AU_OBSERVATION_MAN","ENTITY_ID","NUMBER","tbl_observation_detail","entity_id","ExistingTableRequiredColumn","Direct copy after datatype coercion and audit-column normalization.","Use IAS_ZTBL default if legacy value is null.","History","Requires tbl_entity migration and entity-code crosswalk.","Medium","Observation text/detail history."
"T_AU_OBSERVATION_MAN","OLD_PARA_ID","NUMBER","tbl_observation_detail","observation_detail_id","ExistingTableExistingColumn","Direct copy after datatype coercion and audit-column normalization.","Use IAS_ZTBL default if legacy value is null.","History","Requires tbl_entity migration and entity-code crosswalk.","Medium","Observation text/detail history."
"T_AU_OBSERVATION_MAN","REF_P","VARCHAR2","tbl_observation_detail","REVIEW_REQUIRED","ExistingTableRequiredColumn","Manual mapping required; no safe automatic target column was inferred.","Use IAS_ZTBL default if legacy value is null.","History","Requires tbl_entity migration and entity-code crosswalk.","Low","Observation text/detail history."
"T_AU_OBSERVATION_MAN","NEW_PARAID","NUMBER","tbl_observation_detail","REVIEW_REQUIRED","ExistingTableRequiredColumn","Manual mapping required; no safe automatic target column was inferred.","Use IAS_ZTBL default if legacy value is null.","History","Requires tbl_entity migration and entity-code crosswalk.","Low","Observation text/detail history."
"T_AU_OBSERVATION_MAN","PARA_STATUS","NUMBER","tbl_observation_detail","REVIEW_REQUIRED","ExistingTableRequiredColumn","Manual mapping required; no safe automatic target column was inferred.","Use IAS_ZTBL default if legacy value is null.","History","Requires tbl_entity migration and entity-code crosswalk.","Low","Observation text/detail history."
"T_AU_OBSERVATION_MAN","ENG_ID","NUMBER","tbl_observation_detail","observation_detail_id","ExistingTableExistingColumn","Direct copy after datatype coercion and audit-column normalization.","Use IAS_ZTBL default if legacy value is null.","History","Requires tbl_entity migration and entity-code crosswalk.","Medium","Observation text/detail history."
"T_AU_OBSERVATION_OLD_CAD_PARAS","PARA_ID","NUMBER","tbl_para_case","para_case_id","RequiredTable","Direct copy after datatype coercion and audit-column normalization.","Use IAS_ZTBL default if legacy value is null.","CurrentState","Requires parent table load order and surrogate key crosswalk.","Medium","CAD old-para current-state case requires DDL extension."
"T_AU_OBSERVATION_OLD_CAD_PARAS","PERIOD","DATE","tbl_para_case","REVIEW_REQUIRED","RequiredTable","Manual mapping required; no safe automatic target column was inferred.","Use IAS_ZTBL default if legacy value is null.","CurrentState","Requires parent table load order and surrogate key crosswalk.","Low","CAD old-para current-state case requires DDL extension."
"T_AU_OBSERVATION_OLD_CAD_PARAS","ENTITY_NAME","VARCHAR2","tbl_para_case","name","RequiredTable","Direct copy after datatype coercion and audit-column normalization.","Use IAS_ZTBL default if legacy value is null.","CurrentState","Requires parent table load order and surrogate key crosswalk.","Low","CAD old-para current-state case requires DDL extension."
"T_AU_OBSERVATION_OLD_CAD_PARAS","PARA_NO","VARCHAR2","tbl_para_case","REVIEW_REQUIRED","RequiredTable","Manual mapping required; no safe automatic target column was inferred.","Use IAS_ZTBL default if legacy value is null.","CurrentState","Requires parent table load order and surrogate key crosswalk.","Low","CAD old-para current-state case requires DDL extension."
"T_AU_OBSERVATION_OLD_CAD_PARAS","GIST_OF_PARAS","VARCHAR2","tbl_para_case","REVIEW_REQUIRED","RequiredTable","Manual mapping required; no safe automatic target column was inferred.","Use IAS_ZTBL default if legacy value is null.","CurrentState","Requires parent table load order and surrogate key crosswalk.","Low","CAD old-para current-state case requires DDL extension."
"T_AU_OBSERVATION_OLD_CAD_PARAS","ENTITY_ID","NUMBER","tbl_para_case","entity_id","RequiredTable","Direct copy after datatype coercion and audit-column normalization.","Use IAS_ZTBL default if legacy value is null.","CurrentState","Requires tbl_entity migration and entity-code crosswalk.","Medium","CAD old-para current-state case requires DDL extension."
"T_AU_OBSERVATION_OLD_CAD_PARAS","AUDITED_BY","NUMBER","tbl_para_case","REVIEW_REQUIRED","RequiredTable","Manual mapping required; no safe automatic target column was inferred.","Use IAS_ZTBL default if legacy value is null.","CurrentState","Requires parent table load order and surrogate key crosswalk.","Low","CAD old-para current-state case requires DDL extension."
"T_AU_OBSERVATION_OLD_CAD_PARAS","PARA_TEXT","CLOB","tbl_para_case","detail_text","RequiredTable","Load long text into normalized CLOB detail field.","Use IAS_ZTBL default if legacy value is null.","CurrentState","Requires parent table load order and surrogate key crosswalk.","Low","CAD old-para current-state case requires DDL extension."
"T_AU_OBSERVATION_OLD_CAD_PARAS","PARA_STATUS","NUMBER","tbl_para_case","REVIEW_REQUIRED","RequiredTable","Manual mapping required; no safe automatic target column was inferred.","Use IAS_ZTBL default if legacy value is null.","CurrentState","Requires parent table load order and surrogate key crosswalk.","Low","CAD old-para current-state case requires DDL extension."
"T_AU_OBSERVATION_OLD_CAD_PARAS","V_CAT_ID","NUMBER","tbl_para_case","para_case_id","RequiredTable","Direct copy after datatype coercion and audit-column normalization.","Use IAS_ZTBL default if legacy value is null.","CurrentState","Requires parent table load order and surrogate key crosswalk.","Medium","CAD old-para current-state case requires DDL extension."
"T_AU_OBSERVATION_OLD_CAD_PARAS","V_CAT_NATURE_ID","NUMBER","tbl_para_case","para_case_id","RequiredTable","Direct copy after datatype coercion and audit-column normalization.","Use IAS_ZTBL default if legacy value is null.","CurrentState","Requires parent table load order and surrogate key crosswalk.","Medium","CAD old-para current-state case requires DDL extension."
"T_AU_OBSERVATION_OLD_CAD_PARAS","RISK_ID","NUMBER","tbl_para_case","risk_rating_id","RequiredTable","Direct copy after datatype coercion and audit-column normalization.","Use IAS_ZTBL default if legacy value is null.","CurrentState","Requires parent table load order and surrogate key crosswalk.","Medium","CAD old-para current-state case requires DDL extension."
"T_AU_OBSERVATION_OLD_CAD_PARAS","ENTERED_BY","NUMBER","tbl_para_case","created_by","RequiredTable","Resolve legacy PP/user identifier to tbl_user.user_id.","Use IAS_ZTBL default if legacy value is null.","CurrentState","Requires tbl_user migration and PPNO-to-user_id crosswalk.","Medium","CAD old-para current-state case requires DDL extension."
"T_AU_OBSERVATION_OLD_CAD_PARAS","ENTERED_ON","DATE","tbl_para_case","created_on","RequiredTable","Direct copy after datatype coercion and audit-column normalization.","Use IAS_ZTBL default if legacy value is null.","CurrentState","Requires parent table load order and surrogate key crosswalk.","Medium","CAD old-para current-state case requires DDL extension."
"T_AU_OBSERVATION_OLD_CAD_PARAS","STATUS","NUMBER","tbl_para_case","REVIEW_REQUIRED","RequiredTable","Manual mapping required; no safe automatic target column was inferred.","Use IAS_ZTBL default if legacy value is null.","CurrentState","Requires parent table load order and surrogate key crosswalk.","Low","CAD old-para current-state case requires DDL extension."
"T_AU_OBSERVATION_OLD_CAD_PARAS","SETTELED_BY","NUMBER","tbl_para_case","REVIEW_REQUIRED","RequiredTable","Manual mapping required; no safe automatic target column was inferred.","Use IAS_ZTBL default if legacy value is null.","CurrentState","Requires parent table load order and surrogate key crosswalk.","Low","CAD old-para current-state case requires DDL extension."
"T_AU_OBSERVATION_OLD_CAD_PARAS","SETTELED_ON","DATE","tbl_para_case","REVIEW_REQUIRED","RequiredTable","Manual mapping required; no safe automatic target column was inferred.","Use IAS_ZTBL default if legacy value is null.","CurrentState","Requires parent table load order and surrogate key crosswalk.","Low","CAD old-para current-state case requires DDL extension."
"T_AU_OBSERVATION_OLD_CAD_PARAS","UPDATED_ON","DATE","tbl_para_case","modified_on","RequiredTable","Direct copy after datatype coercion and audit-column normalization.","Use IAS_ZTBL default if legacy value is null.","CurrentState","Requires parent table load order and surrogate key crosswalk.","Medium","CAD old-para current-state case requires DDL extension."
"T_AU_OBSERVATION_OLD_CAD_PARAS","UPDATED_BY","NUMBER","tbl_para_case","modified_by","RequiredTable","Resolve legacy PP/user identifier to tbl_user.user_id.","Use IAS_ZTBL default if legacy value is null.","CurrentState","Requires tbl_user migration and PPNO-to-user_id crosswalk.","Medium","CAD old-para current-state case requires DDL extension."
"T_AU_OBSERVATION_OLD_CAD_PARAS_RESPONSE","ID","NUMBER","tbl_observation_assignment","observation_assignment_id","ExistingTableExistingColumn","Direct copy after datatype coercion and audit-column normalization.","Use IAS_ZTBL default if legacy value is null.","History","Requires tbl_entity migration and entity-code crosswalk.","Medium","Responsibility lifecycle data."
"T_AU_OBSERVATION_OLD_CAD_PARAS_RESPONSE","REPLYNO","NUMBER","tbl_observation_assignment","REVIEW_REQUIRED","ExistingTableRequiredColumn","Manual mapping required; no safe automatic target column was inferred.","Use IAS_ZTBL default if legacy value is null.","History","Requires tbl_entity migration and entity-code crosswalk.","Low","Responsibility lifecycle data."
"T_AU_OBSERVATION_OLD_CAD_PARAS_RESPONSE","AU_OBS_ID","NUMBER","tbl_observation_assignment","observation_assignment_id","ExistingTableExistingColumn","Direct copy after datatype coercion and audit-column normalization.","Use IAS_ZTBL default if legacy value is null.","History","Requires tbl_entity migration and entity-code crosswalk.","Medium","Responsibility lifecycle data."
"T_AU_OBSERVATION_OLD_CAD_PARAS_RESPONSE","REPLY","CLOB","tbl_observation_assignment","REVIEW_REQUIRED","ExistingTableRequiredColumn","Manual mapping required; no safe automatic target column was inferred.","Use IAS_ZTBL default if legacy value is null.","History","Requires tbl_entity migration and entity-code crosswalk.","Low","Responsibility lifecycle data."
"T_AU_OBSERVATION_OLD_CAD_PARAS_RESPONSE","REPLIEDBY","NUMBER","tbl_observation_assignment","REVIEW_REQUIRED","ExistingTableRequiredColumn","Manual mapping required; no safe automatic target column was inferred.","Use IAS_ZTBL default if legacy value is null.","History","Requires tbl_entity migration and entity-code crosswalk.","Low","Responsibility lifecycle data."
"T_AU_OBSERVATION_OLD_CAD_PARAS_RESPONSE","REPLIEDDATE","DATE","tbl_observation_assignment","REVIEW_REQUIRED","ExistingTableRequiredColumn","Manual mapping required; no safe automatic target column was inferred.","Use IAS_ZTBL default if legacy value is null.","History","Requires tbl_entity migration and entity-code crosswalk.","Low","Responsibility lifecycle data."
"T_AU_OBSERVATION_OLD_CAD_PARAS_RESPONSE","LASTUPDATEDBY","NUMBER","tbl_observation_assignment","modified_by","ExistingTableExistingColumn","Resolve legacy PP/user identifier to tbl_user.user_id.","Use IAS_ZTBL default if legacy value is null.","History","Requires tbl_user migration and PPNO-to-user_id crosswalk.","Medium","Responsibility lifecycle data."
"T_AU_OBSERVATION_OLD_CAD_PARAS_RESPONSE","LASTUPDATEDDATE","DATE","tbl_observation_assignment","modified_on","ExistingTableExistingColumn","Direct copy after datatype coercion and audit-column normalization.","Use IAS_ZTBL default if legacy value is null.","History","Requires tbl_entity migration and entity-code crosswalk.","Medium","Responsibility lifecycle data."
"T_AU_OBSERVATION_OLD_CAD_PARAS_RESPONSE","C_I_REMARKS","CLOB","tbl_observation_assignment","REVIEW_REQUIRED","ExistingTableRequiredColumn","Manual mapping required; no safe automatic target column was inferred.","Use IAS_ZTBL default if legacy value is null.","History","Requires tbl_entity migration and entity-code crosswalk.","Low","Responsibility lifecycle data."
"T_AU_OBSERVATION_OLD_CAD_PARAS_RESPONSE","IMP_RECOMMENDATION","VARCHAR2","tbl_observation_assignment","REVIEW_REQUIRED","ExistingTableRequiredColumn","Manual mapping required; no safe automatic target column was inferred.","Use IAS_ZTBL default if legacy value is null.","History","Requires tbl_entity migration and entity-code crosswalk.","Low","Responsibility lifecycle data."
"T_AU_OBSERVATION_OLD_CAD_PARAS_RESPONSE","HEADAUDITCOMMENTS","VARCHAR2","tbl_observation_assignment","REVIEW_REQUIRED","ExistingTableRequiredColumn","Manual mapping required; no safe automatic target column was inferred.","Use IAS_ZTBL default if legacy value is null.","History","Requires tbl_entity migration and entity-code crosswalk.","Low","Responsibility lifecycle data."
"T_AU_OBSERVATION_OLD_CAD_PARAS_RESPONSE","HEADAUDITDECISION","VARCHAR2","tbl_observation_assignment","REVIEW_REQUIRED","ExistingTableRequiredColumn","Manual mapping required; no safe automatic target column was inferred.","Use IAS_ZTBL default if legacy value is null.","History","Requires tbl_entity migration and entity-code crosswalk.","Low","Responsibility lifecycle data."
"T_AU_OBSERVATION_OLD_CAD_PARAS_RESPONSE","SUBMITTED","VARCHAR2","tbl_observation_assignment","REVIEW_REQUIRED","ExistingTableRequiredColumn","Manual mapping required; no safe automatic target column was inferred.","Use IAS_ZTBL default if legacy value is null.","History","Requires tbl_entity migration and entity-code crosswalk.","Low","Responsibility lifecycle data."
"T_AU_OBSERVATION_OLD_CAD_PARAS_RESPONSE","STATUS","NUMBER","tbl_observation_assignment","REVIEW_REQUIRED","ExistingTableRequiredColumn","Manual mapping required; no safe automatic target column was inferred.","Use IAS_ZTBL default if legacy value is null.","History","Requires tbl_entity migration and entity-code crosswalk.","Low","Responsibility lifecycle data."
"T_AU_OBSERVATION_OLD_CAD_PARAS_SETTLE_LOG","ID","NUMBER","tbl_para_settlement_history","para_settlement_history_id","RequiredTable","Direct copy after datatype coercion and audit-column normalization.","Use IAS_ZTBL default if legacy value is null.","History","Requires parent table load order and surrogate key crosswalk.","Medium","CAD old-para settlement log requires DDL extension."
"T_AU_OBSERVATION_OLD_CAD_PARAS_SETTLE_LOG","PARA_ID","NUMBER","tbl_para_settlement_history","para_settlement_history_id","RequiredTable","Direct copy after datatype coercion and audit-column normalization.","Use IAS_ZTBL default if legacy value is null.","History","Requires parent table load order and surrogate key crosswalk.","Medium","CAD old-para settlement log requires DDL extension."
"T_AU_OBSERVATION_OLD_CAD_PARAS_SETTLE_LOG","PP_NUM","NUMBER","tbl_para_settlement_history","REVIEW_REQUIRED","RequiredTable","Manual mapping required; no safe automatic target column was inferred.","Use IAS_ZTBL default if legacy value is null.","History","Requires parent table load order and surrogate key crosswalk.","Low","CAD old-para settlement log requires DDL extension."
"T_AU_OBSERVATION_OLD_CAD_PARAS_SETTLE_LOG","STATUS_CHANGE_DATE","TIMESTAMP(6)","tbl_para_settlement_history","REVIEW_REQUIRED","RequiredTable","Manual mapping required; no safe automatic target column was inferred.","Use IAS_ZTBL default if legacy value is null.","History","Requires parent table load order and surrogate key crosswalk.","Low","CAD old-para settlement log requires DDL extension."
"T_AU_OBSERVATION_OLD_CAD_PARAS_SETTLE_LOG","REMARKS","VARCHAR2","tbl_para_settlement_history","REVIEW_REQUIRED","RequiredTable","Manual mapping required; no safe automatic target column was inferred.","Use IAS_ZTBL default if legacy value is null.","History","Requires parent table load order and surrogate key crosswalk.","Low","CAD old-para settlement log requires DDL extension."
"T_AU_OBSERVATION_OLD_CAD_PARAS_TEXT","ID","NUMBER","tbl_para_case_text","para_case_text_id","RequiredTable","Direct copy after datatype coercion and audit-column normalization.","Use IAS_ZTBL default if legacy value is null.","History","Requires parent table load order and surrogate key crosswalk.","Medium","CAD old-para text history requires DDL extension."
"T_AU_OBSERVATION_OLD_CAD_PARAS_TEXT","OBSERVATSION_ID","NUMBER","tbl_para_case_text","para_case_text_id","RequiredTable","Direct copy after datatype coercion and audit-column normalization.","Use IAS_ZTBL default if legacy value is null.","History","Requires parent table load order and surrogate key crosswalk.","Medium","CAD old-para text history requires DDL extension."
"T_AU_OBSERVATION_OLD_CAD_PARAS_TEXT","REMARKS","VARCHAR2","tbl_para_case_text","REVIEW_REQUIRED","RequiredTable","Manual mapping required; no safe automatic target column was inferred.","Use IAS_ZTBL default if legacy value is null.","History","Requires parent table load order and surrogate key crosswalk.","Low","CAD old-para text history requires DDL extension."
"T_AU_OBSERVATION_OLD_CAD_PARAS_TEXT","ENTEREDBY","NUMBER","tbl_para_case_text","created_by","RequiredTable","Resolve legacy PP/user identifier to tbl_user.user_id.","Use IAS_ZTBL default if legacy value is null.","History","Requires tbl_user migration and PPNO-to-user_id crosswalk.","Medium","CAD old-para text history requires DDL extension."
"T_AU_OBSERVATION_OLD_CAD_PARAS_TEXT","ENTEREDDATE","DATE","tbl_para_case_text","created_on","RequiredTable","Direct copy after datatype coercion and audit-column normalization.","Use IAS_ZTBL default if legacy value is null.","History","Requires parent table load order and surrogate key crosswalk.","Medium","CAD old-para text history requires DDL extension."
"T_AU_OBSERVATION_OLD_CAD_PARAS_TEXT","LASTUPDATEDBY","NUMBER","tbl_para_case_text","modified_by","RequiredTable","Resolve legacy PP/user identifier to tbl_user.user_id.","Use IAS_ZTBL default if legacy value is null.","History","Requires tbl_user migration and PPNO-to-user_id crosswalk.","Medium","CAD old-para text history requires DDL extension."
"T_AU_OBSERVATION_OLD_CAD_PARAS_TEXT","LASTUPDATEDDATE","DATE","tbl_para_case_text","modified_on","RequiredTable","Direct copy after datatype coercion and audit-column normalization.","Use IAS_ZTBL default if legacy value is null.","History","Requires parent table load order and surrogate key crosswalk.","Medium","CAD old-para text history requires DDL extension."
"T_AU_OBSERVATION_OLD_CAD_PARAS_TEXT","HEADING","VARCHAR2","tbl_para_case_text","heading_text","RequiredTable","Load descriptive heading into normalized heading/title field.","Use IAS_ZTBL default if legacy value is null.","History","Requires parent table load order and surrogate key crosswalk.","Low","CAD old-para text history requires DDL extension."
"T_AU_OBSERVATION_OLD_CAD_PARAS_TEXT","TEXT","CLOB","tbl_para_case_text","detail_text","RequiredTable","Load long text into normalized CLOB detail field.","Use IAS_ZTBL default if legacy value is null.","History","Requires parent table load order and surrogate key crosswalk.","Low","CAD old-para text history requires DDL extension."
"T_AU_OBSERVATION_OLD_PARAS_RESPONIBILITY_ASSIGNED","ID","NUMBER","tbl_observation_assignment","observation_assignment_id","ExistingTableExistingColumn","Direct copy after datatype coercion and audit-column normalization.","Use IAS_ZTBL default if legacy value is null.","History","Requires tbl_entity migration and entity-code crosswalk.","Medium","Responsibility lifecycle data."
"T_AU_OBSERVATION_OLD_PARAS_RESPONIBILITY_ASSIGNED","REF_P","VARCHAR2","tbl_observation_assignment","REVIEW_REQUIRED","ExistingTableRequiredColumn","Manual mapping required; no safe automatic target column was inferred.","Use IAS_ZTBL default if legacy value is null.","History","Requires tbl_entity migration and entity-code crosswalk.","Low","Responsibility lifecycle data."
"T_AU_OBSERVATION_OLD_PARAS_RESPONIBILITY_ASSIGNED","PP_NO","NUMBER","tbl_observation_assignment","REVIEW_REQUIRED","ExistingTableRequiredColumn","Manual mapping required; no safe automatic target column was inferred.","Use IAS_ZTBL default if legacy value is null.","History","Requires tbl_entity migration and entity-code crosswalk.","Low","Responsibility lifecycle data."
"T_AU_OBSERVATION_OLD_PARAS_RESPONIBILITY_ASSIGNED","STATUS","VARCHAR2","tbl_observation_assignment","REVIEW_REQUIRED","ExistingTableRequiredColumn","Manual mapping required; no safe automatic target column was inferred.","Use IAS_ZTBL default if legacy value is null.","History","Requires tbl_entity migration and entity-code crosswalk.","Low","Responsibility lifecycle data."
"T_AU_OBSERVATION_OLD_PARAS_RESPONIBILITY_ASSIGNED","DEL_STATUS","VARCHAR2","tbl_observation_assignment","REVIEW_REQUIRED","ExistingTableRequiredColumn","Manual mapping required; no safe automatic target column was inferred.","Use IAS_ZTBL default if legacy value is null.","History","Requires tbl_entity migration and entity-code crosswalk.","Low","Responsibility lifecycle data."
"T_AU_OBSERVATION_RESPONIBILITY_ASSIGNED","ID","NUMBER","tbl_observation_assignment","observation_assignment_id","ExistingTableExistingColumn","Direct copy after datatype coercion and audit-column normalization.","Use IAS_ZTBL default if legacy value is null.","History","Requires tbl_entity migration and entity-code crosswalk.","Medium","Responsibility lifecycle data."
"T_AU_OBSERVATION_RESPONIBILITY_ASSIGNED","OBS_ID","NUMBER","tbl_observation_assignment","observation_assignment_id","ExistingTableExistingColumn","Direct copy after datatype coercion and audit-column normalization.","Use IAS_ZTBL default if legacy value is null.","History","Requires tbl_entity migration and entity-code crosswalk.","Medium","Responsibility lifecycle data."
"T_AU_OBSERVATION_RESPONIBILITY_ASSIGNED","ASSIGNEDBY","NUMBER","tbl_observation_assignment","REVIEW_REQUIRED","ExistingTableRequiredColumn","Manual mapping required; no safe automatic target column was inferred.","Use IAS_ZTBL default if legacy value is null.","History","Requires tbl_entity migration and entity-code crosswalk.","Low","Responsibility lifecycle data."
"T_AU_OBSERVATION_RESPONIBILITY_ASSIGNED","PP_NO","NUMBER","tbl_observation_assignment","REVIEW_REQUIRED","ExistingTableRequiredColumn","Manual mapping required; no safe automatic target column was inferred.","Use IAS_ZTBL default if legacy value is null.","History","Requires tbl_entity migration and entity-code crosswalk.","Low","Responsibility lifecycle data."
"T_AU_OBSERVATION_RESPONIBILITY_ASSIGNED","LASTUPDATEDBY","NUMBER","tbl_observation_assignment","modified_by","ExistingTableExistingColumn","Resolve legacy PP/user identifier to tbl_user.user_id.","Use IAS_ZTBL default if legacy value is null.","History","Requires tbl_user migration and PPNO-to-user_id crosswalk.","Medium","Responsibility lifecycle data."
"T_AU_OBSERVATION_RESPONIBILITY_ASSIGNED","LASTUPDATEDDATE","DATE","tbl_observation_assignment","modified_on","ExistingTableExistingColumn","Direct copy after datatype coercion and audit-column normalization.","Use IAS_ZTBL default if legacy value is null.","History","Requires tbl_entity migration and entity-code crosswalk.","Medium","Responsibility lifecycle data."
"T_AU_OBSERVATION_RESPONIBILITY_ASSIGNED","IS_ACTIVE","VARCHAR2","tbl_observation_assignment","REVIEW_REQUIRED","ExistingTableRequiredColumn","Manual mapping required; no safe automatic target column was inferred.","Use IAS_ZTBL default if legacy value is null.","History","Requires tbl_entity migration and entity-code crosswalk.","Low","Responsibility lifecycle data."
"T_AU_OBSERVATION_RESPONIBILITY_ASSIGNED","REMARKS","VARCHAR2","tbl_observation_assignment","REVIEW_REQUIRED","ExistingTableRequiredColumn","Manual mapping required; no safe automatic target column was inferred.","Use IAS_ZTBL default if legacy value is null.","History","Requires tbl_entity migration and entity-code crosswalk.","Low","Responsibility lifecycle data."
"T_AU_OBSERVATION_RESPONIBILITY_ASSIGNED","LOAN_CASE","NUMBER","tbl_observation_assignment","REVIEW_REQUIRED","ExistingTableRequiredColumn","Manual mapping required; no safe automatic target column was inferred.","Use IAS_ZTBL default if legacy value is null.","History","Requires tbl_entity migration and entity-code crosswalk.","Low","Responsibility lifecycle data."
"T_AU_OBSERVATION_RESPONIBILITY_ASSIGNED","ACCOUNT_NUMBER","NUMBER","tbl_observation_assignment","REVIEW_REQUIRED","ExistingTableRequiredColumn","Manual mapping required; no safe automatic target column was inferred.","Use IAS_ZTBL default if legacy value is null.","History","Requires tbl_entity migration and entity-code crosswalk.","Low","Responsibility lifecycle data."
"T_AU_OBSERVATION_RESPONIBILITY_ASSIGNED","LC_AMOUNT","NUMBER","tbl_observation_assignment","REVIEW_REQUIRED","ExistingTableRequiredColumn","Manual mapping required; no safe automatic target column was inferred.","Use IAS_ZTBL default if legacy value is null.","History","Requires tbl_entity migration and entity-code crosswalk.","Low","Responsibility lifecycle data."
"T_AU_OBSERVATION_RESPONIBILITY_ASSIGNED","AC_AMOUNT","NUMBER","tbl_observation_assignment","REVIEW_REQUIRED","ExistingTableRequiredColumn","Manual mapping required; no safe automatic target column was inferred.","Use IAS_ZTBL default if legacy value is null.","History","Requires tbl_entity migration and entity-code crosswalk.","Low","Responsibility lifecycle data."
"T_AU_OBSERVATION_RESPONIBILITY_ASSIGNED","COM_ID","NUMBER","tbl_observation_assignment","observation_assignment_id","ExistingTableExistingColumn","Direct copy after datatype coercion and audit-column normalization.","Use IAS_ZTBL default if legacy value is null.","History","Requires tbl_entity migration and entity-code crosswalk.","Medium","Responsibility lifecycle data."
"T_AU_OBSERVATION_RESPONIBILITY_ASSIGNED","ENG_ID","NUMBER","tbl_observation_assignment","observation_assignment_id","ExistingTableExistingColumn","Direct copy after datatype coercion and audit-column normalization.","Use IAS_ZTBL default if legacy value is null.","History","Requires tbl_entity migration and entity-code crosswalk.","Medium","Responsibility lifecycle data."
"T_AU_OBSERVATION_RESPONSIBILITY_UPDATED","PARA_ID","NUMBER","tbl_observation_assignment","observation_assignment_id","ExistingTableExistingColumn","Direct copy after datatype coercion and audit-column normalization.","Use IAS_ZTBL default if legacy value is null.","History","Requires tbl_entity migration and entity-code crosswalk.","Medium","Responsibility lifecycle data."
"T_AU_OBSERVATION_RESPONSIBILITY_UPDATED","IND","CHAR","tbl_observation_assignment","REVIEW_REQUIRED","ExistingTableRequiredColumn","Manual mapping required; no safe automatic target column was inferred.","Use IAS_ZTBL default if legacy value is null.","History","Requires tbl_entity migration and entity-code crosswalk.","Low","Responsibility lifecycle data."
"T_AU_OBSERVATION_RESPONSIBILITY_UPDATED","OLD_PARA_ID","NUMBER","tbl_observation_assignment","observation_assignment_id","ExistingTableExistingColumn","Direct copy after datatype coercion and audit-column normalization.","Use IAS_ZTBL default if legacy value is null.","History","Requires tbl_entity migration and entity-code crosswalk.","Medium","Responsibility lifecycle data."
"T_AU_OBSERVATION_RESPONSIBILITY_UPDATED","NEW_PARA_ID","NUMBER","tbl_observation_assignment","observation_assignment_id","ExistingTableExistingColumn","Direct copy after datatype coercion and audit-column normalization.","Use IAS_ZTBL default if legacy value is null.","History","Requires tbl_entity migration and entity-code crosswalk.","Medium","Responsibility lifecycle data."
"T_AU_OBSERVATION_RESPONSIBILITY_UPDATED","PP_NO","NUMBER","tbl_observation_assignment","REVIEW_REQUIRED","ExistingTableRequiredColumn","Manual mapping required; no safe automatic target column was inferred.","Use IAS_ZTBL default if legacy value is null.","History","Requires tbl_entity migration and entity-code crosswalk.","Low","Responsibility lifecycle data."
"T_AU_OBSERVATION_RESPONSIBILITY_UPDATED","LOAN_CASE","NUMBER","tbl_observation_assignment","REVIEW_REQUIRED","ExistingTableRequiredColumn","Manual mapping required; no safe automatic target column was inferred.","Use IAS_ZTBL default if legacy value is null.","History","Requires tbl_entity migration and entity-code crosswalk.","Low","Responsibility lifecycle data."
"T_AU_OBSERVATION_RESPONSIBILITY_UPDATED","LOAN_AMOUNT","NUMBER","tbl_observation_assignment","REVIEW_REQUIRED","ExistingTableRequiredColumn","Manual mapping required; no safe automatic target column was inferred.","Use IAS_ZTBL default if legacy value is null.","History","Requires tbl_entity migration and entity-code crosswalk.","Low","Responsibility lifecycle data."
"T_AU_OBSERVATION_RESPONSIBILITY_UPDATED","ACCCOUNT_AMOUNT","NUMBER","tbl_observation_assignment","REVIEW_REQUIRED","ExistingTableRequiredColumn","Manual mapping required; no safe automatic target column was inferred.","Use IAS_ZTBL default if legacy value is null.","History","Requires tbl_entity migration and entity-code crosswalk.","Low","Responsibility lifecycle data."
"T_AU_OBSERVATION_RESPONSIBILITY_UPDATED","ACCOUNT_NO","NUMBER","tbl_observation_assignment","REVIEW_REQUIRED","ExistingTableRequiredColumn","Manual mapping required; no safe automatic target column was inferred.","Use IAS_ZTBL default if legacy value is null.","History","Requires tbl_entity migration and entity-code crosswalk.","Low","Responsibility lifecycle data."
"T_AU_OBSERVATION_RESPONSIBILITY_UPDATED","REASONS","VARCHAR2","tbl_observation_assignment","REVIEW_REQUIRED","ExistingTableRequiredColumn","Manual mapping required; no safe automatic target column was inferred.","Use IAS_ZTBL default if legacy value is null.","History","Requires tbl_entity migration and entity-code crosswalk.","Low","Responsibility lifecycle data."
"T_AU_OBSERVATION_RESPONSIBILITY_UPDATED","ACTION","VARCHAR2","tbl_observation_assignment","REVIEW_REQUIRED","ExistingTableRequiredColumn","Manual mapping required; no safe automatic target column was inferred.","Use IAS_ZTBL default if legacy value is null.","History","Requires tbl_entity migration and entity-code crosswalk.","Low","Responsibility lifecycle data."
"T_AU_OBSERVATION_RESPONSIBILITY_UPDATED","UPDATED_BY","NUMBER","tbl_observation_assignment","modified_by","ExistingTableExistingColumn","Resolve legacy PP/user identifier to tbl_user.user_id.","Use IAS_ZTBL default if legacy value is null.","History","Requires tbl_user migration and PPNO-to-user_id crosswalk.","Medium","Responsibility lifecycle data."
"T_AU_OBSERVATION_RESPONSIBILITY_UPDATED","UPDATED_ON","DATE","tbl_observation_assignment","modified_on","ExistingTableExistingColumn","Direct copy after datatype coercion and audit-column normalization.","Use IAS_ZTBL default if legacy value is null.","History","Requires tbl_entity migration and entity-code crosswalk.","Medium","Responsibility lifecycle data."
"T_AU_OBSERVATION_RESPONSIBILITY_UPDATED","AUTHORIZED_BY","NUMBER","tbl_observation_assignment","REVIEW_REQUIRED","ExistingTableRequiredColumn","Manual mapping required; no safe automatic target column was inferred.","Use IAS_ZTBL default if legacy value is null.","History","Requires tbl_entity migration and entity-code crosswalk.","Low","Responsibility lifecycle data."
"T_AU_OBSERVATION_RESPONSIBILITY_UPDATED","AUTHORIZED_ON","DATE","tbl_observation_assignment","REVIEW_REQUIRED","ExistingTableRequiredColumn","Manual mapping required; no safe automatic target column was inferred.","Use IAS_ZTBL default if legacy value is null.","History","Requires tbl_entity migration and entity-code crosswalk.","Low","Responsibility lifecycle data."
"T_AU_OBSERVATION_RESPONSIBILITY_UPDATED","COM_ID","NUMBER","tbl_observation_assignment","observation_assignment_id","ExistingTableExistingColumn","Direct copy after datatype coercion and audit-column normalization.","Use IAS_ZTBL default if legacy value is null.","History","Requires tbl_entity migration and entity-code crosswalk.","Medium","Responsibility lifecycle data."
"T_AU_OBSERVATION_RESPONSIBILITY_UPDATED","ENG_ID","NUMBER","tbl_observation_assignment","observation_assignment_id","ExistingTableExistingColumn","Direct copy after datatype coercion and audit-column normalization.","Use IAS_ZTBL default if legacy value is null.","History","Requires tbl_entity migration and entity-code crosswalk.","Medium","Responsibility lifecycle data."
"T_AU_OBSERVATION_RESPONSIBILITY_UPDATED","BRANCH_CODE","NUMBER","tbl_observation_assignment","REVIEW_REQUIRED","ExistingTableRequiredColumn","Manual mapping required; no safe automatic target column was inferred.","Use IAS_ZTBL default if legacy value is null.","History","Requires tbl_entity migration and entity-code crosswalk.","Low","Responsibility lifecycle data."
"T_AU_OBSERVATION_SHIFTING","ID","NUMBER","REVIEW_REQUIRED","REVIEW_REQUIRED","ReviewRequired","Manual mapping required; no safe automatic target column was inferred.","Use IAS_ZTBL default if legacy value is null.","Review","Requires parent table load order and surrogate key crosswalk.","Low","No confident automatic target mapping."
"T_AU_OBSERVATION_SHIFTING","OLD_ENTITY_ID","NUMBER","REVIEW_REQUIRED","REVIEW_REQUIRED","ReviewRequired","Manual mapping required; no safe automatic target column was inferred.","Use IAS_ZTBL default if legacy value is null.","Review","Requires parent table load order and surrogate key crosswalk.","Low","No confident automatic target mapping."
"T_AU_OBSERVATION_SHIFTING","NEW_ENTITY_ID","NUMBER","REVIEW_REQUIRED","REVIEW_REQUIRED","ReviewRequired","Manual mapping required; no safe automatic target column was inferred.","Use IAS_ZTBL default if legacy value is null.","Review","Requires parent table load order and surrogate key crosswalk.","Low","No confident automatic target mapping."
"T_AU_OBSERVATION_SHIFTING","OLD_PARA_ID","NUMBER","REVIEW_REQUIRED","REVIEW_REQUIRED","ReviewRequired","Manual mapping required; no safe automatic target column was inferred.","Use IAS_ZTBL default if legacy value is null.","Review","Requires parent table load order and surrogate key crosswalk.","Low","No confident automatic target mapping."
"T_AU_OBSERVATION_SHIFTING","NEW_PARA_ID","NUMBER","REVIEW_REQUIRED","REVIEW_REQUIRED","ReviewRequired","Manual mapping required; no safe automatic target column was inferred.","Use IAS_ZTBL default if legacy value is null.","Review","Requires parent table load order and surrogate key crosswalk.","Low","No confident automatic target mapping."
"T_AU_OBSERVATION_SHIFTING","SHIFTING_DATE","DATE","REVIEW_REQUIRED","REVIEW_REQUIRED","ReviewRequired","Manual mapping required; no safe automatic target column was inferred.","Use IAS_ZTBL default if legacy value is null.","Review","Requires parent table load order and surrogate key crosswalk.","Low","No confident automatic target mapping."
"T_AU_OBSERVATION_SHIFTING","PARA_STATUS","NUMBER","REVIEW_REQUIRED","REVIEW_REQUIRED","ReviewRequired","Manual mapping required; no safe automatic target column was inferred.","Use IAS_ZTBL default if legacy value is null.","Review","Requires parent table load order and surrogate key crosswalk.","Low","No confident automatic target mapping."
"T_AU_OBSERVATION_SHIFTING","ANNEX","NUMBER","REVIEW_REQUIRED","REVIEW_REQUIRED","ReviewRequired","Manual mapping required; no safe automatic target column was inferred.","Use IAS_ZTBL default if legacy value is null.","Review","Requires parent table load order and surrogate key crosswalk.","Low","No confident automatic target mapping."
"T_AU_OBSERVATION_STATUS","STATUSID","NUMBER","REVIEW_REQUIRED","REVIEW_REQUIRED","ReviewRequired","Manual mapping required; no safe automatic target column was inferred.","Use IAS_ZTBL default if legacy value is null.","Review","Requires parent table load order and surrogate key crosswalk.","Low","No confident automatic target mapping."
"T_AU_OBSERVATION_STATUS","STATUSNAME","VARCHAR2","REVIEW_REQUIRED","name","ReviewRequired","Direct copy after datatype coercion and audit-column normalization.","Use IAS_ZTBL default if legacy value is null.","Review","Requires parent table load order and surrogate key crosswalk.","Low","No confident automatic target mapping."
"T_AU_OBSERVATION_STATUS","ISACTIVE","VARCHAR2","REVIEW_REQUIRED","is_active","ReviewRequired","Normalize active flag to Y/N.","Use IAS_ZTBL default if legacy value is null.","Review","Requires parent table load order and surrogate key crosswalk.","Medium","No confident automatic target mapping."
"T_AU_OBSERVATION_STATUS","CODE","NUMBER","REVIEW_REQUIRED","REVIEW_REQUIRED","ReviewRequired","Manual mapping required; no safe automatic target column was inferred.","Use IAS_ZTBL default if legacy value is null.","Review","Requires parent table load order and surrogate key crosswalk.","Low","No confident automatic target mapping."
"T_AU_OBSERVATION_STATUS","SATISFIED","VARCHAR2","REVIEW_REQUIRED","REVIEW_REQUIRED","ReviewRequired","Manual mapping required; no safe automatic target column was inferred.","Use IAS_ZTBL default if legacy value is null.","Review","Requires parent table load order and surrogate key crosswalk.","Low","No confident automatic target mapping."
"T_AU_OBSERVATION_TEXT","ID","NUMBER","tbl_observation_detail","observation_detail_id","ExistingTableExistingColumn","Direct copy after datatype coercion and audit-column normalization.","Use IAS_ZTBL default if legacy value is null.","History","Requires tbl_entity migration and entity-code crosswalk.","Medium","Observation text/detail history."
"T_AU_OBSERVATION_TEXT","OBSERVATSION_ID","NUMBER","tbl_observation_detail","observation_detail_id","ExistingTableExistingColumn","Direct copy after datatype coercion and audit-column normalization.","Use IAS_ZTBL default if legacy value is null.","History","Requires tbl_entity migration and entity-code crosswalk.","Medium","Observation text/detail history."
"T_AU_OBSERVATION_TEXT","TEXT","CLOB","tbl_observation_detail","detail_text","ExistingTableExistingColumn","Load long text into normalized CLOB detail field.","Use IAS_ZTBL default if legacy value is null.","History","Requires tbl_entity migration and entity-code crosswalk.","Low","Observation text/detail history."
"T_AU_OBSERVATION_TEXT","REMARKS","VARCHAR2","tbl_observation_detail","REVIEW_REQUIRED","ExistingTableRequiredColumn","Manual mapping required; no safe automatic target column was inferred.","Use IAS_ZTBL default if legacy value is null.","History","Requires tbl_entity migration and entity-code crosswalk.","Low","Observation text/detail history."
"T_AU_OBSERVATION_TEXT","ENTEREDBY","NUMBER","tbl_observation_detail","created_by","ExistingTableExistingColumn","Resolve legacy PP/user identifier to tbl_user.user_id.","Use IAS_ZTBL default if legacy value is null.","History","Requires tbl_user migration and PPNO-to-user_id crosswalk.","Medium","Observation text/detail history."
"T_AU_OBSERVATION_TEXT","ENTEREDDATE","DATE","tbl_observation_detail","created_on","ExistingTableExistingColumn","Direct copy after datatype coercion and audit-column normalization.","Use IAS_ZTBL default if legacy value is null.","History","Requires tbl_entity migration and entity-code crosswalk.","Medium","Observation text/detail history."
"T_AU_OBSERVATION_TEXT","LASTUPDATEDBY","NUMBER","tbl_observation_detail","modified_by","ExistingTableExistingColumn","Resolve legacy PP/user identifier to tbl_user.user_id.","Use IAS_ZTBL default if legacy value is null.","History","Requires tbl_user migration and PPNO-to-user_id crosswalk.","Medium","Observation text/detail history."
"T_AU_OBSERVATION_TEXT","LASTUPDATEDDATE","DATE","tbl_observation_detail","modified_on","ExistingTableExistingColumn","Direct copy after datatype coercion and audit-column normalization.","Use IAS_ZTBL default if legacy value is null.","History","Requires tbl_entity migration and entity-code crosswalk.","Medium","Observation text/detail history."
"T_AU_OBSERVATION_TEXT","ENG_PLAN","NUMBER","tbl_observation_detail","REVIEW_REQUIRED","ExistingTableRequiredColumn","Manual mapping required; no safe automatic target column was inferred.","Use IAS_ZTBL default if legacy value is null.","History","Requires tbl_entity migration and entity-code crosswalk.","Low","Observation text/detail history."
"T_AU_OBSERVATION_TEXT","MEMO_NUMBER","NUMBER","tbl_observation_detail","REVIEW_REQUIRED","ExistingTableRequiredColumn","Manual mapping required; no safe automatic target column was inferred.","Use IAS_ZTBL default if legacy value is null.","History","Requires tbl_entity migration and entity-code crosswalk.","Low","Observation text/detail history."
"T_AU_OBSERVATION_TEXT","HEADINGS","VARCHAR2","tbl_observation_detail","heading_text","ExistingTableExistingColumn","Load descriptive heading into normalized heading/title field.","Use IAS_ZTBL default if legacy value is null.","History","Requires tbl_entity migration and entity-code crosswalk.","Low","Observation text/detail history."
"T_AU_OBSERVATION_UPDATED_REFERENCE","C_ID","NUMBER","tbl_observation_reference","observation_reference_id","ExistingTableExistingColumn","Direct copy after datatype coercion and audit-column normalization.","Use IAS_ZTBL default if legacy value is null.","History","Requires tbl_entity migration and entity-code crosswalk.","Medium","Observation reference updates."
"T_AU_OBSERVATION_UPDATED_REFERENCE","N_PARA_ID","NUMBER","tbl_observation_reference","observation_reference_id","ExistingTableExistingColumn","Direct copy after datatype coercion and audit-column normalization.","Use IAS_ZTBL default if legacy value is null.","History","Requires tbl_entity migration and entity-code crosswalk.","Medium","Observation reference updates."
"T_AU_OBSERVATION_UPDATED_REFERENCE","O_PARA_ID","NUMBER","tbl_observation_reference","observation_reference_id","ExistingTableExistingColumn","Direct copy after datatype coercion and audit-column normalization.","Use IAS_ZTBL default if legacy value is null.","History","Requires tbl_entity migration and entity-code crosswalk.","Medium","Observation reference updates."
"T_AU_OBSERVATION_UPDATED_REFERENCE","PARA_NO","VARCHAR2","tbl_observation_reference","REVIEW_REQUIRED","ExistingTableRequiredColumn","Manual mapping required; no safe automatic target column was inferred.","Use IAS_ZTBL default if legacy value is null.","History","Requires tbl_entity migration and entity-code crosswalk.","Low","Observation reference updates."
"T_AU_OBSERVATION_UPDATED_REFERENCE","AUDIT_PERIOD","VARCHAR2","tbl_observation_reference","REVIEW_REQUIRED","ExistingTableRequiredColumn","Manual mapping required; no safe automatic target column was inferred.","Use IAS_ZTBL default if legacy value is null.","History","Requires tbl_entity migration and entity-code crosswalk.","Low","Observation reference updates."
"T_AU_OBSERVATION_UPDATED_REFERENCE","GIST_OF_PARAS","VARCHAR2","tbl_observation_reference","REVIEW_REQUIRED","ExistingTableRequiredColumn","Manual mapping required; no safe automatic target column was inferred.","Use IAS_ZTBL default if legacy value is null.","History","Requires tbl_entity migration and entity-code crosswalk.","Low","Observation reference updates."
"T_AU_OBSERVATION_UPDATED_REFERENCE","RISK","NUMBER","tbl_observation_reference","REVIEW_REQUIRED","ExistingTableRequiredColumn","Manual mapping required; no safe automatic target column was inferred.","Use IAS_ZTBL default if legacy value is null.","History","Requires tbl_entity migration and entity-code crosswalk.","Low","Observation reference updates."
"T_AU_OBSERVATION_UPDATED_REFERENCE","IND","CHAR","tbl_observation_reference","REVIEW_REQUIRED","ExistingTableRequiredColumn","Manual mapping required; no safe automatic target column was inferred.","Use IAS_ZTBL default if legacy value is null.","History","Requires tbl_entity migration and entity-code crosswalk.","Low","Observation reference updates."
"T_AU_OBSERVATION_UPDATED_REFERENCE","ANNEX_ID","NUMBER","tbl_observation_reference","observation_reference_id","ExistingTableExistingColumn","Direct copy after datatype coercion and audit-column normalization.","Use IAS_ZTBL default if legacy value is null.","History","Requires tbl_entity migration and entity-code crosswalk.","Medium","Observation reference updates."
"T_AU_OBSERVATION_UPDATED_REFERENCE","NO_INSTANCES","NUMBER","tbl_observation_reference","REVIEW_REQUIRED","ExistingTableRequiredColumn","Manual mapping required; no safe automatic target column was inferred.","Use IAS_ZTBL default if legacy value is null.","History","Requires tbl_entity migration and entity-code crosswalk.","Low","Observation reference updates."
"T_AU_OBSERVATION_UPDATED_REFERENCE","AMOUNT","NUMBER","tbl_observation_reference","REVIEW_REQUIRED","ExistingTableRequiredColumn","Manual mapping required; no safe automatic target column was inferred.","Use IAS_ZTBL default if legacy value is null.","History","Requires tbl_entity migration and entity-code crosswalk.","Low","Observation reference updates."
"T_AU_OBSERVATION_UPDATED_REFERENCE","UPDATED_BY","NUMBER","tbl_observation_reference","modified_by","ExistingTableExistingColumn","Resolve legacy PP/user identifier to tbl_user.user_id.","Use IAS_ZTBL default if legacy value is null.","History","Requires tbl_user migration and PPNO-to-user_id crosswalk.","Medium","Observation reference updates."
"T_AU_OBSERVATION_UPDATED_REFERENCE","UPDATED_ON","DATE","tbl_observation_reference","modified_on","ExistingTableExistingColumn","Direct copy after datatype coercion and audit-column normalization.","Use IAS_ZTBL default if legacy value is null.","History","Requires tbl_entity migration and entity-code crosswalk.","Medium","Observation reference updates."
"T_AU_OBSERVATION_UPDATED_REFERENCE","P_TYPE_IND","CHAR","tbl_observation_reference","REVIEW_REQUIRED","ExistingTableRequiredColumn","Manual mapping required; no safe automatic target column was inferred.","Use IAS_ZTBL default if legacy value is null.","History","Requires tbl_entity migration and entity-code crosswalk.","Low","Observation reference updates."
"T_AU_OBSERVATION_UPDATED_REFERENCE","PARA_TEXT","CLOB","tbl_observation_reference","detail_text","ExistingTableRequiredColumn","Load long text into normalized CLOB detail field.","Use IAS_ZTBL default if legacy value is null.","History","Requires tbl_entity migration and entity-code crosswalk.","Low","Observation reference updates."
"T_AU_OBSERVATION_UPDATED_REFERENCE","AUTHORIZED_BY","NUMBER","tbl_observation_reference","REVIEW_REQUIRED","ExistingTableRequiredColumn","Manual mapping required; no safe automatic target column was inferred.","Use IAS_ZTBL default if legacy value is null.","History","Requires tbl_entity migration and entity-code crosswalk.","Low","Observation reference updates."
"T_AU_OBSERVATION_UPDATED_REFERENCE","AUTHORIZED_ON","DATE","tbl_observation_reference","REVIEW_REQUIRED","ExistingTableRequiredColumn","Manual mapping required; no safe automatic target column was inferred.","Use IAS_ZTBL default if legacy value is null.","History","Requires tbl_entity migration and entity-code crosswalk.","Low","Observation reference updates."
"T_AU_OBSERVATION_UPDATED_REFERENCE","ANNEXURE_REF_ID","NUMBER","tbl_observation_reference","observation_reference_id","ExistingTableExistingColumn","Direct copy after datatype coercion and audit-column normalization.","Use IAS_ZTBL default if legacy value is null.","History","Requires tbl_entity migration and entity-code crosswalk.","Medium","Observation reference updates."
"T_AU_OBSERVATION_UPDATED_REFERENCE","STATUS","VARCHAR2","tbl_observation_reference","REVIEW_REQUIRED","ExistingTableRequiredColumn","Manual mapping required; no safe automatic target column was inferred.","Use IAS_ZTBL default if legacy value is null.","History","Requires tbl_entity migration and entity-code crosswalk.","Low","Observation reference updates."
"T_AU_OLD_AUDIT_NATURE","NID","NUMBER","REVIEW_REQUIRED","REVIEW_REQUIRED","ReviewRequired","Manual mapping required; no safe automatic target column was inferred.","Use IAS_ZTBL default if legacy value is null.","Review","Requires parent table load order and surrogate key crosswalk.","Low","No confident automatic target mapping."
"T_AU_OLD_AUDIT_NATURE","DESCRIPTION","VARCHAR2","REVIEW_REQUIRED","description","ReviewRequired","Direct copy after datatype coercion and audit-column normalization.","Use IAS_ZTBL default if legacy value is null.","Review","Requires parent table load order and surrogate key crosswalk.","Low","No confident automatic target mapping."
"T_AU_OLD_AUDIT_NATURE","STATUS","VARCHAR2","REVIEW_REQUIRED","REVIEW_REQUIRED","ReviewRequired","Manual mapping required; no safe automatic target column was inferred.","Use IAS_ZTBL default if legacy value is null.","Review","Requires parent table load order and surrogate key crosswalk.","Low","No confident automatic target mapping."
"T_AU_OLD_AUDIT_PERIOD","AUDITPERIODID","NUMBER","REVIEW_REQUIRED","REVIEW_REQUIRED","ReviewRequired","Manual mapping required; no safe automatic target column was inferred.","Use IAS_ZTBL default if legacy value is null.","Review","Requires parent table load order and surrogate key crosswalk.","Low","No confident automatic target mapping."
"T_AU_OLD_AUDIT_PERIOD","AUDIT_YEAR","NUMBER","REVIEW_REQUIRED","REVIEW_REQUIRED","ReviewRequired","Manual mapping required; no safe automatic target column was inferred.","Use IAS_ZTBL default if legacy value is null.","Review","Requires parent table load order and surrogate key crosswalk.","Low","No confident automatic target mapping."
"T_AU_OLD_AUDIT_PERIOD","DESCRIPTION","VARCHAR2","REVIEW_REQUIRED","description","ReviewRequired","Direct copy after datatype coercion and audit-column normalization.","Use IAS_ZTBL default if legacy value is null.","Review","Requires parent table load order and surrogate key crosswalk.","Low","No confident automatic target mapping."
"T_AU_OLD_AUDIT_PERIOD","START_DATE","DATE","REVIEW_REQUIRED","REVIEW_REQUIRED","ReviewRequired","Manual mapping required; no safe automatic target column was inferred.","Use IAS_ZTBL default if legacy value is null.","Review","Requires parent table load order and surrogate key crosswalk.","Low","No confident automatic target mapping."
"T_AU_OLD_AUDIT_PERIOD","END_DATE","DATE","REVIEW_REQUIRED","REVIEW_REQUIRED","ReviewRequired","Manual mapping required; no safe automatic target column was inferred.","Use IAS_ZTBL default if legacy value is null.","Review","Requires parent table load order and surrogate key crosswalk.","Low","No confident automatic target mapping."
"T_AU_OLD_AUDIT_PERIOD","STATUS_ID","NUMBER","REVIEW_REQUIRED","status_id","ReviewRequired","Map legacy status identifier/text to normalized lookup.","Use IAS_ZTBL default if legacy value is null.","Review","Requires status/lookup normalization register and lookup load order.","Medium","No confident automatic target mapping."
"T_AU_OLD_FUNCTIONAL_PARA_DIVISION_HEAD_REMARKS","ID","NUMBER","REVIEW_REQUIRED","REVIEW_REQUIRED","ReviewRequired","Manual mapping required; no safe automatic target column was inferred.","Use IAS_ZTBL default if legacy value is null.","Review","Requires parent table load order and surrogate key crosswalk.","Low","No confident automatic target mapping."
"T_AU_OLD_FUNCTIONAL_PARA_DIVISION_HEAD_REMARKS","ID","NUMBER","REVIEW_REQUIRED","REVIEW_REQUIRED","ReviewRequired","Manual mapping required; no safe automatic target column was inferred.","Use IAS_ZTBL default if legacy value is null.","Review","Requires parent table load order and surrogate key crosswalk.","Low","No confident automatic target mapping."
"T_AU_OLD_FUNCTIONAL_PARA_DIVISION_HEAD_REMARKS","REF_P","VARCHAR2","REVIEW_REQUIRED","REVIEW_REQUIRED","ReviewRequired","Manual mapping required; no safe automatic target column was inferred.","Use IAS_ZTBL default if legacy value is null.","Review","Requires parent table load order and surrogate key crosswalk.","Low","No confident automatic target mapping."
"T_AU_OLD_FUNCTIONAL_PARA_DIVISION_HEAD_REMARKS","ENTITY_ID","NUMBER","REVIEW_REQUIRED","entity_id","ReviewRequired","Direct copy after datatype coercion and audit-column normalization.","Use IAS_ZTBL default if legacy value is null.","Review","Requires tbl_entity migration and entity-code crosswalk.","Medium","No confident automatic target mapping."
"T_AU_OLD_FUNCTIONAL_PARA_DIVISION_HEAD_REMARKS","ENTITY_NAME","VARCHAR2","REVIEW_REQUIRED","name","ReviewRequired","Direct copy after datatype coercion and audit-column normalization.","Use IAS_ZTBL default if legacy value is null.","Review","Requires parent table load order and surrogate key crosswalk.","Low","No confident automatic target mapping."
"T_AU_OLD_FUNCTIONAL_PARA_DIVISION_HEAD_REMARKS","PARA_NO","VARCHAR2","REVIEW_REQUIRED","REVIEW_REQUIRED","ReviewRequired","Manual mapping required; no safe automatic target column was inferred.","Use IAS_ZTBL default if legacy value is null.","Review","Requires parent table load order and surrogate key crosswalk.","Low","No confident automatic target mapping."
"T_AU_OLD_FUNCTIONAL_PARA_DIVISION_HEAD_REMARKS","CONCERNED_DEPT_ID","NUMBER","REVIEW_REQUIRED","REVIEW_REQUIRED","ReviewRequired","Manual mapping required; no safe automatic target column was inferred.","Use IAS_ZTBL default if legacy value is null.","Review","Requires parent table load order and surrogate key crosswalk.","Low","No confident automatic target mapping."
"T_AU_OLD_FUNCTIONAL_PARA_DIVISION_HEAD_REMARKS","REMARKS","VARCHAR2","REVIEW_REQUIRED","REVIEW_REQUIRED","ReviewRequired","Manual mapping required; no safe automatic target column was inferred.","Use IAS_ZTBL default if legacy value is null.","Review","Requires parent table load order and surrogate key crosswalk.","Low","No confident automatic target mapping."
"T_AU_OLD_FUNCTIONAL_PARA_DIVISION_HEAD_REMARKS","CREATED_ON","TIMESTAMP(6)","REVIEW_REQUIRED","created_on","ReviewRequired","Direct copy after datatype coercion and audit-column normalization.","Use IAS_ZTBL default if legacy value is null.","Review","Requires parent table load order and surrogate key crosswalk.","Medium","No confident automatic target mapping."
"T_AU_OLD_FUNCTIONAL_PARA_DIVISION_HEAD_REMARKS","PARA_ID","NUMBER","REVIEW_REQUIRED","REVIEW_REQUIRED","ReviewRequired","Manual mapping required; no safe automatic target column was inferred.","Use IAS_ZTBL default if legacy value is null.","Review","Requires parent table load order and surrogate key crosswalk.","Low","No confident automatic target mapping."
"T_AU_OLD_FUNCTIONAL_PARA_DIVISION_HEAD_REMARKS","CREATED_BY","NUMBER","REVIEW_REQUIRED","created_by","ReviewRequired","Resolve legacy PP/user identifier to tbl_user.user_id.","Use IAS_ZTBL default if legacy value is null.","Review","Requires tbl_user migration and PPNO-to-user_id crosswalk.","Medium","No confident automatic target mapping."
"T_AU_OLD_PARAS_FAD","ID","NUMBER","tbl_para_case","para_case_id","RequiredTable","Preserve legacy para key in para-case crosswalk.","Use IAS_ZTBL default if legacy value is null.","CurrentState","Requires parent table load order and surrogate key crosswalk.","High","Legacy para current-state record requires DDL extension."
"T_AU_OLD_PARAS_FAD","REF_P","VARCHAR2","tbl_para_case","legacy_reference_no","RequiredTable","Add legacy_reference_no to para case for traceability.","Use IAS_ZTBL default if legacy value is null.","CurrentState","Requires parent table load order and surrogate key crosswalk.","Medium","Legacy para current-state record requires DDL extension."
"T_AU_OLD_PARAS_FAD","ENTITY_ID","NUMBER","tbl_para_case","entity_id","RequiredTable","Direct copy after datatype coercion and audit-column normalization.","Use IAS_ZTBL default if legacy value is null.","CurrentState","Requires tbl_entity migration and entity-code crosswalk.","High","Legacy para current-state record requires DDL extension."
"T_AU_OLD_PARAS_FAD","ENTITY_CODE","NUMBER","tbl_para_case","REVIEW_REQUIRED","RequiredTable","Manual mapping required; no safe automatic target column was inferred.","Use IAS_ZTBL default if legacy value is null.","CurrentState","Requires parent table load order and surrogate key crosswalk.","Low","Legacy para current-state record requires DDL extension."
"T_AU_OLD_PARAS_FAD","TYPE_ID","NUMBER","tbl_para_case","entity_type_id","RequiredTable","Direct copy after datatype coercion and audit-column normalization.","Use IAS_ZTBL default if legacy value is null.","CurrentState","Requires status/lookup normalization register and lookup load order.","Medium","Legacy para current-state record requires DDL extension."
"T_AU_OLD_PARAS_FAD","AUDIT_PERIOD","VARCHAR2","tbl_para_case","REVIEW_REQUIRED","RequiredTable","Manual mapping required; no safe automatic target column was inferred.","Use IAS_ZTBL default if legacy value is null.","CurrentState","Requires parent table load order and surrogate key crosswalk.","Low","Legacy para current-state record requires DDL extension."
"T_AU_OLD_PARAS_FAD","ENTITY_NAME","VARCHAR2","tbl_para_case","name","RequiredTable","Direct copy after datatype coercion and audit-column normalization.","Use IAS_ZTBL default if legacy value is null.","CurrentState","Requires parent table load order and surrogate key crosswalk.","Low","Legacy para current-state record requires DDL extension."
"T_AU_OLD_PARAS_FAD","PARA_NO","VARCHAR2","tbl_para_case","para_no","RequiredTable","Direct copy after datatype coercion and audit-column normalization.","Use IAS_ZTBL default if legacy value is null.","CurrentState","Requires parent table load order and surrogate key crosswalk.","High","Legacy para current-state record requires DDL extension."
"T_AU_OLD_PARAS_FAD","GIST_OF_PARAS","VARCHAR2","tbl_para_case","gist_text","RequiredTable","Direct copy after datatype coercion and audit-column normalization.","Use IAS_ZTBL default if legacy value is null.","CurrentState","Requires parent table load order and surrogate key crosswalk.","High","Legacy para current-state record requires DDL extension."
"T_AU_OLD_PARAS_FAD","ANNEXURE","VARCHAR2","tbl_para_case","REVIEW_REQUIRED","RequiredTable","Manual mapping required; no safe automatic target column was inferred.","Use IAS_ZTBL default if legacy value is null.","CurrentState","Requires parent table load order and surrogate key crosswalk.","Low","Legacy para current-state record requires DDL extension."
"T_AU_OLD_PARAS_FAD","AMOUNT_INVOLVED","VARCHAR2","tbl_para_case","REVIEW_REQUIRED","RequiredTable","Manual mapping required; no safe automatic target column was inferred.","Use IAS_ZTBL default if legacy value is null.","CurrentState","Requires parent table load order and surrogate key crosswalk.","Low","Legacy para current-state record requires DDL extension."
"T_AU_OLD_PARAS_FAD","VOL_I_II","VARCHAR2","tbl_para_case","REVIEW_REQUIRED","RequiredTable","Manual mapping required; no safe automatic target column was inferred.","Use IAS_ZTBL default if legacy value is null.","CurrentState","Requires parent table load order and surrogate key crosswalk.","Low","Legacy para current-state record requires DDL extension."
"T_AU_OLD_PARAS_FAD","AUDITED_BY","NUMBER","tbl_para_case","REVIEW_REQUIRED","RequiredTable","Manual mapping required; no safe automatic target column was inferred.","Use IAS_ZTBL default if legacy value is null.","CurrentState","Requires parent table load order and surrogate key crosswalk.","Low","Legacy para current-state record requires DDL extension."
"T_AU_OLD_PARAS_FAD","PROCESS_DETAIL","NUMBER","tbl_para_case","REVIEW_REQUIRED","RequiredTable","Manual mapping required; no safe automatic target column was inferred.","Use IAS_ZTBL default if legacy value is null.","CurrentState","Requires parent table load order and surrogate key crosswalk.","Low","Legacy para current-state record requires DDL extension."
"T_AU_OLD_PARAS_FAD","STATUS","NUMBER","tbl_para_case","case_status_id","RequiredTable","Map through para status normalization register.","Use IAS_ZTBL default if legacy value is null.","CurrentState","Requires status/lookup normalization register and lookup load order.","High","Legacy para current-state record requires DDL extension."
"T_AU_OLD_PARAS_FAD","ENTERED_ON","TIMESTAMP(6)","tbl_para_case","created_on","RequiredTable","Direct copy after datatype coercion and audit-column normalization.","Use IAS_ZTBL default if legacy value is null.","CurrentState","Requires parent table load order and surrogate key crosswalk.","High","Legacy para current-state record requires DDL extension."
"T_AU_OLD_PARAS_FAD","ENTERED_BY","NUMBER","tbl_para_case","created_by","RequiredTable","Direct copy after datatype coercion and audit-column normalization.","Use IAS_ZTBL default if legacy value is null.","CurrentState","Requires tbl_user migration and PPNO-to-user_id crosswalk.","High","Legacy para current-state record requires DDL extension."
"T_AU_OLD_PARAS_FAD","PARA_STATUS","NUMBER","tbl_para_case","para_status_id","RequiredTable","Map through para status normalization register.","Use IAS_ZTBL default if legacy value is null.","CurrentState","Requires status/lookup normalization register and lookup load order.","High","Legacy para current-state record requires DDL extension."
"T_AU_OLD_PARAS_FAD","UPDATE_STATUS","NUMBER","tbl_para_case","REVIEW_REQUIRED","RequiredTable","Manual mapping required; no safe automatic target column was inferred.","Use IAS_ZTBL default if legacy value is null.","CurrentState","Requires parent table load order and surrogate key crosswalk.","Low","Legacy para current-state record requires DDL extension."
"T_AU_OLD_PARAS_FAD","AZ_STATUS_UPDATED_BY","NUMBER","tbl_para_case","modified_by","RequiredTable","Resolve legacy PP/user identifier to tbl_user.user_id.","Use IAS_ZTBL default if legacy value is null.","CurrentState","Requires tbl_user migration and PPNO-to-user_id crosswalk.","Medium","Legacy para current-state record requires DDL extension."
"T_AU_OLD_PARAS_FAD","AZ_UPDATED_ON","DATE","tbl_para_case","modified_on","RequiredTable","Direct copy after datatype coercion and audit-column normalization.","Use IAS_ZTBL default if legacy value is null.","CurrentState","Requires parent table load order and surrogate key crosswalk.","Medium","Legacy para current-state record requires DDL extension."
"T_AU_OLD_PARAS_FAD","FAD_STATUS","NUMBER","tbl_para_case","REVIEW_REQUIRED","RequiredTable","Manual mapping required; no safe automatic target column was inferred.","Use IAS_ZTBL default if legacy value is null.","CurrentState","Requires parent table load order and surrogate key crosswalk.","Low","Legacy para current-state record requires DDL extension."
"T_AU_OLD_PARAS_FAD","FAD_REVIEWED_BY","NUMBER","tbl_para_case","approved_by","RequiredTable","Resolve reviewer/approver to tbl_user.user_id.","Use IAS_ZTBL default if legacy value is null.","CurrentState","Requires tbl_user migration and PPNO-to-user_id crosswalk.","Medium","Legacy para current-state record requires DDL extension."
"T_AU_OLD_PARAS_FAD","FAD_REVIEWED_ON","DATE","tbl_para_case","approved_on","RequiredTable","Direct copy after datatype coercion and audit-column normalization.","Use IAS_ZTBL default if legacy value is null.","CurrentState","Requires parent table load order and surrogate key crosswalk.","Medium","Legacy para current-state record requires DDL extension."
"T_AU_OLD_PARAS_FAD","RISK","NUMBER","tbl_para_case","REVIEW_REQUIRED","RequiredTable","Manual mapping required; no safe automatic target column was inferred.","Use IAS_ZTBL default if legacy value is null.","CurrentState","Requires parent table load order and surrogate key crosswalk.","Low","Legacy para current-state record requires DDL extension."
"T_AU_OLD_PARAS_FAD","TEMP_STATUS_FOR_CHANGE","NUMBER","tbl_para_case","REVIEW_REQUIRED","RequiredTable","Manual mapping required; no safe automatic target column was inferred.","Use IAS_ZTBL default if legacy value is null.","CurrentState","Requires parent table load order and surrogate key crosswalk.","Low","Legacy para current-state record requires DDL extension."
"T_AU_OLD_PARAS_FAD","NATURE_OF_AUDIT","NUMBER","tbl_para_case","REVIEW_REQUIRED","RequiredTable","Manual mapping required; no safe automatic target column was inferred.","Use IAS_ZTBL default if legacy value is null.","CurrentState","Requires parent table load order and surrogate key crosswalk.","Low","Legacy para current-state record requires DDL extension."
"T_AU_OLD_PARAS_FAD","ANNEX","NUMBER","tbl_para_case","REVIEW_REQUIRED","RequiredTable","Manual mapping required; no safe automatic target column was inferred.","Use IAS_ZTBL default if legacy value is null.","CurrentState","Requires parent table load order and surrogate key crosswalk.","Low","Legacy para current-state record requires DDL extension."
"T_AU_OLD_PARAS_FAD","NO_OF_INSTANCES","NUMBER","tbl_para_case","instance_count","RequiredTable","Direct copy after datatype coercion and audit-column normalization.","Use IAS_ZTBL default if legacy value is null.","CurrentState","Requires parent table load order and surrogate key crosswalk.","High","Legacy para current-state record requires DDL extension."
"T_AU_OLD_PARAS_FAD","PARASTATUSUPDATEDBY","NUMBER","tbl_para_case","REVIEW_REQUIRED","RequiredTable","Manual mapping required; no safe automatic target column was inferred.","Use IAS_ZTBL default if legacy value is null.","CurrentState","Requires parent table load order and surrogate key crosswalk.","Low","Legacy para current-state record requires DDL extension."
"T_AU_OLD_PARAS_FAD","PARASETTELEDON","DATE","tbl_para_case","settled_on","RequiredTable","Direct copy after datatype coercion and audit-column normalization.","Use IAS_ZTBL default if legacy value is null.","CurrentState","Requires parent table load order and surrogate key crosswalk.","High","Legacy para current-state record requires DDL extension."
"T_AU_OLD_PARAS_FAD","REVIEWED_ON","DATE","tbl_para_case","approved_on","RequiredTable","Direct copy after datatype coercion and audit-column normalization.","Use IAS_ZTBL default if legacy value is null.","CurrentState","Requires parent table load order and surrogate key crosswalk.","Medium","Legacy para current-state record requires DDL extension."
"T_AU_OLD_PARAS_FAD","REVIEWED_BY","NUMBER","tbl_para_case","approved_by","RequiredTable","Resolve reviewer/approver to tbl_user.user_id.","Use IAS_ZTBL default if legacy value is null.","CurrentState","Requires tbl_user migration and PPNO-to-user_id crosswalk.","Medium","Legacy para current-state record requires DDL extension."
"T_AU_OLD_PARAS_FAD","SETTLED_BY","NUMBER","tbl_para_case","settled_by","RequiredTable","Direct copy after datatype coercion and audit-column normalization.","Use IAS_ZTBL default if legacy value is null.","CurrentState","Requires parent table load order and surrogate key crosswalk.","High","Legacy para current-state record requires DDL extension."
"T_AU_OLD_PARAS_FAD","ACTUAL_ENTER_DATE","DATE","tbl_para_case","REVIEW_REQUIRED","RequiredTable","Manual mapping required; no safe automatic target column was inferred.","Use IAS_ZTBL default if legacy value is null.","CurrentState","Requires parent table load order and surrogate key crosswalk.","Low","Legacy para current-state record requires DDL extension."
"T_AU_OLD_PARAS_FAD","COM_ID","NUMBER","tbl_para_case","para_case_id","RequiredTable","Direct copy after datatype coercion and audit-column normalization.","Use IAS_ZTBL default if legacy value is null.","CurrentState","Requires parent table load order and surrogate key crosswalk.","Medium","Legacy para current-state record requires DDL extension."
"T_AU_OLD_PARAS_FAD","ANNEX_REF_ID","NUMBER","tbl_para_case","para_case_id","RequiredTable","Direct copy after datatype coercion and audit-column normalization.","Use IAS_ZTBL default if legacy value is null.","CurrentState","Requires parent table load order and surrogate key crosswalk.","Medium","Legacy para current-state record requires DDL extension."
"T_AU_OLD_PARAS_FAD_LOG","ID","NUMBER","tbl_workflow_event","workflow_event_id","ExistingTableExistingColumn","Direct copy after datatype coercion and audit-column normalization.","Use IAS_ZTBL default if legacy value is null.","WorkflowEvent","Requires parent table load order and surrogate key crosswalk.","Medium","Operational history/log normalized into workflow events unless a dedicated history table exists."
"T_AU_OLD_PARAS_FAD_LOG","REF_P","VARCHAR2","tbl_workflow_event","REVIEW_REQUIRED","ExistingTableRequiredColumn","Manual mapping required; no safe automatic target column was inferred.","Use IAS_ZTBL default if legacy value is null.","WorkflowEvent","Requires parent table load order and surrogate key crosswalk.","Low","Operational history/log normalized into workflow events unless a dedicated history table exists."
"T_AU_OLD_PARAS_FAD_LOG","UP_TEXT_STATUS","NUMBER","tbl_workflow_event","detail_text","ExistingTableRequiredColumn","Load long text into normalized CLOB detail field.","Use IAS_ZTBL default if legacy value is null.","WorkflowEvent","Requires parent table load order and surrogate key crosswalk.","Low","Operational history/log normalized into workflow events unless a dedicated history table exists."
"T_AU_OLD_PARAS_FAD_LOG","UP_RES_STATUS","NUMBER","tbl_workflow_event","REVIEW_REQUIRED","ExistingTableRequiredColumn","Manual mapping required; no safe automatic target column was inferred.","Use IAS_ZTBL default if legacy value is null.","WorkflowEvent","Requires parent table load order and surrogate key crosswalk.","Low","Operational history/log normalized into workflow events unless a dedicated history table exists."
"T_AU_OLD_PARAS_FAD_LOG","CREATED_BY","NUMBER","tbl_workflow_event","created_by","ExistingTableExistingColumn","Resolve legacy PP/user identifier to tbl_user.user_id.","Use IAS_ZTBL default if legacy value is null.","WorkflowEvent","Requires tbl_user migration and PPNO-to-user_id crosswalk.","Medium","Operational history/log normalized into workflow events unless a dedicated history table exists."
"T_AU_OLD_PARAS_FAD_LOG","CREATED_DATE","TIMESTAMP(6)","tbl_workflow_event","REVIEW_REQUIRED","ExistingTableRequiredColumn","Manual mapping required; no safe automatic target column was inferred.","Use IAS_ZTBL default if legacy value is null.","WorkflowEvent","Requires parent table load order and surrogate key crosswalk.","Low","Operational history/log normalized into workflow events unless a dedicated history table exists."
"T_AU_OLD_PARAS_FAD_LOG","REMARKS","VARCHAR2","tbl_workflow_event","REVIEW_REQUIRED","ExistingTableRequiredColumn","Manual mapping required; no safe automatic target column was inferred.","Use IAS_ZTBL default if legacy value is null.","WorkflowEvent","Requires parent table load order and surrogate key crosswalk.","Low","Operational history/log normalized into workflow events unless a dedicated history table exists."
"T_AU_OLD_PARAS_FAD_LOG","SEQUENCE","NUMBER","tbl_workflow_event","REVIEW_REQUIRED","ExistingTableRequiredColumn","Manual mapping required; no safe automatic target column was inferred.","Use IAS_ZTBL default if legacy value is null.","WorkflowEvent","Requires parent table load order and surrogate key crosswalk.","Low","Operational history/log normalized into workflow events unless a dedicated history table exists."
"T_AU_OLD_PARAS_FAD_LOG","RESP_BY","NUMBER","tbl_workflow_event","REVIEW_REQUIRED","ExistingTableRequiredColumn","Manual mapping required; no safe automatic target column was inferred.","Use IAS_ZTBL default if legacy value is null.","WorkflowEvent","Requires parent table load order and surrogate key crosswalk.","Low","Operational history/log normalized into workflow events unless a dedicated history table exists."
"T_AU_OLD_PARAS_FAD_LOG","RESP_ON","TIMESTAMP(6)","tbl_workflow_event","REVIEW_REQUIRED","ExistingTableRequiredColumn","Manual mapping required; no safe automatic target column was inferred.","Use IAS_ZTBL default if legacy value is null.","WorkflowEvent","Requires parent table load order and surrogate key crosswalk.","Low","Operational history/log normalized into workflow events unless a dedicated history table exists."
"T_AU_OLD_PARAS_FAD_RESPONSIBILITY_ASSIGNED","ID","NUMBER","tbl_para_assignment","para_assignment_id","RequiredTable","Direct copy after datatype coercion and audit-column normalization.","Use IAS_ZTBL default if legacy value is null.","CurrentState","Requires parent table load order and surrogate key crosswalk.","Medium","Legacy para assignment requires DDL extension."
"T_AU_OLD_PARAS_FAD_RESPONSIBILITY_ASSIGNED","OBS_ID","NUMBER","tbl_para_assignment","para_assignment_id","RequiredTable","Direct copy after datatype coercion and audit-column normalization.","Use IAS_ZTBL default if legacy value is null.","CurrentState","Requires parent table load order and surrogate key crosswalk.","Medium","Legacy para assignment requires DDL extension."
"T_AU_OLD_PARAS_FAD_RESPONSIBILITY_ASSIGNED","ASSIGNEDBY","NUMBER","tbl_para_assignment","REVIEW_REQUIRED","RequiredTable","Manual mapping required; no safe automatic target column was inferred.","Use IAS_ZTBL default if legacy value is null.","CurrentState","Requires parent table load order and surrogate key crosswalk.","Low","Legacy para assignment requires DDL extension."
"T_AU_OLD_PARAS_FAD_RESPONSIBILITY_ASSIGNED","PP_NO","NUMBER","tbl_para_assignment","REVIEW_REQUIRED","RequiredTable","Manual mapping required; no safe automatic target column was inferred.","Use IAS_ZTBL default if legacy value is null.","CurrentState","Requires parent table load order and surrogate key crosswalk.","Low","Legacy para assignment requires DDL extension."
"T_AU_OLD_PARAS_FAD_RESPONSIBILITY_ASSIGNED","LASTUPDATEDBY","NUMBER","tbl_para_assignment","modified_by","RequiredTable","Resolve legacy PP/user identifier to tbl_user.user_id.","Use IAS_ZTBL default if legacy value is null.","CurrentState","Requires tbl_user migration and PPNO-to-user_id crosswalk.","Medium","Legacy para assignment requires DDL extension."
"T_AU_OLD_PARAS_FAD_RESPONSIBILITY_ASSIGNED","LASTUPDATEDDATE","DATE","tbl_para_assignment","modified_on","RequiredTable","Direct copy after datatype coercion and audit-column normalization.","Use IAS_ZTBL default if legacy value is null.","CurrentState","Requires parent table load order and surrogate key crosswalk.","Medium","Legacy para assignment requires DDL extension."
"T_AU_OLD_PARAS_FAD_RESPONSIBILITY_ASSIGNED","IS_ACTIVE","VARCHAR2","tbl_para_assignment","REVIEW_REQUIRED","RequiredTable","Manual mapping required; no safe automatic target column was inferred.","Use IAS_ZTBL default if legacy value is null.","CurrentState","Requires parent table load order and surrogate key crosswalk.","Low","Legacy para assignment requires DDL extension."
"T_AU_OLD_PARAS_FAD_RESPONSIBILITY_ASSIGNED","REMARKS","VARCHAR2","tbl_para_assignment","REVIEW_REQUIRED","RequiredTable","Manual mapping required; no safe automatic target column was inferred.","Use IAS_ZTBL default if legacy value is null.","CurrentState","Requires parent table load order and surrogate key crosswalk.","Low","Legacy para assignment requires DDL extension."
"T_AU_OLD_PARAS_FAD_RESPONSIBILITY_ASSIGNED","LOAN_CASE","VARCHAR2","tbl_para_assignment","REVIEW_REQUIRED","RequiredTable","Manual mapping required; no safe automatic target column was inferred.","Use IAS_ZTBL default if legacy value is null.","CurrentState","Requires parent table load order and surrogate key crosswalk.","Low","Legacy para assignment requires DDL extension."
"T_AU_OLD_PARAS_FAD_RESPONSIBILITY_ASSIGNED","ACCOUNT_NUMBER","VARCHAR2","tbl_para_assignment","REVIEW_REQUIRED","RequiredTable","Manual mapping required; no safe automatic target column was inferred.","Use IAS_ZTBL default if legacy value is null.","CurrentState","Requires parent table load order and surrogate key crosswalk.","Low","Legacy para assignment requires DDL extension."
"T_AU_OLD_PARAS_FAD_RESPONSIBILITY_ASSIGNED","LC_AMOUNT","VARCHAR2","tbl_para_assignment","REVIEW_REQUIRED","RequiredTable","Manual mapping required; no safe automatic target column was inferred.","Use IAS_ZTBL default if legacy value is null.","CurrentState","Requires parent table load order and surrogate key crosswalk.","Low","Legacy para assignment requires DDL extension."
"T_AU_OLD_PARAS_FAD_RESPONSIBILITY_ASSIGNED","AC_AMOUNT","VARCHAR2","tbl_para_assignment","REVIEW_REQUIRED","RequiredTable","Manual mapping required; no safe automatic target column was inferred.","Use IAS_ZTBL default if legacy value is null.","CurrentState","Requires parent table load order and surrogate key crosswalk.","Low","Legacy para assignment requires DDL extension."
"T_AU_OLD_PARAS_FAD_RESPONSIBILITY_ASSIGNED","REF_P","VARCHAR2","tbl_para_assignment","REVIEW_REQUIRED","RequiredTable","Manual mapping required; no safe automatic target column was inferred.","Use IAS_ZTBL default if legacy value is null.","CurrentState","Requires parent table load order and surrogate key crosswalk.","Low","Legacy para assignment requires DDL extension."
"T_AU_OLD_PARAS_FAD_RESPONSIBILITY_ASSIGNED","COM_ID","NUMBER","tbl_para_assignment","para_assignment_id","RequiredTable","Direct copy after datatype coercion and audit-column normalization.","Use IAS_ZTBL default if legacy value is null.","CurrentState","Requires parent table load order and surrogate key crosswalk.","Medium","Legacy para assignment requires DDL extension."
"T_AU_OLD_PARAS_FAD_STATUS_CHANGE_LOG","ID","NUMBER","tbl_para_status_history","para_status_history_id","RequiredTable","Direct copy after datatype coercion and audit-column normalization.","Use IAS_ZTBL default if legacy value is null.","History","Requires parent table load order and surrogate key crosswalk.","Medium","Para status history requires DDL extension."
"T_AU_OLD_PARAS_FAD_STATUS_CHANGE_LOG","REF_P","VARCHAR2","tbl_para_status_history","REVIEW_REQUIRED","RequiredTable","Manual mapping required; no safe automatic target column was inferred.","Use IAS_ZTBL default if legacy value is null.","History","Requires parent table load order and surrogate key crosswalk.","Low","Para status history requires DDL extension."
"T_AU_OLD_PARAS_FAD_STATUS_CHANGE_LOG","OLD_STATUS","NUMBER","tbl_para_status_history","REVIEW_REQUIRED","RequiredTable","Manual mapping required; no safe automatic target column was inferred.","Use IAS_ZTBL default if legacy value is null.","History","Requires parent table load order and surrogate key crosswalk.","Low","Para status history requires DDL extension."
"T_AU_OLD_PARAS_FAD_STATUS_CHANGE_LOG","NEW_STATUS","NUMBER","tbl_para_status_history","REVIEW_REQUIRED","RequiredTable","Manual mapping required; no safe automatic target column was inferred.","Use IAS_ZTBL default if legacy value is null.","History","Requires parent table load order and surrogate key crosswalk.","Low","Para status history requires DDL extension."
"T_AU_OLD_PARAS_FAD_STATUS_CHANGE_LOG","CREATED_BY","NUMBER","tbl_para_status_history","created_by","RequiredTable","Resolve legacy PP/user identifier to tbl_user.user_id.","Use IAS_ZTBL default if legacy value is null.","History","Requires tbl_user migration and PPNO-to-user_id crosswalk.","Medium","Para status history requires DDL extension."
"T_AU_OLD_PARAS_FAD_STATUS_CHANGE_LOG","CREATED_DATE","TIMESTAMP(6)","tbl_para_status_history","REVIEW_REQUIRED","RequiredTable","Manual mapping required; no safe automatic target column was inferred.","Use IAS_ZTBL default if legacy value is null.","History","Requires parent table load order and surrogate key crosswalk.","Low","Para status history requires DDL extension."
"T_AU_OLD_PARAS_FAD_STATUS_CHANGE_LOG","REMARKS","VARCHAR2","tbl_para_status_history","REVIEW_REQUIRED","RequiredTable","Manual mapping required; no safe automatic target column was inferred.","Use IAS_ZTBL default if legacy value is null.","History","Requires parent table load order and surrogate key crosswalk.","Low","Para status history requires DDL extension."
"T_AU_OLD_PARAS_FAD_STATUS_CHANGE_LOG","SEQUENCE","NUMBER","tbl_para_status_history","REVIEW_REQUIRED","RequiredTable","Manual mapping required; no safe automatic target column was inferred.","Use IAS_ZTBL default if legacy value is null.","History","Requires parent table load order and surrogate key crosswalk.","Low","Para status history requires DDL extension."
"T_AU_OLD_PARAS_FAD_STATUS_CHANGE_LOG","AUTHORIZED_ON","TIMESTAMP(6)","tbl_para_status_history","REVIEW_REQUIRED","RequiredTable","Manual mapping required; no safe automatic target column was inferred.","Use IAS_ZTBL default if legacy value is null.","History","Requires parent table load order and surrogate key crosswalk.","Low","Para status history requires DDL extension."
"T_AU_OLD_PARAS_FAD_STATUS_CHANGE_LOG","AUTHORIZED_BY","NUMBER","tbl_para_status_history","REVIEW_REQUIRED","RequiredTable","Manual mapping required; no safe automatic target column was inferred.","Use IAS_ZTBL default if legacy value is null.","History","Requires parent table load order and surrogate key crosswalk.","Low","Para status history requires DDL extension."
"T_AU_OLD_PARAS_FAD_STATUS_CHANGE_LOG","AUTHORIZED_COMMENTS","VARCHAR2","tbl_para_status_history","REVIEW_REQUIRED","RequiredTable","Manual mapping required; no safe automatic target column was inferred.","Use IAS_ZTBL default if legacy value is null.","History","Requires parent table load order and surrogate key crosswalk.","Low","Para status history requires DDL extension."
"T_AU_OLD_PARAS_FAD_STATUS_CHANGE_LOG","OBS_ID","NUMBER","tbl_para_status_history","para_status_history_id","RequiredTable","Direct copy after datatype coercion and audit-column normalization.","Use IAS_ZTBL default if legacy value is null.","History","Requires parent table load order and surrogate key crosswalk.","Medium","Para status history requires DDL extension."
"T_AU_OLD_PARAS_FAD_STATUS_CHANGE_LOG","STATUS","VARCHAR2","tbl_para_status_history","REVIEW_REQUIRED","RequiredTable","Manual mapping required; no safe automatic target column was inferred.","Use IAS_ZTBL default if legacy value is null.","History","Requires parent table load order and surrogate key crosswalk.","Low","Para status history requires DDL extension."
"T_AU_OLD_PARAS_FAD_TEXT","ID","NUMBER","tbl_para_case_text","para_case_text_id","RequiredTable","Direct copy after datatype coercion and audit-column normalization.","Use IAS_ZTBL default if legacy value is null.","History","Requires parent table load order and surrogate key crosswalk.","Medium","Legacy para text history requires DDL extension."
"T_AU_OLD_PARAS_FAD_TEXT","REF_P","VARCHAR2","tbl_para_case_text","REVIEW_REQUIRED","RequiredTable","Manual mapping required; no safe automatic target column was inferred.","Use IAS_ZTBL default if legacy value is null.","History","Requires parent table load order and surrogate key crosswalk.","Low","Legacy para text history requires DDL extension."
"T_AU_OLD_PARAS_FAD_TEXT","PARA_TEXT","CLOB","tbl_para_case_text","detail_text","RequiredTable","Load long text into normalized CLOB detail field.","Use IAS_ZTBL default if legacy value is null.","History","Requires parent table load order and surrogate key crosswalk.","Low","Legacy para text history requires DDL extension."
"T_AU_OLD_PARAS_FAD_TEXT","HEADING","VARCHAR2","tbl_para_case_text","heading_text","RequiredTable","Load descriptive heading into normalized heading/title field.","Use IAS_ZTBL default if legacy value is null.","History","Requires parent table load order and surrogate key crosswalk.","Low","Legacy para text history requires DDL extension."
"T_AU_OLD_PARAS_FAD_TEXT","PARA_ID","NUMBER","tbl_para_case_text","para_case_text_id","RequiredTable","Direct copy after datatype coercion and audit-column normalization.","Use IAS_ZTBL default if legacy value is null.","History","Requires parent table load order and surrogate key crosswalk.","Medium","Legacy para text history requires DDL extension."
"T_AU_OLD_PARAS_FAD_TEXT","COM_ID","NUMBER","tbl_para_case_text","para_case_text_id","RequiredTable","Direct copy after datatype coercion and audit-column normalization.","Use IAS_ZTBL default if legacy value is null.","History","Requires parent table load order and surrogate key crosswalk.","Medium","Legacy para text history requires DDL extension."
"T_AU_OLD_PARAS_GIST_UPDATE_LOG","ID","NUMBER","tbl_workflow_event","workflow_event_id","ExistingTableExistingColumn","Direct copy after datatype coercion and audit-column normalization.","Use IAS_ZTBL default if legacy value is null.","WorkflowEvent","Requires parent table load order and surrogate key crosswalk.","Medium","Operational history/log normalized into workflow events unless a dedicated history table exists."
"T_AU_OLD_PARAS_GIST_UPDATE_LOG","REF_P","VARCHAR2","tbl_workflow_event","REVIEW_REQUIRED","ExistingTableRequiredColumn","Manual mapping required; no safe automatic target column was inferred.","Use IAS_ZTBL default if legacy value is null.","WorkflowEvent","Requires parent table load order and surrogate key crosswalk.","Low","Operational history/log normalized into workflow events unless a dedicated history table exists."
"T_AU_OLD_PARAS_GIST_UPDATE_LOG","GIST_STATUS","NUMBER","tbl_workflow_event","REVIEW_REQUIRED","ExistingTableRequiredColumn","Manual mapping required; no safe automatic target column was inferred.","Use IAS_ZTBL default if legacy value is null.","WorkflowEvent","Requires parent table load order and surrogate key crosswalk.","Low","Operational history/log normalized into workflow events unless a dedicated history table exists."
"T_AU_OLD_PARAS_GIST_UPDATE_LOG","PARA_NO_STATUS","NUMBER","tbl_workflow_event","REVIEW_REQUIRED","ExistingTableRequiredColumn","Manual mapping required; no safe automatic target column was inferred.","Use IAS_ZTBL default if legacy value is null.","WorkflowEvent","Requires parent table load order and surrogate key crosswalk.","Low","Operational history/log normalized into workflow events unless a dedicated history table exists."
"T_AU_OLD_PARAS_GIST_UPDATE_LOG","CREATED_BY","NUMBER","tbl_workflow_event","created_by","ExistingTableExistingColumn","Resolve legacy PP/user identifier to tbl_user.user_id.","Use IAS_ZTBL default if legacy value is null.","WorkflowEvent","Requires tbl_user migration and PPNO-to-user_id crosswalk.","Medium","Operational history/log normalized into workflow events unless a dedicated history table exists."
"T_AU_OLD_PARAS_GIST_UPDATE_LOG","CREATED_DATE","TIMESTAMP(6)","tbl_workflow_event","REVIEW_REQUIRED","ExistingTableRequiredColumn","Manual mapping required; no safe automatic target column was inferred.","Use IAS_ZTBL default if legacy value is null.","WorkflowEvent","Requires parent table load order and surrogate key crosswalk.","Low","Operational history/log normalized into workflow events unless a dedicated history table exists."
"T_AU_OLD_PARAS_GIST_UPDATE_LOG","APPROVE_BY","NUMBER","tbl_workflow_event","REVIEW_REQUIRED","ExistingTableRequiredColumn","Manual mapping required; no safe automatic target column was inferred.","Use IAS_ZTBL default if legacy value is null.","WorkflowEvent","Requires parent table load order and surrogate key crosswalk.","Low","Operational history/log normalized into workflow events unless a dedicated history table exists."
"T_AU_OLD_PARAS_GIST_UPDATE_LOG","APPROVE_ON","TIMESTAMP(6)","tbl_workflow_event","REVIEW_REQUIRED","ExistingTableRequiredColumn","Manual mapping required; no safe automatic target column was inferred.","Use IAS_ZTBL default if legacy value is null.","WorkflowEvent","Requires parent table load order and surrogate key crosswalk.","Low","Operational history/log normalized into workflow events unless a dedicated history table exists."
"T_AU_OLD_PARAS_GIST_UPDATE_LOG","GIST_PARA","VARCHAR2","tbl_workflow_event","REVIEW_REQUIRED","ExistingTableRequiredColumn","Manual mapping required; no safe automatic target column was inferred.","Use IAS_ZTBL default if legacy value is null.","WorkflowEvent","Requires parent table load order and surrogate key crosswalk.","Low","Operational history/log normalized into workflow events unless a dedicated history table exists."
"T_AU_OLD_PARAS_GIST_UPDATE_LOG","PARA_NO_U","VARCHAR2","tbl_workflow_event","REVIEW_REQUIRED","ExistingTableRequiredColumn","Manual mapping required; no safe automatic target column was inferred.","Use IAS_ZTBL default if legacy value is null.","WorkflowEvent","Requires parent table load order and surrogate key crosswalk.","Low","Operational history/log normalized into workflow events unless a dedicated history table exists."
"T_AU_OLD_PARAS_POST_COMPLIANCE_HISTORY","ID","NUMBER","tbl_para_settlement_history","para_settlement_history_id","RequiredTable","Direct copy after datatype coercion and audit-column normalization.","Use IAS_ZTBL default if legacy value is null.","History","Requires parent table load order and surrogate key crosswalk.","Medium","Legacy settlement history requires DDL extension."
"T_AU_OLD_PARAS_POST_COMPLIANCE_HISTORY","REF_P","VARCHAR2","tbl_para_settlement_history","REVIEW_REQUIRED","RequiredTable","Manual mapping required; no safe automatic target column was inferred.","Use IAS_ZTBL default if legacy value is null.","History","Requires parent table load order and surrogate key crosswalk.","Low","Legacy settlement history requires DDL extension."
"T_AU_OLD_PARAS_POST_COMPLIANCE_HISTORY","AU_OBS_ID","NUMBER","tbl_para_settlement_history","para_settlement_history_id","RequiredTable","Direct copy after datatype coercion and audit-column normalization.","Use IAS_ZTBL default if legacy value is null.","History","Requires parent table load order and surrogate key crosswalk.","Medium","Legacy settlement history requires DDL extension."
"T_AU_OLD_PARAS_POST_COMPLIANCE_HISTORY","REMARKS","VARCHAR2","tbl_para_settlement_history","REVIEW_REQUIRED","RequiredTable","Manual mapping required; no safe automatic target column was inferred.","Use IAS_ZTBL default if legacy value is null.","History","Requires parent table load order and surrogate key crosswalk.","Low","Legacy settlement history requires DDL extension."
"T_AU_OLD_PARAS_POST_COMPLIANCE_HISTORY","ATTENDED_ON","DATE","tbl_para_settlement_history","REVIEW_REQUIRED","RequiredTable","Manual mapping required; no safe automatic target column was inferred.","Use IAS_ZTBL default if legacy value is null.","History","Requires parent table load order and surrogate key crosswalk.","Low","Legacy settlement history requires DDL extension."
"T_AU_OLD_PARAS_POST_COMPLIANCE_HISTORY","ATTENDED_BY","NUMBER","tbl_para_settlement_history","REVIEW_REQUIRED","RequiredTable","Manual mapping required; no safe automatic target column was inferred.","Use IAS_ZTBL default if legacy value is null.","History","Requires parent table load order and surrogate key crosswalk.","Low","Legacy settlement history requires DDL extension."
"T_AU_OLD_PARAS_POST_COMPLIANCE_HISTORY","ROLEID","NUMBER","tbl_para_settlement_history","REVIEW_REQUIRED","RequiredTable","Manual mapping required; no safe automatic target column was inferred.","Use IAS_ZTBL default if legacy value is null.","History","Requires parent table load order and surrogate key crosswalk.","Low","Legacy settlement history requires DDL extension."
"T_AU_OLD_PARAS_POST_COMPLIANCE_HISTORY","STAGE","VARCHAR2","tbl_para_settlement_history","REVIEW_REQUIRED","RequiredTable","Manual mapping required; no safe automatic target column was inferred.","Use IAS_ZTBL default if legacy value is null.","History","Requires parent table load order and surrogate key crosswalk.","Low","Legacy settlement history requires DDL extension."
"T_AU_OLD_PARAS_POST_COMPLIANCE_HISTORY","AUDITEDBY","NUMBER","tbl_para_settlement_history","REVIEW_REQUIRED","RequiredTable","Manual mapping required; no safe automatic target column was inferred.","Use IAS_ZTBL default if legacy value is null.","History","Requires parent table load order and surrogate key crosswalk.","Low","Legacy settlement history requires DDL extension."
"T_AU_OLD_PARAS_POST_COMPLIANCE_HISTORY","ENTITY_ID","NUMBER","tbl_para_settlement_history","entity_id","RequiredTable","Direct copy after datatype coercion and audit-column normalization.","Use IAS_ZTBL default if legacy value is null.","History","Requires tbl_entity migration and entity-code crosswalk.","Medium","Legacy settlement history requires DDL extension."
"T_AU_OLD_PARAS_POST_COMPLIANCE_HISTORY","C_STATUS","NUMBER","tbl_para_settlement_history","REVIEW_REQUIRED","RequiredTable","Manual mapping required; no safe automatic target column was inferred.","Use IAS_ZTBL default if legacy value is null.","History","Requires parent table load order and surrogate key crosswalk.","Low","Legacy settlement history requires DDL extension."
"T_AU_OLD_PARAS_POST_COMPLIANCE_HISTORY","SEQ","NUMBER","tbl_para_settlement_history","REVIEW_REQUIRED","RequiredTable","Manual mapping required; no safe automatic target column was inferred.","Use IAS_ZTBL default if legacy value is null.","History","Requires parent table load order and surrogate key crosswalk.","Low","Legacy settlement history requires DDL extension."
"T_AU_OLD_PARAS_POST_COMPLIANCE_HISTORY","COM_SEQ_ID","NUMBER","tbl_para_settlement_history","para_settlement_history_id","RequiredTable","Direct copy after datatype coercion and audit-column normalization.","Use IAS_ZTBL default if legacy value is null.","History","Requires parent table load order and surrogate key crosswalk.","Medium","Legacy settlement history requires DDL extension."
"T_AU_OLD_PARAS_POST_COMPLIANCE_HISTORY","PARA_CATEGORY","VARCHAR2","tbl_para_settlement_history","REVIEW_REQUIRED","RequiredTable","Manual mapping required; no safe automatic target column was inferred.","Use IAS_ZTBL default if legacy value is null.","History","Requires parent table load order and surrogate key crosswalk.","Low","Legacy settlement history requires DDL extension."
"T_AU_OLD_PARAS_POST_COMPLIANCE_HISTORY","OLD_P_ID","NUMBER","tbl_para_settlement_history","para_settlement_history_id","RequiredTable","Direct copy after datatype coercion and audit-column normalization.","Use IAS_ZTBL default if legacy value is null.","History","Requires parent table load order and surrogate key crosswalk.","Medium","Legacy settlement history requires DDL extension."
"T_AU_OLD_PARAS_POST_COMPLIANCE_HISTORY","NEW_P_ID","NUMBER","tbl_para_settlement_history","para_settlement_history_id","RequiredTable","Direct copy after datatype coercion and audit-column normalization.","Use IAS_ZTBL default if legacy value is null.","History","Requires parent table load order and surrogate key crosswalk.","Medium","Legacy settlement history requires DDL extension."
"T_AU_PARAS_STATUS_CHANGE_LOG","COM_ID","NUMBER","tbl_workflow_event","workflow_event_id","ExistingTableExistingColumn","Direct copy after datatype coercion and audit-column normalization.","Use IAS_ZTBL default if legacy value is null.","WorkflowEvent","Requires parent table load order and surrogate key crosswalk.","Medium","Operational history/log normalized into workflow events unless a dedicated history table exists."
"T_AU_PARAS_STATUS_CHANGE_LOG","NEW_PARA_ID","NUMBER","tbl_workflow_event","workflow_event_id","ExistingTableExistingColumn","Direct copy after datatype coercion and audit-column normalization.","Use IAS_ZTBL default if legacy value is null.","WorkflowEvent","Requires parent table load order and surrogate key crosswalk.","Medium","Operational history/log normalized into workflow events unless a dedicated history table exists."
"T_AU_PARAS_STATUS_CHANGE_LOG","OLD_PARA_ID","NUMBER","tbl_workflow_event","workflow_event_id","ExistingTableExistingColumn","Direct copy after datatype coercion and audit-column normalization.","Use IAS_ZTBL default if legacy value is null.","WorkflowEvent","Requires parent table load order and surrogate key crosswalk.","Medium","Operational history/log normalized into workflow events unless a dedicated history table exists."
"T_AU_PARAS_STATUS_CHANGE_LOG","OLD_STATUS","NUMBER","tbl_workflow_event","REVIEW_REQUIRED","ExistingTableRequiredColumn","Manual mapping required; no safe automatic target column was inferred.","Use IAS_ZTBL default if legacy value is null.","WorkflowEvent","Requires parent table load order and surrogate key crosswalk.","Low","Operational history/log normalized into workflow events unless a dedicated history table exists."
"T_AU_PARAS_STATUS_CHANGE_LOG","IND","VARCHAR2","tbl_workflow_event","REVIEW_REQUIRED","ExistingTableRequiredColumn","Manual mapping required; no safe automatic target column was inferred.","Use IAS_ZTBL default if legacy value is null.","WorkflowEvent","Requires parent table load order and surrogate key crosswalk.","Low","Operational history/log normalized into workflow events unless a dedicated history table exists."
"T_AU_PARAS_STATUS_CHANGE_LOG","NEW_STATUS","NUMBER","tbl_workflow_event","REVIEW_REQUIRED","ExistingTableRequiredColumn","Manual mapping required; no safe automatic target column was inferred.","Use IAS_ZTBL default if legacy value is null.","WorkflowEvent","Requires parent table load order and surrogate key crosswalk.","Low","Operational history/log normalized into workflow events unless a dedicated history table exists."
"T_AU_PARAS_STATUS_CHANGE_LOG","CREATED_BY","NUMBER","tbl_workflow_event","created_by","ExistingTableExistingColumn","Resolve legacy PP/user identifier to tbl_user.user_id.","Use IAS_ZTBL default if legacy value is null.","WorkflowEvent","Requires tbl_user migration and PPNO-to-user_id crosswalk.","Medium","Operational history/log normalized into workflow events unless a dedicated history table exists."
"T_AU_PARAS_STATUS_CHANGE_LOG","CREATED_DATE","TIMESTAMP(6)","tbl_workflow_event","REVIEW_REQUIRED","ExistingTableRequiredColumn","Manual mapping required; no safe automatic target column was inferred.","Use IAS_ZTBL default if legacy value is null.","WorkflowEvent","Requires parent table load order and surrogate key crosswalk.","Low","Operational history/log normalized into workflow events unless a dedicated history table exists."
"T_AU_PARAS_STATUS_CHANGE_LOG","REMARKS","VARCHAR2","tbl_workflow_event","REVIEW_REQUIRED","ExistingTableRequiredColumn","Manual mapping required; no safe automatic target column was inferred.","Use IAS_ZTBL default if legacy value is null.","WorkflowEvent","Requires parent table load order and surrogate key crosswalk.","Low","Operational history/log normalized into workflow events unless a dedicated history table exists."
"T_AU_PARAS_STATUS_CHANGE_LOG","ACTION","VARCHAR2","tbl_workflow_event","REVIEW_REQUIRED","ExistingTableRequiredColumn","Manual mapping required; no safe automatic target column was inferred.","Use IAS_ZTBL default if legacy value is null.","WorkflowEvent","Requires parent table load order and surrogate key crosswalk.","Low","Operational history/log normalized into workflow events unless a dedicated history table exists."
"T_AU_PARAS_STATUS_CHANGE_LOG","AUTHORIZED_ON","TIMESTAMP(6)","tbl_workflow_event","REVIEW_REQUIRED","ExistingTableRequiredColumn","Manual mapping required; no safe automatic target column was inferred.","Use IAS_ZTBL default if legacy value is null.","WorkflowEvent","Requires parent table load order and surrogate key crosswalk.","Low","Operational history/log normalized into workflow events unless a dedicated history table exists."
"T_AU_PARAS_STATUS_CHANGE_LOG","AUTHORIZED_BY","NUMBER","tbl_workflow_event","REVIEW_REQUIRED","ExistingTableRequiredColumn","Manual mapping required; no safe automatic target column was inferred.","Use IAS_ZTBL default if legacy value is null.","WorkflowEvent","Requires parent table load order and surrogate key crosswalk.","Low","Operational history/log normalized into workflow events unless a dedicated history table exists."
"T_AU_PARAS_STATUS_CHANGE_LOG","AUTHORIZED_COMMENTS","VARCHAR2","tbl_workflow_event","REVIEW_REQUIRED","ExistingTableRequiredColumn","Manual mapping required; no safe automatic target column was inferred.","Use IAS_ZTBL default if legacy value is null.","WorkflowEvent","Requires parent table load order and surrogate key crosswalk.","Low","Operational history/log normalized into workflow events unless a dedicated history table exists."
"T_AU_PARAS_STATUS_CHANGE_LOG","STATUS","VARCHAR2","tbl_workflow_event","REVIEW_REQUIRED","ExistingTableRequiredColumn","Manual mapping required; no safe automatic target column was inferred.","Use IAS_ZTBL default if legacy value is null.","WorkflowEvent","Requires parent table load order and surrogate key crosswalk.","Low","Operational history/log normalized into workflow events unless a dedicated history table exists."
"T_AU_PERIOD","AUDITPERIODID","NUMBER","tbl_audit_period","REVIEW_REQUIRED","ExistingTableRequiredColumn","Manual mapping required; no safe automatic target column was inferred.","Use IAS_ZTBL default if legacy value is null.","CurrentState","Requires parent table load order and surrogate key crosswalk.","Low","Audit period master."
"T_AU_PERIOD","DESCRIPTION","VARCHAR2","tbl_audit_period","description","ExistingTableRequiredColumn","Direct copy after datatype coercion and audit-column normalization.","Use IAS_ZTBL default if legacy value is null.","CurrentState","Requires parent table load order and surrogate key crosswalk.","Low","Audit period master."
"T_AU_PERIOD","START_DATE","DATE","tbl_audit_period","REVIEW_REQUIRED","ExistingTableRequiredColumn","Manual mapping required; no safe automatic target column was inferred.","Use IAS_ZTBL default if legacy value is null.","CurrentState","Requires parent table load order and surrogate key crosswalk.","Low","Audit period master."
"T_AU_PERIOD","END_DATE","DATE","tbl_audit_period","REVIEW_REQUIRED","ExistingTableRequiredColumn","Manual mapping required; no safe automatic target column was inferred.","Use IAS_ZTBL default if legacy value is null.","CurrentState","Requires parent table load order and surrogate key crosswalk.","Low","Audit period master."
"T_AU_PERIOD","STATUS_ID","NUMBER","tbl_audit_period","status_id","ExistingTableRequiredColumn","Map legacy status identifier/text to normalized lookup.","Use IAS_ZTBL default if legacy value is null.","CurrentState","Requires status/lookup normalization register and lookup load order.","Medium","Audit period master."
"T_AU_PERIOD_STATUS","ID","NUMBER","REVIEW_REQUIRED","REVIEW_REQUIRED","ReviewRequired","Manual mapping required; no safe automatic target column was inferred.","Use IAS_ZTBL default if legacy value is null.","Review","Requires parent table load order and surrogate key crosswalk.","Low","No confident automatic target mapping."
"T_AU_PERIOD_STATUS","STATUS","VARCHAR2","REVIEW_REQUIRED","REVIEW_REQUIRED","ReviewRequired","Manual mapping required; no safe automatic target column was inferred.","Use IAS_ZTBL default if legacy value is null.","Review","Requires parent table load order and surrogate key crosswalk.","Low","No confident automatic target mapping."
"T_AU_PLAN","ID","NUMBER","tbl_audit_plan","audit_plan_id","RequiredTable","Direct copy after datatype coercion and audit-column normalization.","Use IAS_ZTBL default if legacy value is null.","CurrentState","Requires parent table load order and surrogate key crosswalk.","Medium","Plan header requires DDL extension."
"T_AU_PLAN","ID","NUMBER","tbl_audit_plan","audit_plan_id","RequiredTable","Direct copy after datatype coercion and audit-column normalization.","Use IAS_ZTBL default if legacy value is null.","CurrentState","Requires parent table load order and surrogate key crosswalk.","Medium","Plan header requires DDL extension."
"T_AU_PLAN","CRITERIA_ID","NUMBER","tbl_audit_plan","audit_plan_id","RequiredTable","Direct copy after datatype coercion and audit-column normalization.","Use IAS_ZTBL default if legacy value is null.","CurrentState","Requires parent table load order and surrogate key crosswalk.","Medium","Plan header requires DDL extension."
"T_AU_PLAN","CRITERIA_ID","NUMBER","tbl_audit_plan","audit_plan_id","RequiredTable","Direct copy after datatype coercion and audit-column normalization.","Use IAS_ZTBL default if legacy value is null.","CurrentState","Requires parent table load order and surrogate key crosswalk.","Medium","Plan header requires DDL extension."
"T_AU_PLAN","AUDITPERIODID","NUMBER","tbl_audit_plan","REVIEW_REQUIRED","RequiredTable","Manual mapping required; no safe automatic target column was inferred.","Use IAS_ZTBL default if legacy value is null.","CurrentState","Requires parent table load order and surrogate key crosswalk.","Low","Plan header requires DDL extension."
"T_AU_PLAN","AUDITPERIODID","NUMBER","tbl_audit_plan","REVIEW_REQUIRED","RequiredTable","Manual mapping required; no safe automatic target column was inferred.","Use IAS_ZTBL default if legacy value is null.","CurrentState","Requires parent table load order and surrogate key crosswalk.","Low","Plan header requires DDL extension."
"T_AU_PLAN","AUDITEDBY","NUMBER","tbl_audit_plan","REVIEW_REQUIRED","RequiredTable","Manual mapping required; no safe automatic target column was inferred.","Use IAS_ZTBL default if legacy value is null.","CurrentState","Requires parent table load order and surrogate key crosswalk.","Low","Plan header requires DDL extension."
"T_AU_PLAN","ENTITY_ID","NUMBER","tbl_audit_plan","entity_id","RequiredTable","Direct copy after datatype coercion and audit-column normalization.","Use IAS_ZTBL default if legacy value is null.","CurrentState","Requires tbl_entity migration and entity-code crosswalk.","Medium","Plan header requires DDL extension."
"T_AU_PLAN","ENTITY_CODE","NUMBER","tbl_audit_plan","REVIEW_REQUIRED","RequiredTable","Manual mapping required; no safe automatic target column was inferred.","Use IAS_ZTBL default if legacy value is null.","CurrentState","Requires parent table load order and surrogate key crosswalk.","Low","Plan header requires DDL extension."
"T_AU_PLAN","AUDITEE_RISK","NUMBER","tbl_audit_plan","REVIEW_REQUIRED","RequiredTable","Manual mapping required; no safe automatic target column was inferred.","Use IAS_ZTBL default if legacy value is null.","CurrentState","Requires parent table load order and surrogate key crosswalk.","Low","Plan header requires DDL extension."
"T_AU_PLAN","AUDITEE_SIZE","NUMBER","tbl_audit_plan","REVIEW_REQUIRED","RequiredTable","Manual mapping required; no safe automatic target column was inferred.","Use IAS_ZTBL default if legacy value is null.","CurrentState","Requires parent table load order and surrogate key crosswalk.","Low","Plan header requires DDL extension."
"T_AU_PLAN","NO_OF_DAYS","NUMBER","tbl_audit_plan","REVIEW_REQUIRED","RequiredTable","Manual mapping required; no safe automatic target column was inferred.","Use IAS_ZTBL default if legacy value is null.","CurrentState","Requires parent table load order and surrogate key crosswalk.","Low","Plan header requires DDL extension."
"T_AU_PLAN","F_ID","NUMBER","tbl_audit_plan","audit_plan_id","RequiredTable","Direct copy after datatype coercion and audit-column normalization.","Use IAS_ZTBL default if legacy value is null.","CurrentState","Requires parent table load order and surrogate key crosswalk.","Medium","Plan header requires DDL extension."
"T_AU_PLAN","COST_CENTER","NUMBER","tbl_audit_plan","REVIEW_REQUIRED","RequiredTable","Manual mapping required; no safe automatic target column was inferred.","Use IAS_ZTBL default if legacy value is null.","CurrentState","Requires parent table load order and surrogate key crosswalk.","Low","Plan header requires DDL extension."
"T_AU_PLAN","FR_ID","NUMBER","tbl_audit_plan","audit_plan_id","RequiredTable","Direct copy after datatype coercion and audit-column normalization.","Use IAS_ZTBL default if legacy value is null.","CurrentState","Requires parent table load order and surrogate key crosswalk.","Medium","Plan header requires DDL extension."
"T_AU_PLAN","ENTITY_TYPEID","NUMBER","tbl_audit_plan","REVIEW_REQUIRED","RequiredTable","Manual mapping required; no safe automatic target column was inferred.","Use IAS_ZTBL default if legacy value is null.","CurrentState","Requires parent table load order and surrogate key crosswalk.","Low","Plan header requires DDL extension."
"T_AU_PLAN","ROW_ID","NUMBER","tbl_audit_plan","audit_plan_id","RequiredTable","Direct copy after datatype coercion and audit-column normalization.","Use IAS_ZTBL default if legacy value is null.","CurrentState","Requires parent table load order and surrogate key crosswalk.","Medium","Plan header requires DDL extension."
"T_AU_PLAN","STATUS","NUMBER","tbl_audit_plan","REVIEW_REQUIRED","RequiredTable","Manual mapping required; no safe automatic target column was inferred.","Use IAS_ZTBL default if legacy value is null.","CurrentState","Requires parent table load order and surrogate key crosswalk.","Low","Plan header requires DDL extension."
"T_AU_PLAN","NATURE_ID","NUMBER","tbl_audit_plan","audit_plan_id","RequiredTable","Direct copy after datatype coercion and audit-column normalization.","Use IAS_ZTBL default if legacy value is null.","CurrentState","Requires parent table load order and surrogate key crosswalk.","Medium","Plan header requires DDL extension."
"T_AU_PLAN_ENG","ENG_ID","NUMBER","tbl_engagement","engagement_id","ExistingTableExistingColumn","Preserve engagement surrogate via crosswalk.","Use IAS_ZTBL default if legacy value is null.","CurrentState","Requires tbl_entity migration and entity-code crosswalk.","High","Engagement master."
"T_AU_PLAN_ENG","ENG_ID","NUMBER","tbl_engagement","engagement_id","ExistingTableExistingColumn","Preserve engagement surrogate via crosswalk.","Use IAS_ZTBL default if legacy value is null.","CurrentState","Requires tbl_entity migration and entity-code crosswalk.","High","Engagement master."
"T_AU_PLAN_ENG","PERIOD_ID","NUMBER","tbl_engagement","audit_period_id","ExistingTableExistingColumn","Direct copy after datatype coercion and audit-column normalization.","Use IAS_ZTBL default if legacy value is null.","CurrentState","Requires tbl_entity migration and entity-code crosswalk.","High","Engagement master."
"T_AU_PLAN_ENG","PERIOD_ID","NUMBER","tbl_engagement","audit_period_id","ExistingTableExistingColumn","Direct copy after datatype coercion and audit-column normalization.","Use IAS_ZTBL default if legacy value is null.","CurrentState","Requires tbl_entity migration and entity-code crosswalk.","High","Engagement master."
"T_AU_PLAN_ENG","ENTITY_TYPE","NUMBER","tbl_engagement","REVIEW_REQUIRED","ExistingTableRequiredColumn","Manual mapping required; no safe automatic target column was inferred.","Use IAS_ZTBL default if legacy value is null.","CurrentState","Requires tbl_entity migration and entity-code crosswalk.","Low","Engagement master."
"T_AU_PLAN_ENG","AUDITBY_ID","NUMBER","tbl_engagement","engagement_id","ExistingTableExistingColumn","Direct copy after datatype coercion and audit-column normalization.","Use IAS_ZTBL default if legacy value is null.","CurrentState","Requires tbl_entity migration and entity-code crosswalk.","Medium","Engagement master."
"T_AU_PLAN_ENG","AUDIT_STARTDATE","DATE","tbl_engagement","audit_start_on","ExistingTableExistingColumn","Direct copy after datatype coercion and audit-column normalization.","Use IAS_ZTBL default if legacy value is null.","CurrentState","Requires tbl_entity migration and entity-code crosswalk.","High","Engagement master."
"T_AU_PLAN_ENG","AUDIT_ENDDATE","DATE","tbl_engagement","audit_end_on","ExistingTableExistingColumn","Direct copy after datatype coercion and audit-column normalization.","Use IAS_ZTBL default if legacy value is null.","CurrentState","Requires tbl_entity migration and entity-code crosswalk.","High","Engagement master."
"T_AU_PLAN_ENG","CREATEDBY","NUMBER","tbl_engagement","created_by","ExistingTableExistingColumn","Resolve legacy PP/user identifier to tbl_user.user_id.","Use IAS_ZTBL default if legacy value is null.","CurrentState","Requires tbl_user migration and PPNO-to-user_id crosswalk.","High","Engagement master."
"T_AU_PLAN_ENG","CREATED_ON","DATE","tbl_engagement","created_on","ExistingTableExistingColumn","Direct copy after datatype coercion and audit-column normalization.","Use IAS_ZTBL default if legacy value is null.","CurrentState","Requires tbl_entity migration and entity-code crosswalk.","High","Engagement master."
"T_AU_PLAN_ENG","LASTUPDATEDBY","NUMBER","tbl_engagement","modified_by","ExistingTableExistingColumn","Direct copy after datatype coercion and audit-column normalization.","Use IAS_ZTBL default if legacy value is null.","CurrentState","Requires tbl_user migration and PPNO-to-user_id crosswalk.","High","Engagement master."
"T_AU_PLAN_ENG","LASTUPDATEDDATE","DATE","tbl_engagement","modified_on","ExistingTableExistingColumn","Direct copy after datatype coercion and audit-column normalization.","Use IAS_ZTBL default if legacy value is null.","CurrentState","Requires tbl_entity migration and entity-code crosswalk.","High","Engagement master."
"T_AU_PLAN_ENG","TEAM_NAME","VARCHAR2","tbl_engagement","team_name","ExistingTableExistingColumn","Direct copy after datatype coercion and audit-column normalization.","Use IAS_ZTBL default if legacy value is null.","CurrentState","Requires tbl_entity migration and entity-code crosswalk.","High","Engagement master."
"T_AU_PLAN_ENG","STATUS","NUMBER","tbl_engagement","engagement_status_id","ExistingTableExistingColumn","Map legacy engagement status to normalized lookup.","Use IAS_ZTBL default if legacy value is null.","CurrentState","Requires tbl_entity migration and entity-code crosswalk.","High","Engagement master."
"T_AU_PLAN_ENG","TEAM_ID","NUMBER","tbl_engagement","engagement_id","ExistingTableExistingColumn","Direct copy after datatype coercion and audit-column normalization.","Use IAS_ZTBL default if legacy value is null.","CurrentState","Requires tbl_entity migration and entity-code crosswalk.","Medium","Engagement master."
"T_AU_PLAN_ENG","ENTITY_ID","NUMBER","tbl_engagement","entity_id","ExistingTableExistingColumn","Direct copy after datatype coercion and audit-column normalization.","Use IAS_ZTBL default if legacy value is null.","CurrentState","Requires tbl_entity migration and entity-code crosswalk.","High","Engagement master."
"T_AU_PLAN_ENG","ENTITY_CODE","NUMBER","tbl_engagement","REVIEW_REQUIRED","ExistingTableRequiredColumn","Manual mapping required; no safe automatic target column was inferred.","Use IAS_ZTBL default if legacy value is null.","CurrentState","Requires tbl_entity migration and entity-code crosswalk.","Low","Engagement master."
"T_AU_PLAN_ENG","PLAN_ID","NUMBER","tbl_engagement","plan_criteria_id","ExistingTableExistingColumn","Link to migrated plan header/criteria crosswalk.","Use IAS_ZTBL default if legacy value is null.","CurrentState","Requires tbl_entity migration and entity-code crosswalk.","Medium","Engagement master."
"T_AU_PLAN_ENG","OPERATION_STARTDATE","DATE","tbl_engagement","field_start_on","ExistingTableExistingColumn","Direct copy after datatype coercion and audit-column normalization.","Use IAS_ZTBL default if legacy value is null.","CurrentState","Requires tbl_entity migration and entity-code crosswalk.","High","Engagement master."
"T_AU_PLAN_ENG","OPERATION_ENDDATE","DATE","tbl_engagement","field_end_on","ExistingTableExistingColumn","Direct copy after datatype coercion and audit-column normalization.","Use IAS_ZTBL default if legacy value is null.","CurrentState","Requires tbl_entity migration and entity-code crosswalk.","High","Engagement master."
"T_AU_PLAN_ENG","TRAVEL_DAY","NUMBER","tbl_engagement","travel_days","ExistingTableExistingColumn","Direct copy after datatype coercion and audit-column normalization.","Use IAS_ZTBL default if legacy value is null.","CurrentState","Requires tbl_entity migration and entity-code crosswalk.","High","Engagement master."
"T_AU_PLAN_ENG","REVENUE_RECORD_DAY","NUMBER","tbl_engagement","REVIEW_REQUIRED","ExistingTableRequiredColumn","Manual mapping required; no safe automatic target column was inferred.","Use IAS_ZTBL default if legacy value is null.","CurrentState","Requires tbl_entity migration and entity-code crosswalk.","Low","Engagement master."
"T_AU_PLAN_ENG","DISCUSSION_DAY","NUMBER","tbl_engagement","discussion_days","ExistingTableExistingColumn","Direct copy after datatype coercion and audit-column normalization.","Use IAS_ZTBL default if legacy value is null.","CurrentState","Requires tbl_entity migration and entity-code crosswalk.","High","Engagement master."
"T_AU_PLAN_ENG","BRANCH_CODE","VARCHAR2","tbl_engagement","REVIEW_REQUIRED","ExistingTableRequiredColumn","Manual mapping required; no safe automatic target column was inferred.","Use IAS_ZTBL default if legacy value is null.","CurrentState","Requires tbl_entity migration and entity-code crosswalk.","Low","Engagement master."
"T_AU_PLAN_ENG_LOG","ID","NUMBER","tbl_workflow_event","workflow_event_id","ExistingTableExistingColumn","Direct copy after datatype coercion and audit-column normalization.","Use IAS_ZTBL default if legacy value is null.","WorkflowEvent","Requires parent table load order and surrogate key crosswalk.","Medium","Engagement change log."
"T_AU_PLAN_ENG_LOG","E_ID","NUMBER","tbl_workflow_event","workflow_event_id","ExistingTableExistingColumn","Direct copy after datatype coercion and audit-column normalization.","Use IAS_ZTBL default if legacy value is null.","WorkflowEvent","Requires parent table load order and surrogate key crosswalk.","Medium","Engagement change log."
"T_AU_PLAN_ENG_LOG","STATUS_ID","NUMBER","tbl_workflow_event","status_id","ExistingTableRequiredColumn","Map legacy status identifier/text to normalized lookup.","Use IAS_ZTBL default if legacy value is null.","WorkflowEvent","Requires status/lookup normalization register and lookup load order.","Medium","Engagement change log."
"T_AU_PLAN_ENG_LOG","CREATEDBY_ID","NUMBER","tbl_workflow_event","workflow_event_id","ExistingTableExistingColumn","Direct copy after datatype coercion and audit-column normalization.","Use IAS_ZTBL default if legacy value is null.","WorkflowEvent","Requires parent table load order and surrogate key crosswalk.","Medium","Engagement change log."
"T_AU_PLAN_ENG_LOG","CREATED_ON","DATE","tbl_workflow_event","created_on","ExistingTableExistingColumn","Direct copy after datatype coercion and audit-column normalization.","Use IAS_ZTBL default if legacy value is null.","WorkflowEvent","Requires parent table load order and surrogate key crosswalk.","Medium","Engagement change log."
"T_AU_PLAN_ENG_LOG","REMARKS","VARCHAR2","tbl_workflow_event","REVIEW_REQUIRED","ExistingTableRequiredColumn","Manual mapping required; no safe automatic target column was inferred.","Use IAS_ZTBL default if legacy value is null.","WorkflowEvent","Requires parent table load order and surrogate key crosswalk.","Low","Engagement change log."
"T_AU_PLAN_ENG_LOG","UPDATED_BY","NUMBER","tbl_workflow_event","modified_by","ExistingTableExistingColumn","Resolve legacy PP/user identifier to tbl_user.user_id.","Use IAS_ZTBL default if legacy value is null.","WorkflowEvent","Requires tbl_user migration and PPNO-to-user_id crosswalk.","Medium","Engagement change log."
"T_AU_PLAN_ENG_LOG","LAST_UPDATED_ON","DATE","tbl_workflow_event","modified_on","ExistingTableExistingColumn","Direct copy after datatype coercion and audit-column normalization.","Use IAS_ZTBL default if legacy value is null.","WorkflowEvent","Requires parent table load order and surrogate key crosswalk.","Medium","Engagement change log."
"T_AU_PLAN_ENG_LOG","COMMENTS","VARCHAR2","tbl_workflow_event","REVIEW_REQUIRED","ExistingTableRequiredColumn","Manual mapping required; no safe automatic target column was inferred.","Use IAS_ZTBL default if legacy value is null.","WorkflowEvent","Requires parent table load order and surrogate key crosswalk.","Low","Engagement change log."
"T_AU_PLAN_ENG_STATUS","ID","NUMBER","REVIEW_REQUIRED","REVIEW_REQUIRED","ReviewRequired","Manual mapping required; no safe automatic target column was inferred.","Use IAS_ZTBL default if legacy value is null.","Review","Requires parent table load order and surrogate key crosswalk.","Low","No confident automatic target mapping."
"T_AU_PLAN_ENG_STATUS","STATUS","VARCHAR2","REVIEW_REQUIRED","REVIEW_REQUIRED","ReviewRequired","Manual mapping required; no safe automatic target column was inferred.","Use IAS_ZTBL default if legacy value is null.","Review","Requires parent table load order and surrogate key crosswalk.","Low","No confident automatic target mapping."
"T_AU_PLAN_STATUS","ID","NUMBER","REVIEW_REQUIRED","REVIEW_REQUIRED","ReviewRequired","Manual mapping required; no safe automatic target column was inferred.","Use IAS_ZTBL default if legacy value is null.","Review","Requires parent table load order and surrogate key crosswalk.","Low","No confident automatic target mapping."
"T_AU_PLAN_STATUS","STATUS","VARCHAR2","REVIEW_REQUIRED","REVIEW_REQUIRED","ReviewRequired","Manual mapping required; no safe automatic target column was inferred.","Use IAS_ZTBL default if legacy value is null.","Review","Requires parent table load order and surrogate key crosswalk.","Low","No confident automatic target mapping."
"T_AU_POST_COMPLIANCE_FLOW","ID","NUMBER","REVIEW_REQUIRED","REVIEW_REQUIRED","ReviewRequired","Manual mapping required; no safe automatic target column was inferred.","Use IAS_ZTBL default if legacy value is null.","Review","Requires parent table load order and surrogate key crosswalk.","Low","No confident automatic target mapping."
"T_AU_POST_COMPLIANCE_FLOW","ENTITY_TYPE","NUMBER","REVIEW_REQUIRED","REVIEW_REQUIRED","ReviewRequired","Manual mapping required; no safe automatic target column was inferred.","Use IAS_ZTBL default if legacy value is null.","Review","Requires parent table load order and surrogate key crosswalk.","Low","No confident automatic target mapping."
"T_AU_POST_COMPLIANCE_FLOW","ROLE_ID","NUMBER","REVIEW_REQUIRED","role_id","ReviewRequired","Direct copy after datatype coercion and audit-column normalization.","Use IAS_ZTBL default if legacy value is null.","Review","Requires status/lookup normalization register and lookup load order.","Medium","No confident automatic target mapping."
"T_AU_POST_COMPLIANCE_FLOW","NEXT_R_ID","NUMBER","REVIEW_REQUIRED","REVIEW_REQUIRED","ReviewRequired","Manual mapping required; no safe automatic target column was inferred.","Use IAS_ZTBL default if legacy value is null.","Review","Requires parent table load order and surrogate key crosswalk.","Low","No confident automatic target mapping."
"T_AU_POST_COMPLIANCE_FLOW","PER_R_ID","NUMBER","REVIEW_REQUIRED","REVIEW_REQUIRED","ReviewRequired","Manual mapping required; no safe automatic target column was inferred.","Use IAS_ZTBL default if legacy value is null.","Review","Requires parent table load order and surrogate key crosswalk.","Low","No confident automatic target mapping."
"T_AU_POST_COMPLIANCE_FLOW","C_STATUS_UP","NUMBER","REVIEW_REQUIRED","REVIEW_REQUIRED","ReviewRequired","Manual mapping required; no safe automatic target column was inferred.","Use IAS_ZTBL default if legacy value is null.","Review","Requires parent table load order and surrogate key crosswalk.","Low","No confident automatic target mapping."
"T_AU_POST_COMPLIANCE_FLOW","C_STATUS_DOWN","NUMBER","REVIEW_REQUIRED","REVIEW_REQUIRED","ReviewRequired","Manual mapping required; no safe automatic target column was inferred.","Use IAS_ZTBL default if legacy value is null.","Review","Requires parent table load order and surrogate key crosswalk.","Low","No confident automatic target mapping."
"T_AU_POST_COMPLIANCE_FLOW","SETTLEMENT_POWER","VARCHAR2","REVIEW_REQUIRED","REVIEW_REQUIRED","ReviewRequired","Manual mapping required; no safe automatic target column was inferred.","Use IAS_ZTBL default if legacy value is null.","Review","Requires parent table load order and surrogate key crosswalk.","Low","No confident automatic target mapping."
"T_AU_POST_COMPLIANCE_FLOW","ACTIVE","CHAR","REVIEW_REQUIRED","REVIEW_REQUIRED","ReviewRequired","Manual mapping required; no safe automatic target column was inferred.","Use IAS_ZTBL default if legacy value is null.","Review","Requires parent table load order and surrogate key crosswalk.","Low","No confident automatic target mapping."
"T_AU_POST_COMPLIANCE_SETTLEMETMENT_HISTORY","ID","NUMBER","tbl_para_settlement_history","para_settlement_history_id","RequiredTable","Direct copy after datatype coercion and audit-column normalization.","Use IAS_ZTBL default if legacy value is null.","History","Requires parent table load order and surrogate key crosswalk.","Medium","Settlement review history requires DDL extension."
"T_AU_POST_COMPLIANCE_SETTLEMETMENT_HISTORY","PARA_CATEGORY","VARCHAR2","tbl_para_settlement_history","REVIEW_REQUIRED","RequiredTable","Manual mapping required; no safe automatic target column was inferred.","Use IAS_ZTBL default if legacy value is null.","History","Requires parent table load order and surrogate key crosswalk.","Low","Settlement review history requires DDL extension."
"T_AU_POST_COMPLIANCE_SETTLEMETMENT_HISTORY","REF_P","VARCHAR2","tbl_para_settlement_history","REVIEW_REQUIRED","RequiredTable","Manual mapping required; no safe automatic target column was inferred.","Use IAS_ZTBL default if legacy value is null.","History","Requires parent table load order and surrogate key crosswalk.","Low","Settlement review history requires DDL extension."
"T_AU_POST_COMPLIANCE_SETTLEMETMENT_HISTORY","AU_OBS_ID","NUMBER","tbl_para_settlement_history","para_settlement_history_id","RequiredTable","Direct copy after datatype coercion and audit-column normalization.","Use IAS_ZTBL default if legacy value is null.","History","Requires parent table load order and surrogate key crosswalk.","Medium","Settlement review history requires DDL extension."
"T_AU_POST_COMPLIANCE_SETTLEMETMENT_HISTORY","SETTLED_BY","NUMBER","tbl_para_settlement_history","REVIEW_REQUIRED","RequiredTable","Manual mapping required; no safe automatic target column was inferred.","Use IAS_ZTBL default if legacy value is null.","History","Requires parent table load order and surrogate key crosswalk.","Low","Settlement review history requires DDL extension."
"T_AU_POST_COMPLIANCE_SETTLEMETMENT_HISTORY","SETTLED_ON","DATE","tbl_para_settlement_history","REVIEW_REQUIRED","RequiredTable","Manual mapping required; no safe automatic target column was inferred.","Use IAS_ZTBL default if legacy value is null.","History","Requires parent table load order and surrogate key crosswalk.","Low","Settlement review history requires DDL extension."
"T_AU_POST_COMPLIANCE_SETTLEMETMENT_HISTORY","COMPLIANCE_CYCLE","NUMBER","tbl_para_settlement_history","REVIEW_REQUIRED","RequiredTable","Manual mapping required; no safe automatic target column was inferred.","Use IAS_ZTBL default if legacy value is null.","History","Requires parent table load order and surrogate key crosswalk.","Low","Settlement review history requires DDL extension."
"T_AU_POST_COMPLIANCE_SETTLEMETMENT_HISTORY","ENTITY_ID","NUMBER","tbl_para_settlement_history","entity_id","RequiredTable","Direct copy after datatype coercion and audit-column normalization.","Use IAS_ZTBL default if legacy value is null.","History","Requires tbl_entity migration and entity-code crosswalk.","Medium","Settlement review history requires DDL extension."
"T_AU_POST_COMPLIANCE_SETTLEMETMENT_HISTORY","AUDITEDBY","NUMBER","tbl_para_settlement_history","REVIEW_REQUIRED","RequiredTable","Manual mapping required; no safe automatic target column was inferred.","Use IAS_ZTBL default if legacy value is null.","History","Requires parent table load order and surrogate key crosswalk.","Low","Settlement review history requires DDL extension."
"T_AU_POST_COMPLIANCE_SETTLEMETMENT_HISTORY","REVIEWED_BY","NUMBER","tbl_para_settlement_history","approved_by","RequiredTable","Resolve reviewer/approver to tbl_user.user_id.","Use IAS_ZTBL default if legacy value is null.","History","Requires tbl_user migration and PPNO-to-user_id crosswalk.","Medium","Settlement review history requires DDL extension."
"T_AU_POST_COMPLIANCE_SETTLEMETMENT_HISTORY","REVIEWED_ON","DATE","tbl_para_settlement_history","approved_on","RequiredTable","Direct copy after datatype coercion and audit-column normalization.","Use IAS_ZTBL default if legacy value is null.","History","Requires parent table load order and surrogate key crosswalk.","Medium","Settlement review history requires DDL extension."
"T_AU_POST_COMPLIANCE_SETTLEMETMENT_HISTORY","REMARKS","VARCHAR2","tbl_para_settlement_history","REVIEW_REQUIRED","RequiredTable","Manual mapping required; no safe automatic target column was inferred.","Use IAS_ZTBL default if legacy value is null.","History","Requires parent table load order and surrogate key crosswalk.","Low","Settlement review history requires DDL extension."
"T_AU_PREINFO_GLDAYENDBALANCE","YEAR","NUMBER","REVIEW_REQUIRED","REVIEW_REQUIRED","ReviewRequired","Manual mapping required; no safe automatic target column was inferred.","Use IAS_ZTBL default if legacy value is null.","Review","Requires parent table load order and surrogate key crosswalk.","Low","No confident automatic target mapping."
"T_AU_PREINFO_GLDAYENDBALANCE","ENDDATE","DATE","REVIEW_REQUIRED","REVIEW_REQUIRED","ReviewRequired","Manual mapping required; no safe automatic target column was inferred.","Use IAS_ZTBL default if legacy value is null.","Review","Requires parent table load order and surrogate key crosswalk.","Low","No confident automatic target mapping."
"T_AU_PREINFO_GLDAYENDBALANCE","CODE","VARCHAR2","REVIEW_REQUIRED","REVIEW_REQUIRED","ReviewRequired","Manual mapping required; no safe automatic target column was inferred.","Use IAS_ZTBL default if legacy value is null.","Review","Requires parent table load order and surrogate key crosswalk.","Low","No confident automatic target mapping."
"T_AU_PREINFO_GLDAYENDBALANCE","NAME","VARCHAR2","REVIEW_REQUIRED","name","ReviewRequired","Direct copy after datatype coercion and audit-column normalization.","Use IAS_ZTBL default if legacy value is null.","Review","Requires parent table load order and surrogate key crosswalk.","Low","No confident automatic target mapping."
"T_AU_PREINFO_GLDAYENDBALANCE","GL_TYPEID","NUMBER","REVIEW_REQUIRED","REVIEW_REQUIRED","ReviewRequired","Manual mapping required; no safe automatic target column was inferred.","Use IAS_ZTBL default if legacy value is null.","Review","Requires parent table load order and surrogate key crosswalk.","Low","No confident automatic target mapping."
"T_AU_PREINFO_GLDAYENDBALANCE","DESCRIPTION","VARCHAR2","REVIEW_REQUIRED","description","ReviewRequired","Direct copy after datatype coercion and audit-column normalization.","Use IAS_ZTBL default if legacy value is null.","Review","Requires parent table load order and surrogate key crosswalk.","Low","No confident automatic target mapping."
"T_AU_PREINFO_GLDAYENDBALANCE","GLSUBCODE","VARCHAR2","REVIEW_REQUIRED","REVIEW_REQUIRED","ReviewRequired","Manual mapping required; no safe automatic target column was inferred.","Use IAS_ZTBL default if legacy value is null.","Review","Requires parent table load order and surrogate key crosswalk.","Low","No confident automatic target mapping."
"T_AU_PREINFO_GLDAYENDBALANCE","GLSUBNAME","VARCHAR2","REVIEW_REQUIRED","name","ReviewRequired","Direct copy after datatype coercion and audit-column normalization.","Use IAS_ZTBL default if legacy value is null.","Review","Requires parent table load order and surrogate key crosswalk.","Low","No confident automatic target mapping."
"T_AU_PREINFO_GLDAYENDBALANCE","RUNNING_DR","NUMBER","REVIEW_REQUIRED","REVIEW_REQUIRED","ReviewRequired","Manual mapping required; no safe automatic target column was inferred.","Use IAS_ZTBL default if legacy value is null.","Review","Requires parent table load order and surrogate key crosswalk.","Low","No confident automatic target mapping."
"T_AU_PREINFO_GLDAYENDBALANCE","CR","NUMBER","REVIEW_REQUIRED","REVIEW_REQUIRED","ReviewRequired","Manual mapping required; no safe automatic target column was inferred.","Use IAS_ZTBL default if legacy value is null.","Review","Requires parent table load order and surrogate key crosswalk.","Low","No confident automatic target mapping."
"T_AU_PREINFO_GLDAYENDBALANCE","BALANCE","NUMBER","REVIEW_REQUIRED","REVIEW_REQUIRED","ReviewRequired","Manual mapping required; no safe automatic target column was inferred.","Use IAS_ZTBL default if legacy value is null.","Review","Requires parent table load order and surrogate key crosswalk.","Low","No confident automatic target mapping."
"T_AU_PREINFO_GLDAYENDBALANCE","BALANCETYPE","CHAR","REVIEW_REQUIRED","REVIEW_REQUIRED","ReviewRequired","Manual mapping required; no safe automatic target column was inferred.","Use IAS_ZTBL default if legacy value is null.","Review","Requires parent table load order and surrogate key crosswalk.","Low","No confident automatic target mapping."
"T_AU_PREINFO_GLDAYENDBALANCE","ENITITY_ID","NUMBER","REVIEW_REQUIRED","REVIEW_REQUIRED","ReviewRequired","Manual mapping required; no safe automatic target column was inferred.","Use IAS_ZTBL default if legacy value is null.","Review","Requires parent table load order and surrogate key crosswalk.","Low","No confident automatic target mapping."
"T_AU_PREINFO_GL_TYPE","GL_TYPEID","NUMBER","REVIEW_REQUIRED","REVIEW_REQUIRED","ReviewRequired","Manual mapping required; no safe automatic target column was inferred.","Use IAS_ZTBL default if legacy value is null.","Review","Requires parent table load order and surrogate key crosswalk.","Low","No confident automatic target mapping."
"T_AU_PREINFO_GL_TYPE","GL_TYPE_CODE","VARCHAR2","REVIEW_REQUIRED","REVIEW_REQUIRED","ReviewRequired","Manual mapping required; no safe automatic target column was inferred.","Use IAS_ZTBL default if legacy value is null.","Review","Requires parent table load order and surrogate key crosswalk.","Low","No confident automatic target mapping."
"T_AU_PREINFO_GL_TYPE","DESCRIPTION","VARCHAR2","REVIEW_REQUIRED","description","ReviewRequired","Direct copy after datatype coercion and audit-column normalization.","Use IAS_ZTBL default if legacy value is null.","Review","Requires parent table load order and surrogate key crosswalk.","Low","No confident automatic target mapping."
"T_AU_PRE_PLAN","ID","NUMBER","REVIEW_REQUIRED","REVIEW_REQUIRED","ReviewRequired","Manual mapping required; no safe automatic target column was inferred.","Use IAS_ZTBL default if legacy value is null.","Review","Requires parent table load order and surrogate key crosswalk.","Low","No confident automatic target mapping."
"T_AU_PRE_PLAN","CRITERIA_ID","NUMBER","REVIEW_REQUIRED","REVIEW_REQUIRED","ReviewRequired","Manual mapping required; no safe automatic target column was inferred.","Use IAS_ZTBL default if legacy value is null.","Review","Requires parent table load order and surrogate key crosswalk.","Low","No confident automatic target mapping."
"T_AU_PRE_PLAN","AUDITPERIODID","NUMBER","REVIEW_REQUIRED","REVIEW_REQUIRED","ReviewRequired","Manual mapping required; no safe automatic target column was inferred.","Use IAS_ZTBL default if legacy value is null.","Review","Requires parent table load order and surrogate key crosswalk.","Low","No confident automatic target mapping."
"T_AU_PRE_PLAN","AUDITEDBY","NUMBER","REVIEW_REQUIRED","REVIEW_REQUIRED","ReviewRequired","Manual mapping required; no safe automatic target column was inferred.","Use IAS_ZTBL default if legacy value is null.","Review","Requires parent table load order and surrogate key crosswalk.","Low","No confident automatic target mapping."
"T_AU_PRE_PLAN","ENTITY_ID","NUMBER","REVIEW_REQUIRED","entity_id","ReviewRequired","Direct copy after datatype coercion and audit-column normalization.","Use IAS_ZTBL default if legacy value is null.","Review","Requires tbl_entity migration and entity-code crosswalk.","Medium","No confident automatic target mapping."
"T_AU_PRE_PLAN","ENTITY_CODE","NUMBER","REVIEW_REQUIRED","REVIEW_REQUIRED","ReviewRequired","Manual mapping required; no safe automatic target column was inferred.","Use IAS_ZTBL default if legacy value is null.","Review","Requires parent table load order and surrogate key crosswalk.","Low","No confident automatic target mapping."
"T_AU_PRE_PLAN","AUDITEE_RISK","NUMBER","REVIEW_REQUIRED","REVIEW_REQUIRED","ReviewRequired","Manual mapping required; no safe automatic target column was inferred.","Use IAS_ZTBL default if legacy value is null.","Review","Requires parent table load order and surrogate key crosswalk.","Low","No confident automatic target mapping."
"T_AU_PRE_PLAN","AUDITEE_SIZE","NUMBER","REVIEW_REQUIRED","REVIEW_REQUIRED","ReviewRequired","Manual mapping required; no safe automatic target column was inferred.","Use IAS_ZTBL default if legacy value is null.","Review","Requires parent table load order and surrogate key crosswalk.","Low","No confident automatic target mapping."
"T_AU_PRE_PLAN","NO_OF_DAYS","NUMBER","REVIEW_REQUIRED","REVIEW_REQUIRED","ReviewRequired","Manual mapping required; no safe automatic target column was inferred.","Use IAS_ZTBL default if legacy value is null.","Review","Requires parent table load order and surrogate key crosswalk.","Low","No confident automatic target mapping."
"T_AU_PRE_PLAN","F_ID","NUMBER","REVIEW_REQUIRED","REVIEW_REQUIRED","ReviewRequired","Manual mapping required; no safe automatic target column was inferred.","Use IAS_ZTBL default if legacy value is null.","Review","Requires parent table load order and surrogate key crosswalk.","Low","No confident automatic target mapping."
"T_AU_PRE_PLAN","COST_CENTER","NUMBER","REVIEW_REQUIRED","REVIEW_REQUIRED","ReviewRequired","Manual mapping required; no safe automatic target column was inferred.","Use IAS_ZTBL default if legacy value is null.","Review","Requires parent table load order and surrogate key crosswalk.","Low","No confident automatic target mapping."
"T_AU_PRE_PLAN","FR_ID","NUMBER","REVIEW_REQUIRED","REVIEW_REQUIRED","ReviewRequired","Manual mapping required; no safe automatic target column was inferred.","Use IAS_ZTBL default if legacy value is null.","Review","Requires parent table load order and surrogate key crosswalk.","Low","No confident automatic target mapping."
"T_AU_PRE_PLAN","ENTITY_TYPEID","NUMBER","REVIEW_REQUIRED","REVIEW_REQUIRED","ReviewRequired","Manual mapping required; no safe automatic target column was inferred.","Use IAS_ZTBL default if legacy value is null.","Review","Requires parent table load order and surrogate key crosswalk.","Low","No confident automatic target mapping."
"T_AU_PRE_PLAN","ROW_ID","NUMBER","REVIEW_REQUIRED","REVIEW_REQUIRED","ReviewRequired","Manual mapping required; no safe automatic target column was inferred.","Use IAS_ZTBL default if legacy value is null.","Review","Requires parent table load order and surrogate key crosswalk.","Low","No confident automatic target mapping."
"T_AU_PRE_PLAN","STATUS","NUMBER","REVIEW_REQUIRED","REVIEW_REQUIRED","ReviewRequired","Manual mapping required; no safe automatic target column was inferred.","Use IAS_ZTBL default if legacy value is null.","Review","Requires parent table load order and surrogate key crosswalk.","Low","No confident automatic target mapping."
"T_AU_PRE_PLAN","NATURE_ID","NUMBER","REVIEW_REQUIRED","REVIEW_REQUIRED","ReviewRequired","Manual mapping required; no safe automatic target column was inferred.","Use IAS_ZTBL default if legacy value is null.","Review","Requires parent table load order and surrogate key crosswalk.","Low","No confident automatic target mapping."
"T_AU_REMARKS","ID","NUMBER","REVIEW_REQUIRED","REVIEW_REQUIRED","ReviewRequired","Manual mapping required; no safe automatic target column was inferred.","Use IAS_ZTBL default if legacy value is null.","Review","Requires parent table load order and surrogate key crosswalk.","Low","No confident automatic target mapping."
"T_AU_REMARKS","REMARKS","VARCHAR2","REVIEW_REQUIRED","REVIEW_REQUIRED","ReviewRequired","Manual mapping required; no safe automatic target column was inferred.","Use IAS_ZTBL default if legacy value is null.","Review","Requires parent table load order and surrogate key crosswalk.","Low","No confident automatic target mapping."
"T_AU_REMARKS","REF","NUMBER","REVIEW_REQUIRED","REVIEW_REQUIRED","ReviewRequired","Manual mapping required; no safe automatic target column was inferred.","Use IAS_ZTBL default if legacy value is null.","Review","Requires parent table load order and surrogate key crosswalk.","Low","No confident automatic target mapping."
"T_AU_REMARKS","PRO","VARCHAR2","REVIEW_REQUIRED","REVIEW_REQUIRED","ReviewRequired","Manual mapping required; no safe automatic target column was inferred.","Use IAS_ZTBL default if legacy value is null.","Review","Requires parent table load order and surrogate key crosswalk.","Low","No confident automatic target mapping."
"T_AU_RESPONSIBILITY_LOG","LOG_ID","NUMBER","tbl_workflow_event","workflow_event_id","ExistingTableExistingColumn","Direct copy after datatype coercion and audit-column normalization.","Use IAS_ZTBL default if legacy value is null.","WorkflowEvent","Requires parent table load order and surrogate key crosswalk.","Medium","Operational history/log normalized into workflow events unless a dedicated history table exists."
"T_AU_RESPONSIBILITY_LOG","OBS_ID","NUMBER","tbl_workflow_event","workflow_event_id","ExistingTableExistingColumn","Direct copy after datatype coercion and audit-column normalization.","Use IAS_ZTBL default if legacy value is null.","WorkflowEvent","Requires parent table load order and surrogate key crosswalk.","Medium","Operational history/log normalized into workflow events unless a dedicated history table exists."
"T_AU_RESPONSIBILITY_LOG","ACTION_TYPE","VARCHAR2","tbl_workflow_event","REVIEW_REQUIRED","ExistingTableRequiredColumn","Manual mapping required; no safe automatic target column was inferred.","Use IAS_ZTBL default if legacy value is null.","WorkflowEvent","Requires parent table load order and surrogate key crosswalk.","Low","Operational history/log normalized into workflow events unless a dedicated history table exists."
"T_AU_RESPONSIBILITY_LOG","RES_PP","NUMBER","tbl_workflow_event","REVIEW_REQUIRED","ExistingTableRequiredColumn","Manual mapping required; no safe automatic target column was inferred.","Use IAS_ZTBL default if legacy value is null.","WorkflowEvent","Requires parent table load order and surrogate key crosswalk.","Low","Operational history/log normalized into workflow events unless a dedicated history table exists."
"T_AU_RESPONSIBILITY_LOG","LOAN_CASE","NUMBER","tbl_workflow_event","REVIEW_REQUIRED","ExistingTableRequiredColumn","Manual mapping required; no safe automatic target column was inferred.","Use IAS_ZTBL default if legacy value is null.","WorkflowEvent","Requires parent table load order and surrogate key crosswalk.","Low","Operational history/log normalized into workflow events unless a dedicated history table exists."
"T_AU_RESPONSIBILITY_LOG","ACCOUNT_NUMBER","NUMBER","tbl_workflow_event","REVIEW_REQUIRED","ExistingTableRequiredColumn","Manual mapping required; no safe automatic target column was inferred.","Use IAS_ZTBL default if legacy value is null.","WorkflowEvent","Requires parent table load order and surrogate key crosswalk.","Low","Operational history/log normalized into workflow events unless a dedicated history table exists."
"T_AU_RESPONSIBILITY_LOG","LC_AMOUNT","NUMBER","tbl_workflow_event","REVIEW_REQUIRED","ExistingTableRequiredColumn","Manual mapping required; no safe automatic target column was inferred.","Use IAS_ZTBL default if legacy value is null.","WorkflowEvent","Requires parent table load order and surrogate key crosswalk.","Low","Operational history/log normalized into workflow events unless a dedicated history table exists."
"T_AU_RESPONSIBILITY_LOG","AC_AMOUNT","NUMBER","tbl_workflow_event","REVIEW_REQUIRED","ExistingTableRequiredColumn","Manual mapping required; no safe automatic target column was inferred.","Use IAS_ZTBL default if legacy value is null.","WorkflowEvent","Requires parent table load order and surrogate key crosswalk.","Low","Operational history/log normalized into workflow events unless a dedicated history table exists."
"T_AU_RESPONSIBILITY_LOG","ACTION_BY","NUMBER","tbl_workflow_event","REVIEW_REQUIRED","ExistingTableRequiredColumn","Manual mapping required; no safe automatic target column was inferred.","Use IAS_ZTBL default if legacy value is null.","WorkflowEvent","Requires parent table load order and surrogate key crosswalk.","Low","Operational history/log normalized into workflow events unless a dedicated history table exists."
"T_AU_RESPONSIBILITY_LOG","ACTION_DATE","DATE","tbl_workflow_event","REVIEW_REQUIRED","ExistingTableRequiredColumn","Manual mapping required; no safe automatic target column was inferred.","Use IAS_ZTBL default if legacy value is null.","WorkflowEvent","Requires parent table load order and surrogate key crosswalk.","Low","Operational history/log normalized into workflow events unless a dedicated history table exists."
"T_AU_RESPONSIBILITY_LOG","REMARKS","VARCHAR2","tbl_workflow_event","REVIEW_REQUIRED","ExistingTableRequiredColumn","Manual mapping required; no safe automatic target column was inferred.","Use IAS_ZTBL default if legacy value is null.","WorkflowEvent","Requires parent table load order and surrogate key crosswalk.","Low","Operational history/log normalized into workflow events unless a dedicated history table exists."
"T_AU_ROLE_API_PERMISSION","ROLE_ID","NUMBER","tbl_role_permission","role_id","ExistingTableExistingColumn","Direct copy after datatype coercion and audit-column normalization.","Use IAS_ZTBL default if legacy value is null.","CurrentState","Requires status/lookup normalization register and lookup load order.","Medium","Role-to-API permission bridge."
"T_AU_ROLE_API_PERMISSION","ROLE_ID","NUMBER","tbl_role_permission","role_id","ExistingTableExistingColumn","Direct copy after datatype coercion and audit-column normalization.","Use IAS_ZTBL default if legacy value is null.","CurrentState","Requires status/lookup normalization register and lookup load order.","Medium","Role-to-API permission bridge."
"T_AU_ROLE_API_PERMISSION","API_ID","NUMBER","tbl_role_permission","api_endpoint_id","ExistingTableRequiredColumn","Direct copy after datatype coercion and audit-column normalization.","Use IAS_ZTBL default if legacy value is null.","CurrentState","Requires parent table load order and surrogate key crosswalk.","Medium","Role-to-API permission bridge."
"T_AU_ROLE_API_PERMISSION","API_ID","NUMBER","tbl_role_permission","api_endpoint_id","ExistingTableRequiredColumn","Direct copy after datatype coercion and audit-column normalization.","Use IAS_ZTBL default if legacy value is null.","CurrentState","Requires parent table load order and surrogate key crosswalk.","Medium","Role-to-API permission bridge."
"T_AU_ROLE_API_PERMISSION","IS_ACTIVE","CHAR","tbl_role_permission","REVIEW_REQUIRED","ExistingTableRequiredColumn","Manual mapping required; no safe automatic target column was inferred.","Use IAS_ZTBL default if legacy value is null.","CurrentState","Requires parent table load order and surrogate key crosswalk.","Low","Role-to-API permission bridge."
"T_AU_ROLE_API_PERMISSION","CREATED_ON","DATE","tbl_role_permission","created_on","ExistingTableExistingColumn","Direct copy after datatype coercion and audit-column normalization.","Use IAS_ZTBL default if legacy value is null.","CurrentState","Requires parent table load order and surrogate key crosswalk.","Medium","Role-to-API permission bridge."
"T_AU_ROLE_API_PERMISSION","CREATED_BY","NUMBER","tbl_role_permission","created_by","ExistingTableExistingColumn","Resolve legacy PP/user identifier to tbl_user.user_id.","Use IAS_ZTBL default if legacy value is null.","CurrentState","Requires tbl_user migration and PPNO-to-user_id crosswalk.","Medium","Role-to-API permission bridge."
"T_AU_SAMPLE","ID","NUMBER","REVIEW_REQUIRED","REVIEW_REQUIRED","ReviewRequired","Manual mapping required; no safe automatic target column was inferred.","Use IAS_ZTBL default if legacy value is null.","Review","Requires parent table load order and surrogate key crosswalk.","Low","No confident automatic target mapping."
"T_AU_SAMPLE","SAMPLE_TYPE","VARCHAR2","REVIEW_REQUIRED","REVIEW_REQUIRED","ReviewRequired","Manual mapping required; no safe automatic target column was inferred.","Use IAS_ZTBL default if legacy value is null.","Review","Requires parent table load order and surrogate key crosswalk.","Low","No confident automatic target mapping."
"T_AU_SAMPLE","SAMPLE_PERCENTAGE","NUMBER","REVIEW_REQUIRED","REVIEW_REQUIRED","ReviewRequired","Manual mapping required; no safe automatic target column was inferred.","Use IAS_ZTBL default if legacy value is null.","Review","Requires parent table load order and surrogate key crosswalk.","Low","No confident automatic target mapping."
"T_AU_SAMPLE","SAMPLE_PERCENTAGE_MEDIUM","NUMBER","REVIEW_REQUIRED","REVIEW_REQUIRED","ReviewRequired","Manual mapping required; no safe automatic target column was inferred.","Use IAS_ZTBL default if legacy value is null.","Review","Requires parent table load order and surrogate key crosswalk.","Low","No confident automatic target mapping."
"T_AU_SAMPLE","SAMPLE_PERCENTAGE_HIGH","NUMBER","REVIEW_REQUIRED","REVIEW_REQUIRED","ReviewRequired","Manual mapping required; no safe automatic target column was inferred.","Use IAS_ZTBL default if legacy value is null.","Review","Requires parent table load order and surrogate key crosswalk.","Low","No confident automatic target mapping."
"T_AU_SAMPLE","LOAN_STATUS","NUMBER","REVIEW_REQUIRED","REVIEW_REQUIRED","ReviewRequired","Manual mapping required; no safe automatic target column was inferred.","Use IAS_ZTBL default if legacy value is null.","Review","Requires parent table load order and surrogate key crosswalk.","Low","No confident automatic target mapping."
"T_AU_SAMPLE","STATUS","VARCHAR2","REVIEW_REQUIRED","REVIEW_REQUIRED","ReviewRequired","Manual mapping required; no safe automatic target column was inferred.","Use IAS_ZTBL default if legacy value is null.","Review","Requires parent table load order and surrogate key crosswalk.","Low","No confident automatic target mapping."
"T_AU_SAMPLE","IND","VARCHAR2","REVIEW_REQUIRED","REVIEW_REQUIRED","ReviewRequired","Manual mapping required; no safe automatic target column was inferred.","Use IAS_ZTBL default if legacy value is null.","Review","Requires parent table load order and surrogate key crosswalk.","Low","No confident automatic target mapping."
"T_AU_SAMPLE_BRANCH","ID","NUMBER","REVIEW_REQUIRED","REVIEW_REQUIRED","ReviewRequired","Manual mapping required; no safe automatic target column was inferred.","Use IAS_ZTBL default if legacy value is null.","Review","Requires parent table load order and surrogate key crosswalk.","Low","No confident automatic target mapping."
"T_AU_SAMPLE_BRANCH","ENG_ID","NUMBER","REVIEW_REQUIRED","REVIEW_REQUIRED","ReviewRequired","Manual mapping required; no safe automatic target column was inferred.","Use IAS_ZTBL default if legacy value is null.","Review","Requires parent table load order and surrogate key crosswalk.","Low","No confident automatic target mapping."
"T_AU_SAMPLE_BRANCH","S_ID","NUMBER","REVIEW_REQUIRED","REVIEW_REQUIRED","ReviewRequired","Manual mapping required; no safe automatic target column was inferred.","Use IAS_ZTBL default if legacy value is null.","Review","Requires parent table load order and surrogate key crosswalk.","Low","No confident automatic target mapping."
"T_AU_SAMPLE_BRANCH","AC_NO","NUMBER","REVIEW_REQUIRED","REVIEW_REQUIRED","ReviewRequired","Manual mapping required; no safe automatic target column was inferred.","Use IAS_ZTBL default if legacy value is null.","Review","Requires parent table load order and surrogate key crosswalk.","Low","No confident automatic target mapping."
"T_AU_SAMPLE_BRANCH","LOAN_ID","NUMBER","REVIEW_REQUIRED","REVIEW_REQUIRED","ReviewRequired","Manual mapping required; no safe automatic target column was inferred.","Use IAS_ZTBL default if legacy value is null.","Review","Requires parent table load order and surrogate key crosswalk.","Low","No confident automatic target mapping."
"T_AU_SAMPLE_BRANCH","DISB_ID","NUMBER","REVIEW_REQUIRED","REVIEW_REQUIRED","ReviewRequired","Manual mapping required; no safe automatic target column was inferred.","Use IAS_ZTBL default if legacy value is null.","Review","Requires parent table load order and surrogate key crosswalk.","Low","No confident automatic target mapping."
"T_AU_SAMPLE_BRANCH","L_STATUS","NUMBER","REVIEW_REQUIRED","REVIEW_REQUIRED","ReviewRequired","Manual mapping required; no safe automatic target column was inferred.","Use IAS_ZTBL default if legacy value is null.","Review","Requires parent table load order and surrogate key crosswalk.","Low","No confident automatic target mapping."
"T_AU_SAMPLE_BRANCH","IND","VARCHAR2","REVIEW_REQUIRED","REVIEW_REQUIRED","ReviewRequired","Manual mapping required; no safe automatic target column was inferred.","Use IAS_ZTBL default if legacy value is null.","Review","Requires parent table load order and surrogate key crosswalk.","Low","No confident automatic target mapping."
"T_AU_SAMPLE_BRANCH","LOAN_CASE","VARCHAR2","REVIEW_REQUIRED","REVIEW_REQUIRED","ReviewRequired","Manual mapping required; no safe automatic target column was inferred.","Use IAS_ZTBL default if legacy value is null.","Review","Requires parent table load order and surrogate key crosswalk.","Low","No confident automatic target mapping."
"T_AU_SAMPLE_DATA","ID","NUMBER","REVIEW_REQUIRED","REVIEW_REQUIRED","ReviewRequired","Manual mapping required; no safe automatic target column was inferred.","Use IAS_ZTBL default if legacy value is null.","Review","Requires parent table load order and surrogate key crosswalk.","Low","No confident automatic target mapping."
"T_AU_SAMPLE_DATA","EG_ID","NUMBER","REVIEW_REQUIRED","REVIEW_REQUIRED","ReviewRequired","Manual mapping required; no safe automatic target column was inferred.","Use IAS_ZTBL default if legacy value is null.","Review","Requires parent table load order and surrogate key crosswalk.","Low","No confident automatic target mapping."
"T_AU_SAMPLE_DATA","S_ID","NUMBER","REVIEW_REQUIRED","REVIEW_REQUIRED","ReviewRequired","Manual mapping required; no safe automatic target column was inferred.","Use IAS_ZTBL default if legacy value is null.","Review","Requires parent table load order and surrogate key crosswalk.","Low","No confident automatic target mapping."
"T_AU_SAMPLE_DATA","SAMP_TOT","NUMBER","REVIEW_REQUIRED","REVIEW_REQUIRED","ReviewRequired","Manual mapping required; no safe automatic target column was inferred.","Use IAS_ZTBL default if legacy value is null.","Review","Requires parent table load order and surrogate key crosswalk.","Low","No confident automatic target mapping."
"T_AU_SAMPLE_DATA","SAMPLE_PERCENTAGE","NUMBER","REVIEW_REQUIRED","REVIEW_REQUIRED","ReviewRequired","Manual mapping required; no safe automatic target column was inferred.","Use IAS_ZTBL default if legacy value is null.","Review","Requires parent table load order and surrogate key crosswalk.","Low","No confident automatic target mapping."
"T_AU_SAMPLE_DATA","SAMPLE_FINAL","NUMBER","REVIEW_REQUIRED","REVIEW_REQUIRED","ReviewRequired","Manual mapping required; no safe automatic target column was inferred.","Use IAS_ZTBL default if legacy value is null.","Review","Requires parent table load order and surrogate key crosswalk.","Low","No confident automatic target mapping."
"T_AU_SAMPLE_DATA","STATUS","VARCHAR2","REVIEW_REQUIRED","REVIEW_REQUIRED","ReviewRequired","Manual mapping required; no safe automatic target column was inferred.","Use IAS_ZTBL default if legacy value is null.","Review","Requires parent table load order and surrogate key crosswalk.","Low","No confident automatic target mapping."
"T_AU_TBL_ALLOCATIONS","ALLOCATION_ID","NUMBER","REVIEW_REQUIRED","REVIEW_REQUIRED","ReviewRequired","Manual mapping required; no safe automatic target column was inferred.","Use IAS_ZTBL default if legacy value is null.","Review","Requires parent table load order and surrogate key crosswalk.","Low","No confident automatic target mapping."
"T_AU_TBL_ALLOCATIONS","ALLOCATION_ID","NUMBER","REVIEW_REQUIRED","REVIEW_REQUIRED","ReviewRequired","Manual mapping required; no safe automatic target column was inferred.","Use IAS_ZTBL default if legacy value is null.","Review","Requires parent table load order and surrogate key crosswalk.","Low","No confident automatic target mapping."
"T_AU_TBL_ALLOCATIONS","AZ_ID","NUMBER","REVIEW_REQUIRED","REVIEW_REQUIRED","ReviewRequired","Manual mapping required; no safe automatic target column was inferred.","Use IAS_ZTBL default if legacy value is null.","Review","Requires parent table load order and surrogate key crosswalk.","Low","No confident automatic target mapping."
"T_AU_TBL_ALLOCATIONS","ENT_ID","NUMBER","REVIEW_REQUIRED","REVIEW_REQUIRED","ReviewRequired","Manual mapping required; no safe automatic target column was inferred.","Use IAS_ZTBL default if legacy value is null.","Review","Requires parent table load order and surrogate key crosswalk.","Low","No confident automatic target mapping."
"T_AU_TBL_ALLOCATIONS","AUDITOR_PPNO","NUMBER","REVIEW_REQUIRED","user_id","ReviewRequired","Resolve legacy PPNO to tbl_user.user_id crosswalk.","Use IAS_ZTBL default if legacy value is null.","Review","Requires tbl_user migration and PPNO-to-user_id crosswalk.","Medium","No confident automatic target mapping."
"T_AU_TBL_ALLOCATIONS","ASSIGNED_BY","NUMBER","REVIEW_REQUIRED","REVIEW_REQUIRED","ReviewRequired","Manual mapping required; no safe automatic target column was inferred.","Use IAS_ZTBL default if legacy value is null.","Review","Requires parent table load order and surrogate key crosswalk.","Low","No confident automatic target mapping."
"T_AU_TBL_ALLOCATIONS","ASSIGNED_ON","DATE","REVIEW_REQUIRED","REVIEW_REQUIRED","ReviewRequired","Manual mapping required; no safe automatic target column was inferred.","Use IAS_ZTBL default if legacy value is null.","Review","Requires parent table load order and surrogate key crosswalk.","Low","No confident automatic target mapping."
"T_AU_TBL_ALLOCATIONS","APPROVED_BY","NUMBER","REVIEW_REQUIRED","approved_by","ReviewRequired","Resolve reviewer/approver to tbl_user.user_id.","Use IAS_ZTBL default if legacy value is null.","Review","Requires tbl_user migration and PPNO-to-user_id crosswalk.","Medium","No confident automatic target mapping."
"T_AU_TBL_ALLOCATIONS","APPROVED_ON","DATE","REVIEW_REQUIRED","approved_on","ReviewRequired","Direct copy after datatype coercion and audit-column normalization.","Use IAS_ZTBL default if legacy value is null.","Review","Requires parent table load order and surrogate key crosswalk.","Medium","No confident automatic target mapping."
"T_AU_TEAM_MEMBERS","T_ID","NUMBER","tbl_engagement_member","engagement_member_id","ExistingTableExistingColumn","Direct copy after datatype coercion and audit-column normalization.","Use IAS_ZTBL default if legacy value is null.","CurrentState","Requires tbl_entity migration and entity-code crosswalk.","Medium","Engagement team members."
"T_AU_TEAM_MEMBERS","TEAM_NAME","VARCHAR2","tbl_engagement_member","name","ExistingTableRequiredColumn","Direct copy after datatype coercion and audit-column normalization.","Use IAS_ZTBL default if legacy value is null.","CurrentState","Requires tbl_entity migration and entity-code crosswalk.","Low","Engagement team members."
"T_AU_TEAM_MEMBERS","MEMBER_PPNO","NUMBER","tbl_engagement_member","user_id","ExistingTableExistingColumn","Resolve legacy PPNO to tbl_user.user_id crosswalk.","Use IAS_ZTBL default if legacy value is null.","CurrentState","Requires tbl_user migration and PPNO-to-user_id crosswalk.","Medium","Engagement team members."
"T_AU_TEAM_MEMBERS","MEMBER_NAME","VARCHAR2","tbl_engagement_member","name","ExistingTableRequiredColumn","Direct copy after datatype coercion and audit-column normalization.","Use IAS_ZTBL default if legacy value is null.","CurrentState","Requires tbl_entity migration and entity-code crosswalk.","Low","Engagement team members."
"T_AU_TEAM_MEMBERS","ISTEAMLEAD","VARCHAR2","tbl_engagement_member","REVIEW_REQUIRED","ExistingTableRequiredColumn","Manual mapping required; no safe automatic target column was inferred.","Use IAS_ZTBL default if legacy value is null.","CurrentState","Requires tbl_entity migration and entity-code crosswalk.","Low","Engagement team members."
"T_AU_TEAM_MEMBERS","PLACE_OF_POSTING","NUMBER","tbl_engagement_member","REVIEW_REQUIRED","ExistingTableRequiredColumn","Manual mapping required; no safe automatic target column was inferred.","Use IAS_ZTBL default if legacy value is null.","CurrentState","Requires tbl_entity migration and entity-code crosswalk.","Low","Engagement team members."
"T_AU_TEAM_MEMBERS","STATUS","VARCHAR2","tbl_engagement_member","REVIEW_REQUIRED","ExistingTableRequiredColumn","Manual mapping required; no safe automatic target column was inferred.","Use IAS_ZTBL default if legacy value is null.","CurrentState","Requires tbl_entity migration and entity-code crosswalk.","Low","Engagement team members."
"T_AU_TEAM_MEMBERS","ENG_ID","NUMBER","tbl_engagement_member","engagement_member_id","ExistingTableExistingColumn","Direct copy after datatype coercion and audit-column normalization.","Use IAS_ZTBL default if legacy value is null.","CurrentState","Requires tbl_entity migration and entity-code crosswalk.","Medium","Engagement team members."
"T_AU_TEAM_MEMBERS","ID","NUMBER","tbl_engagement_member","engagement_member_id","ExistingTableExistingColumn","Direct copy after datatype coercion and audit-column normalization.","Use IAS_ZTBL default if legacy value is null.","CurrentState","Requires tbl_entity migration and entity-code crosswalk.","Medium","Engagement team members."
"T_AU_TEAM_MEMBERS","T_CODE","NUMBER","tbl_engagement_member","REVIEW_REQUIRED","ExistingTableRequiredColumn","Manual mapping required; no safe automatic target column was inferred.","Use IAS_ZTBL default if legacy value is null.","CurrentState","Requires tbl_entity migration and entity-code crosswalk.","Low","Engagement team members."
"T_BAC_ACTIONABLE","ID","NUMBER","REVIEW_REQUIRED","REVIEW_REQUIRED","ReviewRequired","Manual mapping required; no safe automatic target column was inferred.","Use IAS_ZTBL default if legacy value is null.","Review","Requires parent table load order and surrogate key crosswalk.","Low","No confident automatic target mapping."
"T_BAC_ACTIONABLE","MEETING_NUMBER","NUMBER","REVIEW_REQUIRED","REVIEW_REQUIRED","ReviewRequired","Manual mapping required; no safe automatic target column was inferred.","Use IAS_ZTBL default if legacy value is null.","Review","Requires parent table load order and surrogate key crosswalk.","Low","No confident automatic target mapping."
"T_BAC_ACTIONABLE","BAC_DIRECTION","VARCHAR2","REVIEW_REQUIRED","REVIEW_REQUIRED","ReviewRequired","Manual mapping required; no safe automatic target column was inferred.","Use IAS_ZTBL default if legacy value is null.","Review","Requires parent table load order and surrogate key crosswalk.","Low","No confident automatic target mapping."
"T_BAC_ACTIONABLE","TIME_LINE","DATE","REVIEW_REQUIRED","REVIEW_REQUIRED","ReviewRequired","Manual mapping required; no safe automatic target column was inferred.","Use IAS_ZTBL default if legacy value is null.","Review","Requires parent table load order and surrogate key crosswalk.","Low","No confident automatic target mapping."
"T_BAC_ACTIONABLE","DUE_DATE","DATE","REVIEW_REQUIRED","REVIEW_REQUIRED","ReviewRequired","Manual mapping required; no safe automatic target column was inferred.","Use IAS_ZTBL default if legacy value is null.","Review","Requires parent table load order and surrogate key crosswalk.","Low","No confident automatic target mapping."
"T_BAC_ACTIONABLE","RPT_FREQUENCY","VARCHAR2","REVIEW_REQUIRED","REVIEW_REQUIRED","ReviewRequired","Manual mapping required; no safe automatic target column was inferred.","Use IAS_ZTBL default if legacy value is null.","Review","Requires parent table load order and surrogate key crosswalk.","Low","No confident automatic target mapping."
"T_BAC_ACTIONABLE","ENTERED_BY","NUMBER","REVIEW_REQUIRED","created_by","ReviewRequired","Resolve legacy PP/user identifier to tbl_user.user_id.","Use IAS_ZTBL default if legacy value is null.","Review","Requires tbl_user migration and PPNO-to-user_id crosswalk.","Medium","No confident automatic target mapping."
"T_BAC_ACTIONABLE","ENTERED_ON","DATE","REVIEW_REQUIRED","created_on","ReviewRequired","Direct copy after datatype coercion and audit-column normalization.","Use IAS_ZTBL default if legacy value is null.","Review","Requires parent table load order and surrogate key crosswalk.","Medium","No confident automatic target mapping."
"T_BAC_ACTIONABLE","STATUS","VARCHAR2","REVIEW_REQUIRED","REVIEW_REQUIRED","ReviewRequired","Manual mapping required; no safe automatic target column was inferred.","Use IAS_ZTBL default if legacy value is null.","Review","Requires parent table load order and surrogate key crosswalk.","Low","No confident automatic target mapping."
"T_BAC_ACTIONABLE","ITEM_HEADING","VARCHAR2","REVIEW_REQUIRED","heading_text","ReviewRequired","Load descriptive heading into normalized heading/title field.","Use IAS_ZTBL default if legacy value is null.","Review","Requires parent table load order and surrogate key crosswalk.","Low","No confident automatic target mapping."
"T_BAC_ACTIONABLE","ASSIGN_TO","VARCHAR2","REVIEW_REQUIRED","REVIEW_REQUIRED","ReviewRequired","Manual mapping required; no safe automatic target column was inferred.","Use IAS_ZTBL default if legacy value is null.","Review","Requires parent table load order and surrogate key crosswalk.","Low","No confident automatic target mapping."
"T_BAC_ACTIONABLE","OPEN_TIME_LINE","VARCHAR2","REVIEW_REQUIRED","REVIEW_REQUIRED","ReviewRequired","Manual mapping required; no safe automatic target column was inferred.","Use IAS_ZTBL default if legacy value is null.","Review","Requires parent table load order and surrogate key crosswalk.","Low","No confident automatic target mapping."
"T_BAC_ACTIONABLE","DELAY","NUMBER","REVIEW_REQUIRED","REVIEW_REQUIRED","ReviewRequired","Manual mapping required; no safe automatic target column was inferred.","Use IAS_ZTBL default if legacy value is null.","Review","Requires parent table load order and surrogate key crosswalk.","Low","No confident automatic target mapping."
"T_BAC_ACTIONABLE_UPDATES","MEETING","NUMBER","REVIEW_REQUIRED","REVIEW_REQUIRED","ReviewRequired","Manual mapping required; no safe automatic target column was inferred.","Use IAS_ZTBL default if legacy value is null.","Review","Requires parent table load order and surrogate key crosswalk.","Low","No confident automatic target mapping."
"T_BAC_ACTIONABLE_UPDATES","BAC_DIRECTIVES","VARCHAR2","REVIEW_REQUIRED","REVIEW_REQUIRED","ReviewRequired","Manual mapping required; no safe automatic target column was inferred.","Use IAS_ZTBL default if legacy value is null.","Review","Requires parent table load order and surrogate key crosswalk.","Low","No confident automatic target mapping."
"T_BAC_ACTIONABLE_UPDATES","RESPONSIBLE","VARCHAR2","REVIEW_REQUIRED","REVIEW_REQUIRED","ReviewRequired","Manual mapping required; no safe automatic target column was inferred.","Use IAS_ZTBL default if legacy value is null.","Review","Requires parent table load order and surrogate key crosswalk.","Low","No confident automatic target mapping."
"T_BAC_ACTIONABLE_UPDATES","RESPONSE","VARCHAR2","REVIEW_REQUIRED","REVIEW_REQUIRED","ReviewRequired","Manual mapping required; no safe automatic target column was inferred.","Use IAS_ZTBL default if legacy value is null.","Review","Requires parent table load order and surrogate key crosswalk.","Low","No confident automatic target mapping."
"T_BAC_ACTIONABLE_UPDATES","CIA_REMARKS","VARCHAR2","REVIEW_REQUIRED","REVIEW_REQUIRED","ReviewRequired","Manual mapping required; no safe automatic target column was inferred.","Use IAS_ZTBL default if legacy value is null.","Review","Requires parent table load order and surrogate key crosswalk.","Low","No confident automatic target mapping."
"T_BAC_ACTIONABLE_UPDATES","STATUS","VARCHAR2","REVIEW_REQUIRED","REVIEW_REQUIRED","ReviewRequired","Manual mapping required; no safe automatic target column was inferred.","Use IAS_ZTBL default if legacy value is null.","Review","Requires parent table load order and surrogate key crosswalk.","Low","No confident automatic target mapping."
"T_BAC_MEETINGS_AGENDA","ID","NUMBER","REVIEW_REQUIRED","REVIEW_REQUIRED","ReviewRequired","Manual mapping required; no safe automatic target column was inferred.","Use IAS_ZTBL default if legacy value is null.","Review","Requires parent table load order and surrogate key crosswalk.","Low","No confident automatic target mapping."
"T_BAC_MEETINGS_AGENDA","MEETING_NO","NUMBER","REVIEW_REQUIRED","REVIEW_REQUIRED","ReviewRequired","Manual mapping required; no safe automatic target column was inferred.","Use IAS_ZTBL default if legacy value is null.","Review","Requires parent table load order and surrogate key crosswalk.","Low","No confident automatic target mapping."
"T_BAC_MEETINGS_AGENDA","MEMO_NO","VARCHAR2","REVIEW_REQUIRED","REVIEW_REQUIRED","ReviewRequired","Manual mapping required; no safe automatic target column was inferred.","Use IAS_ZTBL default if legacy value is null.","Review","Requires parent table load order and surrogate key crosswalk.","Low","No confident automatic target mapping."
"T_BAC_MEETINGS_AGENDA","SUBJECT","VARCHAR2","REVIEW_REQUIRED","REVIEW_REQUIRED","ReviewRequired","Manual mapping required; no safe automatic target column was inferred.","Use IAS_ZTBL default if legacy value is null.","Review","Requires parent table load order and surrogate key crosswalk.","Low","No confident automatic target mapping."
"T_BAC_MEETINGS_AGENDA","REMARKS","VARCHAR2","REVIEW_REQUIRED","REVIEW_REQUIRED","ReviewRequired","Manual mapping required; no safe automatic target column was inferred.","Use IAS_ZTBL default if legacy value is null.","Review","Requires parent table load order and surrogate key crosswalk.","Low","No confident automatic target mapping."
"T_BRANCH_RISK_RATING","AUDIT_PERIOD_ID","NUMBER","REVIEW_REQUIRED","REVIEW_REQUIRED","ReviewRequired","Manual mapping required; no safe automatic target column was inferred.","Use IAS_ZTBL default if legacy value is null.","Review","Requires parent table load order and surrogate key crosswalk.","Low","No confident automatic target mapping."
"T_BRANCH_RISK_RATING","BRANCH_CODE","NUMBER","REVIEW_REQUIRED","REVIEW_REQUIRED","ReviewRequired","Manual mapping required; no safe automatic target column was inferred.","Use IAS_ZTBL default if legacy value is null.","Review","Requires parent table load order and surrogate key crosswalk.","Low","No confident automatic target mapping."
"T_BRANCH_RISK_RATING","RISK_CATEGORY","VARCHAR2","REVIEW_REQUIRED","REVIEW_REQUIRED","ReviewRequired","Manual mapping required; no safe automatic target column was inferred.","Use IAS_ZTBL default if legacy value is null.","Review","Requires parent table load order and surrogate key crosswalk.","Low","No confident automatic target mapping."
"T_BRANCH_RISK_RATING","ENTITY_ID","NUMBER","REVIEW_REQUIRED","entity_id","ReviewRequired","Direct copy after datatype coercion and audit-column normalization.","Use IAS_ZTBL default if legacy value is null.","Review","Requires tbl_entity migration and entity-code crosswalk.","Medium","No confident automatic target mapping."
"T_BRANCH_RISK_RATING","ENG_ID","NUMBER","REVIEW_REQUIRED","REVIEW_REQUIRED","ReviewRequired","Manual mapping required; no safe automatic target column was inferred.","Use IAS_ZTBL default if legacy value is null.","Review","Requires parent table load order and surrogate key crosswalk.","Low","No confident automatic target mapping."
"T_BRANCH_RISK_RATING","RISK_RATING","NUMBER","REVIEW_REQUIRED","REVIEW_REQUIRED","ReviewRequired","Manual mapping required; no safe automatic target column was inferred.","Use IAS_ZTBL default if legacy value is null.","Review","Requires parent table load order and surrogate key crosswalk.","Low","No confident automatic target mapping."
"T_CAU_AIR","AIR_ID","NUMBER","REVIEW_REQUIRED","REVIEW_REQUIRED","ReviewRequired","Manual mapping required; no safe automatic target column was inferred.","Use IAS_ZTBL default if legacy value is null.","Review","Requires parent table load order and surrogate key crosswalk.","Low","No confident automatic target mapping."
"T_CAU_AIR","OMID","NUMBER","REVIEW_REQUIRED","REVIEW_REQUIRED","ReviewRequired","Manual mapping required; no safe automatic target column was inferred.","Use IAS_ZTBL default if legacy value is null.","Review","Requires parent table load order and surrogate key crosswalk.","Low","No confident automatic target mapping."
"T_CAU_AIR","PARA","VARCHAR2","REVIEW_REQUIRED","REVIEW_REQUIRED","ReviewRequired","Manual mapping required; no safe automatic target column was inferred.","Use IAS_ZTBL default if legacy value is null.","Review","Requires parent table load order and surrogate key crosswalk.","Low","No confident automatic target mapping."
"T_CAU_AIR","CONTENTS_OF_PARA","CLOB","REVIEW_REQUIRED","detail_text","ReviewRequired","Load long text into normalized CLOB detail field.","Use IAS_ZTBL default if legacy value is null.","Review","Requires parent table load order and surrogate key crosswalk.","Low","No confident automatic target mapping."
"T_CAU_AIR","STAGE","NUMBER","REVIEW_REQUIRED","REVIEW_REQUIRED","ReviewRequired","Manual mapping required; no safe automatic target column was inferred.","Use IAS_ZTBL default if legacy value is null.","Review","Requires parent table load order and surrogate key crosswalk.","Low","No confident automatic target mapping."
"T_CAU_AIR","STATUS","NUMBER","REVIEW_REQUIRED","REVIEW_REQUIRED","ReviewRequired","Manual mapping required; no safe automatic target column was inferred.","Use IAS_ZTBL default if legacy value is null.","Review","Requires parent table load order and surrogate key crosswalk.","Low","No confident automatic target mapping."
"T_CAU_AIR","KEY","VARCHAR2","REVIEW_REQUIRED","REVIEW_REQUIRED","ReviewRequired","Manual mapping required; no safe automatic target column was inferred.","Use IAS_ZTBL default if legacy value is null.","Review","Requires parent table load order and surrogate key crosswalk.","Low","No confident automatic target mapping."
"T_CAU_AIR","ENTERED_BY","NUMBER","REVIEW_REQUIRED","created_by","ReviewRequired","Resolve legacy PP/user identifier to tbl_user.user_id.","Use IAS_ZTBL default if legacy value is null.","Review","Requires tbl_user migration and PPNO-to-user_id crosswalk.","Medium","No confident automatic target mapping."
"T_CAU_AIR","ENTERED_ON","DATE","REVIEW_REQUIRED","created_on","ReviewRequired","Direct copy after datatype coercion and audit-column normalization.","Use IAS_ZTBL default if legacy value is null.","Review","Requires parent table load order and surrogate key crosswalk.","Medium","No confident automatic target mapping."
"T_CAU_AIR_RESPONSE","ID","NUMBER","REVIEW_REQUIRED","REVIEW_REQUIRED","ReviewRequired","Manual mapping required; no safe automatic target column was inferred.","Use IAS_ZTBL default if legacy value is null.","Review","Requires parent table load order and surrogate key crosswalk.","Low","No confident automatic target mapping."
"T_CAU_AIR_RESPONSE","PARA","VARCHAR2","REVIEW_REQUIRED","REVIEW_REQUIRED","ReviewRequired","Manual mapping required; no safe automatic target column was inferred.","Use IAS_ZTBL default if legacy value is null.","Review","Requires parent table load order and surrogate key crosswalk.","Low","No confident automatic target mapping."
"T_CAU_AIR_RESPONSE","REPLY_OF_MANGEMENT","CLOB","REVIEW_REQUIRED","REVIEW_REQUIRED","ReviewRequired","Manual mapping required; no safe automatic target column was inferred.","Use IAS_ZTBL default if legacy value is null.","Review","Requires parent table load order and surrogate key crosswalk.","Low","No confident automatic target mapping."
"T_CAU_AIR_RESPONSE","EVIDANCE","CLOB","REVIEW_REQUIRED","REVIEW_REQUIRED","ReviewRequired","Manual mapping required; no safe automatic target column was inferred.","Use IAS_ZTBL default if legacy value is null.","Review","Requires parent table load order and surrogate key crosswalk.","Low","No confident automatic target mapping."
"T_CAU_AIR_RESPONSE","DIV_ID","NUMBER","REVIEW_REQUIRED","REVIEW_REQUIRED","ReviewRequired","Manual mapping required; no safe automatic target column was inferred.","Use IAS_ZTBL default if legacy value is null.","Review","Requires parent table load order and surrogate key crosswalk.","Low","No confident automatic target mapping."
"T_CAU_AIR_RESPONSE","STATUS","NUMBER","REVIEW_REQUIRED","REVIEW_REQUIRED","ReviewRequired","Manual mapping required; no safe automatic target column was inferred.","Use IAS_ZTBL default if legacy value is null.","Review","Requires parent table load order and surrogate key crosswalk.","Low","No confident automatic target mapping."
"T_CAU_AIR_RESPONSE","KEY","VARCHAR2","REVIEW_REQUIRED","REVIEW_REQUIRED","ReviewRequired","Manual mapping required; no safe automatic target column was inferred.","Use IAS_ZTBL default if legacy value is null.","Review","Requires parent table load order and surrogate key crosswalk.","Low","No confident automatic target mapping."
"T_CAU_AIR_RESPONSE","REPLY_DATE","DATE","REVIEW_REQUIRED","REVIEW_REQUIRED","ReviewRequired","Manual mapping required; no safe automatic target column was inferred.","Use IAS_ZTBL default if legacy value is null.","Review","Requires parent table load order and surrogate key crosswalk.","Low","No confident automatic target mapping."
"T_CAU_AIR_RESPONSE","AIR_REF_ID","NUMBER","REVIEW_REQUIRED","REVIEW_REQUIRED","ReviewRequired","Manual mapping required; no safe automatic target column was inferred.","Use IAS_ZTBL default if legacy value is null.","Review","Requires parent table load order and surrogate key crosswalk.","Low","No confident automatic target mapping."
"T_CAU_AIR_RESPONSE","ENTERED_BY","NUMBER","REVIEW_REQUIRED","created_by","ReviewRequired","Resolve legacy PP/user identifier to tbl_user.user_id.","Use IAS_ZTBL default if legacy value is null.","Review","Requires tbl_user migration and PPNO-to-user_id crosswalk.","Medium","No confident automatic target mapping."
"T_CAU_AIR_RESPONSE","ENTERED_ON","DATE","REVIEW_REQUIRED","created_on","ReviewRequired","Direct copy after datatype coercion and audit-column normalization.","Use IAS_ZTBL default if legacy value is null.","Review","Requires parent table load order and surrogate key crosswalk.","Medium","No confident automatic target mapping."
"T_CAU_ARPSES_PERIOD","AUDITPERIODID","NUMBER","REVIEW_REQUIRED","REVIEW_REQUIRED","ReviewRequired","Manual mapping required; no safe automatic target column was inferred.","Use IAS_ZTBL default if legacy value is null.","Review","Requires parent table load order and surrogate key crosswalk.","Low","No confident automatic target mapping."
"T_CAU_ARPSES_PERIOD","DESCRIPTION","VARCHAR2","REVIEW_REQUIRED","description","ReviewRequired","Direct copy after datatype coercion and audit-column normalization.","Use IAS_ZTBL default if legacy value is null.","Review","Requires parent table load order and surrogate key crosswalk.","Low","No confident automatic target mapping."
"T_CAU_ARPSES_PERIOD","START_DATE","DATE","REVIEW_REQUIRED","REVIEW_REQUIRED","ReviewRequired","Manual mapping required; no safe automatic target column was inferred.","Use IAS_ZTBL default if legacy value is null.","Review","Requires parent table load order and surrogate key crosswalk.","Low","No confident automatic target mapping."
"T_CAU_ARPSES_PERIOD","END_DATE","DATE","REVIEW_REQUIRED","REVIEW_REQUIRED","ReviewRequired","Manual mapping required; no safe automatic target column was inferred.","Use IAS_ZTBL default if legacy value is null.","Review","Requires parent table load order and surrogate key crosswalk.","Low","No confident automatic target mapping."
"T_CAU_ARPSES_PERIOD","STATUS_ID","NUMBER","REVIEW_REQUIRED","status_id","ReviewRequired","Map legacy status identifier/text to normalized lookup.","Use IAS_ZTBL default if legacy value is null.","Review","Requires status/lookup normalization register and lookup load order.","Medium","No confident automatic target mapping."
"T_CAU_DAC_RECOMMENDATION","ID","NUMBER","tbl_commercial_arpse_resolution","commercial_arpse_resolution_id","ExistingTableExistingColumn","Direct copy after datatype coercion and audit-column normalization.","Use IAS_ZTBL default if legacy value is null.","History","Requires tbl_entity migration and entity-code crosswalk.","Medium","Commercial DAC/PAC resolution."
"T_CAU_DAC_RECOMMENDATION","DAC_DATES","DATE","tbl_commercial_arpse_resolution","REVIEW_REQUIRED","ExistingTableRequiredColumn","Manual mapping required; no safe automatic target column was inferred.","Use IAS_ZTBL default if legacy value is null.","History","Requires tbl_entity migration and entity-code crosswalk.","Low","Commercial DAC/PAC resolution."
"T_CAU_DAC_RECOMMENDATION","PARA_NO","VARCHAR2","tbl_commercial_arpse_resolution","REVIEW_REQUIRED","ExistingTableRequiredColumn","Manual mapping required; no safe automatic target column was inferred.","Use IAS_ZTBL default if legacy value is null.","History","Requires tbl_entity migration and entity-code crosswalk.","Low","Commercial DAC/PAC resolution."
"T_CAU_DAC_RECOMMENDATION","DAC_RECOMMENDATION","CLOB","tbl_commercial_arpse_resolution","REVIEW_REQUIRED","ExistingTableRequiredColumn","Manual mapping required; no safe automatic target column was inferred.","Use IAS_ZTBL default if legacy value is null.","History","Requires tbl_entity migration and entity-code crosswalk.","Low","Commercial DAC/PAC resolution."
"T_CAU_DAC_RECOMMENDATION","PROGRESS_REPORT_FREQUENCY","VARCHAR2","tbl_commercial_arpse_resolution","REVIEW_REQUIRED","ExistingTableRequiredColumn","Manual mapping required; no safe automatic target column was inferred.","Use IAS_ZTBL default if legacy value is null.","History","Requires tbl_entity migration and entity-code crosswalk.","Low","Commercial DAC/PAC resolution."
"T_CAU_DAC_RECOMMENDATION","ENTERED_BY","NUMBER","tbl_commercial_arpse_resolution","created_by","ExistingTableExistingColumn","Resolve legacy PP/user identifier to tbl_user.user_id.","Use IAS_ZTBL default if legacy value is null.","History","Requires tbl_user migration and PPNO-to-user_id crosswalk.","Medium","Commercial DAC/PAC resolution."
"T_CAU_DAC_RECOMMENDATION","ENTERED_ON","DATE","tbl_commercial_arpse_resolution","created_on","ExistingTableExistingColumn","Direct copy after datatype coercion and audit-column normalization.","Use IAS_ZTBL default if legacy value is null.","History","Requires tbl_entity migration and entity-code crosswalk.","Medium","Commercial DAC/PAC resolution."
"T_CAU_DAC_RECOMMENDATION","STATUS","VARCHAR2","tbl_commercial_arpse_resolution","REVIEW_REQUIRED","ExistingTableRequiredColumn","Manual mapping required; no safe automatic target column was inferred.","Use IAS_ZTBL default if legacy value is null.","History","Requires tbl_entity migration and entity-code crosswalk.","Low","Commercial DAC/PAC resolution."
"T_CAU_DAC_RECOMMENDATION","MEETING_NO","NUMBER","tbl_commercial_arpse_resolution","REVIEW_REQUIRED","ExistingTableRequiredColumn","Manual mapping required; no safe automatic target column was inferred.","Use IAS_ZTBL default if legacy value is null.","History","Requires tbl_entity migration and entity-code crosswalk.","Low","Commercial DAC/PAC resolution."
"T_CAU_OM","ID","NUMBER","tbl_commercial_om","commercial_om_id","ExistingTableExistingColumn","Preserve OM key via crosswalk.","Use IAS_ZTBL default if legacy value is null.","CurrentState","Requires tbl_entity migration and entity-code crosswalk.","High","Commercial OM."
"T_CAU_OM","OM_NO","VARCHAR2","tbl_commercial_om","om_no","ExistingTableExistingColumn","Direct copy after datatype coercion and audit-column normalization.","Use IAS_ZTBL default if legacy value is null.","CurrentState","Requires tbl_entity migration and entity-code crosswalk.","High","Commercial OM."
"T_CAU_OM","CONTENTS_OF_OM","CLOB","tbl_commercial_om","body_text","ExistingTableExistingColumn","Direct copy after datatype coercion and audit-column normalization.","Use IAS_ZTBL default if legacy value is null.","CurrentState","Requires tbl_entity migration and entity-code crosswalk.","High","Commercial OM."
"T_CAU_OM","DIV_ID","NUMBER","tbl_commercial_om","entity_id","ExistingTableRequiredColumn","Add explicit division/entity foreign key to tbl_commercial_om if retained separately.","Use IAS_ZTBL default if legacy value is null.","CurrentState","Requires tbl_entity migration and entity-code crosswalk.","Medium","Commercial OM."
"T_CAU_OM","STATUS","NUMBER","tbl_commercial_om","commercial_status_id","ExistingTableExistingColumn","Map through commercial-audit status lookup.","Use IAS_ZTBL default if legacy value is null.","CurrentState","Requires tbl_entity migration and entity-code crosswalk.","High","Commercial OM."
"T_CAU_OM","KEY","VARCHAR2","tbl_commercial_om","REVIEW_REQUIRED","ExistingTableRequiredColumn","Manual mapping required; no safe automatic target column was inferred.","Use IAS_ZTBL default if legacy value is null.","CurrentState","Requires tbl_entity migration and entity-code crosswalk.","Low","Commercial OM."
"T_CAU_OM","ENTERED_BY","NUMBER","tbl_commercial_om","created_by","ExistingTableExistingColumn","Direct copy after datatype coercion and audit-column normalization.","Use IAS_ZTBL default if legacy value is null.","CurrentState","Requires tbl_user migration and PPNO-to-user_id crosswalk.","High","Commercial OM."
"T_CAU_OM","ENTERED_ON","DATE","tbl_commercial_om","created_on","ExistingTableExistingColumn","Direct copy after datatype coercion and audit-column normalization.","Use IAS_ZTBL default if legacy value is null.","CurrentState","Requires tbl_entity migration and entity-code crosswalk.","High","Commercial OM."
"T_CAU_OM","YEAR","NUMBER","tbl_commercial_om","audit_year","ExistingTableExistingColumn","Direct copy after datatype coercion and audit-column normalization.","Use IAS_ZTBL default if legacy value is null.","CurrentState","Requires tbl_entity migration and entity-code crosswalk.","High","Commercial OM."
"T_CAU_OM_RESPONSE","OM_ID","NUMBER","REVIEW_REQUIRED","REVIEW_REQUIRED","ReviewRequired","Manual mapping required; no safe automatic target column was inferred.","Use IAS_ZTBL default if legacy value is null.","Review","Requires parent table load order and surrogate key crosswalk.","Low","No confident automatic target mapping."
"T_CAU_OM_RESPONSE","OM_NO","NUMBER","REVIEW_REQUIRED","REVIEW_REQUIRED","ReviewRequired","Manual mapping required; no safe automatic target column was inferred.","Use IAS_ZTBL default if legacy value is null.","Review","Requires parent table load order and surrogate key crosswalk.","Low","No confident automatic target mapping."
"T_CAU_OM_RESPONSE","REPLY_OF_MANGEMENT","CLOB","REVIEW_REQUIRED","REVIEW_REQUIRED","ReviewRequired","Manual mapping required; no safe automatic target column was inferred.","Use IAS_ZTBL default if legacy value is null.","Review","Requires parent table load order and surrogate key crosswalk.","Low","No confident automatic target mapping."
"T_CAU_OM_RESPONSE","EVIDANCE","CLOB","REVIEW_REQUIRED","REVIEW_REQUIRED","ReviewRequired","Manual mapping required; no safe automatic target column was inferred.","Use IAS_ZTBL default if legacy value is null.","Review","Requires parent table load order and surrogate key crosswalk.","Low","No confident automatic target mapping."
"T_CAU_OM_RESPONSE","DIV_ID","NUMBER","REVIEW_REQUIRED","REVIEW_REQUIRED","ReviewRequired","Manual mapping required; no safe automatic target column was inferred.","Use IAS_ZTBL default if legacy value is null.","Review","Requires parent table load order and surrogate key crosswalk.","Low","No confident automatic target mapping."
"T_CAU_OM_RESPONSE","STATUS","NUMBER","REVIEW_REQUIRED","REVIEW_REQUIRED","ReviewRequired","Manual mapping required; no safe automatic target column was inferred.","Use IAS_ZTBL default if legacy value is null.","Review","Requires parent table load order and surrogate key crosswalk.","Low","No confident automatic target mapping."
"T_CAU_OM_RESPONSE","KEY","VARCHAR2","REVIEW_REQUIRED","REVIEW_REQUIRED","ReviewRequired","Manual mapping required; no safe automatic target column was inferred.","Use IAS_ZTBL default if legacy value is null.","Review","Requires parent table load order and surrogate key crosswalk.","Low","No confident automatic target mapping."
"T_CAU_OM_RESPONSE","REPLYED_BY","NUMBER","REVIEW_REQUIRED","REVIEW_REQUIRED","ReviewRequired","Manual mapping required; no safe automatic target column was inferred.","Use IAS_ZTBL default if legacy value is null.","Review","Requires parent table load order and surrogate key crosswalk.","Low","No confident automatic target mapping."
"T_CAU_OM_RESPONSE","REPLY_ON","DATE","REVIEW_REQUIRED","REVIEW_REQUIRED","ReviewRequired","Manual mapping required; no safe automatic target column was inferred.","Use IAS_ZTBL default if legacy value is null.","Review","Requires parent table load order and surrogate key crosswalk.","Low","No confident automatic target mapping."
"T_CAU_PAC_DIRECTIVES","ID","NUMBER","tbl_commercial_arpse_resolution","commercial_arpse_resolution_id","ExistingTableExistingColumn","Direct copy after datatype coercion and audit-column normalization.","Use IAS_ZTBL default if legacy value is null.","History","Requires tbl_entity migration and entity-code crosswalk.","Medium","Commercial DAC/PAC resolution."
"T_CAU_PAC_DIRECTIVES","PAC_DATES","DATE","tbl_commercial_arpse_resolution","REVIEW_REQUIRED","ExistingTableRequiredColumn","Manual mapping required; no safe automatic target column was inferred.","Use IAS_ZTBL default if legacy value is null.","History","Requires tbl_entity migration and entity-code crosswalk.","Low","Commercial DAC/PAC resolution."
"T_CAU_PAC_DIRECTIVES","PARA_NO_ID","NUMBER","tbl_commercial_arpse_resolution","commercial_arpse_resolution_id","ExistingTableExistingColumn","Direct copy after datatype coercion and audit-column normalization.","Use IAS_ZTBL default if legacy value is null.","History","Requires tbl_entity migration and entity-code crosswalk.","Medium","Commercial DAC/PAC resolution."
"T_CAU_PAC_DIRECTIVES","PAC_DIRECTIVES","CLOB","tbl_commercial_arpse_resolution","REVIEW_REQUIRED","ExistingTableRequiredColumn","Manual mapping required; no safe automatic target column was inferred.","Use IAS_ZTBL default if legacy value is null.","History","Requires tbl_entity migration and entity-code crosswalk.","Low","Commercial DAC/PAC resolution."
"T_CAU_PAC_DIRECTIVES","ENTERED_BY","NUMBER","tbl_commercial_arpse_resolution","created_by","ExistingTableExistingColumn","Resolve legacy PP/user identifier to tbl_user.user_id.","Use IAS_ZTBL default if legacy value is null.","History","Requires tbl_user migration and PPNO-to-user_id crosswalk.","Medium","Commercial DAC/PAC resolution."
"T_CAU_PAC_DIRECTIVES","ENTERED_ON","DATE","tbl_commercial_arpse_resolution","created_on","ExistingTableExistingColumn","Direct copy after datatype coercion and audit-column normalization.","Use IAS_ZTBL default if legacy value is null.","History","Requires tbl_entity migration and entity-code crosswalk.","Medium","Commercial DAC/PAC resolution."
"T_CAU_PAC_DIRECTIVES","STATUS","VARCHAR2","tbl_commercial_arpse_resolution","REVIEW_REQUIRED","ExistingTableRequiredColumn","Manual mapping required; no safe automatic target column was inferred.","Use IAS_ZTBL default if legacy value is null.","History","Requires tbl_entity migration and entity-code crosswalk.","Low","Commercial DAC/PAC resolution."
"T_CAU_PAC_DIRECTIVES","MEETING_NO","NUMBER","tbl_commercial_arpse_resolution","REVIEW_REQUIRED","ExistingTableRequiredColumn","Manual mapping required; no safe automatic target column was inferred.","Use IAS_ZTBL default if legacy value is null.","History","Requires tbl_entity migration and entity-code crosswalk.","Low","Commercial DAC/PAC resolution."
"T_CAU_PAC_DIRECTIVES","YEAR","NUMBER","tbl_commercial_arpse_resolution","REVIEW_REQUIRED","ExistingTableRequiredColumn","Manual mapping required; no safe automatic target column was inferred.","Use IAS_ZTBL default if legacy value is null.","History","Requires tbl_entity migration and entity-code crosswalk.","Low","Commercial DAC/PAC resolution."
"T_CAU_PDP","PDP_ID","NUMBER","tbl_commercial_pdp","commercial_pdp_id","ExistingTableExistingColumn","Direct copy after datatype coercion and audit-column normalization.","Use IAS_ZTBL default if legacy value is null.","CurrentState","Requires tbl_entity migration and entity-code crosswalk.","Medium","Commercial PDP."
"T_CAU_PDP","AIR_PARA","VARCHAR2","tbl_commercial_pdp","REVIEW_REQUIRED","ExistingTableRequiredColumn","Manual mapping required; no safe automatic target column was inferred.","Use IAS_ZTBL default if legacy value is null.","CurrentState","Requires tbl_entity migration and entity-code crosswalk.","Low","Commercial PDP."
"T_CAU_PDP","PDP_NO","VARCHAR2","tbl_commercial_pdp","REVIEW_REQUIRED","ExistingTableRequiredColumn","Manual mapping required; no safe automatic target column was inferred.","Use IAS_ZTBL default if legacy value is null.","CurrentState","Requires tbl_entity migration and entity-code crosswalk.","Low","Commercial PDP."
"T_CAU_PDP","CONTENTS_OF_PARA","CLOB","tbl_commercial_pdp","detail_text","ExistingTableRequiredColumn","Load long text into normalized CLOB detail field.","Use IAS_ZTBL default if legacy value is null.","CurrentState","Requires tbl_entity migration and entity-code crosswalk.","Low","Commercial PDP."
"T_CAU_PDP","STAGE","NUMBER","tbl_commercial_pdp","REVIEW_REQUIRED","ExistingTableRequiredColumn","Manual mapping required; no safe automatic target column was inferred.","Use IAS_ZTBL default if legacy value is null.","CurrentState","Requires tbl_entity migration and entity-code crosswalk.","Low","Commercial PDP."
"T_CAU_PDP","KEY","VARCHAR2","tbl_commercial_pdp","REVIEW_REQUIRED","ExistingTableRequiredColumn","Manual mapping required; no safe automatic target column was inferred.","Use IAS_ZTBL default if legacy value is null.","CurrentState","Requires tbl_entity migration and entity-code crosswalk.","Low","Commercial PDP."
"T_CAU_PDP","ENTERED_BY","NUMBER","tbl_commercial_pdp","created_by","ExistingTableExistingColumn","Resolve legacy PP/user identifier to tbl_user.user_id.","Use IAS_ZTBL default if legacy value is null.","CurrentState","Requires tbl_user migration and PPNO-to-user_id crosswalk.","Medium","Commercial PDP."
"T_CAU_PDP","ENTERED_ON","DATE","tbl_commercial_pdp","created_on","ExistingTableExistingColumn","Direct copy after datatype coercion and audit-column normalization.","Use IAS_ZTBL default if legacy value is null.","CurrentState","Requires tbl_entity migration and entity-code crosswalk.","Medium","Commercial PDP."
"T_CAU_PERIOD","AUDITPERIODID","NUMBER","REVIEW_REQUIRED","REVIEW_REQUIRED","ReviewRequired","Manual mapping required; no safe automatic target column was inferred.","Use IAS_ZTBL default if legacy value is null.","Review","Requires parent table load order and surrogate key crosswalk.","Low","No confident automatic target mapping."
"T_CAU_PERIOD","DESCRIPTION","VARCHAR2","REVIEW_REQUIRED","description","ReviewRequired","Direct copy after datatype coercion and audit-column normalization.","Use IAS_ZTBL default if legacy value is null.","Review","Requires parent table load order and surrogate key crosswalk.","Low","No confident automatic target mapping."
"T_CAU_PERIOD","START_DATE","DATE","REVIEW_REQUIRED","REVIEW_REQUIRED","ReviewRequired","Manual mapping required; no safe automatic target column was inferred.","Use IAS_ZTBL default if legacy value is null.","Review","Requires parent table load order and surrogate key crosswalk.","Low","No confident automatic target mapping."
"T_CAU_PERIOD","END_DATE","DATE","REVIEW_REQUIRED","REVIEW_REQUIRED","ReviewRequired","Manual mapping required; no safe automatic target column was inferred.","Use IAS_ZTBL default if legacy value is null.","Review","Requires parent table load order and surrogate key crosswalk.","Low","No confident automatic target mapping."
"T_CAU_PERIOD","STATUS_ID","NUMBER","REVIEW_REQUIRED","status_id","ReviewRequired","Map legacy status identifier/text to normalized lookup.","Use IAS_ZTBL default if legacy value is null.","Review","Requires status/lookup normalization register and lookup load order.","Medium","No confident automatic target mapping."
"T_CAU_STATUS","ID","NUMBER","REVIEW_REQUIRED","REVIEW_REQUIRED","ReviewRequired","Manual mapping required; no safe automatic target column was inferred.","Use IAS_ZTBL default if legacy value is null.","Review","Requires parent table load order and surrogate key crosswalk.","Low","No confident automatic target mapping."
"T_CAU_STATUS","STAGE","NUMBER","REVIEW_REQUIRED","REVIEW_REQUIRED","ReviewRequired","Manual mapping required; no safe automatic target column was inferred.","Use IAS_ZTBL default if legacy value is null.","Review","Requires parent table load order and surrogate key crosswalk.","Low","No confident automatic target mapping."
"T_CAU_STATUS","DISCRIPTION","VARCHAR2","REVIEW_REQUIRED","REVIEW_REQUIRED","ReviewRequired","Manual mapping required; no safe automatic target column was inferred.","Use IAS_ZTBL default if legacy value is null.","Review","Requires parent table load order and surrogate key crosswalk.","Low","No confident automatic target mapping."
"T_CAU_STATUS","STATUS","VARCHAR2","REVIEW_REQUIRED","REVIEW_REQUIRED","ReviewRequired","Manual mapping required; no safe automatic target column was inferred.","Use IAS_ZTBL default if legacy value is null.","Review","Requires parent table load order and surrogate key crosswalk.","Low","No confident automatic target mapping."
"T_COM_AUDIT_ARPSE","ARPSE_ID","NUMBER","REVIEW_REQUIRED","REVIEW_REQUIRED","ReviewRequired","Manual mapping required; no safe automatic target column was inferred.","Use IAS_ZTBL default if legacy value is null.","Review","Requires parent table load order and surrogate key crosswalk.","Low","No confident automatic target mapping."
"T_COM_AUDIT_ARPSE","ARPSE_YEAR_ID","NUMBER","REVIEW_REQUIRED","REVIEW_REQUIRED","ReviewRequired","Manual mapping required; no safe automatic target column was inferred.","Use IAS_ZTBL default if legacy value is null.","Review","Requires parent table load order and surrogate key crosswalk.","Low","No confident automatic target mapping."
"T_COM_AUDIT_ARPSE","ARPSE_YEAR_ID","NUMBER","REVIEW_REQUIRED","REVIEW_REQUIRED","ReviewRequired","Manual mapping required; no safe automatic target column was inferred.","Use IAS_ZTBL default if legacy value is null.","Review","Requires parent table load order and surrogate key crosswalk.","Low","No confident automatic target mapping."
"T_COM_AUDIT_ARPSE","PARA_NO","VARCHAR2","REVIEW_REQUIRED","REVIEW_REQUIRED","ReviewRequired","Manual mapping required; no safe automatic target column was inferred.","Use IAS_ZTBL default if legacy value is null.","Review","Requires parent table load order and surrogate key crosswalk.","Low","No confident automatic target mapping."
"T_COM_AUDIT_ARPSE","PARA_NO","VARCHAR2","REVIEW_REQUIRED","REVIEW_REQUIRED","ReviewRequired","Manual mapping required; no safe automatic target column was inferred.","Use IAS_ZTBL default if legacy value is null.","Review","Requires parent table load order and surrogate key crosswalk.","Low","No confident automatic target mapping."
"T_COM_AUDIT_ARPSE","GIST_OF_PARA","VARCHAR2","REVIEW_REQUIRED","REVIEW_REQUIRED","ReviewRequired","Manual mapping required; no safe automatic target column was inferred.","Use IAS_ZTBL default if legacy value is null.","Review","Requires parent table load order and surrogate key crosswalk.","Low","No confident automatic target mapping."
"T_COM_AUDIT_ARPSE","MANAGEMENT_RESPONSE","CLOB","REVIEW_REQUIRED","REVIEW_REQUIRED","ReviewRequired","Manual mapping required; no safe automatic target column was inferred.","Use IAS_ZTBL default if legacy value is null.","Review","Requires parent table load order and surrogate key crosswalk.","Low","No confident automatic target mapping."
"T_COM_AUDIT_ARPSE","IS_ACTIVE","CHAR","REVIEW_REQUIRED","REVIEW_REQUIRED","ReviewRequired","Manual mapping required; no safe automatic target column was inferred.","Use IAS_ZTBL default if legacy value is null.","Review","Requires parent table load order and surrogate key crosswalk.","Low","No confident automatic target mapping."
"T_COM_AUDIT_ARPSE","IS_ACTIVE","CHAR","REVIEW_REQUIRED","REVIEW_REQUIRED","ReviewRequired","Manual mapping required; no safe automatic target column was inferred.","Use IAS_ZTBL default if legacy value is null.","Review","Requires parent table load order and surrogate key crosswalk.","Low","No confident automatic target mapping."
"T_COM_AUDIT_ARPSE","CREATED_BY","NUMBER","REVIEW_REQUIRED","created_by","ReviewRequired","Resolve legacy PP/user identifier to tbl_user.user_id.","Use IAS_ZTBL default if legacy value is null.","Review","Requires tbl_user migration and PPNO-to-user_id crosswalk.","Medium","No confident automatic target mapping."
"T_COM_AUDIT_ARPSE","CREATED_ON","DATE","REVIEW_REQUIRED","created_on","ReviewRequired","Direct copy after datatype coercion and audit-column normalization.","Use IAS_ZTBL default if legacy value is null.","Review","Requires parent table load order and surrogate key crosswalk.","Medium","No confident automatic target mapping."
"T_COM_AUDIT_ARPSE","UPDATED_BY","NUMBER","REVIEW_REQUIRED","modified_by","ReviewRequired","Resolve legacy PP/user identifier to tbl_user.user_id.","Use IAS_ZTBL default if legacy value is null.","Review","Requires tbl_user migration and PPNO-to-user_id crosswalk.","Medium","No confident automatic target mapping."
"T_COM_AUDIT_ARPSE","UPDATED_ON","DATE","REVIEW_REQUIRED","modified_on","ReviewRequired","Direct copy after datatype coercion and audit-column normalization.","Use IAS_ZTBL default if legacy value is null.","Review","Requires parent table load order and surrogate key crosswalk.","Medium","No confident automatic target mapping."
"T_COM_AUDIT_ARPSE_DAC","DAC_ENTRY_ID","NUMBER","REVIEW_REQUIRED","REVIEW_REQUIRED","ReviewRequired","Manual mapping required; no safe automatic target column was inferred.","Use IAS_ZTBL default if legacy value is null.","Review","Requires parent table load order and surrogate key crosswalk.","Low","No confident automatic target mapping."
"T_COM_AUDIT_ARPSE_DAC","ARPSE_ID","NUMBER","REVIEW_REQUIRED","REVIEW_REQUIRED","ReviewRequired","Manual mapping required; no safe automatic target column was inferred.","Use IAS_ZTBL default if legacy value is null.","Review","Requires parent table load order and surrogate key crosswalk.","Low","No confident automatic target mapping."
"T_COM_AUDIT_ARPSE_DAC","ARPSE_ID","NUMBER","REVIEW_REQUIRED","REVIEW_REQUIRED","ReviewRequired","Manual mapping required; no safe automatic target column was inferred.","Use IAS_ZTBL default if legacy value is null.","Review","Requires parent table load order and surrogate key crosswalk.","Low","No confident automatic target mapping."
"T_COM_AUDIT_ARPSE_DAC","DAC_RECOMMENDATION","CLOB","REVIEW_REQUIRED","REVIEW_REQUIRED","ReviewRequired","Manual mapping required; no safe automatic target column was inferred.","Use IAS_ZTBL default if legacy value is null.","Review","Requires parent table load order and surrogate key crosswalk.","Low","No confident automatic target mapping."
"T_COM_AUDIT_ARPSE_DAC","DAC_DATE","DATE","REVIEW_REQUIRED","REVIEW_REQUIRED","ReviewRequired","Manual mapping required; no safe automatic target column was inferred.","Use IAS_ZTBL default if legacy value is null.","Review","Requires parent table load order and surrogate key crosswalk.","Low","No confident automatic target mapping."
"T_COM_AUDIT_ARPSE_DAC","UPDATED_STATUS","VARCHAR2","REVIEW_REQUIRED","REVIEW_REQUIRED","ReviewRequired","Manual mapping required; no safe automatic target column was inferred.","Use IAS_ZTBL default if legacy value is null.","Review","Requires parent table load order and surrogate key crosswalk.","Low","No confident automatic target mapping."
"T_COM_AUDIT_ARPSE_DAC","IS_ACTIVE","CHAR","REVIEW_REQUIRED","REVIEW_REQUIRED","ReviewRequired","Manual mapping required; no safe automatic target column was inferred.","Use IAS_ZTBL default if legacy value is null.","Review","Requires parent table load order and surrogate key crosswalk.","Low","No confident automatic target mapping."
"T_COM_AUDIT_ARPSE_DAC","IS_ACTIVE","CHAR","REVIEW_REQUIRED","REVIEW_REQUIRED","ReviewRequired","Manual mapping required; no safe automatic target column was inferred.","Use IAS_ZTBL default if legacy value is null.","Review","Requires parent table load order and surrogate key crosswalk.","Low","No confident automatic target mapping."
"T_COM_AUDIT_ARPSE_DAC","CREATED_BY","NUMBER","REVIEW_REQUIRED","created_by","ReviewRequired","Resolve legacy PP/user identifier to tbl_user.user_id.","Use IAS_ZTBL default if legacy value is null.","Review","Requires tbl_user migration and PPNO-to-user_id crosswalk.","Medium","No confident automatic target mapping."
"T_COM_AUDIT_ARPSE_DAC","CREATED_ON","DATE","REVIEW_REQUIRED","created_on","ReviewRequired","Direct copy after datatype coercion and audit-column normalization.","Use IAS_ZTBL default if legacy value is null.","Review","Requires parent table load order and surrogate key crosswalk.","Medium","No confident automatic target mapping."
"T_COM_AUDIT_ARPSE_DAC","UPDATED_BY","NUMBER","REVIEW_REQUIRED","modified_by","ReviewRequired","Resolve legacy PP/user identifier to tbl_user.user_id.","Use IAS_ZTBL default if legacy value is null.","Review","Requires tbl_user migration and PPNO-to-user_id crosswalk.","Medium","No confident automatic target mapping."
"T_COM_AUDIT_ARPSE_DAC","UPDATED_ON","DATE","REVIEW_REQUIRED","modified_on","ReviewRequired","Direct copy after datatype coercion and audit-column normalization.","Use IAS_ZTBL default if legacy value is null.","Review","Requires parent table load order and surrogate key crosswalk.","Medium","No confident automatic target mapping."
"T_COM_AUDIT_ARPSE_PAC","PAC_ENTRY_ID","NUMBER","REVIEW_REQUIRED","REVIEW_REQUIRED","ReviewRequired","Manual mapping required; no safe automatic target column was inferred.","Use IAS_ZTBL default if legacy value is null.","Review","Requires parent table load order and surrogate key crosswalk.","Low","No confident automatic target mapping."
"T_COM_AUDIT_ARPSE_PAC","ARPSE_ID","NUMBER","REVIEW_REQUIRED","REVIEW_REQUIRED","ReviewRequired","Manual mapping required; no safe automatic target column was inferred.","Use IAS_ZTBL default if legacy value is null.","Review","Requires parent table load order and surrogate key crosswalk.","Low","No confident automatic target mapping."
"T_COM_AUDIT_ARPSE_PAC","ARPSE_ID","NUMBER","REVIEW_REQUIRED","REVIEW_REQUIRED","ReviewRequired","Manual mapping required; no safe automatic target column was inferred.","Use IAS_ZTBL default if legacy value is null.","Review","Requires parent table load order and surrogate key crosswalk.","Low","No confident automatic target mapping."
"T_COM_AUDIT_ARPSE_PAC","PAC_DIRECTIVE","CLOB","REVIEW_REQUIRED","REVIEW_REQUIRED","ReviewRequired","Manual mapping required; no safe automatic target column was inferred.","Use IAS_ZTBL default if legacy value is null.","Review","Requires parent table load order and surrogate key crosswalk.","Low","No confident automatic target mapping."
"T_COM_AUDIT_ARPSE_PAC","PAC_DATE","DATE","REVIEW_REQUIRED","REVIEW_REQUIRED","ReviewRequired","Manual mapping required; no safe automatic target column was inferred.","Use IAS_ZTBL default if legacy value is null.","Review","Requires parent table load order and surrogate key crosswalk.","Low","No confident automatic target mapping."
"T_COM_AUDIT_ARPSE_PAC","UPDATED_STATUS","VARCHAR2","REVIEW_REQUIRED","REVIEW_REQUIRED","ReviewRequired","Manual mapping required; no safe automatic target column was inferred.","Use IAS_ZTBL default if legacy value is null.","Review","Requires parent table load order and surrogate key crosswalk.","Low","No confident automatic target mapping."
"T_COM_AUDIT_ARPSE_PAC","IS_ACTIVE","CHAR","REVIEW_REQUIRED","REVIEW_REQUIRED","ReviewRequired","Manual mapping required; no safe automatic target column was inferred.","Use IAS_ZTBL default if legacy value is null.","Review","Requires parent table load order and surrogate key crosswalk.","Low","No confident automatic target mapping."
"T_COM_AUDIT_ARPSE_PAC","IS_ACTIVE","CHAR","REVIEW_REQUIRED","REVIEW_REQUIRED","ReviewRequired","Manual mapping required; no safe automatic target column was inferred.","Use IAS_ZTBL default if legacy value is null.","Review","Requires parent table load order and surrogate key crosswalk.","Low","No confident automatic target mapping."
"T_COM_AUDIT_ARPSE_PAC","CREATED_BY","NUMBER","REVIEW_REQUIRED","created_by","ReviewRequired","Resolve legacy PP/user identifier to tbl_user.user_id.","Use IAS_ZTBL default if legacy value is null.","Review","Requires tbl_user migration and PPNO-to-user_id crosswalk.","Medium","No confident automatic target mapping."
"T_COM_AUDIT_ARPSE_PAC","CREATED_ON","DATE","REVIEW_REQUIRED","created_on","ReviewRequired","Direct copy after datatype coercion and audit-column normalization.","Use IAS_ZTBL default if legacy value is null.","Review","Requires parent table load order and surrogate key crosswalk.","Medium","No confident automatic target mapping."
"T_COM_AUDIT_ARPSE_PAC","UPDATED_BY","NUMBER","REVIEW_REQUIRED","modified_by","ReviewRequired","Resolve legacy PP/user identifier to tbl_user.user_id.","Use IAS_ZTBL default if legacy value is null.","Review","Requires tbl_user migration and PPNO-to-user_id crosswalk.","Medium","No confident automatic target mapping."
"T_COM_AUDIT_ARPSE_PAC","UPDATED_ON","DATE","REVIEW_REQUIRED","modified_on","ReviewRequired","Direct copy after datatype coercion and audit-column normalization.","Use IAS_ZTBL default if legacy value is null.","Review","Requires parent table load order and surrogate key crosswalk.","Medium","No confident automatic target mapping."
"T_COM_AUDIT_OM","OM_ID","NUMBER","REVIEW_REQUIRED","REVIEW_REQUIRED","ReviewRequired","Manual mapping required; no safe automatic target column was inferred.","Use IAS_ZTBL default if legacy value is null.","Review","Requires parent table load order and surrogate key crosswalk.","Low","No confident automatic target mapping."
"T_COM_AUDIT_OM","AUDIT_YEAR_ID","NUMBER","REVIEW_REQUIRED","REVIEW_REQUIRED","ReviewRequired","Manual mapping required; no safe automatic target column was inferred.","Use IAS_ZTBL default if legacy value is null.","Review","Requires parent table load order and surrogate key crosswalk.","Low","No confident automatic target mapping."
"T_COM_AUDIT_OM","AUDIT_YEAR_ID","NUMBER","REVIEW_REQUIRED","REVIEW_REQUIRED","ReviewRequired","Manual mapping required; no safe automatic target column was inferred.","Use IAS_ZTBL default if legacy value is null.","Review","Requires parent table load order and surrogate key crosswalk.","Low","No confident automatic target mapping."
"T_COM_AUDIT_OM","OM_NO","VARCHAR2","REVIEW_REQUIRED","REVIEW_REQUIRED","ReviewRequired","Manual mapping required; no safe automatic target column was inferred.","Use IAS_ZTBL default if legacy value is null.","Review","Requires parent table load order and surrogate key crosswalk.","Low","No confident automatic target mapping."
"T_COM_AUDIT_OM","OM_NO","VARCHAR2","REVIEW_REQUIRED","REVIEW_REQUIRED","ReviewRequired","Manual mapping required; no safe automatic target column was inferred.","Use IAS_ZTBL default if legacy value is null.","Review","Requires parent table load order and surrogate key crosswalk.","Low","No confident automatic target mapping."
"T_COM_AUDIT_OM","GIST_OF_OM","VARCHAR2","REVIEW_REQUIRED","REVIEW_REQUIRED","ReviewRequired","Manual mapping required; no safe automatic target column was inferred.","Use IAS_ZTBL default if legacy value is null.","Review","Requires parent table load order and surrogate key crosswalk.","Low","No confident automatic target mapping."
"T_COM_AUDIT_OM","BODY_OF_OM","CLOB","REVIEW_REQUIRED","REVIEW_REQUIRED","ReviewRequired","Manual mapping required; no safe automatic target column was inferred.","Use IAS_ZTBL default if legacy value is null.","Review","Requires parent table load order and surrogate key crosswalk.","Low","No confident automatic target mapping."
"T_COM_AUDIT_OM","MANAGEMENT_RESPONSE","CLOB","REVIEW_REQUIRED","REVIEW_REQUIRED","ReviewRequired","Manual mapping required; no safe automatic target column was inferred.","Use IAS_ZTBL default if legacy value is null.","Review","Requires parent table load order and surrogate key crosswalk.","Low","No confident automatic target mapping."
"T_COM_AUDIT_OM","IS_ACTIVE","CHAR","REVIEW_REQUIRED","REVIEW_REQUIRED","ReviewRequired","Manual mapping required; no safe automatic target column was inferred.","Use IAS_ZTBL default if legacy value is null.","Review","Requires parent table load order and surrogate key crosswalk.","Low","No confident automatic target mapping."
"T_COM_AUDIT_OM","IS_ACTIVE","CHAR","REVIEW_REQUIRED","REVIEW_REQUIRED","ReviewRequired","Manual mapping required; no safe automatic target column was inferred.","Use IAS_ZTBL default if legacy value is null.","Review","Requires parent table load order and surrogate key crosswalk.","Low","No confident automatic target mapping."
"T_COM_AUDIT_OM","CREATED_BY","NUMBER","REVIEW_REQUIRED","created_by","ReviewRequired","Resolve legacy PP/user identifier to tbl_user.user_id.","Use IAS_ZTBL default if legacy value is null.","Review","Requires tbl_user migration and PPNO-to-user_id crosswalk.","Medium","No confident automatic target mapping."
"T_COM_AUDIT_OM","CREATED_ON","DATE","REVIEW_REQUIRED","created_on","ReviewRequired","Direct copy after datatype coercion and audit-column normalization.","Use IAS_ZTBL default if legacy value is null.","Review","Requires parent table load order and surrogate key crosswalk.","Medium","No confident automatic target mapping."
"T_COM_AUDIT_OM","UPDATED_BY","NUMBER","REVIEW_REQUIRED","modified_by","ReviewRequired","Resolve legacy PP/user identifier to tbl_user.user_id.","Use IAS_ZTBL default if legacy value is null.","Review","Requires tbl_user migration and PPNO-to-user_id crosswalk.","Medium","No confident automatic target mapping."
"T_COM_AUDIT_OM","UPDATED_ON","DATE","REVIEW_REQUIRED","modified_on","ReviewRequired","Direct copy after datatype coercion and audit-column normalization.","Use IAS_ZTBL default if legacy value is null.","Review","Requires parent table load order and surrogate key crosswalk.","Medium","No confident automatic target mapping."
"T_COM_AUDIT_PDP","PDP_ID","NUMBER","REVIEW_REQUIRED","REVIEW_REQUIRED","ReviewRequired","Manual mapping required; no safe automatic target column was inferred.","Use IAS_ZTBL default if legacy value is null.","Review","Requires parent table load order and surrogate key crosswalk.","Low","No confident automatic target mapping."
"T_COM_AUDIT_PDP","AUDIT_YEAR_ID","NUMBER","REVIEW_REQUIRED","REVIEW_REQUIRED","ReviewRequired","Manual mapping required; no safe automatic target column was inferred.","Use IAS_ZTBL default if legacy value is null.","Review","Requires parent table load order and surrogate key crosswalk.","Low","No confident automatic target mapping."
"T_COM_AUDIT_PDP","AUDIT_YEAR_ID","NUMBER","REVIEW_REQUIRED","REVIEW_REQUIRED","ReviewRequired","Manual mapping required; no safe automatic target column was inferred.","Use IAS_ZTBL default if legacy value is null.","Review","Requires parent table load order and surrogate key crosswalk.","Low","No confident automatic target mapping."
"T_COM_AUDIT_PDP","PDP_NO","VARCHAR2","REVIEW_REQUIRED","REVIEW_REQUIRED","ReviewRequired","Manual mapping required; no safe automatic target column was inferred.","Use IAS_ZTBL default if legacy value is null.","Review","Requires parent table load order and surrogate key crosswalk.","Low","No confident automatic target mapping."
"T_COM_AUDIT_PDP","PDP_NO","VARCHAR2","REVIEW_REQUIRED","REVIEW_REQUIRED","ReviewRequired","Manual mapping required; no safe automatic target column was inferred.","Use IAS_ZTBL default if legacy value is null.","Review","Requires parent table load order and surrogate key crosswalk.","Low","No confident automatic target mapping."
"T_COM_AUDIT_PDP","GIST_OF_PDP","VARCHAR2","REVIEW_REQUIRED","REVIEW_REQUIRED","ReviewRequired","Manual mapping required; no safe automatic target column was inferred.","Use IAS_ZTBL default if legacy value is null.","Review","Requires parent table load order and surrogate key crosswalk.","Low","No confident automatic target mapping."
"T_COM_AUDIT_PDP","BODY_OF_PDP","CLOB","REVIEW_REQUIRED","REVIEW_REQUIRED","ReviewRequired","Manual mapping required; no safe automatic target column was inferred.","Use IAS_ZTBL default if legacy value is null.","Review","Requires parent table load order and surrogate key crosswalk.","Low","No confident automatic target mapping."
"T_COM_AUDIT_PDP","MANAGEMENT_RESPONSE","CLOB","REVIEW_REQUIRED","REVIEW_REQUIRED","ReviewRequired","Manual mapping required; no safe automatic target column was inferred.","Use IAS_ZTBL default if legacy value is null.","Review","Requires parent table load order and surrogate key crosswalk.","Low","No confident automatic target mapping."
"T_COM_AUDIT_PDP","DAC_RECOMMENDATIONS","CLOB","REVIEW_REQUIRED","REVIEW_REQUIRED","ReviewRequired","Manual mapping required; no safe automatic target column was inferred.","Use IAS_ZTBL default if legacy value is null.","Review","Requires parent table load order and surrogate key crosswalk.","Low","No confident automatic target mapping."
"T_COM_AUDIT_PDP","UPDATED_STATUS","VARCHAR2","REVIEW_REQUIRED","REVIEW_REQUIRED","ReviewRequired","Manual mapping required; no safe automatic target column was inferred.","Use IAS_ZTBL default if legacy value is null.","Review","Requires parent table load order and surrogate key crosswalk.","Low","No confident automatic target mapping."
"T_COM_AUDIT_PDP","IS_ACTIVE","CHAR","REVIEW_REQUIRED","REVIEW_REQUIRED","ReviewRequired","Manual mapping required; no safe automatic target column was inferred.","Use IAS_ZTBL default if legacy value is null.","Review","Requires parent table load order and surrogate key crosswalk.","Low","No confident automatic target mapping."
"T_COM_AUDIT_PDP","IS_ACTIVE","CHAR","REVIEW_REQUIRED","REVIEW_REQUIRED","ReviewRequired","Manual mapping required; no safe automatic target column was inferred.","Use IAS_ZTBL default if legacy value is null.","Review","Requires parent table load order and surrogate key crosswalk.","Low","No confident automatic target mapping."
"T_COM_AUDIT_PDP","CREATED_BY","NUMBER","REVIEW_REQUIRED","created_by","ReviewRequired","Resolve legacy PP/user identifier to tbl_user.user_id.","Use IAS_ZTBL default if legacy value is null.","Review","Requires tbl_user migration and PPNO-to-user_id crosswalk.","Medium","No confident automatic target mapping."
"T_COM_AUDIT_PDP","CREATED_ON","DATE","REVIEW_REQUIRED","created_on","ReviewRequired","Direct copy after datatype coercion and audit-column normalization.","Use IAS_ZTBL default if legacy value is null.","Review","Requires parent table load order and surrogate key crosswalk.","Medium","No confident automatic target mapping."
"T_COM_AUDIT_PDP","UPDATED_BY","NUMBER","REVIEW_REQUIRED","modified_by","ReviewRequired","Resolve legacy PP/user identifier to tbl_user.user_id.","Use IAS_ZTBL default if legacy value is null.","Review","Requires tbl_user migration and PPNO-to-user_id crosswalk.","Medium","No confident automatic target mapping."
"T_COM_AUDIT_PDP","UPDATED_ON","DATE","REVIEW_REQUIRED","modified_on","ReviewRequired","Direct copy after datatype coercion and audit-column normalization.","Use IAS_ZTBL default if legacy value is null.","Review","Requires parent table load order and surrogate key crosswalk.","Medium","No confident automatic target mapping."
"T_COM_AUDIT_PDP_OM_MAP","MAPPING_ID","NUMBER","REVIEW_REQUIRED","REVIEW_REQUIRED","ReviewRequired","Manual mapping required; no safe automatic target column was inferred.","Use IAS_ZTBL default if legacy value is null.","Review","Requires parent table load order and surrogate key crosswalk.","Low","No confident automatic target mapping."
"T_COM_AUDIT_PDP_OM_MAP","PDP_ID","NUMBER","REVIEW_REQUIRED","REVIEW_REQUIRED","ReviewRequired","Manual mapping required; no safe automatic target column was inferred.","Use IAS_ZTBL default if legacy value is null.","Review","Requires parent table load order and surrogate key crosswalk.","Low","No confident automatic target mapping."
"T_COM_AUDIT_PDP_OM_MAP","PDP_ID","NUMBER","REVIEW_REQUIRED","REVIEW_REQUIRED","ReviewRequired","Manual mapping required; no safe automatic target column was inferred.","Use IAS_ZTBL default if legacy value is null.","Review","Requires parent table load order and surrogate key crosswalk.","Low","No confident automatic target mapping."
"T_COM_AUDIT_PDP_OM_MAP","PDP_ID","NUMBER","REVIEW_REQUIRED","REVIEW_REQUIRED","ReviewRequired","Manual mapping required; no safe automatic target column was inferred.","Use IAS_ZTBL default if legacy value is null.","Review","Requires parent table load order and surrogate key crosswalk.","Low","No confident automatic target mapping."
"T_COM_AUDIT_PDP_OM_MAP","OM_ID","NUMBER","REVIEW_REQUIRED","REVIEW_REQUIRED","ReviewRequired","Manual mapping required; no safe automatic target column was inferred.","Use IAS_ZTBL default if legacy value is null.","Review","Requires parent table load order and surrogate key crosswalk.","Low","No confident automatic target mapping."
"T_COM_AUDIT_PDP_OM_MAP","OM_ID","NUMBER","REVIEW_REQUIRED","REVIEW_REQUIRED","ReviewRequired","Manual mapping required; no safe automatic target column was inferred.","Use IAS_ZTBL default if legacy value is null.","Review","Requires parent table load order and surrogate key crosswalk.","Low","No confident automatic target mapping."
"T_COM_AUDIT_PDP_OM_MAP","OM_ID","NUMBER","REVIEW_REQUIRED","REVIEW_REQUIRED","ReviewRequired","Manual mapping required; no safe automatic target column was inferred.","Use IAS_ZTBL default if legacy value is null.","Review","Requires parent table load order and surrogate key crosswalk.","Low","No confident automatic target mapping."
"T_COM_AUDIT_PDP_OM_MAP","IS_ACTIVE","CHAR","REVIEW_REQUIRED","REVIEW_REQUIRED","ReviewRequired","Manual mapping required; no safe automatic target column was inferred.","Use IAS_ZTBL default if legacy value is null.","Review","Requires parent table load order and surrogate key crosswalk.","Low","No confident automatic target mapping."
"T_COM_AUDIT_PDP_OM_MAP","IS_ACTIVE","CHAR","REVIEW_REQUIRED","REVIEW_REQUIRED","ReviewRequired","Manual mapping required; no safe automatic target column was inferred.","Use IAS_ZTBL default if legacy value is null.","Review","Requires parent table load order and surrogate key crosswalk.","Low","No confident automatic target mapping."
"T_COM_AUDIT_PDP_OM_MAP","CREATED_BY","NUMBER","REVIEW_REQUIRED","created_by","ReviewRequired","Resolve legacy PP/user identifier to tbl_user.user_id.","Use IAS_ZTBL default if legacy value is null.","Review","Requires tbl_user migration and PPNO-to-user_id crosswalk.","Medium","No confident automatic target mapping."
"T_COM_AUDIT_PDP_OM_MAP","CREATED_ON","DATE","REVIEW_REQUIRED","created_on","ReviewRequired","Direct copy after datatype coercion and audit-column normalization.","Use IAS_ZTBL default if legacy value is null.","Review","Requires parent table load order and surrogate key crosswalk.","Medium","No confident automatic target mapping."
"T_COM_AUDIT_PDP_OM_MAP","UPDATED_BY","NUMBER","REVIEW_REQUIRED","modified_by","ReviewRequired","Resolve legacy PP/user identifier to tbl_user.user_id.","Use IAS_ZTBL default if legacy value is null.","Review","Requires tbl_user migration and PPNO-to-user_id crosswalk.","Medium","No confident automatic target mapping."
"T_COM_AUDIT_PDP_OM_MAP","UPDATED_ON","DATE","REVIEW_REQUIRED","modified_on","ReviewRequired","Direct copy after datatype coercion and audit-column normalization.","Use IAS_ZTBL default if legacy value is null.","Review","Requires parent table load order and surrogate key crosswalk.","Medium","No confident automatic target mapping."
"T_CONTROL_VIOLATION","ID","NUMBER","REVIEW_REQUIRED","REVIEW_REQUIRED","ReviewRequired","Manual mapping required; no safe automatic target column was inferred.","Use IAS_ZTBL default if legacy value is null.","Review","Requires parent table load order and surrogate key crosswalk.","Low","No confident automatic target mapping."
"T_CONTROL_VIOLATION","V_NAME","VARCHAR2","REVIEW_REQUIRED","name","ReviewRequired","Direct copy after datatype coercion and audit-column normalization.","Use IAS_ZTBL default if legacy value is null.","Review","Requires parent table load order and surrogate key crosswalk.","Low","No confident automatic target mapping."
"T_CONTROL_VIOLATION","MAX_NUMBER","NUMBER","REVIEW_REQUIRED","REVIEW_REQUIRED","ReviewRequired","Manual mapping required; no safe automatic target column was inferred.","Use IAS_ZTBL default if legacy value is null.","Review","Requires parent table load order and surrogate key crosswalk.","Low","No confident automatic target mapping."
"T_CONTROL_VIOLATION","STATUS","VARCHAR2","REVIEW_REQUIRED","REVIEW_REQUIRED","ReviewRequired","Manual mapping required; no safe automatic target column was inferred.","Use IAS_ZTBL default if legacy value is null.","Review","Requires parent table load order and surrogate key crosswalk.","Low","No confident automatic target mapping."
"T_CONTROL_VIOLATION_SUB","ID","NUMBER","REVIEW_REQUIRED","REVIEW_REQUIRED","ReviewRequired","Manual mapping required; no safe automatic target column was inferred.","Use IAS_ZTBL default if legacy value is null.","Review","Requires parent table load order and surrogate key crosswalk.","Low","No confident automatic target mapping."
"T_CONTROL_VIOLATION_SUB","V_ID","NUMBER","REVIEW_REQUIRED","REVIEW_REQUIRED","ReviewRequired","Manual mapping required; no safe automatic target column was inferred.","Use IAS_ZTBL default if legacy value is null.","Review","Requires parent table load order and surrogate key crosswalk.","Low","No confident automatic target mapping."
"T_CONTROL_VIOLATION_SUB","SUB_V_NAME","VARCHAR2","REVIEW_REQUIRED","name","ReviewRequired","Direct copy after datatype coercion and audit-column normalization.","Use IAS_ZTBL default if legacy value is null.","Review","Requires parent table load order and surrogate key crosswalk.","Low","No confident automatic target mapping."
"T_CONTROL_VIOLATION_SUB","RISK_ID","NUMBER","REVIEW_REQUIRED","risk_rating_id","ReviewRequired","Direct copy after datatype coercion and audit-column normalization.","Use IAS_ZTBL default if legacy value is null.","Review","Requires parent table load order and surrogate key crosswalk.","Medium","No confident automatic target mapping."
"T_CONTROL_VIOLATION_SUB","STATUS","VARCHAR2","REVIEW_REQUIRED","REVIEW_REQUIRED","ReviewRequired","Manual mapping required; no safe automatic target column was inferred.","Use IAS_ZTBL default if legacy value is null.","Review","Requires parent table load order and surrogate key crosswalk.","Low","No confident automatic target mapping."
"T_COSO_RATING","ID","NUMBER","REVIEW_REQUIRED","REVIEW_REQUIRED","ReviewRequired","Manual mapping required; no safe automatic target column was inferred.","Use IAS_ZTBL default if legacy value is null.","Review","Requires parent table load order and surrogate key crosswalk.","Low","No confident automatic target mapping."
"T_COSO_RATING","RATING","VARCHAR2","REVIEW_REQUIRED","REVIEW_REQUIRED","ReviewRequired","Manual mapping required; no safe automatic target column was inferred.","Use IAS_ZTBL default if legacy value is null.","Review","Requires parent table load order and surrogate key crosswalk.","Low","No confident automatic target mapping."
"T_COSO_RATING","RANGE_START","NUMBER","REVIEW_REQUIRED","REVIEW_REQUIRED","ReviewRequired","Manual mapping required; no safe automatic target column was inferred.","Use IAS_ZTBL default if legacy value is null.","Review","Requires parent table load order and surrogate key crosswalk.","Low","No confident automatic target mapping."
"T_COSO_RATING","RANGE_END","NUMBER","REVIEW_REQUIRED","REVIEW_REQUIRED","ReviewRequired","Manual mapping required; no safe automatic target column was inferred.","Use IAS_ZTBL default if legacy value is null.","Review","Requires parent table load order and surrogate key crosswalk.","Low","No confident automatic target mapping."
"T_COSO_RATING_DEPARTMENT_FINAL","AUDIT_PERIOD","VARCHAR2","REVIEW_REQUIRED","REVIEW_REQUIRED","ReviewRequired","Manual mapping required; no safe automatic target column was inferred.","Use IAS_ZTBL default if legacy value is null.","Review","Requires parent table load order and surrogate key crosswalk.","Low","No confident automatic target mapping."
"T_COSO_RATING_DEPARTMENT_FINAL","DEPT","VARCHAR2","REVIEW_REQUIRED","REVIEW_REQUIRED","ReviewRequired","Manual mapping required; no safe automatic target column was inferred.","Use IAS_ZTBL default if legacy value is null.","Review","Requires parent table load order and surrogate key crosswalk.","Low","No confident automatic target mapping."
"T_COSO_RATING_DEPARTMENT_FINAL","BASE_SCORE","NUMBER","REVIEW_REQUIRED","REVIEW_REQUIRED","ReviewRequired","Manual mapping required; no safe automatic target column was inferred.","Use IAS_ZTBL default if legacy value is null.","Review","Requires parent table load order and surrogate key crosswalk.","Low","No confident automatic target mapping."
"T_COSO_RATING_DEPARTMENT_FINAL","FINAL_RATING","VARCHAR2","REVIEW_REQUIRED","REVIEW_REQUIRED","ReviewRequired","Manual mapping required; no safe automatic target column was inferred.","Use IAS_ZTBL default if legacy value is null.","Review","Requires parent table load order and surrogate key crosswalk.","Low","No confident automatic target mapping."
"T_COSO_RATING_DEPARTMENT_FINAL","ENTITY_ID","NUMBER","REVIEW_REQUIRED","entity_id","ReviewRequired","Direct copy after datatype coercion and audit-column normalization.","Use IAS_ZTBL default if legacy value is null.","Review","Requires tbl_entity migration and entity-code crosswalk.","Medium","No confident automatic target mapping."
"T_COSO_RATING_DEPARTMENT_FINAL","LIKELIHOOD","NUMBER","REVIEW_REQUIRED","REVIEW_REQUIRED","ReviewRequired","Manual mapping required; no safe automatic target column was inferred.","Use IAS_ZTBL default if legacy value is null.","Review","Requires parent table load order and surrogate key crosswalk.","Low","No confident automatic target mapping."
"T_COSO_RATING_DEPARTMENT_FINAL","FINAL_SCORE","NUMBER","REVIEW_REQUIRED","REVIEW_REQUIRED","ReviewRequired","Manual mapping required; no safe automatic target column was inferred.","Use IAS_ZTBL default if legacy value is null.","Review","Requires parent table load order and surrogate key crosswalk.","Low","No confident automatic target mapping."
"T_COSO_RATING_DEPARTMENT_INHERITED_RISK","AUDIT_PERIOD","VARCHAR2","REVIEW_REQUIRED","REVIEW_REQUIRED","ReviewRequired","Manual mapping required; no safe automatic target column was inferred.","Use IAS_ZTBL default if legacy value is null.","Review","Requires parent table load order and surrogate key crosswalk.","Low","No confident automatic target mapping."
"T_COSO_RATING_DEPARTMENT_INHERITED_RISK","DEPT_NAME","VARCHAR2","REVIEW_REQUIRED","name","ReviewRequired","Direct copy after datatype coercion and audit-column normalization.","Use IAS_ZTBL default if legacy value is null.","Review","Requires parent table load order and surrogate key crosswalk.","Low","No confident automatic target mapping."
"T_COSO_RATING_DEPARTMENT_INHERITED_RISK","COSO_BASE_RATING_FACTORS","VARCHAR2","REVIEW_REQUIRED","REVIEW_REQUIRED","ReviewRequired","Manual mapping required; no safe automatic target column was inferred.","Use IAS_ZTBL default if legacy value is null.","Review","Requires parent table load order and surrogate key crosswalk.","Low","No confident automatic target mapping."
"T_COSO_RATING_DEPARTMENT_INHERITED_RISK","NUMBER_OF_SUB_FACTORS","NUMBER","REVIEW_REQUIRED","REVIEW_REQUIRED","ReviewRequired","Manual mapping required; no safe automatic target column was inferred.","Use IAS_ZTBL default if legacy value is null.","Review","Requires parent table load order and surrogate key crosswalk.","Low","No confident automatic target mapping."
"T_COSO_RATING_DEPARTMENT_INHERITED_RISK","MAXIMUM_SCORE_OF_SUB_FACTORS","NUMBER","REVIEW_REQUIRED","REVIEW_REQUIRED","ReviewRequired","Manual mapping required; no safe automatic target column was inferred.","Use IAS_ZTBL default if legacy value is null.","Review","Requires parent table load order and surrogate key crosswalk.","Low","No confident automatic target mapping."
"T_COSO_RATING_DEPARTMENT_INHERITED_RISK","OVERALL_WEIGHT_ASSIGNED","NUMBER","REVIEW_REQUIRED","REVIEW_REQUIRED","ReviewRequired","Manual mapping required; no safe automatic target column was inferred.","Use IAS_ZTBL default if legacy value is null.","Review","Requires parent table load order and surrogate key crosswalk.","Low","No confident automatic target mapping."
"T_COSO_RATING_DEPARTMENT_INHERITED_RISK","SCORE_ASSIGNED_BY_AUDITOR","NUMBER","REVIEW_REQUIRED","REVIEW_REQUIRED","ReviewRequired","Manual mapping required; no safe automatic target column was inferred.","Use IAS_ZTBL default if legacy value is null.","Review","Requires parent table load order and surrogate key crosswalk.","Low","No confident automatic target mapping."
"T_COSO_RATING_DEPARTMENT_INHERITED_RISK","WEIGHTED_AVERAGE_SCORE","NUMBER","REVIEW_REQUIRED","REVIEW_REQUIRED","ReviewRequired","Manual mapping required; no safe automatic target column was inferred.","Use IAS_ZTBL default if legacy value is null.","Review","Requires parent table load order and surrogate key crosswalk.","Low","No confident automatic target mapping."
"T_COSO_RATING_DEPARTMENT_INHERITED_RISK","AUDIT_RATING","VARCHAR2","REVIEW_REQUIRED","REVIEW_REQUIRED","ReviewRequired","Manual mapping required; no safe automatic target column was inferred.","Use IAS_ZTBL default if legacy value is null.","Review","Requires parent table load order and surrogate key crosswalk.","Low","No confident automatic target mapping."
"T_COSO_RATING_DEPARTMENT_INHERITED_RISK","STATUS","VARCHAR2","REVIEW_REQUIRED","REVIEW_REQUIRED","ReviewRequired","Manual mapping required; no safe automatic target column was inferred.","Use IAS_ZTBL default if legacy value is null.","Review","Requires parent table load order and surrogate key crosswalk.","Low","No confident automatic target mapping."
"T_COSO_RATING_DEPARTMENT_INHERITED_RISK","ENTITY_ID","NUMBER","REVIEW_REQUIRED","entity_id","ReviewRequired","Direct copy after datatype coercion and audit-column normalization.","Use IAS_ZTBL default if legacy value is null.","Review","Requires tbl_entity migration and entity-code crosswalk.","Medium","No confident automatic target mapping."
"T_COSO_RATING_FACTORS","ID","NUMBER","REVIEW_REQUIRED","REVIEW_REQUIRED","ReviewRequired","Manual mapping required; no safe automatic target column was inferred.","Use IAS_ZTBL default if legacy value is null.","Review","Requires parent table load order and surrogate key crosswalk.","Low","No confident automatic target mapping."
"T_COSO_RATING_FACTORS","RATING_FACTORS","VARCHAR2","REVIEW_REQUIRED","REVIEW_REQUIRED","ReviewRequired","Manual mapping required; no safe automatic target column was inferred.","Use IAS_ZTBL default if legacy value is null.","Review","Requires parent table load order and surrogate key crosswalk.","Low","No confident automatic target mapping."
"T_COSO_RATING_FACTORS","WEIGHT_ASSIGNED","NUMBER","REVIEW_REQUIRED","REVIEW_REQUIRED","ReviewRequired","Manual mapping required; no safe automatic target column was inferred.","Use IAS_ZTBL default if legacy value is null.","Review","Requires parent table load order and surrogate key crosswalk.","Low","No confident automatic target mapping."
"T_COSO_RATING_FACTORS","STATUS","VARCHAR2","REVIEW_REQUIRED","REVIEW_REQUIRED","ReviewRequired","Manual mapping required; no safe automatic target column was inferred.","Use IAS_ZTBL default if legacy value is null.","Review","Requires parent table load order and surrogate key crosswalk.","Low","No confident automatic target mapping."
"T_COSO_RISK","R_ID","NUMBER","REVIEW_REQUIRED","REVIEW_REQUIRED","ReviewRequired","Manual mapping required; no safe automatic target column was inferred.","Use IAS_ZTBL default if legacy value is null.","Review","Requires parent table load order and surrogate key crosswalk.","Low","No confident automatic target mapping."
"T_COSO_RISK","DESCRIPTION","VARCHAR2","REVIEW_REQUIRED","description","ReviewRequired","Direct copy after datatype coercion and audit-column normalization.","Use IAS_ZTBL default if legacy value is null.","Review","Requires parent table load order and surrogate key crosswalk.","Low","No confident automatic target mapping."
"T_COSO_RISK","RATING","NUMBER","REVIEW_REQUIRED","REVIEW_REQUIRED","ReviewRequired","Manual mapping required; no safe automatic target column was inferred.","Use IAS_ZTBL default if legacy value is null.","Review","Requires parent table load order and surrogate key crosswalk.","Low","No confident automatic target mapping."
"T_DASHBOARD_SCORECARD","DEPARTMENT","VARCHAR2","REVIEW_REQUIRED","REVIEW_REQUIRED","ReviewRequired","Manual mapping required; no safe automatic target column was inferred.","Use IAS_ZTBL default if legacy value is null.","Review","Requires parent table load order and surrogate key crosswalk.","Low","No confident automatic target mapping."
"T_DASHBOARD_SCORECARD","HEADING","VARCHAR2","REVIEW_REQUIRED","heading_text","ReviewRequired","Load descriptive heading into normalized heading/title field.","Use IAS_ZTBL default if legacy value is null.","Review","Requires parent table load order and surrogate key crosswalk.","Low","No confident automatic target mapping."
"T_DASHBOARD_SCORECARD","NO_OF_ENT","NUMBER","REVIEW_REQUIRED","REVIEW_REQUIRED","ReviewRequired","Manual mapping required; no safe automatic target column was inferred.","Use IAS_ZTBL default if legacy value is null.","Review","Requires parent table load order and surrogate key crosswalk.","Low","No confident automatic target mapping."
"T_DASHBOARD_SCORECARD","TOT_ENT","NUMBER","REVIEW_REQUIRED","REVIEW_REQUIRED","ReviewRequired","Manual mapping required; no safe automatic target column was inferred.","Use IAS_ZTBL default if legacy value is null.","Review","Requires parent table load order and surrogate key crosswalk.","Low","No confident automatic target mapping."
"T_DASHBOARD_SCORECARD","PENCENT","VARCHAR2","REVIEW_REQUIRED","REVIEW_REQUIRED","ReviewRequired","Manual mapping required; no safe automatic target column was inferred.","Use IAS_ZTBL default if legacy value is null.","Review","Requires parent table load order and surrogate key crosswalk.","Low","No confident automatic target mapping."
"T_DASHBOARD_SCORECARD","REMARKS","VARCHAR2","REVIEW_REQUIRED","REVIEW_REQUIRED","ReviewRequired","Manual mapping required; no safe automatic target column was inferred.","Use IAS_ZTBL default if legacy value is null.","Review","Requires parent table load order and surrogate key crosswalk.","Low","No confident automatic target mapping."
"T_EMAIL_ADDRESS","PPNO","NUMBER","REVIEW_REQUIRED","user_id","ReviewRequired","Resolve legacy PPNO to tbl_user.user_id crosswalk.","Use IAS_ZTBL default if legacy value is null.","Review","Requires tbl_user migration and PPNO-to-user_id crosswalk.","Medium","No confident automatic target mapping."
"T_EMAIL_ADDRESS","EMAIL","VARCHAR2","REVIEW_REQUIRED","REVIEW_REQUIRED","ReviewRequired","Manual mapping required; no safe automatic target column was inferred.","Use IAS_ZTBL default if legacy value is null.","Review","Requires parent table load order and surrogate key crosswalk.","Low","No confident automatic target mapping."
"T_EMAIL_ADDRESS","ENTITY_ID","NUMBER","REVIEW_REQUIRED","entity_id","ReviewRequired","Direct copy after datatype coercion and audit-column normalization.","Use IAS_ZTBL default if legacy value is null.","Review","Requires tbl_entity migration and entity-code crosswalk.","Medium","No confident automatic target mapping."
"T_EMAIL_ADDRESS","ROLEID","NUMBER","REVIEW_REQUIRED","REVIEW_REQUIRED","ReviewRequired","Manual mapping required; no safe automatic target column was inferred.","Use IAS_ZTBL default if legacy value is null.","Review","Requires parent table load order and surrogate key crosswalk.","Low","No confident automatic target mapping."
"T_EMAIL_ADDRESS","STATUS","VARCHAR2","REVIEW_REQUIRED","REVIEW_REQUIRED","ReviewRequired","Manual mapping required; no safe automatic target column was inferred.","Use IAS_ZTBL default if legacy value is null.","Review","Requires parent table load order and surrogate key crosswalk.","Low","No confident automatic target mapping."
"T_EMP_EMAILS","PPNO","NUMBER","REVIEW_REQUIRED","user_id","ReviewRequired","Resolve legacy PPNO to tbl_user.user_id crosswalk.","Use IAS_ZTBL default if legacy value is null.","Review","Requires tbl_user migration and PPNO-to-user_id crosswalk.","Medium","No confident automatic target mapping."
"T_EMP_EMAILS","EMAILID","VARCHAR2","REVIEW_REQUIRED","REVIEW_REQUIRED","ReviewRequired","Manual mapping required; no safe automatic target column was inferred.","Use IAS_ZTBL default if legacy value is null.","Review","Requires parent table load order and surrogate key crosswalk.","Low","No confident automatic target mapping."
"T_EXCEPTION_ACCOUNTS","ACC_ID","NUMBER","REVIEW_REQUIRED","REVIEW_REQUIRED","ReviewRequired","Manual mapping required; no safe automatic target column was inferred.","Use IAS_ZTBL default if legacy value is null.","Review","Requires parent table load order and surrogate key crosswalk.","Low","No confident automatic target mapping."
"T_EXCEPTION_ACCOUNTS","ACCOUNT_ID","VARCHAR2","REVIEW_REQUIRED","REVIEW_REQUIRED","ReviewRequired","Manual mapping required; no safe automatic target column was inferred.","Use IAS_ZTBL default if legacy value is null.","Review","Requires parent table load order and surrogate key crosswalk.","Low","No confident automatic target mapping."
"T_EXCEPTION_ACCOUNTS","ACCOUNT_ID","VARCHAR2","REVIEW_REQUIRED","REVIEW_REQUIRED","ReviewRequired","Manual mapping required; no safe automatic target column was inferred.","Use IAS_ZTBL default if legacy value is null.","Review","Requires parent table load order and surrogate key crosswalk.","Low","No confident automatic target mapping."
"T_EXCEPTION_ACCOUNTS","ENG_ID","NUMBER","REVIEW_REQUIRED","REVIEW_REQUIRED","ReviewRequired","Manual mapping required; no safe automatic target column was inferred.","Use IAS_ZTBL default if legacy value is null.","Review","Requires parent table load order and surrogate key crosswalk.","Low","No confident automatic target mapping."
"T_EXCEPTION_ACCOUNTS","ACCOUNT_NO","NUMBER","REVIEW_REQUIRED","REVIEW_REQUIRED","ReviewRequired","Manual mapping required; no safe automatic target column was inferred.","Use IAS_ZTBL default if legacy value is null.","Review","Requires parent table load order and surrogate key crosswalk.","Low","No confident automatic target mapping."
"T_EXCEPTION_ACCOUNTS","TITLE","VARCHAR2","REVIEW_REQUIRED","heading_text","ReviewRequired","Load descriptive heading into normalized heading/title field.","Use IAS_ZTBL default if legacy value is null.","Review","Requires parent table load order and surrogate key crosswalk.","Low","No confident automatic target mapping."
"T_EXCEPTION_ACCOUNTS","OPENINGDATE_DISP","VARCHAR2","REVIEW_REQUIRED","REVIEW_REQUIRED","ReviewRequired","Manual mapping required; no safe automatic target column was inferred.","Use IAS_ZTBL default if legacy value is null.","Review","Requires parent table load order and surrogate key crosswalk.","Low","No confident automatic target mapping."
"T_EXCEPTION_ACCOUNTS","ACCOUNT_PURPOSE","VARCHAR2","REVIEW_REQUIRED","REVIEW_REQUIRED","ReviewRequired","Manual mapping required; no safe automatic target column was inferred.","Use IAS_ZTBL default if legacy value is null.","Review","Requires parent table load order and surrogate key crosswalk.","Low","No confident automatic target mapping."
"T_EXCEPTION_ACCOUNTS","ACCOUNT_TYPE","VARCHAR2","REVIEW_REQUIRED","REVIEW_REQUIRED","ReviewRequired","Manual mapping required; no safe automatic target column was inferred.","Use IAS_ZTBL default if legacy value is null.","Review","Requires parent table load order and surrogate key crosswalk.","Low","No confident automatic target mapping."
"T_EXCEPTION_ACCOUNTS","ACCOUNT_CATEGORY","VARCHAR2","REVIEW_REQUIRED","REVIEW_REQUIRED","ReviewRequired","Manual mapping required; no safe automatic target column was inferred.","Use IAS_ZTBL default if legacy value is null.","Review","Requires parent table load order and surrogate key crosswalk.","Low","No confident automatic target mapping."
"T_EXCEPTION_ACCOUNTS","ACCOUNT_STATUS","VARCHAR2","REVIEW_REQUIRED","REVIEW_REQUIRED","ReviewRequired","Manual mapping required; no safe automatic target column was inferred.","Use IAS_ZTBL default if legacy value is null.","Review","Requires parent table load order and surrogate key crosswalk.","Low","No confident automatic target mapping."
"T_EXCEPTION_ACCOUNTS","RISK","VARCHAR2","REVIEW_REQUIRED","REVIEW_REQUIRED","ReviewRequired","Manual mapping required; no safe automatic target column was inferred.","Use IAS_ZTBL default if legacy value is null.","Review","Requires parent table load order and surrogate key crosswalk.","Low","No confident automatic target mapping."
"T_EXCEPTION_ACCOUNTS","ACCOUNT_BALANCE","NUMBER","REVIEW_REQUIRED","REVIEW_REQUIRED","ReviewRequired","Manual mapping required; no safe automatic target column was inferred.","Use IAS_ZTBL default if legacy value is null.","Review","Requires parent table load order and surrogate key crosswalk.","Low","No confident automatic target mapping."
"T_EXCEPTION_ACCOUNTS","LAST_TRAN_DATE_DISP","VARCHAR2","REVIEW_REQUIRED","REVIEW_REQUIRED","ReviewRequired","Manual mapping required; no safe automatic target column was inferred.","Use IAS_ZTBL default if legacy value is null.","Review","Requires parent table load order and surrogate key crosswalk.","Low","No confident automatic target mapping."
"T_EXCEPTION_ACCOUNTS","BRANCH_ID","NUMBER","REVIEW_REQUIRED","REVIEW_REQUIRED","ReviewRequired","Manual mapping required; no safe automatic target column was inferred.","Use IAS_ZTBL default if legacy value is null.","Review","Requires parent table load order and surrogate key crosswalk.","Low","No confident automatic target mapping."
"T_EXCEPTION_ACCOUNTS_CUST","CUST_ID","NUMBER","REVIEW_REQUIRED","REVIEW_REQUIRED","ReviewRequired","Manual mapping required; no safe automatic target column was inferred.","Use IAS_ZTBL default if legacy value is null.","Review","Requires parent table load order and surrogate key crosswalk.","Low","No confident automatic target mapping."
"T_EXCEPTION_ACCOUNTS_CUST","CUST_ID","NUMBER","REVIEW_REQUIRED","REVIEW_REQUIRED","ReviewRequired","Manual mapping required; no safe automatic target column was inferred.","Use IAS_ZTBL default if legacy value is null.","Review","Requires parent table load order and surrogate key crosswalk.","Low","No confident automatic target mapping."
"T_EXCEPTION_ACCOUNTS_CUST","CUSTOMER_ID","VARCHAR2","REVIEW_REQUIRED","REVIEW_REQUIRED","ReviewRequired","Manual mapping required; no safe automatic target column was inferred.","Use IAS_ZTBL default if legacy value is null.","Review","Requires parent table load order and surrogate key crosswalk.","Low","No confident automatic target mapping."
"T_EXCEPTION_ACCOUNTS_CUST","ACCOUNT_ID","VARCHAR2","REVIEW_REQUIRED","REVIEW_REQUIRED","ReviewRequired","Manual mapping required; no safe automatic target column was inferred.","Use IAS_ZTBL default if legacy value is null.","Review","Requires parent table load order and surrogate key crosswalk.","Low","No confident automatic target mapping."
"T_EXCEPTION_ACCOUNTS_CUST","ACCOUNT_ID","VARCHAR2","REVIEW_REQUIRED","REVIEW_REQUIRED","ReviewRequired","Manual mapping required; no safe automatic target column was inferred.","Use IAS_ZTBL default if legacy value is null.","Review","Requires parent table load order and surrogate key crosswalk.","Low","No confident automatic target mapping."
"T_EXCEPTION_ACCOUNTS_CUST","CUSTOMER_ACCOUNT_ID","VARCHAR2","REVIEW_REQUIRED","REVIEW_REQUIRED","ReviewRequired","Manual mapping required; no safe automatic target column was inferred.","Use IAS_ZTBL default if legacy value is null.","Review","Requires parent table load order and surrogate key crosswalk.","Low","No confident automatic target mapping."
"T_EXCEPTION_ACCOUNTS_CUST","CUSTOMER_ACCOUNT_ID","VARCHAR2","REVIEW_REQUIRED","REVIEW_REQUIRED","ReviewRequired","Manual mapping required; no safe automatic target column was inferred.","Use IAS_ZTBL default if legacy value is null.","Review","Requires parent table load order and surrogate key crosswalk.","Low","No confident automatic target mapping."
"T_EXCEPTION_ACCOUNTS_CUST","CUSTOMERNAME","VARCHAR2","REVIEW_REQUIRED","name","ReviewRequired","Direct copy after datatype coercion and audit-column normalization.","Use IAS_ZTBL default if legacy value is null.","Review","Requires parent table load order and surrogate key crosswalk.","Low","No confident automatic target mapping."
"T_EXCEPTION_ACCOUNTS_CUST","DOB_DISP","VARCHAR2","REVIEW_REQUIRED","REVIEW_REQUIRED","ReviewRequired","Manual mapping required; no safe automatic target column was inferred.","Use IAS_ZTBL default if legacy value is null.","Review","Requires parent table load order and surrogate key crosswalk.","Low","No confident automatic target mapping."
"T_EXCEPTION_ACCOUNTS_CUST","PHONE_CELL","VARCHAR2","REVIEW_REQUIRED","REVIEW_REQUIRED","ReviewRequired","Manual mapping required; no safe automatic target column was inferred.","Use IAS_ZTBL default if legacy value is null.","Review","Requires parent table load order and surrogate key crosswalk.","Low","No confident automatic target mapping."
"T_EXCEPTION_ACCOUNTS_CUST","CNIC","VARCHAR2","REVIEW_REQUIRED","REVIEW_REQUIRED","ReviewRequired","Manual mapping required; no safe automatic target column was inferred.","Use IAS_ZTBL default if legacy value is null.","Review","Requires parent table load order and surrogate key crosswalk.","Low","No confident automatic target mapping."
"T_EXCEPTION_ACCOUNTS_CUST","CNICEXPIRYDATE_DISP","DATE","REVIEW_REQUIRED","REVIEW_REQUIRED","ReviewRequired","Manual mapping required; no safe automatic target column was inferred.","Use IAS_ZTBL default if legacy value is null.","Review","Requires parent table load order and surrogate key crosswalk.","Low","No confident automatic target mapping."
"T_EXCEPTION_ACCOUNTS_CUST","BMVS_VERIFIED","CHAR","REVIEW_REQUIRED","REVIEW_REQUIRED","ReviewRequired","Manual mapping required; no safe automatic target column was inferred.","Use IAS_ZTBL default if legacy value is null.","Review","Requires parent table load order and surrogate key crosswalk.","Low","No confident automatic target mapping."
"T_EXCEPTION_ACCOUNTS_CUST","BANK_EMPLOYEE","VARCHAR2","REVIEW_REQUIRED","REVIEW_REQUIRED","ReviewRequired","Manual mapping required; no safe automatic target column was inferred.","Use IAS_ZTBL default if legacy value is null.","Review","Requires parent table load order and surrogate key crosswalk.","Low","No confident automatic target mapping."
"T_EXCEPTION_ACCOUNTS_CUST","SOURCE_OF_FUND","VARCHAR2","REVIEW_REQUIRED","REVIEW_REQUIRED","ReviewRequired","Manual mapping required; no safe automatic target column was inferred.","Use IAS_ZTBL default if legacy value is null.","Review","Requires parent table load order and surrogate key crosswalk.","Low","No confident automatic target mapping."
"T_EXCEPTION_ACCOUNTS_CUST","DATE_OF_CLOSURE_DISP","VARCHAR2","REVIEW_REQUIRED","REVIEW_REQUIRED","ReviewRequired","Manual mapping required; no safe automatic target column was inferred.","Use IAS_ZTBL default if legacy value is null.","Review","Requires parent table load order and surrogate key crosswalk.","Low","No confident automatic target mapping."
"T_EXCEPTION_ACCOUNTS_CUST","ZAKAT_EXEMPTED","VARCHAR2","REVIEW_REQUIRED","REVIEW_REQUIRED","ReviewRequired","Manual mapping required; no safe automatic target column was inferred.","Use IAS_ZTBL default if legacy value is null.","Review","Requires parent table load order and surrogate key crosswalk.","Low","No confident automatic target mapping."
"T_EXCEPTION_ACCOUNTS_CUST","CUSTOMER_RISK","VARCHAR2","REVIEW_REQUIRED","REVIEW_REQUIRED","ReviewRequired","Manual mapping required; no safe automatic target column was inferred.","Use IAS_ZTBL default if legacy value is null.","Review","Requires parent table load order and surrogate key crosswalk.","Low","No confident automatic target mapping."
"T_EXCEPTION_ACCOUNTS_CUST","ENG_ID","NUMBER","REVIEW_REQUIRED","REVIEW_REQUIRED","ReviewRequired","Manual mapping required; no safe automatic target column was inferred.","Use IAS_ZTBL default if legacy value is null.","Review","Requires parent table load order and surrogate key crosswalk.","Low","No confident automatic target mapping."
"T_EXCEPTION_ACCOUNTS_DATA","ER_ID","NUMBER","REVIEW_REQUIRED","REVIEW_REQUIRED","ReviewRequired","Manual mapping required; no safe automatic target column was inferred.","Use IAS_ZTBL default if legacy value is null.","Review","Requires parent table load order and surrogate key crosswalk.","Low","No confident automatic target mapping."
"T_EXCEPTION_ACCOUNTS_DATA","ENG_ID","NUMBER","REVIEW_REQUIRED","REVIEW_REQUIRED","ReviewRequired","Manual mapping required; no safe automatic target column was inferred.","Use IAS_ZTBL default if legacy value is null.","Review","Requires parent table load order and surrogate key crosswalk.","Low","No confident automatic target mapping."
"T_EXCEPTION_ACCOUNTS_DATA","ACCOUNT_ID","VARCHAR2","REVIEW_REQUIRED","REVIEW_REQUIRED","ReviewRequired","Manual mapping required; no safe automatic target column was inferred.","Use IAS_ZTBL default if legacy value is null.","Review","Requires parent table load order and surrogate key crosswalk.","Low","No confident automatic target mapping."
"T_EXCEPTION_ACCOUNTS_DATA","ACCOUNT_NO","NUMBER","REVIEW_REQUIRED","REVIEW_REQUIRED","ReviewRequired","Manual mapping required; no safe automatic target column was inferred.","Use IAS_ZTBL default if legacy value is null.","Review","Requires parent table load order and surrogate key crosswalk.","Low","No confident automatic target mapping."
"T_EXCEPTION_ACCOUNTS_DATA","TITLE","VARCHAR2","REVIEW_REQUIRED","heading_text","ReviewRequired","Load descriptive heading into normalized heading/title field.","Use IAS_ZTBL default if legacy value is null.","Review","Requires parent table load order and surrogate key crosswalk.","Low","No confident automatic target mapping."
"T_EXCEPTION_ACCOUNTS_DATA","CUSTOMERNAME","VARCHAR2","REVIEW_REQUIRED","name","ReviewRequired","Direct copy after datatype coercion and audit-column normalization.","Use IAS_ZTBL default if legacy value is null.","Review","Requires parent table load order and surrogate key crosswalk.","Low","No confident automatic target mapping."
"T_EXCEPTION_ACCOUNTS_DATA","DOB","DATE","REVIEW_REQUIRED","REVIEW_REQUIRED","ReviewRequired","Manual mapping required; no safe automatic target column was inferred.","Use IAS_ZTBL default if legacy value is null.","Review","Requires parent table load order and surrogate key crosswalk.","Low","No confident automatic target mapping."
"T_EXCEPTION_ACCOUNTS_DATA","PHONE_CELL","VARCHAR2","REVIEW_REQUIRED","REVIEW_REQUIRED","ReviewRequired","Manual mapping required; no safe automatic target column was inferred.","Use IAS_ZTBL default if legacy value is null.","Review","Requires parent table load order and surrogate key crosswalk.","Low","No confident automatic target mapping."
"T_EXCEPTION_ACCOUNTS_DATA","CNIC","VARCHAR2","REVIEW_REQUIRED","REVIEW_REQUIRED","ReviewRequired","Manual mapping required; no safe automatic target column was inferred.","Use IAS_ZTBL default if legacy value is null.","Review","Requires parent table load order and surrogate key crosswalk.","Low","No confident automatic target mapping."
"T_EXCEPTION_ACCOUNTS_DATA","CNICEXPIRYDATE","DATE","REVIEW_REQUIRED","REVIEW_REQUIRED","ReviewRequired","Manual mapping required; no safe automatic target column was inferred.","Use IAS_ZTBL default if legacy value is null.","Review","Requires parent table load order and surrogate key crosswalk.","Low","No confident automatic target mapping."
"T_EXCEPTION_ACCOUNTS_DATA","OPENINGDATE","DATE","REVIEW_REQUIRED","REVIEW_REQUIRED","ReviewRequired","Manual mapping required; no safe automatic target column was inferred.","Use IAS_ZTBL default if legacy value is null.","Review","Requires parent table load order and surrogate key crosswalk.","Low","No confident automatic target mapping."
"T_EXCEPTION_ACCOUNTS_DATA","BMVS_VERIFIED","CHAR","REVIEW_REQUIRED","REVIEW_REQUIRED","ReviewRequired","Manual mapping required; no safe automatic target column was inferred.","Use IAS_ZTBL default if legacy value is null.","Review","Requires parent table load order and surrogate key crosswalk.","Low","No confident automatic target mapping."
"T_EXCEPTION_ACCOUNTS_DATA","ACCOUNT_PURPOSE","VARCHAR2","REVIEW_REQUIRED","REVIEW_REQUIRED","ReviewRequired","Manual mapping required; no safe automatic target column was inferred.","Use IAS_ZTBL default if legacy value is null.","Review","Requires parent table load order and surrogate key crosswalk.","Low","No confident automatic target mapping."
"T_EXCEPTION_ACCOUNTS_DATA","ACCOUNT_TYPE","VARCHAR2","REVIEW_REQUIRED","REVIEW_REQUIRED","ReviewRequired","Manual mapping required; no safe automatic target column was inferred.","Use IAS_ZTBL default if legacy value is null.","Review","Requires parent table load order and surrogate key crosswalk.","Low","No confident automatic target mapping."
"T_EXCEPTION_ACCOUNTS_DATA","ACCOUNT_CATEGORY","VARCHAR2","REVIEW_REQUIRED","REVIEW_REQUIRED","ReviewRequired","Manual mapping required; no safe automatic target column was inferred.","Use IAS_ZTBL default if legacy value is null.","Review","Requires parent table load order and surrogate key crosswalk.","Low","No confident automatic target mapping."
"T_EXCEPTION_ACCOUNTS_DATA","ACCOUNT_STATUS","VARCHAR2","REVIEW_REQUIRED","REVIEW_REQUIRED","ReviewRequired","Manual mapping required; no safe automatic target column was inferred.","Use IAS_ZTBL default if legacy value is null.","Review","Requires parent table load order and surrogate key crosswalk.","Low","No confident automatic target mapping."
"T_EXCEPTION_ACCOUNTS_DATA","RISK","VARCHAR2","REVIEW_REQUIRED","REVIEW_REQUIRED","ReviewRequired","Manual mapping required; no safe automatic target column was inferred.","Use IAS_ZTBL default if legacy value is null.","Review","Requires parent table load order and surrogate key crosswalk.","Low","No confident automatic target mapping."
"T_EXCEPTION_ACCOUNTS_DATA","TRAN_DATE","DATE","REVIEW_REQUIRED","REVIEW_REQUIRED","ReviewRequired","Manual mapping required; no safe automatic target column was inferred.","Use IAS_ZTBL default if legacy value is null.","Review","Requires parent table load order and surrogate key crosswalk.","Low","No confident automatic target mapping."
"T_EXCEPTION_ACCOUNTS_DATA","TRAN_AUTH_DATE","DATE","REVIEW_REQUIRED","REVIEW_REQUIRED","ReviewRequired","Manual mapping required; no safe automatic target column was inferred.","Use IAS_ZTBL default if legacy value is null.","Review","Requires parent table load order and surrogate key crosswalk.","Low","No confident automatic target mapping."
"T_EXCEPTION_ACCOUNTS_DATA","TRANSACTIONMASTERCODE","NUMBER","REVIEW_REQUIRED","REVIEW_REQUIRED","ReviewRequired","Manual mapping required; no safe automatic target column was inferred.","Use IAS_ZTBL default if legacy value is null.","Review","Requires parent table load order and surrogate key crosswalk.","Low","No confident automatic target mapping."
"T_EXCEPTION_ACCOUNTS_DATA","TRANSACTION_DISCRIPTION","VARCHAR2","REVIEW_REQUIRED","REVIEW_REQUIRED","ReviewRequired","Manual mapping required; no safe automatic target column was inferred.","Use IAS_ZTBL default if legacy value is null.","Review","Requires parent table load order and surrogate key crosswalk.","Low","No confident automatic target mapping."
"T_EXCEPTION_ACCOUNTS_DATA","TR_AMOUNT","NUMBER","REVIEW_REQUIRED","REVIEW_REQUIRED","ReviewRequired","Manual mapping required; no safe automatic target column was inferred.","Use IAS_ZTBL default if legacy value is null.","Review","Requires parent table load order and surrogate key crosswalk.","Low","No confident automatic target mapping."
"T_EXCEPTION_ACCOUNTS_DATA","ACCOUNT_BALANCE","NUMBER","REVIEW_REQUIRED","REVIEW_REQUIRED","ReviewRequired","Manual mapping required; no safe automatic target column was inferred.","Use IAS_ZTBL default if legacy value is null.","Review","Requires parent table load order and surrogate key crosswalk.","Low","No confident automatic target mapping."
"T_EXCEPTION_ACCOUNTS_DATA","LAST_TRAN_DATE","DATE","REVIEW_REQUIRED","REVIEW_REQUIRED","ReviewRequired","Manual mapping required; no safe automatic target column was inferred.","Use IAS_ZTBL default if legacy value is null.","Review","Requires parent table load order and surrogate key crosswalk.","Low","No confident automatic target mapping."
"T_EXCEPTION_ACCOUNTS_DATA","SOURCE_OF_FUND","VARCHAR2","REVIEW_REQUIRED","REVIEW_REQUIRED","ReviewRequired","Manual mapping required; no safe automatic target column was inferred.","Use IAS_ZTBL default if legacy value is null.","Review","Requires parent table load order and surrogate key crosswalk.","Low","No confident automatic target mapping."
"T_EXCEPTION_ACCOUNTS_DATA","NATURE_OF_TRANSACTION","VARCHAR2","REVIEW_REQUIRED","REVIEW_REQUIRED","ReviewRequired","Manual mapping required; no safe automatic target column was inferred.","Use IAS_ZTBL default if legacy value is null.","Review","Requires parent table load order and surrogate key crosswalk.","Low","No confident automatic target mapping."
"T_EXCEPTION_ACCOUNTS_DATA","DATE_OF_CLOSURE","DATE","REVIEW_REQUIRED","REVIEW_REQUIRED","ReviewRequired","Manual mapping required; no safe automatic target column was inferred.","Use IAS_ZTBL default if legacy value is null.","Review","Requires parent table load order and surrogate key crosswalk.","Low","No confident automatic target mapping."
"T_EXCEPTION_ACCOUNTS_DATA","ZAKAT_EXEMPTED_DATE","DATE","REVIEW_REQUIRED","REVIEW_REQUIRED","ReviewRequired","Manual mapping required; no safe automatic target column was inferred.","Use IAS_ZTBL default if legacy value is null.","Review","Requires parent table load order and surrogate key crosswalk.","Low","No confident automatic target mapping."
"T_EXCEPTION_ACCOUNTS_DATA","TXN_COUNT_PERIOD","NUMBER","REVIEW_REQUIRED","REVIEW_REQUIRED","ReviewRequired","Manual mapping required; no safe automatic target column was inferred.","Use IAS_ZTBL default if legacy value is null.","Review","Requires parent table load order and surrogate key crosswalk.","Low","No confident automatic target mapping."
"T_EXCEPTION_ACCOUNTS_DATA","TOTAL_DR_PERIOD","NUMBER","REVIEW_REQUIRED","REVIEW_REQUIRED","ReviewRequired","Manual mapping required; no safe automatic target column was inferred.","Use IAS_ZTBL default if legacy value is null.","Review","Requires parent table load order and surrogate key crosswalk.","Low","No confident automatic target mapping."
"T_EXCEPTION_ACCOUNTS_DATA","TOTAL_CR_PERIOD","NUMBER","REVIEW_REQUIRED","REVIEW_REQUIRED","ReviewRequired","Manual mapping required; no safe automatic target column was inferred.","Use IAS_ZTBL default if legacy value is null.","Review","Requires parent table load order and surrogate key crosswalk.","Low","No confident automatic target mapping."
"T_EXCEPTION_ACCOUNTS_DATA","LAST_AUTH_DATE","DATE","REVIEW_REQUIRED","REVIEW_REQUIRED","ReviewRequired","Manual mapping required; no safe automatic target column was inferred.","Use IAS_ZTBL default if legacy value is null.","Review","Requires parent table load order and surrogate key crosswalk.","Low","No confident automatic target mapping."
"T_EXCEPTION_ACCOUNTS_DATA","LAST_DR_AMOUNT","NUMBER","REVIEW_REQUIRED","REVIEW_REQUIRED","ReviewRequired","Manual mapping required; no safe automatic target column was inferred.","Use IAS_ZTBL default if legacy value is null.","Review","Requires parent table load order and surrogate key crosswalk.","Low","No confident automatic target mapping."
"T_EXCEPTION_ACCOUNTS_DATA","LAST_CR_AMOUNT","NUMBER","REVIEW_REQUIRED","REVIEW_REQUIRED","ReviewRequired","Manual mapping required; no safe automatic target column was inferred.","Use IAS_ZTBL default if legacy value is null.","Review","Requires parent table load order and surrogate key crosswalk.","Low","No confident automatic target mapping."
"T_EXCEPTION_ACCOUNTS_DATA","BANK_EMPLOYEE","VARCHAR2","REVIEW_REQUIRED","REVIEW_REQUIRED","ReviewRequired","Manual mapping required; no safe automatic target column was inferred.","Use IAS_ZTBL default if legacy value is null.","Review","Requires parent table load order and surrogate key crosswalk.","Low","No confident automatic target mapping."
"T_EXCEPTION_ACCOUNTS_TXN","TXN_ID","NUMBER","REVIEW_REQUIRED","REVIEW_REQUIRED","ReviewRequired","Manual mapping required; no safe automatic target column was inferred.","Use IAS_ZTBL default if legacy value is null.","Review","Requires parent table load order and surrogate key crosswalk.","Low","No confident automatic target mapping."
"T_EXCEPTION_ACCOUNTS_TXN","TXN_ID","NUMBER","REVIEW_REQUIRED","REVIEW_REQUIRED","ReviewRequired","Manual mapping required; no safe automatic target column was inferred.","Use IAS_ZTBL default if legacy value is null.","Review","Requires parent table load order and surrogate key crosswalk.","Low","No confident automatic target mapping."
"T_EXCEPTION_ACCOUNTS_TXN","TR_ID","VARCHAR2","REVIEW_REQUIRED","REVIEW_REQUIRED","ReviewRequired","Manual mapping required; no safe automatic target column was inferred.","Use IAS_ZTBL default if legacy value is null.","Review","Requires parent table load order and surrogate key crosswalk.","Low","No confident automatic target mapping."
"T_EXCEPTION_ACCOUNTS_TXN","ACCOUNT_ID","VARCHAR2","REVIEW_REQUIRED","REVIEW_REQUIRED","ReviewRequired","Manual mapping required; no safe automatic target column was inferred.","Use IAS_ZTBL default if legacy value is null.","Review","Requires parent table load order and surrogate key crosswalk.","Low","No confident automatic target mapping."
"T_EXCEPTION_ACCOUNTS_TXN","BRANCH_ID","NUMBER","REVIEW_REQUIRED","REVIEW_REQUIRED","ReviewRequired","Manual mapping required; no safe automatic target column was inferred.","Use IAS_ZTBL default if legacy value is null.","Review","Requires parent table load order and surrogate key crosswalk.","Low","No confident automatic target mapping."
"T_EXCEPTION_ACCOUNTS_TXN","TRAN_DATE_DISP","DATE","REVIEW_REQUIRED","REVIEW_REQUIRED","ReviewRequired","Manual mapping required; no safe automatic target column was inferred.","Use IAS_ZTBL default if legacy value is null.","Review","Requires parent table load order and surrogate key crosswalk.","Low","No confident automatic target mapping."
"T_EXCEPTION_ACCOUNTS_TXN","TRAN_AUTH_DATE_DISP","DATE","REVIEW_REQUIRED","REVIEW_REQUIRED","ReviewRequired","Manual mapping required; no safe automatic target column was inferred.","Use IAS_ZTBL default if legacy value is null.","Review","Requires parent table load order and surrogate key crosswalk.","Low","No confident automatic target mapping."
"T_EXCEPTION_ACCOUNTS_TXN","TRANSACTIONMASTERCODE","NUMBER","REVIEW_REQUIRED","REVIEW_REQUIRED","ReviewRequired","Manual mapping required; no safe automatic target column was inferred.","Use IAS_ZTBL default if legacy value is null.","Review","Requires parent table load order and surrogate key crosswalk.","Low","No confident automatic target mapping."
"T_EXCEPTION_ACCOUNTS_TXN","TRANSACTION_DISCRIPTION","VARCHAR2","REVIEW_REQUIRED","REVIEW_REQUIRED","ReviewRequired","Manual mapping required; no safe automatic target column was inferred.","Use IAS_ZTBL default if legacy value is null.","Review","Requires parent table load order and surrogate key crosswalk.","Low","No confident automatic target mapping."
"T_EXCEPTION_ACCOUNTS_TXN","NATURE_OF_TRANSACTION","VARCHAR2","REVIEW_REQUIRED","REVIEW_REQUIRED","ReviewRequired","Manual mapping required; no safe automatic target column was inferred.","Use IAS_ZTBL default if legacy value is null.","Review","Requires parent table load order and surrogate key crosswalk.","Low","No confident automatic target mapping."
"T_EXCEPTION_ACCOUNTS_TXN","DR_AMOUNT","NUMBER","REVIEW_REQUIRED","REVIEW_REQUIRED","ReviewRequired","Manual mapping required; no safe automatic target column was inferred.","Use IAS_ZTBL default if legacy value is null.","Review","Requires parent table load order and surrogate key crosswalk.","Low","No confident automatic target mapping."
"T_EXCEPTION_ACCOUNTS_TXN","CR_AMOUNT","NUMBER","REVIEW_REQUIRED","REVIEW_REQUIRED","ReviewRequired","Manual mapping required; no safe automatic target column was inferred.","Use IAS_ZTBL default if legacy value is null.","Review","Requires parent table load order and surrogate key crosswalk.","Low","No confident automatic target mapping."
"T_EXCEPTION_ACCOUNTS_TXN","TR_AMOUNT","NUMBER","REVIEW_REQUIRED","REVIEW_REQUIRED","ReviewRequired","Manual mapping required; no safe automatic target column was inferred.","Use IAS_ZTBL default if legacy value is null.","Review","Requires parent table load order and surrogate key crosswalk.","Low","No confident automatic target mapping."
"T_EXCEPTION_ACCOUNTS_TXN","ENG_ID","NUMBER","REVIEW_REQUIRED","REVIEW_REQUIRED","ReviewRequired","Manual mapping required; no safe automatic target column was inferred.","Use IAS_ZTBL default if legacy value is null.","Review","Requires parent table load order and surrogate key crosswalk.","Low","No confident automatic target mapping."
"T_EXCEPTION_ENG","EXC_ENG_ID","NUMBER","REVIEW_REQUIRED","REVIEW_REQUIRED","ReviewRequired","Manual mapping required; no safe automatic target column was inferred.","Use IAS_ZTBL default if legacy value is null.","Review","Requires parent table load order and surrogate key crosswalk.","Low","No confident automatic target mapping."
"T_EXCEPTION_ENG","ENG_ID","NUMBER","REVIEW_REQUIRED","REVIEW_REQUIRED","ReviewRequired","Manual mapping required; no safe automatic target column was inferred.","Use IAS_ZTBL default if legacy value is null.","Review","Requires parent table load order and surrogate key crosswalk.","Low","No confident automatic target mapping."
"T_EXCEPTION_ENG","ACCOUNT_ID","VARCHAR2","REVIEW_REQUIRED","REVIEW_REQUIRED","ReviewRequired","Manual mapping required; no safe automatic target column was inferred.","Use IAS_ZTBL default if legacy value is null.","Review","Requires parent table load order and surrogate key crosswalk.","Low","No confident automatic target mapping."
"T_EXCEPTION_ENG","ER_ID","NUMBER","REVIEW_REQUIRED","REVIEW_REQUIRED","ReviewRequired","Manual mapping required; no safe automatic target column was inferred.","Use IAS_ZTBL default if legacy value is null.","Review","Requires parent table load order and surrogate key crosswalk.","Low","No confident automatic target mapping."
"T_EXCEPTION_ENG","EXCEPTION_DATE_DISP","VARCHAR2","REVIEW_REQUIRED","REVIEW_REQUIRED","ReviewRequired","Manual mapping required; no safe automatic target column was inferred.","Use IAS_ZTBL default if legacy value is null.","Review","Requires parent table load order and surrogate key crosswalk.","Low","No confident automatic target mapping."
"T_EXCEPTION_ENG","EXCEPTION_AMOUNT","NUMBER","REVIEW_REQUIRED","REVIEW_REQUIRED","ReviewRequired","Manual mapping required; no safe automatic target column was inferred.","Use IAS_ZTBL default if legacy value is null.","Review","Requires parent table load order and surrogate key crosswalk.","Low","No confident automatic target mapping."
"T_EXCEPTION_ENG","REMARKS","VARCHAR2","REVIEW_REQUIRED","REVIEW_REQUIRED","ReviewRequired","Manual mapping required; no safe automatic target column was inferred.","Use IAS_ZTBL default if legacy value is null.","Review","Requires parent table load order and surrogate key crosswalk.","Low","No confident automatic target mapping."
"T_EXCEPTION_ENG","CREATED_ON_DISP","VARCHAR2","REVIEW_REQUIRED","created_on","ReviewRequired","Direct copy after datatype coercion and audit-column normalization.","Use IAS_ZTBL default if legacy value is null.","Review","Requires parent table load order and surrogate key crosswalk.","Medium","No confident automatic target mapping."
"T_EXCEPTION_ENG","CREATED_BY","VARCHAR2","REVIEW_REQUIRED","created_by","ReviewRequired","Resolve legacy PP/user identifier to tbl_user.user_id.","Use IAS_ZTBL default if legacy value is null.","Review","Requires tbl_user migration and PPNO-to-user_id crosswalk.","Medium","No confident automatic target mapping."
"T_EXCEPTION_ENG","CREDIT_EXP","NUMBER","REVIEW_REQUIRED","REVIEW_REQUIRED","ReviewRequired","Manual mapping required; no safe automatic target column was inferred.","Use IAS_ZTBL default if legacy value is null.","Review","Requires parent table load order and surrogate key crosswalk.","Low","No confident automatic target mapping."
"T_EXCEPTION_ENG","DEBIT_EXP","NUMBER","REVIEW_REQUIRED","REVIEW_REQUIRED","ReviewRequired","Manual mapping required; no safe automatic target column was inferred.","Use IAS_ZTBL default if legacy value is null.","Review","Requires parent table load order and surrogate key crosswalk.","Low","No confident automatic target mapping."
"T_EXCEPTION_ENG","CREATED_ON","DATE","REVIEW_REQUIRED","created_on","ReviewRequired","Direct copy after datatype coercion and audit-column normalization.","Use IAS_ZTBL default if legacy value is null.","Review","Requires parent table load order and surrogate key crosswalk.","Medium","No confident automatic target mapping."
"T_EXCEPTION_ENG_BRANCHES","BRANCHID","NUMBER","REVIEW_REQUIRED","REVIEW_REQUIRED","ReviewRequired","Manual mapping required; no safe automatic target column was inferred.","Use IAS_ZTBL default if legacy value is null.","Review","Requires parent table load order and surrogate key crosswalk.","Low","No confident automatic target mapping."
"T_EXCEPTION_ENG_BRANCHES","BRANCHCODE","VARCHAR2","REVIEW_REQUIRED","REVIEW_REQUIRED","ReviewRequired","Manual mapping required; no safe automatic target column was inferred.","Use IAS_ZTBL default if legacy value is null.","Review","Requires parent table load order and surrogate key crosswalk.","Low","No confident automatic target mapping."
"T_EXCEPTION_ENG_BRANCHES","NAME","VARCHAR2","REVIEW_REQUIRED","name","ReviewRequired","Direct copy after datatype coercion and audit-column normalization.","Use IAS_ZTBL default if legacy value is null.","Review","Requires parent table load order and surrogate key crosswalk.","Low","No confident automatic target mapping."
"T_EXCEPTION_ENG_BRANCHES","ENGID","NUMBER","REVIEW_REQUIRED","REVIEW_REQUIRED","ReviewRequired","Manual mapping required; no safe automatic target column was inferred.","Use IAS_ZTBL default if legacy value is null.","Review","Requires parent table load order and surrogate key crosswalk.","Low","No confident automatic target mapping."
"T_EXCEPTION_ENG_BRANCHES","AUDIT_STARTDATE","DATE","REVIEW_REQUIRED","REVIEW_REQUIRED","ReviewRequired","Manual mapping required; no safe automatic target column was inferred.","Use IAS_ZTBL default if legacy value is null.","Review","Requires parent table load order and surrogate key crosswalk.","Low","No confident automatic target mapping."
"T_EXCEPTION_ENG_BRANCHES","AUDIT_ENDDATE","DATE","REVIEW_REQUIRED","REVIEW_REQUIRED","ReviewRequired","Manual mapping required; no safe automatic target column was inferred.","Use IAS_ZTBL default if legacy value is null.","Review","Requires parent table load order and surrogate key crosswalk.","Low","No confident automatic target mapping."
"T_EXCEPTION_ENG_BRANCHES","STATUS","NUMBER","REVIEW_REQUIRED","REVIEW_REQUIRED","ReviewRequired","Manual mapping required; no safe automatic target column was inferred.","Use IAS_ZTBL default if legacy value is null.","Review","Requires parent table load order and surrogate key crosswalk.","Low","No confident automatic target mapping."
"T_EXCEPTION_ENG_DATA","EXC_ENG_ID","NUMBER","REVIEW_REQUIRED","REVIEW_REQUIRED","ReviewRequired","Manual mapping required; no safe automatic target column was inferred.","Use IAS_ZTBL default if legacy value is null.","Review","Requires parent table load order and surrogate key crosswalk.","Low","No confident automatic target mapping."
"T_EXCEPTION_ENG_DATA","EXC_ENG_ID","NUMBER","REVIEW_REQUIRED","REVIEW_REQUIRED","ReviewRequired","Manual mapping required; no safe automatic target column was inferred.","Use IAS_ZTBL default if legacy value is null.","Review","Requires parent table load order and surrogate key crosswalk.","Low","No confident automatic target mapping."
"T_EXCEPTION_ENG_DATA","ENG_ID","NUMBER","REVIEW_REQUIRED","REVIEW_REQUIRED","ReviewRequired","Manual mapping required; no safe automatic target column was inferred.","Use IAS_ZTBL default if legacy value is null.","Review","Requires parent table load order and surrogate key crosswalk.","Low","No confident automatic target mapping."
"T_EXCEPTION_ENG_DATA","ENG_ID","NUMBER","REVIEW_REQUIRED","REVIEW_REQUIRED","ReviewRequired","Manual mapping required; no safe automatic target column was inferred.","Use IAS_ZTBL default if legacy value is null.","Review","Requires parent table load order and surrogate key crosswalk.","Low","No confident automatic target mapping."
"T_EXCEPTION_ENG_DATA","ER_ID","NUMBER","REVIEW_REQUIRED","REVIEW_REQUIRED","ReviewRequired","Manual mapping required; no safe automatic target column was inferred.","Use IAS_ZTBL default if legacy value is null.","Review","Requires parent table load order and surrogate key crosswalk.","Low","No confident automatic target mapping."
"T_EXCEPTION_ENG_DATA","ACCOUNT_ID","VARCHAR2","REVIEW_REQUIRED","REVIEW_REQUIRED","ReviewRequired","Manual mapping required; no safe automatic target column was inferred.","Use IAS_ZTBL default if legacy value is null.","Review","Requires parent table load order and surrogate key crosswalk.","Low","No confident automatic target mapping."
"T_EXCEPTION_ENG_DATA","ACCOUNT_NO","VARCHAR2","REVIEW_REQUIRED","REVIEW_REQUIRED","ReviewRequired","Manual mapping required; no safe automatic target column was inferred.","Use IAS_ZTBL default if legacy value is null.","Review","Requires parent table load order and surrogate key crosswalk.","Low","No confident automatic target mapping."
"T_EXCEPTION_ENG_DATA","CODE","VARCHAR2","REVIEW_REQUIRED","REVIEW_REQUIRED","ReviewRequired","Manual mapping required; no safe automatic target column was inferred.","Use IAS_ZTBL default if legacy value is null.","Review","Requires parent table load order and surrogate key crosswalk.","Low","No confident automatic target mapping."
"T_EXCEPTION_ENG_DATA","LC_NO","VARCHAR2","REVIEW_REQUIRED","REVIEW_REQUIRED","ReviewRequired","Manual mapping required; no safe automatic target column was inferred.","Use IAS_ZTBL default if legacy value is null.","Review","Requires parent table load order and surrogate key crosswalk.","Low","No confident automatic target mapping."
"T_EXCEPTION_ENG_DATA","TITLE","VARCHAR2","REVIEW_REQUIRED","heading_text","ReviewRequired","Load descriptive heading into normalized heading/title field.","Use IAS_ZTBL default if legacy value is null.","Review","Requires parent table load order and surrogate key crosswalk.","Low","No confident automatic target mapping."
"T_EXCEPTION_ENG_DATA","DATE_DISP","VARCHAR2","REVIEW_REQUIRED","REVIEW_REQUIRED","ReviewRequired","Manual mapping required; no safe automatic target column was inferred.","Use IAS_ZTBL default if legacy value is null.","Review","Requires parent table load order and surrogate key crosswalk.","Low","No confident automatic target mapping."
"T_EXCEPTION_ENG_DATA","CELL","VARCHAR2","REVIEW_REQUIRED","REVIEW_REQUIRED","ReviewRequired","Manual mapping required; no safe automatic target column was inferred.","Use IAS_ZTBL default if legacy value is null.","Review","Requires parent table load order and surrogate key crosswalk.","Low","No confident automatic target mapping."
"T_EXCEPTION_ENG_DATA","CNIC","VARCHAR2","REVIEW_REQUIRED","REVIEW_REQUIRED","ReviewRequired","Manual mapping required; no safe automatic target column was inferred.","Use IAS_ZTBL default if legacy value is null.","Review","Requires parent table load order and surrogate key crosswalk.","Low","No confident automatic target mapping."
"T_EXCEPTION_ENG_DATA","ACCOUNT_PURPOSE","VARCHAR2","REVIEW_REQUIRED","REVIEW_REQUIRED","ReviewRequired","Manual mapping required; no safe automatic target column was inferred.","Use IAS_ZTBL default if legacy value is null.","Review","Requires parent table load order and surrogate key crosswalk.","Low","No confident automatic target mapping."
"T_EXCEPTION_ENG_DATA","ACCOUNT_TYPE","VARCHAR2","REVIEW_REQUIRED","REVIEW_REQUIRED","ReviewRequired","Manual mapping required; no safe automatic target column was inferred.","Use IAS_ZTBL default if legacy value is null.","Review","Requires parent table load order and surrogate key crosswalk.","Low","No confident automatic target mapping."
"T_EXCEPTION_ENG_DATA","TEXT_1","VARCHAR2","REVIEW_REQUIRED","detail_text","ReviewRequired","Load long text into normalized CLOB detail field.","Use IAS_ZTBL default if legacy value is null.","Review","Requires parent table load order and surrogate key crosswalk.","Low","No confident automatic target mapping."
"T_EXCEPTION_ENG_DATA","TEXT_2","VARCHAR2","REVIEW_REQUIRED","detail_text","ReviewRequired","Load long text into normalized CLOB detail field.","Use IAS_ZTBL default if legacy value is null.","Review","Requires parent table load order and surrogate key crosswalk.","Low","No confident automatic target mapping."
"T_EXCEPTION_ENG_DATA","DR_AMOUNT","NUMBER","REVIEW_REQUIRED","REVIEW_REQUIRED","ReviewRequired","Manual mapping required; no safe automatic target column was inferred.","Use IAS_ZTBL default if legacy value is null.","Review","Requires parent table load order and surrogate key crosswalk.","Low","No confident automatic target mapping."
"T_EXCEPTION_ENG_DATA","CR_AMOUNT","NUMBER","REVIEW_REQUIRED","REVIEW_REQUIRED","ReviewRequired","Manual mapping required; no safe automatic target column was inferred.","Use IAS_ZTBL default if legacy value is null.","Review","Requires parent table load order and surrogate key crosswalk.","Low","No confident automatic target mapping."
"T_EXCEPTION_ENG_DATA","NET_AMOUNT","NUMBER","REVIEW_REQUIRED","REVIEW_REQUIRED","ReviewRequired","Manual mapping required; no safe automatic target column was inferred.","Use IAS_ZTBL default if legacy value is null.","Review","Requires parent table load order and surrogate key crosswalk.","Low","No confident automatic target mapping."
"T_EXCEPTION_ENG_DATA","REMARKS","VARCHAR2","REVIEW_REQUIRED","REVIEW_REQUIRED","ReviewRequired","Manual mapping required; no safe automatic target column was inferred.","Use IAS_ZTBL default if legacy value is null.","Review","Requires parent table load order and surrogate key crosswalk.","Low","No confident automatic target mapping."
"T_EXCEPTION_ERROR_LOG","LOG_ID","NUMBER","tbl_workflow_event","workflow_event_id","ExistingTableExistingColumn","Direct copy after datatype coercion and audit-column normalization.","Use IAS_ZTBL default if legacy value is null.","WorkflowEvent","Requires parent table load order and surrogate key crosswalk.","Medium","Operational history/log normalized into workflow events unless a dedicated history table exists."
"T_EXCEPTION_ERROR_LOG","LOG_ID","NUMBER","tbl_workflow_event","workflow_event_id","ExistingTableExistingColumn","Direct copy after datatype coercion and audit-column normalization.","Use IAS_ZTBL default if legacy value is null.","WorkflowEvent","Requires parent table load order and surrogate key crosswalk.","Medium","Operational history/log normalized into workflow events unless a dedicated history table exists."
"T_EXCEPTION_ERROR_LOG","ENG_ID","NUMBER","tbl_workflow_event","workflow_event_id","ExistingTableExistingColumn","Direct copy after datatype coercion and audit-column normalization.","Use IAS_ZTBL default if legacy value is null.","WorkflowEvent","Requires parent table load order and surrogate key crosswalk.","Medium","Operational history/log normalized into workflow events unless a dedicated history table exists."
"T_EXCEPTION_ERROR_LOG","PROCEDURE_NAME","VARCHAR2","tbl_workflow_event","name","ExistingTableRequiredColumn","Direct copy after datatype coercion and audit-column normalization.","Use IAS_ZTBL default if legacy value is null.","WorkflowEvent","Requires parent table load order and surrogate key crosswalk.","Low","Operational history/log normalized into workflow events unless a dedicated history table exists."
"T_EXCEPTION_ERROR_LOG","STATUS","VARCHAR2","tbl_workflow_event","REVIEW_REQUIRED","ExistingTableRequiredColumn","Manual mapping required; no safe automatic target column was inferred.","Use IAS_ZTBL default if legacy value is null.","WorkflowEvent","Requires parent table load order and surrogate key crosswalk.","Low","Operational history/log normalized into workflow events unless a dedicated history table exists."
"T_EXCEPTION_ERROR_LOG","ERROR_MESSAGE","VARCHAR2","tbl_workflow_event","REVIEW_REQUIRED","ExistingTableRequiredColumn","Manual mapping required; no safe automatic target column was inferred.","Use IAS_ZTBL default if legacy value is null.","WorkflowEvent","Requires parent table load order and surrogate key crosswalk.","Low","Operational history/log normalized into workflow events unless a dedicated history table exists."
"T_EXCEPTION_ERROR_LOG","ERROR_STACK","VARCHAR2","tbl_workflow_event","REVIEW_REQUIRED","ExistingTableRequiredColumn","Manual mapping required; no safe automatic target column was inferred.","Use IAS_ZTBL default if legacy value is null.","WorkflowEvent","Requires parent table load order and surrogate key crosswalk.","Low","Operational history/log normalized into workflow events unless a dedicated history table exists."
"T_EXCEPTION_ERROR_LOG","ERROR_BACKTRACE","VARCHAR2","tbl_workflow_event","REVIEW_REQUIRED","ExistingTableRequiredColumn","Manual mapping required; no safe automatic target column was inferred.","Use IAS_ZTBL default if legacy value is null.","WorkflowEvent","Requires parent table load order and surrogate key crosswalk.","Low","Operational history/log normalized into workflow events unless a dedicated history table exists."
"T_EXCEPTION_ERROR_LOG","FAILED_STEP","VARCHAR2","tbl_workflow_event","REVIEW_REQUIRED","ExistingTableRequiredColumn","Manual mapping required; no safe automatic target column was inferred.","Use IAS_ZTBL default if legacy value is null.","WorkflowEvent","Requires parent table load order and surrogate key crosswalk.","Low","Operational history/log normalized into workflow events unless a dedicated history table exists."
"T_EXCEPTION_ERROR_LOG","LOG_DATE","DATE","tbl_workflow_event","REVIEW_REQUIRED","ExistingTableRequiredColumn","Manual mapping required; no safe automatic target column was inferred.","Use IAS_ZTBL default if legacy value is null.","WorkflowEvent","Requires parent table load order and surrogate key crosswalk.","Low","Operational history/log normalized into workflow events unless a dedicated history table exists."
"T_FRPT_INCOME_LEAKAGE","FRPT_LEAK_ID","NUMBER","tbl_report_section","report_section_id","ExistingTableExistingColumn","Direct copy after datatype coercion and audit-column normalization.","Use IAS_ZTBL default if legacy value is null.","History","Requires engagement migration and report section/snapshot lookup seed.","Medium","Report narrative section."
"T_FRPT_INCOME_LEAKAGE","FRPT_LEAK_ID","NUMBER","tbl_report_section","report_section_id","ExistingTableExistingColumn","Direct copy after datatype coercion and audit-column normalization.","Use IAS_ZTBL default if legacy value is null.","History","Requires engagement migration and report section/snapshot lookup seed.","Medium","Report narrative section."
"T_FRPT_INCOME_LEAKAGE","ENG_ID","NUMBER","tbl_report_section","report_section_id","ExistingTableExistingColumn","Direct copy after datatype coercion and audit-column normalization.","Use IAS_ZTBL default if legacy value is null.","History","Requires engagement migration and report section/snapshot lookup seed.","Medium","Report narrative section."
"T_FRPT_INCOME_LEAKAGE","ENTITY_ID","NUMBER","tbl_report_section","entity_id","ExistingTableRequiredColumn","Direct copy after datatype coercion and audit-column normalization.","Use IAS_ZTBL default if legacy value is null.","History","Requires tbl_entity migration and entity-code crosswalk.","Medium","Report narrative section."
"T_FRPT_INCOME_LEAKAGE","REPORT_VERSION","NUMBER","tbl_report_section","REVIEW_REQUIRED","ExistingTableRequiredColumn","Manual mapping required; no safe automatic target column was inferred.","Use IAS_ZTBL default if legacy value is null.","History","Requires engagement migration and report section/snapshot lookup seed.","Low","Report narrative section."
"T_FRPT_INCOME_LEAKAGE","LINE_NO","NUMBER","tbl_report_section","REVIEW_REQUIRED","ExistingTableRequiredColumn","Manual mapping required; no safe automatic target column was inferred.","Use IAS_ZTBL default if legacy value is null.","History","Requires engagement migration and report section/snapshot lookup seed.","Low","Report narrative section."
"T_FRPT_INCOME_LEAKAGE","DESCRIPTION","VARCHAR2","tbl_report_section","description","ExistingTableRequiredColumn","Direct copy after datatype coercion and audit-column normalization.","Use IAS_ZTBL default if legacy value is null.","History","Requires engagement migration and report section/snapshot lookup seed.","Low","Report narrative section."
"T_FRPT_INCOME_LEAKAGE","AREA","VARCHAR2","tbl_report_section","REVIEW_REQUIRED","ExistingTableRequiredColumn","Manual mapping required; no safe automatic target column was inferred.","Use IAS_ZTBL default if legacy value is null.","History","Requires engagement migration and report section/snapshot lookup seed.","Low","Report narrative section."
"T_FRPT_INCOME_LEAKAGE","AMOUNT","NUMBER","tbl_report_section","REVIEW_REQUIRED","ExistingTableRequiredColumn","Manual mapping required; no safe automatic target column was inferred.","Use IAS_ZTBL default if legacy value is null.","History","Requires engagement migration and report section/snapshot lookup seed.","Low","Report narrative section."
"T_FRPT_INCOME_LEAKAGE","CREATED_ON","DATE","tbl_report_section","created_on","ExistingTableExistingColumn","Direct copy after datatype coercion and audit-column normalization.","Use IAS_ZTBL default if legacy value is null.","History","Requires engagement migration and report section/snapshot lookup seed.","Medium","Report narrative section."
"T_FRPT_INCOME_LEAKAGE","CREATED_BY","NUMBER","tbl_report_section","created_by","ExistingTableExistingColumn","Resolve legacy PP/user identifier to tbl_user.user_id.","Use IAS_ZTBL default if legacy value is null.","History","Requires tbl_user migration and PPNO-to-user_id crosswalk.","Medium","Report narrative section."
"T_FRPT_INCOME_LEAKAGE","UPDATED_ON","DATE","tbl_report_section","modified_on","ExistingTableExistingColumn","Direct copy after datatype coercion and audit-column normalization.","Use IAS_ZTBL default if legacy value is null.","History","Requires engagement migration and report section/snapshot lookup seed.","Medium","Report narrative section."
"T_FRPT_INCOME_LEAKAGE","UPDATED_BY","NUMBER","tbl_report_section","modified_by","ExistingTableExistingColumn","Resolve legacy PP/user identifier to tbl_user.user_id.","Use IAS_ZTBL default if legacy value is null.","History","Requires tbl_user migration and PPNO-to-user_id crosswalk.","Medium","Report narrative section."
"T_FRPT_KPI_SNAPSHOT","FRPT_KPI_ID","NUMBER","tbl_report_snapshot","report_snapshot_id","ExistingTableExistingColumn","Direct copy after datatype coercion and audit-column normalization.","Use IAS_ZTBL default if legacy value is null.","History","Requires engagement migration and report section/snapshot lookup seed.","Medium","Report snapshot payload."
"T_FRPT_KPI_SNAPSHOT","ENG_ID","NUMBER","tbl_report_snapshot","report_snapshot_id","ExistingTableExistingColumn","Direct copy after datatype coercion and audit-column normalization.","Use IAS_ZTBL default if legacy value is null.","History","Requires engagement migration and report section/snapshot lookup seed.","Medium","Report snapshot payload."
"T_FRPT_KPI_SNAPSHOT","ENG_ID","NUMBER","tbl_report_snapshot","report_snapshot_id","ExistingTableExistingColumn","Direct copy after datatype coercion and audit-column normalization.","Use IAS_ZTBL default if legacy value is null.","History","Requires engagement migration and report section/snapshot lookup seed.","Medium","Report snapshot payload."
"T_FRPT_KPI_SNAPSHOT","ENTITY_ID","NUMBER","tbl_report_snapshot","entity_id","ExistingTableRequiredColumn","Direct copy after datatype coercion and audit-column normalization.","Use IAS_ZTBL default if legacy value is null.","History","Requires tbl_entity migration and entity-code crosswalk.","Medium","Report snapshot payload."
"T_FRPT_KPI_SNAPSHOT","KPI_CODE","VARCHAR2","tbl_report_snapshot","REVIEW_REQUIRED","ExistingTableRequiredColumn","Manual mapping required; no safe automatic target column was inferred.","Use IAS_ZTBL default if legacy value is null.","History","Requires engagement migration and report section/snapshot lookup seed.","Low","Report snapshot payload."
"T_FRPT_KPI_SNAPSHOT","KPI_LABEL","VARCHAR2","tbl_report_snapshot","REVIEW_REQUIRED","ExistingTableRequiredColumn","Manual mapping required; no safe automatic target column was inferred.","Use IAS_ZTBL default if legacy value is null.","History","Requires engagement migration and report section/snapshot lookup seed.","Low","Report snapshot payload."
"T_FRPT_KPI_SNAPSHOT","PERIOD_END","DATE","tbl_report_snapshot","REVIEW_REQUIRED","ExistingTableRequiredColumn","Manual mapping required; no safe automatic target column was inferred.","Use IAS_ZTBL default if legacy value is null.","History","Requires engagement migration and report section/snapshot lookup seed.","Low","Report snapshot payload."
"T_FRPT_KPI_SNAPSHOT","ACTUAL_VALUE","NUMBER","tbl_report_snapshot","REVIEW_REQUIRED","ExistingTableRequiredColumn","Manual mapping required; no safe automatic target column was inferred.","Use IAS_ZTBL default if legacy value is null.","History","Requires engagement migration and report section/snapshot lookup seed.","Low","Report snapshot payload."
"T_FRPT_KPI_SNAPSHOT","TARGET_VALUE","NUMBER","tbl_report_snapshot","REVIEW_REQUIRED","ExistingTableRequiredColumn","Manual mapping required; no safe automatic target column was inferred.","Use IAS_ZTBL default if legacy value is null.","History","Requires engagement migration and report section/snapshot lookup seed.","Low","Report snapshot payload."
"T_FRPT_KPI_SNAPSHOT","UNIT","VARCHAR2","tbl_report_snapshot","REVIEW_REQUIRED","ExistingTableRequiredColumn","Manual mapping required; no safe automatic target column was inferred.","Use IAS_ZTBL default if legacy value is null.","History","Requires engagement migration and report section/snapshot lookup seed.","Low","Report snapshot payload."
"T_FRPT_KPI_SNAPSHOT","CREATED_ON","DATE","tbl_report_snapshot","created_on","ExistingTableExistingColumn","Direct copy after datatype coercion and audit-column normalization.","Use IAS_ZTBL default if legacy value is null.","History","Requires engagement migration and report section/snapshot lookup seed.","Medium","Report snapshot payload."
"T_FRPT_KPI_SNAPSHOT","CREATED_BY","NUMBER","tbl_report_snapshot","created_by","ExistingTableExistingColumn","Resolve legacy PP/user identifier to tbl_user.user_id.","Use IAS_ZTBL default if legacy value is null.","History","Requires tbl_user migration and PPNO-to-user_id crosswalk.","Medium","Report snapshot payload."
"T_FRPT_NPL_SNAPSHOT","FRPT_NPL_ID","NUMBER","tbl_report_snapshot","report_snapshot_id","ExistingTableExistingColumn","Direct copy after datatype coercion and audit-column normalization.","Use IAS_ZTBL default if legacy value is null.","History","Requires engagement migration and report section/snapshot lookup seed.","Medium","Report snapshot payload."
"T_FRPT_NPL_SNAPSHOT","ENG_ID","NUMBER","tbl_report_snapshot","report_snapshot_id","ExistingTableExistingColumn","Direct copy after datatype coercion and audit-column normalization.","Use IAS_ZTBL default if legacy value is null.","History","Requires engagement migration and report section/snapshot lookup seed.","Medium","Report snapshot payload."
"T_FRPT_NPL_SNAPSHOT","ENG_ID","NUMBER","tbl_report_snapshot","report_snapshot_id","ExistingTableExistingColumn","Direct copy after datatype coercion and audit-column normalization.","Use IAS_ZTBL default if legacy value is null.","History","Requires engagement migration and report section/snapshot lookup seed.","Medium","Report snapshot payload."
"T_FRPT_NPL_SNAPSHOT","ENTITY_ID","NUMBER","tbl_report_snapshot","entity_id","ExistingTableRequiredColumn","Direct copy after datatype coercion and audit-column normalization.","Use IAS_ZTBL default if legacy value is null.","History","Requires tbl_entity migration and entity-code crosswalk.","Medium","Report snapshot payload."
"T_FRPT_NPL_SNAPSHOT","NPL_BUCKET","VARCHAR2","tbl_report_snapshot","REVIEW_REQUIRED","ExistingTableRequiredColumn","Manual mapping required; no safe automatic target column was inferred.","Use IAS_ZTBL default if legacy value is null.","History","Requires engagement migration and report section/snapshot lookup seed.","Low","Report snapshot payload."
"T_FRPT_NPL_SNAPSHOT","PERIOD_END","DATE","tbl_report_snapshot","REVIEW_REQUIRED","ExistingTableRequiredColumn","Manual mapping required; no safe automatic target column was inferred.","Use IAS_ZTBL default if legacy value is null.","History","Requires engagement migration and report section/snapshot lookup seed.","Low","Report snapshot payload."
"T_FRPT_NPL_SNAPSHOT","CASES_COUNT","NUMBER","tbl_report_snapshot","REVIEW_REQUIRED","ExistingTableRequiredColumn","Manual mapping required; no safe automatic target column was inferred.","Use IAS_ZTBL default if legacy value is null.","History","Requires engagement migration and report section/snapshot lookup seed.","Low","Report snapshot payload."
"T_FRPT_NPL_SNAPSHOT","OUTSTANDING_AMT","NUMBER","tbl_report_snapshot","REVIEW_REQUIRED","ExistingTableRequiredColumn","Manual mapping required; no safe automatic target column was inferred.","Use IAS_ZTBL default if legacy value is null.","History","Requires engagement migration and report section/snapshot lookup seed.","Low","Report snapshot payload."
"T_FRPT_NPL_SNAPSHOT","PROVISION_AMT","NUMBER","tbl_report_snapshot","REVIEW_REQUIRED","ExistingTableRequiredColumn","Manual mapping required; no safe automatic target column was inferred.","Use IAS_ZTBL default if legacy value is null.","History","Requires engagement migration and report section/snapshot lookup seed.","Low","Report snapshot payload."
"T_FRPT_NPL_SNAPSHOT","CREATED_ON","DATE","tbl_report_snapshot","created_on","ExistingTableExistingColumn","Direct copy after datatype coercion and audit-column normalization.","Use IAS_ZTBL default if legacy value is null.","History","Requires engagement migration and report section/snapshot lookup seed.","Medium","Report snapshot payload."
"T_FRPT_NPL_SNAPSHOT","CREATED_BY","NUMBER","tbl_report_snapshot","created_by","ExistingTableExistingColumn","Resolve legacy PP/user identifier to tbl_user.user_id.","Use IAS_ZTBL default if legacy value is null.","History","Requires tbl_user migration and PPNO-to-user_id crosswalk.","Medium","Report snapshot payload."
"T_FRPT_OVERALL_CONCLUSION","FRPT_CONC_ID","NUMBER","tbl_report_section","report_section_id","ExistingTableExistingColumn","Direct copy after datatype coercion and audit-column normalization.","Use IAS_ZTBL default if legacy value is null.","History","Requires engagement migration and report section/snapshot lookup seed.","Medium","Report narrative section."
"T_FRPT_OVERALL_CONCLUSION","FRPT_CONC_ID","NUMBER","tbl_report_section","report_section_id","ExistingTableExistingColumn","Direct copy after datatype coercion and audit-column normalization.","Use IAS_ZTBL default if legacy value is null.","History","Requires engagement migration and report section/snapshot lookup seed.","Medium","Report narrative section."
"T_FRPT_OVERALL_CONCLUSION","ENG_ID","NUMBER","tbl_report_section","report_section_id","ExistingTableExistingColumn","Direct copy after datatype coercion and audit-column normalization.","Use IAS_ZTBL default if legacy value is null.","History","Requires engagement migration and report section/snapshot lookup seed.","Medium","Report narrative section."
"T_FRPT_OVERALL_CONCLUSION","ENTITY_ID","NUMBER","tbl_report_section","entity_id","ExistingTableRequiredColumn","Direct copy after datatype coercion and audit-column normalization.","Use IAS_ZTBL default if legacy value is null.","History","Requires tbl_entity migration and entity-code crosswalk.","Medium","Report narrative section."
"T_FRPT_OVERALL_CONCLUSION","REPORT_VERSION","NUMBER","tbl_report_section","REVIEW_REQUIRED","ExistingTableRequiredColumn","Manual mapping required; no safe automatic target column was inferred.","Use IAS_ZTBL default if legacy value is null.","History","Requires engagement migration and report section/snapshot lookup seed.","Low","Report narrative section."
"T_FRPT_OVERALL_CONCLUSION","OVERALL_CONCLUSION_HTML","CLOB","tbl_report_section","REVIEW_REQUIRED","ExistingTableRequiredColumn","Manual mapping required; no safe automatic target column was inferred.","Use IAS_ZTBL default if legacy value is null.","History","Requires engagement migration and report section/snapshot lookup seed.","Low","Report narrative section."
"T_FRPT_OVERALL_CONCLUSION","NON_ADDRESSABLE_HTML","CLOB","tbl_report_section","REVIEW_REQUIRED","ExistingTableRequiredColumn","Manual mapping required; no safe automatic target column was inferred.","Use IAS_ZTBL default if legacy value is null.","History","Requires engagement migration and report section/snapshot lookup seed.","Low","Report narrative section."
"T_FRPT_OVERALL_CONCLUSION","FRAUD_PRONE_HTML","CLOB","tbl_report_section","REVIEW_REQUIRED","ExistingTableRequiredColumn","Manual mapping required; no safe automatic target column was inferred.","Use IAS_ZTBL default if legacy value is null.","History","Requires engagement migration and report section/snapshot lookup seed.","Low","Report narrative section."
"T_FRPT_OVERALL_CONCLUSION","REGULATORY_HTML","CLOB","tbl_report_section","REVIEW_REQUIRED","ExistingTableRequiredColumn","Manual mapping required; no safe automatic target column was inferred.","Use IAS_ZTBL default if legacy value is null.","History","Requires engagement migration and report section/snapshot lookup seed.","Low","Report narrative section."
"T_FRPT_OVERALL_CONCLUSION","SAFETY_SECURITY_HTML","CLOB","tbl_report_section","REVIEW_REQUIRED","ExistingTableRequiredColumn","Manual mapping required; no safe automatic target column was inferred.","Use IAS_ZTBL default if legacy value is null.","History","Requires engagement migration and report section/snapshot lookup seed.","Low","Report narrative section."
"T_FRPT_OVERALL_CONCLUSION","CREATED_ON","DATE","tbl_report_section","created_on","ExistingTableExistingColumn","Direct copy after datatype coercion and audit-column normalization.","Use IAS_ZTBL default if legacy value is null.","History","Requires engagement migration and report section/snapshot lookup seed.","Medium","Report narrative section."
"T_FRPT_OVERALL_CONCLUSION","CREATED_BY","NUMBER","tbl_report_section","created_by","ExistingTableExistingColumn","Resolve legacy PP/user identifier to tbl_user.user_id.","Use IAS_ZTBL default if legacy value is null.","History","Requires tbl_user migration and PPNO-to-user_id crosswalk.","Medium","Report narrative section."
"T_FRPT_OVERALL_CONCLUSION","UPDATED_ON","DATE","tbl_report_section","modified_on","ExistingTableExistingColumn","Direct copy after datatype coercion and audit-column normalization.","Use IAS_ZTBL default if legacy value is null.","History","Requires engagement migration and report section/snapshot lookup seed.","Medium","Report narrative section."
"T_FRPT_OVERALL_CONCLUSION","UPDATED_BY","NUMBER","tbl_report_section","modified_by","ExistingTableExistingColumn","Resolve legacy PP/user identifier to tbl_user.user_id.","Use IAS_ZTBL default if legacy value is null.","History","Requires tbl_user migration and PPNO-to-user_id crosswalk.","Medium","Report narrative section."
"T_FRPT_PARA_NARRATIVE","ENG_ID","NUMBER","tbl_report_section","report_section_id","ExistingTableExistingColumn","Direct copy after datatype coercion and audit-column normalization.","Use IAS_ZTBL default if legacy value is null.","History","Requires engagement migration and report section/snapshot lookup seed.","Medium","Report narrative section."
"T_FRPT_PARA_NARRATIVE","ENG_ID","NUMBER","tbl_report_section","report_section_id","ExistingTableExistingColumn","Direct copy after datatype coercion and audit-column normalization.","Use IAS_ZTBL default if legacy value is null.","History","Requires engagement migration and report section/snapshot lookup seed.","Medium","Report narrative section."
"T_FRPT_PARA_NARRATIVE","ENG_ID","NUMBER","tbl_report_section","report_section_id","ExistingTableExistingColumn","Direct copy after datatype coercion and audit-column normalization.","Use IAS_ZTBL default if legacy value is null.","History","Requires engagement migration and report section/snapshot lookup seed.","Medium","Report narrative section."
"T_FRPT_PARA_NARRATIVE","PARA_ID","NUMBER","tbl_report_section","report_section_id","ExistingTableExistingColumn","Direct copy after datatype coercion and audit-column normalization.","Use IAS_ZTBL default if legacy value is null.","History","Requires engagement migration and report section/snapshot lookup seed.","Medium","Report narrative section."
"T_FRPT_PARA_NARRATIVE","PARA_ID","NUMBER","tbl_report_section","report_section_id","ExistingTableExistingColumn","Direct copy after datatype coercion and audit-column normalization.","Use IAS_ZTBL default if legacy value is null.","History","Requires engagement migration and report section/snapshot lookup seed.","Medium","Report narrative section."
"T_FRPT_PARA_NARRATIVE","IMPLICATIONS","CLOB","tbl_report_section","REVIEW_REQUIRED","ExistingTableRequiredColumn","Manual mapping required; no safe automatic target column was inferred.","Use IAS_ZTBL default if legacy value is null.","History","Requires engagement migration and report section/snapshot lookup seed.","Low","Report narrative section."
"T_FRPT_PARA_NARRATIVE","RECOMMENDATIONS","CLOB","tbl_report_section","REVIEW_REQUIRED","ExistingTableRequiredColumn","Manual mapping required; no safe automatic target column was inferred.","Use IAS_ZTBL default if legacy value is null.","History","Requires engagement migration and report section/snapshot lookup seed.","Low","Report narrative section."
"T_FRPT_PARA_NARRATIVE","MGMT_COMMENTS","CLOB","tbl_report_section","REVIEW_REQUIRED","ExistingTableRequiredColumn","Manual mapping required; no safe automatic target column was inferred.","Use IAS_ZTBL default if legacy value is null.","History","Requires engagement migration and report section/snapshot lookup seed.","Low","Report narrative section."
"T_FRPT_PARA_NARRATIVE","AUDITOR_COMMENTS","CLOB","tbl_report_section","REVIEW_REQUIRED","ExistingTableRequiredColumn","Manual mapping required; no safe automatic target column was inferred.","Use IAS_ZTBL default if legacy value is null.","History","Requires engagement migration and report section/snapshot lookup seed.","Low","Report narrative section."
"T_FRPT_PARA_NARRATIVE","SVP_REMARKS","CLOB","tbl_report_section","REVIEW_REQUIRED","ExistingTableRequiredColumn","Manual mapping required; no safe automatic target column was inferred.","Use IAS_ZTBL default if legacy value is null.","History","Requires engagement migration and report section/snapshot lookup seed.","Low","Report narrative section."
"T_FRPT_PARA_NARRATIVE","IS_FINALIZED","NUMBER","tbl_report_section","REVIEW_REQUIRED","ExistingTableRequiredColumn","Manual mapping required; no safe automatic target column was inferred.","Use IAS_ZTBL default if legacy value is null.","History","Requires engagement migration and report section/snapshot lookup seed.","Low","Report narrative section."
"T_FRPT_PARA_NARRATIVE","IS_FINALIZED","NUMBER","tbl_report_section","REVIEW_REQUIRED","ExistingTableRequiredColumn","Manual mapping required; no safe automatic target column was inferred.","Use IAS_ZTBL default if legacy value is null.","History","Requires engagement migration and report section/snapshot lookup seed.","Low","Report narrative section."
"T_FRPT_PARA_NARRATIVE","LOCK_VERSION","NUMBER","tbl_report_section","REVIEW_REQUIRED","ExistingTableRequiredColumn","Manual mapping required; no safe automatic target column was inferred.","Use IAS_ZTBL default if legacy value is null.","History","Requires engagement migration and report section/snapshot lookup seed.","Low","Report narrative section."
"T_FRPT_PARA_NARRATIVE","UPDATED_REQUIRED","NUMBER","tbl_report_section","REVIEW_REQUIRED","ExistingTableRequiredColumn","Manual mapping required; no safe automatic target column was inferred.","Use IAS_ZTBL default if legacy value is null.","History","Requires engagement migration and report section/snapshot lookup seed.","Low","Report narrative section."
"T_FRPT_PARA_NARRATIVE","UPDATED_REQUIRED","NUMBER","tbl_report_section","REVIEW_REQUIRED","ExistingTableRequiredColumn","Manual mapping required; no safe automatic target column was inferred.","Use IAS_ZTBL default if legacy value is null.","History","Requires engagement migration and report section/snapshot lookup seed.","Low","Report narrative section."
"T_FRPT_PARA_NARRATIVE","FINALIZED_ON","DATE","tbl_report_section","REVIEW_REQUIRED","ExistingTableRequiredColumn","Manual mapping required; no safe automatic target column was inferred.","Use IAS_ZTBL default if legacy value is null.","History","Requires engagement migration and report section/snapshot lookup seed.","Low","Report narrative section."
"T_FRPT_PARA_NARRATIVE","FINALIZED_BY","NUMBER","tbl_report_section","REVIEW_REQUIRED","ExistingTableRequiredColumn","Manual mapping required; no safe automatic target column was inferred.","Use IAS_ZTBL default if legacy value is null.","History","Requires engagement migration and report section/snapshot lookup seed.","Low","Report narrative section."
"T_FRPT_PARA_NARRATIVE","UPDATED_ON","DATE","tbl_report_section","modified_on","ExistingTableExistingColumn","Direct copy after datatype coercion and audit-column normalization.","Use IAS_ZTBL default if legacy value is null.","History","Requires engagement migration and report section/snapshot lookup seed.","Medium","Report narrative section."
"T_FRPT_PARA_NARRATIVE","UPDATED_BY","NUMBER","tbl_report_section","modified_by","ExistingTableExistingColumn","Resolve legacy PP/user identifier to tbl_user.user_id.","Use IAS_ZTBL default if legacy value is null.","History","Requires tbl_user migration and PPNO-to-user_id crosswalk.","Medium","Report narrative section."
"T_FRPT_PDF_STATISTICS","FRPT_STAT_ID","NUMBER","tbl_report_snapshot","report_snapshot_id","ExistingTableExistingColumn","Direct copy after datatype coercion and audit-column normalization.","Use IAS_ZTBL default if legacy value is null.","History","Requires engagement migration and report section/snapshot lookup seed.","Medium","Report snapshot payload."
"T_FRPT_PDF_STATISTICS","FRPT_STAT_ID","NUMBER","tbl_report_snapshot","report_snapshot_id","ExistingTableExistingColumn","Direct copy after datatype coercion and audit-column normalization.","Use IAS_ZTBL default if legacy value is null.","History","Requires engagement migration and report section/snapshot lookup seed.","Medium","Report snapshot payload."
"T_FRPT_PDF_STATISTICS","ENG_ID","NUMBER","tbl_report_snapshot","report_snapshot_id","ExistingTableExistingColumn","Direct copy after datatype coercion and audit-column normalization.","Use IAS_ZTBL default if legacy value is null.","History","Requires engagement migration and report section/snapshot lookup seed.","Medium","Report snapshot payload."
"T_FRPT_PDF_STATISTICS","ENTITY_ID","NUMBER","tbl_report_snapshot","entity_id","ExistingTableRequiredColumn","Direct copy after datatype coercion and audit-column normalization.","Use IAS_ZTBL default if legacy value is null.","History","Requires tbl_entity migration and entity-code crosswalk.","Medium","Report snapshot payload."
"T_FRPT_PDF_STATISTICS","REPORT_VERSION","NUMBER","tbl_report_snapshot","REVIEW_REQUIRED","ExistingTableRequiredColumn","Manual mapping required; no safe automatic target column was inferred.","Use IAS_ZTBL default if legacy value is null.","History","Requires engagement migration and report section/snapshot lookup seed.","Low","Report snapshot payload."
"T_FRPT_PDF_STATISTICS","RISK_LEVEL","VARCHAR2","tbl_report_snapshot","REVIEW_REQUIRED","ExistingTableRequiredColumn","Manual mapping required; no safe automatic target column was inferred.","Use IAS_ZTBL default if legacy value is null.","History","Requires engagement migration and report section/snapshot lookup seed.","Low","Report snapshot payload."
"T_FRPT_PDF_STATISTICS","REPORTED_COUNT","NUMBER","tbl_report_snapshot","REVIEW_REQUIRED","ExistingTableRequiredColumn","Manual mapping required; no safe automatic target column was inferred.","Use IAS_ZTBL default if legacy value is null.","History","Requires engagement migration and report section/snapshot lookup seed.","Low","Report snapshot payload."
"T_FRPT_PDF_STATISTICS","RECTIFIED_COUNT","NUMBER","tbl_report_snapshot","REVIEW_REQUIRED","ExistingTableRequiredColumn","Manual mapping required; no safe automatic target column was inferred.","Use IAS_ZTBL default if legacy value is null.","History","Requires engagement migration and report section/snapshot lookup seed.","Low","Report snapshot payload."
"T_FRPT_PDF_STATISTICS","OUTSTANDING_COUNT","NUMBER","tbl_report_snapshot","REVIEW_REQUIRED","ExistingTableRequiredColumn","Manual mapping required; no safe automatic target column was inferred.","Use IAS_ZTBL default if legacy value is null.","History","Requires engagement migration and report section/snapshot lookup seed.","Low","Report snapshot payload."
"T_FRPT_PDF_STATISTICS","CREATED_ON","DATE","tbl_report_snapshot","created_on","ExistingTableExistingColumn","Direct copy after datatype coercion and audit-column normalization.","Use IAS_ZTBL default if legacy value is null.","History","Requires engagement migration and report section/snapshot lookup seed.","Medium","Report snapshot payload."
"T_FRPT_PDF_STATISTICS","CREATED_BY","NUMBER","tbl_report_snapshot","created_by","ExistingTableExistingColumn","Resolve legacy PP/user identifier to tbl_user.user_id.","Use IAS_ZTBL default if legacy value is null.","History","Requires tbl_user migration and PPNO-to-user_id crosswalk.","Medium","Report snapshot payload."
"T_FRPT_PDF_STATISTICS","REMARKS","VARCHAR2","tbl_report_snapshot","REVIEW_REQUIRED","ExistingTableRequiredColumn","Manual mapping required; no safe automatic target column was inferred.","Use IAS_ZTBL default if legacy value is null.","History","Requires engagement migration and report section/snapshot lookup seed.","Low","Report snapshot payload."
"T_FRPT_PDF_STATISTICS","UPDATED_ON","DATE","tbl_report_snapshot","modified_on","ExistingTableExistingColumn","Direct copy after datatype coercion and audit-column normalization.","Use IAS_ZTBL default if legacy value is null.","History","Requires engagement migration and report section/snapshot lookup seed.","Medium","Report snapshot payload."
"T_FRPT_PDF_STATISTICS","UPDATED_BY","NUMBER","tbl_report_snapshot","modified_by","ExistingTableExistingColumn","Resolve legacy PP/user identifier to tbl_user.user_id.","Use IAS_ZTBL default if legacy value is null.","History","Requires tbl_user migration and PPNO-to-user_id crosswalk.","Medium","Report snapshot payload."
"T_FRPT_REPORT_META","FRPT_ID","NUMBER","tbl_report","report_id","ExistingTableExistingColumn","Direct copy after datatype coercion and audit-column normalization.","Use IAS_ZTBL default if legacy value is null.","CurrentState","Requires engagement migration and report section/snapshot lookup seed.","Medium","Field-audit report header."
"T_FRPT_REPORT_META","ENG_ID","NUMBER","tbl_report","report_id","ExistingTableExistingColumn","Direct copy after datatype coercion and audit-column normalization.","Use IAS_ZTBL default if legacy value is null.","CurrentState","Requires engagement migration and report section/snapshot lookup seed.","Medium","Field-audit report header."
"T_FRPT_REPORT_META","ENG_ID","NUMBER","tbl_report","report_id","ExistingTableExistingColumn","Direct copy after datatype coercion and audit-column normalization.","Use IAS_ZTBL default if legacy value is null.","CurrentState","Requires engagement migration and report section/snapshot lookup seed.","Medium","Field-audit report header."
"T_FRPT_REPORT_META","ENG_ID","NUMBER","tbl_report","report_id","ExistingTableExistingColumn","Direct copy after datatype coercion and audit-column normalization.","Use IAS_ZTBL default if legacy value is null.","CurrentState","Requires engagement migration and report section/snapshot lookup seed.","Medium","Field-audit report header."
"T_FRPT_REPORT_META","ENTITY_ID","NUMBER","tbl_report","entity_id","ExistingTableRequiredColumn","Direct copy after datatype coercion and audit-column normalization.","Use IAS_ZTBL default if legacy value is null.","CurrentState","Requires tbl_entity migration and entity-code crosswalk.","Medium","Field-audit report header."
"T_FRPT_REPORT_META","REPORT_VERSION","NUMBER","tbl_report","REVIEW_REQUIRED","ExistingTableRequiredColumn","Manual mapping required; no safe automatic target column was inferred.","Use IAS_ZTBL default if legacy value is null.","CurrentState","Requires engagement migration and report section/snapshot lookup seed.","Low","Field-audit report header."
"T_FRPT_REPORT_META","REPORT_STATUS","VARCHAR2","tbl_report","REVIEW_REQUIRED","ExistingTableRequiredColumn","Manual mapping required; no safe automatic target column was inferred.","Use IAS_ZTBL default if legacy value is null.","CurrentState","Requires engagement migration and report section/snapshot lookup seed.","Low","Field-audit report header."
"T_FRPT_REPORT_META","GENERATED_ON","DATE","tbl_report","REVIEW_REQUIRED","ExistingTableRequiredColumn","Manual mapping required; no safe automatic target column was inferred.","Use IAS_ZTBL default if legacy value is null.","CurrentState","Requires engagement migration and report section/snapshot lookup seed.","Low","Field-audit report header."
"T_FRPT_REPORT_META","GENERATED_BY","NUMBER","tbl_report","REVIEW_REQUIRED","ExistingTableRequiredColumn","Manual mapping required; no safe automatic target column was inferred.","Use IAS_ZTBL default if legacy value is null.","CurrentState","Requires engagement migration and report section/snapshot lookup seed.","Low","Field-audit report header."
"T_FRPT_REPORT_META","FINALIZED_ON","DATE","tbl_report","REVIEW_REQUIRED","ExistingTableRequiredColumn","Manual mapping required; no safe automatic target column was inferred.","Use IAS_ZTBL default if legacy value is null.","CurrentState","Requires engagement migration and report section/snapshot lookup seed.","Low","Field-audit report header."
"T_FRPT_REPORT_META","FINALIZED_BY","NUMBER","tbl_report","REVIEW_REQUIRED","ExistingTableRequiredColumn","Manual mapping required; no safe automatic target column was inferred.","Use IAS_ZTBL default if legacy value is null.","CurrentState","Requires engagement migration and report section/snapshot lookup seed.","Low","Field-audit report header."
"T_FRPT_SECTION_MASTER","SECTION_CODE","VARCHAR2","tbl_lookup_value","REVIEW_REQUIRED","ExistingTableRequiredColumn","Manual mapping required; no safe automatic target column was inferred.","Use IAS_ZTBL default if legacy value is null.","CurrentState","Requires parent table load order and surrogate key crosswalk.","Low","Report section master normalized as lookup/reference values."
"T_FRPT_SECTION_MASTER","SECTION_TITLE","VARCHAR2","tbl_lookup_value","heading_text","ExistingTableRequiredColumn","Load descriptive heading into normalized heading/title field.","Use IAS_ZTBL default if legacy value is null.","CurrentState","Requires parent table load order and surrogate key crosswalk.","Low","Report section master normalized as lookup/reference values."
"T_FRPT_SECTION_MASTER","DISPLAY_ORDER","NUMBER","tbl_lookup_value","REVIEW_REQUIRED","ExistingTableRequiredColumn","Manual mapping required; no safe automatic target column was inferred.","Use IAS_ZTBL default if legacy value is null.","CurrentState","Requires parent table load order and surrogate key crosswalk.","Low","Report section master normalized as lookup/reference values."
"T_FRPT_SECTION_MASTER","SECTION_GROUP","VARCHAR2","tbl_lookup_value","REVIEW_REQUIRED","ExistingTableRequiredColumn","Manual mapping required; no safe automatic target column was inferred.","Use IAS_ZTBL default if legacy value is null.","CurrentState","Requires parent table load order and surrogate key crosswalk.","Low","Report section master normalized as lookup/reference values."
"T_FRPT_SECTION_MASTER","IS_MANDATORY","CHAR","tbl_lookup_value","REVIEW_REQUIRED","ExistingTableRequiredColumn","Manual mapping required; no safe automatic target column was inferred.","Use IAS_ZTBL default if legacy value is null.","CurrentState","Requires parent table load order and surrogate key crosswalk.","Low","Report section master normalized as lookup/reference values."
"T_FRPT_SECTION_MASTER","IS_ACTIVE","CHAR","tbl_lookup_value","REVIEW_REQUIRED","ExistingTableRequiredColumn","Manual mapping required; no safe automatic target column was inferred.","Use IAS_ZTBL default if legacy value is null.","CurrentState","Requires parent table load order and surrogate key crosswalk.","Low","Report section master normalized as lookup/reference values."
"T_FRPT_STAFF_SNAPSHOT","FRPT_STAFF_ID","NUMBER","tbl_report_snapshot","report_snapshot_id","ExistingTableExistingColumn","Direct copy after datatype coercion and audit-column normalization.","Use IAS_ZTBL default if legacy value is null.","History","Requires engagement migration and report section/snapshot lookup seed.","Medium","Report snapshot payload."
"T_FRPT_STAFF_SNAPSHOT","FRPT_STAFF_ID","NUMBER","tbl_report_snapshot","report_snapshot_id","ExistingTableExistingColumn","Direct copy after datatype coercion and audit-column normalization.","Use IAS_ZTBL default if legacy value is null.","History","Requires engagement migration and report section/snapshot lookup seed.","Medium","Report snapshot payload."
"T_FRPT_STAFF_SNAPSHOT","ENG_ID","NUMBER","tbl_report_snapshot","report_snapshot_id","ExistingTableExistingColumn","Direct copy after datatype coercion and audit-column normalization.","Use IAS_ZTBL default if legacy value is null.","History","Requires engagement migration and report section/snapshot lookup seed.","Medium","Report snapshot payload."
"T_FRPT_STAFF_SNAPSHOT","ENTITY_ID","NUMBER","tbl_report_snapshot","entity_id","ExistingTableRequiredColumn","Direct copy after datatype coercion and audit-column normalization.","Use IAS_ZTBL default if legacy value is null.","History","Requires tbl_entity migration and entity-code crosswalk.","Medium","Report snapshot payload."
"T_FRPT_STAFF_SNAPSHOT","PP_NO","VARCHAR2","tbl_report_snapshot","REVIEW_REQUIRED","ExistingTableRequiredColumn","Manual mapping required; no safe automatic target column was inferred.","Use IAS_ZTBL default if legacy value is null.","History","Requires engagement migration and report section/snapshot lookup seed.","Low","Report snapshot payload."
"T_FRPT_STAFF_SNAPSHOT","STAFF_NAME","VARCHAR2","tbl_report_snapshot","name","ExistingTableRequiredColumn","Direct copy after datatype coercion and audit-column normalization.","Use IAS_ZTBL default if legacy value is null.","History","Requires engagement migration and report section/snapshot lookup seed.","Low","Report snapshot payload."
"T_FRPT_STAFF_SNAPSHOT","STAFF_RANK","VARCHAR2","tbl_report_snapshot","REVIEW_REQUIRED","ExistingTableRequiredColumn","Manual mapping required; no safe automatic target column was inferred.","Use IAS_ZTBL default if legacy value is null.","History","Requires engagement migration and report section/snapshot lookup seed.","Low","Report snapshot payload."
"T_FRPT_STAFF_SNAPSHOT","DESIGNATION","VARCHAR2","tbl_report_snapshot","REVIEW_REQUIRED","ExistingTableRequiredColumn","Manual mapping required; no safe automatic target column was inferred.","Use IAS_ZTBL default if legacy value is null.","History","Requires engagement migration and report section/snapshot lookup seed.","Low","Report snapshot payload."
"T_FRPT_STAFF_SNAPSHOT","IS_ACTIVE","NUMBER","tbl_report_snapshot","REVIEW_REQUIRED","ExistingTableRequiredColumn","Manual mapping required; no safe automatic target column was inferred.","Use IAS_ZTBL default if legacy value is null.","History","Requires engagement migration and report section/snapshot lookup seed.","Low","Report snapshot payload."
"T_FRPT_STAFF_SNAPSHOT","CREATED_ON","DATE","tbl_report_snapshot","created_on","ExistingTableExistingColumn","Direct copy after datatype coercion and audit-column normalization.","Use IAS_ZTBL default if legacy value is null.","History","Requires engagement migration and report section/snapshot lookup seed.","Medium","Report snapshot payload."
"T_FRPT_STAFF_SNAPSHOT","CREATED_BY","VARCHAR2","tbl_report_snapshot","created_by","ExistingTableExistingColumn","Resolve legacy PP/user identifier to tbl_user.user_id.","Use IAS_ZTBL default if legacy value is null.","History","Requires tbl_user migration and PPNO-to-user_id crosswalk.","Medium","Report snapshot payload."
"T_FRPT_STAFF_SNAPSHOT","UPDATED_ON","DATE","tbl_report_snapshot","modified_on","ExistingTableExistingColumn","Direct copy after datatype coercion and audit-column normalization.","Use IAS_ZTBL default if legacy value is null.","History","Requires engagement migration and report section/snapshot lookup seed.","Medium","Report snapshot payload."
"T_FRPT_STAFF_SNAPSHOT","UPDATED_BY","VARCHAR2","tbl_report_snapshot","modified_by","ExistingTableExistingColumn","Resolve legacy PP/user identifier to tbl_user.user_id.","Use IAS_ZTBL default if legacy value is null.","History","Requires tbl_user migration and PPNO-to-user_id crosswalk.","Medium","Report snapshot payload."
"T_FRPT_TEXT_BLOCKS","FRPT_TEXT_ID","NUMBER","tbl_report_section","detail_text","ExistingTableRequiredColumn","Load long text into normalized CLOB detail field.","Use IAS_ZTBL default if legacy value is null.","History","Requires engagement migration and report section/snapshot lookup seed.","Low","Report narrative section."
"T_FRPT_TEXT_BLOCKS","ENG_ID","NUMBER","tbl_report_section","report_section_id","ExistingTableExistingColumn","Direct copy after datatype coercion and audit-column normalization.","Use IAS_ZTBL default if legacy value is null.","History","Requires engagement migration and report section/snapshot lookup seed.","Medium","Report narrative section."
"T_FRPT_TEXT_BLOCKS","ENG_ID","NUMBER","tbl_report_section","report_section_id","ExistingTableExistingColumn","Direct copy after datatype coercion and audit-column normalization.","Use IAS_ZTBL default if legacy value is null.","History","Requires engagement migration and report section/snapshot lookup seed.","Medium","Report narrative section."
"T_FRPT_TEXT_BLOCKS","SECTION_CODE","VARCHAR2","tbl_report_section","REVIEW_REQUIRED","ExistingTableRequiredColumn","Manual mapping required; no safe automatic target column was inferred.","Use IAS_ZTBL default if legacy value is null.","History","Requires engagement migration and report section/snapshot lookup seed.","Low","Report narrative section."
"T_FRPT_TEXT_BLOCKS","SECTION_TEXT","CLOB","tbl_report_section","detail_text","ExistingTableRequiredColumn","Load long text into normalized CLOB detail field.","Use IAS_ZTBL default if legacy value is null.","History","Requires engagement migration and report section/snapshot lookup seed.","Low","Report narrative section."
"T_FRPT_TEXT_BLOCKS","CREATED_ON","DATE","tbl_report_section","created_on","ExistingTableExistingColumn","Direct copy after datatype coercion and audit-column normalization.","Use IAS_ZTBL default if legacy value is null.","History","Requires engagement migration and report section/snapshot lookup seed.","Medium","Report narrative section."
"T_FRPT_TEXT_BLOCKS","CREATED_BY","NUMBER","tbl_report_section","created_by","ExistingTableExistingColumn","Resolve legacy PP/user identifier to tbl_user.user_id.","Use IAS_ZTBL default if legacy value is null.","History","Requires tbl_user migration and PPNO-to-user_id crosswalk.","Medium","Report narrative section."
"T_GROUPS","ROLE_ID","NUMBER","tbl_role","role_id","ExistingTableExistingColumn","Direct copy after datatype coercion and audit-column normalization.","Use IAS_ZTBL default if legacy value is null.","CurrentState","Requires status/lookup normalization register and lookup load order.","Medium","Legacy role/group catalog."
"T_GROUPS","GROUP_ID","NUMBER","tbl_role","role_id","ExistingTableExistingColumn","Direct copy after datatype coercion and audit-column normalization.","Use IAS_ZTBL default if legacy value is null.","CurrentState","Requires status/lookup normalization register and lookup load order.","Medium","Legacy role/group catalog."
"T_GROUPS","DESCRIPTION","VARCHAR2","tbl_role","description","ExistingTableRequiredColumn","Direct copy after datatype coercion and audit-column normalization.","Use IAS_ZTBL default if legacy value is null.","CurrentState","Requires parent table load order and surrogate key crosswalk.","Low","Legacy role/group catalog."
"T_GROUPS","GROUP_NAME","VARCHAR2","tbl_role","name","ExistingTableRequiredColumn","Direct copy after datatype coercion and audit-column normalization.","Use IAS_ZTBL default if legacy value is null.","CurrentState","Requires parent table load order and surrogate key crosswalk.","Low","Legacy role/group catalog."
"T_GROUPS","STATUS","VARCHAR2","tbl_role","REVIEW_REQUIRED","ExistingTableRequiredColumn","Manual mapping required; no safe automatic target column was inferred.","Use IAS_ZTBL default if legacy value is null.","CurrentState","Requires parent table load order and surrogate key crosswalk.","Low","Legacy role/group catalog."
"T_GROUP_RIGHTS","ID","NUMBER","tbl_permission","permission_id","ExistingTableExistingColumn","Direct copy after datatype coercion and audit-column normalization.","Use IAS_ZTBL default if legacy value is null.","CurrentState","Requires status/lookup normalization register and lookup load order.","Medium","Legacy role responsibility metadata."
"T_GROUP_RIGHTS","DESIGNATIONCODE","NUMBER","tbl_permission","REVIEW_REQUIRED","ExistingTableRequiredColumn","Manual mapping required; no safe automatic target column was inferred.","Use IAS_ZTBL default if legacy value is null.","CurrentState","Requires parent table load order and surrogate key crosswalk.","Low","Legacy role responsibility metadata."
"T_GROUP_RIGHTS","DESCRIPTION","VARCHAR2","tbl_permission","description","ExistingTableRequiredColumn","Direct copy after datatype coercion and audit-column normalization.","Use IAS_ZTBL default if legacy value is null.","CurrentState","Requires parent table load order and surrogate key crosswalk.","Low","Legacy role responsibility metadata."
"T_GROUP_RIGHTS","STATUSTYPE","CHAR","tbl_permission","REVIEW_REQUIRED","ExistingTableRequiredColumn","Manual mapping required; no safe automatic target column was inferred.","Use IAS_ZTBL default if legacy value is null.","CurrentState","Requires parent table load order and surrogate key crosswalk.","Low","Legacy role responsibility metadata."
"T_GROUP_RIGHTS","CATEGORYTYPE","CHAR","tbl_permission","REVIEW_REQUIRED","ExistingTableRequiredColumn","Manual mapping required; no safe automatic target column was inferred.","Use IAS_ZTBL default if legacy value is null.","CurrentState","Requires parent table load order and surrogate key crosswalk.","Low","Legacy role responsibility metadata."
"T_GROUP_RIGHTS","GROUP_ID","NUMBER","tbl_permission","permission_id","ExistingTableExistingColumn","Direct copy after datatype coercion and audit-column normalization.","Use IAS_ZTBL default if legacy value is null.","CurrentState","Requires status/lookup normalization register and lookup load order.","Medium","Legacy role responsibility metadata."
"T_GROUP_RIGHTS","ENTITY_TYPE","VARCHAR2","tbl_permission","REVIEW_REQUIRED","ExistingTableRequiredColumn","Manual mapping required; no safe automatic target column was inferred.","Use IAS_ZTBL default if legacy value is null.","CurrentState","Requires parent table load order and surrogate key crosswalk.","Low","Legacy role responsibility metadata."
"T_GROUP_RIGHTS","SUB_ENTITY_TYPE","VARCHAR2","tbl_permission","REVIEW_REQUIRED","ExistingTableRequiredColumn","Manual mapping required; no safe automatic target column was inferred.","Use IAS_ZTBL default if legacy value is null.","CurrentState","Requires parent table load order and surrogate key crosswalk.","Low","Legacy role responsibility metadata."
"T_HD_ACTION_LOG","ACTION_LOG_ID","NUMBER","tbl_workflow_event","workflow_event_id","ExistingTableExistingColumn","Direct copy after datatype coercion and audit-column normalization.","Use IAS_ZTBL default if legacy value is null.","WorkflowEvent","Requires parent table load order and surrogate key crosswalk.","Medium","Operational history/log normalized into workflow events unless a dedicated history table exists."
"T_HD_ACTION_LOG","REQUEST_ID","NUMBER","tbl_workflow_event","workflow_event_id","ExistingTableExistingColumn","Direct copy after datatype coercion and audit-column normalization.","Use IAS_ZTBL default if legacy value is null.","WorkflowEvent","Requires parent table load order and surrogate key crosswalk.","Medium","Operational history/log normalized into workflow events unless a dedicated history table exists."
"T_HD_ACTION_LOG","ACTION","VARCHAR2","tbl_workflow_event","REVIEW_REQUIRED","ExistingTableRequiredColumn","Manual mapping required; no safe automatic target column was inferred.","Use IAS_ZTBL default if legacy value is null.","WorkflowEvent","Requires parent table load order and surrogate key crosswalk.","Low","Operational history/log normalized into workflow events unless a dedicated history table exists."
"T_HD_ACTION_LOG","ACTOR","NUMBER","tbl_workflow_event","REVIEW_REQUIRED","ExistingTableRequiredColumn","Manual mapping required; no safe automatic target column was inferred.","Use IAS_ZTBL default if legacy value is null.","WorkflowEvent","Requires parent table load order and surrogate key crosswalk.","Low","Operational history/log normalized into workflow events unless a dedicated history table exists."
"T_HD_ACTION_LOG","ACTION_ON","DATE","tbl_workflow_event","REVIEW_REQUIRED","ExistingTableRequiredColumn","Manual mapping required; no safe automatic target column was inferred.","Use IAS_ZTBL default if legacy value is null.","WorkflowEvent","Requires parent table load order and surrogate key crosswalk.","Low","Operational history/log normalized into workflow events unless a dedicated history table exists."
"T_HD_ACTION_LOG","ACTION_NOTE","VARCHAR2","tbl_workflow_event","REVIEW_REQUIRED","ExistingTableRequiredColumn","Manual mapping required; no safe automatic target column was inferred.","Use IAS_ZTBL default if legacy value is null.","WorkflowEvent","Requires parent table load order and surrogate key crosswalk.","Low","Operational history/log normalized into workflow events unless a dedicated history table exists."
"T_HD_ACTION_REQUEST","REQUEST_ID","NUMBER","REVIEW_REQUIRED","REVIEW_REQUIRED","ReviewRequired","Manual mapping required; no safe automatic target column was inferred.","Use IAS_ZTBL default if legacy value is null.","Review","Requires parent table load order and surrogate key crosswalk.","Low","No confident automatic target mapping."
"T_HD_ACTION_REQUEST","ENTITY","VARCHAR2","REVIEW_REQUIRED","REVIEW_REQUIRED","ReviewRequired","Manual mapping required; no safe automatic target column was inferred.","Use IAS_ZTBL default if legacy value is null.","Review","Requires parent table load order and surrogate key crosswalk.","Low","No confident automatic target mapping."
"T_HD_ACTION_REQUEST","PARA_ID","NUMBER","REVIEW_REQUIRED","REVIEW_REQUIRED","ReviewRequired","Manual mapping required; no safe automatic target column was inferred.","Use IAS_ZTBL default if legacy value is null.","Review","Requires parent table load order and surrogate key crosswalk.","Low","No confident automatic target mapping."
"T_HD_ACTION_REQUEST","RESPONSE_ID","NUMBER","REVIEW_REQUIRED","REVIEW_REQUIRED","ReviewRequired","Manual mapping required; no safe automatic target column was inferred.","Use IAS_ZTBL default if legacy value is null.","Review","Requires parent table load order and surrogate key crosswalk.","Low","No confident automatic target mapping."
"T_HD_ACTION_REQUEST","REQUEST_TYPE","VARCHAR2","REVIEW_REQUIRED","REVIEW_REQUIRED","ReviewRequired","Manual mapping required; no safe automatic target column was inferred.","Use IAS_ZTBL default if legacy value is null.","Review","Requires parent table load order and surrogate key crosswalk.","Low","No confident automatic target mapping."
"T_HD_ACTION_REQUEST","REQUEST_REASON","CLOB","REVIEW_REQUIRED","REVIEW_REQUIRED","ReviewRequired","Manual mapping required; no safe automatic target column was inferred.","Use IAS_ZTBL default if legacy value is null.","Review","Requires parent table load order and surrogate key crosswalk.","Low","No confident automatic target mapping."
"T_HD_ACTION_REQUEST","REQUESTED_BY","NUMBER","REVIEW_REQUIRED","REVIEW_REQUIRED","ReviewRequired","Manual mapping required; no safe automatic target column was inferred.","Use IAS_ZTBL default if legacy value is null.","Review","Requires parent table load order and surrogate key crosswalk.","Low","No confident automatic target mapping."
"T_HD_ACTION_REQUEST","REQUESTED_ON","DATE","REVIEW_REQUIRED","REVIEW_REQUIRED","ReviewRequired","Manual mapping required; no safe automatic target column was inferred.","Use IAS_ZTBL default if legacy value is null.","Review","Requires parent table load order and surrogate key crosswalk.","Low","No confident automatic target mapping."
"T_HD_ACTION_REQUEST","STATUS","VARCHAR2","REVIEW_REQUIRED","REVIEW_REQUIRED","ReviewRequired","Manual mapping required; no safe automatic target column was inferred.","Use IAS_ZTBL default if legacy value is null.","Review","Requires parent table load order and surrogate key crosswalk.","Low","No confident automatic target mapping."
"T_HD_ACTION_REQUEST","APPROVED_BY","NUMBER","REVIEW_REQUIRED","approved_by","ReviewRequired","Resolve reviewer/approver to tbl_user.user_id.","Use IAS_ZTBL default if legacy value is null.","Review","Requires tbl_user migration and PPNO-to-user_id crosswalk.","Medium","No confident automatic target mapping."
"T_HD_ACTION_REQUEST","APPROVED_ON","DATE","REVIEW_REQUIRED","approved_on","ReviewRequired","Direct copy after datatype coercion and audit-column normalization.","Use IAS_ZTBL default if legacy value is null.","Review","Requires parent table load order and surrogate key crosswalk.","Medium","No confident automatic target mapping."
"T_HD_ACTION_REQUEST","REJECTED_BY","NUMBER","REVIEW_REQUIRED","REVIEW_REQUIRED","ReviewRequired","Manual mapping required; no safe automatic target column was inferred.","Use IAS_ZTBL default if legacy value is null.","Review","Requires parent table load order and surrogate key crosswalk.","Low","No confident automatic target mapping."
"T_HD_ACTION_REQUEST","REJECTED_ON","DATE","REVIEW_REQUIRED","REVIEW_REQUIRED","ReviewRequired","Manual mapping required; no safe automatic target column was inferred.","Use IAS_ZTBL default if legacy value is null.","Review","Requires parent table load order and surrogate key crosswalk.","Low","No confident automatic target mapping."
"T_HD_ACTION_REQUEST","PARENT_REQUEST_ID","NUMBER","REVIEW_REQUIRED","REVIEW_REQUIRED","ReviewRequired","Manual mapping required; no safe automatic target column was inferred.","Use IAS_ZTBL default if legacy value is null.","Review","Requires parent table load order and surrogate key crosswalk.","Low","No confident automatic target mapping."
"T_HD_SBP_OBSERVATION","PARA_ID","NUMBER","REVIEW_REQUIRED","REVIEW_REQUIRED","ReviewRequired","Manual mapping required; no safe automatic target column was inferred.","Use IAS_ZTBL default if legacy value is null.","Review","Requires parent table load order and surrogate key crosswalk.","Low","No confident automatic target mapping."
"T_HD_SBP_OBSERVATION","PARA_ID","NUMBER","REVIEW_REQUIRED","REVIEW_REQUIRED","ReviewRequired","Manual mapping required; no safe automatic target column was inferred.","Use IAS_ZTBL default if legacy value is null.","Review","Requires parent table load order and surrogate key crosswalk.","Low","No confident automatic target mapping."
"T_HD_SBP_OBSERVATION","REF_NO","VARCHAR2","REVIEW_REQUIRED","REVIEW_REQUIRED","ReviewRequired","Manual mapping required; no safe automatic target column was inferred.","Use IAS_ZTBL default if legacy value is null.","Review","Requires parent table load order and surrogate key crosswalk.","Low","No confident automatic target mapping."
"T_HD_SBP_OBSERVATION","FUNCTION_NAME","VARCHAR2","REVIEW_REQUIRED","name","ReviewRequired","Direct copy after datatype coercion and audit-column normalization.","Use IAS_ZTBL default if legacy value is null.","Review","Requires parent table load order and surrogate key crosswalk.","Low","No confident automatic target mapping."
"T_HD_SBP_OBSERVATION","PARA_NO","VARCHAR2","REVIEW_REQUIRED","REVIEW_REQUIRED","ReviewRequired","Manual mapping required; no safe automatic target column was inferred.","Use IAS_ZTBL default if legacy value is null.","Review","Requires parent table load order and surrogate key crosswalk.","Low","No confident automatic target mapping."
"T_HD_SBP_OBSERVATION","SBP_OBS_ENC","CLOB","REVIEW_REQUIRED","REVIEW_REQUIRED","ReviewRequired","Manual mapping required; no safe automatic target column was inferred.","Use IAS_ZTBL default if legacy value is null.","Review","Requires parent table load order and surrogate key crosswalk.","Low","No confident automatic target mapping."
"T_HD_SBP_OBSERVATION","SBP_DIR_ENC","CLOB","REVIEW_REQUIRED","REVIEW_REQUIRED","ReviewRequired","Manual mapping required; no safe automatic target column was inferred.","Use IAS_ZTBL default if legacy value is null.","Review","Requires parent table load order and surrogate key crosswalk.","Low","No confident automatic target mapping."
"T_HD_SBP_OBSERVATION","COMPLIANCE_QUARTER","VARCHAR2","REVIEW_REQUIRED","REVIEW_REQUIRED","ReviewRequired","Manual mapping required; no safe automatic target column was inferred.","Use IAS_ZTBL default if legacy value is null.","Review","Requires parent table load order and surrogate key crosswalk.","Low","No confident automatic target mapping."
"T_HD_SBP_OBSERVATION","CREATED_BY","VARCHAR2","REVIEW_REQUIRED","created_by","ReviewRequired","Resolve legacy PP/user identifier to tbl_user.user_id.","Use IAS_ZTBL default if legacy value is null.","Review","Requires tbl_user migration and PPNO-to-user_id crosswalk.","Medium","No confident automatic target mapping."
"T_HD_SBP_OBSERVATION","CREATED_ON","DATE","REVIEW_REQUIRED","created_on","ReviewRequired","Direct copy after datatype coercion and audit-column normalization.","Use IAS_ZTBL default if legacy value is null.","Review","Requires parent table load order and surrogate key crosswalk.","Medium","No confident automatic target mapping."
"T_HD_SBP_OBSERVATION","UPDATED_BY","NUMBER","REVIEW_REQUIRED","modified_by","ReviewRequired","Resolve legacy PP/user identifier to tbl_user.user_id.","Use IAS_ZTBL default if legacy value is null.","Review","Requires tbl_user migration and PPNO-to-user_id crosswalk.","Medium","No confident automatic target mapping."
"T_HD_SBP_OBSERVATION","UPDATED_ON","DATE","REVIEW_REQUIRED","modified_on","ReviewRequired","Direct copy after datatype coercion and audit-column normalization.","Use IAS_ZTBL default if legacy value is null.","Review","Requires parent table load order and surrogate key crosswalk.","Medium","No confident automatic target mapping."
"T_HD_SBP_OBSERVATION","OBSERVATION_TYPE","NUMBER","REVIEW_REQUIRED","REVIEW_REQUIRED","ReviewRequired","Manual mapping required; no safe automatic target column was inferred.","Use IAS_ZTBL default if legacy value is null.","Review","Requires parent table load order and surrogate key crosswalk.","Low","No confident automatic target mapping."
"T_HD_SBP_OBSERVATION","IS_ACTIVE","CHAR","REVIEW_REQUIRED","REVIEW_REQUIRED","ReviewRequired","Manual mapping required; no safe automatic target column was inferred.","Use IAS_ZTBL default if legacy value is null.","Review","Requires parent table load order and surrogate key crosswalk.","Low","No confident automatic target mapping."
"T_HD_SBP_OBSERVATION","DELETED_BY","NUMBER","REVIEW_REQUIRED","REVIEW_REQUIRED","ReviewRequired","Manual mapping required; no safe automatic target column was inferred.","Use IAS_ZTBL default if legacy value is null.","Review","Requires parent table load order and surrogate key crosswalk.","Low","No confident automatic target mapping."
"T_HD_SBP_OBSERVATION","DELETED_ON","DATE","REVIEW_REQUIRED","REVIEW_REQUIRED","ReviewRequired","Manual mapping required; no safe automatic target column was inferred.","Use IAS_ZTBL default if legacy value is null.","Review","Requires parent table load order and surrogate key crosswalk.","Low","No confident automatic target mapping."
"T_HD_SBP_OBS_RESPONSE","RESPONSE_ID","NUMBER","REVIEW_REQUIRED","REVIEW_REQUIRED","ReviewRequired","Manual mapping required; no safe automatic target column was inferred.","Use IAS_ZTBL default if legacy value is null.","Review","Requires parent table load order and surrogate key crosswalk.","Low","No confident automatic target mapping."
"T_HD_SBP_OBS_RESPONSE","RESPONSE_ID","NUMBER","REVIEW_REQUIRED","REVIEW_REQUIRED","ReviewRequired","Manual mapping required; no safe automatic target column was inferred.","Use IAS_ZTBL default if legacy value is null.","Review","Requires parent table load order and surrogate key crosswalk.","Low","No confident automatic target mapping."
"T_HD_SBP_OBS_RESPONSE","PARA_ID","NUMBER","REVIEW_REQUIRED","REVIEW_REQUIRED","ReviewRequired","Manual mapping required; no safe automatic target column was inferred.","Use IAS_ZTBL default if legacy value is null.","Review","Requires parent table load order and surrogate key crosswalk.","Low","No confident automatic target mapping."
"T_HD_SBP_OBS_RESPONSE","REF_NO","VARCHAR2","REVIEW_REQUIRED","REVIEW_REQUIRED","ReviewRequired","Manual mapping required; no safe automatic target column was inferred.","Use IAS_ZTBL default if legacy value is null.","Review","Requires parent table load order and surrogate key crosswalk.","Low","No confident automatic target mapping."
"T_HD_SBP_OBS_RESPONSE","BANK_RESPONSE","CLOB","REVIEW_REQUIRED","REVIEW_REQUIRED","ReviewRequired","Manual mapping required; no safe automatic target column was inferred.","Use IAS_ZTBL default if legacy value is null.","Review","Requires parent table load order and surrogate key crosswalk.","Low","No confident automatic target mapping."
"T_HD_SBP_OBS_RESPONSE","REPLY_DATE","DATE","REVIEW_REQUIRED","REVIEW_REQUIRED","ReviewRequired","Manual mapping required; no safe automatic target column was inferred.","Use IAS_ZTBL default if legacy value is null.","Review","Requires parent table load order and surrogate key crosswalk.","Low","No confident automatic target mapping."
"T_HD_SBP_OBS_RESPONSE","COMPLIANCE_STATUS","VARCHAR2","REVIEW_REQUIRED","REVIEW_REQUIRED","ReviewRequired","Manual mapping required; no safe automatic target column was inferred.","Use IAS_ZTBL default if legacy value is null.","Review","Requires parent table load order and surrogate key crosswalk.","Low","No confident automatic target mapping."
"T_HD_SBP_OBS_RESPONSE","IAD_VALIDATION","VARCHAR2","REVIEW_REQUIRED","REVIEW_REQUIRED","ReviewRequired","Manual mapping required; no safe automatic target column was inferred.","Use IAS_ZTBL default if legacy value is null.","Review","Requires parent table load order and surrogate key crosswalk.","Low","No confident automatic target mapping."
"T_HD_SBP_OBS_RESPONSE","ENTERED_BY","VARCHAR2","REVIEW_REQUIRED","created_by","ReviewRequired","Resolve legacy PP/user identifier to tbl_user.user_id.","Use IAS_ZTBL default if legacy value is null.","Review","Requires tbl_user migration and PPNO-to-user_id crosswalk.","Medium","No confident automatic target mapping."
"T_HD_SBP_OBS_RESPONSE","ENTERED_ON","DATE","REVIEW_REQUIRED","created_on","ReviewRequired","Direct copy after datatype coercion and audit-column normalization.","Use IAS_ZTBL default if legacy value is null.","Review","Requires parent table load order and surrogate key crosswalk.","Medium","No confident automatic target mapping."
"T_HD_SBP_OBS_RESPONSE","IS_ACTIVE","CHAR","REVIEW_REQUIRED","REVIEW_REQUIRED","ReviewRequired","Manual mapping required; no safe automatic target column was inferred.","Use IAS_ZTBL default if legacy value is null.","Review","Requires parent table load order and surrogate key crosswalk.","Low","No confident automatic target mapping."
"T_HD_SBP_OBS_RESPONSE","DELETED_BY","NUMBER","REVIEW_REQUIRED","REVIEW_REQUIRED","ReviewRequired","Manual mapping required; no safe automatic target column was inferred.","Use IAS_ZTBL default if legacy value is null.","Review","Requires parent table load order and surrogate key crosswalk.","Low","No confident automatic target mapping."
"T_HD_SBP_OBS_RESPONSE","DELETED_ON","DATE","REVIEW_REQUIRED","REVIEW_REQUIRED","ReviewRequired","Manual mapping required; no safe automatic target column was inferred.","Use IAS_ZTBL default if legacy value is null.","Review","Requires parent table load order and surrogate key crosswalk.","Low","No confident automatic target mapping."
"T_HD_SBP_OBS_TYPES","TYPE_ID","NUMBER","REVIEW_REQUIRED","entity_type_id","ReviewRequired","Direct copy after datatype coercion and audit-column normalization.","Use IAS_ZTBL default if legacy value is null.","Review","Requires status/lookup normalization register and lookup load order.","Medium","No confident automatic target mapping."
"T_HD_SBP_OBS_TYPES","TYPE_ID","NUMBER","REVIEW_REQUIRED","entity_type_id","ReviewRequired","Direct copy after datatype coercion and audit-column normalization.","Use IAS_ZTBL default if legacy value is null.","Review","Requires status/lookup normalization register and lookup load order.","Medium","No confident automatic target mapping."
"T_HD_SBP_OBS_TYPES","TYPE_CODE","VARCHAR2","REVIEW_REQUIRED","REVIEW_REQUIRED","ReviewRequired","Manual mapping required; no safe automatic target column was inferred.","Use IAS_ZTBL default if legacy value is null.","Review","Requires parent table load order and surrogate key crosswalk.","Low","No confident automatic target mapping."
"T_HD_SBP_OBS_TYPES","TYPE_NAME","VARCHAR2","REVIEW_REQUIRED","name","ReviewRequired","Direct copy after datatype coercion and audit-column normalization.","Use IAS_ZTBL default if legacy value is null.","Review","Requires parent table load order and surrogate key crosswalk.","Low","No confident automatic target mapping."
"T_HD_SBP_OBS_TYPES","ACTIVE_FLAG","CHAR","REVIEW_REQUIRED","is_active","ReviewRequired","Normalize active flag to Y/N.","Use IAS_ZTBL default if legacy value is null.","Review","Requires parent table load order and surrogate key crosswalk.","Medium","No confident automatic target mapping."
"T_HD_SBP_OBS_TYPES","ACTIVE_FLAG","CHAR","REVIEW_REQUIRED","is_active","ReviewRequired","Normalize active flag to Y/N.","Use IAS_ZTBL default if legacy value is null.","Review","Requires parent table load order and surrogate key crosswalk.","Medium","No confident automatic target mapping."
"T_HD_SBP_OBS_TYPES","SORT_ORDER","NUMBER","REVIEW_REQUIRED","REVIEW_REQUIRED","ReviewRequired","Manual mapping required; no safe automatic target column was inferred.","Use IAS_ZTBL default if legacy value is null.","Review","Requires parent table load order and surrogate key crosswalk.","Low","No confident automatic target mapping."
"T_HD_SBP_OBS_TYPES","CREATED_ON","DATE","REVIEW_REQUIRED","created_on","ReviewRequired","Direct copy after datatype coercion and audit-column normalization.","Use IAS_ZTBL default if legacy value is null.","Review","Requires parent table load order and surrogate key crosswalk.","Medium","No confident automatic target mapping."
"T_HD_SBP_OBS_TYPES","UPDATED_ON","DATE","REVIEW_REQUIRED","modified_on","ReviewRequired","Direct copy after datatype coercion and audit-column normalization.","Use IAS_ZTBL default if legacy value is null.","Review","Requires parent table load order and surrogate key crosswalk.","Medium","No confident automatic target mapping."
"T_HD_SBP_SECURE_ACCESS","ACCESS_ID","NUMBER","REVIEW_REQUIRED","REVIEW_REQUIRED","ReviewRequired","Manual mapping required; no safe automatic target column was inferred.","Use IAS_ZTBL default if legacy value is null.","Review","Requires parent table load order and surrogate key crosswalk.","Low","No confident automatic target mapping."
"T_HD_SBP_SECURE_ACCESS","ACCESS_ID","NUMBER","REVIEW_REQUIRED","REVIEW_REQUIRED","ReviewRequired","Manual mapping required; no safe automatic target column was inferred.","Use IAS_ZTBL default if legacy value is null.","Review","Requires parent table load order and surrogate key crosswalk.","Low","No confident automatic target mapping."
"T_HD_SBP_SECURE_ACCESS","ACCESS_KEY","VARCHAR2","REVIEW_REQUIRED","REVIEW_REQUIRED","ReviewRequired","Manual mapping required; no safe automatic target column was inferred.","Use IAS_ZTBL default if legacy value is null.","Review","Requires parent table load order and surrogate key crosswalk.","Low","No confident automatic target mapping."
"T_HD_SBP_SECURE_ACCESS","ACTIVE_FLAG","CHAR","REVIEW_REQUIRED","is_active","ReviewRequired","Normalize active flag to Y/N.","Use IAS_ZTBL default if legacy value is null.","Review","Requires parent table load order and surrogate key crosswalk.","Medium","No confident automatic target mapping."
"T_HD_SBP_SECURE_ACCESS","UPDATED_BY","VARCHAR2","REVIEW_REQUIRED","modified_by","ReviewRequired","Resolve legacy PP/user identifier to tbl_user.user_id.","Use IAS_ZTBL default if legacy value is null.","Review","Requires tbl_user migration and PPNO-to-user_id crosswalk.","Medium","No confident automatic target mapping."
"T_HD_SBP_SECURE_ACCESS","UPDATED_ON","DATE","REVIEW_REQUIRED","modified_on","ReviewRequired","Direct copy after datatype coercion and audit-column normalization.","Use IAS_ZTBL default if legacy value is null.","Review","Requires parent table load order and surrogate key crosswalk.","Medium","No confident automatic target mapping."
"T_HR_DESIGNATIONS","DESIGNATIONCODE","NUMBER","REVIEW_REQUIRED","REVIEW_REQUIRED","ReviewRequired","Manual mapping required; no safe automatic target column was inferred.","Use IAS_ZTBL default if legacy value is null.","Review","Requires parent table load order and surrogate key crosswalk.","Low","No confident automatic target mapping."
"T_HR_DESIGNATIONS","DESCRIPTION","VARCHAR2","REVIEW_REQUIRED","description","ReviewRequired","Direct copy after datatype coercion and audit-column normalization.","Use IAS_ZTBL default if legacy value is null.","Review","Requires parent table load order and surrogate key crosswalk.","Low","No confident automatic target mapping."
"T_HR_DESIGNATIONS","STATUSTYPE","CHAR","REVIEW_REQUIRED","REVIEW_REQUIRED","ReviewRequired","Manual mapping required; no safe automatic target column was inferred.","Use IAS_ZTBL default if legacy value is null.","Review","Requires parent table load order and surrogate key crosswalk.","Low","No confident automatic target mapping."
"T_HR_DESIGNATIONS","CATEGORYTYPE","CHAR","REVIEW_REQUIRED","REVIEW_REQUIRED","ReviewRequired","Manual mapping required; no safe automatic target column was inferred.","Use IAS_ZTBL default if legacy value is null.","Review","Requires parent table load order and surrogate key crosswalk.","Low","No confident automatic target mapping."
"T_IAS_VERSION_HISTORY","VERSION_ID","NUMBER","tbl_release_version_history","release_version_history_id","RequiredTable","Direct copy after datatype coercion and audit-column normalization.","Use IAS_ZTBL default if legacy value is null.","History","Requires parent table load order and surrogate key crosswalk.","Medium","Version-history catalog; current SQL needs explicit table."
"T_IAS_VERSION_HISTORY","VERSION_ID","NUMBER","tbl_release_version_history","release_version_history_id","RequiredTable","Direct copy after datatype coercion and audit-column normalization.","Use IAS_ZTBL default if legacy value is null.","History","Requires parent table load order and surrogate key crosswalk.","Medium","Version-history catalog; current SQL needs explicit table."
"T_IAS_VERSION_HISTORY","VERSION_NO","VARCHAR2","tbl_release_version_history","REVIEW_REQUIRED","RequiredTable","Manual mapping required; no safe automatic target column was inferred.","Use IAS_ZTBL default if legacy value is null.","History","Requires parent table load order and surrogate key crosswalk.","Low","Version-history catalog; current SQL needs explicit table."
"T_IAS_VERSION_HISTORY","RELEASE_DATE","DATE","tbl_release_version_history","REVIEW_REQUIRED","RequiredTable","Manual mapping required; no safe automatic target column was inferred.","Use IAS_ZTBL default if legacy value is null.","History","Requires parent table load order and surrogate key crosswalk.","Low","Version-history catalog; current SQL needs explicit table."
"T_IAS_VERSION_HISTORY","DESCRIPTION","VARCHAR2","tbl_release_version_history","description","RequiredTable","Direct copy after datatype coercion and audit-column normalization.","Use IAS_ZTBL default if legacy value is null.","History","Requires parent table load order and surrogate key crosswalk.","Low","Version-history catalog; current SQL needs explicit table."
"T_IAS_VERSION_HISTORY","RELEASED_BY","VARCHAR2","tbl_release_version_history","REVIEW_REQUIRED","RequiredTable","Manual mapping required; no safe automatic target column was inferred.","Use IAS_ZTBL default if legacy value is null.","History","Requires parent table load order and surrogate key crosswalk.","Low","Version-history catalog; current SQL needs explicit table."
"T_IAS_VERSION_HISTORY","CREATED_ON","DATE","tbl_release_version_history","created_on","RequiredTable","Direct copy after datatype coercion and audit-column normalization.","Use IAS_ZTBL default if legacy value is null.","History","Requires parent table load order and surrogate key crosswalk.","Medium","Version-history catalog; current SQL needs explicit table."
"T_IAS_VERSION_HISTORY","UPDATED_ON","DATE","tbl_release_version_history","modified_on","RequiredTable","Direct copy after datatype coercion and audit-column normalization.","Use IAS_ZTBL default if legacy value is null.","History","Requires parent table load order and surrogate key crosswalk.","Medium","Version-history catalog; current SQL needs explicit table."
"T_IAS_VERSION_HISTORY","IS_ACTIVE","CHAR","tbl_release_version_history","REVIEW_REQUIRED","RequiredTable","Manual mapping required; no safe automatic target column was inferred.","Use IAS_ZTBL default if legacy value is null.","History","Requires parent table load order and surrogate key crosswalk.","Low","Version-history catalog; current SQL needs explicit table."
"T_MANUAL_INDEX","INDEX_ID","NUMBER","tbl_reference_document_version","reference_document_version_id","ExistingTableExistingColumn","Direct copy after datatype coercion and audit-column normalization.","Use IAS_ZTBL default if legacy value is null.","CurrentState","Requires parent table load order and surrogate key crosswalk.","Medium","Manual index/detail content."
"T_MANUAL_INDEX","INDEX_ID","NUMBER","tbl_reference_document_version","reference_document_version_id","ExistingTableExistingColumn","Direct copy after datatype coercion and audit-column normalization.","Use IAS_ZTBL default if legacy value is null.","CurrentState","Requires parent table load order and surrogate key crosswalk.","Medium","Manual index/detail content."
"T_MANUAL_INDEX","MANUAL_ID","NUMBER","tbl_reference_document_version","reference_document_version_id","ExistingTableExistingColumn","Direct copy after datatype coercion and audit-column normalization.","Use IAS_ZTBL default if legacy value is null.","CurrentState","Requires parent table load order and surrogate key crosswalk.","Medium","Manual index/detail content."
"T_MANUAL_INDEX","MANUAL_ID","NUMBER","tbl_reference_document_version","reference_document_version_id","ExistingTableExistingColumn","Direct copy after datatype coercion and audit-column normalization.","Use IAS_ZTBL default if legacy value is null.","CurrentState","Requires parent table load order and surrogate key crosswalk.","Medium","Manual index/detail content."
"T_MANUAL_INDEX","SECTION","VARCHAR2","tbl_reference_document_version","REVIEW_REQUIRED","ExistingTableRequiredColumn","Manual mapping required; no safe automatic target column was inferred.","Use IAS_ZTBL default if legacy value is null.","CurrentState","Requires parent table load order and surrogate key crosswalk.","Low","Manual index/detail content."
"T_MANUAL_INDEX","CHAPTER_NO","VARCHAR2","tbl_reference_document_version","REVIEW_REQUIRED","ExistingTableRequiredColumn","Manual mapping required; no safe automatic target column was inferred.","Use IAS_ZTBL default if legacy value is null.","CurrentState","Requires parent table load order and surrogate key crosswalk.","Low","Manual index/detail content."
"T_MANUAL_INDEX","CHAPTER_TITLE","VARCHAR2","tbl_reference_document_version","heading_text","ExistingTableRequiredColumn","Load descriptive heading into normalized heading/title field.","Use IAS_ZTBL default if legacy value is null.","CurrentState","Requires parent table load order and surrogate key crosswalk.","Low","Manual index/detail content."
"T_MANUAL_INDEX","SUB_SECTION_NO","VARCHAR2","tbl_reference_document_version","REVIEW_REQUIRED","ExistingTableRequiredColumn","Manual mapping required; no safe automatic target column was inferred.","Use IAS_ZTBL default if legacy value is null.","CurrentState","Requires parent table load order and surrogate key crosswalk.","Low","Manual index/detail content."
"T_MANUAL_INDEX","HEADING","VARCHAR2","tbl_reference_document_version","heading_text","ExistingTableRequiredColumn","Load descriptive heading into normalized heading/title field.","Use IAS_ZTBL default if legacy value is null.","CurrentState","Requires parent table load order and surrogate key crosswalk.","Low","Manual index/detail content."
"T_MANUAL_INDEX","DISPLAY_ORDER","NUMBER","tbl_reference_document_version","REVIEW_REQUIRED","ExistingTableRequiredColumn","Manual mapping required; no safe automatic target column was inferred.","Use IAS_ZTBL default if legacy value is null.","CurrentState","Requires parent table load order and surrogate key crosswalk.","Low","Manual index/detail content."
"T_MANUAL_INDEX","PARENT_INDEX_ID","NUMBER","tbl_reference_document_version","reference_document_version_id","ExistingTableExistingColumn","Direct copy after datatype coercion and audit-column normalization.","Use IAS_ZTBL default if legacy value is null.","CurrentState","Requires parent table load order and surrogate key crosswalk.","Medium","Manual index/detail content."
"T_MANUAL_INDEX","PAGE_NO","NUMBER","tbl_reference_document_version","REVIEW_REQUIRED","ExistingTableRequiredColumn","Manual mapping required; no safe automatic target column was inferred.","Use IAS_ZTBL default if legacy value is null.","CurrentState","Requires parent table load order and surrogate key crosswalk.","Low","Manual index/detail content."
"T_MANUAL_INDEX","IS_ACTIVE","CHAR","tbl_reference_document_version","REVIEW_REQUIRED","ExistingTableRequiredColumn","Manual mapping required; no safe automatic target column was inferred.","Use IAS_ZTBL default if legacy value is null.","CurrentState","Requires parent table load order and surrogate key crosswalk.","Low","Manual index/detail content."
"T_MANUAL_INDEX","CREATED_BY","NUMBER","tbl_reference_document_version","created_by","ExistingTableExistingColumn","Resolve legacy PP/user identifier to tbl_user.user_id.","Use IAS_ZTBL default if legacy value is null.","CurrentState","Requires tbl_user migration and PPNO-to-user_id crosswalk.","Medium","Manual index/detail content."
"T_MANUAL_INDEX","CREATED_DATE","DATE","tbl_reference_document_version","REVIEW_REQUIRED","ExistingTableRequiredColumn","Manual mapping required; no safe automatic target column was inferred.","Use IAS_ZTBL default if legacy value is null.","CurrentState","Requires parent table load order and surrogate key crosswalk.","Low","Manual index/detail content."
"T_MANUAL_INDEX","UPDATED_BY","NUMBER","tbl_reference_document_version","modified_by","ExistingTableExistingColumn","Resolve legacy PP/user identifier to tbl_user.user_id.","Use IAS_ZTBL default if legacy value is null.","CurrentState","Requires tbl_user migration and PPNO-to-user_id crosswalk.","Medium","Manual index/detail content."
"T_MANUAL_INDEX","UPDATED_DATE","DATE","tbl_reference_document_version","REVIEW_REQUIRED","ExistingTableRequiredColumn","Manual mapping required; no safe automatic target column was inferred.","Use IAS_ZTBL default if legacy value is null.","CurrentState","Requires parent table load order and surrogate key crosswalk.","Low","Manual index/detail content."
"T_MANUAL_MASTER","MANUAL_ID","NUMBER","tbl_reference_document","reference_document_id","ExistingTableExistingColumn","Direct copy after datatype coercion and audit-column normalization.","Use IAS_ZTBL default if legacy value is null.","CurrentState","Requires parent table load order and surrogate key crosswalk.","Medium","Manual master."
"T_MANUAL_MASTER","MANUAL_ID","NUMBER","tbl_reference_document","reference_document_id","ExistingTableExistingColumn","Direct copy after datatype coercion and audit-column normalization.","Use IAS_ZTBL default if legacy value is null.","CurrentState","Requires parent table load order and surrogate key crosswalk.","Medium","Manual master."
"T_MANUAL_MASTER","MANUAL_NAME","VARCHAR2","tbl_reference_document","name","ExistingTableRequiredColumn","Direct copy after datatype coercion and audit-column normalization.","Use IAS_ZTBL default if legacy value is null.","CurrentState","Requires parent table load order and surrogate key crosswalk.","Low","Manual master."
"T_MANUAL_MASTER","VOLUME_NAME","VARCHAR2","tbl_reference_document","name","ExistingTableRequiredColumn","Direct copy after datatype coercion and audit-column normalization.","Use IAS_ZTBL default if legacy value is null.","CurrentState","Requires parent table load order and surrogate key crosswalk.","Low","Manual master."
"T_MANUAL_MASTER","DESCRIPTION","VARCHAR2","tbl_reference_document","description","ExistingTableRequiredColumn","Direct copy after datatype coercion and audit-column normalization.","Use IAS_ZTBL default if legacy value is null.","CurrentState","Requires parent table load order and surrogate key crosswalk.","Low","Manual master."
"T_MANUAL_MASTER","IS_ACTIVE","CHAR","tbl_reference_document","REVIEW_REQUIRED","ExistingTableRequiredColumn","Manual mapping required; no safe automatic target column was inferred.","Use IAS_ZTBL default if legacy value is null.","CurrentState","Requires parent table load order and surrogate key crosswalk.","Low","Manual master."
"T_MANUAL_MASTER","CREATED_BY","NUMBER","tbl_reference_document","created_by","ExistingTableExistingColumn","Resolve legacy PP/user identifier to tbl_user.user_id.","Use IAS_ZTBL default if legacy value is null.","CurrentState","Requires tbl_user migration and PPNO-to-user_id crosswalk.","Medium","Manual master."
"T_MANUAL_MASTER","CREATED_DATE","DATE","tbl_reference_document","REVIEW_REQUIRED","ExistingTableRequiredColumn","Manual mapping required; no safe automatic target column was inferred.","Use IAS_ZTBL default if legacy value is null.","CurrentState","Requires parent table load order and surrogate key crosswalk.","Low","Manual master."
"T_MANUAL_MASTER","UPDATED_BY","NUMBER","tbl_reference_document","modified_by","ExistingTableExistingColumn","Resolve legacy PP/user identifier to tbl_user.user_id.","Use IAS_ZTBL default if legacy value is null.","CurrentState","Requires tbl_user migration and PPNO-to-user_id crosswalk.","Medium","Manual master."
"T_MANUAL_MASTER","UPDATED_DATE","DATE","tbl_reference_document","REVIEW_REQUIRED","ExistingTableRequiredColumn","Manual mapping required; no safe automatic target column was inferred.","Use IAS_ZTBL default if legacy value is null.","CurrentState","Requires parent table load order and surrogate key crosswalk.","Low","Manual master."
"T_MENU","MENU_ID","NUMBER","tbl_application_page","application_page_id","ExistingTableExistingColumn","Direct copy after datatype coercion and audit-column normalization.","Use IAS_ZTBL default if legacy value is null.","CurrentState","Requires parent table load order and surrogate key crosswalk.","Medium","Legacy menu catalog."
"T_MENU","MENU_ID","NUMBER","tbl_application_page","application_page_id","ExistingTableExistingColumn","Direct copy after datatype coercion and audit-column normalization.","Use IAS_ZTBL default if legacy value is null.","CurrentState","Requires parent table load order and surrogate key crosswalk.","Medium","Legacy menu catalog."
"T_MENU","SUB_MENU","NUMBER","tbl_application_page","REVIEW_REQUIRED","ExistingTableRequiredColumn","Manual mapping required; no safe automatic target column was inferred.","Use IAS_ZTBL default if legacy value is null.","CurrentState","Requires parent table load order and surrogate key crosswalk.","Low","Legacy menu catalog."
"T_MENU","MENU_NAME","VARCHAR2","tbl_application_page","name","ExistingTableRequiredColumn","Direct copy after datatype coercion and audit-column normalization.","Use IAS_ZTBL default if legacy value is null.","CurrentState","Requires parent table load order and surrogate key crosswalk.","Low","Legacy menu catalog."
"T_MENU","MENU_ORDER","NUMBER","tbl_application_page","REVIEW_REQUIRED","ExistingTableRequiredColumn","Manual mapping required; no safe automatic target column was inferred.","Use IAS_ZTBL default if legacy value is null.","CurrentState","Requires parent table load order and surrogate key crosswalk.","Low","Legacy menu catalog."
"T_MENU","MENU_DESCRIPTION","VARCHAR2","tbl_application_page","description","ExistingTableRequiredColumn","Direct copy after datatype coercion and audit-column normalization.","Use IAS_ZTBL default if legacy value is null.","CurrentState","Requires parent table load order and surrogate key crosswalk.","Low","Legacy menu catalog."
"T_MENU","MENU_IMAGE_PATH","VARCHAR2","tbl_application_page","REVIEW_REQUIRED","ExistingTableRequiredColumn","Manual mapping required; no safe automatic target column was inferred.","Use IAS_ZTBL default if legacy value is null.","CurrentState","Requires parent table load order and surrogate key crosswalk.","Low","Legacy menu catalog."
"T_MENU","ISACTIVE","VARCHAR2","tbl_application_page","is_active","ExistingTableExistingColumn","Normalize active flag to Y/N.","Use IAS_ZTBL default if legacy value is null.","CurrentState","Requires parent table load order and surrogate key crosswalk.","Medium","Legacy menu catalog."
"T_MENU_PAGES","ID","NUMBER","tbl_application_page","application_page_id","ExistingTableExistingColumn","Direct copy after datatype coercion and audit-column normalization.","Use IAS_ZTBL default if legacy value is null.","CurrentState","Requires parent table load order and surrogate key crosswalk.","Medium","Legacy page catalog."
"T_MENU_PAGES","MENU_ID","NUMBER","tbl_application_page","application_page_id","ExistingTableExistingColumn","Direct copy after datatype coercion and audit-column normalization.","Use IAS_ZTBL default if legacy value is null.","CurrentState","Requires parent table load order and surrogate key crosswalk.","Medium","Legacy page catalog."
"T_MENU_PAGES","PAGE_NAME","VARCHAR2","tbl_application_page","name","ExistingTableRequiredColumn","Direct copy after datatype coercion and audit-column normalization.","Use IAS_ZTBL default if legacy value is null.","CurrentState","Requires parent table load order and surrogate key crosswalk.","Low","Legacy page catalog."
"T_MENU_PAGES","PAGE_PATH","VARCHAR2","tbl_application_page","REVIEW_REQUIRED","ExistingTableRequiredColumn","Manual mapping required; no safe automatic target column was inferred.","Use IAS_ZTBL default if legacy value is null.","CurrentState","Requires parent table load order and surrogate key crosswalk.","Low","Legacy page catalog."
"T_MENU_PAGES","PAGE_ORDER","NUMBER","tbl_application_page","REVIEW_REQUIRED","ExistingTableRequiredColumn","Manual mapping required; no safe automatic target column was inferred.","Use IAS_ZTBL default if legacy value is null.","CurrentState","Requires parent table load order and surrogate key crosswalk.","Low","Legacy page catalog."
"T_MENU_PAGES","STATUS","VARCHAR2","tbl_application_page","REVIEW_REQUIRED","ExistingTableRequiredColumn","Manual mapping required; no safe automatic target column was inferred.","Use IAS_ZTBL default if legacy value is null.","CurrentState","Requires parent table load order and surrogate key crosswalk.","Low","Legacy page catalog."
"T_MENU_PAGES","HIDE_MENU","NUMBER","tbl_application_page","REVIEW_REQUIRED","ExistingTableRequiredColumn","Manual mapping required; no safe automatic target column was inferred.","Use IAS_ZTBL default if legacy value is null.","CurrentState","Requires parent table load order and surrogate key crosswalk.","Low","Legacy page catalog."
"T_MENU_PAGES","SUB_MENU","NUMBER","tbl_application_page","REVIEW_REQUIRED","ExistingTableRequiredColumn","Manual mapping required; no safe automatic target column was inferred.","Use IAS_ZTBL default if legacy value is null.","CurrentState","Requires parent table load order and surrogate key crosswalk.","Low","Legacy page catalog."
"T_MENU_PAGES","PAGE_KEY","VARCHAR2","tbl_application_page","REVIEW_REQUIRED","ExistingTableRequiredColumn","Manual mapping required; no safe automatic target column was inferred.","Use IAS_ZTBL default if legacy value is null.","CurrentState","Requires parent table load order and surrogate key crosswalk.","Low","Legacy page catalog."
"T_MENU_PAGES","PAGE_URL","VARCHAR2","tbl_application_page","REVIEW_REQUIRED","ExistingTableRequiredColumn","Manual mapping required; no safe automatic target column was inferred.","Use IAS_ZTBL default if legacy value is null.","CurrentState","Requires parent table load order and surrogate key crosswalk.","Low","Legacy page catalog."
"T_MENU_PAGES_GROUPMAP","GROUPMAP_ID","NUMBER","REVIEW_REQUIRED","REVIEW_REQUIRED","ReviewRequired","Manual mapping required; no safe automatic target column was inferred.","Use IAS_ZTBL default if legacy value is null.","Review","Requires parent table load order and surrogate key crosswalk.","Low","No confident automatic target mapping."
"T_MENU_PAGES_GROUPMAP","GROUP_ID","NUMBER","REVIEW_REQUIRED","REVIEW_REQUIRED","ReviewRequired","Manual mapping required; no safe automatic target column was inferred.","Use IAS_ZTBL default if legacy value is null.","Review","Requires parent table load order and surrogate key crosswalk.","Low","No confident automatic target mapping."
"T_MENU_PAGES_GROUPMAP","PAGE_ID","NUMBER","REVIEW_REQUIRED","REVIEW_REQUIRED","ReviewRequired","Manual mapping required; no safe automatic target column was inferred.","Use IAS_ZTBL default if legacy value is null.","Review","Requires parent table load order and surrogate key crosswalk.","Low","No confident automatic target mapping."
"T_MENU_SUB","SUB_MENU_ID","NUMBER","REVIEW_REQUIRED","REVIEW_REQUIRED","ReviewRequired","Manual mapping required; no safe automatic target column was inferred.","Use IAS_ZTBL default if legacy value is null.","Review","Requires parent table load order and surrogate key crosswalk.","Low","No confident automatic target mapping."
"T_MENU_SUB","MENU_ID","NUMBER","REVIEW_REQUIRED","REVIEW_REQUIRED","ReviewRequired","Manual mapping required; no safe automatic target column was inferred.","Use IAS_ZTBL default if legacy value is null.","Review","Requires parent table load order and surrogate key crosswalk.","Low","No confident automatic target mapping."
"T_MENU_SUB","SUB_MENU_NAME","VARCHAR2","REVIEW_REQUIRED","name","ReviewRequired","Direct copy after datatype coercion and audit-column normalization.","Use IAS_ZTBL default if legacy value is null.","Review","Requires parent table load order and surrogate key crosswalk.","Low","No confident automatic target mapping."
"T_MENU_SUB","SUB_MENU_ORDER","NUMBER","REVIEW_REQUIRED","REVIEW_REQUIRED","ReviewRequired","Manual mapping required; no safe automatic target column was inferred.","Use IAS_ZTBL default if legacy value is null.","Review","Requires parent table load order and surrogate key crosswalk.","Low","No confident automatic target mapping."
"T_MENU_SUB","DESCRIPTION","VARCHAR2","REVIEW_REQUIRED","description","ReviewRequired","Direct copy after datatype coercion and audit-column normalization.","Use IAS_ZTBL default if legacy value is null.","Review","Requires parent table load order and surrogate key crosswalk.","Low","No confident automatic target mapping."
"T_MENU_SUB","STATUS","VARCHAR2","REVIEW_REQUIRED","REVIEW_REQUIRED","ReviewRequired","Manual mapping required; no safe automatic target column was inferred.","Use IAS_ZTBL default if legacy value is null.","Review","Requires parent table load order and surrogate key crosswalk.","Low","No confident automatic target mapping."
"T_RISK","R_ID","NUMBER","tbl_lookup_value","lookup_value_id","ExistingTableExistingColumn","Direct copy after datatype coercion and audit-column normalization.","Use IAS_ZTBL default if legacy value is null.","CurrentState","Requires status/lookup normalization register and lookup load order.","Medium","Risk master normalized as lookup values."
"T_RISK","DESCRIPTION","VARCHAR2","tbl_lookup_value","description","ExistingTableExistingColumn","Direct copy after datatype coercion and audit-column normalization.","Use IAS_ZTBL default if legacy value is null.","CurrentState","Requires parent table load order and surrogate key crosswalk.","Low","Risk master normalized as lookup values."
"T_RISK","RATING","NUMBER","tbl_lookup_value","REVIEW_REQUIRED","ExistingTableRequiredColumn","Manual mapping required; no safe automatic target column was inferred.","Use IAS_ZTBL default if legacy value is null.","CurrentState","Requires parent table load order and surrogate key crosswalk.","Low","Risk master normalized as lookup values."
"T_RISK_BRANCH_WISE","AUDIT_PERIOD","NUMBER","REVIEW_REQUIRED","REVIEW_REQUIRED","ReviewRequired","Manual mapping required; no safe automatic target column was inferred.","Use IAS_ZTBL default if legacy value is null.","Review","Requires parent table load order and surrogate key crosswalk.","Low","No confident automatic target mapping."
"T_RISK_BRANCH_WISE","ENITITY_CODE","NUMBER","REVIEW_REQUIRED","REVIEW_REQUIRED","ReviewRequired","Manual mapping required; no safe automatic target column was inferred.","Use IAS_ZTBL default if legacy value is null.","Review","Requires parent table load order and surrogate key crosswalk.","Low","No confident automatic target mapping."
"T_RISK_BRANCH_WISE","GR_ID","NUMBER","REVIEW_REQUIRED","REVIEW_REQUIRED","ReviewRequired","Manual mapping required; no safe automatic target column was inferred.","Use IAS_ZTBL default if legacy value is null.","Review","Requires parent table load order and surrogate key crosswalk.","Low","No confident automatic target mapping."
"T_RISK_BRANCH_WISE","S_GR_ID","NUMBER","REVIEW_REQUIRED","REVIEW_REQUIRED","ReviewRequired","Manual mapping required; no safe automatic target column was inferred.","Use IAS_ZTBL default if legacy value is null.","Review","Requires parent table load order and surrogate key crosswalk.","Low","No confident automatic target mapping."
"T_RISK_BRANCH_WISE","MAX_NUMBER","NUMBER","REVIEW_REQUIRED","REVIEW_REQUIRED","ReviewRequired","Manual mapping required; no safe automatic target column was inferred.","Use IAS_ZTBL default if legacy value is null.","Review","Requires parent table load order and surrogate key crosswalk.","Low","No confident automatic target mapping."
"T_RISK_BRANCH_WISE","WEIGHTAGE_AVERAGE","NUMBER","REVIEW_REQUIRED","REVIEW_REQUIRED","ReviewRequired","Manual mapping required; no safe automatic target column was inferred.","Use IAS_ZTBL default if legacy value is null.","Review","Requires parent table load order and surrogate key crosswalk.","Low","No confident automatic target mapping."
"T_RISK_BRANCH_WISE","GRAVITY_RISK","NUMBER","REVIEW_REQUIRED","REVIEW_REQUIRED","ReviewRequired","Manual mapping required; no safe automatic target column was inferred.","Use IAS_ZTBL default if legacy value is null.","Review","Requires parent table load order and surrogate key crosswalk.","Low","No confident automatic target mapping."
"T_RISK_BRANCH_WISE","NUMBER_OF_OBSERVATIONS","NUMBER","REVIEW_REQUIRED","REVIEW_REQUIRED","ReviewRequired","Manual mapping required; no safe automatic target column was inferred.","Use IAS_ZTBL default if legacy value is null.","Review","Requires parent table load order and surrogate key crosswalk.","Low","No confident automatic target mapping."
"T_RISK_BRANCH_WISE","RISK_BASED_MARKS","NUMBER","REVIEW_REQUIRED","REVIEW_REQUIRED","ReviewRequired","Manual mapping required; no safe automatic target column was inferred.","Use IAS_ZTBL default if legacy value is null.","Review","Requires parent table load order and surrogate key crosswalk.","Low","No confident automatic target mapping."
"T_RISK_BRANCH_WISE","WEIGHTED_AVERAGE_MARKS","NUMBER","REVIEW_REQUIRED","REVIEW_REQUIRED","ReviewRequired","Manual mapping required; no safe automatic target column was inferred.","Use IAS_ZTBL default if legacy value is null.","Review","Requires parent table load order and surrogate key crosswalk.","Low","No confident automatic target mapping."
"T_RISK_BRANCH_WISE","ENTITY_ID","NUMBER","REVIEW_REQUIRED","entity_id","ReviewRequired","Direct copy after datatype coercion and audit-column normalization.","Use IAS_ZTBL default if legacy value is null.","Review","Requires tbl_entity migration and entity-code crosswalk.","Medium","No confident automatic target mapping."
"T_RISK_BRANCH_WISE","ENG_ID","NUMBER","REVIEW_REQUIRED","REVIEW_REQUIRED","ReviewRequired","Manual mapping required; no safe automatic target column was inferred.","Use IAS_ZTBL default if legacy value is null.","Review","Requires parent table load order and surrogate key crosswalk.","Low","No confident automatic target mapping."
"T_RISK_BRANCH_WISE","FINAL_MARKS","NUMBER","REVIEW_REQUIRED","REVIEW_REQUIRED","ReviewRequired","Manual mapping required; no safe automatic target column was inferred.","Use IAS_ZTBL default if legacy value is null.","Review","Requires parent table load order and surrogate key crosswalk.","Low","No confident automatic target mapping."
"T_RISK_BRANCH_WISE","CIA_MARKS","NUMBER","REVIEW_REQUIRED","REVIEW_REQUIRED","ReviewRequired","Manual mapping required; no safe automatic target column was inferred.","Use IAS_ZTBL default if legacy value is null.","Review","Requires parent table load order and surrogate key crosswalk.","Low","No confident automatic target mapping."
"T_RISK_FAD_ANNEXURE","ANNEXURE_ID","NUMBER","REVIEW_REQUIRED","REVIEW_REQUIRED","ReviewRequired","Manual mapping required; no safe automatic target column was inferred.","Use IAS_ZTBL default if legacy value is null.","Review","Requires parent table load order and surrogate key crosswalk.","Low","No confident automatic target mapping."
"T_RISK_FAD_ANNEXURE","ANNEXURE_CODE","VARCHAR2","REVIEW_REQUIRED","REVIEW_REQUIRED","ReviewRequired","Manual mapping required; no safe automatic target column was inferred.","Use IAS_ZTBL default if legacy value is null.","Review","Requires parent table load order and surrogate key crosswalk.","Low","No confident automatic target mapping."
"T_RISK_FAD_ANNEXURE","ANNEXURE_CODE","VARCHAR2","REVIEW_REQUIRED","REVIEW_REQUIRED","ReviewRequired","Manual mapping required; no safe automatic target column was inferred.","Use IAS_ZTBL default if legacy value is null.","Review","Requires parent table load order and surrogate key crosswalk.","Low","No confident automatic target mapping."
"T_RISK_FAD_ANNEXURE","ANNEXURE_NAME","VARCHAR2","REVIEW_REQUIRED","name","ReviewRequired","Direct copy after datatype coercion and audit-column normalization.","Use IAS_ZTBL default if legacy value is null.","Review","Requires parent table load order and surrogate key crosswalk.","Low","No confident automatic target mapping."
"T_RISK_FAD_ANNEXURE","IS_ACTIVE","CHAR","REVIEW_REQUIRED","REVIEW_REQUIRED","ReviewRequired","Manual mapping required; no safe automatic target column was inferred.","Use IAS_ZTBL default if legacy value is null.","Review","Requires parent table load order and surrogate key crosswalk.","Low","No confident automatic target mapping."
"T_RISK_FAD_ANNEXURE","CREATED_ON","DATE","REVIEW_REQUIRED","created_on","ReviewRequired","Direct copy after datatype coercion and audit-column normalization.","Use IAS_ZTBL default if legacy value is null.","Review","Requires parent table load order and surrogate key crosswalk.","Medium","No confident automatic target mapping."
"T_RISK_FAD_GRAVITY","GRAVITY_ID","NUMBER","REVIEW_REQUIRED","REVIEW_REQUIRED","ReviewRequired","Manual mapping required; no safe automatic target column was inferred.","Use IAS_ZTBL default if legacy value is null.","Review","Requires parent table load order and surrogate key crosswalk.","Low","No confident automatic target mapping."
"T_RISK_FAD_GRAVITY","GRAVITY_NAME","VARCHAR2","REVIEW_REQUIRED","name","ReviewRequired","Direct copy after datatype coercion and audit-column normalization.","Use IAS_ZTBL default if legacy value is null.","Review","Requires parent table load order and surrogate key crosswalk.","Low","No confident automatic target mapping."
"T_RISK_FAD_GRAVITY","GRAVITY_NAME","VARCHAR2","REVIEW_REQUIRED","name","ReviewRequired","Direct copy after datatype coercion and audit-column normalization.","Use IAS_ZTBL default if legacy value is null.","Review","Requires parent table load order and surrogate key crosswalk.","Low","No confident automatic target mapping."
"T_RISK_FAD_GRAVITY","GRAVITY_SCORE","NUMBER","REVIEW_REQUIRED","REVIEW_REQUIRED","ReviewRequired","Manual mapping required; no safe automatic target column was inferred.","Use IAS_ZTBL default if legacy value is null.","Review","Requires parent table load order and surrogate key crosswalk.","Low","No confident automatic target mapping."
"T_RISK_FAD_KPI_MAIN","KPI_MAIN_ID","NUMBER","REVIEW_REQUIRED","REVIEW_REQUIRED","ReviewRequired","Manual mapping required; no safe automatic target column was inferred.","Use IAS_ZTBL default if legacy value is null.","Review","Requires parent table load order and surrogate key crosswalk.","Low","No confident automatic target mapping."
"T_RISK_FAD_KPI_MAIN","KPI_CODE","VARCHAR2","REVIEW_REQUIRED","REVIEW_REQUIRED","ReviewRequired","Manual mapping required; no safe automatic target column was inferred.","Use IAS_ZTBL default if legacy value is null.","Review","Requires parent table load order and surrogate key crosswalk.","Low","No confident automatic target mapping."
"T_RISK_FAD_KPI_MAIN","KPI_CODE","VARCHAR2","REVIEW_REQUIRED","REVIEW_REQUIRED","ReviewRequired","Manual mapping required; no safe automatic target column was inferred.","Use IAS_ZTBL default if legacy value is null.","Review","Requires parent table load order and surrogate key crosswalk.","Low","No confident automatic target mapping."
"T_RISK_FAD_KPI_MAIN","KPI_NAME","VARCHAR2","REVIEW_REQUIRED","name","ReviewRequired","Direct copy after datatype coercion and audit-column normalization.","Use IAS_ZTBL default if legacy value is null.","Review","Requires parent table load order and surrogate key crosswalk.","Low","No confident automatic target mapping."
"T_RISK_FAD_KPI_MAIN","DISPLAY_ORDER","NUMBER","REVIEW_REQUIRED","REVIEW_REQUIRED","ReviewRequired","Manual mapping required; no safe automatic target column was inferred.","Use IAS_ZTBL default if legacy value is null.","Review","Requires parent table load order and surrogate key crosswalk.","Low","No confident automatic target mapping."
"T_RISK_FAD_KPI_MAIN","IS_ACTIVE","CHAR","REVIEW_REQUIRED","REVIEW_REQUIRED","ReviewRequired","Manual mapping required; no safe automatic target column was inferred.","Use IAS_ZTBL default if legacy value is null.","Review","Requires parent table load order and surrogate key crosswalk.","Low","No confident automatic target mapping."
"T_RISK_FAD_KPI_MAIN","CREATED_ON","DATE","REVIEW_REQUIRED","created_on","ReviewRequired","Direct copy after datatype coercion and audit-column normalization.","Use IAS_ZTBL default if legacy value is null.","Review","Requires parent table load order and surrogate key crosswalk.","Medium","No confident automatic target mapping."
"T_RISK_FAD_KPI_SUB","KPI_SUB_ID","NUMBER","REVIEW_REQUIRED","REVIEW_REQUIRED","ReviewRequired","Manual mapping required; no safe automatic target column was inferred.","Use IAS_ZTBL default if legacy value is null.","Review","Requires parent table load order and surrogate key crosswalk.","Low","No confident automatic target mapping."
"T_RISK_FAD_KPI_SUB","KPI_MAIN_ID","NUMBER","REVIEW_REQUIRED","REVIEW_REQUIRED","ReviewRequired","Manual mapping required; no safe automatic target column was inferred.","Use IAS_ZTBL default if legacy value is null.","Review","Requires parent table load order and surrogate key crosswalk.","Low","No confident automatic target mapping."
"T_RISK_FAD_KPI_SUB","KPI_MAIN_ID","NUMBER","REVIEW_REQUIRED","REVIEW_REQUIRED","ReviewRequired","Manual mapping required; no safe automatic target column was inferred.","Use IAS_ZTBL default if legacy value is null.","Review","Requires parent table load order and surrogate key crosswalk.","Low","No confident automatic target mapping."
"T_RISK_FAD_KPI_SUB","KPI_SUB_CODE","VARCHAR2","REVIEW_REQUIRED","REVIEW_REQUIRED","ReviewRequired","Manual mapping required; no safe automatic target column was inferred.","Use IAS_ZTBL default if legacy value is null.","Review","Requires parent table load order and surrogate key crosswalk.","Low","No confident automatic target mapping."
"T_RISK_FAD_KPI_SUB","KPI_SUB_CODE","VARCHAR2","REVIEW_REQUIRED","REVIEW_REQUIRED","ReviewRequired","Manual mapping required; no safe automatic target column was inferred.","Use IAS_ZTBL default if legacy value is null.","Review","Requires parent table load order and surrogate key crosswalk.","Low","No confident automatic target mapping."
"T_RISK_FAD_KPI_SUB","KPI_SUB_NAME","VARCHAR2","REVIEW_REQUIRED","name","ReviewRequired","Direct copy after datatype coercion and audit-column normalization.","Use IAS_ZTBL default if legacy value is null.","Review","Requires parent table load order and surrogate key crosswalk.","Low","No confident automatic target mapping."
"T_RISK_FAD_KPI_SUB","WEIGHTAGE","NUMBER","REVIEW_REQUIRED","REVIEW_REQUIRED","ReviewRequired","Manual mapping required; no safe automatic target column was inferred.","Use IAS_ZTBL default if legacy value is null.","Review","Requires parent table load order and surrogate key crosswalk.","Low","No confident automatic target mapping."
"T_RISK_FAD_KPI_SUB","DISPLAY_ORDER","NUMBER","REVIEW_REQUIRED","REVIEW_REQUIRED","ReviewRequired","Manual mapping required; no safe automatic target column was inferred.","Use IAS_ZTBL default if legacy value is null.","Review","Requires parent table load order and surrogate key crosswalk.","Low","No confident automatic target mapping."
"T_RISK_FAD_KPI_SUB","IS_ACTIVE","CHAR","REVIEW_REQUIRED","REVIEW_REQUIRED","ReviewRequired","Manual mapping required; no safe automatic target column was inferred.","Use IAS_ZTBL default if legacy value is null.","Review","Requires parent table load order and surrogate key crosswalk.","Low","No confident automatic target mapping."
"T_RISK_FAD_KPI_SUB","CREATED_ON","DATE","REVIEW_REQUIRED","created_on","ReviewRequired","Direct copy after datatype coercion and audit-column normalization.","Use IAS_ZTBL default if legacy value is null.","Review","Requires parent table load order and surrogate key crosswalk.","Medium","No confident automatic target mapping."
"T_RISK_FAD_PROCESS","PROCESS_ID","NUMBER","REVIEW_REQUIRED","REVIEW_REQUIRED","ReviewRequired","Manual mapping required; no safe automatic target column was inferred.","Use IAS_ZTBL default if legacy value is null.","Review","Requires parent table load order and surrogate key crosswalk.","Low","No confident automatic target mapping."
"T_RISK_FAD_PROCESS","KPI_SUB_ID","NUMBER","REVIEW_REQUIRED","REVIEW_REQUIRED","ReviewRequired","Manual mapping required; no safe automatic target column was inferred.","Use IAS_ZTBL default if legacy value is null.","Review","Requires parent table load order and surrogate key crosswalk.","Low","No confident automatic target mapping."
"T_RISK_FAD_PROCESS","KPI_SUB_ID","NUMBER","REVIEW_REQUIRED","REVIEW_REQUIRED","ReviewRequired","Manual mapping required; no safe automatic target column was inferred.","Use IAS_ZTBL default if legacy value is null.","Review","Requires parent table load order and surrogate key crosswalk.","Low","No confident automatic target mapping."
"T_RISK_FAD_PROCESS","PROCESS_CODE","VARCHAR2","REVIEW_REQUIRED","REVIEW_REQUIRED","ReviewRequired","Manual mapping required; no safe automatic target column was inferred.","Use IAS_ZTBL default if legacy value is null.","Review","Requires parent table load order and surrogate key crosswalk.","Low","No confident automatic target mapping."
"T_RISK_FAD_PROCESS","PROCESS_CODE","VARCHAR2","REVIEW_REQUIRED","REVIEW_REQUIRED","ReviewRequired","Manual mapping required; no safe automatic target column was inferred.","Use IAS_ZTBL default if legacy value is null.","Review","Requires parent table load order and surrogate key crosswalk.","Low","No confident automatic target mapping."
"T_RISK_FAD_PROCESS","PROCESS_NAME","VARCHAR2","REVIEW_REQUIRED","name","ReviewRequired","Direct copy after datatype coercion and audit-column normalization.","Use IAS_ZTBL default if legacy value is null.","Review","Requires parent table load order and surrogate key crosswalk.","Low","No confident automatic target mapping."
"T_RISK_FAD_PROCESS","WEIGHTAGE","NUMBER","REVIEW_REQUIRED","REVIEW_REQUIRED","ReviewRequired","Manual mapping required; no safe automatic target column was inferred.","Use IAS_ZTBL default if legacy value is null.","Review","Requires parent table load order and surrogate key crosswalk.","Low","No confident automatic target mapping."
"T_RISK_FAD_PROCESS","DISPLAY_ORDER","NUMBER","REVIEW_REQUIRED","REVIEW_REQUIRED","ReviewRequired","Manual mapping required; no safe automatic target column was inferred.","Use IAS_ZTBL default if legacy value is null.","Review","Requires parent table load order and surrogate key crosswalk.","Low","No confident automatic target mapping."
"T_RISK_FAD_PROCESS","IS_ACTIVE","CHAR","REVIEW_REQUIRED","REVIEW_REQUIRED","ReviewRequired","Manual mapping required; no safe automatic target column was inferred.","Use IAS_ZTBL default if legacy value is null.","Review","Requires parent table load order and surrogate key crosswalk.","Low","No confident automatic target mapping."
"T_RISK_FAD_PROCESS","CREATED_ON","DATE","REVIEW_REQUIRED","created_on","ReviewRequired","Direct copy after datatype coercion and audit-column normalization.","Use IAS_ZTBL default if legacy value is null.","Review","Requires parent table load order and surrogate key crosswalk.","Medium","No confident automatic target mapping."
"T_RISK_FAD_SUBPROC_ANNEX","MAP_ID","NUMBER","REVIEW_REQUIRED","REVIEW_REQUIRED","ReviewRequired","Manual mapping required; no safe automatic target column was inferred.","Use IAS_ZTBL default if legacy value is null.","Review","Requires parent table load order and surrogate key crosswalk.","Low","No confident automatic target mapping."
"T_RISK_FAD_SUBPROC_ANNEX","SUB_PROCESS_ID","NUMBER","REVIEW_REQUIRED","REVIEW_REQUIRED","ReviewRequired","Manual mapping required; no safe automatic target column was inferred.","Use IAS_ZTBL default if legacy value is null.","Review","Requires parent table load order and surrogate key crosswalk.","Low","No confident automatic target mapping."
"T_RISK_FAD_SUBPROC_ANNEX","SUB_PROCESS_ID","NUMBER","REVIEW_REQUIRED","REVIEW_REQUIRED","ReviewRequired","Manual mapping required; no safe automatic target column was inferred.","Use IAS_ZTBL default if legacy value is null.","Review","Requires parent table load order and surrogate key crosswalk.","Low","No confident automatic target mapping."
"T_RISK_FAD_SUBPROC_ANNEX","SUB_PROCESS_ID","NUMBER","REVIEW_REQUIRED","REVIEW_REQUIRED","ReviewRequired","Manual mapping required; no safe automatic target column was inferred.","Use IAS_ZTBL default if legacy value is null.","Review","Requires parent table load order and surrogate key crosswalk.","Low","No confident automatic target mapping."
"T_RISK_FAD_SUBPROC_ANNEX","ANNEXURE_ID","NUMBER","REVIEW_REQUIRED","REVIEW_REQUIRED","ReviewRequired","Manual mapping required; no safe automatic target column was inferred.","Use IAS_ZTBL default if legacy value is null.","Review","Requires parent table load order and surrogate key crosswalk.","Low","No confident automatic target mapping."
"T_RISK_FAD_SUBPROC_ANNEX","ANNEXURE_ID","NUMBER","REVIEW_REQUIRED","REVIEW_REQUIRED","ReviewRequired","Manual mapping required; no safe automatic target column was inferred.","Use IAS_ZTBL default if legacy value is null.","Review","Requires parent table load order and surrogate key crosswalk.","Low","No confident automatic target mapping."
"T_RISK_FAD_SUBPROC_ANNEX","ANNEXURE_ID","NUMBER","REVIEW_REQUIRED","REVIEW_REQUIRED","ReviewRequired","Manual mapping required; no safe automatic target column was inferred.","Use IAS_ZTBL default if legacy value is null.","Review","Requires parent table load order and surrogate key crosswalk.","Low","No confident automatic target mapping."
"T_RISK_FAD_SUBPROC_ANNEX","IS_ACTIVE","CHAR","REVIEW_REQUIRED","REVIEW_REQUIRED","ReviewRequired","Manual mapping required; no safe automatic target column was inferred.","Use IAS_ZTBL default if legacy value is null.","Review","Requires parent table load order and surrogate key crosswalk.","Low","No confident automatic target mapping."
"T_RISK_FAD_SUB_PROCESS","SUB_PROCESS_ID","NUMBER","REVIEW_REQUIRED","REVIEW_REQUIRED","ReviewRequired","Manual mapping required; no safe automatic target column was inferred.","Use IAS_ZTBL default if legacy value is null.","Review","Requires parent table load order and surrogate key crosswalk.","Low","No confident automatic target mapping."
"T_RISK_FAD_SUB_PROCESS","PROCESS_ID","NUMBER","REVIEW_REQUIRED","REVIEW_REQUIRED","ReviewRequired","Manual mapping required; no safe automatic target column was inferred.","Use IAS_ZTBL default if legacy value is null.","Review","Requires parent table load order and surrogate key crosswalk.","Low","No confident automatic target mapping."
"T_RISK_FAD_SUB_PROCESS","PROCESS_ID","NUMBER","REVIEW_REQUIRED","REVIEW_REQUIRED","ReviewRequired","Manual mapping required; no safe automatic target column was inferred.","Use IAS_ZTBL default if legacy value is null.","Review","Requires parent table load order and surrogate key crosswalk.","Low","No confident automatic target mapping."
"T_RISK_FAD_SUB_PROCESS","SUB_PROCESS_CODE","VARCHAR2","REVIEW_REQUIRED","REVIEW_REQUIRED","ReviewRequired","Manual mapping required; no safe automatic target column was inferred.","Use IAS_ZTBL default if legacy value is null.","Review","Requires parent table load order and surrogate key crosswalk.","Low","No confident automatic target mapping."
"T_RISK_FAD_SUB_PROCESS","SUB_PROCESS_CODE","VARCHAR2","REVIEW_REQUIRED","REVIEW_REQUIRED","ReviewRequired","Manual mapping required; no safe automatic target column was inferred.","Use IAS_ZTBL default if legacy value is null.","Review","Requires parent table load order and surrogate key crosswalk.","Low","No confident automatic target mapping."
"T_RISK_FAD_SUB_PROCESS","SUB_PROCESS_NAME","VARCHAR2","REVIEW_REQUIRED","name","ReviewRequired","Direct copy after datatype coercion and audit-column normalization.","Use IAS_ZTBL default if legacy value is null.","Review","Requires parent table load order and surrogate key crosswalk.","Low","No confident automatic target mapping."
"T_RISK_FAD_SUB_PROCESS","GRAVITY_ID","NUMBER","REVIEW_REQUIRED","REVIEW_REQUIRED","ReviewRequired","Manual mapping required; no safe automatic target column was inferred.","Use IAS_ZTBL default if legacy value is null.","Review","Requires parent table load order and surrogate key crosswalk.","Low","No confident automatic target mapping."
"T_RISK_FAD_SUB_PROCESS","IS_ACTIVE","CHAR","REVIEW_REQUIRED","REVIEW_REQUIRED","ReviewRequired","Manual mapping required; no safe automatic target column was inferred.","Use IAS_ZTBL default if legacy value is null.","Review","Requires parent table load order and surrogate key crosswalk.","Low","No confident automatic target mapping."
"T_RISK_FAD_SUB_PROCESS","CREATED_ON","DATE","REVIEW_REQUIRED","created_on","ReviewRequired","Direct copy after datatype coercion and audit-column normalization.","Use IAS_ZTBL default if legacy value is null.","Review","Requires parent table load order and surrogate key crosswalk.","Medium","No confident automatic target mapping."
"T_RISK_STATUS","R_ID","NUMBER","REVIEW_REQUIRED","REVIEW_REQUIRED","ReviewRequired","Manual mapping required; no safe automatic target column was inferred.","Use IAS_ZTBL default if legacy value is null.","Review","Requires parent table load order and surrogate key crosswalk.","Low","No confident automatic target mapping."
"T_RISK_STATUS","DESCRIPTION","VARCHAR2","REVIEW_REQUIRED","description","ReviewRequired","Direct copy after datatype coercion and audit-column normalization.","Use IAS_ZTBL default if legacy value is null.","Review","Requires parent table load order and surrogate key crosswalk.","Low","No confident automatic target mapping."
"T_ROLE_DASHBOARD_PAGES","ROLE_ID","NUMBER","REVIEW_REQUIRED","role_id","ReviewRequired","Direct copy after datatype coercion and audit-column normalization.","Use IAS_ZTBL default if legacy value is null.","Review","Requires status/lookup normalization register and lookup load order.","Medium","No confident automatic target mapping."
"T_ROLE_DASHBOARD_PAGES","ROLE_ID","NUMBER","REVIEW_REQUIRED","role_id","ReviewRequired","Direct copy after datatype coercion and audit-column normalization.","Use IAS_ZTBL default if legacy value is null.","Review","Requires status/lookup normalization register and lookup load order.","Medium","No confident automatic target mapping."
"T_ROLE_DASHBOARD_PAGES","PAGE_ID","NUMBER","REVIEW_REQUIRED","REVIEW_REQUIRED","ReviewRequired","Manual mapping required; no safe automatic target column was inferred.","Use IAS_ZTBL default if legacy value is null.","Review","Requires parent table load order and surrogate key crosswalk.","Low","No confident automatic target mapping."
"T_ROLE_DASHBOARD_PAGES","PAGE_ID","NUMBER","REVIEW_REQUIRED","REVIEW_REQUIRED","ReviewRequired","Manual mapping required; no safe automatic target column was inferred.","Use IAS_ZTBL default if legacy value is null.","Review","Requires parent table load order and surrogate key crosswalk.","Low","No confident automatic target mapping."
"T_ROLE_DASHBOARD_PAGES","DASHBOARD_ORDER","NUMBER","REVIEW_REQUIRED","REVIEW_REQUIRED","ReviewRequired","Manual mapping required; no safe automatic target column was inferred.","Use IAS_ZTBL default if legacy value is null.","Review","Requires parent table load order and surrogate key crosswalk.","Low","No confident automatic target mapping."
"T_ROLE_DASHBOARD_PAGES","IS_ACTIVE","CHAR","REVIEW_REQUIRED","REVIEW_REQUIRED","ReviewRequired","Manual mapping required; no safe automatic target column was inferred.","Use IAS_ZTBL default if legacy value is null.","Review","Requires parent table load order and surrogate key crosswalk.","Low","No confident automatic target mapping."
"T_ROLE_DASHBOARD_PAGES","IS_ACTIVE","CHAR","REVIEW_REQUIRED","REVIEW_REQUIRED","ReviewRequired","Manual mapping required; no safe automatic target column was inferred.","Use IAS_ZTBL default if legacy value is null.","Review","Requires parent table load order and surrogate key crosswalk.","Low","No confident automatic target mapping."
"T_ROLE_DASHBOARD_PAGES","CREATED_ON","DATE","REVIEW_REQUIRED","created_on","ReviewRequired","Direct copy after datatype coercion and audit-column normalization.","Use IAS_ZTBL default if legacy value is null.","Review","Requires parent table load order and surrogate key crosswalk.","Medium","No confident automatic target mapping."
"T_ROLE_DASHBOARD_PAGES","CREATED_BY","VARCHAR2","REVIEW_REQUIRED","created_by","ReviewRequired","Resolve legacy PP/user identifier to tbl_user.user_id.","Use IAS_ZTBL default if legacy value is null.","Review","Requires tbl_user migration and PPNO-to-user_id crosswalk.","Medium","No confident automatic target mapping."
"T_ROLE_DASHBOARD_PAGES","UPDATED_ON","DATE","REVIEW_REQUIRED","modified_on","ReviewRequired","Direct copy after datatype coercion and audit-column normalization.","Use IAS_ZTBL default if legacy value is null.","Review","Requires parent table load order and surrogate key crosswalk.","Medium","No confident automatic target mapping."
"T_ROLE_DASHBOARD_PAGES","UPDATED_BY","VARCHAR2","REVIEW_REQUIRED","modified_by","ReviewRequired","Resolve legacy PP/user identifier to tbl_user.user_id.","Use IAS_ZTBL default if legacy value is null.","Review","Requires tbl_user migration and PPNO-to-user_id crosswalk.","Medium","No confident automatic target mapping."
"T_R_ACTIVITY","S_GR_ID","NUMBER","REVIEW_REQUIRED","REVIEW_REQUIRED","ReviewRequired","Manual mapping required; no safe automatic target column was inferred.","Use IAS_ZTBL default if legacy value is null.","Review","Requires parent table load order and surrogate key crosswalk.","Low","No confident automatic target mapping."
"T_R_ACTIVITY","ACTIVITY_ID","NUMBER","REVIEW_REQUIRED","REVIEW_REQUIRED","ReviewRequired","Manual mapping required; no safe automatic target column was inferred.","Use IAS_ZTBL default if legacy value is null.","Review","Requires parent table load order and surrogate key crosswalk.","Low","No confident automatic target mapping."
"T_R_ACTIVITY","ACTIVITY_ID","NUMBER","REVIEW_REQUIRED","REVIEW_REQUIRED","ReviewRequired","Manual mapping required; no safe automatic target column was inferred.","Use IAS_ZTBL default if legacy value is null.","Review","Requires parent table load order and surrogate key crosswalk.","Low","No confident automatic target mapping."
"T_R_ACTIVITY","DESCRIPTION","VARCHAR2","REVIEW_REQUIRED","description","ReviewRequired","Direct copy after datatype coercion and audit-column normalization.","Use IAS_ZTBL default if legacy value is null.","Review","Requires parent table load order and surrogate key crosswalk.","Low","No confident automatic target mapping."
"T_R_ACTIVITY","MAX_NUMBER","NUMBER","REVIEW_REQUIRED","REVIEW_REQUIRED","ReviewRequired","Manual mapping required; no safe automatic target column was inferred.","Use IAS_ZTBL default if legacy value is null.","Review","Requires parent table load order and surrogate key crosswalk.","Low","No confident automatic target mapping."
"T_R_ACTIVITY","STATUS","NUMBER","REVIEW_REQUIRED","REVIEW_REQUIRED","ReviewRequired","Manual mapping required; no safe automatic target column was inferred.","Use IAS_ZTBL default if legacy value is null.","Review","Requires parent table load order and surrogate key crosswalk.","Low","No confident automatic target mapping."
"T_R_GROUP","GR_ID","NUMBER","REVIEW_REQUIRED","REVIEW_REQUIRED","ReviewRequired","Manual mapping required; no safe automatic target column was inferred.","Use IAS_ZTBL default if legacy value is null.","Review","Requires parent table load order and surrogate key crosswalk.","Low","No confident automatic target mapping."
"T_R_GROUP","GR_ID","NUMBER","REVIEW_REQUIRED","REVIEW_REQUIRED","ReviewRequired","Manual mapping required; no safe automatic target column was inferred.","Use IAS_ZTBL default if legacy value is null.","Review","Requires parent table load order and surrogate key crosswalk.","Low","No confident automatic target mapping."
"T_R_GROUP","DESCRIPTION","VARCHAR2","REVIEW_REQUIRED","description","ReviewRequired","Direct copy after datatype coercion and audit-column normalization.","Use IAS_ZTBL default if legacy value is null.","Review","Requires parent table load order and surrogate key crosswalk.","Low","No confident automatic target mapping."
"T_R_GROUP","MAX_NUMBER","NUMBER","REVIEW_REQUIRED","REVIEW_REQUIRED","ReviewRequired","Manual mapping required; no safe automatic target column was inferred.","Use IAS_ZTBL default if legacy value is null.","Review","Requires parent table load order and surrogate key crosswalk.","Low","No confident automatic target mapping."
"T_R_SUB_GROUP","S_GR_ID","NUMBER","REVIEW_REQUIRED","REVIEW_REQUIRED","ReviewRequired","Manual mapping required; no safe automatic target column was inferred.","Use IAS_ZTBL default if legacy value is null.","Review","Requires parent table load order and surrogate key crosswalk.","Low","No confident automatic target mapping."
"T_R_SUB_GROUP","GR_ID","NUMBER","REVIEW_REQUIRED","REVIEW_REQUIRED","ReviewRequired","Manual mapping required; no safe automatic target column was inferred.","Use IAS_ZTBL default if legacy value is null.","Review","Requires parent table load order and surrogate key crosswalk.","Low","No confident automatic target mapping."
"T_R_SUB_GROUP","DESCRIPTION","VARCHAR2","REVIEW_REQUIRED","description","ReviewRequired","Direct copy after datatype coercion and audit-column normalization.","Use IAS_ZTBL default if legacy value is null.","Review","Requires parent table load order and surrogate key crosswalk.","Low","No confident automatic target mapping."
"T_R_SUB_GROUP","MAX_NUMBER","NUMBER","REVIEW_REQUIRED","REVIEW_REQUIRED","ReviewRequired","Manual mapping required; no safe automatic target column was inferred.","Use IAS_ZTBL default if legacy value is null.","Review","Requires parent table load order and surrogate key crosswalk.","Low","No confident automatic target mapping."
"T_R_SUB_GROUP","WEIGHTAGE","NUMBER","REVIEW_REQUIRED","REVIEW_REQUIRED","ReviewRequired","Manual mapping required; no safe automatic target column was inferred.","Use IAS_ZTBL default if legacy value is null.","Review","Requires parent table load order and surrogate key crosswalk.","Low","No confident automatic target mapping."
"T_R_SUB_GROUP","GRAVITY","NUMBER","REVIEW_REQUIRED","REVIEW_REQUIRED","ReviewRequired","Manual mapping required; no safe automatic target column was inferred.","Use IAS_ZTBL default if legacy value is null.","Review","Requires parent table load order and surrogate key crosswalk.","Low","No confident automatic target mapping."
"T_SAMPLE_ACCOUNTS_DATA","ENG_ID","NUMBER","REVIEW_REQUIRED","REVIEW_REQUIRED","ReviewRequired","Manual mapping required; no safe automatic target column was inferred.","Use IAS_ZTBL default if legacy value is null.","Review","Requires parent table load order and surrogate key crosswalk.","Low","No confident automatic target mapping."
"T_SAMPLE_ACCOUNTS_DATA","ACCOUNTID","VARCHAR2","REVIEW_REQUIRED","REVIEW_REQUIRED","ReviewRequired","Manual mapping required; no safe automatic target column was inferred.","Use IAS_ZTBL default if legacy value is null.","Review","Requires parent table load order and surrogate key crosswalk.","Low","No confident automatic target mapping."
"T_SAMPLE_ACCOUNTS_DATA","OLDACCOUNTNO","NUMBER","REVIEW_REQUIRED","REVIEW_REQUIRED","ReviewRequired","Manual mapping required; no safe automatic target column was inferred.","Use IAS_ZTBL default if legacy value is null.","Review","Requires parent table load order and surrogate key crosswalk.","Low","No confident automatic target mapping."
"T_SAMPLE_ACCOUNTS_DATA","NAME","VARCHAR2","REVIEW_REQUIRED","name","ReviewRequired","Direct copy after datatype coercion and audit-column normalization.","Use IAS_ZTBL default if legacy value is null.","Review","Requires parent table load order and surrogate key crosswalk.","Low","No confident automatic target mapping."
"T_SAMPLE_ACCOUNTS_DATA","CUSTOMERNAME","VARCHAR2","REVIEW_REQUIRED","name","ReviewRequired","Direct copy after datatype coercion and audit-column normalization.","Use IAS_ZTBL default if legacy value is null.","Review","Requires parent table load order and surrogate key crosswalk.","Low","No confident automatic target mapping."
"T_SAMPLE_ACCOUNTS_DATA","DOB","DATE","REVIEW_REQUIRED","REVIEW_REQUIRED","ReviewRequired","Manual mapping required; no safe automatic target column was inferred.","Use IAS_ZTBL default if legacy value is null.","Review","Requires parent table load order and surrogate key crosswalk.","Low","No confident automatic target mapping."
"T_SAMPLE_ACCOUNTS_DATA","PHONECELL","VARCHAR2","REVIEW_REQUIRED","REVIEW_REQUIRED","ReviewRequired","Manual mapping required; no safe automatic target column was inferred.","Use IAS_ZTBL default if legacy value is null.","Review","Requires parent table load order and surrogate key crosswalk.","Low","No confident automatic target mapping."
"T_SAMPLE_ACCOUNTS_DATA","CNIC","VARCHAR2","REVIEW_REQUIRED","REVIEW_REQUIRED","ReviewRequired","Manual mapping required; no safe automatic target column was inferred.","Use IAS_ZTBL default if legacy value is null.","Review","Requires parent table load order and surrogate key crosswalk.","Low","No confident automatic target mapping."
"T_SAMPLE_ACCOUNTS_DATA","CNICEXPIRYDATE","DATE","REVIEW_REQUIRED","REVIEW_REQUIRED","ReviewRequired","Manual mapping required; no safe automatic target column was inferred.","Use IAS_ZTBL default if legacy value is null.","Review","Requires parent table load order and surrogate key crosswalk.","Low","No confident automatic target mapping."
"T_SAMPLE_ACCOUNTS_DATA","OPENINGDATE","DATE","REVIEW_REQUIRED","REVIEW_REQUIRED","ReviewRequired","Manual mapping required; no safe automatic target column was inferred.","Use IAS_ZTBL default if legacy value is null.","Review","Requires parent table load order and surrogate key crosswalk.","Low","No confident automatic target mapping."
"T_SAMPLE_ACCOUNTS_DATA","BMVS_VERIFIED","CHAR","REVIEW_REQUIRED","REVIEW_REQUIRED","ReviewRequired","Manual mapping required; no safe automatic target column was inferred.","Use IAS_ZTBL default if legacy value is null.","Review","Requires parent table load order and surrogate key crosswalk.","Low","No confident automatic target mapping."
"T_SAMPLE_ACCOUNTS_DATA","PURPOSE","VARCHAR2","REVIEW_REQUIRED","REVIEW_REQUIRED","ReviewRequired","Manual mapping required; no safe automatic target column was inferred.","Use IAS_ZTBL default if legacy value is null.","Review","Requires parent table load order and surrogate key crosswalk.","Low","No confident automatic target mapping."
"T_SAMPLE_ACCOUNTS_DATA","ACC_TYPE","VARCHAR2","REVIEW_REQUIRED","REVIEW_REQUIRED","ReviewRequired","Manual mapping required; no safe automatic target column was inferred.","Use IAS_ZTBL default if legacy value is null.","Review","Requires parent table load order and surrogate key crosswalk.","Low","No confident automatic target mapping."
"T_SAMPLE_ACCOUNTS_DATA","ACC_CATEGORY","VARCHAR2","REVIEW_REQUIRED","REVIEW_REQUIRED","ReviewRequired","Manual mapping required; no safe automatic target column was inferred.","Use IAS_ZTBL default if legacy value is null.","Review","Requires parent table load order and surrogate key crosswalk.","Low","No confident automatic target mapping."
"T_SAMPLE_ACCOUNTS_DATA","RISK","VARCHAR2","REVIEW_REQUIRED","REVIEW_REQUIRED","ReviewRequired","Manual mapping required; no safe automatic target column was inferred.","Use IAS_ZTBL default if legacy value is null.","Review","Requires parent table load order and surrogate key crosswalk.","Low","No confident automatic target mapping."
"T_SAMPLE_ACCOUNTS_DATA","S_D","NUMBER","REVIEW_REQUIRED","REVIEW_REQUIRED","ReviewRequired","Manual mapping required; no safe automatic target column was inferred.","Use IAS_ZTBL default if legacy value is null.","Review","Requires parent table load order and surrogate key crosswalk.","Low","No confident automatic target mapping."
"T_SAMPLE_LOANS_DATA","LOAN_DISB_ID","NUMBER","REVIEW_REQUIRED","REVIEW_REQUIRED","ReviewRequired","Manual mapping required; no safe automatic target column was inferred.","Use IAS_ZTBL default if legacy value is null.","Review","Requires parent table load order and surrogate key crosswalk.","Low","No confident automatic target mapping."
"T_SAMPLE_LOANS_DATA","ENGID","NUMBER","REVIEW_REQUIRED","REVIEW_REQUIRED","ReviewRequired","Manual mapping required; no safe automatic target column was inferred.","Use IAS_ZTBL default if legacy value is null.","Review","Requires parent table load order and surrogate key crosswalk.","Low","No confident automatic target mapping."
"T_SAMPLE_LOANS_DATA","S_D","NUMBER","REVIEW_REQUIRED","REVIEW_REQUIRED","ReviewRequired","Manual mapping required; no safe automatic target column was inferred.","Use IAS_ZTBL default if legacy value is null.","Review","Requires parent table load order and surrogate key crosswalk.","Low","No confident automatic target mapping."
"T_SAMPLE_LOANS_DATA","CODE","VARCHAR2","REVIEW_REQUIRED","REVIEW_REQUIRED","ReviewRequired","Manual mapping required; no safe automatic target column was inferred.","Use IAS_ZTBL default if legacy value is null.","Review","Requires parent table load order and surrogate key crosswalk.","Low","No confident automatic target mapping."
"T_SAMPLE_LOANS_DATA","NAME","VARCHAR2","REVIEW_REQUIRED","name","ReviewRequired","Direct copy after datatype coercion and audit-column normalization.","Use IAS_ZTBL default if legacy value is null.","Review","Requires parent table load order and surrogate key crosswalk.","Low","No confident automatic target mapping."
"T_SAMPLE_LOANS_DATA","CNIC","VARCHAR2","REVIEW_REQUIRED","REVIEW_REQUIRED","ReviewRequired","Manual mapping required; no safe automatic target column was inferred.","Use IAS_ZTBL default if legacy value is null.","Review","Requires parent table load order and surrogate key crosswalk.","Low","No confident automatic target mapping."
"T_SAMPLE_LOANS_DATA","CUSTOMERNAME","VARCHAR2","REVIEW_REQUIRED","name","ReviewRequired","Direct copy after datatype coercion and audit-column normalization.","Use IAS_ZTBL default if legacy value is null.","Review","Requires parent table load order and surrogate key crosswalk.","Low","No confident automatic target mapping."
"T_SAMPLE_LOANS_DATA","TYPE","VARCHAR2","REVIEW_REQUIRED","REVIEW_REQUIRED","ReviewRequired","Manual mapping required; no safe automatic target column was inferred.","Use IAS_ZTBL default if legacy value is null.","Review","Requires parent table load order and surrogate key crosswalk.","Low","No confident automatic target mapping."
"T_SAMPLE_LOANS_DATA","SCHEME","VARCHAR2","REVIEW_REQUIRED","REVIEW_REQUIRED","ReviewRequired","Manual mapping required; no safe automatic target column was inferred.","Use IAS_ZTBL default if legacy value is null.","Review","Requires parent table load order and surrogate key crosswalk.","Low","No confident automatic target mapping."
"T_SAMPLE_LOANS_DATA","L_PURPOSE","VARCHAR2","REVIEW_REQUIRED","REVIEW_REQUIRED","ReviewRequired","Manual mapping required; no safe automatic target column was inferred.","Use IAS_ZTBL default if legacy value is null.","Review","Requires parent table load order and surrogate key crosswalk.","Low","No confident automatic target mapping."
"T_SAMPLE_LOANS_DATA","L_CROP","VARCHAR2","REVIEW_REQUIRED","REVIEW_REQUIRED","ReviewRequired","Manual mapping required; no safe automatic target column was inferred.","Use IAS_ZTBL default if legacy value is null.","Review","Requires parent table load order and surrogate key crosswalk.","Low","No confident automatic target mapping."
"T_SAMPLE_LOANS_DATA","GLSUBCODE","VARCHAR2","REVIEW_REQUIRED","REVIEW_REQUIRED","ReviewRequired","Manual mapping required; no safe automatic target column was inferred.","Use IAS_ZTBL default if legacy value is null.","Review","Requires parent table load order and surrogate key crosswalk.","Low","No confident automatic target mapping."
"T_SAMPLE_LOANS_DATA","CULTIVATED_AREA","NUMBER","REVIEW_REQUIRED","REVIEW_REQUIRED","ReviewRequired","Manual mapping required; no safe automatic target column was inferred.","Use IAS_ZTBL default if legacy value is null.","Review","Requires parent table load order and surrogate key crosswalk.","Low","No confident automatic target mapping."
"T_SAMPLE_LOANS_DATA","MARKET_VALUES","NUMBER","REVIEW_REQUIRED","REVIEW_REQUIRED","ReviewRequired","Manual mapping required; no safe automatic target column was inferred.","Use IAS_ZTBL default if legacy value is null.","Review","Requires parent table load order and surrogate key crosswalk.","Low","No confident automatic target mapping."
"T_SAMPLE_LOANS_DATA","QUANTITY","NUMBER","REVIEW_REQUIRED","REVIEW_REQUIRED","ReviewRequired","Manual mapping required; no safe automatic target column was inferred.","Use IAS_ZTBL default if legacy value is null.","Review","Requires parent table load order and surrogate key crosswalk.","Low","No confident automatic target mapping."
"T_SAMPLE_LOANS_DATA","TOTAL_ESTIMATED_COST","NUMBER","REVIEW_REQUIRED","REVIEW_REQUIRED","ReviewRequired","Manual mapping required; no safe automatic target column was inferred.","Use IAS_ZTBL default if legacy value is null.","Review","Requires parent table load order and surrogate key crosswalk.","Low","No confident automatic target mapping."
"T_SAMPLE_LOANS_DATA","PROD_DEV","CHAR","REVIEW_REQUIRED","REVIEW_REQUIRED","ReviewRequired","Manual mapping required; no safe automatic target column was inferred.","Use IAS_ZTBL default if legacy value is null.","Review","Requires parent table load order and surrogate key crosswalk.","Low","No confident automatic target mapping."
"T_SAMPLE_LOANS_DATA","LOAN_APP_ID","NUMBER","REVIEW_REQUIRED","REVIEW_REQUIRED","ReviewRequired","Manual mapping required; no safe automatic target column was inferred.","Use IAS_ZTBL default if legacy value is null.","Review","Requires parent table load order and surrogate key crosswalk.","Low","No confident automatic target mapping."
"T_SAMPLE_LOANS_DATA","REQUIRED_ITEM_ID","NUMBER","REVIEW_REQUIRED","REVIEW_REQUIRED","ReviewRequired","Manual mapping required; no safe automatic target column was inferred.","Use IAS_ZTBL default if legacy value is null.","Review","Requires parent table load order and surrogate key crosswalk.","Low","No confident automatic target mapping."
"T_SAMPLE_LOANS_DATA","PURPOSE_ID","NUMBER","REVIEW_REQUIRED","REVIEW_REQUIRED","ReviewRequired","Manual mapping required; no safe automatic target column was inferred.","Use IAS_ZTBL default if legacy value is null.","Review","Requires parent table load order and surrogate key crosswalk.","Low","No confident automatic target mapping."
"T_SAMPLE_LOANS_DATA","SUB_PROPOSAL_ID","NUMBER","REVIEW_REQUIRED","REVIEW_REQUIRED","ReviewRequired","Manual mapping required; no safe automatic target column was inferred.","Use IAS_ZTBL default if legacy value is null.","Review","Requires parent table load order and surrogate key crosswalk.","Low","No confident automatic target mapping."
"T_SAMPLE_LOANS_DATA","ENTERED_BY","VARCHAR2","REVIEW_REQUIRED","created_by","ReviewRequired","Resolve legacy PP/user identifier to tbl_user.user_id.","Use IAS_ZTBL default if legacy value is null.","Review","Requires tbl_user migration and PPNO-to-user_id crosswalk.","Medium","No confident automatic target mapping."
"T_SAMPLE_LOANS_DATA","ENTERED_DATE","DATE","REVIEW_REQUIRED","REVIEW_REQUIRED","ReviewRequired","Manual mapping required; no safe automatic target column was inferred.","Use IAS_ZTBL default if legacy value is null.","Review","Requires parent table load order and surrogate key crosswalk.","Low","No confident automatic target mapping."
"T_SAMPLE_LOANS_DATA","AMOUNT_RECOMMEDNED","NUMBER","REVIEW_REQUIRED","REVIEW_REQUIRED","ReviewRequired","Manual mapping required; no safe automatic target column was inferred.","Use IAS_ZTBL default if legacy value is null.","Review","Requires parent table load order and surrogate key crosswalk.","Low","No confident automatic target mapping."
"T_SAMPLE_LOANS_DATA","SCHEME_ID","NUMBER","REVIEW_REQUIRED","REVIEW_REQUIRED","ReviewRequired","Manual mapping required; no safe automatic target column was inferred.","Use IAS_ZTBL default if legacy value is null.","Review","Requires parent table load order and surrogate key crosswalk.","Low","No confident automatic target mapping."
"T_SAMPLE_LOANS_DATA","MARK_CAL_MODE","NUMBER","REVIEW_REQUIRED","REVIEW_REQUIRED","ReviewRequired","Manual mapping required; no safe automatic target column was inferred.","Use IAS_ZTBL default if legacy value is null.","Review","Requires parent table load order and surrogate key crosswalk.","Low","No confident automatic target mapping."
"T_SAMPLE_LOANS_DATA","INSTALLMENT_FREQUENCY","NUMBER","REVIEW_REQUIRED","REVIEW_REQUIRED","ReviewRequired","Manual mapping required; no safe automatic target column was inferred.","Use IAS_ZTBL default if legacy value is null.","Review","Requires parent table load order and surrogate key crosswalk.","Low","No confident automatic target mapping."
"T_SAMPLE_LOANS_DATA","TOTAL_INSTALLMENT","NUMBER","REVIEW_REQUIRED","REVIEW_REQUIRED","ReviewRequired","Manual mapping required; no safe automatic target column was inferred.","Use IAS_ZTBL default if legacy value is null.","Review","Requires parent table load order and surrogate key crosswalk.","Low","No confident automatic target mapping."
"T_SAMPLE_LOANS_DATA","CONSENT_INSURANCE_OPT_CROP","CHAR","REVIEW_REQUIRED","REVIEW_REQUIRED","ReviewRequired","Manual mapping required; no safe automatic target column was inferred.","Use IAS_ZTBL default if legacy value is null.","Review","Requires parent table load order and surrogate key crosswalk.","Low","No confident automatic target mapping."
"T_SAMPLE_LOANS_DATA","MCO_PPNO","VARCHAR2","REVIEW_REQUIRED","user_id","ReviewRequired","Resolve legacy PPNO to tbl_user.user_id crosswalk.","Use IAS_ZTBL default if legacy value is null.","Review","Requires tbl_user migration and PPNO-to-user_id crosswalk.","Medium","No confident automatic target mapping."
"T_SAMPLE_LOANS_DATA","MANAGER_PPNO","VARCHAR2","REVIEW_REQUIRED","user_id","ReviewRequired","Resolve legacy PPNO to tbl_user.user_id crosswalk.","Use IAS_ZTBL default if legacy value is null.","Review","Requires tbl_user migration and PPNO-to-user_id crosswalk.","Medium","No confident automatic target mapping."
"T_SAMPLE_LOANS_DATA","DEV_AMOUNT","NUMBER","REVIEW_REQUIRED","REVIEW_REQUIRED","ReviewRequired","Manual mapping required; no safe automatic target column was inferred.","Use IAS_ZTBL default if legacy value is null.","Review","Requires parent table load order and surrogate key crosswalk.","Low","No confident automatic target mapping."
"T_SAMPLE_LOANS_DATA","PROD_AMOUNT","NUMBER","REVIEW_REQUIRED","REVIEW_REQUIRED","ReviewRequired","Manual mapping required; no safe automatic target column was inferred.","Use IAS_ZTBL default if legacy value is null.","Review","Requires parent table load order and surrogate key crosswalk.","Low","No confident automatic target mapping."
"T_SAMPLE_LOANS_DATA","TOT_SANCTIONED_AMOUNT","NUMBER","REVIEW_REQUIRED","REVIEW_REQUIRED","ReviewRequired","Manual mapping required; no safe automatic target column was inferred.","Use IAS_ZTBL default if legacy value is null.","Review","Requires parent table load order and surrogate key crosswalk.","Low","No confident automatic target mapping."
"T_SAMPLE_LOANS_DATA","TOT_MAX_CREDIT_LIMIT","NUMBER","REVIEW_REQUIRED","REVIEW_REQUIRED","ReviewRequired","Manual mapping required; no safe automatic target column was inferred.","Use IAS_ZTBL default if legacy value is null.","Review","Requires parent table load order and surrogate key crosswalk.","Low","No confident automatic target mapping."
"T_SAMPLE_LOANS_DATA","NO_OF_PRODUCTS","NUMBER","REVIEW_REQUIRED","REVIEW_REQUIRED","ReviewRequired","Manual mapping required; no safe automatic target column was inferred.","Use IAS_ZTBL default if legacy value is null.","Review","Requires parent table load order and surrogate key crosswalk.","Low","No confident automatic target mapping."
"T_SAMPLE_LOANS_DATA","NO_OF_SECURITIES","NUMBER","REVIEW_REQUIRED","REVIEW_REQUIRED","ReviewRequired","Manual mapping required; no safe automatic target column was inferred.","Use IAS_ZTBL default if legacy value is null.","Review","Requires parent table load order and surrogate key crosswalk.","Low","No confident automatic target mapping."
"T_SAMPLE_LOANS_DATA","TOT_LAND","NUMBER","REVIEW_REQUIRED","REVIEW_REQUIRED","ReviewRequired","Manual mapping required; no safe automatic target column was inferred.","Use IAS_ZTBL default if legacy value is null.","Review","Requires parent table load order and surrogate key crosswalk.","Low","No confident automatic target mapping."
"T_SAMPLE_LOANS_DATA","CIRCLE_CODE","VARCHAR2","REVIEW_REQUIRED","REVIEW_REQUIRED","ReviewRequired","Manual mapping required; no safe automatic target column was inferred.","Use IAS_ZTBL default if legacy value is null.","Review","Requires parent table load order and surrogate key crosswalk.","Low","No confident automatic target mapping."
"T_SAMPLE_LOANS_DATA","LOAN_CASE_NO","VARCHAR2","REVIEW_REQUIRED","REVIEW_REQUIRED","ReviewRequired","Manual mapping required; no safe automatic target column was inferred.","Use IAS_ZTBL default if legacy value is null.","Review","Requires parent table load order and surrogate key crosswalk.","Low","No confident automatic target mapping."
"T_SAMPLE_LOANS_DATA","APP_DATE","DATE","REVIEW_REQUIRED","REVIEW_REQUIRED","ReviewRequired","Manual mapping required; no safe automatic target column was inferred.","Use IAS_ZTBL default if legacy value is null.","Review","Requires parent table load order and surrogate key crosswalk.","Low","No confident automatic target mapping."
"T_SAMPLE_LOANS_DATA","APP_STATUS_CHANGE_DATE","DATE","REVIEW_REQUIRED","REVIEW_REQUIRED","ReviewRequired","Manual mapping required; no safe automatic target column was inferred.","Use IAS_ZTBL default if legacy value is null.","Review","Requires parent table load order and surrogate key crosswalk.","Low","No confident automatic target mapping."
"T_SAMPLE_LOANS_DATA","APP_STATUS_CHANGE_REASON","VARCHAR2","REVIEW_REQUIRED","REVIEW_REQUIRED","ReviewRequired","Manual mapping required; no safe automatic target column was inferred.","Use IAS_ZTBL default if legacy value is null.","Review","Requires parent table load order and surrogate key crosswalk.","Low","No confident automatic target mapping."
"T_SAMPLE_LOANS_DATA","SANCTION_DATE","DATE","REVIEW_REQUIRED","REVIEW_REQUIRED","ReviewRequired","Manual mapping required; no safe automatic target column was inferred.","Use IAS_ZTBL default if legacy value is null.","Review","Requires parent table load order and surrogate key crosswalk.","Low","No confident automatic target mapping."
"T_SAMPLE_LOANS_DATA","DISB_DATE","DATE","REVIEW_REQUIRED","REVIEW_REQUIRED","ReviewRequired","Manual mapping required; no safe automatic target column was inferred.","Use IAS_ZTBL default if legacy value is null.","Review","Requires parent table load order and surrogate key crosswalk.","Low","No confident automatic target mapping."
"T_SAMPLE_LOANS_DATA","L_STATUS","NUMBER","REVIEW_REQUIRED","REVIEW_REQUIRED","ReviewRequired","Manual mapping required; no safe automatic target column was inferred.","Use IAS_ZTBL default if legacy value is null.","Review","Requires parent table load order and surrogate key crosswalk.","Low","No confident automatic target mapping."
"T_SAMPLE_LOANS_DATA","VALID_UNTIL","DATE","REVIEW_REQUIRED","REVIEW_REQUIRED","ReviewRequired","Manual mapping required; no safe automatic target column was inferred.","Use IAS_ZTBL default if legacy value is null.","Review","Requires parent table load order and surrogate key crosswalk.","Low","No confident automatic target mapping."
"T_SAMPLE_LOANS_DATA","OUTSTANDING","NUMBER","REVIEW_REQUIRED","REVIEW_REQUIRED","ReviewRequired","Manual mapping required; no safe automatic target column was inferred.","Use IAS_ZTBL default if legacy value is null.","Review","Requires parent table load order and surrogate key crosswalk.","Low","No confident automatic target mapping."
"T_SAMPLE_LOANS_DATA","DISBURSED_AMOUNT","NUMBER","REVIEW_REQUIRED","REVIEW_REQUIRED","ReviewRequired","Manual mapping required; no safe automatic target column was inferred.","Use IAS_ZTBL default if legacy value is null.","Review","Requires parent table load order and surrogate key crosswalk.","Low","No confident automatic target mapping."
"T_SYS_LOG","LOG_ID","NUMBER","tbl_workflow_event","workflow_event_id","ExistingTableExistingColumn","Direct copy after datatype coercion and audit-column normalization.","Use IAS_ZTBL default if legacy value is null.","WorkflowEvent","Requires parent table load order and surrogate key crosswalk.","Medium","Operational history/log normalized into workflow events unless a dedicated history table exists."
"T_SYS_LOG","LOG_ID","NUMBER","tbl_workflow_event","workflow_event_id","ExistingTableExistingColumn","Direct copy after datatype coercion and audit-column normalization.","Use IAS_ZTBL default if legacy value is null.","WorkflowEvent","Requires parent table load order and surrogate key crosswalk.","Medium","Operational history/log normalized into workflow events unless a dedicated history table exists."
"T_SYS_LOG","LOG_LEVEL","VARCHAR2","tbl_workflow_event","REVIEW_REQUIRED","ExistingTableRequiredColumn","Manual mapping required; no safe automatic target column was inferred.","Use IAS_ZTBL default if legacy value is null.","WorkflowEvent","Requires parent table load order and surrogate key crosswalk.","Low","Operational history/log normalized into workflow events unless a dedicated history table exists."
"T_SYS_LOG","LOG_TIME","TIMESTAMP(6)","tbl_workflow_event","REVIEW_REQUIRED","ExistingTableRequiredColumn","Manual mapping required; no safe automatic target column was inferred.","Use IAS_ZTBL default if legacy value is null.","WorkflowEvent","Requires parent table load order and surrogate key crosswalk.","Low","Operational history/log normalized into workflow events unless a dedicated history table exists."
"T_SYS_LOG","MODULE","VARCHAR2","tbl_workflow_event","REVIEW_REQUIRED","ExistingTableRequiredColumn","Manual mapping required; no safe automatic target column was inferred.","Use IAS_ZTBL default if legacy value is null.","WorkflowEvent","Requires parent table load order and surrogate key crosswalk.","Low","Operational history/log normalized into workflow events unless a dedicated history table exists."
"T_SYS_LOG","CONTROLLER","VARCHAR2","tbl_workflow_event","REVIEW_REQUIRED","ExistingTableRequiredColumn","Manual mapping required; no safe automatic target column was inferred.","Use IAS_ZTBL default if legacy value is null.","WorkflowEvent","Requires parent table load order and surrogate key crosswalk.","Low","Operational history/log normalized into workflow events unless a dedicated history table exists."
"T_SYS_LOG","ACTION","VARCHAR2","tbl_workflow_event","REVIEW_REQUIRED","ExistingTableRequiredColumn","Manual mapping required; no safe automatic target column was inferred.","Use IAS_ZTBL default if legacy value is null.","WorkflowEvent","Requires parent table load order and surrogate key crosswalk.","Low","Operational history/log normalized into workflow events unless a dedicated history table exists."
"T_SYS_LOG","MESSAGE","VARCHAR2","tbl_workflow_event","REVIEW_REQUIRED","ExistingTableRequiredColumn","Manual mapping required; no safe automatic target column was inferred.","Use IAS_ZTBL default if legacy value is null.","WorkflowEvent","Requires parent table load order and surrogate key crosswalk.","Low","Operational history/log normalized into workflow events unless a dedicated history table exists."
"T_SYS_LOG","TECH_DETAILS","CLOB","tbl_workflow_event","detail_text","ExistingTableRequiredColumn","Load long text into normalized CLOB detail field.","Use IAS_ZTBL default if legacy value is null.","WorkflowEvent","Requires parent table load order and surrogate key crosswalk.","Low","Operational history/log normalized into workflow events unless a dedicated history table exists."
"T_SYS_LOG","PAGE_ID","NUMBER","tbl_workflow_event","workflow_event_id","ExistingTableExistingColumn","Direct copy after datatype coercion and audit-column normalization.","Use IAS_ZTBL default if legacy value is null.","WorkflowEvent","Requires parent table load order and surrogate key crosswalk.","Medium","Operational history/log normalized into workflow events unless a dedicated history table exists."
"T_SYS_LOG","ENG_ID","NUMBER","tbl_workflow_event","workflow_event_id","ExistingTableExistingColumn","Direct copy after datatype coercion and audit-column normalization.","Use IAS_ZTBL default if legacy value is null.","WorkflowEvent","Requires parent table load order and surrogate key crosswalk.","Medium","Operational history/log normalized into workflow events unless a dedicated history table exists."
"T_SYS_LOG","USER_PPNO","NUMBER","tbl_workflow_event","user_id","ExistingTableRequiredColumn","Resolve legacy PPNO to tbl_user.user_id crosswalk.","Use IAS_ZTBL default if legacy value is null.","WorkflowEvent","Requires tbl_user migration and PPNO-to-user_id crosswalk.","Medium","Operational history/log normalized into workflow events unless a dedicated history table exists."
"T_USER","USERID","NUMBER","tbl_user","user_id","ExistingTableExistingColumn","Preserve legacy user key through surrogate-key crosswalk.","Use IAS_ZTBL default if legacy value is null.","CurrentState","Requires tbl_user migration and PPNO-to-user_id crosswalk.","High","Core user account."
"T_USER","LOGIN_NAME","VARCHAR2","tbl_user","login_name","ExistingTableExistingColumn","Direct copy after datatype coercion and audit-column normalization.","Use IAS_ZTBL default if legacy value is null.","CurrentState","Requires parent table load order and surrogate key crosswalk.","High","Core user account."
"T_USER","PASSWORD","VARCHAR2","tbl_user","password_hash","ExistingTableExistingColumn","Do not copy raw legacy password text; re-hash or force reset according to security policy.","Force password reset if legacy hash semantics are not compatible.","CurrentState","Requires parent table load order and surrogate key crosswalk.","High","Core user account."
"T_USER","LASTLOGINDATETIME","DATE","tbl_user","last_login_on","ExistingTableExistingColumn","Direct copy after datatype coercion and audit-column normalization.","Use IAS_ZTBL default if legacy value is null.","CurrentState","Requires parent table load order and surrogate key crosswalk.","High","Core user account."
"T_USER","LOGIN_TERMINAL","VARCHAR2","tbl_user","REVIEW_REQUIRED","ExistingTableRequiredColumn","Manual mapping required; no safe automatic target column was inferred.","Use IAS_ZTBL default if legacy value is null.","CurrentState","Requires parent table load order and surrogate key crosswalk.","Low","Core user account."
"T_USER","USERFAILEDLOGINHITS","NUMBER","tbl_user","failed_login_count","ExistingTableExistingColumn","Direct copy after datatype coercion and audit-column normalization.","Use IAS_ZTBL default if legacy value is null.","CurrentState","Requires parent table load order and surrogate key crosswalk.","High","Core user account."
"T_USER","PPNO","NUMBER","tbl_user","pp_no","ExistingTableExistingColumn","Direct copy after datatype coercion and audit-column normalization.","Use IAS_ZTBL default if legacy value is null.","CurrentState","Requires parent table load order and surrogate key crosswalk.","High","Core user account."
"T_USER","PPNO","NUMBER","tbl_user","pp_no","ExistingTableExistingColumn","Direct copy after datatype coercion and audit-column normalization.","Use IAS_ZTBL default if legacy value is null.","CurrentState","Requires parent table load order and surrogate key crosswalk.","High","Core user account."
"T_USER","USER_LOCATION_TYPE","VARCHAR2","tbl_user","REVIEW_REQUIRED","ExistingTableRequiredColumn","Manual mapping required; no safe automatic target column was inferred.","Use IAS_ZTBL default if legacy value is null.","CurrentState","Requires parent table load order and surrogate key crosswalk.","Low","Core user account."
"T_USER","ISACTIVE","VARCHAR2","tbl_user","user_status_id","ExistingTableExistingColumn","Map active flag into normalized USER_STATUS lookup; also derive is_active.","Default to ACTIVE if null and validated against current security rules.","CurrentState","Requires status/lookup normalization register and lookup load order.","High","Core user account."
"T_USER","ZONEID","NUMBER","tbl_user","REVIEW_REQUIRED","ExistingTableRequiredColumn","Manual mapping required; no safe automatic target column was inferred.","Use IAS_ZTBL default if legacy value is null.","CurrentState","Requires parent table load order and surrogate key crosswalk.","Low","Core user account."
"T_USER","BRANCHID","NUMBER","tbl_user","REVIEW_REQUIRED","ExistingTableRequiredColumn","Manual mapping required; no safe automatic target column was inferred.","Use IAS_ZTBL default if legacy value is null.","CurrentState","Requires parent table load order and surrogate key crosswalk.","Low","Core user account."
"T_USER","DIVISIONID","NUMBER","tbl_user","REVIEW_REQUIRED","ExistingTableRequiredColumn","Manual mapping required; no safe automatic target column was inferred.","Use IAS_ZTBL default if legacy value is null.","CurrentState","Requires parent table load order and surrogate key crosswalk.","Low","Core user account."
"T_USER","DEPARTMENTID","NUMBER","tbl_user","REVIEW_REQUIRED","ExistingTableRequiredColumn","Manual mapping required; no safe automatic target column was inferred.","Use IAS_ZTBL default if legacy value is null.","CurrentState","Requires parent table load order and surrogate key crosswalk.","Low","Core user account."
"T_USER","AUDIT_ZONEID","NUMBER","tbl_user","REVIEW_REQUIRED","ExistingTableRequiredColumn","Manual mapping required; no safe automatic target column was inferred.","Use IAS_ZTBL default if legacy value is null.","CurrentState","Requires parent table load order and surrogate key crosswalk.","Low","Core user account."
"T_USER","ENTITY_ID","NUMBER","tbl_user","home_entity_id","ExistingTableExistingColumn","Direct copy after datatype coercion and audit-column normalization.","Use IAS_ZTBL default if legacy value is null.","CurrentState","Requires tbl_entity migration and entity-code crosswalk.","High","Core user account."
"T_USER","DESIGNATION","NUMBER","tbl_user","designation_title","ExistingTableExistingColumn","Resolve designation code/title through HR lookup during migration.","Use IAS_ZTBL default if legacy value is null.","CurrentState","Requires parent table load order and surrogate key crosswalk.","Medium","Core user account."
"T_USER","PASSWORD_CHANGE_REQ","CHAR","tbl_user","REVIEW_REQUIRED","ExistingTableRequiredColumn","Manual mapping required; no safe automatic target column was inferred.","Use IAS_ZTBL default if legacy value is null.","CurrentState","Requires parent table load order and surrogate key crosswalk.","Low","Core user account."
"T_USER_GROUP_MAP","GROUP_MAP_ID","NUMBER","tbl_role_permission","role_permission_id","ExistingTableExistingColumn","Direct copy after datatype coercion and audit-column normalization.","Use IAS_ZTBL default if legacy value is null.","CurrentState","Requires status/lookup normalization register and lookup load order.","Medium","Legacy page assignment bridge."
"T_USER_GROUP_MAP","ROLE_ID","NUMBER","tbl_role_permission","role_id","ExistingTableExistingColumn","Direct copy after datatype coercion and audit-column normalization.","Use IAS_ZTBL default if legacy value is null.","CurrentState","Requires status/lookup normalization register and lookup load order.","Medium","Legacy page assignment bridge."
"T_USER_GROUP_MAP","MENU_ID","NUMBER","tbl_role_permission","role_permission_id","ExistingTableExistingColumn","Direct copy after datatype coercion and audit-column normalization.","Use IAS_ZTBL default if legacy value is null.","CurrentState","Requires status/lookup normalization register and lookup load order.","Medium","Legacy page assignment bridge."
"T_USER_GROUP_MAP","PAGE_IDS","NUMBER","tbl_role_permission","REVIEW_REQUIRED","ExistingTableRequiredColumn","Manual mapping required; no safe automatic target column was inferred.","Use IAS_ZTBL default if legacy value is null.","CurrentState","Requires parent table load order and surrogate key crosswalk.","Low","Legacy page assignment bridge."
"T_USER_GROUP_MAP","STATUS","VARCHAR2","tbl_role_permission","REVIEW_REQUIRED","ExistingTableRequiredColumn","Manual mapping required; no safe automatic target column was inferred.","Use IAS_ZTBL default if legacy value is null.","CurrentState","Requires parent table load order and surrogate key crosswalk.","Low","Legacy page assignment bridge."
"T_USER_GROUP_MAP","PAGE_KEY","VARCHAR2","tbl_role_permission","REVIEW_REQUIRED","ExistingTableRequiredColumn","Manual mapping required; no safe automatic target column was inferred.","Use IAS_ZTBL default if legacy value is null.","CurrentState","Requires parent table load order and surrogate key crosswalk.","Low","Legacy page assignment bridge."
"T_USER_MAPING","USERID","NUMBER","tbl_user_scope","REVIEW_REQUIRED","ExistingTableRequiredColumn","Manual mapping required; no safe automatic target column was inferred.","Use IAS_ZTBL default if legacy value is null.","CurrentState","Requires parent table load order and surrogate key crosswalk.","Low","Entity/user scope crosswalk."
"T_USER_MAPING","PPNO","NUMBER","tbl_user_scope","user_id","ExistingTableExistingColumn","Resolve legacy PPNO to tbl_user.user_id crosswalk.","Use IAS_ZTBL default if legacy value is null.","CurrentState","Requires tbl_user migration and PPNO-to-user_id crosswalk.","Medium","Entity/user scope crosswalk."
"T_USER_MAPING","GROUP_ID","NUMBER","tbl_user_scope","user_scope_id","ExistingTableExistingColumn","Direct copy after datatype coercion and audit-column normalization.","Use IAS_ZTBL default if legacy value is null.","CurrentState","Requires parent table load order and surrogate key crosswalk.","Medium","Entity/user scope crosswalk."
"T_USER_MAPING","ROLE_ID","NUMBER","tbl_user_scope","role_id","ExistingTableRequiredColumn","Direct copy after datatype coercion and audit-column normalization.","Use IAS_ZTBL default if legacy value is null.","CurrentState","Requires status/lookup normalization register and lookup load order.","Medium","Entity/user scope crosswalk."
"T_USER_SESSION","USER_PP_NUMBER","NUMBER","tbl_user_session","user_id","ExistingTableExistingColumn","Resolve legacy PPNO to tbl_user.user_id crosswalk.","Use IAS_ZTBL default if legacy value is null.","CurrentState","Requires tbl_user migration and PPNO-to-user_id crosswalk.","Medium","Legacy session audit."
"T_USER_SESSION","ROLE_ID","NUMBER","tbl_user_session","role_id","ExistingTableRequiredColumn","Direct copy after datatype coercion and audit-column normalization.","Use IAS_ZTBL default if legacy value is null.","CurrentState","Requires status/lookup normalization register and lookup load order.","Medium","Legacy session audit."
"T_USER_SESSION","IP_ADDRESS","VARCHAR2","tbl_user_session","REVIEW_REQUIRED","ExistingTableRequiredColumn","Manual mapping required; no safe automatic target column was inferred.","Use IAS_ZTBL default if legacy value is null.","CurrentState","Requires parent table load order and surrogate key crosswalk.","Low","Legacy session audit."
"T_USER_SESSION","LOGIN_LOCATION_TYPE","VARCHAR2","tbl_user_session","REVIEW_REQUIRED","ExistingTableRequiredColumn","Manual mapping required; no safe automatic target column was inferred.","Use IAS_ZTBL default if legacy value is null.","CurrentState","Requires parent table load order and surrogate key crosswalk.","Low","Legacy session audit."
"T_USER_SESSION","MAC_ADDRESS","VARCHAR2","tbl_user_session","REVIEW_REQUIRED","ExistingTableRequiredColumn","Manual mapping required; no safe automatic target column was inferred.","Use IAS_ZTBL default if legacy value is null.","CurrentState","Requires parent table load order and surrogate key crosswalk.","Low","Legacy session audit."
"T_USER_SESSION","POSTING_DIV","NUMBER","tbl_user_session","REVIEW_REQUIRED","ExistingTableRequiredColumn","Manual mapping required; no safe automatic target column was inferred.","Use IAS_ZTBL default if legacy value is null.","CurrentState","Requires parent table load order and surrogate key crosswalk.","Low","Legacy session audit."
"T_USER_SESSION","GROUP_ID","VARCHAR2","tbl_user_session","user_session_id","ExistingTableExistingColumn","Direct copy after datatype coercion and audit-column normalization.","Use IAS_ZTBL default if legacy value is null.","CurrentState","Requires parent table load order and surrogate key crosswalk.","Medium","Legacy session audit."
"T_USER_SESSION","POSTING_DEPT","NUMBER","tbl_user_session","REVIEW_REQUIRED","ExistingTableRequiredColumn","Manual mapping required; no safe automatic target column was inferred.","Use IAS_ZTBL default if legacy value is null.","CurrentState","Requires parent table load order and surrogate key crosswalk.","Low","Legacy session audit."
"T_USER_SESSION","POSTING_ZONE","NUMBER","tbl_user_session","REVIEW_REQUIRED","ExistingTableRequiredColumn","Manual mapping required; no safe automatic target column was inferred.","Use IAS_ZTBL default if legacy value is null.","CurrentState","Requires parent table load order and surrogate key crosswalk.","Low","Legacy session audit."
"T_USER_SESSION","POSTING_BRANCH","NUMBER","tbl_user_session","REVIEW_REQUIRED","ExistingTableRequiredColumn","Manual mapping required; no safe automatic target column was inferred.","Use IAS_ZTBL default if legacy value is null.","CurrentState","Requires parent table load order and surrogate key crosswalk.","Low","Legacy session audit."
"T_USER_SESSION","POSTING_AZ","NUMBER","tbl_user_session","REVIEW_REQUIRED","ExistingTableRequiredColumn","Manual mapping required; no safe automatic target column was inferred.","Use IAS_ZTBL default if legacy value is null.","CurrentState","Requires parent table load order and surrogate key crosswalk.","Low","Legacy session audit."
"T_USER_SESSION","LOGGED_IN_DATE","TIMESTAMP(6)","tbl_user_session","REVIEW_REQUIRED","ExistingTableRequiredColumn","Manual mapping required; no safe automatic target column was inferred.","Use IAS_ZTBL default if legacy value is null.","CurrentState","Requires parent table load order and surrogate key crosswalk.","Low","Legacy session audit."
"T_USER_SESSION","SESSION_ACTIVE","CHAR","tbl_user_session","is_active","ExistingTableExistingColumn","Normalize active flag to Y/N.","Use IAS_ZTBL default if legacy value is null.","CurrentState","Requires parent table load order and surrogate key crosswalk.","Medium","Legacy session audit."
"T_USER_SESSION","ID","NUMBER","tbl_user_session","user_session_id","ExistingTableExistingColumn","Direct copy after datatype coercion and audit-column normalization.","Use IAS_ZTBL default if legacy value is null.","CurrentState","Requires parent table load order and surrogate key crosswalk.","Medium","Legacy session audit."
"T_USER_SESSION","LOGGED_OUT_DATE","TIMESTAMP(6)","tbl_user_session","REVIEW_REQUIRED","ExistingTableRequiredColumn","Manual mapping required; no safe automatic target column was inferred.","Use IAS_ZTBL default if legacy value is null.","CurrentState","Requires parent table load order and surrogate key crosswalk.","Low","Legacy session audit."
"T_USER_SESSION","PRIMARY_MAC_CARD_ADDRESS","VARCHAR2","tbl_user_session","REVIEW_REQUIRED","ExistingTableRequiredColumn","Manual mapping required; no safe automatic target column was inferred.","Use IAS_ZTBL default if legacy value is null.","CurrentState","Requires parent table load order and surrogate key crosswalk.","Low","Legacy session audit."
"T_USER_SESSION","SESSION_ID","VARCHAR2","tbl_user_session","user_session_id","ExistingTableExistingColumn","Direct copy after datatype coercion and audit-column normalization.","Use IAS_ZTBL default if legacy value is null.","CurrentState","Requires parent table load order and surrogate key crosswalk.","Medium","Legacy session audit."
"T_USER_SESSION","ENTITY_ID","NUMBER","tbl_user_session","entity_id","ExistingTableRequiredColumn","Direct copy after datatype coercion and audit-column normalization.","Use IAS_ZTBL default if legacy value is null.","CurrentState","Requires tbl_entity migration and entity-code crosswalk.","Medium","Legacy session audit."
"T_WORKING_PAPER_ACCOUNT_OPENING","A_ID","NUMBER","REVIEW_REQUIRED","REVIEW_REQUIRED","ReviewRequired","Manual mapping required; no safe automatic target column was inferred.","Use IAS_ZTBL default if legacy value is null.","Review","Requires parent table load order and surrogate key crosswalk.","Low","No confident automatic target mapping."
"T_WORKING_PAPER_ACCOUNT_OPENING","V_NUMBER","VARCHAR2","REVIEW_REQUIRED","REVIEW_REQUIRED","ReviewRequired","Manual mapping required; no safe automatic target column was inferred.","Use IAS_ZTBL default if legacy value is null.","Review","Requires parent table load order and surrogate key crosswalk.","Low","No confident automatic target mapping."
"T_WORKING_PAPER_ACCOUNT_OPENING","A_NATURE","VARCHAR2","REVIEW_REQUIRED","REVIEW_REQUIRED","ReviewRequired","Manual mapping required; no safe automatic target column was inferred.","Use IAS_ZTBL default if legacy value is null.","Review","Requires parent table load order and surrogate key crosswalk.","Low","No confident automatic target mapping."
"T_WORKING_PAPER_ACCOUNT_OPENING","OBSERVATION","VARCHAR2","REVIEW_REQUIRED","REVIEW_REQUIRED","ReviewRequired","Manual mapping required; no safe automatic target column was inferred.","Use IAS_ZTBL default if legacy value is null.","Review","Requires parent table load order and surrogate key crosswalk.","Low","No confident automatic target mapping."
"T_WORKING_PAPER_ACCOUNT_OPENING","PARA_NO","VARCHAR2","REVIEW_REQUIRED","REVIEW_REQUIRED","ReviewRequired","Manual mapping required; no safe automatic target column was inferred.","Use IAS_ZTBL default if legacy value is null.","Review","Requires parent table load order and surrogate key crosswalk.","Low","No confident automatic target mapping."
"T_WORKING_PAPER_ACCOUNT_OPENING","ENTERED_BY","VARCHAR2","REVIEW_REQUIRED","created_by","ReviewRequired","Resolve legacy PP/user identifier to tbl_user.user_id.","Use IAS_ZTBL default if legacy value is null.","Review","Requires tbl_user migration and PPNO-to-user_id crosswalk.","Medium","No confident automatic target mapping."
"T_WORKING_PAPER_ACCOUNT_OPENING","ENTERED_ON","TIMESTAMP(6)","REVIEW_REQUIRED","created_on","ReviewRequired","Direct copy after datatype coercion and audit-column normalization.","Use IAS_ZTBL default if legacy value is null.","Review","Requires parent table load order and surrogate key crosswalk.","Medium","No confident automatic target mapping."
"T_WORKING_PAPER_ACCOUNT_OPENING","ENG_ID","VARCHAR2","REVIEW_REQUIRED","REVIEW_REQUIRED","ReviewRequired","Manual mapping required; no safe automatic target column was inferred.","Use IAS_ZTBL default if legacy value is null.","Review","Requires parent table load order and surrogate key crosswalk.","Low","No confident automatic target mapping."
"T_WORKING_PAPER_CASH_COUNT","ID","NUMBER","REVIEW_REQUIRED","REVIEW_REQUIRED","ReviewRequired","Manual mapping required; no safe automatic target column was inferred.","Use IAS_ZTBL default if legacy value is null.","Review","Requires parent table load order and surrogate key crosswalk.","Low","No confident automatic target mapping."
"T_WORKING_PAPER_CASH_COUNT","DENOMINATION_VAULT","VARCHAR2","REVIEW_REQUIRED","REVIEW_REQUIRED","ReviewRequired","Manual mapping required; no safe automatic target column was inferred.","Use IAS_ZTBL default if legacy value is null.","Review","Requires parent table load order and surrogate key crosswalk.","Low","No confident automatic target mapping."
"T_WORKING_PAPER_CASH_COUNT","NO_CURRENCY_NOTES_VAULT","NUMBER","REVIEW_REQUIRED","REVIEW_REQUIRED","ReviewRequired","Manual mapping required; no safe automatic target column was inferred.","Use IAS_ZTBL default if legacy value is null.","Review","Requires parent table load order and surrogate key crosswalk.","Low","No confident automatic target mapping."
"T_WORKING_PAPER_CASH_COUNT","TOTAL_AMOUNT_VAULT","NUMBER","REVIEW_REQUIRED","REVIEW_REQUIRED","ReviewRequired","Manual mapping required; no safe automatic target column was inferred.","Use IAS_ZTBL default if legacy value is null.","Review","Requires parent table load order and surrogate key crosswalk.","Low","No confident automatic target mapping."
"T_WORKING_PAPER_CASH_COUNT","DENOMINATION_SAFE_REGISTER","VARCHAR2","REVIEW_REQUIRED","REVIEW_REQUIRED","ReviewRequired","Manual mapping required; no safe automatic target column was inferred.","Use IAS_ZTBL default if legacy value is null.","Review","Requires parent table load order and surrogate key crosswalk.","Low","No confident automatic target mapping."
"T_WORKING_PAPER_CASH_COUNT","NO_CURRENCY_NOTES_SAFE_REGISTER","NUMBER","REVIEW_REQUIRED","REVIEW_REQUIRED","ReviewRequired","Manual mapping required; no safe automatic target column was inferred.","Use IAS_ZTBL default if legacy value is null.","Review","Requires parent table load order and surrogate key crosswalk.","Low","No confident automatic target mapping."
"T_WORKING_PAPER_CASH_COUNT","TOTAL_AMOUNT_SAFE_REGISTER","NUMBER","REVIEW_REQUIRED","REVIEW_REQUIRED","ReviewRequired","Manual mapping required; no safe automatic target column was inferred.","Use IAS_ZTBL default if legacy value is null.","Review","Requires parent table load order and surrogate key crosswalk.","Low","No confident automatic target mapping."
"T_WORKING_PAPER_CASH_COUNT","DIFFERENCE","NUMBER","REVIEW_REQUIRED","REVIEW_REQUIRED","ReviewRequired","Manual mapping required; no safe automatic target column was inferred.","Use IAS_ZTBL default if legacy value is null.","Review","Requires parent table load order and surrogate key crosswalk.","Low","No confident automatic target mapping."
"T_WORKING_PAPER_CASH_COUNT","ENTERED_BY","VARCHAR2","REVIEW_REQUIRED","created_by","ReviewRequired","Resolve legacy PP/user identifier to tbl_user.user_id.","Use IAS_ZTBL default if legacy value is null.","Review","Requires tbl_user migration and PPNO-to-user_id crosswalk.","Medium","No confident automatic target mapping."
"T_WORKING_PAPER_CASH_COUNT","ENTERED_ON","TIMESTAMP(6)","REVIEW_REQUIRED","created_on","ReviewRequired","Direct copy after datatype coercion and audit-column normalization.","Use IAS_ZTBL default if legacy value is null.","Review","Requires parent table load order and surrogate key crosswalk.","Medium","No confident automatic target mapping."
"T_WORKING_PAPER_CASH_COUNT","ENG_ID","VARCHAR2","REVIEW_REQUIRED","REVIEW_REQUIRED","ReviewRequired","Manual mapping required; no safe automatic target column was inferred.","Use IAS_ZTBL default if legacy value is null.","Review","Requires parent table load order and surrogate key crosswalk.","Low","No confident automatic target mapping."
"T_WORKING_PAPER_FIXED_ASSETS","FA_ID","NUMBER","REVIEW_REQUIRED","REVIEW_REQUIRED","ReviewRequired","Manual mapping required; no safe automatic target column was inferred.","Use IAS_ZTBL default if legacy value is null.","Review","Requires parent table load order and surrogate key crosswalk.","Low","No confident automatic target mapping."
"T_WORKING_PAPER_FIXED_ASSETS","ASSET_NAME","VARCHAR2","REVIEW_REQUIRED","name","ReviewRequired","Direct copy after datatype coercion and audit-column normalization.","Use IAS_ZTBL default if legacy value is null.","Review","Requires parent table load order and surrogate key crosswalk.","Low","No confident automatic target mapping."
"T_WORKING_PAPER_FIXED_ASSETS","PHYSICAL_EXISTANCE","VARCHAR2","REVIEW_REQUIRED","REVIEW_REQUIRED","ReviewRequired","Manual mapping required; no safe automatic target column was inferred.","Use IAS_ZTBL default if legacy value is null.","Review","Requires parent table load order and surrogate key crosswalk.","Low","No confident automatic target mapping."
"T_WORKING_PAPER_FIXED_ASSETS","LOCATION_AS_PER_FAR","VARCHAR2","REVIEW_REQUIRED","REVIEW_REQUIRED","ReviewRequired","Manual mapping required; no safe automatic target column was inferred.","Use IAS_ZTBL default if legacy value is null.","Review","Requires parent table load order and surrogate key crosswalk.","Low","No confident automatic target mapping."
"T_WORKING_PAPER_FIXED_ASSETS","DIFFERENCE","VARCHAR2","REVIEW_REQUIRED","REVIEW_REQUIRED","ReviewRequired","Manual mapping required; no safe automatic target column was inferred.","Use IAS_ZTBL default if legacy value is null.","Review","Requires parent table load order and surrogate key crosswalk.","Low","No confident automatic target mapping."
"T_WORKING_PAPER_FIXED_ASSETS","REMARKS","VARCHAR2","REVIEW_REQUIRED","REVIEW_REQUIRED","ReviewRequired","Manual mapping required; no safe automatic target column was inferred.","Use IAS_ZTBL default if legacy value is null.","Review","Requires parent table load order and surrogate key crosswalk.","Low","No confident automatic target mapping."
"T_WORKING_PAPER_FIXED_ASSETS","ENTERED_ON","TIMESTAMP(6)","REVIEW_REQUIRED","created_on","ReviewRequired","Direct copy after datatype coercion and audit-column normalization.","Use IAS_ZTBL default if legacy value is null.","Review","Requires parent table load order and surrogate key crosswalk.","Medium","No confident automatic target mapping."
"T_WORKING_PAPER_FIXED_ASSETS","ENTERED_BY","VARCHAR2","REVIEW_REQUIRED","created_by","ReviewRequired","Resolve legacy PP/user identifier to tbl_user.user_id.","Use IAS_ZTBL default if legacy value is null.","Review","Requires tbl_user migration and PPNO-to-user_id crosswalk.","Medium","No confident automatic target mapping."
"T_WORKING_PAPER_FIXED_ASSETS","ENG_ID","VARCHAR2","REVIEW_REQUIRED","REVIEW_REQUIRED","ReviewRequired","Manual mapping required; no safe automatic target column was inferred.","Use IAS_ZTBL default if legacy value is null.","Review","Requires parent table load order and surrogate key crosswalk.","Low","No confident automatic target mapping."
"T_WORKING_PAPER_LOAN_CASE_FILE","LC_ID","NUMBER","REVIEW_REQUIRED","REVIEW_REQUIRED","ReviewRequired","Manual mapping required; no safe automatic target column was inferred.","Use IAS_ZTBL default if legacy value is null.","Review","Requires parent table load order and surrogate key crosswalk.","Low","No confident automatic target mapping."
"T_WORKING_PAPER_LOAN_CASE_FILE","LC_NUMBER","VARCHAR2","REVIEW_REQUIRED","REVIEW_REQUIRED","ReviewRequired","Manual mapping required; no safe automatic target column was inferred.","Use IAS_ZTBL default if legacy value is null.","Review","Requires parent table load order and surrogate key crosswalk.","Low","No confident automatic target mapping."
"T_WORKING_PAPER_LOAN_CASE_FILE","AMOUNT","NUMBER","REVIEW_REQUIRED","REVIEW_REQUIRED","ReviewRequired","Manual mapping required; no safe automatic target column was inferred.","Use IAS_ZTBL default if legacy value is null.","Review","Requires parent table load order and surrogate key crosswalk.","Low","No confident automatic target mapping."
"T_WORKING_PAPER_LOAN_CASE_FILE","DISB_DATE","DATE","REVIEW_REQUIRED","REVIEW_REQUIRED","ReviewRequired","Manual mapping required; no safe automatic target column was inferred.","Use IAS_ZTBL default if legacy value is null.","Review","Requires parent table load order and surrogate key crosswalk.","Low","No confident automatic target mapping."
"T_WORKING_PAPER_LOAN_CASE_FILE","CATEGORY","VARCHAR2","REVIEW_REQUIRED","REVIEW_REQUIRED","ReviewRequired","Manual mapping required; no safe automatic target column was inferred.","Use IAS_ZTBL default if legacy value is null.","Review","Requires parent table load order and surrogate key crosswalk.","Low","No confident automatic target mapping."
"T_WORKING_PAPER_LOAN_CASE_FILE","OBSERVATION","VARCHAR2","REVIEW_REQUIRED","REVIEW_REQUIRED","ReviewRequired","Manual mapping required; no safe automatic target column was inferred.","Use IAS_ZTBL default if legacy value is null.","Review","Requires parent table load order and surrogate key crosswalk.","Low","No confident automatic target mapping."
"T_WORKING_PAPER_LOAN_CASE_FILE","PARA_NO","VARCHAR2","REVIEW_REQUIRED","REVIEW_REQUIRED","ReviewRequired","Manual mapping required; no safe automatic target column was inferred.","Use IAS_ZTBL default if legacy value is null.","Review","Requires parent table load order and surrogate key crosswalk.","Low","No confident automatic target mapping."
"T_WORKING_PAPER_LOAN_CASE_FILE","ENTERED_BY","VARCHAR2","REVIEW_REQUIRED","created_by","ReviewRequired","Resolve legacy PP/user identifier to tbl_user.user_id.","Use IAS_ZTBL default if legacy value is null.","Review","Requires tbl_user migration and PPNO-to-user_id crosswalk.","Medium","No confident automatic target mapping."
"T_WORKING_PAPER_LOAN_CASE_FILE","ENTERED_ON","TIMESTAMP(6)","REVIEW_REQUIRED","created_on","ReviewRequired","Direct copy after datatype coercion and audit-column normalization.","Use IAS_ZTBL default if legacy value is null.","Review","Requires parent table load order and surrogate key crosswalk.","Medium","No confident automatic target mapping."
"T_WORKING_PAPER_LOAN_CASE_FILE","ENG_ID","VARCHAR2","REVIEW_REQUIRED","REVIEW_REQUIRED","ReviewRequired","Manual mapping required; no safe automatic target column was inferred.","Use IAS_ZTBL default if legacy value is null.","Review","Requires parent table load order and surrogate key crosswalk.","Low","No confident automatic target mapping."
"T_WORKING_PAPER_VOUCHER_CHECKING","V_ID","NUMBER","REVIEW_REQUIRED","REVIEW_REQUIRED","ReviewRequired","Manual mapping required; no safe automatic target column was inferred.","Use IAS_ZTBL default if legacy value is null.","Review","Requires parent table load order and surrogate key crosswalk.","Low","No confident automatic target mapping."
"T_WORKING_PAPER_VOUCHER_CHECKING","V_NUMBER","VARCHAR2","REVIEW_REQUIRED","REVIEW_REQUIRED","ReviewRequired","Manual mapping required; no safe automatic target column was inferred.","Use IAS_ZTBL default if legacy value is null.","Review","Requires parent table load order and surrogate key crosswalk.","Low","No confident automatic target mapping."
"T_WORKING_PAPER_VOUCHER_CHECKING","OBSERVATION","VARCHAR2","REVIEW_REQUIRED","REVIEW_REQUIRED","ReviewRequired","Manual mapping required; no safe automatic target column was inferred.","Use IAS_ZTBL default if legacy value is null.","Review","Requires parent table load order and surrogate key crosswalk.","Low","No confident automatic target mapping."
"T_WORKING_PAPER_VOUCHER_CHECKING","PARA_NO","VARCHAR2","REVIEW_REQUIRED","REVIEW_REQUIRED","ReviewRequired","Manual mapping required; no safe automatic target column was inferred.","Use IAS_ZTBL default if legacy value is null.","Review","Requires parent table load order and surrogate key crosswalk.","Low","No confident automatic target mapping."
"T_WORKING_PAPER_VOUCHER_CHECKING","ENTERED_ON","TIMESTAMP(6)","REVIEW_REQUIRED","created_on","ReviewRequired","Direct copy after datatype coercion and audit-column normalization.","Use IAS_ZTBL default if legacy value is null.","Review","Requires parent table load order and surrogate key crosswalk.","Medium","No confident automatic target mapping."
"T_WORKING_PAPER_VOUCHER_CHECKING","ENTERED_BY","VARCHAR2","REVIEW_REQUIRED","created_by","ReviewRequired","Resolve legacy PP/user identifier to tbl_user.user_id.","Use IAS_ZTBL default if legacy value is null.","Review","Requires tbl_user migration and PPNO-to-user_id crosswalk.","Medium","No confident automatic target mapping."
"T_WORKING_PAPER_VOUCHER_CHECKING","ENG_ID","VARCHAR2","REVIEW_REQUIRED","REVIEW_REQUIRED","ReviewRequired","Manual mapping required; no safe automatic target column was inferred.","Use IAS_ZTBL default if legacy value is null.","Review","Requires parent table load order and surrogate key crosswalk.","Low","No confident automatic target mapping."
"VM_GET_ALL_PARA_TEXT","ID","NUMBER","REVIEW_REQUIRED","REVIEW_REQUIRED","ReviewRequired","Manual mapping required; no safe automatic target column was inferred.","Use IAS_ZTBL default if legacy value is null.","Review","Requires parent table load order and surrogate key crosswalk.","Low","No confident automatic target mapping."
"VM_GET_ALL_PARA_TEXT","ENTITY_ID","NUMBER","REVIEW_REQUIRED","entity_id","ReviewRequired","Direct copy after datatype coercion and audit-column normalization.","Use IAS_ZTBL default if legacy value is null.","Review","Requires tbl_entity migration and entity-code crosswalk.","Medium","No confident automatic target mapping."
"VM_GET_ALL_PARA_TEXT","OLD_PARA_ID","NUMBER","REVIEW_REQUIRED","REVIEW_REQUIRED","ReviewRequired","Manual mapping required; no safe automatic target column was inferred.","Use IAS_ZTBL default if legacy value is null.","Review","Requires parent table load order and surrogate key crosswalk.","Low","No confident automatic target mapping."
"VM_GET_ALL_PARA_TEXT","NEW_PARAID","NUMBER","REVIEW_REQUIRED","REVIEW_REQUIRED","ReviewRequired","Manual mapping required; no safe automatic target column was inferred.","Use IAS_ZTBL default if legacy value is null.","Review","Requires parent table load order and surrogate key crosswalk.","Low","No confident automatic target mapping."
"VM_GET_ALL_PARA_TEXT","AUDIT_PERIOD","NUMBER","REVIEW_REQUIRED","REVIEW_REQUIRED","ReviewRequired","Manual mapping required; no safe automatic target column was inferred.","Use IAS_ZTBL default if legacy value is null.","Review","Requires parent table load order and surrogate key crosswalk.","Low","No confident automatic target mapping."
"VM_GET_ALL_PARA_TEXT","PARA_STATUS","NUMBER","REVIEW_REQUIRED","REVIEW_REQUIRED","ReviewRequired","Manual mapping required; no safe automatic target column was inferred.","Use IAS_ZTBL default if legacy value is null.","Review","Requires parent table load order and surrogate key crosswalk.","Low","No confident automatic target mapping."
"VM_GET_ALL_PARA_TEXT","AUDITED_BY","NUMBER","REVIEW_REQUIRED","REVIEW_REQUIRED","ReviewRequired","Manual mapping required; no safe automatic target column was inferred.","Use IAS_ZTBL default if legacy value is null.","Review","Requires parent table load order and surrogate key crosswalk.","Low","No confident automatic target mapping."
"VM_GET_ALL_PARA_TEXT","ENG_ID","NUMBER","REVIEW_REQUIRED","REVIEW_REQUIRED","ReviewRequired","Manual mapping required; no safe automatic target column was inferred.","Use IAS_ZTBL default if legacy value is null.","Review","Requires parent table load order and surrogate key crosswalk.","Low","No confident automatic target mapping."
"VM_GET_ALL_PARA_TEXT","R_ID","NUMBER","REVIEW_REQUIRED","REVIEW_REQUIRED","ReviewRequired","Manual mapping required; no safe automatic target column was inferred.","Use IAS_ZTBL default if legacy value is null.","Review","Requires parent table load order and surrogate key crosswalk.","Low","No confident automatic target mapping."
"VM_GET_ALL_PARA_TEXT","OLD_PARA_REF","VARCHAR2","REVIEW_REQUIRED","REVIEW_REQUIRED","ReviewRequired","Manual mapping required; no safe automatic target column was inferred.","Use IAS_ZTBL default if legacy value is null.","Review","Requires parent table load order and surrogate key crosswalk.","Low","No confident automatic target mapping."
"VM_GET_ALL_PARA_TEXT","IND","CHAR","REVIEW_REQUIRED","REVIEW_REQUIRED","ReviewRequired","Manual mapping required; no safe automatic target column was inferred.","Use IAS_ZTBL default if legacy value is null.","Review","Requires parent table load order and surrogate key crosswalk.","Low","No confident automatic target mapping."
"VM_GET_ALL_PARA_TEXT","PARA_NO","VARCHAR2","REVIEW_REQUIRED","REVIEW_REQUIRED","ReviewRequired","Manual mapping required; no safe automatic target column was inferred.","Use IAS_ZTBL default if legacy value is null.","Review","Requires parent table load order and surrogate key crosswalk.","Low","No confident automatic target mapping."
"VM_GET_ALL_PARA_TEXT","ENTEREDDATE","TIMESTAMP(6)","REVIEW_REQUIRED","created_on","ReviewRequired","Direct copy after datatype coercion and audit-column normalization.","Use IAS_ZTBL default if legacy value is null.","Review","Requires parent table load order and surrogate key crosswalk.","Medium","No confident automatic target mapping."
"VM_GET_ALL_PARA_TEXT","GIST_OF_PARAS","VARCHAR2","REVIEW_REQUIRED","REVIEW_REQUIRED","ReviewRequired","Manual mapping required; no safe automatic target column was inferred.","Use IAS_ZTBL default if legacy value is null.","Review","Requires parent table load order and surrogate key crosswalk.","Low","No confident automatic target mapping."
"VM_GET_ALL_PARA_TEXT","TEXT","CLOB","REVIEW_REQUIRED","detail_text","ReviewRequired","Load long text into normalized CLOB detail field.","Use IAS_ZTBL default if legacy value is null.","Review","Requires parent table load order and surrogate key crosswalk.","Low","No confident automatic target mapping."
"VM_GET_ALL_PARA_TEXT","CODE","VARCHAR2","REVIEW_REQUIRED","REVIEW_REQUIRED","ReviewRequired","Manual mapping required; no safe automatic target column was inferred.","Use IAS_ZTBL default if legacy value is null.","Review","Requires parent table load order and surrogate key crosswalk.","Low","No confident automatic target mapping."
