"PackageName","ProcedureCall","Modules","Methods","ReadObjects","WriteObjects","ReplacementAction","TargetPackage","ReplacementRationale","TransitionRule"
"PKG_AD","PKG_AD.P_GETALLTOPMENUS","AD","GetAllTopMenus","T_MENU","","wrap","pkg_sec / pkg_admin / pkg_entity","Read-only admin/setup procedures can be wrapped while new IAS_ZTBL tables are phased in.","Expose through an adapter/facade and block new direct controller dependencies."
"PKG_AD","PKG_AD.P_GETALLMENUPAGES","AD","GetAllMenuPages","T_MENU_PAGES","","wrap","pkg_sec / pkg_admin / pkg_entity","Read-only admin/setup procedures can be wrapped while new IAS_ZTBL tables are phased in.","Expose through an adapter/facade and block new direct controller dependencies."
"PKG_AD","PKG_AD.P_GETASSIGNEDMENUPAGES","AD","GetAssignedMenuPages","T_MENU_PAGES; T_MENU_PAGES_GROUPMAP","","wrap","pkg_sec / pkg_admin / pkg_entity","Read-only admin/setup procedures can be wrapped while new IAS_ZTBL tables are phased in.","Expose through an adapter/facade and block new direct controller dependencies."
"PKG_AD","PKG_AD.P_UPDATEALLMENUPAGES","AD","UpdateMenuPagesAssignment","","T_MENU_PAGES","split","pkg_sec + pkg_admin","PKG_AD mixes security, setup, entity, checklist, and reversal logic and should be split by module.","Decompose into module-bound procedures before IAS_ZTBL go-live."
"PKG_AD","PKG_AD.P_GETGROUPS","AD","GetGroups","T_GROUPS","","wrap","pkg_sec / pkg_admin / pkg_entity","Read-only admin/setup procedures can be wrapped while new IAS_ZTBL tables are phased in.","Expose through an adapter/facade and block new direct controller dependencies."
"PKG_AD","PKG_AD.P_ADDGROUP","AD","AddGroup","T_GROUPS","T_GROUPS","split","pkg_sec + pkg_admin","PKG_AD mixes security, setup, entity, checklist, and reversal logic and should be split by module.","Decompose into module-bound procedures before IAS_ZTBL go-live."
"PKG_AD","PKG_AD.P_GROUP_UPDATE","AD","AddGroup","","T_GROUPS","split","pkg_sec + pkg_admin","PKG_AD mixes security, setup, entity, checklist, and reversal logic and should be split by module.","Decompose into module-bound procedures before IAS_ZTBL go-live."
"PKG_AD","PKG_AD.P_GETROLERESPONSIBILITIES","AD","GetHRDesignation; GetRoleResponsibilities","T_HR_DESIGNATIONS","","wrap","pkg_sec / pkg_admin / pkg_entity","Read-only admin/setup procedures can be wrapped while new IAS_ZTBL tables are phased in.","Expose through an adapter/facade and block new direct controller dependencies."
"PKG_AD","PKG_AD.P_GET_ANNEXURE","AD","GetAnnexuresForChecklistDetail","T_AUDIT_CHECKLIST_ANNEXURE; T_AUDIT_CHECKLIST_ANNEXURE_PROCESS; T_RISK; T_AUDITEE_ENTITIES","","wrap","pkg_sec / pkg_admin / pkg_entity","Read-only admin/setup procedures can be wrapped while new IAS_ZTBL tables are phased in.","Expose through an adapter/facade and block new direct controller dependencies."
"PKG_AD","PKG_AD.P_GET_ALLUSERS","AD","GetAllUsers; GetMatchedPPNumbers","V_SERVICE_EMPLOYEEINFO; T_USER; T_EMAIL_ADDRESS; T_AUDITEE_ENTITIES; V_GET_PARENT_OFFICE; T_AUDITEE_ENT_TYPES; T_USER_MAPING; T_GROUPS","","wrap","pkg_sec / pkg_admin / pkg_entity","Read-only admin/setup procedures can be wrapped while new IAS_ZTBL tables are phased in.","Expose through an adapter/facade and block new direct controller dependencies."
"PKG_AD","PKG_AD.P_ADD_NEW_USER","AD","AddNewUser","T_USER_MAPING; T_USER; V_SERVICE_EMPLOYEEINFO; DUAL","T_USER_MAPING; T_USER","split","pkg_sec + pkg_admin","PKG_AD mixes security, setup, entity, checklist, and reversal logic and should be split by module.","Decompose into module-bound procedures before IAS_ZTBL go-live."
"PKG_AD","PKG_AD.P_GET_ENTITY_TYPE","AD","GetAuditEntityTypes","T_AUDITEE_ENT_TYPES","","wrap","pkg_sec / pkg_admin / pkg_entity","Read-only admin/setup procedures can be wrapped while new IAS_ZTBL tables are phased in.","Expose through an adapter/facade and block new direct controller dependencies."
"PKG_AD","PKG_AD.P_GET_AUDITED_BY","AD","GetAuditBy","T_AUDIT_DEPARTMENTS","","wrap","pkg_sec / pkg_admin / pkg_entity","Read-only admin/setup procedures can be wrapped while new IAS_ZTBL tables are phased in.","Expose through an adapter/facade and block new direct controller dependencies."
"PKG_AD","PKG_AD.P_GETAUDITEEENTITYTYPES","AD","GetAuditeeEntities; GetEntityTypeList","T_AUDITEE_ENT_TYPES","","wrap","pkg_sec / pkg_admin / pkg_entity","Read-only admin/setup procedures can be wrapped while new IAS_ZTBL tables are phased in.","Expose through an adapter/facade and block new direct controller dependencies."
"PKG_AD","PKG_AD.P_GETENTITEES_FOR_UPDATE","AD","GetAuditeeEntitiesForUpdate","T_AUDITEE_ENTITIES; T_RISK; T_AUDITEE_ENTITIES_SIZE_DISC; T_AUDITEE_ENTITIES_UPDATE_AZ","","wrap","pkg_sec / pkg_admin / pkg_entity","Read-only admin/setup procedures can be wrapped while new IAS_ZTBL tables are phased in.","Expose through an adapter/facade and block new direct controller dependencies."
"PKG_AD","PKG_AD.P_GETENTITEES_FOR_UPDATE_COMP","AD","GetAuditeeEntitiesForUpdateForAuthorization","T_AUDITEE_ENTITIES_UPDATE_AZ; T_AUDITEE_ENTITIES; T_RISK; T_AUDITEE_ENTITIES_SIZE_DISC","","wrap","pkg_sec / pkg_admin / pkg_entity","Read-only admin/setup procedures can be wrapped while new IAS_ZTBL tables are phased in.","Expose through an adapter/facade and block new direct controller dependencies."
"PKG_AD","PKG_AD.P_GETENTITEES_FOR_UPDATE_AUTHORIZATION","AD","GetAuditeeEntitiesForAuthorization","T_AUDITEE_ENTITIES_UPDATE_AZ; T_AUDITEE_ENTITIES; T_RISK; T_AUDITEE_ENTITIES_SIZE_DISC","","wrap","pkg_sec / pkg_admin / pkg_entity","Read-only admin/setup procedures can be wrapped while new IAS_ZTBL tables are phased in.","Expose through an adapter/facade and block new direct controller dependencies."
"PKG_AD","PKG_AD.P_UPDATE_ENTITIES","AD","UpdateAuditeeEntity","T_AUDITEE_ENTITIES_UPDATE_AZ; T_AUDITEE_ENTITIES; DUAL","T_AUDITEE_ENTITIES_UPDATE_AZ; T_AUDITEE_ENTITIES; TO","split","pkg_admin + pkg_execution + pkg_planning","PKG_AD mixes security, setup, entity, checklist, and reversal logic and should be split by module.","Decompose into module-bound procedures before IAS_ZTBL go-live."
"PKG_AD","PKG_AD.P_GET_AUDITEE_ENTITIES","AD","GetAISEntities","T_AUDITEE_ENTITIES; T_AUDITEE_ENT_TYPES","","wrap","pkg_sec / pkg_admin / pkg_entity","Read-only admin/setup procedures can be wrapped while new IAS_ZTBL tables are phased in.","Expose through an adapter/facade and block new direct controller dependencies."
"PKG_AD","PKG_AD.P_GET_CBAS_ENTITIES","AD","GetCBASEntities","V_GET_CBAS_ENTITIES","","wrap","pkg_sec / pkg_admin / pkg_entity","Read-only admin/setup procedures can be wrapped while new IAS_ZTBL tables are phased in.","Expose through an adapter/facade and block new direct controller dependencies."
"PKG_AD","PKG_AD.P_GET_ERP_ENTITIES","AD","GetERPEntities","DUAL; V_ERP_DEPARTMENTS","","wrap","pkg_sec / pkg_admin / pkg_entity","Read-only admin/setup procedures can be wrapped while new IAS_ZTBL tables are phased in.","Expose through an adapter/facade and block new direct controller dependencies."
"PKG_AD","PKG_AD.P_GET_HR_ENTITIES","AD","GetHREntities; GetHREntitiesForAdminPanelEntityAddition","V_GET_HR_ENTITIES","","wrap","pkg_sec / pkg_admin / pkg_entity","Read-only admin/setup procedures can be wrapped while new IAS_ZTBL tables are phased in.","Expose through an adapter/facade and block new direct controller dependencies."
"PKG_AD","PKG_AD.P_ADDAUDITENTITY","AD","AddAuditEntity","T_AUDITEE_ENT_TYPES","T_AUDITEE_ENT_TYPES","split","pkg_entity + pkg_master","PKG_AD mixes security, setup, entity, checklist, and reversal logic and should be split by module.","Decompose into module-bound procedures before IAS_ZTBL go-live."
"PKG_AD","PKG_AD.UPDATE_USERS","AD","UpdateUser","T_USER_MAPING; T_USER; T_EMAIL_ADDRESS; T_EMP_EMAILS; T_AU_REMARKS","T_USER; T_USER_MAPING; T_EMAIL_ADDRESS; T_EMP_EMAILS","split","pkg_sec + pkg_admin","PKG_AD mixes security, setup, entity, checklist, and reversal logic and should be split by module.","Decompose into module-bound procedures before IAS_ZTBL go-live."
"PKG_AD","PKG_AD.RESET_USER_PASSWORD","AD","ResetUserPassword","T_USER; T_AUDITEE_ENTITIES; T_AUDITEE_ENT_TYPES; DUAL; V_SERVICE_EMPLOYEEINFO; V_EMAILS","PASSWORD; T_USER","split","pkg_sec + pkg_admin","PKG_AD mixes security, setup, entity, checklist, and reversal logic and should be split by module.","Decompose into module-bound procedures before IAS_ZTBL go-live."
"PKG_AD","PKG_AD.P_ADDGROUPMENUITEMSASSIGNMENT","AD","AddGroupMenuItemsAssignment","T_MENU_PAGES_GROUPMAP; T_AU_API_MASTER; T_AU_ROLE_API_PERMISSION","T_MENU_PAGES_GROUPMAP; T_AU_ROLE_API_PERMISSION","split","pkg_sec + pkg_admin","PKG_AD mixes security, setup, entity, checklist, and reversal logic and should be split by module.","Decompose into module-bound procedures before IAS_ZTBL go-live."
"PKG_AD","PKG_AD.P_REMOVEGROUPMENUITEMSASSIGNMENT","AD","RemoveGroupMenuItemsAssignment","T_MENU_PAGES_GROUPMAP; T_AU_ROLE_API_PERMISSION; T_AU_API_MASTER","T_MENU_PAGES_GROUPMAP; T_AU_ROLE_API_PERMISSION","split","pkg_sec + pkg_admin","PKG_AD mixes security, setup, entity, checklist, and reversal logic and should be split by module.","Decompose into module-bound procedures before IAS_ZTBL go-live."
"PKG_AD","PKG_AD.P_GETAUDITZONES","AD","GetAuditZones","T_AUDITEE_ENTITIES","","wrap","pkg_sec / pkg_admin / pkg_entity","Read-only admin/setup procedures can be wrapped while new IAS_ZTBL tables are phased in.","Expose through an adapter/facade and block new direct controller dependencies."
"PKG_AD","PKG_AD.P_GETBRANCHES","AD","GetBranches","V_SERVICE_BRANCH","","wrap","pkg_sec / pkg_admin / pkg_entity","Read-only admin/setup procedures can be wrapped while new IAS_ZTBL tables are phased in.","Expose through an adapter/facade and block new direct controller dependencies."
"PKG_AD","PKG_AD.P_GETZONES","AD","GetZones","T_AUDITEE_ENTITIES","","wrap","pkg_sec / pkg_admin / pkg_entity","Read-only admin/setup procedures can be wrapped while new IAS_ZTBL tables are phased in.","Expose through an adapter/facade and block new direct controller dependencies."
"PKG_AD","PKG_AD.P_GETZONESFORHOMOINTORING","AD","GetZonesoldparamointoring","T_AUDITEE_ENTITIES; V_GET_PARENT_OFFICE; T_AUDITEE_ENTITIES_MAPING; T_AUDITEE_ENT_TYPES","","wrap","pkg_sec / pkg_admin / pkg_entity","Read-only admin/setup procedures can be wrapped while new IAS_ZTBL tables are phased in.","Expose through an adapter/facade and block new direct controller dependencies."
"PKG_AD","PKG_AD.P_GETBRANCHSIZES","AD","GetBranchSizes","T_AUDITEE_ENTITIES_SIZE_DISC","","wrap","pkg_sec / pkg_admin / pkg_entity","Read-only admin/setup procedures can be wrapped while new IAS_ZTBL tables are phased in.","Expose through an adapter/facade and block new direct controller dependencies."
"PKG_AD","PKG_AD.P_GETCONTROLVIOLATIONS","AD","GetControlViolations","T_R_SUB_GROUP","","wrap","pkg_sec / pkg_admin / pkg_entity","Read-only admin/setup procedures can be wrapped while new IAS_ZTBL tables are phased in.","Expose through an adapter/facade and block new direct controller dependencies."
"PKG_AD","PKG_AD.P_GETSUBENTITIES","AD","GetSubEntities","T_AUDITEE_ENTITEE_SUBENTITY; T_AUDITEE_ENTITIES_MAPING","","wrap","pkg_sec / pkg_admin / pkg_entity","Read-only admin/setup procedures can be wrapped while new IAS_ZTBL tables are phased in.","Expose through an adapter/facade and block new direct controller dependencies."
"PKG_AD","PKG_AD.P_ADDSUBENTITY","AD","AddSubEntity","T_AUDITEE_ENTITEE_SUBENTITY","T_AUDITEE_ENTITEE_SUBENTITY","split","pkg_entity + pkg_master","PKG_AD mixes security, setup, entity, checklist, and reversal logic and should be split by module.","Decompose into module-bound procedures before IAS_ZTBL go-live."
"PKG_AD","PKG_AD.P_UPDATESUBENTITY","AD","UpdateSubEntity","","T_AUDITEE_ENTITEE_SUBENTITY","split","pkg_entity + pkg_master","PKG_AD mixes security, setup, entity, checklist, and reversal logic and should be split by module.","Decompose into module-bound procedures before IAS_ZTBL go-live."
"PKG_AD","PKG_AD.P_GET_AUDIT_TEAM_POSTCHANGES","AD","GetAuditOngoingEngagementPlans","T_AU_AUDIT_TEAM_TASKLIST; T_AU_TEAM_MEMBERS; T_AU_AUDIT_TEAMS; T_AU_PLAN_ENG","","wrap","pkg_sec / pkg_admin / pkg_entity","Read-only admin/setup procedures can be wrapped while new IAS_ZTBL tables are phased in.","Expose through an adapter/facade and block new direct controller dependencies."
"PKG_AD","PKG_AD.P_GETRISKPROCESSDETAILS","AD","GetRiskProcessDetails","T_AUDIT_CHECKLIST; T_AUDIT_CHECKLIST_SUB","","wrap","pkg_sec / pkg_admin / pkg_entity","Read-only admin/setup procedures can be wrapped while new IAS_ZTBL tables are phased in.","Expose through an adapter/facade and block new direct controller dependencies."
"PKG_AD","PKG_AD.P_GET_SUB_CHECKLIST_UPDATE_BYID","AD","GetSubChecklistComparisonDetailById","V_SUB_CHECKLIST_UPDATE_EXITING; V_SUB_CHECKLIST_UPDATE_PROPOSE","","wrap","pkg_sec / pkg_admin / pkg_entity","Read-only admin/setup procedures can be wrapped while new IAS_ZTBL tables are phased in.","Expose through an adapter/facade and block new direct controller dependencies."
"PKG_AD","PKG_AD.P_GET_CHECKLIST_UPDATE_BYID","AD","GetChecklistComparisonDetailById","V_CHECKLIST_UPDATE_EXITING; V_CHECKLIST_UPDATE_PROPOSE","","wrap","pkg_sec / pkg_admin / pkg_entity","Read-only admin/setup procedures can be wrapped while new IAS_ZTBL tables are phased in.","Expose through an adapter/facade and block new direct controller dependencies."
"PKG_AD","PKG_AD.P_GET_CHECKLIST_UPDATE_BYID_REF","AD","GetChecklistComparisonDetailByIdForRefferedBack","V_CHECKLIST_UPDATE_EXITING; V_CHECKLIST_UPDATE_PROPOSE_ID","","wrap","pkg_sec / pkg_admin / pkg_entity","Read-only admin/setup procedures can be wrapped while new IAS_ZTBL tables are phased in.","Expose through an adapter/facade and block new direct controller dependencies."
"PKG_AD","PKG_AD.P_GETRISKPROCESSTRANSACTIONS","AD","GetRiskProcessTransactions","T_AUDIT_CHECKLIST_DETAILS; T_AUDIT_CHECKLIST_SUB; T_AUDIT_CHECKLIST; T_R_SUB_GROUP; T_HR_DESIGNATIONS; T_AUDITEE_ENTITIES","","wrap","pkg_sec / pkg_admin / pkg_entity","Read-only admin/setup procedures can be wrapped while new IAS_ZTBL tables are phased in.","Expose through an adapter/facade and block new direct controller dependencies."
"PKG_AD","PKG_AD.P_GET_UPDATED_SUB_CHECKLIST_FOR_REVIEW","AD","GetUpdatedSubChecklistForReviewAndAuthorize","T_AUDIT_CHECKLIST; T_AUDIT_CHECKLIST_SUB; T_AUDIT_CHECKLIST_SUB_CHANGE; V_SUB_CHECKLIST_REFFEREDBACK_COMMENTS; T_AUDIT_CHECKLIST_DETAILS_LOG","","wrap","pkg_sec / pkg_admin / pkg_entity","Read-only admin/setup procedures can be wrapped while new IAS_ZTBL tables are phased in.","Expose through an adapter/facade and block new direct controller dependencies."
"PKG_AD","PKG_AD.P_GET_UPDATED_CHECKLIST_FOR_REVIEW","AD","GetUpdatedChecklistDetailsForReviewAndAuthorize","T_AUDIT_CHECKLIST_DETAILS; T_AUDIT_CHECKLIST_DETAILS_CHANGE; T_AUDIT_CHECKLIST_SUB; T_AUDIT_CHECKLIST; T_R_SUB_GROUP; T_HR_DESIGNATIONS; T_AUDITEE_ENTITIES; T_RISK; V_CHECKLIST_REFFEREDBACK_COMMENTS; T_AUDIT_CHECKLIST_DETAILS_LOG","","wrap","pkg_sec / pkg_admin / pkg_entity","Read-only admin/setup procedures can be wrapped while new IAS_ZTBL tables are phased in.","Expose through an adapter/facade and block new direct controller dependencies."
"PKG_AD","PKG_AD.P_AUDIT_CHECKLIST","AD","AddAuditChecklist; AddRiskProcess","T_AU_ACTIVITY_LOG; T_AUDIT_CHECKLIST; DUAL","T_AU_ACTIVITY_LOG; T_AUDIT_CHECKLIST","split","pkg_admin + pkg_execution + pkg_planning","PKG_AD mixes security, setup, entity, checklist, and reversal logic and should be split by module.","Decompose into module-bound procedures before IAS_ZTBL go-live."
"PKG_AD","PKG_AD.P_AUDIT_CHECKLIST_SUB","AD","AddAuditSubChecklist; AddRiskSubProcess","T_AU_ACTIVITY_LOG; T_AUDIT_CHECKLIST_SUB_CHANGE; T_AUDIT_CHECKLIST_SUB; T_AUDIT_CHECKLIST_DETAILS_LOG; DUAL","T_AU_ACTIVITY_LOG; T_AUDIT_CHECKLIST_SUB_CHANGE; T_AUDIT_CHECKLIST_SUB; T_AUDIT_CHECKLIST_DETAILS_LOG","split","pkg_admin + pkg_execution + pkg_planning","PKG_AD mixes security, setup, entity, checklist, and reversal logic and should be split by module.","Decompose into module-bound procedures before IAS_ZTBL go-live."
"PKG_AD","PKG_AD.P_AUDIT_CHECKLIST_DETAIL","AD","AddAuditChecklistDetail; AddRiskSubProcessTransaction","T_AU_ACTIVITY_LOG; T_AUDIT_CHECKLIST_DETAILS_CHANGE; T_AUDIT_CHECKLIST_DETAILS; T_AUDIT_CHECKLIST_DETAILS_LOG; DUAL","T_AU_ACTIVITY_LOG; T_AUDIT_CHECKLIST_DETAILS_CHANGE; T_AUDIT_CHECKLIST_DETAILS; T_AUDIT_CHECKLIST_DETAILS_LOG","split","pkg_admin + pkg_execution + pkg_planning","PKG_AD mixes security, setup, entity, checklist, and reversal logic and should be split by module.","Decompose into module-bound procedures before IAS_ZTBL go-live."
"PKG_AD","PKG_AD.P_APPROVED_SUB_PROCESS_BY_AUTHORIZER","AD","AuthorizeSubProcessByAuthorizer","T_AU_ACTIVITY_LOG; DUAL; T_AUDIT_CHECKLIST_SUB_CHANGE; T_AUDIT_CHECKLIST_DETAILS_LOG","T_AU_ACTIVITY_LOG; T_AUDIT_CHECKLIST_SUB_CHANGE; T_AUDIT_CHECKLIST_SUB; T_AUDIT_CHECKLIST_DETAILS_LOG","split","pkg_admin + pkg_execution + pkg_planning","PKG_AD mixes security, setup, entity, checklist, and reversal logic and should be split by module.","Decompose into module-bound procedures before IAS_ZTBL go-live."
"PKG_AD","PKG_AD.P_REFFEREDBACK_SUB_CHECKLIST_BY_REVIEWER","AD","RefferedBackSubProcessByAuthorizer","T_AUDIT_CHECKLIST_DETAILS_LOG; DUAL","T_AUDIT_CHECKLIST_SUB_CHANGE; T_AUDIT_CHECKLIST_DETAILS_LOG","split","pkg_admin + pkg_execution + pkg_planning","PKG_AD mixes security, setup, entity, checklist, and reversal logic and should be split by module.","Decompose into module-bound procedures before IAS_ZTBL go-live."
"PKG_AD","PKG_AD.P_RECOMMEND_CHECKLIST_BY_REVIEWER","AD","RecommendProcessTransactionByReviewer","T_AU_ACTIVITY_LOG; T_AUDIT_CHECKLIST_DETAILS_LOG; DUAL","T_AUDIT_CHECKLIST_DETAILS_CHANGE; T_AU_ACTIVITY_LOG; T_AUDIT_CHECKLIST_DETAILS_LOG","split","pkg_admin + pkg_execution + pkg_planning","PKG_AD mixes security, setup, entity, checklist, and reversal logic and should be split by module.","Decompose into module-bound procedures before IAS_ZTBL go-live."
"PKG_AD","PKG_AD.P_REFFEREDBACK_CHECKLIST_BY_REVIEWER","AD","RefferedBackProcessTransactionByReviewer","T_AU_ACTIVITY_LOG; T_AUDIT_CHECKLIST_DETAILS_LOG; DUAL","T_AU_ACTIVITY_LOG; T_AUDIT_CHECKLIST_DETAILS_CHANGE; T_AUDIT_CHECKLIST_DETAILS_LOG","split","pkg_admin + pkg_execution + pkg_planning","PKG_AD mixes security, setup, entity, checklist, and reversal logic and should be split by module.","Decompose into module-bound procedures before IAS_ZTBL go-live."
"PKG_AD","PKG_AD.P_APPROVE_CHECKLIST_BY_AUTHORIZER","AD","AuthorizeProcessTransactionByAuthorizer","T_AU_ACTIVITY_LOG; T_AUDIT_CHECKLIST_DETAILS; T_AUDIT_CHECKLIST_DETAILS_CHANGE; T_AUDIT_CHECKLIST_DETAILS_LOG; DUAL","T_AU_ACTIVITY_LOG; T_AUDIT_CHECKLIST_DETAILS_CHANGE; T_AUDIT_CHECKLIST_DETAILS; T_AU_OBSERVATION; T_AUDIT_CHECKLIST_DETAILS_LOG","split","pkg_admin + pkg_execution + pkg_planning","PKG_AD mixes security, setup, entity, checklist, and reversal logic and should be split by module.","Decompose into module-bound procedures before IAS_ZTBL go-live."
"PKG_AD","PKG_AD.P_REFFEREDBACK_CHECKLIST_BY_AUTHORIZER","AD","RefferedBackProcessTransactionByAuthorizer","T_AU_ACTIVITY_LOG; T_AUDIT_CHECKLIST_DETAILS_LOG; DUAL","T_AU_ACTIVITY_LOG; T_AUDIT_CHECKLIST_DETAILS_CHANGE; T_AUDIT_CHECKLIST_DETAILS_LOG","split","pkg_admin + pkg_execution + pkg_planning","PKG_AD mixes security, setup, entity, checklist, and reversal logic and should be split by module.","Decompose into module-bound procedures before IAS_ZTBL go-live."
"PKG_AD","PKG_AD.P_GETRISKS","AD","GetRisks","T_RISK","","wrap","pkg_sec / pkg_admin / pkg_entity","Read-only admin/setup procedures can be wrapped while new IAS_ZTBL tables are phased in.","Expose through an adapter/facade and block new direct controller dependencies."
"PKG_AD","PKG_AD.P_GET_SUBCHECKILIST","AD","GetAuthorizeMergeSubChecklist","T_AUDIT_CHECKLIST_SUB; T_AUDIT_CHECKLIST_SUB_MERGER","","wrap","pkg_sec / pkg_admin / pkg_entity","Read-only admin/setup procedures can be wrapped while new IAS_ZTBL tables are phased in.","Expose through an adapter/facade and block new direct controller dependencies."
"PKG_AD","PKG_AD.P_GET_ANNEXURE_PROCESS","AD","GetAnnexureProcess","T_AUDIT_CHECKLIST_ANNEXURE_PROCESS","","wrap","pkg_sec / pkg_admin / pkg_entity","Read-only admin/setup procedures can be wrapped while new IAS_ZTBL tables are phased in.","Expose through an adapter/facade and block new direct controller dependencies."
"PKG_AD","PKG_AD.P_GET_SUB_CHECKLIST_MAKER","AD","GetAuditSubChecklist","T_AUDIT_CHECKLIST_SUB; T_AUDIT_CHECKLIST; V_SUB_CHECKLIST_UPDATE_EXITING; V_SUB_CHECKLIST_REFFEREDBACK_COMMENTS; T_AUDIT_CHECKLIST_DETAILS_LOG","","wrap","pkg_sec / pkg_admin / pkg_entity","Read-only admin/setup procedures can be wrapped while new IAS_ZTBL tables are phased in.","Expose through an adapter/facade and block new direct controller dependencies."
"PKG_AD","PKG_AD.P_AUDIT_CHECKLIST_UPDATE","AD","UpdateAuditChecklist","T_AU_ACTIVITY_LOG; DUAL","T_AU_ACTIVITY_LOG; T_AUDIT_CHECKLIST","split","pkg_admin + pkg_execution + pkg_planning","PKG_AD mixes security, setup, entity, checklist, and reversal logic and should be split by module.","Decompose into module-bound procedures before IAS_ZTBL go-live."
"PKG_AD","PKG_AD.P_AUDIT_CHECKLIST_SUB_UPDATE","AD","UpdateAuditSubChecklist","T_AU_ACTIVITY_LOG; T_AUDIT_CHECKLIST_DETAILS_LOG; DUAL","T_AU_ACTIVITY_LOG; T_AUDIT_CHECKLIST_SUB_CHANGE; T_AUDIT_CHECKLIST_DETAILS_LOG","split","pkg_admin + pkg_execution + pkg_planning","PKG_AD mixes security, setup, entity, checklist, and reversal logic and should be split by module.","Decompose into module-bound procedures before IAS_ZTBL go-live."
"PKG_AD","PKG_AD.P_GETCHECKLISTDETAILBYSUBPROCESSID","AD","GetAuditChecklistDetail","T_AUDIT_CHECKLIST_DETAILS; T_AUDIT_CHECKLIST_SUB; T_AUDIT_CHECKLIST_DETAILS_CHANGE","","wrap","pkg_sec / pkg_admin / pkg_entity","Read-only admin/setup procedures can be wrapped while new IAS_ZTBL tables are phased in.","Expose through an adapter/facade and block new direct controller dependencies."
"PKG_AD","PKG_AD.P_GET_CHECKLISTDETAIL_FOR_DUPLICATE","AD","GetAuditChecklistDetailForRemoveDuplicate","T_AUDIT_CHECKLIST_DETAILS; T_AUDIT_CHECKLIST_SUB; T_AUDIT_CHECKLIST_DETAILS_CHANGE","","wrap","pkg_sec / pkg_admin / pkg_entity","Read-only admin/setup procedures can be wrapped while new IAS_ZTBL tables are phased in.","Expose through an adapter/facade and block new direct controller dependencies."
"PKG_AD","PKG_AD.P_GET_CHECKLISTDETAIL_FOR_SUBCHECKLIST","AD","GetChecklistDetailForSubProcess","T_AUDIT_CHECKLIST_DETAILS","","wrap","pkg_sec / pkg_admin / pkg_entity","Read-only admin/setup procedures can be wrapped while new IAS_ZTBL tables are phased in.","Expose through an adapter/facade and block new direct controller dependencies."
"PKG_AD","PKG_AD.P_GETCHECKLISTDETAIL_REF","AD","GetReferredBackAuditChecklistDetail","T_AUDIT_CHECKLIST_DETAILS; T_AUDIT_CHECKLIST_SUB; T_AUDIT_CHECKLIST; T_AUDIT_CHECKLIST_DETAILS_CHANGE; V_CHECKLIST_REFFEREDBACK_COMMENTS; T_AUDIT_CHECKLIST_DETAILS_LOG","","wrap","pkg_sec / pkg_admin / pkg_entity","Read-only admin/setup procedures can be wrapped while new IAS_ZTBL tables are phased in.","Expose through an adapter/facade and block new direct controller dependencies."
"PKG_AD","PKG_AD.AUDIT_CHECKLIST_DETAIL_UPDATE","AD","UpdateAuditChecklistDetail","T_AU_ACTIVITY_LOG; T_AUDIT_CHECKLIST_DETAILS_LOG; T_AUDIT_CHECKLIST_DETAILS; DUAL","T_AU_ACTIVITY_LOG; T_AUDIT_CHECKLIST_DETAILS_CHANGE; T_AUDIT_CHECKLIST_DETAILS_LOG","split","pkg_admin + pkg_execution + pkg_planning","PKG_AD mixes security, setup, entity, checklist, and reversal logic and should be split by module.","Decompose into module-bound procedures before IAS_ZTBL go-live."
"PKG_AD","PKG_AD.P_GETCHILDPOSTING","AD","Getchildposting","T_AUDITEE_ENTITIES; V_GET_PARENT_OFFICE; T_AUDITEE_ENT_TYPES; T_AUDITEE_ENTITIES_MAPING","","wrap","pkg_sec / pkg_admin / pkg_entity","Read-only admin/setup procedures can be wrapped while new IAS_ZTBL tables are phased in.","Expose through an adapter/facade and block new direct controller dependencies."
"PKG_AD","PKG_AD.P_GETPARENTREPOFFICE","AD","Getparentrepoffice","T_AUDITEE_ENT_RELATION","","wrap","pkg_sec / pkg_admin / pkg_entity","Read-only admin/setup procedures can be wrapped while new IAS_ZTBL tables are phased in.","Expose through an adapter/facade and block new direct controller dependencies."
"PKG_AD","PKG_AD.P_GET_COMPLIANCE_OFFICE","AD","GetComplianceOfficer; GetComplianceUnits","V_GET_COMPLIANCE_REVIEWER_APPROVER; T_AUDITEE_ENTITIES","","wrap","pkg_sec / pkg_admin / pkg_entity","Read-only admin/setup procedures can be wrapped while new IAS_ZTBL tables are phased in.","Expose through an adapter/facade and block new direct controller dependencies."
"PKG_AD","PKG_AD.P_GETREALTIONSHIPTYPE","AD","Getrealtionshiptype","V_GET_REALTIONSHIPTYPE","","wrap","pkg_sec / pkg_admin / pkg_entity","Read-only admin/setup procedures can be wrapped while new IAS_ZTBL tables are phased in.","Expose through an adapter/facade and block new direct controller dependencies."
"PKG_AD","PKG_AD.P_GET_AUDITEE_ENGAGEMENT","AD","GetAuditeeEngagements","T_AU_PLAN_ENG; T_AUDITEE_ENTITIES","","wrap","pkg_sec / pkg_admin / pkg_entity","Read-only admin/setup procedures can be wrapped while new IAS_ZTBL tables are phased in.","Expose through an adapter/facade and block new direct controller dependencies."
"PKG_AD","PKG_AD.P_GET_AUDIT_ENGAGEMENT","AD","GetEngagementDetailsForStatusReversal","T_AU_PLAN_ENG; T_AU_PERIOD; T_AU_PLAN; T_AU_PLAN_ENG_STATUS; T_AU_AUDIT_TEAMS","","wrap","pkg_sec / pkg_admin / pkg_entity","Read-only admin/setup procedures can be wrapped while new IAS_ZTBL tables are phased in.","Expose through an adapter/facade and block new direct controller dependencies."
"PKG_AD","PKG_AD.P_GET_AUDIT_OBSERVTION","AD","GetObservationDetailsForStatusReversal","T_AU_OBSERVATION; T_AU_OBSERVATION_STATUS; T_AU_OBSERVATION_ASSIGNEDTO; T_AU_OBSERVATION_TEXT; T_AUDITEE_ENTITIES; T_RISK","","wrap","pkg_sec / pkg_admin / pkg_entity","Read-only admin/setup procedures can be wrapped while new IAS_ZTBL tables are phased in.","Expose through an adapter/facade and block new direct controller dependencies."
"PKG_AD","PKG_AD.P_GET_AUDIT_OBSERVTION_STATUS","AD","GetObservationReversalStatus","T_AU_OBSERVATION_STATUS","","wrap","pkg_sec / pkg_admin / pkg_entity","Read-only admin/setup procedures can be wrapped while new IAS_ZTBL tables are phased in.","Expose through an adapter/facade and block new direct controller dependencies."
"PKG_AD","PKG_AD.P_GET_AUDIT_ENGAGEMENT_STATUS","AD","GetEngagementReversalStatus","T_AU_PLAN_ENG; T_AU_PLAN_ENG_STATUS","","wrap","pkg_sec / pkg_admin / pkg_entity","Read-only admin/setup procedures can be wrapped while new IAS_ZTBL tables are phased in.","Expose through an adapter/facade and block new direct controller dependencies."
"PKG_AD","PKG_AD.P_GETAUDITEERISK","AD","GetAuditeeRisk","T_AU_ENTITIES_GROUP_RISK","","wrap","pkg_sec / pkg_admin / pkg_entity","Read-only admin/setup procedures can be wrapped while new IAS_ZTBL tables are phased in.","Expose through an adapter/facade and block new direct controller dependencies."
"PKG_AD","PKG_AD.P_GET_ENTITY_RISK","AD","GetAuditeeRiskForEntTypes","T_AU_ENTITIES_PERIOD_RISK; V_GET_PARENT_OFFICE","","wrap","pkg_sec / pkg_admin / pkg_entity","Read-only admin/setup procedures can be wrapped while new IAS_ZTBL tables are phased in.","Expose through an adapter/facade and block new direct controller dependencies."
"PKG_AD","PKG_AD.P_GETAUDITEERISK_DETAILS","AD","GetAuditeeRiskDetails","T_AU_ENTITIES_GROUP_RISK_DETAILS","","wrap","pkg_sec / pkg_admin / pkg_entity","Read-only admin/setup procedures can be wrapped while new IAS_ZTBL tables are phased in.","Expose through an adapter/facade and block new direct controller dependencies."
"PKG_AD","PKG_AD.P_MERGE_CHECKLIST","AD","MergeDuplicateProcesses","T_AUDIT_CHECKLIST; T_AUDIT_CHECKLIST_MERGER; DUAL","T_AUDIT_CHECKLIST_MERGER","split","pkg_admin + pkg_execution + pkg_planning","PKG_AD mixes security, setup, entity, checklist, and reversal logic and should be split by module.","Decompose into module-bound procedures before IAS_ZTBL go-live."
"PKG_AD","PKG_AD.P_MERGE_SUB_CHECKLIST","AD","MergeDuplicateSubProcesses","T_AUDIT_CHECKLIST_SUB; T_AUDIT_CHECKLIST_SUB_MERGER; DUAL","T_AUDIT_CHECKLIST_SUB_MERGER","split","pkg_admin + pkg_execution + pkg_planning","PKG_AD mixes security, setup, entity, checklist, and reversal logic and should be split by module.","Decompose into module-bound procedures before IAS_ZTBL go-live."
"PKG_AD","PKG_AD.P_REMOVE_DUPLICATE_CHECKLIST_DETAILS","AD","MergeDuplicateChecklists","","T_AUDIT_CHECKLIST_DETAIL_DUPLICATE","split","pkg_admin + pkg_execution + pkg_planning","PKG_AD mixes security, setup, entity, checklist, and reversal logic and should be split by module.","Decompose into module-bound procedures before IAS_ZTBL go-live."
"PKG_AD","PKG_AD.P_GET_DUPLICATE_CHECKLIST_DETAILS_DROPDOWN","AD","GetAuditProcessListForMergeDuplicate","T_AUDIT_CHECKLIST_DETAIL_DUPLICATE; T_AUDIT_CHECKLIST_DETAILS","","wrap","pkg_sec / pkg_admin / pkg_entity","Read-only admin/setup procedures can be wrapped while new IAS_ZTBL tables are phased in.","Expose through an adapter/facade and block new direct controller dependencies."
"PKG_AD","PKG_AD.P_GET_CHECKLIST_MERGER_FOR_REVIEW","AD","GetDuplicateProcesses","T_AUDIT_CHECKLIST; T_AUDIT_CHECKLIST_MERGER","","wrap","pkg_sec / pkg_admin / pkg_entity","Read-only admin/setup procedures can be wrapped while new IAS_ZTBL tables are phased in.","Expose through an adapter/facade and block new direct controller dependencies."
"PKG_AD","PKG_AD.P_GET_SUB_CHECKLIST_MERGER_FOR_REVIEW","AD","GetDuplicateSubProcesses","T_AUDIT_CHECKLIST_SUB; T_AUDIT_CHECKLIST_SUB_MERGER","","wrap","pkg_sec / pkg_admin / pkg_entity","Read-only admin/setup procedures can be wrapped while new IAS_ZTBL tables are phased in.","Expose through an adapter/facade and block new direct controller dependencies."
"PKG_AD","PKG_AD.P_GET_DUPLICATE_CHECKLIST_DETAILS","AD","GetDuplicateChecklists","T_AUDIT_CHECKLIST_DETAIL_DUPLICATE; T_AUDIT_CHECKLIST_DETAILS","","wrap","pkg_sec / pkg_admin / pkg_entity","Read-only admin/setup procedures can be wrapped while new IAS_ZTBL tables are phased in.","Expose through an adapter/facade and block new direct controller dependencies."
"PKG_AD","PKG_AD.P_GET_DUPLICATE_CHECKLIST_DETAILS_COUNT","AD","GetDuplicateChecklistsCount","T_AU_OLD_PARAS_FAD; T_AUDIT_CHECKLIST_DETAIL_DUPLICATE; T_AU_OBSERVATION; DUAL","","wrap","pkg_sec / pkg_admin / pkg_entity","Read-only admin/setup procedures can be wrapped while new IAS_ZTBL tables are phased in.","Expose through an adapter/facade and block new direct controller dependencies."
"PKG_AD","PKG_AD.P_AUTHORIZE_MERGER_CHECKLIST","AD","AuthorizeMergeDuplicateProcesses","DUAL","T_AUDIT_CHECKLIST_SUB","split","pkg_admin + pkg_execution + pkg_planning","PKG_AD mixes security, setup, entity, checklist, and reversal logic and should be split by module.","Decompose into module-bound procedures before IAS_ZTBL go-live."
"PKG_AD","PKG_AD.P_AUTHORIZE_MERGER_CHECKLIST_SUB","AD","AuthorizeMergeDuplicateSubProcesses","DUAL","T_AUDIT_CHECKLIST_DETAILS; T_AUDIT_CHECKLIST_DETAILS_CHANGE; T_AUDIT_CHECKLIST_SUB_MERGER","split","pkg_admin + pkg_execution + pkg_planning","PKG_AD mixes security, setup, entity, checklist, and reversal logic and should be split by module.","Decompose into module-bound procedures before IAS_ZTBL go-live."
"PKG_AD","PKG_AD.P_AUTHORIZE_DUPLICATE_CHECKLIST_DETAILS","AD","AuthorizeMergeDuplicateChecklists","T_AUDIT_CHECKLIST_DETAIL_DUPLICATE; DUAL","T_AU_OLD_PARAS_FAD; T_AU_OBSERVATION; T_AUDIT_CHECKLIST_DETAILS; T_AUDIT_CHECKLIST_DETAIL_DUPLICATE","split","pkg_admin + pkg_execution + pkg_planning","PKG_AD mixes security, setup, entity, checklist, and reversal logic and should be split by module.","Decompose into module-bound procedures before IAS_ZTBL go-live."
"PKG_AD","PKG_AD.P_AUDIT_OBSERVATION_REVERSAL","AD","AuditEngagementObsStatusReversal; UpdateObservationStatusForReversal","DUAL; T_AU_OBSERVATION; T_AU_OBSERVATION_STATUS; T_AU_OBSERVATION_ASSIGNEDTO; T_AU_OBSERVATIONS_AUDITEE_RESPONSE; T_AU_OBSERVATIONS_AUDITEE_EVIDENCES; T_AU_OBSERVATIONS_AUDITOR_RECOMMENDATION; T_AU_OBSERVATIONS_AUDITOR_REPLY","T_AU_OBSERVATION; T_AU_OBSERVATION_ASSIGNEDTO; T_AU_OBSERVATIONS_AUDITEE_RESPONSE; T_AU_OBSERVATIONS_AUDITEE_EVIDENCES; T_AU_OBSERVATIONS_AUDITOR_RECOMMENDATION; T_AU_OBSERVATION_TEXT; T_AU_OBSERVATIONS_AUDITOR_REPLY","split","pkg_admin + pkg_execution + pkg_planning","PKG_AD mixes security, setup, entity, checklist, and reversal logic and should be split by module.","Decompose into module-bound procedures before IAS_ZTBL go-live."
"PKG_AD","PKG_AD.P_GET_NEW_USER","AD","AdminNewUsersInAIS","V_AIS_NEW_USER; V_SERVICE_EMPLOYEEINFO; T_AUDIT_EMP","","wrap","pkg_sec / pkg_admin / pkg_entity","Read-only admin/setup procedures can be wrapped while new IAS_ZTBL tables are phased in.","Expose through an adapter/facade and block new direct controller dependencies."
"PKG_AD","PKG_AD.P_GET_AIS_ENTITIES","AD","GetAISEntitiesForAdminPanelEntityAddition","T_AUDITEE_ENTITIES","","wrap","pkg_sec / pkg_admin / pkg_entity","Read-only admin/setup procedures can be wrapped while new IAS_ZTBL tables are phased in.","Expose through an adapter/facade and block new direct controller dependencies."
"PKG_AD","PKG_AD.P_UPDATEENTITIEES","AD","UpdateAISEntityForAdminPanelEntityAddition","T_AUDITEE_ENTITIES_MAPING; T_AUDITEE_ENTITIES_UPDATE_LOG; DUAL","T_AUDITEE_ENTITIES; T_AUDITEE_ENTITIES_MAPING; AIS_T_AU_POST_COMPLIANCE; T_AU_PLAN_ENG; T_AUDITEE_ENTITIES_UPDATE_LOG","split","pkg_admin + pkg_execution + pkg_planning","PKG_AD mixes security, setup, entity, checklist, and reversal logic and should be split by module.","Decompose into module-bound procedures before IAS_ZTBL go-live."
"PKG_AD","PKG_AD.P_INSERTENTITIEES","AD","AddAISEntityForAdminPanelEntityAddition","T_AUDITEE_ENTITIES; DUAL","T_AUDITEE_ENTITIES","split","pkg_admin + pkg_execution + pkg_planning","PKG_AD mixes security, setup, entity, checklist, and reversal logic and should be split by module.","Decompose into module-bound procedures before IAS_ZTBL go-live."
"PKG_AD","PKG_AD.P_GET_AUDITEE_ENTITIES_MAPPING","AD","GetAISEntityMappingForAdminPanelEntityAddition","V_GET_PARENT_OFFICE","","wrap","pkg_sec / pkg_admin / pkg_entity","Read-only admin/setup procedures can be wrapped while new IAS_ZTBL tables are phased in.","Expose through an adapter/facade and block new direct controller dependencies."
"PKG_AD","PKG_AD.P_UPDATE_ENTITIES_MAPPING","AD","UpdateAISEntityMappingForAdminPanelEntityAddition","T_AUDITEE_ENTITIES; DUAL","T_AUDITEE_ENTITIES_MAPING","split","pkg_admin + pkg_execution + pkg_planning","PKG_AD mixes security, setup, entity, checklist, and reversal logic and should be split by module.","Decompose into module-bound procedures before IAS_ZTBL go-live."
"PKG_AD","PKG_AD.P_ADD_ENTITIES_MAPPING","AD","AddAISEntityMappingForAdminPanelEntityAddition","T_AUDITEE_ENTITIES; T_AUDITEE_ENTITIES_MAPING; DUAL","T_AUDITEE_ENTITIES_MAPING","split","pkg_admin + pkg_execution + pkg_planning","PKG_AD mixes security, setup, entity, checklist, and reversal logic and should be split by module.","Decompose into module-bound procedures before IAS_ZTBL go-live."
"PKG_AD","PKG_AD.P_UPDATE_NEW_USER","AD","UpdateNewUsersAdminPanel","T_USER; V_AIS_NEW_USER_FOR_ADDITION; T_USER_MAPING; T_GROUP_RIGHTS; DUAL","T_USER; T_USER_MAPING","split","pkg_sec + pkg_admin","PKG_AD mixes security, setup, entity, checklist, and reversal logic and should be split by module.","Decompose into module-bound procedures before IAS_ZTBL go-live."
"PKG_AD","PKG_AD.P_GET_USER_ROLE_TYPE","AD","GetUserDetailAdminPanel","T_GROUP_RIGHTS; T_GROUPS","","wrap","pkg_sec / pkg_admin / pkg_entity","Read-only admin/setup procedures can be wrapped while new IAS_ZTBL tables are phased in.","Expose through an adapter/facade and block new direct controller dependencies."
"PKG_AD","PKG_AD.P_GET_DETAILS_FOR_ENTITY_SHIFTING","AD","GetEntityShiftingDetails","T_AUDITEE_ENTITIES; T_AU_PLAN_ENG; T_AU_OBSERVATION_FAD; T_AUDITEE_ENTITIES_SIZE; T_AUDITEE_ENTITIES_SIZE_DISC; T_AUDITEE_ENTITIES_RISK; T_RISK; T_AU_POST_COMPLIANCE_SETTLEMETMENT_HISTORY","","wrap","pkg_sec / pkg_admin / pkg_entity","Read-only admin/setup procedures can be wrapped while new IAS_ZTBL tables are phased in.","Expose through an adapter/facade and block new direct controller dependencies."
"PKG_AD","PKG_AD.P_GET_ENTITIES_TYPES","AD","GetEntityTypes","T_AUDITEE_ENT_TYPES","","wrap","pkg_sec / pkg_admin / pkg_entity","Read-only admin/setup procedures can be wrapped while new IAS_ZTBL tables are phased in.","Expose through an adapter/facade and block new direct controller dependencies."
"PKG_AD","PKG_AD.P_UPDATE_ENTITIES_TYPES","AD","UpdateEntityTypes","DUAL","T_AUDITEE_ENT_TYPES","split","pkg_admin + pkg_execution + pkg_planning","PKG_AD mixes security, setup, entity, checklist, and reversal logic and should be split by module.","Decompose into module-bound procedures before IAS_ZTBL go-live."
"PKG_AD","PKG_AD.P_GET_ENTITIES_RELATIONSHIP","AD","GetEntityRelations","T_AUDITEE_ENT_RELATION; T_AUDITEE_ENTITIES","","wrap","pkg_sec / pkg_admin / pkg_entity","Read-only admin/setup procedures can be wrapped while new IAS_ZTBL tables are phased in.","Expose through an adapter/facade and block new direct controller dependencies."
"PKG_AD","PKG_AD.P_GET_ENTITIES_MAPPING","AD","GetEntitiesMapping","T_AUDITEE_ENTITIES_MAPING","","wrap","pkg_sec / pkg_admin / pkg_entity","Read-only admin/setup procedures can be wrapped while new IAS_ZTBL tables are phased in.","Expose through an adapter/facade and block new direct controller dependencies."
"PKG_AD","PKG_AD.P_GET_ENTITIES_MAPPING_REPORTING","AD","GetEntitiesMappingReporting","T_AUDITEE_ENTITIES_MAPING_REPORTING","","wrap","pkg_sec / pkg_admin / pkg_entity","Read-only admin/setup procedures can be wrapped while new IAS_ZTBL tables are phased in.","Expose through an adapter/facade and block new direct controller dependencies."
"PKG_AD","PKG_AD.P_GET_ENTITIES","AD","GetParentChildEntities","T_AUDITEE_ENTITIES_MAPING","","wrap","pkg_sec / pkg_admin / pkg_entity","Read-only admin/setup procedures can be wrapped while new IAS_ZTBL tables are phased in.","Expose through an adapter/facade and block new direct controller dependencies."
"PKG_AD","PKG_AD.P_ADD_ENTITY_SHIFTING","AD","SubmitEntityShiftingFromAdminPanel","T_AUDITEE_ENTITIES; DUAL; T_AUDITEE_ENTITIES_MAPING; T_AUDITEE_ENTITIES_RISK; T_AU_ENTITY_SHIFTING; T_AU_OBSERVATION_SHIFTING; T_AU_OBSERVATION_FAD; T_AUDITEE_ENT_TYPES","T_AUDITEE_ENTITIES; T_AUDITEE_ENTITIES_MAPING; T_AUDITEE_ENTITIES_SIZE; T_AUDITEE_ENTITIES_RISK; T_AU_ENTITY_SHIFTING; T_AU_OBSERVATION_SHIFTING; T_AU_OBSERVATION; T_AU_OLD_PARAS_FAD; T_AU_OBSERVATION_OLD_CAD_PARAS; AIS_T_AU_POST_COMPLIANCE","split","pkg_entity + pkg_master","PKG_AD mixes security, setup, entity, checklist, and reversal logic and should be split by module.","Decompose into module-bound procedures before IAS_ZTBL go-live."
"PKG_AD","PKG_AD.P_SHIFT_BR_TO_ISLAMIC","AD","SubmitEntityConvToIslamicFromAdminPanel","T_AU_PLAN_ENG; C.PARA_ADDED_ON; SYSDATE; DUAL","T_AU_PLAN_ENG; T_AU_OBSERVATION; T_AU_OBSERVATION_ASSIGNEDTO; AIS_T_AU_POST_COMPLIANCE; T_AU_AUDIT_TEAM_TASKLIST","split","pkg_admin + pkg_execution + pkg_planning","PKG_AD mixes security, setup, entity, checklist, and reversal logic and should be split by module.","Decompose into module-bound procedures before IAS_ZTBL go-live."
"PKG_AD","PKG_AD.P_GET_ROLES_FOR_COMPLIANCE_FLOW","AD","GetRolesForComplianceFlow","T_GROUPS","","wrap","pkg_sec / pkg_admin / pkg_entity","Read-only admin/setup procedures can be wrapped while new IAS_ZTBL tables are phased in.","Expose through an adapter/facade and block new direct controller dependencies."
"PKG_AD","PKG_AD.P_GET_ENT_TYPES_FOR_COMPLIANCE_FLOW","AD","GetEntityTypesForComplianceFlow","T_AUDITEE_ENT_TYPES","","wrap","pkg_sec / pkg_admin / pkg_entity","Read-only admin/setup procedures can be wrapped while new IAS_ZTBL tables are phased in.","Expose through an adapter/facade and block new direct controller dependencies."
"PKG_AD","PKG_AD.P_GET_ENT_TYPES_FOR_HR_DESIGNATION","AD","GetEntityTypesForHRDesignationWiseRole","T_AUDITEE_ENT_TYPES","","wrap","pkg_sec / pkg_admin / pkg_entity","Read-only admin/setup procedures can be wrapped while new IAS_ZTBL tables are phased in.","Expose through an adapter/facade and block new direct controller dependencies."
"PKG_AD","PKG_AD.P_GET_COMPLIANCE_STATUSES_FOR_COMPLIANCE_FLOW","AD","GetComplianceStatusesForComplianceFlow","T_AU_OBSERVATION_STATUS","","wrap","pkg_sec / pkg_admin / pkg_entity","Read-only admin/setup procedures can be wrapped while new IAS_ZTBL tables are phased in.","Expose through an adapter/facade and block new direct controller dependencies."
"PKG_AD","PKG_AD.P_GET_ENTITY_TYPE_COMPLIANCE_FLOW","AD","GetComplianceFlowByEntityType","T_AUDITEE_ENT_TYPES; T_GROUPS; T_AU_OBSERVATION_STATUS; T_AU_POST_COMPLIANCE_FLOW","","wrap","pkg_sec / pkg_admin / pkg_entity","Read-only admin/setup procedures can be wrapped while new IAS_ZTBL tables are phased in.","Expose through an adapter/facade and block new direct controller dependencies."
"PKG_AD","PKG_AD.P_ADD_UPDATE_COMPLIANCE_FLOW","AD","AddComplianceFlow","T_AU_POST_COMPLIANCE_FLOW; DUAL","T_AU_POST_COMPLIANCE_FLOW; SET","split","pkg_entity + pkg_master","PKG_AD mixes security, setup, entity, checklist, and reversal logic and should be split by module.","Decompose into module-bound procedures before IAS_ZTBL go-live."
"PKG_AD","PKG_AD.P_UPDATE_COMPLIANCE_FLOW","AD","UpdateComplianceFlow","","","wrap","pkg_sec / pkg_admin / pkg_entity","Read-only admin/setup procedures can be wrapped while new IAS_ZTBL tables are phased in.","Expose through an adapter/facade and block new direct controller dependencies."
"PKG_AD","PKG_AD.P_AUDIT_TEAM_POSTCHANGES","AD","SubmitNewTeamIdForPostChangesTeamEngReversal","T_AU_AUDIT_TEAMS; T_AU_AUDIT_TEAM_TASKLIST; T_AU_TEAM_MEMBERS; T_AU_PLAN_ENG; T_AUDITEE_ENTITIES; DUAL","T_AU_AUDIT_TEAMS; T_AU_AUDIT_TEAM_TASKLIST; T_AU_PLAN_ENG","split","pkg_admin + pkg_execution + pkg_planning","PKG_AD mixes security, setup, entity, checklist, and reversal logic and should be split by module.","Decompose into module-bound procedures before IAS_ZTBL go-live."
"PKG_AD","PKG_AD.P_AUDIT_ENGAGEMENT_REVERSAL","AD","AuditEngagementStatusReversal","T_AU_PLAN_ENG; T_AU_AUDIT_TEAM_TASKLIST; T_AU_AUDIT_TEAMS; T_AU_PLAN_ENG_LOG; DUAL","T_AU_PLAN; T_AU_PLAN_ENG; T_AU_AUDIT_TEAM_TASKLIST; T_AU_AUDIT_TEAMS; T_AU_PLAN_ENG_LOG","split","pkg_admin + pkg_execution + pkg_planning","PKG_AD mixes security, setup, entity, checklist, and reversal logic and should be split by module.","Decompose into module-bound procedures before IAS_ZTBL go-live."
"PKG_AD","PKG_AD.P_GET_OBSERVVATION_NO","AD","GetObservationNumbersForStatusReversal","T_AU_OBSERVATION","","wrap","pkg_sec / pkg_admin / pkg_entity","Read-only admin/setup procedures can be wrapped while new IAS_ZTBL tables are phased in.","Expose through an adapter/facade and block new direct controller dependencies."
"PKG_AD","PKG_AD.P_UPDATE_OBSERVATION_NO","AD","UpdateObservationNumbersForStatusReversal","DUAL","T_AU_OBSERVATION","split","pkg_admin + pkg_execution + pkg_planning","PKG_AD mixes security, setup, entity, checklist, and reversal logic and should be split by module.","Decompose into module-bound procedures before IAS_ZTBL go-live."
"PKG_AD","PKG_AD.P_UPDATE_ENG_DATE","AD","UpdateEngagementDatesForStatusReversal","DUAL","T_AU_PLAN_ENG","split","pkg_admin + pkg_execution + pkg_planning","PKG_AD mixes security, setup, entity, checklist, and reversal logic and should be split by module.","Decompose into module-bound procedures before IAS_ZTBL go-live."
"PKG_AD","PKG_AD.P_GET_HR_DESIGNATION_RIGHT","AD","GetHRDesignationWiseRoles","T_GROUP_RIGHTS","","wrap","pkg_sec / pkg_admin / pkg_entity","Read-only admin/setup procedures can be wrapped while new IAS_ZTBL tables are phased in.","Expose through an adapter/facade and block new direct controller dependencies."
"PKG_AD","PKG_AD.P_ADD_HR_DESIGNATION_RIGHT","AD","AddHRDesignationWiseRoleAssignment","T_GROUP_RIGHTS; T_HR_DESIGNATIONS; DUAL","T_GROUP_RIGHTS","split","pkg_entity + pkg_master","PKG_AD mixes security, setup, entity, checklist, and reversal logic and should be split by module.","Decompose into module-bound procedures before IAS_ZTBL go-live."
"PKG_AD","PKG_AD.P_UPDATE_HR_DESIGNATION_RIGHT","AD","UpdateHRDesignationWiseRoleAssignment","T_HR_DESIGNATIONS; T_GROUPS; DUAL","T_GROUP_RIGHTS","split","pkg_entity + pkg_master","PKG_AD mixes security, setup, entity, checklist, and reversal logic and should be split by module.","Decompose into module-bound procedures before IAS_ZTBL go-live."
"PKG_AD","PKG_AD.P_GET_OBS_STATUS","AD","GetManageObservationStatus","T_AU_OBSERVATION_STATUS","","wrap","pkg_sec / pkg_admin / pkg_entity","Read-only admin/setup procedures can be wrapped while new IAS_ZTBL tables are phased in.","Expose through an adapter/facade and block new direct controller dependencies."
"PKG_AD","PKG_AD.P_ADD_OBS_STATUS","AD","AddManageObservationStatus","T_AU_OBSERVATION_STATUS; DUAL","T_AU_OBSERVATION_STATUS","split","pkg_admin + pkg_execution + pkg_planning","PKG_AD mixes security, setup, entity, checklist, and reversal logic and should be split by module.","Decompose into module-bound procedures before IAS_ZTBL go-live."
"PKG_AD","PKG_AD.P_UPDATE_OBS_STATUS","AD","UpdateManageObservationStatus","DUAL","T_AU_OBSERVATION_STATUS","split","pkg_admin + pkg_execution + pkg_planning","PKG_AD mixes security, setup, entity, checklist, and reversal logic and should be split by module.","Decompose into module-bound procedures before IAS_ZTBL go-live."
"PKG_AD","PKG_AD.P_GET_ENTITIES_AUDIT_DEPARTMENT","AD","GetManageEntityAuditDept","T_AUDIT_DEPARTMENTS","","wrap","pkg_sec / pkg_admin / pkg_entity","Read-only admin/setup procedures can be wrapped while new IAS_ZTBL tables are phased in.","Expose through an adapter/facade and block new direct controller dependencies."
"PKG_AD","PKG_AD.P_ADD_ENTITIES_AUDIT_DEPARTMENT","AD","AddManageEntityAuditDepartment","","","wrap","pkg_sec / pkg_admin / pkg_entity","Read-only admin/setup procedures can be wrapped while new IAS_ZTBL tables are phased in.","Expose through an adapter/facade and block new direct controller dependencies."
"PKG_AD","PKG_AD.P_UPDATE_ENTITIES_AUDIT_DEPARTMENT","AD","UpdateEntityAuditDepartment","DUAL","T_AUDIT_DEPARTMENTS","split","pkg_admin + pkg_execution + pkg_planning","PKG_AD mixes security, setup, entity, checklist, and reversal logic and should be split by module.","Decompose into module-bound procedures before IAS_ZTBL go-live."
"PKG_AD","PKG_AD.P_GET_ALL_MENU","AD","GetAllMenusForAdminPanel","T_MENU","","wrap","pkg_sec / pkg_admin / pkg_entity","Read-only admin/setup procedures can be wrapped while new IAS_ZTBL tables are phased in.","Expose through an adapter/facade and block new direct controller dependencies."
"PKG_AD","PKG_AD.P_GET_SUB_MENUS","AD","GetSubMenusForAdminPanel","T_MENU_SUB","","wrap","pkg_sec / pkg_admin / pkg_entity","Read-only admin/setup procedures can be wrapped while new IAS_ZTBL tables are phased in.","Expose through an adapter/facade and block new direct controller dependencies."
"PKG_AD","PKG_AD.P_ADD_NEW_SUB_MENU","AD","AddSubMenuForAdminPanel","T_MENU_SUB; DUAL","T_MENU_SUB","split","pkg_sec + pkg_admin","PKG_AD mixes security, setup, entity, checklist, and reversal logic and should be split by module.","Decompose into module-bound procedures before IAS_ZTBL go-live."
"PKG_AD","PKG_AD.P_UPDATE_SUB_MENU","AD","UpdateSubMenuForAdminPanel","DUAL","T_MENU_SUB","split","pkg_sec + pkg_admin","PKG_AD mixes security, setup, entity, checklist, and reversal logic and should be split by module.","Decompose into module-bound procedures before IAS_ZTBL go-live."
"PKG_AD","PKG_AD.P_GET_ALL_PAGES","AD","GetMenuPagesForAdminPanel","T_MENU_PAGES; T_MENU; T_MENU_SUB","","wrap","pkg_sec / pkg_admin / pkg_entity","Read-only admin/setup procedures can be wrapped while new IAS_ZTBL tables are phased in.","Expose through an adapter/facade and block new direct controller dependencies."
"PKG_AD","PKG_AD.P_ADD_NEW_PAGE","AD","AddMenuPageForAdminPanel","T_MENU_PAGES; DUAL","T_MENU_PAGES","split","pkg_sec + pkg_admin","PKG_AD mixes security, setup, entity, checklist, and reversal logic and should be split by module.","Decompose into module-bound procedures before IAS_ZTBL go-live."
"PKG_AD","PKG_AD.P_UPDATE_PAGE","AD","UpdateMenuPageForAdminPanel","DUAL","T_MENU_PAGES","split","pkg_sec + pkg_admin","PKG_AD mixes security, setup, entity, checklist, and reversal logic and should be split by module.","Decompose into module-bound procedures before IAS_ZTBL go-live."
"PKG_AD","PKG_AD.P_UPDATE_ENTITY_COMP","AD","UpdateComplianceUnit","T_AUDITEE_ENTITIES_MAPING_COM; DUAL","T_AUDITEE_ENTITIES","split","pkg_entity + pkg_master","PKG_AD mixes security, setup, entity, checklist, and reversal logic and should be split by module.","Decompose into module-bound procedures before IAS_ZTBL go-live."
"PKG_AD","PKG_AD.P_ADD_ANNEXURE","AD","AddAnnexure","T_AUDIT_CHECKLIST_ANNEXURE; DUAL","T_AUDIT_CHECKLIST_ANNEXURE","split","pkg_admin + pkg_execution + pkg_planning","PKG_AD mixes security, setup, entity, checklist, and reversal logic and should be split by module.","Decompose into module-bound procedures before IAS_ZTBL go-live."
"PKG_AD","PKG_AD.P_UPDATE_ANNEXURE","AD","UpdateAnnexure","DUAL","T_AUDIT_CHECKLIST_ANNEXURE; T_AU_OBSERVATION; AIS_T_AU_POST_COMPLIANCE; T_AU_OLD_PARAS_FAD","split","pkg_admin + pkg_execution + pkg_planning","PKG_AD mixes security, setup, entity, checklist, and reversal logic and should be split by module.","Decompose into module-bound procedures before IAS_ZTBL go-live."
"PKG_AD","PKG_AD.P_GET_ENTITY_FOR_PARA_RECONSILATION","AD","GetEntityForAuditReconsilition","T_AUDITEE_ENTITIES","","wrap","pkg_sec / pkg_admin / pkg_entity","Read-only admin/setup procedures can be wrapped while new IAS_ZTBL tables are phased in.","Expose through an adapter/facade and block new direct controller dependencies."
"PKG_AD","PKG_AD.P_ADD_BRANCH_RISK_RATING","AD","GenerateTraditionalRiskRatingofEngagement","T_RISK_BRANCH_WISE; T_BRANCH_RISK_RATING; T_R_SUB_GROUP; T_R_GROUP; T_AU_OBSERVATION; T_AU_PLAN_ENG; T_AU_PERIOD; T_AUDIT_CHECKLIST_DETAILS; SYSDATE; T_COSO_RATING; DUAL","T_RISK_BRANCH_WISE; T_BRANCH_RISK_RATING","split","pkg_admin + pkg_execution + pkg_planning","PKG_AD mixes security, setup, entity, checklist, and reversal logic and should be split by module.","Decompose into module-bound procedures before IAS_ZTBL go-live."
"PKG_AD","PKG_AD.P_GET_TRADITIONAL_RISK_RATING","AD","ViewTraditionalRiskRatingofEngagement","T_R_GROUP; T_R_SUB_GROUP; T_RISK_BRANCH_WISE","","wrap","pkg_sec / pkg_admin / pkg_entity","Read-only admin/setup procedures can be wrapped while new IAS_ZTBL tables are phased in.","Expose through an adapter/facade and block new direct controller dependencies."
"PKG_AD","PKG_AD.P_ADD_BRANCH_ANNEX_RISK_RATING","AD","GenerateAnnexureRiskRatingofEngagement","","","wrap","pkg_sec / pkg_admin / pkg_entity","Read-only admin/setup procedures can be wrapped while new IAS_ZTBL tables are phased in.","Expose through an adapter/facade and block new direct controller dependencies."
"PKG_AD","PKG_AD.P_GET_ANNEXURE_RISK_RATING","AD","ViewAnnexureRiskRatingofEngagement","","","wrap","pkg_sec / pkg_admin / pkg_entity","Read-only admin/setup procedures can be wrapped while new IAS_ZTBL tables are phased in.","Expose through an adapter/facade and block new direct controller dependencies."
"PKG_AD","PKG_AD.P_GET_NEW_RISK_MODEL ","AD","GetRiskRatingModelForBranchesWorking","","","wrap","pkg_sec / pkg_admin / pkg_entity","Read-only admin/setup procedures can be wrapped while new IAS_ZTBL tables are phased in.","Expose through an adapter/facade and block new direct controller dependencies."
"PKG_AD","PKG_AD.P_GET_COMPLIANCE_HIERARCHY ","AD","GetComplianceHierarchies","","","wrap","pkg_sec / pkg_admin / pkg_entity","Read-only admin/setup procedures can be wrapped while new IAS_ZTBL tables are phased in.","Expose through an adapter/facade and block new direct controller dependencies."
"PKG_AD","PKG_AD.P_ADD_COM_OFFICER","AD","AddComplianceHierarchy","T_AUDITEE_ENTITIES_MAPING_COM; DUAL","T_AUDITEE_ENTITIES_MAPING_COM","split","pkg_admin + pkg_execution + pkg_planning","PKG_AD mixes security, setup, entity, checklist, and reversal logic and should be split by module.","Decompose into module-bound procedures before IAS_ZTBL go-live."
"PKG_AD","PKG_AD.P_UPDATE_COM_OFFICER","AD","UpdateComplianceHierarchy","T_AUDITEE_ENTITIES_MAPING_COM; DUAL","T_AUDITEE_ENTITIES_MAPING_COM; T_AUDITEE_ENTITIES","split","pkg_admin + pkg_execution + pkg_planning","PKG_AD mixes security, setup, entity, checklist, and reversal logic and should be split by module.","Decompose into module-bound procedures before IAS_ZTBL go-live."
"PKG_AD","PKG_AD.P_GET_GM_OFFICE","AD","GetGMOffices","T_AUDITEE_ENTITIES","","wrap","pkg_sec / pkg_admin / pkg_entity","Read-only admin/setup procedures can be wrapped while new IAS_ZTBL tables are phased in.","Expose through an adapter/facade and block new direct controller dependencies."
"PKG_AD","PKG_AD.P_GET_RPT_OFFICE","AD","GetReportingOffices","T_AUDITEE_ENTITIES","","wrap","pkg_sec / pkg_admin / pkg_entity","Read-only admin/setup procedures can be wrapped while new IAS_ZTBL tables are phased in.","Expose through an adapter/facade and block new direct controller dependencies."
"PKG_AD","PKG_AD.P_UPDATE_GM_OFFICE_RELATIONSHIP","AD","UpdateGMOffice","DUAL","T_AUDITEE_ENTITIES_MAPING","split","pkg_entity + pkg_master","PKG_AD mixes security, setup, entity, checklist, and reversal logic and should be split by module.","Decompose into module-bound procedures before IAS_ZTBL go-live."
"PKG_AD","PKG_AD.P_UPDATE_RPT_OFFICE_RELATIONSHIP","AD","UpdateReportingLine","DUAL","T_AUDITEE_ENTITIES_MAPING","split","pkg_entity + pkg_master","PKG_AD mixes security, setup, entity, checklist, and reversal logic and should be split by module.","Decompose into module-bound procedures before IAS_ZTBL go-live."
"PKG_AD","PKG_AD.P_GET_LATEST_PARA_DETAILS","AD","GetAisPostComplianceDetails","AIS_T_AU_POST_COMPLIANCE","","wrap","pkg_sec / pkg_admin / pkg_entity","Read-only admin/setup procedures can be wrapped while new IAS_ZTBL tables are phased in.","Expose through an adapter/facade and block new direct controller dependencies."
"PKG_AD","PKG_AD.P_UPDATE_PARA_AIS_POST_COMPLIANCE","AD","UpdateAisPostCompliance","DUAL","AIS_T_AU_POST_COMPLIANCE","split","pkg_admin + pkg_execution + pkg_planning","PKG_AD mixes security, setup, entity, checklist, and reversal logic and should be split by module.","Decompose into module-bound procedures before IAS_ZTBL go-live."
"PKG_AD","PKG_AD.P_GET_AUDIT_EMP","AD","GetAuditEmployees","T_AUDIT_EMP","","wrap","pkg_sec / pkg_admin / pkg_entity","Read-only admin/setup procedures can be wrapped while new IAS_ZTBL tables are phased in.","Expose through an adapter/facade and block new direct controller dependencies."
"PKG_AD","PKG_AD.P_UPDATE_AUDIT_EMP","AD","UpdateAuditEmployee","","","wrap","pkg_sec / pkg_admin / pkg_entity","Read-only admin/setup procedures can be wrapped while new IAS_ZTBL tables are phased in.","Expose through an adapter/facade and block new direct controller dependencies."
"PKG_AD","PKG_AD.P_GET_AUDIT_MANPOWER","AD","GetAuditManpower","T_AUDIT_EMP","","wrap","pkg_sec / pkg_admin / pkg_entity","Read-only admin/setup procedures can be wrapped while new IAS_ZTBL tables are phased in.","Expose through an adapter/facade and block new direct controller dependencies."
"PKG_AD","PKG_AD.P_UPDATE_AUDIT_MANPOWER","AD","UpdateAuditManpower","","","wrap","pkg_sec / pkg_admin / pkg_entity","Read-only admin/setup procedures can be wrapped while new IAS_ZTBL tables are phased in.","Expose through an adapter/facade and block new direct controller dependencies."
"PKG_AD","PKG_AD.P_GET_AUDIT_BUDGET","AD","GetAuditBudget","","","wrap","pkg_sec / pkg_admin / pkg_entity","Read-only admin/setup procedures can be wrapped while new IAS_ZTBL tables are phased in.","Expose through an adapter/facade and block new direct controller dependencies."
"PKG_AD","PKG_AD.P_UPDATE_AUDIT_BUDGET","AD","UpdateAuditBudget","","","wrap","pkg_sec / pkg_admin / pkg_entity","Read-only admin/setup procedures can be wrapped while new IAS_ZTBL tables are phased in.","Expose through an adapter/facade and block new direct controller dependencies."
"PKG_AD","PKG_AD.P_GET_HR_RANK","AD","GetHrRanks","V_HR_RANK","","wrap","pkg_sec / pkg_admin / pkg_entity","Read-only admin/setup procedures can be wrapped while new IAS_ZTBL tables are phased in.","Expose through an adapter/facade and block new direct controller dependencies."
"PKG_AD","PKG_AD.P_GET_HR_DESIGNATION","AD","GetHrDesignations","V_HR_DESIGNATIONS","","wrap","pkg_sec / pkg_admin / pkg_entity","Read-only admin/setup procedures can be wrapped while new IAS_ZTBL tables are phased in.","Expose through an adapter/facade and block new direct controller dependencies."
"PKG_AD","PKG_AD.P_GET_HR_POSTING","AD","GetHrPosting","T_AUDITEE_ENTITIES","","wrap","pkg_sec / pkg_admin / pkg_entity","Read-only admin/setup procedures can be wrapped while new IAS_ZTBL tables are phased in.","Expose through an adapter/facade and block new direct controller dependencies."
"PKG_AD","PKG_AD.P_GET_QUALIFICATION","AD","GetQualifications","V_HR_QUALIFICATIONS","","wrap","pkg_sec / pkg_admin / pkg_entity","Read-only admin/setup procedures can be wrapped while new IAS_ZTBL tables are phased in.","Expose through an adapter/facade and block new direct controller dependencies."
"PKG_AD","PKG_AD.P_GET_QUALIFICATION_SPECIALIZATION","AD","GetQualificationSpecialization","V_HR_QUALIFICATIONS","","wrap","pkg_sec / pkg_admin / pkg_entity","Read-only admin/setup procedures can be wrapped while new IAS_ZTBL tables are phased in.","Expose through an adapter/facade and block new direct controller dependencies."
"PKG_AD","PKG_AD.P_GET_CERTIFICATION","AD","GetCertifications","V_HR_RANK","","wrap","pkg_sec / pkg_admin / pkg_entity","Read-only admin/setup procedures can be wrapped while new IAS_ZTBL tables are phased in.","Expose through an adapter/facade and block new direct controller dependencies."
"PKG_AD","PKG_AD.P_GET_GL_HEADS","AD","GetGLHeads","","","wrap","pkg_sec / pkg_admin / pkg_entity","Read-only admin/setup procedures can be wrapped while new IAS_ZTBL tables are phased in.","Expose through an adapter/facade and block new direct controller dependencies."
"PKG_AD","PKG_AD.P_INSERT_PUBLIC_HOLIDAY","AD","AddPublicHoliday","DATE; TBL_PUBLIC_HOLIDAYS","TBL_PUBLIC_HOLIDAYS","split","pkg_entity + pkg_master","PKG_AD mixes security, setup, entity, checklist, and reversal logic and should be split by module.","Decompose into module-bound procedures before IAS_ZTBL go-live."
"PKG_AD","PKG_AD.P_GET_PUBLIC_HOLIDAYS","AD","GetAllPublicHolidays","TBL_PUBLIC_HOLIDAYS","","wrap","pkg_sec / pkg_admin / pkg_entity","Read-only admin/setup procedures can be wrapped while new IAS_ZTBL tables are phased in.","Expose through an adapter/facade and block new direct controller dependencies."
"PKG_AD","PKG_AD.P_GET_PUBLIC_HOLIDAY_DAY","AD","CheckIfHolidayOrWeekend","TBL_PUBLIC_HOLIDAYS","","wrap","pkg_sec / pkg_admin / pkg_entity","Read-only admin/setup procedures can be wrapped while new IAS_ZTBL tables are phased in.","Expose through an adapter/facade and block new direct controller dependencies."
"PKG_AD","PKG_AD.P_GET_VERSION_HISTORY","AD","GetAllVersionHistory","T_IAS_VERSION_HISTORY","","wrap","pkg_sec / pkg_admin / pkg_entity","Read-only admin/setup procedures can be wrapped while new IAS_ZTBL tables are phased in.","Expose through an adapter/facade and block new direct controller dependencies."
"PKG_AD","PKG_AD.P_ADD_VERSION_HISTORY","AD","AddVersionHistory","","T_IAS_VERSION_HISTORY; AN","split","pkg_admin + pkg_execution + pkg_planning","PKG_AD mixes security, setup, entity, checklist, and reversal logic and should be split by module.","Decompose into module-bound procedures before IAS_ZTBL go-live."
"PKG_AD","PKG_AD.P_UPDATE_VERSION_HISTORY","AD","UpdateVersionHistory","","T_IAS_VERSION_HISTORY","split","pkg_admin + pkg_execution + pkg_planning","PKG_AD mixes security, setup, entity, checklist, and reversal logic and should be split by module.","Decompose into module-bound procedures before IAS_ZTBL go-live."
"PKG_AD","PKG_AD.P_GET_ROLE_DASHBOARD_PAGES","AdminCatalog","GetRoleDashboardPages","T_ROLE_DASHBOARD_PAGES; T_MENU_PAGES","","wrap","pkg_sec / pkg_admin / pkg_entity","Read-only admin/setup procedures can be wrapped while new IAS_ZTBL tables are phased in.","Expose through an adapter/facade and block new direct controller dependencies."
"PKG_AD","PKG_AD.P_GET_ROLE_DASHBOARD_CONFIG","AdminCatalog","GetRoleDashboardConfig","T_ROLE_DASHBOARD_PAGES; T_MENU_PAGES","","wrap","pkg_sec / pkg_admin / pkg_entity","Read-only admin/setup procedures can be wrapped while new IAS_ZTBL tables are phased in.","Expose through an adapter/facade and block new direct controller dependencies."
"PKG_AD","PKG_AD.P_GET_DASHBOARD_QUICK_LINKS","AdminCatalog","GetDashboardQuickLinks","T_ROLE_DASHBOARD_PAGES; T_MENU_PAGES; T_USER_GROUP_MAP","","wrap","pkg_sec / pkg_admin / pkg_entity","Read-only admin/setup procedures can be wrapped while new IAS_ZTBL tables are phased in.","Expose through an adapter/facade and block new direct controller dependencies."
"PKG_AD","PKG_AD.P_MAINT_ROLE_DASHBOARD_PAGE","AdminCatalog","MaintainRoleDashboardPage","","T_ROLE_DASHBOARD_PAGES","split","pkg_sec + pkg_admin","PKG_AD mixes security, setup, entity, checklist, and reversal logic and should be split by module.","Decompose into module-bound procedures before IAS_ZTBL go-live."
"PKG_AD","PKG_AD.P_GET_API_MASTER","AdminCatalog","GetApiMasterList","T_AU_API_MASTER","","wrap","pkg_sec / pkg_admin / pkg_entity","Read-only admin/setup procedures can be wrapped while new IAS_ZTBL tables are phased in.","Expose through an adapter/facade and block new direct controller dependencies."
"PKG_AD","PKG_AD.P_GET_ALL_CONTROLLER","AdminCatalog","GetApiMasterControllerNames","T_AU_API_MASTER","","wrap","pkg_sec / pkg_admin / pkg_entity","Read-only admin/setup procedures can be wrapped while new IAS_ZTBL tables are phased in.","Expose through an adapter/facade and block new direct controller dependencies."
"PKG_AD","PKG_AD.P_CHECK_API_UNIQUE","AdminCatalog","ApiPathExists","T_AU_API_MASTER","","wrap","pkg_sec / pkg_admin / pkg_entity","Read-only admin/setup procedures can be wrapped while new IAS_ZTBL tables are phased in.","Expose through an adapter/facade and block new direct controller dependencies."
"PKG_AD","PKG_AD.P_MAINT_API_MASTER","AdminCatalog","MaintainApiMaster","","T_AU_API_MASTER","split","pkg_sec + pkg_admin","PKG_AD mixes security, setup, entity, checklist, and reversal logic and should be split by module.","Decompose into module-bound procedures before IAS_ZTBL go-live."
"PKG_AE","PKG_AE.P_GETCOSORISKS","AE","GetCOSORisks","T_COSO_RISK","","wrap","pkg_compliance","Read-side compliance procedures can be wrapped during migration.","Expose through an adapter/facade and block new direct controller dependencies."
"PKG_AE","PKG_AE.P_GETASSIGNEDOBSERVATIONS","AE","GetAssignedObservations","T_AU_OBSERVATION_ASSIGNEDTO; T_AU_OBSERVATION; T_AU_OBSERVATION_STATUS; T_AU_PLAN_ENG; T_AU_PERIOD; T_AUDITEE_ENTITIES; T_AU_OBSERVATIONS_AUDITEE_RESPONSE; T_AU_OBSERVATION_TEXT","","wrap","pkg_compliance","Read-side compliance procedures can be wrapped during migration.","Expose through an adapter/facade and block new direct controller dependencies."
"PKG_AE","PKG_AE.P_GETOBSERVATIONTEXT","AE","GetObservationText","T_AU_ACTIVITY_LOG; T_AU_OBSERVATION_TEXT; T_AU_OBSERVATION","T_AU_ACTIVITY_LOG","redesign","pkg_compliance","Auditee response and post-compliance writes must move to the normalized compliance model.","Rebuild directly on IAS_ZTBL normalized tables and retire legacy DML path at cutover."
"PKG_AR","PKG_AR.P_GETOBSERVATIONSAUDITEERESPONSE","AE","GetObservationText","T_AU_OBSERVATIONS_AUDITEE_RESPONSE","","wrap","pkg_execution / pkg_observation","Read-side execution procedures can be wrapped during IAS_ZTBL cutover.","Expose through an adapter/facade and block new direct controller dependencies."
"PKG_AR","PKG_AR.P_GET_AUDITEE_OBSERVATION_RESPONSE_EVIDENCES","AE","GetObservationText","T_AU_OBSERVATIONS_AUDITEE_EVIDENCES","","wrap","pkg_execution / pkg_observation","Read-side execution procedures can be wrapped during IAS_ZTBL cutover.","Expose through an adapter/facade and block new direct controller dependencies."
"PKG_AE","PKG_AE.P_GETOBSERVATIONRESPONSIBLE","AE; ObservationPdf","GetObservationPrintResponsibilities; GetObservationResponsiblePPNOs","V_GET_AUDITEE_PP_RESPONSIBILITY; V_SERVICE_EMPLOYEEINFO","","wrap","pkg_compliance","Read-side compliance procedures can be wrapped during migration.","Expose through an adapter/facade and block new direct controller dependencies."
"PKG_AE","PKG_AE.P_AUDITEE_OBSERVATION_RESPONSE","AE","ResponseAuditObservation","T_AU_ACTIVITY_LOG; T_AU_OBSERVATIONS_AUDITEE_RESPONSE","T_AU_ACTIVITY_LOG; T_AU_OBSERVATIONS_AUDITEE_RESPONSE; T_AU_OBSERVATION_ASSIGNEDTO; T_AU_OBSERVATION","redesign","pkg_compliance","Auditee response and post-compliance writes must move to the normalized compliance model.","Rebuild directly on IAS_ZTBL normalized tables and retire legacy DML path at cutover."
"PKG_AE","PKG_AE.P_AUDITEE_OBSERVATION_RESPONSE_EVIDENCES","AE","ResponseAuditObservation","T_AU_OBSERVATIONS_AUDITEE_EVIDENCES; HERE","T_AU_OBSERVATIONS_AUDITEE_EVIDENCES","redesign","pkg_compliance","Auditee response and post-compliance writes must move to the normalized compliance model.","Rebuild directly on IAS_ZTBL normalized tables and retire legacy DML path at cutover."
"PKG_AE","PKG_AE.P_GETAUDITEEOLDPARAS","AE","GetAuditeeOldParas","T_AU_ACTIVITY_LOG; T_AU_OBSERVATION_OLD_CAD_PARAS; T_AUDITEE_ENTITIES; T_CONTROL_VIOLATION; T_CONTROL_VIOLATION_SUB; T_COSO_RISK","T_AU_ACTIVITY_LOG","redesign","pkg_compliance","Auditee response and post-compliance writes must move to the normalized compliance model.","Rebuild directly on IAS_ZTBL normalized tables and retire legacy DML path at cutover."
"PKG_AE","PKG_AE.P_GETOLDPARAMANAGEMENT","AE","GetOldParasManagement","","","wrap","pkg_compliance","Read-side compliance procedures can be wrapped during migration.","Expose through an adapter/facade and block new direct controller dependencies."
"PKG_AE","PKG_AE.P_UPDATEOLDPARAMANAGEMENT","AE","AddOldParasCADReply","T_AU_REMARKS; T_AU_OBSERVATION_OLD_CAD_PARAS_TEXT","T_AU_OBSERVATION_OLD_CAD_PARAS; T_AU_OBSERVATION_OLD_CAD_PARAS_TEXT","redesign","pkg_compliance","Auditee response and post-compliance writes must move to the normalized compliance model.","Rebuild directly on IAS_ZTBL normalized tables and retire legacy DML path at cutover."
"PKG_AE","PKG_AE.P_UPDATEAUDITEEOLDPARASRESPONSE","AE","AddOldParasCADCompliance","T_AU_OBSERVATION_OLD_CAD_PARAS_RESPONSE; T_AU_REMARKS","T_AU_OBSERVATION_OLD_CAD_PARAS_RESPONSE; T_AU_OBSERVATION_OLD_CAD_PARAS","redesign","pkg_compliance","Auditee response and post-compliance writes must move to the normalized compliance model.","Rebuild directly on IAS_ZTBL normalized tables and retire legacy DML path at cutover."
"PKG_AE","PKG_AE.P_GETAUDITEEASSIGNEDENTITIES","AE","GetAuditeeAssignedEntities","T_AU_OBSERVATION; T_AU_PLAN_ENG; T_AUDITEE_ENTITIES; T_AU_PERIOD; T_AU_OBSERVATION_ASSIGNEDTO","","wrap","pkg_compliance","Read-side compliance procedures can be wrapped during migration.","Expose through an adapter/facade and block new direct controller dependencies."
"PKG_AE","PKG_AE.P_GETCCQSENTITIES","AE","GetCCQsEntities","T_AU_CCQ; T_AUDITEE_ENTITIES; T_USER","","wrap","pkg_compliance","Read-side compliance procedures can be wrapped during migration.","Expose through an adapter/facade and block new direct controller dependencies."
"PKG_AE","PKG_AE.P_GETPARASFORCOMPLIANCEBYAUDITEE","AE","GetParasForComplianceByAuditee","V_GET_AIS_POST_COMPLIANCE; T_AUDITEE_ENTITIES_MAPING; T_AUDITEE_ENTITIES_MAPING_COM","","wrap","pkg_compliance","Read-side compliance procedures can be wrapped during migration.","Expose through an adapter/facade and block new direct controller dependencies."
"PKG_AE","PKG_AE.P_GETPARASFORCOMPLIANCEREVIEW ","AE","GetParasForReviewComplianceByAuditee","","","wrap","pkg_compliance","Read-side compliance procedures can be wrapped during migration.","Expose through an adapter/facade and block new direct controller dependencies."
"PKG_AE","PKG_AE.P_GETPARASFORCOMPLIANCEBYAUDITEE_TEXT","AE","GetParaComplianceText","T_AU_OLD_PARAS_FAD; T_AU_OLD_PARAS_FAD_TEXT; T_AU_OBSERVATION; T_AU_OBSERVATION_TEXT; T_AU_OBSERVATION_OLD_CAD_PARAS; T_AU_OBSERVATION_OLD_CAD_PARAS_TEXT","","wrap","pkg_compliance","Read-side compliance procedures can be wrapped during migration.","Expose through an adapter/facade and block new direct controller dependencies."
"PKG_AE","PKG_AE.P_GETPARASFORCOMPLIANCEFORHISTORY","AE","GetOldParasComplianceCycleText","AIS_T_AU_POST_COMPLIANCE_TEXT; AIS_T_AU_POST_COMPLIANCE; T_AU_OBSERVATION_FAD; T_AU_OBSERVATION_TEXT; T_AU_OLD_PARAS_FAD_TEXT; T_AU_OBSERVATION_OLD_CAD_PARAS_TEXT","","wrap","pkg_compliance","Read-side compliance procedures can be wrapped during migration.","Expose through an adapter/facade and block new direct controller dependencies."
"PKG_AE","PKG_AE.P_GETPOSTAUDITCOMPLIANCE_EVIDENCE_FILEDATA","AE","GetPostComplianceEvidenceData","AIS_T_AU_POST_COMPLIANCE_EVIDENCE","","wrap","pkg_compliance","Read-side compliance procedures can be wrapped during migration.","Expose through an adapter/facade and block new direct controller dependencies."
"PKG_AE","PKG_AE.P_GETPOSTAUDITCOMPLIANCE_EVIDENCE_FILEDATA_CAU","AE","GetCAUParasPostComplianceEvidenceData","AIS_T_AU_POST_COMPLIANCE_EVIDENCE_CAU","","wrap","pkg_compliance","Read-side compliance procedures can be wrapped during migration.","Expose through an adapter/facade and block new direct controller dependencies."
"PKG_AE","PKG_AE.P_GETAUDITEEOLDPARASFADTEXT_REF","AE","GetOldParasBranchComplianceTextRef","","","wrap","pkg_compliance","Read-side compliance procedures can be wrapped during migration.","Expose through an adapter/facade and block new direct controller dependencies."
"PKG_AE","PKG_AE.P_GETAUDITEEOLDPARASFADTEXT_REVIEWER","AE","GetOldParasBranchComplianceTextForZone","","","wrap","pkg_compliance","Read-side compliance procedures can be wrapped during migration.","Expose through an adapter/facade and block new direct controller dependencies."
"PKG_AE","PKG_AE.P_GETAUDITEEOLDPARASFADTEXT_REVIEWER_REF","AE","GetOldParasBranchComplianceTextForZoneRef","","","wrap","pkg_compliance","Read-side compliance procedures can be wrapped during migration.","Expose through an adapter/facade and block new direct controller dependencies."
"PKG_AE","PKG_AE.P_SUBMITPOSTAUDITCOMPLIANCE","AE","SubmitPostAuditCompliance","V_GET_AIS_POST_COMPLIANCE; T_AUDITEE_ENTITIES_MAPING; T_AUDITEE_ENTITIES_MAPING_COM; T_AU_OBSERVATION_OLD_CAD_PARAS; T_AUDITEE_ENTITIES; T_AUDITEE_ENT_TYPES; T_USER; T_USER_MAPING; T_AU_ACTIVITY_LOG; AIS_T_AU_POST_COMPLIANCE_TEXT; AIS_T_AU_POST_COMPLIANCE_HISTORY; T_GROUPS; DUAL","T_AU_ACTIVITY_LOG; AIS_T_AU_POST_COMPLIANCE; AIS_T_AU_POST_COMPLIANCE_TEXT; AIS_T_AU_POST_COMPLIANCE_HISTORY","redesign","pkg_compliance","Auditee response and post-compliance writes must move to the normalized compliance model.","Rebuild directly on IAS_ZTBL normalized tables and retire legacy DML path at cutover."
"PKG_AE","PKG_AE.P_SUBMITPOSTAUDITCOMPLIANCE_EVIDENCE","AE","SubmitPostAuditCompliance","AIS_T_AU_POST_COMPLIANCE_TEXT; AIS_T_AU_POST_COMPLIANCE_EVIDENCE","AIS_T_AU_POST_COMPLIANCE_EVIDENCE_ARCHIVE; AIS_T_AU_POST_COMPLIANCE_EVIDENCE","redesign","pkg_compliance","Auditee response and post-compliance writes must move to the normalized compliance model.","Rebuild directly on IAS_ZTBL normalized tables and retire legacy DML path at cutover."
"PKG_AE","PKG_AE.P_SUBMITPOSTAUDITCOMPLIANCE_REVIEW","AE","SubmitPostAuditComplianceReview","V_GET_AIS_POST_COMPLIANCE; T_AUDITEE_ENTITIES_MAPING; T_AUDITEE_ENTITIES; T_AUDITEE_ENTITIES_MAPING_COM; T_AU_OBSERVATION_OLD_CAD_PARAS; T_AUDITEE_ENT_TYPES; T_USER; T_USER_MAPING; T_AU_ACTIVITY_LOG; AIS_T_AU_POST_COMPLIANCE_HISTORY; T_GROUPS; DUAL","T_AU_ACTIVITY_LOG; AIS_T_AU_POST_COMPLIANCE; T_AU_OBSERVATION; T_AU_OLD_PARAS_FAD; T_AU_OBSERVATION_OLD_CAD_PARAS; AIS_T_AU_POST_COMPLIANCE_HISTORY","redesign","pkg_compliance","Auditee response and post-compliance writes must move to the normalized compliance model.","Rebuild directly on IAS_ZTBL normalized tables and retire legacy DML path at cutover."
"PKG_AE","PKG_AE.P_GETOLDPARASFORREVIEWER","AE","GetOldParasForReviewer","","","wrap","pkg_compliance","Read-side compliance procedures can be wrapped during migration.","Expose through an adapter/facade and block new direct controller dependencies."
"PKG_AE","PKG_AE.P_GETOLDPARASFORREVIEWER_REF","AE","GetOldParasForReviewerRef","","","wrap","pkg_compliance","Read-side compliance procedures can be wrapped during migration.","Expose through an adapter/facade and block new direct controller dependencies."
"PKG_AE","PKG_AE.P_ADDOLDPARASREVIEWER","AE","AddOldParasComplianceReviewer","","","wrap","pkg_compliance","Read-side compliance procedures can be wrapped during migration.","Expose through an adapter/facade and block new direct controller dependencies."
"PKG_AE","PKG_AE.P_ADDOLDPARASREPLY","AE","AddOldParasReply","","","wrap","pkg_compliance","Read-side compliance procedures can be wrapped during migration.","Expose through an adapter/facade and block new direct controller dependencies."
"PKG_AE","PKG_AE.P_GETAUDITEEALLPARASFAD","AE","GetOldParasBranchComplianceTextupdate","T_AU_ACTIVITY_LOG; T_AU_OLD_PARAS_FAD; T_AUDITEE_ENTITIES; V_GET_P_GETAUDITEEOLDPARASFAD_REF","T_AU_ACTIVITY_LOG","redesign","pkg_compliance","Auditee response and post-compliance writes must move to the normalized compliance model.","Rebuild directly on IAS_ZTBL normalized tables and retire legacy DML path at cutover."
"PKG_AE","PKG_AE.P_GET_V_AUDITEE_PARAS_COMPLIANCE_HISTORY_AUDITEE_TEXT","AE","GetComplianceTextAuditee","","","wrap","pkg_compliance","Read-side compliance procedures can be wrapped during migration.","Expose through an adapter/facade and block new direct controller dependencies."
"PKG_AE","PKG_AE.P_GETPARASFORCOMPLIANCEHISTORY","AE","GetComplianceHistory","AIS_T_AU_POST_COMPLIANCE_HISTORY; V_SERVICE_EMPLOYEEINFO","","wrap","pkg_compliance","Read-side compliance procedures can be wrapped during migration.","Expose through an adapter/facade and block new direct controller dependencies."
"PKG_AE","PKG_AE.P_GETPARASFORCOMPLIANCEBYCAU","AE","GetCAUParasForPostCompliance","AIS_T_AU_POST_COMPLIANCE; T_AUDITEE_ENTITIES_MAPING","","wrap","pkg_compliance","Read-side compliance procedures can be wrapped during migration.","Expose through an adapter/facade and block new direct controller dependencies."
"PKG_AE","PKG_AE.P_GETREALTIONSHIPTYPEFORCAU","AE","GetrealtionshiptypeForCAU","T_AUDITEE_ENT_RELATION","","wrap","pkg_compliance","Read-side compliance procedures can be wrapped during migration.","Expose through an adapter/facade and block new direct controller dependencies."
"PKG_AE","PKG_AE.P_GETPARENTREPOFFICEFORCAU","AE","GetParentRelationshipForCAU","T_AUDITEE_ENTITIES; T_AUDITEE_ENT_RELATION","","wrap","pkg_compliance","Read-side compliance procedures can be wrapped during migration.","Expose through an adapter/facade and block new direct controller dependencies."
"PKG_AE","PKG_AE.P_GETCHILDPOSTINGFORCAU","AE","GetChildRelationshipForCAU","V_GET_PARENT_OFFICE; T_AUDITEE_ENT_TYPES","","wrap","pkg_compliance","Read-side compliance procedures can be wrapped during migration.","Expose through an adapter/facade and block new direct controller dependencies."
"PKG_AE","PKG_AE.P_FORWARD_CAU_PARA_TO_BRANCH","AE","SubmitCAUParaToBranch","T_AUDITEE_ENTITIES; T_USER; T_USER_MAPING; T_AU_ACTIVITY_LOG; AIS_T_AU_POST_COMPLIANCE_TEXT_CAU; DUAL","T_AU_ACTIVITY_LOG; AIS_T_AU_POST_COMPLIANCE; AIS_T_AU_POST_COMPLIANCE_TEXT_CAU","redesign","pkg_compliance","Auditee response and post-compliance writes must move to the normalized compliance model.","Rebuild directly on IAS_ZTBL normalized tables and retire legacy DML path at cutover."
"PKG_AE","PKG_AE.P_GETPARASFORCOMPLIANCE_CAU_PARA_TEXT","AE","GetCAUParaToBranchParaText","AIS_T_AU_POST_COMPLIANCE; AIS_T_AU_POST_COMPLIANCE_TEXT_CAU; T_AU_OLD_PARAS_FAD; T_AU_OLD_PARAS_FAD_TEXT; T_AU_OBSERVATION_TEXT","","wrap","pkg_compliance","Read-side compliance procedures can be wrapped during migration.","Expose through an adapter/facade and block new direct controller dependencies."
"PKG_AE","PKG_AE.P_GETPARASFORCOMPLIANCEBYCAU_BY_BRANCH","AE","GetCAUParasForPostComplianceSubmittedToBranch","AIS_T_AU_POST_COMPLIANCE; T_AUDITEE_ENTITIES; AIS_T_AU_POST_COMPLIANCE_TEXT_CAU","","wrap","pkg_compliance","Read-side compliance procedures can be wrapped during migration.","Expose through an adapter/facade and block new direct controller dependencies."
"PKG_AE","PKG_AE.P_SUBMITPOSTAUDITCOMPLIANCE_BY_BRANCH","AE","SubmitCAUParaByBranch","T_USER; T_USER_MAPING; T_AU_ACTIVITY_LOG; DUAL","T_AU_ACTIVITY_LOG; AIS_T_AU_POST_COMPLIANCE; AIS_T_AU_POST_COMPLIANCE_TEXT_CAU","redesign","pkg_compliance","Auditee response and post-compliance writes must move to the normalized compliance model.","Rebuild directly on IAS_ZTBL normalized tables and retire legacy DML path at cutover."
"PKG_AE","PKG_AE.P_SUBMITPOSTAUDITCOMPLIANCE_EVIDENCE_BY_BRANCH","AE","SubmitCAUParaByBranch","AIS_T_AU_POST_COMPLIANCE_EVIDENCE_CAU; AIS_T_AU_POST_COMPLIANCE_TEXT","AIS_T_AU_POST_COMPLIANCE_EVIDENCE_CAU","redesign","pkg_compliance","Auditee response and post-compliance writes must move to the normalized compliance model.","Rebuild directly on IAS_ZTBL normalized tables and retire legacy DML path at cutover."
"PKG_AE","PKG_AE.P_GETPARASFORCOMPLIANCEBYCAU_FOR_REVIEW","AE","GetCAUParasForPostComplianceForReview","AIS_T_AU_POST_COMPLIANCE","","wrap","pkg_compliance","Read-side compliance procedures can be wrapped during migration.","Expose through an adapter/facade and block new direct controller dependencies."
"PKG_AE","PKG_AE.P_GETALLCOMPLIANCE_EVIDENCE_CAU","AE","GetCAUAllComplianceEvidence","AIS_T_AU_POST_COMPLIANCE_EVIDENCE_CAU","","wrap","pkg_compliance","Read-side compliance procedures can be wrapped during migration.","Expose through an adapter/facade and block new direct controller dependencies."
"PKG_AR","PKG_AR.P_GET_AUDITEE_SUBMISSION_LIST","AR","GetAuditEntitiesForOtherEntitySelection","T_AUDITEE_ENTITIES","","wrap","pkg_execution / pkg_observation","Read-side execution procedures can be wrapped during IAS_ZTBL cutover.","Expose through an adapter/facade and block new direct controller dependencies."
"PKG_AR","PKG_AR.P_GETRISKGROUP","AR","GetRiskGroup","T_R_GROUP","","wrap","pkg_execution / pkg_observation","Read-side execution procedures can be wrapped during IAS_ZTBL cutover.","Expose through an adapter/facade and block new direct controller dependencies."
"PKG_AR","PKG_AR.P_GETRISKSUBGROUP","AR","GetRiskSubGroup","T_R_SUB_GROUP; T_R_GROUP","","wrap","pkg_execution / pkg_observation","Read-side execution procedures can be wrapped during IAS_ZTBL cutover.","Expose through an adapter/facade and block new direct controller dependencies."
"PKG_AR","PKG_AR.P_GETRISKACTIVITIES","AR","GetRiskActivities","T_R_ACTIVITY; T_R_SUB_GROUP","","wrap","pkg_execution / pkg_observation","Read-side execution procedures can be wrapped during IAS_ZTBL cutover.","Expose through an adapter/facade and block new direct controller dependencies."
"PKG_AR","PKG_AR.P_GETAUDITVOILATIONCATS","AR","GetAuditVoilationcats","T_CONTROL_VIOLATION","","wrap","pkg_execution / pkg_observation","Read-side execution procedures can be wrapped during IAS_ZTBL cutover.","Expose through an adapter/facade and block new direct controller dependencies."
"PKG_AR","PKG_AR.P_GETVOILATIONSUBGROUP","AR","GetVoilationSubGroup","T_CONTROL_VIOLATION; T_CONTROL_VIOLATION_SUB","","wrap","pkg_execution / pkg_observation","Read-side execution procedures can be wrapped during IAS_ZTBL cutover.","Expose through an adapter/facade and block new direct controller dependencies."
"PKG_AR","PKG_AR.P_GETTASKLIST","AR","GetTaskList","T_AU_AUDIT_TEAM_TASKLIST; T_AU_AUDIT_TEAMS; T_AU_AUDIT_TEAM_TASKLIST_STATUS; T_AU_TEAM_MEMBERS; T_AU_PLAN_ENG; T_AUDITEE_ENTITIES; T_AUDITEE_ENT_TYPES; T_AU_AUDIT_JOINING; T_AU_PERIOD; T_AUDITEE_ENTITIES_MAPING","","wrap","pkg_execution / pkg_observation","Read-side execution procedures can be wrapped during IAS_ZTBL cutover.","Expose through an adapter/facade and block new direct controller dependencies."
"PKG_AR","PKG_AR.P_GETJOININGDETAILS","AR","GetJoiningDetails","T_AU_AUDIT_TEAM_TASKLIST; T_AU_PLAN_ENG; T_AU_PLAN; T_AUDITEE_ENTITIES; T_AU_PERIOD; T_AU_TEAM_MEMBERS; T_AU_AUDIT_TEAMS; T_RISK; T_AUDITEE_ENTITIES_SIZE_DISC","","wrap","pkg_execution / pkg_observation","Read-side execution procedures can be wrapped during IAS_ZTBL cutover.","Expose through an adapter/facade and block new direct controller dependencies."
"PKG_AR","PKG_AR.P_ADDJOININGREPORT","AR","AddJoiningReport","T_AU_PLAN_ENG; T_AU_AUDIT_TEAMS; T_AU_TEAM_MEMBERS; T_AU_AUDIT_TEAM_TASKLIST; T_AU_ACTIVITY_LOG; DUAL; T_AUDITEE_ENTITIES; T_AU_AUDIT_JOINING","T_AU_ACTIVITY_LOG; JOINING; T_AU_AUDIT_JOINING; T_AU_AUDIT_TEAM_TASKLIST; AUDITEE; T_AUDITEE_ENTITIES","split","pkg_execution / pkg_observation / pkg_workpaper","Execution, observation, DSA, and working-paper writes should be separated into clearer module packages.","Decompose into module-bound procedures before IAS_ZTBL go-live."
"PKG_AR","PKG_AR.P_GETAUDITCHECKLIST","AR","GetAuditChecklist","T_AUDIT_CHECKLIST; T_AUDITEE_ENT_TYPES","","wrap","pkg_execution / pkg_observation","Read-side execution procedures can be wrapped during IAS_ZTBL cutover.","Expose through an adapter/facade and block new direct controller dependencies."
"PKG_AR","PKG_AR.P_GETAUDITCHECKLISTCAD","AR","GetAuditChecklistCAD","T_AUDIT_CHECKLIST","","wrap","pkg_execution / pkg_observation","Read-side execution procedures can be wrapped during IAS_ZTBL cutover.","Expose through an adapter/facade and block new direct controller dependencies."
"PKG_AR","PKG_AR.P_GETAUDITCHECKLISTSUB","AR","GetAuditChecklistSub","T_AUDIT_CHECKLIST_SUB; T_AUDIT_CHECKLIST; T_AUDITEE_ENT_TYPES","","wrap","pkg_execution / pkg_observation","Read-side execution procedures can be wrapped during IAS_ZTBL cutover.","Expose through an adapter/facade and block new direct controller dependencies."
"PKG_AR","PKG_AR.P_GETAUDITCHECKLISTDETAILS","AR","GetAuditChecklistDetails","T_AUDIT_CHECKLIST_DETAILS; T_AUDIT_CHECKLIST_SUB; T_R_SUB_GROUP; T_RISK","","wrap","pkg_execution / pkg_observation","Read-side execution procedures can be wrapped during IAS_ZTBL cutover.","Expose through an adapter/facade and block new direct controller dependencies."
"PKG_AR","PKG_AR.P_SAVEAUDITOBSERVATION","AR","SaveAuditObservation","T_AU_OBSERVATION; T_AUDIT_CHECKLIST_DETAILS; T_AUDIT_CHECKLIST_SUB; T_AU_PLAN_ENG; T_AUDITEE_ENT_TYPES; T_AU_ACTIVITY_LOG; T_AU_OBSERVATION_TEXT; T_AU_REMARKS","T_AU_ACTIVITY_LOG; T_AU_OBSERVATION; T_AU_OBSERVATION_TEXT; T_AUDITEE_CHECKKLIST","redesign","pkg_execution / pkg_observation / pkg_workpaper","Execution, observation, DSA, and working-paper writes should be separated into clearer module packages.","Rebuild directly on IAS_ZTBL normalized tables and retire legacy DML path at cutover."
"PKG_AR","PKG_AR.P_RESPONIBILITYASSIGNED","AR","AddInitialResponsibilityAssignment; SaveAuditObservation; SaveAuditObservationCAU","T_AU_OBSERVATION_RESPONIBILITY_ASSIGNED; DUAL","T_AU_OBSERVATION_RESPONIBILITY_ASSIGNED; T_AU_RESPONSIBILITY_LOG","split","pkg_observation + pkg_execution","Execution, observation, DSA, and working-paper writes should be separated into clearer module packages.","Decompose into module-bound procedures before IAS_ZTBL go-live."
"PKG_AR","PKG_AR.P_SAVEAUDITOBSERVATIONCAD","AR","SaveAuditObservationCAU","T_AU_OBSERVATION; T_AU_ACTIVITY_LOG; T_AU_PLAN_ENG; T_AUDITEE_ENTITIES; T_AUDIT_CHECKLIST_DETAILS; T_AUDIT_CHECKLIST_SUB; T_AU_OBSERVATION_TEXT; T_AU_REMARKS","T_AU_ACTIVITY_LOG; T_AU_OBSERVATION; T_AU_OBSERVATION_TEXT","redesign","pkg_execution / pkg_observation / pkg_workpaper","Execution, observation, DSA, and working-paper writes should be separated into clearer module packages.","Rebuild directly on IAS_ZTBL normalized tables and retire legacy DML path at cutover."
"PKG_AR","PKG_AR.P_GETLATESTAUDITEERESPONSE","AR","GetLatestAuditeeResponse","T_AU_OBSERVATIONS_AUDITEE_RESPONSE","","wrap","pkg_execution / pkg_observation","Read-side execution procedures can be wrapped during IAS_ZTBL cutover.","Expose through an adapter/facade and block new direct controller dependencies."
"PKG_AR","PKG_AR.P_GET_DETAILS_FOR_MANAGE_OBSERVATIONS_SUMMARY","AR","GetManagedObservationsSummaryForSelectedEntity","V_GET_P_GET_DETAILS_FOR_MANAGE_OBSERVATIONS_SUMMARY","","wrap","pkg_execution / pkg_observation","Read-side execution procedures can be wrapped during IAS_ZTBL cutover.","Expose through an adapter/facade and block new direct controller dependencies."
"PKG_AR","PKG_AR.P_GET_DETAILS_FOR_MANAGE_OBSERVATIONS","AR","GetManagedObservationsForSelectedEntity","T_AU_PLAN_ENG; T_AU_OBSERVATION; T_AU_OBSERVATION_TEXT; T_AUDITEE_ENT_TYPES; T_AUDITEE_ENTITIES; T_AU_OBSERVATION_STATUS","","wrap","pkg_execution / pkg_observation","Read-side execution procedures can be wrapped during IAS_ZTBL cutover.","Expose through an adapter/facade and block new direct controller dependencies."
"PKG_AR","PKG_AR.P_UPDATE_AUDIT_PARAS","AR","UpdateAuditObservationStatus","DUAL","T_AU_OBSERVATION_UPDATED_REFERENCE","redesign","pkg_execution / pkg_observation / pkg_workpaper","Execution, observation, DSA, and working-paper writes should be separated into clearer module packages.","Rebuild directly on IAS_ZTBL normalized tables and retire legacy DML path at cutover."
"PKG_AR","PKG_AR.P_AUTHORIZE_UPDATE_AUDIT_PARAS","AR","AuthorizedAuditObservationStatus; ReferredBackAuditObservationStatus","","","wrap","pkg_execution / pkg_observation","Read-side execution procedures can be wrapped during IAS_ZTBL cutover.","Expose through an adapter/facade and block new direct controller dependencies."
"PKG_AR","PKG_AR.P_GETMANAGEDOBSERVATIONS","AR","GetManagedObservations","T_AU_OBSERVATION; T_AU_PLAN_ENG; T_AUDITEE_ENTITIES; T_CONTROL_VIOLATION; T_CONTROL_VIOLATION_SUB; T_RISK; T_AU_OBSERVATION_STATUS; T_AU_PERIOD; T_AU_OBSERVATION_TEXT","","wrap","pkg_execution / pkg_observation","Read-side execution procedures can be wrapped during IAS_ZTBL cutover.","Expose through an adapter/facade and block new direct controller dependencies."
"PKG_AR","PKG_AR.P_GETMANAGEDOBSERVATIONSTEXT","AR","GetManagedObservationText; GetManagedObservationTextForBranches","T_AU_OBSERVATION; T_AU_PLAN_ENG; T_AU_OBSERVATION_TEXT; T_CONTROL_VIOLATION; T_CONTROL_VIOLATION_SUB; T_RISK; T_AU_OBSERVATION_STATUS; T_AU_PERIOD","","wrap","pkg_execution / pkg_observation","Read-side execution procedures can be wrapped during IAS_ZTBL cutover.","Expose through an adapter/facade and block new direct controller dependencies."
"PKG_AR","PKG_AR.P_GET_AUDITEE_OBSERVATION_RESPONSE_EVIDENCES_BY_OBS_ID","AR","GetRespondedObservationEvidences","T_AU_OBSERVATIONS_AUDITEE_EVIDENCES; T_AU_OBSERVATION_TEXT","","wrap","pkg_execution / pkg_observation","Read-side execution procedures can be wrapped during IAS_ZTBL cutover.","Expose through an adapter/facade and block new direct controller dependencies."
"PKG_AR","PKG_AR.P_GET_DETAILS_FOR_MANAGE_OBSERVATIONS_TEXT","AR","GetManagedAllObservationsText","V_PARA_TEXT_FIELD_AIS; V_PARA_TEXT_DEPARTMENT_AIS","","wrap","pkg_execution / pkg_observation","Read-side execution procedures can be wrapped during IAS_ZTBL cutover.","Expose through an adapter/facade and block new direct controller dependencies."
"PKG_AR","PKG_AR.P_GETMANAGEDOBSERVATIONSFORBRANCHES","AR","GetManagedObservationsForBranches","T_AU_OBSERVATION; T_AU_PLAN_ENG; T_AUDITEE_ENTITIES; T_AU_OBSERVATION_STATUS; T_AU_PERIOD; T_AU_OBSERVATION_TEXT; T_AUDIT_CHECKLIST_ANNEXURE; T_RISK","","wrap","pkg_execution / pkg_observation","Read-side execution procedures can be wrapped during IAS_ZTBL cutover.","Expose through an adapter/facade and block new direct controller dependencies."
"PKG_AR","PKG_AR.P_GETMANAGEDOBSERVATIONSFORBRANCHESTEXT","AR","GetManagedObservationTextForBranches","T_AU_OBSERVATION; T_AU_PLAN_ENG; T_AU_OBSERVATION_TEXT; T_AUDIT_CHECKLIST_DETAILS; T_AUDIT_CHECKLIST_SUB; T_AUDIT_CHECKLIST","","wrap","pkg_execution / pkg_observation","Read-side execution procedures can be wrapped during IAS_ZTBL cutover.","Expose through an adapter/facade and block new direct controller dependencies."
"PKG_AR","PKG_AR.P_GETMANAGEDDRAFTOBSERVATIONS","AR","GetManagedDraftObservations","T_AU_OBSERVATION; T_AU_PLAN_ENG; T_AU_OBSERVATION_TEXT; T_AUDITEE_ENTITIES; T_RISK; T_AU_OBSERVATION_STATUS; T_AU_PERIOD; T_AUDIT_CHECKLIST_DETAILS; T_AUDIT_CHECKLIST_SUB; T_AUDIT_CHECKLIST; T_AU_OBSERVATIONS_AUDITOR_RESPONSE; T_CONTROL_VIOLATION; T_CONTROL_VIOLATION_SUB","","wrap","pkg_execution / pkg_observation","Read-side execution procedures can be wrapped during IAS_ZTBL cutover.","Expose through an adapter/facade and block new direct controller dependencies."
"PKG_AR","PKG_AR.P_GETMANAGEDDRAFTOBSERVATIONSFORBRANCHES","AR","GetManagedDraftObservationsBranch; GetManagedDraftObservationsForBranches","T_AU_OBSERVATION; T_AU_PLAN_ENG; T_AU_OBSERVATION_TEXT; T_AUDITEE_ENTITIES; T_AUDIT_CHECKLIST_DETAILS; T_AUDIT_CHECKLIST_SUB; T_AUDIT_CHECKLIST; T_RISK; T_AU_OBSERVATION_STATUS; T_AU_PERIOD; T_AU_OBSERVATIONS_AUDITOR_RESPONSE","","wrap","pkg_execution / pkg_observation","Read-side execution procedures can be wrapped during IAS_ZTBL cutover.","Expose through an adapter/facade and block new direct controller dependencies."
"PKG_AR","PKG_AR.P_GETMANAGEDDRAFTOBSERVATIONSBRANCH","AR","GetEntityReportParasForBranch","T_AU_OBSERVATION; T_AU_PLAN_ENG; T_AU_OBSERVATION_TEXT; T_AUDITEE_ENTITIES; T_RISK; T_AU_OBSERVATION_STATUS; T_AU_PERIOD; T_AUDIT_CHECKLIST_DETAILS; T_AUDIT_CHECKLIST_SUB; T_AUDIT_CHECKLIST; T_AU_OBSERVATIONS_AUDITOR_RESPONSE","","wrap","pkg_execution / pkg_observation","Read-side execution procedures can be wrapped during IAS_ZTBL cutover.","Expose through an adapter/facade and block new direct controller dependencies."
"PKG_AR","PKG_AR.P_GETMANAGEDDRAFTOBSERVATIONSTEXT","AR","GetManagedDraftObservationsText","T_AU_OBSERVATION_TEXT","","wrap","pkg_execution / pkg_observation","Read-side execution procedures can be wrapped during IAS_ZTBL cutover.","Expose through an adapter/facade and block new direct controller dependencies."
"PKG_AR","PKG_AR.P_GETAUDITEECHECKKLIST","AR","GetSubChecklistStatus","T_AUDITEE_CHECKKLIST; T_AUDIT_CHECKLIST_DETAILS; T_AUDIT_CHECKLIST_SUB; T_AU_OBSERVATION; T_AU_OBSERVATION_TEXT","","wrap","pkg_execution / pkg_observation","Read-side execution procedures can be wrapped during IAS_ZTBL cutover.","Expose through an adapter/facade and block new direct controller dependencies."
"PKG_AR","PKG_AR.P_DROPAUDITOBSERVATION","AR","DropAuditObservation","T_AU_ACTIVITY_LOG; T_AU_OBSERVATION; T_AU_AUDIT_TEAM_TASKLIST; T_AU_TEAM_MEMBERS; T_USER_MAPING; T_AU_REMARKS","T_AU_ACTIVITY_LOG; T_AU_OBSERVATION","redesign","pkg_execution / pkg_observation / pkg_workpaper","Execution, observation, DSA, and working-paper writes should be separated into clearer module packages.","Rebuild directly on IAS_ZTBL normalized tables and retire legacy DML path at cutover."
"PKG_AR","PKG_AR.P_SUBMITAUDITOBSERVATIONTOAUDITEE","AR","SubmitAuditObservationToAuditee","T_AU_OBSERVATION; T_AU_OBSERVATION_TEXT; T_AU_AUDIT_TEAM_TASKLIST; T_AU_TEAM_MEMBERS; T_AU_ACTIVITY_LOG; T_AUDITEE_ENTITEE_SUBENTITY; T_AU_OBSERVATION_ASSIGNEDTO; DUAL; T_AU_REMARKS","T_AU_ACTIVITY_LOG; T_AU_OBSERVATION_ASSIGNEDTO; T_AU_OBSERVATION; T_AU_OBSERVATION_TEXT","redesign","pkg_execution / pkg_observation / pkg_workpaper","Execution, observation, DSA, and working-paper writes should be separated into clearer module packages.","Rebuild directly on IAS_ZTBL normalized tables and retire legacy DML path at cutover."
"PKG_AR","PKG_AR.P_UPDATEAUDITOBSERVATIONSTATUS","AR","UpdateAuditObservationStatus","T_AU_ACTIVITY_LOG; T_AU_TEAM_MEMBERS; T_AU_AUDIT_TEAM_TASKLIST; T_AU_OBSERVATION; T_AU_OBSERVATION_STATUS; T_AU_REMARKS","T_AU_ACTIVITY_LOG; T_AU_OBSERVATIONS_AUDITEE_RESPONSE; T_AU_OBSERVATION","redesign","pkg_execution / pkg_observation / pkg_workpaper","Execution, observation, DSA, and working-paper writes should be separated into clearer module packages.","Rebuild directly on IAS_ZTBL normalized tables and retire legacy DML path at cutover."
"PKG_AR","PKG_AR.AUDITOR_RESPONSE","AR","UpdateAuditObservationStatus; UpdateAuditObservationStatusByHead","T_AU_OBSERVATIONS_AUDITOR_RECOMMENDATION; T_AU_OBSERVATION_TEXT","T_AU_OBSERVATIONS_AUDITOR_RECOMMENDATION","redesign","pkg_execution / pkg_observation / pkg_workpaper","Execution, observation, DSA, and working-paper writes should be separated into clearer module packages.","Rebuild directly on IAS_ZTBL normalized tables and retire legacy DML path at cutover."
"PKG_AR","PKG_AR.AUDITOR_REPLY","AR","UpdateAuditObservationStatus; UpdateAuditObservationStatusByHead","T_AU_OBSERVATIONS_AUDITOR_REPLY; T_AU_OBSERVATION_TEXT; T_GROUPS; T_USER_MAPING","T_AU_OBSERVATIONS_AUDITOR_REPLY","redesign","pkg_execution / pkg_observation / pkg_workpaper","Execution, observation, DSA, and working-paper writes should be separated into clearer module packages.","Rebuild directly on IAS_ZTBL normalized tables and retire legacy DML path at cutover."
"PKG_AR","PKG_AR.P_UPDATEOBSERVATION","AR","UpdateAuditObservationText","T_AU_ACTIVITY_LOG; T_AU_AUDIT_TEAM_TASKLIST; T_AU_OBSERVATION; T_AU_REMARKS; DUAL","T_AU_ACTIVITY_LOG; T_AU_OBSERVATION_TEXT; T_AU_OBSERVATION","redesign","pkg_execution / pkg_observation / pkg_workpaper","Execution, observation, DSA, and working-paper writes should be separated into clearer module packages.","Rebuild directly on IAS_ZTBL normalized tables and retire legacy DML path at cutover."
"PKG_AR","PKG_AR.P_GETCLOSINGDRAFTOBSERVATIONS","AR","GetClosingDraftObservations; GetClosingDraftTeamDetails","T_AU_AUDIT_TEAM_TASKLIST; T_AUDITEE_ENTITIES; T_AU_PLAN_ENG; T_AU_AUDIT_JOINING; V_GETCLOSINGDRAFT_TEAMMEMBER_SUMMARY; V_GETCLOSINGDRAFT_STATUS_SUMMARY; V_GETCLOSINGDRAFT_TEAM_SUMMARY","","wrap","pkg_execution / pkg_observation","Read-side execution procedures can be wrapped during IAS_ZTBL cutover.","Expose through an adapter/facade and block new direct controller dependencies."
"PKG_AR","PKG_AR.P_GETAUDITCHECKLISTDETAILS_SEARCH","AR","SearchChecklistDetails","T_AUDIT_CHECKLIST_DETAILS; T_AUDIT_CHECKLIST_SUB; T_AUDIT_CHECKLIST; T_RISK","","wrap","pkg_execution / pkg_observation","Read-side execution procedures can be wrapped during IAS_ZTBL cutover.","Expose through an adapter/facade and block new direct controller dependencies."
"PKG_AR","PKG_AR.P_GETENTITIESFORLEGACYPARA_HO_REPORT","AR","GetLegacyParasEntitiesReport","T_AU_OBSERVATION_OLD_CAD_PARAS; T_AUDITEE_ENTITIES; T_AU_OBSERVATION_OLD_CAD_PARAS_TEXT","","wrap","pkg_execution / pkg_observation","Read-side execution procedures can be wrapped during IAS_ZTBL cutover.","Expose through an adapter/facade and block new direct controller dependencies."
"PKG_AR","PKG_AR.P_GETLEAGACYOBSERVATIONS","AR","GetLegacyParasForUpdate","T_AUDITEE_ENTITIES; T_AU_ERROR_LOGS; DUAL; T_AU_OBSERVATION_OLD_CAD_PARAS; T_AU_OBSERVATION_OLD_CAD_PARAS_TEXT; T_AU_OLD_PARAS_FAD; T_AU_OLD_PARAS_FAD_TEXT; T_AU_OLD_PARAS_FAD_LOG","T_AU_ERROR_LOGS; T_AU_OLD_PARAS_FAD_LOG","redesign","pkg_execution / pkg_observation / pkg_workpaper","Execution, observation, DSA, and working-paper writes should be separated into clearer module packages.","Rebuild directly on IAS_ZTBL normalized tables and retire legacy DML path at cutover."
"PKG_AR","PKG_AR.P_GETLEAGACYOBSERVATIONS_HO","AR","GetLegacyParasForUpdateHO","T_AU_ERROR_LOGS; DUAL; T_AU_OBSERVATION_OLD_CAD_PARAS; T_AUDITEE_ENTITIES; T_AU_OBSERVATION_OLD_CAD_PARAS_TEXT; T_CONTROL_VIOLATION_SUB; T_AU_DATA_VALIDATION_HO_LOG","T_AU_ERROR_LOGS; T_AU_DATA_VALIDATION_HO_LOG","redesign","pkg_execution / pkg_observation / pkg_workpaper","Execution, observation, DSA, and working-paper writes should be separated into clearer module packages.","Rebuild directly on IAS_ZTBL normalized tables and retire legacy DML path at cutover."
"PKG_AR","PKG_AR.P_GETLEAGACYOBSERVATIONS_FOR_GIST_UPDATE","AR","GetLegacyParasForGistUpdate","T_AUDITEE_ENTITIES; T_AU_ERROR_LOGS; DUAL; T_AU_OBSERVATION_OLD_CAD_PARAS; T_AU_OLD_PARAS_GIST_UPDATE_LOG; T_AU_OBSERVATION_OLD_CAD_PARAS_TEXT; T_AU_OLD_PARAS_FAD","T_AU_ERROR_LOGS; T_AU_OLD_PARAS_GIST_UPDATE_LOG","redesign","pkg_execution / pkg_observation / pkg_workpaper","Execution, observation, DSA, and working-paper writes should be separated into clearer module packages.","Rebuild directly on IAS_ZTBL normalized tables and retire legacy DML path at cutover."
"PKG_AR","PKG_AR.P_UPDATE_LEGACY_PARA_TEXT","AR","UpdateLegacyParasWithResponsibility","T_AU_OLD_PARAS_FAD; T_AUDITEE_ENTITIES; AIS_T_AU_POST_COMPLIANCE; T_USER; T_AU_OLD_PARAS_FAD_TEXT; T_AU_OBSERVATION_OLD_CAD_PARAS_TEXT; T_AU_REMARKS; T_AU_ERROR_LOGS; DUAL","AIS_T_AU_POST_COMPLIANCE; T_AU_OBSERVATION_OLD_CAD_PARAS_TEXT; T_AU_OBSERVATION_OLD_CAD_PARAS; T_AU_DATA_VALIDATION_HO_LOG; T_AU_OLD_PARAS_FAD_TEXT; T_AU_OLD_PARAS_FAD; T_AU_OLD_PARAS_FAD_LOG; T_AU_ERROR_LOGS","redesign","pkg_execution / pkg_observation / pkg_workpaper","Execution, observation, DSA, and working-paper writes should be separated into clearer module packages.","Rebuild directly on IAS_ZTBL normalized tables and retire legacy DML path at cutover."
"PKG_AR","PKG_AR.P_ADD_PARA_RESPONSIBILITY","AR","AddResponsibilityToLegacyParas; UpdateLegacyParasWithResponsibility","T_AU_OLD_PARAS_FAD_RESPONSIBILITY_ASSIGNED; DUAL; T_AU_ERROR_LOGS","T_AU_OLD_PARAS_FAD_RESPONSIBILITY_ASSIGNED; T_AU_OLD_PARAS_FAD_LOG; T_AU_ERROR_LOGS","split","pkg_observation + pkg_execution","Execution, observation, DSA, and working-paper writes should be separated into clearer module packages.","Decompose into module-bound procedures before IAS_ZTBL go-live."
"PKG_AR","PKG_AR.P_UPDATE_LEGACY_PARA_GIST","AR","UpdateLegacyParaGistParaNo","T_AU_OLD_PARAS_GIST_UPDATE_LOG; DUAL; T_AU_ERROR_LOGS","T_AU_OLD_PARAS_GIST_UPDATE_LOG; T_AU_ERROR_LOGS","redesign","pkg_execution / pkg_observation / pkg_workpaper","Execution, observation, DSA, and working-paper writes should be separated into clearer module packages.","Rebuild directly on IAS_ZTBL normalized tables and retire legacy DML path at cutover."
"PKG_AR","PKG_AR.P_DELETE_PARA_RESPONSIBILITY","AR","DeleteResponsibilityOfLegacyParas","T_AU_OLD_PARAS_FAD_RESPONSIBILITY_ASSIGNED; DUAL","T_AU_OBSERVATION_OLD_PARAS_RESPONIBILITY_ASSIGNED; T_AU_OLD_PARAS_FAD_RESPONSIBILITY_ASSIGNED","split","pkg_observation + pkg_execution","Execution, observation, DSA, and working-paper writes should be separated into clearer module packages.","Decompose into module-bound procedures before IAS_ZTBL go-live."
"PKG_AR","PKG_AR.P_NO_UPDATE_LEGACY_PARA_TEXT","AR","UpdateLegacyParasWithResponsibilityNoChangesAZ","T_AU_OLD_PARAS_FAD_TEXT; T_AU_REMARKS; T_AU_ERROR_LOGS; DUAL","T_AU_OLD_PARAS_FAD; T_AU_OLD_PARAS_FAD_LOG; T_AU_ERROR_LOGS","redesign","pkg_execution / pkg_observation / pkg_workpaper","Execution, observation, DSA, and working-paper writes should be separated into clearer module packages.","Rebuild directly on IAS_ZTBL normalized tables and retire legacy DML path at cutover."
"PKG_AR","PKG_AR.P_GETMANAGEAUDITPARASENTITIES","AR","GetEntitiesForManageAuditParas","T_AU_OBSERVATION_FAD; T_AUDITEE_ENTITIES","","wrap","pkg_execution / pkg_observation","Read-side execution procedures can be wrapped during IAS_ZTBL cutover.","Expose through an adapter/facade and block new direct controller dependencies."
"PKG_AR","PKG_AR.P_GETOBSERVATIONENTITIES","AR","GetObservationEntitiesForManageObservations","T_USER_MAPING; T_USER; T_AU_AUDIT_JOINING; T_AU_PLAN_ENG; T_AUDITEE_ENTITIES; T_AU_PERIOD; T_AUDITEE_ENTITIES_MAPING; T_AUDITEE_ENTITIES_MAPING_FAD","","wrap","pkg_execution / pkg_observation","Read-side execution procedures can be wrapped during IAS_ZTBL cutover.","Expose through an adapter/facade and block new direct controller dependencies."
"PKG_AR","PKG_AR.P_GET_AUDITEE_OBSERVATION_RESPONSE_EVIDENCES_FILEDATA","AR","GetAuditeeEvidenceData","T_AU_OBSERVATIONS_AUDITEE_EVIDENCES","","wrap","pkg_execution / pkg_observation","Read-side execution procedures can be wrapped during IAS_ZTBL cutover.","Expose through an adapter/facade and block new direct controller dependencies."
"PKG_AR","PKG_AR.P_CLOSEAUDIT","AR","CloseDraftAuditReport","T_AU_AUDIT_TEAM_TASKLIST; T_AU_TEAM_MEMBERS; T_AU_OBSERVATION; T_AU_REMARKS; T_AU_PLAN_ENG_LOG","T_AU_AUDIT_JOINING; T_AU_AUDIT_TEAM_TASKLIST; T_AU_PLAN_ENG; T_AU_AUDIT_TEAMS; T_AU_PLAN_ENG_LOG","redesign","pkg_execution / pkg_observation / pkg_workpaper","Execution, observation, DSA, and working-paper writes should be separated into clearer module packages.","Rebuild directly on IAS_ZTBL normalized tables and retire legacy DML path at cutover."
""," PKG_AR.P_GET_EMPLOYEES_INFORMATION","AR","GetEmployeeNameFromPPNO","","","wrap","pkg_common","Legacy read procedure can be wrapped during transition.","Expose through an adapter/facade and block new direct controller dependencies."
"PKG_AR","PKG_AR.P_GET_LEGACY_PARA_TO_AUTHORIZE","AR","GetUpdatedGistParaOfLegacyParaForAuthorize","T_AU_OBSERVATION_OLD_CAD_PARAS; T_AUDITEE_ENTITIES; T_AU_OLD_PARAS_GIST_UPDATE_LOG; T_AU_OLD_PARAS_FAD; T_AU_OLD_AUDIT_NATURE; T_AU_OLD_AUDIT_PERIOD","","wrap","pkg_execution / pkg_observation","Read-side execution procedures can be wrapped during IAS_ZTBL cutover.","Expose through an adapter/facade and block new direct controller dependencies."
"PKG_AR","PKG_AR.P_AUTHORIZE_PARA_GIST","AR","AuthorizeLegacyParaGistParaNoUpdate","DUAL","T_AU_OBSERVATION_OLD_CAD_PARAS; AIS_T_AU_POST_COMPLIANCE; T_AU_OLD_PARAS_GIST_UPDATE_LOG; T_AU_OLD_PARAS_FAD","redesign","pkg_execution / pkg_observation / pkg_workpaper","Execution, observation, DSA, and working-paper writes should be separated into clearer module packages.","Rebuild directly on IAS_ZTBL normalized tables and retire legacy DML path at cutover."
"PKG_AR","PKG_AR.P_SETTEL_LEGACY_PARA_HO","AR","SettleLegacyParaHO","T_AU_DATA_VALIDATION_HO_LOG; DUAL","T_AU_OBSERVATION_OLD_CAD_PARAS; T_AU_OBSERVATION_OLD_CAD_PARAS_SETTLE_LOG","redesign","pkg_execution / pkg_observation / pkg_workpaper","Execution, observation, DSA, and working-paper writes should be separated into clearer module packages.","Rebuild directly on IAS_ZTBL normalized tables and retire legacy DML path at cutover."
"PKG_AR","PKG_AR.P_DELETE_LEGACY_PARA_HO","AR","DeleteLegacyParaHO","T_AU_DATA_VALIDATION_HO_LOG; DUAL","T_AU_OBSERVATION_OLD_CAD_PARAS; T_AU_OBSERVATION_OLD_CAD_PARAS_SETTLE_LOG","redesign","pkg_execution / pkg_observation / pkg_workpaper","Execution, observation, DSA, and working-paper writes should be separated into clearer module packages.","Rebuild directly on IAS_ZTBL normalized tables and retire legacy DML path at cutover."
"PKG_AR","PKG_AR.P_GETLOANCASEFILE","AR","GetWorkingPaperLoanCases","DUAL; T_WORKING_PAPER_LOAN_CASE_FILE","","wrap","pkg_execution / pkg_observation","Read-side execution procedures can be wrapped during IAS_ZTBL cutover.","Expose through an adapter/facade and block new direct controller dependencies."
"PKG_AR","PKG_AR.P_ADDLOANCASEFILE","AR","AddWorkingPaperLoanCases","T_WORKING_PAPER_LOAN_CASE_FILE; DUAL","T_WORKING_PAPER_LOAN_CASE_FILE","split","pkg_execution / pkg_observation / pkg_workpaper","Execution, observation, DSA, and working-paper writes should be separated into clearer module packages.","Decompose into module-bound procedures before IAS_ZTBL go-live."
"PKG_AR","PKG_AR.P_GETVOUCHERCHECKING","AR","GetWorkingPaperVoucherChecking","T_WORKING_PAPER_VOUCHER_CHECKING","","wrap","pkg_execution / pkg_observation","Read-side execution procedures can be wrapped during IAS_ZTBL cutover.","Expose through an adapter/facade and block new direct controller dependencies."
"PKG_AR","PKG_AR.P_ADDVOUCHERCHECKING","AR","AddWorkingVoucherChecking","T_WORKING_PAPER_VOUCHER_CHECKING; DUAL","T_WORKING_PAPER_VOUCHER_CHECKING","split","pkg_execution / pkg_observation / pkg_workpaper","Execution, observation, DSA, and working-paper writes should be separated into clearer module packages.","Decompose into module-bound procedures before IAS_ZTBL go-live."
"PKG_AR","PKG_AR.P_GETACCOUNTOPENINGDETAILS","AR","GetWorkingPaperAccountOpening","T_WORKING_PAPER_ACCOUNT_OPENING","","wrap","pkg_execution / pkg_observation","Read-side execution procedures can be wrapped during IAS_ZTBL cutover.","Expose through an adapter/facade and block new direct controller dependencies."
"PKG_AR","PKG_AR.P_ADDACCOUNTOPENINGDETAILS","AR","AddWorkingAccountOpening","T_WORKING_PAPER_ACCOUNT_OPENING; DUAL","T_WORKING_PAPER_ACCOUNT_OPENING","split","pkg_execution / pkg_observation / pkg_workpaper","Execution, observation, DSA, and working-paper writes should be separated into clearer module packages.","Decompose into module-bound procedures before IAS_ZTBL go-live."
"PKG_AR","PKG_AR.P_GETFIXEDASSETSDETAILS","AR","GetWorkingPaperFixedAssets","T_WORKING_PAPER_FIXED_ASSETS","","wrap","pkg_execution / pkg_observation","Read-side execution procedures can be wrapped during IAS_ZTBL cutover.","Expose through an adapter/facade and block new direct controller dependencies."
"PKG_AR","PKG_AR.P_ADDFIXEDASSETSDETAILS","AR","AddWorkingFixedAssets","T_WORKING_PAPER_FIXED_ASSETS; DUAL","T_WORKING_PAPER_FIXED_ASSETS","split","pkg_execution / pkg_observation / pkg_workpaper","Execution, observation, DSA, and working-paper writes should be separated into clearer module packages.","Decompose into module-bound procedures before IAS_ZTBL go-live."
"PKG_AR","PKG_AR.P_GETCASHCOUNTERDETAILS","AR","GetWorkingPaperCashCounter","T_WORKING_PAPER_CASH_COUNT","","wrap","pkg_execution / pkg_observation","Read-side execution procedures can be wrapped during IAS_ZTBL cutover.","Expose through an adapter/facade and block new direct controller dependencies."
"PKG_AR","PKG_AR.P_ADDCASHCOUNTERDETAILS","AR","AddWorkingCashCounter","T_WORKING_PAPER_CASH_COUNT; DUAL","T_WORKING_PAPER_CASH_COUNT","split","pkg_execution / pkg_observation / pkg_workpaper","Execution, observation, DSA, and working-paper writes should be separated into clearer module packages.","Decompose into module-bound procedures before IAS_ZTBL go-live."
"PKG_AR","PKG_AR.P_GET_DSA_GUIDLINE","AR","GetDraftDSAGuidelines","T_AU_DSA_GUIDELINES","","wrap","pkg_execution / pkg_observation","Read-side execution procedures can be wrapped during IAS_ZTBL cutover.","Expose through an adapter/facade and block new direct controller dependencies."
"PKG_AR","PKG_AR.P_DRAFT_DSA","AR","DraftDSA; SubmitDSAToAuditee","T_AU_DSA; T_AU_DSA_TEXT; T_AU_OBSERVATION_TEXT; DUAL","T_AU_DSA; T_AU_DSA_TEXT","split","pkg_observation + pkg_execution","Execution, observation, DSA, and working-paper writes should be separated into clearer module packages.","Decompose into module-bound procedures before IAS_ZTBL go-live."
"PKG_AR","PKG_AR.P_ADD_DSA_CHECKILIST","AR","AddDraftDSAGuideline","T_AU_DSA_GUIDELINES_ADDED","T_AU_DSA_GUIDELINES_ADDED","split","pkg_observation + pkg_execution","Execution, observation, DSA, and working-paper writes should be separated into clearer module packages.","Decompose into module-bound procedures before IAS_ZTBL go-live."
"PKG_AR","PKG_AR.P_GET_RESPONSIBILITY","AR","GetResponsiblePersonsList","V_GET_AUDITEE_PP_RESPONSIBILITY_FOR_AUTHORIZATION; V_SERVICE_EMPLOYEEINFO","IS","split","pkg_observation + pkg_execution","Execution, observation, DSA, and working-paper writes should be separated into clearer module packages.","Decompose into module-bound procedures before IAS_ZTBL go-live."
"PKG_AR","PKG_AR.P_GET_DSA_LIST","AR","GetDraftDSAList","T_AUDITEE_ENTITIES; T_AU_DSA; T_AU_DSA_TEXT; V_GET_AUDITEE_PP_RESPONSIBILITY; V_SERVICE_EMPLOYEEINFO; T_AU_OBSERVATION_TEXT; T_AU_PLAN_ENG; T_AU_PERIOD; T_AUDITEE_ENTITIES_MAPING; T_AU_DSA_STATUS","","wrap","pkg_execution / pkg_observation","Read-side execution procedures can be wrapped during IAS_ZTBL cutover.","Expose through an adapter/facade and block new direct controller dependencies."
"PKG_AR","PKG_AR.P_GET_DSA_CONTENT","AR","GetDraftDSAContent","T_AU_DSA; T_AU_DSA_TEXT; T_AU_OBSERVATION_TEXT","","wrap","pkg_execution / pkg_observation","Read-side execution procedures can be wrapped during IAS_ZTBL cutover.","Expose through an adapter/facade and block new direct controller dependencies."
"PKG_AR","PKG_AR.P_SUBMIT_DSA_TO_HEAD_FAD","AR","SubmitDSAToHeadFAD","DUAL","T_AU_DSA","split","pkg_observation + pkg_execution","Execution, observation, DSA, and working-paper writes should be separated into clearer module packages.","Decompose into module-bound procedures before IAS_ZTBL go-live."
"PKG_AR","PKG_AR.P_UPDATE_DSA_HEADING","AR","UpdateDSAHeading","T_AU_DSA; DUAL","T_AU_OBSERVATION_TEXT; THE","split","pkg_observation + pkg_execution","Execution, observation, DSA, and working-paper writes should be separated into clearer module packages.","Decompose into module-bound procedures before IAS_ZTBL go-live."
"PKG_AR","PKG_AR.P_REFFERED_BACK_DSA_BY_HEAD_FAD","AR","ReferredBackDSAByHeadFad","DUAL","T_AU_DSA","split","pkg_observation + pkg_execution","Execution, observation, DSA, and working-paper writes should be separated into clearer module packages.","Decompose into module-bound procedures before IAS_ZTBL go-live."
"PKG_AR","PKG_AR.P_SUBMIT_DSA_BY_HEAD_FAD_TO_DPD","AR","SubmitDSAToDPD","DUAL","T_AU_DSA","split","pkg_observation + pkg_execution","Execution, observation, DSA, and working-paper writes should be separated into clearer module packages.","Decompose into module-bound procedures before IAS_ZTBL go-live."
"PKG_AR","PKG_AR.P_REFFERED_BACK_DSA_BY_DPD","AR","ReferredBackDSAByDPD","DUAL","T_AU_DSA","split","pkg_observation + pkg_execution","Execution, observation, DSA, and working-paper writes should be separated into clearer module packages.","Decompose into module-bound procedures before IAS_ZTBL go-live."
"PKG_AR","PKG_AR.P_SUBMIT_DSA_BY_DPD_TO_COMMITTEE","AR","AcknowledgeDSA","DUAL","T_AU_DSA","split","pkg_observation + pkg_execution","Execution, observation, DSA, and working-paper writes should be separated into clearer module packages.","Decompose into module-bound procedures before IAS_ZTBL go-live."
"PKG_AR","PKG_AR.P_GET_LC_DETAILS","AR","GetLoanCaseDetailsWithBRCode","V_LOAN_OUTSTANDING_AMOUNT; V_LOAN_SANCTION_PROCESS","","wrap","pkg_execution / pkg_observation","Read-side execution procedures can be wrapped during IAS_ZTBL cutover.","Expose through an adapter/facade and block new direct controller dependencies."
"PKG_BAC","PKG_BAC.P_BAC_AGENDA","BAC","GetBACAgenda","T_BAC_MEETINGS_AGENDA","","keep as-is temporarily","pkg_report","BAC reporting is read-mostly and can be preserved behind compatibility views during transition.","Retain behind compatibility views only until IAS_ZTBL reporting cutover is complete."
"PKG_BAC","PKG_BAC.P_BAC_GET_ACTIONABLE_SUM","BAC","GetBACAgendaActionablesSummary; GetBACAMeetingSummary","V_GET_BAC_ACTIONABLE_SUMMARY; T_BAC_ACTIONABLE_UPDATES","","keep as-is temporarily","pkg_report","BAC reporting is read-mostly and can be preserved behind compatibility views during transition.","Retain behind compatibility views only until IAS_ZTBL reporting cutover is complete."
"PKG_BAC","PKG_BAC.P_BAC_GET_ACTIONABLE_SNAP","BAC","GetBACAgendaActionablesConsolidatedSummary","T_BAC_ACTIONABLE","","keep as-is temporarily","pkg_report","BAC reporting is read-mostly and can be preserved behind compatibility views during transition.","Retain behind compatibility views only until IAS_ZTBL reporting cutover is complete."
"PKG_BAC","PKG_BAC.P_BAC_GET_ACTIONABLE","BAC","GetBACAgendaActionables","T_BAC_ACTIONABLE","","keep as-is temporarily","pkg_report","BAC reporting is read-mostly and can be preserved behind compatibility views during transition.","Retain behind compatibility views only until IAS_ZTBL reporting cutover is complete."
"PKG_BAC","PKG_BAC.P_BAC_GET_ACTIONABLE_MEETINGS_WITH_STATUS","BAC","GetBACAgendaActionablesWithMeetingNo","T_BAC_ACTIONABLE","","keep as-is temporarily","pkg_report","BAC reporting is read-mostly and can be preserved behind compatibility views during transition.","Retain behind compatibility views only until IAS_ZTBL reporting cutover is complete."
"PKG_BAC","PKG_BAC.P_CIA_ANALYSIS","BAC","GetBACCIAAnalysisOptions","T_AUDIT_CHECKLIST_ANNEXURE_PROCESS","","keep as-is temporarily","pkg_report","BAC reporting is read-mostly and can be preserved behind compatibility views during transition.","Retain behind compatibility views only until IAS_ZTBL reporting cutover is complete."
"PKG_BAC","PKG_BAC.P_CIA_ANALYSIS_DETAILS","BAC","GetBACCIAAnalysis","T_AUDIT_CHECKLIST_ANNEXURE_PROCESS; T_AUDIT_CHECKLIST_ANNEXURE_MAPPING; T_AUDIT_CHECKLIST_ANNEXURE; V_CIA_ANALYSIS","","keep as-is temporarily","pkg_report","BAC reporting is read-mostly and can be preserved behind compatibility views during transition.","Retain behind compatibility views only until IAS_ZTBL reporting cutover is complete."
"PKG_BAC","PKG_BAC.P_CIA_ANALYSIS_DETAILS_PARA","BAC","GetAnalysisDetailPara","DUAL; T_AUDITEE_ENTITIES; T_AUDIT_CHECKLIST_ANNEXURE; AIS_T_AU_POST_COMPLIANCE; T_AUDITEE_ENTITIES_MAPING","","keep as-is temporarily","pkg_report","BAC reporting is read-mostly and can be preserved behind compatibility views during transition.","Retain behind compatibility views only until IAS_ZTBL reporting cutover is complete."
"PKG_BAC","PKG_BAC.P_CIA_ANALYSIS_SUMMARY","BAC","GetAnalysisSummaryPara","DUAL; T_AUDITEE_ENTITIES; T_AUDIT_CHECKLIST_ANNEXURE; AIS_T_AU_POST_COMPLIANCE; T_AUDITEE_ENTITIES_MAPING","","keep as-is temporarily","pkg_report","BAC reporting is read-mostly and can be preserved behind compatibility views during transition.","Retain behind compatibility views only until IAS_ZTBL reporting cutover is complete."
"PKG_HD","PKG_HD.P_VALIDATE_SBP_PASSWORD","CAD","ValidateSbpAccessPassword","T_HD_SBP_SECURE_ACCESS","","wrap","pkg_compliance / pkg_report","Read-side HD procedures can be wrapped while IAS_ZTBL compliance and report modules come online.","Expose through an adapter/facade and block new direct controller dependencies."
"PKG_HD","PKG_HD.P_INSERT_SBP_OBSERVATION","CAD","InsertSbpObservation","","T_HD_SBP_OBSERVATION","split","pkg_compliance + pkg_report","PKG_HD mixes para/compliance state changes with report-upload and approval concerns and should be split.","Decompose into module-bound procedures before IAS_ZTBL go-live."
"PKG_HD","PKG_HD.P_INSERT_SBP_RESPONSE","CAD","InsertSbpObservationResponse","","T_HD_SBP_OBS_RESPONSE","split","pkg_compliance + pkg_report","PKG_HD mixes para/compliance state changes with report-upload and approval concerns and should be split.","Decompose into module-bound procedures before IAS_ZTBL go-live."
"PKG_HD","PKG_HD.P_GET_SBP_RESPONSE","CAD","GetSbpObservationResponse","","","wrap","pkg_compliance / pkg_report","Read-side HD procedures can be wrapped while IAS_ZTBL compliance and report modules come online.","Expose through an adapter/facade and block new direct controller dependencies."
"PKG_HD","PKG_HD.P_GET_SBP_REGISTER","CAD","GetSbpObservationRegister","T_HD_SBP_OBSERVATION; T_HD_SBP_OBS_RESPONSE","","wrap","pkg_compliance / pkg_report","Read-side HD procedures can be wrapped while IAS_ZTBL compliance and report modules come online.","Expose through an adapter/facade and block new direct controller dependencies."
"PKG_HD","PKG_HD.P_GET_SBP_OBS_TYPES","CAD","GetSbpObservationTypes","T_HD_SBP_OBS_TYPES","","wrap","pkg_compliance / pkg_report","Read-side HD procedures can be wrapped while IAS_ZTBL compliance and report modules come online.","Expose through an adapter/facade and block new direct controller dependencies."
"PKG_HD","PKG_HD.P_GET_SBP_HISTORY","CAD","GetSbpObservationHistory","T_HD_SBP_OBSERVATION; T_HD_SBP_OBS_RESPONSE","","wrap","pkg_compliance / pkg_report","Read-side HD procedures can be wrapped while IAS_ZTBL compliance and report modules come online.","Expose through an adapter/facade and block new direct controller dependencies."
"PKG_HD","PKG_HD.P_GET_REQUESTS","CAD","GetRequests","T_HD_ACTION_REQUEST","","wrap","pkg_compliance / pkg_report","Read-side HD procedures can be wrapped while IAS_ZTBL compliance and report modules come online.","Expose through an adapter/facade and block new direct controller dependencies."
"PKG_HD","PKG_HD.P_GET_REQUEST_HISTORY","CAD","GetRequestHistory","T_HD_ACTION_LOG","","wrap","pkg_compliance / pkg_report","Read-side HD procedures can be wrapped while IAS_ZTBL compliance and report modules come online.","Expose through an adapter/facade and block new direct controller dependencies."
"PKG_COMMERCIAL_AUDIT","PKG_COMMERCIAL_AUDIT.P_SAVE_OM","CAU","SaveCommercialAuditOm","T_COM_AUDIT_OM","T_COM_AUDIT_OM","redesign","pkg_commercial_audit","Commercial-audit writes must move to normalized IAS_ZTBL commercial tables.","Rebuild directly on IAS_ZTBL normalized tables and retire legacy DML path at cutover."
"PKG_COMMERCIAL_AUDIT","PKG_COMMERCIAL_AUDIT.P_GET_OMS","CAU","GetCommercialAuditOms","T_COM_AUDIT_OM","","wrap","pkg_commercial_audit","Read-side commercial-audit procedures can be wrapped temporarily.","Expose through an adapter/facade and block new direct controller dependencies."
"PKG_COMMERCIAL_AUDIT","PKG_COMMERCIAL_AUDIT.P_SAVE_PDP","CAU","SaveCommercialAuditPdp","T_COM_AUDIT_PDP","T_COM_AUDIT_PDP","redesign","pkg_commercial_audit","Commercial-audit writes must move to normalized IAS_ZTBL commercial tables.","Rebuild directly on IAS_ZTBL normalized tables and retire legacy DML path at cutover."
"PKG_COMMERCIAL_AUDIT","PKG_COMMERCIAL_AUDIT.P_GET_PDPS","CAU","GetCommercialAuditPdps","T_COM_AUDIT_PDP_OM_MAP; T_COM_AUDIT_OM; T_COM_AUDIT_PDP","","wrap","pkg_commercial_audit","Read-side commercial-audit procedures can be wrapped temporarily.","Expose through an adapter/facade and block new direct controller dependencies."
"PKG_COMMERCIAL_AUDIT","PKG_COMMERCIAL_AUDIT.P_SAVE_PDP_OM_MAP","CAU","SaveCommercialAuditPdpMappings","T_COM_AUDIT_PDP; T_COM_AUDIT_PDP_OM_MAP; DUAL; T_COM_AUDIT_OM","T_COM_AUDIT_PDP_OM_MAP","redesign","pkg_commercial_audit","Commercial-audit writes must move to normalized IAS_ZTBL commercial tables.","Rebuild directly on IAS_ZTBL normalized tables and retire legacy DML path at cutover."
"PKG_COMMERCIAL_AUDIT","PKG_COMMERCIAL_AUDIT.P_GET_PDP_OM_MAP","CAU","GetCommercialAuditPdpMappings","T_COM_AUDIT_PDP_OM_MAP; T_COM_AUDIT_OM","","wrap","pkg_commercial_audit","Read-side commercial-audit procedures can be wrapped temporarily.","Expose through an adapter/facade and block new direct controller dependencies."
"PKG_COMMERCIAL_AUDIT","PKG_COMMERCIAL_AUDIT.P_SAVE_ARPSE","CAU","SaveCommercialAuditArpseHeader","T_COM_AUDIT_ARPSE","T_COM_AUDIT_ARPSE","redesign","pkg_commercial_audit","Commercial-audit writes must move to normalized IAS_ZTBL commercial tables.","Rebuild directly on IAS_ZTBL normalized tables and retire legacy DML path at cutover."
"PKG_COMMERCIAL_AUDIT","PKG_COMMERCIAL_AUDIT.P_GET_ARPSE_HEADERS","CAU","GetCommercialAuditArpseHeaders","T_COM_AUDIT_ARPSE","","wrap","pkg_commercial_audit","Read-side commercial-audit procedures can be wrapped temporarily.","Expose through an adapter/facade and block new direct controller dependencies."
"PKG_COMMERCIAL_AUDIT","PKG_COMMERCIAL_AUDIT.P_SAVE_ARPSE_DAC","CAU","SaveCommercialAuditArpseDacEntry","T_COM_AUDIT_ARPSE; T_COM_AUDIT_ARPSE_DAC","T_COM_AUDIT_ARPSE_DAC","redesign","pkg_commercial_audit","Commercial-audit writes must move to normalized IAS_ZTBL commercial tables.","Rebuild directly on IAS_ZTBL normalized tables and retire legacy DML path at cutover."
"PKG_COMMERCIAL_AUDIT","PKG_COMMERCIAL_AUDIT.P_GET_ARPSE_DAC_ENTRIES","CAU","GetCommercialAuditArpseDacEntries","T_COM_AUDIT_ARPSE_DAC","","wrap","pkg_commercial_audit","Read-side commercial-audit procedures can be wrapped temporarily.","Expose through an adapter/facade and block new direct controller dependencies."
"PKG_COMMERCIAL_AUDIT","PKG_COMMERCIAL_AUDIT.P_SAVE_ARPSE_PAC","CAU","SaveCommercialAuditArpsePacEntry","T_COM_AUDIT_ARPSE; T_COM_AUDIT_ARPSE_PAC","T_COM_AUDIT_ARPSE_PAC","redesign","pkg_commercial_audit","Commercial-audit writes must move to normalized IAS_ZTBL commercial tables.","Rebuild directly on IAS_ZTBL normalized tables and retire legacy DML path at cutover."
"PKG_COMMERCIAL_AUDIT","PKG_COMMERCIAL_AUDIT.P_GET_ARPSE_PAC_ENTRIES","CAU","GetCommercialAuditArpsePacEntries","T_COM_AUDIT_ARPSE_PAC","","wrap","pkg_commercial_audit","Read-side commercial-audit procedures can be wrapped temporarily.","Expose through an adapter/facade and block new direct controller dependencies."
"PKG_LG","PKG_LG.SESSION_END","cs","DisposeLoginSession","T_AU_ACTIVITY_LOG","T_AU_ACTIVITY_LOG; T_USER_SESSION","wrap","pkg_sec","Authentication and session calls should be isolated behind a compatibility wrapper during cutover.","Expose through an adapter/facade and block new direct controller dependencies."
"PKG_LG","PKG_LG.P_GET_USER","cs","ChangePassword; KillExistSession","T_USER; T_USER_MAPING; V_SERVICE_EMPLOYEEINFO; T_AUDITEE_ENTITIES; T_GROUPS","","wrap","pkg_sec","Authentication and session calls should be isolated behind a compatibility wrapper during cutover.","Expose through an adapter/facade and block new direct controller dependencies."
"PKG_LG","PKG_LG.SESSION_KILL","cs","KillExistSession; TerminateIdleSession","","T_USER_SESSION","wrap","pkg_sec","Authentication and session calls should be isolated behind a compatibility wrapper during cutover.","Expose through an adapter/facade and block new direct controller dependencies."
"PKG_LG","PKG_LG.USER_SESSION","cs","AutheticateLogin; CreateLoginSession","T_USER_SESSION; T_AU_ACTIVITY_LOG","T_USER_SESSION; T_AU_ACTIVITY_LOG","wrap","pkg_sec","Authentication and session calls should be isolated behind a compatibility wrapper during cutover.","Expose through an adapter/facade and block new direct controller dependencies."
"PKG_LG","PKG_LG.P_GETTOPMENUS","cs","GetTopMenus","T_MENU; T_MENU_PAGES; T_MENU_PAGES_GROUPMAP","","wrap","pkg_sec","Authentication and session calls should be isolated behind a compatibility wrapper during cutover.","Expose through an adapter/facade and block new direct controller dependencies."
"PKG_CM","PKG_CM.P_CAU_OM_YEAR","cs","GetInsYearsForCAU","T_CAU_PERIOD","","retire","pkg_commercial_audit","Legacy commercial-audit package is superseded by the consolidated commercial-audit module.","Remove after equivalent IAS_ZTBL module is live and historical output is validated."
"PKG_CM","PKG_CM.P_CAU_ARPSE_YEAR","cs","GetParaPrintingYearsForCAU","T_CAU_ARPSES_PERIOD","","retire","pkg_commercial_audit","Legacy commercial-audit package is superseded by the consolidated commercial-audit module.","Remove after equivalent IAS_ZTBL module is live and historical output is validated."
"PKG_PG","PKG_PG.P_UPDATE_AUDITPERIOD","cs","UpdateAuditPeriod","DUAL","T_AU_PERIOD","redesign","pkg_planning","Planning writes should move directly to normalized IAS_ZTBL planning tables.","Rebuild directly on IAS_ZTBL normalized tables and retire legacy DML path at cutover."
"PKG_PG","PKG_PG.P_ADDAUDITPERIOD","cs","AddAuditPeriod","T_AU_PERIOD; T_AU_REMARKS","T_AU_PERIOD","redesign","pkg_planning","Planning writes should move directly to normalized IAS_ZTBL planning tables.","Rebuild directly on IAS_ZTBL normalized tables and retire legacy DML path at cutover."
"PKG_PG","PKG_PG.P_GETAUDITTEAMS","cs","GetAuditTeams","T_AU_TEAM_MEMBERS; T_AUDITEE_ENTITIES","","wrap","pkg_planning","Read-side planning procedures can be wrapped temporarily.","Expose through an adapter/facade and block new direct controller dependencies."
"PKG_PG","PKG_PG.P_ADDAUDITTEAM","cs","AddAuditTeam","T_AU_TEAM_MEMBERS; T_AU_ACTIVITY_LOG; T_USER; T_AUDITEE_ENTITIES; T_USER_MAPING; DUAL","T_AU_ACTIVITY_LOG; T_AU_TEAM_MEMBERS; T_USER_MAPING","redesign","pkg_planning","Planning writes should move directly to normalized IAS_ZTBL planning tables.","Rebuild directly on IAS_ZTBL normalized tables and retire legacy DML path at cutover."
"PKG_PG","PKG_PG.P_DELETEAUDITTEAM","cs","DeleteAuditTeam","T_AU_ACTIVITY_LOG","T_AU_ACTIVITY_LOG; T_AU_TEAM_MEMBERS","redesign","pkg_planning","Planning writes should move directly to normalized IAS_ZTBL planning tables.","Rebuild directly on IAS_ZTBL normalized tables and retire legacy DML path at cutover."
"PKG_PG","PKG_PG.P_MAXTEAMID","cs","GetLatestTeamID","T_AU_TEAM_MEMBERS; T_AU_AUDIT_TEAMS","","wrap","pkg_planning","Read-side planning procedures can be wrapped temporarily.","Expose through an adapter/facade and block new direct controller dependencies."
"PKG_PG","PKG_PG.P_ADDAUDITCRITERIA","cs","AddAuditCriteria","T_AUDIT_CRITERIA; T_AU_PERIOD; T_AUDITEE_ENTITIES; T_AUDIT_FREQUENCY; T_AUDIT_CRITERIA_LOG; T_AU_REMARKS","T_AUDIT_CRITERIA; T_AUDIT_CRITERIA_LOG","redesign","pkg_planning","Planning writes should move directly to normalized IAS_ZTBL planning tables.","Rebuild directly on IAS_ZTBL normalized tables and retire legacy DML path at cutover."
"PKG_PG","PKG_PG.P_UPDATEAUDITCRITERIA","cs","UpdateAuditCriteria","T_AU_ACTIVITY_LOG; T_AUDIT_CRITERIA_LOG","T_AU_ACTIVITY_LOG; T_AUDIT_CRITERIA; T_AUDIT_CRITERIA_LOG","redesign","pkg_planning","Planning writes should move directly to normalized IAS_ZTBL planning tables.","Rebuild directly on IAS_ZTBL normalized tables and retire legacy DML path at cutover."
"PKG_PG","PKG_PG.P_SETAUDITCRITERIASTATUSREFERREDBACK","cs","SetAuditCriteriaStatusReferredBack","T_AU_ACTIVITY_LOG; T_AUDIT_CRITERIA_LOG","T_AU_ACTIVITY_LOG; T_AUDIT_CRITERIA; T_AUDIT_CRITERIA_LOG","redesign","pkg_planning","Planning writes should move directly to normalized IAS_ZTBL planning tables.","Rebuild directly on IAS_ZTBL normalized tables and retire legacy DML path at cutover."
"PKG_PG","PKG_PG.P_SETAUDITCRITERIASTATUSAPPROVE","cs","SetAuditCriteriaStatusApprove","T_AU_ACTIVITY_LOG; T_AUDIT_CRITERIA_LOG; DUAL","T_AU_ACTIVITY_LOG; T_AUDIT_CRITERIA; T_AUDIT_CRITERIA_LOG","redesign","pkg_planning","Planning writes should move directly to normalized IAS_ZTBL planning tables.","Rebuild directly on IAS_ZTBL normalized tables and retire legacy DML path at cutover."
"PKG_PG","PKG_PG.P_GETPENDINGAUDITCRITERIAS","cs","GetPendingAuditCriterias","T_AU_ACTIVITY_LOG; T_AUDITEE_ENTITIES_MAPING; T_AUDITEE_ENT_TYPES; T_AUDIT_CRITERIA; T_AU_PERIOD; T_RISK; T_AUDIT_FREQUENCY; T_AUDITEE_ENTITIES_SIZE_DISC; T_AUDIT_CRITERIA_LOG; T_AUDITEE_ENTITIES","T_AU_ACTIVITY_LOG","redesign","pkg_planning","Planning writes should move directly to normalized IAS_ZTBL planning tables.","Rebuild directly on IAS_ZTBL normalized tables and retire legacy DML path at cutover."
"PKG_PG","PKG_PG.P_GETREFFEREDBACKAUDITCRITERIAS","cs","GetRefferedBackAuditCriterias","T_AU_ACTIVITY_LOG; T_AUDITEE_ENTITIES; T_AUDIT_CRITERIA; T_AU_PERIOD; T_AUDITEE_ENT_TYPES; T_RISK; T_AUDIT_FREQUENCY; T_AUDITEE_ENTITIES_SIZE_DISC; T_AUDIT_CRITERIA_LOG","T_AU_ACTIVITY_LOG","redesign","pkg_planning","Planning writes should move directly to normalized IAS_ZTBL planning tables.","Rebuild directly on IAS_ZTBL normalized tables and retire legacy DML path at cutover."
"PKG_PG","PKG_PG.P_GETPOSTCHANGESAUDITCRITERIAS","cs","GetPostChangesAuditCriterias","T_AU_ACTIVITY_LOG; T_AUDITEE_ENTITIES; T_AUDIT_CRITERIA; T_AU_PERIOD; T_AUDITEE_ENT_TYPES; T_RISK; T_AUDIT_FREQUENCY; T_AUDITEE_ENTITIES_SIZE_DISC; T_AUDIT_CRITERIA_LOG","T_AU_ACTIVITY_LOG","redesign","pkg_planning","Planning writes should move directly to normalized IAS_ZTBL planning tables.","Rebuild directly on IAS_ZTBL normalized tables and retire legacy DML path at cutover."
"PKG_PG","PKG_PG.TENTATIVE_AUDIT_PLAN","cs","GeneratePlanForAuditCriteria","T_AU_ACTIVITY_LOG; T_AUDIT_CRITERIA; T_AUDIT_FREQUENCY; T_AU_PERIOD; T_AUDITEE_ENTITIES; T_AUDITEE_ENTITIES_SIZE_DISC; T_RISK_STATUS; T_AU_REMARKS","T_AU_ACTIVITY_LOG; T_AU_PLAN; T_AUDIT_CRITERIA","redesign","pkg_planning","Planning writes should move directly to normalized IAS_ZTBL planning tables.","Rebuild directly on IAS_ZTBL normalized tables and retire legacy DML path at cutover."
"PKG_PG","PKG_PG.P_GETAUDITENTITIES","cs","GetAuditEntities","T_AUDITEE_ENT_TYPES","","wrap","pkg_planning","Read-side planning procedures can be wrapped temporarily.","Expose through an adapter/facade and block new direct controller dependencies."
"PKG_AIS","PKG_AIS.P_GETAUDITEEENTITIESFOROLDPARAS","cs","GetAuditeeEntitiesForOldParas","T_AU_OBSERVATION_OLD_CAD_PARAS","","wrap","pkg_common","Legacy read procedure can be wrapped during transition.","Expose through an adapter/facade and block new direct controller dependencies."
"PKG_PG","PKG_PG.P_GETAUDITEEENTITIES","cs","GetEntitiesByParentEntityTypeId","T_AUDITEE_ENTITIES; T_AUDITEE_ENT_TYPES","","wrap","pkg_planning","Read-side planning procedures can be wrapped temporarily.","Expose through an adapter/facade and block new direct controller dependencies."
"PKG_LG","PKG_LG.P_CHANGEPASSWORD","cs","ChangePassword; ChangePasswordForUser","T_AU_ACTIVITY_LOG","T_USER; T_AU_ACTIVITY_LOG","wrap","pkg_sec","Authentication and session calls should be isolated behind a compatibility wrapper during cutover.","Expose through an adapter/facade and block new direct controller dependencies."
"PKG_AIS","PKG_AIS.P_GETDEPARTMENTS","cs; RPT","GetDepartments; GetDivisions","T_AUDITEE_ENTITIES; T_AUDITEE_ENTITIES_MAPING","","wrap","pkg_common","Legacy read procedure can be wrapped during transition.","Expose through an adapter/facade and block new direct controller dependencies."
"PKG_PG","PKG_PG.P_GETAUDITEMPLOYEES","cs","GetAuditEmployees","T_AUDIT_EMP; T_USER","","wrap","pkg_planning","Read-side planning procedures can be wrapped temporarily.","Expose through an adapter/facade and block new direct controller dependencies."
"PKG_PG","PKG_PG.P_GETAUDITOPERATIONALSTARTDATE","cs","GetAuditOperationalStartDate","T_AU_PLAN_ENG; D.OPERATION_ENDDATE","","wrap","pkg_planning","Read-side planning procedures can be wrapped temporarily.","Expose through an adapter/facade and block new direct controller dependencies."
"PKG_PG","PKG_PG.P_GETAUDITENGAGEMENTPLANS","cs","GetAuditEngagementPlans","T_AU_ACTIVITY_LOG; T_AU_PLAN_ENG; T_AUDITEE_ENTITIES","T_AU_ACTIVITY_LOG","redesign","pkg_planning","Planning writes should move directly to normalized IAS_ZTBL planning tables.","Rebuild directly on IAS_ZTBL normalized tables and retire legacy DML path at cutover."
"PKG_PG","PKG_PG.P_ADDAUDITENGAGEMENTPLAN","cs","AddAuditEngagementPlan","T_AU_ACTIVITY_LOG; T_AU_REMARKS; T_AU_PLAN_ENG; T_AU_AUDIT_TEAM_TASKLIST; T_AUDITEE_ENTITIES; T_AU_PLAN_ENG_LOG; T_AU_AUDIT_TEAMS; T_AU_TEAM_MEMBERS","T_AU_ACTIVITY_LOG; T_AU_PLAN_ENG; T_AU_PLAN_ENG_LOG; T_AU_AUDIT_TEAMS; T_AU_PLAN","redesign","pkg_planning","Planning writes should move directly to normalized IAS_ZTBL planning tables.","Rebuild directly on IAS_ZTBL normalized tables and retire legacy DML path at cutover."
"PKG_PG","PKG_PG.P_ADDAUDITTEAMTASKLIST","cs","AddAuditEngagementPlan","T_AU_ACTIVITY_LOG; T_AU_TEAM_MEMBERS; T_AU_AUDIT_TEAM_TASKLIST; T_AUDITEE_ENTITIES; T_AU_PLAN_ENG","T_AU_ACTIVITY_LOG; T_AU_AUDIT_TEAM_TASKLIST","redesign","pkg_planning","Planning writes should move directly to normalized IAS_ZTBL planning tables.","Rebuild directly on IAS_ZTBL normalized tables and retire legacy DML path at cutover."
"PKG_PG","PKG_PG.P_REFFEREDBACKAUDITENGAGEMENTPLAN","cs","RefferedBackAuditEngagementPlan","T_AU_ACTIVITY_LOG; T_AU_PLAN_ENG; T_AU_PLAN_ENG_LOG","T_AU_ACTIVITY_LOG; T_AU_PLAN_ENG; T_AU_PLAN; T_AU_PLAN_ENG_LOG","redesign","pkg_planning","Planning writes should move directly to normalized IAS_ZTBL planning tables.","Rebuild directly on IAS_ZTBL normalized tables and retire legacy DML path at cutover."
"PKG_PG","PKG_PG.P_RERECOMMENDAUDITENGAGEMENTPLAN","cs","RerecommendAuditEngagementPlan","T_AU_ACTIVITY_LOG; T_AU_REMARKS; T_AU_AUDIT_TEAM_TASKLIST; T_AU_TEAM_MEMBERS; T_AU_PLAN_ENG_LOG; T_AU_AUDIT_TEAMS; T_AUDITEE_ENTITIES; T_AU_PLAN_ENG","T_AU_ACTIVITY_LOG; T_AU_AUDIT_TEAM_TASKLIST; T_AU_PLAN_ENG; T_AU_PLAN_ENG_LOG; T_AU_AUDIT_TEAMS; T_AU_PLAN","redesign","pkg_planning","Planning writes should move directly to normalized IAS_ZTBL planning tables.","Rebuild directly on IAS_ZTBL normalized tables and retire legacy DML path at cutover."
"PKG_PG","PKG_PG.P_APPROVEAUDITENGAGEMENTPLAN","cs","ApproveAuditEngagementPlan","T_AU_ACTIVITY_LOG; T_AU_PLAN_ENG; T_AU_PLAN_ENG_LOG","T_AU_ACTIVITY_LOG; T_AU_PLAN_ENG; T_AU_PLAN; T_AU_AUDIT_TEAM_TASKLIST; T_AU_AUDIT_TEAMS; T_AU_PLAN_ENG_LOG","redesign","pkg_planning","Planning writes should move directly to normalized IAS_ZTBL planning tables.","Rebuild directly on IAS_ZTBL normalized tables and retire legacy DML path at cutover."
"PKG_LG","PKG_LG.P_GETRISKPROCESSDEFINITION","cs","GetRiskProcessDefinition","T_AUDIT_CHECKLIST","","wrap","pkg_sec","Authentication and session calls should be isolated behind a compatibility wrapper during cutover.","Expose through an adapter/facade and block new direct controller dependencies."
"PKG_PG","PKG_PG.P_GETAUDITFREQUENCIES","cs","GetAuditFrequencies","T_AUDIT_FREQUENCY","","wrap","pkg_planning","Read-side planning procedures can be wrapped temporarily.","Expose through an adapter/facade and block new direct controller dependencies."
"PKG_AI","PKG_AI.P_GETGLHEADSUM","cs","GetGlheadSubDetails","","","keep as-is temporarily","pkg_sampling","Source extraction procedures can remain temporarily while sampling entities are normalized.","Retain behind compatibility views only until IAS_ZTBL reporting cutover is complete."
"PKG_AI","PKG_AI.P_GETLOANCASEDETAILS","cs","GetLoanCaseDetails","","","keep as-is temporarily","pkg_sampling","Source extraction procedures can remain temporarily while sampling entities are normalized.","Retain behind compatibility views only until IAS_ZTBL reporting cutover is complete."
"PKG_AIS","PKG_AIS.P_GETLOANCASEDOCUMENTS","cs","GetLoanCaseDocuments","","","wrap","pkg_common","Legacy read procedure can be wrapped during transition.","Expose through an adapter/facade and block new direct controller dependencies."
"PKG_AI","PKG_AI.P_GETINCOMEEXPENCEDETAILS","cs","GetIncomeExpenceDetails","","","keep as-is temporarily","pkg_sampling","Source extraction procedures can remain temporarily while sampling entities are normalized.","Retain behind compatibility views only until IAS_ZTBL reporting cutover is complete."
"PKG_AI","PKG_AI.P_GETDEPOSITACCOUNTSUBDETAILS","cs","GetDepositAccountSubdetails","","","keep as-is temporarily","pkg_sampling","Source extraction procedures can remain temporarily while sampling entities are normalized.","Retain behind compatibility views only until IAS_ZTBL reporting cutover is complete."
"PKG_AI","PKG_AI.P_GETBRANCHDESBURSEMENTACCOUNTDETAILS","cs","GetBranchDesbursementAccountdetails","","","keep as-is temporarily","pkg_sampling","Source extraction procedures can remain temporarily while sampling entities are normalized.","Retain behind compatibility views only until IAS_ZTBL reporting cutover is complete."
"PKG_PG","PKG_PG.P_GET_CRITERIA_ENT_COUNT","cs","GetExpectedCountOfAuditEntitiesOnCriteria","T_AUDIT_CRITERIA; T_AU_PERIOD; T_AUDITEE_ENTITIES; T_AUDIT_FREQUENCY","T_AUDIT_CRITERIA","redesign","pkg_planning","Planning writes should move directly to normalized IAS_ZTBL planning tables.","Rebuild directly on IAS_ZTBL normalized tables and retire legacy DML path at cutover."
"PKG_PG","PKG_PG.P_DELETEPENDINGCRITERIA","cs","DeletePendingCriteria","T_AU_ACTIVITY_LOG; T_AUDIT_CRITERIA; T_AUDIT_CRITERIA_LOG","T_AU_ACTIVITY_LOG; T_AUDIT_CRITERIA; T_AUDIT_CRITERIA_LOG","redesign","pkg_planning","Planning writes should move directly to normalized IAS_ZTBL planning tables.","Rebuild directly on IAS_ZTBL normalized tables and retire legacy DML path at cutover."
"PKG_PG","PKG_PG.P_SUBMITAUDITCRITERIAFORAPPROVAL","cs","SubmitAuditCriteriaForApproval","T_AU_ACTIVITY_LOG","T_AU_ACTIVITY_LOG; T_AUDIT_CRITERIA","redesign","pkg_planning","Planning writes should move directly to normalized IAS_ZTBL planning tables.","Rebuild directly on IAS_ZTBL normalized tables and retire legacy DML path at cutover."
"PKG_AIS_EMAIL","PKG_AIS_EMAIL.P_ADDAUDITCRITERIA","cs","SubmitAuditCriteriaForApproval","","","retire","pkg_planning / pkg_notify","Email-side duplication should be absorbed into the notify pipeline and planning module.","Remove after equivalent IAS_ZTBL module is live and historical output is validated."
"PKG_AIS","PKG_AIS.P_GETCOSORISKFORDEPARTMENT","cs","GetCOSORiskForBranches; GetCOSORiskForDepartment","T_COSO_RATING_DEPARTMENT_INHERITED_RISK; T_COSO_RATING_DEPARTMENT_FINAL; T_AU_PERIOD; T_AUDITEE_ENTITIES","","wrap","pkg_common","Legacy read procedure can be wrapped during transition.","Expose through an adapter/facade and block new direct controller dependencies."
"PKG_CM","PKG_CM.P_CAU_OM","cs","CAUOMAssignment","T_CAU_OM","T_CAU_OM","retire","pkg_commercial_audit","Legacy commercial-audit package is superseded by the consolidated commercial-audit module.","Remove after equivalent IAS_ZTBL module is live and historical output is validated."
"PKG_CM","PKG_CM.P_CAU_OM_REPLY","cs","CAUOMAssignment","T_CAU_OM","T_CAU_OM_RESPONSE","retire","pkg_commercial_audit","Legacy commercial-audit package is superseded by the consolidated commercial-audit module.","Remove after equivalent IAS_ZTBL module is live and historical output is validated."
"PKG_CM","PKG_CM.P_CAU_AIR","cs","CAUOMAssignmentAIR","T_CAU_AIR; DUAL","T_CAU_AIR","retire","pkg_commercial_audit","Legacy commercial-audit package is superseded by the consolidated commercial-audit module.","Remove after equivalent IAS_ZTBL module is live and historical output is validated."
"PKG_CM","PKG_CM.P_CAU_AIR_REPLY","cs","CAUOMAssignmentAIR","T_CAU_AIR_RESPONSE","T_CAU_AIR_RESPONSE","retire","pkg_commercial_audit","Legacy commercial-audit package is superseded by the consolidated commercial-audit module.","Remove after equivalent IAS_ZTBL module is live and historical output is validated."
"PKG_CM","PKG_CM.T_CAU_PDP","cs","CAUOMAssignmentPDP","T_CAU_DAC_RECOMMENDATION","T_CAU_DAC_RECOMMENDATION","retire","pkg_commercial_audit","Legacy commercial-audit package is superseded by the consolidated commercial-audit module.","Remove after equivalent IAS_ZTBL module is live and historical output is validated."
"PKG_CM","PKG_CM.T_CAU_ARPSE","cs","CAUOMAssignmentARPSE","T_CAU_PAC_DIRECTIVES","T_CAU_PAC_DIRECTIVES","retire","pkg_commercial_audit","Legacy commercial-audit package is superseded by the consolidated commercial-audit module.","Remove after equivalent IAS_ZTBL module is live and historical output is validated."
"PKG_CM","PKG_CM.P_CAU_OM_GET","cs","CAUGetPreAddedOM","T_CAU_OM","","retire","pkg_commercial_audit","Legacy commercial-audit package is superseded by the consolidated commercial-audit module.","Remove after equivalent IAS_ZTBL module is live and historical output is validated."
"PKG_CM","PKG_CM.P_CAUGETASSIGNEDOMS","cs","CAUGetAssignedOMs","T_CAU_OM; T_CAU_STATUS","","retire","pkg_commercial_audit","Legacy commercial-audit package is superseded by the consolidated commercial-audit module.","Remove after equivalent IAS_ZTBL module is live and historical output is validated."
"PKG_PG","PKG_PG.P_GETCCQ","cs","GetCCQ","T_AU_ACTIVITY_LOG; T_AU_CCQ; T_AUDITEE_ENTITIES; T_COSO_RISK; T_CONTROL_VIOLATION","T_AU_ACTIVITY_LOG","redesign","pkg_planning","Planning writes should move directly to normalized IAS_ZTBL planning tables.","Rebuild directly on IAS_ZTBL normalized tables and retire legacy DML path at cutover."
"PKG_PG","PKG_PG.P_UPDATECCQ","cs","UpdateCCQ","T_AU_ACTIVITY_LOG; T_RISK","T_AU_ACTIVITY_LOG; T_AU_CCQ","redesign","pkg_planning","Planning writes should move directly to normalized IAS_ZTBL planning tables.","Rebuild directly on IAS_ZTBL normalized tables and retire legacy DML path at cutover."
"PKG_AIS","PKG_AIS.P_AUDITEEOLDPARARESPONSE","cs","AuditeeOldParaResponse","","","wrap","pkg_common","Legacy read procedure can be wrapped during transition.","Expose through an adapter/facade and block new direct controller dependencies."
"PKG_AIS","PKG_AIS.P_GETOLDPARASAUDITYEAR","cs","GetOldParasAuditYear","T_AU_OLD_PARAS_FAD","","wrap","pkg_common","Legacy read procedure can be wrapped during transition.","Expose through an adapter/facade and block new direct controller dependencies."
"PKG_AIS","PKG_AIS.P_GETUSERWISEOLDPARASPERFORMANCE","cs","GetUserWiseOldParasPerformance","V_REPORT_AZ_EMP_PROGRESS; V_REPORT_AZ_PROGRESS","","wrap","pkg_common","Legacy read procedure can be wrapped during transition.","Expose through an adapter/facade and block new direct controller dependencies."
"PKG_AIS","PKG_AIS.P_ADDDIVISIONALHEADREMARKSONFUNCTIONALLEGACYPARA","cs","AddDivisionalHeadRemarksOnFunctionalLegacyPara","T_AU_OLD_FUNCTIONAL_PARA_DIVISION_HEAD_REMARKS; T_AU_OLD_PARAS_FAD","T_AU_OLD_FUNCTIONAL_PARA_DIVISION_HEAD_REMARKS","redesign","pkg_common","Legacy write procedure requires IAS_ZTBL redesign.","Rebuild directly on IAS_ZTBL normalized tables and retire legacy DML path at cutover."
"PKG_AI","PKG_AI.P_GETGLHEADSUMMARY_YEARLY","cs","GetGlheadDetailsyearwise","T_AU_PREINFO_GLDAYENDBALANCE; T_AUDITEE_ENTITIES; T_AU_PLAN_ENG; T_AU_AUDIT_JOINING; T_AU_AUDIT_TEAM_TASKLIST; T_AU_PREINFO_GL_TYPE","","keep as-is temporarily","pkg_sampling","Source extraction procedures can remain temporarily while sampling entities are normalized.","Retain behind compatibility views only until IAS_ZTBL reporting cutover is complete."
"PKG_AIS","PKG_AIS.P_GETDEPOSITACCOUNTCATEGORY_DETAILS","cs","GetDepositAccountcatdetails","","","wrap","pkg_common","Legacy read procedure can be wrapped during transition.","Expose through an adapter/facade and block new direct controller dependencies."
"PKG_PG","PKG_PG.P_GET_SPECICAL_AUDIT_FOR_APPROVAL","cs","GetSaveSpecialAuditPlan","T_AU_PRE_PLAN; T_AU_PERIOD; T_AUDIT_FREQUENCY; T_AUDITEE_ENTITIES_MAPING; T_AUDITEE_ENT_TYPES; T_AUDITEE_ENTITIES; T_AU_OLD_AUDIT_NATURE","","wrap","pkg_planning","Read-side planning procedures can be wrapped temporarily.","Expose through an adapter/facade and block new direct controller dependencies."
"PKG_PG","PKG_PG.P_ADD_SPECIAL_AUDIT_PLAN","cs","AddSpecialAuditPlan","T_AU_PRE_PLAN; T_AUDITEE_ENTITIES; DUAL","T_AU_PRE_PLAN","redesign","pkg_planning","Planning writes should move directly to normalized IAS_ZTBL planning tables.","Rebuild directly on IAS_ZTBL normalized tables and retire legacy DML path at cutover."
"PKG_PG","PKG_PG.P_UPDATE_SPECIAL_AUDIT","cs","DeleteSpecialAuditPlan; SubmitSpecialAuditPlan","DUAL; T_AU_PRE_PLAN; T_AU_PERIOD; T_AUDITEE_ENTITIES_MAPING; T_AUDITEE_ENTITIES","T_AU_PRE_PLAN; T_AU_PLAN","redesign","pkg_planning","Planning writes should move directly to normalized IAS_ZTBL planning tables.","Rebuild directly on IAS_ZTBL normalized tables and retire legacy DML path at cutover."
"PKG_AR","PKG_AR.P_DELETE_RESPONSIBILITY","cs","DeleteResponsibilityFromObservation","T_AU_OBSERVATION; T_AU_OBSERVATION_RESPONIBILITY_ASSIGNED; DUAL","T_AU_OBSERVATION_RESPONIBILITY_ASSIGNED","split","pkg_observation + pkg_execution","Execution, observation, DSA, and working-paper writes should be separated into clearer module packages.","Decompose into module-bound procedures before IAS_ZTBL go-live."
"PKG_DB","PKG_DB.P_GET_DASH_TABLE_FUNCTIONWISE_NAMES_CHECKLIST","DB","GetViolationListForDashboard","T_AU_ACTIVITY_LOG; V_REPORT_DASHBORAD_DETAIL; T_AUDIT_CHECKLIST_DETAILS; T_AUDIT_CHECKLIST_SUB; T_AUDIT_CHECKLIST; T_AUDITEE_ENTITIES","T_AU_ACTIVITY_LOG","wrap","pkg_report","Dashboard/report composition reads can remain temporarily if compatibility views are supplied.","Expose through an adapter/facade and block new direct controller dependencies."
"PKG_DB","PKG_DB.P_GET_DASH_TABLE_FUNCTIONWISE_NAMES_CHECKLIST_SUB","DB","GetSubViolationListForDashboard","T_AU_ACTIVITY_LOG; V_REPORT_DASHBORAD_DETAIL; T_AUDIT_CHECKLIST_DETAILS; T_AUDIT_CHECKLIST_SUB; T_AUDIT_CHECKLIST; T_AUDITEE_ENTITIES","T_AU_ACTIVITY_LOG","wrap","pkg_report","Dashboard/report composition reads can remain temporarily if compatibility views are supplied.","Expose through an adapter/facade and block new direct controller dependencies."
"PKG_DB","PKG_DB.P_GET_DASH_TABLE_FUNCTIONWISE_NAMES_HO","DB","GetHOFunctionalListForDashboard","V_GET_DASH_TABLE_FUNCTIONWISE_NAMES_HO; T_COSO_RATING_FACTORS; T_CONTROL_VIOLATION_SUB; T_RISK; T_AUDITEE_ENTITIES","","keep as-is temporarily","pkg_report","Dashboard/report composition reads can remain temporarily if compatibility views are supplied.","Retain behind compatibility views only until IAS_ZTBL reporting cutover is complete."
"PKG_DB","PKG_DB.P_GET_DASH_TABLE_FUNCTIONWISE_NAMES_CHECKLIST_HO","DB","GetHOViolationListForDashboard","V_GET_DASH_TABLE_FUNCTIONWISE_NAMES_HO; T_COSO_RATING_FACTORS; T_CONTROL_VIOLATION_SUB; T_RISK; T_AUDITEE_ENTITIES","","keep as-is temporarily","pkg_report","Dashboard/report composition reads can remain temporarily if compatibility views are supplied.","Retain behind compatibility views only until IAS_ZTBL reporting cutover is complete."
"PKG_DB","PKG_DB.P_GET_DASH_TABLE_FUNCTIONWISE_NAMES_CHECKLIST_SUB_HO","DB","GetHOSubViolationListForDashboard","V_GET_DASH_TABLE_FUNCTIONWISE_NAMES_HO; T_COSO_RATING_FACTORS; T_CONTROL_VIOLATION_SUB; T_RISK; T_AUDITEE_ENTITIES","","keep as-is temporarily","pkg_report","Dashboard/report composition reads can remain temporarily if compatibility views are supplied.","Retain behind compatibility views only until IAS_ZTBL reporting cutover is complete."
"PKG_DB","PKG_DB.P_GETCHILDPOSTING","DB","GetchildpostingForDashboardPanel","T_AUDITEE_ENT_RELATION","","keep as-is temporarily","pkg_report","Dashboard/report composition reads can remain temporarily if compatibility views are supplied.","Retain behind compatibility views only until IAS_ZTBL reporting cutover is complete."
"PKG_DB","PKG_DB.P_GETPARENTREPOFFICE","DB","GetparentrepofficeForDashboardPanel","T_AUDITEE_ENT_RELATION","","keep as-is temporarily","pkg_report","Dashboard/report composition reads can remain temporarily if compatibility views are supplied.","Retain behind compatibility views only until IAS_ZTBL reporting cutover is complete."
"PKG_DB","PKG_DB.P_GETREALTIONSHIPTYPE","DB","GetrealtionshiptypeForDashboardPanel","T_AUDITEE_ENT_RELATION; T_AUDITEE_ENTITIES_MAPING; T_AUDITEE_ENTITIES_MAPING_FUNCTION","","keep as-is temporarily","pkg_report","Dashboard/report composition reads can remain temporarily if compatibility views are supplied.","Retain behind compatibility views only until IAS_ZTBL reporting cutover is complete."
"PKG_DB","PKG_DB.P_GETFUNCTIONALRESPONSIBILITYWISEPARA","DB","GetFunctionalResponsibilityWisePara","V_FUNCTIONAL_RESPONSIBLITY; V_DASH_BORAD_OF_DIVISIONAL_HEAD","","keep as-is temporarily","pkg_report","Dashboard/report composition reads can remain temporarily if compatibility views are supplied.","Retain behind compatibility views only until IAS_ZTBL reporting cutover is complete."
"PKG_DB","PKG_DB.P_GET_DASH_TABLE_FUNCTIONWISE","DB","GetFunctionalResponsibilityWiseParaForDashboard","T_AU_OBSERVATION; T_AU_OBSERVATION_TEXT; T_AUDIT_CHECKLIST_ANNEXURE; T_AUDIT_CHECKLIST_DETAILS; T_AUDITEE_ENTITIES; T_AUDITEE_ENTITIES_MAPING; T_RISK; T_AU_PLAN_ENG; T_AU_PERIOD","","keep as-is temporarily","pkg_report","Dashboard/report composition reads can remain temporarily if compatibility views are supplied.","Retain behind compatibility views only until IAS_ZTBL reporting cutover is complete."
"PKG_DB","PKG_DB.P_GET_DASH_TABLE_FUNCTIONWISE_HO","DB","GetHOFunctionalResponsibilityWiseParaForDashboard","V_GET_DASH_TABLE_FUNCTIONWISE_NAMES_HO; T_COSO_RATING_FACTORS; T_CONTROL_VIOLATION_SUB; T_RISK; T_AUDITEE_ENTITIES","","keep as-is temporarily","pkg_report","Dashboard/report composition reads can remain temporarily if compatibility views are supplied.","Retain behind compatibility views only until IAS_ZTBL reporting cutover is complete."
"PKG_DB","PKG_DB.P_GET_DASH_TABLE_V_WISE","DB","GetViolationWiseParaForDashboard","V_REPORT_DASHBORAD_DETAIL; T_AUDIT_CHECKLIST_DETAILS; T_AUDIT_CHECKLIST_SUB; T_AUDIT_CHECKLIST; T_AUDITEE_ENTITIES; T_AUDITEE_ENTITIES_MAPING","","keep as-is temporarily","pkg_report","Dashboard/report composition reads can remain temporarily if compatibility views are supplied.","Retain behind compatibility views only until IAS_ZTBL reporting cutover is complete."
"PKG_DB","PKG_DB.P_GET_DASH_TABLE_OLD","DB","GetRelationLegacyObservationForDashboard","AIS_T_AU_POST_COMPLIANCE; T_AUDIT_CHECKLIST_ANNEXURE; T_AUDITEE_ENTITIES; T_AUDITEE_ENTITIES_MAPING","","keep as-is temporarily","pkg_report","Dashboard/report composition reads can remain temporarily if compatibility views are supplied.","Retain behind compatibility views only until IAS_ZTBL reporting cutover is complete."
"PKG_DB","PKG_DB.P_GET_DASH_TABLE_NEW","DB","GetRelationAISObservationForDashboard","AIS_T_AU_POST_COMPLIANCE; T_AUDIT_CHECKLIST_ANNEXURE; T_AUDITEE_ENTITIES; T_AUDITEE_ENTITIES_MAPING","","keep as-is temporarily","pkg_report","Dashboard/report composition reads can remain temporarily if compatibility views are supplied.","Retain behind compatibility views only until IAS_ZTBL reporting cutover is complete."
"PKG_DB","PKG_DB.P_GET_DASH_TABLE","DB","GetRelationObservationForDashboard","AIS_T_AU_POST_COMPLIANCE; T_AUDIT_CHECKLIST_ANNEXURE; T_AUDITEE_ENTITIES; T_AUDITEE_ENTITIES_MAPING","","keep as-is temporarily","pkg_report","Dashboard/report composition reads can remain temporarily if compatibility views are supplied.","Retain behind compatibility views only until IAS_ZTBL reporting cutover is complete."
"PKG_DB","PKG_DB.P_GET_RISK_BASEPLAN","DB","GetEntitiesRiskBasePlanForDashboard","V_R_RISKBASE_PLANNING","","keep as-is temporarily","pkg_report","Dashboard/report composition reads can remain temporarily if compatibility views are supplied.","Retain behind compatibility views only until IAS_ZTBL reporting cutover is complete."
"PKG_DB","PKG_DB.P_GET_AUDIT_PERFORMANCE","DB","GetAuditPerformanceForDashboard","V_AUDIT_PERFORMANCE","","keep as-is temporarily","pkg_report","Dashboard/report composition reads can remain temporarily if compatibility views are supplied.","Retain behind compatibility views only until IAS_ZTBL reporting cutover is complete."
"PKG_DB","PKG_DB.P_GET_DASHBORAD_SCORECARD","DB","GetAuditPerformanceChartForDashboard","T_DASHBOARD_SCORECARD","","keep as-is temporarily","pkg_report","Dashboard/report composition reads can remain temporarily if compatibility views are supplied.","Retain behind compatibility views only until IAS_ZTBL reporting cutover is complete."
"PKG_DB","PKG_DB.P_GET_DASH_REPETITIVE","DB","GetRepetativeParaForDashboard","V_R_REPEATED_VOILATIONS","","keep as-is temporarily","pkg_report","Dashboard/report composition reads can remain temporarily if compatibility views are supplied.","Retain behind compatibility views only until IAS_ZTBL reporting cutover is complete."
"PKG_DB","PKG_DB.P_FUNCTIONAL_REPORTING_OFFICE_WISE_ANALYSIS","DB","GetReportingOfficeWiseObservations","AIS_T_AU_POST_COMPLIANCE; T_AUDIT_CHECKLIST_ANNEXURE; T_AUDITEE_ENTITIES_MAPING","","keep as-is temporarily","pkg_report","Dashboard/report composition reads can remain temporarily if compatibility views are supplied.","Retain behind compatibility views only until IAS_ZTBL reporting cutover is complete."
"PKG_DB","PKG_DB.P_FUNCTIONAL_ENTITY_WISE_ANALYSIS","DB","GetEntityWiseObservations","V_P_FUNCTIONAL_ENTITY_WISE_ANALYSIS; T_AUDITEE_ENTITIES; V_GM_MAPPING; T_AUDITEE_ENTITIES_MAPING; V_P_FUNCTIONAL_ENTITY_WISE_ANALYSIS_OPS","","keep as-is temporarily","pkg_report","Dashboard/report composition reads can remain temporarily if compatibility views are supplied.","Retain behind compatibility views only until IAS_ZTBL reporting cutover is complete."
"PKG_DB","PKG_DB.P_FUNCTIONAL_ANALYSIS_DETAILS","DB","GetAnnexureWiseObservations","PARA_ADDED_ON; P_REF_DATE; VW_AU_POST_COMPLIANCE_FULL; T_AUDIT_CHECKLIST_ANNEXURE_PROCESS; T_AUDIT_CHECKLIST_ANNEXURE_MAPPING; T_AUDIT_CHECKLIST_ANNEXURE; AIS_T_AU_POST_COMPLIANCE; T_AUDITEE_ENTITIES_MAPING","","keep as-is temporarily","pkg_report","Dashboard/report composition reads can remain temporarily if compatibility views are supplied.","Retain behind compatibility views only until IAS_ZTBL reporting cutover is complete."
"PKG_DB","PKG_DB.P_FUNCTIONAL_ENTITY_WISE_PARAS","DB","GetEntityWiseObservationDetail","T_USER; V_DASH_BORAD_PARA_DEATILS; T_AUDITEE_ENTITIES_MAPING","","keep as-is temporarily","pkg_report","Dashboard/report composition reads can remain temporarily if compatibility views are supplied.","Retain behind compatibility views only until IAS_ZTBL reporting cutover is complete."
"PKG_DB","PKG_DB.P_FUNCTION_ANNEXURE_PARAS","DB","GetFunctionalObservations","T_AUDIT_CHECKLIST_ANNEXURE; V_CIA_ANALYSIS; T_AUDITEE_ENTITIES","","keep as-is temporarily","pkg_report","Dashboard/report composition reads can remain temporarily if compatibility views are supplied.","Retain behind compatibility views only until IAS_ZTBL reporting cutover is complete."
"PKG_DB","PKG_DB.P_FUNCTION_ANNEXURE_PARAS_TEXT","DB","GetFunctionalObservationText","T_AU_OLD_PARAS_FAD; T_AU_OLD_PARAS_FAD_TEXT; T_AU_OBSERVATION; T_AU_OBSERVATION_TEXT","","keep as-is temporarily","pkg_report","Dashboard/report composition reads can remain temporarily if compatibility views are supplied.","Retain behind compatibility views only until IAS_ZTBL reporting cutover is complete."
"PKG_DB","PKG_DB.P_GET_DASH_TABLE_FUNCTIONWISE_PARA","DB","GetFunctionalRespDetailPara","T_AUDIT_CHECKLIST_ANNEXURE; AIS_T_AU_POST_COMPLIANCE; T_AUDITEE_ENTITIES","","keep as-is temporarily","pkg_report","Dashboard/report composition reads can remain temporarily if compatibility views are supplied.","Retain behind compatibility views only until IAS_ZTBL reporting cutover is complete."
"PKG_DB","PKG_DB.P_GET_DASH_TABLE_FUNCTIONWISE_PARA_SUMMARY","DB","GetFunctionalRespSummaryPara","T_AUDIT_CHECKLIST_ANNEXURE; T_AUDIT_CHECKLIST_DETAILS; V_CIA_ANALYSIS; T_AUDITEE_ENTITIES; T_AUDITEE_ENTITIES_MAPING","","keep as-is temporarily","pkg_report","Dashboard/report composition reads can remain temporarily if compatibility views are supplied.","Retain behind compatibility views only until IAS_ZTBL reporting cutover is complete."
"PKG_DB","PKG_DB.P_COMPLIANCE_SUMMARY","DB","GetComplianceSummary","T_AUDITEE_ENTITIES_MAPING; V_GET_PARA_COMPLIANCE_SUMMARY; T_AUDITEE_ENT_TYPES","","keep as-is temporarily","pkg_report","Dashboard/report composition reads can remain temporarily if compatibility views are supplied.","Retain behind compatibility views only until IAS_ZTBL reporting cutover is complete."
"PKG_AR","PKG_AR.P_GET_RESPONSIBILITY_FOR_AUTHORIZE","FAD","GetResponsibilityForAuthorize","T_AU_OBSERVATION_RESPONSIBILITY_UPDATED; V_SERVICE_EMPLOYEEINFO","","wrap","pkg_execution / pkg_observation","Read-side execution procedures can be wrapped during IAS_ZTBL cutover.","Expose through an adapter/facade and block new direct controller dependencies."
"PKG_FAD","PKG_FAD.P_GETAUDITEMPLOYEES","FAD","GetFadAuditEmployees","T_AU_TBL_ALLOCATIONS; T_AUDIT_EMP","","wrap","pkg_compliance","Read-side FAD procedures can be wrapped during migration.","Expose through an adapter/facade and block new direct controller dependencies."
"PKG_AR","PKG_AR.P_RESPONIBILITYFOROLDPARA","FAD","AddResponsibilityforoldparas","AIS_T_AU_POST_COMPLIANCE; DUAL; T_AU_OBSERVATION_RESPONSIBILITY_UPDATED","T_AU_OBSERVATION_RESPONSIBILITY_UPDATED; MULTIPLE","split","pkg_observation + pkg_execution","Execution, observation, DSA, and working-paper writes should be separated into clearer module packages.","Decompose into module-bound procedures before IAS_ZTBL go-live."
"PKG_AR","PKG_AR.P_GETOBSERVATIONSFORMANAGEAUDITPARAS","FAD","GetObservationsForManageAuditParas","AIS_T_AU_POST_COMPLIANCE; T_RISK; T_AUDIT_CHECKLIST_ANNEXURE; T_AU_OBSERVATION_UPDATED_REFERENCE","","wrap","pkg_execution / pkg_observation","Read-side execution procedures can be wrapped during IAS_ZTBL cutover.","Expose through an adapter/facade and block new direct controller dependencies."
"PKG_AR","PKG_AR.P_GETOBSERVATIONSDETAILSFORMANAGEAUDITPARAS","FAD","GetObservationDetailsForManageAuditParas","AIS_T_AU_POST_COMPLIANCE; T_RISK; T_AUDIT_CHECKLIST_ANNEXURE; T_AU_OLD_PARAS_FAD_TEXT; T_AU_OBSERVATION_TEXT; T_AU_OBSERVATION_OLD_CAD_PARAS_TEXT","","wrap","pkg_execution / pkg_observation","Read-side execution procedures can be wrapped during IAS_ZTBL cutover.","Expose through an adapter/facade and block new direct controller dependencies."
"PKG_AR","PKG_AR.GETRESPONSIBLEPPNOFOROLDPARA","FAD","GetResponsiblePPNOforoldPara","V_GET_AUDITEE_PARAS_FAD_COMPLIANCE_PPNO; V_SERVICE_EMPLOYEEINFO","","wrap","pkg_execution / pkg_observation","Read-side execution procedures can be wrapped during IAS_ZTBL cutover.","Expose through an adapter/facade and block new direct controller dependencies."
"PKG_AR","PKG_AR.P_GET_PARA_DETAILS_FOR_AUTHORIZE","FAD","GetObservationsForMangeAuditParasForAuthorization","AIS_T_AU_POST_COMPLIANCE; T_RISK; T_AU_OBSERVATION_UPDATED_REFERENCE; T_AUDITEE_ENTITIES; T_AUDIT_CHECKLIST_ANNEXURE; T_AU_OLD_PARAS_FAD_TEXT; T_AU_OBSERVATION_TEXT; T_AU_OBSERVATION_OLD_CAD_PARAS_TEXT","","wrap","pkg_execution / pkg_observation","Read-side execution procedures can be wrapped during IAS_ZTBL cutover.","Expose through an adapter/facade and block new direct controller dependencies."
"PKG_AR","PKG_AR.P_GET_PARA_CHANGES_FOR_AUTHORIZE","FAD","GetProposedChangesInManageParasAuth","T_AU_OBSERVATION_UPDATED_REFERENCE; T_AUDIT_CHECKLIST_ANNEXURE; T_RISK","","wrap","pkg_execution / pkg_observation","Read-side execution procedures can be wrapped during IAS_ZTBL cutover.","Expose through an adapter/facade and block new direct controller dependencies."
"PKG_FAD","PKG_FAD.P_SEARCHREFERENCES","FAD","SearchReferences","T_AUDIT_CHECKLIST_ANNEXURE_CIRCULAR","","wrap","pkg_reference","Reference/manual lookups can be wrapped while the new reference model is loaded.","Expose through an adapter/facade and block new direct controller dependencies."
"PKG_FAD","PKG_FAD.P_GETENTITYTASKSUMMARY","FAD","GetEntityTaskSummary","YOUR; T_AU_TBL_ALLOCATIONS; T_AUDITEE_ENTITIES; AIS_T_AU_POST_COMPLIANCE","","wrap","pkg_compliance","Read-side FAD procedures can be wrapped during migration.","Expose through an adapter/facade and block new direct controller dependencies."
"PKG_FAD","PKG_FAD.P_GETPARATEXT","FAD","Get_All_Para_Text; GetParaText","V_GET_ALL_PARA_TEXT_FOR_REFERENCE","","wrap","pkg_compliance","Read-side FAD procedures can be wrapped during migration.","Expose through an adapter/facade and block new direct controller dependencies."
"PKG_FAD","PKG_FAD.P_GET_PARA_STATUS_REQUEST","FAD","GETPARASTATUSCHANGEREQUEST","AIS_T_AU_POST_COMPLIANCE; T_RISK; T_AUDIT_CHECKLIST_ANNEXURE; AIS_T_PARA_STATUS_CHANGE_LOG","","wrap","pkg_compliance","Read-side FAD procedures can be wrapped during migration.","Expose through an adapter/facade and block new direct controller dependencies."
"PKG_FAD","PKG_FAD.P_ADD_PARA_STATUS_CHANGE","FAD","ADDPARASTATUSCHANGEREQUEST","AIS_T_AU_POST_COMPLIANCE; DUAL","AIS_T_PARA_STATUS_CHANGE_LOG","redesign","pkg_compliance","Legacy para status, settlement, and assignment writes should move to normalized para/compliance tables.","Rebuild directly on IAS_ZTBL normalized tables and retire legacy DML path at cutover."
"PKG_FAD","PKG_FAD.P_GET_PARA_STATUS_AUTHORIZATION","FAD","GETPARASTATUSAUTHORIZATION","AIS_T_PARA_STATUS_CHANGE_LOG; AIS_T_AU_POST_COMPLIANCE","","wrap","pkg_compliance","Read-side FAD procedures can be wrapped during migration.","Expose through an adapter/facade and block new direct controller dependencies."
"PKG_FAD","PKG_FAD.P_GET_IAS_PARA_TEXT","FAD","GetIASParaText","V_GET_IAS_PARA_TEXT","","wrap","pkg_compliance","Read-side FAD procedures can be wrapped during migration.","Expose through an adapter/facade and block new direct controller dependencies."
"PKG_FAD","PKG_FAD.P_AUTHORIZE_PARA_STATUS_CHANGE","FAD","AUTHORIZEPARASTATUSCHANGEREQUEST","AIS_T_PARA_STATUS_CHANGE_LOG; V_GET_AIS_POST_COMPLIANCE_AIS_FOR_PARA_CHANGE; AIS_T_AU_POST_COMPLIANCE_HISTORY; T_GROUPS; DUAL","THE; AIS_T_PARA_STATUS_CHANGE_LOG; COMPLIANCE; AIS_T_AU_POST_COMPLIANCE; HISTORY; AIS_T_AU_POST_COMPLIANCE_HISTORY","redesign","pkg_compliance","Legacy para status, settlement, and assignment writes should move to normalized para/compliance tables.","Rebuild directly on IAS_ZTBL normalized tables and retire legacy DML path at cutover."
"PKG_FAD","PKG_FAD.P_GET_ROLE_RESPONSIBLE","FAD","GetRoleResponsibleForChecklistDetail","T_AU_ACTIVITY_LOG; T_HR_DESIGNATIONS","T_AU_ACTIVITY_LOG","redesign","pkg_compliance","Legacy para status, settlement, and assignment writes should move to normalized para/compliance tables.","Rebuild directly on IAS_ZTBL normalized tables and retire legacy DML path at cutover."
"PKG_FAD","PKG_FAD.P_GET_PROCESS_OWNER","FAD","GetProcOwnerForChecklistDetail","T_AU_ACTIVITY_LOG; T_AUDITEE_ENTITIES","T_AU_ACTIVITY_LOG","redesign","pkg_compliance","Legacy para status, settlement, and assignment writes should move to normalized para/compliance tables.","Rebuild directly on IAS_ZTBL normalized tables and retire legacy DML path at cutover."
"PKG_FAD","PKG_FAD.P_GET_VIOLATIONS","FAD","GetViolationsForChecklistDetail","T_R_SUB_GROUP","","wrap","pkg_compliance","Read-side FAD procedures can be wrapped during migration.","Expose through an adapter/facade and block new direct controller dependencies."
"PKG_FAD","PKG_FAD.P_GETNEWPARASFORRESPONSEAUTHORIZE","FAD","GetCurrentParasForStatusChangeRequestAuthorize","T_AU_OBSERVATION; T_AU_PLAN_ENG; T_AUDITEE_ENTITIES; T_AU_PERIOD; T_AU_OBSERVATION_TEXT; T_AU_OBSERVATION_STATUS; T_AU_NEW_PARAS_STATUS_CHANGE_LOG; T_RISK; T_AUDITEE_ENTITIES_MAPING_FAD","","wrap","pkg_compliance","Read-side FAD procedures can be wrapped during migration.","Expose through an adapter/facade and block new direct controller dependencies."
"PKG_FAD","PKG_FAD.P_GET_SETTLED_PARA_ENTITIES","FAD","GetSettledParasEntitiesForMonitoringFAD","V_P_GET_SETTLED_PARA_DETAILS; T_AUDITEE_ENTITIES; T_AU_POST_COMPLIANCE_SETTLEMETMENT_HISTORY; T_AUDITEE_ENTITIES_MAPING_FAD","","wrap","pkg_compliance","Read-side FAD procedures can be wrapped during migration.","Expose through an adapter/facade and block new direct controller dependencies."
"PKG_FAD","PKG_FAD.P_GETLEAGACYOBSERVATIONS","FAD","GetLegacyParasForUpdateFAD","T_AU_ERROR_LOGS; DUAL; T_AU_OLD_PARAS_FAD; T_AUDITEE_ENTITIES; T_AUDITEE_ENTITIES_MAPING_FAD; T_AU_OLD_PARAS_FAD_TEXT; T_AU_OLD_AUDIT_NATURE; T_AU_DATA_VALIDATION_FAD_LOG","T_AU_ERROR_LOGS; T_AU_DATA_VALIDATION_FAD_LOG","redesign","pkg_compliance","Legacy para status, settlement, and assignment writes should move to normalized para/compliance tables.","Rebuild directly on IAS_ZTBL normalized tables and retire legacy DML path at cutover."
"PKG_FAD","PKG_FAD.P_ADD_PARA_RESPONSIBILITY","FAD","AddResponsibilityToLegacyParasFAD; UpdateLegacyParasWithResponsibilityFAD","T_AU_OLD_PARAS_FAD_RESPONSIBILITY_ASSIGNED; DUAL","T_AU_OLD_PARAS_FAD_RESPONSIBILITY_ASSIGNED; T_AU_OLD_PARAS_FAD_LOG","redesign","pkg_compliance","Legacy para status, settlement, and assignment writes should move to normalized para/compliance tables.","Rebuild directly on IAS_ZTBL normalized tables and retire legacy DML path at cutover."
"PKG_FAD","PKG_FAD.P_REVIEWED_LEGACY_PARA","FAD","UpdateLegacyParasWithResponsibilityNoChanges","T_AU_REMARKS; T_AU_ERROR_LOGS; DUAL","T_AU_OLD_PARAS_FAD; T_AU_DATA_VALIDATION_FAD_LOG; T_AU_ERROR_LOGS","redesign","pkg_compliance","Legacy para status, settlement, and assignment writes should move to normalized para/compliance tables.","Rebuild directly on IAS_ZTBL normalized tables and retire legacy DML path at cutover."
"PKG_FAD","PKG_FAD.P_UPDATE_LEGACY_PARA_TEXT","FAD","UpdateLegacyParasWithResponsibilityFAD","T_AU_REMARKS; T_AU_ERROR_LOGS; DUAL","T_AU_OLD_PARAS_FAD_TEXT; T_AU_OLD_PARAS_FAD; T_AU_DATA_VALIDATION_FAD_LOG; T_AU_ERROR_LOGS","redesign","pkg_compliance","Legacy para status, settlement, and assignment writes should move to normalized para/compliance tables.","Rebuild directly on IAS_ZTBL normalized tables and retire legacy DML path at cutover."
"PKG_FAD","PKG_FAD.P_AUTHORIZECHANGESTATUSREQUESTFORSETTLEDPARA_NEW","FAD","AuthorizerAddChangeStatusRequestForSettledPara","T_AU_NEW_PARAS_STATUS_CHANGE_LOG; T_AU_OBSERVATION; AIS_T_AU_POST_COMPLIANCE; DUAL","T_AU_OBSERVATION; T_AU_NEW_PARAS_STATUS_CHANGE_LOG; AIS_T_AU_POST_COMPLIANCE","redesign","pkg_compliance","Legacy para status, settlement, and assignment writes should move to normalized para/compliance tables.","Rebuild directly on IAS_ZTBL normalized tables and retire legacy DML path at cutover."
"PKG_FAD","PKG_FAD.P_AUTHORIZECHANGESTATUSREQUESTFORSETTLEDPARA","FAD","AddAuthorizeChangeStatusRequestForSettledPara","AIS_COMP; T_AU_OLD_PARAS_FAD; AIS_T_AU_POST_COMPLIANCE; DUAL; T_AU_OLD_PARAS_FAD_STATUS_CHANGE_LOG","T_AU_OLD_PARAS_FAD_STATUS_CHANGE_LOG; PARA; T_AU_OLD_PARAS_FAD; T_AU_OBSERVATION_OLD_CAD_PARAS; AIS_T_AU_POST_COMPLIANCE","redesign","pkg_compliance","Legacy para status, settlement, and assignment writes should move to normalized para/compliance tables.","Rebuild directly on IAS_ZTBL normalized tables and retire legacy DML path at cutover."
"PKG_FAD","PKG_FAD.P_GETOLDPARASFORRESPONSEAUTHORIZE","FAD","GetOldSettledParasForResponseAuthorize","T_AU_OBSERVATION_OLD_CAD_PARAS; T_AU_OLD_PARAS_FAD_STATUS_CHANGE_LOG; T_AU_OLD_PARAS_FAD; T_AUDIT_CHECKLIST_DETAILS; T_AUDITEE_ENTITIES_MAPING_FAD","","wrap","pkg_compliance","Read-side FAD procedures can be wrapped during migration.","Expose through an adapter/facade and block new direct controller dependencies."
"PKG_FAD","PKG_FAD.P_DELETE_PARA_RESPONSIBILITY","FAD","DeleteLegacyParaResponsibility","DUAL","T_AU_OLD_PARAS_FAD_RESPONSIBILITY_ASSIGNED","redesign","pkg_compliance","Legacy para status, settlement, and assignment writes should move to normalized para/compliance tables.","Rebuild directly on IAS_ZTBL normalized tables and retire legacy DML path at cutover."
"PKG_FAD","PKG_FAD.P_REFERBACK_LEGACY_PARA","FAD","ReferBackLegacyPara","AUDIT; DUAL; T_AU_REMARKS; T_AU_ERROR_LOGS","T_AU_OLD_PARAS_FAD; T_AU_DATA_VALIDATION_FAD_LOG; T_AU_ERROR_LOGS","redesign","pkg_compliance","Legacy para status, settlement, and assignment writes should move to normalized para/compliance tables.","Rebuild directly on IAS_ZTBL normalized tables and retire legacy DML path at cutover."
"PKG_FAD","PKG_FAD.P_GET_AUDITEE_PARENT_FAD","FAD","GetZonesForAnnexureAssignment","T_AUDITEE_ENTITIES; T_AUDITEE_ENTITIES_MAPING_FAD; T_AUDITEE_ENTITIES_MAPING; V_ALL_OUTASTANDING_PARAS_FAD; SYSDATE","","wrap","pkg_compliance","Read-side FAD procedures can be wrapped during migration.","Expose through an adapter/facade and block new direct controller dependencies."
"PKG_FAD","PKG_FAD.P_GET_AUDITEE_CHILD_FAD","FAD","GetZoneBranchesForAnnexureAssignment","T_AUDITEE_ENTITIES; T_AUDITEE_ENTITIES_MAPING_FAD; T_AUDITEE_ENTITIES_MAPING; V_ALL_OUTASTANDING_PARAS_FAD; SYSDATE","","wrap","pkg_compliance","Read-side FAD procedures can be wrapped during migration.","Expose through an adapter/facade and block new direct controller dependencies."
"PKG_FAD","PKG_FAD.P_GET_ALL_PARAS_FAD","FAD","GetAllParasForAnnexureAssignment","V_ALL_OUTASTANDING_PARAS_FAD; T_AUDIT_CHECKLIST_ANNEXURE; SYSDATE","","wrap","pkg_compliance","Read-side FAD procedures can be wrapped during migration.","Expose through an adapter/facade and block new direct controller dependencies."
"PKG_FAD","PKG_FAD.P_UPDATE_PARAS_ANNEX_FAD","FAD","AssignAnnexureWithPara","DUAL","T_AU_OLD_PARAS_FAD; T_AU_OBSERVATION","redesign","pkg_compliance","Legacy para status, settlement, and assignment writes should move to normalized para/compliance tables.","Rebuild directly on IAS_ZTBL normalized tables and retire legacy DML path at cutover."
"PKG_FAD","PKG_FAD.P_PARA_SHIFTING","FAD","ParaShiftedTo","T_AUDITEE_ENTITIES; DUAL","T_AU_OBSERVATION; T_AU_OBSERVATION_ASSIGNEDTO; AIS_T_AU_POST_COMPLIANCE; T_AU_OLD_PARAS_FAD; T_AU_OBSERVATION_OLD_CAD_PARAS","redesign","pkg_compliance","Legacy para status, settlement, and assignment writes should move to normalized para/compliance tables.","Rebuild directly on IAS_ZTBL normalized tables and retire legacy DML path at cutover."
"PKG_FAD","PKG_FAD.P_GET_SETTLED_PARA_DETAILS","FAD","GetSettledParasForMonitoring","V_P_GET_SETTLED_PARA_DETAILS","","wrap","pkg_compliance","Read-side FAD procedures can be wrapped during migration.","Expose through an adapter/facade and block new direct controller dependencies."
"PKG_FAD","PKG_FAD.P_GET_SETTLED_PARA_DETAILS_PARA_COMPLIANCE","FAD","GetSettledParaComplianceHistory; SaveSettledParaCompliacne","T_AU_POST_COMPLIANCE_SETTLEMETMENT_HISTORY; T_AUDITEE_ENTITIES_MAPING_FAD; T_AU_OLD_PARAS_POST_COMPLIANCE_HISTORY; V_SERVICE_EMPLOYEEINFO; T_HR_DESIGNATIONS","","wrap","pkg_compliance","Read-side FAD procedures can be wrapped during migration.","Expose through an adapter/facade and block new direct controller dependencies."
"PKG_FAD","PKG_FAD.P_GET_AUDIT_ENGAGEMENT","FAD","GetEngagementDetailsForFadReview","T_AU_TEAM_MEMBERS; T_AU_PLAN_ENG; T_AU_PERIOD; T_AU_PLAN; T_AU_PLAN_ENG_STATUS; T_AU_AUDIT_TEAMS; T_AUDIT_REPORTS","","wrap","pkg_compliance","Read-side FAD procedures can be wrapped during migration.","Expose through an adapter/facade and block new direct controller dependencies."
"PKG_FAD","PKG_FAD.P_GET_AUDIT_GLANCE","FAD","GetAuditDetailsFAD","T_AU_OBSERVATION; T_AU_OBSERVATION_STATUS; T_RISK; T_AU_OBSERVATION_TEXT","","wrap","pkg_compliance","Read-side FAD procedures can be wrapped during migration.","Expose through an adapter/facade and block new direct controller dependencies."
"PKG_FAD","PKG_FAD.P_GET_AUDIT_OBSERVTION","FAD","GetObservationDetailsForReport","T_AU_OBSERVATION; T_AU_OBSERVATION_STATUS; T_AU_OBSERVATION_ASSIGNEDTO; T_AU_OBSERVATION_TEXT; T_AUDITEE_ENTITIES; T_AUDIT_CHECKLIST_ANNEXURE; T_AUDIT_CHECKLIST_DETAILS; T_AUDIT_CHECKLIST_SUB; T_AUDIT_CHECKLIST; T_AU_OBSERVATIONS_AUDITEE_RESPONSE; T_AU_OBSERVATIONS_AUDITOR_REPLY; T_AU_OBSERVATION_FINAL_RECCOMENDATION; T_AU_OBSERVATIONS_AUDITOR_RECOMMENDATION","","wrap","pkg_compliance","Read-side FAD procedures can be wrapped during migration.","Expose through an adapter/facade and block new direct controller dependencies."
"PKG_FAD","PKG_FAD.P_GET_AUDIT_REPORT","FAD","GetAuditReportForFadReview","T_AUDIT_REPORTS","","wrap","pkg_compliance","Read-side FAD procedures can be wrapped during migration.","Expose through an adapter/facade and block new direct controller dependencies."
"PKG_FAD","PKG_FAD.P_GET_REFERENCE_MASTER_DETAIL","FAD","GetReferenceMasterDetail","VW_REFERENCE_MASTER_DETAIL","","wrap","pkg_reference","Reference/manual lookups can be wrapped while the new reference model is loaded.","Expose through an adapter/facade and block new direct controller dependencies."
"PKG_FAD","PKG_FAD.P_GET_MANUAL_MASTER","FAD","GetObservationManualMaster","T_MANUAL_MASTER","","wrap","pkg_reference","Reference/manual lookups can be wrapped while the new reference model is loaded.","Expose through an adapter/facade and block new direct controller dependencies."
"PKG_FAD","PKG_FAD.P_GET_MANUAL_SECTIONS","FAD","GetObservationManualSections","T_MANUAL_INDEX","","wrap","pkg_reference","Reference/manual lookups can be wrapped while the new reference model is loaded.","Expose through an adapter/facade and block new direct controller dependencies."
"PKG_FAD","PKG_FAD.P_GET_MANUAL_CHAPTERS","FAD","GetObservationManualChapters","T_MANUAL_INDEX","","wrap","pkg_reference","Reference/manual lookups can be wrapped while the new reference model is loaded.","Expose through an adapter/facade and block new direct controller dependencies."
"PKG_FAD","PKG_FAD.P_GET_MANUAL_REFERENCE_GRID","FAD","GetObservationManualReferenceGrid","VW_REFERENCE_MASTER_DETAIL","","wrap","pkg_reference","Reference/manual lookups can be wrapped while the new reference model is loaded.","Expose through an adapter/facade and block new direct controller dependencies."
"PKG_FAD","PKG_FAD.P_GET_REFERENCE_DETAIL_BY_ID","FAD","GetReferenceDetailByRefId","VW_REFERENCE_MASTER_DETAIL","","wrap","pkg_reference","Reference/manual lookups can be wrapped while the new reference model is loaded.","Expose through an adapter/facade and block new direct controller dependencies."
"PKG_FAD_RISK","PKG_FAD_RISK.P_SAVE_KPI_MAIN","FAD.Risk","P_SAVE_KPI_MAIN","","T_RISK_FAD_KPI_MAIN","redesign","pkg_common","Legacy write procedure requires IAS_ZTBL redesign.","Rebuild directly on IAS_ZTBL normalized tables and retire legacy DML path at cutover."
"PKG_FAD_RISK","PKG_FAD_RISK.P_SAVE_KPI_SUB","FAD.Risk","P_SAVE_KPI_SUB","","T_RISK_FAD_KPI_SUB","redesign","pkg_common","Legacy write procedure requires IAS_ZTBL redesign.","Rebuild directly on IAS_ZTBL normalized tables and retire legacy DML path at cutover."
"PKG_FAD_RISK","PKG_FAD_RISK.P_SAVE_PROCESS","FAD.Risk","P_SAVE_PROCESS","","T_RISK_FAD_PROCESS","redesign","pkg_common","Legacy write procedure requires IAS_ZTBL redesign.","Rebuild directly on IAS_ZTBL normalized tables and retire legacy DML path at cutover."
"PKG_FAD_RISK","PKG_FAD_RISK.P_SAVE_SUB_PROCESS","FAD.Risk","P_SAVE_SUB_PROCESS","","T_RISK_FAD_SUB_PROCESS","redesign","pkg_common","Legacy write procedure requires IAS_ZTBL redesign.","Rebuild directly on IAS_ZTBL normalized tables and retire legacy DML path at cutover."
"PKG_FAD_RISK","PKG_FAD_RISK.P_SAVE_ANNEXURE","FAD.Risk","P_SAVE_ANNEXURE","","T_RISK_FAD_ANNEXURE","redesign","pkg_common","Legacy write procedure requires IAS_ZTBL redesign.","Rebuild directly on IAS_ZTBL normalized tables and retire legacy DML path at cutover."
"PKG_FAD_RISK","PKG_FAD_RISK.P_SAVE_SUBPROC_ANNEX","FAD.Risk","P_SAVE_SUBPROC_ANNEX","DUAL","T_RISK_FAD_SUBPROC_ANNEX; SET","redesign","pkg_common","Legacy write procedure requires IAS_ZTBL redesign.","Rebuild directly on IAS_ZTBL normalized tables and retire legacy DML path at cutover."
"PKG_FAD_RISK","PKG_FAD_RISK.P_GET_KPI_MAIN","FAD.Risk","P_GET_KPI_MAIN","T_RISK_FAD_KPI_MAIN","","wrap","pkg_common","Legacy read procedure can be wrapped during transition.","Expose through an adapter/facade and block new direct controller dependencies."
"PKG_FAD_RISK","PKG_FAD_RISK.P_GET_KPI_SUB","FAD.Risk","P_GET_KPI_SUB","T_RISK_FAD_KPI_SUB","","wrap","pkg_common","Legacy read procedure can be wrapped during transition.","Expose through an adapter/facade and block new direct controller dependencies."
"PKG_FAD_RISK","PKG_FAD_RISK.P_GET_PROCESS","FAD.Risk","P_GET_PROCESS","T_RISK_FAD_PROCESS","","wrap","pkg_common","Legacy read procedure can be wrapped during transition.","Expose through an adapter/facade and block new direct controller dependencies."
"PKG_FAD_RISK","PKG_FAD_RISK.P_GET_SUB_PROCESS","FAD.Risk","P_GET_SUB_PROCESS","T_RISK_FAD_SUB_PROCESS","","wrap","pkg_common","Legacy read procedure can be wrapped during transition.","Expose through an adapter/facade and block new direct controller dependencies."
"PKG_FAD_RISK","PKG_FAD_RISK.P_GET_SUBPROC_ANNEX","FAD.Risk","P_GET_SUBPROC_ANNEX","T_RISK_FAD_SUBPROC_ANNEX","","wrap","pkg_common","Legacy read procedure can be wrapped during transition.","Expose through an adapter/facade and block new direct controller dependencies."
"PKG_FAD_RISK","PKG_FAD_RISK.P_GET_GRAVITY","FAD.Risk","P_GET_GRAVITY","T_RISK_FAD_GRAVITY","","wrap","pkg_common","Legacy read procedure can be wrapped during transition.","Expose through an adapter/facade and block new direct controller dependencies."
"PKG_FRPT","PKG_FRPT.P_GET_REPORT_ENTITY","FRPT","GetReportEntities","T_AU_PLAN_ENG; T_AUDITEE_ENTITIES; T_AUDITEE_ENT_TYPES","","wrap","pkg_report","Read-side FRPT procedures can be wrapped while the new report model is phased in.","Expose through an adapter/facade and block new direct controller dependencies."
"PKG_FRPT","PKG_FRPT.P_IS_REPORT_FINAL","FRPT","IsFieldAuditReportFinal","","","wrap","pkg_report","Read-side FRPT procedures can be wrapped while the new report model is phased in.","Expose through an adapter/facade and block new direct controller dependencies."
"PKG_FRPT","PKG_FRPT.P_GET_REPORT_OVERVIEW","FRPT","GetFieldAuditReportOverview","MAPPING; PERIOD; PLAN; T_AU_TEAM_MEMBERS; T_AU_AUDIT_TEAM_TASKLIST; T_AU_PLAN_ENG; T_FRPT_REPORT_META; T_AU_PERIOD; T_AUDITEE_ENTITIES_MAPING; DUAL","","wrap","pkg_report","Read-side FRPT procedures can be wrapped while the new report model is phased in.","Expose through an adapter/facade and block new direct controller dependencies."
"PKG_FRPT","PKG_FRPT.P_GET_NARRATIVE_SECTIONS","FRPT","GetFieldAuditNarrativeSections","T_FRPT_SECTION_MASTER; T_FRPT_TEXT_BLOCKS","","wrap","pkg_report","Read-side FRPT procedures can be wrapped while the new report model is phased in.","Expose through an adapter/facade and block new direct controller dependencies."
"PKG_FRPT","PKG_FRPT.P_GET_OBSERVATION_COUNT","FRPT","GetFieldAuditObservationCount","T_AU_OBSERVATION","","wrap","pkg_report","Read-side FRPT procedures can be wrapped while the new report model is phased in.","Expose through an adapter/facade and block new direct controller dependencies."
"PKG_FRPT","PKG_FRPT.P_GET_OBSERVATION_DETAILS","FRPT","GetFieldAuditObservationDetails","T_AU_OBSERVATION; T_AU_OBSERVATION_TEXT; T_AUDIT_CHECKLIST_ANNEXURE; T_RISK; T_AU_OBSERVATION_FINAL_RECCOMENDATION; T_AU_OBSERVATIONS_AUDITOR_RECOMMENDATION; T_AU_OBSERVATIONS_AUDITEE_RESPONSE; T_AU_OBSERVATIONS_AUDITOR_REPLY; T_FRPT_PARA_NARRATIVE","","wrap","pkg_report","Read-side FRPT procedures can be wrapped while the new report model is phased in.","Expose through an adapter/facade and block new direct controller dependencies."
"PKG_FRPT","PKG_FRPT.P_SAVE_TEXT_BLOCK","FRPT; MANRPT","SaveFieldAuditTextBlock; SaveManReportTextBlock","T_FRPT_TEXT_BLOCKS","ONE; T_FRPT_TEXT_BLOCKS","redesign","pkg_report","Field-audit report composition is a live write workflow and should be rebuilt on IAS_ZTBL report tables.","Rebuild directly on IAS_ZTBL normalized tables and retire legacy DML path at cutover."
"PKG_FRPT","PKG_FRPT.P_GET_STAFF_DESIGNATIONS","FRPT","GetStaffDesignationOptions","V_FRPT_STAFF_DESIGNATIONS","","wrap","pkg_report","Read-side FRPT procedures can be wrapped while the new report model is phased in.","Expose through an adapter/facade and block new direct controller dependencies."
"PKG_FRPT","PKG_FRPT.P_GET_KPI_OPTIONS","FRPT","GetKpiOptions","V_FRPT_KPI_OPTIONS","","wrap","pkg_report","Read-side FRPT procedures can be wrapped while the new report model is phased in.","Expose through an adapter/facade and block new direct controller dependencies."
"PKG_FRPT","PKG_FRPT.P_GET_NPL_CATEGORIES","FRPT","GetNplCategoryOptions","V_FRPT_NPL_CATEGORIES","","wrap","pkg_report","Read-side FRPT procedures can be wrapped while the new report model is phased in.","Expose through an adapter/facade and block new direct controller dependencies."
"PKG_FRPT","PKG_FRPT.P_GET_KPI_SNAPSHOT","FRPT","GetFieldAuditKpiSnapshots","T_FRPT_KPI_SNAPSHOT","","wrap","pkg_report","Read-side FRPT procedures can be wrapped while the new report model is phased in.","Expose through an adapter/facade and block new direct controller dependencies."
"PKG_FRPT","PKG_FRPT.P_SAVE_KPI_SNAPSHOT","FRPT","SaveFieldAuditKpiSnapshot","T_FRPT_KPI_SNAPSHOT","T_FRPT_KPI_SNAPSHOT","redesign","pkg_report","Field-audit report composition is a live write workflow and should be rebuilt on IAS_ZTBL report tables.","Rebuild directly on IAS_ZTBL normalized tables and retire legacy DML path at cutover."
"PKG_FRPT","PKG_FRPT.P_GET_PDF_STATISTICS","FRPT; FRPT.Pdf","GetFieldAuditPdfStatistics; GetFieldAuditStatistics; GetPdfStatistics","T_AU_OBSERVATION; T_RISK","","wrap","pkg_report","Read-side FRPT procedures can be wrapped while the new report model is phased in.","Expose through an adapter/facade and block new direct controller dependencies."
"PKG_FRPT","PKG_FRPT.P_SAVE_PDF_STATISTICS","FRPT","SavePdfStatistics","T_AU_PLAN_ENG; T_FRPT_PDF_STATISTICS; JSON_TABLE","T_FRPT_PDF_STATISTICS","redesign","pkg_report","Field-audit report composition is a live write workflow and should be rebuilt on IAS_ZTBL report tables.","Rebuild directly on IAS_ZTBL normalized tables and retire legacy DML path at cutover."
"PKG_FRPT","PKG_FRPT.P_GET_INCOME_LEAKAGE","FRPT","GetIncomeLeakage","","","wrap","pkg_report","Read-side FRPT procedures can be wrapped while the new report model is phased in.","Expose through an adapter/facade and block new direct controller dependencies."
"PKG_FRPT","PKG_FRPT.P_SAVE_INCOME_LEAKAGE","FRPT","SaveIncomeLeakage","T_AU_PLAN_ENG; T_FRPT_INCOME_LEAKAGE; JSON_TABLE","T_FRPT_INCOME_LEAKAGE","redesign","pkg_report","Field-audit report composition is a live write workflow and should be rebuilt on IAS_ZTBL report tables.","Rebuild directly on IAS_ZTBL normalized tables and retire legacy DML path at cutover."
"PKG_FRPT","PKG_FRPT.P_GET_OVERALL_CONCLUSION","FRPT","GetOverallConclusion","T_FRPT_OVERALL_CONCLUSION","","wrap","pkg_report","Read-side FRPT procedures can be wrapped while the new report model is phased in.","Expose through an adapter/facade and block new direct controller dependencies."
"PKG_FRPT","PKG_FRPT.P_SAVE_OVERALL_CONCLUSION","FRPT","SaveOverallConclusion","T_AU_PLAN_ENG; DUAL","T_FRPT_OVERALL_CONCLUSION; SET","redesign","pkg_report","Field-audit report composition is a live write workflow and should be rebuilt on IAS_ZTBL report tables.","Rebuild directly on IAS_ZTBL normalized tables and retire legacy DML path at cutover."
"PKG_FRPT","PKG_FRPT.P_GET_NPL_SNAPSHOT","FRPT","GetFieldAuditNplSnapshots","T_FRPT_NPL_SNAPSHOT","","wrap","pkg_report","Read-side FRPT procedures can be wrapped while the new report model is phased in.","Expose through an adapter/facade and block new direct controller dependencies."
"PKG_FRPT","PKG_FRPT.P_SAVE_NPL_SNAPSHOT","FRPT","SaveFieldAuditNplSnapshot","T_FRPT_NPL_SNAPSHOT","T_FRPT_NPL_SNAPSHOT","redesign","pkg_report","Field-audit report composition is a live write workflow and should be rebuilt on IAS_ZTBL report tables.","Rebuild directly on IAS_ZTBL normalized tables and retire legacy DML path at cutover."
"PKG_FRPT","PKG_FRPT.P_GET_STAFF_SNAPSHOT","FRPT","GetFieldAuditStaffSnapshots","T_FRPT_STAFF_SNAPSHOT","","wrap","pkg_report","Read-side FRPT procedures can be wrapped while the new report model is phased in.","Expose through an adapter/facade and block new direct controller dependencies."
"PKG_FRPT","PKG_FRPT.P_SAVE_STAFF_SNAPSHOT","FRPT","SaveFieldAuditStaffSnapshot","T_FRPT_STAFF_SNAPSHOT","T_FRPT_STAFF_SNAPSHOT","redesign","pkg_report","Field-audit report composition is a live write workflow and should be rebuilt on IAS_ZTBL report tables.","Rebuild directly on IAS_ZTBL normalized tables and retire legacy DML path at cutover."
"PKG_FRPT","PKG_FRPT.P_FINALIZE_REPORT","FRPT","FinalizeFieldAuditReport","T_FRPT_KPI_SNAPSHOT; T_FRPT_NPL_SNAPSHOT; T_FRPT_STAFF_SNAPSHOT; DUAL; T_FRPT_REPORT_META","T_FRPT_REPORT_META","redesign","pkg_report","Field-audit report composition is a live write workflow and should be rebuilt on IAS_ZTBL report tables.","Rebuild directly on IAS_ZTBL normalized tables and retire legacy DML path at cutover."
"PKG_FRPT","PKG_FRPT.P_GET_ALLOWED_PDF_ENGS","FRPT.Pdf","IsEngagementAllowedForPdf","T_FRPT_REPORT_META; T_AU_PLAN_ENG; DUAL","","wrap","pkg_report","Read-side FRPT procedures can be wrapped while the new report model is phased in.","Expose through an adapter/facade and block new direct controller dependencies."
"PKG_FRPT","PKG_FRPT.P_GET_ALLOWED_PDF_ENG_DETAILS","FRPT.Pdf","GetAllowedPdfEngagementDetails","T_AU_PLAN_ENG; T_AUDITEE_ENTITIES_MAPING; T_FRPT_REPORT_META","","wrap","pkg_report","Read-side FRPT procedures can be wrapped while the new report model is phased in.","Expose through an adapter/facade and block new direct controller dependencies."
"PKG_HD","PKG_HD.P_PPNO_NAME","HD","GetUserName","V_HR_EMPLOYEE_INFO_PPNO_NDC","","wrap","pkg_compliance / pkg_report","Read-side HD procedures can be wrapped while IAS_ZTBL compliance and report modules come online.","Expose through an adapter/facade and block new direct controller dependencies."
"PKG_HD","PKG_HD.P_GETOLDPARASENTITYID","HD","GetZoneBranches","T_AUDITEE_ENTITIES; T_AUDITEE_ENTITIES_MAPING; V_GET_PARENT_OFFICE","","wrap","pkg_compliance / pkg_report","Read-side HD procedures can be wrapped while IAS_ZTBL compliance and report modules come online.","Expose through an adapter/facade and block new direct controller dependencies."
"PKG_HD","PKG_HD.P_GET_AUDIT_PRE_CONCLUDING","HD","GetEntityObservationDetails","DUAL; T_AU_ACTIVITY_LOG; T_AU_PLAN_DISPLAY; T_AU_PLAN_ENG; T_AU_OBSERVATION_GIST; T_AU_OBSERVATION_FINAL_RECCOMENDATION; T_AU_OBSERVATION; T_AU_OBSERVATION_TEXT; T_RISK; T_AU_OBSERVATION_STATUS","T_AU_ACTIVITY_LOG","split","pkg_compliance + pkg_report","PKG_HD mixes para/compliance state changes with report-upload and approval concerns and should be split.","Decompose into module-bound procedures before IAS_ZTBL go-live."
"PKG_HD","PKG_HD.P_GETFINALIZEDDRAFTOBSERVATIONS","HD","GetFinalizedDraftObservations","T_AU_OBSERVATION; T_AU_OBSERVATION_TEXT; T_RISK; T_AU_OBSERVATION_STATUS; T_AU_PLAN_ENG; T_AU_PERIOD; T_AUDITEE_ENTITIES","","wrap","pkg_compliance / pkg_report","Read-side HD procedures can be wrapped while IAS_ZTBL compliance and report modules come online.","Expose through an adapter/facade and block new direct controller dependencies."
"PKG_HD","PKG_HD.P_GETFINALIZEDDRAFTOBSERVATIONSBRANCH","HD","GetFinalizedDraftObservationsBranch","DUAL; T_AU_ACTIVITY_LOG; T_AUDITEE_ENTITIES; T_AU_PLAN_ENG; T_AU_OBSERVATION; T_AU_OBSERVATION_TEXT; T_RISK; T_AU_OBSERVATION_STATUS; T_AU_PERIOD; T_AUDIT_CHECKLIST_DETAILS; T_AUDIT_CHECKLIST_SUB; T_AUDIT_CHECKLIST; T_AU_OBSERVATIONS_AUDITOR_RESPONSE","T_AU_ACTIVITY_LOG","split","pkg_compliance + pkg_report","PKG_HD mixes para/compliance state changes with report-upload and approval concerns and should be split.","Decompose into module-bound procedures before IAS_ZTBL go-live."
"PKG_HD","PKG_HD.P_GETOLDPARAS","HD","GetManageLegacyParas; GetOldParas","T_AU_OLD_PARAS_FAD; T_AU_OLD_PARAS_FAD_TEXT","","wrap","pkg_compliance / pkg_report","Read-side HD procedures can be wrapped while IAS_ZTBL compliance and report modules come online.","Expose through an adapter/facade and block new direct controller dependencies."
"PKG_HD","PKG_HD.P_GETOLDPARASFORRESPONSE","HD","GetOldSettledParasForResponse","T_AU_OLD_PARAS_FAD; T_AU_OLD_PARAS_FAD_STATUS_CHANGE_LOG; T_AU_OBSERVATION_OLD_CAD_PARAS; T_AUDITEE_ENTITIES","","wrap","pkg_compliance / pkg_report","Read-side HD procedures can be wrapped while IAS_ZTBL compliance and report modules come online.","Expose through an adapter/facade and block new direct controller dependencies."
"PKG_HD","PKG_HD.P_GETNEWPARASFORRESPONSE","HD","GetCurrentParasForStatusChangeRequest","T_AU_OBSERVATION; T_AU_PLAN_ENG; T_AUDITEE_ENTITIES; T_AU_PERIOD; T_AU_OBSERVATION_TEXT; T_AU_OBSERVATION_STATUS; AIS_T_AU_POST_COMPLIANCE; T_AU_NEW_PARAS_STATUS_CHANGE_LOG","","wrap","pkg_compliance / pkg_report","Read-side HD procedures can be wrapped while IAS_ZTBL compliance and report modules come online.","Expose through an adapter/facade and block new direct controller dependencies."
"PKG_HD","PKG_HD.P_GETNEWPARASFORRESPONSE_REVIEWER","HD","GetCurrentParasForStatusChangeRequestReview","T_AU_OBSERVATION; T_AU_PLAN_ENG; T_AUDITEE_ENTITIES; T_AU_PERIOD; T_AU_OBSERVATION_TEXT; T_AU_OBSERVATION_STATUS; T_AU_NEW_PARAS_STATUS_CHANGE_LOG","","wrap","pkg_compliance / pkg_report","Read-side HD procedures can be wrapped while IAS_ZTBL compliance and report modules come online.","Expose through an adapter/facade and block new direct controller dependencies."
"PKG_HD","PKG_HD.P_UPDATEOLDPARASFADSETTLEUNSETTLE","HD","UpdateOldParasStatus","","T_AU_OLD_PARAS_FAD","split","pkg_compliance + pkg_report","PKG_HD mixes para/compliance state changes with report-upload and approval concerns and should be split.","Decompose into module-bound procedures before IAS_ZTBL go-live."
"PKG_HD","PKG_HD.P_GET_AUDIT_PRE_CONCLUDING_ENTITIES","HD","GetObservationEntities; GetObservationEntitiesForPreConcluding","T_AU_PLAN_ENG; T_AUDITEE_ENTITIES","","wrap","pkg_compliance / pkg_report","Read-side HD procedures can be wrapped while IAS_ZTBL compliance and report modules come online.","Expose through an adapter/facade and block new direct controller dependencies."
"PKG_HD","PKG_HD.P_GETSETTLEDPARASFORREVIEW","HD","GetSettledPostCompliancesForMonitoring","DUAL; T_AU_AUDIT_TEAM_TASKLIST; T_AUDITEE_ENTITIES; V_GET_AIS_POST_COMPLIANCE_HO","","wrap","pkg_compliance / pkg_report","Read-side HD procedures can be wrapped while IAS_ZTBL compliance and report modules come online.","Expose through an adapter/facade and block new direct controller dependencies."
"PKG_HD","PKG_HD.P_GETOLDPARASFORSETTLEMENTEXT","HD","GetOldParasBranchComplianceTextForImpIncharge","","","wrap","pkg_compliance / pkg_report","Read-side HD procedures can be wrapped while IAS_ZTBL compliance and report modules come online.","Expose through an adapter/facade and block new direct controller dependencies."
"PKG_HD","PKG_HD.P_GETOLDPARASFORSETTLEMENTEXT_REFEREDACK","HD","GetOldParasReferredBackBranchComplianceTextForImpIncharge","","","wrap","pkg_compliance / pkg_report","Read-side HD procedures can be wrapped while IAS_ZTBL compliance and report modules come online.","Expose through an adapter/facade and block new direct controller dependencies."
"PKG_HD","PKG_HD.P_GETOLDPARASFORFINALSETTLEMENTEXT","HD","GetOldParasBranchComplianceTextForHeadAZ","","","wrap","pkg_compliance / pkg_report","Read-side HD procedures can be wrapped while IAS_ZTBL compliance and report modules come online.","Expose through an adapter/facade and block new direct controller dependencies."
"PKG_HD","PKG_HD.P_GETOLDPARASFORSETTLEMENT","HD","GetComplianceForImpZone; GetOldParasBranchComplianceSubmission","","","wrap","pkg_compliance / pkg_report","Read-side HD procedures can be wrapped while IAS_ZTBL compliance and report modules come online.","Expose through an adapter/facade and block new direct controller dependencies."
"PKG_HD","PKG_HD.P_GETOLDPARASFORSETTLEMENT_REF","HD","GetReferredBackParasComplianceForImpZone","","","wrap","pkg_compliance / pkg_report","Read-side HD procedures can be wrapped while IAS_ZTBL compliance and report modules come online.","Expose through an adapter/facade and block new direct controller dependencies."
"PKG_HD","PKG_HD.P_GETOLDPARASFORFINALSETTLEMENT","HD","GetOldParasForFinalSettlement","","","wrap","pkg_compliance / pkg_report","Read-side HD procedures can be wrapped while IAS_ZTBL compliance and report modules come online.","Expose through an adapter/facade and block new direct controller dependencies."
"PKG_HD","PKG_HD.P_ADDOLDPARASIMPREMARKS","HD","AddOldParasStatusUpdate","","","wrap","pkg_compliance / pkg_report","Read-side HD procedures can be wrapped while IAS_ZTBL compliance and report modules come online.","Expose through an adapter/facade and block new direct controller dependencies."
"PKG_HD","PKG_HD.P_ADDOLDPARASIMPREMARKS_PARTIAL_COMP","HD","AddOldParasStatusPartiallySettle","","","wrap","pkg_compliance / pkg_report","Read-side HD procedures can be wrapped while IAS_ZTBL compliance and report modules come online.","Expose through an adapter/facade and block new direct controller dependencies."
"PKG_HD","PKG_HD.P_ADD_PARA_RESPONSIBILITY_PARTIAL_COMP","HD","AddOldParasStatusPartiallySettle","","","wrap","pkg_compliance / pkg_report","Read-side HD procedures can be wrapped while IAS_ZTBL compliance and report modules come online.","Expose through an adapter/facade and block new direct controller dependencies."
"PKG_HD","PKG_HD.P_ADDFINALSETTLEMENT","HD","AddOldParasheadStatusUpdate","","","wrap","pkg_compliance / pkg_report","Read-side HD procedures can be wrapped while IAS_ZTBL compliance and report modules come online.","Expose through an adapter/facade and block new direct controller dependencies."
"PKG_HD","PKG_HD.P_GET_ALL_PARAS_MONITORING","HD","GetOldParasForMonitoring","AIS_T_AU_POST_COMPLIANCE; T_AUDITEE_ENTITIES; T_RISK","","wrap","pkg_compliance / pkg_report","Read-side HD procedures can be wrapped while IAS_ZTBL compliance and report modules come online.","Expose through an adapter/facade and block new direct controller dependencies."
"PKG_HD","PKG_HD.P_GETOLDPARASTEXT","HD","GetParaText","T_AU_OLD_PARAS_FAD_TEXT","","wrap","pkg_compliance / pkg_report","Read-side HD procedures can be wrapped while IAS_ZTBL compliance and report modules come online.","Expose through an adapter/facade and block new direct controller dependencies."
"PKG_HD","PKG_HD.P_GET_ALL_PARA_TEXT","HD","GetAllParaText","AIS_T_AU_POST_COMPLIANCE; T_AU_OLD_PARAS_FAD_TEXT; T_AU_OLD_PARAS_FAD; T_AU_OBSERVATION_TEXT; T_AU_OBSERVATION_OLD_CAD_PARAS_TEXT","","wrap","pkg_compliance / pkg_report","Read-side HD procedures can be wrapped while IAS_ZTBL compliance and report modules come online.","Expose through an adapter/facade and block new direct controller dependencies."
"PKG_HD","PKG_HD.P_PPNO_PARA","HD","GetOldParasForMonitoringPpno","AIS_T_AU_POST_COMPLIANCE; V_GET_PPNO_RESPONSIBILITY_LIST; T_AUDITEE_ENTITIES; T_AUDIT_CHECKLIST_ANNEXURE","","wrap","pkg_compliance / pkg_report","Read-side HD procedures can be wrapped while IAS_ZTBL compliance and report modules come online.","Expose through an adapter/facade and block new direct controller dependencies."
"PKG_HD","PKG_HD.P_CHANGESTATUSREQUESTFORSETTLEDPARA","HD","AddChangeStatusRequestForSettledPara","T_AU_OLD_PARAS_FAD_STATUS_CHANGE_LOG; DUAL; T_AU_OLD_PARAS_FAD; T_AU_OBSERVATION_OLD_CAD_PARAS","T_AU_OLD_PARAS_FAD_STATUS_CHANGE_LOG; T_AU_OLD_PARAS_FAD","split","pkg_compliance + pkg_report","PKG_HD mixes para/compliance state changes with report-upload and approval concerns and should be split.","Decompose into module-bound procedures before IAS_ZTBL go-live."
"PKG_HD","PKG_HD.P_CHANGESTATUSREQUESTFORSETTLEDPARA_NEW_REVIEWER","HD","ReviewerAddChangeStatusRequestForSettledPara","DUAL; T_AU_NEW_PARAS_STATUS_CHANGE_LOG","T_AU_NEW_PARAS_STATUS_CHANGE_LOG","split","pkg_compliance + pkg_report","PKG_HD mixes para/compliance state changes with report-upload and approval concerns and should be split.","Decompose into module-bound procedures before IAS_ZTBL go-live."
"PKG_HD","PKG_HD.P_CHANGESTATUSREQUESTFORSETTLEDPARA_NEW","HD","AddChangeStatusRequestForCurrentPara","T_AU_ACTIVITY_LOG; T_AU_NEW_PARAS_STATUS_CHANGE_LOG; DUAL; AIS_T_AU_POST_COMPLIANCE; T_AU_OBSERVATION","T_AU_ACTIVITY_LOG; T_AU_NEW_PARAS_STATUS_CHANGE_LOG","split","pkg_compliance + pkg_report","PKG_HD mixes para/compliance state changes with report-upload and approval concerns and should be split.","Decompose into module-bound procedures before IAS_ZTBL go-live."
"PKG_HD","PKG_HD.P_GET_AUDIT_CONCLUDING_ENTITIES","HD","GetAuditConcludingEntities","T_AU_PLAN_ENG; T_AUDITEE_ENTITIES","","wrap","pkg_compliance / pkg_report","Read-side HD procedures can be wrapped while IAS_ZTBL compliance and report modules come online.","Expose through an adapter/facade and block new direct controller dependencies."
"PKG_HD","PKG_HD.P_AUDIT_CONCLUDING","HD","ConcludeDraftAuditReport","DUAL; T_FRPT_REPORT_META; T_FRPT_KPI_SNAPSHOT; T_FRPT_NPL_SNAPSHOT; T_FRPT_STAFF_SNAPSHOT; T_AU_PLAN_ENG; T_AU_OBSERVATION; T_AU_REMARKS; T_AUDITEE_ENTITIES; T_AU_PERIOD; T_AU_OBSERVATION_TEXT; T_AUDITEE_ENT_TYPES; AIS_T_AU_POST_COMPLIANCE; T_AU_OBSERVATION_MAN; T_AU_OBSERVATION_FAD; T_AUDIT_PARA; T_AU_PLAN_ENG_LOG","AIS_T_AU_POST_COMPLIANCE; T_AU_OBSERVATION_RESPONIBILITY_ASSIGNED; T_AU_OBSERVATION_MAN; T_AUDIT_PARA; T_AU_AUDIT_JOINING; T_AU_AUDIT_TEAM_TASKLIST; T_AU_PLAN_ENG; T_AU_PLAN_ENG_LOG","split","pkg_compliance + pkg_report","PKG_HD mixes para/compliance state changes with report-upload and approval concerns and should be split.","Decompose into module-bound procedures before IAS_ZTBL go-live."
"PKG_HD","PKG_HD.P_AUDIT_PRE_SUBMISSION","HD","SubmitPreConcluding","DUAL; T_AU_ACTIVITY_LOG; T_AU_OBSERVATION; T_AU_PLAN_ENG; T_AU_OBSERVATION_GIST; T_AU_PLAN_ENG_LOG","T_AU_ACTIVITY_LOG; T_AU_PLAN_ENG; T_AU_PLAN_ENG_LOG","split","pkg_compliance + pkg_report","PKG_HD mixes para/compliance state changes with report-upload and approval concerns and should be split.","Decompose into module-bound procedures before IAS_ZTBL go-live."
"PKG_HD","PKG_HD.P_AUDIT_PARA_UPDATE_SVZ_AZ","HD","UpdateAuditParaForFinalization","DUAL","T_AU_OBSERVATION; T_AU_OBSERVATION_TEXT","split","pkg_compliance + pkg_report","PKG_HD mixes para/compliance state changes with report-upload and approval concerns and should be split.","Decompose into module-bound procedures before IAS_ZTBL go-live."
"PKG_HD","PKG_HD.P_AUDIT_PARA_UPDATE_HEAD_DEPT","HD","UpdateAuditParaForFinalizationHO","DUAL","T_AU_OBSERVATION; T_AU_OBSERVATION_TEXT","split","pkg_compliance + pkg_report","PKG_HD mixes para/compliance state changes with report-upload and approval concerns and should be split.","Decompose into module-bound procedures before IAS_ZTBL go-live."
"PKG_HD","PKG_HD.P_GETAUDITENTITIES","HD","GetAuditEntitiesByTypeId","T_AUDITEE_ENTITIES","","wrap","pkg_compliance / pkg_report","Read-side HD procedures can be wrapped while IAS_ZTBL compliance and report modules come online.","Expose through an adapter/facade and block new direct controller dependencies."
"PKG_HD","PKG_HD.P_GETAUDITNATURE","HD","GetAuditNatureForAddLegacyPara","T_AU_OLD_AUDIT_NATURE","","wrap","pkg_compliance / pkg_report","Read-side HD procedures can be wrapped while IAS_ZTBL compliance and report modules come online.","Expose through an adapter/facade and block new direct controller dependencies."
"PKG_HD","PKG_HD.P_ADD_LEGACY_PARA","HD","AddNewLegacyPara","T_AU_OBSERVATION_OLD_CAD_PARAS; DUAL; T_AU_OLD_PARAS_FAD; T_AU_ERROR_LOGS","T_AU_OBSERVATION_OLD_CAD_PARAS; T_AU_OLD_PARAS_FAD; T_AU_ERROR_LOGS","split","pkg_compliance + pkg_report","PKG_HD mixes para/compliance state changes with report-upload and approval concerns and should be split.","Decompose into module-bound procedures before IAS_ZTBL go-live."
"PKG_HD","PKG_HD.P_GET_LEGACY_PARA_TO_AUTHORIZE","HD","GetAddedLegacyParaForAuthorize","T_AU_OBSERVATION_OLD_CAD_PARAS; T_AUDITEE_ENTITIES; T_AU_OLD_PARAS_FAD; T_AU_OLD_AUDIT_NATURE; T_AU_OLD_AUDIT_PERIOD","","wrap","pkg_compliance / pkg_report","Read-side HD procedures can be wrapped while IAS_ZTBL compliance and report modules come online.","Expose through an adapter/facade and block new direct controller dependencies."
"PKG_HD","PKG_HD.P_AUTHORIZE_LEGACY_PARA_ADDITION","HD","AuthorizeLegacyParaAddition","DUAL; T_AU_ERROR_LOGS","T_AU_OBSERVATION_OLD_CAD_PARAS; T_AU_OLD_PARAS_FAD; T_AU_ERROR_LOGS","split","pkg_compliance + pkg_report","PKG_HD mixes para/compliance state changes with report-upload and approval concerns and should be split.","Decompose into module-bound procedures before IAS_ZTBL go-live."
"PKG_HD","PKG_HD.P_REFEREDBACK_DEL_PARA","HD","DeleteLegacyParaAdditionRequest","T_AU_OBSERVATION_OLD_CAD_PARAS; T_AU_OLD_PARAS_FAD; DUAL; T_AU_ERROR_LOGS","T_AU_OBSERVATION_OLD_CAD_PARAS; T_AU_OLD_PARAS_FAD; T_AU_ERROR_LOGS","split","pkg_compliance + pkg_report","PKG_HD mixes para/compliance state changes with report-upload and approval concerns and should be split.","Decompose into module-bound procedures before IAS_ZTBL go-live."
"PKG_HD","PKG_HD.P_ADD_DUPLICATE_PARAS","HD","RequestDeleteDuplicatePara","T_AU_OBSERVATION_FAD; T_AUDITEE_ENTITIES; DUAL; T_AU_DUPLICATE_PARAS","T_AU_DUPLICATE_PARAS","split","pkg_compliance + pkg_report","PKG_HD mixes para/compliance state changes with report-upload and approval concerns and should be split.","Decompose into module-bound procedures before IAS_ZTBL go-live."
"PKG_HD","PKG_HD.P_GET_DUPLICATE_PARAS_FOR_AUTH","HD","GetDuplicateParasForAuthorization","DUAL; T_AU_DUPLICATE_PARAS; T_AUDITEE_ENTITIES","","wrap","pkg_compliance / pkg_report","Read-side HD procedures can be wrapped while IAS_ZTBL compliance and report modules come online.","Expose through an adapter/facade and block new direct controller dependencies."
"PKG_HD","PKG_HD.P_REJECT_DUPLICATE_PARAS","HD","RejectDeleteDuplicatePara","DUAL","T_AU_DUPLICATE_PARAS","split","pkg_compliance + pkg_report","PKG_HD mixes para/compliance state changes with report-upload and approval concerns and should be split.","Decompose into module-bound procedures before IAS_ZTBL go-live."
"PKG_HD","PKG_HD.P_AUTH_DUPLICATE_PARAS","HD","AuthDeleteDuplicatePara","T_AU_DUPLICATE_PARAS; DUAL","T_AU_DUPLICATE_PARAS; T_AU_OLD_PARAS_FAD; T_AU_OBSERVATION; T_AU_OBSERVATION_OLD_CAD_PARAS; AIS_T_AU_POST_COMPLIANCE","split","pkg_compliance + pkg_report","PKG_HD mixes para/compliance state changes with report-upload and approval concerns and should be split.","Decompose into module-bound procedures before IAS_ZTBL go-live."
"PKG_HD","PKG_HD.P_GET_OBSERVATION_DETAILS_FROM_ID","HD","GetObservationDetailsById","DUAL; T_AU_OBSERVATION; T_AUDIT_CHECKLIST_ANNEXURE; T_AUDIT_CHECKLIST_DETAILS; T_AUDIT_CHECKLIST_SUB; T_AUDIT_CHECKLIST; T_RISK; T_AU_OBSERVATION_TEXT; T_AU_OBSERVATIONS_AUDITEE_RESPONSE; T_AU_OBSERVATIONS_AUDITOR_RECOMMENDATION; T_AU_DSA","","wrap","pkg_compliance / pkg_report","Read-side HD procedures can be wrapped while IAS_ZTBL compliance and report modules come online.","Expose through an adapter/facade and block new direct controller dependencies."
"PKG_HD","PKG_HD.P_GET_OBSERVATION_DETAILS_FROM_ID_HO","HD","GetObservationDetailsByIdHO","DUAL; T_AU_OBSERVATION; T_RISK; T_AU_OBSERVATION_TEXT; T_AU_OBSERVATIONS_AUDITEE_RESPONSE; T_AU_OBSERVATIONS_AUDITOR_RECOMMENDATION; T_CONTROL_VIOLATION_SUB; T_CONTROL_VIOLATION","","wrap","pkg_compliance / pkg_report","Read-side HD procedures can be wrapped while IAS_ZTBL compliance and report modules come online.","Expose through an adapter/facade and block new direct controller dependencies."
"PKG_HD","PKG_HD.P_GET_OBSERVATION_DETAILS_FROM_ID_PRE_CON","HD","GetObservationDetailsByIdForPreConcluding","DUAL; T_AU_OBSERVATION; T_AUDIT_CHECKLIST_ANNEXURE; T_AUDIT_CHECKLIST_DETAILS; T_AUDIT_CHECKLIST_SUB; T_AUDIT_CHECKLIST; T_RISK; T_AU_OBSERVATION_TEXT; T_AU_OBSERVATIONS_AUDITEE_RESPONSE; T_AU_OBSERVATIONS_AUDITOR_RECOMMENDATION; T_AU_OBSERVATIONS_AUDITOR_REPLY; T_AU_OBSERVATION_FINAL_RECCOMENDATION; T_AU_OBSERVATION_GIST","","wrap","pkg_compliance / pkg_report","Read-side HD procedures can be wrapped while IAS_ZTBL compliance and report modules come online.","Expose through an adapter/facade and block new direct controller dependencies."
"PKG_HD","PKG_HD.P_GET_OBSERVATION_DETAILS_FROM_ID_PRE_CON_HO","HD","GetObservationDetailsByIdForPreConcludingHO","DUAL; T_AU_OBSERVATION; T_RISK; T_AU_OBSERVATION_TEXT; T_AU_OBSERVATIONS_AUDITEE_RESPONSE; T_AU_OBSERVATIONS_AUDITOR_RECOMMENDATION; T_AU_OBSERVATIONS_AUDITOR_REPLY; T_AU_OBSERVATION_FINAL_RECCOMENDATION; T_AU_OBSERVATION_GIST","","wrap","pkg_compliance / pkg_report","Read-side HD procedures can be wrapped while IAS_ZTBL compliance and report modules come online.","Expose through an adapter/facade and block new direct controller dependencies."
"PKG_HD","PKG_HD.P_UPLOAD_AUDIT_REPORT","HD","UploadAuditReport","DUAL; T_AUDIT_REPORTS","T_AUDIT_REPORTS; OPEN","split","pkg_compliance + pkg_report","PKG_HD mixes para/compliance state changes with report-upload and approval concerns and should be split.","Decompose into module-bound procedures before IAS_ZTBL go-live."
"PKG_HD","PKG_HD.P_GET_FINAL_AUDIT_REPORT","HD","GetAuditReports","DUAL; T_AUDIT_REPORTS; T_AU_PLAN_ENG; T_AU_PERIOD; T_AUDITEE_ENTITIES","","wrap","pkg_compliance / pkg_report","Read-side HD procedures can be wrapped while IAS_ZTBL compliance and report modules come online.","Expose through an adapter/facade and block new direct controller dependencies."
"PKG_HD","PKG_HD.P_GET_AUDIT_REPORT_CONTENT","HD","GetAuditReportContent","DUAL; T_AUDIT_REPORTS","","wrap","pkg_compliance / pkg_report","Read-side HD procedures can be wrapped while IAS_ZTBL compliance and report modules come online.","Expose through an adapter/facade and block new direct controller dependencies."
"PKG_HD","PKG_HD.P_GET_CHECK_AUDIT_REPORT_UPLOADED","HD","GetCheckAuditReportExisits","DUAL; T_AUDIT_REPORTS","","wrap","pkg_compliance / pkg_report","Read-side HD procedures can be wrapped while IAS_ZTBL compliance and report modules come online.","Expose through an adapter/facade and block new direct controller dependencies."
"PKG_HD","PKG_HD.P_GET_PARAS_FOR_STATUS_CHANGE","HD","GetParasForStatusChange","AIS_T_AU_POST_COMPLIANCE; T_RISK; T_AU_PARAS_STATUS_CHANGE_LOG","","wrap","pkg_compliance / pkg_report","Read-side HD procedures can be wrapped while IAS_ZTBL compliance and report modules come online.","Expose through an adapter/facade and block new direct controller dependencies."
"PKG_HD","PKG_HD.P_ADD_PARAS_FOR_STATUS_CHANGE","HD","AddChangeStatusRequestForPara","AIS_T_AU_POST_COMPLIANCE; DUAL; T_AU_PARAS_STATUS_CHANGE_LOG","T_AU_PARAS_STATUS_CHANGE_LOG","split","pkg_compliance + pkg_report","PKG_HD mixes para/compliance state changes with report-upload and approval concerns and should be split.","Decompose into module-bound procedures before IAS_ZTBL go-live."
"PKG_HD","PKG_HD.P_GET_PARAS_FOR_STATUS_CHANGE_FOR_AUTHORIZE","HD","GetParasForStatusChangeToAuthorize","AIS_T_AU_POST_COMPLIANCE; T_RISK; T_AU_PARAS_STATUS_CHANGE_LOG","","wrap","pkg_compliance / pkg_report","Read-side HD procedures can be wrapped while IAS_ZTBL compliance and report modules come online.","Expose through an adapter/facade and block new direct controller dependencies."
"PKG_HD","PKG_HD.P_AUTHORIZE_PARAS_FOR_STATUS","HD","AuthorizeChangeStatusRequestForPara","T_AU_PARAS_STATUS_CHANGE_LOG; DUAL; AIS_T_AU_POST_COMPLIANCE; FRONTEND","PARA; T_AU_OBSERVATION; T_AU_OLD_PARAS_FAD; T_AU_OBSERVATION_OLD_CAD_PARAS; AIS_T_AU_POST_COMPLIANCE; CHANGE; T_AU_PARAS_STATUS_CHANGE_LOG","split","pkg_compliance + pkg_report","PKG_HD mixes para/compliance state changes with report-upload and approval concerns and should be split.","Decompose into module-bound procedures before IAS_ZTBL go-live."
"PKG_HD","PKG_HD.P_GET_BACKOFFICEDASHBOARDENGAGEMENTS","HD","GetBackOfficeDashboardEngagements","T_AU_PLAN_ENG; T_AUDITEE_ENTITIES","","wrap","pkg_compliance / pkg_report","Read-side HD procedures can be wrapped while IAS_ZTBL compliance and report modules come online.","Expose through an adapter/facade and block new direct controller dependencies."
"PKG_HD","PKG_HD.P_ADDOLDPARAS","HD","AddOldParas","","T_AU_OLD_PARAS_FAD; T_AU_OLD_PARAS_FAD_TEXT","split","pkg_compliance + pkg_report","PKG_HD mixes para/compliance state changes with report-upload and approval concerns and should be split.","Decompose into module-bound procedures before IAS_ZTBL go-live."
"PKG_AIS","PKG_AIS.P_ADDOLDPARASRESPONSIBILITYASSIGNED","HD","AddOldParas","","","wrap","pkg_common","Legacy read procedure can be wrapped during transition.","Expose through an adapter/facade and block new direct controller dependencies."
"PKG_INQ","PKG_INQ.P_SAVE_FFR_P1","IID","SaveFFRPart1","","","wrap","pkg_iid","Read-side IID procedures can be wrapped while IAS_ZTBL complaint workflow is introduced.","Expose through an adapter/facade and block new direct controller dependencies."
"PKG_INQ","PKG_INQ.P_SAVE_FFR_P2","IID","SaveFFRPart2","","","wrap","pkg_iid","Read-side IID procedures can be wrapped while IAS_ZTBL complaint workflow is introduced.","Expose through an adapter/facade and block new direct controller dependencies."
"PKG_INQ","PKG_INQ.P_SAVE_FFR_P3","IID","SaveFFRPart3","","","wrap","pkg_iid","Read-side IID procedures can be wrapped while IAS_ZTBL complaint workflow is introduced.","Expose through an adapter/facade and block new direct controller dependencies."
"PKG_INQ","PKG_INQ.P_GET_FFR_P1","IID","GetFFRPart1","","","wrap","pkg_iid","Read-side IID procedures can be wrapped while IAS_ZTBL complaint workflow is introduced.","Expose through an adapter/facade and block new direct controller dependencies."
"PKG_INQ","PKG_INQ.P_GET_FFR_P2","IID","GetFFRPart2","","","wrap","pkg_iid","Read-side IID procedures can be wrapped while IAS_ZTBL complaint workflow is introduced.","Expose through an adapter/facade and block new direct controller dependencies."
"PKG_INQ","PKG_INQ.P_GET_FFR_P3","IID","GetFFRPart3","","","wrap","pkg_iid","Read-side IID procedures can be wrapped while IAS_ZTBL complaint workflow is introduced.","Expose through an adapter/facade and block new direct controller dependencies."
"PKG_INQ","PKG_INQ.GET_COMPLAINTS","IID","GetComplaintsByUser","T_USER_MAPING; T_AU_IID_COMPLAINT_HDR; T_AU_IID_COMPLAINT_IAID; T_AU_IID_COMPLAINANT; T_AUDITEE_ENTITIES","","wrap","pkg_iid","Read-side IID procedures can be wrapped while IAS_ZTBL complaint workflow is introduced.","Expose through an adapter/facade and block new direct controller dependencies."
"PKG_INQ","PKG_INQ.GET_COMPLAINTS_WITHOUT_ASSESSMENT","IID","Get_Complaints_Without_Assessment","T_AU_IID_COMPLAINT_HDR; T_AU_IID_COMPLAINT_IAID; T_AU_IID_ASSESSMENT","","wrap","pkg_iid","Read-side IID procedures can be wrapped while IAS_ZTBL complaint workflow is introduced.","Expose through an adapter/facade and block new direct controller dependencies."
"PKG_INQ","PKG_INQ.GET_COMPLAINTS_DD","IID; IID.Pdf","GetComplaintsDropdown; IsComplaintAllowedForIidPdf","T_AU_IID_COMPLAINT_HDR; T_AU_IID_COMPLAINT_IAID; T_AU_IID_COMPLAINANT; T_AU_IID_STATUS_MST","","wrap","pkg_iid","Read-side IID procedures can be wrapped while IAS_ZTBL complaint workflow is introduced.","Expose through an adapter/facade and block new direct controller dependencies."
"PKG_INQ","PKG_INQ.P_GETINSPECTIONUNITS","IID","GetInspectionUnits","T_AUDITEE_ENTITIES","","wrap","pkg_iid","Read-side IID procedures can be wrapped while IAS_ZTBL complaint workflow is introduced.","Expose through an adapter/facade and block new direct controller dependencies."
"PKG_INQ","PKG_INQ.GET_COMPLAINT","IID","GetComplaint","T_AUDITEE_ENTITIES; T_AU_IID_COMPLAINT_HDR; T_AU_IID_COMPLAINT_IAID; T_AU_IID_COMPLAINANT; T_AU_IID_ASSESSMENT","","wrap","pkg_iid","Read-side IID procedures can be wrapped while IAS_ZTBL complaint workflow is introduced.","Expose through an adapter/facade and block new direct controller dependencies."
"PKG_INQ","PKG_INQ.ADD_ASSESSMENT","IID","AddAssessment","DUAL","T_AU_IID_ASSESSMENT; T_AU_IID_COMPLAINT_HDR","redesign","pkg_iid","IID transactional workflow must be reimplemented on normalized complaint/investigation tables.","Rebuild directly on IAS_ZTBL normalized tables and retire legacy DML path at cutover."
"PKG_INQ","PKG_INQ.ADD_HEAD_REVIEW","IID","AddHeadReview","T_AU_IID_HEAD_REVIEW; DUAL","T_AU_IID_HEAD_REVIEW; SET; HEADER; T_AU_IID_COMPLAINT_HDR","redesign","pkg_iid","IID transactional workflow must be reimplemented on normalized complaint/investigation tables.","Rebuild directly on IAS_ZTBL normalized tables and retire legacy DML path at cutover."
"PKG_INQ","PKG_INQ.ADD_INV_PLAN","IID","AddInvestigationPlan","T_AU_IID_INV_PLAN; DUAL","T_AU_IID_INV_PLAN; SET; T_AU_IID_COMPLAINT_HDR","redesign","pkg_iid","IID transactional workflow must be reimplemented on normalized complaint/investigation tables.","Rebuild directly on IAS_ZTBL normalized tables and retire legacy DML path at cutover."
"PKG_INQ","PKG_INQ.GET_IID_TASK_LIST","IID","GetIidTaskList","T_AU_IID_REPORT; T_AU_IID_COMPLAINT_HDR; T_AU_IID_COMPLAINT_IAID; T_AU_IID_COMPLAINANT; T_AU_IID_ASSESSMENT; T_AU_IID_HEAD_REVIEW; T_AU_IID_INV_PLAN; T_AU_IID_HEAD_PLAN_APPROVAL","","wrap","pkg_iid","Read-side IID procedures can be wrapped while IAS_ZTBL complaint workflow is introduced.","Expose through an adapter/facade and block new direct controller dependencies."
"PKG_INQ","PKG_INQ.P_ENQUEUE_EMAIL","IID","EnqueueEmail","","","split","pkg_iid + pkg_notify","IID notification responsibilities should be separated from complaint workflow logic.","Decompose into module-bound procedures before IAS_ZTBL go-live."
"PKG_INQ","PKG_INQ.P_GET_COMPLAINT_ID_BY_PLAN","IID","GetComplaintIdByPlanId","T_AU_IID_INV_PLAN","","wrap","pkg_iid","Read-side IID procedures can be wrapped while IAS_ZTBL complaint workflow is introduced.","Expose through an adapter/facade and block new direct controller dependencies."
"PKG_INQ","PKG_INQ.P_GET_COMPLAINT_ID_BY_REPORT","IID","GetComplaintIdByReportId","T_AU_IID_REPORT","","wrap","pkg_iid","Read-side IID procedures can be wrapped while IAS_ZTBL complaint workflow is introduced.","Expose through an adapter/facade and block new direct controller dependencies."
"PKG_INQ","PKG_INQ.GET_INV_PLAN","IID","GetIidPlanDetails","T_AU_IID_INV_PLAN","","wrap","pkg_iid","Read-side IID procedures can be wrapped while IAS_ZTBL complaint workflow is introduced.","Expose through an adapter/facade and block new direct controller dependencies."
"PKG_INQ","PKG_INQ.GET_LATEST_PLAN_BY_COMPLAINT","IID","GetLatestPlanByComplaintId","T_AU_IID_INV_PLAN","","wrap","pkg_iid","Read-side IID procedures can be wrapped while IAS_ZTBL complaint workflow is introduced.","Expose through an adapter/facade and block new direct controller dependencies."
"PKG_INQ","PKG_INQ.GET_LATEST_INQUIRY_REPORT_BY_COMPLAINT","IID","GetLatestInquiryReportByComplaintId","T_AU_IID_INQ_ACCUSED_LIST; COMPLAINT; STATEMENTS; T_AU_IID_INQ_STATEMENTS; T_AU_IID_INQ_RECORD_SCRUTINIZED; T_AU_IID_INQ_FIND_RECOMM; T_AU_IID_INQ_ACCUSATIONS; T_AU_IID_INQ_EVIDENCE_FILES; T_AU_IID_INQ_DSA; T_AU_IID_COMPLAINT_IAID; T_AU_IID_COMPLAINANT","","wrap","pkg_iid","Read-side IID procedures can be wrapped while IAS_ZTBL complaint workflow is introduced.","Expose through an adapter/facade and block new direct controller dependencies."
"PKG_INQ","PKG_INQ.ADD_PLAN_APPROVAL","IID","AddPlanApproval","T_AU_IID_HEAD_PLAN_APPROVAL; DUAL; T_AU_IID_INV_PLAN","T_AU_IID_HEAD_PLAN_APPROVAL; SET; T_AU_IID_COMPLAINT_HDR","redesign","pkg_iid","IID transactional workflow must be reimplemented on normalized complaint/investigation tables.","Rebuild directly on IAS_ZTBL normalized tables and retire legacy DML path at cutover."
"PKG_INQ","PKG_INQ.ADD_INQUIRY_REPORT","IID","AddInquiryReport","DUAL","T_AU_IID_REPORT","redesign","pkg_iid","IID transactional workflow must be reimplemented on normalized complaint/investigation tables.","Rebuild directly on IAS_ZTBL normalized tables and retire legacy DML path at cutover."
"PKG_INQ","PKG_INQ.ADD_ANALYSIS","IID","AddAnalysis","T_AU_IID_ANALYSIS; DUAL; T_AU_IID_REPORT","T_AU_IID_ANALYSIS; SET; SELECT","redesign","pkg_iid","IID transactional workflow must be reimplemented on normalized complaint/investigation tables.","Rebuild directly on IAS_ZTBL normalized tables and retire legacy DML path at cutover."
"PKG_INQ","PKG_INQ.GET_INQUIRY_REPORT","IID","GetInquiryReportFiles","T_AU_IID_REPORT","","wrap","pkg_iid","Read-side IID procedures can be wrapped while IAS_ZTBL complaint workflow is introduced.","Expose through an adapter/facade and block new direct controller dependencies."
"PKG_INQ","PKG_INQ.ADD_CASE_STUDY","IID","AddCaseStudy","DUAL","T_AU_IID_CASE_STUDY","redesign","pkg_iid","IID transactional workflow must be reimplemented on normalized complaint/investigation tables.","Rebuild directly on IAS_ZTBL normalized tables and retire legacy DML path at cutover."
"PKG_INQ","PKG_INQ.P_GET_INQ_ACCUSATIONS","IID","GetIidAccusationsForFindings; GetIidInqAccusationsByComplaintId","T_AU_IID_INQ_ACCUSATIONS","","wrap","pkg_iid","Read-side IID procedures can be wrapped while IAS_ZTBL complaint workflow is introduced.","Expose through an adapter/facade and block new direct controller dependencies."
"PKG_INQ","PKG_INQ.P_ADD_INQ_ACCUSATION","IID","AddIidInqAccusation","","T_AU_IID_INQ_ACCUSATIONS","redesign","pkg_iid","IID transactional workflow must be reimplemented on normalized complaint/investigation tables.","Rebuild directly on IAS_ZTBL normalized tables and retire legacy DML path at cutover."
"PKG_INQ","PKG_INQ.P_UPDATE_INQ_ACCUSATION","IID","UpdateIidInqAccusation","","T_AU_IID_INQ_ACCUSATIONS; ACCUSATION","redesign","pkg_iid","IID transactional workflow must be reimplemented on normalized complaint/investigation tables.","Rebuild directly on IAS_ZTBL normalized tables and retire legacy DML path at cutover."
"PKG_INQ","PKG_INQ.P_DELETE_INQ_ACCUSATION","IID","DeleteIidInqAccusation","","T_AU_IID_INQ_ACCUSATIONS","redesign","pkg_iid","IID transactional workflow must be reimplemented on normalized complaint/investigation tables.","Rebuild directly on IAS_ZTBL normalized tables and retire legacy DML path at cutover."
"PKG_INQ","PKG_INQ.GET_EMPLOYEE_INFO","IID","GetIidEmployeeInfo","V_GET_IID_EMPLOYEE_INFO","","wrap","pkg_iid","Read-side IID procedures can be wrapped while IAS_ZTBL complaint workflow is introduced.","Expose through an adapter/facade and block new direct controller dependencies."
"PKG_INQ","PKG_INQ.P_GET_INQ_ACCUSED_LIST","IID","GetIidInqAccusedListByComplaintId","T_AU_IID_INQ_ACCUSED_LIST","","wrap","pkg_iid","Read-side IID procedures can be wrapped while IAS_ZTBL complaint workflow is introduced.","Expose through an adapter/facade and block new direct controller dependencies."
"PKG_INQ","PKG_INQ.P_ADD_INQ_ACCUSED","IID","AddIidInqAccused","","T_AU_IID_INQ_ACCUSED_LIST","redesign","pkg_iid","IID transactional workflow must be reimplemented on normalized complaint/investigation tables.","Rebuild directly on IAS_ZTBL normalized tables and retire legacy DML path at cutover."
"PKG_INQ","PKG_INQ.P_UPDATE_INQ_ACCUSED","IID","UpdateIidInqAccused","","T_AU_IID_INQ_ACCUSED_LIST; ACCUSED","redesign","pkg_iid","IID transactional workflow must be reimplemented on normalized complaint/investigation tables.","Rebuild directly on IAS_ZTBL normalized tables and retire legacy DML path at cutover."
"PKG_INQ","PKG_INQ.P_DELETE_INQ_ACCUSED","IID","DeleteIidInqAccused","","T_AU_IID_INQ_ACCUSED_LIST","redesign","pkg_iid","IID transactional workflow must be reimplemented on normalized complaint/investigation tables.","Rebuild directly on IAS_ZTBL normalized tables and retire legacy DML path at cutover."
"PKG_INQ","PKG_INQ.P_GET_INQ_RECORDS","IID","GetIidInqRecordsByComplaintId","T_AU_IID_INQ_RECORD_SCRUTINIZED","","wrap","pkg_iid","Read-side IID procedures can be wrapped while IAS_ZTBL complaint workflow is introduced.","Expose through an adapter/facade and block new direct controller dependencies."
"PKG_INQ","PKG_INQ.P_ADD_INQ_RECORD","IID","AddIidInqRecord","","T_AU_IID_INQ_RECORD_SCRUTINIZED","redesign","pkg_iid","IID transactional workflow must be reimplemented on normalized complaint/investigation tables.","Rebuild directly on IAS_ZTBL normalized tables and retire legacy DML path at cutover."
"PKG_INQ","PKG_INQ.P_UPDATE_INQ_RECORD","IID","UpdateIidInqRecord","","T_AU_IID_INQ_RECORD_SCRUTINIZED; RECORD","redesign","pkg_iid","IID transactional workflow must be reimplemented on normalized complaint/investigation tables.","Rebuild directly on IAS_ZTBL normalized tables and retire legacy DML path at cutover."
"PKG_INQ","PKG_INQ.P_DELETE_INQ_RECORD","IID","DeleteIidInqRecord","","T_AU_IID_INQ_RECORD_SCRUTINIZED","redesign","pkg_iid","IID transactional workflow must be reimplemented on normalized complaint/investigation tables.","Rebuild directly on IAS_ZTBL normalized tables and retire legacy DML path at cutover."
"PKG_INQ","PKG_INQ.P_GET_INQ_PROCEEDINGS","IID","GetIidInqProceedingsByComplaintId","T_AU_IID_INQ_PROCEEDINGS","","wrap","pkg_iid","Read-side IID procedures can be wrapped while IAS_ZTBL complaint workflow is introduced.","Expose through an adapter/facade and block new direct controller dependencies."
"PKG_INQ","PKG_INQ.P_SAVE_INQ_PROCEEDING","IID","SaveIidInqProceeding","DUAL","T_AU_IID_INQ_PROCEEDINGS","redesign","pkg_iid","IID transactional workflow must be reimplemented on normalized complaint/investigation tables.","Rebuild directly on IAS_ZTBL normalized tables and retire legacy DML path at cutover."
"PKG_INQ","PKG_INQ.P_DELETE_INQ_PROCEEDING","IID","DeleteIidInqProceeding","DUAL","T_AU_IID_INQ_PROCEEDINGS","redesign","pkg_iid","IID transactional workflow must be reimplemented on normalized complaint/investigation tables.","Rebuild directly on IAS_ZTBL normalized tables and retire legacy DML path at cutover."
"PKG_INQ","PKG_INQ.P_GET_INQ_STATEMENTS","IID","GetIidInqStatementsByComplaintId","T_AU_IID_INQ_STATEMENTS","","wrap","pkg_iid","Read-side IID procedures can be wrapped while IAS_ZTBL complaint workflow is introduced.","Expose through an adapter/facade and block new direct controller dependencies."
"PKG_INQ","PKG_INQ.P_ADD_INQ_STATEMENT","IID","SaveIidInqStatement","T_AU_IID_INQ_STATEMENTS","EXISTING; T_AU_IID_INQ_STATEMENTS; STATEMENT","redesign","pkg_iid","IID transactional workflow must be reimplemented on normalized complaint/investigation tables.","Rebuild directly on IAS_ZTBL normalized tables and retire legacy DML path at cutover."
"PKG_INQ","PKG_INQ.P_DELETE_INQ_STATEMENT","IID","DeleteIidInqStatement","","T_AU_IID_INQ_STATEMENTS","redesign","pkg_iid","IID transactional workflow must be reimplemented on normalized complaint/investigation tables.","Rebuild directly on IAS_ZTBL normalized tables and retire legacy DML path at cutover."
"PKG_INQ","PKG_INQ.P_GET_INQ_EVIDENCE_FILES","IID","GetIidInqEvidenceFilesByComplaintId","T_AU_IID_INQ_EVIDENCE_FILES","","wrap","pkg_iid","Read-side IID procedures can be wrapped while IAS_ZTBL complaint workflow is introduced.","Expose through an adapter/facade and block new direct controller dependencies."
"PKG_INQ","PKG_INQ.P_ADD_INQ_EVIDENCE_FILE","IID","AddIidInqEvidenceFile","","T_AU_IID_INQ_EVIDENCE_FILES","redesign","pkg_iid","IID transactional workflow must be reimplemented on normalized complaint/investigation tables.","Rebuild directly on IAS_ZTBL normalized tables and retire legacy DML path at cutover."
"PKG_INQ","PKG_INQ.P_DELETE_INQ_EVIDENCE_FILE","IID","DeleteIidInqEvidenceFile","","T_AU_IID_INQ_EVIDENCE_FILES","redesign","pkg_iid","IID transactional workflow must be reimplemented on normalized complaint/investigation tables.","Rebuild directly on IAS_ZTBL normalized tables and retire legacy DML path at cutover."
"PKG_INQ","PKG_INQ.P_GET_INQ_VIOLATIONS","IID","GetIidInqViolationsByComplaintId","T_AU_IID_INQ_VIOLATIONS","","wrap","pkg_iid","Read-side IID procedures can be wrapped while IAS_ZTBL complaint workflow is introduced.","Expose through an adapter/facade and block new direct controller dependencies."
"PKG_INQ","PKG_INQ.P_ADD_INQ_VIOLATION","IID","AddIidInqViolation","","T_AU_IID_INQ_VIOLATIONS","redesign","pkg_iid","IID transactional workflow must be reimplemented on normalized complaint/investigation tables.","Rebuild directly on IAS_ZTBL normalized tables and retire legacy DML path at cutover."
"PKG_INQ","PKG_INQ.P_UPDATE_INQ_VIOLATION","IID","UpdateIidInqViolation","","T_AU_IID_INQ_VIOLATIONS; VIOLATION","redesign","pkg_iid","IID transactional workflow must be reimplemented on normalized complaint/investigation tables.","Rebuild directly on IAS_ZTBL normalized tables and retire legacy DML path at cutover."
"PKG_INQ","PKG_INQ.P_DELETE_INQ_VIOLATION","IID","DeleteIidInqViolation","","T_AU_IID_INQ_VIOLATIONS","redesign","pkg_iid","IID transactional workflow must be reimplemented on normalized complaint/investigation tables.","Rebuild directly on IAS_ZTBL normalized tables and retire legacy DML path at cutover."
"PKG_INQ","PKG_INQ.GET_INQ_FINDINGS_RECOMM","IID","GetIidFindingsRecommByAccusation; GetIidInqFindingsRecommByComplaintId","T_AU_IID_INQ_FIND_RECOMM","","wrap","pkg_iid","Read-side IID procedures can be wrapped while IAS_ZTBL complaint workflow is introduced.","Expose through an adapter/facade and block new direct controller dependencies."
"PKG_INQ","PKG_INQ.SAVE_INQ_FINDINGS_RECOMM","IID","SaveIidFindingsRecommByAccusation","DUAL","T_AU_IID_INQ_FIND_RECOMM; SET","redesign","pkg_iid","IID transactional workflow must be reimplemented on normalized complaint/investigation tables.","Rebuild directly on IAS_ZTBL normalized tables and retire legacy DML path at cutover."
"PKG_INQ","PKG_INQ.GET_INQ_FIND_RECOMM_STATUS","IID","GetIidFindingsRecommStatus","T_AU_IID_INQ_ACCUSATIONS; T_AU_IID_INQ_FIND_RECOMM","","wrap","pkg_iid","Read-side IID procedures can be wrapped while IAS_ZTBL complaint workflow is introduced.","Expose through an adapter/facade and block new direct controller dependencies."
"PKG_INQ","PKG_INQ.P_GET_INQ_EVIDENCE_STEP","IID","GetIidInqEvidenceStepByComplaintId","T_AU_IID_INQ_EVIDENCE_STEP","","wrap","pkg_iid","Read-side IID procedures can be wrapped while IAS_ZTBL complaint workflow is introduced.","Expose through an adapter/facade and block new direct controller dependencies."
"PKG_INQ","PKG_INQ.P_SAVE_INQ_EVIDENCE_STEP","IID","SaveIidInqEvidenceStep","T_AU_IID_INQ_EVIDENCE_STEP; DUAL","T_AU_IID_INQ_EVIDENCE_STEP","redesign","pkg_iid","IID transactional workflow must be reimplemented on normalized complaint/investigation tables.","Rebuild directly on IAS_ZTBL normalized tables and retire legacy DML path at cutover."
"PKG_INQ","PKG_INQ.P_GET_INQ_DSA","IID","GetIidInqDsaByComplaintId","T_AU_IID_INQ_DSA","","wrap","pkg_iid","Read-side IID procedures can be wrapped while IAS_ZTBL complaint workflow is introduced.","Expose through an adapter/facade and block new direct controller dependencies."
"PKG_INQ","PKG_INQ.P_ADD_INQ_DSA","IID","AddIidInqDsa","","T_AU_IID_INQ_DSA","redesign","pkg_iid","IID transactional workflow must be reimplemented on normalized complaint/investigation tables.","Rebuild directly on IAS_ZTBL normalized tables and retire legacy DML path at cutover."
"PKG_INQ","PKG_INQ.P_UPDATE_INQ_DSA","IID","UpdateIidInqDsa","","T_AU_IID_INQ_DSA; DSA","redesign","pkg_iid","IID transactional workflow must be reimplemented on normalized complaint/investigation tables.","Rebuild directly on IAS_ZTBL normalized tables and retire legacy DML path at cutover."
"PKG_INQ","PKG_INQ.P_DELETE_INQ_DSA","IID","DeleteIidInqDsa","","T_AU_IID_INQ_DSA","redesign","pkg_iid","IID transactional workflow must be reimplemented on normalized complaint/investigation tables.","Rebuild directly on IAS_ZTBL normalized tables and retire legacy DML path at cutover."
"PKG_INQ","PKG_INQ.P_FINALIZE_IID_INQUIRY_REPORT","IID","FinalizeIidInquiryReport","","T_AU_IID_COMPLAINT_HDR","redesign","pkg_iid","IID transactional workflow must be reimplemented on normalized complaint/investigation tables.","Rebuild directly on IAS_ZTBL normalized tables and retire legacy DML path at cutover."
"","SELECT IS_FINALIZED FROM T_AU_IID_COMPLAINT_HDR WHERE COMPLAINT_ID = :P_COMPLAINT_ID","IID","IsIidComplaintFinalized","","","wrap","pkg_common","Legacy read procedure can be wrapped during transition.","Expose through an adapter/facade and block new direct controller dependencies."
"PKG_INQ","PKG_INQ.GET_REPORTS","IID","GetReports","T_AU_IID_REPORT; T_AU_IID_COMPLAINT_HDR; T_AU_IID_COMPLAINT_IAID","","wrap","pkg_iid","Read-side IID procedures can be wrapped while IAS_ZTBL complaint workflow is introduced.","Expose through an adapter/facade and block new direct controller dependencies."
"PKG_ISM","PKG_ISM.T_AU_EXCEPTION_REPORT","IID.ExceptionReports","GetIidListOfReports","","","wrap","pkg_sampling / pkg_iid","ISM-backed exception retrieval should be isolated behind a wrapper because it spans sampling and IID.","Expose through an adapter/facade and block new direct controller dependencies."
"PKG_ISM","PKG_ISM.P_GET_EXCEPTION_REPORT_DATA","IID.ExceptionReports","GetIidExceptionReportData","","","wrap","pkg_sampling / pkg_iid","ISM-backed exception retrieval should be isolated behind a wrapper because it spans sampling and IID.","Expose through an adapter/facade and block new direct controller dependencies."
"PKG_ISM","PKG_ISM.P_GET_ACCOUNT_TRANSCATIONS","IID.ExceptionReports","GetIidAccountTransactions","","","wrap","pkg_sampling / pkg_iid","ISM-backed exception retrieval should be isolated behind a wrapper because it spans sampling and IID.","Expose through an adapter/facade and block new direct controller dependencies."
"PKG_ISM","PKG_ISM.P_GET_ACCOUNT_DOC","IID.ExceptionReports","GetIidAccountDocuments","","","wrap","pkg_sampling / pkg_iid","ISM-backed exception retrieval should be isolated behind a wrapper because it spans sampling and IID.","Expose through an adapter/facade and block new direct controller dependencies."
"PKG_ISM","PKG_ISM.P_GET_LOANS_EXCEPTIONS","IID.ExceptionReports","GetIidLoanExceptions","","","wrap","pkg_sampling / pkg_iid","ISM-backed exception retrieval should be isolated behind a wrapper because it spans sampling and IID.","Expose through an adapter/facade and block new direct controller dependencies."
"PKG_ISM","PKG_ISM.P_GET_LOAN_DOCUMENTS","IID.ExceptionReports","GetIidLoanDocuments","","","wrap","pkg_sampling / pkg_iid","ISM-backed exception retrieval should be isolated behind a wrapper because it spans sampling and IID.","Expose through an adapter/facade and block new direct controller dependencies."
"PKG_ISM","PKG_ISM.P_GET_LOAN_DOCUMENTS_IMAGE","IID.ExceptionReports","GetIidLoanDocumentData","","","wrap","pkg_sampling / pkg_iid","ISM-backed exception retrieval should be isolated behind a wrapper because it spans sampling and IID.","Expose through an adapter/facade and block new direct controller dependencies."
"PKG_ISM","PKG_ISM.P_GET_LOAN_TRANSACTIONS","IID.ExceptionReports","GetIidLoanTransactions","","","wrap","pkg_sampling / pkg_iid","ISM-backed exception retrieval should be isolated behind a wrapper because it spans sampling and IID.","Expose through an adapter/facade and block new direct controller dependencies."
"PKG_LG","PKG_LG.P_GET_SYS_LOGS","LG","GetSystemLogs","T_SYS_LOG","","wrap","pkg_sec","Authentication and session calls should be isolated behind a compatibility wrapper during cutover.","Expose through an adapter/facade and block new direct controller dependencies."
"PKG_LG","PKG_LG.P_DELETE_SYS_LOGS","LG","DeleteOldSystemLogs","","","wrap","pkg_sec","Authentication and session calls should be isolated behind a compatibility wrapper during cutover.","Expose through an adapter/facade and block new direct controller dependencies."
"PKG_FRPT","PKG_FRPT.P_GET_AUDIT_COVER","MANRPT","GetManagementAuditCover","T_AU_PLAN_ENG; T_AUDITEE_ENTITIES_MAPING; T_AUDITEE_ENTITIES","","wrap","pkg_report","Read-side FRPT procedures can be wrapped while the new report model is phased in.","Expose through an adapter/facade and block new direct controller dependencies."
"PKG_FRPT","PKG_FRPT.P_GET_MAN_TEAM_DETAILS","MANRPT","GetManagementAuditTeamDetails","V_GET_AUDIT_TEAM_DETAILS","","wrap","pkg_report","Read-side FRPT procedures can be wrapped while the new report model is phased in.","Expose through an adapter/facade and block new direct controller dependencies."
"PKG_FRPT","PKG_FRPT.P_GET_MAN_OBJECTIVE_SCOPE","MANRPT","GetManReportObjectiveScope","T_FRPT_TEXT_BLOCKS","","wrap","pkg_report","Read-side FRPT procedures can be wrapped while the new report model is phased in.","Expose through an adapter/facade and block new direct controller dependencies."
"PKG_FRPT","PKG_FRPT.P_GET_MAN_STAFF_SNAPSHOT","MANRPT","GetManReportStaffSnapshot","T_FRPT_STAFF_SNAPSHOT","","wrap","pkg_report","Read-side FRPT procedures can be wrapped while the new report model is phased in.","Expose through an adapter/facade and block new direct controller dependencies."
"PKG_FRPT","PKG_FRPT.P_GET_MAN_EXEC_SUMMARY","MANRPT","GetManReportExecutiveSummary","T_FRPT_TEXT_BLOCKS","","wrap","pkg_report","Read-side FRPT procedures can be wrapped while the new report model is phased in.","Expose through an adapter/facade and block new direct controller dependencies."
"PKG_FRPT","PKG_FRPT.P_GET_MAN_AUDIT_OBSERVATIONS","MANRPT","GetManReportObservationPdfParas; GetManReportObservations","DUAL","","wrap","pkg_report","Read-side FRPT procedures can be wrapped while the new report model is phased in.","Expose through an adapter/facade and block new direct controller dependencies."
"PKG_FRPT","PKG_FRPT.P_GET_MAN_SETTLED_PARAS","MANRPT","GetManReportSettledParas; GetManReportSettledPdfParas","DUAL","","wrap","pkg_report","Read-side FRPT procedures can be wrapped while the new report model is phased in.","Expose through an adapter/facade and block new direct controller dependencies."
"PKG_AR","PKG_AR.P_GET_OBSERVATION_TO_PRINT","ObservationPdf","GetObservationPrintDetails","T_AU_OBSERVATION; T_AU_PLAN_ENG; T_AU_TEAM_MEMBERS; T_AUDITEE_ENTITIES; T_AUDIT_CHECKLIST_ANNEXURE; T_RISK; T_AU_OBSERVATION_TEXT","","wrap","pkg_execution / pkg_observation","Read-side execution procedures can be wrapped during IAS_ZTBL cutover.","Expose through an adapter/facade and block new direct controller dependencies."
"PKG_PG","PKG_PG.P_GET_AUDITPERIOD_STATUS","PG","GetAuditPeriodStatus","T_AU_PERIOD_STATUS","","wrap","pkg_planning","Read-side planning procedures can be wrapped temporarily.","Expose through an adapter/facade and block new direct controller dependencies."
"PKG_PG","PKG_PG.P_GETAUDITPERIODS","PG","GetAuditPeriods","T_AU_PERIOD; T_AU_PERIOD_STATUS","","wrap","pkg_planning","Read-side planning procedures can be wrapped temporarily.","Expose through an adapter/facade and block new direct controller dependencies."
"PKG_PG","PKG_PG.P_GETAUDITCRITERIASTOAUTHORIZE","PG","GetAuditCriteriasToAuthorize","T_AU_ACTIVITY_LOG; T_AUDITEE_ENTITIES; T_AUDIT_CRITERIA; T_AU_PERIOD; T_AUDITEE_ENT_TYPES; T_RISK; T_AUDIT_FREQUENCY; T_AUDITEE_ENTITIES_SIZE_DISC; T_AUDIT_CRITERIA_LOG; T_AUDITEE_ENTITIES_MAPING","T_AU_ACTIVITY_LOG","redesign","pkg_planning","Planning writes should move directly to normalized IAS_ZTBL planning tables.","Rebuild directly on IAS_ZTBL normalized tables and retire legacy DML path at cutover."
"PKG_PG","PKG_PG.P_GETREFFEREDBACKAUDITENGAGEMENTPLANS","PG","GetRefferedBackAuditEngagementPlans","T_AU_ACTIVITY_LOG; T_AU_PLAN_ENG; T_AUDITEE_ENTITIES; T_AU_AUDIT_TEAMS","T_AU_ACTIVITY_LOG","redesign","pkg_planning","Planning writes should move directly to normalized IAS_ZTBL planning tables.","Rebuild directly on IAS_ZTBL normalized tables and retire legacy DML path at cutover."
"PKG_RPT","PKG_RPT.P_GET_AUDIT_ZONES","RPT","GetAuditZones","T_AUDITEE_ENTITIES","","keep as-is temporarily","pkg_report","Read-heavy reporting can be bridged while IAS_ZTBL reporting views and marts are built.","Retain behind compatibility views only until IAS_ZTBL reporting cutover is complete."
"PKG_RPT","PKG_RPT.GET_DEPT_PERF_SUMMARY_DETAIL","RPT","GetDepartmentPerformanceSummaryAndDetail","AIS_T_AU_POST_COMPLIANCE; BASE; DEDUP; AGG; T_AU_PLAN_ENG; T_AUDITEE_ENTITIES; T_AU_PLAN_ENG_LOG; T_AU_OBSERVATION; EX; OBS","","keep as-is temporarily","pkg_report","Read-heavy reporting can be bridged while IAS_ZTBL reporting views and marts are built.","Retain behind compatibility views only until IAS_ZTBL reporting cutover is complete."
"PKG_RPT","PKG_RPT.GET_DEPT_PERF_BY_ZONE","RPT","GetDepartmentPerformanceByZone","","","keep as-is temporarily","pkg_report","Read-heavy reporting can be bridged while IAS_ZTBL reporting views and marts are built.","Retain behind compatibility views only until IAS_ZTBL reporting cutover is complete."
"PKG_RPT","PKG_RPT.GET_AUDITOR_PERFORMANCE","RPT","GetAuditorPerformance","T_AU_PLAN_ENG; T_AUDITEE_ENTITIES; T_AU_OBSERVATION; EX; T_AU_AUDIT_TEAM_TASKLIST; T_AUDIT_EMP; T_AU_TEAM_MEMBERS; OBS","","keep as-is temporarily","pkg_report","Read-heavy reporting can be bridged while IAS_ZTBL reporting views and marts are built.","Retain behind compatibility views only until IAS_ZTBL reporting cutover is complete."
"PKG_RPT","PKG_RPT.P_GETALLPARASYEAR","RPT","GetAllParasYears","T_AU_OBSERVATION_FAD","","keep as-is temporarily","pkg_report","Read-heavy reporting can be bridged while IAS_ZTBL reporting views and marts are built.","Retain behind compatibility views only until IAS_ZTBL reporting cutover is complete."
"PKG_RPT","PKG_RPT.R_GETDEPARTMENTS","RPT","GetDepartments","T_USER; T_USER_MAPING; T_AUDITEE_ENTITIES; T_AUDITEE_ENTITIES_MAPING; DUAL","","keep as-is temporarily","pkg_report","Read-heavy reporting can be bridged while IAS_ZTBL reporting views and marts are built.","Retain behind compatibility views only until IAS_ZTBL reporting cutover is complete."
"PKG_RPT","PKG_RPT.P_GETZONEWISEOLDPARASPERFORMANCE","RPT","GetLegacyZoneWiseOldParasPerformance; GetZoneWiseOldParasPerformance","V_REPORT_AZ_PROGRESS","","keep as-is temporarily","pkg_report","Read-heavy reporting can be bridged while IAS_ZTBL reporting views and marts are built.","Retain behind compatibility views only until IAS_ZTBL reporting cutover is complete."
"PKG_RPT","PKG_RPT.P_GETACTIVEINACTIVECHARTDATA","RPT","GetActiveInactiveChartData","T_AU_OLD_PARAS_FAD","","keep as-is temporarily","pkg_report","Read-heavy reporting can be bridged while IAS_ZTBL reporting views and marts are built.","Retain behind compatibility views only until IAS_ZTBL reporting cutover is complete."
"PKG_RPT","PKG_RPT.P_GETCHILDPOSTING","RPT","GetchildpostingForParaPositionReport","T_AUDITEE_ENT_RELATION","","keep as-is temporarily","pkg_report","Read-heavy reporting can be bridged while IAS_ZTBL reporting views and marts are built.","Retain behind compatibility views only until IAS_ZTBL reporting cutover is complete."
"PKG_RPT","PKG_RPT.P_GETPARENTREPOFFICE","RPT","GetparentrepofficeForParaPositionReport","T_AUDITEE_ENT_RELATION; T_AUDITEE_ENTITIES; T_AUDITEE_ENTITIES_MAPING; T_AUDITEE_ENT_TYPES","","keep as-is temporarily","pkg_report","Read-heavy reporting can be bridged while IAS_ZTBL reporting views and marts are built.","Retain behind compatibility views only until IAS_ZTBL reporting cutover is complete."
"PKG_RPT","PKG_RPT.P_AUDITED_BY_DEPARTMENTS","RPT","GetAuditDepartmentsZones","T_AUDIT_DEPARTMENTS; T_AUDITEE_ENTITIES; DUAL","","keep as-is temporarily","pkg_report","Read-heavy reporting can be bridged while IAS_ZTBL reporting views and marts are built.","Retain behind compatibility views only until IAS_ZTBL reporting cutover is complete."
"PKG_RPT","PKG_RPT.P_GETREALTIONSHIPTYPE","RPT","GetrealtionshiptypeForParaPositionReport","T_AUDITEE_ENT_RELATION","","keep as-is temporarily","pkg_report","Read-heavy reporting can be bridged while IAS_ZTBL reporting views and marts are built.","Retain behind compatibility views only until IAS_ZTBL reporting cutover is complete."
"PKG_RPT","PKG_RPT.R_AUDIT_PLAN_ENGAGEMENT","RPT","GetAuditPlanEngagement","T_AU_PLAN_ENG; T_AU_PLAN_ENG_STATUS; T_AUDITEE_ENTITIES; T_AUDITEE_ENTITIES_MAPING; T_AU_PERIOD; T_AU_TEAM_MEMBERS","","keep as-is temporarily","pkg_report","Read-heavy reporting can be bridged while IAS_ZTBL reporting views and marts are built.","Retain behind compatibility views only until IAS_ZTBL reporting cutover is complete."
"PKG_RPT","PKG_RPT.R_FUNCTIONALRESP","RPT","GetFadBranchesParas","T_AUDIT_CHECKLIST_DETAILS; T_AUDIT_CHECKLIST_SUB; T_AU_OLD_PARAS_FAD; T_AUDIT_CHECKLIST; T_RISK","","keep as-is temporarily","pkg_report","Read-heavy reporting can be bridged while IAS_ZTBL reporting views and marts are built.","Retain behind compatibility views only until IAS_ZTBL reporting cutover is complete."
"PKG_RPT","PKG_RPT.R_JOININGCOMPLETION","RPT","GetJoiningCompletion","T_AU_PLAN_ENG; T_AUDITEE_ENTITIES; T_AUDITEE_ENTITIES_MAPING; T_AU_PLAN_ENG_STATUS; T_RISK; T_AUDIT_DEPARTMENTS","","keep as-is temporarily","pkg_report","Read-heavy reporting can be bridged while IAS_ZTBL reporting views and marts are built.","Retain behind compatibility views only until IAS_ZTBL reporting cutover is complete."
"PKG_RPT","PKG_RPT.R_AUDITPLANPROGRESS","RPT","GetauditplanCompletion","T_AU_OBSERVATION; T_AU_PLAN_ENG; T_AU_PLAN; T_AUDITEE_ENTITIES; T_AU_AUDIT_JOINING; T_RISK; T_AUDIT_PARA","","keep as-is temporarily","pkg_report","Read-heavy reporting can be bridged while IAS_ZTBL reporting views and marts are built.","Retain behind compatibility views only until IAS_ZTBL reporting cutover is complete."
"PKG_RPT","PKG_RPT.R_GETAUDITEES","RPT","GetCurrentAuditProgressEntities","T_USER_MAPING; T_USER; T_AU_AUDIT_JOINING; T_AU_PLAN_ENG; T_AUDITEE_ENTITIES","","keep as-is temporarily","pkg_report","Read-heavy reporting can be bridged while IAS_ZTBL reporting views and marts are built.","Retain behind compatibility views only until IAS_ZTBL reporting cutover is complete."
"PKG_RPT","PKG_RPT.R_GETAUDITEESOBERVATIONS","RPT","GetCurrentAuditProgress","T_AU_OBSERVATION; T_AUDITEE_ENTITIES; T_AU_OBSERVATION_STATUS; T_AU_PLAN_ENG","","keep as-is temporarily","pkg_report","Read-heavy reporting can be bridged while IAS_ZTBL reporting views and marts are built.","Retain behind compatibility views only until IAS_ZTBL reporting cutover is complete."
"PKG_RPT","PKG_RPT.R_LOGINUSERS","RPT","GetCurrentActiveUsers","T_USER_SESSION; T_AUDIT_DEPARTMENTS; V_SERVICE_EMPLOYEEINFO","","keep as-is temporarily","pkg_report","Read-heavy reporting can be bridged while IAS_ZTBL reporting views and marts are built.","Retain behind compatibility views only until IAS_ZTBL reporting cutover is complete."
"PKG_RPT","PKG_RPT.R_GETAUDITEEPARAS","RPT","GetAuditeeParas; GetAuditeReportStatus; GetReportParas","T_AUDIT_PARA; T_AU_OBSERVATION; T_AU_PLAN_ENG; T_AU_OBSERVATION_TEXT; T_AU_OBSERVATIONS_AUDITEE_RESPONSE; T_AU_OBSERVATIONS_AUDITOR_RECOMMENDATION; T_AU_OBSERVATIONS_AUDITOR_REPLY; T_AUDITEE_ENTITIES; T_AUDIT_CHECKLIST_DETAILS; T_AUDIT_CHECKLIST_SUB; T_AUDIT_CHECKLIST; T_RISK; T_AUDIT_VIOLATION_DETAIL; DUAL","","keep as-is temporarily","pkg_report","Read-heavy reporting can be bridged while IAS_ZTBL reporting views and marts are built.","Retain behind compatibility views only until IAS_ZTBL reporting cutover is complete."
"PKG_RPT","PKG_RPT.P_GETPARAPOSITIONFORZONEBRANCHES","RPT","GetZoneBranchParaPositionStatus","T_AUDITEE_ENTITIES; T_AU_OBSERVATION_FAD; T_AUDITEE_ENTITIES_MAPING","","keep as-is temporarily","pkg_report","Read-heavy reporting can be bridged while IAS_ZTBL reporting views and marts are built.","Retain behind compatibility views only until IAS_ZTBL reporting cutover is complete."
"PKG_RPT","PKG_RPT.R_GETAUDITEEADDRESS","RPT","GetAddress","T_AU_PLAN_ENG; T_AUDITEE_ENTITIES; T_AU_OBSERVATION; T_RISK; T_AUDITEE_ENTITIES_ADDRESS; T_AUDITEE_ENTITIES_MAPING","","keep as-is temporarily","pkg_report","Read-heavy reporting can be bridged while IAS_ZTBL reporting views and marts are built.","Retain behind compatibility views only until IAS_ZTBL reporting cutover is complete."
"PKG_RPT","PKG_RPT.P_GETAUDITTEAMS","RPT","GetTeamDetails","T_AU_AUDIT_TEAMS; T_AU_TEAM_MEMBERS; T_AU_AUDIT_TEAM_TASKLIST","","keep as-is temporarily","pkg_report","Read-heavy reporting can be bridged while IAS_ZTBL reporting views and marts are built.","Retain behind compatibility views only until IAS_ZTBL reporting cutover is complete."
"PKG_RPT","PKG_RPT.P_GET_ENTITIES","RPT","FADGetReportEntitities","T_AU_PLAN_ENG; T_AU_PERIOD; T_AUDITEE_ENTITIES","","keep as-is temporarily","pkg_report","Read-heavy reporting can be bridged while IAS_ZTBL reporting views and marts are built.","Retain behind compatibility views only until IAS_ZTBL reporting cutover is complete."
""," PKG_RPT.P_GET_AZ","RPT","FADGetReportZones","","","wrap","pkg_common","Legacy read procedure can be wrapped during transition.","Expose through an adapter/facade and block new direct controller dependencies."
"PKG_RPT","PKG_RPT.P_GET_ENTITY_SIZE","RPT","FADGetEntitySize","T_AUDITEE_ENTITIES_SIZE_DISC","","keep as-is temporarily","pkg_report","Read-heavy reporting can be bridged while IAS_ZTBL reporting views and marts are built.","Retain behind compatibility views only until IAS_ZTBL reporting cutover is complete."
"PKG_RPT","PKG_RPT.P_GET_RISK","RPT","FADGetEntityRisk","T_RISK","","keep as-is temporarily","pkg_report","Read-heavy reporting can be bridged while IAS_ZTBL reporting views and marts are built.","Retain behind compatibility views only until IAS_ZTBL reporting cutover is complete."
"PKG_RPT","PKG_RPT.P_GET_NEW_PARAS_PERFORMANCE","RPT","GetFADNewParaPerformance","T_AU_OBSERVATION; T_AU_PLAN_ENG; T_AUDITEE_ENTITIES; T_AUDIT_CHECKLIST_DETAILS","","keep as-is temporarily","pkg_report","Read-heavy reporting can be bridged while IAS_ZTBL reporting views and marts are built.","Retain behind compatibility views only until IAS_ZTBL reporting cutover is complete."
"PKG_RPT","PKG_RPT.P_GET_NEW_OLD_PARAS_PERFORMANCE","RPT","GetFADNewOldParaPerformance","T_AU_OBSERVATION_FAD; T_AU_OBSERVATION; T_AU_PLAN_ENG; T_AUDIT_CHECKLIST_DETAILS; T_AUDIT_CHECKLIST_SUB; T_AUDIT_CHECKLIST; T_AUDITEE_ENTITIES","","keep as-is temporarily","pkg_report","Read-heavy reporting can be bridged while IAS_ZTBL reporting views and marts are built.","Retain behind compatibility views only until IAS_ZTBL reporting cutover is complete."
""," PKG_RPT.P_GET_LAGACY_PARAS_PERFORMANCE","RPT","GetFADLagacyParaPerformance","","","wrap","pkg_common","Legacy read procedure can be wrapped during transition.","Expose through an adapter/facade and block new direct controller dependencies."
"PKG_RPT","PKG_RPT.P_GET_USERWISE_OLDPARASPERFORMANCE","RPT","GetLegacyUserWiseOldParasPerformance","V_REPORT_AZ_EMP_PROGRESS_DATACLEANSING; V_REPORT_AZ_PROGRESS","","keep as-is temporarily","pkg_report","Read-heavy reporting can be bridged while IAS_ZTBL reporting views and marts are built.","Retain behind compatibility views only until IAS_ZTBL reporting cutover is complete."
"PKG_RPT","PKG_RPT.P_GET_FAD_USERWISE_OLDPARASPERFORMANCE","RPT","GetFADHOUserLegacyParaUserWiseOldParasPerformance","T_AU_DATA_VALIDATION_FAD_LOG; V_SERVICE_EMPLOYEEINFO","","keep as-is temporarily","pkg_report","Read-heavy reporting can be bridged while IAS_ZTBL reporting views and marts are built.","Retain behind compatibility views only until IAS_ZTBL reporting cutover is complete."
"PKG_RPT","PKG_RPT.P_GET_PARA_POSITION","RPT","GetParaPositionReport","V_REPORT_PARA_POSITION","","keep as-is temporarily","pkg_report","Read-heavy reporting can be bridged while IAS_ZTBL reporting views and marts are built.","Retain behind compatibility views only until IAS_ZTBL reporting cutover is complete."
"PKG_RPT","PKG_RPT.P_GET_PARA_POSITION_DETAILS","RPT","GetParaPositionParaDetails","DUAL; T_AUDITEE_ENTITIES; V_REPORT_DASHBORAD_DETAIL","","keep as-is temporarily","pkg_report","Read-heavy reporting can be bridged while IAS_ZTBL reporting views and marts are built.","Retain behind compatibility views only until IAS_ZTBL reporting cutover is complete."
"PKG_RPT","PKG_RPT.P_GET_DASH_TABLE_FUNCTIONWISE_HO","RPT","GetTotalParasDetailsHO","V_GET_DASH_TABLE_FUNCTIONWISE_NAMES_HO; T_COSO_RATING_FACTORS; T_CONTROL_VIOLATION_SUB; T_RISK; T_AUDITEE_ENTITIES","","keep as-is temporarily","pkg_report","Read-heavy reporting can be bridged while IAS_ZTBL reporting views and marts are built.","Retain behind compatibility views only until IAS_ZTBL reporting cutover is complete."
"PKG_RPT","PKG_RPT.P_GET_ACTIVITY_LOG","RPT","GetRoleActivityLog; GetUserActivityLog","T_GROUPS; V_SERVICE_EMPLOYEEINFO; T_MENU_PAGES; T_AU_ACTIVITY_LOG","","keep as-is temporarily","pkg_report","Read-heavy reporting can be bridged while IAS_ZTBL reporting views and marts are built.","Retain behind compatibility views only until IAS_ZTBL reporting cutover is complete."
"PKG_RPT","PKG_RPT.P_GET_COMPLIANCE_STATUS_WISE","RPT","GetStatusWiseCompliance","V_RPT_COMPLAINCE_STATUS_WISE; V_RELATIONSHIP_OFFICE","","keep as-is temporarily","pkg_report","Read-heavy reporting can be bridged while IAS_ZTBL reporting views and marts are built.","Retain behind compatibility views only until IAS_ZTBL reporting cutover is complete."
"PKG_RPT","PKG_RPT.P_FAD_AUDIT_PARA_RECONCILIATION","RPT","GetAuditParaRensillation","T_AUDITEE_ENTITIES; V_FAD_AUDIT_PARA_RECONCILIATION; T_AUDITEE_ENTITIES_MAPING_FAD; V_MAN_AUDIT_PARA_RECONCILIATION","","keep as-is temporarily","pkg_report","Read-heavy reporting can be bridged while IAS_ZTBL reporting views and marts are built.","Retain behind compatibility views only until IAS_ZTBL reporting cutover is complete."
"PKG_RPT","PKG_RPT.P_FAD_AUDIT_PLAN_DETAILS","RPT","GetAuditPlanEngagementDetailedReport","DUAL; T_AU_PLAN_ENG; T_AU_PLAN; T_AUDITEE_ENTITIES; T_AUDITEE_ENTITIES_MAPING; T_AU_PLAN_ENG_STATUS; T_AU_AUDIT_TEAMS; T_AU_PLAN_STATUS","","keep as-is temporarily","pkg_report","Read-heavy reporting can be bridged while IAS_ZTBL reporting views and marts are built.","Retain behind compatibility views only until IAS_ZTBL reporting cutover is complete."
"PKG_RPT","PKG_RPT.R_FAD_ANNEXURE_REPORT","RPT","GetAnnexureExerciseStatus","V_FAD_ANNEXURE_SUM","","keep as-is temporarily","pkg_report","Read-heavy reporting can be bridged while IAS_ZTBL reporting views and marts are built.","Retain behind compatibility views only until IAS_ZTBL reporting cutover is complete."
"PKG_RPT","PKG_RPT.R_GROUP_WISE_USERS_COUNT","RPT","GetGroupWiseUsersCount","T_GROUPS; T_USER_MAPING","","keep as-is temporarily","pkg_report","Read-heavy reporting can be bridged while IAS_ZTBL reporting views and marts are built.","Retain behind compatibility views only until IAS_ZTBL reporting cutover is complete."
"PKG_RPT","PKG_RPT.R_GROUP_WISE_PAGES","RPT","GetGroupWisePages","T_GROUPS; T_MENU_PAGES_GROUPMAP; T_MENU_PAGES","","keep as-is temporarily","pkg_report","Read-heavy reporting can be bridged while IAS_ZTBL reporting views and marts are built.","Retain behind compatibility views only until IAS_ZTBL reporting cutover is complete."
"PKG_RPT","PKG_RPT.P_GET_ENTITY_TYPE","RPT","GetEntityTypesForEntityWiseOutstandingObsPosition","T_AUDITEE_ENT_TYPES; DUAL; T_AUDITEE_ENTITIES; V_GET_COMPLIANCE_REVIEWER_APPROVER","","keep as-is temporarily","pkg_report","Read-heavy reporting can be bridged while IAS_ZTBL reporting views and marts are built.","Retain behind compatibility views only until IAS_ZTBL reporting cutover is complete."
"PKG_RPT","PKG_RPT.R_DEPT_WISE_PARA_POSITION","RPT","GetOutstandingParasForEntityTypeId","C.PARA_ADDED_ON; P_REF_DATE; AIS_T_AU_POST_COMPLIANCE; T_AUDITEE_ENTITIES; T_AUDITEE_ENT_TYPES; BASE; TRUNC; CATEGORIZED","","keep as-is temporarily","pkg_report","Read-heavy reporting can be bridged while IAS_ZTBL reporting views and marts are built.","Retain behind compatibility views only until IAS_ZTBL reporting cutover is complete."
"PKG_RPT","PKG_RPT.P_GET_LOAN_STATUS","RPT","GetLoanStatus","TEMP_ATAS_T_DISB_STATUS; ATAS.T_ACCOUNTSTATUS","","keep as-is temporarily","pkg_report","Read-heavy reporting can be bridged while IAS_ZTBL reporting views and marts are built.","Retain behind compatibility views only until IAS_ZTBL reporting cutover is complete."
"PKG_RPT","PKG_RPT.P_GET_LOAN_GL","RPT","GetLoanGLs","TEMP_ATAS_T_GLSUB; ATAS.T_GLSUB","","keep as-is temporarily","pkg_report","Read-heavy reporting can be bridged while IAS_ZTBL reporting views and marts are built.","Retain behind compatibility views only until IAS_ZTBL reporting cutover is complete."
"PKG_RPT","PKG_RPT.R_GET_GM_LIST","RPT","GetGMsList","T_AUDITEE_ENTITIES","","keep as-is temporarily","pkg_report","Read-heavy reporting can be bridged while IAS_ZTBL reporting views and marts are built.","Retain behind compatibility views only until IAS_ZTBL reporting cutover is complete."
"PKG_RPT","PKG_RPT.R_GET_RBH_LIST","RPT","GetRBHList","T_AUDITEE_ENTITIES_MAPING","","keep as-is temporarily","pkg_report","Read-heavy reporting can be bridged while IAS_ZTBL reporting views and marts are built.","Retain behind compatibility views only until IAS_ZTBL reporting cutover is complete."
"PKG_RPT","PKG_RPT.P_GET_LOAN_TO_DEFAULT","RPT","GetLoanDetailsReport","V_ATAS_T_LOAN_CNIC_WISE; V_ATAS_LOANS_DEFAULT","","keep as-is temporarily","pkg_report","Read-heavy reporting can be bridged while IAS_ZTBL reporting views and marts are built.","Retain behind compatibility views only until IAS_ZTBL reporting cutover is complete."
"PKG_RPT","PKG_RPT.P_GET_ALL_LOANS_OF_CNIC","RPT","GetCNICLoanDetailsReport","V_ATAS_T_LOAN_CNIC_WISE","","keep as-is temporarily","pkg_report","Read-heavy reporting can be bridged while IAS_ZTBL reporting views and marts are built.","Retain behind compatibility views only until IAS_ZTBL reporting cutover is complete."
"PKG_RPT","PKG_RPT.P_GET_LOAN_TO_DEFAULT_HISTORY","RPT","GetDefaultCNICLoanDetailsReport","V_ATAS_LOANS_DEFAULT; TEMP_ATAS_T_DISB_STATUS","","keep as-is temporarily","pkg_report","Read-heavy reporting can be bridged while IAS_ZTBL reporting views and marts are built.","Retain behind compatibility views only until IAS_ZTBL reporting cutover is complete."
"PKG_RPT","PKG_RPT.P_FIND_GIST","RPT","GetAuditReportParaByGistKeyword","T_AUDITEE_ENTITIES; T_AUDITEE_ENTITIES_MAPING; T_AU_OBSERVATION_FAD; V_GET_PARA_GIST; T_AUDIT_CHECKLIST_ANNEXURE","","keep as-is temporarily","pkg_report","Read-heavy reporting can be bridged while IAS_ZTBL reporting views and marts are built.","Retain behind compatibility views only until IAS_ZTBL reporting cutover is complete."
"PKG_RPT","PKG_RPT.P_GET_COM_PROGREE_REPORT ","RPT","GetComplianceProgressReport","","","keep as-is temporarily","pkg_report","Read-heavy reporting can be bridged while IAS_ZTBL reporting views and marts are built.","Retain behind compatibility views only until IAS_ZTBL reporting cutover is complete."
"PKG_RPT","PKG_RPT.P_GET_COM_PROGREE_REPORT_DETAIL ","RPT","GetComplianceProgressReportDetails","","","keep as-is temporarily","pkg_report","Read-heavy reporting can be bridged while IAS_ZTBL reporting views and marts are built.","Retain behind compatibility views only until IAS_ZTBL reporting cutover is complete."
"PKG_RPT","PKG_RPT.P_GET_ENTITY_TYPE_FOR_SETTLEMENT","RPT","GetEntityTypesForSettlementReport","T_AUDITEE_ENTITIES; T_AUDITEE_ENT_TYPES","","keep as-is temporarily","pkg_report","Read-heavy reporting can be bridged while IAS_ZTBL reporting views and marts are built.","Retain behind compatibility views only until IAS_ZTBL reporting cutover is complete."
"PKG_RPT","PKG_RPT.P_GET_COMPLIANCE_REPORT","RPT","GetSettledParasForComplianceReport","V_GET_SETTLEMENT_REPORT; T_AUDITEE_ENTITIES_MAPING; T_AUDITEE_ENTITIES; T_AUDITEE_ENTITIES_MAPING_COM","","keep as-is temporarily","pkg_report","Read-heavy reporting can be bridged while IAS_ZTBL reporting views and marts are built.","Retain behind compatibility views only until IAS_ZTBL reporting cutover is complete."
"PKG_RPT","PKG_RPT.P_GET_PARA_POSITION_SUM","RPT","GetParasForComplianceSummaryReport","V_GET_RPT_PARA_POISTION; T_AUDITEE_ENTITIES; V_GET_RPT_PARA_POISTION_REGIONS; T_AUDITEE_ENTITIES_MAPING","","keep as-is temporarily","pkg_report","Read-heavy reporting can be bridged while IAS_ZTBL reporting views and marts are built.","Retain behind compatibility views only until IAS_ZTBL reporting cutover is complete."
"PKG_RPT","PKG_RPT.P_DELAY_AUDITS","RPT","GetEngagementPlanDelayAnalysisReport","T_AU_PLAN_ENG; T_AUDITEE_ENTITIES; T_AUDITEE_ENTITIES_MAPING; T_AU_PLAN_ENG_STATUS","","keep as-is temporarily","pkg_report","Read-heavy reporting can be bridged while IAS_ZTBL reporting views and marts are built.","Retain behind compatibility views only until IAS_ZTBL reporting cutover is complete."
"PKG_RPT","PKG_RPT.R_FAD_MONTHLY_REVIEW","RPT","GetFADMonthlyReviewParasForEntityTypeId","V_RPT_FAD_MONTHLY_BASE; T_AUDITEE_ENTITIES; V_GET_COMPLIANCE_REVIEWER_APPROVER","","keep as-is temporarily","pkg_report","Read-heavy reporting can be bridged while IAS_ZTBL reporting views and marts are built.","Retain behind compatibility views only until IAS_ZTBL reporting cutover is complete."
"PKG_RPT","PKG_RPT.P_GET_GM_WISE_SERIOUS_PARAS","RPT","GetSeriousFraudulentObsGMOverview","T_AUDITEE_ENTITIES_MAPING; T_AU_OBSERVATION_FAD; V_GET_ANEX_NO_OF_RESPONSIBLE","","keep as-is temporarily","pkg_report","Read-heavy reporting can be bridged while IAS_ZTBL reporting views and marts are built.","Retain behind compatibility views only until IAS_ZTBL reporting cutover is complete."
"PKG_RPT","PKG_RPT.P_GET_GM_WISE_SERIOUS_PARAS_DETAILS","RPT","GetSeriousFraudulentObsGMDetails","T_AUDITEE_ENTITIES_MAPING; T_AU_OBSERVATION_FAD; AIS_T_AU_POST_COMPLIANCE; T_RISK; T_AUDIT_CHECKLIST_ANNEXURE; V_GET_ANEX_NO_OF_RESPONSIBLE","","keep as-is temporarily","pkg_report","Read-heavy reporting can be bridged while IAS_ZTBL reporting views and marts are built.","Retain behind compatibility views only until IAS_ZTBL reporting cutover is complete."
"PKG_RPT","PKG_RPT.P_GET_YEAR_WISE_AUDIT_OUTSTANDING_PARAS","RPT","GetYearWiseOutstandingParas","T_AU_OBSERVATION_FAD","","keep as-is temporarily","pkg_report","Read-heavy reporting can be bridged while IAS_ZTBL reporting views and marts are built.","Retain behind compatibility views only until IAS_ZTBL reporting cutover is complete."
"PKG_RPT","PKG_RPT.P_GET_YEAR_WISE_AUDIT_OUTSTANDING_PARAS_DETAILS","RPT","GetYearWiseOutstandingParasDetails","T_AU_OBSERVATION_FAD; T_RISK","","keep as-is temporarily","pkg_report","Read-heavy reporting can be bridged while IAS_ZTBL reporting views and marts are built.","Retain behind compatibility views only until IAS_ZTBL reporting cutover is complete."
"PKG_RPT","PKG_RPT.P_GET_PARA_TEXT_WORDS_V2","RPT","GetAuditParasByText","VM_GET_ALL_PARA_TEXT; T_AUDITEE_ENTITIES; T_AUDITEE_ENTITIES_MAPING","","keep as-is temporarily","pkg_report","Read-heavy reporting can be bridged while IAS_ZTBL reporting views and marts are built.","Retain behind compatibility views only until IAS_ZTBL reporting cutover is complete."
"PKG_RPT","PKG_RPT.P_GET_YEAR_WISE_ALL_PARAS","RPT","GetYearWiseAllParas","T_AU_OLD_PARAS_FAD; T_AUDITEE_ENTITIES; T_AUDITEE_ENTITIES_MAPING; T_RISK; T_AUDITEE_ENT_TYPES; V_DASHBOARD_NEW_PARAS","","keep as-is temporarily","pkg_report","Read-heavy reporting can be bridged while IAS_ZTBL reporting views and marts are built.","Retain behind compatibility views only until IAS_ZTBL reporting cutover is complete."
"PKG_RPT","PKG_RPT.P_GET_FAD_DESK_OFFICER_AUDIT_PERIODS","RPT","GetDistinctFadDeskOfficerAuditPeriods","AIS_T_AU_POST_COMPLIANCE","","keep as-is temporarily","pkg_report","Read-heavy reporting can be bridged while IAS_ZTBL reporting views and marts are built.","Retain behind compatibility views only until IAS_ZTBL reporting cutover is complete."
"PKG_RPT","PKG_RPT.P_GET_FAD_DESK_OFFICER_RPT_BY_PERIOD","RPT","GetFadDeskOfficerRptByDateRange","V_FAD_NAUMAN_RPT","","keep as-is temporarily","pkg_report","Read-heavy reporting can be bridged while IAS_ZTBL reporting views and marts are built.","Retain behind compatibility views only until IAS_ZTBL reporting cutover is complete."
"PKG_SM","PKG_SM.P_ADD_SAMPLE_DATA","SM","CreateSampleDataAfterEngagementApproval","T_AUDITEE_ENTITIES; T_AU_PLAN_ENG; V_SAM_ACCOUNT; V_SAMPLING_OUT_LOANS_STATUS; V_SAMPLING_ZERO_RECOVERY; V_SAMPLING_CLOSED_LOANS; V_SAMPLING_DISB_LOANS; V_SAMPLING_PROD_LOANS; V_SAMPLING_DEVP_LOANS; T_AU_SAMPLE_DATA; T_AU_SAMPLE; DUAL","T_AU_SAMPLE_DATA","redesign","pkg_sampling","Sampling writes should move to normalized IAS_ZTBL sampling tables.","Rebuild directly on IAS_ZTBL normalized tables and retire legacy DML path at cutover."
"PKG_SM","PKG_SM.P_ADD_EXCEPTION_DATA","SM","CreateExceptionDataAfterEngagementApproval","T_EXCEPTION_ACCOUNTS_CUST; T_EXCEPTION_ACCOUNTS_TXN; T_EXCEPTION_ENG; T_EXCEPTION_ENG_BRANCHES; T_EXCEPTION_ACCOUNTS; T_EXCEPTION_ACCOUNTS_DATA; T_EXCEPTION_ENG_DATA","T_EXCEPTION_ACCOUNTS_CUST; T_EXCEPTION_ACCOUNTS_TXN; T_EXCEPTION_ENG; T_EXCEPTION_ENG_BRANCHES; T_EXCEPTION_ACCOUNTS; T_EXCEPTION_ACCOUNTS_DATA; T_EXCEPTION_ENG_DATA","redesign","pkg_sampling","Sampling writes should move to normalized IAS_ZTBL sampling tables.","Rebuild directly on IAS_ZTBL normalized tables and retire legacy DML path at cutover."
"PKG_SM","PKG_SM.P_GET_ACCOUNT","SM","GetBiometSamplingDetails","T_SAMPLE_ACCOUNTS_DATA; T_AU_SAMPLE_BRANCH","","wrap","pkg_sampling","Read-side exception sampling can be wrapped during migration.","Expose through an adapter/facade and block new direct controller dependencies."
"PKG_SM","PKG_SM.P_GET_ACCOUNT_TRANSCATIONS","SM","GetBiometAccountTransactionSamplingDetails","BRANCH.T_TRANSACTION; BRANCH.T_ACCOUNT; BRANCH.T_CUSTOMERACCOUNTS; BRANCH.T_CUSTOMER; BRANCH.T_BRANCH; BRANCH.T_TRANSACTIONMASTER; T_AUDITEE_ENTITIES; T_AU_PLAN_ENG; V_P_GET_ACCOUNT_TRANSCATIONS","","wrap","pkg_sampling","Read-side exception sampling can be wrapped during migration.","Expose through an adapter/facade and block new direct controller dependencies."
"PKG_SM","PKG_SM.P_GET_ACCOUNT_DOC ","SM","GetBiometAccountDocumentsSamplingDetails","","","wrap","pkg_sampling","Read-side exception sampling can be wrapped during migration.","Expose through an adapter/facade and block new direct controller dependencies."
"PKG_SM","PKG_SM.P_GET_EXCEPTION_REPORT_DATA","SM","GetExceptionReportData","T_AU_EXCEPTION_REPORTS_FORMAT; UNIFIED; T_EXCEPTION_ENG_DATA","","wrap","pkg_sampling","Read-side exception sampling can be wrapped during migration.","Expose through an adapter/facade and block new direct controller dependencies."
"PKG_SM","PKG_SM.P_GET_SAMPLE","SM","GetListOfSamples","T_AU_SAMPLE; T_AU_SAMPLE_DATA","","wrap","pkg_sampling","Read-side exception sampling can be wrapped during migration.","Expose through an adapter/facade and block new direct controller dependencies."
"PKG_SM","PKG_SM.P_GET_LOANS_SAMPLE","SM","GetLoanSamples","T_SAMPLE_LOANS_DATA","","wrap","pkg_sampling","Read-side exception sampling can be wrapped during migration.","Expose through an adapter/facade and block new direct controller dependencies."
"PKG_SM","PKG_SM.P_GET_LOANS_EXCEPTIONS","SM","GetLoanExceptions","T_AU_PLAN_ENG; V_P_GET_LOANS_EXCEPTIONS; DUAL","","wrap","pkg_sampling","Read-side exception sampling can be wrapped during migration.","Expose through an adapter/facade and block new direct controller dependencies."
"PKG_SM","PKG_SM.P_GET_LOAN_DOCUMENTS","SM","GetLoanSamplesDocuments","ATAS.T_LN_DISBURSEMENT; ATAS.T_LN_LOAN_APP; ATAS.T_BRANCH; ATAS.T_LN_CUSTOMER_LOAN_APP; ATAS.T_CUSTOMER; SDMS.T_LOANINFORMATION; SDMS.T_GENERAICDOCUMENT; SDMS.T_DOCUMENTS; SDMS.T_LOANDOCUMENTIMAGES; V_P_GET_LOAN_DOCUMENTS","","wrap","pkg_sampling","Read-side exception sampling can be wrapped during migration.","Expose through an adapter/facade and block new direct controller dependencies."
"PKG_SM","PKG_SM.P_GET_LOAN_DOCUMENTS_IMAGE","SM","GetLoanSamplesDocumentData","DUAL; SDMS.V_T_LOANDOCUMENTIMAGES","","wrap","pkg_sampling","Read-side exception sampling can be wrapped during migration.","Expose through an adapter/facade and block new direct controller dependencies."
"PKG_SM","PKG_SM.P_GET_LOAN_TRANSACTIONS","SM","GetLoanSamplesTransactions","ATAS.T_LN_DISBURSEMENT; ATAS.T_LN_TRANSACTION; ATAS.T_LN_TRANSACTIONMASTER","","wrap","pkg_sampling","Read-side exception sampling can be wrapped during migration.","Expose through an adapter/facade and block new direct controller dependencies."
"PKG_SM","PKG_SM.P_GET_SAMPLE_ENTITIES","SM","GetSampleEntities","T_AU_SAMPLE_DATA; T_AU_PLAN_ENG; T_AU_AUDIT_TEAM_TASKLIST; T_AUDITEE_ENTITIES","","wrap","pkg_sampling","Read-side exception sampling can be wrapped during migration.","Expose through an adapter/facade and block new direct controller dependencies."
"PKG_SM","PKG_SM.P_ADD_SAMPLE_DATA_UPDATE","SM","RegenerateSampleofLoan","V_SAM_ACCOUNT; V_SAMPLING_OUT_LOANS_STATUS; V_SAMPLING_CLOSED_LOANS; V_SAMPLING_ZERO_RECOVERY; V_SAMPLING_PROD_LOANS; V_SAMPLING_DEVP_LOANS; V_SAMPLING_DISB_LOANS; T_AU_SAMPLE_DATA; DUAL","T_AU_SAMPLE_DATA","redesign","pkg_sampling","Sampling writes should move to normalized IAS_ZTBL sampling tables.","Rebuild directly on IAS_ZTBL normalized tables and retire legacy DML path at cutover."
"PKG_SM","PKG_SM.P_GET_EXCEPTION_MONITOR_ENTITIES","SM","GetExceptionMonitorEntities","T_AU_PLAN_ENG; T_AUDITEE_ENTITIES; T_EXCEPTION_ENG_DATA; T_EXCEPTION_ERROR_LOG","","wrap","pkg_sampling","Read-side exception sampling can be wrapped during migration.","Expose through an adapter/facade and block new direct controller dependencies."
"PKG_SM","PKG_SM.P_GET_EXCEPTION_MONITOR_DETAILS","SM","GetExceptionMonitorDetails","MASTER; T_AU_PLAN_ENG; T_AUDITEE_ENTITIES; T_AU_EXCEPTION_REPORTS; T_EXCEPTION_ENG_DATA; V_EXCEPTION_ALL_REPORTS","","wrap","pkg_sampling","Read-side exception sampling can be wrapped during migration.","Expose through an adapter/facade and block new direct controller dependencies."
"PKG_SM","PKG_SM.P_REGENERATE_EXCEPTION","SM","RegenerateException","T_EXCEPTION_ENG","T_EXCEPTION_ENG; T_EXCEPTION_ERROR_LOG","redesign","pkg_sampling","Sampling writes should move to normalized IAS_ZTBL sampling tables.","Rebuild directly on IAS_ZTBL normalized tables and retire legacy DML path at cutover."
"PKG_SM","PKG_SM.P_GET_ACCOUNT_TRANSCATIONS_MASTER","SM","GetCDMSMasterTransactions","BRANCH.T_TRANSACTION; BRANCH.T_ACCOUNT; BRANCH.T_CUSTOMERACCOUNTS; BRANCH.T_CUSTOMER; BRANCH.T_BRANCH; BRANCH.T_TRANSACTIONMASTER; T_AUDITEE_ENTITIES; V_P_GET_ACCOUNT_TRANSCATIONS_MASTER","","wrap","pkg_sampling","Read-side exception sampling can be wrapped during migration.","Expose through an adapter/facade and block new direct controller dependencies."
"PKG_SM","PKG_SM.T_AU_EXCEPTION_REPORT","SM","GetListOfreports","T_AU_EXCEPTION_REPORTS; T_EXCEPTION_ENG_DATA; T_AU_PLAN_ENG","","wrap","pkg_sampling","Read-side exception sampling can be wrapped during migration.","Expose through an adapter/facade and block new direct controller dependencies."
"PKG_SM","PKG_SM.P_ADD_NEW_EXP_REPORT","SM","AddExceptionAccountReport","T_AU_EXCEPTION_REPORTS; DUAL","T_AU_EXCEPTION_REPORTS","redesign","pkg_sampling","Sampling writes should move to normalized IAS_ZTBL sampling tables.","Rebuild directly on IAS_ZTBL normalized tables and retire legacy DML path at cutover."
"PKG_SM","PKG_SM.P_GET_EXCEPTION_REPORT_FORMAT","SM","GetExceptionReportFormat","T_AU_EXCEPTION_REPORTS_FORMAT","","wrap","pkg_sampling","Read-side exception sampling can be wrapped during migration.","Expose through an adapter/facade and block new direct controller dependencies."
"PKG_SM","PKG_SM.P_INSERT_EXCEPTION_REPORT_FORMAT","SM","InsertExceptionReportFormat","","T_AU_EXCEPTION_REPORTS_FORMAT","redesign","pkg_sampling","Sampling writes should move to normalized IAS_ZTBL sampling tables.","Rebuild directly on IAS_ZTBL normalized tables and retire legacy DML path at cutover."
"PKG_SM","PKG_SM.P_UPDATE_EXCEPTION_REPORT_FORMAT","SM","UpdateExceptionReportFormat","T_AU_EXCEPTION_REPORTS_FORMAT","T_AU_EXCEPTION_REPORTS_FORMAT","redesign","pkg_sampling","Sampling writes should move to normalized IAS_ZTBL sampling tables.","Rebuild directly on IAS_ZTBL normalized tables and retire legacy DML path at cutover."
